Name,Team,G,PA,AB,H,1B,2B,3B,HR,R,RBI,BB,IBB,SO,HBP,SF,SH,GDP,SB,CS,AVG,BB%,K%,BB/K,OBP,SLG,wOBA,OPS,ISO,Spd,BABIP,UBR,wSB,wRC,wRAA,wRC+,BsR,Fld,Off,Def,WAR,ADP,InterSD,InterSK,IntraSD,Vol,Skew,Dim,FPTS,FPTS/G,SPTS,SPTS/G,P10,P20,P30,P40,P50,P60,P70,P80,P90,TT10,TT20,TT30,TT40,TT50,TT60,TT70,TT80,TT90,NameASCII,PlayerId,MLBAMID
Aaron Judge,NYY,149,644,517,147,78,25,1,43,111,111,115,24,158,6,5,1,,9,2,0.285279,0.179145,0.245869,0.72862,0.418354,0.588316,0.415869,1.00667,0.303037,3.85146,0.325675,-1.05884,-0.374889,129.851,53.7579,172.148,-1.43372,2.62933,53.32907855510712,-4.57066798210144,7.2564,1.8600000143051147,,,,,,,1163.1,7.806040268,1163.1,7.806040268,,,,,,,,,,,,,,,,,,,Yankees,15640,592450
Bobby Witt Jr.,KCR,157,679,616,177,104,37,7,29,104,95,49,6,117,7,6,1,,33,10,0.287791,0.0720544,0.172461,0.417801,0.344039,0.512086,0.361892,0.856125,0.224295,6.97417,0.311735,1.69436,1.59241,107.152,26.9229,130.821,3.28678,7.02273,27.952098846435547,14.297733306884766,6.71374,3.069999933242798,,,,,,,997.7,6.35477707,997.7,6.35477707,,,,,,,,,,,,,,,,,,,Royals,25764,677951
Cal Raleigh,SEA,159,637,550,127,63,23,0,41,88,103,78,11,171,5,4,1,,8,2,0.230457,0.122086,0.268418,0.454838,0.329735,0.493639,0.347448,0.823375,0.263182,3.26146,0.252084,-1.31604,-0.308808,93.1123,17.7986,130.419,-1.62485,4.7388,21.22756588459015,11.888797760009766,6.36815,18.6299991607666,,,,,,,871.9,5.483647798,871.9,5.483647798,,,,,,,,,,,,,,,,,,,Mariners,21534,663728
Shohei Ohtani,LAD,157,679,575,162,81,28,5,48,129,119,94,16,164,5,4,2,,26,6,0.282107,0.137747,0.241232,0.571014,0.384681,0.598924,0.407463,0.983605,0.316818,6.78446,0.311295,0.0704774,1.74708,132.275,52.0457,165.22,1.81756,0.0,54.30351984500885,-16.975000381469727,6.13047,1.2599999904632568,,,,,,,1222.7,7.787898089,1222.7,7.787898089,,,,,,,,,,,,,,,,,,,Dodgers,19755,660271
Juan Soto,NYM,159,686,548,149,86,24,1,38,114,102,128,9,120,4,4,2,,23,5,0.2722,0.186837,0.175546,1.06432,0.410563,0.528396,0.400155,0.938959,0.256197,4.79233,0.282399,-0.570734,1.08591,129.568,48.512,163.005,0.515173,-7.17124,51.741914451122284,-14.72123908996582,6.1228,4.679999828338623,,,,,,,1144.6,7.198742138,1144.6,7.198742138,,,,,,,,,,,,,,,,,,,Mets,20123,665742
Gunnar Henderson,BAL,156,672,590,161,95,33,5,29,102,89,70,4,141,6,4,1,,23,5,0.273183,0.104659,0.209134,0.50044,0.354311,0.490045,0.361628,0.844357,0.216862,6.25138,0.311793,1.29987,1.33551,105.903,26.5015,135.1,2.63537,-2.11649,30.43586492538452,5.083509206771851,6.00048,12.4399995803833,,,,,,,966.1,6.192948717,966.1,6.192948717,,,,,,,,,,,,,,,,,,,Orioles,26289,683002
Julio Rodríguez,SEA,159,686,625,169,105,30,2,32,96,101,48,5,151,9,4,1,,26,7,0.270496,0.0703345,0.219584,0.320309,0.330142,0.476903,0.344922,0.807045,0.206407,5.58275,0.308206,0.500728,1.54074,98.8052,17.749,128.679,2.04147,6.53717,25.229660511016846,8.787170886993408,5.89605,9.539999961853027,,,,,,,921.4,5.794968553,921.4,5.794968553,,,,,,,,,,,,,,,,,,,Mariners,23697,677594
Fernando Tatis Jr.,SDP,156,672,586,158,96,30,2,30,105,86,75,4,131,6,3,1,,26,6,0.269933,0.112003,0.194757,0.575093,0.357626,0.481663,0.360863,0.839289,0.21173,5.65213,0.299133,0.535383,1.65234,105.486,26.0837,136.526,2.18772,6.76074,31.279377222061157,-0.6392602920532227,5.42233,14.0600004196167,,,,,,,954.8,6.12051282,954.8,6.12051282,,,,,,,,,,,,,,,,,,,Padres,19709,665487
Ronald Acuña Jr.,ATL,151,651,548,157,97,26,2,31,115,84,92,4,133,7,3,2,,26,6,0.285805,0.140824,0.204131,0.68987,0.393459,0.5118,0.389276,0.905259,0.225995,5.71116,0.324051,1.1668,1.55,117.207,40.2865,151.781,2.71681,-4.10219,42.669209480285645,-11.877188682556152,5.36639,5.320000171661377,,,,,,,1039.0,6.880794701,1039.0,6.880794701,,,,,,,,,,,,,,,,,,,Braves,18401,660670
Francisco Lindor,NYM,151,651,576,150,94,29,1,26,97,81,57,2,119,11,5,2,,23,5,0.261196,0.0880548,0.182081,0.483602,0.336985,0.452388,0.341424,0.789373,0.191192,5.29808,0.284586,-0.458417,1.59289,91.9152,14.9945,122.773,1.13447,3.62246,18.70528209209442,10.097458839416504,5.16286,25.65999984741211,,,,,,,831.9,5.509271523,831.9,5.509271523,,,,,,,,,,,,,,,,,,,Mets,12916,596019
Mookie Betts,LAD,151,651,567,155,97,31,3,24,95,90,73,3,77,4,5,1,,9,2,0.273973,0.111962,0.117696,0.951283,0.357958,0.467874,0.356012,0.825832,0.193901,4.45686,0.277643,-0.226291,-0.239634,99.6255,22.7048,129.974,-0.465925,-3.05484,22.660997539758682,3.920161008834839,4.93556,60.06999969482422,,,,,,,876.1,5.801986754,876.1,5.801986754,,,,,,,,,,,,,,,,,,,Dodgers,13611,605141
Kyle Tucker,LAD,151,651,555,149,86,28,2,33,101,99,88,6,95,3,3,2,,22,4,0.268396,0.134808,0.146649,0.919252,0.369711,0.505094,0.373582,0.874805,0.236698,5.37164,0.269761,0.0249932,1.66778,108.912,31.9914,142.01,1.69277,-0.575392,34.10629105567932,-7.550392031669617,4.93298,13.170000076293945,,,,,,,985.8,6.528476821,985.8,6.528476821,,,,,,,,,,,,,,,,,,,Dodgers,18345,663656
José Ramírez,CLE,157,679,602,165,99,34,3,29,95,96,66,20,80,5,6,0,,32,7,0.273388,0.0977005,0.117303,0.832892,0.346939,0.483579,0.347192,0.830518,0.210191,5.89085,0.27171,-0.0724456,2.31887,99.0482,18.8191,124.896,2.24642,1.62848,22.170163869857788,2.4534817934036255,4.91036,6.230000019073486,,,,,,,964.5,6.143312101,964.5,6.143312101,,,,,,,,,,,,,,,,,,,Guardians,13510,608070
Alejandro Kirk,TOR,125,495,435,118,84,19,0,15,52,63,50,2,60,4,5,0,,1,0,0.272245,0.10177,0.120724,0.842998,0.349597,0.422411,0.336488,0.772008,0.150166,1.73824,0.282823,-1.32341,-0.760863,67.8506,9.40979,116.941,-2.08427,5.86283,7.791525840759277,14.587827205657959,4.87976,159.63999938964844,,,,,,,585.8,4.6864,585.8,4.6864,,,,,,,,,,,,,,,,,,,Blue Jays,22581,672386
Corbin Carroll,ARI,147,637,553,143,78,26,12,27,104,87,68,3,133,9,5,2,,34,7,0.258539,0.1068,0.209238,0.510425,0.346607,0.493882,0.35879,0.84049,0.235343,8.21453,0.29201,2.14544,2.9384,98.9195,23.6531,130.383,5.08384,4.83022,28.02249240875244,-1.7947821617126465,4.85175,14.140000343322754,,,,,,,921.4,6.26802721,921.4,6.26802721,,,,,,,,,,,,,,,,,,,Diamondbacks,25878,682998
Vladimir Guerrero Jr.,TOR,157,679,590,173,106,33,0,34,98,105,78,9,92,6,5,0,,5,2,0.293676,0.114411,0.135859,0.842132,0.37931,0.52136,0.382477,0.90067,0.227684,2.75679,0.298089,-0.398813,-0.96352,118.5,38.2709,148.621,-1.36233,-1.26722,37.54833114147186,-13.592215299606323,4.84206,18.1299991607666,,,,,,,1050.0,6.687898089,1050.0,6.687898089,,,,,,,,,,,,,,,,,,,Blue Jays,19611,665489
Elly De La Cruz,CIN,156,672,598,157,95,31,6,25,97,89,66,6,173,4,3,1,,41,11,0.26225,0.0982061,0.257854,0.38086,0.337921,0.459181,0.341332,0.797102,0.19693,7.38593,0.328149,1.68633,2.67192,94.8297,15.4277,114.528,4.35824,0.927093,15.929388046264648,7.877092361450195,4.72316,8.470000267028809,,,,,,,897.4,5.752564102,897.4,5.752564102,,,,,,,,,,,,,,,,,,,Reds,26668,682829
Pete Crow-Armstrong,CHC,149,644,591,150,88,30,5,26,88,93,35,1,155,9,5,4,,34,9,0.253581,0.054373,0.240471,0.22611,0.302664,0.455872,0.324335,0.758535,0.20229,7.0908,0.297635,0.837996,2.10876,81.9915,5.89792,109.557,2.94675,11.9328,10.241630792617798,14.232842206954956,4.6962,32.93000030517578,,,,,,,780.3,5.236912751,780.3,5.236912751,,,,,,,,,,,,,,,,,,,Cubs,27769,691718
Geraldo Perdomo,ARI,159,686,581,155,106,30,4,15,92,76,83,1,89,8,6,6,,22,6,0.266036,0.12166,0.129034,0.942853,0.36264,0.408168,0.339832,0.770808,0.142132,5.71034,0.28856,0.337154,0.647098,95.9701,14.9139,117.397,0.984253,0.443377,15.128824889659882,7.7933767437934875,4.68035,77.29000091552734,,,,,,,835.8,5.256603773,835.8,5.256603773,,,,,,,,,,,,,,,,,,,Diamondbacks,22799,672695
Ketel Marte,ARI,147,637,554,152,91,31,3,27,94,84,70,6,104,7,5,2,,6,1,0.273558,0.109412,0.16265,0.672683,0.359038,0.48665,0.36167,0.845689,0.213092,4.42719,0.290435,-0.0857746,-0.428864,100.41,25.143,132.357,-0.514639,-0.212885,23.913992285728455,-0.13788487017154694,4.60092,32.2599983215332,,,,,,,897.6,6.106122448,897.6,6.106122448,,,,,,,,,,,,,,,,,,,Diamondbacks,13613,606466
Junior Caminero,TBR,154,665,610,165,96,29,1,39,89,116,46,1,127,4,5,0,,6,2,0.270377,0.0688869,0.190604,0.361415,0.322886,0.51319,0.355281,0.836076,0.242812,3.34425,0.279545,-0.0643933,-0.338434,101.373,22.7986,128.402,-0.402827,-1.57295,21.857707172632217,0.20204508304595947,4.59874,16.540000915527344,,,,,,,926.2,6.014285714,926.2,6.014285714,,,,,,,,,,,,,,,,,,,Rays,28163,691406
Patrick Bailey,SFG,133,525,473,108,74,20,2,11,53,53,41,0,137,3,5,2,,3,0,0.227896,0.0785849,0.260481,0.301692,0.291168,0.349033,0.282246,0.640202,0.121138,3.81268,0.293502,-0.333101,-0.385414,48.8819,-13.1273,81.3262,-0.718515,12.1732,-12.33352667093277,22.42320728302002,4.57231,747.6199951171875,,,,,,,442.3,3.325563909,442.3,3.325563909,,,,,,,,,,,,,,,,,,,Giants,27478,672275
William Contreras,MIL,152,610,531,143,94,29,1,20,80,77,71,4,116,4,4,0,,6,2,0.270074,0.11667,0.189735,0.614911,0.357735,0.439919,0.346447,0.797653,0.169845,3.57737,0.309403,-0.513625,-0.699925,88.6139,16.5377,123.667,-1.21355,-0.068014,15.89712941646576,7.481986157596111,4.49833,56.209999084472656,,,,,,,778.4,5.121052631,778.4,5.121052631,,,,,,,,,,,,,,,,,,,Brewers,20503,661388
Trea Turner,PHI,149,644,591,167,114,30,4,19,92,73,42,1,118,6,4,2,,28,5,0.282587,0.0657175,0.183243,0.358635,0.334479,0.442454,0.336212,0.776933,0.159866,6.51006,0.323311,1.41708,2.55104,88.2014,12.1079,114.291,3.96812,0.198051,14.875716924667358,7.098051533102989,4.44034,26.559999465942383,,,,,,,815.8,5.475167785,815.8,5.475167785,,,,,,,,,,,,,,,,,,,Phillies,16252,607208
Wyatt Langford,TEX,149,644,558,144,87,29,2,25,90,80,75,3,145,6,4,1,,22,6,0.257438,0.116811,0.225886,0.517126,0.349007,0.453333,0.347007,0.802339,0.195895,5.2642,0.302393,0.53987,0.926009,93.8456,17.7521,124.989,1.46588,4.73849,20.43328619003296,0.7384951114654541,4.43394,38.560001373291016,,,,,,,846.9,5.683892617,846.9,5.683892617,,,,,,,,,,,,,,,,,,,Rangers,33333,694671
Yordan Alvarez,HOU,130,560,476,140,81,28,1,30,81,88,71,11,97,7,6,0,,3,1,0.294387,0.126975,0.172739,0.735069,0.390505,0.544734,0.393321,0.93524,0.250347,3.23363,0.311248,-0.742561,-0.85322,102.663,36.4943,156.063,-1.59578,-0.0978609,35.407445549964905,-11.897860184311867,4.37733,33.209999084472656,,,,,,,913.8,7.029230769,913.8,7.029230769,,,,,,,,,,,,,,,,,,,Astros,19556,670541
Corey Seager,TEX,131,567,495,133,81,26,0,26,77,78,63,11,103,5,4,0,,3,0,0.268246,0.110845,0.182,0.60904,0.353902,0.478558,0.353452,0.83246,0.210312,2.54974,0.288944,-0.870398,-0.588985,85.5923,18.5969,129.429,-1.45938,0.593381,18.207531213760376,4.918381035327911,4.36272,95.45999908447266,,,,,,,779.3,5.948854961,779.3,5.948854961,,,,,,,,,,,,,,,,,,,Rangers,13624,608369
Matt Chapman,SFG,156,672,582,141,81,31,2,27,91,81,77,1,165,8,4,1,,9,3,0.241518,0.114351,0.245946,0.464943,0.335897,0.438645,0.336882,0.774542,0.197127,4.38987,0.288886,-0.0778461,-0.43162,92.4018,12.9998,118.753,-0.509466,3.38718,14.426784038543701,5.78717827796936,4.3556,164.00999450683594,,,,,,,826.4,5.297435897,826.4,5.297435897,,,,,,,,,,,,,,,,,,,Giants,16505,656305
Bo Bichette,NYM,152,658,608,177,122,34,1,19,81,86,42,1,107,4,4,1,,6,3,0.290768,0.0635864,0.162797,0.390586,0.338422,0.446846,0.339467,0.785267,0.156077,3.39324,0.324279,0.260937,-1.21098,91.858,14.1102,121.432,-0.950045,4.26072,15.7641441822052,4.860724091529846,4.34999,93.26000213623047,,,,,,,807.1,5.309868421,807.1,5.309868421,,,,,,,,,,,,,,,,,,,Mets,19612,666182
Jackson Merrill,SDP,146,630,577,156,97,29,5,24,80,87,42,2,121,4,5,2,,7,3,0.269636,0.0664568,0.191573,0.346901,0.320706,0.46221,0.335065,0.782916,0.192574,4.78579,0.301303,1.02521,-0.720066,85.6974,11.2581,118.854,0.305145,4.79645,14.383155465126038,6.846453428268433,4.31655,70.69999694824219,,,,,,,777.7,5.326712328,777.7,5.326712328,,,,,,,,,,,,,,,,,,,Padres,29490,701538
Zach Neto,LAA,154,665,595,152,88,34,1,28,94,85,46,4,159,18,4,3,,28,9,0.254987,0.0689783,0.23928,0.288274,0.325115,0.458831,0.336674,0.783946,0.203845,5.66364,0.299854,0.47352,0.959062,91.3271,12.7522,115.288,1.43258,-1.38573,13.414828658103943,5.739274501800537,4.30146,31.739999771118164,,,,,,,843.7,5.478571428,843.7,5.478571428,,,,,,,,,,,,,,,,,,,Angels,31347,687263
Willy Adames,SFG,157,679,596,141,85,28,1,27,84,85,72,2,166,4,5,1,,12,4,0.236386,0.106658,0.244006,0.43711,0.321035,0.42228,0.322817,0.743315,0.185894,4.17569,0.279369,0.0837802,-0.162868,85.6104,5.38133,109.118,-0.0790873,2.09548,7.2588590905070305,9.370484113693237,4.01268,132.16000366210938,,,,,,,773.9,4.929299363,773.9,4.929299363,,,,,,,,,,,,,,,,,,,Giants,15986,642715
Adley Rutschman,BAL,141,566,495,126,79,27,1,19,68,68,64,2,89,3,4,0,,1,0,0.254518,0.112556,0.157424,0.714986,0.340368,0.426483,0.333809,0.766851,0.171965,2.5005,0.274327,-0.369172,-0.819432,76.4684,9.54388,115.937,-1.1886,2.77147,9.450172901153564,8.846467971801758,4.00715,149.30999755859375,,,,,,,676.1,4.79503546,676.1,4.79503546,,,,,,,,,,,,,,,,,,,Orioles,26288,668939
Nico Hoerner,CHC,154,665,607,171,128,30,3,9,80,66,43,1,62,10,5,1,,27,7,0.281185,0.0640457,0.0929678,0.688903,0.336068,0.387169,0.317721,0.723237,0.105984,5.5488,0.298534,0.788152,1.51446,81.0941,2.51926,105.027,2.30261,7.68844,6.264379501342773,10.163440942764282,3.94441,102.33000183105469,,,,,,,730.0,4.74025974,730.0,4.74025974,,,,,,,,,,,,,,,,,,,Cubs,21479,663538
Bryce Harper,PHI,154,665,574,157,91,37,0,29,90,95,81,8,143,5,5,0,,11,3,0.273523,0.121584,0.215225,0.564915,0.365429,0.492156,0.365775,0.857586,0.218633,3.47409,0.314058,0.1699,-0.29281,107.039,28.4642,134.542,-0.12291,0.517829,27.10189774632454,-11.457171559333801,3.86429,48.16999816894531,,,,,,,955.6,6.205194805,955.6,6.205194805,,,,,,,,,,,,,,,,,,,Phillies,11579,547180
Gabriel Moreno,ARI,112,443,394,110,77,20,1,11,53,54,42,2,75,4,4,0,,4,2,0.279126,0.0946715,0.169613,0.55816,0.35107,0.421396,0.336325,0.772466,0.142271,3.57279,0.317915,0.294238,-0.801166,60.7682,8.37707,114.994,-0.506928,5.28826,7.372853398323059,13.01325511932373,3.81518,180.92999267578125,,,,,,,529.1,4.724107142,529.1,4.724107142,,,,,,,,,,,,,,,,,,,Diamondbacks,22664,672515
Steven Kwan,CLE,154,665,593,165,125,27,3,11,86,60,61,1,61,5,4,3,,19,5,0.279317,0.0913315,0.0921851,0.99074,0.349304,0.390376,0.326266,0.73968,0.111059,5.09481,0.294646,0.616657,0.500221,85.7076,7.13271,110.481,1.11688,4.19605,9.331436395645142,4.9710482358932495,3.80507,169.36000061035156,,,,,,,749.9,4.869480519,749.9,4.869480519,,,,,,,,,,,,,,,,,,,Guardians,24610,680757
Dansby Swanson,CHC,159,686,618,149,98,27,2,22,84,80,58,1,174,4,4,1,,16,4,0.240994,0.0852612,0.253818,0.335914,0.30851,0.398244,0.30815,0.706754,0.15725,5.00487,0.298155,0.740691,0.649973,78.3245,-2.73173,98.4704,1.39066,6.66158,0.14699041843414307,14.011582851409912,3.78372,151.33999633789062,,,,,,,718.1,4.516352201,718.1,4.516352201,,,,,,,,,,,,,,,,,,,Cubs,18314,621020
Alex Bregman,CHC,156,672,584,146,93,29,1,23,87,82,74,2,96,9,5,1,,3,1,0.250071,0.109718,0.142995,0.767285,0.340518,0.421176,0.332756,0.761694,0.171105,3.03644,0.262261,-0.637295,-1.06066,90.1507,10.7487,115.326,-1.69795,0.904023,10.50843608379364,3.30402272939682,3.70065,119.30000305175781,,,,,,,791.5,5.073717948,791.5,5.073717948,,,,,,,,,,,,,,,,,,,Cubs,17678,608324
Maikel Garcia,KCR,154,665,598,161,111,33,5,13,87,69,57,0,100,2,5,3,,27,7,0.269257,0.0851697,0.150207,0.567014,0.331676,0.404256,0.321626,0.735932,0.134999,6.102,0.301922,0.582,1.301,83.2026,4.62773,103.083,1.883,6.17723,4.299705743789673,8.652225971221924,3.6669,63.869998931884766,,,,,,,758.7,4.926623376,758.7,4.926623376,,,,,,,,,,,,,,,,,,,Royals,22715,672580
Austin Riley,ATL,156,672,608,159,95,31,2,30,88,93,51,1,174,8,5,0,,3,1,0.261233,0.0758558,0.258829,0.293073,0.323946,0.469942,0.340644,0.793888,0.208709,3.29313,0.314569,-0.0774272,-0.931811,94.4546,15.0526,118.466,-1.00924,-2.64074,13.698536992073059,-0.6407421827316284,3.62344,60.36000061035156,,,,,,,845.6,5.42051282,845.6,5.42051282,,,,,,,,,,,,,,,,,,,Braves,18360,663586
Masyn Winn,STL,149,644,586,150,103,30,2,15,81,67,45,0,114,6,4,2,,13,4,0.255438,0.0703883,0.177501,0.396551,0.312791,0.388666,0.30705,0.701457,0.133227,4.9251,0.292798,0.967215,-0.142007,72.9539,-3.13965,98.0725,0.825208,7.6352,-0.6459730267524719,14.535202503204346,3.61319,353.760009765625,,,,,,,659.9,4.42885906,659.9,4.42885906,,,,,,,,,,,,,,,,,,,Cardinals,27479,691026
Jeremy Peña,HOU,141,609,557,151,104,28,2,17,76,69,35,1,109,11,4,2,,16,5,0.270686,0.0582178,0.178302,0.326512,0.324703,0.421322,0.323944,0.746025,0.150637,5.12693,0.306909,0.619179,0.430826,77.3423,5.38425,108.272,1.05001,0.478705,6.987718939781189,7.003705412149429,3.57605,121.81999969482422,,,,,,,695.4,4.931914893,695.4,4.931914893,,,,,,,,,,,,,,,,,,,Astros,21636,665161
Nick Kurtz,ATH,143,616,534,139,74,28,1,36,97,99,73,3,173,4,4,1,,3,1,0.260968,0.118859,0.280159,0.424257,0.352011,0.520576,0.371097,0.872587,0.259608,3.66807,0.314414,0.106151,-0.774274,101.814,29.0285,137.359,-0.668123,-1.64972,26.455453872680664,-12.849716305732727,3.56124,19.639999389648438,,,,,,,903.6,6.318881118,903.6,6.318881118,,,,,,,,,,,,,,,,,,,Athletics,35110,701762
Freddie Freeman,LAD,151,651,568,161,98,37,2,24,89,91,69,8,121,9,5,0,,8,2,0.283727,0.106201,0.18614,0.570545,0.367121,0.482179,0.362981,0.8493,0.198452,4.1316,0.320729,-0.73061,-0.381193,103.309,26.3884,134.748,-1.1118,-0.897077,25.69873583316803,-12.572076916694641,3.559,67.5999984741211,,,,,,,921.5,6.102649006,921.5,6.102649006,,,,,,,,,,,,,,,,,,,Dodgers,5361,518692
Byron Buxton,MIN,130,560,502,125,66,25,5,29,85,76,44,3,153,9,4,1,,17,2,0.24863,0.077812,0.273901,0.284088,0.317042,0.488902,0.342134,0.805944,0.240272,7.02923,0.296538,0.744922,1.89124,79.3896,13.2213,119.469,2.63616,0.407918,15.486353397369385,0.007918566465377808,3.55726,73.19999694824219,,,,,,,757.3,5.825384615,757.3,5.825384615,,,,,,,,,,,,,,,,,,,Twins,14161,621439
Michael Harris II,ATL,133,574,540,149,96,27,4,22,70,77,24,1,110,5,4,2,,18,5,0.275207,0.0415544,0.191938,0.216499,0.309437,0.459959,0.329018,0.769396,0.184752,5.7277,0.308189,0.493457,0.784321,75.2618,7.43924,110.502,1.27778,5.18973,8.422467827796936,7.239732980728149,3.55631,99.1500015258789,,,,,,,709.5,5.334586466,709.5,5.334586466,,,,,,,,,,,,,,,,,,,Braves,25931,671739
Pete Alonso,BAL,157,679,597,158,85,34,1,38,89,111,61,5,152,14,7,0,,2,1,0.264021,0.0902864,0.224511,0.402146,0.342729,0.514977,0.363491,0.857706,0.250956,2.6236,0.289377,-1.25459,-1.02746,108.034,27.8046,136.384,-2.28205,-2.74566,26.835116624832153,-15.470659971237183,3.55378,24.399999618530273,,,,,,,975.3,6.21210191,975.3,6.21210191,,,,,,,,,,,,,,,,,,,Orioles,19251,624413
Riley Greene,DET,151,651,584,154,91,30,3,29,85,97,58,2,176,5,4,0,,3,2,0.263992,0.0884687,0.270984,0.326473,0.332729,0.476932,0.347039,0.809661,0.21294,3.55238,0.326189,0.00497869,-1.01256,94.8826,17.9619,123.355,-1.00758,2.37828,16.912137031555176,-4.896714687347412,3.52178,78.19000244140625,,,,,,,844.2,5.590728476,844.2,5.590728476,,,,,,,,,,,,,,,,,,,Tigers,25976,682985
Jacob Wilson,ATH,143,616,568,167,118,35,1,14,76,80,34,1,48,8,4,2,,5,2,0.29473,0.0555481,0.0776325,0.715526,0.341504,0.431687,0.335869,0.773191,0.136957,3.60038,0.301556,0.0533787,-0.878603,84.1952,11.41,113.092,-0.825225,-2.3196,8.679933845996857,4.180398941040039,3.48497,195.6999969482422,,,,,,,735.9,5.146153846,735.9,5.146153846,,,,,,,,,,,,,,,,,,,Athletics,33266,805779
Roman Anthony,BOS,146,630,536,142,89,31,3,19,92,70,83,1,156,5,4,2,,9,4,0.265597,0.131777,0.246927,0.533667,0.366963,0.440795,0.353263,0.807757,0.175197,4.89325,0.337486,0.336996,-0.757913,95.0056,20.5662,123.697,-0.420917,3.34839,17.174944311380386,-4.901605844497681,3.47422,51.25,,,,,,,814.7,5.580136986,814.7,5.580136986,,,,,,,,,,,,,,,,,,,Red Sox,31812,701350
Manny Machado,SDP,149,644,583,153,98,29,0,26,80,91,53,4,127,3,4,0,,9,2,0.263044,0.0827578,0.196717,0.420694,0.325343,0.447719,0.332104,0.773062,0.184675,3.49736,0.292594,-0.442259,-0.131217,86.0537,9.96011,116.826,-0.573476,-0.0908054,12.269213199615479,-0.3908054307103157,3.40746,37.47999954223633,,,,,,,781.8,5.246979865,781.8,5.246979865,,,,,,,,,,,,,,,,,,,Padres,11493,592518
Matt Olson,ATL,159,686,595,151,85,33,1,32,91,97,81,4,165,5,4,0,,1,0,0.253261,0.117895,0.240942,0.48931,0.345505,0.473224,0.351843,0.818729,0.219963,2.47257,0.295329,-0.845693,-0.964921,102.66,21.6033,126.138,-1.81061,2.96145,19.440671801567078,-9.288554668426514,3.37381,48.459999084472656,,,,,,,912.7,5.740251572,912.7,5.740251572,,,,,,,,,,,,,,,,,,,Braves,14344,621566
Kevin McGonigle,DET,126,546,479,122,74,29,3,16,69,68,57,0,75,4,5,1,,9,4,0.255277,0.105075,0.137673,0.763221,0.336123,0.428,0.332698,0.764123,0.172723,4.51022,0.270439,-0.0675529,-0.858103,73.2217,8.7076,113.476,-0.925655,1.52743,7.7465285658836365,6.077428817749023,3.33706,999.0,,,,,,,644.7,5.116666666,644.7,5.116666666,,,,,,,,,,,,,,,,,,,Tigers,sa3022895,805808
Carlos Correa,HOU,131,567,509,134,90,25,1,18,66,67,50,2,115,4,4,0,,0,0,0.262506,0.0889462,0.203667,0.436724,0.331184,0.420443,0.326811,0.751627,0.157937,2.12594,0.30554,-0.024963,-0.918592,73.3279,6.33246,110.247,-0.943555,4.7487,5.904195308685303,7.173700332641602,3.33468,280.9700012207031,,,,,,,650.8,4.967938931,650.8,4.967938931,,,,,,,,,,,,,,,,,,,Astros,14162,621043
Will Smith,LAD,126,500,428,109,68,21,1,19,67,67,58,3,97,8,5,0,,2,1,0.25543,0.116548,0.19398,0.600826,0.351955,0.44439,0.344955,0.796345,0.18896,3.14096,0.283961,-0.815522,-0.7879,72.0863,12.9602,122.4,-1.60342,-0.011211,11.681246995925903,9.138788596726954,3.32622,95.80999755859375,,,,,,,626.6,4.973015873,626.6,4.973015873,,,,,,,,,,,,,,,,,,,Dodgers,19197,669257
Cody Bellinger,NYY,143,616,554,146,94,25,3,24,82,89,51,3,90,4,7,0,,11,3,0.263743,0.0826723,0.146675,0.563642,0.325907,0.448166,0.331981,0.774073,0.184422,4.92529,0.273406,0.186172,0.0484911,82.2505,9.46535,114.361,0.234663,5.65589,10.661256611347198,0.6058893203735352,3.32197,80.45999908447266,,,,,,,756.3,5.288811188,756.3,5.288811188,,,,,,,,,,,,,,,,,,,Yankees,15998,641355
Xander Bogaerts,SDP,141,609,546,144,103,27,1,13,69,64,51,2,107,5,6,1,,16,3,0.264486,0.0839605,0.175994,0.477063,0.330186,0.390628,0.315461,0.720814,0.126142,4.69292,0.304094,0.389226,0.921526,73.1474,1.18935,105.424,1.31075,-0.250472,5.226023197174072,6.274528414011002,3.24966,237.57000732421875,,,,,,,656.6,4.656737588,656.6,4.656737588,,,,,,,,,,,,,,,,,,,Padres,12161,593428
James Wood,WSN,149,644,558,146,84,32,2,27,90,84,78,5,187,3,4,1,,16,6,0.261253,0.120863,0.289988,0.416787,0.353219,0.472347,0.354615,0.825566,0.211094,4.98282,0.341447,0.294327,-0.159009,97.8237,21.7302,128.528,0.135319,-0.515151,21.90977644920349,-11.615150690078735,3.24542,37.150001525878906,,,,,,,874.2,5.867114093,874.2,5.867114093,,,,,,,,,,,,,,,,,,,Nationals,29518,695578
Rafael Devers,SFG,159,686,589,149,85,31,1,31,92,95,85,11,166,7,5,1,,2,1,0.252578,0.124413,0.24177,0.514593,0.351094,0.468571,0.349763,0.819665,0.215993,2.77361,0.296563,-0.599459,-1.03521,101.501,20.4449,127.577,-1.63467,1.08178,20.787009477615356,-12.16821563243866,3.21693,61.16999816894531,,,,,,,909.4,5.719496855,909.4,5.719496855,,,,,,,,,,,,,,,,,,,Giants,17350,646240
Drake Baldwin,ATL,139,571,509,136,86,25,2,23,71,78,53,1,103,5,3,1,,1,0,0.266632,0.0930918,0.1804,0.51603,0.340533,0.45806,0.345809,0.798593,0.191428,2.5605,0.292217,-0.226367,-0.902919,82.7106,15.1952,122.004,-1.12929,-0.912154,13.772737860679626,-0.6621543765068054,3.21319,78.93000030517578,,,,,,,728.6,5.241726618,728.6,5.241726618,,,,,,,,,,,,,,,,,,,Braves,31539,686948
Austin Wells,NYY,117,461,412,93,54,20,1,19,53,62,39,0,112,5,5,1,,5,1,0.226894,0.0846663,0.243574,0.3476,0.298695,0.417215,0.310269,0.71591,0.190322,3.8642,0.261344,-0.12534,-0.0914592,53.4742,-1.04378,99.4046,-0.2168,0.221433,-0.5405884385108948,8.921433255076408,3.20609,248.3300018310547,,,,,,,489.8,4.186324786,489.8,4.186324786,,,,,,,,,,,,,,,,,,,Yankees,27562,669224
Ceddanne Rafaela,BOS,141,609,567,148,93,32,4,18,78,76,28,0,127,8,4,2,,21,7,0.260588,0.0466959,0.208469,0.223994,0.303164,0.427606,0.315108,0.73077,0.167018,6.126,0.304334,0.598867,0.455755,72.973,1.015,97.4137,1.05462,8.85567,-0.8017411231994629,11.030667304992676,3.1911,126.16999816894531,,,,,,,674.9,4.786524822,674.9,4.786524822,,,,,,,,,,,,,,,,,,,Red Sox,24262,678882
Marcus Semien,NYM,149,644,576,140,94,24,2,20,82,75,58,1,106,5,4,1,,10,2,0.242419,0.0896504,0.163931,0.546878,0.314417,0.394499,0.310245,0.708916,0.152079,4.59662,0.263183,0.26322,-0.0608023,74.6241,-1.46949,101.414,0.202418,6.12083,1.2815044820308685,8.220833539962769,3.16436,265.1300048828125,,,,,,,679.4,4.559731543,679.4,4.559731543,,,,,,,,,,,,,,,,,,,Mets,12533,543760
Brent Rooker,ATH,156,672,596,159,90,32,2,35,90,108,65,3,169,7,4,0,,6,2,0.266398,0.0962573,0.251836,0.382221,0.342456,0.502846,0.360451,0.845302,0.236448,3.81691,0.312683,-0.341137,-0.433392,105.261,25.8595,130.026,-0.774529,-0.0252732,23.006883323192596,-15.525273209437728,3.13186,42.45000076293945,,,,,,,949.4,6.085897435,949.4,6.085897435,,,,,,,,,,,,,,,,,,,Athletics,19627,667670
Andy Pages,LAD,141,609,556,143,86,29,2,26,76,86,37,0,131,9,5,2,,10,4,0.256599,0.0611591,0.215889,0.28329,0.311078,0.455128,0.329365,0.766206,0.198529,4.45323,0.289092,0.313353,-0.515811,80.0224,8.06435,111.72,-0.202457,0.123317,8.256801694631577,1.9983167350292206,3.12224,133.11000061035156,,,,,,,730.5,5.180851063,730.5,5.180851063,,,,,,,,,,,,,,,,,,,Dodgers,24816,681624
Jazz Chisholm Jr.,NYY,139,602,532,127,77,19,2,28,78,86,59,2,156,5,4,1,,31,8,0.237769,0.0983259,0.259066,0.37954,0.318366,0.440253,0.327799,0.758619,0.202484,5.7008,0.27938,0.681619,1.92433,78.3373,7.20641,111.481,2.60595,-3.39183,10.751760482788086,-1.4418339729309082,3.07242,19.610000610351562,,,,,,,737.4,5.305035971,737.4,5.305035971,,,,,,,,,,,,,,,,,,,Yankees,20454,665862
Luke Keaschall,MIN,131,567,493,131,90,28,2,11,71,65,56,0,95,12,5,0,,25,7,0.265485,0.0990978,0.167499,0.591633,0.351999,0.395754,0.330676,0.747753,0.130269,5.50848,0.305477,0.0318807,1.14243,75.1071,8.11165,111.576,1.17431,-0.0192935,8.910255074501038,1.505706463009119,3.06233,116.77999877929688,,,,,,,668.5,5.103053435,668.5,5.103053435,,,,,,,,,,,,,,,,,,,Twins,33321,807712
Gleyber Torres,DET,152,658,572,149,103,27,1,18,83,72,74,1,113,4,5,2,,6,2,0.260267,0.113002,0.17107,0.660562,0.346894,0.407306,0.331559,0.7542,0.147039,3.18368,0.292152,-0.758632,-1.06129,87.6333,9.88557,112.692,-1.81992,-3.09577,8.022974848747253,-0.7457675933837891,3.06165,261.8699951171875,,,,,,,755.4,4.969736842,755.4,4.969736842,,,,,,,,,,,,,,,,,,,Tigers,16997,650402
Brice Turang,MIL,151,651,582,151,107,26,2,14,83,68,60,1,134,2,4,3,,28,7,0.258841,0.0915382,0.205756,0.444887,0.327721,0.387008,0.314035,0.714728,0.128167,5.64639,0.310913,0.447921,1.87422,77.4387,0.51804,101.464,2.32214,2.05463,3.4516966342926025,4.629633665084839,3.0428,48.900001525878906,,,,,,,701.6,4.646357615,701.6,4.646357615,,,,,,,,,,,,,,,,,,,Brewers,22186,668930
Dillon Dingler,DET,109,429,390,95,61,20,2,13,46,55,29,1,107,7,3,1,,1,1,0.244639,0.0673149,0.249054,0.270282,0.306423,0.404263,0.309031,0.710686,0.159624,3.19201,0.302285,0.0470758,-0.683576,49.2652,-1.40082,97.1732,-0.6365,5.24119,-2.0651320815086365,13.616194725036621,3.02312,256.489990234375,,,,,,,440.7,4.043119266,440.7,4.043119266,,,,,,,,,,,,,,,,,,,Tigers,27464,693307
Kyle Schwarber,PHI,159,686,573,130,65,20,1,44,103,105,101,5,195,7,4,1,,7,2,0.22687,0.146672,0.284984,0.514668,0.347533,0.495893,0.360557,0.843426,0.269022,3.75026,0.255467,-1.37824,-0.545102,107.513,26.4567,130.967,-1.92335,-0.0020269,23.254836201667786,-16.95202575926669,2.97997,24.639999389648438,,,,,,,964.0,6.062893081,964.0,6.062893081,,,,,,,,,,,,,,,,,,,Phillies,16478,656941
Brendan Donovan,SEA,130,560,496,135,95,27,1,12,68,55,50,2,77,9,3,2,,5,3,0.273126,0.0887575,0.136727,0.649158,0.348496,0.404323,0.330572,0.752819,0.131197,3.41447,0.300653,-0.222065,-1.14729,74.1325,7.96418,118.794,-1.36935,-2.73175,11.034943103790283,-1.2317469120025635,2.97499,268.6099853515625,,,,,,,634.9,4.883846153,634.9,4.883846153,,,,,,,,,,,,,,,,,,,Mariners,24679,680977
Ezequiel Tovar,COL,151,651,605,161,100,36,4,21,78,78,33,0,156,4,5,4,,8,4,0.266098,0.0509798,0.240042,0.212378,0.306338,0.443456,0.321862,0.749793,0.177358,4.70094,0.323966,0.471688,-0.913828,81.5753,4.65466,92.4177,-0.44214,6.71784,-6.292375564575195,13.692843437194824,2.97314,208.72000122070312,,,,,,,736.2,4.875496688,736.2,4.875496688,,,,,,,,,,,,,,,,,,,Rockies,24064,678662
Michael Busch,CHC,139,602,526,133,75,27,3,28,84,82,63,2,147,8,3,1,,4,1,0.252782,0.104901,0.244702,0.428689,0.339476,0.475788,0.350513,0.815264,0.223005,4.25506,0.296106,-0.687089,-0.470669,89.4392,18.3082,127.49,-1.15776,1.14819,18.456324577331543,-9.65181314945221,2.95,106.2300033569336,,,,,,,795.2,5.720863309,795.2,5.720863309,,,,,,,,,,,,,,,,,,,Cubs,26319,683737
CJ Abrams,WSN,146,630,573,146,91,30,5,20,84,72,38,2,119,13,4,1,,30,7,0.254373,0.0603965,0.188306,0.320736,0.313753,0.425656,0.319616,0.73941,0.171283,6.77086,0.287339,0.663494,2.37266,77.7952,3.35582,104.552,3.03615,-5.17242,6.435314416885376,0.82757568359375,2.88758,64.93000030517578,,,,,,,738.5,5.058219178,738.5,5.058219178,,,,,,,,,,,,,,,,,,,Nationals,25768,682928
Jackson Chourio,MIL,151,651,601,163,98,37,4,25,92,88,39,2,131,4,5,2,,24,7,0.271584,0.0602214,0.201263,0.299218,0.31793,0.468642,0.335978,0.786572,0.197057,6.21992,0.307923,1.01553,0.964045,89.0366,12.1159,116.496,1.97957,-1.2152,14.707019448280334,-8.190199851989746,2.88273,19.190000534057617,,,,,,,831.9,5.509271523,831.9,5.509271523,,,,,,,,,,,,,,,,,,,Brewers,28806,694192
Oneil Cruz,PIT,130,560,491,117,67,23,3,23,75,67,60,4,169,4,4,1,,30,6,0.237433,0.106776,0.301813,0.353782,0.323193,0.439639,0.328324,0.762833,0.202207,6.77392,0.308691,0.378459,2.78882,73.1104,6.94205,108.614,3.16728,-1.1767,8.884406089782715,0.6232976913452148,2.87898,93.16999816894531,,,,,,,696.4,5.356923076,696.4,5.356923076,,,,,,,,,,,,,,,,,,,Pirates,21711,665833
Josh Naylor,SEA,144,623,562,151,97,31,0,23,74,92,51,6,92,5,5,0,,18,3,0.268929,0.0821858,0.148081,0.555006,0.332183,0.449931,0.335038,0.782115,0.181002,4.18034,0.282784,-0.573047,1.19202,84.7314,11.1191,121.87,0.618968,1.22964,16.67774909734726,-10.14535653591156,2.8622,67.12999725341797,,,,,,,783.5,5.440972222,783.5,5.440972222,,,,,,,,,,,,,,,,,,,Mariners,18839,647304
Iván Herrera,STL,139,594,515,141,96,25,1,19,74,76,63,1,116,11,5,0,,10,3,0.273518,0.105652,0.19576,0.539701,0.361822,0.437052,0.349396,0.798874,0.163534,3.99793,0.317323,0.281354,-0.306344,87.6528,17.5144,127.081,-0.0249893,-0.0879627,19.027325484901667,-10.837962724268436,2.85864,176.3699951171875,,,,,,,764.0,5.496402877,764.0,5.496402877,,,,,,,,,,,,,,,,,,,Cardinals,20599,671056
Xavier Edwards,MIA,139,602,539,151,120,23,4,5,72,50,52,1,83,3,4,4,,27,7,0.28069,0.0867029,0.137441,0.630835,0.345236,0.365004,0.314487,0.71024,0.0843143,6.01954,0.322145,0.70659,1.51096,71.8306,0.699647,99.6775,2.21755,3.62624,1.987456053495407,5.776244640350342,2.84351,181.63999938964844,,,,,,,639.8,4.602877697,639.8,4.602877697,,,,,,,,,,,,,,,,,,,Marlins,22266,669364
JJ Wetherholt,STL,136,588,515,131,93,24,1,12,75,61,59,1,99,10,3,2,,14,3,0.254423,0.0996511,0.168135,0.592684,0.340051,0.379491,0.319102,0.719542,0.125068,4.8337,0.291567,0.0,0.534828,72.3637,2.88701,106.329,0.534828,0.930462,4.945222496986389,3.230461537837982,2.838,999.0,,,,,,,631.9,4.646323529,631.9,4.646323529,,,,,,,,,,,,,,,,,,,Cardinals,sa3025154,802139
Andrés Giménez,TOR,138,595,537,135,95,24,2,14,68,66,34,2,103,16,4,3,,21,4,0.250893,0.0577461,0.172845,0.334092,0.313059,0.37953,0.303674,0.692588,0.128637,5.66379,0.284982,0.00386759,1.66006,65.7718,-4.53201,94.3369,1.66392,3.00356,-2.3074817657470703,9.378555059432983,2.81871,400.30999755859375,,,,,,,610.3,4.422463768,610.3,4.422463768,,,,,,,,,,,,,,,,,,,Blue Jays,19950,665926
Bryson Stott,PHI,141,609,544,140,99,25,3,14,72,66,54,1,101,4,6,2,,25,5,0.258203,0.0887196,0.165511,0.536033,0.326444,0.39032,0.313949,0.716764,0.132118,5.71826,0.29141,0.325875,1.78546,72.4002,0.442179,99.0401,2.11133,3.38447,1.4184647798538208,5.659466981887817,2.79717,182.1699981689453,,,,,,,668.7,4.742553191,668.7,4.742553191,,,,,,,,,,,,,,,,,,,Phillies,26294,681082
Francisco Alvarez,NYM,110,438,388,92,55,15,1,21,55,62,41,1,112,6,3,1,,2,0,0.237965,0.0934352,0.256008,0.36497,0.317662,0.448368,0.330962,0.766031,0.210404,3.21842,0.276103,-0.192588,-0.459184,58.1474,6.37073,115.606,-0.651772,-3.47327,7.453094303607941,3.5267322063446045,2.78898,165.38999938964844,,,,,,,518.6,4.714545454,518.6,4.714545454,,,,,,,,,,,,,,,,,,,Mets,26121,682626
Ian Happ,CHC,152,658,565,137,81,32,1,23,84,79,83,2,156,5,4,1,,8,2,0.242792,0.12548,0.237338,0.528696,0.34192,0.424179,0.334832,0.766098,0.181387,3.87934,0.293055,-0.256194,-0.381785,89.3819,11.6341,116.748,-0.637979,-0.0962626,12.423423528671265,-7.246262714266777,2.7695,183.9600067138672,,,,,,,790.5,5.200657894,790.5,5.200657894,,,,,,,,,,,,,,,,,,,Cubs,17919,664023
Trent Grisham,NYY,126,546,464,101,58,17,1,24,73,65,72,0,136,5,3,2,,6,2,0.217308,0.131847,0.248355,0.530881,0.327487,0.414102,0.325921,0.74159,0.196794,3.92293,0.250606,-0.125517,-0.426035,70.2175,5.70342,110.187,-0.551553,0.212005,6.003877878189087,2.162005364894867,2.75817,253.47000122070312,,,,,,,619.0,4.912698412,619.0,4.912698412,,,,,,,,,,,,,,,,,,,Yankees,18564,663757
Shea Langeliers,ATH,131,524,476,121,67,25,1,28,70,83,39,1,117,4,4,1,,5,1,0.2534,0.0744824,0.224219,0.332186,0.313019,0.487343,0.341211,0.800362,0.233943,3.81982,0.276658,-0.0504112,-0.256676,73.865,11.974,116.772,-0.307087,-4.26394,10.047128736972809,3.1610560417175293,2.75064,54.310001373291016,,,,,,,678.7,5.18091603,678.7,5.18091603,,,,,,,,,,,,,,,,,,,Athletics,25816,669127
Yandy Díaz,TBR,151,651,576,168,117,30,1,20,84,77,62,2,97,7,4,2,,3,1,0.291577,0.0955086,0.149084,0.640636,0.364683,0.451948,0.354657,0.816631,0.160371,2.66837,0.318879,-0.725394,-1.08671,98.9092,21.9885,127.971,-1.81211,-0.0644965,19.64967954158783,-15.189496517181396,2.74878,138.10000610351562,,,,,,,855.4,5.664900662,855.4,5.664900662,,,,,,,,,,,,,,,,,,,Rays,16578,650490
Kazuma Okamoto,TOR,130,560,495,124,73,25,0,25,66,83,53,6,100,8,4,1,,2,1,0.249729,0.094405,0.178982,0.527456,0.329227,0.453303,0.335322,0.78253,0.203574,2.34959,0.264301,-0.231432,-0.88247,76.2924,10.1241,116.138,-1.1139,-0.815492,9.537842869758606,-2.2154916524887085,2.72117,999.0,,,,,,,690.9,5.314615384,690.9,5.314615384,,,,,,,,,,,,,,,,,,,Blue Jays,sa3063134,672960
Daulton Varsho,TOR,138,595,537,122,66,23,4,29,80,84,46,1,152,5,5,2,,9,3,0.226342,0.0774276,0.255506,0.303037,0.291525,0.444202,0.31509,0.735728,0.21786,5.41833,0.257153,0.177345,-0.376161,71.2866,0.9828,102.201,-0.198816,2.37878,1.3445926755666733,4.503778457641602,2.69361,194.1300048828125,,,,,,,670.0,4.855072463,670.0,4.855072463,,,,,,,,,,,,,,,,,,,Blue Jays,19918,662139
Taylor Ward,BAL,152,658,576,140,82,28,2,28,84,89,69,0,160,6,6,1,,5,2,0.243489,0.104859,0.242685,0.43208,0.32784,0.445489,0.334993,0.773329,0.202,3.61342,0.28403,-0.66486,-0.906987,89.4677,11.7199,116.752,-1.57185,-0.724489,11.420027494430542,-7.774489343166351,2.69009,149.52000427246094,,,,,,,792.7,5.215131578,792.7,5.215131578,,,,,,,,,,,,,,,,,,,Orioles,17548,621493
Otto Lopez,MIA,141,609,557,148,106,27,3,12,68,66,43,1,91,4,4,1,,16,6,0.265897,0.0711557,0.14978,0.475068,0.32112,0.389716,0.310626,0.710836,0.123819,4.9839,0.297275,0.431201,-0.121567,70.7572,-1.20085,97.0332,0.309633,0.721041,-1.8317636847496033,7.246040999889374,2.62696,228.67999267578125,,,,,,,634.6,4.500709219,634.6,4.500709219,,,,,,,,,,,,,,,,,,,Marlins,19608,672640
Ernie Clement,TOR,149,644,602,163,115,32,3,13,76,72,28,1,63,5,5,4,,8,4,0.271208,0.0438663,0.0985751,0.445004,0.306412,0.398179,0.305164,0.704591,0.126971,4.35465,0.283385,0.531433,-0.723199,71.9677,-4.1259,95.3637,-0.191766,4.62368,-3.7108848094940186,7.023684024810791,2.60674,344.1700134277344,,,,,,,645.9,4.334899328,645.9,4.334899328,,,,,,,,,,,,,,,,,,,Blue Jays,20352,676391
Jeff McNeil,ATH,134,581,516,140,94,29,4,13,66,64,47,3,71,11,5,2,,4,1,0.271285,0.0815641,0.122753,0.664459,0.342421,0.418039,0.331069,0.760461,0.146754,4.3117,0.29077,-0.931457,-0.332139,77.1472,8.49757,109.786,-1.2636,-1.64359,5.437336325645447,-0.06859207153320312,2.59524,445.0400085449219,,,,,,,675.9,5.04402985,675.9,5.04402985,,,,,,,,,,,,,,,,,,,Athletics,15362,643446
Jordan Westburg,BAL,99,427,392,103,61,21,2,18,59,59,27,0,95,6,2,1,,4,2,0.262169,0.0635659,0.223177,0.284823,0.317495,0.467919,0.337617,0.785414,0.20575,4.43163,0.301063,0.0994156,-0.499554,58.9686,8.51525,118.56,-0.400138,1.37627,8.940531373023987,1.7012650966644287,2.59244,631.3800048828125,,,,,,,527.3,5.326262626,527.3,5.326262626,,,,,,,,,,,,,,,,,,,Orioles,27815,676059
Ben Rice,NYY,128,546,477,116,65,22,2,27,75,79,56,0,115,8,4,0,,4,2,0.243651,0.10314,0.21038,0.490255,0.330883,0.468362,0.34473,0.799245,0.224712,4.06307,0.263556,-0.236955,-0.734843,78.5269,14.0364,123.144,-0.971798,0.0249109,13.916286647319794,-7.550088873133063,2.57057,53.060001373291016,,,,,,,695.6,5.434375,695.6,5.434375,,,,,,,,,,,,,,,,,,,Yankees,29576,700250
Caleb Durbin,BOS,130,560,496,128,85,29,2,11,68,62,40,0,62,18,4,3,,22,7,0.258368,0.0718802,0.109866,0.654251,0.333755,0.39504,0.321383,0.728796,0.136672,5.64143,0.273616,0.297171,0.786827,69.9548,3.78654,101.737,1.084,1.41407,2.2302029132843018,3.4140719175338745,2.54948,221.27000427246094,,,,,,,615.9,4.737692307,615.9,4.737692307,,,,,,,,,,,,,,,,,,,Red Sox,29646,702332
Royce Lewis,MIN,133,574,523,132,82,26,0,22,67,77,43,1,121,3,4,1,,12,2,0.251363,0.0741411,0.210142,0.352815,0.308808,0.431255,0.319357,0.740063,0.179892,3.94024,0.283905,-0.194972,0.574718,70.7595,2.93696,103.779,0.379746,0.26406,2.936363935470581,1.914060354232788,2.51756,191.3000030517578,,,,,,,653.6,4.914285714,653.6,4.914285714,,,,,,,,,,,,,,,,,,,Twins,20437,668904
Colson Montgomery,CHW,139,602,537,117,68,20,3,27,73,84,51,1,179,10,3,1,,3,1,0.218126,0.084347,0.296782,0.284205,0.295568,0.413724,0.307867,0.709292,0.195597,3.98046,0.270156,-0.0280402,-0.739631,68.5952,-2.53578,96.3646,-0.767671,0.765806,-3.3470581769943237,7.21580582857132,2.51572,250.44000244140625,,,,,,,633.0,4.553956834,633.0,4.553956834,,,,,,,,,,,,,,,,,,,White Sox,29712,695657
Seiya Suzuki,CHC,131,567,497,128,75,25,3,24,71,79,61,2,143,3,5,0,,7,3,0.256428,0.10824,0.251518,0.430348,0.338846,0.464193,0.345468,0.803038,0.207764,4.33175,0.308678,-0.333427,-0.696835,81.9165,14.9211,124.034,-1.03026,-1.44522,15.120772004127502,-9.520221590995789,2.50305,110.47000122070312,,,,,,,731.9,5.5870229,731.9,5.5870229,,,,,,,,,,,,,,,,,,,Cubs,30116,673548
Alec Bohm,PHI,141,609,556,155,107,29,2,16,70,78,41,2,94,5,6,0,,3,1,0.278462,0.0675857,0.1547,0.436883,0.331039,0.428003,0.328337,0.759042,0.149541,3.30075,0.306859,-0.22829,-0.823485,79.5142,7.55617,108.896,-1.05177,-2.76197,5.369352698326111,-1.18697190284729,2.50092,241.0500030517578,,,,,,,698.8,4.956028368,698.8,4.956028368,,,,,,,,,,,,,,,,,,,Phillies,21618,664761
Yainer Diaz,HOU,128,509,479,131,87,23,2,19,58,68,22,1,88,3,4,1,,1,0,0.272465,0.0429924,0.172442,0.249315,0.306038,0.4452,0.321929,0.751238,0.172736,2.97317,0.296617,0.010933,-0.587919,63.8344,3.66848,106.884,-0.576986,-2.17006,3.554256856441498,5.904935598373413,2.47753,112.20999908447266,,,,,,,588.2,4.5953125,588.2,4.5953125,,,,,,,,,,,,,,,,,,,Astros,23003,673237
Jose Altuve,HOU,144,623,559,149,101,26,1,21,83,70,53,3,108,6,4,1,,13,4,0.265933,0.0844572,0.17266,0.489154,0.333703,0.42776,0.330156,0.761463,0.161827,4.49572,0.294726,-0.349994,-0.151308,82.2622,8.64999,112.551,-0.501302,-5.27166,8.714866399765015,-6.046664774417877,2.46684,115.73999786376953,,,,,,,744.4,5.169444444,744.4,5.169444444,,,,,,,,,,,,,,,,,,,Astros,5417,514888
Brandon Nimmo,TEX,146,630,554,139,91,26,2,20,80,69,61,1,138,9,4,2,,9,2,0.250329,0.0965956,0.219448,0.440174,0.332331,0.41095,0.325635,0.743281,0.16062,4.5661,0.297116,-0.14877,0.0603695,80.8738,6.43442,110.267,-0.0884009,2.33263,7.534923031926155,-5.317372798919678,2.44538,144.88999938964844,,,,,,,720.7,4.936301369,720.7,4.936301369,,,,,,,,,,,,,,,,,,,Rangers,12927,607043
Jonathan Aranda,TBR,141,609,532,141,94,25,0,21,79,77,62,3,155,10,5,1,,2,1,0.265697,0.101434,0.254875,0.397977,0.350252,0.434968,0.341649,0.785221,0.169271,2.54714,0.333443,-1.32543,-1.15003,86.0963,14.1382,119.011,-2.47546,3.54457,11.17004919052124,-8.230426549911499,2.44531,195.4600067138672,,,,,,,744.5,5.280141843,744.5,5.280141843,,,,,,,,,,,,,,,,,,,Rays,21837,666018
Matt McLain,CIN,144,623,549,129,83,26,2,19,79,68,60,0,172,8,4,2,,18,4,0.235411,0.0967804,0.276257,0.350327,0.317555,0.391231,0.311959,0.708786,0.15582,5.31938,0.30499,0.164859,0.971049,73.0581,-0.554197,94.4073,1.13591,3.58582,-2.9936511516571045,6.010817766189575,2.42936,149.07000732421875,,,,,,,665.8,4.623611111,665.8,4.623611111,,,,,,,,,,,,,,,,,,,Reds,29695,680574
Max Muncy,LAD,105,455,375,82,45,15,1,21,60,62,69,2,114,6,4,0,,3,0,0.219795,0.151975,0.251412,0.604487,0.34713,0.43783,0.341888,0.78496,0.218035,3.44429,0.250507,-0.711946,-0.457253,64.4129,10.6512,120.298,-1.1692,-2.59576,9.777026057243347,-1.2707576751708984,2.4191,236.33999633789062,,,,,,,561.5,5.347619047,561.5,5.347619047,,,,,,,,,,,,,,,,,,,Dodgers,13301,571970
George Springer,TOR,138,595,522,134,85,23,2,25,86,75,61,1,116,7,4,1,,13,3,0.257578,0.10327,0.194201,0.531768,0.341744,0.449159,0.343065,0.790903,0.191581,5.10999,0.285168,0.268878,0.639883,84.801,14.4971,121.472,0.908761,-0.0666761,15.966517388820648,-12.84167567640543,2.41496,94.41999816894531,,,,,,,761.8,5.520289855,761.8,5.520289855,,,,,,,,,,,,,,,,,,,Blue Jays,12856,543807
Konnor Griffin,PIT,109,469,424,110,77,20,2,11,67,55,30,1,116,11,3,2,,23,7,0.260215,0.0633108,0.247712,0.255582,0.323476,0.396387,0.31548,0.719863,0.136171,6.51051,0.331017,-0.0774807,0.927121,56.3394,0.923476,99.8158,0.84964,2.11992,0.7472388967871666,7.1449220180511475,2.40393,999.0,,,,,,,511.9,4.696330275,511.9,4.696330275,,,,,,,,,,,,,,,,,,,Pirates,sa3065496,804606
Wilyer Abreu,BOS,120,518,455,112,66,25,1,21,67,71,56,4,127,3,4,0,,8,3,0.247313,0.108943,0.245793,0.443233,0.331543,0.445401,0.334605,0.776944,0.198087,4.03,0.294965,-0.0111308,-0.449695,70.269,9.06326,110.845,-0.460826,5.12471,6.16012367606163,-0.5252928733825684,2.40061,201.8800048828125,,,,,,,631.6,5.263333333,631.6,5.263333333,,,,,,,,,,,,,,,,,,,Red Sox,23772,677800
Lawrence Butler,ATH,134,581,523,129,78,27,2,22,76,74,51,0,148,2,3,1,,19,5,0.246479,0.0882926,0.255246,0.345912,0.31389,0.430419,0.322614,0.74431,0.18394,5.32772,0.300565,0.52027,0.815165,73.1587,4.50911,103.961,1.33543,3.63033,4.047905445098877,-0.5946671962738037,2.39926,158.08999633789062,,,,,,,677.0,5.052238805,677.0,5.052238805,,,,,,,,,,,,,,,,,,,Athletics,22542,671732
Isaac Paredes,HOU,117,504,431,105,64,19,1,21,63,66,58,0,85,11,3,1,,1,1,0.243107,0.115114,0.16847,0.683292,0.345949,0.437528,0.342794,0.783476,0.19442,2.35572,0.255682,-0.244566,-1.0252,71.7206,12.1691,121.257,-1.26977,-0.49725,11.357404112815857,-5.347249507904053,2.38971,242.27000427246094,,,,,,,621.3,5.31025641,621.3,5.31025641,,,,,,,,,,,,,,,,,,,Astros,20036,670623
Jarren Duran,BOS,139,602,542,140,81,35,8,16,79,69,48,1,140,7,3,1,,21,5,0.258419,0.0801079,0.232581,0.344429,0.325545,0.440867,0.331018,0.766412,0.182448,7.18824,0.319019,1.61464,1.35554,79.9104,8.77949,108.373,2.97018,2.67935,8.911322116851807,-6.370653390884399,2.37984,64.83000183105469,,,,,,,730.4,5.254676258,730.4,5.254676258,,,,,,,,,,,,,,,,,,,Red Sox,24617,680776
Mike Trout,LAA,130,560,471,110,65,18,2,26,75,71,77,8,171,7,4,1,,3,1,0.233312,0.137948,0.306194,0.450526,0.347233,0.441817,0.340038,0.789049,0.208505,3.45413,0.303196,-0.497221,-0.553972,78.4364,12.2681,117.605,-1.05119,-0.485512,10.568480610847473,-6.685511529445648,2.36928,177.99000549316406,,,,,,,707.9,5.445384615,707.9,5.445384615,,,,,,,,,,,,,,,,,,,Angels,10155,545361
Bo Naylor,CLE,115,454,398,87,49,19,1,17,54,54,49,1,109,2,3,2,,4,2,0.218144,0.107497,0.240919,0.446198,0.305127,0.401769,0.30829,0.706896,0.183625,3.73496,0.253618,-0.0751871,-0.604906,51.933,-1.7579,98.098,-0.680093,-0.187146,-1.6987555623054504,8.68785373866558,2.3578,590.9500122070312,,,,,,,464.8,4.04173913,464.8,4.04173913,,,,,,,,,,,,,,,,,,,Guardians,21865,666310
J.P. Crawford,SEA,136,588,507,121,85,24,1,11,66,53,69,1,113,5,3,3,,5,1,0.238712,0.117731,0.191927,0.613415,0.333739,0.355575,0.308337,0.689314,0.116863,3.34166,0.284261,-0.0891568,-0.527308,67.2243,-2.25242,103.477,-0.616465,-5.31473,1.7932406067848206,0.9852724075317383,2.35488,748.3300170898438,,,,,,,578.0,4.25,578.0,4.25,,,,,,,,,,,,,,,,,,,Mariners,15491,641487
Joey Ortiz,MIL,146,630,570,141,94,31,4,12,73,66,46,0,107,5,4,4,,15,4,0.248199,0.0737,0.169677,0.434354,0.3087,0.380823,0.302159,0.689523,0.132624,5.52805,0.284017,0.396525,0.33353,68.866,-5.57333,93.3284,0.730054,-0.46176,-4.251484513282776,6.288239985704422,2.35288,742.7899780273438,,,,,,,615.4,4.215068493,615.4,4.215068493,,,,,,,,,,,,,,,,,,,Brewers,25493,687401
Trevor Story,BOS,154,665,615,155,99,33,0,22,82,85,38,2,179,6,4,2,,24,3,0.251277,0.0567035,0.2697,0.210246,0.299467,0.416138,0.308804,0.715604,0.16486,5.29118,0.316411,0.236491,2.38586,76.2795,-2.29536,93.0711,2.62235,-4.30189,-2.8084025382995605,2.8231124877929688,2.34326,111.0999984741211,,,,,,,724.7,4.705844155,724.7,4.705844155,,,,,,,,,,,,,,,,,,,Red Sox,12564,596115
Hunter Goodman,COL,144,583,538,139,76,31,3,29,74,89,35,0,149,6,4,0,,2,1,0.258756,0.0604762,0.255532,0.236668,0.309422,0.49039,0.34096,0.799812,0.231634,3.66153,0.302885,-0.140252,-0.803371,82.1507,13.2175,105.501,-0.943622,-4.00665,2.8598355650901794,0.21834850311279297,2.3277,66.88999938964844,,,,,,,744.0,5.166666666,744.0,5.166666666,,,,,,,,,,,,,,,,,,,Rockies,29715,696100
Ryan Jeffers,MIN,130,523,458,112,71,24,1,16,59,59,50,1,108,10,3,1,,3,1,0.245276,0.0948472,0.205668,0.461166,0.330746,0.408577,0.324278,0.739322,0.1633,3.00445,0.284997,-0.425725,-0.775292,66.5364,4.76355,107.169,-1.20102,-2.60247,3.216118812561035,1.9975323677062988,2.31495,296.5199890136719,,,,,,,577.8,4.444615384,577.8,4.444615384,,,,,,,,,,,,,,,,,,,Twins,24618,680777
Luis Robert Jr.,NYM,131,567,515,121,77,23,0,21,69,76,42,4,158,6,3,1,,29,8,0.235294,0.0739341,0.279304,0.264708,0.298389,0.405464,0.304048,0.703853,0.17017,5.40351,0.294661,-0.572293,1.78601,62.8491,-4.14631,97.169,1.21372,2.28843,-0.6887396574020386,4.11342716217041,2.28044,105.83999633789062,,,,,,,603.4,4.60610687,603.4,4.60610687,,,,,,,,,,,,,,,,,,,Mets,20043,673357
Jorge Polanco,NYM,125,539,477,120,75,21,0,23,65,76,52,1,109,4,4,2,,5,2,0.250685,0.0965687,0.201502,0.479245,0.32672,0.442168,0.332766,0.768887,0.191482,2.86395,0.275779,-0.237305,-0.735363,72.3129,8.62587,116.842,-0.972668,4.38824,9.786251783370972,-5.536758899688721,2.26951,210.08999633789062,,,,,,,644.0,5.152,644.0,5.152,,,,,,,,,,,,,,,,,,,Mets,13152,593871
Jakob Marsee,MIA,134,581,498,115,74,23,5,13,73,58,67,0,125,7,3,6,,35,11,0.231031,0.116032,0.214433,0.541112,0.329729,0.376113,0.313653,0.705842,0.145083,6.97341,0.280036,0.494259,1.59578,68.9316,0.281934,99.1064,2.09004,-0.862534,1.4746673703193665,0.9124664068222046,2.22194,136.8699951171875,,,,,,,621.1,4.635074626,621.1,4.635074626,,,,,,,,,,,,,,,,,,,Marlins,31370,805300
Munetaka Murakami,CHW,136,588,498,116,68,17,0,30,76,83,80,6,185,6,4,0,,9,4,0.231924,0.1361,0.314795,0.432345,0.342341,0.44913,0.341655,0.791471,0.217206,3.39023,0.298162,-0.11257,-0.892562,83.1303,13.6536,119.64,-1.00513,-0.860625,12.605837106704712,-11.210625410079956,2.21335,999.0,,,,,,,746.8,5.49117647,746.8,5.49117647,,,,,,,,,,,,,,,,,,,White Sox,sa3063258,808959
Willson Contreras,BOS,141,609,528,133,78,30,1,23,75,82,57,1,152,19,3,1,,5,2,0.25133,0.0939751,0.249444,0.376738,0.344288,0.444878,0.343832,0.789166,0.193548,3.52066,0.307232,-0.626455,-0.653491,87.1759,15.2178,117.201,-1.27995,0.881011,11.066518783569336,-10.593989133834839,2.1929,168.55999755859375,,,,,,,757.6,5.373049645,757.6,5.373049645,,,,,,,,,,,,,,,,,,,Red Sox,11609,575929
Jake Cronenworth,SDP,146,630,541,127,83,26,3,15,74,62,69,1,126,13,5,2,,4,2,0.234482,0.109136,0.199761,0.546335,0.331949,0.374276,0.31366,0.706224,0.139793,3.91052,0.276891,0.0910392,-1.01128,74.7487,0.3093,104.191,-0.920244,-3.19846,2.208970606327057,-1.7484619617462158,2.19161,740.0499877929688,,,,,,,651.7,4.46369863,651.7,4.46369863,,,,,,,,,,,,,,,,,,,Padres,18036,630105
Jung Hoo Lee,SFG,141,609,552,150,104,28,7,10,68,64,47,1,65,6,3,1,,9,4,0.271422,0.0769412,0.107065,0.71864,0.332689,0.404475,0.321886,0.737164,0.133053,5.09238,0.290659,0.756059,-0.88074,76.3246,4.3666,108.481,-0.124681,0.138808,5.9968163669109344,-4.88619202375412,2.18664,339.7699890136719,,,,,,,668.0,4.737588652,668.0,4.737588652,,,,,,,,,,,,,,,,,,,Giants,33824,808982
Chase Meidroth,CHW,130,560,482,122,93,19,1,8,69,46,63,0,84,9,3,2,,13,4,0.252098,0.112945,0.14961,0.754928,0.347816,0.347717,0.313874,0.695534,0.095619,4.56257,0.288042,-0.287735,-0.0779555,66.5407,0.37237,100.503,-0.36569,-0.390396,-0.03388315439224243,2.059603750705719,2.17926,644.1400146484375,,,,,,,566.7,4.359230769,566.7,4.359230769,,,,,,,,,,,,,,,,,,,White Sox,31580,805367
Colton Cowser,BAL,117,504,444,104,61,22,1,20,63,64,49,1,157,7,3,1,,13,3,0.233419,0.096369,0.310826,0.310042,0.317188,0.41937,0.320472,0.736559,0.185951,4.884,0.309842,0.199854,0.736854,62.5865,3.03502,106.749,0.936708,-2.81451,4.945996046066284,-1.0145130157470703,2.17704,251.72000122070312,,,,,,,580.2,4.958974358,580.2,4.958974358,,,,,,,,,,,,,,,,,,,Orioles,29591,681297
Ozzie Albies,ATL,146,630,571,145,95,29,2,19,75,74,47,1,93,5,5,1,,11,3,0.253988,0.0752376,0.147644,0.509587,0.314514,0.412147,0.315397,0.726661,0.158159,4.59069,0.271213,0.184942,-0.0022428,75.6374,1.19802,101.171,0.1827,-3.19685,1.0574296563863754,-0.9468533992767334,2.15581,150.7899932861328,,,,,,,683.6,4.68219178,683.6,4.68219178,,,,,,,,,,,,,,,,,,,Braves,16556,645277
Brenton Doyle,COL,138,595,548,136,88,25,3,19,70,70,37,0,158,3,4,2,,20,4,0.24766,0.0627843,0.265057,0.236871,0.296904,0.410664,0.306181,0.707568,0.163004,5.96225,0.309877,0.270662,1.4304,66.9829,-3.32089,81.6759,1.70107,10.3261,-11.22107458114624,12.451054573059082,2.1512,166.7100067138672,,,,,,,628.6,4.555072463,628.6,4.555072463,,,,,,,,,,,,,,,,,,,Rockies,25479,686668
Jake Meyers,HOU,109,469,421,106,74,19,2,10,54,46,38,0,98,6,3,2,,12,4,0.251272,0.0805906,0.20914,0.385342,0.319462,0.378036,0.307488,0.697497,0.126763,5.25228,0.303563,0.175744,0.266872,53.2961,-2.11982,96.9362,0.442616,4.32902,-1.2509806156158447,6.004018545150757,2.13785,740.0700073242188,,,,,,,476.7,4.373394495,476.7,4.373394495,,,,,,,,,,,,,,,,,,,Astros,20308,676694
Nolan Arenado,ARI,141,609,556,141,94,28,2,18,66,79,42,4,86,5,5,0,,3,1,0.253582,0.0695939,0.141238,0.492742,0.309443,0.403776,0.308112,0.713219,0.150194,3.10964,0.269586,-0.187191,-0.721963,69.5139,-2.44417,95.6675,-0.909154,2.66354,-4.036342024803162,4.6385416984558105,2.13463,641.7899780273438,,,,,,,639.3,4.534042553,639.3,4.534042553,,,,,,,,,,,,,,,,,,,Diamondbacks,9777,571448
Randy Arozarena,SEA,157,679,587,137,83,29,1,23,84,79,66,1,179,20,5,1,,25,8,0.233066,0.0974658,0.264037,0.369137,0.329476,0.404426,0.322933,0.733902,0.17136,5.14677,0.292304,-0.665069,0.691011,85.6745,5.44538,113.532,0.0259417,-5.98901,10.854966968297958,-13.46400499343872,2.12411,89.26000213623047,,,,,,,769.3,4.9,769.3,4.9,,,,,,,,,,,,,,,,,,,Mariners,19290,668227
Luis Arraez,SFG,144,623,578,178,140,29,3,6,73,58,31,2,26,4,4,5,,9,3,0.308157,0.0503913,0.0416448,1.21003,0.346303,0.401249,0.326087,0.747552,0.093092,4.22288,0.312747,0.348114,-0.629315,80.204,6.59175,111.359,-0.281201,-6.92477,8.105790853500366,-8.099769830703735,2.12128,280.2300109863281,,,,,,,690.1,4.792361111,690.1,4.792361111,,,,,,,,,,,,,,,,,,,Giants,18568,650333
J.T. Realmuto,PHI,126,500,454,114,74,23,3,15,56,58,33,1,121,8,3,1,,7,2,0.251434,0.0660865,0.242431,0.272599,0.311386,0.411477,0.313847,0.722863,0.160043,4.60258,0.30868,-0.281745,-0.114932,59.3764,0.321192,98.9697,-0.396677,0.339165,-1.0070053040981293,9.789164900779724,2.11018,212.5800018310547,,,,,,,539.9,4.284920634,539.9,4.284920634,,,,,,,,,,,,,,,,,,,Phillies,11739,592663
Matt Wallner,MIN,110,476,410,96,50,22,2,22,60,65,51,1,147,12,3,0,,4,2,0.233861,0.10691,0.307798,0.347337,0.334383,0.45551,0.342516,0.789893,0.221649,4.29539,0.303908,-0.255618,-0.612745,67.6288,11.3858,119.732,-0.868363,-0.649892,10.20198792219162,-6.049891650676727,2.10101,347.69000244140625,,,,,,,600.6,5.46,600.6,5.46,,,,,,,,,,,,,,,,,,,Twins,26466,670242
Jackson Holliday,BAL,113,490,432,107,71,20,2,14,64,51,50,1,106,4,2,1,,13,6,0.248557,0.102616,0.216386,0.474227,0.33096,0.403394,0.32214,0.734354,0.154838,5.16084,0.296948,-0.0273571,-0.490065,61.5115,3.61419,107.898,-0.517422,-2.31265,4.043972373008728,-0.4626535177230835,2.09191,201.6999969482422,,,,,,,538.1,4.761946902,538.1,4.761946902,,,,,,,,,,,,,,,,,,,Orioles,31781,702616
Alec Burleson,STL,139,602,551,152,103,26,1,22,70,79,42,0,84,4,4,1,,6,2,0.275833,0.0695123,0.139064,0.499859,0.329154,0.445721,0.334966,0.774875,0.169887,3.52481,0.289784,-0.646335,-0.435831,81.8403,10.7094,117.196,-1.08217,-0.0741538,11.186842679977417,-10.874153979122639,2.08118,175.0,,,,,,,731.9,5.265467625,731.9,5.265467625,,,,,,,,,,,,,,,,,,,Cardinals,27615,676475
Miguel Vargas,CHW,139,602,524,124,75,29,2,18,76,67,66,0,113,7,5,0,,8,2,0.236662,0.110046,0.187869,0.585762,0.327161,0.402583,0.320562,0.729744,0.165921,4.32343,0.266562,-0.0575633,-0.392488,74.8001,3.66915,105.11,-0.450051,-5.05505,3.175496757030487,-3.6050504446029663,2.07595,299.8599853515625,,,,,,,663.7,4.774820143,663.7,4.774820143,,,,,,,,,,,,,,,,,,,White Sox,20178,678246
Freddy Fermin,SDP,122,480,436,105,76,18,0,11,48,49,33,1,95,3,4,4,,3,1,0.241796,0.0683833,0.198129,0.345146,0.297427,0.361421,0.288653,0.658848,0.119625,2.805,0.282824,0.0952248,-0.713938,47.2059,-9.50981,87.0604,-0.618713,2.78045,-7.980020701885223,12.15544581413269,2.07406,733.9400024414062,,,,,,,418.5,3.430327868,418.5,3.430327868,,,,,,,,,,,,,,,,,,,Padres,21840,666023
Sal Frelick,MIL,118,511,460,125,92,21,3,8,60,53,40,0,71,6,3,2,,15,4,0.27104,0.0788374,0.13938,0.565631,0.33508,0.38658,0.317576,0.721659,0.115539,5.51156,0.302902,0.429022,0.256403,62.2544,1.87577,103.89,0.685425,4.83661,3.041209399700165,0.16161346435546875,2.06711,215.19000244140625,,,,,,,548.5,4.648305084,548.5,4.648305084,,,,,,,,,,,,,,,,,,,Brewers,29622,686217
Teoscar Hernández,LAD,138,595,546,142,85,27,1,29,75,92,38,1,157,6,4,1,,6,2,0.260812,0.0642834,0.264344,0.243181,0.313802,0.473039,0.336588,0.786841,0.212227,3.71617,0.312101,-0.615708,-0.438278,81.672,11.3681,116.668,-1.05399,-3.97736,10.69998323917389,-10.352360486984253,2.06092,126.16999816894531,,,,,,,743.6,5.388405797,743.6,5.388405797,,,,,,,,,,,,,,,,,,,Dodgers,13066,606192
Lars Nootbaar,STL,115,497,428,106,68,22,2,15,62,51,61,2,100,3,3,1,,6,3,0.246859,0.122974,0.20061,0.613002,0.342741,0.40938,0.329611,0.752121,0.162521,3.91971,0.286322,0.316749,-0.719849,65.4051,6.68071,113.527,-0.4031,0.918103,7.565230578184128,-4.106897234916687,2.0456,745.5499877929688,,,,,,,576.8,5.015652173,576.8,5.015652173,,,,,,,,,,,,,,,,,,,Cardinals,21454,663457
Tyler Soderstrom,ATH,134,581,522,134,80,26,1,26,70,86,49,2,132,6,4,0,,5,2,0.255733,0.084286,0.226538,0.372061,0.324557,0.457684,0.336546,0.782241,0.201951,3.34618,0.292846,-0.132836,-0.706581,79.7307,11.0811,113.558,-0.839417,-2.03098,8.44505113363266,-8.505976676940918,2.03972,82.72000122070312,,,,,,,722.8,5.39402985,722.8,5.39402985,,,,,,,,,,,,,,,,,,,Athletics,27467,691016
Evan Carter,TEX,110,476,414,100,65,19,3,12,59,51,50,1,106,8,3,1,,19,5,0.240209,0.104109,0.222383,0.468152,0.330982,0.389022,0.317241,0.720003,0.148812,6.28485,0.292664,0.265213,0.930807,57.8607,1.61761,104.484,1.19602,-1.54151,3.7119088172912598,-0.7415097951889038,1.98011,278.30999755859375,,,,,,,527.1,4.791818181,527.1,4.791818181,,,,,,,,,,,,,,,,,,,Rangers,27790,694497
Harrison Bader,SFG,120,518,471,118,81,21,1,15,61,57,33,0,122,9,4,1,,15,6,0.251299,0.0636866,0.236146,0.269692,0.30947,0.394723,0.307535,0.704193,0.143424,5.03221,0.306601,-0.0102009,-0.241277,58.8843,-2.32136,98.6502,-0.251478,1.27642,-1.0801657736301422,3.126421570777893,1.97261,557.4199829101562,,,,,,,535.1,4.459166666,535.1,4.459166666,,,,,,,,,,,,,,,,,,,Giants,18030,664056
Colt Keith,DET,115,497,444,117,75,24,2,15,63,63,46,1,104,3,4,0,,3,1,0.264039,0.0916619,0.209187,0.438182,0.334287,0.4328,0.332619,0.767087,0.168761,3.79663,0.31013,0.624826,-0.689506,66.6188,7.89445,113.422,-0.0646801,0.206186,7.7975383177399635,-5.668813571333885,1.96795,494.5199890136719,,,,,,,583.1,5.070434782,583.1,5.070434782,,,,,,,,,,,,,,,,,,,Tigers,27899,690993
TJ Friedl,CIN,144,623,537,132,92,21,3,15,76,61,64,0,105,14,5,4,,13,3,0.2448,0.10252,0.169302,0.605547,0.337471,0.379962,0.318839,0.717433,0.135162,5.06368,0.276719,0.281485,0.162261,76.5378,2.92557,99.12,0.443746,-0.922193,-0.20604455471038818,-1.2971930503845215,1.96687,266.010009765625,,,,,,,671.5,4.663194444,671.5,4.663194444,,,,,,,,,,,,,,,,,,,Reds,19522,670770
Justin Crawford,PHI,123,532,483,134,101,22,3,8,70,54,39,0,110,2,3,5,,28,7,0.276442,0.0730217,0.20706,0.352659,0.33106,0.382986,0.313942,0.714046,0.106544,6.49127,0.342004,-0.0267534,1.67017,63.2431,0.383235,99.0353,1.64341,-1.5002,1.0351149439811707,0.29979825019836426,1.94749,999.0,,,,,,,580.1,4.716260162,580.1,4.716260162,,,,,,,,,,,,,,,,,,,Phillies,sa3020240,702222
Anthony Volpe,NYY,109,469,424,97,58,22,3,14,54,53,36,0,112,4,3,2,,17,5,0.228018,0.0776237,0.238566,0.325376,0.29285,0.391039,0.29785,0.683889,0.163021,5.99139,0.274805,0.540788,0.677487,49.6262,-5.78977,90.8499,1.21827,1.61682,-3.8396413326263428,6.641821503639221,1.93825,635.4299926757812,,,,,,,470.0,4.311926605,470.0,4.311926605,,,,,,,,,,,,,,,,,,,Yankees,27647,683011
Spencer Torkelson,DET,147,637,556,131,72,29,1,28,80,88,69,3,165,7,5,1,,2,0,0.235397,0.107663,0.259476,0.414925,0.324332,0.44534,0.331739,0.769672,0.209943,2.87856,0.279004,0.0826664,-0.693057,84.9296,9.66311,112.816,-0.610391,-0.377836,9.011405766010284,-12.002836018800735,1.93709,186.3699951171875,,,,,,,762.4,5.186394557,762.4,5.186394557,,,,,,,,,,,,,,,,,,,Tigers,27465,679529
Kyle Stowers,MIA,117,504,445,108,61,22,3,22,60,69,48,2,142,7,4,1,,4,1,0.24284,0.0952303,0.282541,0.337049,0.323413,0.452659,0.33376,0.776073,0.209819,4.29105,0.302805,0.17564,-0.530408,68.0238,8.47227,112.88,-0.354768,0.0102903,7.339118272066116,-5.389709294773638,1.91505,155.69000244140625,,,,,,,617.3,5.276068376,617.3,5.276068376,,,,,,,,,,,,,,,,,,,Marlins,26151,669065
Carlos Narváez,BOS,107,423,373,85,53,20,0,11,46,46,42,1,110,4,3,1,,3,1,0.227936,0.0989931,0.260368,0.380204,0.310798,0.374765,0.302285,0.685563,0.146829,3.04506,0.289883,-0.276998,-0.486511,46.282,-3.69875,88.5807,-0.763509,1.43322,-6.456654727458954,9.38322103023529,1.91306,439.5199890136719,,,,,,,405.3,3.787850467,405.3,3.787850467,,,,,,,,,,,,,,,,,,,Red Sox,19722,665966
Addison Barger,TOR,120,518,466,115,66,27,1,20,64,72,45,2,122,4,3,0,,4,2,0.246492,0.0859532,0.235033,0.365707,0.315927,0.440256,0.325906,0.756182,0.193764,3.43076,0.289298,0.0,-0.642309,66.6102,5.40453,109.652,-0.642309,-1.61767,5.250284731388092,-4.467668294906616,1.90417,194.10000610351562,,,,,,,599.0,4.991666666,599.0,4.991666666,,,,,,,,,,,,,,,,,,,Blue Jays,24598,680718
Spencer Horwitz,PIT,115,497,431,116,75,29,1,11,59,54,56,1,90,6,3,1,,2,1,0.269128,0.113593,0.180598,0.628982,0.358802,0.418296,0.341097,0.777098,0.149169,2.88206,0.314192,-0.340696,-0.833325,70.0398,11.3154,117.364,-1.17402,1.86572,9.05428922176361,-7.209279298782349,1.88054,739.9299926757812,,,,,,,598.8,5.206956521,598.8,5.206956521,,,,,,,,,,,,,,,,,,,Pirates,26477,687462
Vinnie Pasquantino,KCR,147,637,570,148,88,31,1,28,74,94,55,3,94,6,6,0,,1,0,0.260284,0.0856987,0.148206,0.578241,0.328208,0.466213,0.339938,0.794421,0.205929,2.39314,0.265359,-0.999794,-0.802124,89.1696,13.9031,115.697,-1.80192,-1.80404,9.983298897743225,-13.829038858413696,1.84968,76.80999755859375,,,,,,,802.5,5.459183673,802.5,5.459183673,,,,,,,,,,,,,,,,,,,Royals,27676,686469
Carson Kelly,CHC,94,373,330,77,51,13,1,12,41,43,35,0,76,4,3,1,,2,0,0.233347,0.0947466,0.204187,0.464019,0.312777,0.387108,0.307661,0.699885,0.153761,3.35148,0.265568,-0.592612,-0.326673,42.4394,-1.63347,98.1353,-0.919284,2.38899,-1.743648648262024,8.738991022109985,1.84226,603.2100219726562,,,,,,,378.2,4.023404255,378.2,4.023404255,,,,,,,,,,,,,,,,,,,Cubs,13620,608348
Heliot Ramos,SFG,147,637,573,147,98,25,2,22,78,80,49,2,150,10,4,1,,6,3,0.257355,0.0773312,0.236034,0.327628,0.324774,0.425176,0.32553,0.749949,0.167821,3.89587,0.309468,-0.229171,-0.858173,81.7181,6.45165,110.977,-1.08734,-3.0443,7.199888586997986,-10.569297552108765,1.82359,218.6300048828125,,,,,,,720.9,4.904081632,720.9,4.904081632,,,,,,,,,,,,,,,,,,,Giants,22515,671218
Ramón Laureano,SDP,128,553,498,121,73,24,2,21,68,71,41,1,150,10,3,1,,9,3,0.2424,0.0740115,0.271044,0.273061,0.310923,0.427013,0.319828,0.737936,0.184613,4.75444,0.301708,-0.464375,-0.421506,68.3823,3.04109,108.417,-0.885881,0.649985,4.630471646785736,-5.275014698505402,1.81645,223.0,,,,,,,619.7,4.84140625,619.7,4.84140625,,,,,,,,,,,,,,,,,,,Padres,17128,657656
Kerry Carpenter,DET,115,497,455,117,68,20,4,25,66,75,32,2,118,6,3,1,,3,2,0.257729,0.0649389,0.236588,0.27448,0.31428,0.481719,0.33945,0.795999,0.22399,4.20937,0.293514,-0.15993,-0.818085,69.3751,10.6507,118.127,-0.978016,-0.453411,9.640428602695465,-9.278410881757736,1.78719,235.77000427246094,,,,,,,630.1,5.479130434,630.1,5.479130434,,,,,,,,,,,,,,,,,,,Tigers,25961,681481
Brandon Lowe,PIT,126,546,492,120,73,23,1,23,69,68,45,1,140,5,4,1,,4,1,0.24326,0.0815459,0.257198,0.317054,0.309728,0.433743,0.320955,0.743472,0.190484,3.57676,0.291035,-0.296502,-0.51387,68.016,3.50189,103.566,-0.810372,-3.85088,1.4972128868103027,-2.3008835315704346,1.77634,186.27999877929688,,,,,,,623.4,4.947619047,623.4,4.947619047,,,,,,,,,,,,,,,,,,,Pirates,18882,664040
Carter Jensen,KCR,99,401,356,87,55,16,3,12,46,47,40,1,104,2,3,1,,4,1,0.244732,0.099368,0.259125,0.383475,0.321819,0.411221,0.319361,0.73304,0.166489,4.74665,0.308352,0.0156526,-0.148579,49.4588,2.05394,101.523,-0.132926,0.376463,0.5870829969644547,2.6014626026153564,1.75353,999.0,,,,,,,438.3,4.427272727,438.3,4.427272727,,,,,,,,,,,,,,,,,,,Royals,29478,695600
Christian Yelich,MIL,146,630,553,141,96,24,1,20,81,80,70,5,153,5,3,0,,17,4,0.255956,0.110657,0.242609,0.456114,0.342864,0.413826,0.329736,0.75669,0.15787,4.67205,0.317176,0.807052,0.553717,82.9717,8.53232,112.22,1.36077,-0.0634986,10.484884977340698,-14.313498608767986,1.75278,126.72000122070312,,,,,,,746.0,5.109589041,746.0,5.109589041,,,,,,,,,,,,,,,,,,,Brewers,11477,592885
Sean Murphy,ATL,94,383,335,74,42,15,0,16,43,48,37,1,104,8,2,1,,0,0,0.22155,0.097384,0.270296,0.360286,0.31302,0.415607,0.317858,0.728627,0.194057,2.07575,0.266343,-0.104853,-0.539439,46.7722,1.49419,102.857,-0.644293,1.74997,0.6532564759254456,2.9999672174453735,1.74128,748.3200073242188,,,,,,,408.3,4.343617021,408.3,4.343617021,,,,,,,,,,,,,,,,,,,Braves,19352,669221
Ha-Seong Kim,ATL,96,413,360,88,62,16,1,9,47,42,44,1,74,4,3,2,,15,4,0.24438,0.106854,0.179265,0.596069,0.329886,0.367671,0.309028,0.697557,0.123291,5.1978,0.282118,0.0279135,0.714874,47.4489,-1.35026,96.8085,0.742787,-0.374675,-0.8194034099578857,4.050325036048889,1.7364,748.1500244140625,,,,,,,430.8,4.4875,430.8,4.4875,,,,,,,,,,,,,,,,,,,Braves,27506,673490
Tommy Edman,LAD,94,406,371,93,61,18,2,12,51,48,27,0,72,4,3,1,,8,1,0.25023,0.0653087,0.17675,0.369498,0.305274,0.406309,0.309341,0.711583,0.156079,5.19559,0.278048,0.166848,0.571031,46.7478,-1.22425,98.0029,0.737879,2.16473,-0.2231045961380005,3.6647300720214844,1.73413,728.27001953125,,,,,,,431.6,4.591489361,431.6,4.591489361,,,,,,,,,,,,,,,,,,,Dodgers,19470,669242
Josh Jung,TEX,128,553,516,128,85,24,1,18,60,66,30,0,140,4,2,1,,4,1,0.248296,0.0549334,0.253022,0.217109,0.293837,0.404362,0.302898,0.698198,0.156066,3.39395,0.305852,-0.6989,-0.526417,60.781,-4.56023,94.6045,-1.22532,0.416398,-4.741956949234009,2.391398400068283,1.70686,612.4000244140625,,,,,,,552.1,4.31328125,552.1,4.31328125,,,,,,,,,,,,,,,,,,,Rangers,26299,673962
Nolan Schanuel,LAA,143,616,532,141,100,25,1,15,74,65,69,3,85,9,4,2,,6,1,0.26519,0.111572,0.13793,0.808902,0.356561,0.401825,0.33415,0.758386,0.136635,3.58641,0.288588,-0.865608,-0.588553,83.3352,10.55,113.549,-1.45416,-1.93729,8.382634282112122,-12.937291026115417,1.7032,586.5599975585938,,,,,,,719.4,5.03076923,719.4,5.03076923,,,,,,,,,,,,,,,,,,,Angels,33189,694384
Nick Gonzales,PIT,100,434,396,105,69,24,4,8,49,47,28,0,88,6,4,1,,2,2,0.263898,0.0634376,0.203891,0.311135,0.318042,0.405481,0.31459,0.723523,0.141583,4.11021,0.317685,0.133848,-0.979541,51.8212,0.540792,99.2058,-0.845693,1.54811,-1.2542200684547424,3.348113179206848,1.69155,999.0,,,,,,,459.8,4.598,459.8,4.598,,,,,,,,,,,,,,,,,,,Pirates,27490,693304
Dylan Crews,WSN,109,469,424,103,68,18,4,14,57,53,33,0,103,8,3,1,,21,6,0.243567,0.0705482,0.219492,0.321416,0.308524,0.40021,0.309589,0.708734,0.156643,6.47281,0.288297,0.180338,0.846765,54.0962,-1.31977,97.6838,1.0271,4.07727,-0.2604079246520996,1.0522689819335938,1.67748,257.29998779296875,,,,,,,505.5,4.637614678,505.5,4.637614678,,,,,,,,,,,,,,,,,,,Nationals,33541,686611
Ryan McMahon,NYY,113,490,427,90,56,17,1,17,53,55,56,2,156,3,3,1,,3,2,0.210724,0.113368,0.318473,0.355972,0.304135,0.370624,0.297488,0.674759,0.1599,2.96436,0.28516,0.0810331,-0.945328,51.7042,-6.19309,90.6004,-0.864295,3.87703,-6.292759597301483,5.627032518386841,1.65739,734.4199829101562,,,,,,,468.9,4.149557522,468.9,4.149557522,,,,,,,,,,,,,,,,,,,Yankees,15112,641857
Pedro Pagés,STL,91,358,327,74,50,14,1,10,34,39,24,1,92,3,3,2,,1,0,0.227877,0.0663,0.256802,0.258176,0.283756,0.36608,0.283333,0.649836,0.138203,2.95633,0.283233,-0.345709,-0.367356,33.699,-8.64869,81.8255,-0.713065,2.7284,-8.433211863040924,9.728400468826294,1.64764,748.0499877929688,,,,,,,310.6,3.413186813,310.6,3.413186813,,,,,,,,,,,,,,,,,,,Cardinals,25782,686780
Victor Scott II,STL,133,574,509,115,85,20,3,8,64,49,46,0,123,9,4,6,,38,7,0.226325,0.0798832,0.214355,0.372667,0.299322,0.324525,0.279195,0.623847,0.0982,6.69892,0.279585,0.270874,3.77701,52.0425,-15.78,78.9905,4.04789,5.19801,-10.245035648345947,7.24801230430603,1.64724,382.92999267578125,,,,,,,502.9,3.781203007,502.9,3.781203007,,,,,,,,,,,,,,,,,,,Cardinals,31349,687363
Kyle Manzardo,CLE,120,518,454,109,62,23,1,23,61,71,52,2,121,6,5,0,,2,0,0.239602,0.101058,0.234195,0.43151,0.322688,0.449137,0.332315,0.771825,0.209535,3.06504,0.271584,-0.0326295,-0.523388,69.3057,8.10005,114.648,-0.556017,0.0631847,8.386731743812561,-10.236815489828587,1.63481,251.75999450683594,,,,,,,622.8,5.19,622.8,5.19,,,,,,,,,,,,,,,,,,,Guardians,29794,700932
Christian Walker,HOU,136,588,523,121,70,23,1,26,69,79,50,2,153,9,5,1,,3,1,0.231158,0.0849528,0.260857,0.325668,0.306016,0.430472,0.317832,0.736488,0.199313,3.15717,0.271256,-0.564024,-0.621044,71.7573,2.28054,104.062,-1.18507,4.47094,1.6298420429229736,-6.0790629386901855,1.61539,212.07000732421875,,,,,,,651.3,4.788970588,651.3,4.788970588,,,,,,,,,,,,,,,,,,,Astros,13419,572233
Brayan Rocchio,CLE,117,504,449,107,72,24,2,10,57,51,41,0,93,7,4,3,,12,5,0.239026,0.0806929,0.185001,0.436175,0.309639,0.36649,0.298251,0.676129,0.127464,4.8136,0.278393,-0.112451,-0.360759,53.4937,-6.05783,91.1823,-0.47321,0.600211,-5.711108982563019,4.150210857391357,1.6151,999.0,,,,,,,478.0,4.085470085,478.0,4.085470085,,,,,,,,,,,,,,,,,,,Guardians,23690,677587
Cole Young,SEA,100,434,380,90,61,18,3,8,48,44,43,1,74,6,3,2,,6,3,0.236401,0.0986613,0.170301,0.579334,0.321213,0.35881,0.302145,0.680024,0.122409,4.63446,0.272601,0.0265062,-0.611263,47.4362,-3.84426,99.2118,-0.584757,0.0376232,-0.9879201650619507,1.6876231506466866,1.59989,720.1300048828125,,,,,,,418.5,4.185,418.5,4.185,,,,,,,,,,,,,,,,,,,Mariners,31680,702284
Kyle Teel,CHW,92,374,327,81,57,14,1,10,45,40,41,0,94,3,2,1,,5,2,0.247348,0.10896,0.252213,0.432015,0.334538,0.380646,0.317291,0.715183,0.133298,3.91714,0.316786,-0.145121,-0.282913,45.4528,1.28549,102.856,-0.428034,-0.979069,0.8303816318511963,1.6459312438964844,1.58889,256.04998779296875,,,,,,,402.8,4.378260869,402.8,4.378260869,,,,,,,,,,,,,,,,,,,White Sox,33549,691019
Brandon Marsh,PHI,115,497,439,113,73,22,3,14,59,59,49,1,141,3,4,2,,11,3,0.2561,0.0980732,0.282864,0.346715,0.330858,0.415011,0.324802,0.745869,0.15891,5.07804,0.340713,0.274374,0.0470675,63.4643,4.73994,106.474,0.321441,-1.2162,4.135077804327011,-5.1412034034729,1.58883,611.8200073242188,,,,,,,574.8,4.998260869,574.8,4.998260869,,,,,,,,,,,,,,,,,,,Phillies,20202,669016
Mike Yastrzemski,ATL,110,476,412,94,53,21,3,17,59,53,55,2,112,4,3,2,,5,2,0.228618,0.115228,0.235362,0.489576,0.323036,0.415829,0.32132,0.738865,0.187211,4.66467,0.270534,-0.0261187,-0.561299,59.4371,3.19403,105.229,-0.587418,2.31965,2.3623448610305786,-2.7803473472595215,1.57752,647.7100219726562,,,,,,,533.1,4.846363636,533.1,4.846363636,,,,,,,,,,,,,,,,,,,Braves,14854,573262
Jared Triolo,PIT,117,504,443,108,76,21,3,9,55,46,53,1,115,4,3,1,,14,3,0.244741,0.105719,0.227508,0.464681,0.329372,0.363055,0.307603,0.692428,0.118314,5.36516,0.309513,-0.129374,0.471889,57.3204,-2.23106,94.4195,0.342515,-1.46731,-2.990981936454773,1.6326870918273926,1.57663,734.1900024414062,,,,,,,513.6,4.389743589,513.6,4.389743589,,,,,,,,,,,,,,,,,,,Pirates,25807,669707
Parker Meadows,DET,104,448,398,92,59,16,5,11,53,50,42,1,111,3,4,2,,11,3,0.231031,0.0937917,0.247535,0.378903,0.306336,0.385476,0.302392,0.691812,0.154446,6.57058,0.288407,0.341816,0.368865,49.0562,-3.87849,92.5996,0.710682,1.4935,-3.196868658065796,3.093497633934021,1.56702,999.0,,,,,,,443.0,4.259615384,443.0,4.259615384,,,,,,,,,,,,,,,,,,,Tigers,23800,678009
Eugenio Suárez,CIN,141,609,539,127,68,23,1,35,78,94,52,1,183,11,6,1,,3,1,0.23496,0.0858426,0.300607,0.285565,0.311675,0.474457,0.336213,0.786132,0.239497,3.11063,0.280191,-1.16914,-0.674407,83.4083,11.4502,111.021,-1.84354,-0.00346061,6.1116615533828735,-11.178459851071239,1.55462,97.93000030517578,,,,,,,765.5,5.429078014,765.5,5.429078014,,,,,,,,,,,,,,,,,,,Reds,12552,553993
Adolis García,PHI,141,609,556,134,78,27,1,28,75,88,41,1,160,6,5,1,,13,4,0.241157,0.0672191,0.262641,0.255936,0.298053,0.441941,0.317567,0.739995,0.200784,4.26307,0.285022,0.0259936,0.056289,74.1891,2.23106,101.518,0.0822825,0.176363,1.1782933324575424,-6.348637104034424,1.54402,214.30999755859375,,,,,,,696.1,4.936879432,696.1,4.936879432,,,,,,,,,,,,,,,,,,,Phillies,19287,666969
Ryan O'Hearn,PIT,126,546,486,130,88,25,1,15,63,62,50,3,103,6,4,0,,3,1,0.267065,0.0922228,0.189098,0.487699,0.340367,0.419529,0.33044,0.759896,0.152463,3.38792,0.308132,-0.503067,-0.718125,72.2209,7.70677,110.064,-1.22119,-0.448205,5.291271328926086,-8.398204654455185,1.54069,282.2099914550781,,,,,,,632.1,5.016666666,632.1,5.016666666,,,,,,,,,,,,,,,,,,,Pirates,16442,656811
Sal Stewart,CIN,117,504,455,120,76,25,0,18,65,70,40,0,96,5,4,0,,8,2,0.263837,0.0797134,0.18989,0.419788,0.328127,0.43997,0.333127,0.768097,0.176133,3.80689,0.295656,0.0248379,-0.0317545,67.765,8.21349,108.908,-0.00691658,1.66464,5.314146458636969,-7.035364151000977,1.53949,166.11000061035156,,,,,,,603.3,5.156410256,603.3,5.156410256,,,,,,,,,,,,,,,,,,,Reds,31505,701398
Brooks Lee,MIN,138,595,547,135,92,25,2,16,63,68,39,1,101,3,5,1,,4,1,0.24767,0.0656888,0.168978,0.388742,0.299407,0.389464,0.299639,0.688871,0.141794,3.41058,0.273927,-0.492294,-0.530425,63.8228,-6.481,90.1961,-1.02272,-3.86659,-7.897978067398071,2.4084115028381348,1.5336,535.22998046875,,,,,,,574.1,4.160144927,574.1,4.160144927,,,,,,,,,,,,,,,,,,,Twins,31595,686797
Brett Baty,NYM,100,434,391,98,64,15,1,17,52,55,36,0,106,3,2,1,,5,1,0.249377,0.0837513,0.244725,0.342226,0.316757,0.42387,0.322004,0.740626,0.174493,3.98109,0.297995,-0.0946075,-0.240235,54.4338,3.15338,109.469,-0.334843,0.684012,4.536057382822037,-4.315987944602966,1.49984,293.7799987792969,,,,,,,490.5,4.905,490.5,4.905,,,,,,,,,,,,,,,,,,,Mets,26123,683146
Ke'Bryan Hayes,CIN,125,539,494,121,88,20,2,10,55,53,37,1,108,4,3,1,,12,3,0.244207,0.0678305,0.200414,0.338452,0.300202,0.355098,0.288207,0.6553,0.110891,4.92334,0.291577,0.178461,0.190638,52.8132,-10.8738,78.1363,0.369099,8.30515,-13.597985565662384,10.230150938034058,1.49016,999.0,,,,,,,484.4,3.8752,484.4,3.8752,,,,,,,,,,,,,,,,,,,Reds,18577,663647
Samuel Basallo,BAL,107,445,402,96,55,20,0,21,53,62,36,2,110,4,3,0,,2,1,0.239279,0.0809038,0.247231,0.32724,0.306655,0.447557,0.323978,0.754212,0.208278,2.58443,0.274462,-0.0128106,-0.621577,56.5519,3.94806,109.164,-0.634387,-1.61578,4.174273669719696,-4.665777802467346,1.48369,163.8699951171875,,,,,,,512.0,4.785046728,512.0,4.785046728,,,,,,,,,,,,,,,,,,,Orioles,28824,694212
Denzel Clarke,ATH,110,476,427,98,62,21,4,10,57,50,37,0,158,8,2,2,,16,4,0.228736,0.0780436,0.331905,0.235139,0.300993,0.369266,0.295321,0.670258,0.14053,6.94826,0.33512,0.0712859,0.988138,49.3895,-6.85356,85.1601,1.05942,3.56172,-7.2660813331604,5.261724233627319,1.47113,729.0900268554688,,,,,,,453.7,4.124545454,453.7,4.124545454,,,,,,,,,,,,,,,,,,,Athletics,29858,672016
Connor Norby,MIA,117,504,458,112,72,23,2,15,62,58,36,0,135,5,4,1,,9,3,0.24491,0.0718654,0.268228,0.267927,0.304479,0.402644,0.307829,0.707123,0.157735,4.79304,0.311131,-0.262246,-0.0746813,57.4132,-2.13832,95.1172,-0.336927,0.281749,-3.2536345720291138,0.8317491114139557,1.46781,726.1500244140625,,,,,,,520.0,4.444444444,520.0,4.444444444,,,,,,,,,,,,,,,,,,,Marlins,29592,681393
Luis García Jr.,WSN,113,490,456,124,84,24,2,15,58,61,27,1,76,2,4,0,,13,5,0.272091,0.0550223,0.155596,0.353623,0.312235,0.430165,0.319525,0.7424,0.158074,4.78473,0.295324,-0.0268445,-0.112947,60.4713,2.57401,104.49,-0.139792,0.273667,2.4679215252399445,-4.42633256316185,1.46757,259.7699890136719,,,,,,,558.1,4.938938053,558.1,4.938938053,,,,,,,,,,,,,,,,,,,Nationals,20391,671277
Jordan Lawlar,ARI,120,518,461,109,68,26,4,11,64,55,45,1,134,7,3,2,,20,4,0.237211,0.0866054,0.259529,0.333701,0.312181,0.382829,0.304739,0.69501,0.145617,6.57222,0.308123,0.181797,1.54092,57.7083,-3.49741,93.357,1.72272,0.763388,-2.355648159980774,-0.5366115570068359,1.46734,262.2200012207031,,,,,,,533.8,4.448333333,533.8,4.448333333,,,,,,,,,,,,,,,,,,,Diamondbacks,29976,691783
Garrett Mitchell,MIL,89,385,341,81,53,16,3,9,46,43,37,0,115,3,2,2,,14,3,0.238479,0.0959152,0.298843,0.320955,0.317318,0.385318,0.309167,0.702636,0.146839,6.4291,0.32947,0.0871932,0.698627,44.2752,-1.2155,98.1288,0.78582,0.361934,-0.06802678108215332,1.43693408370018,1.45058,686.0999755859375,,,,,,,398.9,4.482022471,398.9,4.482022471,,,,,,,,,,,,,,,,,,,Brewers,27555,669003
Gavin Lux,TBR,92,399,353,91,64,19,2,6,44,38,42,0,86,2,2,1,,2,1,0.25697,0.104238,0.216751,0.480912,0.336055,0.373289,0.314615,0.709344,0.116319,3.68087,0.321381,0.0612623,-0.547076,47.6501,0.505208,100.388,-0.485814,-0.790515,-0.30343811213970184,0.6844848990440369,1.44404,745.5599975585938,,,,,,,412.5,4.483695652,412.5,4.483695652,,,,,,,,,,,,,,,,,,,Rays,19955,666158
Josh Smith,TEX,117,504,440,108,74,22,2,10,59,46,48,1,95,10,3,2,,9,3,0.244293,0.0958925,0.188118,0.509747,0.33145,0.37017,0.311432,0.70162,0.125877,4.6228,0.288262,-0.0181567,-0.184419,58.8873,-0.664179,100.483,-0.202576,-5.10445,0.08436493575572968,-3.6544463634490967,1.40954,439.0899963378906,,,,,,,516.7,4.416239316,516.7,4.416239316,,,,,,,,,,,,,,,,,,,Rangers,26396,669701
Salvador Perez,KCR,151,618,572,144,89,26,1,27,65,89,31,5,129,11,4,0,,0,0,0.251036,0.0493978,0.208502,0.236918,0.299484,0.442448,0.316196,0.741932,0.191412,1.64849,0.277006,-2.15442,-0.812375,74.5973,1.57583,99.3425,-2.96679,-2.51545,-3.445710778236389,-1.4904522895812988,1.40246,91.22000122070312,,,,,,,695.3,4.604635761,695.3,4.604635761,,,,,,,,,,,,,,,,,,,Royals,7304,521692
Carson Williams,TBR,109,469,421,88,53,15,3,17,55,56,40,0,162,4,3,2,,13,5,0.209259,0.0843688,0.346173,0.243719,0.2822,0.378668,0.289199,0.660868,0.169409,5.89015,0.291654,-0.0978122,-0.142498,46.332,-9.08401,82.8799,-0.24031,2.19932,-9.703795060515404,7.224321603775024,1.39787,739.010009765625,,,,,,,434.9,3.989908256,434.9,3.989908256,,,,,,,,,,,,,,,,,,,Rays,30038,700246
Dylan Beavers,BAL,86,371,321,79,51,15,2,11,47,43,43,1,86,2,3,2,,10,3,0.246146,0.116864,0.230928,0.50606,0.337541,0.40682,0.32674,0.744361,0.160674,5.07119,0.299199,-0.0235145,0.036062,47.9585,4.12197,111.067,0.0125475,-0.499128,4.851691730320454,-3.9741282165050507,1.39624,485.32000732421875,,,,,,,425.3,4.945348837,425.3,4.945348837,,,,,,,,,,,,,,,,,,,Orioles,31695,687637
Jac Caglianone,KCR,105,455,411,105,65,19,1,20,56,62,35,2,97,6,3,0,,3,1,0.254804,0.0762679,0.214244,0.355987,0.320143,0.450242,0.331671,0.770385,0.195438,3.45597,0.286192,0.0343545,-0.520625,60.6386,6.87684,110.002,-0.48627,-1.23991,4.877770245075226,-6.914910316467285,1.39383,167.33999633789062,,,,,,,551.7,5.254285714,551.7,5.254285714,,,,,,,,,,,,,,,,,,,Royals,35041,695506
Chase DeLauter,CLE,115,497,444,110,71,24,1,15,59,56,47,0,90,2,4,1,,3,2,0.248595,0.09435,0.182043,0.518283,0.320136,0.404746,0.316776,0.724882,0.156151,2.85682,0.279258,-0.03249,-0.932514,60.2257,1.50127,103.943,-0.965004,0.468766,1.3448065519332886,-4.856234312057495,1.39089,999.0,,,,,,,535.4,4.655652173,535.4,4.655652173,,,,,,,,,,,,,,,,,,,Guardians,32127,800050
Tyler O'Neill,BAL,100,434,381,90,53,16,1,21,56,59,44,2,123,5,4,0,,5,1,0.235451,0.101843,0.283961,0.358653,0.319668,0.443452,0.328697,0.763119,0.208001,3.94281,0.286432,0.0226461,-0.114152,56.7922,5.51176,112.415,-0.0915061,-1.18147,6.259207598865032,-7.631474614143372,1.3879,496.1099853515625,,,,,,,526.2,5.262,526.2,5.262,,,,,,,,,,,,,,,,,,,Orioles,15711,641933
Yoán Moncada,LAA,105,455,405,97,60,20,2,15,51,53,42,1,124,5,2,0,,1,0,0.239409,0.0924725,0.27319,0.338491,0.317583,0.407533,0.31639,0.725115,0.168123,3.3235,0.306518,-0.293227,-0.520764,54.9939,1.23213,101.315,-0.813991,-2.42615,-0.10869771242141724,-2.0011531114578247,1.38639,745.719970703125,,,,,,,491.5,4.68095238,491.5,4.68095238,,,,,,,,,,,,,,,,,,,Angels,17232,660162
Agustín Ramírez,MIA,122,500,454,111,66,25,1,19,63,64,37,2,98,6,3,0,,12,3,0.243712,0.0742578,0.195591,0.37966,0.306586,0.426495,0.316403,0.733081,0.182783,4.9062,0.270101,-0.384782,0.559921,60.4139,1.35873,100.991,0.175139,-3.80253,0.7619686126708984,-4.327526569366455,1.38113,86.5999984741211,,,,,,,567.8,4.65409836,567.8,4.65409836,,,,,,,,,,,,,,,,,,,Marlins,26546,682663
Davis Schneider,TOR,75,322,274,60,34,12,1,12,40,39,42,0,92,4,2,1,,4,1,0.219795,0.129115,0.284264,0.45421,0.327881,0.407191,0.323515,0.735072,0.187395,4.45324,0.278348,-0.121609,-0.081771,40.7812,2.73445,108.005,-0.20338,1.22126,2.834459900856018,-0.42873501777648926,1.38004,999.0,,,,,,,358.1,4.774666666,358.1,4.774666666,,,,,,,,,,,,,,,,,,,Blue Jays,23565,676914
Nolan Gorman,STL,123,532,472,104,60,19,0,24,63,69,54,1,171,2,4,1,,4,1,0.220366,0.101026,0.320651,0.315065,0.300443,0.415571,0.310376,0.716014,0.195206,3.0755,0.284666,-0.941269,-0.506275,61.7026,-1.1573,100.35,-1.44754,0.508952,-1.2265469878911972,-2.9910483360290527,1.3794,658.489990234375,,,,,,,563.9,4.584552845,563.9,4.584552845,,,,,,,,,,,,,,,,,,,Cardinals,22263,669357
Marcell Ozuna,PIT,122,525,453,112,69,19,0,23,63,70,65,1,128,3,4,0,,0,0,0.246306,0.124454,0.244007,0.510043,0.342688,0.440725,0.340852,0.783413,0.194419,1.43964,0.290597,-0.703457,-0.880868,73.8814,11.8486,117.196,-1.58433,0.0,9.115862965583801,-13.125,1.3769,370.6000061035156,,,,,,,649.5,5.323770491,649.5,5.323770491,,,,,,,,,,,,,,,,,,,Pirates,10324,542303
Daylen Lile,WSN,128,553,505,135,90,25,10,11,66,65,37,0,99,6,4,1,,14,5,0.267269,0.0662433,0.178872,0.370339,0.322622,0.418499,0.321535,0.741121,0.15123,6.63137,0.311179,0.619331,-0.352845,69.1487,3.80745,105.867,0.266486,-1.6025,4.111975818872452,-9.127496600151062,1.36924,206.11000061035156,,,,,,,625.5,4.88671875,625.5,4.88671875,,,,,,,,,,,,,,,,,,,Nationals,29995,695734
Jose Trevino,CIN,71,282,261,63,44,12,1,7,29,29,16,0,42,2,2,1,,1,0,0.240355,0.0559193,0.149794,0.373308,0.285669,0.367085,0.284988,0.652754,0.12673,2.779,0.261937,-0.160352,-0.349479,26.8562,-6.41704,75.931,-0.509831,3.20321,-8.542957723140717,8.703206539154053,1.35474,999.0,,,,,,,254.0,3.577464788,254.0,3.577464788,,,,,,,,,,,,,,,,,,,Reds,16725,624431
Josh Lowe,LAA,118,511,463,116,73,26,2,16,61,58,41,2,137,3,3,1,,22,4,0.250667,0.0794645,0.268461,0.296001,0.31253,0.416451,0.315088,0.728981,0.165784,5.94785,0.320343,-0.216294,2.08489,61.2219,0.843356,100.418,1.8686,-1.09809,2.120274066925049,-6.473088622093201,1.3541,298.1499938964844,,,,,,,586.4,4.969491525,586.4,4.969491525,,,,,,,,,,,,,,,,,,,Angels,19953,666139
Jesús Sánchez,TOR,97,420,379,93,58,19,2,15,51,52,36,1,102,3,2,0,,9,2,0.24591,0.0847368,0.242597,0.34929,0.313497,0.424343,0.319705,0.73784,0.178433,5.02442,0.295356,-0.0599418,0.2431,51.8937,2.26751,105.38,0.183158,0.537966,2.846393659710884,-4.162033557891846,1.34439,617.5700073242188,,,,,,,477.8,4.925773195,477.8,4.925773195,,,,,,,,,,,,,,,,,,,Blue Jays,19913,660821
Bryan Reynolds,PIT,149,644,576,146,94,30,3,19,73,76,56,2,158,8,4,0,,5,2,0.252705,0.0866584,0.244847,0.353929,0.32491,0.41406,0.321883,0.73897,0.161355,3.90706,0.313375,-0.0243736,-0.738338,80.7093,4.61573,104.202,-0.762711,-3.4328,2.4443506002426147,-10.832797527313232,1.33391,204.4600067138672,,,,,,,720.2,4.833557046,720.2,4.833557046,,,,,,,,,,,,,,,,,,,Pirates,19326,668804
Jo Adell,LAA,141,609,554,130,72,24,1,33,73,93,42,1,164,10,3,1,,9,4,0.23526,0.0686338,0.268705,0.255424,0.298551,0.462216,0.326026,0.760766,0.226955,4.09633,0.27011,-0.140841,-0.676591,78.3713,6.41325,107.952,-0.817433,-7.72887,4.890669107437134,-13.053868770599365,1.30935,120.05000305175781,,,,,,,721.4,5.116312056,721.4,5.116312056,,,,,,,,,,,,,,,,,,,Angels,20220,666176
Cedric Mullins,TBR,110,476,424,95,60,20,1,14,56,54,43,0,108,4,4,2,,20,5,0.225093,0.089979,0.227462,0.395578,0.299616,0.380361,0.298399,0.679977,0.155269,5.63439,0.265564,-0.310355,1.35037,50.5791,-5.66393,89.2178,1.04002,-0.0130798,-5.009048938751221,1.3869202192872763,1.30561,325.3500061035156,,,,,,,468.3,4.257272727,468.3,4.257272727,,,,,,,,,,,,,,,,,,,Rays,17929,656775
Cam Smith,HOU,125,539,483,117,79,22,3,13,61,58,46,0,139,7,3,1,,8,2,0.242871,0.08463,0.258778,0.327037,0.315759,0.383302,0.30755,0.699061,0.140431,5.03097,0.312779,0.236676,0.0923738,61.2778,-2.40916,96.9788,0.32905,0.782744,-1.5902649760246277,-4.3922553062438965,1.28596,350.6700134277344,,,,,,,543.9,4.3512,543.9,4.3512,,,,,,,,,,,,,,,,,,,Astros,35108,701358
Kyle Isbel,KCR,113,490,445,108,74,20,5,9,58,48,31,0,96,5,4,6,,9,4,0.243123,0.0625569,0.195021,0.320771,0.296545,0.370849,0.291855,0.667395,0.127727,5.85627,0.288881,0.546465,-0.456556,49.463,-8.43425,82.5748,0.0899088,3.71722,-9.973509632050991,5.46721887588501,1.26445,999.0,,,,,,,444.8,3.936283185,444.8,3.936283185,,,,,,,,,,,,,,,,,,,Royals,21614,664728
Danny Jansen,TEX,89,352,305,65,37,14,0,14,41,42,38,0,83,5,2,1,,1,0,0.213209,0.109125,0.236123,0.462153,0.309444,0.395629,0.310191,0.705072,0.182419,2.39408,0.243045,-0.394122,-0.461993,40.7729,-0.818596,99.628,-0.856115,-1.96606,-1.0104370713233948,4.9089438915252686,1.26423,999.0,,,,,,,362.1,4.068539325,362.1,4.068539325,,,,,,,,,,,,,,,,,,,Rangers,16535,643376
Jonathan India,KCR,115,497,429,105,69,23,1,11,59,46,51,0,95,12,3,1,,5,2,0.243424,0.103001,0.190592,0.54043,0.337723,0.377895,0.31846,0.715618,0.134471,3.8512,0.286776,0.282566,-0.863975,60.9052,2.1808,100.902,-0.581409,-3.11354,-0.05305534601211548,-4.73853862285614,1.25991,612.2999877929688,,,,,,,527.7,4.588695652,527.7,4.588695652,,,,,,,,,,,,,,,,,,,Royals,21523,663697
Jake Burger,TEX,138,595,549,133,78,26,1,27,70,85,32,1,147,9,4,0,,2,1,0.242219,0.0542702,0.247342,0.219414,0.293097,0.444111,0.316155,0.737207,0.201891,2.79823,0.278701,-0.131143,-0.857005,71.8015,1.49765,103.737,-0.988147,0.914799,1.6323512196540833,-9.810201585292816,1.25855,235.6999969482422,,,,,,,654.7,4.744202898,654.7,4.744202898,,,,,,,,,,,,,,,,,,,Rangers,22275,669394
Nathan Lukes,TOR,68,294,264,71,50,14,1,6,35,34,24,1,46,2,2,2,,3,1,0.27017,0.0822163,0.156903,0.523994,0.334338,0.405382,0.322995,0.739719,0.135211,4.02019,0.304454,-0.00229444,-0.476412,37.1111,2.37269,107.647,-0.478707,2.57066,2.1709937751293182,-0.07933974266052246,1.2493,999.0,,,,,,,317.2,4.664705882,317.2,4.664705882,,,,,,,,,,,,,,,,,,,Blue Jays,18123,664770
Joc Pederson,TEX,97,420,360,85,51,15,1,18,52,52,48,2,97,9,3,1,,3,1,0.23601,0.114709,0.230135,0.498443,0.338064,0.435208,0.336603,0.773272,0.199199,3.4737,0.269622,-0.253248,-0.608332,57.6561,8.02991,117.823,-0.86158,-0.000904018,7.960926830768585,-10.350904399296269,1.23448,999.0,,,,,,,508.3,5.240206185,508.3,5.240206185,,,,,,,,,,,,,,,,,,,Rangers,11899,592626
Jacob Young,WSN,89,385,346,87,67,15,2,3,44,33,27,0,70,6,2,4,,19,6,0.251009,0.0689506,0.181157,0.380612,0.312944,0.33191,0.287845,0.644855,0.0809018,6.12311,0.303762,0.481891,0.778409,37.6104,-7.88027,82.7883,1.2603,4.46597,-6.59348738193512,5.840965747833252,1.23353,999.0,,,,,,,342.6,3.849438202,342.6,3.849438202,,,,,,,,,,,,,,,,,,,Nationals,29931,696285
Max Muncy,ATH,94,406,369,90,58,20,1,11,43,51,25,1,113,7,3,2,,4,2,0.242957,0.06235,0.277957,0.224315,0.301599,0.393581,0.302789,0.69518,0.150624,3.69064,0.316201,0.037166,-0.753916,44.588,-3.38404,90.3044,-0.71675,1.81583,-5.356270611286163,3.4158291816711426,1.23117,677.3099975585938,,,,,,,400.1,4.256382978,400.1,4.256382978,,,,,,,,,,,,,,,,,,,Athletics,29779,691777
Isaac Collins,KCR,104,448,384,91,59,20,3,9,54,48,54,1,97,6,3,2,,15,5,0.237103,0.119866,0.216762,0.552982,0.336972,0.375614,0.316428,0.712586,0.138511,5.54897,0.291575,0.140913,-0.0475721,54.1615,1.22682,99.5025,0.0933409,1.51306,-0.1693708896636963,-3.2869365215301514,1.22398,655.8699951171875,,,,,,,479.8,4.613461538,479.8,4.613461538,,,,,,,,,,,,,,,,,,,Royals,25477,686555
Victor Caratini,MIN,97,400,356,90,65,14,0,10,40,44,31,0,70,9,4,0,,1,0,0.252588,0.0763598,0.173729,0.439533,0.324205,0.38062,0.310955,0.704825,0.128032,2.46086,0.284459,-0.640855,-0.518409,46.6043,-0.682437,97.991,-1.15926,0.0541972,-2.106879770755768,0.25419722124934196,1.21962,680.22998046875,,,,,,,404.5,4.170103092,404.5,4.170103092,,,,,,,,,,,,,,,,,,,Twins,14968,605170
Luis Torrens,NYM,55,218,199,49,33,10,1,5,21,24,14,0,49,2,2,1,,1,1,0.244062,0.0650652,0.222968,0.291814,0.298224,0.381978,0.29716,0.680203,0.137917,3.13244,0.293773,-0.0550993,-0.352192,22.903,-2.80813,92.4506,-0.407292,1.95647,-2.3542904257774353,6.206468939781189,1.21395,999.0,,,,,,,204.2,3.712727272,204.2,3.712727272,,,,,,,,,,,,,,,,,,,Mets,15905,620443
Kyle Higashioka,TEX,71,282,260,59,36,12,1,10,29,35,17,0,69,1,3,1,,2,0,0.226684,0.0604591,0.246018,0.245751,0.275263,0.397758,0.290598,0.673021,0.171074,3.77733,0.266088,-0.533363,-0.0518018,28.1987,-5.14542,86.1311,-0.585165,-0.473243,-5.198035955429077,4.726757287979126,1.21093,999.0,,,,,,,262.7,3.7,262.7,3.7,,,,,,,,,,,,,,,,,,,Rangers,5517,543309
Josh Bell,MIN,133,574,504,127,83,23,1,20,65,68,61,1,107,5,4,1,,1,2,0.251713,0.106767,0.185672,0.575031,0.336312,0.419974,0.330474,0.756286,0.168261,2.16174,0.280777,-0.972665,-1.3741,75.9402,8.11769,111.437,-2.34677,-2.44316,5.390573501586914,-13.693155765533447,1.17184,640.2999877929688,,,,,,,661.9,4.976691729,661.9,4.976691729,,,,,,,,,,,,,,,,,,,Twins,13145,605137
Willi Castro,COL,128,553,491,126,84,24,5,13,72,54,44,1,124,14,3,2,,15,5,0.256535,0.0791191,0.224303,0.352734,0.332345,0.407763,0.324183,0.740108,0.151228,6.16894,0.315506,0.346602,-0.141677,70.3374,4.99618,94.0079,0.204924,-4.61583,-3.722406268119812,-3.3408271074295044,1.15973,256.8699951171875,,,,,,,623.4,4.8703125,623.4,4.8703125,,,,,,,,,,,,,,,,,,,Rockies,17338,650489
Gabriel Arias,CLE,107,462,424,97,62,20,2,13,47,50,28,1,142,5,3,1,,8,4,0.229363,0.0609793,0.308124,0.197905,0.283969,0.378133,0.287877,0.662102,0.14877,4.62174,0.310144,0.26121,-0.452359,45.1446,-9.44425,84.0361,-0.19115,-0.139415,-8.883799493312836,4.260585054755211,1.15389,748.1500244140625,,,,,,,413.8,3.867289719,413.8,3.867289719,,,,,,,,,,,,,,,,,,,Guardians,22563,672356
Jake Mangum,PIT,86,371,347,98,73,20,2,3,37,36,18,0,62,3,2,1,,14,4,0.281779,0.0475333,0.166488,0.285507,0.320874,0.378565,0.306319,0.699439,0.0967858,5.41566,0.332745,0.0674605,0.466913,41.8076,-2.02895,93.5402,0.534373,4.11001,-2.3060901165008545,1.1350102424621582,1.14305,665.5599975585938,,,,,,,377.8,4.393023255,377.8,4.393023255,,,,,,,,,,,,,,,,,,,Pirates,26202,663968
Tyler Stephenson,CIN,112,450,398,93,58,19,1,14,50,53,44,1,126,5,3,0,,1,1,0.233882,0.0978339,0.279426,0.350125,0.315585,0.395119,0.311136,0.710703,0.161237,2.36488,0.301745,-0.201385,-0.86278,52.4699,-0.701027,93.8435,-1.06417,-1.96874,-4.3477171659469604,2.456260919570923,1.11993,292.7900085449219,,,,,,,461.3,4.11875,461.3,4.11875,,,,,,,,,,,,,,,,,,,Reds,17988,663886
Jake Rogers,DET,49,192,172,37,22,8,1,6,22,23,16,0,56,2,1,1,,1,0,0.213457,0.0823208,0.291706,0.282204,0.283308,0.376654,0.288449,0.659962,0.163197,3.61778,0.273823,-0.0327258,-0.205938,18.8506,-3.83569,82.995,-0.238664,2.1256,-4.08680884540081,5.8755974769592285,1.11741,999.0,,,,,,,176.4,3.6,176.4,3.6,,,,,,,,,,,,,,,,,,,Tigers,19452,668670
Nick Fortes,TBR,79,314,285,65,46,11,0,8,33,32,19,0,55,6,2,2,,2,1,0.228344,0.0599123,0.174145,0.344036,0.287424,0.352805,0.282325,0.640229,0.124461,3.36491,0.254646,0.0829699,-0.345839,29.2301,-7.8242,78.145,-0.262869,-0.147701,-8.3408023416996,5.977299258112907,1.104,999.0,,,,,,,262.1,3.317721518,262.1,3.317721518,,,,,,,,,,,,,,,,,,,Rays,21538,663743
Marcelo Mayer,BOS,105,455,415,102,64,23,2,12,55,53,33,1,105,3,4,1,,5,2,0.244845,0.0719108,0.231096,0.311173,0.302063,0.400928,0.304584,0.702991,0.156083,4.35646,0.296468,0.142174,-0.628876,50.6324,-3.12936,90.1642,-0.486702,-0.420293,-5.761335134506226,0.8547070622444153,1.10024,588.9199829101562,,,,,,,459.0,4.371428571,459.0,4.371428571,,,,,,,,,,,,,,,,,,,Red Sox,29668,691785
Mark Vientos,NYM,102,441,401,100,61,18,1,20,52,63,32,0,115,5,3,0,,1,0,0.250214,0.0723544,0.260114,0.278165,0.310696,0.449978,0.327693,0.760674,0.199765,2.83685,0.299163,-0.433112,-0.525919,57.3487,5.24117,113.367,-0.959031,-0.295397,6.027355790138245,-9.970397502183914,1.09772,641.0800170898438,,,,,,,517.8,5.076470588,517.8,5.076470588,,,,,,,,,,,,,,,,,,,Mets,22184,668901
Ramón Urías,STL,73,315,285,71,48,13,1,9,33,34,23,0,72,3,3,1,,2,0,0.247754,0.0729904,0.228527,0.319394,0.308726,0.392988,0.306587,0.701714,0.145234,3.31427,0.298394,-0.1777,-0.235845,35.5655,-1.65417,97.7552,-0.413545,0.16996,-1.2516191601753235,1.2949603199958801,1.07668,999.0,,,,,,,322.4,4.416438356,322.4,4.416438356,,,,,,,,,,,,,,,,,,,Cardinals,18795,602104
Lourdes Gurriel Jr.,ARI,110,476,439,117,77,23,2,15,53,62,28,1,76,5,4,0,,7,2,0.265961,0.0578018,0.158981,0.363576,0.31409,0.428507,0.320596,0.742597,0.162546,4.15162,0.288738,-0.103469,-0.266726,59.1574,2.91438,104.22,-0.370195,-0.032212,2.0103292763233185,-7.832212198525667,1.02463,681.3200073242188,,,,,,,542.0,4.927272727,542.0,4.927272727,,,,,,,,,,,,,,,,,,,Diamondbacks,19238,666971
Zach McKinstry,DET,87,378,337,80,53,15,5,8,43,37,33,1,82,4,3,1,,12,3,0.2386,0.0870872,0.216064,0.403062,0.311871,0.382031,0.304036,0.693902,0.14343,6.84269,0.289921,0.393208,0.65277,41.8957,-2.7679,93.7322,1.04598,-0.298014,-1.7464390993118286,-1.548014372587204,0.994037,509.70001220703125,,,,,,,383.6,4.409195402,383.6,4.409195402,,,,,,,,,,,,,,,,,,,Tigers,19392,656716
Owen Caissie,MIA,97,420,371,89,55,20,2,13,48,50,41,1,130,3,3,1,,4,2,0.24052,0.098704,0.309313,0.319107,0.319982,0.406617,0.317184,0.726599,0.166097,3.82745,0.329887,0.0421156,-0.72229,51.0341,1.40789,101.525,-0.680174,0.657295,0.07906222343444824,-4.342704951763153,0.99344,537.5499877929688,,,,,,,453.0,4.670103092,453.0,4.670103092,,,,,,,,,,,,,,,,,,,Marlins,27496,683357
Miguel Amaya,CHC,73,291,261,63,41,13,1,8,31,35,21,0,61,6,2,2,,1,0,0.239982,0.0715806,0.210379,0.340245,0.307602,0.388896,0.305145,0.696498,0.148914,3.10375,0.28159,-0.246082,-0.36216,32.515,-1.86889,96.4115,-0.608242,-1.45894,-1.8459003567695618,2.7160614728927612,0.983112,745.530029296875,,,,,,,293.3,4.017808219,293.3,4.017808219,,,,,,,,,,,,,,,,,,,Cubs,21693,665804
Joey Bart,PIT,71,282,246,59,41,10,0,7,30,29,28,0,78,5,1,1,,1,1,0.238372,0.0989549,0.278698,0.355061,0.327169,0.367928,0.309783,0.695097,0.129556,2.61341,0.318726,-0.288431,-0.50095,32.5251,-0.748147,95.9128,-0.789381,-2.41129,-2.1534921526908875,3.088714361190796,0.965563,999.0,,,,,,,277.3,3.905633802,277.3,3.905633802,,,,,,,,,,,,,,,,,,,Pirates,21524,663698
Brady House,WSN,126,546,512,125,86,23,1,15,58,63,25,1,148,4,4,1,,6,3,0.24476,0.0460019,0.270813,0.169866,0.2832,0.381597,0.288092,0.664797,0.136837,3.67664,0.312379,0.050724,-0.676439,53.4481,-11.066,82.9577,-0.625715,0.970632,-11.654146671295166,2.92063170671463,0.965016,720.2899780273438,,,,,,,491.4,3.9,491.4,3.9,,,,,,,,,,,,,,,,,,,Nationals,29993,691781
Edouard Julien,COL,87,378,322,80,54,15,2,9,43,38,50,1,107,4,2,1,,4,2,0.249309,0.131346,0.282955,0.464193,0.353838,0.394935,0.331611,0.748773,0.145625,4.20719,0.34115,-0.231803,-0.548819,50.3585,5.69487,99.0966,-0.780622,-2.23236,-1.1853700578212738,-2.082356095314026,0.952368,748.3400268554688,,,,,,,429.5,4.936781609,429.5,4.936781609,,,,,,,,,,,,,,,,,,,Rockies,27534,666397
Logan O'Hoppe,LAA,113,452,412,96,62,13,1,19,48,55,31,0,126,5,2,1,,2,2,0.232093,0.0693388,0.279846,0.247774,0.292539,0.409346,0.304966,0.701885,0.177253,3.05564,0.284344,-0.775144,-0.791884,50.394,-2.96601,93.4451,-1.56703,-3.80364,-5.055940866470337,3.1463592052459717,0.947501,245.11000061035156,,,,,,,453.8,4.015929203,453.8,4.015929203,,,,,,,,,,,,,,,,,,,Angels,24729,681351
José Caballero,NYY,71,308,267,59,40,12,1,6,37,29,31,0,78,6,2,2,,31,8,0.22028,0.101713,0.2529,0.402188,0.313551,0.334437,0.291309,0.647989,0.114158,6.71838,0.286831,-0.00782129,2.29019,30.9547,-5.43792,86.3441,2.28237,-0.885922,-2.6749267578125,1.1640776991844177,0.930022,201.7100067138672,,,,,,,307.8,4.335211267,307.8,4.335211267,,,,,,,,,,,,,,,,,,,Yankees,23401,676609
Brooks Baldwin,CHW,73,315,288,72,48,13,1,10,36,38,21,0,71,2,2,2,,6,2,0.251309,0.0675273,0.226034,0.298748,0.305026,0.412247,0.311399,0.717273,0.160938,4.51404,0.297584,0.122669,-0.032114,36.7961,-0.42359,98.7976,0.0905551,-0.833132,-0.35585177689790726,-1.4081324934959412,0.928773,747.989990234375,,,,,,,327.4,4.484931506,327.4,4.484931506,,,,,,,,,,,,,,,,,,,White Sox,31394,681460
Luisangel Acuña,CHW,99,427,394,99,75,17,2,5,51,36,26,0,79,2,3,2,,23,6,0.250988,0.0609143,0.183984,0.331084,0.299305,0.340026,0.282414,0.639332,0.0890383,6.15632,0.299671,0.260783,1.49464,39.8307,-10.6227,78.8312,1.75543,1.5184,-8.898174166679382,3.2434029579162598,0.925097,397.0799865722656,,,,,,,379.0,3.828282828,379.0,3.828282828,,,,,,,,,,,,,,,,,,,White Sox,26548,682668
CJ Kayfus,CLE,78,336,297,72,45,15,3,9,39,40,31,0,92,5,3,1,,4,1,0.243668,0.0909349,0.274412,0.331381,0.321336,0.411346,0.31984,0.732682,0.167678,5.08768,0.317905,0.088884,-0.267065,41.5519,1.85089,106.054,-0.178181,0.244146,2.2193315625190735,-4.755853787064552,0.923683,999.0,,,,,,,364.2,4.669230769,364.2,4.669230769,,,,,,,,,,,,,,,,,,,Guardians,33704,692216
Luis Rengifo,MIL,102,441,405,102,73,16,3,10,46,46,28,0,80,4,2,1,,11,4,0.251136,0.063885,0.181326,0.352321,0.304561,0.375505,0.298169,0.680067,0.12437,5.04653,0.289669,0.387905,-0.386928,46.7777,-5.3298,90.5954,0.000977874,-2.32199,-4.914569973712787,-0.7469940185546875,0.921898,632.8300170898438,,,,,,,429.4,4.209803921,429.4,4.209803921,,,,,,,,,,,,,,,,,,,Brewers,19858,650859
Austin Hays,CHW,112,483,441,108,67,23,3,16,59,57,33,1,121,5,5,0,,6,1,0.246001,0.0674867,0.249701,0.27027,0.301794,0.418082,0.310223,0.719876,0.172081,4.9219,0.300268,-0.020023,-0.117564,55.9595,-1.11063,97.9876,-0.137587,-0.770544,-1.2832042574882507,-6.345543384552002,0.920335,587.9299926757812,,,,,,,520.6,4.648214285,520.6,4.648214285,,,,,,,,,,,,,,,,,,,White Sox,19363,669720
Blaze Alexander,BAL,60,259,228,53,35,10,1,6,28,28,22,0,78,6,2,1,,5,2,0.231998,0.0858729,0.299502,0.286719,0.314101,0.365486,0.301579,0.679587,0.133488,4.6721,0.320974,0.0546933,-0.350576,28.1895,-2.41332,93.7344,-0.295883,1.40748,-2.2085328698158264,2.282475709915161,0.919616,745.4600219726562,,,,,,,247.8,4.13,247.8,4.13,,,,,,,,,,,,,,,,,,,Orioles,23789,677942
Trevor Larnach,MIN,96,413,364,91,59,18,1,13,48,47,42,1,97,3,4,0,,3,2,0.248651,0.100603,0.234438,0.429125,0.32726,0.41002,0.321176,0.737279,0.161369,3.28407,0.300213,-0.20539,-0.641012,51.5222,2.72308,105.032,-0.846402,-0.320526,1.6030153632164001,-6.9455258548259735,0.907745,748.2999877929688,,,,,,,460.8,4.8,460.8,4.8,,,,,,,,,,,,,,,,,,,Twins,21501,663616
Jake McCarthy,COL,81,350,316,87,62,14,4,6,45,34,24,0,58,6,2,2,,14,3,0.275019,0.0685767,0.165804,0.4136,0.336363,0.405804,0.324847,0.742166,0.130784,7.02175,0.318642,0.378689,0.937947,44.7061,3.35094,94.463,1.31664,0.937121,-0.9802173376083374,-1.8128791451454163,0.905618,531.1300048828125,,,,,,,399.2,4.928395061,399.2,4.928395061,,,,,,,,,,,,,,,,,,,Rockies,21622,664983
Mickey Moniak,COL,112,483,451,120,71,22,6,21,62,69,24,1,119,4,3,0,,9,4,0.266336,0.0496307,0.245898,0.201834,0.307899,0.481299,0.336087,0.789198,0.214964,5.84081,0.315402,-0.155237,-0.444448,66.102,9.03185,102.162,-0.599685,0.271494,0.6382136344909668,-7.90350666642189,0.900783,244.67999267578125,,,,,,,606.3,5.413392857,606.3,5.413392857,,,,,,,,,,,,,,,,,,,Rockies,19956,666160
Colt Emerson,SEA,68,294,260,60,41,12,1,5,31,30,26,1,65,5,2,1,,4,2,0.22849,0.0871293,0.21986,0.396294,0.307419,0.344391,0.288932,0.65181,0.115901,4.59699,0.282246,-0.0450124,-0.261246,28.9801,-5.75825,90.1095,-0.306259,1.04471,-3.7334426939487457,2.244708776473999,0.882984,999.0,,,,,,,258.5,3.801470588,258.5,3.801470588,,,,,,,,,,,,,,,,,,,Mariners,sa3022923,806068
Austin Martin,MIN,76,329,284,72,53,15,1,3,38,28,36,0,55,5,2,2,,12,4,0.253871,0.110117,0.167035,0.659243,0.346565,0.345318,0.311607,0.691884,0.0914479,5.09127,0.302569,0.116673,0.0837548,38.4871,-0.38682,98.4402,0.200428,-0.39393,-0.4043927490711212,-2.3189305663108826,0.879921,748.3499755859375,,,,,,,331.2,4.357894736,331.2,4.357894736,,,,,,,,,,,,,,,,,,,Twins,27462,668885
Victor Robles,SEA,68,294,262,64,44,13,1,5,34,28,19,0,64,8,2,3,,16,4,0.245598,0.0654285,0.217219,0.301209,0.313861,0.365628,0.300624,0.679489,0.120029,6.35166,0.303058,0.0207113,0.870314,31.771,-2.96733,98.1638,0.891025,1.16174,0.2547568678855896,-1.7882577180862427,0.878404,725.489990234375,,,,,,,287.0,4.220588235,287.0,4.220588235,,,,,,,,,,,,,,,,,,,Mariners,18363,645302
Joe Mack,MIA,65,257,233,51,33,10,1,8,28,29,19,0,72,3,2,0,,2,1,0.219269,0.0743985,0.27876,0.266891,0.28462,0.367556,0.285596,0.652177,0.148288,4.00733,0.279122,0.0,-0.160113,24.5986,-5.72069,79.8865,-0.160113,1.4742,-6.2771036475896835,6.174199819564819,0.862928,999.0,,,,,,,229.5,3.53076923,229.5,3.53076923,,,,,,,,,,,,,,,,,,,Marlins,sa3017374,691788
Edmundo Sosa,PHI,57,245,227,57,37,12,2,7,28,30,9,0,56,5,2,1,,3,1,0.252719,0.0386556,0.227952,0.169578,0.296534,0.414741,0.30765,0.711276,0.162022,4.82513,0.302019,0.221608,-0.172615,27.8734,-1.0752,94.7247,0.0489928,1.49096,-1.4828364253044128,1.7159636914730072,0.857823,999.0,,,,,,,249.1,4.370175438,249.1,4.370175438,,,,,,,,,,,,,,,,,,,Phillies,17022,624641
Alek Thomas,ARI,97,420,387,94,63,18,3,10,47,45,23,0,96,4,3,3,,7,3,0.243157,0.054724,0.228135,0.239876,0.289544,0.382339,0.292097,0.671884,0.139182,5.35217,0.295965,0.88357,-0.29479,42.4794,-7.14685,84.6965,0.588779,0.985614,-7.029117822647095,1.385613739490509,0.852263,745.5999755859375,,,,,,,388.6,4.006185567,388.6,4.006185567,,,,,,,,,,,,,,,,,,,Diamondbacks,23792,677950
Dalton Rushing,LAD,42,168,146,33,20,7,0,6,21,22,18,0,47,3,1,0,,1,0,0.228542,0.104896,0.276954,0.378749,0.322601,0.410838,0.320869,0.733439,0.182296,3.25522,0.286153,-0.0315761,-0.274597,20.9412,1.06712,105.9,-0.306173,-0.206678,0.8700149357318878,2.2933223992586136,0.83298,745.3800048828125,,,,,,,180.4,4.295238095,180.4,4.295238095,,,,,,,,,,,,,,,,,,,Dodgers,31382,687221
Henry Davis,PIT,65,256,227,51,32,11,1,7,28,27,21,1,66,5,2,1,,3,1,0.22346,0.0807116,0.258373,0.312384,0.301579,0.372899,0.296769,0.674478,0.149439,4.00978,0.279282,-0.121673,-0.205618,26.8633,-3.38504,86.9979,-0.327292,-0.964447,-4.272296279668808,4.035552740097046,0.823809,748.1400146484375,,,,,,,242.9,3.736923076,242.9,3.736923076,,,,,,,,,,,,,,,,,,,Pirates,29617,680779
Dominic Canzone,SEA,97,420,383,94,59,18,1,16,49,53,31,2,96,3,3,1,,4,2,0.245239,0.0729757,0.228953,0.318737,0.303884,0.422975,0.313196,0.726859,0.177737,3.55291,0.283972,-0.2934,-0.469247,49.6743,0.0480476,106.824,-0.762647,-0.264541,2.6154913902282715,-9.064540833234787,0.819182,476.489990234375,,,,,,,455.7,4.697938144,455.7,4.697938144,,,,,,,,,,,,,,,,,,,Mariners,26438,686527
Hunter Feduccia,TBR,66,262,229,51,34,10,1,5,28,24,30,0,69,1,2,0,,1,0,0.222338,0.11363,0.261421,0.434662,0.312527,0.348215,0.294586,0.660742,0.125877,3.74882,0.290458,-0.119632,-0.303226,27.0699,-3.93464,86.5911,-0.422858,-2.28345,-4.569803774356842,2.841546058654785,0.810991,999.0,,,,,,,233.2,3.533333333,233.2,3.533333333,,,,,,,,,,,,,,,,,,,Rays,23372,676439
Christian Moore,LAA,78,336,300,69,46,11,3,9,37,36,30,1,103,2,2,1,,6,2,0.228732,0.0899681,0.307087,0.292973,0.302275,0.370522,0.295371,0.672798,0.141791,5.37041,0.314802,-0.0165834,-0.172142,34.8766,-4.82434,86.8354,-0.188725,0.488855,-5.402116417884827,1.6888553500175476,0.803288,748.1099853515625,,,,,,,321.8,4.125641025,321.8,4.125641025,,,,,,,,,,,,,,,,,,,Angels,34979,695681
Travis Bazzana,CLE,58,252,219,47,31,9,1,5,32,25,28,0,73,3,1,1,,4,1,0.216745,0.112637,0.289646,0.388877,0.315109,0.34754,0.297121,0.662648,0.130794,5.5166,0.297551,0.0,-0.0900538,26.5156,-3.2601,90.4039,-0.0900538,1.13069,-2.940192937850952,2.0306938886642456,0.794347,999.0,,,,,,,220.8,3.806896551,220.8,3.806896551,,,,,,,,,,,,,,,,,,,Guardians,sa3025129,683953
Matt Shaw,CHC,60,259,229,56,36,10,2,8,33,31,24,0,51,3,2,1,,9,3,0.244258,0.0932263,0.195865,0.475973,0.321161,0.408023,0.318769,0.729183,0.163764,5.88575,0.278487,0.067228,0.326142,31.8043,1.20148,105.744,0.39337,0.207494,2.156665414571762,-3.0175055414438248,0.793552,336.3399963378906,,,,,,,289.9,4.831666666,289.9,4.831666666,,,,,,,,,,,,,,,,,,,Cubs,33322,807713
Nasim Nuñez,WSN,87,378,333,76,60,11,1,4,45,31,37,0,89,2,3,3,,29,7,0.22745,0.0985258,0.234837,0.41955,0.307079,0.304171,0.276698,0.611249,0.0767202,6.22147,0.294548,-0.0835731,2.2853,33.5057,-11.1579,75.1526,2.20172,2.0298,-8.930136919021606,4.0798046588897705,0.790448,597.1699829101562,,,,,,,320.3,3.681609195,320.3,3.681609195,,,,,,,,,,,,,,,,,,,Nationals,25979,683083
Coby Mayo,BAL,44,189,168,39,22,9,1,8,22,24,17,0,53,2,1,0,,2,1,0.233144,0.0890192,0.277863,0.32037,0.309404,0.431135,0.320498,0.740539,0.197991,3.96283,0.289103,0.0325683,-0.216307,23.4739,1.14208,106.767,-0.183739,-0.483496,1.3236968964338303,-0.10849595069885254,0.789881,466.510009765625,,,,,,,215.4,4.895454545,215.4,4.895454545,,,,,,,,,,,,,,,,,,,Orioles,28312,691723
Sung-Mun Song,SDP,66,287,260,63,45,11,1,6,31,29,23,2,49,1,2,1,,6,1,0.242918,0.0794529,0.170317,0.466499,0.304057,0.36342,0.291704,0.667477,0.120501,5.06931,0.275536,-0.106035,0.342074,28.936,-4.97524,89.1502,0.23604,0.923887,-3.4545711278915405,1.5988872051239014,0.787077,999.0,,,,,,,267.4,4.051515151,267.4,4.051515151,,,,,,,,,,,,,,,,,,,Padres,sa3012529,823550
Giancarlo Stanton,NYY,96,413,367,83,45,13,0,24,48,65,40,2,127,2,3,0,,0,0,0.224779,0.0971975,0.308481,0.315084,0.303209,0.458639,0.325548,0.761848,0.23386,1.45636,0.267224,-0.745758,-0.538573,52.9883,4.18919,109.93,-1.28433,-0.000275109,3.549328088760376,-10.225274536962388,0.771318,254.00999450683594,,,,,,,487.1,5.073958333,487.1,5.073958333,,,,,,,,,,,,,,,,,,,Yankees,4949,519317
Tyler Heineman,TOR,39,154,133,30,22,5,1,3,16,14,13,0,31,3,1,2,,2,1,0.224216,0.0868281,0.202534,0.428709,0.308956,0.327901,0.286509,0.636857,0.103685,4.69679,0.271924,-0.135492,-0.104979,14.8385,-3.31052,82.5129,-0.240471,1.41233,-3.4062658548355103,4.412325501441956,0.771052,999.0,,,,,,,132.4,3.394871794,132.4,3.394871794,,,,,,,,,,,,,,,,,,,Blue Jays,13897,623168
Ryan Ritter,COL,60,259,231,58,38,12,2,6,32,30,20,0,67,5,2,2,,4,1,0.252885,0.075984,0.259448,0.292867,0.323366,0.404625,0.318552,0.727991,0.15174,5.65934,0.327754,0.0212075,-0.0538463,31.7588,1.15595,90.1507,-0.0326388,0.980005,-3.056059643626213,1.9050046801567078,0.763859,999.0,,,,,,,276.2,4.603333333,276.2,4.603333333,,,,,,,,,,,,,,,,,,,Rockies,31500,690022
George Valera,CLE,91,392,347,80,51,15,1,14,46,45,39,0,111,3,3,1,,2,1,0.23151,0.0995957,0.283264,0.3516,0.311623,0.398973,0.311144,0.710596,0.167463,3.2585,0.296295,-0.0474044,-0.643191,45.7097,-0.608108,100.064,-0.690595,0.120071,-0.6609811969101429,-5.4799293130636215,0.752109,748.0800170898438,,,,,,,408.8,4.492307692,408.8,4.492307692,,,,,,,,,,,,,,,,,,,Guardians,22541,671655
Jorge Soler,LAA,118,511,448,101,58,21,0,22,61,65,53,1,140,6,4,0,,0,0,0.226088,0.103433,0.274276,0.377112,0.31348,0.423093,0.32032,0.736573,0.197005,2.01829,0.273405,-0.851361,-0.736895,63.3929,3.01426,104.022,-1.58826,-1.87772,0.8343313932418823,-11.152721047401428,0.743751,650.22998046875,,,,,,,562.3,4.765254237,562.3,4.765254237,,,,,,,,,,,,,,,,,,,Angels,14221,624585
Paul Goldschmidt,NYY,89,385,346,88,58,18,0,12,47,45,34,2,87,2,2,0,,4,1,0.255594,0.0884153,0.226248,0.39079,0.324879,0.411931,0.319729,0.73681,0.156337,3.56311,0.308005,-0.518957,-0.189264,47.5768,2.08609,105.921,-0.708221,-0.402565,1.9786469340324402,-8.127565205097198,0.726639,748.1300048828125,,,,,,,424.6,4.770786516,424.6,4.770786516,,,,,,,,,,,,,,,,,,,Yankees,9218,502671
David Hamilton,MIL,47,203,182,41,27,7,1,5,25,21,18,0,49,1,1,1,,18,4,0.222991,0.0865307,0.24316,0.355859,0.294229,0.358768,0.288269,0.652997,0.135777,7.38932,0.2757,0.0977947,1.61439,19.9009,-4.08511,83.8135,1.71218,1.68055,-2.1822372674942017,2.5055540204048157,0.724084,740.0,,,,,,,200.6,4.268085106,200.6,4.268085106,,,,,,,,,,,,,,,,,,,Brewers,27531,666152
Harry Ford,WSN,55,224,193,45,31,9,0,5,26,23,25,0,50,4,1,0,,4,2,0.231637,0.112891,0.224612,0.502604,0.330619,0.354562,0.307513,0.685181,0.122924,4.11446,0.287104,0.0,-0.307139,25.4822,-1.00877,96.2617,-0.307139,0.0089411,-1.3004872500896454,0.9589411467313766,0.722642,715.260009765625,,,,,,,221.1,4.02,221.1,4.02,,,,,,,,,,,,,,,,,,,Nationals,29958,695670
Chandler Simpson,TBR,105,455,422,121,102,15,3,1,54,37,26,0,48,1,2,4,,41,10,0.287185,0.0567317,0.106496,0.532714,0.327867,0.344711,0.297829,0.672578,0.0575256,6.75416,0.32031,0.464863,3.24896,48.137,-5.6248,88.8248,3.71382,-2.04988,-2.279120922088623,-6.32487678527832,0.721954,180.8699951171875,,,,,,,456.5,4.347619047,456.5,4.347619047,,,,,,,,,,,,,,,,,,,Rays,31912,802415
Graham Pauley,MIA,76,329,294,67,42,14,1,9,37,37,29,1,66,3,2,1,,5,1,0.228791,0.0869415,0.20105,0.432438,0.30283,0.380127,0.299514,0.682957,0.151336,4.64193,0.26339,-0.103554,-0.105011,35.2569,-3.61701,89.4209,-0.208565,1.26707,-4.333690315485001,0.44206756353378296,0.721742,999.0,,,,,,,314.8,4.142105263,314.8,4.142105263,,,,,,,,,,,,,,,,,,,Marlins,31363,688363
Romy Gonzalez,BOS,45,196,182,49,31,10,2,5,24,25,10,0,48,2,2,0,,5,2,0.268399,0.0533358,0.246152,0.216679,0.311527,0.432541,0.319508,0.744068,0.164142,5.90832,0.334019,-0.104841,-0.131673,24.1857,1.02682,100.445,-0.236515,0.532278,-0.1338125392794609,0.3322781175374985,0.710506,999.0,,,,,,,219.7,4.882222222,219.7,4.882222222,,,,,,,,,,,,,,,,,,,Red Sox,21562,663853
Ben Williamson,TBR,68,294,268,67,49,15,1,3,30,27,20,0,61,3,2,1,,6,2,0.251531,0.0691712,0.208155,0.332306,0.310764,0.346816,0.291062,0.657581,0.0952854,4.62477,0.313797,-0.049775,-0.00858019,29.4886,-5.24972,84.1634,-0.0583552,0.707598,-5.545947376638651,2.3575977087020874,0.709092,999.0,,,,,,,259.4,3.814705882,259.4,3.814705882,,,,,,,,,,,,,,,,,,,Rays,33197,810938
Spencer Steer,CIN,86,371,328,78,47,17,1,12,43,46,36,0,79,5,2,0,,6,2,0.236573,0.0965312,0.213102,0.452982,0.318864,0.407058,0.318055,0.725922,0.170486,4.44437,0.273864,-0.161307,0.0399985,45.3427,1.50615,98.5832,-0.121308,-0.205312,-0.7443035989999771,-4.7803119122982025,0.697633,335.42999267578125,,,,,,,405.4,4.713953488,405.4,4.713953488,,,,,,,,,,,,,,,,,,,Reds,26323,668715
Luis Campusano,SDP,45,182,161,40,27,7,0,6,22,22,18,0,36,1,1,0,,1,0,0.246763,0.0969366,0.200368,0.483792,0.324024,0.399261,0.317694,0.723284,0.152498,2.83943,0.283665,0.0446905,-0.236272,22.1414,0.683928,106.954,-0.191581,-1.31033,1.305198460817337,0.9896667003631592,0.695714,999.0,,,,,,,198.6,4.413333333,198.6,4.413333333,,,,,,,,,,,,,,,,,,,Padres,22217,669134
Carson Benge,NYM,96,413,366,88,58,17,3,10,51,47,38,1,90,5,2,1,,8,2,0.240573,0.0929269,0.216801,0.428628,0.319915,0.384676,0.309221,0.704591,0.144103,5.5225,0.290601,0.0,-0.0559322,47.5135,-1.28561,100.713,-0.0559322,-3.66665,0.292869508266449,-7.291646242141724,0.689774,999.0,,,,,,,425.8,4.435416666,425.8,4.435416666,,,,,,,,,,,,,,,,,,,Mets,sa3025452,701807
Edgar Quero,CHW,117,483,429,108,80,19,0,10,46,51,43,0,88,6,4,1,,1,1,0.252103,0.0888401,0.181588,0.489241,0.325602,0.365542,0.306664,0.691144,0.113439,1.59934,0.293013,-0.42034,-1.01694,54.564,-2.50614,95.5362,-1.43728,-1.56792,-3.978403329849243,-3.667919158935547,0.688373,476.0299987792969,,,,,,,471.0,4.025641025,471.0,4.025641025,,,,,,,,,,,,,,,,,,,White Sox,28022,700337
Austin Hedges,CLE,36,141,125,24,17,4,0,3,12,12,11,0,38,1,1,2,,1,1,0.19114,0.0801347,0.266418,0.300786,0.26362,0.298795,0.252232,0.562414,0.107654,3.13982,0.241864,-0.0946537,-0.188187,9.68355,-6.95305,59.4816,-0.282841,2.67923,-7.006832659244537,5.429230690002441,0.684052,999.0,,,,,,,84.3,2.341666666,84.3,2.341666666,,,,,,,,,,,,,,,,,,,Guardians,12976,595978
Andrew Vaughn,MIL,130,560,509,125,78,26,1,20,57,74,41,0,111,6,4,1,,1,0,0.245978,0.0730952,0.198011,0.369147,0.307147,0.417477,0.314647,0.724624,0.171499,2.05649,0.275903,-0.779756,-0.790228,66.8922,0.723832,101.883,-1.56998,-1.65623,-0.320112943649292,-11.656232237815857,0.680889,273.7699890136719,,,,,,,603.0,4.638461538,603.0,4.638461538,,,,,,,,,,,,,,,,,,,Brewers,26197,683734
Luke Raley,SEA,81,350,307,68,42,14,1,12,40,41,26,0,106,14,2,1,,5,2,0.222411,0.0735493,0.303768,0.242123,0.308818,0.387938,0.307507,0.696756,0.165527,4.60039,0.295367,-0.211118,-0.16114,39.7785,-1.57666,102.905,-0.372259,-1.20596,0.8261586427688599,-6.2559614181518555,0.676964,748.010009765625,,,,,,,356.8,4.404938271,356.8,4.404938271,,,,,,,,,,,,,,,,,,,Mariners,19354,670042
Alex Call,LAD,36,154,130,31,20,6,0,4,19,18,19,0,29,2,1,1,,2,1,0.23996,0.122752,0.188258,0.65204,0.344058,0.389539,0.325793,0.733598,0.14958,4.17309,0.275913,-0.0468122,-0.220862,19.7889,1.59266,109.273,-0.267674,0.563469,1.4248504340648651,0.013468563556671143,0.671368,999.0,,,,,,,162.6,4.516666666,162.6,4.516666666,,,,,,,,,,,,,,,,,,,Dodgers,19296,669743
Drew Millas,WSN,39,154,139,34,24,6,1,3,16,15,12,1,26,1,1,1,,3,1,0.247488,0.079411,0.168676,0.47079,0.309591,0.366309,0.296072,0.6759,0.11882,5.47356,0.284956,0.0322805,0.133053,16.0311,-2.11796,88.424,0.165333,0.0508518,-1.9420564323663712,3.050851821899414,0.66665,999.0,,,,,,,144.6,3.707692307,144.6,3.707692307,,,,,,,,,,,,,,,,,,,Nationals,25643,686452
Will Benson,CIN,73,315,276,62,36,12,2,12,39,38,34,1,96,3,2,1,,8,3,0.224969,0.106448,0.304744,0.349301,0.312448,0.412282,0.315411,0.72473,0.187313,5.90173,0.295831,-0.315685,0.0199216,37.8221,0.602461,96.7716,-0.295764,0.421165,-1.501069724559784,-2.5538350343704224,0.657381,999.0,,,,,,,348.0,4.767123287,348.0,4.767123287,,,,,,,,,,,,,,,,,,,Reds,21853,666181
Pavin Smith,ARI,105,455,393,93,59,20,1,13,51,51,57,1,116,2,3,0,,3,1,0.236811,0.124476,0.25506,0.488027,0.333079,0.391476,0.319075,0.724555,0.154665,3.35409,0.300079,-0.487521,-0.647423,55.9857,2.22392,103.178,-1.13494,0.0718638,0.5786805152893066,-9.303136169910431,0.656182,999.0,,,,,,,493.6,4.70095238,493.6,4.70095238,,,,,,,,,,,,,,,,,,,Diamondbacks,19892,656976
Kyle Karros,COL,55,238,213,55,39,12,1,4,27,24,21,1,54,3,2,0,,2,1,0.261146,0.0873491,0.227913,0.383257,0.332627,0.381293,0.313892,0.71392,0.120148,4.2323,0.331449,-0.0372466,-0.191856,28.2833,0.161724,86.9584,-0.229103,1.61734,-3.907877415418625,2.3173367381095886,0.647411,999.0,,,,,,,246.1,4.474545454,246.1,4.474545454,,,,,,,,,,,,,,,,,,,Rockies,33252,691720
Kody Clemens,MIN,58,252,229,53,31,10,2,10,30,32,18,0,61,3,2,1,,3,1,0.23068,0.0714143,0.241556,0.295643,0.29213,0.42437,0.308688,0.7165,0.19369,4.98924,0.26744,0.0501114,-0.106452,28.8823,-0.893413,96.4298,-0.0563402,1.25334,-1.1167325042188168,-1.2466628551483154,0.645596,696.27001953125,,,,,,,268.1,4.622413793,268.1,4.622413793,,,,,,,,,,,,,,,,,,,Twins,20572,665019
Gavin Sheets,SDP,113,490,442,106,67,22,1,16,49,59,40,1,101,4,4,0,,2,1,0.240207,0.0818449,0.205645,0.397991,0.306852,0.403246,0.308647,0.710097,0.163038,2.51761,0.27401,-0.497118,-0.757054,56.1437,-1.75357,100.757,-1.25417,0.207557,-0.8144755959510803,-9.192442446947098,0.644109,695.5800170898438,,,,,,,504.5,4.464601769,504.5,4.464601769,,,,,,,,,,,,,,,,,,,Padres,19901,657757
J.C. Escarra,NYY,32,130,115,27,18,6,1,3,14,14,12,0,24,1,1,0,,1,0,0.234782,0.093661,0.181285,0.51665,0.313122,0.368881,0.30127,0.682003,0.134099,3.93236,0.268593,-0.042452,-0.167233,14.0949,-1.24194,93.2059,-0.209685,-0.067356,-1.2490787357091904,1.5826439782977104,0.642637,999.0,,,,,,,128.4,4.0125,128.4,4.0125,,,,,,,,,,,,,,,,,,,Yankees,20084,641555
Zach Cole,HOU,75,322,288,62,35,13,3,11,38,40,28,1,127,4,2,1,,9,3,0.216108,0.0862486,0.394353,0.218709,0.293674,0.395337,0.299576,0.689011,0.179229,6.36894,0.338188,-0.0305605,0.120781,34.5229,-3.52391,91.4858,0.0902207,-0.225346,-3.1410526633262634,-1.6753456741571426,0.641123,742.9500122070312,,,,,,,322.1,4.294666666,322.1,4.294666666,,,,,,,,,,,,,,,,,,,Astros,31583,805904
Casey Schmitt,SFG,49,210,191,47,31,9,0,7,23,25,14,0,47,2,2,1,,1,0,0.247582,0.0677426,0.226171,0.29952,0.305174,0.403458,0.307594,0.708632,0.155876,3.29942,0.293836,-0.0533229,-0.218934,23.882,-0.931144,98.6902,-0.272257,-0.681644,-0.5982623398303986,-0.13164442777633667,0.640153,999.0,,,,,,,214.0,4.367346938,214.0,4.367346938,,,,,,,,,,,,,,,,,,,Giants,27577,669477
Jordan Beck,COL,134,581,528,133,85,26,4,17,66,64,47,0,161,3,3,1,,17,5,0.252042,0.0801645,0.277302,0.289087,0.314732,0.414585,0.317084,0.729317,0.162542,5.64937,0.328941,0.141136,0.348176,70.55,1.90033,89.1447,0.489312,0.132809,-6.985693126916885,-6.092190772294998,0.639671,231.94000244140625,,,,,,,643.1,4.799253731,643.1,4.799253731,,,,,,,,,,,,,,,,,,,Rockies,31431,687597
Wenceel Pérez,DET,70,301,272,65,42,13,3,8,36,35,24,0,65,2,2,1,,7,2,0.239991,0.0803237,0.21629,0.37137,0.304824,0.395557,0.305275,0.700382,0.155566,5.84012,0.285087,0.309607,-0.108641,33.6642,-1.9013,94.5856,0.200965,0.363602,-1.7198598831892014,-2.561397671699524,0.621924,748.3200073242188,,,,,,,307.7,4.395714285,307.7,4.395714285,,,,,,,,,,,,,,,,,,,Tigers,22857,672761
Sam Haggerty,TEX,65,280,250,62,44,12,3,4,35,26,23,1,62,3,2,1,,14,3,0.247477,0.0828041,0.219831,0.376672,0.317229,0.360563,0.298939,0.677791,0.113086,7.15446,0.311347,-0.0412565,1.23824,29.875,-3.20914,91.8769,1.19698,0.122572,-1.4837579727172852,-2.177427761256695,0.611415,999.0,,,,,,,282.9,4.352307692,282.9,4.352307692,,,,,,,,,,,,,,,,,,,Rangers,18054,664059
Leo Rivas,SEA,39,168,139,30,23,5,0,2,20,14,24,0,42,2,1,2,,7,2,0.21534,0.14242,0.250751,0.567976,0.334277,0.301394,0.292798,0.635671,0.0860532,5.44581,0.288441,-0.0169957,0.378538,17.0875,-2.76304,92.773,0.361543,0.127274,-1.0694558918476105,1.2272735983133316,0.607747,999.0,,,,,,,148.0,3.794871794,148.0,3.794871794,,,,,,,,,,,,,,,,,,,Mariners,21009,660844
José Fermín,STL,41,175,150,36,24,9,0,3,21,18,19,0,21,3,1,1,,6,2,0.242425,0.110309,0.119623,0.922133,0.340148,0.364835,0.314832,0.704983,0.122411,4.62277,0.261399,-0.018933,0.0422287,20.9301,0.252455,103.403,0.0232958,-0.213635,0.7291394397616386,-0.6386352628469467,0.604953,999.0,,,,,,,177.7,4.334146341,177.7,4.334146341,,,,,,,,,,,,,,,,,,,Cardinals,21746,665877
Moisés Ballesteros,CHC,91,389,351,93,65,17,1,9,42,46,32,2,67,3,3,1,,2,1,0.264139,0.0811024,0.171782,0.472123,0.327257,0.400278,0.316792,0.727535,0.136139,2.99264,0.29964,-0.101856,-0.719487,47.1437,1.18033,104.39,-0.821343,-0.141015,1.2027974128723145,-8.291014522314072,0.598956,611.0999755859375,,,,,,,415.4,4.564835164,415.4,4.564835164,,,,,,,,,,,,,,,,,,,Cubs,28820,694208
Liam Hicks,MIA,76,318,272,66,49,12,1,5,31,31,35,0,50,7,3,1,,2,0,0.244478,0.110441,0.15668,0.704879,0.343559,0.344091,0.310456,0.68765,0.0996125,3.21006,0.281245,-0.110606,-0.401916,36.8568,-0.670118,96.9167,-0.512522,-1.54503,-1.6731459498405457,-3.12002956867218,0.597315,748.3200073242188,,,,,,,314.9,4.143421052,314.9,4.143421052,,,,,,,,,,,,,,,,,,,Marlins,29844,689414
Alan Roden,MIN,45,196,172,44,31,9,1,4,24,21,17,0,34,5,1,0,,3,1,0.257492,0.088279,0.171736,0.514038,0.338596,0.38555,0.319975,0.724146,0.128058,4.80762,0.298228,-0.00909099,-0.0901942,24.2602,1.10127,104.205,-0.0992852,0.495239,0.8721087276935577,-1.8047611117362976,0.594778,999.0,,,,,,,212.7,4.726666666,212.7,4.726666666,,,,,,,,,,,,,,,,,,,Twins,31564,702176
Miguel Rojas,LAD,37,161,147,38,27,8,0,3,18,16,11,0,22,1,1,1,,2,1,0.255953,0.0668437,0.136203,0.490765,0.311214,0.373739,0.300847,0.684953,0.117785,3.73608,0.28046,-0.041068,-0.00676346,17.4275,-1.59587,92.1838,-0.0478314,1.39044,-1.5392969883978367,1.9654435515403748,0.591638,999.0,,,,,,,154.2,4.167567567,154.2,4.167567567,,,,,,,,,,,,,,,,,,,Dodgers,7802,500743
Mauricio Dubón,ATL,104,448,418,108,78,22,1,7,50,43,23,0,55,2,3,2,,4,1,0.258235,0.0502256,0.122038,0.411556,0.297821,0.366159,0.290297,0.66398,0.107924,3.8318,0.280381,-0.00818465,-0.387503,44.6567,-8.27791,83.977,-0.395688,-1.4337,-8.903490781784058,-0.2337031364440918,0.590126,742.7100219726562,,,,,,,401.9,3.864423076,401.9,3.864423076,,,,,,,,,,,,,,,,,,,Braves,16530,643289
Joey Loperfido,HOU,99,427,387,92,59,19,2,12,49,52,29,1,119,7,3,2,,8,3,0.238734,0.0671763,0.278241,0.241432,0.301199,0.392476,0.302158,0.693675,0.153741,4.92069,0.309983,-0.0426778,-0.233186,46.6755,-3.77785,93.2645,-0.275864,-0.939987,-3.665656626224518,-5.264986991882324,0.589934,748.27001953125,,,,,,,422.3,4.265656565,422.3,4.265656565,,,,,,,,,,,,,,,,,,,Astros,29630,694388
Travis d'Arnaud,LAA,58,231,211,46,27,11,1,7,23,25,14,0,65,4,1,0,,0,0,0.215708,0.062238,0.283525,0.219515,0.276075,0.375921,0.284718,0.651996,0.160213,2.79466,0.273778,-0.304458,-0.265736,21.9797,-5.3147,79.4969,-0.570194,0.0680381,-6.152365505695343,4.268037885427475,0.579655,999.0,,,,,,,204.0,3.517241379,204.0,3.517241379,,,,,,,,,,,,,,,,,,,Angels,7739,518595
Javier Báez,DET,104,448,422,100,68,19,2,12,48,52,17,0,106,5,3,1,,7,1,0.237463,0.0375071,0.236636,0.158501,0.273519,0.375832,0.281329,0.649351,0.13837,5.0046,0.287552,0.252781,0.202218,41.3948,-11.5399,78.09,0.455,-2.21378,-11.113931030035019,1.3362171649932861,0.577218,742.52001953125,,,,,,,393.8,3.786538461,393.8,3.786538461,,,,,,,,,,,,,,,,,,,Tigers,12979,595879
Miguel Andujar,SDP,83,357,332,91,64,17,1,9,39,43,20,1,53,2,2,1,,2,1,0.273975,0.0552499,0.147275,0.375149,0.316804,0.415196,0.316924,0.732,0.141221,3.45007,0.299868,-0.178266,-0.413113,43.3036,1.12133,106.427,-0.59138,-0.985766,2.1279035806655884,-8.410766243934631,0.572399,726.260009765625,,,,,,,384.2,4.628915662,384.2,4.628915662,,,,,,,,,,,,,,,,,,,Padres,15878,609280
Alex Freeland,LAD,37,161,140,32,20,7,0,5,20,18,18,0,43,2,1,0,,4,1,0.22656,0.111491,0.264963,0.420782,0.320762,0.37931,0.309661,0.700072,0.152749,4.72488,0.289323,-0.00316084,0.0855276,18.5797,-0.443683,98.222,0.0823667,-0.17453,-0.25691595673561096,0.4504697620868683,0.567841,999.0,,,,,,,171.3,4.629729729,171.3,4.629729729,,,,,,,,,,,,,,,,,,,Dodgers,31665,690976
Rhys Hoskins,CLE,92,399,346,77,45,15,1,16,44,50,44,1,110,5,4,0,,2,1,0.22291,0.109802,0.274656,0.399779,0.315717,0.409262,0.316192,0.724979,0.186352,3.18378,0.273298,-0.605443,-0.536325,48.1611,1.01622,103.541,-1.14177,-0.389546,0.5235642194747925,-8.71454581618309,0.567011,736.8599853515625,,,,,,,432.8,4.704347826,432.8,4.704347826,,,,,,,,,,,,,,,,,,,Guardians,16472,656555
Jake Fraley,TBR,94,406,362,88,62,16,1,10,46,44,37,1,83,5,2,0,,13,4,0.242879,0.0920123,0.204314,0.450347,0.319828,0.370806,0.305094,0.690634,0.127927,4.44592,0.288205,-0.188115,0.0745015,45.3477,-2.6243,93.8293,-0.113614,-0.675442,-3.066414199769497,-5.425442337989807,0.560878,999.0,,,,,,,416.4,4.429787234,416.4,4.429787234,,,,,,,,,,,,,,,,,,,Rays,19260,641584
José Tena,WSN,53,231,211,53,37,11,1,4,24,24,16,0,58,1,1,1,,7,2,0.252617,0.0696366,0.252751,0.275514,0.307595,0.372863,0.298624,0.680458,0.120246,5.12085,0.32868,-0.0251044,0.0141325,24.5879,-2.70648,90.1725,-0.0109719,0.0831346,-2.701564684510231,0.40813465416431427,0.551669,999.0,,,,,,,219.7,4.145283018,219.7,4.145283018,,,,,,,,,,,,,,,,,,,Nationals,23691,677588
Tyler Freeman,COL,70,301,264,72,53,14,1,4,38,28,24,0,38,10,2,1,,11,4,0.274415,0.0784857,0.125383,0.625968,0.353943,0.386171,0.328624,0.740114,0.111756,5.6593,0.30392,0.0701898,0.149197,39.3702,3.80469,97.05,0.219387,-0.0251597,-0.8330280780792236,-3.800159528851509,0.55056,745.4199829101562,,,,,,,334.8,4.782857142,334.8,4.782857142,,,,,,,,,,,,,,,,,,,Rockies,22532,671289
Andrew Benintendi,CHW,120,518,466,117,80,20,1,16,57,60,45,2,90,3,4,1,,3,1,0.250825,0.0862329,0.173242,0.49776,0.317385,0.401532,0.312771,0.718917,0.150707,3.09549,0.277084,-0.2383,-0.641378,61.086,-0.119663,99.7425,-0.879678,-4.77232,-1.036862701177597,-11.422318935394287,0.549371,737.3499755859375,,,,,,,550.2,4.585,550.2,4.585,,,,,,,,,,,,,,,,,,,White Sox,17901,643217
Jake Bauers,MIL,66,287,248,54,30,11,1,12,33,35,35,1,87,2,1,0,,8,1,0.215704,0.121053,0.303448,0.398924,0.31569,0.40859,0.316542,0.72428,0.192886,4.86786,0.277029,-0.376284,0.490163,34.7237,0.81246,103.181,0.113879,-1.02191,1.1959337666630745,-5.39690625667572,0.547125,999.0,,,,,,,328.2,4.972727272,328.2,4.972727272,,,,,,,,,,,,,,,,,,,Brewers,15194,641343
Lane Thomas,KCR,97,420,376,87,54,18,2,13,51,48,35,0,108,5,4,1,,14,5,0.231873,0.0827053,0.257911,0.320674,0.302912,0.392345,0.303664,0.695257,0.160472,5.78212,0.287959,0.14927,0.0267583,46.424,-3.20228,90.71,0.176028,-2.43345,-4.422684580087662,-4.8334503173828125,0.531982,725.5,,,,,,,429.6,4.428865979,429.6,4.428865979,,,,,,,,,,,,,,,,,,,Royals,16939,657041
Rob Refsnyder,SEA,62,266,232,54,34,11,0,8,31,31,28,1,75,4,2,0,,3,1,0.233601,0.105198,0.280261,0.375357,0.323458,0.389769,0.313231,0.713226,0.156167,3.5584,0.304706,-0.150801,-0.221821,31.468,0.038067,106.849,-0.372622,-0.394633,1.7745029926300049,-5.794632256031036,0.525391,999.0,,,,,,,276.4,4.458064516,276.4,4.458064516,,,,,,,,,,,,,,,,,,,Mariners,13770,608701
Darell Hernaiz,ATH,37,161,145,38,28,8,1,2,18,16,13,0,23,1,1,1,,3,1,0.262403,0.0783098,0.143139,0.54709,0.323614,0.368775,0.305456,0.692389,0.106372,4.70448,0.296603,-0.0365319,-0.0674891,18.0301,-0.993313,92.1417,-0.104021,0.217524,-1.5951981097459793,1.0925240367650986,0.51552,999.0,,,,,,,160.4,4.335135135,160.4,4.335135135,,,,,,,,,,,,,,,,,,,Athletics,26224,687231
Andrés Chaparro,WSN,60,259,233,56,34,12,1,9,28,32,22,1,62,3,2,0,,1,0,0.23937,0.0831724,0.238095,0.349325,0.30895,0.41262,0.31344,0.72157,0.17325,2.96625,0.284596,-0.106508,-0.234301,30.6838,0.0809656,100.322,-0.340809,1.46934,-0.24202680587768555,-3.3556607961654663,0.513538,999.0,,,,,,,282.6,4.71,282.6,4.71,,,,,,,,,,,,,,,,,,,Nationals,21797,665953
Amed Rosario,NYY,52,224,211,55,40,10,2,4,24,25,9,0,39,2,1,0,,4,1,0.261528,0.0407839,0.17629,0.231345,0.296222,0.380298,0.294307,0.676519,0.11877,5.2789,0.302573,0.406369,0.0733238,23.0576,-3.40974,88.4088,0.479693,-0.374737,-2.5805051922798157,-0.12473714351654053,0.51202,999.0,,,,,,,212.8,4.092307692,212.8,4.092307692,,,,,,,,,,,,,,,,,,,Yankees,15518,642708
Javier Sanoja,MIA,50,217,200,51,35,11,2,3,23,22,13,0,23,1,2,1,,5,3,0.257735,0.0611999,0.103868,0.589209,0.305549,0.37955,0.298981,0.685099,0.121815,5.26419,0.274926,0.0834341,-0.446214,23.1606,-2.47965,89.0556,-0.36278,0.460464,-3.177563041448593,0.9354637265205383,0.509265,999.0,,,,,,,200.2,4.004,200.2,4.004,,,,,,,,,,,,,,,,,,,Marlins,28253,691594
Rafael Marchán,PHI,36,141,125,29,20,6,0,3,14,14,12,0,23,2,1,1,,1,0,0.231364,0.0847871,0.163534,0.518468,0.307365,0.343875,0.290119,0.651241,0.112511,2.69541,0.261848,-0.0813067,-0.181569,14.0146,-2.62201,82.7152,-0.262876,1.00046,-3.147312104701996,3.7504608631134033,0.505217,999.0,,,,,,,126.9,3.525,126.9,3.525,,,,,,,,,,,,,,,,,,,Phillies,21646,665561
Austin Wynns,ATH,42,166,152,35,24,7,0,4,16,19,11,0,46,1,1,1,,1,0,0.232848,0.0685828,0.274837,0.24954,0.290596,0.363335,0.287132,0.653932,0.130487,2.6266,0.303716,-0.0916287,-0.188172,16.1592,-3.50227,79.5187,-0.2798,0.734759,-4.29662898182869,3.9847591519355774,0.505091,999.0,,,,,,,139.8,3.328571428,139.8,3.328571428,,,,,,,,,,,,,,,,,,,Athletics,15271,642851
Andy Ibáñez,ATH,62,266,242,59,39,13,1,6,29,30,19,0,51,3,2,0,,4,1,0.244888,0.0701113,0.192685,0.363866,0.304824,0.382587,0.301181,0.687411,0.137699,4.27666,0.284831,-0.296851,-0.202706,28.8656,-2.56437,89.1968,-0.499557,0.404839,-3.8864890933036804,-0.34516096115112305,0.50375,999.0,,,,,,,259.0,4.177419354,259.0,4.177419354,,,,,,,,,,,,,,,,,,,Athletics,18819,628451
Michael Massey,KCR,58,252,234,58,39,12,1,7,26,28,12,0,47,3,2,1,,2,1,0.24881,0.0491401,0.186314,0.263748,0.291245,0.392517,0.296322,0.683762,0.143707,3.29615,0.281356,0.0173289,-0.351956,26.3521,-3.42368,85.6519,-0.334627,0.260442,-4.596170365810394,0.760441780090332,0.494957,999.0,,,,,,,243.1,4.19137931,243.1,4.19137931,,,,,,,,,,,,,,,,,,,Royals,27684,686681
Jesse Winker,,50,217,183,44,29,8,1,6,25,23,29,1,47,3,1,1,,3,1,0.239204,0.134808,0.216334,0.623147,0.351435,0.384517,0.327125,0.735953,0.145313,4.22112,0.289795,-0.496006,-0.169052,28.1191,2.4789,109.426,-0.665058,-0.146325,1.7524596452713013,-4.271325170993805,0.493694,999.0,,,,,,,247.6,4.952,247.6,4.952,,,,,,,,,,,,,,,,,,,,13590,608385
Thomas Saggese,STL,44,189,174,43,30,9,1,4,20,20,11,0,48,2,1,0,,2,1,0.249288,0.0599039,0.251657,0.238038,0.301528,0.374573,0.2962,0.676101,0.125285,4.07085,0.318304,0.0197465,-0.215897,19.7454,-2.5864,90.6397,-0.19615,0.55341,-2.292891100049019,0.8284096717834473,0.493514,999.0,,,,,,,176.2,4.004545454,176.2,4.004545454,,,,,,,,,,,,,,,,,,,Cardinals,27883,695336
Gary Sánchez,MIL,37,150,133,30,17,5,0,7,17,21,12,0,41,3,1,0,,0,0,0.221862,0.0807501,0.272071,0.296798,0.300101,0.42395,0.314528,0.724051,0.202088,2.16474,0.259568,-0.140344,-0.196491,17.8553,0.178941,101.802,-0.336835,-1.12945,-0.017366379499435425,0.5455484390258789,0.492443,999.0,,,,,,,160.3,4.332432432,160.3,4.332432432,,,,,,,,,,,,,,,,,,,Brewers,11442,596142
Jordan Walker,STL,123,532,482,115,75,24,1,15,54,58,40,1,139,6,3,1,,10,3,0.238601,0.0752924,0.261935,0.287447,0.302639,0.386241,0.30111,0.688879,0.14764,4.28662,0.302279,0.108849,-0.174941,57.7006,-5.1593,94.0035,-0.0660916,-3.21487,-3.8470889255404472,-9.114867925643921,0.484738,493.5,,,,,,,526.9,4.283739837,526.9,4.283739837,,,,,,,,,,,,,,,,,,,Cardinals,27475,691023
Jeremiah Jackson,BAL,47,203,190,46,29,10,1,7,23,25,10,0,46,2,1,0,,3,2,0.244083,0.0479463,0.228936,0.209431,0.284401,0.411164,0.300016,0.695564,0.167081,4.10279,0.285891,-0.0212923,-0.254824,21.8369,-2.14909,92.6579,-0.276116,-0.675232,-2.0327876210212708,-0.2502318024635315,0.481269,999.0,,,,,,,204.2,4.344680851,204.2,4.344680851,,,,,,,,,,,,,,,,,,,Orioles,22239,669236
Matt Vierling,DET,75,322,291,71,49,13,2,8,37,33,26,1,75,3,2,0,,4,1,0.244867,0.0798044,0.232881,0.342683,0.310761,0.380743,0.303042,0.691505,0.135876,4.60157,0.302339,0.21518,-0.318807,35.429,-2.61781,93.0472,-0.103627,-2.29541,-2.7423242330551147,-3.6454050540924072,0.480356,999.0,,,,,,,322.7,4.302666666,322.7,4.302666666,,,,,,,,,,,,,,,,,,,Tigers,21558,663837
James Outman,MIN,49,210,183,40,23,8,1,7,26,23,21,1,71,3,2,0,,4,1,0.216332,0.101857,0.337381,0.301904,0.307008,0.38901,0.305153,0.696017,0.172678,5.61409,0.304093,0.0217036,0.190881,23.4657,-1.34738,93.994,0.212585,-0.131477,-1.2739490866661072,-1.3814765512943268,0.467817,999.0,,,,,,,212.5,4.336734693,212.5,4.336734693,,,,,,,,,,,,,,,,,,,Twins,24770,681546
Reese McGuire,CHW,34,134,123,28,19,5,0,4,13,15,8,0,30,1,1,1,,1,0,0.225839,0.0587095,0.225574,0.260266,0.275711,0.353423,0.275362,0.629134,0.127584,3.13087,0.267643,-0.137218,-0.0752347,11.7673,-4.11312,73.9729,-0.212453,0.603278,-4.335306271910667,3.2282782196998596,0.464386,999.0,,,,,,,114.8,3.376470588,114.8,3.376470588,,,,,,,,,,,,,,,,,,,White Sox,15674,624512
Noelvi Marte,CIN,117,504,462,117,78,21,2,16,60,61,32,1,111,5,4,1,,14,5,0.25285,0.0634159,0.220748,0.287278,0.306308,0.409839,0.310503,0.716147,0.156989,5.27397,0.298633,0.134477,0.00497889,58.507,-1.04449,93.4093,0.139456,-3.05979,-3.7974660843610764,-8.45978832244873,0.461526,147.02999877929688,,,,,,,539.5,4.611111111,539.5,4.611111111,,,,,,,,,,,,,,,,,,,Reds,26517,682622
Zack Gelof,ATH,32,140,125,29,17,6,0,5,17,17,12,0,45,1,1,1,,4,1,0.227798,0.0875088,0.321365,0.272304,0.299239,0.399045,0.304627,0.698284,0.171247,5.37318,0.309591,0.0625342,0.250357,15.584,-0.958044,91.5702,0.312892,0.463088,-1.0780784785747528,0.5630877241492271,0.44031,999.0,,,,,,,145.6,4.55,145.6,4.55,,,,,,,,,,,,,,,,,,,Athletics,29766,680869
JJ Bleday,CIN,53,231,203,47,26,10,0,9,29,30,25,1,52,1,1,0,,2,1,0.229499,0.110139,0.227033,0.485123,0.316611,0.424184,0.321799,0.740795,0.194685,3.35436,0.261245,-0.117765,-0.3385,28.9344,1.63997,101.148,-0.456265,-1.0963,-0.14199304580688477,-3.371295928955078,0.426862,748.3699951171875,,,,,,,252.8,4.76981132,252.8,4.76981132,,,,,,,,,,,,,,,,,,,Reds,26368,668709
Jonny DeLuca,TBR,70,301,273,63,42,11,3,8,33,32,21,1,62,4,2,1,,9,2,0.231874,0.0710386,0.20753,0.342305,0.295838,0.379372,0.294919,0.67521,0.147498,6.27358,0.271657,0.0405558,0.489461,31.1332,-4.43222,86.8201,0.530017,-0.734118,-4.1457449197769165,-2.059118330478668,0.425115,999.0,,,,,,,290.5,4.15,290.5,4.15,,,,,,,,,,,,,,,,,,,Rays,26365,676356
Christopher Morel,MIA,83,357,317,71,41,14,1,14,42,44,34,1,107,4,2,1,,6,3,0.222908,0.0943116,0.298981,0.315443,0.303119,0.409468,0.310021,0.712588,0.186561,4.59733,0.285213,0.344255,-0.367062,41.3028,-0.879512,96.6183,-0.0228065,0.289843,-1.4536749701946974,-6.335157245397568,0.41832,999.0,,,,,,,375.5,4.524096385,375.5,4.524096385,,,,,,,,,,,,,,,,,,,Marlins,21897,666624
Colby Thomas,ATH,34,147,134,33,19,8,1,5,17,20,8,0,44,3,1,0,,2,1,0.242193,0.0576201,0.300486,0.191756,0.29769,0.428099,0.313197,0.725789,0.185907,4.71213,0.316448,-0.00285052,-0.137942,17.3862,0.0169698,97.4743,-0.140792,0.667548,-0.5783944427967072,-0.4074523448944092,0.416786,748.3800048828125,,,,,,,160.7,4.726470588,160.7,4.726470588,,,,,,,,,,,,,,,,,,,Athletics,31855,687515
Oswald Peraza,LAA,63,273,248,54,38,9,0,7,30,27,19,0,71,4,1,1,,9,2,0.218523,0.0711001,0.259059,0.274455,0.284471,0.345101,0.278635,0.629572,0.126578,4.92877,0.273603,0.0351994,0.514664,24.6278,-7.62923,75.3068,0.549864,1.4937,-7.395470857620239,2.01870059967041,0.41124,999.0,,,,,,,226.8,3.6,226.8,3.6,,,,,,,,,,,,,,,,,,,Angels,22823,672724
Yohel Pozo,STL,42,172,165,44,29,10,0,5,18,21,5,0,21,1,1,0,,1,0,0.264464,0.0305889,0.121155,0.252478,0.288577,0.414935,0.302576,0.703513,0.150471,2.86755,0.275845,-0.124711,-0.135287,18.9037,-1.46673,95.0077,-0.259998,-1.27392,-1.2800751626491547,-0.6239192485809326,0.408842,999.0,,,,,,,177.3,4.221428571,177.3,4.221428571,,,,,,,,,,,,,,,,,,,Cardinals,18848,650968
Vaughn Grissom,LAA,32,140,126,31,22,6,0,3,16,14,11,0,27,2,1,0,,2,1,0.249413,0.0756748,0.193736,0.390607,0.315533,0.370968,0.303058,0.686501,0.121555,4.32919,0.294251,0.0481657,-0.0319646,15.4057,-1.13636,92.1308,0.0162011,-0.115022,-1.2822633143514395,0.4349781423807144,0.406312,999.0,,,,,,,133.2,4.1625,133.2,4.1625,,,,,,,,,,,,,,,,,,,Angels,26031,687093
Jahmai Jones,DET,32,140,121,29,17,7,1,4,19,17,15,0,34,3,1,1,,3,1,0.243807,0.10841,0.244281,0.443792,0.34122,0.41995,0.333349,0.76117,0.176143,5.7434,0.305334,-0.00189988,-0.0982032,18.8489,2.3068,113.925,-0.100103,0.115285,2.1976144909858704,-3.084714576601982,0.402239,999.0,,,,,,,161.9,5.059375,161.9,5.059375,,,,,,,,,,,,,,,,,,,Tigers,18872,663330
Blake Perkins,MIL,34,147,129,29,20,6,1,3,17,14,15,0,40,1,1,0,,5,2,0.223037,0.104625,0.272689,0.38368,0.307788,0.341615,0.289559,0.649402,0.118578,5.751,0.298241,0.0438014,0.123112,14.565,-2.80421,84.6973,0.166913,1.00869,-2.4992087483406067,1.5336856842041016,0.401597,999.0,,,,,,,136.6,4.017647058,136.6,4.017647058,,,,,,,,,,,,,,,,,,,Brewers,19921,663368
Angel Martínez,CLE,68,294,268,63,42,14,1,7,33,30,18,0,62,3,2,2,,5,2,0.235934,0.0622843,0.212503,0.293098,0.290128,0.370392,0.288815,0.66052,0.134459,4.86885,0.281175,0.220944,-0.161591,28.9524,-5.78601,84.6825,0.059353,0.748644,-5.248367186635733,-0.9513562917709351,0.400991,748.3699951171875,,,,,,,263.8,3.879411764,263.8,3.879411764,,,,,,,,,,,,,,,,,,,Guardians,26540,682657
Daniel Schneemann,CLE,47,203,180,40,25,9,1,5,22,20,20,0,55,1,1,1,,4,1,0.219178,0.0971356,0.271411,0.357891,0.298505,0.359272,0.290806,0.657778,0.140094,4.78507,0.284102,-0.0989093,-0.0795654,20.3191,-3.66696,86.054,-0.178475,0.0595287,-3.5151872783899307,0.38452864810824394,0.394545,999.0,,,,,,,190.6,4.055319148,190.6,4.055319148,,,,,,,,,,,,,,,,,,,Guardians,25180,682177
Esteury Ruiz,MIA,21,91,80,20,13,4,1,2,12,10,8,0,20,2,1,1,,8,2,0.245709,0.0837603,0.222957,0.375679,0.325457,0.385886,0.314055,0.711343,0.140177,7.61233,0.303314,-0.0108939,0.655466,10.8262,0.0738471,99.3816,0.644572,0.21684,0.5778773501515388,0.2418404221534729,0.393628,745.6599731445312,,,,,,,107.7,5.128571428,107.7,5.128571428,,,,,,,,,,,,,,,,,,,Marlins,21780,665923
James McCann,ARI,53,213,196,47,31,10,0,6,22,24,11,0,55,3,2,1,,1,0,0.238929,0.0529905,0.256956,0.206224,0.287712,0.378406,0.290253,0.666118,0.139477,3.11961,0.2997,-0.305066,-0.156756,21.2244,-3.94323,83.4338,-0.461822,-0.677799,-4.643942773342133,2.5472012162208557,0.390387,999.0,,,,,,,196.5,3.707547169,196.5,3.707547169,,,,,,,,,,,,,,,,,,,Diamondbacks,12859,543510
Ezequiel Duran,TEX,57,245,228,56,37,13,1,5,27,25,13,0,58,3,2,1,,7,2,0.246314,0.0512281,0.236061,0.217012,0.291611,0.376074,0.291315,0.667685,0.129759,5.05543,0.306872,-0.13745,0.264348,24.6242,-4.32448,86.6252,0.126898,-2.12789,-3.7352300584316254,-1.0028948783874512,0.377981,999.0,,,,,,,231.7,4.06491228,231.7,4.06491228,,,,,,,,,,,,,,,,,,,Rangers,23733,677649
Endy Rodríguez,PIT,26,105,94,23,15,5,1,2,12,11,9,0,22,1,1,0,,1,0,0.242759,0.0838973,0.207459,0.404403,0.310484,0.386977,0.305507,0.69746,0.144217,4.11712,0.28993,-0.0157034,-0.203417,11.7406,-0.642281,92.9835,-0.21912,0.255895,-1.090636968612671,1.1558946669101715,0.375622,999.0,,,,,,,105.7,4.065384615,105.7,4.065384615,,,,,,,,,,,,,,,,,,,Pirates,25332,682848
Nathan Church,STL,50,217,198,50,37,8,1,4,24,22,14,0,30,3,1,1,,5,2,0.253603,0.0645401,0.138273,0.466759,0.30982,0.3606,0.295195,0.67042,0.106998,4.87048,0.281007,-0.00399391,-0.0258766,22.4935,-3.1467,89.951,-0.0298705,0.352118,-2.614364393055439,-0.9728818535804749,0.37164,999.0,,,,,,,203.4,4.068,203.4,4.068,,,,,,,,,,,,,,,,,,,Cardinals,31357,701675
Brandon Lockridge,MIL,39,168,151,36,26,7,1,2,19,15,14,0,44,1,1,1,,9,2,0.241836,0.0810759,0.261929,0.309534,0.308842,0.339289,0.288066,0.648131,0.0974526,6.79162,0.32735,-0.0148108,0.825692,16.442,-3.40848,83.6744,0.810881,0.779548,-2.439787268638611,0.4795483648777008,0.371309,999.0,,,,,,,151.9,3.894871794,151.9,3.894871794,,,,,,,,,,,,,,,,,,,Brewers,21496,663604
Dane Myers,CIN,65,280,255,62,45,10,1,7,31,32,20,0,71,4,2,0,,10,3,0.244896,0.0701508,0.253897,0.276296,0.305949,0.374113,0.299161,0.680063,0.129217,4.99329,0.309323,-0.0686636,0.385879,29.9256,-3.15857,85.64,0.317215,-1.2482,-4.448258876800537,-1.248199075460434,0.370291,999.0,,,,,,,275.3,4.235384615,275.3,4.235384615,,,,,,,,,,,,,,,,,,,Reds,22054,667472
Cody Freeman,TEX,44,189,174,43,29,9,0,5,21,21,11,0,28,1,2,1,,2,1,0.245156,0.0580965,0.150709,0.385489,0.29195,0.380408,0.292084,0.672357,0.135252,4.0017,0.266283,-0.0223589,-0.187085,19.1139,-3.21794,87.1553,-0.209444,-0.510232,-3.0707163959741592,0.16476845741271973,0.368236,999.0,,,,,,,176.9,4.020454545,176.9,4.020454545,,,,,,,,,,,,,,,,,,,Rangers,25629,683227
Tyrone Taylor,NYM,60,259,238,55,35,13,2,6,29,26,13,1,58,5,2,1,,7,2,0.231912,0.0506487,0.225168,0.224937,0.283985,0.372258,0.285555,0.656243,0.140346,6.01971,0.281424,0.250635,0.340811,24.8201,-5.78274,84.5008,0.591447,0.889881,-4.166328012943268,-0.8851191401481628,0.3648,999.0,,,,,,,237.2,3.953333333,237.2,3.953333333,,,,,,,,,,,,,,,,,,,Mets,13675,621438
Starling Marte,KCR,63,273,249,66,48,11,1,6,32,29,17,0,58,5,2,1,,8,2,0.265476,0.061195,0.212662,0.287756,0.322694,0.392747,0.313687,0.715441,0.127271,5.1713,0.321175,-0.125949,0.3816,32.3972,0.140168,97.6147,0.255651,-0.0994762,-0.5118639469146729,-5.324476055800915,0.36422,999.0,,,,,,,290.2,4.606349206,290.2,4.606349206,,,,,,,,,,,,,,,,,,,Royals,9241,516782
Ryan Vilade,TBR,47,203,181,44,30,8,1,4,22,22,17,0,50,2,2,1,,3,1,0.240867,0.0841167,0.244558,0.343954,0.311961,0.37062,0.30085,0.682582,0.129753,4.80793,0.305167,-0.00946916,-0.221924,21.9743,-2.01167,90.9056,-0.231393,0.874957,-2.4073102325201035,-1.1500428318977356,0.350889,999.0,,,,,,,191.8,4.080851063,191.8,4.080851063,,,,,,,,,,,,,,,,,,,Rays,22165,668723
Jimmy Crooks,STL,24,97,88,21,14,4,0,2,10,10,7,0,26,1,1,0,,0,0,0.238321,0.068616,0.267199,0.256798,0.296702,0.367508,0.291432,0.66421,0.129186,3.35917,0.309236,-0.00601148,-0.111691,9.7181,-1.69593,87.3731,-0.117702,0.357394,-1.5633656904101372,1.9323935508728027,0.34443,999.0,,,,,,,84.0,3.5,84.0,3.5,,,,,,,,,,,,,,,,,,,Cardinals,31354,699625
Masataka Yoshida,BOS,40,175,159,44,31,9,0,4,19,21,12,0,23,3,1,0,,2,0,0.278574,0.0686759,0.132171,0.5196,0.338256,0.422055,0.330922,0.760311,0.143481,3.64166,0.300734,-0.139617,-0.0607336,23.2161,2.53853,108.307,-0.200351,-0.00361249,1.5130736380815506,-4.178612678544596,0.343532,748.0900268554688,,,,,,,199.9,4.9975,199.9,4.9975,,,,,,,,,,,,,,,,,,,Red Sox,31837,807799
Jon Berti,,31,133,120,30,23,5,0,2,15,11,10,0,28,1,1,0,,8,2,0.248546,0.0780168,0.211765,0.368412,0.313247,0.337065,0.289682,0.650312,0.0885193,5.93051,0.309083,0.0920572,0.483443,13.191,-2.52395,83.7044,0.5755,0.165271,-1.986073076725006,0.7902714908123016,0.338193,999.0,,,,,,,123.9,3.996774193,123.9,3.996774193,,,,,,,,,,,,,,,,,,,,12037,542932
Everson Pereira,CHW,52,224,201,46,29,7,1,8,28,26,18,0,72,3,1,0,,4,1,0.226663,0.0813237,0.320844,0.253468,0.298431,0.395826,0.303518,0.694257,0.169163,5.11694,0.304534,-0.0669197,-0.0380446,24.7329,-1.73443,93.369,-0.104964,-0.960243,-1.8556222021579742,-2.660242438316345,0.326771,999.0,,,,,,,225.6,4.338461538,225.6,4.338461538,,,,,,,,,,,,,,,,,,,White Sox,23695,677592
Carlos Cortes,ATH,36,154,138,33,20,8,0,5,18,18,14,0,33,1,1,0,,1,0,0.238591,0.0881824,0.212831,0.414331,0.308672,0.403862,0.310591,0.712534,0.165272,2.93683,0.276594,-0.0482706,-0.237755,17.8882,-0.308085,95.6789,-0.286026,0.59165,-1.070329338312149,-1.0583502054214478,0.32451,999.0,,,,,,,163.9,4.552777777,163.9,4.552777777,,,,,,,,,,,,,,,,,,,Athletics,21842,666126
Triston Casas,BOS,31,133,115,27,16,6,0,5,15,17,17,1,33,1,1,0,,0,0,0.239909,0.126017,0.251467,0.501127,0.339778,0.434185,0.335112,0.773963,0.194276,2.04077,0.289228,-0.112064,-0.198258,18.0968,2.38183,111.194,-0.310322,-0.213445,1.4444270730018616,-2.8884448260068893,0.320609,745.6300048828125,,,,,,,154.6,4.987096774,154.6,4.987096774,,,,,,,,,,,,,,,,,,,Red Sox,22514,671213
Connor Wong,BOS,53,211,192,47,31,10,1,5,23,21,15,0,52,3,1,1,,3,1,0.244283,0.068688,0.243888,0.281637,0.304679,0.379319,0.299821,0.683998,0.135035,4.28802,0.307292,-0.102645,-0.288318,22.6856,-2.26933,86.8831,-0.390963,-2.75983,-3.656078189611435,1.3651657104492188,0.314954,999.0,,,,,,,209.8,3.958490566,209.8,3.958490566,,,,,,,,,,,,,,,,,,,Red Sox,19896,657136
Max Kepler,,29,126,112,27,17,5,0,4,15,15,11,0,26,1,1,0,,1,0,0.237114,0.0903717,0.204327,0.44229,0.311805,0.40968,0.313819,0.721485,0.172566,3.778,0.266897,-0.114778,-0.0731754,14.966,0.0781687,100.286,-0.187953,0.269787,-0.1454247310757637,-1.080213040113449,0.310902,999.0,,,,,,,129.2,4.455172413,129.2,4.455172413,,,,,,,,,,,,,,,,,,,,12144,596146
Tyler Austin,CHC,31,133,119,29,17,7,0,5,16,18,13,1,33,1,1,0,,0,0,0.245839,0.0942114,0.251507,0.374587,0.318788,0.446591,0.327426,0.765379,0.200752,2.88439,0.293681,-0.122524,-0.166188,17.2668,1.55182,111.675,-0.288712,0.0308152,1.5516095757484436,-2.944184686988592,0.310249,999.0,,,,,,,152.7,4.925806451,152.7,4.925806451,,,,,,,,,,,,,,,,,,,Cubs,11850,592122
César Salazar,HOU,24,96,83,17,12,3,0,2,10,10,9,0,20,3,1,0,,1,0,0.208545,0.0900342,0.205801,0.437481,0.303408,0.321197,0.282213,0.624604,0.112652,3.44616,0.247252,-0.0155016,-0.129701,8.93923,-2.40391,79.5252,-0.145203,-0.00788517,-2.4618642032146454,1.8671148251742125,0.308616,999.0,,,,,,,77.6,3.233333333,77.6,3.233333333,,,,,,,,,,,,,,,,,,,Astros,21587,663967
Jasson Domínguez,NYY,23,98,87,22,15,4,0,3,13,11,9,0,25,1,1,0,,5,1,0.250021,0.0961707,0.250084,0.384553,0.324778,0.403636,0.318407,0.728413,0.153615,5.7485,0.311697,0.00260229,0.336133,12.0053,0.425857,105.011,0.338735,-0.349208,0.9175175130367279,-1.299207717180252,0.306049,403.4599914550781,,,,,,,112.7,4.9,112.7,4.9,,,,,,,,,,,,,,,,,,,Yankees,28080,691176
Nick Loftin,KCR,26,112,98,24,16,5,0,2,13,11,11,0,18,1,1,0,,2,1,0.242761,0.100884,0.157957,0.638679,0.32686,0.367126,0.308266,0.693986,0.124365,4.39566,0.272887,-0.0154261,-0.0778635,12.7982,-0.435472,93.8801,-0.0932896,0.34049,-0.9011440202593803,-0.05950966477394104,0.296113,999.0,,,,,,,106.7,4.103846153,106.7,4.103846153,,,,,,,,,,,,,,,,,,,Royals,27630,679845
Otto Kemp,PHI,53,231,205,48,30,10,1,7,28,29,16,0,66,8,2,0,,4,2,0.234322,0.0708245,0.284882,0.24861,0.312514,0.395302,0.310075,0.707817,0.160981,5.05014,0.306796,-0.0747989,-0.244088,26.7355,-0.558907,96.386,-0.318887,-0.963102,-1.3083278238773346,-3.488101363182068,0.295581,999.0,,,,,,,238.3,4.496226415,238.3,4.496226415,,,,,,,,,,,,,,,,,,,Phillies,31792,805249
Carlos Santana,ARI,83,357,312,70,47,13,0,10,38,40,40,1,69,2,2,0,,3,0,0.224226,0.110984,0.192575,0.576312,0.314192,0.361854,0.299865,0.676045,0.137628,3.27567,0.254746,-0.595714,-0.128667,38.3591,-3.82323,90.0179,-0.724381,2.42674,-4.947999835014343,-4.048257112503052,0.294785,999.0,,,,,,,343.4,4.137349397,343.4,4.137349397,,,,,,,,,,,,,,,,,,,Diamondbacks,2396,467793
Thairo Estrada,,23,98,91,23,16,4,0,2,11,11,4,0,19,2,1,0,,2,1,0.25605,0.0433031,0.191485,0.226143,0.298739,0.389336,0.299589,0.688075,0.133286,4.58339,0.296715,0.00412755,-0.103003,10.508,-1.07141,90.5106,-0.0988757,0.328607,-1.1980103701353073,0.6786073744297028,0.286203,999.0,,,,,,,87.2,3.791304347,87.2,3.791304347,,,,,,,,,,,,,,,,,,,,16426,642731
Griffin Conine,MIA,92,399,354,79,49,15,2,13,43,46,38,0,132,4,2,0,,1,1,0.22172,0.09544,0.331963,0.287502,0.302133,0.382601,0.301095,0.684734,0.16088,3.00274,0.310315,-0.192134,-0.735012,43.2705,-3.87446,90.5039,-0.927146,1.14235,-5.417822897434235,-5.1326528787612915,0.278735,999.0,,,,,,,390.6,4.245652173,390.6,4.245652173,,,,,,,,,,,,,,,,,,,Marlins,21626,665052
Ryan Mountcastle,BAL,34,147,135,35,22,7,0,5,17,19,9,0,36,1,1,0,,1,0,0.256527,0.0606702,0.247962,0.244676,0.304501,0.431798,0.317227,0.736299,0.175271,3.35871,0.309565,0.0422062,-0.0856644,17.8671,0.497923,104.514,-0.0434582,0.0477818,0.7386268861591816,-3.0772182047367096,0.278383,999.0,,,,,,,160.2,4.711764705,160.2,4.711764705,,,,,,,,,,,,,,,,,,,Orioles,18373,663624
Richie Palacios,TBR,45,196,171,40,28,8,1,3,22,18,21,0,38,2,1,1,,6,2,0.231764,0.107091,0.195428,0.54798,0.320917,0.337054,0.29461,0.65797,0.105289,5.1939,0.279031,-0.0151225,0.249883,20.2237,-2.9352,86.6075,0.234761,0.330409,-2.8590202778577805,-1.1695909202098846,0.278023,999.0,,,,,,,184.9,4.108888888,184.9,4.108888888,,,,,,,,,,,,,,,,,,,Rays,24589,680700
Taylor Walls,TBR,52,224,197,42,29,9,1,3,25,20,23,0,53,1,2,1,,10,3,0.212575,0.102275,0.235609,0.434086,0.294904,0.320981,0.27594,0.615885,0.108406,6.17699,0.26952,0.0811443,0.461062,19.7173,-6.75,73.7463,0.542206,-0.438249,-6.389034748077393,1.361751228570938,0.274446,999.0,,,,,,,180.8,3.476923076,180.8,3.476923076,,,,,,,,,,,,,,,,,,,Rays,22458,670764
Jett Williams,MIL,28,119,105,23,14,6,1,3,14,13,12,0,32,1,1,0,,4,1,0.221827,0.100083,0.26715,0.374632,0.306608,0.369161,0.298464,0.675769,0.147334,6.29629,0.290447,-0.00508503,0.0362224,12.651,-1.40976,90.7971,0.0311374,-0.602437,-1.2668362595140934,-0.02743750810623169,0.272651,999.0,,,,,,,118.9,4.246428571,118.9,4.246428571,,,,,,,,,,,,,,,,,,,Brewers,sa3020134,702518
Leody Taveras,BAL,18,77,70,18,12,3,0,2,9,8,6,0,16,0,1,0,,3,1,0.250389,0.0716505,0.20446,0.350437,0.304695,0.392181,0.303546,0.696876,0.141792,5.86019,0.29365,0.00893947,0.20393,8.50367,-0.594469,95.0898,0.21287,0.244218,-0.23275239765644073,0.21921835839748383,0.269765,999.0,,,,,,,79.2,4.4,79.2,4.4,,,,,,,,,,,,,,,,,,,Orioles,18900,665750
Luis Matos,SFG,26,112,103,26,17,5,0,4,13,14,7,0,15,1,1,0,,2,0,0.24921,0.0586069,0.1328,0.441317,0.299454,0.408854,0.307053,0.708308,0.159644,4.62053,0.259051,-0.0129348,0.0875864,12.6879,-0.545808,98.3195,0.0746516,0.0269643,-0.14841651916503906,-0.9730357173830271,0.266505,999.0,,,,,,,122.5,4.711538461,122.5,4.711538461,,,,,,,,,,,,,,,,,,,Giants,26467,682641
Keibert Ruiz,WSN,81,320,298,74,52,14,0,8,30,36,15,0,36,4,2,0,,2,1,0.24944,0.0482082,0.113962,0.423021,0.292106,0.379058,0.292611,0.671165,0.129619,2.46548,0.258992,-0.405486,-0.414664,32.4989,-5.31158,86.0532,-0.82015,-3.69833,-6.109718918800354,2.5516693592071533,0.259918,720.3200073242188,,,,,,,290.2,3.582716049,290.2,3.582716049,,,,,,,,,,,,,,,,,,,Nationals,19610,660688
Daniel Susac,SFG,19,77,71,17,11,3,0,2,7,9,4,0,22,1,1,0,,1,0,0.234686,0.0562676,0.282936,0.19887,0.28595,0.367302,0.285824,0.653252,0.132615,3.76295,0.30763,-0.00764189,-0.078188,7.37656,-1.69795,83.7774,-0.0858299,0.0392727,-1.5624722242355347,1.539272729307413,0.259051,999.0,,,,,,,68.6,3.610526315,68.6,3.610526315,,,,,,,,,,,,,,,,,,,Giants,sa3019997,691740
Mitch Garver,SEA,28,109,95,19,12,3,0,4,11,12,12,0,31,1,1,0,,1,0,0.201077,0.110111,0.286635,0.38415,0.297305,0.360436,0.291078,0.65774,0.159359,3.65739,0.253486,-0.177871,-0.0751511,10.9142,-1.94135,91.588,-0.253022,-1.33295,-1.3317215144634247,0.792046308517456,0.258906,999.0,,,,,,,98.6,3.521428571,98.6,3.521428571,,,,,,,,,,,,,,,,,,,Mariners,15161,641598
Christian Vázquez,HOU,19,77,70,16,12,3,0,1,7,7,5,0,15,1,1,0,,1,0,0.225786,0.0642604,0.19334,0.332369,0.280418,0.326841,0.268964,0.607259,0.101056,2.93627,0.265116,-0.112583,-0.115536,6.32522,-2.7493,70.3981,-0.228119,0.696013,-2.907620057463646,2.196012854576111,0.257489,999.0,,,,,,,57.6,3.031578947,57.6,3.031578947,,,,,,,,,,,,,,,,,,,Astros,9774,543877
Juan Brito,CLE,23,98,86,20,13,4,0,2,11,10,10,0,20,1,1,0,,1,1,0.227837,0.102269,0.201981,0.506327,0.313847,0.363267,0.299583,0.677114,0.13543,3.90363,0.268361,-0.0045653,-0.204977,10.5075,-1.07192,92.1,-0.209543,-0.0864915,-1.1220297664403915,0.26350846886634827,0.257263,999.0,,,,,,,88.5,3.847826086,88.5,3.847826086,,,,,,,,,,,,,,,,,,,Guardians,sa3009808,682877
TJ Rumfield,COL,97,420,375,98,66,20,1,10,47,45,36,1,84,6,3,1,,3,1,0.261446,0.0846347,0.200542,0.422031,0.331956,0.403603,0.322011,0.735559,0.142157,3.14358,0.308845,-0.0671728,-0.69967,52.6801,3.05385,92.5199,-0.766842,0.792142,-4.490347266197205,-7.007858455181122,0.253254,999.0,,,,,,,460.4,4.746391752,460.4,4.746391752,,,,,,,,,,,,,,,,,,,Rockies,sa3017330,681198
Randal Grichuk,NYY,32,140,129,31,19,7,1,5,17,16,9,0,30,1,1,0,,1,0,0.242454,0.0624501,0.213835,0.292048,0.295311,0.419253,0.307921,0.714564,0.176799,3.54563,0.276921,0.0296007,-0.214953,15.9585,-0.583538,97.7875,-0.185353,-0.197251,-0.5504266768693924,-1.7972505688667297,0.252804,999.0,,,,,,,149.5,4.671875,149.5,4.671875,,,,,,,,,,,,,,,,,,,Yankees,10243,545341
Nathaniel Lowe,CIN,37,161,142,36,25,6,1,5,18,20,17,1,37,1,1,0,,0,0,0.254755,0.1055,0.232786,0.453206,0.33638,0.407682,0.325672,0.744063,0.152927,2.54781,0.311058,-0.17771,-0.292595,20.6727,1.64926,103.801,-0.470305,-0.00656665,0.25498640537261963,-3.1815666030161083,0.248612,999.0,,,,,,,183.7,4.964864864,183.7,4.964864864,,,,,,,,,,,,,,,,,,,Reds,19566,663993
Nick Yorke,PIT,32,140,128,33,23,6,1,2,15,14,10,0,31,1,1,0,,3,1,0.253772,0.069471,0.224597,0.309313,0.308777,0.364974,0.295927,0.673751,0.111203,4.57021,0.31711,0.00604457,-0.0990438,14.5952,-1.94691,86.421,-0.0929992,0.0308719,-2.3461430072784424,0.08087187819182873,0.244789,999.0,,,,,,,134.6,4.20625,134.6,4.20625,,,,,,,,,,,,,,,,,,,Pirates,27504,694377
Ronny Mauricio,NYM,24,105,97,24,16,4,0,4,12,12,7,1,26,1,0,0,,3,1,0.243933,0.063448,0.247988,0.255851,0.296338,0.401747,0.300739,0.698085,0.157815,4.7212,0.29644,-0.00198319,0.0573422,11.3566,-1.04992,94.9023,0.0553591,0.387602,-0.5790366604924202,-0.53739795088768,0.243191,999.0,,,,,,,113.5,4.729166666,113.5,4.729166666,,,,,,,,,,,,,,,,,,,Mets,23698,677595
Ryan Waldschmidt,ARI,26,112,97,23,16,4,1,2,14,12,12,0,24,2,1,0,,3,1,0.23875,0.110772,0.216881,0.510749,0.335693,0.360403,0.311035,0.696096,0.121653,5.08959,0.295494,0.0,-0.0912669,13.05,-0.183661,97.6701,-0.0912669,0.118718,-0.4005398154258728,-0.981282465159893,0.239866,999.0,,,,,,,112.8,4.338461538,112.8,4.338461538,,,,,,,,,,,,,,,,,,,Diamondbacks,sa3025261,814439
Leo Jiménez,TOR,18,77,67,15,10,3,0,2,9,8,6,0,17,3,1,0,,1,0,0.229236,0.0811729,0.215502,0.376669,0.318586,0.352335,0.300274,0.67092,0.123098,3.89321,0.278812,-0.0295533,-0.150372,8.29914,-0.799005,91.9953,-0.179925,0.00908537,-0.9063801765441895,0.5840853601694107,0.238175,999.0,,,,,,,73.4,4.077777777,73.4,4.077777777,,,,,,,,,,,,,,,,,,,Blue Jays,23782,677870
Eli White,ATL,32,140,128,30,21,4,1,4,18,15,9,0,38,2,1,0,,5,1,0.23661,0.0651441,0.274522,0.2373,0.294829,0.371047,0.291144,0.665875,0.134437,6.63572,0.307294,-0.0518462,0.384831,14.0515,-2.49053,84.5574,0.332984,1.12853,-2.2293885946273804,-0.17147493362426758,0.230916,999.0,,,,,,,134.6,4.20625,134.6,4.20625,,,,,,,,,,,,,,,,,,,Braves,19346,642201
Nick Allen,HOU,29,126,113,26,20,5,0,1,12,10,10,0,25,1,1,1,,3,1,0.232769,0.0786814,0.197481,0.398424,0.297433,0.313408,0.273563,0.610841,0.080639,4.33932,0.285464,0.0121545,-0.118794,10.8478,-4.04007,73.5663,-0.106639,1.22874,-4.032200261950493,1.92873877286911,0.22849,999.0,,,,,,,92.4,3.186206896,92.4,3.186206896,,,,,,,,,,,,,,,,,,,Astros,22277,669397
Tyler Locklear,ARI,36,154,137,33,22,7,1,4,18,19,13,0,40,3,1,0,,3,1,0.244232,0.0828501,0.261792,0.316473,0.322258,0.398347,0.315904,0.720605,0.154115,4.98686,0.312891,-0.0159322,0.00671637,18.5524,0.356157,101.005,-0.00921586,0.0448852,0.17422507796436548,-3.1051148772239685,0.224343,999.0,,,,,,,162.3,4.508333333,162.3,4.508333333,,,,,,,,,,,,,,,,,,,Diamondbacks,31396,682988
Dom Keegan,TBR,16,64,58,13,8,3,0,2,7,7,5,0,18,1,1,0,,0,0,0.224996,0.0761293,0.278558,0.273298,0.290697,0.360793,0.286143,0.65149,0.135797,3.19917,0.293899,-0.00657065,-0.0830985,6.16367,-1.39843,80.7745,-0.0896691,0.193696,-1.5398783832788467,1.4436956495046616,0.215531,999.0,,,,,,,60.3,3.76875,60.3,3.76875,,,,,,,,,,,,,,,,,,,Rays,sa3020194,681371
Kristian Campbell,BOS,21,91,80,20,14,4,0,2,10,10,9,0,23,2,0,0,,1,0,0.247845,0.0986449,0.254806,0.387137,0.335146,0.380558,0.317774,0.715703,0.132713,4.28529,0.32342,0.0105059,-0.107991,11.101,0.348669,99.2505,-0.0974855,-0.127163,-0.17787069082260132,-0.8521633744239807,0.215065,745.7100219726562,,,,,,,97.3,4.633333333,97.3,4.633333333,,,,,,,,,,,,,,,,,,,Red Sox,33644,692225
Michael Conforto,CHC,29,126,110,25,15,5,0,4,14,15,13,0,31,2,1,0,,0,0,0.226696,0.103132,0.249357,0.413591,0.316215,0.396905,0.313007,0.71312,0.170208,2.53347,0.273552,-0.039364,-0.152225,14.8829,-0.00493091,101.797,-0.191589,-0.824739,0.0767977237701416,-2.1747390031814575,0.214254,999.0,,,,,,,127.1,4.38275862,127.1,4.38275862,,,,,,,,,,,,,,,,,,,Cubs,16376,624424
Justyn-Henry Malloy,TBR,19,84,71,17,11,3,0,2,10,9,11,0,23,1,1,0,,1,0,0.238544,0.131596,0.272328,0.483227,0.348529,0.381463,0.325849,0.729992,0.142919,3.03715,0.316775,-0.00160647,-0.11511,10.7978,0.872543,108.127,-0.116716,-0.200266,0.6878617405891418,-1.5002658069133759,0.212681,999.0,,,,,,,89.6,4.715789473,89.6,4.715789473,,,,,,,,,,,,,,,,,,,Rays,29606,669234
Heriberto Hernández,MIA,76,329,289,64,39,13,1,11,37,40,34,0,100,3,2,1,,3,1,0.222734,0.101963,0.304774,0.334553,0.308734,0.392684,0.307804,0.701418,0.16995,3.98466,0.295586,-0.163575,-0.410118,37.4711,-1.40277,95.0995,-0.573693,-0.458651,-2.48457407951355,-6.383650988340378,0.212573,999.0,,,,,,,330.1,4.343421052,330.1,4.343421052,,,,,,,,,,,,,,,,,,,Marlins,24878,681715
Jacob Melton,TBR,32,140,128,29,18,6,0,4,17,15,11,0,37,1,1,0,,7,2,0.224148,0.0751347,0.265584,0.282904,0.286245,0.367105,0.286625,0.65335,0.142958,6.05713,0.283706,0.0196221,0.480949,13.5379,-3.00419,81.107,0.500571,0.489254,-2.6168901324272156,-0.21074581146240234,0.203698,717.030029296875,,,,,,,133.1,4.159375,133.1,4.159375,,,,,,,,,,,,,,,,,,,Rays,31661,689200
Bryce Eldridge,SFG,71,308,277,65,39,13,0,12,31,40,26,2,92,2,3,0,,1,1,0.234224,0.0830358,0.299344,0.277392,0.301217,0.414967,0.307851,0.716184,0.180742,2.16145,0.301078,-0.020039,-0.444002,35.0912,-1.30141,98.8662,-0.464041,-0.137182,-0.8779114186763763,-7.3871824741363525,0.202798,999.0,,,,,,,320.6,4.515492957,320.6,4.515492957,,,,,,,,,,,,,,,,,,,Giants,33390,805811
Derek Hill,CHW,24,105,96,23,16,4,1,3,12,11,7,0,30,1,1,1,,3,1,0.235185,0.0626767,0.283063,0.221423,0.290787,0.367465,0.288543,0.658252,0.13228,5.94036,0.310623,0.0126812,0.178988,10.3169,-2.08966,83.053,0.191669,0.291787,-1.905600294470787,0.26678743958473206,0.202079,999.0,,,,,,,105.2,4.383333333,105.2,4.383333333,,,,,,,,,,,,,,,,,,,White Sox,16947,656537
Ryan Bliss,SEA,19,84,75,16,11,4,0,2,10,9,7,0,22,1,1,0,,5,2,0.215762,0.0816439,0.266091,0.306827,0.287293,0.342594,0.27909,0.629887,0.126831,6.25337,0.280095,-0.0032842,0.0675483,7.60879,-2.31645,83.3296,0.0642641,0.381474,-1.5861720368266106,0.6314744651317596,0.198123,999.0,,,,,,,72.9,3.836842105,72.9,3.836842105,,,,,,,,,,,,,,,,,,,Mariners,29547,669208
Brice Matthews,HOU,16,70,62,14,9,2,0,2,8,8,7,0,23,1,0,0,,3,1,0.220448,0.0945499,0.333489,0.283517,0.304283,0.382576,0.30249,0.686859,0.162128,6.63349,0.311222,0.00316223,0.115978,7.67058,-0.600461,93.493,0.119141,-0.00785626,-0.41770415753126144,-0.0578562468290329,0.197844,740.0900268554688,,,,,,,67.9,4.24375,67.9,4.24375,,,,,,,,,,,,,,,,,,,Astros,33280,694728
Dylan Carlson,CHC,19,84,73,17,11,3,0,2,9,9,9,0,19,1,1,0,,1,0,0.229795,0.107377,0.231467,0.463897,0.320825,0.363953,0.304431,0.684779,0.134159,4.43346,0.283809,0.0165162,-0.0742229,9.33709,-0.588153,95.9225,-0.0577067,0.200746,-0.46364858746528625,-0.39925411343574524,0.197647,999.0,,,,,,,81.6,4.294736842,81.6,4.294736842,,,,,,,,,,,,,,,,,,,Cubs,20126,666185
Braxton Fulford,COL,16,64,57,14,9,3,0,2,8,8,5,0,17,1,1,0,,1,0,0.243921,0.0748509,0.267796,0.279507,0.315423,0.404053,0.314431,0.719476,0.160132,4.98537,0.313915,0.00518542,-0.0736604,7.63358,0.0714847,87.3274,-0.068475,0.149893,-1.0297293812036514,1.3998933583498,0.19661,999.0,,,,,,,68.8,4.3,68.8,4.3,,,,,,,,,,,,,,,,,,,Rockies,29704,690924
Brett Harris,ATH,18,77,68,16,11,3,0,2,9,9,7,0,16,1,1,0,,1,0,0.235335,0.090815,0.205506,0.441909,0.316715,0.363557,0.302124,0.680272,0.128222,3.97635,0.279078,-0.0214966,-0.0730902,8.41477,-0.683368,89.8464,-0.0945867,0.461487,-1.016064114868641,0.286486878991127,0.196505,999.0,,,,,,,75.0,4.166666666,75.0,4.166666666,,,,,,,,,,,,,,,,,,,Athletics,29788,695391
Robert Hassell III,WSN,55,238,217,53,39,9,0,4,25,23,17,0,57,2,1,1,,6,1,0.241813,0.0720086,0.238174,0.302336,0.300351,0.3447,0.285012,0.645051,0.102887,4.56639,0.306942,0.0152324,0.173876,22.7026,-5.41889,80.8475,0.189109,0.163947,-5.213404431939125,-0.7860531806945801,0.196323,999.0,,,,,,,209.1,3.801818181,209.1,3.801818181,,,,,,,,,,,,,,,,,,,Nationals,27482,690987
Emmanuel Rodriguez,MIN,13,56,47,10,6,2,0,1,7,6,8,0,19,1,0,0,,1,0,0.217257,0.147979,0.342617,0.431906,0.339646,0.360251,0.314755,0.699898,0.142994,5.73073,0.333619,0.0,-0.00924076,6.69411,0.0772788,100.609,-0.00924076,0.0767368,0.030931503511965275,-0.12326318025588989,0.187753,999.0,,,,,,,53.1,4.084615384,53.1,4.084615384,,,,,,,,,,,,,,,,,,,Twins,sa3014693,691181
Tristan Gray,MIN,36,154,141,31,19,7,1,5,16,17,10,0,44,2,1,0,,1,0,0.220282,0.0658602,0.288123,0.228584,0.27803,0.37711,0.284416,0.655139,0.156828,3.50624,0.284465,-0.0440546,-0.207082,14.6155,-3.5808,79.7096,-0.251137,-0.388177,-3.9339815378189087,0.461823046207428,0.187055,999.0,,,,,,,143.5,3.986111111,143.5,3.986111111,,,,,,,,,,,,,,,,,,,Twins,19877,656484
Johan Rojas,PHI,16,70,64,16,12,3,1,1,8,7,4,0,15,1,0,1,,4,1,0.246878,0.054191,0.213857,0.253399,0.293629,0.350185,0.282954,0.643813,0.103307,7.08714,0.306,0.0405199,0.34745,6.56031,-1.71073,77.8074,0.38797,0.698588,-1.453225314617157,0.9485875964164734,0.186647,999.0,,,,,,,69.2,4.325,69.2,4.325,,,,,,,,,,,,,,,,,,,Phillies,24336,679032
Ildemaro Vargas,ARI,21,91,84,21,15,4,1,1,9,10,5,0,11,1,1,0,,1,0,0.25122,0.0571739,0.115879,0.493392,0.299297,0.355517,0.287799,0.654815,0.104297,4.3887,0.272889,0.00346629,-0.0813768,8.88633,-1.86602,81.7524,-0.0779105,0.570677,-2.0459872111678123,0.7956768721342087,0.181838,999.0,,,,,,,80.2,3.819047619,80.2,3.819047619,,,,,,,,,,,,,,,,,,,Diamondbacks,13324,545121
Jonah Heim,ATL,18,70,64,14,10,3,0,2,7,7,5,0,14,0,1,0,,0,0,0.225607,0.0732704,0.196804,0.3723,0.284967,0.356399,0.281709,0.641367,0.130793,3.13817,0.257733,-0.0710433,-0.052484,6.52661,-1.7917,78.0938,-0.123527,0.0866261,-1.9513494968414307,1.46162611246109,0.17897,999.0,,,,,,,56.9,3.161111111,56.9,3.161111111,,,,,,,,,,,,,,,,,,,Braves,16930,641680
Jorge Mateo,ATL,34,147,136,31,19,7,1,3,17,14,8,0,39,1,1,1,,11,2,0.224203,0.0542122,0.263011,0.206121,0.268953,0.35701,0.272639,0.625963,0.132807,7.52034,0.287481,0.151328,1.09538,12.5456,-4.82363,71.8809,1.24671,0.234794,-3.652359366416931,0.5097940564155579,0.178859,999.0,,,,,,,134.1,3.944117647,134.1,3.944117647,,,,,,,,,,,,,,,,,,,Braves,17273,622761
Bryce Teodosio,LAA,60,259,237,52,37,9,3,3,26,23,14,0,81,4,2,2,,12,3,0.218552,0.0547853,0.311997,0.175596,0.272704,0.320302,0.262332,0.593005,0.10175,7.28393,0.313288,0.0164677,0.870196,19.9366,-10.6662,64.0763,0.886664,2.16679,-10.079467475414276,2.891792893409729,0.176661,999.0,,,,,,,194.0,3.233333333,194.0,3.233333333,,,,,,,,,,,,,,,,,,,Angels,29524,669326
Myles Straw,TOR,42,182,164,38,29,7,1,2,20,15,14,0,35,1,1,2,,6,1,0.233691,0.0767049,0.191669,0.400195,0.294617,0.318253,0.272951,0.612869,0.084562,6.20159,0.284737,0.137934,0.516913,15.5787,-5.926,73.1734,0.654847,1.59301,-5.099674761295319,0.5430108308792114,0.174697,999.0,,,,,,,147.2,3.504761904,147.2,3.504761904,,,,,,,,,,,,,,,,,,,Blue Jays,17620,664702
Ty France,SDP,26,112,101,25,18,5,0,3,12,12,7,0,21,4,1,0,,0,0,0.251099,0.0594697,0.183693,0.323746,0.31928,0.379593,0.308205,0.698873,0.128494,2.27345,0.28994,-0.0551801,-0.151204,12.7926,-0.44104,100.454,-0.206384,0.0225538,-0.14610580727458,-1.8774462174624205,0.174209,999.0,,,,,,,114.7,4.411538461,114.7,4.411538461,,,,,,,,,,,,,,,,,,,Padres,17982,664034
Curtis Mead,CHW,16,70,63,16,11,3,0,1,8,7,5,0,14,2,0,0,,1,0,0.247229,0.0675875,0.206546,0.327228,0.312941,0.374967,0.303019,0.687908,0.127738,4.31046,0.295973,0.0120464,-0.0467937,7.70066,-0.570383,93.0251,-0.0347473,-0.0593044,-0.6102002449333668,-0.10930441692471504,0.172886,999.0,,,,,,,67.6,4.225,67.6,4.225,,,,,,,,,,,,,,,,,,,White Sox,23986,678554
Austin Slater,,34,147,128,29,20,5,1,3,18,15,15,0,43,2,1,1,,2,1,0.229373,0.103419,0.293893,0.351893,0.316414,0.359521,0.300678,0.675935,0.130148,4.53505,0.313481,-0.0115472,-0.112814,15.892,-1.47719,91.2585,-0.124361,0.217692,-1.6431261822581291,-1.657307580113411,0.171341,999.0,,,,,,,134.8,3.964705882,134.8,3.964705882,,,,,,,,,,,,,,,,,,,,16153,596103
Oswaldo Cabrera,NYY,24,105,94,22,15,4,0,3,12,11,8,0,21,1,1,1,,2,1,0.236594,0.0808335,0.202489,0.399198,0.302941,0.370362,0.296332,0.673303,0.133768,4.20776,0.275851,-0.019971,-0.0720325,10.9809,-1.42565,89.804,-0.0920035,-0.0113726,-1.3538033366203308,-0.5863726530224085,0.171246,999.0,,,,,,,97.0,4.041666666,97.0,4.041666666,,,,,,,,,,,,,,,,,,,Yankees,21707,665828
Lenyn Sosa,CHW,99,427,402,101,68,17,1,15,44,54,18,0,95,3,3,1,,2,1,0.25072,0.0419626,0.221478,0.189466,0.285431,0.408726,0.299363,0.694157,0.158006,2.85311,0.290524,-0.0250146,-0.686856,45.7065,-4.7468,90.5066,-0.711871,-1.27221,-5.489598751068115,-7.547205686569214,0.169823,491.6000061035156,,,,,,,423.6,4.278787878,423.6,4.278787878,,,,,,,,,,,,,,,,,,,White Sox,22896,672820
Andruw Monasterio,BOS,23,98,87,21,15,4,0,2,12,10,9,0,23,1,1,0,,3,1,0.242311,0.0920339,0.235786,0.390328,0.319096,0.363326,0.302776,0.682421,0.121015,5.02449,0.30633,-0.00456891,-0.00409541,10.7616,-0.8179,88.9185,-0.00866432,-0.391135,-1.2886224463582039,-0.44113512337207794,0.168124,999.0,,,,,,,93.9,4.082608695,93.9,4.082608695,,,,,,,,,,,,,,,,,,,Red Sox,19455,655316
Tim Tawa,ARI,31,133,120,27,17,5,1,4,14,14,11,0,33,1,1,0,,3,1,0.223179,0.0795477,0.251783,0.315938,0.290528,0.368812,0.289522,0.65934,0.145633,4.87237,0.275524,-0.00198862,-0.0730719,13.1738,-2.54121,82.9326,-0.0750605,0.278708,-2.7654358372092247,-0.04629206657409668,0.165052,748.280029296875,,,,,,,127.9,4.125806451,127.9,4.125806451,,,,,,,,,,,,,,,,,,,Diamondbacks,29571,694374
Hyeseong Kim,LAD,18,77,72,18,13,3,0,1,8,9,4,0,19,1,0,0,,4,1,0.249178,0.0508177,0.245611,0.206903,0.29349,0.359147,0.285993,0.652637,0.109969,6.66811,0.319306,-0.0175575,0.441981,7.40634,-1.6918,82.009,0.424423,-0.0431658,-1.2174483239650726,0.23183418810367584,0.161264,737.1099853515625,,,,,,,66.7,3.705555555,66.7,3.705555555,,,,,,,,,,,,,,,,,,,Dodgers,35322,808975
Bryce Johnson,SDP,32,140,124,28,21,5,1,2,15,13,12,0,38,2,1,2,,5,1,0.230507,0.0839495,0.270824,0.309977,0.307078,0.326995,0.284473,0.634073,0.096488,5.70393,0.315461,-0.0314025,0.282531,13.2933,-3.2488,84.1971,0.251129,-0.0284026,-2.3710232377052307,-0.7284025959670544,0.159445,999.0,,,,,,,120.5,3.765625,120.5,3.765625,,,,,,,,,,,,,,,,,,,Padres,20002,669369
Eric Wagaman,MIN,26,112,103,27,17,6,0,3,12,12,7,0,22,1,1,0,,1,0,0.25765,0.0657762,0.196174,0.335296,0.308578,0.40341,0.309538,0.711987,0.14576,4.17099,0.301591,-0.0530766,-0.110655,12.9138,-0.319861,97.0147,-0.163731,-0.0970077,-0.5578050762414932,-1.747007668018341,0.158589,747.969970703125,,,,,,,119.7,4.603846153,119.7,4.603846153,,,,,,,,,,,,,,,,,,,Twins,23395,676572
Johnathan Rodríguez,CLE,15,63,57,14,9,2,0,2,7,8,5,0,18,0,0,0,,0,0,0.249623,0.0870376,0.286221,0.304093,0.318911,0.414949,0.319363,0.73386,0.165326,3.34103,0.325727,-0.0132489,-0.112231,7.76657,0.322637,105.725,-0.12548,-0.0845653,0.29964815080165863,-0.9595653265714645,0.154332,999.0,,,,,,,61.0,4.066666666,61.0,4.066666666,,,,,,,,,,,,,,,,,,,Guardians,22530,671286
Will Brennan,SFG,44,189,176,47,34,9,1,3,18,19,10,1,27,2,1,0,,3,1,0.266138,0.052399,0.141148,0.371233,0.309592,0.375424,0.29889,0.685017,0.109286,4.10021,0.297241,-0.0467118,-0.205543,20.1582,-2.17365,92.7277,-0.252255,-0.00648111,-1.8812825083732605,-2.9314810633659363,0.150943,999.0,,,,,,,186.1,4.229545454,186.1,4.229545454,,,,,,,,,,,,,,,,,,,Giants,25660,686823
Mike Tauchman,NYM,19,84,72,17,12,3,0,2,10,8,10,0,20,1,0,0,,1,0,0.233303,0.119682,0.235177,0.5089,0.331694,0.361796,0.309665,0.69349,0.128493,3.80634,0.292147,-0.0896233,-0.104968,9.69402,-0.231228,101.016,-0.194591,0.0652986,-0.09339600056409836,-1.2347013056278229,0.150052,999.0,,,,,,,85.6,4.505263157,85.6,4.505263157,,,,,,,,,,,,,,,,,,,Mets,15274,643565
Sam Antonacci,CHW,10,42,36,9,6,2,0,0,5,4,4,0,8,2,0,0,,2,0,0.244054,0.0942972,0.179037,0.526692,0.344619,0.337795,0.308565,0.682414,0.0937409,6.29214,0.296647,0.0,0.0523712,4.8095,-0.153124,96.8452,0.0523712,-0.0380348,-0.10379510372877121,0.11196522414684296,0.148736,999.0,,,,,,,42.0,4.2,42.0,4.2,,,,,,,,,,,,,,,,,,,White Sox,sa3025363,803011
Jesus Rodriguez,SFG,8,33,29,8,6,1,0,0,4,3,3,0,5,0,0,0,,1,0,0.26749,0.0822349,0.161366,0.509617,0.332974,0.365447,0.308679,0.698421,0.0979577,4.76976,0.310852,-0.00138736,-0.0241428,3.73611,-0.115836,99.4333,-0.0255302,-0.122521,-0.04742528311908245,0.40247897058725357,0.147296,999.0,,,,,,,29.6,3.7,29.6,3.7,,,,,,,,,,,,,,,,,,,Giants,sa3008916,683679
Andrew McCutchen,TEX,47,203,176,41,28,8,0,5,22,20,23,1,48,2,1,0,,1,1,0.231686,0.115178,0.23814,0.483658,0.325606,0.36792,0.3068,0.693526,0.136234,2.77697,0.286321,-0.37897,-0.35475,22.9551,-1.03094,97.2923,-0.73372,-0.100556,-1.3815683722496033,-4.175555489957333,0.146287,999.0,,,,,,,197.9,4.210638297,197.9,4.210638297,,,,,,,,,,,,,,,,,,,Rangers,9847,457705
Jorbit Vivas,WSN,45,196,170,39,28,7,1,3,21,18,19,0,28,5,2,1,,4,2,0.226673,0.0990925,0.143689,0.689634,0.319755,0.322304,0.290104,0.642059,0.0956317,4.41773,0.255619,-0.0236712,-0.271753,19.5066,-3.65229,84.3358,-0.295424,0.0978245,-3.934226244688034,-1.2021754533052444,0.141658,999.0,,,,,,,176.6,3.924444444,176.6,3.924444444,,,,,,,,,,,,,,,,,,,Nationals,23917,678391
Troy Johnston,COL,36,154,140,37,24,7,1,4,18,18,10,0,31,3,1,0,,5,1,0.261666,0.0667866,0.203139,0.328773,0.323007,0.414718,0.321041,0.737725,0.153052,5.93538,0.310292,-0.0746143,0.23462,19.1947,0.998453,91.8554,0.160006,0.320158,-1.3265700042247772,-2.429841995239258,0.139882,748.1799926757812,,,,,,,176.5,4.902777777,176.5,4.902777777,,,,,,,,,,,,,,,,,,,Rockies,26143,687859
Dylan Moore,PHI,19,84,73,16,9,3,0,3,11,9,8,0,25,2,1,0,,5,1,0.213609,0.0992515,0.294569,0.336938,0.306865,0.392888,0.306897,0.699753,0.17928,6.61157,0.274676,0.00467474,0.202279,9.50527,-0.419981,94.209,0.206953,-0.467238,-0.369585782289505,-1.0672375559806824,0.138928,999.0,,,,,,,90.2,4.747368421,90.2,4.747368421,,,,,,,,,,,,,,,,,,,Phillies,18042,664238
Jose Iglesias,,24,105,97,24,18,5,0,1,10,10,5,0,18,2,1,0,,1,0,0.252364,0.0515737,0.168024,0.306943,0.301347,0.342538,0.284653,0.643886,0.0901743,3.4675,0.294403,-0.0516782,-0.101041,9.9853,-2.42126,80.2503,-0.152719,-0.36863,-2.603677809238434,0.4063699245452881,0.138771,999.0,,,,,,,84.2,3.508333333,84.2,3.508333333,,,,,,,,,,,,,,,,,,,,10231,578428
Alex Jackson,MIN,8,32,29,6,3,2,0,1,4,4,2,0,10,0,0,0,,0,0,0.207881,0.0698722,0.314473,0.222188,0.272664,0.384908,0.28605,0.657571,0.177027,3.81758,0.271943,-0.00495784,-0.0401004,3.07944,-0.701607,80.8353,-0.0450582,0.145616,-0.7678689807653427,0.7706160396337509,0.137217,999.0,,,,,,,25.8,3.225,25.8,3.225,,,,,,,,,,,,,,,,,,,Twins,17276,656577
Santiago Espinal,LAD,31,133,122,30,23,5,0,2,13,12,9,0,18,1,1,1,,2,1,0.24951,0.0665334,0.133734,0.497504,0.303311,0.333696,0.282062,0.637007,0.0841861,3.16556,0.279361,0.0417345,-0.163991,12.3682,-3.34676,79.3157,-0.122256,-0.0895729,-3.3827773332595825,0.2854270786046982,0.135829,999.0,,,,,,,110.3,3.558064516,110.3,3.558064516,,,,,,,,,,,,,,,,,,,Dodgers,19997,669289
Zach Dezenzo,HOU,23,98,89,21,14,5,0,3,12,11,8,0,30,1,1,0,,1,0,0.24044,0.0767444,0.301931,0.254179,0.3045,0.396551,0.306141,0.701051,0.156111,3.94489,0.322211,0.00503169,-0.0362099,11.0293,-0.550156,96.008,-0.0311782,-0.49986,-0.4922719355672598,-1.599860519170761,0.131049,999.0,,,,,,,100.2,4.356521739,100.2,4.356521739,,,,,,,,,,,,,,,,,,,Astros,31562,701305
Blaine Crim,COL,31,133,119,31,20,6,0,4,16,16,11,1,28,1,1,0,,1,0,0.25901,0.0849273,0.212647,0.399381,0.328036,0.430545,0.328273,0.758581,0.171534,3.37732,0.302595,-0.0482475,-0.208216,17.3582,1.64325,96.8096,-0.256463,0.144446,-0.7593752443790436,-2.430554375052452,0.126357,999.0,,,,,,,147.5,4.758064516,147.5,4.758064516,,,,,,,,,,,,,,,,,,,Rockies,25714,688760
Gio Urshela,,13,56,52,13,10,3,0,1,5,6,3,0,11,0,1,0,,0,0,0.260558,0.0606749,0.188656,0.321616,0.306361,0.376225,0.297998,0.682587,0.115668,2.65137,0.307176,-0.0243989,-0.112534,5.93223,-0.684606,89.4172,-0.136933,-0.0909593,-0.8373789638280869,0.10904069244861603,0.119393,999.0,,,,,,,47.9,3.684615384,47.9,3.684615384,,,,,,,,,,,,,,,,,,,,10681,570482
Alejandro Osuna,TEX,13,56,49,12,8,2,0,1,7,6,5,0,12,1,0,0,,2,1,0.245741,0.0922938,0.214343,0.430589,0.327643,0.372475,0.309736,0.700118,0.126734,5.15845,0.30121,0.0142899,-0.0684732,6.46592,-0.150912,99.3147,-0.0541833,-0.0643804,-0.09941539168357849,-0.6643804386258125,0.119054,999.0,,,,,,,52.4,4.03076923,52.4,4.03076923,,,,,,,,,,,,,,,,,,,Rangers,27915,696030
Anthony Santander,TOR,13,56,50,11,6,2,0,3,7,8,5,0,13,1,0,0,,0,0,0.228498,0.0940942,0.22787,0.412929,0.307673,0.442542,0.323129,0.750215,0.214044,2.38285,0.248799,-0.0510475,-0.0628304,7.07484,0.458013,107.739,-0.113878,-0.0143818,0.39689797908067703,-1.1643817611038685,0.118677,745.4199829101562,,,,,,,63.6,4.892307692,63.6,4.892307692,,,,,,,,,,,,,,,,,,,Blue Jays,14551,623993
Christian Koss,SFG,11,49,45,11,8,2,0,1,6,5,2,0,11,1,0,0,,1,0,0.248664,0.0471358,0.230383,0.204598,0.293639,0.366157,0.288853,0.659797,0.117493,4.92251,0.309886,0.007375,-0.00540909,4.82687,-0.962853,85.8519,0.00196591,0.219545,-0.8196886437945068,0.3445451110601425,0.118181,999.0,,,,,,,42.7,3.881818181,42.7,3.881818181,,,,,,,,,,,,,,,,,,,Giants,27653,683766
Abimelec Ortiz,WSN,47,203,183,42,26,8,1,7,23,24,16,0,53,2,2,0,,1,1,0.22881,0.079568,0.259069,0.307131,0.29686,0.3976,0.302167,0.69446,0.168791,3.55779,0.278685,-0.00917795,-0.40934,22.1915,-1.79456,92.5993,-0.418518,0.2916,-2.199109971523285,-3.4333999156951904,0.114728,999.0,,,,,,,200.0,4.255319148,200.0,4.255319148,,,,,,,,,,,,,,,,,,,Nationals,sa3016926,694673
Tyler Tolbert,KCR,28,119,107,24,17,5,1,1,14,11,7,0,31,2,1,2,,9,2,0.224881,0.0589454,0.260261,0.226485,0.281478,0.323026,0.268073,0.604504,0.098145,7.95532,0.299819,-0.0485303,1.01169,9.71471,-4.34605,66.1923,0.963161,0.604334,-3.778550386428833,0.7793338745832443,0.112193,999.0,,,,,,,95.5,3.410714285,95.5,3.410714285,,,,,,,,,,,,,,,,,,,Royals,25779,686475
Nelson Velázquez,STL,24,105,94,21,13,4,0,4,12,13,9,0,28,1,1,0,,2,1,0.220628,0.085344,0.265595,0.321332,0.292303,0.393461,0.298743,0.685764,0.172833,4.2087,0.267117,0.0813784,-0.0813224,11.1865,-1.2201,92.3817,5.59692e-05,-0.0444169,-0.9480109210053342,-1.4694168493151665,0.110083,999.0,,,,,,,103.8,4.325,103.8,4.325,,,,,,,,,,,,,,,,,,,Cardinals,23359,676369
Aidan Miller,PHI,10,42,37,8,5,2,0,1,5,4,4,0,11,1,0,0,,2,1,0.224338,0.100058,0.269077,0.371856,0.312247,0.350061,0.295799,0.662308,0.125723,5.73798,0.298185,-0.00182025,0.0694235,4.3742,-0.588419,86.6068,0.0676032,-0.02835,-0.5990952253341675,0.2716499827802181,0.109465,999.0,,,,,,,39.0,3.9,39.0,3.9,,,,,,,,,,,,,,,,,,,Phillies,sa3022609,805795
Jace Jung,DET,8,35,30,7,4,2,0,1,4,4,4,0,9,0,0,0,,0,0,0.221008,0.119439,0.265344,0.450131,0.317672,0.374431,0.306562,0.692103,0.153423,3.38031,0.281507,0.00232325,-0.0550785,3.95102,-0.184499,95.4724,-0.0527553,0.11794,-0.23952440172433853,0.09294042736291885,0.108253,999.0,,,,,,,36.4,4.55,36.4,4.55,,,,,,,,,,,,,,,,,,,Tigers,31437,690291
Adael Amador,COL,15,63,55,14,10,2,0,1,7,7,6,0,10,1,0,0,,2,1,0.250497,0.0993011,0.166596,0.59606,0.331667,0.37696,0.314199,0.708627,0.126463,4.95604,0.28585,-0.0347973,-0.0536566,7.50243,0.0584915,87.1684,-0.0884539,-0.22566,-1.0465650334954262,-0.0006596297025680542,0.107305,999.0,,,,,,,60.6,4.04,60.6,4.04,,,,,,,,,,,,,,,,,,,Rockies,27962,691182
Michael Helman,TEX,15,63,57,12,8,3,0,2,8,7,4,0,15,1,0,0,,2,0,0.21716,0.0643497,0.230386,0.279313,0.275936,0.355096,0.276639,0.631032,0.137936,5.83196,0.260787,-0.0130075,0.121282,5.58128,-1.86266,76.5158,0.108275,0.220162,-1.6354949846863747,0.4951622039079666,0.10518,999.0,,,,,,,56.5,3.766666666,56.5,3.766666666,,,,,,,,,,,,,,,,,,,Rangers,24605,680737
Tommy Pham,,36,154,137,33,23,6,0,3,17,15,14,0,35,1,1,0,,3,1,0.242426,0.09233,0.229814,0.401759,0.314608,0.370197,0.300953,0.684805,0.127771,4.37829,0.299223,-0.212909,-0.048055,16.6831,-1.51319,91.4471,-0.260964,-0.729251,-1.8177186846733093,-2.379250705242157,0.103853,999.0,,,,,,,141.3,3.925,141.3,3.925,,,,,,,,,,,,,,,,,,,,2967,502054
Jerar Encarnacion,SFG,31,133,121,29,19,5,0,5,15,17,10,0,42,1,1,0,,1,0,0.237283,0.077611,0.315962,0.245634,0.30129,0.401237,0.306185,0.702527,0.163954,3.2372,0.318227,-0.0802571,-0.117223,14.9731,-0.741863,97.725,-0.19748,0.0654971,-0.556088849902153,-2.8595028668642044,0.103269,999.0,,,,,,,137.8,4.44516129,137.8,4.44516129,,,,,,,,,,,,,,,,,,,Giants,21871,666464
Tommy Troy,ARI,11,49,44,10,7,2,0,1,5,5,4,0,10,1,0,0,,1,0,0.238464,0.0815032,0.21006,0.387999,0.308296,0.352091,0.292734,0.660387,0.113627,5.21037,0.291882,-0.00201225,0.00707995,4.98127,-0.808454,85.1329,0.0050677,0.0581538,-0.8583411648869514,0.23315386101603508,0.10283,999.0,,,,,,,44.1,4.009090909,44.1,4.009090909,,,,,,,,,,,,,,,,,,,Diamondbacks,sa3022561,694371
Nick Castellanos,SDP,86,371,344,86,56,17,1,12,41,46,21,1,88,3,3,0,,3,1,0.249457,0.0562281,0.238158,0.236096,0.295973,0.40729,0.304069,0.703264,0.157834,3.825,0.300659,-0.474229,-0.231249,41.1297,-2.70682,97.6207,-0.705478,-2.62253,-1.751676321029663,-9.597528457641602,0.101704,620.4400024414062,,,,,,,380.3,4.422093023,380.3,4.422093023,,,,,,,,,,,,,,,,,,,Padres,11737,592206
Gabriel Gonzalez,MIN,10,42,38,10,7,2,0,1,4,5,3,0,8,1,0,0,,0,0,0.265893,0.0636628,0.178706,0.356243,0.322414,0.40114,0.316149,0.723553,0.135246,4.01083,0.309324,-0.00178483,-0.0610325,5.06814,0.105516,101.569,-0.0628174,-0.0195968,0.014868400990962982,-0.4695967920124531,0.101376,999.0,,,,,,,45.2,4.52,45.2,4.52,,,,,,,,,,,,,,,,,,,Twins,sa3015723,694224
Drew Gilbert,SFG,16,70,62,14,9,3,0,2,8,8,6,0,14,1,0,0,,1,0,0.230151,0.0831668,0.196846,0.422497,0.305216,0.375167,0.299684,0.680383,0.145017,4.50026,0.265927,0.00405562,-0.0881293,7.51114,-0.759897,93.272,-0.0840737,-0.0667081,-0.6422579735517502,-0.7167080566287041,0.0992381,999.0,,,,,,,66.8,4.175,66.8,4.175,,,,,,,,,,,,,,,,,,,Giants,31545,687551
Heston Kjerstad,BAL,13,56,51,12,8,2,0,2,6,7,4,0,15,1,0,0,,0,0,0.237501,0.0662886,0.262121,0.252893,0.301414,0.401344,0.305408,0.702758,0.163843,4.37666,0.295651,-0.00822647,-0.0696165,6.26916,-0.34767,96.3726,-0.077843,-0.0576716,-0.3172602578997612,-0.6576716639101505,0.0974524,999.0,,,,,,,55.8,4.292307692,55.8,4.292307692,,,,,,,,,,,,,,,,,,,Orioles,31166,677008
Orlando Arcia,MIN,21,91,83,19,13,4,0,2,8,9,6,0,19,0,1,0,,0,0,0.226715,0.0702239,0.207107,0.339071,0.283366,0.352845,0.279301,0.636211,0.12613,2.47586,0.264984,-0.00501539,-0.132493,8.25851,-2.49384,76.1861,-0.137508,-0.0577489,-2.6916514933109283,0.46725114062428474,0.0928662,999.0,,,,,,,71.8,3.419047619,71.8,3.419047619,,,,,,,,,,,,,,,,,,,Twins,13185,606115
Tom Murphy,,13,51,46,11,7,2,0,2,6,6,4,0,15,0,0,0,,0,0,0.233118,0.08661,0.287401,0.301356,0.301258,0.393988,0.303551,0.695246,0.16087,3.05605,0.301615,-0.0345648,-0.0558952,5.65458,-0.395099,93.2316,-0.09046,-1.04649,-0.5000415742397308,-0.04648947715759277,0.08607,999.0,,,,,,,52.2,4.015384615,52.2,4.015384615,,,,,,,,,,,,,,,,,,,,13499,608596
Isiah Kiner-Falefa,BOS,37,161,149,38,29,6,1,2,16,15,8,0,27,2,1,1,,5,1,0.252448,0.048138,0.165903,0.290158,0.296011,0.33577,0.2791,0.631781,0.0833222,5.4634,0.295904,0.143262,0.21959,14.5849,-4.43848,72.6094,0.362852,-0.354732,-4.834722220897675,0.07026851177215576,0.0794871,745.72998046875,,,,,,,142.4,3.848648648,142.4,3.848648648,,,,,,,,,,,,,,,,,,,Red Sox,16512,643396
Enrique Hernández,LAD,39,168,153,34,22,7,0,5,19,19,12,0,39,1,2,1,,1,0,0.224799,0.0711317,0.232959,0.30534,0.281049,0.369029,0.283843,0.650078,0.14423,2.7725,0.266912,0.0847119,-0.258729,15.8659,-3.98457,80.5357,-0.174017,-0.585893,-4.049646705389023,-0.7858926951885223,0.0771295,999.0,,,,,,,145.6,3.733333333,145.6,3.733333333,,,,,,,,,,,,,,,,,,,Dodgers,10472,571771
Leo De Vries,ATH,8,35,31,7,4,2,0,1,4,4,3,0,9,0,0,0,,0,0,0.223323,0.086055,0.246762,0.348737,0.298579,0.370255,0.29319,0.668834,0.146932,4.69093,0.280002,-0.00616655,-0.0604379,3.57101,-0.564505,83.6919,-0.0666044,-0.0942672,-0.739341139793396,0.28073275834321976,0.0763287,999.0,,,,,,,32.4,4.05,32.4,4.05,,,,,,,,,,,,,,,,,,,Athletics,sa3023363,815888
Brett Sullivan,COL,39,154,140,33,22,7,2,3,16,15,11,0,26,1,2,0,,2,0,0.236631,0.069882,0.167876,0.416273,0.29275,0.366495,0.287775,0.659246,0.129864,5.47606,0.269594,-0.0537355,-0.0748353,14.9964,-3.1526,69.0676,-0.128571,-0.715681,-5.75974877178669,2.284318506717682,0.0753419,999.0,,,,,,,144.5,3.705128205,144.5,3.705128205,,,,,,,,,,,,,,,,,,,Rockies,18217,664954
Brock Wilken,MIL,10,42,36,7,4,1,0,1,4,5,5,0,14,0,0,0,,0,0,0.190964,0.121365,0.333887,0.363492,0.296221,0.347362,0.287947,0.643583,0.156399,3.18512,0.2649,-0.00164459,-0.0431542,4.10643,-0.856192,83.5926,-0.0447987,0.0382247,-0.8615382425487041,0.18822472542524338,0.074078,999.0,,,,,,,30.5,3.05,30.5,3.05,,,,,,,,,,,,,,,,,,,Brewers,sa3022499,694385
David Fry,CLE,45,192,172,38,23,7,1,6,20,23,16,1,53,3,1,0,,1,0,0.218283,0.0806349,0.273057,0.295304,0.293751,0.376879,0.293358,0.67063,0.158596,3.8073,0.27318,-0.0957263,-0.0916881,19.6566,-3.07694,87.8115,-0.187414,-0.00282301,-2.951348230242729,-2.9528230545111,0.0721358,999.0,,,,,,,182.1,4.046666666,182.1,4.046666666,,,,,,,,,,,,,,,,,,,Guardians,24934,681807
Rafael Flores Jr.,PIT,11,47,42,10,7,2,0,1,5,5,4,0,13,0,0,0,,0,0,0.245504,0.0779243,0.283367,0.274994,0.308878,0.386116,0.304548,0.694995,0.140612,3.18405,0.326456,-0.0103583,-0.0348748,5.18427,-0.321875,92.3266,-0.045233,-0.500754,-0.4690393842756748,-0.37575364112854004,0.0719582,999.0,,,,,,,41.2,3.745454545,41.2,3.745454545,,,,,,,,,,,,,,,,,,,Pirates,31991,804668
Maximo Acosta,MIA,15,63,57,13,9,2,0,1,7,6,5,0,16,1,0,0,,2,1,0.224444,0.0727884,0.246667,0.295088,0.286065,0.343954,0.278273,0.630018,0.11951,5.54528,0.281838,0.00528301,0.0153219,5.66483,-1.77911,74.87,0.0206049,0.00365958,-1.8557994980365038,0.4286595934536308,0.0684353,999.0,,,,,,,50.0,3.333333333,50.0,3.333333333,,,,,,,,,,,,,,,,,,,Marlins,27963,691185
LaMonte Wade Jr.,,16,70,59,13,9,2,0,2,8,7,9,0,16,1,1,0,,0,0,0.224803,0.134725,0.225789,0.596683,0.337714,0.362813,0.312096,0.700527,0.138009,3.27512,0.272956,-0.110786,-0.0885465,8.21655,-0.0544911,99.102,-0.199333,-0.199716,-0.2736237570643425,-1.4497162997722626,0.0660695,999.0,,,,,,,68.4,4.275,68.4,4.275,,,,,,,,,,,,,,,,,,,,18126,664774
Walker Jenkins,MIN,8,35,31,7,5,2,0,1,4,4,3,0,8,0,0,0,,1,0,0.239449,0.0960582,0.221184,0.434291,0.321287,0.363927,0.304239,0.685214,0.124478,5.00879,0.296313,-0.00315537,0.0138038,3.88498,-0.250537,93.3644,0.0106484,-0.228103,-0.2630804134532809,-0.3031034618616104,0.0653224,999.0,,,,,,,34.3,4.2875,34.3,4.2875,,,,,,,,,,,,,,,,,,,Twins,sa3022894,805805
Taylor Trammell,HOU,8,35,30,7,4,2,0,1,4,4,4,0,11,0,0,0,,1,0,0.215062,0.111918,0.300177,0.372841,0.308262,0.391717,0.307585,0.699979,0.176655,4.83805,0.280724,-0.014924,0.00148418,3.98008,-0.15544,97.003,-0.0134398,-0.155551,-0.1370718041434884,-0.4305510073900223,0.0651751,999.0,,,,,,,38.3,4.7875,38.3,4.7875,,,,,,,,,,,,,,,,,,,Astros,19960,666211
Nelson Rada,LAA,16,70,61,15,12,2,0,0,7,6,6,0,17,1,0,1,,3,1,0.239989,0.0927633,0.237829,0.390042,0.320841,0.305016,0.284307,0.625857,0.0650262,5.65755,0.319727,-0.0092451,0.0515056,6.63718,-1.63386,79.214,0.0422605,0.142606,-1.6726535968482494,-0.10739436745643616,0.064379,999.0,,,,,,,52.7,3.29375,52.7,3.29375,,,,,,,,,,,,,,,,,,,Angels,sa3018421,703185
Jose Siri,LAA,8,35,32,6,4,1,0,1,4,4,2,0,13,0,0,0,,1,0,0.201115,0.0649732,0.362968,0.179005,0.260486,0.369671,0.27429,0.630156,0.168555,5.83726,0.281608,0.0145682,0.05845,3.03395,-1.10157,72.3138,0.0730182,0.367194,-1.0690811052918434,0.4921938478946686,0.0642273,999.0,,,,,,,21.8,2.725,21.8,2.725,,,,,,,,,,,,,,,,,,,Angels,17452,642350
Joey Wiemer,WSN,34,147,131,27,18,6,0,4,15,15,13,0,44,2,1,0,,3,1,0.207607,0.0859172,0.299454,0.286913,0.284089,0.341688,0.277122,0.625777,0.134082,4.50852,0.278063,-0.0376277,0.0277898,13.0805,-4.28867,75.4424,-0.00983784,0.669381,-4.288398002274334,-0.00561898946762085,0.0610508,999.0,,,,,,,123.1,3.620588235,123.1,3.620588235,,,,,,,,,,,,,,,,,,,Nationals,27690,686894
Will Wagner,SDP,5,21,19,5,3,1,0,0,2,2,2,0,4,0,0,0,,0,0,0.253091,0.0996585,0.173903,0.573069,0.333073,0.363827,0.310082,0.6969,0.110736,3.56871,0.297873,-0.00622009,-0.0361712,2.43061,-0.0506994,101.74,-0.0423913,0.0184908,0.0009064227342605591,-0.10650917887687683,0.0606787,999.0,,,,,,,17.9,3.58,17.9,3.58,,,,,,,,,,,,,,,,,,,Padres,29634,695238
Jorge Barrosa,ARI,18,77,69,16,11,4,0,1,8,7,7,0,18,0,1,0,,1,1,0.227352,0.0855896,0.228768,0.374133,0.297358,0.337671,0.281514,0.635029,0.110319,4.66049,0.28709,-0.00749377,-0.0976559,7.12628,-1.97187,77.4468,-0.10515,0.615906,-2.1633743569254875,0.19090592861175537,0.0602969,999.0,,,,,,,61.7,3.427777777,61.7,3.427777777,,,,,,,,,,,,,,,,,,,Diamondbacks,23968,678489
Luis Urías,ARI,6,28,24,6,4,1,0,1,3,3,3,0,5,1,0,0,,0,0,0.230943,0.0970891,0.187808,0.516958,0.32141,0.359896,0.304109,0.681306,0.128953,3.12099,0.265075,-0.0032223,-0.0320959,3.10504,-0.203378,92.9253,-0.0353182,-0.177415,-0.27009930461645126,-0.07741526514291763,0.0597559,999.0,,,,,,,33.9,5.65,33.9,5.65,,,,,,,,,,,,,,,,,,,Diamondbacks,16622,649966
Nate Eaton,BOS,15,63,57,14,9,3,0,1,7,7,4,0,16,1,0,0,,2,1,0.240314,0.0647689,0.246124,0.263156,0.297768,0.374606,0.294346,0.672375,0.134292,5.91046,0.303382,-0.000507696,0.114394,6.48696,-0.956974,83.1116,0.113887,0.123254,-1.1401242688298225,-0.4517460837960243,0.0589819,999.0,,,,,,,55.5,3.7,55.5,3.7,,,,,,,,,,,,,,,,,,,Red Sox,25055,681987
John Rave,KCR,21,91,81,18,12,4,1,2,11,9,8,0,24,0,1,1,,3,1,0.228638,0.0923513,0.262575,0.351714,0.302814,0.371839,0.296618,0.674653,0.143201,5.9378,0.294309,-0.0166925,0.0831131,9.53789,-1.21446,85.8558,0.0664207,-0.159369,-1.4506021738052368,-1.1343686133623123,0.0559753,999.0,,,,,,,82.8,3.942857142,82.8,3.942857142,,,,,,,,,,,,,,,,,,,Royals,26284,670231
Max Schuemann,NYY,5,21,18,4,3,1,0,0,2,2,2,0,5,0,0,0,,1,0,0.229238,0.103649,0.230642,0.449393,0.322761,0.33571,0.296539,0.658471,0.106472,5.34317,0.291813,-0.00296896,0.0144524,2.19971,-0.2816,89.9466,0.0114835,-0.128461,-0.23734669294208288,0.046538859605789185,0.054428,999.0,,,,,,,15.2,3.04,15.2,3.04,,,,,,,,,,,,,,,,,,,Yankees,24488,680474
Chris Taylor,,32,140,124,27,17,6,0,3,15,13,12,0,45,2,1,0,,3,1,0.213748,0.0860465,0.322142,0.267107,0.293087,0.335223,0.27938,0.62831,0.121475,4.81026,0.307362,-0.110929,0.0146273,12.7143,-3.82774,76.6278,-0.0963021,-0.257576,-3.9636381790041924,-0.25757575035095215,0.0528945,999.0,,,,,,,117.7,3.678125,117.7,3.678125,,,,,,,,,,,,,,,,,,,,13757,621035
Adrian Del Castillo,ARI,29,124,111,26,16,6,0,4,13,15,10,0,35,1,1,0,,0,0,0.230387,0.0845124,0.281763,0.299941,0.29972,0.388549,0.299877,0.688268,0.158162,3.38858,0.298598,-0.0435857,-0.128544,13.2818,-1.32245,90.0263,-0.17213,-0.0174841,-1.633197695016861,-1.9674841947853565,0.0526774,999.0,,,,,,,122.6,4.227586206,122.6,4.227586206,,,,,,,,,,,,,,,,,,,Diamondbacks,29554,680728
Tyler Fitzgerald,SFG,5,21,19,4,3,1,0,1,2,2,1,0,6,0,0,0,,1,0,0.232798,0.0626561,0.290701,0.215534,0.290225,0.379128,0.292533,0.669353,0.14633,5.62845,0.307657,0.0124597,0.0262352,2.13141,-0.349902,88.373,0.0386948,0.0845676,-0.2506937347352505,0.05956757441163063,0.0519286,999.0,,,,,,,20.6,4.12,20.6,4.12,,,,,,,,,,,,,,,,,,,Giants,26208,666149
Jared Oliva,SFG,6,28,25,6,4,1,0,1,3,3,2,0,7,0,0,0,,2,0,0.232359,0.0642233,0.23466,0.273687,0.29365,0.355359,0.286231,0.649009,0.123,7.54459,0.290532,-0.0100622,0.18131,2.69861,-0.609809,84.0557,0.171248,0.0262617,-0.3578765094280243,-0.07373829558491707,0.0511514,999.0,,,,,,,30.7,5.116666666,30.7,5.116666666,,,,,,,,,,,,,,,,,,,Giants,19968,666931
Kameron Misner,KCR,8,35,31,6,4,1,0,1,4,3,4,0,11,0,0,0,,1,0,0.209203,0.107473,0.321031,0.334776,0.29861,0.351867,0.288912,0.650478,0.142665,5.84149,0.296543,-0.013887,0.069124,3.44946,-0.68606,80.5479,0.055237,0.196654,-0.747192271053791,0.021654322743415833,0.0490185,999.0,,,,,,,28.8,3.6,28.8,3.6,,,,,,,,,,,,,,,,,,,Royals,26374,670224
Brett Wisely,ATL,5,21,19,4,3,1,0,0,2,2,2,0,5,0,0,0,,0,0,0.236442,0.0834749,0.227171,0.367454,0.30465,0.357872,0.292,0.662522,0.12143,4.39383,0.292468,-0.00921075,-0.0101103,2.12233,-0.358982,85.1439,-0.0193211,0.023796,-0.38907984271645546,0.14879603870213032,0.0468992,999.0,,,,,,,12.3,2.46,12.3,2.46,,,,,,,,,,,,,,,,,,,Braves,27735,689172
Tanner Murray,CHW,13,56,52,12,8,3,0,1,6,6,3,0,13,1,0,0,,0,0,0.22961,0.0480017,0.237038,0.202506,0.272729,0.345541,0.270906,0.61827,0.115931,3.33313,0.285506,-0.00731925,-0.0837801,4.70044,-1.91639,70.9035,-0.0910993,0.371032,-2.0115452334284782,0.5210322737693787,0.044702,999.0,,,,,,,45.3,3.484615384,45.3,3.484615384,,,,,,,,,,,,,,,,,,,White Sox,sa3016805,695020
Kyle Farmer,ATL,15,63,58,13,9,3,0,1,6,6,4,0,14,1,0,0,,0,0,0.233139,0.0600305,0.223631,0.268436,0.291721,0.35797,0.285937,0.649692,0.124831,3.27133,0.282794,-0.0245684,-0.144506,6.05687,-1.38707,80.9906,-0.169074,-0.166885,-1.5884697437286377,-0.09188452363014221,0.0425283,999.0,,,,,,,47.9,3.193333333,47.9,3.193333333,,,,,,,,,,,,,,,,,,,Braves,14813,571657
Christian Franklin,WSN,15,63,55,13,9,2,0,1,7,6,7,0,15,1,0,0,,2,1,0.23306,0.107545,0.245631,0.437834,0.32472,0.345748,0.300743,0.670468,0.112688,5.16731,0.303042,-0.00806381,-0.060918,6.81419,-0.629747,91.6241,-0.0689819,-0.323296,-0.6943945661187172,-0.9982956051826477,0.0412662,999.0,,,,,,,58.0,3.866666666,58.0,3.866666666,,,,,,,,,,,,,,,,,,,Nationals,sa3017510,681047
Miles Mastrobuoni,SEA,3,14,12,3,2,1,0,0,2,1,1,0,3,0,0,0,,0,0,0.237396,0.0999157,0.194862,0.51275,0.31442,0.325234,0.286931,0.639653,0.087838,4.94633,0.291393,-0.00562095,0.0194132,1.35727,-0.296939,88.7316,0.0137922,0.0362182,-0.17214390449225903,0.0862182267010212,0.0405088,999.0,,,,,,,10.7,3.566666666,10.7,3.566666666,,,,,,,,,,,,,,,,,,,Mariners,20017,670156
Weston Wilson,BAL,3,14,12,3,2,1,0,0,2,2,1,0,4,0,0,0,,0,0,0.221998,0.0925874,0.279417,0.331359,0.297313,0.387516,0.299106,0.684829,0.165518,4.95543,0.278499,-0.00569669,-0.00124309,1.49565,-0.15856,92.0308,-0.00693979,-0.00483509,-0.13843624712899327,0.04516490641981363,0.0397572,999.0,,,,,,,10.7,3.566666666,10.7,3.566666666,,,,,,,,,,,,,,,,,,,Orioles,19358,642215
Gabriel Rincones Jr.,PHI,8,35,31,7,4,1,0,1,4,4,4,0,10,0,0,0,,1,0,0.216334,0.10155,0.271651,0.373824,0.304531,0.370474,0.297046,0.675005,0.15414,4.85747,0.274444,-0.00321402,0.00807308,3.6806,-0.454915,87.461,0.00485906,0.10125,-0.5152887450531125,-0.2737499997019768,0.0384101,999.0,,,,,,,34.4,4.3,34.4,4.3,,,,,,,,,,,,,,,,,,,Phillies,sa3020758,687282
Bryan Torres,STL,3,14,12,3,3,1,0,0,2,1,2,0,2,0,0,0,,0,0,0.269395,0.112409,0.171511,0.655402,0.353328,0.352229,0.316322,0.705557,0.0828346,4.51371,0.32328,-0.00366398,-0.000254728,1.69134,0.0371337,104.424,-0.00391871,-0.116922,0.06948604434728622,-0.16692174971103668,0.0376866,999.0,,,,,,,13.7,4.566666666,13.7,4.566666666,,,,,,,,,,,,,,,,,,,Cardinals,sa885119,663494
Shay Whitcomb,HOU,3,14,13,3,2,1,0,1,2,2,1,0,4,0,0,0,,0,0,0.223709,0.0700012,0.297047,0.235657,0.286232,0.393017,0.295115,0.679249,0.169308,4.71213,0.28511,-0.00235686,0.00737164,1.45028,-0.203924,88.4125,0.00501478,0.0219411,-0.18618601420894265,0.0719410628080368,0.0376113,999.0,,,,,,,19.1,6.366666666,19.1,6.366666666,,,,,,,,,,,,,,,,,,,Astros,27789,694376
Vidal Bruján,NYM,8,35,31,7,5,1,0,1,4,3,3,0,7,0,0,0,,1,1,0.226679,0.0789624,0.208025,0.379582,0.296251,0.328218,0.277084,0.624469,0.101539,5.03459,0.276244,0.0162378,-0.081034,3.11334,-1.02218,78.6976,-0.0647962,0.0190586,-0.9484661296010017,0.14405864849686623,0.0368377,999.0,,,,,,,28.6,3.575,28.6,3.575,,,,,,,,,,,,,,,,,,,Mets,20536,660644
Nick Madrigal,LAA,3,14,13,3,3,1,0,0,1,1,1,0,2,0,0,0,,0,0,0.26159,0.0531238,0.109903,0.483371,0.318027,0.34026,0.293375,0.658287,0.0786695,4.64132,0.291024,-0.00608878,0.000774687,1.43052,-0.223692,85.461,-0.00531409,0.0700457,-0.24521606275811791,0.12004571780562401,0.0364935,999.0,,,,,,,9.7,3.233333333,9.7,3.233333333,,,,,,,,,,,,,,,,,,,Angels,20521,663611
Grant McCray,SFG,8,35,32,7,5,1,0,1,4,4,3,0,11,0,0,0,,1,0,0.222986,0.0771409,0.303736,0.253974,0.287314,0.359075,0.284049,0.646389,0.136089,6.64462,0.306388,-0.00114518,0.0689398,3.31126,-0.824259,82.5611,0.0677946,0.0223889,-0.6556083038449287,-0.1526110488921404,0.0364477,999.0,,,,,,,30.4,3.8,30.4,3.8,,,,,,,,,,,,,,,,,,,Giants,25690,687529
Paul DeJong,NYY,5,21,19,4,2,1,0,1,2,3,1,0,7,0,0,0,,0,0,0.204292,0.0623585,0.319844,0.194965,0.262326,0.364793,0.273537,0.62712,0.160501,3.47231,0.26379,-0.0150621,-0.0212879,1.80753,-0.673778,74.1017,-0.03635,0.180556,-0.6773579120635986,0.3055564910173416,0.0359101,999.0,,,,,,,18.7,3.74,18.7,3.74,,,,,,,,,,,,,,,,,,,Yankees,18015,657557
Tyler Callihan,PIT,8,35,32,7,5,1,0,1,4,3,3,0,10,0,0,0,,1,0,0.228544,0.0741389,0.277998,0.266689,0.291349,0.351552,0.28363,0.642901,0.123009,5.73402,0.306255,-0.00451519,0.0322461,3.29935,-0.836171,77.9971,0.0277309,0.0417874,-0.8849984407424927,0.06678740680217743,0.0354254,999.0,,,,,,,30.4,3.8,30.4,3.8,,,,,,,,,,,,,,,,,,,Pirates,27497,682997
Trey Sweeney,DET,3,14,13,3,2,1,0,0,2,1,1,0,4,0,0,0,,0,0,0.22361,0.0845989,0.26782,0.31588,0.294279,0.357678,0.287106,0.651957,0.134069,4.9943,0.287487,-0.00412147,0.000601596,1.35926,-0.294951,82.0699,-0.00351987,0.0077936,-0.2993784367572516,0.15779360104352236,0.0348141,999.0,,,,,,,9.7,3.233333333,9.7,3.233333333,,,,,,,,,,,,,,,,,,,Tigers,29575,700242
Mason McCoy,SDP,6,28,25,5,3,1,0,0,3,2,2,0,9,0,0,0,,1,0,0.203171,0.080106,0.313265,0.255713,0.271649,0.310347,0.258892,0.581996,0.107176,5.56333,0.288805,-0.00190109,0.0274415,2.0771,-1.23132,66.6728,0.0255405,0.184781,-1.0804476905614138,0.48478084802627563,0.0343668,999.0,,,,,,,13.8,2.3,13.8,2.3,,,,,,,,,,,,,,,,,,,Padres,22232,669200
Joshua Báez,STL,3,14,13,3,2,1,0,0,2,2,1,0,4,0,0,0,,1,0,0.233544,0.0789618,0.280249,0.281756,0.304774,0.381929,0.30153,0.686702,0.148385,6.08026,0.305534,0.0,0.0466981,1.52321,-0.130999,94.2911,0.0466981,0.0628448,-0.048029929399490356,-0.08715517818927765,0.0338243,999.0,,,,,,,11.6,3.866666666,11.6,3.866666666,,,,,,,,,,,,,,,,,,,Cardinals,sa3017022,695491
Ben Gamel,ATL,8,35,30,7,4,1,0,1,4,4,4,0,10,0,0,0,,0,0,0.226523,0.114972,0.29512,0.389578,0.321582,0.362798,0.304233,0.684379,0.136274,3.45358,0.312118,-0.0218119,-0.0753691,3.88484,-0.250683,93.5239,-0.097181,-0.107464,-0.3658246695995331,-0.48246389627456665,0.0323481,999.0,,,,,,,33.5,4.1875,33.5,4.1875,,,,,,,,,,,,,,,,,,,Braves,12160,592325
Jonah Bride,TEX,3,14,12,3,2,1,0,0,1,1,2,0,3,0,0,0,,0,0,0.217832,0.120996,0.229699,0.526757,0.321109,0.333388,0.294716,0.654497,0.115556,2.43833,0.270993,-0.00538519,-0.0255639,1.44575,-0.208454,88.9681,-0.0309491,-0.0076259,-0.21298317424952984,0.042374104261398315,0.0318446,999.0,,,,,,,13.7,4.566666666,13.7,4.566666666,,,,,,,,,,,,,,,,,,,Rangers,24703,681146
Luis Vázquez,BAL,3,14,13,3,2,1,0,0,1,2,1,0,3,0,0,0,,0,0,0.233367,0.0611497,0.244963,0.249628,0.290495,0.361581,0.286492,0.652076,0.128214,4.12828,0.290955,-0.000942354,-0.0259764,1.35227,-0.301934,83.3418,-0.0269187,0.0299376,-0.3017893433570862,0.1299375593662262,0.0317174,999.0,,,,,,,9.7,3.233333333,9.7,3.233333333,,,,,,,,,,,,,,,,,,,Orioles,23442,676679
Chas McCormick,CHC,5,21,19,4,3,1,0,1,2,2,2,0,6,0,0,0,,1,0,0.228192,0.0862073,0.269548,0.319822,0.305916,0.364578,0.295922,0.670494,0.136386,5.02772,0.292464,-0.0235,-0.0127953,2.1892,-0.292114,90.0937,-0.0362953,0.0139734,-0.28285666182637215,-0.11102659814059734,0.031184,999.0,,,,,,,23.6,4.72,23.6,4.72,,,,,,,,,,,,,,,,,,,Cubs,19599,676801
Tre' Morgan,TBR,5,21,18,4,3,1,0,0,2,2,2,0,4,0,0,0,,0,0,0.245965,0.110931,0.206481,0.537247,0.33676,0.357798,0.309147,0.694558,0.111833,4.17579,0.300694,0.0,-0.0327152,2.41469,-0.0666267,96.6216,-0.0327152,0.0653226,-0.1163329966366291,-0.3096774220466614,0.0303638,999.0,,,,,,,13.3,2.66,13.3,2.66,,,,,,,,,,,,,,,,,,,Rays,sa3022919,691003
Stuart Fairchild,CLE,6,28,25,5,4,1,0,1,3,3,2,0,8,1,0,0,,1,0,0.219652,0.0791549,0.274592,0.288264,0.296526,0.352361,0.287981,0.648887,0.132709,5.90019,0.288673,-0.011462,0.0516684,2.73841,-0.57001,84.1079,0.0402064,0.0143596,-0.4842517226934433,-0.18564037140458822,0.0300617,999.0,,,,,,,26.2,4.366666666,26.2,4.366666666,,,,,,,,,,,,,,,,,,,Guardians,20321,656413
Andrew Knizner,SEA,3,13,11,2,2,0,0,0,1,1,1,0,3,0,0,0,,0,0,0.219456,0.074775,0.212981,0.351087,0.294941,0.319959,0.275979,0.614899,0.100503,3.19383,0.267592,-0.00258267,-0.0111883,1.12711,-0.38531,81.1868,-0.013771,-0.103633,-0.29759269673377275,0.14636734127998352,0.029935,999.0,,,,,,,3.2,1.066666666,3.2,1.066666666,,,,,,,,,,,,,,,,,,,Mariners,19514,668800
Zac Veen,COL,28,119,108,27,18,5,1,3,14,13,9,0,28,1,1,0,,4,1,0.24993,0.0748062,0.235445,0.317723,0.311365,0.395193,0.307975,0.706558,0.145264,5.87958,0.309114,-0.00792695,0.0792349,13.57,-0.490791,82.9052,0.0713079,-0.0534757,-2.339732624590397,-1.3284758254885674,0.0297679,743.02001953125,,,,,,,126.4,4.514285714,126.4,4.514285714,,,,,,,,,,,,,,,,,,,Rockies,27770,691728
Alika Williams,PIT,3,14,13,3,2,1,0,0,1,1,1,0,3,0,0,0,,0,0,0.239923,0.0650067,0.205021,0.317073,0.296886,0.343326,0.283091,0.640211,0.103402,4.47744,0.29288,-0.00558973,-0.0193558,1.31361,-0.340596,77.6278,-0.0249455,0.0653448,-0.3961646854877472,0.2153448536992073,0.0291553,999.0,,,,,,,9.7,3.233333333,9.7,3.233333333,,,,,,,,,,,,,,,,,,,Pirates,27604,675961
Austin Barnes,,16,64,57,12,9,2,0,1,6,5,5,0,15,1,0,0,,1,0,0.210733,0.0849778,0.228938,0.371182,0.285568,0.284955,0.258938,0.570523,0.0742227,3.67491,0.267557,-0.0809063,-0.0159912,4.75006,-2.81204,62.5852,-0.0968976,-0.484054,-2.92703814804554,0.7659458220005035,0.0279201,999.0,,,,,,,45.3,2.83125,45.3,2.83125,,,,,,,,,,,,,,,,,,,,12158,605131
Eduardo Valencia,DET,2,6,6,1,1,0,0,0,1,1,0,0,1,0,0,0,,0,0,0.237101,0.0707989,0.22769,0.310944,0.296793,0.400091,0.302177,0.696883,0.16299,2.90972,0.276426,-0.000819777,-0.00826123,0.699684,-0.0565254,92.4514,-0.009081,-0.0122727,-0.06602147594094276,0.11272727232426405,0.0273157,999.0,,,,,,,-0.4,-0.2,-0.4,-0.2,,,,,,,,,,,,,,,,,,,Tigers,sa3006622,680664
Mark Canha,TEX,15,63,55,13,9,3,0,1,6,6,6,0,13,2,1,0,,1,0,0.235926,0.090925,0.208339,0.436429,0.324379,0.349229,0.300855,0.673608,0.113304,3.30686,0.285642,-0.0656954,-0.0665356,6.81991,-0.624021,93.1972,-0.132231,-0.342982,-0.6373617202043533,-1.2679817378520966,0.0269096,999.0,,,,,,,61.8,4.12,61.8,4.12,,,,,,,,,,,,,,,,,,,Rangers,11445,592192
Tomás Nido,DET,3,13,12,3,2,0,0,0,1,1,1,0,3,0,0,0,,0,0,0.229606,0.0438867,0.252771,0.173622,0.269227,0.340868,0.267363,0.610096,0.111262,2.78928,0.289575,-0.0177222,-0.0136808,1.03757,-0.474846,68.4696,-0.031403,0.0322565,-0.5070794448256493,0.28225645050406456,0.0268043,999.0,,,,,,,7.8,2.6,7.8,2.6,,,,,,,,,,,,,,,,,,,Tigers,13755,621512
Enmanuel Valdez,PIT,2,7,6,1,1,0,0,0,1,1,1,0,2,0,0,0,,0,0,0.238087,0.0946773,0.222753,0.425033,0.313289,0.405501,0.313639,0.71879,0.167413,3.93826,0.280216,-0.000993879,-0.00688841,0.830425,0.00332074,98.5547,-0.00788228,0.0201629,-0.019873143173754215,0.045162903144955635,0.0264152,999.0,,,,,,,2.6,1.3,2.6,1.3,,,,,,,,,,,,,,,,,,,Pirates,21716,665839
Spencer Jones,NYY,5,21,19,4,2,1,0,1,3,3,2,0,8,0,0,0,,1,0,0.222748,0.078752,0.376583,0.209123,0.2887,0.410388,0.302479,0.699088,0.18764,5.95882,0.325695,-0.00176658,0.0219935,2.30099,-0.180319,94.0386,0.0202269,-0.11745,-0.12732236459851265,-0.34245000034570694,0.0258864,999.0,,,,,,,23.6,4.72,23.6,4.72,,,,,,,,,,,,,,,,,,,Yankees,sa3019969,682987
Nick Sogard,BOS,5,21,18,5,3,1,0,0,2,2,2,0,4,0,0,0,,0,0,0.244287,0.105296,0.211916,0.496873,0.328882,0.340084,0.300138,0.668965,0.0957962,4.40381,0.308222,-0.0139937,-0.0104967,2.26108,-0.220231,87.1018,-0.0244904,-0.102576,-0.3437333609908819,-0.12757633253932,0.0257292,999.0,,,,,,,18.9,3.78,18.9,3.78,,,,,,,,,,,,,,,,,,,Red Sox,25483,686765
Brandon Valenzuela,TOR,3,13,12,2,2,0,0,0,1,1,1,0,3,0,0,0,,0,0,0.202952,0.0825898,0.269451,0.306511,0.272082,0.328218,0.265352,0.6003,0.125266,3.18487,0.258299,-0.00110686,-0.0140966,1.01667,-0.49575,67.9385,-0.0152034,0.0580755,-0.49889331962913275,0.3080754727125168,0.0255513,999.0,,,,,,,2.2,0.733333333,2.2,0.733333333,,,,,,,,,,,,,,,,,,,Blue Jays,sa3005729,678218
Kyren Paris,LAA,3,14,12,3,2,0,0,0,2,1,1,0,5,0,0,0,,1,0,0.205171,0.0928204,0.335496,0.276666,0.288751,0.352931,0.284293,0.641682,0.147761,6.95697,0.291875,0.0,0.0456365,1.32728,-0.326925,79.2047,0.0456365,0.0123419,-0.2974986620247364,0.06234188191592693,0.0252405,999.0,,,,,,,9.7,3.233333333,9.7,3.233333333,,,,,,,,,,,,,,,,,,,Angels,26420,677347
Jhostynxon Garcia,PIT,42,182,166,38,25,7,1,5,21,19,12,0,51,2,1,0,,2,1,0.231076,0.0650277,0.278299,0.233661,0.288256,0.378732,0.291166,0.666987,0.147656,5.01304,0.298923,0.0,-0.150776,18.2702,-3.23446,83.1598,-0.150776,-0.378863,-3.783338025212288,-2.028863310813904,0.0248602,999.0,,,,,,,162.8,3.876190476,162.8,3.876190476,,,,,,,,,,,,,,,,,,,Pirates,28142,691373
Drew Waters,KCR,3,14,13,3,2,1,0,0,2,1,1,0,4,0,0,0,,0,0,0.229009,0.0771627,0.294856,0.261696,0.294643,0.373475,0.292629,0.668119,0.144467,6.63262,0.313352,-0.00115517,0.00450625,1.42203,-0.232173,83.1085,0.00335109,-0.0169064,-0.2753697382286191,0.033093590289354324,0.0245121,999.0,,,,,,,9.7,3.233333333,9.7,3.233333333,,,,,,,,,,,,,,,,,,,Royals,20505,671221
Shane McGuire,ATH,3,13,11,2,2,0,0,0,1,1,1,0,3,0,0,0,,0,0,0.211098,0.107557,0.246728,0.435936,0.30346,0.29343,0.272145,0.59689,0.0823318,3.29612,0.277635,-0.00251862,-0.0126574,1.08727,-0.42515,69.1951,-0.015176,0.0226047,-0.4799078479409218,0.27260465174913406,0.0238646,999.0,,,,,,,3.2,1.066666666,3.2,1.066666666,,,,,,,,,,,,,,,,,,,Athletics,sa3017284,676063
Cameron Cauley,TEX,5,21,19,4,3,1,0,0,2,2,1,0,6,0,0,0,,1,0,0.216507,0.0670709,0.296469,0.226232,0.271722,0.352443,0.273146,0.624165,0.135935,6.37607,0.291221,0.0,0.0329487,1.80086,-0.680454,74.1091,0.0329487,-0.112974,-0.6078756339848042,0.11202630400657654,0.0232184,999.0,,,,,,,11.2,2.24,11.2,2.24,,,,,,,,,,,,,,,,,,,Rangers,sa3017167,695508
Eric Haase,SFG,3,13,12,3,2,0,0,0,1,1,1,0,4,0,0,0,,0,0,0.217922,0.0673302,0.315303,0.213541,0.273803,0.349084,0.273306,0.622887,0.131162,2.98146,0.296215,-0.00434225,-0.00895936,1.09934,-0.413083,75.2022,-0.0133016,-0.0220791,-0.3894999399781227,0.22792093269526958,0.0231698,999.0,,,,,,,7.8,2.6,7.8,2.6,,,,,,,,,,,,,,,,,,,Giants,14111,606992
Denzer Guzman,LAA,5,21,19,4,3,1,0,0,2,2,2,0,6,0,0,0,,0,0,0.216649,0.0760149,0.299419,0.253875,0.282571,0.343164,0.276703,0.625735,0.126515,4.12528,0.294881,0.000943585,-0.0140927,1.8615,-0.619808,73.9758,-0.0131491,0.0353727,-0.6572728147730231,0.16037268191576004,0.0231109,999.0,,,,,,,12.3,2.46,12.3,2.46,,,,,,,,,,,,,,,,,,,Angels,28816,694203
Jeferson Quero,MIL,2,6,6,1,1,0,0,0,1,1,0,0,1,0,0,0,,0,0,0.226947,0.0755276,0.195003,0.387315,0.291195,0.363897,0.288046,0.655093,0.136951,3.23147,0.257708,0.0,-0.00378979,0.626259,-0.12995,83.6608,-0.00378979,0.0146386,-0.12772788479924202,0.13963855430483818,0.023004,999.0,,,,,,,-0.4,-0.2,-0.4,-0.2,,,,,,,,,,,,,,,,,,,Brewers,sa3015407,691620
Trei Cruz,DET,3,14,12,3,2,1,0,0,2,1,2,0,4,0,0,0,,0,0,0.217576,0.11743,0.258557,0.454172,0.312144,0.339001,0.290926,0.651145,0.121426,4.77728,0.285286,-0.00242358,-0.0219341,1.40267,-0.251538,84.7008,-0.0243577,-0.0803193,-0.27680351957678795,0.019680671393871307,0.0229931,999.0,,,,,,,13.7,4.566666666,13.7,4.566666666,,,,,,,,,,,,,,,,,,,Tigers,sa3014420,669360
Hao-Yu  Lee,DET,2,7,6,1,1,0,0,0,1,1,1,0,2,0,0,0,,0,0,0.233209,0.0807642,0.220024,0.367069,0.305012,0.37225,0.297563,0.677263,0.139042,5.73617,0.281793,0.0,0.00293701,0.739055,-0.0880488,89.2728,0.00293701,0.03915,-0.0855658131185919,0.0641499999910593,0.0224589,999.0,,,,,,,2.6,1.3,2.6,1.3,,,,,,,,,,,,,,,,,,,Tigers,sa3017863,701678
Mickey Gasper,BOS,2,6,6,1,1,0,0,0,1,1,1,0,1,0,0,0,,0,0,0.238107,0.10168,0.18945,0.536709,0.328431,0.368344,0.310158,0.696775,0.130236,3.63367,0.277857,-0.00211837,-0.00252494,0.741154,-0.0150557,94.0037,-0.0046433,-0.0432885,-0.049874181393533945,0.08171147480607033,0.022175,999.0,,,,,,,2.6,1.3,2.6,1.3,,,,,,,,,,,,,,,,,,,Red Sox,24759,681508
Jonatan Clase,TOR,3,14,13,3,2,1,0,0,2,1,1,0,4,0,0,0,,1,0,0.223549,0.0832284,0.277957,0.299429,0.293156,0.359827,0.287714,0.652982,0.136278,6.54195,0.295082,0.00197981,0.0471169,1.36617,-0.28804,83.3431,0.0490967,0.00831193,-0.22575203329324722,-0.04168807342648506,0.0219376,999.0,,,,,,,11.6,3.866666666,11.6,3.866666666,,,,,,,,,,,,,,,,,,,Blue Jays,26599,682729
Ryan Kreidler,MIN,11,49,43,8,6,2,0,1,5,4,5,0,15,1,0,0,,1,1,0.195808,0.105337,0.309638,0.340195,0.290803,0.303366,0.269566,0.59417,0.107558,5.03537,0.28022,0.00463078,-0.00805689,4.05958,-1.73015,69.4797,-0.00342611,0.0157257,-1.7660396401770413,0.2907257042825222,0.021607,999.0,,,,,,,34.1,3.1,34.1,3.1,,,,,,,,,,,,,,,,,,,Twins,25867,668952
Kevin Alcántara,CHC,5,21,19,4,3,1,0,1,2,2,2,0,7,0,0,0,,0,0,0.231286,0.0776695,0.313878,0.247451,0.293689,0.366157,0.290035,0.659846,0.134872,4.20203,0.320545,0.000454842,-0.00914804,2.08883,-0.392485,86.061,-0.0086932,-0.0155279,-0.3556249290704727,-0.1405278965830803,0.0207206,999.0,,,,,,,21.7,4.34,21.7,4.34,,,,,,,,,,,,,,,,,,,Cubs,25971,682634
Ben Rortvedt,NYM,3,13,11,2,2,0,0,0,1,1,1,0,3,0,0,0,,0,0,0.201958,0.0903072,0.269349,0.335279,0.285481,0.306479,0.267102,0.59196,0.104521,2.37784,0.265999,-0.00505104,-0.0255758,1.03485,-0.477564,71.8595,-0.0306268,-0.0412024,-0.45753622241318226,0.208797637373209,0.0202815,999.0,,,,,,,3.2,1.066666666,3.2,1.066666666,,,,,,,,,,,,,,,,,,,Mets,20287,666163
César Prieto,STL,3,14,13,3,2,1,0,0,1,1,1,0,2,0,0,0,,0,0,0.256339,0.0463218,0.149977,0.30886,0.298705,0.364004,0.29046,0.66271,0.107665,4.11876,0.290627,-0.00231213,-0.0393866,1.39738,-0.256826,86.7078,-0.0416988,-0.0574655,-0.26225410401821136,-0.007465478032827377,0.0200598,999.0,,,,,,,9.7,3.233333333,9.7,3.233333333,,,,,,,,,,,,,,,,,,,Cardinals,30163,693409
RJ Schreck,TOR,2,7,6,1,1,0,0,0,1,1,1,0,2,0,0,0,,0,0,0.216977,0.113721,0.242857,0.468264,0.322265,0.386307,0.313635,0.708572,0.16933,4.32377,0.260317,-0.000534127,-0.00520714,0.830401,0.00329735,101.199,-0.00574127,0.0233654,0.004151481203734875,-0.051634619012475014,0.0197919,999.0,,,,,,,2.6,1.3,2.6,1.3,,,,,,,,,,,,,,,,,,,Blue Jays,sa3022602,702302
Max Anderson,DET,2,7,7,2,1,0,0,0,1,1,0,0,1,0,0,0,,0,0,0.251158,0.0506819,0.172267,0.294206,0.294931,0.390545,0.296041,0.685476,0.139387,3.51117,0.281839,-0.000280057,-0.0111323,0.730405,-0.0966994,88.2243,-0.0114124,0.036,-0.108565803617239,0.060999998822808266,0.0197834,999.0,,,,,,,4.2,2.1,4.2,2.1,,,,,,,,,,,,,,,,,,,Tigers,sa3022567,801194
Akil Baddoo,MIL,3,14,12,3,2,1,0,0,2,2,2,0,4,0,0,0,,0,0,0.22404,0.107671,0.27622,0.389803,0.310048,0.382064,0.303909,0.692113,0.158024,6.22021,0.290919,0.0103339,0.0153553,1.55025,-0.103962,94.5271,0.0256893,-0.0612039,-0.06512188166379929,-0.21120386198163033,0.0193839,999.0,,,,,,,13.7,4.566666666,13.7,4.566666666,,,,,,,,,,,,,,,,,,,Brewers,22168,668731
Willie MacIver,TEX,2,6,6,1,1,0,0,0,1,1,0,0,2,0,0,0,,0,0,0.226454,0.0772554,0.266971,0.289378,0.296855,0.353613,0.28771,0.650467,0.127159,4.73432,0.294115,-0.000634495,-0.000250075,0.624512,-0.131698,84.1419,-0.00088457,0.00349759,-0.12050442380132154,0.12849759217351675,0.0191159,999.0,,,,,,,-0.4,-0.2,-0.4,-0.2,,,,,,,,,,,,,,,,,,,Rangers,24641,680862
Jared Young,NYM,2,7,6,1,1,0,0,0,1,1,1,0,2,0,0,0,,0,0,0.237373,0.0941335,0.242034,0.388926,0.320222,0.412281,0.320528,0.732503,0.174908,4.38692,0.285215,-0.00261021,-0.00637941,0.869577,0.0424731,108.458,-0.00898962,-0.0346755,0.06118541304022074,-0.10967553406953812,0.0188666,999.0,,,,,,,2.6,1.3,2.6,1.3,,,,,,,,,,,,,,,,,,,Mets,20404,676724
Nacho Alvarez Jr.,ATL,2,7,6,1,1,0,0,0,1,1,1,0,1,0,0,0,,0,0,0.238392,0.0844399,0.212552,0.397267,0.316973,0.333314,0.29196,0.650287,0.0949213,3.53723,0.296825,-0.00244273,-0.00710259,0.707213,-0.119891,85.1161,-0.00954532,0.00891956,-0.13302859757095575,0.08391956612467766,0.0188033,999.0,,,,,,,2.6,1.3,2.6,1.3,,,,,,,,,,,,,,,,,,,Braves,31765,805373
Junior Perez,ATH,6,28,25,5,3,1,0,1,3,3,3,0,9,0,0,0,,1,0,0.209072,0.0957096,0.335694,0.28511,0.288507,0.362527,0.286326,0.651033,0.153454,5.7739,0.298359,-0.00120691,0.0340152,2.70078,-0.607634,78.9639,0.0328083,-0.0197863,-0.6614111065864563,-0.11978626810014248,0.0186738,999.0,,,,,,,26.2,4.366666666,26.2,4.366666666,,,,,,,,,,,,,,,,,,,Athletics,sa3005744,678577
Rodolfo Durán,SDP,2,6,6,1,1,0,0,0,1,1,0,0,2,0,0,0,,0,0,0.224105,0.0548552,0.240036,0.228529,0.271003,0.366517,0.277597,0.63752,0.142412,3.62196,0.270836,-0.00146545,-0.00472708,0.571964,-0.184245,79.4869,-0.00619253,-0.002,-0.16179096465930343,0.1229999999050051,0.0178166,999.0,,,,,,,-0.4,-0.2,-0.4,-0.2,,,,,,,,,,,,,,,,,,,Padres,sa877500,660710
Bryan Ramos,BAL,3,14,13,3,2,1,0,0,1,2,1,0,3,0,0,0,,0,0,0.212807,0.0683549,0.242473,0.281907,0.277237,0.354072,0.277848,0.631309,0.141265,4.14036,0.255814,0.00115734,-0.012808,1.25403,-0.400182,77.3876,-0.0116507,0.0255419,-0.3847697675228119,0.0755418948829174,0.0176621,999.0,,,,,,,9.7,3.233333333,9.7,3.233333333,,,,,,,,,,,,,,,,,,,Orioles,25621,682868
Samad Taylor,SDP,2,7,6,1,1,0,0,0,1,1,1,0,2,0,0,0,,0,0,0.237422,0.0891779,0.242004,0.368497,0.310111,0.350494,0.293129,0.660605,0.113072,6.5705,0.304679,-0.000768916,0.0147813,0.713857,-0.113247,90.1265,0.0140124,-0.0225106,-0.06790223531424999,0.002489399164915085,0.0171352,999.0,,,,,,,2.6,1.3,2.6,1.3,,,,,,,,,,,,,,,,,,,Padres,22274,669392
Josh Rojas,KCR,3,14,12,3,2,1,0,0,1,1,1,0,3,0,0,0,,0,0,0.233297,0.0940325,0.215835,0.435669,0.307293,0.342335,0.28823,0.649628,0.109039,4.87869,0.288765,-0.0107193,0.0113852,1.37203,-0.282177,80.078,0.000665902,-0.0384607,-0.32805934647331014,0.011539343744516373,0.0169161,999.0,,,,,,,10.7,3.566666666,10.7,3.566666666,,,,,,,,,,,,,,,,,,,Royals,19734,668942
Ryan Ward,LAD,2,7,6,1,1,0,0,0,1,1,1,0,2,0,0,0,,0,0,0.226996,0.0784133,0.257849,0.304105,0.290409,0.423681,0.30704,0.714089,0.196684,4.98382,0.266082,-0.00150091,-0.00380078,0.792919,-0.034185,96.4267,-0.00530169,0.0332463,-0.03494758624583483,-0.04175373539328575,0.0159802,999.0,,,,,,,2.6,1.3,2.6,1.3,,,,,,,,,,,,,,,,,,,Dodgers,sa1169792,669899
Jonathon Long,CHC,2,7,6,2,1,0,0,0,1,1,1,0,2,0,0,0,,0,0,0.245933,0.10162,0.230284,0.441279,0.330425,0.379597,0.314452,0.710023,0.133665,2.80239,0.30183,-0.000263908,-0.0100706,0.835041,0.00793754,102.787,-0.0103345,0.027806,0.012787353247404099,-0.09719403088092804,0.0151919,999.0,,,,,,,8.2,4.1,8.2,4.1,,,,,,,,,,,,,,,,,,,Cubs,sa3022864,675085
Jhonkensy Noel,BAL,3,14,13,3,2,1,0,1,2,2,1,0,4,0,0,0,,0,0,0.225755,0.0571635,0.281187,0.203294,0.280194,0.426392,0.304456,0.706586,0.200636,2.86643,0.268549,-0.00143605,-0.0189407,1.55646,-0.097745,95.7164,-0.0203767,0.00131008,-0.09105865843594074,-0.24868991924449801,0.0145395,999.0,,,,,,,19.1,6.366666666,19.1,6.366666666,,,,,,,,,,,,,,,,,,,Orioles,24257,678877
Gustavo Campero,LAA,2,7,6,2,1,0,0,0,1,1,0,0,1,0,0,0,,0,0,0.245125,0.0711325,0.193322,0.367948,0.318987,0.392485,0.312585,0.711472,0.147359,6.45243,0.285515,-0.000112671,0.0169031,0.824432,-0.002672,98.6937,0.0167904,-0.0365199,0.006013278849422932,-0.11151988431811333,0.0138554,999.0,,,,,,,5.2,2.6,5.2,2.6,,,,,,,,,,,,,,,,,,,Angels,22707,672569
Rhylan Thomas,SEA,2,7,6,2,1,0,0,0,1,1,0,0,1,0,0,0,,0,0,0.261914,0.0612341,0.0910749,0.672348,0.310683,0.342331,0.28853,0.653014,0.0804166,4.62102,0.279781,-0.000670385,0.00148906,0.68772,-0.139384,89.8328,0.000818673,0.0471743,-0.083064068807289,-0.02782566100358963,0.0133046,999.0,,,,,,,5.2,2.6,5.2,2.6,,,,,,,,,,,,,,,,,,,Mariners,31793,689041
Blake Dunn,CIN,3,14,12,3,2,0,0,0,2,1,1,0,4,0,0,0,,0,0,0.231804,0.0893903,0.288402,0.309951,0.319697,0.340647,0.29681,0.660344,0.108843,5.74385,0.321376,-0.000165264,0.0276525,1.46956,-0.184647,84.0298,0.0274872,-0.0503151,-0.2375052198767662,-0.10031507909297943,0.0130922,999.0,,,,,,,7.8,2.6,7.8,2.6,,,,,,,,,,,,,,,,,,,Reds,29487,694362
Matt Thaiss,BOS,2,6,5,1,1,0,0,0,1,1,1,0,2,0,0,0,,0,0,0.222608,0.124222,0.252311,0.492337,0.326837,0.337734,0.299911,0.664571,0.115126,3.83317,0.290943,-0.00654737,-0.00441043,0.687911,-0.0682979,86.9454,-0.0109578,-0.0846191,-0.10943095479160547,0.040380850434303284,0.0128671,999.0,,,,,,,3.6,1.8,3.6,1.8,,,,,,,,,,,,,,,,,,,Red Sox,19318,642136
Maverick Handley,BAL,2,6,6,1,1,0,0,0,1,1,1,0,2,0,0,0,,0,0,0.200628,0.0951466,0.269915,0.352506,0.290638,0.291008,0.264958,0.581647,0.0903806,4.32694,0.271934,-0.00179002,-0.00902812,0.506288,-0.249921,68.5079,-0.0108181,0.00862899,-0.24836790841072798,0.13362899143248796,0.0126904,999.0,,,,,,,2.6,1.3,2.6,1.3,,,,,,,,,,,,,,,,,,,Orioles,26106,668974
Victor Mesa Jr.,TBR,2,7,6,1,1,0,0,0,1,1,0,0,1,0,0,0,,0,0,0.233228,0.0707256,0.210397,0.336152,0.291744,0.369166,0.289706,0.66091,0.135938,4.3608,0.275377,0.000460643,-0.00546884,0.694402,-0.132702,83.2291,-0.00500819,-0.00312243,-0.14337343256920576,0.021877569844946265,0.0122195,999.0,,,,,,,-0.4,-0.2,-0.4,-0.2,,,,,,,,,,,,,,,,,,,Rays,25999,683748
A.J. Vukovich,ARI,3,14,13,3,2,1,0,0,2,2,1,0,4,0,0,0,,0,0,0.23572,0.0660202,0.301453,0.219006,0.289894,0.382562,0.292471,0.672456,0.146842,4.2952,0.316561,-0.000594087,-0.0193103,1.42024,-0.233968,84.9532,-0.0199044,0.07155,-0.269574299454689,-0.07845000177621841,0.0120482,999.0,,,,,,,9.7,3.233333333,9.7,3.233333333,,,,,,,,,,,,,,,,,,,Diamondbacks,sa3014525,691021
Dominic Fletcher,PIT,2,7,6,2,1,0,0,0,1,1,0,0,1,0,0,0,,0,0,0.24156,0.060461,0.212963,0.283904,0.295155,0.36922,0.290721,0.664375,0.127661,4.36017,0.293258,-0.00208866,-0.011481,0.700174,-0.12693,82.8551,-0.0135697,0.00974277,-0.15581164974719286,0.03474277164787054,0.0114409,999.0,,,,,,,5.2,2.6,5.2,2.6,,,,,,,,,,,,,,,,,,,Pirates,26149,666150
Kevin Newman,KCR,2,7,6,2,1,0,0,0,1,1,0,0,1,0,0,0,,0,0,0.254316,0.0549682,0.17071,0.321997,0.299421,0.351103,0.285868,0.650524,0.0967871,4.73802,0.298704,0.00257809,0.00173875,0.672593,-0.154511,78.4511,0.00431684,0.0140855,-0.1734682573005557,0.03908554930239916,0.010901,999.0,,,,,,,5.2,2.6,5.2,2.6,,,,,,,,,,,,,,,,,,,Royals,17696,621028
Vimael Machín,COL,2,7,6,2,1,0,0,0,1,1,1,0,1,0,0,0,,0,0,0.258543,0.0763955,0.192205,0.397469,0.31744,0.393213,0.309143,0.710653,0.13467,4.11946,0.302419,-0.00334364,-0.00363547,0.804868,-0.0222359,83.7049,-0.00697912,-0.00938375,-0.14217083947733045,0.015616250224411488,0.0108796,999.0,,,,,,,8.2,4.1,8.2,4.1,,,,,,,,,,,,,,,,,,,Rockies,17684,605353
Tyler Black,MIL,3,14,12,3,2,0,0,0,2,1,2,0,4,0,0,0,,1,0,0.221497,0.11645,0.251584,0.462867,0.323362,0.355381,0.303192,0.678743,0.133885,6.28175,0.285564,-0.00061934,0.0194438,1.5421,-0.112108,94.0362,0.0188245,-0.0310617,-0.0801323801279068,-0.2810617368668318,0.0107008,999.0,,,,,,,12.7,4.233333333,12.7,4.233333333,,,,,,,,,,,,,,,,,,,Brewers,29949,672012
Manuel Margot,,5,21,19,5,3,1,0,0,2,2,1,0,4,0,0,0,,0,0,0.243863,0.0627727,0.18394,0.341268,0.297718,0.341696,0.282749,0.639414,0.0978333,4.08062,0.289432,0.00387012,-0.0270369,1.9646,-0.516712,78.9424,-0.0231668,-0.139936,-0.5458186846226454,-0.06493633985519409,0.0102287,999.0,,,,,,,14.9,2.98,14.9,2.98,,,,,,,,,,,,,,,,,,,,14712,622534
Dairon Blanco,TEX,2,7,6,1,1,0,0,0,1,1,0,0,2,0,0,0,,1,0,0.237265,0.0665683,0.256003,0.26003,0.300148,0.356713,0.289975,0.656862,0.119449,7.70479,0.308644,-0.00153306,0.05858,0.69593,-0.131174,85.7019,0.0570469,-0.00647471,-0.06091686710715294,-0.08147471724078059,0.0100816,999.0,,,,,,,1.5,0.75,1.5,0.75,,,,,,,,,,,,,,,,,,,Rangers,19779,680118
Pedro León,PHI,5,21,19,4,2,1,0,1,2,3,2,0,7,0,0,0,,1,0,0.216895,0.0735757,0.311763,0.235999,0.288107,0.376029,0.291284,0.664136,0.159134,5.63716,0.291463,-0.00957108,-0.00413324,2.11012,-0.371193,83.5137,-0.0137043,-0.0517876,-0.4240371808409691,-0.1767875999212265,0.0100113,999.0,,,,,,,23.6,4.72,23.6,4.72,,,,,,,,,,,,,,,,,,,Phillies,27781,694175
Hayden Senger,NYM,2,6,6,1,1,0,0,0,1,1,0,0,2,0,0,0,,0,0,0.205216,0.0557186,0.301426,0.18485,0.260979,0.301767,0.250456,0.562747,0.096551,4.04676,0.284232,-0.00190526,-0.0085618,0.430935,-0.325275,60.4569,-0.0104671,0.0316627,-0.31041414476931095,0.1566627323627472,0.00962192,999.0,,,,,,,-0.4,-0.2,-0.4,-0.2,,,,,,,,,,,,,,,,,,,Mets,21489,663584
Garrett Stubbs,PHI,2,6,6,1,1,0,0,0,1,1,1,0,2,0,0,0,,0,0,0.22188,0.0803224,0.245491,0.327191,0.294653,0.326306,0.276497,0.620959,0.104426,4.44325,0.283491,-0.00294417,-0.00385793,0.566247,-0.189962,73.3841,-0.0068021,-0.0159744,-0.20869219629094005,0.10902560502290726,0.00837821,999.0,,,,,,,2.6,1.3,2.6,1.3,,,,,,,,,,,,,,,,,,,Phillies,18067,596117
Ryan Clifford,NYM,2,7,6,1,1,0,0,0,1,1,1,0,2,0,0,0,,0,0,0.209632,0.112319,0.299593,0.374904,0.305486,0.388084,0.304747,0.69357,0.178452,3.249,0.267288,-0.000222842,-0.00841701,0.779885,-0.0472188,97.6476,-0.00863986,0.00171127,-0.028156764805316925,-0.12328873237129301,0.00833297,999.0,,,,,,,2.6,1.3,2.6,1.3,,,,,,,,,,,,,,,,,,,Mets,sa3020126,691775
Kahlil Watson,CLE,2,7,6,1,1,0,0,0,1,1,1,0,2,0,0,0,,0,0,0.211094,0.0804036,0.318983,0.252062,0.283066,0.366955,0.285425,0.650021,0.15586,5.32958,0.28604,0.0,-0.00582387,0.670074,-0.15703,82.3471,-0.00582387,-0.0347143,-0.15146613772958517,-0.009714284911751747,0.00815924,999.0,,,,,,,2.6,1.3,2.6,1.3,,,,,,,,,,,,,,,,,,,Guardians,sa3017513,696135
Elias Díaz,KCR,3,13,12,3,2,0,0,0,1,1,1,0,3,0,0,0,,0,0,0.220663,0.0683428,0.243086,0.281147,0.2782,0.346846,0.274968,0.625046,0.126183,2.29749,0.270439,-0.0161292,-0.0159676,1.1166,-0.39582,70.942,-0.0320968,-0.106654,-0.47047461196780205,0.14334552735090256,0.00777958,999.0,,,,,,,7.8,2.6,7.8,2.6,,,,,,,,,,,,,,,,,,,Royals,11680,553869
Korey Lee,CHW,3,13,12,3,2,1,0,0,1,1,1,0,3,0,0,0,,0,0,0.220083,0.0553858,0.26987,0.205231,0.267099,0.355344,0.27209,0.622443,0.135261,4.19897,0.278142,0.00328513,-0.00693973,1.0867,-0.425722,71.7194,-0.0036546,-0.0859934,-0.4303035996854305,0.16400662809610367,0.00755551,999.0,,,,,,,10.7,3.566666666,10.7,3.566666666,,,,,,,,,,,,,,,,,,,White Sox,25543,686676
Justin Foscue,TEX,3,14,12,3,2,1,0,0,2,2,1,0,3,0,0,0,,0,0,0.224276,0.0900413,0.183428,0.49088,0.303923,0.37759,0.300316,0.681512,0.153314,3.84461,0.251254,-0.00117962,-0.0133345,1.5094,-0.144804,92.8255,-0.0145141,-0.026474,-0.1328985234722495,-0.2764739915728569,0.0074161,999.0,,,,,,,10.7,3.566666666,10.7,3.566666666,,,,,,,,,,,,,,,,,,,Rangers,27501,679822
Anthony Seigler,BOS,2,7,6,1,1,0,0,0,1,1,1,0,2,0,0,0,,0,0,0.216528,0.123989,0.227251,0.545603,0.318914,0.342025,0.296671,0.660939,0.125496,5.6833,0.270036,-0.000172333,0.00972934,0.733988,-0.0931162,84.7133,0.009557,-0.0796661,-0.11656331177800894,-0.05466610752046108,0.0071311,999.0,,,,,,,2.6,1.3,2.6,1.3,,,,,,,,,,,,,,,,,,,Red Sox,23802,678011
Sterlin Thompson,COL,2,7,6,2,1,0,0,0,1,1,1,0,2,0,0,0,,0,0,0.258096,0.0718449,0.231978,0.309706,0.324676,0.411728,0.321588,0.736404,0.153632,5.14496,0.318737,-0.000589914,-0.00478393,0.875599,0.0484949,92.2303,-0.00537385,-0.0192203,-0.06983481114730239,-0.09422034211456776,0.00704284,999.0,,,,,,,8.2,4.1,8.2,4.1,,,,,,,,,,,,,,,,,,,Rockies,sa3019999,694514
Steward Berroa,MIL,2,7,6,1,1,0,0,0,1,1,1,0,2,0,0,0,,0,0,0.208074,0.0977928,0.306749,0.318804,0.290956,0.309121,0.270128,0.600077,0.101047,6.80707,0.299074,-0.000775749,0.0261175,0.583136,-0.243968,71.3862,0.0253418,0.0199806,-0.21205113269388676,0.0449806023389101,0.00673433,999.0,,,,,,,2.6,1.3,2.6,1.3,,,,,,,,,,,,,,,,,,,Brewers,22766,672642
Cavan Biggio,HOU,2,7,6,1,1,0,0,0,1,1,1,0,2,0,0,0,,0,0,0.211094,0.109041,0.285093,0.382476,0.313472,0.322949,0.288524,0.636421,0.111854,4.04062,0.290574,-0.00425967,-0.0111535,0.687686,-0.139418,83.8726,-0.0154131,-0.0544122,-0.14846928883343935,-0.02941223792731762,0.00645051,999.0,,,,,,,2.6,1.3,2.6,1.3,,,,,,,,,,,,,,,,,,,Astros,19252,624415
Seby Zavala,LAD,2,6,6,1,1,0,0,0,1,1,1,0,2,0,0,0,,0,0,0.181364,0.0872854,0.373173,0.233901,0.259228,0.308238,0.253577,0.567466,0.126874,3.24856,0.275413,-0.00651366,-0.00344443,0.447151,-0.309058,59.8029,-0.00995809,-0.00758769,-0.314866304397583,0.11741230683401227,0.00636625,999.0,,,,,,,2.6,1.3,2.6,1.3,,,,,,,,,,,,,,,,,,,Dodgers,18887,664874
Edwin Arroyo,CIN,5,21,19,5,4,1,0,0,2,2,1,0,4,0,0,0,,0,0,0.251599,0.0563939,0.198238,0.284476,0.299575,0.342236,0.283077,0.641812,0.090637,4.40733,0.307002,-0.000833679,-0.0336905,1.97019,-0.511126,74.6219,-0.0345242,-0.0482143,-0.6661677286028862,0.0267857164144516,0.00606643,999.0,,,,,,,14.9,2.98,14.9,2.98,,,,,,,,,,,,,,,,,,,Reds,sa3017626,695490
Matt Koperniak,STL,2,7,6,2,1,0,0,0,1,1,0,0,1,0,0,0,,0,0,0.239103,0.0692971,0.210346,0.329443,0.296004,0.354501,0.286112,0.650504,0.115397,3.92436,0.286036,-0.00149824,-0.00869414,0.673978,-0.153126,83.7292,-0.0101924,0.033075,-0.14518243167549372,-0.04192500188946724,0.0046843,999.0,,,,,,,5.2,2.6,5.2,2.6,,,,,,,,,,,,,,,,,,,Cardinals,sa3014834,689288
Petey Halpin,CLE,11,49,45,10,7,2,0,1,5,5,4,0,14,0,0,0,,1,0,0.216545,0.0736815,0.294325,0.250341,0.277407,0.333313,0.269844,0.61072,0.116768,5.21564,0.29455,0.0,-0.0182396,4.07065,-1.71908,71.6139,-0.0182396,0.141731,-1.6576007027179003,0.016731031239032745,0.00466859,999.0,,,,,,,40.1,3.645454545,40.1,3.645454545,,,,,,,,,,,,,,,,,,,Guardians,27931,690984
Justin Dean,CHC,3,14,12,3,2,0,0,0,2,1,1,0,4,0,0,0,,1,0,0.207861,0.0918152,0.318311,0.288445,0.28843,0.298435,0.265214,0.586865,0.090574,6.93189,0.30547,-0.00351587,0.0312569,1.11041,-0.543799,69.0572,0.027741,0.014708,-0.48568955436348915,0.06470796465873718,0.00458379,999.0,,,,,,,9.7,3.233333333,9.7,3.233333333,,,,,,,,,,,,,,,,,,,Cubs,25005,681909
Matt Mervis,WSN,5,21,19,4,2,1,0,1,2,3,2,0,6,0,0,0,,0,0,0.215643,0.075501,0.298669,0.252791,0.283146,0.395749,0.294536,0.678895,0.180107,3.67988,0.271696,-0.0136645,-0.0181336,2.16555,-0.315759,87.3715,-0.0317981,0.0656115,-0.34611233323812485,-0.30938853323459625,0.00441726,999.0,,,,,,,21.7,4.34,21.7,4.34,,,,,,,,,,,,,,,,,,,Nationals,27845,670223
Daniel Johnson,MIA,5,21,19,4,3,1,0,1,2,2,1,0,5,0,0,0,,0,0,0.229779,0.0576677,0.248181,0.232362,0.27995,0.376593,0.285806,0.656543,0.146815,5.27667,0.280959,-0.00325152,-0.00709875,2.01672,-0.464596,80.0304,-0.0103503,0.075817,-0.5073792785406113,-0.14918305724859238,0.00430866,999.0,,,,,,,18.7,3.74,18.7,3.74,,,,,,,,,,,,,,,,,,,Marlins,19643,669288
MJ Melendez,NYM,6,28,25,5,3,1,0,1,3,3,2,0,8,0,0,0,,1,0,0.21552,0.0818236,0.291177,0.28101,0.28378,0.393412,0.294018,0.677192,0.177892,4.97723,0.273032,-0.0119739,-0.0332119,2.87564,-0.432772,90.2981,-0.0451858,-0.224823,-0.36715018004179,-0.524822786450386,0.00405095,999.0,,,,,,,23.2,3.866666666,23.2,3.866666666,,,,,,,,,,,,,,,,,,,Mets,22197,669004
James Triantos,CHC,2,7,6,2,1,0,0,0,1,1,0,0,1,0,0,0,,0,0,0.239381,0.0542484,0.162331,0.334183,0.286589,0.329995,0.272291,0.616585,0.0906145,5.96908,0.276693,0.0,0.0089912,0.595427,-0.231676,73.9054,0.0089912,-0.0120789,-0.2075010072439909,0.012921052984893322,0.00391977,999.0,,,,,,,5.2,2.6,5.2,2.6,,,,,,,,,,,,,,,,,,,Cubs,sa3017295,701649
Josh Kasevich,TOR,2,7,6,2,1,0,0,0,1,1,0,0,1,0,0,0,,0,0,0.23631,0.0688823,0.150446,0.457855,0.293161,0.301507,0.266431,0.594668,0.0651962,3.32029,0.273382,-0.000585395,-0.0122003,0.562122,-0.264982,68.6817,-0.0127857,-0.00668041,-0.27117183431982994,0.06831959029659629,0.00389569,999.0,,,,,,,5.2,2.6,5.2,2.6,,,,,,,,,,,,,,,,,,,Blue Jays,sa3020203,688460
Scott Kingery,CHC,3,14,13,3,2,0,0,0,1,1,1,0,4,0,0,0,,0,0,0.207907,0.0667099,0.315077,0.211726,0.264307,0.331206,0.26203,0.595512,0.123299,5.74113,0.287413,-0.00593908,0.0156043,1.07422,-0.57999,66.8761,0.0096652,0.0592187,-0.5399560797959566,0.10921870544552803,0.00358565,999.0,,,,,,,6.8,2.266666666,6.8,2.266666666,,,,,,,,,,,,,,,,,,,Cubs,17975,664068
Rece Hinds,CIN,2,7,6,1,1,0,0,0,1,1,0,0,2,0,0,0,,0,0,0.232404,0.0588454,0.333987,0.17619,0.28328,0.427047,0.304753,0.710328,0.194644,5.75054,0.311526,0.000717813,0.00332605,0.779918,-0.0471858,89.4704,0.00404386,-0.0399221,-0.08331458922475576,-0.11492211744189262,0.00354564,999.0,,,,,,,-0.4,-0.2,-0.4,-0.2,,,,,,,,,,,,,,,,,,,Reds,27493,677956
Sergio Alcántara,WSN,2,7,6,1,1,0,0,0,1,1,1,0,2,0,0,0,,0,0,0.218802,0.10482,0.239213,0.438188,0.303645,0.302039,0.27438,0.605684,0.0832369,3.72321,0.287196,0.000672737,-0.0128224,0.607299,-0.219805,73.5642,-0.0121496,-0.0455709,-0.23147280514240265,0.02942909672856331,0.00315614,999.0,,,,,,,2.6,1.3,2.6,1.3,,,,,,,,,,,,,,,,,,,Nationals,16417,642727
Cristian Pache,NYM,2,7,6,1,1,0,0,0,1,1,1,0,2,0,0,0,,0,0,0.204146,0.0853576,0.315196,0.270808,0.277726,0.300354,0.259995,0.57808,0.0962078,4.40848,0.293616,0.000464152,-0.00770278,0.525546,-0.301558,66.9912,-0.00723863,0.0519025,-0.28109455574303865,0.07690253295004368,0.00293634,999.0,,,,,,,2.6,1.3,2.6,1.3,,,,,,,,,,,,,,,,,,,Mets,19948,665506
Jose Herrera,TEX,2,6,6,1,1,0,0,0,1,0,1,0,1,0,0,0,,0,0,0.205734,0.101174,0.226005,0.447664,0.290503,0.284338,0.261918,0.574841,0.0786041,2.83037,0.261927,-0.00582044,-0.00793556,0.490491,-0.265718,66.3747,-0.013756,-0.0310092,-0.2673966493457556,0.09399080649018288,0.00248456,999.0,,,,,,,2.6,1.3,2.6,1.3,,,,,,,,,,,,,,,,,,,Rangers,17040,645444
Nicky Lopez,COL,2,7,6,2,1,0,0,0,1,1,1,0,1,0,0,0,,0,0,0.255062,0.083317,0.143855,0.579175,0.324201,0.324447,0.291165,0.648648,0.0693847,5.06413,0.298257,0.00545378,-0.0114377,0.702693,-0.124411,71.3894,-0.00598397,0.000690661,-0.2433505868539214,0.02569066104479134,0.0015584,999.0,,,,,,,8.2,4.1,8.2,4.1,,,,,,,,,,,,,,,,,,,Rockies,19339,670032
Tim Elko,CHW,2,7,7,2,1,0,0,0,1,1,0,0,2,0,0,0,,0,0,0.233319,0.0559815,0.334788,0.167215,0.281103,0.393149,0.292654,0.674252,0.15983,3.11653,0.32005,-0.00098556,-0.00536233,0.711158,-0.115946,85.8851,-0.00634789,0.01696,-0.12280057836323977,-0.108039990067482,0.00103213,999.0,,,,,,,4.2,2.1,4.2,2.1,,,,,,,,,,,,,,,,,,,White Sox,31522,671284
Rowdy Tellez,ATL,8,35,32,7,5,1,0,1,4,4,3,0,9,0,0,0,,0,0,0.231886,0.0776935,0.24459,0.317647,0.295341,0.411941,0.306054,0.707282,0.180055,2.35352,0.267528,-0.0296597,-0.0357041,3.93658,-0.198937,94.7713,-0.0653639,0.0,-0.2822618708014488,-0.875,0.000736306,999.0,,,,,,,28.5,3.5625,28.5,3.5625,,,,,,,,,,,,,,,,,,,Braves,15679,642133
Brennen Davis,SEA,2,7,6,1,1,0,0,0,1,1,1,0,2,0,0,0,,0,0,0.1907,0.0767885,0.322647,0.237996,0.274071,0.349757,0.275461,0.623828,0.159058,3.67593,0.249791,-0.000837201,-0.00435417,0.613446,-0.213658,80.8302,-0.00519137,0.0,-0.1633482244797051,-0.07500000298023224,0.000264007,999.0,,,,,,,2.6,1.3,2.6,1.3,,,,,,,,,,,,,,,,,,,Mariners,sa3007876,680695
Christian Encarnacion-Strand,CIN,2,7,6,2,1,0,0,0,1,1,0,0,2,0,0,0,,0,0,0.242499,0.0514139,0.264021,0.194734,0.290297,0.435967,0.31224,0.726264,0.193468,3.26971,0.291562,0.00124081,-0.0125694,0.822472,-0.0046323,94.5995,-0.0113286,0.0,-0.05613350495696068,-0.17499999701976776,0.000179886,999.0,,,,,,,5.2,2.6,5.2,2.6,,,,,,,,,,,,,,,,,,,Reds,30011,687952
Héctor Rodríguez,CIN,2,7,7,2,1,0,0,0,1,1,0,0,1,0,0,0,,0,0,0.247758,0.048586,0.17412,0.279037,0.287445,0.388933,0.292681,0.676378,0.141176,4.71222,0.276015,-0.000274587,-0.00894243,0.711313,-0.115791,81.2012,-0.00921701,0.00815827,-0.1651806142181158,-0.06684172991663218,8.8947e-05,999.0,,,,,,,4.2,2.1,4.2,2.1,,,,,,,,,,,,,,,,,,,Reds,sa3015828,699302
Kemp Alderman,MIA,2,7,6,2,1,0,0,0,1,1,0,0,2,0,0,0,,0,0,0.241769,0.0548165,0.258157,0.212338,0.288255,0.388301,0.293845,0.676556,0.146531,5.07819,0.302204,0.0,-0.00796365,0.717926,-0.109178,85.5374,-0.00796365,-0.0329062,-0.12795214727520943,-0.10790625214576721,-0.00030353,999.0,,,,,,,5.2,2.6,5.2,2.6,,,,,,,,,,,,,,,,,,,Marlins,sa3022562,694580
Dom Nuñez,CLE,2,6,6,1,1,0,0,0,1,0,1,0,2,0,0,0,,0,0,0.16771,0.115754,0.341045,0.339409,0.272055,0.267998,0.248916,0.540053,0.100287,3.24321,0.25087,-0.00449763,-0.0101253,0.422929,-0.333281,57.197,-0.0146229,-0.0142321,-0.3374918969348073,0.11076794192194939,-0.00071811,999.0,,,,,,,2.6,1.3,2.6,1.3,,,,,,,,,,,,,,,,,,,Guardians,15055,624513
Jose Miranda,SDP,3,14,13,3,2,1,0,0,1,1,1,0,3,0,0,0,,0,0,0.229303,0.0581912,0.1871,0.311017,0.282311,0.354898,0.279509,0.637209,0.125595,2.98175,0.26222,0.00594005,-0.0179604,1.2729,-0.381306,80.7965,-0.0120204,-0.0469761,-0.3306619534268975,-0.14697610959410667,-0.00121288,999.0,,,,,,,9.7,3.233333333,9.7,3.233333333,,,,,,,,,,,,,,,,,,,Padres,20538,669304
Michael Siani,LAD,2,7,6,1,1,0,0,0,1,1,1,0,2,0,0,0,,0,0,0.196701,0.0910429,0.272472,0.334136,0.274982,0.286076,0.253914,0.561058,0.0893751,6.25757,0.264115,-0.00312514,0.0146372,0.490987,-0.336117,60.0337,0.0115121,0.0480107,-0.32006590347737074,0.0730107482522726,-0.0014491,999.0,,,,,,,2.6,1.3,2.6,1.3,,,,,,,,,,,,,,,,,,,Dodgers,22557,672279
Trey Lipscomb,WSN,2,7,7,2,1,0,0,0,1,1,0,0,1,0,0,0,,0,0,0.236129,0.0549276,0.208723,0.263161,0.281086,0.334061,0.270169,0.615148,0.0979327,4.18602,0.287685,-0.00247988,-0.00693496,0.583368,-0.243736,70.6797,-0.00941484,-0.0214883,-0.2526695020496845,0.0035117492079734802,-0.00166422,999.0,,,,,,,4.2,2.1,4.2,2.1,,,,,,,,,,,,,,,,,,,Nationals,31567,702358
Wilmer Flores,,42,182,163,38,25,7,0,6,19,22,15,0,33,2,2,0,,0,0,0.233459,0.0815404,0.180803,0.450991,0.304287,0.385608,0.302477,0.689895,0.152149,2.0385,0.25535,-0.388058,-0.26375,19.9417,-1.56302,92.4945,-0.651809,-0.0120585,-2.2663087844848633,-3.912058590911329,-0.00191357,999.0,,,,,,,177.5,4.226190476,177.5,4.226190476,,,,,,,,,,,,,,,,,,,,5827,527038
Patrick Wisdom,SEA,2,7,6,1,1,0,0,0,1,1,1,0,3,0,0,0,,0,0,0.184449,0.0863188,0.370272,0.233123,0.262164,0.389171,0.28225,0.651335,0.204722,3.93059,0.2434,-0.00446315,-0.00418232,0.652027,-0.175077,85.5066,-0.00864547,-0.0115073,-0.12822071742266417,-0.13650728948414326,-0.00243498,999.0,,,,,,,2.6,1.3,2.6,1.3,,,,,,,,,,,,,,,,,,,Mariners,13602,621550
Ben Cowles,CHC,2,7,6,1,1,0,0,0,1,1,0,0,2,0,0,0,,0,0,0.213924,0.0666932,0.313806,0.21253,0.275028,0.315969,0.262866,0.590997,0.102045,5.06622,0.306109,-0.000841422,-0.00337909,0.541863,-0.285241,67.4491,-0.00422051,-0.00796721,-0.27427762234583497,0.017032787203788757,-0.00249163,999.0,,,,,,,-0.4,-0.2,-0.4,-0.2,,,,,,,,,,,,,,,,,,,Cubs,sa3016976,701496
Will Banfield,CIN,2,6,6,1,1,0,0,0,1,1,0,0,2,0,0,0,,0,0,0.207051,0.0458486,0.288457,0.158944,0.247773,0.319679,0.248361,0.567451,0.112627,2.76215,0.271957,-0.000847704,-0.00682121,0.420049,-0.336161,50.8406,-0.00766891,0.0111408,-0.380558667704463,0.13614084105938673,-0.00276718,999.0,,,,,,,-0.4,-0.2,-0.4,-0.2,,,,,,,,,,,,,,,,,,,Reds,23790,677943
Riley Adams,WSN,5,19,17,4,2,1,0,1,2,2,1,0,6,0,0,0,,0,0,0.21201,0.0690506,0.332283,0.207806,0.279362,0.360132,0.28096,0.639494,0.148123,3.52068,0.295546,-0.00280214,-0.0160699,1.76832,-0.50031,78.0722,-0.0188721,-0.291781,-0.517861632630229,0.08321937918663025,-0.00362323,999.0,,,,,,,20.7,4.14,20.7,4.14,,,,,,,,,,,,,,,,,,,Nationals,19864,656180
Trey Mancini,LAA,2,7,6,1,1,0,0,0,1,1,0,0,2,0,0,0,,0,0,0.23212,0.0669911,0.265994,0.251852,0.293236,0.375769,0.291211,0.669005,0.143649,2.95132,0.291669,-0.00603276,-0.00629873,0.702957,-0.124147,83.97,-0.0123315,-0.00725727,-0.14458364713937044,-0.13225726783275604,-0.00367428,999.0,,,,,,,-0.4,-0.2,-0.4,-0.2,,,,,,,,,,,,,,,,,,,Angels,15149,641820
Tristan Peters,CHW,6,28,25,6,4,1,0,1,3,3,2,0,6,0,0,0,,0,0,0.225151,0.0863579,0.211929,0.407484,0.297182,0.342621,0.28348,0.639802,0.11747,4.39852,0.272254,-0.003534,-0.0588447,2.63608,-0.672333,79.5656,-0.0623787,-0.068755,-0.7367397360503674,-0.2687550112605095,-0.00427464,999.0,,,,,,,26.9,4.483333333,26.9,4.483333333,,,,,,,,,,,,,,,,,,,White Sox,30063,671976
Sebastián Rivero,LAA,2,6,6,1,1,0,0,0,1,1,0,0,1,0,0,0,,0,0,0.207889,0.0456022,0.228597,0.199487,0.251045,0.314467,0.248613,0.565512,0.106578,3.42099,0.255274,-0.00196279,-0.00857091,0.421357,-0.334853,54.6259,-0.0105337,-0.0379711,-0.3527968293055892,0.08702891692519188,-0.0054836,999.0,,,,,,,-0.4,-0.2,-0.4,-0.2,,,,,,,,,,,,,,,,,,,Angels,21735,665861
Eloy Jiménez,TOR,3,14,13,3,2,1,0,0,1,2,1,0,3,0,0,0,,0,0,0.243011,0.0705124,0.204346,0.345063,0.299665,0.380729,0.296955,0.680393,0.137718,2.43721,0.281154,-0.00286185,-0.0149671,1.47121,-0.182999,89.709,-0.0178289,0.0,-0.18763745576143265,-0.3499999940395355,-0.00570701,999.0,,,,,,,9.7,3.233333333,9.7,3.233333333,,,,,,,,,,,,,,,,,,,Blue Jays,17484,650391
Jase Bowen,SDP,2,7,6,1,1,0,0,0,1,1,0,0,2,0,0,0,,0,0,0.215578,0.0633701,0.310326,0.204205,0.273264,0.340343,0.270216,0.613607,0.124765,5.70432,0.297359,-0.000583396,0.00195086,0.583636,-0.243468,74.4305,0.00136746,-0.00589091,-0.21076835819985718,-0.08089091209694743,-0.00601266,999.0,,,,,,,-0.4,-0.2,-0.4,-0.2,,,,,,,,,,,,,,,,,,,Padres,sa3011267,687749
Kristian Robinson,ARI,2,7,6,1,1,0,0,0,1,1,1,0,2,0,0,0,,0,0,0.21104,0.103257,0.341387,0.302464,0.29834,0.334378,0.28245,0.632719,0.123338,5.75725,0.314066,-0.000581977,0.0048572,0.653165,-0.173939,78.0882,0.00427522,-0.0422609,-0.17751463735476136,-0.1172608733177185,-0.00633149,999.0,,,,,,,2.6,1.3,2.6,1.3,,,,,,,,,,,,,,,,,,,Diamondbacks,sa3006884,677565
Yohandy Morales,WSN,13,56,51,12,8,3,0,1,6,6,4,0,16,0,0,0,,0,0,0.236289,0.0734866,0.292118,0.251565,0.297002,0.361522,0.289097,0.658525,0.125234,4.38924,0.322905,-0.00254948,-0.0663321,5.52755,-1.08928,83.6461,-0.0688816,0.2268,-1.1543136537075043,-0.7732000052928925,-0.00658688,999.0,,,,,,,46.3,3.561538461,46.3,3.561538461,,,,,,,,,,,,,,,,,,,Nationals,sa3022672,691002
Jared Serna,MIA,5,21,19,4,3,1,0,0,2,2,2,0,4,0,0,0,,0,0,0.217501,0.0719059,0.188457,0.38155,0.281643,0.311007,0.264186,0.592649,0.0935051,4.69617,0.25866,-0.000789049,-0.0298132,1.6481,-0.833216,65.2201,-0.0306022,0.00803306,-0.8962513972073793,0.1330330576747656,-0.00660358,999.0,,,,,,,12.3,2.46,12.3,2.46,,,,,,,,,,,,,,,,,,,Marlins,sa3015579,691858
Bryan De La Cruz,PHI,3,14,13,3,2,1,0,0,1,2,1,0,4,0,0,0,,0,0,0.23635,0.059694,0.278996,0.21396,0.284045,0.387094,0.291408,0.671139,0.150744,3.33657,0.299192,-0.00903901,-0.0069714,1.40816,-0.246051,83.5987,-0.0160104,-0.0941642,-0.28815475665032864,-0.24416425079107285,-0.00680743,999.0,,,,,,,9.7,3.233333333,9.7,3.233333333,,,,,,,,,,,,,,,,,,,Phillies,19600,650559
José Azocar,ATL,2,7,7,2,1,0,0,0,1,1,0,0,2,0,0,0,,0,0,0.237577,0.0506483,0.224719,0.225385,0.282038,0.334786,0.271357,0.616824,0.0972091,6.00933,0.297433,0.00172472,0.00462265,0.590122,-0.236982,71.0028,0.00634736,0.00366192,-0.23422651877626777,-0.07133808173239231,-0.00743535,999.0,,,,,,,4.2,2.1,4.2,2.1,,,,,,,,,,,,,,,,,,,Braves,18821,640492
Tyler Wade,TEX,11,49,43,9,7,2,0,0,5,4,4,0,12,0,0,1,,2,1,0.219345,0.0911866,0.242046,0.376733,0.29741,0.287515,0.266018,0.584925,0.06817,5.74059,0.292015,-0.00317457,0.0352659,3.91843,-1.8713,69.199,0.0320913,-0.265896,-1.7467343099415302,-0.04089571535587311,-0.0103468,999.0,,,,,,,26.2,2.381818181,26.2,2.381818181,,,,,,,,,,,,,,,,,,,Rangers,15730,642180
Braden Montgomery,CHW,32,140,127,29,19,7,1,3,14,14,10,0,41,2,1,0,,2,1,0.22894,0.0732953,0.292189,0.250849,0.29297,0.360569,0.286853,0.653539,0.131629,4.36802,0.31181,0.0,-0.158322,13.5638,-2.97828,81.8891,-0.158322,-0.578571,-3.1467434614896774,-1.778571367263794,-0.0109211,999.0,,,,,,,126.6,3.95625,126.6,3.95625,,,,,,,,,,,,,,,,,,,White Sox,sa3038253,695731
Victor Bericoto,SFG,3,14,13,3,2,1,0,0,1,1,1,0,4,0,0,0,,0,0,0.235854,0.0630882,0.250514,0.251835,0.286183,0.361192,0.283181,0.647375,0.125338,3.39689,0.296036,-0.000649516,-0.025775,1.31464,-0.339565,81.9668,-0.0264245,-0.072,-0.32564724422991276,-0.2719999998807907,-0.0134913,999.0,,,,,,,9.7,3.233333333,9.7,3.233333333,,,,,,,,,,,,,,,,,,,Giants,sa3008767,682674
Garrett Hampson,CIN,3,14,12,3,2,1,0,0,2,1,1,0,4,0,0,0,,0,0,0.21564,0.0857248,0.267837,0.320063,0.286626,0.287317,0.259463,0.573943,0.0716773,5.41977,0.296788,0.00670416,0.0140078,1.04504,-0.609167,58.4453,0.0207119,-0.0385809,-0.6688003651797771,0.06141909584403038,-0.0144872,999.0,,,,,,,10.7,3.566666666,10.7,3.566666666,,,,,,,,,,,,,,,,,,,Reds,19262,641658
Ethan Murray,MIL,3,14,12,2,2,1,0,0,1,1,1,0,4,0,0,0,,0,0,0.194695,0.0868858,0.300539,0.2891,0.273025,0.287145,0.253512,0.56017,0.0924499,4.60682,0.274528,-0.00185706,-0.00124591,0.977403,-0.676805,60.0037,-0.00310297,0.00490909,-0.6667566453106701,0.0549090919084847,-0.0149442,999.0,,,,,,,5.1,1.7,5.1,1.7,,,,,,,,,,,,,,,,,,,Brewers,sa3017051,696140
Jarred Kelenic,CHW,10,42,38,9,5,2,0,1,5,4,3,0,12,0,0,0,,1,0,0.224139,0.0793225,0.293316,0.270433,0.287313,0.375192,0.288999,0.662505,0.151053,4.70021,0.29509,0.0188492,-0.0450312,4.1423,-0.820327,83.3669,-0.026182,-0.217235,-0.8495512045919895,-0.7672349065542221,-0.0175174,999.0,,,,,,,38.5,3.85,38.5,3.85,,,,,,,,,,,,,,,,,,,White Sox,22558,672284
Kris Bryant,COL,3,14,12,3,2,1,0,0,1,1,1,0,4,0,0,0,,0,0,0.238124,0.0837342,0.25601,0.327074,0.314463,0.369205,0.302866,0.683669,0.131081,2.70191,0.304836,-0.00636513,-0.0203555,1.53839,-0.115814,79.4053,-0.0267206,0.0,-0.36844624392688274,-0.3499999940395355,-0.0258506,999.0,,,,,,,10.7,3.566666666,10.7,3.566666666,,,,,,,,,,,,,,,,,,,Rockies,15429,592178
Andrew Pintar,MIA,5,21,19,4,3,1,0,0,2,2,1,0,6,0,0,0,,1,0,0.219293,0.06951,0.287412,0.241848,0.280447,0.31816,0.266316,0.598607,0.098867,5.5042,0.302546,-0.00192746,0.0326694,1.68441,-0.796901,66.6792,0.0307419,-0.152209,-0.7985918242484331,-0.1772087924182415,-0.0283534,999.0,,,,,,,11.2,2.24,11.2,2.24,,,,,,,,,,,,,,,,,,,Marlins,sa3020715,801464
Billy Cook,PIT,16,70,63,14,9,3,0,2,7,7,5,0,20,1,0,0,,2,0,0.225008,0.0695681,0.283261,0.245597,0.28709,0.356875,0.282415,0.643965,0.131867,5.52869,0.298064,-0.0161469,0.0787534,6.52964,-1.7414,77.1647,0.0626065,-0.416432,-1.8319112807512283,-0.8164318799972534,-0.0326813,999.0,,,,,,,64.7,4.04375,64.7,4.04375,,,,,,,,,,,,,,,,,,,Pirates,29573,695257
Matthew Lugo,LAA,10,42,39,9,5,2,0,1,4,5,2,0,13,0,0,0,,1,0,0.224729,0.0503581,0.308714,0.163122,0.270754,0.376289,0.280965,0.647043,0.15156,5.3401,0.303676,-0.00341493,-0.0472861,3.86837,-1.09426,76.9122,-0.050701,-0.2255,-1.193589460104704,-0.675499826669693,-0.0433311,999.0,,,,,,,34.5,3.45,34.5,3.45,,,,,,,,,,,,,,,,,,,Angels,25980,683090
Dominic Smith,ATL,49,210,189,46,32,9,0,5,23,23,16,0,43,3,2,0,,1,0,0.244175,0.0778088,0.202717,0.38383,0.310801,0.374063,0.301024,0.684864,0.129888,3.47157,0.287895,-0.286104,-0.140851,22.7619,-2.05122,91.3257,-0.426955,0.0300298,-2.5859372317790985,-5.069970056414604,-0.0684631,999.0,,,,,,,200.6,4.093877551,200.6,4.093877551,,,,,,,,,,,,,,,,,,,Braves,15653,642086
Deyvison De Los Santos,MIA,21,91,84,20,14,3,0,3,10,11,5,0,23,1,1,0,,1,0,0.23285,0.0547818,0.254109,0.215584,0.280834,0.377615,0.285998,0.658449,0.144766,3.95863,0.284044,0.0,-0.0799023,8.7533,-1.99905,80.1621,-0.0799023,0.276585,-2.2194920480251312,-1.4984146356582642,-0.0706278,999.0,,,,,,,84.8,4.038095238,84.8,4.038095238,,,,,,,,,,,,,,,,,,,Marlins,sa3015168,691277
Charlie Condon,COL,29,126,113,27,18,5,1,3,13,14,10,0,36,3,1,0,,1,0,0.242887,0.076436,0.28519,0.268018,0.314931,0.391203,0.310187,0.706134,0.148316,4.05914,0.322724,0.0,-0.230394,14.5945,-0.293418,84.4202,-0.230394,0.275567,-2.5570181757211685,-2.3744331002235413,-0.0756499,999.0,,,,,,,127.5,4.396551724,127.5,4.396551724,,,,,,,,,,,,,,,,,,,Rockies,sa3025257,809707
Adam Frazier,LAA,60,259,235,55,40,10,1,4,26,23,17,1,48,4,2,1,,4,2,0.23371,0.0661013,0.184117,0.359017,0.293939,0.33192,0.277081,0.625859,0.09821,4.30704,0.27616,-0.0266314,-0.37728,23.0381,-7.56473,74.2365,-0.403911,-1.37536,-8.268532752990723,-1.7503623366355896,-0.113008,999.0,,,,,,,210.3,3.505,210.3,3.505,,,,,,,,,,,,,,,,,,,Angels,15223,624428
Jeimer Candelario,LAA,34,147,133,27,16,7,0,4,14,16,11,0,41,2,1,0,,1,1,0.204728,0.0747518,0.276114,0.270728,0.274334,0.352428,0.275779,0.626762,0.1477,3.41545,0.259163,-0.038279,-0.233458,12.9202,-4.44896,73.3392,-0.271737,-0.444396,-4.890904068946838,-1.669396460056305,-0.153551,999.0,,,,,,,114.2,3.358823529,114.2,3.358823529,,,,,,,,,,,,,,,,,,,Angels,13621,600869
