Name,Team,G,PA,AB,H,1B,2B,3B,HR,R,RBI,BB,IBB,SO,HBP,SF,SH,GDP,SB,CS,AVG,BB%,K%,BB/K,OBP,SLG,wOBA,OPS,ISO,Spd,BABIP,UBR,wSB,wRC,wRAA,wRC+,BsR,Fld,Off,Def,WAR,ADP,InterSD,InterSK,IntraSD,Vol,Skew,Dim,FPTS,FPTS/G,SPTS,SPTS/G,P10,P20,P30,P40,P50,P60,P70,P80,P90,TT10,TT20,TT30,TT40,TT50,TT60,TT70,TT80,TT90,NameASCII,PlayerId,MLBAMID
"Aaron Judge","NYY",159,686,558,156,80,27,0,49,114,124,116,15,178,6,5,1,,8,2,0.279054,0.169327,0.258891,0.654046,0.405879,0.591781,0.41616,0.99766,0.312727,3.53965,0.317389,0.073951,-0.430584,138.762,58.5155,176.52,-0.356633,-2.85438,59.705656945705414,-11.404383659362793,7.35022,3.1600000858306885,,,,,,,1230.1,7.736477987,1230.1,7.736477987,,,,,,,,,,,,,,,,,,,"Aaron Judge","15640",592450
"Bobby Witt Jr.","KCR",159,686,623,182,107,37,8,31,108,101,50,5,111,7,6,1,,32,11,0.292712,0.0728782,0.161738,0.450593,0.348553,0.525069,0.369756,0.873621,0.232356,7.13304,0.31144,1.41685,0.742133,113.142,32.8946,139.416,2.15899,4.067,33.09775900840759,11.416999816894531,6.95916,1.6200000047683716,,,,,,,1041.5,6.550314465,1041.5,6.550314465,,,,,,,,,,,,,,,,,,,"Bobby Witt Jr.","25764",677951
"Gunnar Henderson","BAL",157,679,592,163,95,30,6,32,109,95,75,1,150,6,5,1,,17,4,0.275111,0.109753,0.220713,0.497267,0.359511,0.507015,0.371482,0.866526,0.231904,6.22875,0.316015,1.19585,0.306275,112.93,33.5022,147.723,1.50212,-2.96633,38.57905912399292,4.058666467666626,6.7412,7.659999847412109,,,,,,,1006.9,6.413375796,1006.9,6.413375796,,,,,,,,,,,,,,,,,,,"Gunnar Henderson","26289",683002
"Juan Soto","NYM",159,686,542,152,87,27,2,35,113,100,135,7,112,4,4,1,,8,4,0.279948,0.196634,0.16388,1.19987,0.423719,0.530833,0.408444,0.954552,0.250885,3.80784,0.293175,-1.24115,-1.58149,134.503,54.2556,168.091,-2.82265,-3.87815,53.03419613838196,-12.228154420852661,6.57368,7.519999980926514,,,,,,,1148.9,7.225786163,1148.9,7.225786163,,,,,,,,,,,,,,,,,,,"Juan Soto","20123",665742
"Julio Rodríguez","SEA",157,679,618,172,112,29,2,29,96,92,48,3,159,9,3,1,,28,7,0.278711,0.0703654,0.234067,0.30062,0.337319,0.473823,0.34871,0.811142,0.195112,5.59762,0.32992,0.971788,1.29177,100.485,21.057,135.46,2.26356,5.22708,29.812817811965942,7.452084302902222,6.18631,13.399999618530273,,,,,,,917.9,5.846496815,917.9,5.846496815,,,,,,,,,,,,,,,,,,,"Julio Rodriguez","23697",677594
"Mookie Betts","LAD",157,679,583,164,98,34,3,29,109,94,84,3,94,7,5,1,,15,4,0.28072,0.123096,0.138322,0.889924,0.374253,0.496395,0.374116,0.870648,0.215675,5.31057,0.290271,0.337805,0.145904,114.37,34.9417,143.171,0.483709,-7.02447,35.53643599152565,-0.14946937561035156,5.98994,12.739999771118164,,,,,,,1014,6.458598726,1014,6.458598726,,,,,,,,,,,,,,,,,,,"Mookie Betts","13611",605141
"Francisco Lindor","NYM",159,686,607,157,95,31,3,28,100,89,63,2,130,10,5,2,,23,5,0.259291,0.0912817,0.189687,0.481223,0.336523,0.457946,0.343291,0.794469,0.198655,5.91281,0.285299,0.574581,1.30233,98.5291,18.2821,124.238,1.87691,5.46682,21.760287642478943,12.566822052001953,5.90455,14.600000381469727,,,,,,,891.1,5.604402515,891.1,5.604402515,,,,,,,,,,,,,,,,,,,"Francisco Lindor","12916",596019
"Shohei Ohtani","LAD",151,651,561,160,84,30,5,42,119,116,79,10,150,5,4,1,,36,6,0.285788,0.122094,0.230813,0.528973,0.376933,0.581017,0.400997,0.95795,0.295229,7.06216,0.317304,0.299346,3.38141,123.738,47.5855,161.264,3.68076,0,51.372666120529175,-16.274999618530273,5.86376,1.5299999713897705,,,,,,,1148.9,7.608609271,1148.9,7.608609271,,,,,,,,,,,,,,,,,,,"Shohei Ohtani","19755",660271
"Fernando Tatis Jr.","SDP",152,658,590,164,91,34,1,37,104,101,57,1,141,7,3,1,,19,4,0.277662,0.0866308,0.214183,0.404472,0.346336,0.529328,0.373622,0.875664,0.251665,5.2141,0.305037,0.951264,0.984737,110.571,33.5991,144.816,1.936,4.9441,37.199397921562195,-2.505897045135498,5.84609,11.140000343322754,,,,,,,997.4,6.561842105,997.4,6.561842105,,,,,,,,,,,,,,,,,,,"Fernando Tatis Jr.","19709",665487
"Yordan Alvarez","HOU",141,609,522,157,88,32,2,36,94,104,73,11,104,10,5,0,,3,1,0.301755,0.119128,0.170049,0.700547,0.393955,0.576586,0.407157,0.970541,0.274831,3.4315,0.314471,-0.56005,-0.81678,118.774,47.5347,171.738,-1.37683,-0.0768717,48.61214601993561,-13.00187187641859,5.77442,17.09000015258789,,,,,,,1051.7,7.458865248,1051.7,7.458865248,,,,,,,,,,,,,,,,,,,"Yordan Alvarez","19556",670541
"José Ramírez","CLE",156,672,598,165,94,38,3,30,99,100,64,16,81,4,6,1,,29,6,0.275225,0.0952116,0.120989,0.786946,0.345718,0.500334,0.354455,0.846052,0.225109,5.74301,0.272564,0.808473,2.18938,102.556,23.9472,134.365,2.99785,1.77622,29.421131372451782,3.5762224197387695,5.72147,4.96999979019165,,,,,,,977.6,6.266666666,977.6,6.266666666,,,,,,,,,,,,,,,,,,,"Jose Ramirez","13510",608070
"Cal Raleigh","SEA",146,584,517,118,63,23,1,30,71,85,58,2,159,4,4,0,,3,1,0.227199,0.0987994,0.272851,0.3621,0.307555,0.451546,0.326208,0.759101,0.224347,3.12366,0.262748,-0.827509,-0.727132,75.8233,7.5315,119.631,-1.55464,5.58567,11.55885910987854,12.935672283172607,5.28337,85.93000030517578,,,,,,,687.1,4.706164383,687.1,4.706164383,,,,,,,,,,,,,,,,,,,"Cal Raleigh","21534",663728
"Patrick Bailey","SFG",128,506,456,108,73,22,1,12,53,52,42,0,121,3,4,1,,4,1,0.237485,0.0831535,0.23909,0.347792,0.303202,0.370262,0.296208,0.673464,0.132777,3.69155,0.294354,-0.0593358,-0.417827,53.4589,-5.68522,91.0021,-0.477163,9.76145,-5.917308032512665,19.63645362854004,5.09639,305.8399963378906,,,,,,,470.9,3.67890625,470.9,3.67890625,,,,,,,,,,,,,,,,,,,"Patrick Bailey","27478",672275
"Jackson Merrill","SDP",154,665,616,173,111,31,5,25,85,94,39,2,110,3,5,3,,15,4,0.280653,0.0586167,0.165539,0.354096,0.323588,0.470153,0.33963,0.793741,0.1895,5.58175,0.30459,0.135722,0.155701,93.5533,15.7629,121.937,0.291423,5.80709,17.736283719539642,8.182085514068604,4.96389,26.360000610351562,,,,,,,849.5,5.516233766,849.5,5.516233766,,,,,,,,,,,,,,,,,,,"Jackson Merrill","29490",701538
"Michael Harris II","ATL",143,616,571,166,108,31,4,23,85,85,34,2,118,6,4,1,,18,5,0.291464,0.0557357,0.192351,0.28976,0.336507,0.483483,0.351202,0.81999,0.192018,5.68003,0.330299,0.688156,0.290998,92.3974,20.3389,124.857,0.979153,5.87646,19.288960099220276,8.076464891433716,4.94482,40.380001068115234,,,,,,,827.7,5.788111888,827.7,5.788111888,,,,,,,,,,,,,,,,,,,"Michael Harris II","25931",671739
"Ronald Acuña Jr.","ATL",128,553,474,139,86,26,2,26,101,73,66,2,101,8,3,1,,39,9,0.293377,0.119021,0.181914,0.654271,0.386778,0.518895,0.389019,0.905673,0.225518,6.85638,0.323276,1.00634,3.00769,99.7797,35.0908,150.31,4.01403,-1.50484,37.283326148986816,-7.829835414886475,4.9438,35.279998779296875,,,,,,,906.5,7.08203125,906.5,7.08203125,,,,,,,,,,,,,,,,,,,"Ronald Acuna Jr.","18401",660670
"Elly De La Cruz","CIN",154,665,595,154,89,32,8,26,99,88,62,2,195,5,3,1,,54,14,0.258762,0.0927838,0.293699,0.315914,0.331757,0.46775,0.343695,0.799507,0.208988,8.20916,0.340621,0.520133,3.93377,95.7295,17.9391,114.523,4.4539,2.54394,16.00249195098877,9.668939113616943,4.93839,4.590000152587891,,,,,,,914.6,5.938961038,914.6,5.938961038,,,,,,,,,,,,,,,,,,,"Elly De La Cruz","26668",682829
"Corey Seager","TEX",126,546,481,136,81,26,1,28,79,80,55,9,93,5,4,1,,2,1,0.28289,0.101525,0.169947,0.59739,0.360318,0.51361,0.369675,0.873928,0.23072,2.55257,0.297441,-0.956254,-1.04935,90.0159,26.1459,143.845,-2.00561,-0.447417,25.386196613311768,3.4025826454162598,4.85302,47.40999984741211,,,,,,,805.9,6.396031746,805.9,6.396031746,,,,,,,,,,,,,,,,,,,"Corey Seager","13624",608369
"Vladimir Guerrero Jr.","TOR",157,679,597,176,108,35,0,33,98,102,71,8,97,6,4,1,,5,2,0.29477,0.105283,0.14218,0.740495,0.374134,0.518535,0.379879,0.892668,0.223764,2.73084,0.30399,-1.53539,-1.22799,117.519,38.0911,152.353,-2.76338,-2.14833,37.91094779968262,-13.82332992553711,4.82539,13.09000015258789,,,,,,,1035.2,6.593630573,1035.2,6.593630573,,,,,,,,,,,,,,,,,,,"Vladimir Guerrero Jr.","19611",665489
"William Contreras","MIL",156,626,551,150,95,31,1,23,83,83,68,3,132,4,3,0,,7,2,0.272417,0.108524,0.210963,0.514421,0.354479,0.458124,0.351561,0.812603,0.185707,3.77897,0.318483,-0.634454,-0.568581,94.1381,20.8631,125.919,-1.20303,-1.55351,18.211533069610596,4.446488261222839,4.81781,24.43000030517578,,,,,,,824.5,5.28525641,824.5,5.28525641,,,,,,,,,,,,,,,,,,,"William Contreras","20503",661388
"Kyle Tucker","CHC",154,665,575,156,92,31,2,30,93,98,82,6,103,2,5,0,,21,4,0.270391,0.123577,0.154218,0.801314,0.361124,0.489474,0.363883,0.850598,0.219084,4.90084,0.279824,0.671867,1.49488,106.535,28.7442,137.131,2.16675,0.224443,31.693389654159546,-8.100556954741478,4.72372,8.739999771118164,,,,,,,962.6,6.25064935,962.6,6.25064935,,,,,,,,,,,,,,,,,,,"Kyle Tucker","18345",663656
"Adley Rutschman","BAL",146,586,511,134,87,28,1,18,74,68,66,3,92,4,4,1,,2,0,0.261231,0.112718,0.156915,0.718335,0.347133,0.425508,0.336488,0.772641,0.164278,2.9917,0.284686,0.341601,-0.924825,80.9851,12.4126,123.107,-0.583224,2.20569,14.91557389497757,8.355689525604248,4.62482,63.43000030517578,,,,,,,709.3,4.858219178,709.3,4.858219178,,,,,,,,,,,,,,,,,,,"Adley Rutschman","26288",668939
"Bryce Harper","PHI",154,665,568,160,90,39,0,31,98,96,87,11,145,4,5,1,,10,3,0.282449,0.130853,0.217671,0.60115,0.378969,0.515229,0.379355,0.894198,0.23278,3.68825,0.326385,-1.15681,-0.708497,114.815,37.0249,144.409,-1.86531,1.22628,33.44895541667938,-10.848717212677002,4.6212,22.760000228881836,,,,,,,1016.1,6.598051948,1016.1,6.598051948,,,,,,,,,,,,,,,,,,,"Bryce Harper","11579",547180
"Austin Riley","ATL",157,679,607,165,97,33,2,33,96,98,56,1,165,10,6,1,,2,0,0.271295,0.0823407,0.243103,0.338707,0.339622,0.493533,0.357,0.833155,0.222237,3.18359,0.31836,0.0524855,-1.08227,105.016,25.5876,128.759,-1.02979,-2.6927,22.32126021385193,-0.2676987648010254,4.61289,29.829999923706055,,,,,,,936.1,5.962420382,936.1,5.962420382,,,,,,,,,,,,,,,,,,,"Austin Riley","18360",663586
"Trea Turner","PHI",156,672,620,175,117,33,2,23,97,81,41,1,129,6,4,1,,24,4,0.282811,0.060953,0.19184,0.317729,0.331272,0.455844,0.339682,0.787116,0.173033,5.8413,0.322499,1.04808,1.90191,94.5665,15.9573,117.706,2.94999,-2.1608,17.17859697341919,5.039194822311401,4.60578,24.399999618530273,,,,,,,858.7,5.504487179,858.7,5.504487179,,,,,,,,,,,,,,,,,,,"Trea Turner","16252",607208
"Riley Greene","DET",151,651,574,154,97,29,6,23,89,80,68,2,161,5,3,1,,6,2,0.268758,0.104462,0.247483,0.4221,0.349399,0.459418,0.349607,0.808817,0.190659,4.94729,0.333664,0.321954,-0.95483,96.8118,20.6591,130.902,-0.632876,6.09114,22.385787308216095,-0.5838618278503418,4.49293,110.26000213623047,,,,,,,847.7,5.613907284,847.7,5.613907284,,,,,,,,,,,,,,,,,,,"Riley Greene","25976",682985
"Ketel Marte","ARI",147,637,558,153,91,32,4,26,92,87,67,5,115,6,5,1,,7,2,0.27479,0.104765,0.180932,0.57903,0.354983,0.487392,0.360277,0.842375,0.212603,4.79368,0.301019,-0.160544,-0.460183,100.2,25.6852,130.523,-0.620727,-1.11262,22.629683077335358,-0.43762171268463135,4.48275,32.40999984741211,,,,,,,885.5,6.023809523,885.5,6.023809523,,,,,,,,,,,,,,,,,,,"Ketel Marte","13613",606466
"Matt Chapman","SFG",157,679,595,143,81,34,2,26,86,83,71,2,176,8,5,0,,10,3,0.241136,0.105114,0.258999,0.405846,0.328337,0.437339,0.33207,0.765675,0.196203,4.39336,0.295288,1.015,-0.365874,91.3918,11.9636,115.14,0.649124,4.52135,12.941891610622406,6.946352243423462,4.38926,128.3800048828125,,,,,,,807.8,5.145222929,807.8,5.145222929,,,,,,,,,,,,,,,,,,,"Matt Chapman","16505",656305
"Freddie Freeman","LAD",154,665,576,169,107,36,2,24,97,92,74,9,109,9,5,0,,11,2,0.292786,0.11085,0.163473,0.678096,0.379066,0.487591,0.370849,0.866657,0.194806,4.53915,0.322751,0.123832,-0.25841,110.263,32.4727,140.972,-0.134578,-0.0899565,32.44686996936798,-12.11495615541935,4.38694,26.43000030517578,,,,,,,976.1,6.338311688,976.1,6.338311688,,,,,,,,,,,,,,,,,,,"Freddie Freeman","5361",518692
"Marcus Semien","TEX",154,665,597,151,95,29,3,23,94,76,60,1,102,4,3,1,,10,2,0.252811,0.0895687,0.154055,0.581407,0.322871,0.429255,0.326559,0.752126,0.176444,5.09131,0.268786,0.510455,-0.113813,86.5577,8.7673,113.517,0.396642,7.10565,10.681442469358444,9.280651807785034,4.35111,104.12000274658203,,,,,,,771.4,5.009090909,771.4,5.009090909,,,,,,,,,,,,,,,,,,,"Marcus Semien","12533",543760
"Dansby Swanson","CHC",157,679,610,150,98,29,2,21,83,79,60,1,166,4,4,1,,15,4,0.245331,0.0889761,0.244074,0.364546,0.315553,0.401545,0.313146,0.717097,0.156214,4.85988,0.301533,1.16883,0.222457,81.0498,1.6217,102.981,1.39128,8.42978,3.811851739883423,15.704784870147705,4.35089,174.72000122070312,,,,,,,732.2,4.663694267,732.2,4.663694267,,,,,,,,,,,,,,,,,,,"Dansby Swanson","18314",621020
"Gabriel Moreno","ARI",128,507,449,128,91,25,1,11,58,59,49,1,83,4,4,1,,6,2,0.284008,0.0963871,0.163505,0.589505,0.35706,0.416129,0.338812,0.773189,0.132121,3.85091,0.325494,-0.789103,-0.637114,71.0481,11.6935,116.076,-1.42622,7.15387,8.3278089761734,16.128868579864502,4.26684,186.86000061035156,,,,,,,614.2,4.7984375,614.2,4.7984375,,,,,,,,,,,,,,,,,,,"Gabriel Moreno","22664",672515
"Corbin Carroll","ARI",156,672,583,152,91,26,11,24,108,84,70,1,130,11,5,3,,38,7,0.26013,0.104172,0.193379,0.538693,0.348074,0.463677,0.350928,0.811751,0.203547,8.30245,0.294889,1.94411,3.19956,100.649,22.0398,124.23,5.14367,0.394383,24.6148362159729,-6.305616796016693,4.20211,8.3100004196167,,,,,,,927.5,5.94551282,927.5,5.94551282,,,,,,,,,,,,,,,,,,,"Corbin Carroll","25878",682998
"Andrés Giménez","TOR",147,637,579,154,108,30,3,14,72,71,33,2,107,18,4,3,,27,5,0.265506,0.0513598,0.168017,0.305683,0.322865,0.397149,0.314551,0.720013,0.131642,6.02376,0.30273,0.0553442,2.12164,76.7568,2.24173,106.401,2.17698,10.0126,6.8421502113342285,12.337599992752075,4.17392,169,,,,,,,709.4,4.82585034,709.4,4.82585034,,,,,,,,,,,,,,,,,,,"Andres Gimenez","19950",665926
"Willy Adames","SFG",156,672,597,145,84,35,1,25,83,84,67,2,158,3,4,1,,14,4,0.243199,0.099412,0.235706,0.421763,0.320379,0.429066,0.324661,0.749445,0.185866,4.40269,0.288359,0.541324,-0.000440242,86.4419,7.83266,110.153,0.540884,1.58918,8.699268281459808,8.789180517196655,4.11734,95.5999984741211,,,,,,,782.6,5.016666666,782.6,5.016666666,,,,,,,,,,,,,,,,,,,"Willy Adames","15986",642715
"Carlos Correa","MIN",130,560,491,133,84,27,2,20,74,69,60,4,109,5,4,1,,1,0,0.270054,0.106385,0.193776,0.549011,0.351688,0.451485,0.347053,0.803173,0.181431,2.67151,0.307738,-0.356766,-1.10039,82.1274,16.6197,128.591,-1.45716,-0.184412,16.862425088882446,4.315588444471359,4.11519,242.02999877929688,,,,,,,728.4,5.603076923,728.4,5.603076923,,,,,,,,,,,,,,,,,,,"Carlos Correa","14162",621043
"Manny Machado","SDP",151,651,592,158,98,30,1,29,83,99,52,6,127,2,5,0,,8,2,0.266696,0.0795039,0.194473,0.408817,0.325129,0.467779,0.338342,0.792907,0.201083,3.56584,0.291732,-0.543753,-0.439663,90.909,14.7563,121.071,-0.983416,1.28398,15.419448435306549,2.4089772701263428,4.08023,38.220001220703125,,,,,,,829.7,5.494701986,829.7,5.494701986,,,,,,,,,,,,,,,,,,,"Manny Machado","11493",592518
"Steven Kwan","CLE",156,672,592,168,125,27,5,11,93,61,68,1,66,5,4,3,,18,4,0.283979,0.101575,0.0975641,1.04111,0.361237,0.401945,0.33655,0.763182,0.117966,5.65653,0.302778,0.481366,0.309052,92.8726,14.2633,121.77,0.790417,6.16809,17.529827892780304,-1.0319108963012695,4.01744,147.36000061035156,,,,,,,801,5.134615384,801,5.134615384,,,,,,,,,,,,,,,,,,,"Steven Kwan","24610",680757
"Alejandro Kirk","TOR",110,436,385,103,73,19,0,10,42,49,43,1,53,4,4,0,,1,0,0.268122,0.0984654,0.121895,0.807787,0.344889,0.40018,0.327336,0.745069,0.132058,1.72575,0.285613,-1.82609,-0.901037,57.0756,6.02639,115.394,-2.72713,3.835,4.959533929824829,11.735004663467407,3.96809,256.0299987792969,,,,,,,483.8,4.398181818,483.8,4.398181818,,,,,,,,,,,,,,,,,,,"Alejandro Kirk","22581",672386
"Anthony Volpe","NYY",157,679,611,148,92,33,5,18,83,75,55,1,151,7,4,1,,28,7,0.241787,0.0805349,0.221698,0.363265,0.309569,0.400004,0.309253,0.709573,0.158217,6.4884,0.290326,1.30149,1.68784,78.9219,-0.506255,101.319,2.98933,4.39099,4.014111638069153,11.665993690490723,3.95708,140.91000366210938,,,,,,,730.8,4.65477707,730.8,4.65477707,,,,,,,,,,,,,,,,,,,"Anthony Volpe","27647",683011
"Isaac Paredes","HOU",141,609,521,127,75,26,1,25,75,84,69,1,101,14,4,1,,2,1,0.244396,0.113756,0.16512,0.68893,0.345587,0.441186,0.343384,0.786772,0.196789,2.57044,0.256447,-0.672536,-1.27791,87.5155,16.2758,126.879,-1.95044,-1.05272,16.779707193374634,1.1222797632217407,3.94555,192.08999633789062,,,,,,,756.3,5.363829787,756.3,5.363829787,,,,,,,,,,,,,,,,,,,"Isaac Paredes","20036",670623
"Wyatt Langford","TEX",141,609,542,146,89,30,4,22,82,84,58,2,121,5,4,0,,19,5,0.268969,0.0952243,0.198206,0.480432,0.343354,0.463917,0.347945,0.807271,0.194948,5.93323,0.306635,0.394655,0.675309,89.7511,18.5114,128.56,1.06996,3.24114,20.971089005470276,-3.083859920501709,3.94403,43.93000030517578,,,,,,,803.3,5.69716312,803.3,5.69716312,,,,,,,,,,,,,,,,,,,"Wyatt Langford","33333",694671
"Brent Rooker","ATH",151,651,574,149,82,26,2,39,88,102,63,3,192,8,4,1,,8,2,0.258577,0.0972551,0.294371,0.330383,0.338241,0.512009,0.362113,0.85025,0.253432,4.04852,0.315284,0.0197172,-0.441933,103.364,27.2116,142.479,-0.422216,-0.00513305,31.219351023435593,-15.680133240297437,3.84613,66.26000213623047,,,,,,,936.4,6.201324503,936.4,6.201324503,,,,,,,,,,,,,,,,,,,"Brent Rooker","19627",667670
"Jazz Chisholm Jr.","NYY",141,609,548,137,84,22,3,27,80,87,51,3,153,5,4,1,,35,9,0.249525,0.0831666,0.250819,0.331581,0.316592,0.450556,0.329576,0.767147,0.201031,6.16664,0.294016,0.671163,2.08593,80.7473,9.50762,115.615,2.75709,0.718646,13.637906789779663,2.8936460614204407,3.80402,22.760000228881836,,,,,,,763.2,5.412765957,763.2,5.412765957,,,,,,,,,,,,,,,,,,,"Jazz Chisholm Jr.","20454",665862
"Alex Bregman","BOS",157,679,598,156,97,32,3,24,88,89,68,1,87,8,5,0,,3,1,0.260239,0.1005,0.128308,0.783271,0.340912,0.442744,0.340507,0.783657,0.182505,3.31016,0.267509,-1.15782,-1.23388,96.0023,16.5742,117.515,-2.3917,0.410855,11.215722799301147,2.8358554244041443,3.78889,118.70999908447266,,,,,,,842,5.363057324,842,5.363057324,,,,,,,,,,,,,,,,,,,"Alex Bregman","17678",608324
"Xander Bogaerts","SDP",149,644,580,154,109,28,1,17,74,71,52,1,114,6,6,1,,13,3,0.266258,0.0804157,0.177108,0.45405,0.33002,0.404962,0.321384,0.734982,0.138704,4.41508,0.302825,0.431634,0.223939,81.1416,5.8077,109.657,0.655573,0.956032,8.092142224311829,7.106031775474548,3.78451,154.8300018310547,,,,,,,719.4,4.828187919,719.4,4.828187919,,,,,,,,,,,,,,,,,,,"Xander Bogaerts","12161",593428
"Bo Bichette","TOR",144,623,579,163,111,32,2,18,80,74,36,1,119,4,3,1,,10,3,0.280776,0.0577347,0.190461,0.303132,0.325488,0.436609,0.329792,0.762097,0.155833,4.36091,0.323844,0.261903,-0.30801,82.7119,9.83452,117.121,-0.0461065,-3.46223,12.158587336540222,3.2127671241760254,3.73239,119.36000061035156,,,,,,,737.8,5.123611111,737.8,5.123611111,,,,,,,,,,,,,,,,,,,"Bo Bichette","19612",666182
"Jordan Westburg","BAL",133,574,523,136,83,30,4,20,73,78,39,0,130,8,3,1,,8,2,0.260751,0.0686749,0.225851,0.304072,0.320353,0.447037,0.331795,0.76739,0.186286,5.21998,0.309567,0.00409485,-0.422956,77.1318,9.98637,119.806,-0.418861,2.75093,12.58948165178299,4.000931262969971,3.6896,90.23999786376953,,,,,,,687,5.165413533,687,5.165413533,,,,,,,,,,,,,,,,,,,"Jordan Westburg","27815",676059
"Mike Trout","LAA",120,518,446,114,62,21,3,29,73,78,61,5,139,7,3,0,,8,2,0.255682,0.118677,0.268215,0.44247,0.353329,0.507776,0.366775,0.861106,0.252094,5.10202,0.303955,-0.145387,-0.188328,84.1905,23.5958,140.016,-0.333715,1.03647,23.383638709783554,-5.013525128364563,3.6806,118.0999984741211,,,,,,,756.6,6.305,756.6,6.305,,,,,,,,,,,,,,,,,,,"Mike Trout","10155",545361
"Zach Neto","LAA",130,560,500,126,75,29,1,22,72,73,39,1,124,16,3,2,,23,7,0.252956,0.0688461,0.221089,0.311396,0.325139,0.444231,0.333709,0.76937,0.191275,5.47112,0.293338,0.297203,0.898968,76.1133,10.6056,116.757,1.19617,-1.44244,11.933089852333069,4.557564735412598,3.6311,199.02999877929688,,,,,,,691.3,5.317692307,691.3,5.317692307,,,,,,,,,,,,,,,,,,,"Zach Neto","31347",687263
"Matt McLain","CIN",138,595,523,135,79,29,4,23,81,79,59,1,156,9,3,1,,18,6,0.257194,0.0988403,0.262454,0.3766,0.340831,0.45648,0.345351,0.797311,0.199286,5.91544,0.322202,-0.0411869,0.044164,86.4455,16.8435,115.637,0.00297715,2.65222,11.128698128275573,4.077223896980286,3.61679,92.5199966430664,,,,,,,777.5,5.634057971,777.5,5.634057971,,,,,,,,,,,,,,,,,,,"Matt McLain","29695",680574
"Mark Vientos","NYM",154,665,602,150,88,28,2,33,82,100,52,1,194,6,5,1,,1,0,0.249917,0.0778428,0.291901,0.266675,0.31326,0.46527,0.334311,0.77853,0.215353,2.5054,0.309872,-0.989836,-1.10095,90.7064,12.916,118.194,-2.09078,-1.00522,12.377470016479492,0.31977808475494385,3.59845,104.33999633789062,,,,,,,816.7,5.303246753,816.7,5.303246753,,,,,,,,,,,,,,,,,,,"Mark Vientos","22184",668901
"Masyn Winn","STL",154,665,607,157,106,31,5,16,88,70,47,1,116,4,5,3,,14,4,0.258767,0.0705788,0.173972,0.405689,0.313495,0.404726,0.312222,0.718221,0.145958,5.65317,0.293754,1.07352,0.0700457,78.8839,1.09346,101.281,1.14356,3.27379,2.162388324737549,10.398789405822754,3.58439,151.33999633789062,,,,,,,709.4,4.606493506,709.4,4.606493506,,,,,,,,,,,,,,,,,,,"Masyn Winn","27479",691026
"Jacob Wilson","ATH",128,553,507,146,100,34,3,9,71,60,32,0,55,7,4,3,,4,2,0.28811,0.0580125,0.0991227,0.58526,0.337188,0.422576,0.330721,0.759764,0.134466,4.25632,0.306325,-0.023349,-0.910135,73.8318,9.14289,120.397,-0.933484,-1.9047,11.972460806369781,4.020297169685364,3.55557,338.45001220703125,,,,,,,629.9,4.92109375,629.9,4.92109375,,,,,,,,,,,,,,,,,,,"Jacob Wilson","33266",805779
"Nico Hoerner","CHC",130,560,508,141,103,27,2,8,69,53,38,1,62,9,3,1,,26,5,0.276672,0.0679215,0.110447,0.614969,0.336583,0.386319,0.317698,0.722902,0.109647,5.85453,0.300156,0.869238,1.8649,68.8967,3.389,106.045,2.73414,6.68142,6.781996726989746,8.681416511535645,3.52301,202.41000366210938,,,,,,,622.9,4.791538461,622.9,4.791538461,,,,,,,,,,,,,,,,,,,"Nico Hoerner","21479",663538
"Rafael Devers","BOS",156,672,592,159,89,35,3,32,96,99,69,13,146,7,4,1,,3,1,0.269507,0.10215,0.216859,0.471043,0.349625,0.504104,0.359996,0.853729,0.234597,3.77185,0.303956,-0.199989,-0.9604,105.554,26.9444,131.224,-1.16039,-1.78408,22.847856283187866,-12.034081816673279,3.4304,39.15999984741211,,,,,,,948.7,6.081410256,948.7,6.081410256,,,,,,,,,,,,,,,,,,,"Rafael Devers","17350",646240
"Jarren Duran","BOS",152,658,597,157,91,39,9,18,93,74,50,1,150,6,3,2,,28,6,0.263302,0.0761266,0.228095,0.33375,0.325152,0.451351,0.334502,0.776503,0.188049,7.63682,0.321667,0.310413,2.20851,89.8531,12.8815,113.291,2.51893,1.49845,12.525434255599976,-1.351554274559021,3.41939,21.030000686645508,,,,,,,820.2,5.396052631,820.2,5.396052631,,,,,,,,,,,,,,,,,,,"Jarren Duran","24617",680776
"Jeremy Peña","HOU",157,679,627,164,113,30,2,18,79,77,36,1,128,11,4,2,,17,6,0.261156,0.0525201,0.18857,0.278517,0.30987,0.401761,0.309733,0.711631,0.140605,4.96111,0.300516,0.730862,-0.125492,79.1843,-0.243787,103.208,0.60537,0.0314386,3.0979915857315063,7.30643867701292,3.41222,161.89999389648438,,,,,,,715.5,4.55732484,715.5,4.55732484,,,,,,,,,,,,,,,,,,,"Jeremy Pena","21636",665161
"Oneil Cruz","PIT",146,630,565,145,85,30,4,26,83,86,56,4,181,4,4,0,,20,4,0.255717,0.089593,0.287828,0.311273,0.325757,0.460572,0.337042,0.786329,0.204855,5.83067,0.327413,0.369516,1.25015,87.3175,13.6213,113.932,1.61967,-1.9674,12.115708947181702,-0.11739695072174072,3.40589,40,,,,,,,808,5.534246575,808,5.534246575,,,,,,,,,,,,,,,,,,,"Oneil Cruz","21711",665833
"Austin Wells","NYY",120,475,418,97,57,21,1,17,56,58,47,0,112,6,4,1,,5,1,0.230989,0.0981425,0.235035,0.417565,0.314305,0.409292,0.316339,0.723597,0.178303,3.72316,0.271062,-0.0157185,-0.418136,57.9682,2.35683,106.303,-0.433854,-1.55741,2.994926929473877,6.792590618133545,3.40407,194.74000549316406,,,,,,,517.3,4.310833333,517.3,4.310833333,,,,,,,,,,,,,,,,,,,"Austin Wells","27562",669224
"Lawrence Butler","ATH",149,644,585,148,90,29,3,26,88,80,51,1,154,2,4,1,,20,3,0.253874,0.079817,0.239473,0.333302,0.314399,0.446563,0.327935,0.760962,0.192688,5.81135,0.299627,-0.165073,1.5448,84.5376,9.20369,118.437,1.37973,3.18311,14.965717196464539,-3.516888380050659,3.39958,64.22000122070312,,,,,,,778,5.22147651,778,5.22147651,,,,,,,,,,,,,,,,,,,"Lawrence Butler","22542",671732
"Junior Caminero","TBR",141,609,562,147,95,24,2,26,73,88,39,2,131,5,3,0,,4,2,0.262421,0.063303,0.214678,0.294874,0.313592,0.453604,0.329351,0.767196,0.191183,3.45558,0.296551,-0.141099,-1.03457,80.6371,9.39742,119.513,-1.17566,-1.39572,12.421589970588684,0.17928457260131836,3.39807,73.23999786376953,,,,,,,720.6,5.110638297,720.6,5.110638297,,,,,,,,,,,,,,,,,,,"Junior Caminero","28163",691406
"Brandon Lowe","TBR",123,532,471,114,64,22,2,26,72,74,50,1,137,7,3,1,,6,1,0.241069,0.0949041,0.258026,0.367809,0.321544,0.458228,0.336257,0.779771,0.217158,4.31504,0.282685,0.6088,-0.313168,73.3985,11.1661,124.371,0.295632,-1.65315,15.130580633878708,-0.45315420627593994,3.34743,224.72000122070312,,,,,,,666.6,5.419512195,666.6,5.419512195,,,,,,,,,,,,,,,,,,,"Brandon Lowe","18882",664040
"Matt Olson","ATL",159,686,593,150,82,32,1,34,92,105,81,6,163,6,5,0,,1,0,0.252028,0.118229,0.237563,0.497673,0.345472,0.483399,0.354541,0.828871,0.231372,2.39815,0.287407,-0.35084,-1.15486,104.741,24.494,127.104,-1.5057,1.05117,20.728631734848022,-11.19882869720459,3.34354,35.400001525878906,,,,,,,928,5.836477987,928,5.836477987,,,,,,,,,,,,,,,,,,,"Matt Olson","14344",621566
"Will Smith","LAD",126,501,434,109,68,21,2,19,65,66,51,4,90,10,6,0,,2,0,0.251146,0.102574,0.179112,0.57268,0.33967,0.437425,0.335955,0.777096,0.186279,3.45327,0.272368,-0.56641,-0.706722,68.9999,10.3939,117.486,-1.27313,1.26082,9.20271372795105,10.110820651054382,3.33423,104.93000030517578,,,,,,,614.1,4.873809523,614.1,4.873809523,,,,,,,,,,,,,,,,,,,"Will Smith","19197",669257
"Nolan Arenado","STL",152,658,599,157,103,31,1,22,72,87,47,3,99,6,6,0,,3,2,0.261115,0.0714069,0.150865,0.473315,0.318207,0.4253,0.321052,0.743507,0.164185,2.75422,0.278397,-0.347472,-1.342,82.7297,5.75812,107.224,-1.68947,3.76315,3.9948055744171143,5.513150334358215,3.24499,229.36000061035156,,,,,,,741.7,4.879605263,741.7,4.879605263,,,,,,,,,,,,,,,,,,,"Nolan Arenado","9777",571448
"Yandy Díaz","TBR",151,651,574,166,116,32,0,18,82,71,66,1,97,6,4,1,,1,1,0.28855,0.100853,0.148456,0.679349,0.36556,0.436785,0.351181,0.802345,0.148235,2.01002,0.319572,-1.57101,-1.58427,97.6361,21.4834,134.869,-3.15528,-1.04688,22.817595720291138,-13.221884846687317,3.2323,197.39999389648438,,,,,,,832.7,5.514569536,832.7,5.514569536,,,,,,,,,,,,,,,,,,,"Yandy Diaz","16578",650490
"Ezequiel Tovar","COL",159,686,645,169,102,40,4,24,83,90,29,1,178,5,4,2,,9,4,0.26217,0.0422873,0.259702,0.16283,0.296994,0.448015,0.319014,0.745009,0.185845,4.87652,0.323969,-0.0520011,-0.797491,85.1248,4.87783,91.2795,-0.849492,9.0843,-8.003123879432678,16.434298992156982,3.23008,130.39999389648438,,,,,,,773.7,4.866037735,773.7,4.866037735,,,,,,,,,,,,,,,,,,,"Ezequiel Tovar","24064",678662
"Ozzie Albies","ATL",152,658,601,159,98,35,3,23,86,87,44,1,105,7,6,1,,12,3,0.264036,0.0668958,0.160174,0.417645,0.318548,0.447427,0.329786,0.765975,0.183391,5.1553,0.283425,0.960882,0.138283,87.3556,10.384,110.442,1.09916,-2.33668,9.315727233886719,0.013315200805664062,3.22651,68.55000305175781,,,,,,,791.6,5.207894736,791.6,5.207894736,,,,,,,,,,,,,,,,,,,"Ozzie Albies","16556",645277
"Jung Hoo Lee","SFG",143,616,562,162,114,33,4,12,68,70,45,3,53,5,3,2,,6,6,0.287852,0.0731143,0.0857447,0.852697,0.343971,0.420865,0.332163,0.764836,0.133012,3.61233,0.300078,0,-2.32485,82.9581,10.8996,115.202,-2.32485,-0.351968,8.873337030410767,1.848032146692276,3.22586,227.4499969482422,,,,,,,721.1,5.042657342,721.1,5.042657342,,,,,,,,,,,,,,,,,,,"Jung Hoo Lee","33824",808982
"Royce Lewis","MIN",130,560,506,127,74,26,1,25,74,82,46,2,134,4,4,0,,6,2,0.250268,0.0817625,0.238433,0.342916,0.314651,0.455879,0.331051,0.77053,0.20561,3.91156,0.288258,0,-0.608627,74.9151,9.40734,117.334,-0.608627,1.43464,10.498569190502167,1.8346418142318726,3.20172,129.08999633789062,,,,,,,677.1,5.208461538,677.1,5.208461538,,,,,,,,,,,,,,,,,,,"Royce Lewis","20437",668904
"Jose Altuve","HOU",152,658,593,160,107,31,0,21,94,72,54,2,113,7,3,1,,17,5,0.269953,0.0819959,0.171854,0.477125,0.336476,0.432824,0.33455,0.7693,0.162871,4.76365,0.300392,-0.502075,0.261483,89.8783,12.9068,120.665,-0.240592,-2.44466,15.31796120107174,-6.294656276702881,3.19728,61.209999084472656,,,,,,,791.6,5.207894736,791.6,5.207894736,,,,,,,,,,,,,,,,,,,"Jose Altuve","5417",514888
"Christian Walker","HOU",149,644,565,134,75,27,1,31,82,96,64,4,150,9,6,0,,5,1,0.237859,0.0997188,0.23266,0.428603,0.322315,0.455035,0.334128,0.777351,0.217176,3.49585,0.26516,0.119946,-0.715881,87.7474,12.4136,120.368,-0.595935,6.55928,14.412973523139954,-5.04071569442749,3.18512,101.73999786376953,,,,,,,786.5,5.278523489,786.5,5.278523489,,,,,,,,,,,,,,,,,,,"Christian Walker","13419",572233
"Ian Happ","CHC",156,672,581,144,85,33,2,23,88,80,79,2,162,7,4,1,,12,3,0.24752,0.11796,0.241602,0.488239,0.342197,0.431071,0.337302,0.773268,0.183551,4.58352,0.302101,0.113908,-0.24092,93.279,14.6697,119.239,-0.127012,0.206588,15.333347529172897,-6.993412002921104,3.17251,130.77999877929688,,,,,,,821.1,5.263461538,821.1,5.263461538,,,,,,,,,,,,,,,,,,,"Ian Happ","17919",664023
"Anthony Santander","TOR",156,672,602,149,79,32,1,36,86,103,57,2,139,8,5,0,,2,1,0.247439,0.0851892,0.206289,0.41296,0.318414,0.485134,0.343362,0.803548,0.237694,2.87013,0.261104,-0.0153619,-1.03485,96.557,17.9477,126.667,-1.05022,-1.52509,19.454067826271057,-11.375088691711426,3.14795,103.94999694824219,,,,,,,865.3,5.546794871,865.3,5.546794871,,,,,,,,,,,,,,,,,,,"Anthony Santander","14551",623993
"J.P. Crawford","SEA",141,609,526,127,87,26,1,12,71,55,71,0,121,7,4,2,,5,1,0.240692,0.115898,0.198463,0.583979,0.336223,0.364912,0.313226,0.701135,0.12422,3.49072,0.288538,0.289797,-0.899492,72.733,1.49339,110.5,-0.609695,-3.25321,6.706644356250763,3.2717854976654053,3.12723,433.739990234375,,,,,,,619.8,4.39574468,619.8,4.39574468,,,,,,,,,,,,,,,,,,,"J.P. Crawford","15491",641487
"Jackson Chourio","MIL",149,644,591,159,101,30,3,24,88,85,44,3,132,4,4,2,,27,8,0.269168,0.0684814,0.205714,0.332896,0.322237,0.454655,0.333431,0.776891,0.185487,5.95251,0.307891,0.842638,1.22201,87.3859,12.052,113.716,2.06464,3.54175,12.627419710159302,-3.8582537174224854,3.12054,17.020000457763672,,,,,,,802,5.382550335,802,5.382550335,,,,,,,,,,,,,,,,,,,"Jackson Chourio","28806",694192
"James Wood","WSN",139,602,527,139,85,29,4,21,79,77,68,2,161,4,3,0,,18,6,0.263663,0.11268,0.267625,0.421036,0.349735,0.453141,0.347904,0.802876,0.189478,5.6647,0.339314,-0.0942534,0.00341826,88.6997,18.2789,124.194,-0.0908351,0.0631197,17.32575463503599,-7.286880657076836,3.10722,55.86000061035156,,,,,,,789.1,5.676978417,789.1,5.676978417,,,,,,,,,,,,,,,,,,,"James Wood","29518",695578
"Colton Cowser","BAL",130,560,488,121,76,23,2,20,75,71,59,2,163,8,4,1,,8,3,0.247149,0.105378,0.291513,0.361487,0.336108,0.424873,0.331854,0.760981,0.177724,4.6999,0.325893,0.596532,-0.601914,75.2769,9.76915,119.847,-0.00538122,4.26727,12.712038408964872,-1.3327264785766602,3.10321,167.24000549316406,,,,,,,663.5,5.103846153,663.5,5.103846153,,,,,,,,,,,,,,,,,,,"Colton Cowser","29591",681297
"Xavier Edwards","MIA",136,588,523,150,117,24,4,5,72,48,54,1,82,2,4,5,,32,7,0.285881,0.0913339,0.139184,0.656211,0.352818,0.374451,0.32167,0.727268,0.0885694,6.28688,0.328946,0.27653,2.35733,74.2213,5.43816,103.55,2.63386,-1.06771,5.1303229331970215,5.032293796539307,3.07185,146.5,,,,,,,665.6,4.894117647,665.6,4.894117647,,,,,,,,,,,,,,,,,,,"Xavier Edwards","22266",669364
"Gleyber Torres","DET",152,658,584,152,104,29,1,18,77,68,64,0,117,4,5,1,,8,3,0.259552,0.0978283,0.178295,0.548688,0.333952,0.403868,0.323798,0.73782,0.144316,3.65495,0.294485,-0.336022,-1.08467,84.1843,7.21274,112.748,-1.42069,-2.79443,8.176992297172546,-0.4444286823272705,3.06398,229.0500030517578,,,,,,,737,4.84868421,737,4.84868421,,,,,,,,,,,,,,,,,,,"Gleyber Torres","16997",650402
"Luis Robert Jr.","CHW",151,651,600,148,89,31,0,27,82,84,39,4,186,9,4,1,,26,6,0.246886,0.0593024,0.285343,0.207829,0.300177,0.437689,0.316674,0.737866,0.190803,5.23292,0.309358,0.319099,1.59328,79.5561,3.40337,106.035,1.91238,1.62832,6.4075376987457275,1.3533241748809814,3.0428,87.02999877929688,,,,,,,749.1,4.960927152,749.1,4.960927152,,,,,,,,,,,,,,,,,,,"Luis Robert Jr.","20043",673357
"Pete Crow-Armstrong","CHC",133,574,525,130,83,23,7,16,73,69,34,2,145,8,4,4,,31,7,0.247178,0.0587329,0.253085,0.232068,0.300739,0.410362,0.306999,0.711101,0.163184,7.62887,0.309256,-0.113102,2.3654,65.6761,-1.46931,98.8433,2.2523,6.82339,1.458313524723053,8.873389959335327,3.04117,134.66000366210938,,,,,,,625.3,4.701503759,625.3,4.701503759,,,,,,,,,,,,,,,,,,,"Pete Crow-Armstrong","27769",691718
"Yainer Diaz","HOU",143,575,541,152,101,28,2,21,68,82,25,1,103,4,5,0,,1,0,0.280665,0.0436891,0.178529,0.244717,0.314392,0.455034,0.329968,0.769426,0.174369,2.99376,0.310095,-1.11261,-0.84901,76.4474,9.16157,117.442,-1.96162,-1.54874,9.51803970336914,3.4512624740600586,3.03046,58.900001525878906,,,,,,,689.1,4.818881118,689.1,4.818881118,,,,,,,,,,,,,,,,,,,"Yainer Diaz","23003",673237
"JJ Bleday","ATH",151,651,567,129,71,32,3,23,78,77,76,1,139,4,3,1,,4,2,0.228489,0.11673,0.214114,0.545176,0.322151,0.418539,0.323269,0.740691,0.19005,3.74595,0.260373,-0.359127,-1.1092,83.0115,6.85876,115.155,-1.46833,-4.8153,9.820361495018005,-2.4903042316436768,2.99831,269.7799987792969,,,,,,,723.5,4.791390728,723.5,4.791390728,,,,,,,,,,,,,,,,,,,"JJ Bleday","26368",668709
"Bryson Stott","PHI",139,602,541,140,98,25,3,13,71,65,51,1,103,4,5,1,,26,5,0.25836,0.0842929,0.171182,0.492416,0.323598,0.389073,0.312196,0.712671,0.130713,5.88618,0.294435,0.591254,2.0952,71.3983,0.977487,99.2066,2.68646,4.61684,2.1153452396392822,6.8168418407440186,2.99293,175.97999572753906,,,,,,,655.2,4.713669064,655.2,4.713669064,,,,,,,,,,,,,,,,,,,"Bryson Stott","26294",681082
"Cody Bellinger","NYY",141,609,550,143,91,26,2,23,80,86,48,5,105,4,7,0,,12,3,0.260132,0.078669,0.171922,0.457586,0.320595,0.443159,0.326654,0.763754,0.183027,4.79342,0.279005,0.381088,-0.00415986,79.3148,8.07513,113.559,0.376928,-0.638105,9.825256377458572,-1.1631048321723938,2.99128,99.12000274658203,,,,,,,724.2,5.136170212,724.2,5.136170212,,,,,,,,,,,,,,,,,,,"Cody Bellinger","15998",641355
"CJ Abrams","WSN",139,602,546,139,87,29,4,19,83,67,36,2,116,13,4,2,,33,8,0.254225,0.0604642,0.191954,0.314993,0.314119,0.426754,0.320301,0.740872,0.172528,6.98684,0.288366,0.522479,2.29672,75.3251,4.90435,105.615,2.8192,-4.67438,6.8612143993377686,1.7756242752075195,2.96242,49.04999923706055,,,,,,,705.2,5.073381294,705.2,5.073381294,,,,,,,,,,,,,,,,,,,"CJ Abrams","25768",682928
"Lars Nootbaar","STL",126,546,466,116,71,24,3,19,73,63,72,2,111,2,5,1,,9,3,0.250052,0.132216,0.203274,0.650431,0.350346,0.435706,0.34197,0.786053,0.185655,4.88762,0.286551,0.340391,-0.395906,77.8406,13.9706,121.304,-0.0555153,1.45098,13.853827465325594,-3.399014949798584,2.95758,261.0299987792969,,,,,,,679.6,5.393650793,679.6,5.393650793,,,,,,,,,,,,,,,,,,,"Lars Nootbaar","21454",663457
"Byron Buxton","MIN",117,504,454,110,56,27,2,25,71,73,37,1,143,9,3,0,,8,2,0.242951,0.072909,0.28346,0.257211,0.31077,0.47854,0.337488,0.78931,0.235589,5.5066,0.29442,0.712956,0.124666,70.0349,11.078,121.863,0.837622,1.27808,13.44546490907669,-1.7219212055206299,2.94596,235.5,,,,,,,634.3,5.421367521,634.3,5.421367521,,,,,,,,,,,,,,,,,,,"Byron Buxton","14161",621439
"Brenton Doyle","COL",154,665,608,152,98,26,5,23,86,80,43,1,188,5,5,3,,28,6,0.249397,0.0651182,0.282659,0.230377,0.302316,0.422523,0.313,0.724838,0.173126,6.65037,0.319013,0.686415,2.07407,79.3002,1.50977,87.2319,2.76049,11.3672,-7.392887353897095,13.742238998413086,2.94285,76.02999877929688,,,,,,,743.7,4.829220779,743.7,4.829220779,,,,,,,,,,,,,,,,,,,"Brenton Doyle","25479",686668
"Pete Alonso","NYM",154,665,577,139,77,26,1,35,87,102,69,7,154,13,5,0,,4,1,0.241291,0.104038,0.231557,0.449299,0.333895,0.472779,0.345196,0.806674,0.231487,3.36213,0.264487,-1.22638,-0.635381,96.5325,18.7421,125.521,-1.86176,-0.229831,18.432571411132812,-12.354830652475357,2.9148,49.209999084472656,,,,,,,862.3,5.599350649,862.3,5.599350649,,,,,,,,,,,,,,,,,,,"Pete Alonso","19251",624413
"Brandon Nimmo","NYM",131,567,489,123,80,23,3,17,74,65,64,0,125,10,3,1,,8,2,0.252186,0.11212,0.219715,0.510299,0.347764,0.418423,0.336873,0.766188,0.166237,4.93165,0.302957,-0.302518,-0.324498,78.5083,12.1817,119.919,-0.627016,3.48819,12.878216028213501,-3.8868072032928467,2.87867,192.22000122070312,,,,,,,675,5.152671755,675,5.152671755,,,,,,,,,,,,,,,,,,,"Brandon Nimmo","12927",607043
"Tommy Edman","LAD",141,609,555,140,94,29,3,15,78,69,42,1,108,6,4,2,,25,4,0.25321,0.0688112,0.177105,0.388533,0.310008,0.395731,0.307573,0.705739,0.142521,6.27626,0.287907,0.54884,2.33574,69.9622,-1.27748,98.3825,2.88458,3.65954,1.7066677808761597,5.884539365768433,2.87851,175.39999389648438,,,,,,,651.5,4.620567375,651.5,4.620567375,,,,,,,,,,,,,,,,,,,"Tommy Edman","19470",669242
"Bo Naylor","CLE",110,435,382,84,49,18,1,16,51,52,47,2,113,3,3,1,,7,2,0.220485,0.107782,0.260714,0.413413,0.308699,0.398102,0.308789,0.706801,0.177616,4.34793,0.268218,0.0157716,-0.246504,50.4218,-0.487026,102.242,-0.230733,-0.933513,0.885809063911438,7.566487431526184,2.8768,289.45001220703125,,,,,,,454.4,4.13090909,454.4,4.13090909,,,,,,,,,,,,,,,,,,,"Bo Naylor","21865",666310
"Jake Rogers","DET",97,384,348,74,44,15,1,14,45,45,29,1,116,4,3,1,,2,0,0.212608,0.0750549,0.301914,0.248597,0.278148,0.382115,0.287186,0.660263,0.169507,3.89352,0.272742,0.150794,-0.314127,37.8132,-7.10637,86.994,-0.163333,4.7812,-5.877877756953239,12.281201839447021,2.87566,485.8299865722656,,,,,,,350,3.608247422,350,3.608247422,,,,,,,,,,,,,,,,,,,"Jake Rogers","19452",668670
"Alec Bohm","PHI",143,616,562,158,105,34,2,17,72,80,42,1,95,6,6,0,,5,2,0.28053,0.0687463,0.153642,0.447446,0.333984,0.436522,0.333431,0.770506,0.155992,3.29241,0.308846,-0.679467,-1.04741,83.5869,11.5284,113.499,-1.72688,-2.36573,8.216904640197754,-0.9157266616821289,2.87263,172.42999267578125,,,,,,,740.5,5.178321678,740.5,5.178321678,,,,,,,,,,,,,,,,,,,"Alec Bohm","21618",664761
"Cedric Mullins","BAL",130,560,504,123,78,24,3,17,68,67,45,1,112,5,4,2,,28,7,0.242874,0.0810135,0.200512,0.404034,0.309823,0.405834,0.31172,0.715657,0.162959,6.10935,0.27768,0.205247,1.85861,66.2022,0.694518,105.685,2.06386,1.34853,5.706643581390381,3.3485275506973267,2.86318,212.16000366210938,,,,,,,614.9,4.73,614.9,4.73,,,,,,,,,,,,,,,,,,,"Cedric Mullins","17929",656775
"Zack Gelof","ATH",146,630,571,131,80,27,2,22,73,73,50,0,197,4,4,2,,25,5,0.230101,0.0786121,0.312493,0.251564,0.294606,0.400881,0.302735,0.695487,0.17078,5.85468,0.307211,0.750639,1.92213,69.9218,-3.77437,100.711,2.67277,1.22429,3.1854300498962402,3.4742941856384277,2.85678,214.6699981689453,,,,,,,654.6,4.483561643,654.6,4.483561643,,,,,,,,,,,,,,,,,,,"Zack Gelof","29766",680869
"Brendan Donovan","STL",134,581,512,143,103,26,2,13,69,63,52,1,77,12,4,1,,5,3,0.279808,0.0899267,0.132328,0.679573,0.357858,0.412317,0.338931,0.770175,0.132509,3.58425,0.306622,0.0964783,-1.51731,81.4094,13.4452,119.258,-1.42084,0.594758,11.959128856658936,-3.930241882801056,2.82741,243.41000366210938,,,,,,,690.9,5.155970149,690.9,5.155970149,,,,,,,,,,,,,,,,,,,"Brendan Donovan","24679",680977
"Sean Murphy","ATL",92,365,319,75,44,16,1,14,42,47,35,1,86,8,2,0,,0,0,0.234633,0.0964117,0.23488,0.410472,0.323958,0.425476,0.326832,0.749434,0.190843,2.58352,0.273652,-0.191496,-0.644197,47.5631,4.88946,108.454,-0.835693,2.21783,2.8521400094032288,9.342833757400513,2.73921,240.9499969482422,,,,,,,413.7,4.49673913,413.7,4.49673913,,,,,,,,,,,,,,,,,,,"Sean Murphy","19352",669221
"Teoscar Hernández","LAD",151,651,594,156,96,28,1,30,83,102,46,2,185,7,4,0,,9,3,0.262327,0.0711807,0.284591,0.250116,0.321268,0.466542,0.338379,0.78781,0.204216,3.99607,0.329017,-0.578514,-0.525589,90.9284,14.7757,119.117,-1.1041,-2.24273,13.778055667877197,-9.21773099899292,2.70993,58.290000915527344,,,,,,,816.2,5.405298013,816.2,5.405298013,,,,,,,,,,,,,,,,,,,"Teoscar Hernandez","13066",606192
"Randy Arozarena","SEA",152,658,569,137,85,30,1,22,82,77,68,1,168,16,4,0,,22,9,0.241488,0.103698,0.254628,0.407252,0.337618,0.41184,0.329673,0.749458,0.170353,4.78822,0.301365,-0.123939,-0.668664,87.2957,10.3241,122.069,-0.792603,-4.02404,15.823001444339752,-11.574038028717041,2.7042,135.92999267578125,,,,,,,766.3,5.041447368,766.3,5.041447368,,,,,,,,,,,,,,,,,,,"Randy Arozarena","19290",668227
"Max Muncy","LAD",126,546,454,97,52,20,1,25,74,74,80,3,146,8,4,0,,3,1,0.21451,0.145879,0.26703,0.546303,0.338244,0.42804,0.3341,0.766285,0.213531,3.15037,0.251339,-0.0551088,-0.96631,74.3824,10.5123,116.237,-1.02142,-2.85825,9.580174803733826,-1.6582484245300293,2.69599,259.6700134277344,,,,,,,654.8,5.196825396,654.8,5.196825396,,,,,,,,,,,,,,,,,,,"Max Muncy","13301",571970
"Francisco Alvarez","NYM",92,366,325,76,45,14,1,17,44,51,34,0,89,4,3,1,,1,1,0.234868,0.0930107,0.243762,0.381563,0.313086,0.437261,0.325326,0.750347,0.202392,3.13554,0.26897,-0.402964,-0.653004,47.276,4.46202,112.147,-1.05597,-3.22748,4.260371565818787,3.297522783279419,2.67185,173.33999633789062,,,,,,,419.8,4.563043478,419.8,4.563043478,,,,,,,,,,,,,,,,,,,"Francisco Alvarez","26121",682626
"Josh Lowe","TBR",125,539,488,125,78,28,2,18,66,68,45,3,159,2,3,0,,26,3,0.257005,0.0841666,0.294638,0.285661,0.320562,0.431958,0.324166,0.75252,0.174953,6.10591,0.342039,-0.0473858,2.9395,69.1188,6.06765,115.866,2.89212,0.742433,12.676862955093384,-4.832566857337952,2.66582,153.39999389648438,,,,,,,655.8,5.2464,655.8,5.2464,,,,,,,,,,,,,,,,,,,"Josh Lowe","19953",666139
"Ha-Seong Kim","TBR",100,434,377,93,64,17,2,10,51,45,48,2,76,3,3,2,,18,4,0.246702,0.110662,0.175839,0.629339,0.334648,0.381762,0.315699,0.71641,0.13506,5.37827,0.282301,0.128605,0.944192,52.6965,1.92804,109.91,1.0728,0.691283,5.993822336196899,5.341283023357391,2.66485,355.2200012207031,,,,,,,474.5,4.745,474.5,4.745,,,,,,,,,,,,,,,,,,,"Ha-Seong Kim","27506",673490
"Daulton Varsho","TOR",133,574,515,115,65,23,4,22,72,72,50,1,142,5,3,1,,13,4,0.224237,0.0869606,0.247749,0.351002,0.297077,0.416346,0.309308,0.713423,0.192109,5.76269,0.263476,0.893128,0.132407,66.7432,-0.402228,102.713,1.02554,2.31374,2.8070677518844604,3.7637436389923096,2.6548,320.5899963378906,,,,,,,603.8,4.539849624,603.8,4.539849624,,,,,,,,,,,,,,,,,,,"Daulton Varsho","19918",662139
"Kyle Schwarber","PHI",152,658,549,124,65,20,1,38,97,95,98,4,191,6,4,1,,5,2,0.225994,0.148761,0.289698,0.513505,0.346953,0.474627,0.353995,0.82158,0.248633,3.39461,0.26479,-0.612643,-1.08175,100.176,23.2049,127.34,-1.69439,-0.00875303,19.817862033843994,-16.05875226855278,2.65126,76.23999786376953,,,,,,,882.2,5.803947368,882.2,5.803947368,,,,,,,,,,,,,,,,,,,"Kyle Schwarber","16478",656941
"Brayan Rocchio","CLE",134,581,515,125,85,28,2,11,69,58,52,1,108,8,4,2,,13,5,0.243611,0.0896432,0.18578,0.482525,0.320127,0.368169,0.304288,0.688296,0.124558,4.83695,0.286059,-0.255388,-0.639981,65.2093,-2.75492,99.0762,-0.895368,1.3667,-1.5094971060752869,7.591697096824646,2.62843,442.1700134277344,,,,,,,571.7,4.26641791,571.7,4.26641791,,,,,,,,,,,,,,,,,,,"Brayan Rocchio","23690",677587
"Geraldo Perdomo","ARI",131,567,486,122,87,24,3,8,74,53,62,0,91,6,4,9,,16,4,0.250952,0.109789,0.160937,0.68219,0.340315,0.360598,0.312738,0.700913,0.109645,5.79632,0.291959,0.884812,0.179669,67.4945,1.16795,98.5262,1.06448,0.127026,0.06519395112991333,6.202025979757309,2.59732,428.5299987792969,,,,,,,582.3,4.445038167,582.3,4.445038167,,,,,,,,,,,,,,,,,,,"Geraldo Perdomo","22799",672695
"Shea Langeliers","ATH",128,506,458,106,59,19,2,26,61,75,39,2,137,5,4,0,,4,2,0.231801,0.0771676,0.271281,0.284456,0.296624,0.455572,0.321931,0.752196,0.223771,3.74322,0.267621,-0.567848,-0.763958,64.0023,4.78797,114.214,-1.33181,-2.61637,6.9007568359375,6.958627223968506,2.58146,124.63999938964844,,,,,,,580.5,4.53515625,580.5,4.53515625,,,,,,,,,,,,,,,,,,,"Shea Langeliers","25816",669127
"Brice Turang","MIL",136,588,529,135,98,24,3,10,68,56,51,1,105,2,3,3,,36,6,0.25435,0.0861803,0.179422,0.480323,0.319941,0.366449,0.302762,0.686391,0.112099,6.32164,0.299186,0.381353,3.51684,65.2729,-3.51025,93.0739,3.89819,3.01479,-0.9717690944671631,6.3147947788238525,2.5741,146.8800048828125,,,,,,,618.3,4.546323529,618.3,4.546323529,,,,,,,,,,,,,,,,,,,"Brice Turang","22186",668930
"Taylor Ward","LAA",149,644,566,142,90,27,1,23,81,74,63,0,151,8,5,1,,7,3,0.250593,0.09855,0.234278,0.420654,0.331588,0.42741,0.331158,0.758998,0.176817,3.68939,0.298272,0.196928,-1.06381,86.2077,10.8738,114.962,-0.86688,-0.0684316,10.157992005348206,-6.768431417644024,2.56724,181.52000427246094,,,,,,,747.3,5.015436241,747.3,5.015436241,,,,,,,,,,,,,,,,,,,"Taylor Ward","17548",621493
"Brandon Marsh","PHI",125,539,475,118,76,23,4,15,64,63,55,1,166,4,4,1,,16,4,0.247863,0.10112,0.308039,0.328271,0.327579,0.407115,0.321137,0.734694,0.159252,6.08151,0.344549,0.63487,0.718565,67.8051,4.7539,105.224,1.35343,2.35828,4.720797777175903,1.8832755088806152,2.53581,311,,,,,,,612.5,4.9,612.5,4.9,,,,,,,,,,,,,,,,,,,"Brandon Marsh","20202",669016
"J.T. Realmuto","PHI",126,501,454,114,72,22,3,17,59,62,35,2,123,9,3,1,,8,3,0.252344,0.0697178,0.24524,0.284285,0.315565,0.42721,0.321226,0.742775,0.174867,4.89805,0.306949,-0.0996686,-0.419781,63.0605,4.45449,105.284,-0.519449,1.31643,2.6462565064430237,10.166425704956055,2.51309,140.86000061035156,,,,,,,563.9,4.475396825,563.9,4.475396825,,,,,,,,,,,,,,,,,,,"J.T. Realmuto","11739",592663
"Luis García Jr.","WSN",125,539,503,138,93,26,3,16,62,66,30,2,84,1,4,1,,15,5,0.274074,0.0561279,0.155204,0.361638,0.31441,0.433461,0.321732,0.747871,0.159387,5.08239,0.2988,-0.402232,0.108148,68.063,5.01179,106.578,-0.294084,0.417834,3.945612519979477,2.3428342640399933,2.50321,130.7100067138672,,,,,,,620.2,4.9616,620.2,4.9616,,,,,,,,,,,,,,,,,,,"Luis Garcia Jr.","20391",671277
"Christian Yelich","MIL",133,574,494,131,88,24,3,17,82,65,72,5,126,4,2,1,,23,4,0.265329,0.125795,0.218968,0.574489,0.362008,0.428491,0.344246,0.790498,0.163162,5.85346,0.321873,0.649485,1.82188,82.8838,15.7384,120.995,2.47137,-0.619459,16.882426738739014,-11.969459593296051,2.48153,115.27999877929688,,,,,,,746.6,5.613533834,746.6,5.613533834,,,,,,,,,,,,,,,,,,,"Christian Yelich","11477",592885
"Vinnie Pasquantino","KCR",146,630,559,149,87,34,2,26,76,91,58,2,84,6,6,1,,2,0,0.266577,0.0927598,0.133965,0.692416,0.338736,0.472726,0.348262,0.811462,0.206149,2.81259,0.270896,-0.925348,-0.983245,93.0064,19.3103,124.296,-1.90859,-0.749264,15.605515837669373,-12.599263906478882,2.47945,114.05000305175781,,,,,,,825.6,5.65479452,825.6,5.65479452,,,,,,,,,,,,,,,,,,,"Vinnie Pasquantino","27676",686469
"Iván Herrera","STL",100,398,344,88,60,17,2,9,46,43,46,0,85,5,3,0,,5,1,0.255031,0.1161,0.213679,0.543337,0.349083,0.393043,0.328816,0.742126,0.138012,4.38203,0.31141,0.539252,-0.33841,52.5273,5.96999,112.45,0.200841,-2.81299,6.1261603981256485,4.3370115756988525,2.47867,234.52000427246094,,,,,,,453.8,4.538,453.8,4.538,,,,,,,,,,,,,,,,,,,"Ivan Herrera","20599",671056
"Tyler O'Neill","BAL",110,476,419,101,59,18,1,24,64,66,48,2,146,6,3,0,,6,1,0.241456,0.100386,0.305998,0.32806,0.325322,0.458409,0.337304,0.783731,0.216953,4.09155,0.306199,-0.0131572,-0.17475,66.0737,10.3921,123.682,-0.187908,0.055759,12.71022854745388,-4.944241013377905,2.44083,198.89999389648438,,,,,,,600.7,5.46090909,600.7,5.46090909,,,,,,,,,,,,,,,,,,,"Tyler O'Neill","15711",641933
"Bryan Reynolds","PIT",149,644,573,152,98,28,4,22,80,80,57,3,141,9,4,1,,8,2,0.264709,0.0880547,0.218873,0.40231,0.338145,0.441874,0.33747,0.78002,0.177166,4.69737,0.3128,0.398099,-0.50305,89.4797,14.1458,114.22,-0.104951,-0.961614,10.846151173114777,-8.661613941192627,2.44049,97.72000122070312,,,,,,,796.6,5.346308724,796.6,5.346308724,,,,,,,,,,,,,,,,,,,"Bryan Reynolds","19326",668804
"Matt Wallner","MIN",113,490,424,100,54,24,2,21,62,63,49,1,168,14,2,1,,5,1,0.236652,0.100261,0.34216,0.293024,0.333321,0.447725,0.339233,0.781045,0.211072,4.56387,0.335053,0.162832,-0.42342,68.7777,11.4585,123.09,-0.260588,-0.28103,12.685252875089645,-5.5310302674770355,2.42585,270.30999755859375,,,,,,,610.1,5.399115044,610.1,5.399115044,,,,,,,,,,,,,,,,,,,"Matt Wallner","26466",670242
"Maikel Garcia","KCR",138,595,541,140,100,28,4,8,73,56,45,0,105,2,5,3,,30,6,0.259041,0.0753876,0.176809,0.426378,0.315048,0.368686,0.300447,0.683734,0.109645,6.58686,0.305796,0.281963,2.55414,64.9412,-4.66078,90.6623,2.8361,4.9395,-3.5210416316986084,7.164500713348389,2.42476,210.39999389648438,,,,,,,603.4,4.372463768,603.4,4.372463768,,,,,,,,,,,,,,,,,,,"Maikel Garcia","22715",672580
"Joey Ortiz","MIL",144,623,555,139,89,31,5,14,73,71,55,0,125,6,5,2,,12,4,0.251124,0.0877363,0.201318,0.435811,0.322339,0.402601,0.316921,0.72494,0.151477,5.32132,0.298083,0.281322,-0.582614,76.2578,3.38049,102.604,-0.301292,-4.67879,1.6385521292686462,0.9462075233459473,2.4096,274.239990234375,,,,,,,668,4.638888888,668,4.638888888,,,,,,,,,,,,,,,,,,,"Joey Ortiz","25493",687401
"Jackson Holliday","BAL",109,469,402,94,60,21,2,12,68,50,60,1,124,3,3,1,,8,1,0.233324,0.128044,0.264208,0.484633,0.335908,0.379786,0.317527,0.715694,0.146463,5.32032,0.305366,0.0414862,0.0573645,57.6363,2.77354,109.77,0.0988507,0.602432,5.341565117239952,2.3274319767951965,2.40672,213.58999633789062,,,,,,,510.9,4.687155963,510.9,4.687155963,,,,,,,,,,,,,,,,,,,"Jackson Holliday","31781",702616
"Josh Jung","TEX",136,588,545,137,87,26,2,22,68,77,32,0,161,6,4,0,,5,2,0.251172,0.0552363,0.273998,0.201594,0.298969,0.428942,0.314491,0.727911,0.17777,4.15431,0.313681,-0.934833,-0.611276,70.8236,2.04049,105.027,-1.54611,0.0394581,1.8361674547195435,1.7394580394029617,2.39366,210.16000366210938,,,,,,,633.7,4.659558823,633.7,4.659558823,,,,,,,,,,,,,,,,,,,"Josh Jung","26299",673962
"Luis Rengifo","LAA",128,553,507,133,93,21,3,15,67,62,35,0,91,6,3,1,,20,7,0.261812,0.0635133,0.164286,0.386601,0.315652,0.40725,0.315234,0.722902,0.145438,5.8551,0.290633,0.312331,0.353604,66.9389,2.25003,103.761,0.665935,0.442949,3.0456795692443848,1.6179490387439728,2.38553,168.25999450683594,,,,,,,598.2,4.6734375,598.2,4.6734375,,,,,,,,,,,,,,,,,,,"Luis Rengifo","19858",650859
"Eugenio Suárez","ARI",141,609,537,126,76,25,1,23,70,78,56,0,175,10,6,1,,2,1,0.233945,0.0916811,0.28747,0.318924,0.314028,0.416238,0.318454,0.730265,0.182293,2.69563,0.29654,-0.648407,-1.12659,75.2959,4.05624,102.373,-1.77499,0.78174,-0.04652810096740723,2.5567398071289062,2.35375,177.02999877929688,,,,,,,662,4.69503546,662,4.69503546,,,,,,,,,,,,,,,,,,,"Eugenio Suarez","12552",553993
"Ryan McMahon","COL",147,637,562,137,85,28,1,22,76,74,67,3,181,4,4,1,,6,4,0.243059,0.104813,0.283883,0.369211,0.324997,0.414068,0.32171,0.739066,0.17101,3.3131,0.315723,0.295476,-1.46583,80.4271,5.91212,93.0947,-1.17036,5.51434,-6.430308938026428,7.789341449737549,2.33116,277.0299987792969,,,,,,,712.1,4.844217687,712.1,4.844217687,,,,,,,,,,,,,,,,,,,"Ryan McMahon","15112",641857
"Parker Meadows","DET",117,504,450,106,66,20,5,14,61,55,45,1,117,4,4,2,,18,5,0.23526,0.0888838,0.231384,0.384139,0.30742,0.397407,0.307044,0.704827,0.162148,6.6797,0.284138,0.647721,0.56444,57.6852,-1.27177,100.962,1.21216,2.11379,1.7671521306037903,3.9137918949127197,2.32189,231.97999572753906,,,,,,,528.9,4.52051282,528.9,4.52051282,,,,,,,,,,,,,,,,,,,"Parker Meadows","23800",678009
"Victor Robles","SEA",128,553,488,123,86,27,2,9,69,48,40,0,118,14,3,7,,36,6,0.252458,0.0731818,0.214049,0.341893,0.326095,0.366565,0.30766,0.69266,0.114107,6.59828,0.314574,0.116967,3.64302,63.5675,-1.12133,106.584,3.75998,1.52696,7.926150798797607,-4.09804368019104,2.29924,194.47000122070312,,,,,,,588.7,4.59921875,588.7,4.59921875,,,,,,,,,,,,,,,,,,,"Victor Robles","18363",645302
"Triston Casas","BOS",139,602,514,127,72,26,1,27,76,84,80,5,159,4,3,0,,1,0,0.24663,0.133506,0.263443,0.506772,0.350315,0.462666,0.35047,0.812981,0.216035,2.5486,0.29957,-0.751394,-1.1293,89.9429,19.5221,124.523,-1.8807,-1.41034,15.01111924648285,-12.8603355884552,2.2947,128.60000610351562,,,,,,,786,5.654676258,786,5.654676258,,,,,,,,,,,,,,,,,,,"Triston Casas","22514",671213
"Seiya Suzuki","CHC",130,560,491,130,81,25,4,21,73,71,60,3,140,5,4,1,,12,5,0.265039,0.106517,0.249874,0.426284,0.347271,0.457852,0.347226,0.805123,0.192813,5.16725,0.326854,-0.51816,-0.754646,82.2058,16.6981,125.919,-1.27281,-0.16819,16.084133505821228,-12.568189561367035,2.2891,84.5,,,,,,,733.5,5.642307692,733.5,5.642307692,,,,,,,,,,,,,,,,,,,"Seiya Suzuki","30116",673548
"Evan Carter","TEX",113,490,425,102,65,20,4,13,62,56,55,1,123,6,3,1,,11,3,0.240579,0.111956,0.250365,0.447169,0.334157,0.39892,0.322492,0.733077,0.158341,5.86189,0.305154,0.110063,-0.114478,62.1753,4.85605,110.656,-0.00441509,0.247221,5.969789449125528,-0.4027787297964096,2.26193,290.1199951171875,,,,,,,544.7,4.820353982,544.7,4.820353982,,,,,,,,,,,,,,,,,,,"Evan Carter","27790",694497
"Ke'Bryan Hayes","PIT",136,588,538,137,96,27,3,12,65,59,41,1,115,4,4,1,,15,4,0.254887,0.0690191,0.195763,0.352564,0.310053,0.378903,0.30125,0.688956,0.124016,5.13172,0.302308,0.249627,0.185544,64.5572,-4.22591,89.8415,0.435171,6.82376,-6.70765408873558,8.9237642288208,2.25115,339.5899963378906,,,,,,,589.7,4.336029411,589.7,4.336029411,,,,,,,,,,,,,,,,,,,"Ke'Bryan Hayes","18577",663647
"Marcell Ozuna","ATL",154,665,593,154,93,27,0,33,85,101,64,1,165,4,4,0,,1,0,0.259291,0.0957697,0.248468,0.385441,0.332834,0.475245,0.347819,0.808079,0.215953,1.93771,0.302062,-0.795493,-1.0993,97.9363,20.1459,122.579,-1.89479,-0.000856186,16.060621976852417,-16.425855422916356,2.24938,71.58999633789062,,,,,,,863.8,5.609090909,863.8,5.609090909,,,,,,,,,,,,,,,,,,,"Marcell Ozuna","10324",542303
"Paul Goldschmidt","NYY",147,637,568,143,88,30,0,25,79,86,61,2,167,4,4,0,,9,1,0.251885,0.096052,0.262804,0.365489,0.32684,0.437141,0.330864,0.763981,0.185256,3.94516,0.311678,-0.110495,0.209601,85.1202,10.6052,116.521,0.0991069,-0.0934772,12.140594571828842,-11.618476822972298,2.247,176.52999877929688,,,,,,,764.1,5.197959183,764.1,5.197959183,,,,,,,,,,,,,,,,,,,"Paul Goldschmidt","9218",502671
"Willson Contreras","STL",139,602,517,126,75,27,0,24,74,77,64,2,149,18,4,0,,6,3,0.242885,0.105633,0.248014,0.425915,0.343861,0.434891,0.340524,0.778752,0.192006,3.28959,0.292693,-0.63509,-1.04883,85.1236,14.7028,120.33,-1.68392,0.366995,12.951342225074768,-11.283004522323608,2.24273,75.05000305175781,,,,,,,741.5,5.334532374,741.5,5.334532374,,,,,,,,,,,,,,,,,,,"Willson Contreras","11609",575929
"Nick Gonzales","PIT",112,483,437,115,73,28,4,10,56,57,33,1,108,8,4,1,,5,3,0.263215,0.0692108,0.223031,0.310319,0.324292,0.415911,0.321605,0.740203,0.152696,4.60535,0.325096,0.379773,-1.09135,60.9423,4.4419,103.542,-0.711578,1.64366,1.3342880606651306,4.118661642074585,2.22433,406.2099914550781,,,,,,,529.1,4.724107142,529.1,4.724107142,,,,,,,,,,,,,,,,,,,"Nick Gonzales","27490",693304
"Matt Shaw","CHC",115,497,445,110,75,17,3,16,59,61,41,0,107,7,4,1,,17,6,0.248432,0.0826201,0.215298,0.383748,0.319222,0.405921,0.317056,0.725144,0.157489,5.55525,0.291025,0,0.0119774,60.8891,2.75097,105.613,0.0119774,-0.245769,3.3476862898096442,1.5292307436466217,2.21299,999,,,,,,,547.3,4.759130434,547.3,4.759130434,,,,,,,,,,,,,,,,,,,"Matt Shaw","sa3022615",807713
"Lane Thomas","CLE",138,595,533,130,80,29,3,19,74,70,50,1,153,7,5,1,,24,8,0.243231,0.0835808,0.257027,0.325183,0.313183,0.412541,0.315657,0.725724,0.169311,5.73104,0.303009,0.519761,0.285167,72.2255,2.62355,107.074,0.804927,-5.05279,5.620852589607239,-4.127785325050354,2.20268,175.2899932861328,,,,,,,669,4.847826086,669,4.847826086,,,,,,,,,,,,,,,,,,,"Lane Thomas","16939",657041
"Nathaniel Lowe","WSN",144,623,547,147,103,23,2,18,70,73,68,1,134,5,3,0,,2,1,0.268574,0.109618,0.214361,0.511373,0.352779,0.419042,0.338715,0.771822,0.150468,2.93075,0.322739,-1.18458,-1.20403,87.186,14.3086,118.009,-2.38861,0.631018,11.027584075927734,-10.493982315063477,2.19776,261.7200012207031,,,,,,,743.5,5.163194444,743.5,5.163194444,,,,,,,,,,,,,,,,,,,"Nathaniel Lowe","19566",663993
"Jake Meyers","HOU",109,469,423,101,66,20,2,13,53,53,34,0,114,7,3,2,,9,2,0.238686,0.0727442,0.243507,0.298735,0.303951,0.386157,0.302461,0.690109,0.147472,5.01949,0.294779,0.443071,0.0537561,51.9495,-2.91324,98.0934,0.496827,4.43025,-0.5263170301914215,6.105247259140015,2.19086,455.5,,,,,,,468.7,4.3,468.7,4.3,,,,,,,,,,,,,,,,,,,"Jake Meyers","20308",676694
"TJ Friedl","CIN",131,567,499,124,83,20,4,17,71,67,48,0,95,12,4,4,,16,4,0.24848,0.0844611,0.167959,0.502867,0.326911,0.408066,0.322027,0.734977,0.159586,5.98665,0.273835,0.750515,0.445369,71.7334,5.40684,99.9382,1.19588,-0.894235,1.1540095135569572,1.1307652592658997,2.18602,249.74000549316406,,,,,,,635.2,4.848854961,635.2,4.848854961,,,,,,,,,,,,,,,,,,,"TJ Friedl","19522",670770
"Jasson Domínguez","NYY",133,574,513,130,86,21,2,20,74,71,55,1,142,2,3,1,,23,5,0.252849,0.0959799,0.247369,0.388003,0.326295,0.421866,0.325707,0.748162,0.169017,5.75504,0.308891,-0.267578,1.62761,74.3192,7.17383,112.893,1.36003,-2.11225,9.828135013580322,-8.06225299835205,2.15855,139.52999877929688,,,,,,,676,5.082706766,676,5.082706766,,,,,,,,,,,,,,,,,,,"Jasson Dominguez","28080",691176
"Logan O'Hoppe","LAA",115,461,413,100,63,15,1,21,54,58,37,0,120,7,2,1,,3,2,0.241792,0.0806444,0.26011,0.31004,0.314083,0.432356,0.324255,0.746438,0.190564,2.94657,0.288424,-0.289358,-1.12011,59.1497,5.22282,110.106,-1.40947,-2.47842,3.9214928150177,3.0965774059295654,2.15454,137.41000366210938,,,,,,,525.7,4.571304347,525.7,4.571304347,,,,,,,,,,,,,,,,,,,"Logan O'Hoppe","24729",681351
"Tyler Fitzgerald","SFG",136,588,536,126,76,27,3,20,75,72,39,0,179,9,3,2,,20,5,0.234574,0.065553,0.304579,0.215225,0.29483,0.407944,0.305462,0.702774,0.17337,6.31369,0.310929,0.39078,1.17446,66.5508,-2.23233,97.2305,1.56524,1.18917,-0.382076621055603,1.5391734540462494,2.14178,243.19000244140625,,,,,,,621,4.56617647,621,4.56617647,,,,,,,,,,,,,,,,,,,"Tyler Fitzgerald","26208",666149
"Joc Pederson","TEX",105,455,390,98,57,17,2,23,61,66,51,3,110,11,4,0,,5,2,0.251307,0.11151,0.242064,0.460662,0.350294,0.477099,0.355905,0.827392,0.225792,4.05052,0.289023,-0.306772,-0.783517,69.9703,16.7453,134.159,-1.09029,-0.00221273,16.693316221237183,-11.12721272627823,2.14134,319.54998779296875,,,,,,,625.6,5.958095238,625.6,5.958095238,,,,,,,,,,,,,,,,,,,"Joc Pederson","11899",592626
"Adolis García","TEX",143,616,558,133,76,27,1,29,77,89,46,1,172,6,5,0,,12,4,0.238666,0.0748755,0.279421,0.267966,0.301865,0.446381,0.321798,0.748246,0.207714,4.70369,0.288432,0.017438,-0.129682,77.8192,5.7607,110.167,-0.112243,1.01552,7.054145969450474,-6.884480237960815,2.1383,149.36000061035156,,,,,,,711,4.972027972,711,4.972027972,,,,,,,,,,,,,,,,,,,"Adolis Garcia","19287",666969
"Jonathan India","KCR",143,616,526,132,87,29,2,14,81,59,68,0,117,16,4,2,,12,3,0.251485,0.10981,0.190413,0.576694,0.351239,0.393745,0.330757,0.744984,0.14226,4.94159,0.296835,0.106231,0.01654,82.2611,10.2026,111.984,0.122771,-1.49639,8.569172389805317,-8.496387243270874,2.12829,242.13999938964844,,,,,,,706.7,4.941958041,706.7,4.941958041,,,,,,,,,,,,,,,,,,,"Jonathan India","21523",663697
"Ryan Jeffers","MIN",99,396,350,83,48,17,1,17,46,51,33,0,92,9,3,1,,2,0,0.235616,0.0836634,0.231224,0.361828,0.315167,0.431642,0.324732,0.746809,0.196027,3.37497,0.26945,-0.402152,-0.402258,51.0132,4.6431,112.89,-0.804411,-1.09408,5.0419498682022095,3.5309154987335205,2.06028,235.1199951171875,,,,,,,459.4,4.64040404,459.4,4.64040404,,,,,,,,,,,,,,,,,,,"Ryan Jeffers","24618",680777
"Salvador Perez","KCR",149,612,563,147,95,25,1,26,67,88,33,7,135,11,5,0,,0,0,0.261526,0.0533799,0.219995,0.242642,0.312142,0.449398,0.324644,0.76154,0.187873,1.67465,0.297472,-1.48283,-1.02033,78.6641,7.12027,107.683,-2.50316,-2.2686,2.873426914215088,-1.3686003684997559,2.05598,72.87999725341797,,,,,,,714.8,4.797315436,714.8,4.797315436,,,,,,,,,,,,,,,,,,,"Salvador Perez","7304",521692
"Garrett Mitchell","MIL",110,476,422,102,65,20,3,15,60,60,46,0,144,5,2,1,,20,6,0.243145,0.0959279,0.301693,0.317965,0.323434,0.40977,0.321217,0.733204,0.166625,6.32683,0.330683,0.168268,0.755265,59.9102,4.22866,105.495,0.923533,0.0902245,4.051476955413818,-0.00977545976638794,2.0545,247.42999267578125,,,,,,,539.5,4.904545454,539.5,4.904545454,,,,,,,,,,,,,,,,,,,"Garrett Mitchell","27555",669003
"Luis Arraez","SDP",149,644,597,183,143,30,3,8,80,59,37,4,37,5,3,2,,7,3,0.307207,0.0568062,0.0576624,0.985151,0.350904,0.404809,0.328902,0.755713,0.0976017,4.06277,0.316166,0.355271,-1.10153,85.0388,9.70487,114.717,-0.746257,1.28514,10.587488234043121,-12.164855718612671,2.05197,193.8300018310547,,,,,,,738,4.953020134,738,4.953020134,,,,,,,,,,,,,,,,,,,"Luis Arraez","18568",650333
"George Springer","TOR",141,609,543,132,86,23,2,20,77,70,56,0,117,6,4,1,,14,3,0.242779,0.0925869,0.192725,0.48041,0.318773,0.405568,0.31713,0.72434,0.162789,4.97829,0.27271,-0.0657234,0.428173,74.6469,3.40722,108.215,0.362449,0.916625,6.086589455604553,-6.6083749532699585,2.04279,243.80999755859375,,,,,,,666.5,4.726950354,666.5,4.726950354,,,,,,,,,,,,,,,,,,,"George Springer","12856",543807
"Jose Trevino","CIN",70,275,253,62,44,10,1,8,30,31,17,0,47,2,2,1,,2,1,0.246536,0.0614665,0.172048,0.357264,0.297884,0.386444,0.298968,0.684328,0.139908,3.59778,0.27328,-0.317422,-0.454071,29.7091,-2.48326,84.4179,-0.771493,4.07993,-5.899347901344299,9.454933643341064,1.99731,619.0499877929688,,,,,,,262.1,3.744285714,262.1,3.744285714,,,,,,,,,,,,,,,,,,,"Jose Trevino","16725",624431
"Heliot Ramos","SFG",139,602,547,138,87,25,3,22,72,78,45,1,158,5,4,0,,7,3,0.252051,0.0752783,0.262555,0.286714,0.313396,0.431524,0.322166,0.74492,0.179473,4.53393,0.312584,-0.319345,-0.746061,76.2286,5.80778,108.473,-1.06541,1.71048,5.034171938896179,-6.139515161514282,1.95627,206.30999755859375,,,,,,,677.1,4.871223021,677.1,4.871223021,,,,,,,,,,,,,,,,,,,"Heliot Ramos","22515",671218
"Otto Lopez","MIA",107,462,425,117,85,23,3,6,52,44,29,0,80,4,3,1,,15,4,0.276535,0.0638188,0.172442,0.370089,0.327393,0.386919,0.313109,0.714311,0.110384,5.65675,0.326652,0.166272,0.403015,55.1333,1.08943,97.7883,0.569287,2.4287,-0.6526150703430176,4.178699016571045,1.9531,328.739990234375,,,,,,,486.7,4.54859813,486.7,4.54859813,,,,,,,,,,,,,,,,,,,"Otto Lopez","19608",672640
"Wilyer Abreu","BOS",105,455,400,98,58,23,1,16,58,56,48,0,123,3,3,0,,8,3,0.244155,0.106586,0.269778,0.395087,0.328233,0.425873,0.328858,0.754105,0.181717,4.56299,0.309932,-0.0599677,-0.253634,60.0655,6.8405,109.321,-0.313602,3.81924,4.53887203335762,-0.8557605743408203,1.94687,322.2200012207031,,,,,,,531.4,5.06095238,531.4,5.06095238,,,,,,,,,,,,,,,,,,,"Wilyer Abreu","23772",677800
"Josh Naylor","ARI",141,609,547,146,90,32,0,23,72,93,50,7,95,6,5,0,,7,2,0.266975,0.0827371,0.155838,0.530916,0.332796,0.455072,0.336672,0.787869,0.188097,3.19059,0.282636,-1.01943,-0.513431,84.2253,12.9856,114.635,-1.53286,0.930484,9.12500786781311,-10.59451550245285,1.94274,104.0199966430664,,,,,,,755.3,5.356737588,755.3,5.356737588,,,,,,,,,,,,,,,,,,,"Josh Naylor","18839",647304
"Michael Massey","KCR",120,518,478,123,77,27,3,17,60,66,28,1,98,6,5,2,,4,1,0.257833,0.0537565,0.189832,0.28318,0.303601,0.429391,0.315414,0.732992,0.171558,4.22069,0.289655,0.309785,-0.467906,62.7773,2.18263,101.191,-0.15812,0.402142,0.5476774871349335,0.9521418213844299,1.93828,380.2900085449219,,,,,,,572.8,4.773333333,572.8,4.773333333,,,,,,,,,,,,,,,,,,,"Michael Massey","27684",686681
"Connor Norby","MIA",134,581,525,131,83,28,2,18,77,66,47,0,160,5,4,1,,9,4,0.249012,0.0801657,0.275428,0.291058,0.313742,0.413156,0.316509,0.726898,0.164144,4.64835,0.320715,0.0354529,-0.755452,70.9244,2.96012,100.077,-0.719999,-2.04161,-0.6665532439947128,0.03338980674743652,1.93281,267.239990234375,,,,,,,632.3,4.718656716,632.3,4.718656716,,,,,,,,,,,,,,,,,,,"Connor Norby","29592",681393
"Kyle Isbel","KCR",125,539,489,119,76,24,7,12,69,57,37,0,112,6,3,4,,14,4,0.242725,0.0678658,0.208372,0.325695,0.301892,0.391126,0.302318,0.693017,0.1484,6.7573,0.290094,0.839581,0.346304,59.6409,-3.4103,91.9787,1.18589,2.55122,-3.76111376285553,4.476221799850464,1.92953,517.0700073242188,,,,,,,544.1,4.3528,544.1,4.3528,,,,,,,,,,,,,,,,,,,"Kyle Isbel","21614",664728
"Danny Jansen","TBR",91,359,314,71,41,15,0,15,43,44,36,0,72,6,3,0,,0,0,0.225737,0.100215,0.200586,0.499613,0.313428,0.417387,0.318947,0.730816,0.19165,1.9799,0.243593,-0.13763,-0.611692,44.5286,2.53346,112.195,-0.749322,-1.60054,4.259903013706207,5.099459528923035,1.90378,299.4100036621094,,,,,,,394.1,4.33076923,394.1,4.33076923,,,,,,,,,,,,,,,,,,,"Danny Jansen","16535",643376
"Michael Busch","CHC",128,553,485,117,69,26,2,20,71,69,58,1,152,7,4,0,,2,1,0.240449,0.104143,0.274905,0.378832,0.327053,0.425025,0.327871,0.752078,0.184576,3.63853,0.305452,-0.165888,-0.94886,72.5633,7.87443,112.892,-1.11475,1.93856,7.4103052616119385,-7.486436486244202,1.89404,254.47999572753906,,,,,,,641,5.0078125,641,5.0078125,,,,,,,,,,,,,,,,,,,"Michael Busch","26319",683737
"Jake Cronenworth","SDP",138,595,525,126,80,27,4,15,68,66,54,1,111,11,5,1,,4,2,0.240867,0.0902048,0.186987,0.482413,0.321924,0.392028,0.313314,0.713953,0.151161,4.18914,0.276843,0.637773,-0.97103,71.1032,1.50126,104.225,-0.333257,-2.02195,2.6729339361190796,-4.396952152252197,1.8683,286.8999938964844,,,,,,,619.7,4.49057971,619.7,4.49057971,,,,,,,,,,,,,,,,,,,"Jake Cronenworth","18036",630105
"Jonny DeLuca","TBR",107,462,418,97,61,20,3,14,52,53,34,1,94,6,2,1,,15,4,0.233065,0.0739078,0.203651,0.362914,0.299361,0.394191,0.302303,0.693552,0.161126,5.78817,0.267673,-0.18654,0.603847,51.1152,-2.92866,100.487,0.417307,0.839626,0.6747275590896606,1.8896263241767883,1.85542,348.1700134277344,,,,,,,469.2,4.385046728,469.2,4.385046728,,,,,,,,,,,,,,,,,,,"Jonny DeLuca","26365",676356
"Trevor Story","BOS",141,609,548,124,74,31,2,17,69,70,50,4,176,7,4,0,,23,6,0.225893,0.0818305,0.288274,0.283863,0.296465,0.38138,0.294614,0.677845,0.155486,5.51738,0.297055,0.331081,1.15901,63.6102,-7.62942,85.2325,1.49009,0.116594,-8.80022644996643,6.391594111919403,1.84792,258.8800048828125,,,,,,,605.4,4.293617021,605.4,4.293617021,,,,,,,,,,,,,,,,,,,"Trevor Story","12564",596115
"Spencer Horwitz","PIT",100,434,372,101,66,24,1,10,52,47,53,2,79,6,3,0,,2,1,0.270958,0.121273,0.181961,0.666479,0.367343,0.418062,0.34519,0.785406,0.147105,3.00511,0.318513,-0.552864,-0.956661,62.9982,12.2297,119.416,-1.50953,2.29814,8.567192196846008,-5.601861238479614,1.79889,379.4800109863281,,,,,,,540.9,5.409,540.9,5.409,,,,,,,,,,,,,,,,,,,"Spencer Horwitz","26477",687462
"Jorge Polanco","SEA",120,518,457,103,67,18,0,18,57,59,53,2,140,4,4,1,,5,2,0.225003,0.102188,0.269434,0.379268,0.308368,0.384328,0.303612,0.692696,0.159325,2.81513,0.279416,0.0545266,-0.812815,57.8567,-2.73792,103.737,-0.758289,-3.20651,1.4566436409950256,-1.3565062284469604,1.79372,417.3999938964844,,,,,,,516.1,4.300833333,516.1,4.300833333,,,,,,,,,,,,,,,,,,,"Jorge Polanco","13152",593871
"Brooks Lee","MIN",113,490,449,112,74,26,2,12,53,56,35,2,81,2,3,1,,6,1,0.250455,0.0709785,0.164373,0.431814,0.305099,0.391452,0.302237,0.696551,0.140998,4.14872,0.280097,-0.022409,-0.270692,54.187,-3.1323,97.0661,-0.293101,0.28176,-1.9380252361297607,2.931760311126709,1.78961,403.1000061035156,,,,,,,497.4,4.401769911,497.4,4.401769911,,,,,,,,,,,,,,,,,,,"Brooks Lee","31595",686797
"Jake McCarthy","ARI",120,518,466,124,89,19,7,9,65,57,37,0,93,10,3,3,,26,6,0.267132,0.0711634,0.179114,0.397307,0.331946,0.396643,0.319692,0.72859,0.129511,7.19533,0.314087,0.738754,1.60828,64.5609,3.96627,103.207,2.34703,-3.63547,4.333348631858826,-4.2854726910591125,1.78648,219.91000366210938,,,,,,,581.6,4.846666666,581.6,4.846666666,,,,,,,,,,,,,,,,,,,"Jake McCarthy","21622",664983
"Miguel Vargas","CHW",123,532,461,106,65,23,2,16,65,56,61,0,113,6,4,1,,10,4,0.231232,0.113831,0.211912,0.537161,0.325682,0.392914,0.316762,0.718596,0.161682,4.52358,0.269652,0.133857,-0.520846,65.0512,2.81889,106.097,-0.386989,-0.834945,3.3241220116615295,-4.034945070743561,1.75817,399.95001220703125,,,,,,,569.9,4.633333333,569.9,4.633333333,,,,,,,,,,,,,,,,,,,"Miguel Vargas","20178",678246
"Dylan Crews","WSN",134,581,526,130,84,26,5,16,71,65,40,0,128,9,5,1,,25,7,0.246881,0.0681393,0.220944,0.308401,0.308675,0.401682,0.309783,0.710357,0.154801,6.52864,0.295683,0.104163,1.10276,67.779,-0.185252,98.5355,1.20692,3.40701,0.18941378593444824,-2.5179946422576904,1.75771,128.42999267578125,,,,,,,631.2,4.710447761,631.2,4.710447761,,,,,,,,,,,,,,,,,,,"Dylan Crews","33541",686611
"Jeff McNeil","NYM",99,427,386,103,73,22,1,8,48,44,28,1,54,9,3,1,,4,1,0.266563,0.0659732,0.126629,0.520996,0.328034,0.388507,0.314652,0.716541,0.121944,3.95051,0.290333,-0.540729,-0.231028,51.487,1.53732,104.963,-0.771757,-0.0381869,1.7622631192207336,1.0368131175637245,1.75764,413.3599853515625,,,,,,,451.3,4.558585858,451.3,4.558585858,,,,,,,,,,,,,,,,,,,"Jeff McNeil","15362",643446
"Tyler Stephenson","CIN",100,403,358,93,61,18,1,13,49,50,37,1,94,5,3,0,,1,0,0.258335,0.0916658,0.233485,0.392598,0.333796,0.420747,0.328669,0.754543,0.162412,2.80745,0.314194,-0.506533,-0.661529,53.1922,6.00323,104.409,-1.16806,-1.32782,0.9586009979248047,3.172183632850647,1.74574,166.72000122070312,,,,,,,470.8,4.708,470.8,4.708,,,,,,,,,,,,,,,,,,,"Tyler Stephenson","17988",663886
"Jake Burger","TEX",143,616,564,138,78,26,2,32,75,93,36,1,165,10,4,1,,2,1,0.244023,0.0587801,0.268203,0.219163,0.299547,0.466034,0.327687,0.765581,0.222012,2.99258,0.285119,-0.116324,-1.00947,80.739,8.6805,114.31,-1.1258,-1.52752,8.960385084152222,-12.627517938613892,1.74204,113.5999984741211,,,,,,,735.4,5.142657342,735.4,5.142657342,,,,,,,,,,,,,,,,,,,"Jake Burger","22275",669394
"Luke Raley","SEA",112,483,428,101,61,18,2,20,59,63,33,0,146,18,3,1,,10,3,0.235016,0.0680041,0.301735,0.225377,0.314895,0.425208,0.323187,0.740103,0.190192,5.25966,0.30432,0.0238076,0.0895434,61.5572,5.05678,117.506,0.113351,-0.872464,9.788329221308231,-9.047464668750763,1.7394,302.6700134277344,,,,,,,552.8,4.935714285,552.8,4.935714285,,,,,,,,,,,,,,,,,,,"Luke Raley","19354",670042
"Josh Smith","TEX",91,392,342,84,56,18,1,9,47,41,36,1,81,11,2,1,,7,2,0.245597,0.0911118,0.206115,0.442044,0.333938,0.384793,0.318218,0.718731,0.139197,4.56375,0.294246,-0.381103,-0.327668,48.3918,2.53641,107.649,-0.708771,0.71504,2.7221641540527344,0.9150402992963791,1.72523,409.6700134277344,,,,,,,419.6,4.61098901,419.6,4.61098901,,,,,,,,,,,,,,,,,,,"Josh Smith","26396",669701
"Jonah Heim","TEX",84,333,305,71,47,13,1,11,35,40,23,0,62,2,2,1,,1,0,0.233245,0.069042,0.186484,0.37023,0.289306,0.386286,0.294545,0.675592,0.153041,3.26439,0.258495,-0.142051,-0.390184,34.7425,-4.18777,90.9968,-0.532235,1.60745,-3.9605714082717896,8.10744559764862,1.72378,311.3800048828125,,,,,,,316.3,3.76547619,316.3,3.76547619,,,,,,,,,,,,,,,,,,,"Jonah Heim","16930",641680
"Kerry Carpenter","DET",117,504,457,117,69,21,4,23,61,75,36,2,126,7,3,0,,3,2,0.255701,0.0709222,0.249176,0.284627,0.317668,0.467391,0.335955,0.785059,0.211691,3.93312,0.301689,-0.584886,-1.26357,69.4128,10.4558,121.299,-1.84846,-0.178727,10.434118270874023,-10.57872650027275,1.72025,201.5,,,,,,,627.2,5.36068376,627.2,5.36068376,,,,,,,,,,,,,,,,,,,"Kerry Carpenter","25961",681481
"Colt Keith","DET",125,539,487,128,82,26,3,16,66,69,44,1,115,3,4,0,,3,1,0.262424,0.0815508,0.213048,0.382781,0.325254,0.428411,0.326467,0.753664,0.165986,4.12229,0.310209,0,-0.82299,70.1174,7.06624,114.625,-0.82299,0.297735,8.196872770786285,-9.5772645175457,1.71311,254.52999877929688,,,,,,,616.6,4.9328,616.6,4.9328,,,,,,,,,,,,,,,,,,,"Colt Keith","27899",690993
"Jacob Young","WSN",125,539,486,122,93,22,2,4,64,45,35,0,100,10,3,5,,30,7,0.24996,0.0641719,0.185315,0.346285,0.310877,0.332161,0.286841,0.643038,0.0822006,6.56251,0.304462,0.341472,2.18875,52.9269,-10.1243,83.0943,2.53022,4.92327,-8.366172552108765,6.84827446937561,1.69699,298.2900085449219,,,,,,,482.4,3.8592,482.4,3.8592,,,,,,,,,,,,,,,,,,,"Jacob Young","29931",696285
"Jurickson Profar","ATL",146,630,543,141,95,29,1,15,81,66,70,2,102,10,4,3,,7,2,0.258975,0.111253,0.162132,0.686183,0.351552,0.401177,0.331889,0.752729,0.142202,3.97384,0.291445,-0.463392,-0.707572,84.7047,11.0085,111.858,-1.17096,-5.36087,7.762356758117676,-12.36087417602539,1.6918,187.41000366210938,,,,,,,725.1,4.966438356,725.1,4.966438356,,,,,,,,,,,,,,,,,,,"Jurickson Profar","10815",595777
"Kristian Campbell","BOS",75,322,284,76,49,16,2,9,42,42,31,0,74,6,1,0,,8,3,0.266102,0.0950689,0.229324,0.414561,0.347864,0.427276,0.339089,0.775141,0.161174,5.36382,0.330032,0,-0.294974,45.1595,7.49252,116.517,-0.294974,-1.19824,5.790634095668793,-0.44824135303497314,1.66034,999,,,,,,,401.8,5.357333333,401.8,5.357333333,,,,,,,,,,,,,,,,,,,"Kristian Campbell","sa3023011",692225
"Jorge Soler","LAA",134,581,506,117,64,25,0,28,76,77,65,1,150,6,4,0,,1,0,0.231683,0.111882,0.25851,0.432794,0.323867,0.446739,0.333948,0.770606,0.215055,2.49258,0.269837,-1.22961,-0.893244,79.0793,11.115,116.925,-2.12285,-0.101818,9.128459453582764,-12.526818588376045,1.6493,212.16000366210938,,,,,,,699.8,5.222388059,699.8,5.222388059,,,,,,,,,,,,,,,,,,,"Jorge Soler","14221",624585
"Jo Adell","LAA",112,483,436,99,54,19,2,23,60,68,36,1,144,7,3,1,,13,6,0.226672,0.0746607,0.299119,0.249602,0.293947,0.43942,0.315582,0.733368,0.212748,5.26501,0.278707,-0.0224496,-0.430528,58.6007,2.10029,104.005,-0.452978,-2.78894,1.7606134414672852,-2.0639392137527466,1.63155,285,,,,,,,538,4.803571428,538,4.803571428,,,,,,,,,,,,,,,,,,,"Jo Adell","20220",666176
"Chas McCormick","HOU",97,420,374,91,61,14,1,14,50,51,34,0,112,6,4,1,,12,4,0.241782,0.0799,0.266961,0.299295,0.31166,0.396011,0.309779,0.707672,0.15423,5.04863,0.303814,-0.31179,0.129816,48.9955,-0.135309,103.241,-0.181975,4.34234,1.3753396421670914,0.34234046936035156,1.62338,404.80999755859375,,,,,,,445.1,4.588659793,445.1,4.588659793,,,,,,,,,,,,,,,,,,,"Chas McCormick","19599",676801
"Sal Frelick","MIL",104,448,405,109,79,20,3,6,53,44,35,0,66,5,2,1,,13,3,0.268256,0.0786805,0.147519,0.533359,0.331902,0.376934,0.31248,0.708836,0.108678,5.60834,0.306919,0.346029,0.245181,53.2359,0.829705,99.615,0.591209,4.8368,0.3849457651376724,0.2367997169494629,1.605,361.19000244140625,,,,,,,473.2,4.55,473.2,4.55,,,,,,,,,,,,,,,,,,,"Sal Frelick","29622",686217
"Jesús Sánchez","MIA",94,406,366,94,58,19,2,16,48,53,34,1,104,3,2,1,,8,2,0.257011,0.0828681,0.255029,0.324936,0.32387,0.447991,0.333079,0.771861,0.190981,4.73429,0.314697,-0.4911,0.142837,54.9762,7.48314,111.23,-0.348263,0.474734,5.103701263666153,-3.3752660155296326,1.57485,235.63999938964844,,,,,,,497.9,5.29680851,497.9,5.29680851,,,,,,,,,,,,,,,,,,,"Jesus Sanchez","19913",660821
"Willi Castro","MIN",139,602,538,132,88,27,4,13,74,61,43,0,141,15,4,1,,19,6,0.244746,0.0718143,0.234672,0.30602,0.316479,0.383696,0.308324,0.700175,0.13895,6.18572,0.305443,0.660634,0.0247737,69.5219,-0.898897,101.348,0.685407,-5.0148,1.6138591766357422,-6.514797210693359,1.56642,234.25999450683594,,,,,,,617.8,4.444604316,617.8,4.444604316,,,,,,,,,,,,,,,,,,,"Willi Castro","17338",650489
"Jose Siri","NYM",97,420,384,81,46,16,2,17,51,54,27,0,152,5,3,1,,14,4,0.210784,0.0650966,0.361147,0.18025,0.26988,0.394501,0.288125,0.664381,0.183717,6.22412,0.293033,0.647132,0.438225,41.6756,-7.45515,87.1082,1.08536,5.01335,-5.389431476593018,6.513349533081055,1.56056,439.2200012207031,,,,,,,398.6,4.10927835,398.6,4.10927835,,,,,,,,,,,,,,,,,,,"Jose Siri","17452",642350
"Will Wagner","TOR",89,385,339,92,65,19,2,6,44,41,39,0,68,4,3,1,,3,1,0.272675,0.101576,0.175815,0.577741,0.351795,0.395509,0.330096,0.747304,0.122834,3.55061,0.321455,-0.0920733,-0.652891,51.2084,6.1718,117.335,-0.744965,0.140807,6.891557276248932,-4.684193268418312,1.55346,517,,,,,,,431,4.842696629,431,4.842696629,,,,,,,,,,,,,,,,,,,"Will Wagner","29634",695238
"Orlando Arcia","ATL",134,581,529,124,82,24,0,17,61,65,43,1,120,3,5,1,,2,0,0.234543,0.0746295,0.206916,0.360675,0.293925,0.378685,0.293713,0.67261,0.144142,2.45579,0.269561,-0.239628,-0.697276,60.2642,-7.7001,86.1624,-0.936904,0.00369338,-10.55078375339508,6.2286932822316885,1.55183,446.1700134277344,,,,,,,536.6,4.004477611,536.6,4.004477611,,,,,,,,,,,,,,,,,,,"Orlando Arcia","13185",606115
"Jonathan Aranda","TBR",89,385,336,87,56,16,1,13,49,49,39,1,98,7,3,0,,1,1,0.257299,0.100253,0.2535,0.395474,0.342986,0.429637,0.337118,0.772623,0.172338,2.79777,0.320123,0.11314,-0.823018,53.384,8.34746,124.976,-0.709877,0.401771,10.292648017406464,-8.223229169845581,1.53921,320.07000732421875,,,,,,,462.6,5.197752808,462.6,5.197752808,,,,,,,,,,,,,,,,,,,"Jonathan Aranda","21837",666018
"Trevor Larnach","MIN",109,469,411,99,61,20,1,16,59,60,50,1,126,4,4,0,,3,1,0.241902,0.106966,0.269335,0.397148,0.327349,0.416802,0.324509,0.744151,0.1749,3.72097,0.305316,-0.45945,-0.670419,60.272,5.40925,112.733,-1.12987,-0.563837,5.703010320663452,-6.588837027549744,1.5232,327.1199951171875,,,,,,,522.4,4.79266055,522.4,4.79266055,,,,,,,,,,,,,,,,,,,"Trevor Larnach","21501",663616
"Thairo Estrada","COL",120,518,480,127,87,23,2,15,63,64,24,0,99,9,3,1,,10,4,0.265398,0.0470608,0.19065,0.246845,0.311706,0.418139,0.316869,0.729845,0.152741,5.01613,0.303777,0.579382,-0.507413,63.3838,2.78916,89.8361,0.0719699,1.79791,-6.223845541477203,3.647913336753845,1.5155,298.7799987792969,,,,,,,557.1,4.6425,557.1,4.6425,,,,,,,,,,,,,,,,,,,"Thairo Estrada","16426",642731
"Carson Kelly","CHC",76,301,267,62,42,11,0,8,32,33,27,0,60,4,3,0,,1,0,0.23013,0.0887161,0.201094,0.441166,0.30618,0.367201,0.297637,0.673381,0.137071,2.84869,0.26472,-0.247898,-0.39439,32.1505,-3.03652,92.542,-0.642288,1.33317,-3.3249053359031677,7.208166241645813,1.51065,522.239990234375,,,,,,,282.2,3.713157894,282.2,3.713157894,,,,,,,,,,,,,,,,,,,"Carson Kelly","13620",608348
"Christopher Morel","TBR",115,497,441,102,60,18,3,22,61,66,47,2,136,5,3,1,,8,4,0.23208,0.0938121,0.274286,0.342023,0.311066,0.432594,0.321728,0.743659,0.200513,4.76902,0.281667,0.349493,-0.701709,62.7581,4.61996,114.151,-0.352215,-3.83563,7.6951964199543,-9.660628080368042,1.50809,268.42999267578125,,,,,,,566.3,4.924347826,566.3,4.924347826,,,,,,,,,,,,,,,,,,,"Christopher Morel","21897",666624
"Mike Yastrzemski","SFG",115,497,440,99,54,22,5,18,60,58,47,1,132,6,3,1,,4,1,0.224307,0.0941273,0.265403,0.354658,0.304899,0.41544,0.312551,0.720339,0.191133,5.17712,0.276394,0.0101311,-0.557233,59.0871,0.948955,102.002,-0.547102,2.59998,0.6427541971206665,-2.6250152587890625,1.50458,444.42999267578125,,,,,,,539.7,4.693043478,539.7,4.693043478,,,,,,,,,,,,,,,,,,,"Mike Yastrzemski","14854",573262
"Ceddanne Rafaela","BOS",99,427,401,102,65,21,4,12,53,53,15,1,103,6,3,2,,15,5,0.254215,0.0358239,0.240282,0.149091,0.289013,0.41697,0.303599,0.705983,0.162755,6.75796,0.309783,0.0662922,0.187772,47.6882,-2.26142,91.5528,0.254064,2.24858,-3.8730432987213135,4.1235785484313965,1.49596,187.63999938964844,,,,,,,444.2,4.486868686,444.2,4.486868686,,,,,,,,,,,,,,,,,,,"Ceddanne Rafaela","24262",678882
"Kyle Higashioka","TEX",79,315,290,63,36,12,0,14,33,42,19,0,85,1,3,1,,2,0,0.216074,0.061458,0.268505,0.22889,0.264692,0.408289,0.289529,0.672981,0.192215,3.05914,0.249178,-0.492551,-0.194147,31.5927,-5.23199,87.469,-0.686698,0.135878,-5.2003253698349,5.660878568887711,1.4957,370.5899963378906,,,,,,,293,3.708860759,293,3.708860759,,,,,,,,,,,,,,,,,,,"Kyle Higashioka","5517",543309
"Jace Jung","DET",81,350,302,68,42,15,1,10,38,38,42,1,89,3,2,1,,2,1,0.224584,0.120291,0.25489,0.471934,0.322588,0.37737,0.309983,0.699958,0.152786,3.04393,0.282642,-0.106619,-0.745977,40.887,-0.0553257,103.03,-0.852596,1.12493,0.3606663942337036,2.3749252557754517,1.48751,459.92999267578125,,,,,,,358,4.419753086,358,4.419753086,,,,,,,,,,,,,,,,,,,"Jace Jung","31437",690291
"Leody Taveras","TEX",71,308,279,70,47,14,2,8,37,34,24,0,65,1,2,1,,12,3,0.252074,0.0783948,0.212592,0.368757,0.311316,0.399545,0.30995,0.710861,0.147471,5.95684,0.300444,0.225797,0.585566,35.9724,-0.0568852,101.833,0.811363,1.75569,1.457320213317871,2.6556901931762695,1.48517,451.7099914550781,,,,,,,329.6,4.642253521,329.6,4.642253521,,,,,,,,,,,,,,,,,,,"Leody Taveras","18900",665750
"LaMonte Wade Jr.","SFG",113,490,412,100,67,18,1,14,62,47,67,4,105,6,3,2,,3,1,0.242592,0.136857,0.213754,0.640255,0.354238,0.392493,0.329441,0.746732,0.149901,3.47558,0.290141,-0.316115,-0.90552,64.9157,7.5965,113.37,-1.22163,-0.106831,6.612371206283569,-8.606831289827824,1.47925,431.4100036621094,,,,,,,559.4,4.950442477,559.4,4.950442477,,,,,,,,,,,,,,,,,,,"LaMonte Wade Jr.","18126",664774
"Dylan Moore","SEA",81,350,299,62,35,15,2,10,42,35,39,1,102,9,2,1,,21,5,0.20862,0.111052,0.290411,0.382395,0.31672,0.372543,0.305974,0.689264,0.163924,6.95128,0.277561,0.094515,1.39297,39.7577,-1.18458,105.398,1.48748,-1.34634,3.6494178771972656,-1.0463375747203827,1.47383,345.3800048828125,,,,,,,367,4.530864197,367,4.530864197,,,,,,,,,,,,,,,,,,,"Dylan Moore","18042",664238
"Nolan Schanuel","LAA",128,553,474,122,87,20,1,14,65,58,65,0,92,8,4,2,,8,1,0.256478,0.11762,0.166273,0.707392,0.352824,0.390963,0.330207,0.743787,0.134485,3.92803,0.289015,-0.673732,-0.338652,73.6031,8.91425,114.293,-1.01238,-2.32594,8.031582236289978,-12.200944662094116,1.47328,311.2099914550781,,,,,,,635.9,4.96796875,635.9,4.96796875,,,,,,,,,,,,,,,,,,,"Nolan Schanuel","33189",694384
"Michael Conforto","LAD",115,497,439,105,63,20,1,20,59,70,48,2,121,7,3,1,,2,1,0.238829,0.0956528,0.24276,0.394022,0.320698,0.427744,0.324812,0.748442,0.188915,3.01819,0.281132,-0.165161,-0.946878,63.9916,5.8535,109.986,-1.11204,-1.83733,4.8227150440216064,-7.162325859069824,1.46768,274.9100036621094,,,,,,,566.7,4.927826086,566.7,4.927826086,,,,,,,,,,,,,,,,,,,"Michael Conforto","16376",624424
"Nolan Jones","COL",113,490,424,109,68,24,2,15,60,60,58,3,143,4,3,1,,10,3,0.256104,0.117496,0.29264,0.401501,0.348856,0.428995,0.338546,0.777851,0.172891,4.91617,0.348637,-0.040429,-0.327624,68.5069,11.1876,104.427,-0.368053,1.31395,2.2256450951099396,-4.336051344871521,1.46728,251.58999633789062,,,,,,,605,5.3539823,605,5.3539823,,,,,,,,,,,,,,,,,,,"Nolan Jones","20529",666134
"Travis d'Arnaud","LAA",65,257,233,54,32,12,1,10,29,32,17,0,65,4,2,0,,0,0,0.233347,0.0672114,0.254139,0.264467,0.295096,0.417371,0.309105,0.712466,0.184024,2.62373,0.277681,-0.412837,-0.382315,29.7948,-0.221793,99.4496,-0.795153,1.08726,-0.9567544311285019,5.787261962890625,1.46461,420.7799987792969,,,,,,,266.9,4.106153846,266.9,4.106153846,,,,,,,,,,,,,,,,,,,"Travis d'Arnaud","7739",518595
"Lourdes Gurriel Jr.","ARI",130,560,518,141,94,28,2,17,65,73,32,1,102,6,4,0,,5,1,0.272702,0.057626,0.181731,0.317095,0.320138,0.431924,0.325027,0.752062,0.159223,3.92277,0.308648,-0.412551,-0.549091,72.2,6.69232,106.797,-0.961642,0.194747,3.590195596218109,-8.20525236427784,1.44935,220.33999633789062,,,,,,,644.7,4.959230769,644.7,4.959230769,,,,,,,,,,,,,,,,,,,"Lourdes Gurriel Jr.","19238",666971
"Freddy Fermin","KCR",70,275,249,63,44,12,1,7,30,31,21,0,53,2,2,1,,1,0,0.254247,0.0762147,0.192226,0.396486,0.314405,0.389035,0.307784,0.70344,0.134789,2.94287,0.29493,-0.0380331,-0.396727,31.6619,-0.530427,95.8238,-0.434761,1.0558,-1.7497890889644623,6.430797457695007,1.44591,380.0899963378906,,,,,,,281,4.014285714,281,4.014285714,,,,,,,,,,,,,,,,,,,"Freddy Fermin","21840",666023
"Kyle Manzardo","CLE",99,427,372,91,51,23,1,17,54,57,46,1,93,4,5,0,,1,1,0.244096,0.10884,0.218265,0.498658,0.331051,0.443914,0.335025,0.774965,0.199818,2.84275,0.278082,-0.0216629,-0.80737,58.4887,8.53907,120.698,-0.829033,0.309655,9.283388495445251,-9.565344542264938,1.44096,368.6000061035156,,,,,,,518.9,5.241414141,518.9,5.241414141,,,,,,,,,,,,,,,,,,,"Kyle Manzardo","29794",700932
"Ryan O'Hearn","BAL",94,406,369,99,66,17,2,15,50,55,31,2,75,3,3,0,,3,1,0.268181,0.076411,0.183809,0.415708,0.327774,0.443438,0.332565,0.771212,0.175257,3.88881,0.298129,-0.360317,-0.553662,54.8084,7.31528,120.348,-0.913979,0.00396678,8.538790762424469,-8.146032837685198,1.43835,351.69000244140625,,,,,,,492,5.234042553,492,5.234042553,,,,,,,,,,,,,,,,,,,"Ryan O'Hearn","16442",656811
"Yoán Moncada","LAA",113,490,440,107,70,24,2,12,53,51,44,1,135,4,2,0,,4,1,0.244223,0.0889817,0.276459,0.321862,0.315902,0.386815,0.308332,0.702717,0.142592,3.72475,0.323734,0.0473435,-0.411119,56.591,-0.728283,98.906,-0.363775,-0.213019,-0.9771172106266022,-1.4630185812711716,1.43497,476.4100036621094,,,,,,,501.8,4.440707964,501.8,4.440707964,,,,,,,,,,,,,,,,,,,"Yoan Moncada","17232",660162
"Heston Kjerstad","BAL",92,399,356,91,59,16,2,14,50,53,30,2,102,9,3,0,,2,1,0.255757,0.0760949,0.255073,0.298326,0.326979,0.427318,0.32718,0.754298,0.171562,4.07791,0.317401,-0.0616224,-0.66653,52.1339,5.45969,116.56,-0.728153,0.371043,6.832182765007019,-6.353956460952759,1.42307,340.7200012207031,,,,,,,461,5.010869565,461,5.010869565,,,,,,,,,,,,,,,,,,,"Heston Kjerstad","31166",677008
"Max Kepler","PHI",115,497,447,107,67,21,2,18,59,61,41,0,100,6,3,0,,3,0,0.240531,0.0822023,0.201264,0.40843,0.309917,0.414047,0.315414,0.723964,0.173516,3.70071,0.270467,-0.0699075,-0.451674,60.2323,2.09416,101.372,-0.521581,2.22541,0.2940787076950073,-3.099586009979248,1.41956,357.6400146484375,,,,,,,540.4,4.699130434,540.4,4.699130434,,,,,,,,,,,,,,,,,,,"Max Kepler","12144",596146
"Alec Burleson","STL",100,434,399,110,75,19,1,15,51,57,28,0,60,3,3,1,,6,2,0.276235,0.0638927,0.137323,0.465274,0.325924,0.44037,0.331702,0.766293,0.164135,3.79236,0.290798,-0.474064,-0.439688,58.2865,7.51801,114.392,-0.913752,0.306751,6.555553138256073,-7.293248951435089,1.41645,235.80999755859375,,,,,,,517.6,5.176,517.6,5.176,,,,,,,,,,,,,,,,,,,"Alec Burleson","27615",676475
"Oswaldo Cabrera","NYY",89,385,349,85,55,17,1,11,46,45,29,0,83,3,2,2,,7,2,0.24203,0.0741757,0.214383,0.345996,0.302088,0.392962,0.303449,0.695049,0.150931,4.56696,0.283976,0.177644,-0.00206329,42.951,-2.08553,97.2364,0.175581,1.21886,-1.0418380945920944,1.8938567638397217,1.41348,550.1900024414062,,,,,,,389.1,4.371910112,389.1,4.371910112,,,,,,,,,,,,,,,,,,,"Oswaldo Cabrera","21707",665828
"Ernie Clement","TOR",75,322,303,80,56,15,2,8,36,37,14,0,31,2,2,2,,7,2,0.265425,0.042247,0.0973272,0.434072,0.299779,0.40167,0.303846,0.70145,0.136245,5.00915,0.273931,-0.189208,0.0063216,36.0256,-1.64139,98.8699,-0.182886,2.14443,-0.599236935377121,3.5444263219833374,1.41276,380.3599853515625,,,,,,,330.8,4.410666666,330.8,4.410666666,,,,,,,,,,,,,,,,,,,"Ernie Clement","20352",676391
"Carlos Santana","CLE",136,588,514,117,74,23,0,20,64,70,66,2,106,4,4,0,,3,0,0.228405,0.112874,0.180133,0.626615,0.31911,0.391842,0.312189,0.710952,0.163437,2.60426,0.248568,-0.501076,-0.635716,69.7345,0.951357,104.634,-1.13679,2.81778,1.9811517000198364,-7.932215213775635,1.40976,345.5199890136719,,,,,,,611.6,4.497058823,611.6,4.497058823,,,,,,,,,,,,,,,,,,,"Carlos Santana","2396",467793
"Ryan Mountcastle","BAL",123,532,488,126,81,25,1,19,62,70,36,1,126,3,5,1,,3,1,0.25853,0.0669694,0.237601,0.281856,0.309225,0.433421,0.319953,0.742646,0.174891,3.19824,0.307147,-0.208531,-0.723134,66.4174,4.18505,111.476,-0.931665,0.27544,6.054235458374023,-10.374559670686722,1.38539,233.74000549316406,,,,,,,594.3,4.831707317,594.3,4.831707317,,,,,,,,,,,,,,,,,,,"Ryan Mountcastle","18373",663624
"Spencer Steer","CIN",118,511,447,111,65,26,2,17,62,66,53,1,106,8,3,0,,14,3,0.247212,0.103772,0.20818,0.498473,0.335089,0.431894,0.334419,0.766983,0.184682,5.17324,0.285324,0.194614,0.45661,69.7452,9.96941,108.279,0.651224,-1.36932,5.710062861442566,-9.544323444366455,1.36146,154.6699981689453,,,,,,,622.4,5.274576271,622.4,5.274576271,,,,,,,,,,,,,,,,,,,"Spencer Steer","26323",668715
"Luis Urías","ATH",78,336,291,66,44,12,1,9,37,35,34,0,78,8,2,1,,3,1,0.22544,0.100015,0.230694,0.43354,0.320666,0.366365,0.306313,0.687031,0.140925,3.62232,0.273218,-0.03578,-0.411094,38.2591,-1.04551,103.228,-0.446874,-0.452882,0.7940282821655273,1.0471176505088806,1.34694,740.2899780273438,,,,,,,332.6,4.264102564,332.6,4.264102564,,,,,,,,,,,,,,,,,,,"Luis Urias","16622",649966
"Gavin Lux","CIN",115,497,440,114,78,22,3,11,61,51,49,1,105,3,3,1,,7,2,0.259126,0.0995089,0.211197,0.471166,0.33551,0.400395,0.323002,0.735905,0.141269,4.76494,0.313674,0.580242,-0.517089,63.2673,5.1292,100.594,0.0631525,-0.29388,0.41631585359573364,-3.9688802659511566,1.34241,335.42999267578125,,,,,,,546.4,4.751304347,546.4,4.751304347,,,,,,,,,,,,,,,,,,,"Gavin Lux","19955",666158
"Mike Tauchman","CHW",87,378,322,79,54,15,1,9,51,34,49,1,82,4,2,1,,7,1,0.244741,0.128484,0.215656,0.595779,0.348785,0.377681,0.323692,0.726466,0.13294,4.79554,0.299854,0.0108568,-0.0258038,48.3289,4.1112,110.971,-0.014947,0.676634,4.7301940293982625,-4.473365247249603,1.32791,474.04998779296875,,,,,,,423.7,4.870114942,423.7,4.870114942,,,,,,,,,,,,,,,,,,,"Mike Tauchman","15274",643565
"Nolan Gorman","STL",96,413,371,84,48,15,0,21,52,58,37,1,134,2,2,0,,5,1,0.227372,0.0900598,0.324792,0.277285,0.299992,0.438394,0.318743,0.738387,0.211023,3.47567,0.290558,0.0616701,-0.142102,51.1587,2.84672,105.67,-0.0804315,-1.06466,2.7199354022741318,-3.789660930633545,1.30993,360.3399963378906,,,,,,,464,4.833333333,464,4.833333333,,,,,,,,,,,,,,,,,,,"Nolan Gorman","22263",669357
"Keibert Ruiz","WSN",122,480,446,113,74,23,0,15,49,57,25,0,53,5,3,1,,3,1,0.252238,0.0518407,0.111106,0.466587,0.297355,0.405756,0.305084,0.703111,0.153518,2.74961,0.255913,-0.890174,-0.566794,54.1809,-1.96856,95.3725,-1.45697,-4.52597,-4.113106846809387,4.849026679992676,1.29526,212.47000122070312,,,,,,,487.4,3.995081967,487.4,3.995081967,,,,,,,,,,,,,,,,,,,"Keibert Ruiz","19610",660688
"Isiah Kiner-Falefa","PIT",128,553,512,135,104,21,3,7,58,50,28,1,86,8,4,2,,15,4,0.263522,0.050309,0.154749,0.325101,0.309181,0.355471,0.292482,0.664653,0.0919493,5.3059,0.302725,0.170361,0.3869,56.8122,-7.87666,83.9404,0.557261,-1.54264,-10.062678456306458,4.182362198829651,1.2946,367.7799987792969,,,,,,,513.1,4.00859375,513.1,4.00859375,,,,,,,,,,,,,,,,,,,"Isiah Kiner-Falefa","16512",643396
"Trey Sweeney","DET",81,350,315,71,46,14,2,9,39,36,29,1,95,3,2,0,,8,2,0.223707,0.0832163,0.270043,0.30816,0.294218,0.362729,0.288953,0.656947,0.139022,5.49423,0.289194,-0.0999817,0.220451,34.9629,-5.97946,88.2367,0.120469,1.76638,-4.590401120483875,5.366378664970398,1.28513,498.3800048828125,,,,,,,324.8,4.009876543,324.8,4.009876543,,,,,,,,,,,,,,,,,,,"Trey Sweeney","29575",700242
"Christian Vázquez","MIN",75,295,273,64,47,12,0,5,28,28,16,0,62,1,2,2,,2,1,0.235635,0.0549729,0.209138,0.262855,0.279838,0.340333,0.27228,0.620171,0.104699,3.15872,0.283002,-0.974489,-0.409889,25.5099,-8.99862,75.9936,-1.38438,2.21904,-9.487537145614624,7.7190446853637695,1.27937,642.8099975585938,,,,,,,219.2,2.922666666,219.2,2.922666666,,,,,,,,,,,,,,,,,,,"Christian Vazquez","9774",543877
"Alek Thomas","ARI",71,308,283,72,47,15,3,8,38,37,20,0,57,2,2,1,,7,2,0.255844,0.06425,0.186591,0.344335,0.307522,0.413442,0.312417,0.720964,0.157598,5.71425,0.293087,0.366321,-0.0654417,36.584,0.554734,98.3098,0.30088,1.31897,-0.3216533958911896,2.418967366218567,1.2759,515.3800048828125,,,,,,,329.7,4.643661971,329.7,4.643661971,,,,,,,,,,,,,,,,,,,"Alek Thomas","23792",677950
"Andrew Vaughn","CHW",143,616,561,143,90,29,1,22,65,79,42,0,124,8,4,0,,1,0,0.255433,0.0684883,0.200921,0.340871,0.314533,0.432123,0.323764,0.746656,0.17669,2.43224,0.288401,-1.03589,-0.945905,78.7939,6.73543,111.022,-1.9818,-2.71008,5.786722302436829,-14.010084867477417,1.27149,264.3399963378906,,,,,,,688.3,4.813286713,688.3,4.813286713,,,,,,,,,,,,,,,,,,,"Andrew Vaughn","26197",683734
"Dillon Dingler","DET",60,237,214,49,30,10,1,7,26,28,17,0,66,4,2,0,,2,1,0.226916,0.0710535,0.27865,0.254992,0.292729,0.384722,0.296371,0.677451,0.157807,4.16018,0.290504,-0.0678028,-0.249667,25.0687,-2.63168,93.4549,-0.31747,1.53965,-2.0908557176589966,6.1646482944488525,1.26399,578.0499877929688,,,,,,,224.9,3.748333333,224.9,3.748333333,,,,,,,,,,,,,,,,,,,"Dillon Dingler","27464",693307
"Chase Meidroth","CHW",65,280,235,58,43,10,1,4,33,24,38,0,48,5,2,0,,4,1,0.245746,0.134855,0.171385,0.786856,0.359357,0.343017,0.319043,0.702373,0.0972704,4.20949,0.291615,0,-0.402548,34.7514,1.99759,107.701,-0.402548,-0.910413,2.0646257996559143,0.7395868301391602,1.2536,999,,,,,,,295.9,4.552307692,295.9,4.552307692,,,,,,,,,,,,,,,,,,,"Chase Meidroth","sa3020011",805367
"Miguel Andujar","ATH",96,413,384,104,73,20,1,10,46,46,24,1,59,2,2,0,,4,2,0.272114,0.0579108,0.143704,0.402987,0.317064,0.408519,0.31481,0.725583,0.136405,3.57967,0.298187,0,-0.62007,49.8512,1.53925,109.204,-0.62007,0.108982,3.729561924934387,-5.416018337011337,1.24771,561.97998046875,,,,,,,436.1,4.542708333,436.1,4.542708333,,,,,,,,,,,,,,,,,,,"Miguel Andujar","15878",609280
"Jordan Walker","STL",130,560,508,127,80,27,3,18,59,67,40,0,127,6,4,1,,6,3,0.250156,0.0718037,0.226921,0.316425,0.310903,0.41778,0.316657,0.728682,0.167624,4.04038,0.297603,0.0776163,-0.756296,68.4273,2.91955,104.266,-0.67868,-2.74624,2.1780258417129517,-8.746244430541992,1.24763,285.92999267578125,,,,,,,608.8,4.683076923,608.8,4.683076923,,,,,,,,,,,,,,,,,,,"Jordan Walker","27475",691023
"Miguel Amaya","CHC",83,326,289,70,47,13,1,9,34,38,26,0,67,7,3,2,,1,0,0.241332,0.0784749,0.206014,0.380921,0.315341,0.385798,0.308419,0.701139,0.144467,2.72806,0.28276,-0.245513,-0.571798,37.7191,-0.462507,99.7989,-0.817311,-2.77047,-0.8957960605621338,3.604525089263916,1.24636,350.7799987792969,,,,,,,331.9,3.99879518,331.9,3.99879518,,,,,,,,,,,,,,,,,,,"Miguel Amaya","21693",665804
"Harrison Bader","MIN",84,364,336,81,55,16,1,9,43,40,20,1,77,5,3,1,,15,4,0.241587,0.0553688,0.210383,0.263181,0.291303,0.379567,0.29205,0.67087,0.13798,5.54355,0.283474,0.248096,0.624005,37.2686,-5.31139,89.9002,0.872102,3.8088,-3.334381639957428,3.108801484107971,1.22989,466.07000732421875,,,,,,,346.6,4.126190476,346.6,4.126190476,,,,,,,,,,,,,,,,,,,"Harrison Bader","18030",664056
"Christian Moore","LAA",68,294,273,70,47,13,1,11,44,38,18,0,81,1,1,0,,3,2,0.257515,0.0607225,0.2763,0.21977,0.305479,0.423424,0.316092,0.728903,0.16591,4.34921,0.327915,-0.0181759,-0.604609,35.7906,1.39908,104.364,-0.622785,0.130846,0.845258891582489,1.1808461099863052,1.22144,999,,,,,,,322.9,4.748529411,322.9,4.748529411,,,,,,,,,,,,,,,,,,,"Christian Moore","sa3025168",695681
"Matt Vierling","DET",110,476,431,109,74,20,4,11,56,47,38,1,102,4,3,1,,6,2,0.253635,0.0792948,0.213547,0.371322,0.317142,0.395336,0.31128,0.712479,0.141701,4.93233,0.306154,0.359257,-0.671003,56.1035,0.421959,103.942,-0.311746,-3.32211,1.8354926109313965,-5.922110080718994,1.21672,370.2799987792969,,,,,,,495.4,4.503636363,495.4,4.503636363,,,,,,,,,,,,,,,,,,,"Matt Vierling","21558",663837
"Edouard Julien","MIN",73,315,267,61,40,12,1,8,39,31,44,1,101,2,2,1,,5,1,0.228745,0.138151,0.320392,0.431193,0.340268,0.373097,0.318323,0.713365,0.144353,4.50984,0.330829,0.0404542,0.0112156,38.9129,2.06483,108.382,0.0516698,-0.719073,3.07266902923584,-1.7940727472305298,1.21654,579.6400146484375,,,,,,,335,4.589041095,335,4.589041095,,,,,,,,,,,,,,,,,,,"Edouard Julien","27534",666397
"Victor Caratini","HOU",53,212,189,46,33,7,0,6,22,24,18,1,43,4,2,0,,1,1,0.242068,0.0846536,0.204705,0.413538,0.316934,0.373601,0.303563,0.690535,0.131533,2.41507,0.282311,-0.508284,-0.525431,23.7151,-1.13104,98.8682,-1.03371,0.51908,-1.3087662160396576,4.094079911708832,1.20042,557.6400146484375,,,,,,,210.4,3.96981132,210.4,3.96981132,,,,,,,,,,,,,,,,,,,"Victor Caratini","14968",605170
"Gio Urshela","ATH",84,364,339,91,66,16,1,8,35,38,20,1,62,2,3,1,,1,0,0.268243,0.0537111,0.169366,0.317131,0.308414,0.392779,0.304324,0.701193,0.124536,2.8721,0.304884,-0.48328,-0.538196,40.8646,-1.71545,101.828,-1.02148,0.0586354,-0.2599784731864929,-0.39136457070708275,1.18592,523.7899780273438,,,,,,,365.8,4.354761904,365.8,4.354761904,,,,,,,,,,,,,,,,,,,"Gio Urshela","10681",570482
"Joey Bart","PIT",96,379,340,82,55,15,0,12,44,44,30,0,106,7,2,0,,1,0,0.240892,0.0782321,0.280698,0.278706,0.313507,0.390756,0.309912,0.704263,0.149864,2.37525,0.313105,-0.149088,-0.677585,44.2298,-0.0815099,95.6716,-0.826673,-2.96509,-2.7873076796531677,3.809905529022217,1.17707,269.2099914550781,,,,,,,388.4,4.045833333,388.4,4.045833333,,,,,,,,,,,,,,,,,,,"Joey Bart","21524",663698
"Hyeseong Kim","LAD",75,322,298,83,65,13,1,4,36,32,19,1,52,2,2,1,,12,3,0.279204,0.0593001,0.162017,0.366011,0.324444,0.374185,0.305801,0.698629,0.0949807,5.49021,0.323961,-0.0750387,0.429565,36.5322,-1.13476,97.1897,0.354526,0,-0.7275898456573486,1.2000000476837158,1.15623,417.92999267578125,,,,,,,325.2,4.336,325.2,4.336,,,,,,,,,,,,,,,,,,,"Hyeseong Kim","sa3012639",808975
"Jesse Winker","NYM",96,413,348,84,56,16,1,11,49,45,56,1,86,6,2,1,,7,2,0.241463,0.134624,0.208184,0.646656,0.354302,0.390226,0.330985,0.744528,0.148763,4.20941,0.288095,-0.949988,-0.367932,55.228,6.91604,115.956,-1.31792,-1.08024,6.56214451789856,-9.30523955821991,1.13711,403.1400146484375,,,,,,,471.6,4.9125,471.6,4.9125,,,,,,,,,,,,,,,,,,,"Jesse Winker","13590",608385
"Josh Rojas","CHW",79,343,304,73,51,15,1,7,39,31,33,1,74,2,2,1,,9,2,0.240343,0.0968071,0.215743,0.448714,0.316812,0.362722,0.300372,0.679534,0.122379,4.86892,0.293445,0.360123,0.128299,37.4161,-2.70733,94.5674,0.488421,-0.773564,-1.6436634957790375,1.2014356851577759,1.13521,552.6599731445312,,,,,,,336.3,4.256962025,336.3,4.256962025,,,,,,,,,,,,,,,,,,,"Josh Rojas","19734",668942
"Andrew Benintendi","CHW",113,490,441,115,79,22,1,13,56,53,43,2,82,2,4,1,,6,2,0.26168,0.0875801,0.16784,0.521806,0.328147,0.405735,0.319949,0.733882,0.144055,4.03804,0.293571,0.157147,-0.516582,61.1724,3.85314,108.338,-0.359435,-4.41386,4.315488815307617,-9.663857460021973,1.13461,401.7200012207031,,,,,,,535.5,4.738938053,535.5,4.738938053,,,,,,,,,,,,,,,,,,,"Andrew Benintendi","17901",643217
"Tyrone Taylor","NYM",78,336,308,72,43,17,2,10,42,40,19,1,78,6,2,0,,8,1,0.234162,0.0568163,0.232771,0.244087,0.289781,0.401455,0.299537,0.691236,0.167294,6.01794,0.27911,0.157456,0.425635,36.4267,-2.87793,94.7892,0.58309,1.14653,-1.5105518102645874,1.146533653140068,1.11799,673.7899780273438,,,,,,,337.3,4.324358974,337.3,4.324358974,,,,,,,,,,,,,,,,,,,"Tyrone Taylor","13675",621438
"Ryan Bliss","SEA",76,329,295,65,43,14,2,7,39,34,27,0,87,4,2,1,,20,6,0.222058,0.0812,0.265096,0.306305,0.293523,0.355901,0.286955,0.649424,0.133843,6.76341,0.286697,-0.0203337,0.909936,32.3361,-6.14964,92.0203,0.889603,0.617388,-2.114309012889862,1.9423881769180298,1.11493,570.8300170898438,,,,,,,301,3.960526315,301,3.960526315,,,,,,,,,,,,,,,,,,,"Ryan Bliss","29547",669208
"Mauricio Dubón","HOU",83,357,334,89,64,18,1,6,41,37,16,0,49,3,3,2,,4,2,0.265384,0.0453479,0.136256,0.332815,0.301849,0.378824,0.296687,0.680674,0.113441,3.889,0.292167,0.0112536,-0.529111,37.8844,-3.87677,94.0315,-0.517857,1.39608,-2.9558950662612915,1.7210769653320312,1.10156,468.8399963378906,,,,,,,337.7,4.068674698,337.7,4.068674698,,,,,,,,,,,,,,,,,,,"Mauricio Dubon","16530",643289
"Ty France","MIN",102,441,392,102,69,21,0,12,48,49,31,1,83,15,3,1,,1,0,0.25929,0.0699215,0.18727,0.373372,0.33395,0.402481,0.323828,0.736431,0.143191,2.25219,0.299367,-0.800153,-0.765676,56.4321,4.84474,112.254,-1.56583,-0.298725,4.617547869682312,-8.673725426197052,1.09937,447.9100036621094,,,,,,,492.8,4.831372549,492.8,4.831372549,,,,,,,,,,,,,,,,,,,"Ty France","17982",664034
"José Caballero","TBR",66,287,254,57,39,12,1,6,33,28,23,0,72,7,2,1,,25,7,0.22614,0.0784929,0.251133,0.312556,0.305173,0.349236,0.290827,0.654409,0.123096,6.36169,0.289444,0.26138,1.41725,29.1025,-4.47024,92.4144,1.67863,0.346392,-0.8123772144317627,1.8713918626308441,1.09746,331.4700012207031,,,,,,,280,4.242424242,280,4.242424242,,,,,,,,,,,,,,,,,,,"Jose Caballero","23401",676609
"Jeimer Candelario","CIN",118,511,460,112,63,27,2,20,60,68,39,1,122,8,3,0,,4,2,0.242783,0.0771817,0.238505,0.323607,0.310802,0.43749,0.323193,0.748292,0.194707,4.00871,0.286033,-0.312666,-0.788918,65.1282,5.35244,100.723,-1.10158,-1.34176,-0.6597182154655457,-5.916762828826904,1.07825,308.2200012207031,,,,,,,587.9,4.982203389,587.9,4.982203389,,,,,,,,,,,,,,,,,,,"Jeimer Candelario","13621",600869
"Nick Fortes","MIA",84,333,303,71,50,14,0,8,34,34,19,0,51,5,3,3,,3,1,0.235146,0.0558962,0.153266,0.3647,0.288992,0.35675,0.284025,0.645742,0.121604,3.30057,0.257609,0.0493296,-0.457574,31.9247,-7.00561,78.2127,-0.408244,0.192808,-9.078816264867783,6.692807629704475,1.07642,608.260009765625,,,,,,,285.3,3.396428571,285.3,3.396428571,,,,,,,,,,,,,,,,,,,"Nick Fortes","21538",663743
"Trent Grisham","NYY",53,231,199,42,24,10,0,8,27,27,27,0,61,3,1,1,,4,1,0.212734,0.11487,0.265302,0.432979,0.312098,0.394027,0.310405,0.706125,0.181293,4.31076,0.259652,0.0960203,-0.0390444,27.0639,0.0419575,102.129,0.0569759,1.12244,0.6198005080223083,1.9474384188652039,1.06043,732.739990234375,,,,,,,235.2,4.437735849,235.2,4.437735849,,,,,,,,,,,,,,,,,,,"Trent Grisham","18564",663757
"Tyler Freeman","CLE",57,245,216,55,40,10,1,4,30,26,17,0,35,9,2,1,,7,2,0.254541,0.070148,0.143083,0.490262,0.333738,0.368698,0.31227,0.702435,0.114157,5.04102,0.284006,0.100788,-0.032727,29.0718,0.412217,104.691,0.0680611,-0.370658,1.3830217942595482,0.6543422639369965,1.0539,706.530029296875,,,,,,,250,4.385964912,250,4.385964912,,,,,,,,,,,,,,,,,,,"Tyler Freeman","22532",671289
"Ben Rortvedt","TBR",65,256,226,49,34,10,0,5,25,25,25,0,69,3,1,0,,1,0,0.21865,0.0971577,0.268762,0.3615,0.303481,0.334092,0.285843,0.637572,0.115441,2.78079,0.288105,0.0174742,-0.338405,24.932,-5.01439,88.9083,-0.320931,-1.0089,-3.5698753893375397,3.9911025762557983,1.04999,718.2100219726562,,,,,,,210.3,3.235384615,210.3,3.235384615,,,,,,,,,,,,,,,,,,,"Ben Rortvedt","20287",666163
"Ramón Urías","BAL",53,231,209,53,36,10,1,6,26,27,17,0,51,4,1,0,,1,1,0.254956,0.0734428,0.220617,0.332897,0.319895,0.4024,0.316358,0.722294,0.147444,3.85921,0.307568,0.0429939,-0.445066,28.1708,1.14886,108.948,-0.402072,-0.180476,1.9629464745521545,0.4945243299007416,1.04909,701.280029296875,,,,,,,241,4.547169811,241,4.547169811,,,,,,,,,,,,,,,,,,,"Ramon Urias","18795",602104
"Jose Miranda","MIN",99,427,393,105,69,23,2,12,47,52,25,1,70,6,3,0,,2,1,0.268251,0.0579503,0.164061,0.353225,0.319008,0.423611,0.32187,0.74262,0.15536,3.6171,0.298715,-0.436167,-0.68678,53.9674,4.01781,110.876,-1.12295,-0.710823,4.191003918647766,-8.43582272529602,1.03169,370.69000244140625,,,,,,,479.9,4.847474747,479.9,4.847474747,,,,,,,,,,,,,,,,,,,"Jose Miranda","20538",669304
"Tyler Soderstrom","ATH",115,494,448,102,60,19,2,22,53,66,37,2,131,5,3,0,,1,1,0.228504,0.0747307,0.264344,0.282702,0.29268,0.426302,0.309571,0.718982,0.197798,2.44604,0.268712,-0.350169,-0.953519,57.5453,-0.241875,105.519,-1.30369,-0.608239,1.8160123825073242,-8.383238673210144,1.02207,271.80999755859375,,,,,,,521.6,4.535652173,521.6,4.535652173,,,,,,,,,,,,,,,,,,,"Tyler Soderstrom","27467",691016
"Endy Rodríguez","PIT",84,345,312,77,49,18,2,8,40,38,27,0,69,3,2,0,,2,1,0.246107,0.0782026,0.19932,0.392346,0.310111,0.389941,0.30639,0.700052,0.143834,4.21675,0.290761,0.0120883,-0.515308,39.2824,-1.0516,93.3011,-0.503219,0.266126,-3.2652751207351685,1.0661255717277527,1.0154,415.2900085449219,,,,,,,349,4.154761904,349,4.154761904,,,,,,,,,,,,,,,,,,,"Endy Rodriguez","25332",682848
"Derek Hill","MIA",86,371,342,86,59,14,4,9,44,42,22,0,102,3,2,2,,10,3,0.253,0.0586758,0.273759,0.214334,0.301894,0.398572,0.304593,0.700466,0.145572,6.21904,0.330551,-0.0115758,0.244243,41.7308,-1.66811,92.0563,0.232667,-0.493878,-3.291515588760376,0.5311223864555359,0.990875,582.030029296875,,,,,,,373.2,4.339534883,373.2,4.339534883,,,,,,,,,,,,,,,,,,,"Derek Hill","16947",656537
"Gabriel Arias","CLE",62,266,245,60,39,12,2,7,29,30,17,0,73,3,2,0,,6,2,0.244029,0.0623838,0.274554,0.227218,0.297485,0.395867,0.301078,0.693352,0.151837,5.69428,0.316739,-0.0474288,0.134787,29.1676,-1.94856,96.8181,0.0873586,0.19512,-0.8810840472579002,1.4951200634241104,0.979206,716.4299926757812,,,,,,,268.8,4.33548387,268.8,4.33548387,,,,,,,,,,,,,,,,,,,"Gabriel Arias","22563",672356
"Austin Hays","CIN",117,504,462,119,72,30,1,17,61,62,31,1,124,7,3,1,,4,2,0.256917,0.060884,0.245483,0.248017,0.310731,0.432876,0.321049,0.743606,0.175959,3.56725,0.31413,-0.136131,-0.870663,63.3663,4.40931,99.2799,-1.00679,-0.737656,-1.4407859444618225,-5.937655448913574,0.971354,384.3999938964844,,,,,,,572.9,4.896581196,572.9,4.896581196,,,,,,,,,,,,,,,,,,,"Austin Hays","19363",669720
"Richie Palacios","TBR",76,329,283,68,47,14,1,6,40,33,38,1,60,5,2,1,,11,2,0.241495,0.116263,0.180957,0.642491,0.338636,0.361994,0.31233,0.70063,0.1205,5.59043,0.284793,0.0697202,0.591754,39.0554,0.569657,107.54,0.661474,-2.23952,3.5000075101852417,-5.064524173736572,0.971107,494.5899963378906,,,,,,,344.8,4.536842105,344.8,4.536842105,,,,,,,,,,,,,,,,,,,"Richie Palacios","24589",680700
"Josh Bell","WSN",134,581,514,129,84,23,1,20,65,70,58,2,114,4,4,0,,1,1,0.250616,0.0993252,0.196651,0.505084,0.328926,0.419578,0.325949,0.748503,0.168962,2.05361,0.282709,-1.17476,-1.30676,75.3387,7.37449,109.416,-2.48151,-0.139183,4.060713768005371,-14.314183339476585,0.93925,331.8999938964844,,,,,,,653.9,4.879850746,653.9,4.879850746,,,,,,,,,,,,,,,,,,,"Josh Bell","13145",605137
"Christian Encarnacion-Strand","CIN",102,441,405,105,62,21,1,20,55,67,27,1,119,6,2,1,,3,1,0.258291,0.0619124,0.269586,0.229657,0.3128,0.466351,0.334389,0.779151,0.20806,3.61451,0.314483,-0.188906,-0.540503,60.1803,8.59302,108.258,-0.72941,0.2397,3.6257187128067017,-9.23530001938343,0.937365,229.16000366210938,,,,,,,539.5,5.289215686,539.5,5.289215686,,,,,,,,,,,,,,,,,,,"Christian Encarnacion-Strand","30011",687952
"Johan Rojas","PHI",73,315,292,72,52,13,3,5,38,31,15,0,62,4,1,4,,19,4,0.248251,0.0463842,0.196534,0.236011,0.291264,0.35977,0.285194,0.651034,0.111519,7.387,0.299036,0.0902899,1.78266,30.5137,-6.33438,81.0324,1.87295,2.71988,-5.271738648414612,3.8448843955993652,0.936002,585.97998046875,,,,,,,294.9,4.039726027,294.9,4.039726027,,,,,,,,,,,,,,,,,,,"Johan Rojas","24336",679032
"Rhys Hoskins","MIL",131,567,496,111,61,23,1,26,67,77,59,1,158,6,4,0,,3,1,0.223111,0.104772,0.2794,0.374988,0.311716,0.431782,0.322645,0.743498,0.208672,2.88903,0.267379,-1.24597,-0.891899,72.0154,5.68881,106.457,-2.13787,-1.49383,2.239794969558716,-12.068833947181702,0.934935,277.739990234375,,,,,,,640.3,4.887786259,640.3,4.887786259,,,,,,,,,,,,,,,,,,,"Rhys Hoskins","16472",656555
"Gary Sánchez","BAL",63,257,227,49,30,9,1,10,28,32,24,0,68,4,2,0,,0,0,0.217616,0.0920585,0.265913,0.346197,0.3006,0.400009,0.306712,0.700608,0.182393,2.63775,0.259434,-0.361131,-0.417698,29.3918,-0.718372,102.162,-0.778829,-0.310682,-0.14205050468444824,0.6643174588680267,0.931398,515.280029296875,,,,,,,257.2,4.082539682,257.2,4.082539682,,,,,,,,,,,,,,,,,,,"Gary Sanchez","11442",596142
"Kyle Stowers","MIA",99,427,381,88,51,19,2,16,47,53,36,0,130,6,3,1,,2,1,0.231787,0.0842543,0.303498,0.277611,0.305635,0.420289,0.315476,0.725923,0.188502,3.25157,0.302102,-0.0785744,-0.748514,51.7701,1.82049,99.3816,-0.827089,-0.0947243,-1.1428346633911133,-4.069724477827549,0.930219,523.47998046875,,,,,,,455.7,4.603030303,455.7,4.603030303,,,,,,,,,,,,,,,,,,,"Kyle Stowers","26151",669065
"Roman Anthony","BOS",79,343,301,74,46,17,2,8,43,39,38,1,91,2,2,1,,7,3,0.24543,0.109552,0.264295,0.414505,0.331378,0.398634,0.32038,0.730012,0.153204,5.36482,0.322308,-0.0379679,-0.333408,42.9397,2.81623,103.357,-0.371376,0.377554,0.9461912512779236,-3.3974463641643524,0.927726,999,,,,,,,374.2,4.73670886,374.2,4.73670886,,,,,,,,,,,,,,,,,,,"Roman Anthony","sa3020211",701350
"Jake Fraley","CIN",100,434,386,98,67,18,1,12,50,50,40,1,85,5,3,1,,19,5,0.254814,0.0927296,0.195985,0.473146,0.330583,0.40192,0.320996,0.732503,0.147106,5.31466,0.295912,-0.16102,0.851364,54.5471,3.77862,99.2447,0.690344,-0.151046,0.29834407567977905,-5.901045560836792,0.914001,382.1600036621094,,,,,,,490.6,4.906,490.6,4.906,,,,,,,,,,,,,,,,,,,"Jake Fraley","19260",641584
"Drake Baldwin","ATL",53,211,187,44,29,9,0,5,22,24,21,0,50,3,1,0,,0,0,0.235403,0.0970877,0.238584,0.406933,0.317923,0.373815,0.306119,0.691738,0.138412,2.48257,0.292474,-0.0112126,-0.378638,24.0156,-0.690155,94.5127,-0.389851,-0.5346,-1.7756870985031128,3.5904000401496887,0.913789,999,,,,,,,204.5,3.858490566,204.5,3.858490566,,,,,,,,,,,,,,,,,,,"Drake Baldwin","sa3019920",686948
"Javier Báez","DET",84,364,339,79,53,15,2,10,39,41,17,1,88,5,3,0,,8,1,0.233893,0.0467481,0.243073,0.192321,0.277651,0.37304,0.282501,0.650692,0.139148,5.37539,0.285695,0.0831556,0.453144,34.4711,-8.10892,83.6982,0.5363,-0.741778,-6.253285050392151,2.9082218408584595,0.907715,629.97998046875,,,,,,,330.7,3.936904761,330.7,3.936904761,,,,,,,,,,,,,,,,,,,"Javier Baez","12979",595879
"Oliver Dunn","MIL",84,364,321,67,41,14,3,9,39,37,37,1,127,4,1,1,,8,2,0.209372,0.101058,0.347753,0.290602,0.29662,0.352575,0.287787,0.649194,0.143202,5.79965,0.312495,-0.00495088,0.121254,36.0197,-6.56027,82.9946,0.116303,2.62121,-7.285689875483513,3.921205997467041,0.904411,691.6699829101562,,,,,,,329.1,3.917857142,329.1,3.917857142,,,,,,,,,,,,,,,,,,,"Oliver Dunn","26295",686554
"Will Brennan","CLE",63,273,253,70,49,14,1,5,29,29,16,1,40,3,2,0,,5,2,0.275841,0.0575971,0.145354,0.396253,0.32294,0.400961,0.314433,0.723901,0.12512,4.46067,0.308339,-0.0445284,-0.132833,32.8698,0.934809,106.213,-0.177361,0.161682,1.7633628994226456,-2.463318422436714,0.867599,669,,,,,,,293.2,4.653968253,293.2,4.653968253,,,,,,,,,,,,,,,,,,,"Will Brennan","25660",686823
"Victor Scott II","STL",102,441,400,92,68,15,3,7,48,40,28,0,87,5,4,4,,26,5,0.230772,0.063715,0.198143,0.32156,0.287637,0.334485,0.275177,0.622122,0.103714,6.84018,0.276081,0.120106,2.35207,39.1638,-12.4236,76.3477,2.47218,2.01892,-10.00088882446289,3.5939247608184814,0.855013,375.1400146484375,,,,,,,376,3.686274509,376,3.686274509,,,,,,,,,,,,,,,,,,,"Victor Scott II","31349",687363
"Lenyn Sosa","CHW",86,371,348,87,59,16,1,11,38,43,16,1,78,2,2,2,,3,1,0.250447,0.0439333,0.210957,0.208257,0.286776,0.39773,0.295763,0.684506,0.147283,2.96477,0.290401,-0.040867,-0.584211,39.0941,-4.30475,91.325,-0.625078,0.534474,-4.307627618312836,0.10947376489639282,0.843709,460.9100036621094,,,,,,,351.6,4.088372093,351.6,4.088372093,,,,,,,,,,,,,,,,,,,"Lenyn Sosa","22896",672820
"Alex Call","WSN",58,252,216,49,32,10,1,6,30,25,30,0,50,4,2,1,,6,2,0.226403,0.117675,0.198334,0.593317,0.328273,0.366597,0.310063,0.69487,0.140195,4.57113,0.263649,0.0365294,-0.09945,29.455,-0.0234689,98.7242,-0.0629206,2.10503,-0.44736848026514053,0.20502793788909912,0.841663,741.6199951171875,,,,,,,257.3,4.436206896,257.3,4.436206896,,,,,,,,,,,,,,,,,,,"Alex Call","19296",669743
"Mitch Garver","SEA",76,316,273,56,32,12,0,11,33,36,37,0,92,4,2,0,,0,0,0.204072,0.116156,0.292328,0.397347,0.30568,0.374296,0.301473,0.679977,0.170224,1.66019,0.258473,-0.241676,-0.549229,34.7287,-2.21295,102.232,-0.790905,-0.090332,0.015659451484680176,-1.6653317660093307,0.831528,456.5199890136719,,,,,,,301.8,3.971052631,301.8,3.971052631,,,,,,,,,,,,,,,,,,,"Mitch Garver","15161",641598
"Luis Torrens","NYM",58,230,210,48,31,10,0,7,24,26,16,0,60,2,2,0,,2,1,0.229896,0.0698954,0.260224,0.268597,0.288395,0.374441,0.289753,0.662836,0.144545,3.12362,0.28615,-0.202085,-0.34008,23.1639,-3.78787,88.2036,-0.542166,-0.0122586,-3.792240858078003,4.4877414321526885,0.828301,677.9299926757812,,,,,,,208.6,3.596551724,208.6,3.596551724,,,,,,,,,,,,,,,,,,,"Luis Torrens","15905",620443
"Jordan Lawlar","ARI",50,217,193,45,31,9,1,4,26,23,18,0,53,4,2,1,,7,2,0.234462,0.0828009,0.245026,0.337927,0.30895,0.361342,0.296616,0.670292,0.12688,5.9295,0.297861,-0.00276675,0.187739,23.0153,-2.3689,87.6745,0.184973,2.26487,-3.013363778591156,3.6398658752441406,0.811021,380.42999267578125,,,,,,,202.1,4.042,202.1,4.042,,,,,,,,,,,,,,,,,,,"Jordan Lawlar","29976",691783
"Kyle Teel","CHW",45,179,159,38,28,7,0,4,21,17,18,0,45,2,1,0,,3,1,0.239506,0.0978331,0.252773,0.387039,0.318957,0.352083,0.298778,0.67104,0.112576,3.78981,0.309852,0,-0.226008,19.3181,-1.64433,93.4463,-0.226008,-0.100354,-1.5698012560606003,3.3996460139751434,0.805935,999,,,,,,,174.6,3.88,174.6,3.88,,,,,,,,,,,,,,,,,,,"Kyle Teel","sa3022886",691019
"Dane Myers","MIA",78,336,305,76,53,13,2,8,39,38,23,0,93,5,2,0,,8,2,0.24887,0.0682163,0.277136,0.246147,0.310458,0.385975,0.305485,0.696433,0.137105,5.28001,0.327559,-0.0853725,0.187637,38.0352,-1.2694,92.657,0.102265,0.74713,-2.8481005281209946,-0.6528696417808533,0.794016,662.6900024414062,,,,,,,338.5,4.339743589,338.5,4.339743589,,,,,,,,,,,,,,,,,,,"Dane Myers","22054",667472
"Pedro Pagés","STL",62,243,220,50,34,8,1,6,23,27,19,0,63,2,2,1,,2,0,0.225769,0.0762197,0.258291,0.295092,0.28956,0.356715,0.284447,0.646275,0.130946,3.70808,0.284545,-0.102126,-0.22284,23.4123,-5.03678,82.587,-0.324967,0.888651,-5.389036625623703,5.638651371002197,0.791822,571.4299926757812,,,,,,,212.1,3.420967741,212.1,3.420967741,,,,,,,,,,,,,,,,,,,"Pedro Pages","25782",686780
"Blake Perkins","MIL",58,252,221,50,35,10,1,5,29,25,26,1,65,2,2,1,,10,2,0.227693,0.10483,0.258386,0.405711,0.311951,0.347209,0.292831,0.65916,0.119516,5.67446,0.297383,0.134371,0.454014,25.9598,-3.51869,86.3895,0.588385,1.86245,-3.51304167509079,2.7624531984329224,0.789172,649.5,,,,,,,238.1,4.105172413,238.1,4.105172413,,,,,,,,,,,,,,,,,,,"Blake Perkins","19921",663368
"Rob Refsnyder","BOS",52,224,195,51,33,11,1,6,27,27,23,1,56,4,1,0,,3,1,0.261456,0.10268,0.251544,0.408199,0.348724,0.418811,0.336128,0.767535,0.157355,3.99347,0.334788,-0.184542,-0.286936,30.8814,4.67833,114.435,-0.471478,-0.323316,3.228128284215927,-3.07331645488739,0.78718,730.8400268554688,,,,,,,268.5,5.163461538,268.5,5.163461538,,,,,,,,,,,,,,,,,,,"Rob Refsnyder","13770",608701
"Dairon Blanco","KCR",41,175,158,41,29,7,1,3,26,19,12,0,42,3,1,1,,22,5,0.259694,0.0691114,0.239724,0.288295,0.321964,0.389102,0.312209,0.711067,0.129408,8.10782,0.330279,0.0380018,2.05559,20.7571,0.285958,98.9364,2.09359,0.670623,1.8806229382753372,-0.20437735319137573,0.775612,680.1900024414062,,,,,,,198.6,4.843902439,198.6,4.843902439,,,,,,,,,,,,,,,,,,,"Dairon Blanco","19779",680118
"Paul DeJong","WSN",86,371,339,71,43,14,0,15,39,43,23,0,114,6,3,1,,2,1,0.210788,0.0617623,0.307397,0.20092,0.269687,0.383304,0.28426,0.652992,0.172516,2.76088,0.265743,-0.342421,-0.636098,35.6593,-7.73956,81.3567,-0.978519,3.00536,-9.249518930912018,4.380360841751099,0.773087,439.5199890136719,,,,,,,328.2,3.816279069,328.2,3.816279069,,,,,,,,,,,,,,,,,,,"Paul DeJong","18015",657557
"MJ Melendez","KCR",115,497,443,105,59,23,3,19,59,62,48,1,123,3,3,1,,5,3,0.236062,0.0956836,0.24664,0.387949,0.311899,0.432687,0.322032,0.744586,0.196624,4.45211,0.280335,-0.231988,-1.08882,62.8794,4.74127,105.846,-1.32081,-5.60985,2.003493905067444,-11.134847640991211,0.768015,376.2900085449219,,,,,,,561.5,4.882608695,561.5,4.882608695,,,,,,,,,,,,,,,,,,,"MJ Melendez","22197",669004
"Luis Campusano","SDP",66,263,242,62,42,11,1,8,31,33,17,0,42,2,2,0,,0,0,0.255117,0.064886,0.161254,0.402384,0.30803,0.407259,0.311413,0.715288,0.152142,2.68281,0.277289,-0.184954,-0.441066,31.0265,0.261229,102.946,-0.62602,-2.72025,0.30041539669036865,2.1047496795654297,0.763697,401.92999267578125,,,,,,,275,4.166666666,275,4.166666666,,,,,,,,,,,,,,,,,,,"Luis Campusano","22217",669134
"Juan Brito","CLE",58,252,221,51,33,13,0,5,29,26,26,0,48,2,2,1,,3,2,0.231539,0.10357,0.188597,0.549159,0.317489,0.365668,0.302779,0.683157,0.134129,3.53608,0.269579,0,-0.485499,27.9776,-1.50085,98.0152,-0.485499,-0.402044,-1.05780890583992,-0.002043813467025757,0.758131,999,,,,,,,233.4,4.024137931,233.4,4.024137931,,,,,,,,,,,,,,,,,,,"Juan Brito","sa3009808",682877
"DJ LeMahieu","NYY",68,294,260,64,48,10,1,5,31,28,30,1,53,2,2,1,,1,1,0.246215,0.100471,0.181093,0.5548,0.325289,0.350976,0.301056,0.676265,0.104762,2.84631,0.289131,-0.482207,-0.754546,32.2328,-2.15872,95.5535,-1.23675,1.17227,-2.7325462102890015,0.22226691246032715,0.752932,645.0499877929688,,,,,,,275.2,4.047058823,275.2,4.047058823,,,,,,,,,,,,,,,,,,,"DJ LeMahieu","9874",518934
"Seth Brown","ATH",66,287,263,63,38,11,1,13,31,38,20,0,78,2,2,0,,3,1,0.238348,0.0704388,0.271191,0.259739,0.295086,0.434067,0.314092,0.729153,0.195719,4.13867,0.287172,-0.294795,-0.133647,34.4766,0.903901,108.7,-0.428442,-1.10731,2.4284394681453705,-4.782312393188477,0.744986,474.1700134277344,,,,,,,318.5,4.825757575,318.5,4.825757575,,,,,,,,,,,,,,,,,,,"Seth Brown","18171",664913
"Yasmani Grandal",,36,141,123,29,20,5,0,4,14,14,16,0,30,1,1,0,,1,0,0.234148,0.111875,0.210391,0.531748,0.323985,0.374292,0.309789,0.698277,0.140144,2.40866,0.273892,-0.519705,-0.213949,16.4263,-0.0442048,99.7877,-0.733653,-1.2422,-0.7686343416571617,1.5078020095825195,0.740231,741.3800048828125,,,,,,,144.4,4.011111111,144.4,4.011111111,,,,,,,,,,,,,,,,,,,"Yasmani Grandal","11368",518735
"Eguy Rosario","SDP",57,245,220,51,30,12,1,8,29,30,20,0,63,3,2,1,,6,2,0.23114,0.0820249,0.258253,0.317614,0.300689,0.407161,0.307665,0.70785,0.176021,5.08393,0.283619,-0.0939447,-0.200324,28.1639,-0.495728,100.423,-0.294269,0.692713,-0.17031773924827576,-0.8822867274284363,0.733906,664.47998046875,,,,,,,256.1,4.492982456,256.1,4.492982456,,,,,,,,,,,,,,,,,,,"Eguy Rosario","19964",666703
"Andy Pages","LAD",39,168,150,37,22,8,1,7,22,23,13,0,41,3,1,0,,1,1,0.247628,0.0778772,0.244599,0.318387,0.317824,0.443172,0.328959,0.760996,0.195543,3.78255,0.29368,-0.00190375,-0.340215,22.1917,2.53943,112.777,-0.342119,-0.135323,2.2247759103775024,-0.7353226244449615,0.731622,413.95001220703125,,,,,,,199,5.102564102,199,5.102564102,,,,,,,,,,,,,,,,,,,"Andy Pages","24816",681624
"Giancarlo Stanton","NYY",71,308,276,63,34,11,0,18,36,48,29,1,92,2,2,0,,0,0,0.22974,0.0937273,0.298097,0.314419,0.304717,0.469139,0.330868,0.773856,0.239399,1.51386,0.269125,-0.868295,-0.473757,41.1581,5.12884,116.524,-1.34205,0,4.481281638145447,-7.699999809265137,0.727966,499.6199951171875,,,,,,,370.9,5.223943661,370.9,5.223943661,,,,,,,,,,,,,,,,,,,"Giancarlo Stanton","4949",519317
"Masataka Yoshida","BOS",60,259,233,66,45,13,1,7,30,33,19,1,34,4,2,0,,2,0,0.283466,0.0751819,0.130882,0.574426,0.347566,0.435527,0.340358,0.783094,0.152061,3.34263,0.304606,-0.474403,-0.307302,36.5884,6.29104,117.41,-0.781705,-0.0139586,4.377686440944672,-5.988958513364196,0.725281,438.0299987792969,,,,,,,318.6,5.31,318.6,5.31,,,,,,,,,,,,,,,,,,,"Masataka Yoshida","31837",807799
"Alex Verdugo",,71,308,279,71,48,15,1,7,37,32,24,0,47,2,3,1,,2,1,0.255378,0.0779831,0.154178,0.505798,0.315945,0.392312,0.309405,0.708258,0.136935,3.36506,0.28267,0.0312989,-0.558955,35.8373,-0.191914,99.5234,-0.527656,0.742309,-0.6993939131498337,-2.557691276073456,0.723454,541.9299926757812,,,,,,,312.6,4.402816901,312.6,4.402816901,,,,,,,,,,,,,,,,,,,"Alex Verdugo","17027",657077
"Brendan Rodgers","HOU",44,189,174,44,30,9,1,5,21,21,12,0,43,2,1,0,,0,0,0.254518,0.0633882,0.227642,0.278456,0.307553,0.397313,0.307019,0.704866,0.142795,3.04739,0.310575,0.0192283,-0.282791,21.6281,-0.480728,101.299,-0.263563,-0.0163477,0.017389506101608276,0.6586523558944464,0.720513,536.8599853515625,,,,,,,193.2,4.39090909,193.2,4.39090909,,,,,,,,,,,,,,,,,,,"Brendan Rodgers","17907",663898
"Colson Montgomery","CHW",86,371,326,66,44,13,2,8,37,37,35,1,108,8,2,1,,3,1,0.203849,0.0936896,0.290315,0.322717,0.294813,0.330662,0.279475,0.625475,0.126813,3.9814,0.273771,0,-0.538389,34.2305,-9.16837,79.8678,-0.538389,-0.288605,-9.084550678730011,3.6863948702812195,0.719776,513.8300170898438,,,,,,,299.8,3.486046511,299.8,3.486046511,,,,,,,,,,,,,,,,,,,"Colson Montgomery","sa3017170",695657
"Oswald Peraza","NYY",49,210,189,44,30,7,0,6,25,24,16,0,50,4,1,1,,7,2,0.232735,0.0754584,0.23666,0.318847,0.303081,0.375272,0.298601,0.678354,0.142537,5.20152,0.281468,-0.0415959,0.182872,22.6084,-1.95695,93.8263,0.141276,0.43865,-1.3421622663736343,1.2886499166488647,0.717465,721.780029296875,,,,,,,201.8,4.118367346,201.8,4.118367346,,,,,,,,,,,,,,,,,,,"Oswald Peraza","22823",672724
"Edgar Quero","CHW",39,154,136,32,23,6,0,4,15,17,14,0,31,2,1,0,,1,0,0.236635,0.0893413,0.199568,0.447674,0.31534,0.366094,0.302217,0.681434,0.12946,2.35918,0.27526,-0.00820045,-0.306348,16.9836,-0.984266,95.8654,-0.314548,-0.169864,-1.0412106812000275,2.830135926604271,0.713573,999,,,,,,,148.1,3.797435897,148.1,3.797435897,,,,,,,,,,,,,,,,,,,"Edgar Quero","sa3015239",700337
"Wenceel Pérez","DET",70,301,272,65,43,12,4,6,37,29,24,0,62,2,2,1,,8,2,0.24,0.0809148,0.206087,0.392625,0.305583,0.378741,0.300021,0.684324,0.13874,6.49088,0.288091,0.292405,0.0560854,32.7494,-2.46104,96.022,0.34849,0.20106,-1.0215643048286438,-2.3239405155181885,0.690772,491.7900085449219,,,,,,,293.6,4.194285714,293.6,4.194285714,,,,,,,,,,,,,,,,,,,"Wenceel Perez","22857",672761
"Jose Iglesias","SDP",78,336,315,83,60,17,1,5,35,33,14,0,56,4,2,0,,3,1,0.263561,0.042147,0.165651,0.254432,0.302467,0.368451,0.293636,0.670918,0.10489,3.60627,0.304861,-0.284231,-0.580434,34.8309,-4.47377,90.9806,-0.864665,0.150105,-4.4885876178741455,-0.04989497363567352,0.686864,656.8599853515625,,,,,,,308.7,3.957692307,308.7,3.957692307,,,,,,,,,,,,,,,,,,,"Jose Iglesias","10231",578428
"Spencer Torkelson","DET",84,364,320,72,40,17,1,14,44,44,37,0,98,4,3,0,,1,0,0.225121,0.102395,0.267948,0.382146,0.310782,0.415264,0.316328,0.726046,0.190142,2.93348,0.274216,-0.0825476,-0.483675,44.3814,1.80137,107.493,-0.566223,-0.0409521,2.554479718208313,-8.040952067822218,0.686555,430.760009765625,,,,,,,394.7,4.698809523,394.7,4.698809523,,,,,,,,,,,,,,,,,,,"Spencer Torkelson","27465",679529
"Donovan Solano","SEA",86,371,335,85,63,16,0,6,35,33,26,1,84,7,2,0,,1,0,0.253876,0.0693746,0.225422,0.307754,0.318173,0.356653,0.298772,0.674826,0.102777,2.59871,0.319128,-0.682148,-0.560611,39.9927,-3.40615,100.333,-1.24276,-0.390906,-1.1016029566526413,-4.665905982255936,0.68163,632.7100219726562,,,,,,,344.7,4.008139534,344.7,4.008139534,,,,,,,,,,,,,,,,,,,"Donovan Solano","8623",456781
"Taylor Walls","TBR",57,245,213,44,30,9,1,4,28,21,29,0,61,1,2,1,,12,3,0.208231,0.116583,0.247873,0.470334,0.302973,0.324176,0.282259,0.627149,0.115945,6.34444,0.26811,0.226323,0.778189,23.154,-5.50558,86.3876,1.00451,-0.851642,-2.8114829063415527,1.2233577966690063,0.679472,706.9000244140625,,,,,,,207.2,3.635087719,207.2,3.635087719,,,,,,,,,,,,,,,,,,,"Taylor Walls","22458",670764
"Ramón Laureano","BAL",47,203,184,43,27,9,1,6,24,25,13,0,59,5,1,0,,5,1,0.236213,0.0664833,0.291484,0.228086,0.302994,0.400565,0.30764,0.70356,0.164353,5.45693,0.310456,-0.0264208,-0.0316417,23.3317,-0.414857,102.815,-0.0580625,0.348714,0.5958277694880962,-0.8262861669063568,0.675091,604.739990234375,,,,,,,205.7,4.376595744,205.7,4.376595744,,,,,,,,,,,,,,,,,,,"Ramon Laureano","17128",657656
"Caleb Durbin","MIL",49,210,184,44,29,10,1,4,25,22,18,0,26,5,1,1,,10,2,0.23759,0.0871626,0.125917,0.692225,0.321816,0.359391,0.30295,0.681207,0.121801,5.90987,0.258433,-0.0225576,0.610927,23.3436,-1.22184,93.2007,0.58837,-0.204632,-1.1190779209136963,0.6453683823347092,0.673319,374.3999938964844,,,,,,,217.1,4.430612244,217.1,4.430612244,,,,,,,,,,,,,,,,,,,"Caleb Durbin","sa3017183",702332
"Curtis Mead","TBR",57,245,222,58,38,12,1,6,28,29,16,0,45,4,2,0,,4,1,0.259628,0.0664999,0.185286,0.358904,0.32032,0.402517,0.315271,0.722836,0.142888,4.56181,0.3008,-0.0830036,-0.278389,29.6638,1.00418,109.609,-0.361393,0.100542,2.3323716819286346,-4.024457551538944,0.668735,607.0700073242188,,,,,,,264.5,4.640350877,264.5,4.640350877,,,,,,,,,,,,,,,,,,,"Curtis Mead","23986",678554
"Brett Baty","NYM",41,175,156,37,25,6,0,6,20,21,16,0,44,2,1,0,,1,0,0.239013,0.0898416,0.251807,0.356787,0.313831,0.39639,0.311426,0.710221,0.157377,2.72262,0.292491,0.0243646,-0.30593,20.6467,0.175582,102.791,-0.281565,-0.354396,0.3025001287460327,0.32060450315475464,0.666222,550.02001953125,,,,,,,180.9,4.412195121,180.9,4.412195121,,,,,,,,,,,,,,,,,,,"Brett Baty","26123",683146
"Mickey Moniak","LAA",65,280,262,61,37,11,2,11,31,35,14,0,81,3,2,0,,5,2,0.234283,0.0489734,0.290985,0.168302,0.277971,0.416173,0.298431,0.694144,0.18189,5.36861,0.295958,-0.104613,-0.171042,30.1064,-2.64749,91.9414,-0.275655,-0.382894,-2.8574618101119995,-0.08289429545402527,0.660316,587.6199951171875,,,,,,,281.2,4.326153846,281.2,4.326153846,,,,,,,,,,,,,,,,,,,"Mickey Moniak","19956",666160
"Jonah Bride","MIA",87,378,322,77,51,16,1,9,41,42,46,0,76,6,3,1,,1,1,0.238397,0.121996,0.20045,0.608613,0.34127,0.378,0.320171,0.71927,0.139603,2.58859,0.280906,-0.438937,-0.832415,47.2576,3.03992,102.542,-1.27135,1.12258,-0.1225273609161377,-6.07742178440094,0.65972,460.5299987792969,,,,,,,401,4.609195402,401,4.609195402,,,,,,,,,,,,,,,,,,,"Jonah Bride","24703",681146
"Pavin Smith","ARI",76,329,288,72,46,14,1,10,39,40,37,1,69,2,2,0,,2,1,0.248943,0.111056,0.210989,0.526362,0.334707,0.410251,0.325561,0.744958,0.161308,3.52109,0.292818,-0.369185,-0.580871,42.559,4.0732,107.157,-0.950056,0.0183961,1.8656097054481506,-6.606603899970651,0.641875,384.19000244140625,,,,,,,373.5,4.914473684,373.5,4.914473684,,,,,,,,,,,,,,,,,,,"Pavin Smith","19892",656976
"Connor Wong","BOS",94,371,341,86,55,19,1,10,42,42,22,0,97,5,2,1,,6,3,0.250948,0.0595198,0.262069,0.227115,0.304956,0.400839,0.307672,0.705795,0.149891,4.35076,0.320876,0.232354,-0.596869,42.6731,-0.749117,94.4176,-0.364514,-4.38824,-2.7355090379714966,2.861758232116699,0.631185,232.60000610351562,,,,,,,379.4,4.036170212,379.4,4.036170212,,,,,,,,,,,,,,,,,,,"Connor Wong","19896",657136
"Justin Turner","CHC",83,357,314,79,55,16,0,8,40,39,33,1,68,6,3,0,,1,1,0.252626,0.0938172,0.189193,0.49588,0.333357,0.383247,0.316207,0.716604,0.130621,2.26864,0.293885,-0.918069,-0.759529,43.4932,1.73201,105.041,-1.6776,0.0253471,0.47443389892578125,-6.349652906879783,0.621034,519.8300170898438,,,,,,,366.1,4.410843373,366.1,4.410843373,,,,,,,,,,,,,,,,,,,"Justin Turner","5235",457759
"Jared Triolo","PIT",53,231,204,50,36,10,1,4,24,23,22,0,58,2,2,0,,5,1,0.245067,0.097396,0.253185,0.384683,0.324113,0.356601,0.302976,0.680714,0.111534,4.82007,0.322249,-0.0632552,0.0159363,25.6826,-1.33929,91.0031,-0.0473189,1.32066,-2.532541036605835,0.7956587076187134,0.615086,614.469970703125,,,,,,,227,4.283018867,227,4.283018867,,,,,,,,,,,,,,,,,,,"Jared Triolo","25807",669707
"Chris Taylor","LAD",63,273,240,53,34,11,1,7,32,28,28,1,87,3,2,1,,6,1,0.221191,0.102359,0.319322,0.320549,0.308095,0.362689,0.296684,0.670783,0.141497,5.54231,0.313317,-0.135412,0.278953,28.9697,-2.9653,91.0534,0.143541,-0.298862,-2.7771242409944534,-0.5238624513149261,0.597997,725,,,,,,,261.8,4.155555555,261.8,4.155555555,,,,,,,,,,,,,,,,,,,"Chris Taylor","13757",621035
"Starling Marte","NYM",66,287,261,69,50,12,2,6,35,31,18,1,61,5,1,1,,12,2,0.264441,0.0637501,0.213612,0.298438,0.324029,0.390199,0.313085,0.714228,0.125759,6.29392,0.322972,0.212473,0.846447,34.2439,0.671194,103.908,1.05892,-0.247932,2.4000269174575806,-6.222932159900665,0.592244,456.6600036621094,,,,,,,314.2,4.76060606,314.2,4.76060606,,,,,,,,,,,,,,,,,,,"Starling Marte","9241",516782
"Jason Heyward","SDP",75,322,290,66,41,15,1,10,37,37,26,1,69,4,2,1,,4,1,0.22895,0.0807163,0.21315,0.378683,0.298237,0.386084,0.298253,0.684321,0.157134,4.35534,0.26568,-0.143258,-0.169791,34.5762,-3.09075,94.0883,-0.313049,0.810711,-2.589367598295212,-2.4392890334129333,0.588091,682.0900268554688,,,,,,,317.6,4.234666666,317.6,4.234666666,,,,,,,,,,,,,,,,,,,"Jason Heyward","4940",518792
"Carlos Narvaez","BOS",50,198,173,38,25,8,0,4,21,20,21,1,59,3,1,0,,2,1,0.21659,0.104196,0.296073,0.351927,0.307845,0.339663,0.289083,0.647508,0.123073,3.48295,0.297524,-0.0416812,-0.185999,19.8398,-3.36865,81.3423,-0.22768,0.0314207,-4.463193207979202,3.9064206779003143,0.584723,741.8599853515625,,,,,,,173.6,3.472,173.6,3.472,,,,,,,,,,,,,,,,,,,"Carlos Narvaez","19722",665966
"Austin Hedges","CLE",49,192,173,32,24,5,0,3,16,16,11,0,54,3,2,3,,2,0,0.187067,0.0585841,0.282902,0.207083,0.244371,0.273767,0.232284,0.518138,0.0866998,3.73175,0.24816,-0.174013,-0.0101189,10.4225,-12.0373,48.4275,-0.184132,2.50281,-11.514005064964294,6.25281023979187,0.582614,999,,,,,,,94.7,1.932653061,94.7,1.932653061,,,,,,,,,,,,,,,,,,,"Austin Hedges","12976",595978
"José Tena","WSN",53,231,214,55,38,11,1,5,25,25,13,0,61,2,1,1,,5,2,0.254617,0.0562861,0.264375,0.212902,0.300361,0.387748,0.300001,0.68811,0.133132,4.80794,0.329715,-0.0933926,-0.24763,25.1296,-1.89237,91.9514,-0.341022,-0.504706,-2.5642878115177155,0.4202936291694641,0.57304,486.3299865722656,,,,,,,227.5,4.29245283,227.5,4.29245283,,,,,,,,,,,,,,,,,,,"Jose Tena","23691",677588
"Edmundo Sosa","PHI",41,175,161,40,26,8,2,4,21,19,7,0,42,5,1,1,,3,1,0.246564,0.041648,0.240506,0.173168,0.298872,0.396348,0.302874,0.69522,0.149785,6.39156,0.306095,0.189427,-0.0574291,19.4423,-1.02891,92.9321,0.131998,0.270765,-1.3470826596021652,1.0457647740840912,0.57075,523.469970703125,,,,,,,174.1,4.246341463,174.1,4.246341463,,,,,,,,,,,,,,,,,,,"Edmundo Sosa","17022",624641
"Austin Slater","CHW",49,210,183,43,30,7,1,5,25,19,22,0,60,3,1,0,,4,1,0.234868,0.106101,0.285818,0.371218,0.325562,0.364338,0.307465,0.6899,0.12947,4.68006,0.317497,0.184598,-0.0779858,24.1067,-0.458714,99.5567,0.106612,0.746598,0.00009003281593322754,-1.5034024119377136,0.567733,750.469970703125,,,,,,,210.6,4.297959183,210.6,4.297959183,,,,,,,,,,,,,,,,,,,"Austin Slater","16153",596103
"Tyler Heineman","TOR",36,141,122,26,20,4,1,2,14,12,13,0,30,2,1,2,,2,1,0.212907,0.095565,0.211575,0.451683,0.30155,0.296135,0.272117,0.597686,0.0832287,4.78795,0.266693,-0.143125,-0.0432659,12.1572,-4.31336,76.5513,-0.186391,0.874485,-3.964082583785057,3.624485433101654,0.560908,748.4500122070312,,,,,,,105.7,2.936111111,105.7,2.936111111,,,,,,,,,,,,,,,,,,,"Tyler Heineman","13897",623168
"Davis Schneider","TOR",45,196,169,37,21,9,1,7,23,23,23,0,57,2,1,0,,2,1,0.219285,0.115613,0.289014,0.400025,0.317651,0.399533,0.315443,0.717183,0.180247,4.48432,0.282721,-0.107308,-0.0896955,23.7581,0.830377,107.028,-0.197004,0.697403,1.379047617316246,-2.5025973320007324,0.558755,694.3800048828125,,,,,,,211.8,4.706666666,211.8,4.706666666,,,,,,,,,,,,,,,,,,,"Davis Schneider","23565",676914
"Liam Hicks","MIA",44,173,149,36,27,7,0,2,17,15,18,0,29,4,2,0,,1,0,0.240712,0.104334,0.169172,0.616732,0.335232,0.329431,0.300755,0.664664,0.088719,3.06644,0.284443,-0.0287889,-0.335581,18.9687,-1.31526,89.4732,-0.36437,-0.976718,-2.5471255779266357,2.1482815742492676,0.555175,748.4000244140625,,,,,,,159.6,3.627272727,159.6,3.627272727,,,,,,,,,,,,,,,,,,,"Liam Hicks","sa3017400",689414
"Nick Castellanos","PHI",147,637,588,151,95,30,2,22,74,84,38,2,148,6,4,0,,6,1,0.256309,0.0596113,0.232935,0.255914,0.306359,0.430353,0.317521,0.736712,0.174043,4.05578,0.304286,-0.997361,-0.424233,78.2794,3.7644,102.791,-1.42159,-9.44711,0.7041761875152588,-16.57211399078369,0.551999,174.52999877929688,,,,,,,703.4,4.785034013,703.4,4.785034013,,,,,,,,,,,,,,,,,,,"Nick Castellanos","11737",592206
"Jack Suwinski","PIT",53,231,201,45,26,9,1,10,27,29,25,1,68,2,2,0,,5,1,0.225972,0.109342,0.296037,0.369353,0.316178,0.424731,0.321043,0.740909,0.198758,5.19458,0.286892,0.0409186,0.151353,29.0417,2.01981,103.164,0.192271,-1.33214,1.0661525279283524,-3.5071412324905396,0.542367,619.469970703125,,,,,,,264.5,4.990566037,264.5,4.990566037,,,,,,,,,,,,,,,,,,,"Jack Suwinski","22244",669261
"Amed Rosario","WSN",47,203,191,51,37,9,2,3,22,20,8,0,38,2,1,0,,6,1,0.266458,0.041583,0.186063,0.223489,0.300839,0.379531,0.29611,0.68037,0.113073,6.27271,0.31645,0.0420763,0.268484,21.4478,-2.29874,89.3325,0.31056,0.150799,-2.2789716720581055,0.5257989466190338,0.517104,553.719970703125,,,,,,,198.9,4.231914893,198.9,4.231914893,,,,,,,,,,,,,,,,,,,"Amed Rosario","15518",642708
"Hunter Renfroe","KCR",86,371,336,80,48,19,0,13,41,45,30,0,79,2,2,0,,1,1,0.238071,0.0812447,0.211661,0.383843,0.303194,0.414109,0.31185,0.717303,0.176038,2.43925,0.270361,-0.413074,-0.664227,43.8977,0.498881,98.6835,-1.0773,-1.6043,-1.6361506581306458,-5.779302954673767,0.511434,527.0499877929688,,,,,,,384.4,4.469767441,384.4,4.469767441,,,,,,,,,,,,,,,,,,,"Hunter Renfroe","15464",592669
"Rafael Marchán","PHI",36,141,125,29,21,6,1,3,15,14,12,0,24,3,1,1,,1,0,0.235543,0.0830408,0.168613,0.492493,0.311256,0.352795,0.295204,0.664052,0.117252,3.32727,0.269163,-0.0599281,-0.224221,14.7734,-1.69708,87.7693,-0.284149,0.877136,-2.343424379825592,3.627135992050171,0.510629,713.6900024414062,,,,,,,135.6,3.766666666,135.6,3.766666666,,,,,,,,,,,,,,,,,,,"Rafael Marchan","21646",665561
"Connor Joe","SDP",52,224,195,45,28,11,1,5,26,22,24,0,52,3,1,0,,2,1,0.230075,0.108047,0.233029,0.463664,0.323051,0.375161,0.309669,0.698212,0.145086,3.83262,0.284875,0.0568641,-0.482145,26.1112,-0.0919261,101.772,-0.425281,0.5189,0.04935649037361145,-2.5811002254486084,0.50892,642.9299926757812,,,,,,,223.6,4.3,223.6,4.3,,,,,,,,,,,,,,,,,,,"Connor Joe","16572",656582
"Agustin Ramírez","MIA",49,198,178,42,27,9,0,6,23,23,16,0,42,2,1,0,,4,1,0.236657,0.081725,0.210842,0.387612,0.305179,0.39464,0.305517,0.699818,0.157983,4.4515,0.273652,0,0.0412352,22.4187,-0.742917,92.6786,0.0412352,-0.796271,-1.6922532320022583,-0.04627120494842529,0.501421,999,,,,,,,198.5,4.051020408,198.5,4.051020408,,,,,,,,,,,,,,,,,,,"Agustin Ramirez","sa3009276",682663
"Orelvis Martinez","TOR",58,252,228,49,28,11,1,10,29,33,18,1,67,3,2,0,,1,0,0.21617,0.0725755,0.264278,0.274618,0.282265,0.405492,0.296855,0.687756,0.189322,3.08713,0.253877,-0.0096752,-0.273624,26.7761,-2.70241,93.9527,-0.283299,-1.02819,-2.0269900262355804,-1.5281858444213867,0.500419,570.3599853515625,,,,,,,242.9,4.187931034,242.9,4.187931034,,,,,,,,,,,,,,,,,,,"Orelvis Martinez","25967",682619
"Jarred Kelenic","ATL",42,182,164,40,24,9,1,6,22,23,16,1,51,1,1,1,,4,1,0.242927,0.0861606,0.280407,0.30727,0.310966,0.416204,0.314785,0.72717,0.173277,4.98257,0.313115,0.0851719,-0.0676711,21.9647,0.674701,100.346,0.0175008,0.137882,0.09270381554961205,-1.3121183961629868,0.500005,481.2900085449219,,,,,,,204,4.857142857,204,4.857142857,,,,,,,,,,,,,,,,,,,"Jarred Kelenic","22558",672284
"Jorge Mateo","BAL",31,133,123,29,18,7,1,3,17,14,7,0,33,1,1,1,,9,2,0.233656,0.0529642,0.245973,0.215325,0.279028,0.377859,0.285188,0.656887,0.144203,7.951,0.292096,0.116172,0.85371,12.8829,-2.67519,87.0221,0.969882,1.03536,-1.0050902366638184,1.4103633165359497,0.49975,720.02001953125,,,,,,,129.1,4.164516129,129.1,4.164516129,,,,,,,,,,,,,,,,,,,"Jorge Mateo","17273",622761
"Santiago Espinal","CIN",49,210,191,50,37,9,0,3,21,21,15,0,30,1,1,1,,4,1,0.262176,0.0701403,0.144113,0.486703,0.317491,0.367636,0.301215,0.685127,0.10546,3.73769,0.293716,0.020525,-0.0216497,23.0503,-1.51508,85.9305,-0.00112468,0.51485,-3.5342455545905977,1.3648503422737122,0.498193,658.760009765625,,,,,,,196.1,4.002040816,196.1,4.002040816,,,,,,,,,,,,,,,,,,,"Santiago Espinal","19997",669289
"Alan Roden","TOR",31,133,117,30,21,6,1,3,16,15,12,0,22,3,1,0,,2,1,0.255077,0.0928017,0.167565,0.553825,0.337654,0.383167,0.318104,0.720821,0.128091,4.86205,0.2935,-0.0133932,-0.0313512,16.4065,0.848389,108.9,-0.0447444,0.378229,1.309637252241373,-0.9467712342739105,0.495371,999,,,,,,,148.3,4.783870967,148.3,4.783870967,,,,,,,,,,,,,,,,,,,"Alan Roden","sa3020212",702176
"Enrique Hernández","LAD",65,280,254,59,38,12,1,7,32,32,21,0,55,2,2,1,,1,1,0.231681,0.0743048,0.197881,0.375503,0.292476,0.37456,0.291846,0.667036,0.142879,3.33207,0.265716,0.130053,-0.498494,28.6224,-4.13145,87.7976,-0.368441,0.221188,-4.4541149735450745,-0.07881157100200653,0.49484,627.1599731445312,,,,,,,250.8,3.858461538,250.8,3.858461538,,,,,,,,,,,,,,,,,,,"Enrique Hernandez","10472",571771
"Luis Matos","SFG",55,238,218,54,36,11,1,7,26,27,14,0,31,3,2,1,,3,1,0.246739,0.0594373,0.131281,0.452748,0.300017,0.393144,0.301786,0.693162,0.146406,4.08818,0.259761,-0.0632966,-0.131633,26.2331,-1.60767,94.7565,-0.194929,0.71064,-1.6872328072786331,-1.5393604636192322,0.485307,588.2899780273438,,,,,,,241.7,4.394545454,241.7,4.394545454,,,,,,,,,,,,,,,,,,,"Luis Matos","26467",682641
"Coby Mayo","BAL",28,119,106,25,15,6,0,4,14,15,10,0,33,2,1,0,,1,0,0.2361,0.0874392,0.280579,0.311638,0.311234,0.419464,0.316924,0.730698,0.183364,3.87604,0.299841,0.00491849,-0.234902,14.5664,0.646041,109.346,-0.229983,-0.0111804,1.0425651222467422,-0.3361804112792015,0.482649,404.6199951171875,,,,,,,126.9,4.532142857,126.9,4.532142857,,,,,,,,,,,,,,,,,,,"Coby Mayo","28312",691723
"Jhonkensy Noel","CLE",76,329,299,67,38,13,1,15,39,46,21,0,89,6,2,0,,1,0,0.223403,0.0642314,0.270679,0.237298,0.287006,0.422258,0.30721,0.709264,0.198854,3.13746,0.264525,-0.162017,-0.531054,37.6995,-0.786324,101.131,-0.693071,-0.518208,-0.2671390771865845,-6.043208479881287,0.480969,389.9800109863281,,,,,,,343.5,4.519736842,343.5,4.519736842,,,,,,,,,,,,,,,,,,,"Jhonkensy Noel","24257",678877
"James Outman","LAD",28,119,103,23,14,4,0,4,16,15,13,0,37,2,1,0,,3,1,0.221049,0.106458,0.314046,0.33899,0.316469,0.392281,0.312011,0.70875,0.171233,5.33279,0.297571,0.076056,0.0334996,14.0958,0.175432,101.37,0.109556,-0.0246815,0.3044433295726776,0.30031852424144745,0.471729,667.3800048828125,,,,,,,122.9,4.389285714,122.9,4.389285714,,,,,,,,,,,,,,,,,,,"James Outman","24770",681546
"Jerar Encarnacion","SFG",71,308,278,67,43,11,1,12,34,40,26,0,103,2,2,0,,2,1,0.240842,0.0834244,0.333563,0.250101,0.307041,0.417639,0.314897,0.72468,0.176797,3.46943,0.331508,-0.0674834,-0.395253,37.1989,1.16961,103.581,-0.462736,-0.00751075,0.8561644852161407,-6.607510656118393,0.465304,414.3399963378906,,,,,,,332.6,4.684507042,332.6,4.684507042,,,,,,,,,,,,,,,,,,,"Jerar Encarnacion","21871",666464
"Jon Berti","CHC",36,154,138,34,26,5,1,2,18,13,13,0,34,1,1,1,,7,2,0.245125,0.0825197,0.223122,0.369842,0.312947,0.346534,0.292114,0.659481,0.101409,6.21708,0.307068,0.138256,0.410094,15.7754,-2.23918,88.8246,0.548349,0.464836,-1.5096415281295776,0.8648361265659332,0.463051,691.1400146484375,,,,,,,141.1,3.919444444,141.1,3.919444444,,,,,,,,,,,,,,,,,,,"Jon Berti","12037",542932
"Alex Jackson","NYY",23,90,81,17,9,4,0,3,10,11,6,0,27,1,0,0,,1,0,0.206989,0.0722145,0.302008,0.239115,0.275577,0.390893,0.289309,0.66647,0.183904,3.91635,0.261336,-0.0304519,-0.0593169,8.97618,-1.50506,87.2902,-0.0897688,0.22441,-1.392791137099266,1.9744099080562592,0.456209,747.0700073242188,,,,,,,76.9,3.34347826,76.9,3.34347826,,,,,,,,,,,,,,,,,,,"Alex Jackson","17276",656577
"Jhonny Pereda","ATH",28,109,97,24,18,5,0,1,10,9,10,0,24,1,1,0,,0,0,0.243639,0.096009,0.223976,0.428658,0.319547,0.337711,0.294189,0.657259,0.0940728,2.45358,0.308941,-0.047854,-0.188951,11.327,-1.40022,94.6995,-0.236805,-0.269589,-0.8966627568006516,1.855410873889923,0.455238,749.47998046875,,,,,,,94.3,3.367857142,94.3,3.367857142,,,,,,,,,,,,,,,,,,,"Jhonny Pereda","19802",640902
"Tyler Black","MIL",45,196,169,39,25,7,2,5,23,22,22,0,46,4,1,0,,6,2,0.229125,0.110216,0.232464,0.47412,0.327406,0.373991,0.311207,0.701397,0.144866,6.26511,0.284119,-0.0331859,0.245099,23.0898,0.162088,98.7578,0.211913,-0.0434925,-0.07923467457294464,-2.0934924967586994,0.449699,610.530029296875,,,,,,,211.9,4.708888888,211.9,4.708888888,,,,,,,,,,,,,,,,,,,"Tyler Black","29949",672012
"Zach McKinstry","DET",47,203,183,43,28,8,2,4,23,18,16,0,43,2,1,1,,7,1,0.234024,0.0806484,0.21241,0.379682,0.302,0.367456,0.294579,0.669457,0.133432,6.70796,0.284356,0.109429,0.408712,21.1978,-2.54878,92.1946,0.518141,-1.03033,-1.294855535030365,-1.3053326904773712,0.43035,588.2899780273438,,,,,,,194.5,4.138297872,194.5,4.138297872,,,,,,,,,,,,,,,,,,,"Zach McKinstry","19392",656716
"Jake Mangum","TBR",31,133,124,33,24,7,1,1,15,14,6,0,27,2,1,0,,3,1,0.264448,0.0442765,0.200169,0.221195,0.304784,0.370217,0.295397,0.675,0.105768,5.54248,0.323799,-0.0392586,-0.0597413,13.9757,-1.58239,95.629,-0.0989999,0.404182,-0.7641803175210953,0.47918181121349335,0.428461,999,,,,,,,123.1,3.970967741,123.1,3.970967741,,,,,,,,,,,,,,,,,,,"Jake Mangum","sa3011255",663968
"Luisangel Acuña","NYM",39,168,156,39,29,6,1,3,21,16,10,0,34,1,1,1,,8,3,0.247352,0.0568678,0.199571,0.28495,0.292556,0.353139,0.283533,0.645695,0.105787,6.49442,0.29763,0.00620086,0.24227,16.0493,-3.60301,84.0172,0.24847,0.786901,-2.9623991400003433,1.4369010925292969,0.420244,410.0899963378906,,,,,,,153.5,3.935897435,153.5,3.935897435,,,,,,,,,,,,,,,,,,,"Luisangel Acuna","26548",682668
"Chandler Simpson","TBR",21,91,83,24,20,3,0,0,12,8,6,0,11,0,0,1,,9,2,0.284532,0.0676889,0.115403,0.586543,0.335095,0.347657,0.302882,0.682752,0.0631251,6.78542,0.319803,-0.00398217,0.765317,10.1106,-0.53443,100.894,0.761335,-0.157026,0.8544668406248093,0.16797366738319397,0.418892,999,,,,,,,89.6,4.266666666,89.6,4.266666666,,,,,,,,,,,,,,,,,,,"Chandler Simpson","sa3020219",802415
"Brett Wisely","SFG",34,147,132,32,22,7,1,3,17,15,12,0,34,1,1,1,,3,1,0.240373,0.0790996,0.231567,0.341584,0.304706,0.365721,0.295327,0.670427,0.125348,4.71927,0.300275,-0.0367819,-0.291513,15.4386,-1.7572,90.409,-0.328294,0.47189,-2.0142450630664825,1.1468898057937622,0.415992,748.760009765625,,,,,,,143.3,4.214705882,143.3,4.214705882,,,,,,,,,,,,,,,,,,,"Brett Wisely","27735",689172
"Darell Hernaiz","ATH",26,112,102,26,19,5,0,2,12,11,7,0,19,1,1,1,,2,1,0.253393,0.0654867,0.173803,0.376788,0.306322,0.365944,0.29552,0.672266,0.112551,4.54065,0.293408,-0.00722943,-0.0778738,11.7802,-1.32139,95.636,-0.0851032,0.0732036,-0.64435675740242,0.8732035905122757,0.40923,750.3400268554688,,,,,,,101.9,3.919230769,101.9,3.919230769,,,,,,,,,,,,,,,,,,,"Darell Hernaiz","26224",687231
"David Hamilton","BOS",31,133,120,27,18,5,1,3,16,14,12,0,33,1,1,0,,10,2,0.229244,0.0877342,0.248668,0.352817,0.300419,0.361162,0.292134,0.661582,0.131918,7.38786,0.291317,0.0884915,0.905572,13.6264,-1.93168,83.488,0.994064,0.450455,-1.5187354683876038,1.0254549384117126,0.40695,404.42999267578125,,,,,,,132,4.258064516,132,4.258064516,,,,,,,,,,,,,,,,,,,"David Hamilton","27531",666152
"Tommy Pham","PIT",97,420,378,94,64,19,2,9,50,40,35,0,96,3,3,1,,9,3,0.248432,0.084256,0.229237,0.36755,0.315512,0.384108,0.307248,0.69962,0.135676,5.07591,0.306737,-0.00944791,-0.0270031,48.1398,-0.990956,93.8785,-0.036451,-2.5704,-3.1109139174222946,-6.970396041870117,0.403311,418.69000244140625,,,,,,,422.2,4.352577319,422.2,4.352577319,,,,,,,,,,,,,,,,,,,"Tommy Pham","2967",502054
"Thomas Saggese","STL",42,182,168,41,27,8,1,5,20,21,9,0,45,3,1,0,,2,1,0.242779,0.0502227,0.247924,0.202573,0.291021,0.387496,0.295316,0.678518,0.144718,4.7934,0.30113,0,-0.19885,19.1127,-2.17728,89.902,-0.19885,-0.0687432,-2.396556571125984,0.23125677555799484,0.402317,655.469970703125,,,,,,,174.5,4.154761904,174.5,4.154761904,,,,,,,,,,,,,,,,,,,"Thomas Saggese","27883",695336
"Javier Sanoja","MIA",50,217,200,53,39,10,2,2,21,20,14,0,19,1,1,1,,5,2,0.265052,0.0628502,0.0864421,0.727079,0.313058,0.367015,0.298285,0.680072,0.101962,4.77093,0.281643,-0.0181743,-0.443951,23.3069,-2.07736,87.8108,-0.462125,-0.143963,-3.6251076459884644,0.2810373455286026,0.40095,748.239990234375,,,,,,,204.9,4.098,204.9,4.098,,,,,,,,,,,,,,,,,,,"Javier Sanoja","28253",691594
"Nick Yorke","PIT",39,168,152,38,27,8,0,3,19,17,13,0,38,1,1,0,,4,1,0.252069,0.0792746,0.224346,0.353359,0.315942,0.373466,0.302947,0.689408,0.121397,4.41401,0.312185,0.0119343,-0.130753,18.6744,-0.977901,90.9839,-0.118818,0.580313,-1.93012223392725,0.1303127408027649,0.391914,520.6599731445312,,,,,,,159,4.076923076,159,4.076923076,,,,,,,,,,,,,,,,,,,"Nick Yorke","27504",694377
"Ben Rice","NYY",34,145,126,28,17,5,0,7,19,20,15,0,36,2,1,0,,2,1,0.226361,0.106305,0.245833,0.432426,0.318199,0.428437,0.325577,0.746636,0.202076,3.5468,0.257211,-0.0142918,-0.182368,18.7071,1.7921,112.802,-0.19666,-0.712055,1.9214925915002823,-2.987054765224457,0.387783,460.8999938964844,,,,,,,163.1,4.797058823,163.1,4.797058823,,,,,,,,,,,,,,,,,,,"Ben Rice","29576",700250
"Tirso Ornelas","SDP",75,322,292,71,48,14,1,8,34,35,25,1,68,2,2,0,,3,1,0.241599,0.076644,0.211382,0.362585,0.303772,0.378555,0.298744,0.682327,0.136956,3.46681,0.286532,-0.0343641,-0.460981,34.7033,-2.96366,94.4183,-0.495345,0.997272,-2.6445730924606323,-4.352727949619293,0.384774,999,,,,,,,311,4.146666666,311,4.146666666,,,,,,,,,,,,,,,,,,,"Tirso Ornelas","sa3004048",672359
"Brooks Baldwin","CHW",31,133,122,30,22,6,0,3,14,14,9,0,29,1,1,1,,3,1,0.249494,0.0666169,0.216539,0.307644,0.302873,0.372734,0.296452,0.675607,0.12324,4.51303,0.302495,0.0395846,0.0506894,14.0886,-1.46946,91.8097,0.090274,-0.344731,-1.1561300531029701,0.43026915192604065,0.382929,705.8099975585938,,,,,,,124.5,4.016129032,124.5,4.016129032,,,,,,,,,,,,,,,,,,,"Brooks Baldwin","31394",681460
"Nick Allen","ATL",31,133,120,30,22,6,0,2,14,13,10,0,21,1,1,1,,3,1,0.249792,0.0780678,0.160866,0.485296,0.312417,0.344884,0.291969,0.657301,0.0950922,4.42268,0.290043,-0.0151568,-0.123417,13.6088,-1.94928,84.9891,-0.138574,0.627133,-2.525944396853447,1.8021332621574402,0.382667,747.3800048828125,,,,,,,120.1,3.874193548,120.1,3.874193548,,,,,,,,,,,,,,,,,,,"Nick Allen","22277",669397
"David Fry","CLE",40,175,154,38,23,8,1,6,20,22,16,1,41,3,1,0,,2,0,0.244897,0.0903415,0.233483,0.386929,0.326086,0.417094,0.322971,0.74318,0.172197,4.02395,0.29514,-0.0378041,-0.212772,22.2729,1.80177,112.218,-0.250576,0,2.1960066854953766,-4.375,0.377452,503.19000244140625,,,,,,,204.9,5.1225,204.9,5.1225,,,,,,,,,,,,,,,,,,,"David Fry","24934",681807
"Austin Barnes","LAD",36,141,125,27,20,4,0,2,14,12,13,0,32,2,1,1,,2,0,0.219777,0.0896429,0.225474,0.397575,0.297289,0.315376,0.275579,0.612665,0.0955991,3.94332,0.273536,-0.161632,0.00503262,12.5494,-3.92107,76.8483,-0.156599,-0.612891,-4.054648578166962,2.13710880279541,0.368275,746.4099731445312,,,,,,,105.4,2.927777777,105.4,2.927777777,,,,,,,,,,,,,,,,,,,"Austin Barnes","12158",605131
"Randal Grichuk","ARI",60,259,239,60,38,13,1,8,30,32,16,0,54,3,2,0,,1,1,0.252628,0.0605173,0.208435,0.290341,0.304209,0.418534,0.313148,0.722742,0.165905,3.51236,0.292725,-0.121547,-0.470375,30.9162,0.618885,98.8018,-0.591922,-0.1215,-0.963011771440506,-4.096500135958195,0.368231,564.280029296875,,,,,,,271.7,4.528333333,271.7,4.528333333,,,,,,,,,,,,,,,,,,,"Randal Grichuk","10243",545341
"Addison Barger","TOR",28,119,107,26,16,6,0,4,14,14,10,0,29,1,1,0,,1,0,0.240703,0.0869081,0.241624,0.359683,0.312755,0.406409,0.313808,0.719164,0.165706,3.7,0.29346,-0.00632959,-0.141006,14.268,0.347613,105.878,-0.147336,0.0867385,0.6530075818300247,-1.0882614627480507,0.364743,658.469970703125,,,,,,,128.5,4.589285714,128.5,4.589285714,,,,,,,,,,,,,,,,,,,"Addison Barger","24598",680718
"Wilmer Flores","SFG",84,364,324,77,49,16,0,11,39,43,32,1,57,5,3,0,,0,0,0.238891,0.0876569,0.155334,0.564314,0.313442,0.396026,0.310208,0.709468,0.157135,2.06122,0.254924,-0.556721,-0.6321,42.5884,0.00839977,100.425,-1.18882,0.262609,-1.0039862245321274,-7.5873909294605255,0.36459,653.6599731445312,,,,,,,368,4.38095238,368,4.38095238,,,,,,,,,,,,,,,,,,,"Wilmer Flores","5827",527038
"Johnathan Rodriguez","CLE",28,119,107,26,17,5,0,4,14,15,10,0,36,1,1,0,,1,0,0.245218,0.0875331,0.300501,0.29129,0.31556,0.415076,0.318085,0.730636,0.169858,3.5402,0.325394,0.00136958,-0.182595,14.6776,0.757227,108.782,-0.181225,-0.00974823,1.0144769847393036,-1.4847481343895197,0.361127,627.2100219726562,,,,,,,125.6,4.485714285,125.6,4.485714285,,,,,,,,,,,,,,,,,,,"Johnathan Rodriguez","22530",671286
"Michael A. Taylor","CHW",42,182,165,36,25,5,0,5,19,17,13,0,59,1,1,1,,5,1,0.216578,0.0712698,0.322655,0.220885,0.27602,0.345573,0.273763,0.621592,0.128995,5.16985,0.298917,0.0771107,0.234413,15.9556,-5.33438,75.85,0.311524,2.43922,-4.717625617980957,2.0892237722873688,0.355137,732.4099731445312,,,,,,,146.8,3.495238095,146.8,3.495238095,,,,,,,,,,,,,,,,,,,"Michael A. Taylor","11489",572191
"Esteury Ruiz","ATH",16,70,63,16,11,3,0,2,9,7,5,0,16,2,0,1,,6,2,0.251024,0.0655341,0.225524,0.290587,0.319356,0.387419,0.31094,0.706775,0.136395,7.16219,0.309766,0.0185053,0.487106,8.23133,0.0428669,106.482,0.505611,0.38265,1.0248145461082458,0.03265008330345154,0.35021,528.6199951171875,,,,,,,80.9,5.05625,80.9,5.05625,,,,,,,,,,,,,,,,,,,"Esteury Ruiz","21780",665923
"Michael Toglia","COL",130,560,496,113,64,20,3,26,68,73,57,1,168,3,3,1,,8,2,0.227027,0.101572,0.300573,0.337926,0.308642,0.434187,0.321285,0.74283,0.20716,4.66038,0.285017,0.309581,-0.359449,70.5133,5.00562,92.8082,-0.0498679,-0.391912,-4.865850672125816,-10.391912430524826,0.350194,185.42999267578125,,,,,,,645.9,4.968461538,645.9,4.968461538,,,,,,,,,,,,,,,,,,,"Michael Toglia","25845",669911
"Romy Gonzalez","BOS",24,105,97,25,16,5,1,3,13,14,6,0,29,1,1,0,,4,1,0.255988,0.058464,0.279173,0.209418,0.30326,0.426827,0.31493,0.730087,0.170839,6.59295,0.3297,-0.00138592,0.206754,12.6842,0.401477,99.5231,0.205368,0.0979454,0.14807067811489105,-0.2770545780658722,0.348175,653.3099975585938,,,,,,,117.2,4.883333333,117.2,4.883333333,,,,,,,,,,,,,,,,,,,"Romy Gonzalez","21562",663853
"Joey Loperfido","TOR",37,161,145,33,20,7,1,5,19,19,12,1,51,2,1,0,,4,1,0.224738,0.0732422,0.314795,0.232666,0.29137,0.382663,0.293296,0.674033,0.157925,6.01461,0.30763,-0.141685,0.131541,16.6458,-2.1877,91.4493,-0.0101439,0.864268,-1.5853263074532151,-0.5107317566871643,0.337817,547.280029296875,,,,,,,159.6,4.313513513,159.6,4.313513513,,,,,,,,,,,,,,,,,,,"Joey Loperfido","29630",694388
"Drew Romo","COL",53,211,197,49,33,9,1,5,22,24,10,0,43,2,2,1,,2,1,0.24786,0.0461444,0.203756,0.226469,0.288829,0.383057,0.291752,0.671886,0.135197,4.37958,0.291948,0,-0.391911,21.5734,-3.13237,72.9305,-0.391911,-0.872221,-7.228424519300461,3.252778947353363,0.337496,667.9099731445312,,,,,,,193.2,3.645283018,193.2,3.645283018,,,,,,,,,,,,,,,,,,,"Drew Romo","27763",691011
"James McCann",,45,179,164,38,26,7,0,5,18,19,10,0,47,2,2,1,,2,0,0.230148,0.0563884,0.260647,0.21634,0.281146,0.362661,0.281766,0.643807,0.132513,3.5729,0.288406,-0.245148,-0.0774875,16.8645,-4.09797,80.5107,-0.322636,-0.615822,-4.408869743347168,2.884178340435028,0.333604,747.02001953125,,,,,,,155.9,3.464444444,155.9,3.464444444,,,,,,,,,,,,,,,,,,,"James McCann","12859",543510
"Nick Loftin","KCR",29,126,112,28,19,6,0,2,14,13,11,0,21,1,1,0,,2,1,0.248424,0.0902587,0.163272,0.552812,0.323501,0.369453,0.306847,0.692953,0.121029,4.23389,0.282601,0.0206365,-0.164908,14.4014,-0.337875,95.1647,-0.144271,-0.44605,-0.8413752168416977,-0.14604979753494263,0.331816,750.3099975585938,,,,,,,118,4.068965517,118,4.068965517,,,,,,,,,,,,,,,,,,,"Nick Loftin","27630",679845
"Gage Workman","CHC",36,154,140,31,20,7,1,3,18,17,12,0,53,1,1,0,,4,2,0.222196,0.0765641,0.341755,0.224032,0.285592,0.36152,0.283366,0.647112,0.139324,6.22571,0.326142,-0.0151264,-0.0596496,14.6912,-3.32339,82.9371,-0.074776,1.01415,-3.2169766649603844,1.264146327972412,0.327961,720.5499877929688,,,,,,,128.8,3.577777777,128.8,3.577777777,,,,,,,,,,,,,,,,,,,"Gage Workman","sa3014441",669398
"Andy Ibáñez","DET",44,189,174,42,28,9,1,4,20,20,13,0,39,2,1,0,,2,1,0.242177,0.066186,0.204764,0.32323,0.297865,0.375306,0.295101,0.673171,0.133129,3.73564,0.287422,-0.015117,-0.361397,19.8152,-2.29361,92.5617,-0.376514,-0.476015,-1.9850841462612152,-1.2010153532028198,0.321639,746.8300170898438,,,,,,,176.6,4.013636363,176.6,4.013636363,,,,,,,,,,,,,,,,,,,"Andy Ibanez","18819",628451
"Miguel Rojas","LAD",21,91,84,21,15,4,0,1,10,9,6,0,11,1,1,0,,2,0,0.256799,0.0605975,0.119941,0.505226,0.308545,0.365916,0.296752,0.67446,0.109117,4.40393,0.279076,-0.0694375,-0.0167543,9.66156,-0.983442,91.0993,-0.0861918,0.80636,-1.054755337536335,1.1313601732254028,0.320883,714.260009765625,,,,,,,79.4,3.78095238,79.4,3.78095238,,,,,,,,,,,,,,,,,,,"Miguel Rojas","7802",500743
"Ben Gamel","HOU",36,154,133,31,20,7,1,4,18,16,18,0,41,1,1,0,,1,1,0.234036,0.118731,0.269309,0.440872,0.32906,0.374621,0.311454,0.703681,0.140585,3.69035,0.308994,-0.0637707,-0.368654,18.1726,0.15802,104.419,-0.432425,-0.730463,0.34622395038604736,-2.3804625272750854,0.320102,999,,,,,,,160.3,4.452777777,160.3,4.452777777,,,,,,,,,,,,,,,,,,,"Ben Gamel","12160",592325
"Max Acosta","MIA",34,147,136,34,24,7,1,2,16,14,8,0,27,1,1,0,,5,2,0.249977,0.0567166,0.1804,0.314395,0.29765,0.358756,0.28813,0.656406,0.108779,5.11101,0.293342,-0.00678857,-0.0752598,14.5871,-2.6087,80.9759,-0.0820483,0.475054,-3.4261748120188713,1.6000540554523468,0.316972,999,,,,,,,130.1,3.826470588,130.1,3.826470588,,,,,,,,,,,,,,,,,,,"Max Acosta","sa3014711",691185
"Whit Merrifield",,42,182,165,41,30,8,1,3,21,17,13,0,31,1,2,1,,7,2,0.247728,0.073037,0.169697,0.430395,0.304989,0.351052,0.288921,0.65604,0.103323,5.60355,0.286407,0.0306033,0.401602,18.176,-3.11398,85.4324,0.432205,-0.0103846,-2.6698535680770874,-0.3603846039623022,0.313312,741.2100219726562,,,,,,,171.4,4.08095238,171.4,4.08095238,,,,,,,,,,,,,,,,,,,"Whit Merrifield","11281",593160
"Cole Young","SEA",24,105,93,21,15,4,0,2,11,10,10,0,20,1,1,0,,2,1,0.229029,0.0907743,0.19484,0.465892,0.308395,0.333821,0.28748,0.642216,0.104792,4.59463,0.276047,-0.0105002,-0.17611,10.3644,-1.91831,92.3894,-0.186611,0.0654231,-1.1009632050991058,0.5404230654239655,0.303605,999,,,,,,,89,3.708333333,89,3.708333333,,,,,,,,,,,,,,,,,,,"Cole Young","sa3020459",702284
"Vinny Capra","MIL",34,147,131,31,22,7,1,2,15,14,13,0,33,2,1,0,,2,1,0.239858,0.0893295,0.221888,0.402588,0.314735,0.344762,0.293354,0.659497,0.104903,4.18181,0.302249,-0.0347551,-0.145863,15.2051,-1.99066,86.7418,-0.180618,-0.220761,-2.5112026184797287,0.5542390495538712,0.303459,999,,,,,,,133.4,3.923529411,133.4,3.923529411,,,,,,,,,,,,,,,,,,,"Vinny Capra","25040",681962
"Luis Guillorme","HOU",26,112,98,24,18,5,1,1,11,8,12,0,20,1,1,1,,2,0,0.244539,0.109177,0.182679,0.597645,0.330293,0.32798,0.295188,0.658273,0.0834414,4.55636,0.300638,-0.0678472,-0.113209,11.7502,-1.35134,92.9773,-0.181056,-0.229787,-1.0810290277004242,0.2702125012874603,0.301856,999,,,,,,,108.8,4.184615384,108.8,4.184615384,,,,,,,,,,,,,,,,,,,"Luis Guillorme","16451",641645
"Stuart Fairchild","CIN",49,210,186,43,26,8,1,7,26,25,17,0,58,5,1,1,,8,2,0.229481,0.0801942,0.274636,0.292002,0.308023,0.393961,0.308221,0.701984,0.16448,6.25214,0.292659,-0.0120423,0.482988,24.2345,-0.330873,90.6462,0.470945,-0.989988,-1.8779701888561249,-2.2399877309799194,0.296949,750.52001953125,,,,,,,225.1,4.593877551,225.1,4.593877551,,,,,,,,,,,,,,,,,,,"Stuart Fairchild","20321",656413
"Eloy Jiménez","TBR",28,119,109,29,20,5,0,4,12,15,8,0,24,1,1,0,,1,0,0.264136,0.0693984,0.204684,0.339052,0.318065,0.4242,0.321601,0.742265,0.160064,2.34928,0.304342,-0.12706,-0.14483,15.0144,1.09398,114.062,-0.27189,-0.00370402,1.6427447199821472,-2.7787041154224426,0.292376,583.8400268554688,,,,,,,134.4,4.8,134.4,4.8,,,,,,,,,,,,,,,,,,,"Eloy Jimenez","17484",650391
"J.D. Martinez",,81,350,312,74,44,17,1,12,39,44,32,1,101,3,3,0,,0,0,0.236781,0.0913118,0.288807,0.316168,0.311384,0.41315,0.315202,0.724535,0.176369,2.44139,0.306876,-0.929474,-0.59603,42.3572,1.41491,103.511,-1.5255,0,-0.08766889572143555,-8.75,0.291628,684.780029296875,,,,,,,375.2,4.632098765,375.2,4.632098765,,,,,,,,,,,,,,,,,,,"J.D. Martinez","6184",502110
"Hunter Goodman","COL",76,319,293,70,37,17,1,15,38,47,19,0,84,4,3,0,,2,1,0.238686,0.0586978,0.26401,0.222332,0.290331,0.460231,0.321131,0.750561,0.221545,3.8929,0.279131,-0.106324,-0.368309,40.1027,2.81008,92.7045,-0.474633,-1.67714,-3.2558466494083405,-4.252137064933777,0.286363,331.739990234375,,,,,,,365,4.802631578,365,4.802631578,,,,,,,,,,,,,,,,,,,"Hunter Goodman","29715",696100
"Daniel Schneemann","CLE",39,168,148,33,21,7,1,3,17,16,17,0,46,1,1,0,,3,1,0.221605,0.103004,0.272049,0.378624,0.303683,0.350042,0.290491,0.653724,0.128436,4.57891,0.292944,-0.148928,-0.126144,16.9902,-2.66215,89.3713,-0.275072,-0.363062,-2.3181936144828796,-0.5130617171525955,0.285988,741.52001953125,,,,,,,147.9,3.792307692,147.9,3.792307692,,,,,,,,,,,,,,,,,,,"Daniel Schneemann","25180",682177
"Luke Keaschall","MIN",18,77,67,17,11,4,0,2,10,9,7,0,17,2,1,0,,2,1,0.249717,0.0960805,0.218816,0.439092,0.338249,0.386377,0.320535,0.724626,0.13666,5.02192,0.306252,-0.00351285,-0.0233768,9.64913,0.641816,109.938,-0.0268897,0,0.8486572615802288,-0.7249999642372131,0.277868,999,,,,,,,86.6,4.811111111,86.6,4.811111111,,,,,,,,,,,,,,,,,,,"Luke Keaschall","sa3022614",807712
"Christian Bethancourt","TOR",19,77,72,17,11,4,0,3,9,9,3,0,20,0,0,0,,1,0,0.233463,0.0447683,0.257559,0.173818,0.270718,0.387722,0.285074,0.65844,0.154259,4.35918,0.285039,-0.0586565,0.0536142,7.43212,-1.5518,85.6659,-0.00504229,0.25234,-1.264657471794635,1.7523404359817505,0.27377,999,,,,,,,73.9,3.889473684,73.9,3.889473684,,,,,,,,,,,,,,,,,,,"Christian Bethancourt","10028",542194
"Kevin Newman","LAA",55,238,220,54,40,11,1,3,25,20,13,1,39,2,2,2,,5,1,0.245666,0.0542643,0.165574,0.327735,0.29055,0.340067,0.276635,0.630617,0.0944004,5.07092,0.285362,0.252185,0.225519,21.4152,-6.42554,76.6096,0.477705,-0.0536606,-5.892010122537613,0.5963393896818161,0.272466,652,,,,,,,199.9,3.634545454,199.9,3.634545454,,,,,,,,,,,,,,,,,,,"Kevin Newman","17696",621028
"Kyle Farmer","COL",63,273,248,62,42,12,1,7,30,30,16,1,54,6,2,0,,3,2,0.251426,0.0593118,0.19691,0.301213,0.311145,0.392485,0.307211,0.70363,0.141059,4.14833,0.29331,-0.132736,-0.773003,31.2829,-0.652113,83.3357,-0.905739,0.382766,-6.345881640911102,-0.1422336995601654,0.268838,663.469970703125,,,,,,,271.6,4.311111111,271.6,4.311111111,,,,,,,,,,,,,,,,,,,"Kyle Farmer","14813",571657
"Griffin Conine","MIA",84,364,326,72,45,13,1,13,38,44,32,1,127,3,2,0,,0,0,0.221286,0.0877383,0.348758,0.251573,0.295866,0.388378,0.299329,0.684243,0.167092,2.76307,0.314314,-0.197477,-0.597847,39.4012,-3.17886,88.5132,-0.795324,1.13465,-5.795237898826599,-3.7653467655181885,0.264492,675.5499877929688,,,,,,,347.8,4.14047619,347.8,4.14047619,,,,,,,,,,,,,,,,,,,"Griffin Conine","21626",665052
"Anthony Rizzo",,57,245,216,50,33,9,0,8,27,27,21,1,50,7,1,0,,1,1,0.23063,0.0847885,0.203534,0.416582,0.316619,0.381499,0.307552,0.698118,0.150869,2.53027,0.263029,-0.351815,-0.503471,28.1415,-0.518126,98.2485,-0.855286,0.106929,-1.3573634028434753,-4.268071100115776,0.262071,725.3300170898438,,,,,,,248.4,4.357894736,248.4,4.357894736,,,,,,,,,,,,,,,,,,,"Anthony Rizzo","3473",519203
"Jacob Melton","HOU",29,126,117,26,17,5,0,4,14,14,8,0,34,1,1,0,,5,1,0.220927,0.0615839,0.266122,0.231412,0.272481,0.364955,0.278592,0.637436,0.144028,5.83914,0.275949,-0.00613632,0.328547,11.5359,-3.20331,81.3032,0.32241,0.240641,-2.3731144964694977,0.690640777349472,0.260033,999,,,,,,,114.4,3.944827586,114.4,3.944827586,,,,,,,,,,,,,,,,,,,"Jacob Melton","sa3019988",689200
"Andruw Monasterio","MIL",23,98,86,21,15,4,0,1,11,9,10,0,24,1,1,0,,3,1,0.239489,0.101114,0.246098,0.410871,0.32255,0.340674,0.297041,0.663224,0.101185,5.18653,0.313984,-0.0357835,0.0746322,10.4276,-1.0363,89.2233,0.0388487,0.0283426,-1.2240663915872574,0.4283425956964493,0.254866,750.52001953125,,,,,,,88.5,3.847826086,88.5,3.847826086,,,,,,,,,,,,,,,,,,,"Andruw Monasterio","19455",655316
"Mitch Haniger","SEA",79,343,308,68,44,12,0,12,38,39,29,0,99,4,2,0,,0,0,0.22007,0.0848507,0.289577,0.293016,0.293034,0.376811,0.294379,0.669845,0.156741,2.20735,0.280689,-0.305126,-0.565085,35.7616,-4.36191,97.2422,-0.870211,-0.515772,-1.952527642250061,-7.090771555900574,0.246915,652.9500122070312,,,,,,,319.4,4.043037974,319.4,4.043037974,,,,,,,,,,,,,,,,,,,"Mitch Haniger","14274",571745
"Jordan Beck","COL",99,427,386,95,61,20,2,11,48,47,36,1,118,2,3,1,,9,2,0.245659,0.0842286,0.277481,0.303547,0.311323,0.397642,0.309143,0.708965,0.151983,4.99812,0.322345,0.0246654,0.178736,49.5935,-0.356112,84.6359,0.203401,0.484965,-7.641680330038071,-4.190035581588745,0.246608,393.04998779296875,,,,,,,444.3,4.487878787,444.3,4.487878787,,,,,,,,,,,,,,,,,,,"Jordan Beck","31431",687597
"Max Schuemann","ATH",26,112,97,21,15,4,0,2,13,10,11,0,30,2,1,1,,3,1,0.218931,0.0980953,0.26591,0.368904,0.311037,0.319827,0.285212,0.630864,0.100896,5.61994,0.293781,0.00390898,0.140432,10.8509,-2.25062,88.385,0.144341,-0.572747,-1.3441446274518967,-0.022746622562408447,0.244426,640.780029296875,,,,,,,92.9,3.573076923,92.9,3.573076923,,,,,,,,,,,,,,,,,,,"Max Schuemann","24488",680474
"Ezequiel Duran","TEX",23,98,91,23,15,5,1,3,11,11,5,0,24,1,1,0,,2,1,0.250431,0.0516989,0.241777,0.213829,0.294499,0.399823,0.300714,0.694322,0.149392,4.87887,0.309134,-0.0816633,-0.134447,10.7173,-0.746551,95.3366,-0.21611,0.336083,-0.7390297651290894,-0.16391658782958984,0.244142,686.5999755859375,,,,,,,105.2,4.573913043,105.2,4.573913043,,,,,,,,,,,,,,,,,,,"Ezequiel Duran","23733",677649
"Colby Thomas","ATH",18,77,71,17,9,4,0,3,9,10,4,0,22,1,0,0,,1,0,0.235528,0.0507134,0.282854,0.179292,0.286277,0.421349,0.30547,0.707626,0.185821,5.20136,0.298121,-0.00330599,-0.00901093,8.71547,-0.291841,102.635,-0.0123169,0.40129,0.21981209609657526,-0.4237099885940552,0.244039,999,,,,,,,80.9,4.494444444,80.9,4.494444444,,,,,,,,,,,,,,,,,,,"Colby Thomas","sa3020713",687515
"Emmanuel Rodriguez","MIN",13,56,47,10,6,2,0,2,8,6,9,0,19,1,0,0,,1,0,0.21144,0.153081,0.347279,0.440802,0.338333,0.383486,0.32097,0.721818,0.172045,6.05457,0.318881,-0.00242084,-0.0520031,7.03714,0.486371,110.243,-0.054424,0.12096,0.6019330024719238,-0.17904001474380493,0.236473,999,,,,,,,65.5,5.038461538,65.5,5.038461538,,,,,,,,,,,,,,,,,,,"Emmanuel Rodriguez","sa3014693",691181
"Elias Díaz","SDP",78,307,283,64,43,13,0,8,29,33,20,1,70,2,2,0,,1,0,0.227243,0.0642851,0.228318,0.28156,0.280772,0.356624,0.278604,0.637397,0.129382,2.22827,0.273517,-0.565265,-0.450215,28.1285,-7.80715,80.8626,-1.01548,-2.47251,-8.045632004737854,3.5274879932403564,0.235326,512.9299926757812,,,,,,,256.2,3.284615384,256.2,3.284615384,,,,,,,,,,,,,,,,,,,"Elias Diaz","11680",553869
"J.C. Escarra","NYY",21,84,75,17,11,4,0,2,10,9,7,0,15,1,1,0,,1,0,0.223773,0.0858164,0.18198,0.471572,0.300537,0.355634,0.290694,0.656171,0.131861,4.0877,0.257897,-0.030309,-0.123592,8.54932,-1.32363,88.2644,-0.153901,-0.304816,-1.287221446633339,0.7201841771602631,0.232011,999,,,,,,,76.5,3.642857142,76.5,3.642857142,,,,,,,,,,,,,,,,,,,"J.C. Escarra","sa738605",641555
"Sean Bouchard","COL",40,175,153,37,21,9,2,6,22,21,18,0,47,2,1,1,,4,1,0.245272,0.10457,0.271024,0.385832,0.332914,0.435338,0.333519,0.768252,0.190066,6.01366,0.315936,-0.0750864,-0.0224624,23.7586,3.28746,101.043,-0.0975488,-0.0319129,0.12066540122032166,-3.7069130800664425,0.23149,703.260009765625,,,,,,,212.9,5.3225,212.9,5.3225,,,,,,,,,,,,,,,,,,,"Sean Bouchard","21270",656248
"Eric Haase","MIL",32,128,117,26,16,4,0,5,14,17,9,0,43,1,1,0,,1,0,0.217395,0.0672634,0.339416,0.198174,0.272757,0.379017,0.283747,0.651773,0.161622,2.87252,0.294997,-0.145894,-0.202178,12.2501,-2.72309,80.2756,-0.348072,-0.532978,-3.3671543896198273,1.9670217633247375,0.226401,707.6699829101562,,,,,,,119.1,3.721875,119.1,3.721875,,,,,,,,,,,,,,,,,,,"Eric Haase","14111",606992
"Adrian Del Castillo","ARI",23,93,84,20,12,5,0,3,11,11,8,0,23,1,1,0,,0,0,0.240617,0.0867534,0.244305,0.355103,0.311366,0.403015,0.31075,0.714381,0.162398,3.41922,0.296527,-0.0442146,-0.161666,10.9452,0.0428524,97.1881,-0.205881,-0.393109,-0.5192663669586182,-0.44310903549194336,0.219901,473.3800048828125,,,,,,,97.7,4.247826086,97.7,4.247826086,,,,,,,,,,,,,,,,,,,"Adrian Del Castillo","29554",680728
"Leo Jiménez","TOR",11,49,42,10,7,2,0,1,6,5,4,0,11,2,0,0,,0,0,0.235966,0.081089,0.215522,0.376245,0.32976,0.362581,0.309986,0.692341,0.126615,3.8062,0.287657,-0.0311915,-0.0744428,5.72429,-0.00763076,103.189,-0.105634,-0.0196235,0.07315348088741302,0.40537646412849426,0.21812,999,,,,,,,47.2,4.29090909,47.2,4.29090909,,,,,,,,,,,,,,,,,,,"Leo Jimenez","23782",677870
"Angel Martínez","CLE",18,77,69,16,11,4,0,2,8,8,6,0,15,1,1,1,,1,0,0.238171,0.0768259,0.201034,0.382155,0.303778,0.365775,0.294786,0.669553,0.127604,4.49108,0.283625,0.0103352,-0.126975,8.05333,-0.953986,92.3923,-0.11664,-0.0148154,-0.786906473338604,0.3101846054196358,0.215862,744.3400268554688,,,,,,,73.9,4.105555555,73.9,4.105555555,,,,,,,,,,,,,,,,,,,"Angel Martinez","26540",682657
"Drew Waters","KCR",21,91,81,19,12,5,1,2,11,10,8,0,27,1,1,0,,3,1,0.237176,0.0879642,0.293838,0.299363,0.31068,0.394698,0.308601,0.705378,0.157522,6.6641,0.323661,0.00245774,0.042332,10.5295,-0.115553,96.3985,0.0447898,0.0562011,-0.3302061967551708,-0.6187989227473736,0.215285,999,,,,,,,94.3,4.49047619,94.3,4.49047619,,,,,,,,,,,,,,,,,,,"Drew Waters","20505",671221
"Mark Canha","MIL",36,154,132,32,22,7,0,3,17,15,15,0,31,5,1,0,,2,0,0.242745,0.0993501,0.202545,0.490508,0.34138,0.364188,0.315261,0.705568,0.121443,4.04998,0.29324,-0.0698257,-0.100108,18.6446,0.629961,101.487,-0.169934,-0.191191,0.1039135754108429,-3.191191017627716,0.210798,631.6699829101562,,,,,,,159.5,4.430555555,159.5,4.430555555,,,,,,,,,,,,,,,,,,,"Mark Canha","11445",592192
"Rowdy Tellez","SEA",28,119,107,25,16,4,0,5,12,15,10,1,26,1,1,0,,0,0,0.236645,0.0849373,0.22033,0.385501,0.304036,0.407884,0.308172,0.71192,0.171239,1.88796,0.268854,-0.15231,-0.167722,13.7281,-0.192275,106.944,-0.320032,-0.187662,0.6255102157592773,-2.6126624047756195,0.204467,724.719970703125,,,,,,,124.6,4.45,124.6,4.45,,,,,,,,,,,,,,,,,,,"Rowdy Tellez","15679",642133
"Austin Martin","MIN",19,84,72,18,13,4,0,1,10,8,9,0,15,2,1,0,,3,1,0.244293,0.106065,0.18084,0.58651,0.341635,0.339022,0.306895,0.680657,0.0947283,5.53238,0.29727,0.0589181,0.0464613,9.60411,-0.222048,100.343,0.105379,-0.463919,0.1383104808628559,-0.9639188647270203,0.20393,748.469970703125,,,,,,,85.7,4.510526315,85.7,4.510526315,,,,,,,,,,,,,,,,,,,"Austin Martin","27462",668885
"Nelson Velázquez","KCR",29,126,113,26,15,5,1,5,15,16,11,0,34,1,1,0,,2,1,0.230912,0.0873914,0.273805,0.319174,0.304574,0.414855,0.312389,0.719429,0.183943,4.51805,0.286212,0.0496175,-0.123798,14.9634,0.224116,99.0628,-0.0741802,0.00419986,-0.20929362624883652,-2.045800093561411,0.200894,744.97998046875,,,,,,,136.8,4.717241379,136.8,4.717241379,,,,,,,,,,,,,,,,,,,"Nelson Velazquez","23359",676369
"Nathan Lukes","TOR",11,49,44,12,9,2,0,1,6,5,4,0,9,0,0,0,,1,0,0.269652,0.0754172,0.179882,0.419259,0.329974,0.38832,0.314844,0.718294,0.118668,4.35972,0.318302,0,-0.0749534,5.91592,0.183989,106.607,-0.0749534,0.361982,0.2954544350504875,-0.06301814317703247,0.192704,740.760009765625,,,,,,,52.3,4.754545454,52.3,4.754545454,,,,,,,,,,,,,,,,,,,"Nathan Lukes","18123",664770
"Justyn-Henry Malloy","DET",19,84,72,16,10,3,0,2,9,9,11,0,25,1,1,0,,1,0,0.228256,0.127538,0.296446,0.430224,0.334925,0.378792,0.31765,0.713717,0.150535,3.02666,0.311068,-0.0260548,-0.167957,10.3313,0.505096,108.423,-0.194011,-0.000311838,0.6155457347631454,-1.5503117906337138,0.192656,672.530029296875,,,,,,,83,4.368421052,83,4.368421052,,,,,,,,,,,,,,,,,,,"Justyn-Henry Malloy","29606",669234
"Jacob Stallings","COL",81,320,283,65,43,14,0,7,31,33,29,0,74,5,2,1,,1,0,0.230459,0.0908129,0.231824,0.391732,0.31221,0.358117,0.297861,0.670327,0.127659,2.62415,0.286309,-0.975342,-0.52135,34.2605,-3.17252,77.0425,-1.49669,-1.11055,-10.281555652618408,5.139447927474976,0.190844,443.8599853515625,,,,,,,291.3,3.596296296,291.3,3.596296296,,,,,,,,,,,,,,,,,,,"Jacob Stallings","13723",607732
"DaShawn Keirsey Jr.","MIN",15,63,57,14,10,2,1,1,7,7,4,0,17,1,0,0,,3,1,0.24425,0.0678934,0.266596,0.254667,0.302159,0.369839,0.294663,0.671997,0.125588,6.48285,0.321701,-0.0143053,0.14357,6.58287,-0.786748,91.7388,0.129265,0.446824,-0.46624821424484253,0.17182374000549316,0.18649,999,,,,,,,60.2,4.013333333,60.2,4.013333333,,,,,,,,,,,,,,,,,,,"DaShawn Keirsey Jr.","24496",680577
"Blake Sabol","BOS",15,58,51,12,8,2,0,2,6,7,5,0,16,1,0,0,,1,0,0.238416,0.0863298,0.285782,0.302083,0.31143,0.382047,0.304293,0.693477,0.143631,4.50068,0.317919,0.00834959,-0.0246022,6.46508,-0.272856,92.0414,-0.0162527,-0.786088,-0.5407791305333376,0.3389115333557129,0.182358,750.97998046875,,,,,,,60.7,4.046666666,60.7,4.046666666,,,,,,,,,,,,,,,,,,,"Blake Sabol","25805",666165
"Brandon Drury","CHW",76,329,300,69,44,14,1,10,34,38,22,0,78,4,3,0,,1,1,0.230549,0.0656372,0.236761,0.27723,0.289592,0.384217,0.294249,0.67381,0.153668,2.7466,0.275208,-0.492786,-0.595369,34.2676,-4.21823,90.2603,-1.08815,-0.837105,-4.754612922668457,-4.462104678153992,0.180805,653.2100219726562,,,,,,,303.8,3.997368421,303.8,3.997368421,,,,,,,,,,,,,,,,,,,"Brandon Drury","11615",592273
"Drew Millas","WSN",11,45,40,10,7,2,0,1,5,5,4,0,9,0,0,0,,1,0,0.242728,0.0843485,0.195134,0.43226,0.310396,0.363387,0.296629,0.673783,0.120659,4.91466,0.287655,0.00114323,0.0332606,4.75202,-0.4886,89.6817,0.0344038,0.0928981,-0.5183702036738396,0.9678980857133865,0.177091,999,,,,,,,45.1,4.1,45.1,4.1,,,,,,,,,,,,,,,,,,,"Drew Millas","25643",686452
"Adam Frazier","PIT",52,224,202,50,36,10,1,3,24,20,16,0,36,3,1,1,,3,1,0.244532,0.0718946,0.161703,0.444608,0.307726,0.347439,0.290605,0.655165,0.102907,4.73166,0.282769,0.0943068,-0.203702,22.6742,-3.52894,82.677,-0.109396,-0.597162,-4.749537020921707,-0.9971625208854675,0.176886,746.1699829101562,,,,,,,200.8,3.861538461,200.8,3.861538461,,,,,,,,,,,,,,,,,,,"Adam Frazier","15223",624428
"Tom Murphy","SFG",36,146,129,29,19,6,0,4,15,15,14,0,42,1,1,0,,1,0,0.223102,0.0957353,0.288512,0.331824,0.30215,0.36826,0.296152,0.67041,0.145158,2.83002,0.293523,-0.120474,-0.219787,15.3882,-1.64379,90.9642,-0.340261,-1.00644,-1.913480520248413,-0.6564426422119141,0.175687,749.3599853515625,,,,,,,135.3,3.758333333,135.3,3.758333333,,,,,,,,,,,,,,,,,,,"Tom Murphy","13499",608596
"David Peralta",,50,217,197,49,32,11,1,5,22,23,16,1,46,2,2,0,,1,1,0.247082,0.0730879,0.211274,0.345939,0.306796,0.385359,0.302014,0.692155,0.138278,3.72443,0.295681,-0.321171,-0.328533,23.9582,-1.42606,94.4392,-0.649704,-0.366256,-2.061545252799988,-3.4912557899951935,0.173224,748.47998046875,,,,,,,215.1,4.302,215.1,4.302,,,,,,,,,,,,,,,,,,,"David Peralta","2136",444482
"Henry Davis","PIT",18,72,63,14,9,3,0,2,8,8,7,0,19,2,0,0,,1,0,0.229353,0.0930824,0.267082,0.348516,0.319489,0.38589,0.310392,0.705379,0.156537,4.26163,0.292708,-0.0144965,-0.0981197,8.45821,0.0123975,95.9952,-0.112616,-0.470844,-0.45838357508182526,0.0041565001010894775,0.171716,509.1400146484375,,,,,,,71.8,3.988888888,71.8,3.988888888,,,,,,,,,,,,,,,,,,,"Henry Davis","29617",680779
"Matt Mervis","MIA",99,427,381,87,53,19,1,15,45,51,36,1,119,6,3,0,,2,1,0.228097,0.0853755,0.279129,0.305863,0.303222,0.395584,0.305254,0.698805,0.167487,2.95646,0.28914,-0.261101,-0.663042,48.2569,-1.69271,92.5012,-0.924142,0.833813,-4.753089725971222,-7.8411871790885925,0.167852,581.1599731445312,,,,,,,435,4.393939393,435,4.393939393,,,,,,,,,,,,,,,,,,,"Matt Mervis","27845",670223
"Chadwick Tromp","ATL",13,51,47,11,7,2,0,1,5,5,4,0,13,0,0,0,,0,0,0.229128,0.0749867,0.246461,0.304255,0.289046,0.359932,0.285338,0.648979,0.130804,2.44446,0.284909,-0.0174264,-0.0766029,4.96562,-1.02365,80.526,-0.0940293,-0.00366723,-1.2863331958651543,0.9963327655568719,0.167831,737.1699829101562,,,,,,,41.8,3.215384615,41.8,3.215384615,,,,,,,,,,,,,,,,,,,"Chadwick Tromp","16953",644433
"Tyler Locklear","SEA",19,84,74,17,10,4,0,2,10,10,7,0,24,2,1,0,,1,0,0.223913,0.0849573,0.290578,0.292374,0.308095,0.378013,0.302046,0.686108,0.1541,4.55413,0.29668,-0.0125902,-0.0491154,9.27632,-0.549833,102.636,-0.0617056,0.116193,0.19162579625844955,-1.383806899189949,0.166071,708.1599731445312,,,,,,,80.5,4.236842105,80.5,4.236842105,,,,,,,,,,,,,,,,,,,"Tyler Locklear","31396",682988
"Matt Thaiss","CHW",28,109,94,20,14,4,0,2,11,10,13,0,29,1,1,0,,1,0,0.213694,0.121356,0.265123,0.457734,0.315606,0.337216,0.292921,0.652822,0.123522,3.86767,0.278102,-0.10945,-0.0593636,11.2778,-1.51964,89.3258,-0.168814,-1.25003,-1.5049773454666138,0.6249731779098511,0.166022,999,,,,,,,92.3,3.296428571,92.3,3.296428571,,,,,,,,,,,,,,,,,,,"Matt Thaiss","19318",642136
"Will Benson","CIN",23,98,84,18,10,4,1,3,12,11,12,0,33,1,1,0,,4,1,0.210543,0.123533,0.340267,0.363048,0.314788,0.391485,0.310871,0.706273,0.180942,6.85368,0.30098,-0.0870788,0.130421,11.5184,0.0545587,92.4294,0.0433422,-0.0688752,-0.8438525646924973,-0.8188751861453056,0.165324,660.030029296875,,,,,,,106.1,4.613043478,106.1,4.613043478,,,,,,,,,,,,,,,,,,,"Will Benson","21853",666181
"Everson Pereira","NYY",31,133,121,28,18,5,1,5,16,17,9,0,43,2,1,0,,3,1,0.234668,0.0695303,0.324189,0.214474,0.296693,0.407609,0.306463,0.704302,0.172941,5.55101,0.320572,-0.0147877,-0.086207,15.1603,-0.3978,99.3566,-0.100995,-0.347194,-0.1989012435078621,-2.6721942126750946,0.161374,745.9000244140625,,,,,,,138.9,4.480645161,138.9,4.480645161,,,,,,,,,,,,,,,,,,,"Everson Pereira","23695",677592
"Sam Hilliard","COL",36,154,137,32,19,6,1,6,20,19,14,0,48,1,1,1,,4,1,0.234467,0.093698,0.312106,0.300212,0.308034,0.424541,0.31701,0.732575,0.190074,6.18021,0.310401,0.00599657,0.173729,18.8613,0.846631,89.9307,0.179726,-0.348524,-1.6745830178260803,-1.8985239267349243,0.160622,643.9000244140625,,,,,,,171.5,4.763888888,171.5,4.763888888,,,,,,,,,,,,,,,,,,,"Sam Hilliard","17954",656541
"Billy Cook","PIT",23,98,89,21,13,4,1,3,11,11,7,0,27,1,1,0,,3,1,0.231352,0.0700413,0.279958,0.250185,0.294497,0.385164,0.296634,0.679662,0.153813,5.71801,0.299273,-0.00942887,0.122781,10.3955,-1.06839,86.7348,0.113353,0.781784,-1.4411860182881355,-0.26821577548980713,0.160504,679.739990234375,,,,,,,101,4.391304347,101,4.391304347,,,,,,,,,,,,,,,,,,,"Billy Cook","29573",695257
"Nasim Nuñez","WSN",23,98,85,19,15,3,0,1,11,7,11,0,22,1,1,1,,6,1,0.220603,0.111371,0.220436,0.505232,0.311302,0.281772,0.272162,0.593074,0.0611688,5.66746,0.285914,-0.0144525,0.32284,8.46517,-2.99868,73.2137,0.308388,0.258039,-2.8306722044944763,1.108038991689682,0.159137,750.2100219726562,,,,,,,84.1,3.656521739,84.1,3.656521739,,,,,,,,,,,,,,,,,,,"Nasim Nunez","25979",683083
"Logan Driscoll","TBR",8,32,29,7,5,2,0,1,3,3,2,0,8,0,0,0,,0,0,0.233894,0.0652921,0.252397,0.258687,0.293788,0.357873,0.286031,0.651661,0.123979,3.40855,0.298527,-0.00572497,-0.0569346,3.12135,-0.621949,89.0408,-0.0626596,0.202227,-0.46392732113599777,0.827227309346199,0.158895,999,,,,,,,31.4,3.925,31.4,3.925,,,,,,,,,,,,,,,,,,,"Logan Driscoll","25475",686482
"Max Muncy","ATH",13,56,51,12,8,3,0,1,6,6,4,0,17,1,0,0,,1,0,0.229239,0.0651224,0.300592,0.216647,0.292509,0.359267,0.287428,0.651776,0.130028,4.33063,0.315585,-0.00243103,-0.0514698,5.52531,-1.02546,89.9433,-0.0539008,0.0137872,-0.6982907727360725,0.36378722824156284,0.158251,999,,,,,,,51.2,3.938461538,51.2,3.938461538,,,,,,,,,,,,,,,,,,,"Max Muncy","sa3017290",691777
"Korey Lee","CHW",47,186,174,39,25,8,0,6,19,19,10,0,55,1,1,0,,3,1,0.221885,0.0523985,0.294449,0.177954,0.266572,0.366548,0.275943,0.63312,0.144663,4.70649,0.288824,0.0448709,-0.00443201,16.5968,-5.1143,77.3832,0.0404389,-1.24132,-4.762590207159519,2.383675217628479,0.157343,559.219970703125,,,,,,,159.9,3.402127659,159.9,3.402127659,,,,,,,,,,,,,,,,,,,"Korey Lee","25543",686676
"Leo Rivas","SEA",11,49,41,9,7,1,0,0,5,4,6,0,12,0,0,0,,2,1,0.217142,0.127713,0.25407,0.50267,0.322785,0.295057,0.283508,0.617842,0.077915,5.75398,0.294767,-0.0249385,0.0916055,4.68008,-1.05184,89.5957,0.066667,-0.000896569,-0.5166614502668381,0.37410343100782484,0.153975,999,,,,,,,31.3,2.845454545,31.3,2.845454545,,,,,,,,,,,,,,,,,,,"Leo Rivas","21009",660844
"Michael Siani","STL",40,175,156,34,25,5,1,2,19,14,15,0,44,1,1,2,,8,2,0.215442,0.0869445,0.249599,0.348337,0.288801,0.304565,0.26664,0.593366,0.0891234,6.25506,0.282334,0.00896811,0.387576,14.3387,-6.13245,70.6016,0.396544,1.05945,-5.755541443824768,1.3844454884529114,0.150432,633.6699829101562,,,,,,,131,3.275,131,3.275,,,,,,,,,,,,,,,,,,,"Michael Siani","22557",672279
"Grant McCray","SFG",28,119,108,24,15,5,1,3,14,13,9,0,39,1,1,0,,4,1,0.224226,0.0731144,0.330571,0.221176,0.287551,0.368027,0.287447,0.655578,0.1438,6.76482,0.322425,-0.00149747,0.16271,11.7431,-2.17727,85.1049,0.161212,0.283919,-1.95837864279747,-0.5910806059837341,0.145969,734.5999755859375,,,,,,,109.6,3.914285714,109.6,3.914285714,,,,,,,,,,,,,,,,,,,"Grant McCray","25690",687529
"Chase DeLauter","CLE",10,42,38,10,6,2,0,1,5,5,3,0,7,0,0,0,,0,0,0.258795,0.0778536,0.173191,0.449524,0.31957,0.416522,0.320074,0.736091,0.157727,3.49765,0.289858,0,-0.056569,5.24755,0.334476,110.18,-0.056569,0.030375,0.4326629936695099,-0.41962498612701893,0.145945,999,,,,,,,42.2,4.22,42.2,4.22,,,,,,,,,,,,,,,,,,,"Chase DeLauter","sa3021053",800050
"Casey Schmitt","SFG",11,49,45,11,7,2,0,1,5,6,3,0,11,1,0,0,,1,0,0.243792,0.0558263,0.227966,0.244889,0.292804,0.387478,0.295701,0.680282,0.143687,4.11907,0.29318,-0.022032,-0.0472139,5.16095,-0.570975,90.6608,-0.0692459,0.213884,-0.6164703294634819,0.38888369500637054,0.145019,745.97998046875,,,,,,,45.7,4.154545454,45.7,4.154545454,,,,,,,,,,,,,,,,,,,"Casey Schmitt","27577",669477
"Deyvison De Los Santos","MIA",79,343,322,81,52,13,1,14,40,44,16,1,92,3,2,1,,1,1,0.250348,0.0457973,0.268344,0.170666,0.290047,0.430902,0.309279,0.720949,0.180553,3.0825,0.304886,-0.0174661,-0.544129,39.8749,-0.248608,95.2102,-0.561595,0.366882,-2.5261926651000977,-7.508117645978928,0.143343,456.8800048828125,,,,,,,362.7,4.59113924,362.7,4.59113924,,,,,,,,,,,,,,,,,,,"Deyvison De Los Santos","sa3015168",691277
"Mickey Gasper","MIN",6,27,24,6,4,1,0,1,3,3,3,0,5,1,0,0,,0,0,0.249332,0.112506,0.180802,0.622259,0.348127,0.381461,0.325133,0.729588,0.132129,3.59192,0.29202,-0.0149732,-0.0424655,3.53497,0.329773,113.172,-0.0574387,0.187383,0.35550631955266,0.08738323301076889,0.140074,999,,,,,,,33.9,5.65,33.9,5.65,,,,,,,,,,,,,,,,,,,"Mickey Gasper","24759",681508
"Sam Huff","SFG",11,45,41,9,6,2,0,1,4,5,3,0,15,0,0,0,,0,0,0.221765,0.0693576,0.325988,0.212761,0.280243,0.365843,0.282639,0.646086,0.144078,2.16917,0.307908,-0.00652048,-0.0658591,4.24758,-0.99304,81.8689,-0.0723796,-0.00659152,-1.0437039956450462,0.8684084843844175,0.138038,741.0999755859375,,,,,,,33.6,3.054545454,33.6,3.054545454,,,,,,,,,,,,,,,,,,,"Sam Huff","22209",669087
"Kevin Pillar","TEX",31,133,122,28,18,6,0,4,16,15,7,0,31,3,1,0,,3,1,0.229655,0.0502551,0.230737,0.217803,0.281577,0.384039,0.28984,0.665616,0.154385,5.35172,0.270481,-0.0695516,0.0408032,13.3809,-2.1772,87.6876,-0.0287484,-0.492935,-1.902446385473013,-1.2179353833198547,0.135629,750.219970703125,,,,,,,122.7,3.958064516,122.7,3.958064516,,,,,,,,,,,,,,,,,,,"Kevin Pillar","12434",607680
"Tim Anderson","LAA",23,98,93,24,19,4,0,1,10,8,4,0,24,1,0,0,,2,1,0.260348,0.040997,0.241152,0.170005,0.294471,0.34121,0.279676,0.635682,0.0808628,4.86474,0.336502,0.0859554,-0.0315214,9.05786,-2.40599,78.7483,0.054434,-0.296432,-2.328572567552328,0.3535684049129486,0.133422,681.6199951171875,,,,,,,78.4,3.408695652,78.4,3.408695652,,,,,,,,,,,,,,,,,,,"Tim Anderson","15172",641313
"Eric Wagaman","MIA",36,154,142,35,23,8,1,4,17,17,10,0,32,1,1,0,,2,1,0.248833,0.0676115,0.205092,0.329665,0.302483,0.399418,0.305649,0.701902,0.150586,4.30862,0.291518,-0.0458645,-0.155817,17.4531,-0.56151,92.7672,-0.201682,-0.667386,-1.5336361080408096,-2.317386031150818,0.13192,745.9500122070312,,,,,,,154.5,4.291666666,154.5,4.291666666,,,,,,,,,,,,,,,,,,,"Eric Wagaman","23395",676572
"Ji Hwan Bae","PIT",10,42,38,10,7,2,0,1,5,4,4,0,10,0,0,0,,2,1,0.258293,0.0894782,0.228467,0.391647,0.327448,0.36891,0.306849,0.696358,0.110617,6.44112,0.329962,0.0249981,0.0553942,4.80051,-0.112572,93.6102,0.0803923,-0.0489858,-0.24053020775318146,0.10101423412561417,0.13004,742.780029296875,,,,,,,46.2,4.62,46.2,4.62,,,,,,,,,,,,,,,,,,,"Ji Hwan Bae","23818",678225
"Ronny Mauricio","NYM",10,42,39,9,6,2,0,1,5,5,2,0,9,0,0,0,,1,0,0.240991,0.0512271,0.223698,0.229001,0.2847,0.395775,0.294124,0.680475,0.154784,5.2348,0.283075,0.00662345,-0.0180804,4.37035,-0.54273,91.1458,-0.0114569,0.111034,-0.4561511240899563,0.3110336586833,0.129461,594,,,,,,,34.5,3.45,34.5,3.45,,,,,,,,,,,,,,,,,,,"Ronny Mauricio","23698",677595
"Manuel Margot","MIL",13,56,51,13,10,3,0,1,6,6,4,0,10,0,0,0,,1,0,0.262179,0.0658077,0.170084,0.386914,0.315281,0.381054,0.305235,0.696335,0.118875,4.79592,0.302892,0.01741,-0.0291245,6.32793,-0.222842,94.7385,-0.0117145,-0.154776,-0.3640521001070738,-0.2547764927148819,0.128687,745.8400268554688,,,,,,,53.8,4.138461538,53.8,4.138461538,,,,,,,,,,,,,,,,,,,"Manuel Margot","14712",622534
"Myles Straw","TOR",18,77,69,16,12,3,0,0,8,6,6,0,15,0,1,0,,3,1,0.22793,0.0839002,0.195698,0.428722,0.294048,0.299089,0.265567,0.593137,0.0711595,6.20299,0.283621,0.086381,0.246587,6.2425,-2.76481,71.9438,0.332968,0.508271,-2.138895481824875,0.7832706272602081,0.125091,748.6199951171875,,,,,,,50.2,2.788888888,50.2,2.788888888,,,,,,,,,,,,,,,,,,,"Myles Straw","17620",664702
"Joshua Palacios","PIT",11,49,44,11,8,2,0,1,6,6,4,0,10,1,0,0,,1,0,0.258995,0.0744733,0.211726,0.351743,0.322498,0.406729,0.318303,0.729227,0.147734,4.82529,0.310337,-0.00365044,-0.042941,6.05233,0.320406,101.32,-0.0465914,-0.0402636,0.030738864094018936,-0.46526360139250755,0.123647,749.780029296875,,,,,,,49.7,4.518181818,49.7,4.518181818,,,,,,,,,,,,,,,,,,,"Joshua Palacios","19818",641943
"Joey Wiemer","KCR",37,161,143,31,20,7,1,3,17,15,15,0,46,2,1,0,,4,1,0.218025,0.0929113,0.284687,0.326363,0.297483,0.343859,0.284921,0.641342,0.125834,5.17761,0.294471,-0.0254029,-0.0023828,15.5604,-3.27306,79.741,-0.0277857,0.566546,-3.759862868115306,-0.45845353603363037,0.118635,748.9299926757812,,,,,,,140.6,3.8,140.6,3.8,,,,,,,,,,,,,,,,,,,"Joey Wiemer","27690",686894
"Dylan Carlson","BAL",8,35,31,7,5,2,0,1,4,4,3,0,8,1,0,0,,0,0,0.239443,0.0927672,0.229913,0.403489,0.32183,0.372473,0.307522,0.694303,0.13303,4.14271,0.29689,0.0197823,-0.0448088,4.01937,-0.0748596,102.732,-0.0250265,0.152451,0.08438070863485336,-0.12254881858825684,0.116557,741.9099731445312,,,,,,,35.4,4.425,35.4,4.425,,,,,,,,,,,,,,,,,,,"Dylan Carlson","20126",666185
"Adam Duvall",,36,154,141,30,16,6,0,7,16,20,10,0,49,2,1,0,,1,0,0.209931,0.063722,0.315591,0.201913,0.269269,0.398226,0.289164,0.667495,0.188295,3.29534,0.265665,-0.126333,-0.145999,15.4098,-2.60482,85.5993,-0.272332,0.510761,-2.867062509059906,-1.1392385363578796,0.116158,999,,,,,,,148.1,4.113888888,148.1,4.113888888,,,,,,,,,,,,,,,,,,,"Adam Duvall","10950",594807
"Taylor Trammell","HOU",8,35,30,7,4,1,0,1,4,4,4,0,11,0,0,0,,1,0,0.216367,0.110056,0.309679,0.355386,0.309916,0.397107,0.309996,0.707023,0.180739,4.89936,0.285917,-0.00399246,-0.00581603,4.08907,-0.00516417,103.393,-0.00980849,0.195309,0.12607931531965733,-0.17969055473804474,0.114962,999,,,,,,,35.4,4.425,35.4,4.425,,,,,,,,,,,,,,,,,,,"Taylor Trammell","19960",666211
"Jacob Amaya","CHW",16,70,63,14,10,2,0,1,7,7,6,0,17,0,1,0,,1,0,0.21668,0.0860807,0.249526,0.344977,0.286934,0.322958,0.271925,0.609891,0.106277,4.23209,0.276323,0.0099913,-0.0403666,6.03322,-2.15525,74.557,-0.0303753,0.0816291,-2.068225232884288,0.831629142165184,0.113284,999,,,,,,,50.5,3.15625,50.5,3.15625,,,,,,,,,,,,,,,,,,,"Jacob Amaya","23296",676070
"Dominic Canzone","SEA",8,35,32,8,5,1,0,1,4,4,3,0,8,0,0,0,,0,0,0.241704,0.0753198,0.231805,0.324928,0.301678,0.417162,0.31066,0.71884,0.175458,3.70518,0.281467,-0.0151505,-0.0290983,4.10779,0.0135609,108.695,-0.0442488,-0.114491,0.30396414175629616,-0.3894914984703064,0.111666,749.5,,,,,,,34.1,4.2625,34.1,4.2625,,,,,,,,,,,,,,,,,,,"Dominic Canzone","26438",686527
"Jose Herrera","ARI",24,96,85,19,14,3,0,1,10,8,9,0,21,1,1,1,,0,0,0.222944,0.0937875,0.222808,0.420933,0.299874,0.30534,0.273014,0.605213,0.0823959,3.43211,0.284794,-0.0809573,-0.21951,8.35828,-2.87161,71.789,-0.300467,-0.138097,-3.53901943564415,1.7369026988744736,0.111152,750.719970703125,,,,,,,69.5,2.895833333,69.5,2.895833333,,,,,,,,,,,,,,,,,,,"Jose Herrera","17040",645444
"Vaughn Grissom","BOS",6,28,25,7,5,1,0,0,3,3,2,0,5,0,0,0,,1,0,0.263299,0.0856872,0.184812,0.463646,0.338184,0.377692,0.317225,0.715876,0.114393,5.04641,0.314143,0.00889936,0.00393296,3.43418,0.15879,101.138,0.0128323,-0.0148656,0.04928245022892952,0.08513440378010273,0.110281,572.6199951171875,,,,,,,25,4.166666666,25,4.166666666,,,,,,,,,,,,,,,,,,,"Vaughn Grissom","26031",687093
"Eli White","ATL",15,63,56,13,9,2,0,1,8,6,5,0,18,1,0,0,,3,1,0.228473,0.0853634,0.291914,0.292426,0.304085,0.349225,0.290585,0.65331,0.120751,6.38258,0.311739,0.00708183,0.15336,6.37608,-0.99354,84.0573,0.160442,0.130123,-1.040616288781166,0.00512269139289856,0.109729,999,,,,,,,52.9,3.526666666,52.9,3.526666666,,,,,,,,,,,,,,,,,,,"Eli White","19346",642201
"Vidal Bruján","CHC",23,98,88,20,14,4,1,2,11,9,8,1,20,1,0,0,,4,2,0.227236,0.0844144,0.199383,0.423378,0.300345,0.340535,0.283161,0.64088,0.113299,5.75994,0.272654,0.0525376,-0.20954,9.3328,-2.13105,82.7992,-0.157003,-0.446331,-2.1727520376443863,-0.04633089900016785,0.107865,657.47998046875,,,,,,,89.1,3.873913043,89.1,3.873913043,,,,,,,,,,,,,,,,,,,"Vidal Brujan","20536",660644
"Noelvi Marte","CIN",29,126,116,28,20,5,0,3,14,13,8,0,32,1,1,0,,4,1,0.242903,0.0616619,0.250904,0.245758,0.295464,0.374018,0.293153,0.669482,0.131115,4.91859,0.305059,0.063856,0.0469222,13.0126,-1.72664,80.5042,0.110778,-0.785102,-2.8266848251223564,-0.3351017236709595,0.106804,450.5199890136719,,,,,,,115.3,3.975862068,115.3,3.975862068,,,,,,,,,,,,,,,,,,,"Noelvi Marte","26517",682622
"Blake Dunn","CIN",23,98,86,20,14,3,0,2,12,10,8,0,29,2,1,1,,4,1,0.229367,0.0802206,0.29947,0.267876,0.309554,0.354191,0.295497,0.663746,0.124824,6.16873,0.317341,-0.0130711,0.267021,10.3058,-1.15804,82.082,0.25395,0.423313,-1.8458425998687744,-0.4266872704029083,0.102345,748.0999755859375,,,,,,,88.3,3.839130434,88.3,3.839130434,,,,,,,,,,,,,,,,,,,"Blake Dunn","29487",694362
"Luken Baker","STL",37,161,142,31,18,6,0,7,17,21,16,0,44,1,1,0,,0,0,0.215928,0.0999584,0.272316,0.367067,0.297719,0.407167,0.306385,0.704886,0.191239,2.226,0.255156,-0.130747,-0.21846,18.3419,-0.49159,97.3528,-0.349207,-0.0548401,-0.8588653802871704,-3.529840014874935,0.100464,723.9500122070312,,,,,,,165.8,4.481081081,165.8,4.481081081,,,,,,,,,,,,,,,,,,,"Luken Baker","21497",663609
"Jeferson Quero","MIL",6,26,23,5,4,1,0,1,3,3,2,0,6,0,0,0,,0,0,0.229254,0.0747504,0.224097,0.333563,0.291653,0.369567,0.290406,0.66122,0.140312,3.46161,0.269618,-0.00111692,-0.014229,2.58723,-0.407406,84.7578,-0.0153459,0.0784421,-0.48195059411227703,0.5784421041607857,0.0980103,745.0499877929688,,,,,,,23.3,3.883333333,23.3,3.883333333,,,,,,,,,,,,,,,,,,,"Jeferson Quero","sa3015407",691620
"Juan Yepez","WSN",21,91,82,20,13,4,0,3,10,11,7,0,18,1,1,0,,0,0,0.248561,0.0776223,0.193936,0.400246,0.310054,0.421505,0.317469,0.731559,0.172944,2.91568,0.277049,-0.0835568,-0.178467,11.179,0.53396,103.709,-0.262023,-0.0649999,0.14158272743225098,-2.239999882876873,0.0962521,663.02001953125,,,,,,,93.8,4.466666666,93.8,4.466666666,,,,,,,,,,,,,,,,,,,"Juan Yepez","18400",660766
"Robbie Grossman",,28,119,102,23,15,5,0,2,13,11,15,0,30,1,1,0,,1,0,0.22167,0.126757,0.249565,0.507913,0.325173,0.346973,0.301782,0.672147,0.125303,3.9452,0.284449,-0.0711849,-0.100447,13.1162,-0.80423,94.2798,-0.171632,-0.107824,-0.9680662602186203,-2.0828236266970634,0.0943941,999,,,,,,,110,3.928571428,110,3.928571428,,,,,,,,,,,,,,,,,,,"Robbie Grossman","5254",543257
"Pablo Reyes","NYY",8,35,31,8,5,1,0,1,4,4,3,0,7,0,0,0,,1,0,0.240428,0.0830475,0.194903,0.426097,0.307482,0.364647,0.296545,0.672129,0.124219,4.97847,0.28182,0.00218077,-0.02144,3.71015,-0.384082,92.38,-0.0192592,0.0437966,-0.32442145608365536,0.06879655458033085,0.0940982,999,,,,,,,37,4.625,37,4.625,,,,,,,,,,,,,,,,,,,"Pablo Reyes","16357",622569
"Weston Wilson","PHI",19,84,75,16,10,3,0,3,10,10,8,0,25,0,1,0,,2,1,0.220269,0.094685,0.291761,0.32453,0.29701,0.395136,0.301523,0.692146,0.174867,5.11619,0.278255,-0.0171572,0.0831016,9.24096,-0.585193,92.023,0.0659444,-0.459256,-0.7353320345282555,-1.1592562794685364,0.0932284,748.8400268554688,,,,,,,76.5,4.026315789,76.5,4.026315789,,,,,,,,,,,,,,,,,,,"Weston Wilson","19358",642215
"Oscar Colás","CHW",45,196,178,42,29,8,1,5,21,21,14,1,51,2,1,0,,3,2,0.237369,0.0719354,0.25901,0.277732,0.298048,0.37179,0.2918,0.669838,0.134421,4.00899,0.301665,0.0919771,-0.409695,20.0283,-2.8994,88.5373,-0.317718,0.251177,-2.8884056508541107,-2.7488226890563965,0.092592,739.1900024414062,,,,,,,181.2,4.026666666,181.2,4.026666666,,,,,,,,,,,,,,,,,,,"Oscar Colas","30162",693049
"Victor Mesa Jr.","MIA",19,84,77,18,12,4,0,2,9,9,5,0,20,1,1,0,,1,0,0.229654,0.0616702,0.234213,0.263308,0.281285,0.356081,0.279478,0.637366,0.126426,4.23892,0.281736,0,-0.0624517,7.75052,-2.07564,75.1525,-0.0624517,0.333,-2.558330859988928,0.6330000162124634,0.0900533,999,,,,,,,74.1,3.9,74.1,3.9,,,,,,,,,,,,,,,,,,,"Victor Mesa Jr.","sa3010700",683748
"Shay Whitcomb","HOU",6,28,26,6,4,1,0,1,3,4,2,0,8,0,0,0,,1,0,0.230829,0.0669767,0.283404,0.236329,0.289162,0.39333,0.296683,0.682491,0.162501,4.87813,0.292327,-0.00716835,0.00759922,2.97123,-0.304155,94.0285,0.000430874,0.120216,-0.19088286976329982,0.12021622620522976,0.0891006,680.0700073242188,,,,,,,27.8,4.633333333,27.8,4.633333333,,,,,,,,,,,,,,,,,,,"Shay Whitcomb","27789",694376
"Jon Singleton","HOU",31,133,114,24,15,5,0,4,15,15,17,0,38,0,1,0,,0,0,0.211551,0.129628,0.283555,0.457151,0.31371,0.37191,0.303563,0.68562,0.160359,2.84313,0.270687,-0.204373,-0.206945,14.8499,-0.708174,98.8686,-0.411318,-0.068243,-0.5834952145814896,-2.993242934346199,0.0884973,723.7899780273438,,,,,,,123.5,3.983870967,123.5,3.983870967,,,,,,,,,,,,,,,,,,,"Jon Singleton","10441",572138
"Cal Stevenson","PHI",10,42,36,8,5,2,0,1,5,4,6,0,9,0,0,0,,2,0,0.226976,0.131685,0.220091,0.598322,0.331066,0.345245,0.302833,0.676311,0.118269,5.74984,0.283829,-0.0155098,0.07652,4.66475,-0.248326,92.9044,0.0610101,-0.00501042,-0.29535777121782303,-0.2550104218535125,0.0876078,999,,,,,,,45.8,4.58,45.8,4.58,,,,,,,,,,,,,,,,,,,"Cal Stevenson","22411",670276
"Hao-Yu  Lee","DET",5,21,19,5,3,1,0,0,2,2,1,0,4,0,0,0,,0,0,0.253495,0.068033,0.202934,0.335247,0.310016,0.393056,0.306773,0.703072,0.139561,5.9756,0.300956,-0.000976196,0.0148645,2.39896,-0.0575752,100.772,0.0138883,0,0.03242829628288746,0.07500000298023224,0.0833941,999,,,,,,,14.9,2.98,14.9,2.98,,,,,,,,,,,,,,,,,,,"Hao-Yu  Lee","sa3017863",701678
"Tyler Wade","SDP",21,91,82,18,14,3,0,1,11,7,7,0,21,1,0,1,,5,1,0.225558,0.0804336,0.235213,0.341961,0.294811,0.299342,0.268031,0.594153,0.0737845,6.29906,0.295367,0.075134,0.292197,7.55799,-3.08701,73.7467,0.367331,-0.365041,-2.489516317844391,0.25995856523513794,0.0827082,999,,,,,,,67.6,3.219047619,67.6,3.219047619,,,,,,,,,,,,,,,,,,,"Tyler Wade","15730",642180
"Drew Avans","ATH",21,91,81,18,13,3,1,1,11,7,9,0,26,1,0,0,,3,1,0.221044,0.0949411,0.289278,0.328201,0.298831,0.321406,0.277662,0.620237,0.100362,6.62968,0.310735,-0.0254275,0.131884,8.26335,-2.38166,83.0737,0.106456,0.28793,-1.6559621766209602,-0.5870703160762787,0.0816411,999,,,,,,,76.5,3.642857142,76.5,3.642857142,,,,,,,,,,,,,,,,,,,"Drew Avans","sa3006937",682183
"Brandon Lockridge","SDP",10,42,38,9,6,2,0,1,5,4,4,0,12,0,0,0,,2,0,0.236253,0.0833754,0.282014,0.295643,0.306374,0.331795,0.285031,0.638169,0.0955419,6.38379,0.328811,-0.0078579,0.216457,4.06298,-0.850099,85.189,0.208599,0.163717,-0.5352700352668762,-0.0862826406955719,0.080256,748.1699829101562,,,,,,,43.4,4.34,43.4,4.34,,,,,,,,,,,,,,,,,,,"Brandon Lockridge","21496",663604
"Austin Wynns","CIN",10,38,35,8,6,2,0,1,4,4,3,0,10,1,0,0,,0,0,0.230387,0.0728448,0.264813,0.275081,0.29543,0.348621,0.28531,0.644051,0.118234,2.74914,0.299696,-0.0457196,-0.0532955,3.72334,-0.76862,75.2252,-0.0990151,-0.0330388,-1.2366484180092812,0.7169612273573875,0.0791712,999,,,,,,,37,3.7,37,3.7,,,,,,,,,,,,,,,,,,,"Austin Wynns","15271",642851
"Kevin Alcántara","CHC",11,49,45,11,8,2,0,1,5,5,3,0,14,0,0,0,,1,0,0.238193,0.0671507,0.289414,0.232023,0.293468,0.361686,0.288087,0.655154,0.123493,4.42875,0.319999,-0.0003719,-0.0138682,4.86066,-0.871261,86.1146,-0.0142401,-0.116391,-0.8278505289927125,-0.04139067232608795,0.0787501,681.47998046875,,,,,,,42.7,3.881818181,42.7,3.881818181,,,,,,,,,,,,,,,,,,,"Kevin Alcantara","25971",682634
"Jahmai Jones","DET",6,28,24,6,4,1,0,1,3,3,3,0,7,0,0,0,,1,0,0.227247,0.101456,0.261734,0.387633,0.317576,0.368313,0.304613,0.685889,0.141066,5.74581,0.297091,-0.0075071,-0.0000962557,3.14996,-0.125429,99.2527,-0.00760336,0.0500391,-0.03154506767168641,-0.14996091648936272,0.0776534,747.239990234375,,,,,,,32.8,5.466666666,32.8,5.466666666,,,,,,,,,,,,,,,,,,,"Jahmai Jones","18872",663330
"David Bote","LAD",6,28,25,6,4,1,0,1,3,3,2,0,7,0,0,0,,0,0,0.228838,0.07237,0.250535,0.288862,0.29492,0.37232,0.293202,0.66724,0.143482,3.71019,0.286386,-0.0139931,-0.0389677,2.89279,-0.382594,88.7101,-0.0529608,0.131591,-0.4309770502150059,0.23159059137105942,0.0757069,999,,,,,,,26.9,4.483333333,26.9,4.483333333,,,,,,,,,,,,,,,,,,,"David Bote","14593",623520
"Nick Maton","CHW",11,49,43,9,6,2,0,1,5,5,5,0,12,1,0,0,,0,0,0.219949,0.108685,0.247864,0.438488,0.312987,0.366473,0.300949,0.67946,0.146523,3.37163,0.272283,0.00447068,-0.0814863,5.3679,-0.364029,94.9729,-0.0770156,-0.517698,-0.358866311609745,-0.5426982901990414,0.0755865,999,,,,,,,40.6,3.69090909,40.6,3.69090909,,,,,,,,,,,,,,,,,,,"Nick Maton","21635",665155
"J.D. Davis","LAA",23,98,87,20,13,4,0,3,10,10,9,0,32,1,1,0,,0,0,0.224345,0.0881445,0.32983,0.267242,0.301292,0.373412,0.297702,0.674704,0.149067,2.0891,0.315156,-0.0762724,-0.166616,10.4797,-0.984165,91.4282,-0.242888,-0.0357362,-1.2040649503469467,-1.3357361853122711,0.0750912,734.8800048828125,,,,,,,94.8,4.12173913,94.8,4.12173913,,,,,,,,,,,,,,,,,,,"J.D. Davis","16219",605204
"Brett Harris","ATH",5,21,18,4,3,1,0,0,2,2,2,0,5,0,0,0,,0,0,0.226379,0.0926074,0.215001,0.43073,0.310588,0.34791,0.294141,0.658498,0.121531,4.13227,0.272612,0.00166759,-0.0351321,2.18547,-0.271074,94.6658,-0.0334645,0.0935313,-0.16163749247789383,0.16853134334087372,0.0730111,999,,,,,,,13.3,2.66,13.3,2.66,,,,,,,,,,,,,,,,,,,"Brett Harris","29788",695391
"Bryan Ramos","CHW",31,133,121,27,18,5,0,4,14,15,9,0,31,2,1,0,,1,1,0.226613,0.0672364,0.235556,0.285437,0.287368,0.370134,0.288566,0.657501,0.14352,3.49376,0.270465,0.0187122,-0.283719,13.2445,-2.31358,86.2628,-0.265007,0.147674,-2.3555322885513306,-1.3773263245821,0.0723735,682.4099731445312,,,,,,,114.4,3.69032258,114.4,3.69032258,,,,,,,,,,,,,,,,,,,"Bryan Ramos","25621",682868
"Jacob Hurtubise","CIN",11,49,42,10,8,1,0,0,6,4,5,0,11,2,0,1,,2,0,0.241029,0.104467,0.215718,0.484277,0.343415,0.328917,0.30455,0.672332,0.087888,6.89606,0.309197,-0.000394195,0.113566,5.50992,-0.222,88.1751,0.113172,-0.0503331,-0.5797054246068001,-0.37533313035964966,0.0698891,999,,,,,,,41.7,3.79090909,41.7,3.79090909,,,,,,,,,,,,,,,,,,,"Jacob Hurtubise","27599",674441
"Austin Shenton","SEA",6,28,25,5,3,1,0,1,3,3,3,0,9,0,0,0,,0,0,0.215243,0.105136,0.332032,0.316644,0.303706,0.376237,0.300144,0.679944,0.160994,2.41074,0.302907,-0.00640621,-0.046662,3.04924,-0.226149,101.298,-0.0530682,-0.0478452,-0.01149575412273407,-0.24784522131085396,0.0696147,999,,,,,,,24.3,4.05,24.3,4.05,,,,,,,,,,,,,,,,,,,"Austin Shenton","25425",668853
"Riley Adams","WSN",29,115,103,23,14,5,0,3,11,13,9,0,33,2,1,0,,1,0,0.222243,0.0798923,0.28862,0.276808,0.299521,0.380051,0.297702,0.679572,0.157809,3.48951,0.291526,-0.0682332,-0.131135,12.319,-1.15688,90.4041,-0.199368,-2.04278,-1.5212650299072266,0.20722270011901855,0.0679721,750.1400146484375,,,,,,,103.4,3.565517241,103.4,3.565517241,,,,,,,,,,,,,,,,,,,"Riley Adams","19864",656180
"Bryan De La Cruz","ATL",24,105,97,24,16,5,0,3,11,13,6,0,28,1,1,0,,1,0,0.247638,0.0582054,0.265214,0.219466,0.29312,0.399909,0.300243,0.69303,0.152271,2.89598,0.309248,-0.0646121,-0.146488,11.443,-0.839721,90.5576,-0.2111,-0.618346,-1.39668470621109,-1.443345546722412,0.0678095,492.19000244140625,,,,,,,103,4.291666666,103,4.291666666,,,,,,,,,,,,,,,,,,,"Bryan De La Cruz","19600",650559
"Kameron Misner","TBR",8,35,31,6,4,1,0,1,4,4,4,0,12,0,0,0,,1,0,0.204909,0.111402,0.347931,0.320183,0.29881,0.346747,0.287464,0.645557,0.141838,5.49913,0.304413,-0.00623402,0.0424732,3.45435,-0.639879,90.049,0.0362392,0.224563,-0.36227043718099594,-0.15043723583221436,0.0675473,999,,,,,,,28.8,3.6,28.8,3.6,,,,,,,,,,,,,,,,,,,"Kameron Misner","26374",670224
"Graham Pauley","MIA",32,140,126,28,18,6,0,4,16,15,11,0,34,2,1,0,,2,1,0.224378,0.0805126,0.241011,0.334062,0.295262,0.370777,0.291877,0.666038,0.146398,4.19153,0.273819,-0.00161302,-0.173273,14.3146,-2.0623,83.4977,-0.174886,0.220275,-2.93759249150753,-1.079725131392479,0.0665958,999,,,,,,,125.8,3.93125,125.8,3.93125,,,,,,,,,,,,,,,,,,,"Graham Pauley","31363",688363
"Andrew McCutchen","PIT",105,455,393,90,58,17,0,14,53,48,54,1,113,5,3,0,,5,2,0.228427,0.117855,0.247598,0.475992,0.325669,0.380075,0.3124,0.705743,0.151647,3.29393,0.281675,-0.970435,-0.728314,54.0385,0.813478,97.3467,-1.69875,0,-3.142403244972229,-11.375,0.0655351,604.3400268554688,,,,,,,472.8,4.502857142,472.8,4.502857142,,,,,,,,,,,,,,,,,,,"Andrew McCutchen","9847",457705
"Marcelo Mayer","BOS",5,21,19,5,3,1,0,0,2,2,1,0,5,0,0,0,,0,0,0.244285,0.0675733,0.231076,0.292429,0.298683,0.380635,0.295813,0.679318,0.136351,4.89781,0.303062,-0.000845389,-0.00187281,2.21372,-0.24282,86.0759,-0.0027182,0.045,-0.33729292429052293,0.26999999582767487,0.0653493,999,,,,,,,14.9,2.98,14.9,2.98,,,,,,,,,,,,,,,,,,,"Marcelo Mayer","sa3017114",691785
"Kody Clemens","PHI",10,42,39,9,5,2,0,2,5,6,3,0,10,0,0,0,,0,0,0.22835,0.0657035,0.247406,0.265569,0.283386,0.414509,0.301359,0.697895,0.186159,5.04255,0.268063,-0.00746406,-0.0267128,4.61492,-0.298156,91.9123,-0.0341768,-0.231657,-0.4403744265437126,-0.33165670186281204,0.0647149,748.9299926757812,,,,,,,45,4.5,45,4.5,,,,,,,,,,,,,,,,,,,"Kody Clemens","20572",665019
"Matt Koperniak","STL",8,35,32,8,6,1,0,1,4,4,2,0,7,0,0,0,,0,0,0.250924,0.0686503,0.205189,0.334571,0.307539,0.375032,0.299846,0.682571,0.124108,3.67548,0.297823,-0.00627732,-0.0747347,3.80315,-0.291081,92.9514,-0.081012,0.211008,-0.3760208487510681,-0.16399160027503967,0.0646025,999,,,,,,,31.1,3.8875,31.1,3.8875,,,,,,,,,,,,,,,,,,,"Matt Koperniak","sa3014834",689288
"Tyler Gentry","KCR",8,35,31,7,5,2,0,1,4,4,3,0,10,0,0,0,,0,0,0.23399,0.0924003,0.292284,0.316132,0.313403,0.37085,0.302697,0.684253,0.13686,4.19265,0.319469,-0.00446061,-0.0275494,3.88346,-0.210769,92.2453,-0.03201,0.173816,-0.34256498143076897,-0.20118387043476105,0.0643415,999,,,,,,,32.4,4.05,32.4,4.05,,,,,,,,,,,,,,,,,,,"Tyler Gentry","27784",694355
"Nick Sogard","BOS",8,35,31,7,5,1,0,0,4,3,4,0,8,0,0,0,,1,0,0.241729,0.10158,0.223291,0.454922,0.32272,0.345934,0.297915,0.668655,0.104206,4.49909,0.305627,-0.00570145,-0.0396948,3.74874,-0.345487,87.5544,-0.0453962,-0.175875,-0.5438085421919823,-0.0008749961853027344,0.0642449,999,,,,,,,25,3.125,25,3.125,,,,,,,,,,,,,,,,,,,"Nick Sogard","25483",686765
"Jair Camargo","MIN",5,19,18,4,2,1,0,1,2,2,1,0,7,0,0,0,,0,0,0.215645,0.0593299,0.345251,0.171846,0.270689,0.367357,0.277638,0.638046,0.151711,3.5655,0.302943,-0.0017885,-0.0241428,1.74311,-0.502869,79.7628,-0.0259313,0.0728197,-0.4705196749418974,0.44781970232725143,0.0635868,999,,,,,,,19.7,3.94,19.7,3.94,,,,,,,,,,,,,,,,,,,"Jair Camargo","21730",665856
"Jimmy Crooks","STL",3,13,11,3,2,1,0,0,1,1,1,0,3,0,0,0,,0,0,0.242498,0.0807197,0.241131,0.334754,0.312191,0.363982,0.298148,0.676172,0.121484,3.80098,0.308007,0,-0.014602,1.37337,-0.123945,91.8085,-0.014602,0.0694286,-0.13998357579112053,0.31942857056856155,0.0625551,999,,,,,,,11.7,3.9,11.7,3.9,,,,,,,,,,,,,,,,,,,"Jimmy Crooks","sa3019841",699625
"Jonatan Clase","TOR",6,28,25,6,4,1,0,1,3,3,2,0,8,0,0,0,,2,0,0.221059,0.0844927,0.291994,0.289364,0.291446,0.360862,0.287158,0.652308,0.139803,7.30337,0.297714,0.000882038,0.086897,2.75659,-0.518794,87.1318,0.0877791,0.089266,-0.3244895860552788,-0.010734036564826965,0.0617778,663.7899780273438,,,,,,,30.7,5.116666666,30.7,5.116666666,,,,,,,,,,,,,,,,,,,"Jonatan Clase","26599",682729
"Jason Delay","PIT",5,19,17,4,3,1,0,0,2,2,1,0,4,0,0,0,,0,0,0.233134,0.0660005,0.215741,0.305924,0.292113,0.323785,0.27414,0.615897,0.0906511,3.20324,0.293441,-0.0102362,-0.0336061,1.68906,-0.556919,71.595,-0.0438423,0.050894,-0.6960075497627258,0.42589398846030235,0.0598571,999,,,,,,,11.3,2.26,11.3,2.26,,,,,,,,,,,,,,,,,,,"Jason Delay","19806",641511
"Tomás Nido","DET",5,19,18,4,3,1,0,0,2,2,1,0,5,0,0,0,,0,0,0.236265,0.0416677,0.243779,0.170924,0.271076,0.349901,0.271183,0.620977,0.113636,2.96231,0.295363,-0.0331144,-0.0231022,1.64337,-0.602611,75.7374,-0.0562165,0.0451794,-0.5892364345490932,0.4201793558895588,0.0555033,999,,,,,,,10.3,2.06,10.3,2.06,,,,,,,,,,,,,,,,,,,"Tomas Nido","13755",621512
"Cam Smith","HOU",42,182,166,35,22,6,2,5,21,23,12,1,44,2,1,0,,2,1,0.212874,0.065411,0.239951,0.272601,0.272858,0.371853,0.278341,0.644711,0.158978,5.76535,0.255177,-0.01002,-0.313135,16.6263,-4.66374,81.1268,-0.323155,0.371647,-4.253425657749176,-1.2783529162406921,0.0552832,999,,,,,,,148.8,3.542857142,148.8,3.542857142,,,,,,,,,,,,,,,,,,,"Cam Smith","sa3025358",701358
"Ryan Noda","LAA",8,35,29,6,3,1,0,1,4,4,5,0,12,1,0,0,,0,0,0.198237,0.138001,0.349361,0.395009,0.32174,0.364697,0.307234,0.686437,0.16646,3.79087,0.287549,-0.00776289,-0.0435996,4.01128,-0.0829567,98.1335,-0.0513625,0.0272072,-0.12610909342765808,-0.5477927476167679,0.0508996,747.530029296875,,,,,,,34.9,4.3625,34.9,4.3625,,,,,,,,,,,,,,,,,,,"Ryan Noda","23312",676116
"Miles Mastrobuoni","SEA",5,21,19,4,3,1,0,0,2,2,2,0,5,0,0,0,,1,0,0.234975,0.0929935,0.220702,0.421353,0.307101,0.325778,0.282572,0.632879,0.0908031,5.33006,0.297913,0.00469124,0.0434475,1.98993,-0.466611,88.9373,0.0481388,-0.123085,-0.2176806814968586,0.0019154176115989685,0.0500154,999,,,,,,,14.2,2.84,14.2,2.84,,,,,,,,,,,,,,,,,,,"Miles Mastrobuoni","20017",670156
"Dominic Fletcher","CHW",21,91,83,20,14,4,0,1,9,9,6,0,21,1,1,0,,1,0,0.236889,0.0649721,0.230279,0.282145,0.294537,0.345853,0.282019,0.64039,0.108964,3.62435,0.297542,-0.0261946,-0.227801,8.58248,-2.06253,81.6572,-0.253996,0.388839,-2.16390460729599,-0.3861607611179352,0.0499314,750.02001953125,,,,,,,72.9,3.471428571,72.9,3.471428571,,,,,,,,,,,,,,,,,,,"Dominic Fletcher","26149",666150
"Travis Jankowski","CHW",28,119,105,24,19,4,0,1,13,9,12,0,24,1,1,0,,5,1,0.233212,0.0982498,0.198052,0.49608,0.316731,0.305048,0.281415,0.621779,0.0718356,5.71043,0.29083,-0.131497,0.465356,11.1654,-2.755,81.2323,0.333858,-0.0933733,-2.2215677201747894,-1.2683732733130455,0.0492621,999,,,,,,,96.1,3.432142857,96.1,3.432142857,,,,,,,,,,,,,,,,,,,"Travis Jankowski","13768",608671
"Liover Peguero","PIT",6,28,26,6,4,1,0,1,3,3,2,0,7,0,0,0,,1,0,0.235664,0.0594768,0.244614,0.243146,0.284219,0.36121,0.282434,0.64543,0.125546,5.11368,0.296816,0.000361761,0.00491938,2.65011,-0.625274,77.177,0.00528115,-0.0118032,-0.7588935540989041,0.2881968431174755,0.0476866,999,,,,,,,27.8,4.633333333,27.8,4.633333333,,,,,,,,,,,,,,,,,,,"Liover Peguero","24273",678894
"Wade Meckler","SFG",3,14,13,3,2,1,0,0,2,1,1,0,3,0,0,0,,0,0,0.266009,0.0861137,0.201038,0.428345,0.332841,0.375924,0.313233,0.708765,0.109915,4.84649,0.326553,0.00244677,-0.00756031,1.67211,0.0344154,102.461,-0.00511354,-0.0932935,0.03608784917742014,-0.04329349473118782,0.0474053,999,,,,,,,9.7,3.233333333,9.7,3.233333333,,,,,,,,,,,,,,,,,,,"Wade Meckler","31490",685133
"Brewer Hicklen","MIL",6,28,25,5,3,1,0,1,3,4,3,0,10,1,0,0,,1,0,0.203288,0.0908647,0.357206,0.254376,0.292878,0.369469,0.291103,0.662347,0.166181,6.91874,0.295119,-0.0108902,0.122816,2.84549,-0.429894,85.2269,0.111926,-0.0907359,-0.38271617889404297,-0.09073588252067566,0.047402,999,,,,,,,29.2,4.866666666,29.2,4.866666666,,,,,,,,,,,,,,,,,,,"Brewer Hicklen","20450",676551
"Jakson Reetz","NYM",3,13,11,2,1,1,0,0,1,2,1,0,4,0,0,0,,0,0,0.20242,0.0811703,0.290409,0.279503,0.286624,0.359228,0.285068,0.645852,0.156809,3.05083,0.260892,-0.00349325,-0.0205331,1.23862,-0.258698,85.0506,-0.0240264,-0.00689436,-0.2528466247022152,0.2431056355126202,0.0449985,999,,,,,,,6.1,2.033333333,6.1,2.033333333,,,,,,,,,,,,,,,,,,,"Jakson Reetz","17837",656883
"Brady House","WSN",8,35,33,7,5,1,0,1,4,4,2,0,10,0,0,0,,0,0,0.229349,0.0458062,0.277209,0.165241,0.273897,0.367234,0.279793,0.641131,0.137885,3.97969,0.294195,-0.00138494,-0.0434481,3.23824,-0.855992,78.3499,-0.0448331,0.0867857,-0.950961522758007,0.2117857187986374,0.0440334,999,,,,,,,24.5,3.0625,24.5,3.0625,,,,,,,,,,,,,,,,,,,"Brady House","sa3017694",691781
"Hunter Feduccia","LAD",5,19,17,4,2,1,0,0,2,2,2,0,5,0,0,0,,0,0,0.217999,0.106522,0.258794,0.411608,0.303869,0.337974,0.285943,0.641843,0.119975,2.98547,0.282783,-0.0060274,-0.0319677,1.87145,-0.374525,83.8243,-0.0379951,-0.195926,-0.4093813933432102,0.17907395958900452,0.0423933,749.739990234375,,,,,,,14.3,2.86,14.3,2.86,,,,,,,,,,,,,,,,,,,"Hunter Feduccia","23372",676439
"Nacho Alvarez Jr.","ATL",3,14,12,3,2,1,0,0,2,1,1,0,3,0,0,0,,0,0,0.246633,0.0939908,0.208637,0.4505,0.328455,0.343162,0.300568,0.671617,0.0965286,4.56152,0.305212,-0.000572059,0.00352315,1.5294,-0.108297,90.7766,0.00295109,-0.00847505,-0.15146076516248286,0.09152495209127665,0.0419595,734.9099731445312,,,,,,,10.7,3.566666666,10.7,3.566666666,,,,,,,,,,,,,,,,,,,"Nacho Alvarez Jr.","31765",805373
"Garrett Hampson","ARI",10,42,38,9,7,2,0,0,4,4,3,0,11,0,0,0,,1,0,0.237979,0.0724837,0.255252,0.283969,0.297486,0.329502,0.278377,0.626988,0.0915232,5.97818,0.319004,0.01224,0.0302386,3.83803,-1.07505,75.3985,0.0424786,0.0477692,-1.1931030601263046,0.19776923209428787,0.0416527,999,,,,,,,29.1,2.91,29.1,2.91,,,,,,,,,,,,,,,,,,,"Garrett Hampson","19262",641658
"Jared Serna","MIA",6,28,26,6,4,1,0,1,3,3,2,0,6,0,0,0,,0,0,0.231193,0.0656406,0.200515,0.32736,0.291027,0.356841,0.285465,0.647868,0.125649,4.19285,0.272844,0,-0.0544175,2.71842,-0.556965,79.1819,-0.0544175,0.0714331,-0.7514633983373642,0.22143307328224182,0.0415587,999,,,,,,,25.9,4.316666666,25.9,4.316666666,,,,,,,,,,,,,,,,,,,"Jared Serna","sa3015579",691858
"Nick Kurtz","ATH",8,35,32,8,6,2,0,1,4,3,2,0,8,0,0,0,,0,0,0.253041,0.0677201,0.223476,0.30303,0.306998,0.374696,0.300104,0.681694,0.121655,2.59183,0.311258,0,-0.0984906,3.81041,-0.283824,98.86,-0.0984906,0,-0.14414626359939575,-0.625,0.0410629,999,,,,,,,34,4.25,34,4.25,,,,,,,,,,,,,,,,,,,"Nick Kurtz","sa3025385",701762
"Owen Caissie","CHC",6,28,25,6,4,1,0,1,3,3,3,0,9,0,0,0,,0,0,0.238193,0.0957687,0.32451,0.295118,0.316654,0.384059,0.307513,0.700713,0.145866,4.08197,0.34141,-0.00110118,-0.0451219,3.21531,-0.0600736,99.1897,-0.0462231,0.0311538,-0.07335374690592289,-0.4688461534678936,0.0403019,728.9099731445312,,,,,,,29.9,4.983333333,29.9,4.983333333,,,,,,,,,,,,,,,,,,,"Owen Caissie","sa3014465",683357
"Joe Mack","MIA",3,13,12,3,2,1,0,0,1,1,1,0,3,0,0,0,,0,0,0.219516,0.0742992,0.268901,0.276307,0.283876,0.354436,0.28084,0.638313,0.13492,2.63702,0.279275,-0.00059138,-0.016592,1.19506,-0.302255,76.0693,-0.0171834,0.092016,-0.3834749348461628,0.34201599657535553,0.0397406,999,,,,,,,10.7,3.566666666,10.7,3.566666666,,,,,,,,,,,,,,,,,,,"Joe Mack","sa3017374",691788
"Andrés Chaparro","WSN",8,35,32,8,5,2,0,1,4,4,3,0,8,0,0,0,,0,0,0.242378,0.0770059,0.217117,0.354674,0.308232,0.412327,0.312726,0.72056,0.169949,3.18175,0.280908,-0.0223995,-0.0478853,4.16598,0.0717502,100.516,-0.0702848,0.0348924,-0.048670534044504166,-0.7401075288653374,0.0389106,749.3800048828125,,,,,,,37,4.625,37,4.625,,,,,,,,,,,,,,,,,,,"Andres Chaparro","21797",665953
"Jose Barrero","STL",24,105,96,20,13,4,0,3,11,11,6,0,35,2,1,0,,3,1,0.204754,0.0586255,0.336771,0.174081,0.265884,0.340116,0.267091,0.606,0.135362,5.94784,0.288939,0.0241191,0.15682,8.64131,-3.64139,70.9049,0.180939,0.0102108,-3.4722357094287872,0.3352107610553503,0.0371366,999,,,,,,,82.7,3.445833333,82.7,3.445833333,,,,,,,,,,,,,,,,,,,"Jose Barrero","23378",676480
"Ildemaro Vargas","ARI",3,14,13,3,2,1,0,0,1,1,1,0,2,0,0,0,,0,0,0.258508,0.0610002,0.112226,0.543546,0.307071,0.360904,0.29342,0.667975,0.102396,4.75511,0.282421,-0.00569495,-0.00782816,1.44886,-0.188838,85.5238,-0.0135231,0.097382,-0.2558728903532028,0.1473819948732853,0.0369448,999,,,,,,,9.7,3.233333333,9.7,3.233333333,,,,,,,,,,,,,,,,,,,"Ildemaro Vargas","13324",545121
"Buddy Kennedy","PHI",3,14,12,3,2,1,0,0,2,1,1,0,3,0,0,0,,0,0,0.235625,0.10398,0.221485,0.469466,0.323276,0.361958,0.304019,0.685234,0.126333,4.05876,0.290779,-0.00396415,-0.0234712,1.56828,-0.0694118,93.7027,-0.0274353,-0.0260268,-0.13286104425787926,0.02397320419549942,0.0369038,999,,,,,,,10.7,3.566666666,10.7,3.566666666,,,,,,,,,,,,,,,,,,,"Buddy Kennedy","22505",671083
"Travis Bazzana","CLE",26,112,101,20,14,4,0,2,12,11,9,0,33,2,0,0,,2,0,0.19949,0.078851,0.296701,0.265759,0.2739,0.300745,0.258826,0.574645,0.101255,4.32611,0.274096,-0.00503225,-0.0149531,8.47231,-4.62923,67.0971,-0.0199853,0.458761,-4.23653519153595,0.8587610721588135,0.0367467,999,,,,,,,78.2,3.007692307,78.2,3.007692307,,,,,,,,,,,,,,,,,,,"Travis Bazzana","sa3025129",683953
"Jorbit Vivas","NYY",3,14,12,3,2,1,0,0,2,1,1,0,2,0,0,0,,0,0,0.222074,0.0910333,0.170773,0.533065,0.310945,0.33121,0.288871,0.642155,0.109136,5.24954,0.255518,-0.000552181,-0.00103846,1.39759,-0.2401,86.9821,-0.00159064,0.0480508,-0.21012336353305727,0.09805084764957428,0.0366248,999,,,,,,,10.7,3.566666666,10.7,3.566666666,,,,,,,,,,,,,,,,,,,"Jorbit Vivas","sa3005511",678391
"Alexander Canario","NYM",8,35,32,7,4,1,0,1,4,4,3,0,12,0,0,0,,1,0,0.209879,0.0775214,0.333549,0.232413,0.276922,0.387841,0.289854,0.664763,0.177963,4.45743,0.27968,-0.0167473,-0.0137898,3.52168,-0.572551,88.272,-0.0305371,-0.119935,-0.5213915221393108,-0.29493536055088043,0.0360654,748.8599853515625,,,,,,,30.4,3.8,30.4,3.8,,,,,,,,,,,,,,,,,,,"Alexander Canario","22842",672744
"Livan Soto","BAL",3,14,12,3,2,1,0,0,1,1,1,0,3,0,0,0,,0,0,0.234753,0.091123,0.222649,0.409267,0.309217,0.321382,0.282342,0.630598,0.0866287,3.61512,0.297564,0.00125744,-0.0290438,1.32403,-0.313668,85.0202,-0.0277863,0.0336374,-0.2677472122013569,0.1336374431848526,0.0343489,999,,,,,,,10.7,3.566666666,10.7,3.566666666,,,,,,,,,,,,,,,,,,,"Livan Soto","22471",670869
"Cavan Biggio","KCR",5,21,18,4,3,1,0,0,2,2,3,0,6,0,0,0,,0,0,0.211501,0.121463,0.270559,0.448934,0.321581,0.330599,0.295606,0.652181,0.119099,4.13496,0.283303,0.00120133,-0.0252278,2.21023,-0.246309,87.2575,-0.0240265,-0.120339,-0.3302073162049055,-0.04533916711807251,0.0335136,749.4299926757812,,,,,,,16.3,3.26,16.3,3.26,,,,,,,,,,,,,,,,,,,"Cavan Biggio","19252",624415
"Enmanuel Valdez","PIT",3,14,13,3,2,1,0,0,2,2,1,0,3,0,0,0,,0,0,0.233909,0.0859441,0.236982,0.362661,0.302405,0.398495,0.305292,0.7009,0.164586,3.56992,0.279227,-0.00202415,-0.0182194,1.58263,-0.0550627,92.5625,-0.0202436,-0.0498407,-0.1447564996778965,0.00015929341316223145,0.0332159,749.3599853515625,,,,,,,9.7,3.233333333,9.7,3.233333333,,,,,,,,,,,,,,,,,,,"Enmanuel Valdez","21716",665839
"Jonathan Ornelas","TEX",6,28,26,6,4,1,0,0,3,2,2,0,7,0,0,0,,0,0,0.228324,0.068771,0.265174,0.259343,0.289226,0.315268,0.269162,0.604493,0.0869437,4.80221,0.306622,-0.00254578,-0.0256923,2.35102,-0.924364,73.1421,-0.0282381,0.0708059,-0.8887071572244167,0.2708059102296829,0.0325834,999,,,,,,,16.5,2.75,16.5,2.75,,,,,,,,,,,,,,,,,,,"Jonathan Ornelas","24597",680716
"Greg Jones","COL",6,28,26,6,4,1,0,1,4,3,2,0,10,0,0,0,,2,0,0.233725,0.0668271,0.371289,0.179987,0.29445,0.375896,0.294032,0.670347,0.142171,7.34673,0.359944,-0.00479608,0.172878,2.91149,-0.363893,74.4652,0.168082,0.0189737,-0.686891570687294,0.06897369585931301,0.0324819,999,,,,,,,29.7,4.95,29.7,4.95,,,,,,,,,,,,,,,,,,,"Greg Jones","25448",675659
"Zach Dezenzo","HOU",3,14,13,3,2,1,0,0,2,2,1,0,4,0,0,0,,0,0,0.245985,0.0725946,0.293377,0.247444,0.305995,0.403247,0.309287,0.709241,0.157262,3.95706,0.325608,-0.00157082,-0.0120561,1.62765,-0.010048,102.895,-0.0136269,-0.0876321,0.03274595458060503,-0.18763206899166107,0.0322032,539.1900024414062,,,,,,,9.7,3.233333333,9.7,3.233333333,,,,,,,,,,,,,,,,,,,"Zach Dezenzo","31562",701305
"Luke Ritter","NYM",3,14,12,2,2,0,0,0,1,2,1,0,5,0,0,0,,0,0,0.195266,0.0971554,0.36077,0.2693,0.286515,0.339009,0.279423,0.625524,0.143743,3.51229,0.286714,-0.00302022,-0.0236127,1.29113,-0.346562,81.251,-0.026633,0.113802,-0.34051605500280857,0.1638016514480114,0.0298989,999,,,,,,,2.2,0.733333333,2.2,0.733333333,,,,,,,,,,,,,,,,,,,"Luke Ritter","sa3009878",682239
"César Salazar","HOU",2,6,6,1,1,0,0,0,1,1,1,0,1,0,0,0,,0,0,0.216233,0.0865545,0.200882,0.430873,0.306468,0.337254,0.287729,0.643722,0.121021,3.74251,0.255253,-0.000732459,-0.00972764,0.633018,-0.115642,87.7304,-0.0104601,0.0076894,-0.10030984878540039,0.1326894024387002,0.0289173,749.9000244140625,,,,,,,2.6,1.3,2.6,1.3,,,,,,,,,,,,,,,,,,,"Cesar Salazar","21587",663967
"Seby Zavala","BOS",3,13,11,2,1,1,0,0,1,1,1,0,5,0,0,0,,0,0,0.199323,0.0823345,0.360319,0.228504,0.275141,0.331902,0.269669,0.607042,0.132578,2.73188,0.298289,-0.0114247,-0.0258761,1.07997,-0.417345,67.6857,-0.0373007,-0.0180654,-0.5105721466243267,0.23193460702896118,0.0286184,999,,,,,,,6.1,2.033333333,6.1,2.033333333,,,,,,,,,,,,,,,,,,,"Seby Zavala","18887",664874
"Adael Amador","COL",6,28,25,6,4,1,0,1,3,3,3,0,5,0,0,0,,1,0,0.242665,0.092525,0.190725,0.485123,0.318524,0.36895,0.304504,0.687474,0.126285,5.1781,0.282763,-0.0127536,0.0113826,3.1475,-0.127884,81.5139,-0.00137106,-0.140604,-0.6203345416579396,-0.04060376435518265,0.0280388,691.9099731445312,,,,,,,31.8,5.3,31.8,5.3,,,,,,,,,,,,,,,,,,,"Adael Amador","27962",691182
"Keston Hiura","COL",3,14,13,3,2,1,0,1,2,2,1,0,4,0,0,0,,0,0,0.251892,0.0736133,0.30274,0.243157,0.321974,0.458598,0.336588,0.780572,0.206705,3.54769,0.32328,-0.00138836,-0.0214817,1.93527,0.297573,103.108,-0.0228701,0.0231187,0.029163355007767677,-0.2268813457340002,0.0277297,747.8800048828125,,,,,,,19.1,6.366666666,19.1,6.366666666,,,,,,,,,,,,,,,,,,,"Keston Hiura","20003",669374
"Michael Helman","STL",5,21,19,4,3,1,0,1,2,2,2,0,5,0,0,0,,1,0,0.225626,0.0727346,0.246796,0.294715,0.288899,0.365126,0.287437,0.654025,0.139499,5.30271,0.279817,-0.0042428,0.0231801,2.07216,-0.384381,84.5995,0.0189373,-0.188176,-0.3678000792860985,-0.06317596137523651,0.0277141,999,,,,,,,23.6,4.72,23.6,4.72,,,,,,,,,,,,,,,,,,,"Michael Helman","24605",680737
"Reese McGuire","CHC",3,13,12,3,2,1,0,0,1,1,1,0,3,0,0,0,,0,0,0.218615,0.0640301,0.258701,0.247506,0.274477,0.310627,0.260209,0.585104,0.0920127,3.73922,0.286945,-0.0117725,-0.00436913,0.982518,-0.514801,67.3507,-0.0161417,0.0505642,-0.5158833302557468,0.3005641922354698,0.0273725,999,,,,,,,10.7,3.566666666,10.7,3.566666666,,,,,,,,,,,,,,,,,,,"Reese McGuire","15674",624512
"Trey Lipscomb","WSN",6,28,26,6,5,1,0,0,3,3,2,0,6,0,0,0,,1,0,0.243613,0.0549491,0.199437,0.275522,0.28928,0.338527,0.276906,0.627807,0.0949141,4.61642,0.294255,-0.0029859,-0.00307667,2.52553,-0.749851,76.4069,-0.00606257,0.0234666,-0.7960224179551005,0.12346662767231464,0.026839,744.739990234375,,,,,,,18.4,3.066666666,18.4,3.066666666,,,,,,,,,,,,,,,,,,,"Trey Lipscomb","31567",702358
"Scott Kingery","LAA",6,28,26,5,4,1,0,1,3,3,2,0,9,0,0,0,,1,0,0.215051,0.0689298,0.326605,0.211049,0.271628,0.353633,0.274057,0.62526,0.138582,6.15218,0.299872,-0.00987152,0.0657963,2.46133,-0.814053,74.7959,0.0559248,-0.0237388,-0.7515596635639668,0.07626120932400227,0.0266556,718.7100219726562,,,,,,,22.2,3.7,22.2,3.7,,,,,,,,,,,,,,,,,,,"Scott Kingery","17975",664068
"Nick Pratto","KCR",19,84,74,16,10,4,0,2,10,9,8,0,28,1,1,0,,1,0,0.221336,0.0973003,0.332374,0.292743,0.304481,0.379219,0.30014,0.683699,0.157883,5.25623,0.315696,-0.0364344,-0.00229459,9.14745,-0.678704,90.4468,-0.038729,0.00969635,-0.956918828189373,-1.590303554199636,0.0261253,749.02001953125,,,,,,,74.9,3.942105263,74.9,3.942105263,,,,,,,,,,,,,,,,,,,"Nick Pratto","22117",668472
"Luke Williams","ATL",5,21,19,4,3,1,0,0,2,2,2,0,6,0,0,0,,1,0,0.226569,0.0743235,0.280756,0.264726,0.287798,0.341601,0.277921,0.629399,0.115032,5.92536,0.303659,-0.00652403,0.0536898,1.91131,-0.545233,75.5333,0.0471658,-0.0118382,-0.5672402083873749,0.11316176503896713,0.0253281,999,,,,,,,14.2,2.84,14.2,2.84,,,,,,,,,,,,,,,,,,,"Luke Williams","19931",663897
"Omar Narváez","CHW",5,19,17,4,3,1,0,0,2,2,2,0,4,0,0,0,,0,0,0.21809,0.0898537,0.203061,0.442496,0.293105,0.322175,0.274236,0.61528,0.104085,2.99366,0.260949,-0.0152604,-0.0292671,1.69055,-0.555433,76.183,-0.0445275,-0.143246,-0.5677600391209126,0.23175352811813354,0.0243733,999,,,,,,,14.3,2.86,14.3,2.86,,,,,,,,,,,,,,,,,,,"Omar Narvaez","13338",553882
"Cooper Hummel","HOU",3,14,12,3,2,1,0,0,2,1,2,0,4,0,0,0,,0,0,0.215558,0.125011,0.270522,0.462112,0.32411,0.343173,0.299434,0.667283,0.127615,5.59288,0.291621,-0.00312023,-0.00192575,1.51662,-0.121075,95.9639,-0.00504598,-0.0113843,-0.06970036309212446,-0.16138431709259748,0.0243335,999,,,,,,,13.7,4.566666666,13.7,4.566666666,,,,,,,,,,,,,,,,,,,"Cooper Hummel","19458",669450
"Matthew Lugo","LAA",6,28,26,6,4,1,0,1,3,3,2,0,8,0,0,0,,1,0,0.230848,0.0601574,0.268424,0.224114,0.286239,0.385075,0.291952,0.671313,0.154226,5.51592,0.293088,-0.0012334,0.000166316,2.86461,-0.410777,87.3834,-0.00106709,0.00675,-0.40527625277172774,-0.2932500117458403,0.0242567,749.219970703125,,,,,,,27.8,4.633333333,27.8,4.633333333,,,,,,,,,,,,,,,,,,,"Matthew Lugo","sa1169598",683090
"Sam Haggerty","TEX",2,7,6,1,1,0,0,0,1,1,1,0,2,0,0,0,,0,0,0.239692,0.0832552,0.236513,0.352011,0.311799,0.355814,0.294928,0.667613,0.116121,6.64749,0.305741,0,0.0355421,0.732922,-0.0859247,91.2665,0.0355421,0.0103878,-0.03440895304083824,0.035387772135436535,0.0242008,999,,,,,,,2.6,1.3,2.6,1.3,,,,,,,,,,,,,,,,,,,"Sam Haggerty","18054",664059
"Steward Berroa","TOR",5,21,19,4,3,1,0,0,3,2,2,0,6,0,0,0,,1,0,0.221059,0.094032,0.287989,0.326513,0.299749,0.343028,0.28593,0.642777,0.121969,7.28497,0.302932,-0.000672327,0.0941317,2.04668,-0.409861,86.2676,0.0934594,-0.00486242,-0.2365080937743187,-0.22986241057515144,0.0241335,999,,,,,,,14.2,2.84,14.2,2.84,,,,,,,,,,,,,,,,,,,"Steward Berroa","22766",672642
"Isaac Collins","MIL",2,7,6,1,1,0,0,0,1,1,1,0,2,0,0,0,,0,0,0.222419,0.111142,0.239614,0.463838,0.318366,0.348765,0.297626,0.66713,0.126346,5.9576,0.284419,-0.00138369,0.0037843,0.74812,-0.0707268,89.6168,0.00240061,0.0412029,-0.08451323467306793,0.06620290316641331,0.0221837,999,,,,,,,2.6,1.3,2.6,1.3,,,,,,,,,,,,,,,,,,,"Isaac Collins","25477",686555
"Luke Maile","KCR",5,19,17,4,2,1,0,0,2,2,2,0,6,0,0,0,,0,0,0.21419,0.0848173,0.286903,0.29563,0.294168,0.324358,0.277361,0.618526,0.110168,3.63304,0.293924,-0.0190083,-0.00205549,1.73883,-0.507146,74.4235,-0.0210637,-0.0252685,-0.5829489845782518,0.3497315216809511,0.021806,999,,,,,,,14.3,2.86,14.3,2.86,,,,,,,,,,,,,,,,,,,"Luke Maile","13355",571912
"Tristan Gray","CHW",3,14,13,3,2,1,0,0,1,2,1,0,4,0,0,0,,0,0,0.211371,0.0647133,0.311291,0.207887,0.269157,0.373168,0.280093,0.642325,0.161797,3.34971,0.276889,-0.00555054,-0.0217886,1.29869,-0.339007,80.3029,-0.0273391,-0.0183208,-0.34286645986139774,0.08167918957769871,0.0212246,999,,,,,,,9.7,3.233333333,9.7,3.233333333,,,,,,,,,,,,,,,,,,,"Tristan Gray","19877",656484
"Ryan Kreidler","DET",3,14,12,2,2,0,0,0,1,1,1,0,4,0,0,0,,0,0,0.198062,0.0932614,0.30813,0.302669,0.283274,0.319259,0.270474,0.602533,0.121197,5.51235,0.27168,0.00332831,0.0101929,1.1903,-0.447394,75.2387,0.0135212,0.019586,-0.3831290565431118,0.11958599463105202,0.0209813,999,,,,,,,2.2,0.733333333,2.2,0.733333333,,,,,,,,,,,,,,,,,,,"Ryan Kreidler","25867",668952
"Tim Tawa","ARI",3,14,13,3,2,1,0,0,1,2,1,0,4,0,0,0,,0,0,0.226813,0.0700457,0.250129,0.280039,0.285547,0.362682,0.284552,0.648229,0.135869,4.14535,0.282066,-0.00183471,-0.0189804,1.34893,-0.288766,79.5549,-0.0208151,0.0493594,-0.36309296265244484,0.09935937821865082,0.0209117,999,,,,,,,9.7,3.233333333,9.7,3.233333333,,,,,,,,,,,,,,,,,,,"Tim Tawa","sa3016970",694374
"Pedro León","HOU",3,14,13,3,2,1,0,0,2,2,1,0,5,0,0,0,,1,0,0.214565,0.0761636,0.322871,0.235894,0.289218,0.367268,0.288911,0.656486,0.152703,5.81254,0.296732,-0.00741825,-0.00284703,1.39804,-0.23965,88.5617,-0.0102653,-0.0229061,-0.19349469523876905,-0.07290615327656269,0.0206862,745.3400268554688,,,,,,,11.6,3.866666666,11.6,3.866666666,,,,,,,,,,,,,,,,,,,"Pedro Leon","27781",694175
"Darren Baker","WSN",6,28,26,7,5,1,0,0,3,2,2,0,6,0,0,0,,1,0,0.254931,0.0647415,0.199569,0.324407,0.303931,0.316336,0.275633,0.620267,0.0614048,5.32658,0.319634,-0.00453841,0.0492164,2.49686,-0.778523,75.5505,0.044678,0.0416083,-0.7739541530609131,0.04160831496119499,0.020664,999,,,,,,,24,4,24,4,,,,,,,,,,,,,,,,,,,"Darren Baker","29912",671117
"Nick Martini","COL",10,42,37,9,6,2,0,1,5,5,4,0,10,1,0,0,,0,0,0.244575,0.0889601,0.234646,0.379125,0.323491,0.408261,0.32037,0.731753,0.163686,4.2148,0.296331,-0.0286004,-0.108988,5.25757,0.344491,92.1924,-0.137589,-0.0253125,-0.5297174900770187,-0.6753124762326479,0.0199958,750.5999755859375,,,,,,,43.6,4.36,43.6,4.36,,,,,,,,,,,,,,,,,,,"Nick Martini","12005",605361
"Bryce Eldridge","SFG",21,91,82,20,12,4,0,3,10,11,7,0,27,1,1,0,,1,0,0.237965,0.0775147,0.294602,0.263117,0.301207,0.393791,0.30155,0.694997,0.155825,3.90975,0.314891,-0.0125422,-0.0772446,10.013,-0.631998,94.5975,-0.0897868,-0.28682,-0.6776756122708321,-2.161819666624069,0.0197153,999,,,,,,,95.7,4.557142857,95.7,4.557142857,,,,,,,,,,,,,,,,,,,"Bryce Eldridge","sa3022757",805811
"Oscar Gonzalez","SDP",3,14,13,3,2,1,0,0,2,2,1,0,3,0,0,0,,0,0,0.252363,0.0389285,0.234337,0.166121,0.285235,0.412986,0.300281,0.698221,0.160624,4.12004,0.302068,-0.000441865,-0.00896422,1.52616,-0.11153,95.4532,-0.00940609,-0.0430826,-0.08552578371018171,-0.1930825561285019,0.0193755,999,,,,,,,9.7,3.233333333,9.7,3.233333333,,,,,,,,,,,,,,,,,,,"Oscar Gonzalez","20970",660757
"Jakob Marsee","MIA",3,14,12,2,2,0,0,0,2,1,2,0,3,0,0,0,,1,0,0.204777,0.116177,0.243368,0.47737,0.310037,0.310931,0.282805,0.620968,0.106154,6.35075,0.264223,-0.000600935,0.0376083,1.32924,-0.308453,77.3916,0.0370073,-0.00253125,-0.341486144810915,0.04746875073760748,0.0177841,999,,,,,,,7.1,2.366666666,7.1,2.366666666,,,,,,,,,,,,,,,,,,,"Jakob Marsee","sa3019868",805300
"David Bañuelos","BAL",2,6,6,1,1,0,0,0,1,1,0,0,2,0,0,0,,0,0,0.201012,0.0763095,0.3558,0.214473,0.271157,0.332706,0.268046,0.603863,0.131695,4.52201,0.296691,-0.0015165,-0.00398603,0.531629,-0.217031,74.9641,-0.00550253,0.0212143,-0.18883890938013792,0.14621428586542606,0.0176319,999,,,,,,,-0.4,-0.2,-0.4,-0.2,,,,,,,,,,,,,,,,,,,"David Banuelos","23250",675915
"Hayden Senger","NYM",11,45,40,8,5,2,0,1,4,4,3,0,15,1,0,0,,0,0,0.196595,0.0651657,0.33136,0.196662,0.264649,0.291934,0.250206,0.556584,0.0953392,3.79619,0.291954,-0.0113093,-0.0763114,3.07811,-2.1625,61.5858,-0.0876206,-0.055125,-2.1455522924661636,0.8198750019073486,0.0171655,999,,,,,,,32,2.909090909,32,2.909090909,,,,,,,,,,,,,,,,,,,"Hayden Senger","sa3007009",663584
"Yuli Gurriel","SDP",3,14,13,3,2,1,0,0,1,1,1,0,2,0,0,0,,0,0,0.254562,0.080375,0.170851,0.470438,0.318137,0.380032,0.306025,0.698169,0.12547,4.05577,0.29187,-0.01111,0.00234676,1.59088,-0.0468116,99.319,-0.0087632,-0.0334144,-0.020164635963737965,-0.2834143675863743,0.0167966,999,,,,,,,9.7,3.233333333,9.7,3.233333333,,,,,,,,,,,,,,,,,,,"Yuli Gurriel","19198",493329
"José Fermín","STL",2,7,6,1,1,0,0,0,1,1,1,0,1,0,0,0,,0,0,0.237869,0.0951715,0.130679,0.728283,0.324275,0.349561,0.301584,0.673836,0.111692,5.13325,0.25998,-0.00116023,-0.000239411,0.77042,-0.0484269,94.1208,-0.00139964,-0.0510644,-0.05061210063286126,-0.026064379140734673,0.0161558,999,,,,,,,2.6,1.3,2.6,1.3,,,,,,,,,,,,,,,,,,,"Jose Fermin","21746",665877
"Gustavo Campero","LAA",2,7,6,2,1,0,0,0,1,1,0,0,1,0,0,0,,0,0,0.243014,0.0691933,0.209631,0.330071,0.31671,0.397094,0.312697,0.713805,0.15408,6.49479,0.287026,-0.000905569,0.0107661,0.833032,0.0141854,101.976,0.00986054,-0.029009,0.02568800374865532,-0.10400901734828949,0.0160109,748.280029296875,,,,,,,5.2,2.6,5.2,2.6,,,,,,,,,,,,,,,,,,,"Gustavo Campero","22707",672569
"Jorge Barrosa","ARI",2,7,6,1,1,0,0,0,1,1,1,0,1,0,0,0,,0,0,0.233396,0.0854166,0.204822,0.417029,0.305052,0.351122,0.290967,0.656174,0.117726,5.32855,0.283601,-0.000687284,-0.00765114,0.710606,-0.108241,83.8726,-0.00833842,0.0343125,-0.14333532564342022,0.05931250564754009,0.0153971,999,,,,,,,2.6,1.3,2.6,1.3,,,,,,,,,,,,,,,,,,,"Jorge Barrosa","23968",678489
"Owen Miller","COL",2,7,6,2,1,0,0,0,1,1,0,0,1,0,0,0,,0,0,0.263515,0.0633399,0.197303,0.321029,0.316862,0.388789,0.308556,0.705651,0.125274,4.6696,0.315302,0.000293259,-0.00480586,0.809703,-0.00914388,84.2409,-0.0045126,0.0253586,-0.13642647257074714,0.05035861395299435,0.0151859,999,,,,,,,5.2,2.6,5.2,2.6,,,,,,,,,,,,,,,,,,,"Owen Miller","24655",680911
"Ronny Simon","MIA",3,14,13,3,2,1,0,0,2,1,1,0,3,0,0,0,,0,0,0.23718,0.069632,0.213847,0.325616,0.295175,0.356639,0.286838,0.651813,0.119459,5.23508,0.288751,-0.00125037,-0.0055599,1.37469,-0.263007,80.1062,-0.00681026,-0.0316098,-0.3398579228669405,0.018390242010354996,0.0149491,999,,,,,,,9.7,3.233333333,9.7,3.233333333,,,,,,,,,,,,,,,,,,,"Ronny Simon","sa3008365",682927
"DJ Stewart","PIT",28,119,103,22,14,4,0,4,12,13,13,0,32,2,1,0,,1,0,0.215051,0.111572,0.270683,0.412189,0.316945,0.367338,0.304955,0.684283,0.152287,3.78133,0.272488,-0.0711044,-0.122239,13.4201,-0.50034,92.3355,-0.193343,-0.610542,-1.284010410308838,-2.535541534423828,0.0147963,749.6599731445312,,,,,,,116.3,4.153571428,116.3,4.153571428,,,,,,,,,,,,,,,,,,,"DJ Stewart","17766",621466
"Garrett Stubbs","PHI",5,19,17,4,3,1,0,0,2,2,2,0,5,0,0,0,,0,0,0.210985,0.0959804,0.255174,0.376138,0.295651,0.304964,0.271546,0.600615,0.0939786,5.44427,0.277586,0.000627667,0.0161103,1.64897,-0.597012,71.846,0.016738,-0.113314,-0.6296649593859911,0.26168593764305115,0.0142178,999,,,,,,,14.3,2.86,14.3,2.86,,,,,,,,,,,,,,,,,,,"Garrett Stubbs","18067",596117
"Heriberto Hernandez","MIA",5,21,18,4,2,1,0,1,2,2,2,0,7,0,0,0,,0,0,0.217741,0.100842,0.312217,0.322986,0.304469,0.380418,0.301157,0.684887,0.162678,3.77232,0.294818,-0.0018797,-0.0252028,2.30405,-0.152491,89.7439,-0.0270825,-0.0634865,-0.28463417291641235,-0.2884864807128906,0.0130337,999,,,,,,,22.7,4.54,22.7,4.54,,,,,,,,,,,,,,,,,,,"Heriberto Hernandez","sa3005630",681715
"Dominic Smith","NYY",8,35,31,7,5,2,0,1,4,4,3,0,8,1,0,0,,0,0,0.23651,0.0790809,0.222525,0.35538,0.307092,0.369854,0.298362,0.676946,0.133344,2.79467,0.286136,-0.027852,-0.0580797,3.76134,-0.332893,93.6582,-0.0859317,0.0224535,-0.33990541845560074,-0.7025464959442616,0.0128365,732.7100219726562,,,,,,,35.4,4.425,35.4,4.425,,,,,,,,,,,,,,,,,,,"Dominic Smith","15653",642086
"Justin Foscue","TEX",2,7,6,1,1,0,0,0,1,1,1,0,1,0,0,0,,0,0,0.225303,0.100031,0.207874,0.481211,0.315196,0.38251,0.308427,0.697706,0.157207,4.06885,0.262069,-0.000604585,-0.0132509,0.808975,-0.0098719,100.762,-0.0138554,0.00221359,-0.0077536441385746,-0.12278641294687986,0.0106178,999,,,,,,,2.6,1.3,2.6,1.3,,,,,,,,,,,,,,,,,,,"Justin Foscue","27501",679822
"Brett Sullivan","SDP",2,6,6,1,1,0,0,0,1,1,0,0,1,0,0,0,,0,0,0.22396,0.0770209,0.172706,0.445965,0.287602,0.355031,0.281712,0.642633,0.13107,4.22264,0.251688,-0.00223806,-0.00660628,0.602022,-0.146637,82.9548,-0.00884434,-0.0393098,-0.1392943086102605,0.0856902115046978,0.0104687,999,,,,,,,-0.4,-0.2,-0.4,-0.2,,,,,,,,,,,,,,,,,,,"Brett Sullivan","18217",664954
"Osleivis Basabe","SFG",2,7,6,2,1,0,0,0,1,1,0,0,1,0,0,0,,0,0,0.249336,0.0561724,0.170361,0.329725,0.297069,0.343183,0.282217,0.640252,0.0938469,4.91671,0.293815,0.00128604,-0.00882073,0.661306,-0.15754,81.5848,-0.00753469,0.00287104,-0.1616818532347679,0.0278710403945297,0.0102551,999,,,,,,,5.2,2.6,5.2,2.6,,,,,,,,,,,,,,,,,,,"Osleivis Basabe","23985",678545
"Chuckie Robinson","LAA",2,6,6,1,1,0,0,0,1,1,0,0,2,0,0,0,,0,0,0.217564,0.0561938,0.263304,0.213418,0.269893,0.321806,0.261657,0.591699,0.104242,3.23222,0.279272,-0.00176598,-0.0151062,0.498717,-0.249942,66.0736,-0.0168722,0.00718855,-0.26531314477324486,0.13218854693695903,0.00994798,999,,,,,,,-0.4,-0.2,-0.4,-0.2,,,,,,,,,,,,,,,,,,,"Chuckie Robinson","19824",642020
"Dom Nuñez","CLE",3,13,11,2,1,0,0,0,1,1,1,0,4,0,0,0,,0,0,0.178058,0.114159,0.329701,0.346251,0.276849,0.285216,0.255618,0.562065,0.107158,4.0662,0.262377,-0.00176077,-0.0135199,0.935219,-0.5621,64.8409,-0.0152807,-0.0533012,-0.5302170133218169,0.19669881090521812,0.00935808,999,,,,,,,3.2,1.066666666,3.2,1.066666666,,,,,,,,,,,,,,,,,,,"Dom Nunez","15055",624513
"Braden Shewmake","NYY",2,7,7,1,1,0,0,0,1,1,0,0,1,0,0,0,,0,0,0.220441,0.0490463,0.208318,0.23544,0.263693,0.357056,0.270278,0.620749,0.136615,5.99233,0.256284,-0.000237651,0.0147131,0.59404,-0.224806,73.9031,0.0144754,0.022254,-0.19454700872302055,0.04725396819412708,0.00888763,999,,,,,,,-1.4,-0.7,-1.4,-0.7,,,,,,,,,,,,,,,,,,,"Braden Shewmake","25817",669699
"Marco Luciano","SFG",15,63,56,12,8,2,0,1,7,6,6,0,19,0,0,0,,1,0,0.220529,0.103123,0.296175,0.348183,0.304262,0.344319,0.288615,0.648581,0.12379,3.68511,0.302525,0.0104602,-0.109713,6.27619,-1.09343,85.8913,-0.0992527,-0.177047,-1.1621455326676369,-0.852047473192215,0.00865158,716.6599731445312,,,,,,,46.3,3.086666666,46.3,3.086666666,,,,,,,,,,,,,,,,,,,"Marco Luciano","25616",682617
"Carlos D. Rodriguez","ATL",2,7,6,2,1,0,0,0,1,1,1,0,1,0,0,0,,0,0,0.260308,0.0895807,0.141033,0.635174,0.328304,0.3516,0.301995,0.679904,0.0912916,5.26742,0.298418,-0.000245728,-0.00853273,0.772739,-0.046108,91.7371,-0.00877846,-0.0034322,-0.07794405985623598,-0.0784322062972933,0.00792458,999,,,,,,,8.2,4.1,8.2,4.1,,,,,,,,,,,,,,,,,,,"Carlos D. Rodriguez","sa3005478",677578
"Petey Halpin","CLE",2,7,6,1,1,0,0,0,1,1,1,0,2,0,0,0,,0,0,0.221409,0.0753768,0.269766,0.279416,0.283175,0.340804,0.275548,0.623979,0.119394,5.03545,0.290355,0,-0.00759408,0.623735,-0.195111,78.8602,-0.00759408,-0.00545192,-0.1769124548882246,0.01954807760193944,0.00784749,999,,,,,,,2.6,1.3,2.6,1.3,,,,,,,,,,,,,,,,,,,"Petey Halpin","sa3014461",690984
"Blake Hunt","SEA",2,6,6,1,1,0,0,0,1,1,0,0,2,0,0,0,,0,0,0.199064,0.053573,0.284883,0.188052,0.253157,0.32092,0.253267,0.574076,0.121856,3.72641,0.260013,-0.000847158,-0.0054148,0.4555,-0.29316,68.3233,-0.00626196,-0.0251757,-0.23822824703529477,0.09982432425022125,0.00773999,999,,,,,,,-0.4,-0.2,-0.4,-0.2,,,,,,,,,,,,,,,,,,,"Blake Hunt","sa3004153",675448
"Niko Kavadas","LAA",2,7,6,1,1,0,0,0,1,1,1,0,3,0,0,0,,0,0,0.197054,0.124755,0.390632,0.319366,0.310345,0.368972,0.302826,0.679317,0.171918,2.45335,0.304939,-0.00141422,-0.0133287,0.777417,-0.0414299,95.0324,-0.0147429,0.0148974,-0.05453079752624035,-0.11010263208299875,0.00709675,999,,,,,,,2.6,1.3,2.6,1.3,,,,,,,,,,,,,,,,,,,"Niko Kavadas","29782",694359
"René Pinto","ARI",2,6,6,1,1,0,0,0,1,1,0,0,2,0,0,0,,0,0,0.215697,0.0499623,0.342544,0.145857,0.260853,0.370061,0.274134,0.630914,0.154364,2.81701,0.299158,-0.00274157,-0.00702057,0.562988,-0.185672,72.5428,-0.00976215,-0.0539521,-0.2198968157172203,0.07104786112904549,0.00696499,999,,,,,,,-0.4,-0.2,-0.4,-0.2,,,,,,,,,,,,,,,,,,,"Rene Pinto","19859",650907
"Dustin Harris","TEX",5,21,19,4,3,1,0,0,2,2,2,0,5,0,0,0,,1,0,0.233083,0.0864665,0.25098,0.344515,0.307073,0.362868,0.294593,0.669941,0.129785,5.75589,0.296182,-0.00171471,0.0368154,2.1931,-0.26344,91.0307,0.0351007,-0.13608,-0.18041837960481644,-0.46107998490333557,0.00604667,748.5499877929688,,,,,,,14.2,2.84,14.2,2.84,,,,,,,,,,,,,,,,,,,"Dustin Harris","25705",687957
"Trayce Thompson","BOS",6,28,25,5,3,1,0,1,3,3,3,0,10,0,0,0,,0,0,0.206317,0.091477,0.347236,0.263443,0.284105,0.381962,0.29094,0.666067,0.175645,4.18155,0.284894,-0.00516693,-0.00777426,2.84182,-0.433562,82.6486,-0.0129412,-0.00821053,-0.5688431346789002,-0.3082105377689004,0.00581877,750.0999755859375,,,,,,,24.3,4.05,24.3,4.05,,,,,,,,,,,,,,,,,,,"Trayce Thompson","9952",572204
"Kyren Paris","LAA",5,21,19,4,2,1,0,0,2,2,2,0,7,0,0,0,,1,0,0.194736,0.0975827,0.342707,0.284741,0.281089,0.309585,0.265955,0.590674,0.114849,6.28292,0.289921,-0.00197974,0.0625819,1.70906,-0.747484,69.0967,0.0606021,-0.103797,-0.681955523788929,0.02120271325111389,0.00405812,750.7899780273438,,,,,,,14.2,2.84,14.2,2.84,,,,,,,,,,,,,,,,,,,"Kyren Paris","26420",677347
"Tyler Callihan","CIN",2,7,6,1,1,0,0,0,1,1,0,0,2,0,0,0,,0,0,0.225988,0.068946,0.281704,0.244746,0.284728,0.344447,0.277564,0.629175,0.118458,5.31827,0.303267,-0.000537899,0.00837719,0.635095,-0.183751,70.0119,0.00783929,0.0204545,-0.2431803047657013,0.04545454494655132,0.00365409,999,,,,,,,-0.4,-0.2,-0.4,-0.2,,,,,,,,,,,,,,,,,,,"Tyler Callihan","sa1169610",682997
"Nick Ahmed","TEX",2,7,7,1,1,0,0,0,1,1,0,0,2,0,0,0,,0,0,0.216126,0.0549786,0.238877,0.230154,0.262488,0.311994,0.253786,0.574482,0.0958681,4.52494,0.275129,-0.004115,-0.00394317,0.501128,-0.317719,62.3265,-0.00805817,0.0305548,-0.3098031096160412,0.10555485263466835,0.00300542,999,,,,,,,-1.4,-0.7,-1.4,-0.7,,,,,,,,,,,,,,,,,,,"Nick Ahmed","12147",605113
"Jake Bauers","MIL",6,28,24,5,3,1,0,1,3,3,3,0,9,0,0,0,,1,0,0.202725,0.110596,0.333689,0.331434,0.297048,0.377422,0.29698,0.67447,0.174697,5.16708,0.274615,-0.0276938,0.0283597,2.97793,-0.297458,89.1823,0.000665926,-0.0426514,-0.36153987771831453,-0.542651392519474,0.00291622,727.239990234375,,,,,,,27.2,4.533333333,27.2,4.533333333,,,,,,,,,,,,,,,,,,,"Jake Bauers","15194",641343
"Grae Kessinger","ARI",5,21,19,4,3,1,0,0,2,2,2,0,5,0,0,0,,0,0,0.215907,0.0867803,0.258998,0.335062,0.289525,0.317377,0.270857,0.606902,0.10147,4.61463,0.282446,-0.0053419,-0.0271698,1.79191,-0.66463,70.3369,-0.0325117,0.0251726,-0.7774100415408611,0.10017260536551476,0.00228074,999,,,,,,,12.3,2.46,12.3,2.46,,,,,,,,,,,,,,,,,,,"Grae Kessinger","25813",666197
"Gabriel Rincones Jr.","PHI",2,7,6,1,1,0,0,0,1,1,1,0,2,0,0,0,,0,0,0.215573,0.0796018,0.291473,0.273102,0.287113,0.359612,0.285356,0.646725,0.144039,5.71992,0.285845,-0.000249133,0.00588754,0.678993,-0.139854,81.1412,0.00563841,0.0137872,-0.15222222916781902,-0.06121276877820492,0.00203168,999,,,,,,,2.6,1.3,2.6,1.3,,,,,,,,,,,,,,,,,,,"Gabriel Rincones Jr.","sa3020758",687282
"Tucker Barnhart","TEX",2,6,6,1,1,0,0,0,1,0,1,0,2,0,0,0,,0,0,0.201111,0.0845346,0.280818,0.30103,0.274135,0.273343,0.248487,0.547479,0.0722321,3.14259,0.280688,-0.00374952,-0.00553135,0.430878,-0.317781,58.5991,-0.00928088,0.00229143,-0.3124575773254037,0.12729143048636615,0.00107109,999,,,,,,,2.6,1.3,2.6,1.3,,,,,,,,,,,,,,,,,,,"Tucker Barnhart","10200",571466
"Gavin Sheets","SDP",29,126,114,27,17,6,0,4,12,14,10,0,27,1,1,0,,0,0,0.235586,0.0808494,0.215774,0.374694,0.301462,0.381026,0.298427,0.682488,0.14544,2.306,0.276986,-0.155064,-0.227792,13.5475,-1.19176,94.2055,-0.382856,-0.242861,-1.2559285163879395,-2.942861184477806,-0.000295748,681.3300170898438,,,,,,,125.2,4.317241379,125.2,4.317241379,,,,,,,,,,,,,,,,,,,"Gavin Sheets","19901",657757
"Garrett Cooper","ATL",2,7,6,1,1,0,0,0,1,1,1,0,2,0,0,0,,0,0,0.236549,0.0766565,0.292389,0.262173,0.30347,0.380529,0.300253,0.683999,0.14398,2.46141,0.316017,-0.0105732,-0.0120232,0.762926,-0.055921,90.5648,-0.0225964,-0.0112067,-0.10157502442598343,-0.13620669767260551,-0.000482795,750.5499877929688,,,,,,,2.6,1.3,2.6,1.3,,,,,,,,,,,,,,,,,,,"Garrett Cooper","15279",643265
"Darick Hall","PIT",3,14,13,3,2,1,0,0,1,2,1,0,3,0,0,0,,0,0,0.224558,0.0800981,0.248805,0.321931,0.291658,0.377928,0.292009,0.669586,0.153371,2.29606,0.27176,-0.00464203,-0.0241246,1.43295,-0.204741,83.6219,-0.0287666,0.0705392,-0.3029576279222965,-0.179460808634758,-0.00167356,745.1400146484375,,,,,,,9.7,3.233333333,9.7,3.233333333,,,,,,,,,,,,,,,,,,,"Darick Hall","19717",669742
"Logan Davidson","ATH",6,28,26,6,4,1,0,1,3,3,2,0,9,0,0,0,,0,0,0.217995,0.0724206,0.323805,0.223655,0.279762,0.348221,0.275386,0.627983,0.130226,4.28295,0.307989,-0.00502309,-0.0330898,2.49128,-0.784109,81.4727,-0.0381129,0.157188,-0.6316869482398033,-0.3428118824958801,-0.00424514,999,,,,,,,25.9,4.316666666,25.9,4.316666666,,,,,,,,,,,,,,,,,,,"Logan Davidson","sa918676",669722
"Miguel Sanó",,10,42,37,8,4,1,0,2,5,5,4,0,15,0,0,0,,0,0,0.210459,0.0950229,0.355012,0.267661,0.293742,0.398225,0.302338,0.691966,0.187766,3.09809,0.291106,-0.0219799,-0.0470091,4.64801,-0.265067,94.6619,-0.068989,-0.211657,-0.33130500465631485,-1.1116572618484497,-0.00450242,999,,,,,,,41.5,4.15,41.5,4.15,,,,,,,,,,,,,,,,,,,"Miguel Sano","12164",593934
"Stone Garrett","WSN",2,7,6,1,1,0,0,0,1,1,1,0,2,0,0,0,,0,0,0.224992,0.0717459,0.308795,0.232341,0.286682,0.371241,0.287956,0.657923,0.146249,4.09002,0.303171,0.000574986,-0.00733332,0.693639,-0.125207,83.8442,-0.00675834,0,-0.14199261646717787,-0.17499999701976776,-0.00866352,733.3599853515625,,,,,,,2.6,1.3,2.6,1.3,,,,,,,,,,,,,,,,,,,"Stone Garrett","19273",656448
"Blaze Alexander","ARI",29,126,113,26,18,5,1,2,13,13,9,0,39,2,1,0,,2,1,0.228392,0.0731749,0.313087,0.23372,0.298344,0.34425,0.285499,0.642594,0.115858,4.68365,0.326307,-0.00433526,-0.144767,12.2363,-2.50289,80.192,-0.149102,0.131533,-3.1336012184619904,-1.1684671938419342,-0.0109622,748.7899780273438,,,,,,,105.6,3.64137931,105.6,3.64137931,,,,,,,,,,,,,,,,,,,"Blaze Alexander","23789",677942
"Aledmys Díaz",,13,56,52,12,8,3,0,1,5,6,3,0,11,1,0,0,,0,0,0.227577,0.0549282,0.193893,0.283291,0.279597,0.349061,0.275314,0.628658,0.121484,2.47211,0.26456,-0.0769379,-0.0786906,4.97935,-1.57142,76.0723,-0.155629,-0.551344,-1.7233832627534866,-0.2513437271118164,-0.0112474,999,,,,,,,45.3,3.484615384,45.3,3.484615384,,,,,,,,,,,,,,,,,,,"Aledmys Diaz","15937",649557
"Sandy León","ATL",3,13,11,2,1,0,0,0,1,1,1,0,4,0,0,0,,0,0,0.170219,0.108153,0.332977,0.324806,0.267015,0.245802,0.238338,0.512818,0.0755832,2.14568,0.254788,-0.0258037,-0.0197818,0.757195,-0.740124,48.8913,-0.0455855,-0.000226859,-0.8278724066913128,0.2497731407347601,-0.0144738,999,,,,,,,3.2,1.066666666,3.2,1.066666666,,,,,,,,,,,,,,,,,,,"Sandy Leon","5273",506702
"Christian Arroyo","PHI",3,14,13,3,2,1,0,0,1,1,1,0,3,0,0,0,,0,0,0.219914,0.0479908,0.244282,0.196456,0.266095,0.327938,0.261286,0.594033,0.108024,3.58748,0.277802,-0.00736122,-0.0269339,1.08676,-0.550933,64.9402,-0.0342951,0.0780599,-0.6212418787181377,-0.021940074861049652,-0.0182768,999,,,,,,,9.7,3.233333333,9.7,3.233333333,,,,,,,,,,,,,,,,,,,"Christian Arroyo","16434",624414
"Albert Almora Jr.","MIA",5,21,19,5,3,1,0,0,2,2,1,0,4,0,0,0,,0,0,0.242959,0.0561236,0.177662,0.3159,0.289835,0.345619,0.279624,0.635454,0.10266,4.30552,0.286878,-0.0135979,-0.0265361,1.94009,-0.516448,75.2505,-0.040134,-0.0959885,-0.6616422533988953,-0.2209884598851204,-0.0189318,999,,,,,,,14.9,2.98,14.9,2.98,,,,,,,,,,,,,,,,,,,"Albert Almora Jr.","14109",546991
"Tim Elko","CHW",8,35,33,8,5,1,0,1,4,4,2,0,12,0,0,0,,0,0,0.239507,0.0487796,0.335282,0.145488,0.2812,0.380988,0.287559,0.662187,0.141481,2.96457,0.337462,-0.00463565,-0.0576559,3.45701,-0.637219,85.5541,-0.0622915,0.0348923,-0.640811875462532,-0.7401076704263687,-0.0221196,999,,,,,,,30.1,3.7625,30.1,3.7625,,,,,,,,,,,,,,,,,,,"Tim Elko","sa3020188",671284
"Matt Duffy",,13,56,51,12,9,2,0,1,5,5,4,0,13,1,0,0,,0,0,0.233698,0.0701791,0.224289,0.312896,0.294947,0.311716,0.271784,0.606664,0.0780185,3.14779,0.295767,-0.0320723,-0.0897946,4.82024,-1.73053,73.6439,-0.121867,-0.438235,-1.848730981349945,-0.23823542892932892,-0.0228392,999,,,,,,,46.4,3.569230769,46.4,3.569230769,,,,,,,,,,,,,,,,,,,"Matt Duffy","13836",622110
"Trey Mancini","ARI",6,28,25,6,4,1,0,1,3,3,2,0,7,0,0,0,,0,0,0.230709,0.0779998,0.263178,0.296377,0.299259,0.367642,0.293066,0.666901,0.136933,3.36981,0.295327,-0.0621566,-0.038924,2.88972,-0.385664,85.2852,-0.101081,-0.0114311,-0.5937692299485207,-0.6114311162382364,-0.0281713,750.9299926757812,,,,,,,26.9,4.483333333,26.9,4.483333333,,,,,,,,,,,,,,,,,,,"Trey Mancini","15149",641820
"Billy Hamilton",,3,14,13,2,2,1,0,0,1,1,1,0,5,0,0,0,,0,0,0.190641,0.0639987,0.333861,0.191693,0.24855,0.282474,0.237308,0.531024,0.091833,2.26785,0.280553,-0.0017234,-0.0349234,0.816582,-0.821111,49.9275,-0.0366468,-0.158553,-0.8568405844271183,-0.108553197234869,-0.0515292,999,,,,,,,4.1,1.366666666,4.1,1.366666666,,,,,,,,,,,,,,,,,,,"Billy Hamilton","10199",571740
"Zac Veen","COL",49,210,188,44,30,8,1,5,24,22,17,0,53,2,2,1,,9,2,0.235182,0.081411,0.253297,0.321406,0.302595,0.375855,0.297915,0.67845,0.140673,6.44863,0.297204,0,0.565881,22.4924,-2.07296,77.0784,0.565881,-0.167586,-5.190177738666534,-2.317586302757263,-0.053142,999,,,,,,,202.8,4.13877551,202.8,4.13877551,,,,,,,,,,,,,,,,,,,"Zac Veen","sa3014516",691728
"Robert Hassell III","WSN",36,154,139,31,23,5,1,2,15,13,12,0,40,1,1,0,,3,1,0.220583,0.0789795,0.260388,0.303315,0.286674,0.313274,0.267408,0.599948,0.0926906,4.68674,0.291664,0,-0.0182785,12.7132,-5.3014,70.0143,-0.0182785,-0.134491,-5.540275044739246,-0.5844905227422714,-0.102907,721.0999755859375,,,,,,,115.5,3.208333333,115.5,3.208333333,,,,,,,,,,,,,,,,,,,"Robert Hassell III","sa3014701",690987
"Kris Bryant","COL",110,476,422,104,69,21,1,13,54,53,42,1,115,9,2,0,,1,0,0.24577,0.0880545,0.242472,0.363154,0.326005,0.393271,0.316774,0.719275,0.147501,2.55865,0.30588,-0.0545623,-0.749249,58.2083,2.52675,89.7724,-0.803812,-0.0286409,-6.625416278839111,-10.22864069417119,-0.103565,506.739990234375,,,,,,,504.1,4.582727272,504.1,4.582727272,,,,,,,,,,,,,,,,,,,"Kris Bryant","15429",592178
"Martín Maldonado","SDP",18,70,64,11,7,2,0,2,6,7,5,0,24,1,0,1,,0,0,0.173831,0.0701067,0.34553,0.202896,0.240752,0.297911,0.240391,0.538662,0.12408,2.67779,0.240995,-0.191629,-0.0751098,4.28092,-3.95433,55.1431,-0.266739,-0.794363,-4.04300844669342,0.5806374549865723,-0.195585,999,,,,,,,40.2,2.233333333,40.2,2.233333333,,,,,,,,,,,,,,,,,,,"Martin Maldonado","6887",455117
"Jac Caglianone","KCR",15,63,59,12,8,3,0,1,6,6,3,0,15,1,0,0,,1,0,0.208747,0.0446776,0.243956,0.183138,0.254174,0.321397,0.251036,0.575571,0.112651,4.48546,0.262376,-0.00339712,-0.0114097,4.37068,-2.99894,55.9056,-0.0148069,-0.0486,-3.193362825550139,-1.4735999554395676,-0.265096,999,,,,,,,40.2,2.68,40.2,2.68,,,,,,,,,,,,,,,,,,,"Jac Caglianone","sa3025245",695506