Name,Team,G,PA,AB,H,1B,2B,3B,HR,R,RBI,BB,IBB,SO,HBP,SF,SH,GDP,SB,CS,AVG,BB%,K%,BB/K,OBP,SLG,wOBA,OPS,ISO,Spd,BABIP,UBR,wSB,wRC,wRAA,wRC+,BsR,Fld,Off,Def,WAR,ADP,InterSD,InterSK,IntraSD,Vol,Skew,Dim,FPTS,FPTS/G,SPTS,SPTS/G,P10,P20,P30,P40,P50,P60,P70,P80,P90,TT10,TT20,TT30,TT40,TT50,TT60,TT70,TT80,TT90,NameASCII,PlayerId,MLBAMID
"Aaron Judge","NYY",145.796,638.901,521.309,146.321,71.3268,26.1764,0.596401,48.2215,104.81,118.64,105.956,10.8861,166.733,6.15609,4.57444,0.419638,9.04085,6.0893,2.22786,0.28068,0.165842,0.260968,0.635486,0.405071,0.610684,0.423306,1.01576,0.330004,3.07513,0.315505,,-1.0463,132.91,58.1731,181.547,-1.0463,-4.49,58.567405343055725,-12.341825485229492,6.97369,3.1600000858306885,,,,,,,1170.7,8.01849315,1170.7,8.01849315,,,,,,,,,,,,,,,,,,,"Aaron Judge","15640",592450
"Bobby Witt Jr.","KCR",153.255,667.258,606.078,180.088,104.29,36.4241,7.26442,32.1097,109.263,97.8763,48.2663,4.93193,111.299,6.37141,5.76334,0.779445,6.85903,39.5526,8.68609,0.297137,0.0723353,0.1668,0.433665,0.352188,0.540145,0.377085,0.892333,0.243009,7.41823,0.315901,,3.1772,113.986,35.9317,144.571,3.1772,0.34,37.20650672912598,7.435139030218124,6.90774,1.6200000047683716,,,,,,,1059.9,6.92745098,1059.9,6.92745098,,,,,,,,,,,,,,,,,,,"Bobby Witt Jr.","25764",677951
"Juan Soto","NYM",152.977,673.747,538.237,146.025,82.2455,27.8542,1.67168,34.2533,104.277,93.4782,126.729,7.21987,116.876,4.47693,3.55466,0.749797,15.2416,7.6717,3.13094,0.271302,0.188096,0.173471,1.0843,0.411934,0.520184,0.399388,0.932118,0.248882,3.72985,0.286108,,-1.36138,127.189,48.3757,161.996,-1.36138,-0.31,48.586968660354614,-8.355843126773834,6.47216,7.519999980926514,,,,,,,1091.6,7.134640522,1091.6,7.134640522,,,,,,,,,,,,,,,,,,,"Juan Soto","20123",665742
"Gunnar Henderson","BAL",147.695,645.277,565.559,152.538,86.2773,31.4741,4.60483,30.1815,96.5004,89.3879,69.4789,3.26937,148.158,5.61405,4.14642,0.479089,11.7054,15.7991,3.57393,0.269712,0.107673,0.229603,0.468953,0.353026,0.501744,0.365387,0.854771,0.232033,5.8314,0.312639,,0.464555,104.156,28.6724,143.435,0.464555,1.17,32.534238278865814,7.772758364677429,6.38439,7.659999847412109,,,,,,,935.4,6.32027027,935.4,6.32027027,,,,,,,,,,,,,,,,,,,"Gunnar Henderson","26289",683002
"Shohei Ohtani","LAD",145.488,643.675,552.292,159.26,82.3049,30.9992,3.70094,42.2545,115.73,109.456,80.7326,10.8122,144.024,5.09932,3.9592,0.602558,8.15523,33.1109,9.31123,0.288361,0.125425,0.223753,0.560549,0.381713,0.587414,0.405218,0.969127,0.299053,6.40706,0.316254,,1.6094,124.532,49.2366,164.104,1.6094,0,50.95126736164093,-13.788826942443848,6.05181,1.5299999713897705,,,,,,,1141.4,7.871724137,1141.4,7.871724137,,,,,,,,,,,,,,,,,,,"Shohei Ohtani","19755",660271
"Mookie Betts","LAD",148.405,652.616,565.098,156.233,94.1664,31.9875,2.91885,27.1598,95.4011,89.2408,74.4577,2.54347,87.1596,7.13411,5.32146,0.604802,8.92519,13.2793,4.37353,0.27647,0.114091,0.133554,0.854268,0.364755,0.487592,0.366697,0.852347,0.211122,4.89965,0.282992,,-0.482538,106.029,29.6871,138.177,-0.482538,-1.33,29.311218738555908,5.16283643245697,5.80491,12.739999771118164,,,,,,,928.8,6.275675675,928.8,6.275675675,,,,,,,,,,,,,,,,,,,"Mookie Betts","13611",605141
"Yordan Alvarez","HOU",137.506,598.521,512.819,150.607,81.1785,29.748,1.51032,38.1704,92.5096,103.624,70.8738,8.72173,100.372,8.94457,5.43916,0.444623,10.1172,2.16435,0.745932,0.293685,0.118415,0.1677,0.706111,0.385278,0.580882,0.405192,0.966159,0.287197,3.07816,0.296108,,-1.07106,115.784,45.7701,170.356,-1.07106,-0.22,47.11110293865204,-12.83008262515068,5.60106,17.09000015258789,,,,,,,1029.2,7.457971014,1029.2,7.457971014,,,,,,,,,,,,,,,,,,,"Yordan Alvarez","19556",670541
"Corey Seager","TEX",126.518,549.241,482.952,137.044,76.9505,27.2463,1.04407,31.8032,77.5224,88.316,54.8017,7.1147,95.7884,4.70053,4.17901,0.439274,10.579,1.0964,0.446982,0.283763,0.0997771,0.174401,0.572112,0.359558,0.542058,0.380189,0.901616,0.258295,2.46335,0.29271,,-0.98254,95.198,30.9489,151.241,-0.98254,0.33,31.21967726945877,4.18481382727623,5.54743,47.40999984741211,,,,,,,850.9,6.7,850.9,6.7,,,,,,,,,,,,,,,,,,,"Corey Seager","13624",608369
"Vladimir Guerrero Jr.","TOR",153.854,668.025,588.179,176.267,108.928,32.5934,1.18302,33.5617,97.6213,103.928,67.4268,6.75634,92.2847,7.46328,4.44253,0.513176,16.5681,5.6237,2.11968,0.299682,0.100935,0.138146,0.730639,0.376258,0.530299,0.385595,0.906557,0.230618,3.41338,0.305725,,-1.13119,118.693,40.5488,156.374,-1.13119,0,41.959086298942566,-11.43086051940918,5.45277,13.09000015258789,,,,,,,1046.4,6.794805194,1046.4,6.794805194,,,,,,,,,,,,,,,,,,,"Vladimir Guerrero Jr.","19611",665489
"José Ramírez","CLE",152.568,661.858,592.145,160.267,94.4404,34.2168,3.95651,27.6528,93.7486,89.9108,59.1115,10.1273,76.0626,3.91338,6.12897,0.559574,7.19367,31.4313,9.43492,0.270654,0.0893115,0.114923,0.777143,0.337656,0.481901,0.34666,0.819557,0.211246,6.19711,0.268146,,1.30219,96.8566,19.4337,128.882,1.30219,4.9,23.17460870742798,6.665833234786987,5.36051,4.96999979019165,,,,,,,911.3,5.95620915,911.3,5.95620915,,,,,,,,,,,,,,,,,,,"Jose Ramirez","13510",608070
"William Contreras","MIL",148.003,619.887,546.848,144.107,91.4551,27.96,0.587865,24.1045,75.3117,88.3723,63.4414,1.88361,135.335,5.40593,3.29389,0.898088,15.2773,4.93857,1.82125,0.263524,0.102344,0.218323,0.468772,0.344037,0.44904,0.344132,0.793077,0.185516,2.98812,0.307147,,-1.00021,89.4529,16.9397,120.919,-1.00021,10.27,14.50603723526001,15.979992866516113,5.28048,24.43000030517578,,,,,,,779.8,5.268918918,779.8,5.268918918,,,,,,,,,,,,,,,,,,,"William Contreras","20503",661388
"Julio Rodríguez","SEA",147.495,640.698,580.968,158.983,100.878,26.5061,4.32905,27.2697,90.1698,84.2232,46.9302,3.4052,153.773,8.96914,3.34622,0.484783,9.90108,29.2979,6.66311,0.273652,0.0732485,0.240009,0.30519,0.335642,0.474995,0.347711,0.810637,0.201342,6.57853,0.326613,,1.95049,94.3017,19.354,134.757,1.95049,-1.71,27.430565357208252,0.3784329891204834,5.07786,13.399999618530273,,,,,,,867.8,5.90340136,867.8,5.90340136,,,,,,,,,,,,,,,,,,,"Julio Rodriguez","23697",677594
"Ronald Acuña Jr.","ATL",116.11,519.41,448.912,133.986,81.6031,26.2296,1.46698,24.6866,91.768,69.6942,58.8683,3.18101,92.6481,8.31885,2.84622,0.464524,8.92069,37.4381,12.2636,0.298469,0.113337,0.178372,0.635396,0.387658,0.52841,0.391945,0.916068,0.229941,6.33234,0.32683,,1.3716,94.942,34.1824,152.279,1.3716,3.3,33.84308397769928,-2.4383633136749268,5.02979,35.279998779296875,,,,,,,855.2,7.372413793,855.2,7.372413793,,,,,,,,,,,,,,,,,,,"Ronald Acuna Jr.","18401",660670
"Francisco Lindor","NYM",152.956,670.692,591.274,150.39,88.6406,30.7598,2.25196,28.7381,92.4135,84.9997,59.8369,1.94603,130.503,9.57688,5.14714,0.565373,9.71698,21.622,7.23787,0.25435,0.0892167,0.194579,0.458511,0.330118,0.459802,0.340442,0.78992,0.205452,5.29645,0.278266,,0.160943,94.7928,16.3366,122.321,0.160943,1.04,18.063058227300644,7.880435466766357,4.98606,14.600000381469727,,,,,,,855.1,5.588888888,855.1,5.588888888,,,,,,,,,,,,,,,,,,,"Francisco Lindor","12916",596019
"Cal Raleigh","SEA",141.874,572.311,504.531,107.471,57.3635,21.7052,0.931899,27.4704,63.1664,81.2389,58.2174,2.48016,161.673,4.67393,4.47134,0.417021,6.6441,2.69258,0.818828,0.213012,0.101723,0.282492,0.360094,0.297892,0.423069,0.311492,0.72096,0.210057,2.83734,0.250112,,-0.722642,67.5525,0.604698,109.28,-0.722642,16.44,5.354199051856995,23.592084407806396,4.95987,85.93000030517578,,,,,,,609.4,4.291549295,609.4,4.291549295,,,,,,,,,,,,,,,,,,,"Cal Raleigh","21534",663728
"Fernando Tatis Jr.","SDP",145.914,631.886,563.259,153.786,89.2413,30.5298,2.5582,31.4571,97.7324,89.5036,56.9885,2.22102,141.856,6.86258,3.9557,0.819956,10.6254,24.8743,7.02185,0.273029,0.0901879,0.224496,0.401736,0.344873,0.50386,0.362902,0.848733,0.23083,5.9225,0.310558,,0.940228,100.731,26.814,137.602,0.940228,3.9,29.352506697177887,-3.238555908203125,4.8702,11.140000343322754,,,,,,,917.7,6.285616438,917.7,6.285616438,,,,,,,,,,,,,,,,,,,"Fernando Tatis Jr.","19709",665487
"Adley Rutschman","BAL",145.83,613.092,536.517,136.725,90.8267,26.1901,2.07933,17.6288,71.7899,70.444,66.2097,3.07875,97.7149,4.78113,5.00194,0.582097,11.5575,1.72621,0.578809,0.254838,0.107993,0.15938,0.67758,0.339122,0.409978,0.327065,0.7491,0.15514,2.91763,0.279453,,-1.14201,80.051,8.33267,116.479,-1.14201,8.4,10.41843867301941,14.551265239715576,4.68958,63.43000030517578,,,,,,,700.2,4.79589041,700.2,4.79589041,,,,,,,,,,,,,,,,,,,"Adley Rutschman","26288",668939
"Austin Riley","ATL",151.916,657.691,586.08,159.284,91.1172,31.7901,2.58158,33.795,93.0347,99.7059,56.0149,3.01734,156.659,9.93457,5.24365,0.41787,11.3134,1.71432,0.5829,0.271779,0.0851691,0.238196,0.357559,0.342679,0.507819,0.362651,0.850497,0.23604,3.36999,0.313042,,-1.10904,104.711,27.7758,132.562,-1.10904,-3.38,24.500351905822754,-1.0356175899505615,4.68535,29.829999923706055,,,,,,,932.9,6.1375,932.9,6.1375,,,,,,,,,,,,,,,,,,,"Austin Riley","18360",663586
"Ketel Marte","ARI",141.164,614.067,538.48,147.966,87.5012,31.5342,2.53502,26.3958,84.395,92.5357,64.6913,4.21072,110.732,5.79864,4.26868,0.525807,12.7612,6.12634,1.94941,0.274785,0.105349,0.180325,0.584216,0.356233,0.489819,0.362373,0.846052,0.215034,4.16116,0.299714,,-0.777955,97.6286,25.7963,131.934,-0.777955,-0.27,22.671164989471436,0.37635520100593567,4.49223,32.40999984741211,,,,,,,863.9,6.126950354,863.9,6.126950354,,,,,,,,,,,,,,,,,,,"Ketel Marte","13613",606466
"Matt Chapman","SFG",148.154,624.549,549.607,134.241,71.8968,30.0164,2.0036,30.3245,84.058,85.4567,62.978,0.924726,160.137,6.71378,4.81122,0.43883,8.67583,7.44373,2.04853,0.24425,0.100838,0.256404,0.393276,0.326758,0.47168,0.34337,0.798438,0.22743,4.23349,0.285519,,-0.451098,89.7428,16.6843,122.745,-0.451098,1.96,16.535914421081543,4.24632716178894,4.29432,128.3800048828125,,,,,,,798.5,5.39527027,798.5,5.39527027,,,,,,,,,,,,,,,,,,,"Matt Chapman","16505",656305
"Kyle Tucker","CHC",147.639,640.429,551.349,149.322,89.9943,29.1012,3.21315,27.0134,90.0004,89.9126,78.913,5.58954,98.5912,2.96382,5.74198,0.429976,8.90715,20.3929,6.94324,0.27083,0.123219,0.153946,0.800406,0.361832,0.482253,0.361545,0.844085,0.211423,5.15749,0.283459,,-0.0458386,101.393,26.4767,135.556,-0.0458386,0.79,27.184315394610167,-7.196320474147797,4.26691,8.739999771118164,,,,,,,902.8,6.1,902.8,6.1,,,,,,,,,,,,,,,,,,,"Kyle Tucker","18345",663656
"Will Smith","LAD",121.137,497.156,432.201,113.21,68.2415,22.3973,1.43375,21.137,65.7897,70.3873,48.425,1.86024,91.6877,10.1302,5.46972,0.428792,7.95651,1.82739,0.591615,0.261938,0.097404,0.184424,0.528152,0.346143,0.467111,0.350455,0.813253,0.205173,3.24948,0.283435,,-0.860182,74.2723,16.1159,127.245,-0.860182,0.25,15.337020993232727,8.73419189453125,4.19586,104.93000030517578,,,,,,,642.7,5.311570247,642.7,5.311570247,,,,,,,,,,,,,,,,,,,"Will Smith","19197",669257
"Jackson Merrill","SDP",151.74,631.199,582.909,160.152,100.049,33.2712,3.74267,23.0897,82.8202,81.4,37.4023,2.93378,111.235,2.54369,4.89735,3.44711,9.54339,15.2654,3.80836,0.274747,0.059256,0.176227,0.336247,0.318754,0.4635,0.334196,0.782253,0.188753,5.57911,0.302245,,0.428933,86.0375,12.2011,118.28,0.428933,2.94,14.226531982421875,5.2816667556762695,4.18561,26.360000610351562,,,,,,,785,5.164473684,785,5.164473684,,,,,,,,,,,,,,,,,,,"Jackson Merrill","29490",701538
"Corbin Carroll","ARI",150.18,652.487,569.021,144.727,86.5987,31.3423,6.37944,20.407,97.9901,72.3772,66.7287,1.6058,129.061,9.24887,4.03525,3.45303,9.62408,40.9951,6.60669,0.254345,0.102268,0.197798,0.517034,0.340052,0.439438,0.33854,0.77949,0.185094,7.66082,0.293493,,4.25282,91.2209,14.8942,115.893,4.25282,7.04,16.65303897857666,0.5700545310974121,4.02283,8.3100004196167,,,,,,,841.4,5.609333333,841.4,5.609333333,,,,,,,,,,,,,,,,,,,"Corbin Carroll","25878",682998
"Elly De La Cruz","CIN",149.876,647.681,579.826,146.946,85.3933,31.8242,4.73555,24.9931,99.6582,76.0832,58.7988,2.84338,202.357,4.56678,2.99807,1.49125,7.92111,50.2733,8.9273,0.253431,0.0907836,0.312433,0.29057,0.325464,0.453965,0.335463,0.779429,0.200534,8.00312,0.343071,,5.28742,88.9447,13.1802,108.981,5.28742,-3.94,12.243557453155518,2.998703956604004,3.80172,4.590000152587891,,,,,,,861.3,5.742,861.3,5.742,,,,,,,,,,,,,,,,,,,"Elly De La Cruz","26668",682829
"Patrick Bailey","SFG",113.345,430.987,388.017,88.5349,60.8928,18.3795,0.539703,8.72292,42.2224,41.559,35.1259,0.696311,100.936,2.82713,3.65148,1.36573,7.77502,1.9145,0.753363,0.228173,0.0815011,0.234198,0.348,0.294417,0.345765,0.282672,0.640182,0.117592,2.68577,0.283012,,-0.696853,40.8743,-9.54173,81.8913,-0.696853,23.74,-10.029679119586945,32.485755920410156,3.80149,305.8399963378906,,,,,,,367.9,3.255752212,367.9,3.255752212,,,,,,,,,,,,,,,,,,,"Patrick Bailey","27478",672275
"Austin Wells","NYY",122.545,475.378,420.569,95.3155,57.1084,19.6333,1.39973,17.174,53.5318,55.9645,45.2834,1.70849,110.178,5.32196,3.48765,0.716339,6.88069,3.95962,1.20649,0.226635,0.0952577,0.231768,0.411004,0.307421,0.40248,0.309268,0.709901,0.175845,3.72592,0.263364,,-0.533353,55.2602,-0.348628,101.33,-0.533353,12.03,0.18991905450820923,20.565625190734863,3.78023,194.74000549316406,,,,,,,489.3,3.97804878,489.3,3.97804878,,,,,,,,,,,,,,,,,,,"Austin Wells","27562",669224
"Trea Turner","PHI",145.788,636.393,581.121,159.427,104.662,31.6626,3.5987,19.5036,85.0835,76.894,39.6552,0.0385845,123.219,5.63851,4.07927,0.608698,10.866,23.2964,5.68352,0.274343,0.0623125,0.193621,0.321827,0.324698,0.4419,0.331599,0.766598,0.167557,6.14453,0.316226,,1.17422,85.4156,10.9715,112.266,1.17422,-2.45,10.508685231208801,4.299443960189819,3.71807,24.399999618530273,,,,,,,777.9,5.328082191,777.9,5.328082191,,,,,,,,,,,,,,,,,,,"Trea Turner","16252",607208
"Jarren Duran","BOS",148.283,645.828,584.984,157.679,95.9018,35.5445,5.97975,20.2525,93.7449,74.2407,50.6025,2.00777,147.314,6.66282,2.68357,0.894909,9.49209,32.7359,5.96551,0.269543,0.0783529,0.228101,0.3435,0.333281,0.454611,0.339775,0.787892,0.185068,7.29275,0.327126,,2.93809,90.9317,15.384,117,2.93809,1.2,15.50029969215393,-1.5751941204071045,3.66162,21.030000686645508,,,,,,,846.3,5.718243243,846.3,5.718243243,,,,,,,,,,,,,,,,,,,"Jarren Duran","24617",680776
"Alex Bregman","BOS",145.661,632.842,556.97,144.95,90.905,29.4053,1.57091,23.0685,77.6943,81.4497,61.4094,0.0383692,83.1537,7.09661,6.80202,0.563821,11.5448,2.08634,0.805721,0.260247,0.0970375,0.131397,0.738505,0.337598,0.442937,0.33883,0.780534,0.18269,2.78476,0.266378,,-1.16689,88.6221,14.5935,116.335,-1.16689,1.28,10.661506533622742,3.5278546810150146,3.6442,118.70999908447266,,,,,,,771.7,5.285616438,771.7,5.285616438,,,,,,,,,,,,,,,,,,,"Alex Bregman","17678",608324
"Manny Machado","SDP",148.095,631.003,571.778,148.39,92.4831,25.4114,0.705722,29.7895,80.729,89.0705,50.6653,3.52714,121.802,2.25148,5.41109,0.510445,11.152,7.39608,3.06553,0.259523,0.0802933,0.193029,0.415965,0.31948,0.462734,0.334683,0.782214,0.203211,3.43131,0.278667,,-0.882064,86.2583,12.4448,118.608,-0.882064,-0.4,13.158711075782776,0.7058466374874115,3.60208,38.220001220703125,,,,,,,780.9,5.276351351,780.9,5.276351351,,,,,,,,,,,,,,,,,,,"Manny Machado","11493",592518
"Bryce Harper","PHI",145.409,631.621,541.583,146.726,88.5874,29.1864,3.22967,25.7228,87.4086,86.268,80.1048,8.61208,135.059,4.56763,4.56142,0.803765,11.3649,9.78716,3.97279,0.270921,0.126824,0.213829,0.593109,0.366824,0.479225,0.361834,0.846049,0.208304,4.62547,0.313999,,-0.951041,100.146,26.2599,132.616,-0.951041,1.27,23.684041261672974,-10.138795375823975,3.57123,22.760000228881836,,,,,,,889.6,6.135172413,889.6,6.135172413,,,,,,,,,,,,,,,,,,,"Bryce Harper","11579",547180
"Dansby Swanson","CHC",149.08,623.023,556.073,137.495,88.1026,27.2408,1.49346,20.6577,76.0692,76.2698,53.2254,0.358737,155.058,4.32653,4.13896,0.537501,10.6994,14.9449,4.56666,0.24726,0.0854308,0.24888,0.343261,0.31573,0.413067,0.317645,0.728797,0.165807,4.86035,0.30387,,-0.00728482,76.6239,3.74386,106.009,-0.00728482,1.68,4.469588099047542,8.581851601600647,3.49066,174.72000122070312,,,,,,,678.1,4.551006711,678.1,4.551006711,,,,,,,,,,,,,,,,,,,"Dansby Swanson","18314",621020
"Michael Harris II","ATL",140.405,589.885,541.043,148.271,95.1145,30.3772,3.09322,19.6856,83.4492,71.001,38.7023,2.97675,117.199,5.85869,3.17991,1.10145,11.0445,20.5952,5.35355,0.274046,0.0656099,0.198682,0.330226,0.327508,0.45078,0.334709,0.778288,0.176734,5.91572,0.315672,,0.871939,80.6498,11.6462,113.756,0.871939,1.41,10.575116693973541,3.576743721961975,3.49033,40.380001068115234,,,,,,,740.8,5.291428571,740.8,5.291428571,,,,,,,,,,,,,,,,,,,"Michael Harris II","25931",671739
"Wyatt Langford","TEX",138.573,588.23,523.899,137.035,81.7968,27.2461,4.49077,23.5017,83.9688,70.1779,53.762,2.16048,119.097,6.16702,3.83869,0.562999,8.34359,17.7123,4.1062,0.261568,0.0913963,0.202467,0.451414,0.335163,0.465296,0.344336,0.800459,0.203728,6.16733,0.294786,,0.777915,84.9812,16.1712,126.021,0.777915,2.09,18.29146909713745,-4.128775358200073,3.48786,43.93000030517578,,,,,,,772.9,5.560431654,772.9,5.560431654,,,,,,,,,,,,,,,,,,,"Wyatt Langford","33333",694671
"Willy Adames","SFG",150.402,642.414,568.86,137.086,81.3469,28.7969,1.64628,25.2959,80.0366,79.1079,62.8904,1.873,157.948,3.13329,5.29192,0.373272,8.32972,11.3902,3.70432,0.240983,0.097897,0.245866,0.398173,0.317272,0.430796,0.323699,0.748068,0.189813,4.47107,0.285975,,-0.370554,82.1391,6.9907,109.505,-0.370554,-1.82,6.931533336639404,5.143055081367493,3.45646,95.5999984741211,,,,,,,736.4,4.909333333,736.4,4.909333333,,,,,,,,,,,,,,,,,,,"Willy Adames","15986",642715
"Freddie Freeman","LAD",143.573,627.862,546.51,153.496,99.7256,30.6852,2.51344,20.5717,85.4453,81.2424,67.761,8.41549,98.6811,7.58213,5.41357,0.595267,11.1344,12.2723,3.71328,0.280866,0.107923,0.15717,0.686666,0.364819,0.459137,0.353784,0.823956,0.178271,4.80444,0.307218,,-0.36474,95.4813,22.0353,129.486,-0.36474,1.45,21.77317440509796,-9.768097639083862,3.39923,26.43000030517578,,,,,,,853.8,5.929166666,853.8,5.929166666,,,,,,,,,,,,,,,,,,,"Freddie Freeman","5361",518692
"Rafael Devers","BOS",143.118,620.953,547.942,145.954,82.5194,29.4043,2.07908,31.9516,82.8195,97.0513,62.5355,8.60299,131.231,6.54054,3.53404,0.400489,11.3024,3.21566,1.25171,0.266368,0.100709,0.211338,0.476531,0.346514,0.502555,0.360022,0.84907,0.236187,3.25096,0.293599,,-0.992373,97.5483,24.9104,131.242,-0.992373,-0.12,21.20492660999298,-9.55260955542326,3.34125,39.15999984741211,,,,,,,878.8,6.145454545,878.8,6.145454545,,,,,,,,,,,,,,,,,,,"Rafael Devers","17350",646240
"Jazz Chisholm Jr.","NYY",140.679,597.81,537.074,130.72,78.5022,23.4126,3.08919,25.716,86.075,70.4071,51.2251,2.41653,153.664,4.8641,3.64253,1.00391,8.20862,35.3437,7.80845,0.243393,0.0856879,0.257044,0.333359,0.313015,0.442134,0.325281,0.755149,0.198741,6.92309,0.290598,,2.86308,77.1972,7.26652,112.594,2.86308,-1.32,11.477564096450806,0.850972056388855,3.33141,22.760000228881836,,,,,,,736.9,5.226241134,736.9,5.226241134,,,,,,,,,,,,,,,,,,,"Jazz Chisholm Jr.","20454",665862
"Carlos Correa","MIN",119.97,516.65,454.51,121.186,79.3528,22.6524,1.18659,17.994,63.2848,63.4708,50.456,2.09268,98.8669,4.05423,3.69673,0.427245,11.2681,0.429443,0.172552,0.266629,0.09766,0.191361,0.510343,0.342676,0.440459,0.339581,0.783136,0.17383,2.23269,0.302308,,-1.02398,72.6628,12.2261,123.335,-1.02398,-2.62,12.770370602607727,1.5456252098083496,3.25726,242.02999877929688,,,,,,,626.2,5.218333333,626.2,5.218333333,,,,,,,,,,,,,,,,,,,"Carlos Correa","14162",621043
"Mike Trout","LAA",106.759,463.412,398.769,103.963,54.3477,19.7071,2.29115,27.6169,68.1942,71.6432,54.6478,3.66958,120.929,6.66948,2.97692,0.349251,5.01523,6.205,1.63725,0.26071,0.117925,0.260953,0.451902,0.356928,0.529387,0.376194,0.886315,0.268677,4.7352,0.301524,,-0.306011,78.8315,24.6224,146.641,-0.306011,-3.05,24.425119519233704,-8.437820672988892,3.24657,118.0999984741211,,,,,,,707.8,6.614953271,707.8,6.614953271,,,,,,,,,,,,,,,,,,,"Mike Trout","10155",545361
"Jordan Westburg","BAL",134.465,564.537,515.168,133.754,82.3917,27.9882,3.74205,19.6317,72.2689,69.3147,38.0676,1.39933,130.946,6.93534,3.57641,0.789657,9.32053,9.39622,2.49569,0.259631,0.0674316,0.231953,0.290712,0.317086,0.442809,0.327566,0.759896,0.183178,5.21511,0.309974,,-0.125933,73.9387,7.90029,116.832,-0.125933,0.2,10.746511593461037,1.4652908593416214,3.2048,90.23999786376953,,,,,,,673.9,5.029104477,673.9,5.029104477,,,,,,,,,,,,,,,,,,,"Jordan Westburg","27815",676059
"Alejandro Kirk","TOR",107.524,413.368,366.829,92.6115,66.0367,16.7292,0.123869,9.72176,44.8122,44.906,37.9976,0.690172,52.8804,4.74565,3.34432,0.451496,10.589,0.0926409,0.0757575,0.252465,0.0919221,0.127926,0.718558,0.327802,0.378252,0.311628,0.706054,0.125787,1.49626,0.269498,,-0.865245,48.8372,0.482205,104.344,-0.865245,8.35,1.1896021962165833,16.060962677001953,3.20475,256.0299987792969,,,,,,,426.1,3.94537037,426.1,3.94537037,,,,,,,,,,,,,,,,,,,"Alejandro Kirk","22581",672386
"Francisco Alvarez","NYM",100.703,381.355,340.649,76.0664,47.1085,13.6985,0.423438,14.8359,42.0082,46.245,32.7043,0.713973,97.4578,4.98811,2.60126,0.41275,7.57295,0.988875,0.510858,0.223299,0.0857581,0.255557,0.335574,0.298625,0.396653,0.303605,0.695278,0.173355,2.35628,0.265117,,-0.672776,42.5922,-2.01793,97.527,-0.672776,12.89,-1.800552487373352,20.005953311920166,3.19179,173.33999633789062,,,,,,,379.3,3.755445544,379.3,3.755445544,,,,,,,,,,,,,,,,,,,"Francisco Alvarez","26121",682626
"Marcus Semien","TEX",147.698,649.515,576.959,142.523,89.5772,28.8407,4.1725,19.9326,81.3567,71.0221,57.3265,0.0393801,106.255,3.77442,4.35351,0.610273,9.19541,12.558,3.68496,0.247024,0.0882604,0.163592,0.539517,0.316967,0.415119,0.318887,0.732086,0.168094,5.26396,0.269356,,-0.169734,80.5313,4.55232,108.12,-0.169734,0.74,5.864752352237701,2.827349901199341,3.13386,104.12000274658203,,,,,,,715.2,4.832432432,715.2,4.832432432,,,,,,,,,,,,,,,,,,,"Marcus Semien","12533",543760
"Riley Greene","DET",142.26,611.283,537.661,139.601,86.1213,28.8399,4.01352,20.626,78.5214,73.1151,64.1506,2.88752,157.467,5.25477,3.72439,0.492265,11.5446,6.3333,1.86434,0.259644,0.104944,0.257601,0.407391,0.342189,0.443301,0.340138,0.78549,0.183656,4.74778,0.32749,,-0.693102,86.2467,14.74,124.242,-0.693102,-0.34,16.26246815919876,-6.642837375402451,3.09803,110.26000213623047,,,,,,,763.1,5.373943661,763.1,5.373943661,,,,,,,,,,,,,,,,,,,"Riley Greene","25976",682985
"Oneil Cruz","PIT",144.084,612.978,550.667,138.47,78.2256,30.1427,2.04533,28.0563,85.6599,83.421,54.4473,3.74501,178.457,3.84148,3.56719,0.454899,9.07506,22.9434,4.9703,0.251458,0.0888242,0.29113,0.305101,0.321227,0.466474,0.337148,0.787701,0.215016,5.90554,0.317535,,1.5278,85.0103,13.3054,114.003,1.5278,-4.09,11.79234254360199,-2.261773943901062,3.09248,40,,,,,,,787.1,5.465972222,787.1,5.465972222,,,,,,,,,,,,,,,,,,,"Oneil Cruz","21711",665833
"Yainer Diaz","HOU",134.523,544.754,510.165,140.581,95.9316,26.4365,1.39628,16.8162,63.4995,68.2197,25.7412,1.0344,96.7209,3.8257,4.49311,0.529188,12.9357,1.18626,0.399941,0.275559,0.047253,0.17755,0.266139,0.312642,0.431739,0.320726,0.744381,0.15618,2.69607,0.308546,,-0.90705,68.3485,4.62425,110.941,-0.90705,0.98,5.912586092948914,5.698118686676025,3.07462,58.900001525878906,,,,,,,612.4,4.536296296,612.4,4.536296296,,,,,,,,,,,,,,,,,,,"Yainer Diaz","23003",673237
"Yandy Díaz","TBR",141.553,613.917,546.007,151.823,105.495,25.5284,0.866447,19.9334,74.8483,76.1163,58.205,0.894403,91.1771,5.61973,3.38583,0.698987,18.224,1.6037,0.757496,0.278061,0.0948092,0.148517,0.638373,0.351666,0.437512,0.344287,0.789179,0.159451,2.31297,0.300924,,-1.31534,88.6684,16.8535,130.02,-1.31534,0.92,19.771945118904114,-10.519052565097809,3.06922,197.39999389648438,,,,,,,767.3,5.403521126,767.3,5.403521126,,,,,,,,,,,,,,,,,,,"Yandy Diaz","16578",650490
"Brent Rooker","ATH",141.757,602.559,532.415,132.712,71.2119,24.7085,2.05277,34.7393,82.9355,87.8121,55.4026,3.54949,178.051,10.2749,4.0446,0.421497,7.72104,6.90437,2.1896,0.249265,0.0919456,0.295492,0.311161,0.329476,0.499129,0.353136,0.828605,0.249865,4.37143,0.302695,,-0.558303,91.3192,20.833,136.164,-0.558303,-0.02,24.375016510486603,-14.768712539225817,3.06662,66.26000213623047,,,,,,,828.4,5.833802816,828.4,5.833802816,,,,,,,,,,,,,,,,,,,"Brent Rooker","19627",667670
"Bo Bichette","TOR",140.395,604.696,563.505,153.637,110.199,27.7455,1.66781,14.025,71.5476,67.3325,32.6849,0.0366627,113.745,3.719,4.27426,0.513147,13.2571,11.1319,3.74972,0.272645,0.0540517,0.188103,0.287351,0.314542,0.402469,0.312082,0.71701,0.129823,4.34067,0.317294,,-0.449029,71.6624,0.926199,104.664,-0.449029,-0.12,2.7777116000652313,6.3797687366604805,3.02762,119.36000061035156,,,,,,,643.3,4.595,643.3,4.595,,,,,,,,,,,,,,,,,,,"Bo Bichette","19612",666182
"Xander Bogaerts","SDP",144.595,604.744,541.127,143.458,99.5264,26.1185,1.71518,16.0984,75.0615,67.4314,44.7349,0.0366656,109.563,5.73506,5.11816,0.587699,13.1951,12.3884,4.24756,0.26511,0.0739733,0.181173,0.408302,0.324993,0.408966,0.320396,0.733959,0.143856,4.73187,0.302817,,-0.42616,75.7148,4.97296,108.992,-0.42616,-3.09,6.0763846933841705,2.8765814304351807,3.00451,154.8300018310547,,,,,,,661.6,4.56275862,661.6,4.56275862,,,,,,,,,,,,,,,,,,,"Xander Bogaerts","12161",593428
"Bo Naylor","CLE",108.905,396.419,353.8,73.9318,44.6637,14.9314,1.01973,13.317,42.2622,45.5032,36.0405,1.32947,111.299,3.24796,2.42968,0.901343,4.92113,5.77835,1.98812,0.208965,0.0909152,0.28076,0.323818,0.286258,0.369853,0.287392,0.656111,0.160887,4.23598,0.261706,,-0.301623,39.1019,-7.27042,87.1915,-0.301623,13.43,-6.111365616321564,21.833163261413574,2.98851,289.45001220703125,,,,,,,354.6,3.253211009,354.6,3.253211009,,,,,,,,,,,,,,,,,,,"Bo Naylor","21865",666310
"Logan O'Hoppe","LAA",126.027,499.977,451.6,109.738,64.2533,22.2673,1.42834,21.7889,60.8545,65.1857,37.9569,0.626071,135.291,6.34714,3.2684,0.80463,7.54184,3.60234,1.12962,0.242998,0.0759174,0.270594,0.280558,0.308595,0.443376,0.324569,0.751971,0.200378,3.72061,0.29534,,-0.588874,64.277,5.79068,110.327,-0.588874,0.79,5.3190916776657104,6.898507177829742,2.98314,137.41000366210938,,,,,,,577.1,4.58015873,577.1,4.58015873,,,,,,,,,,,,,,,,,,,"Logan O'Hoppe","24729",681351
"Randy Arozarena","SEA",145.624,620.008,537.308,126.347,78.0664,23.925,2.2422,22.113,82.2023,68.3569,63.9166,0.0375911,156.868,14.6637,3.59421,0.525781,10.553,26.709,7.73724,0.235148,0.10309,0.25301,0.407454,0.330804,0.411487,0.326606,0.742291,0.176339,5.94355,0.288001,,0.972142,80.7247,8.19735,119.911,0.972142,0,15.097693681716919,-7.219996929168701,2.94816,135.92999267578125,,,,,,,722.3,4.947260273,722.3,4.947260273,,,,,,,,,,,,,,,,,,,"Randy Arozarena","19290",668227
"Junior Caminero","TBR",130.112,553.437,512.385,134.84,89.0849,21.5948,1.64151,22.5192,65.1204,74.8033,31.5353,2.05983,110.553,4.86331,4.10543,0.547939,12.2119,4.84745,1.68053,0.263162,0.0569809,0.199756,0.285252,0.309717,0.443565,0.323543,0.753281,0.180402,3.73885,0.292947,,-0.685246,70.6929,5.95294,115.428,-0.685246,-0.81,9.084350943565369,0.6439973711967468,2.9101,73.23999786376953,,,,,,,650.3,5.002307692,650.3,5.002307692,,,,,,,,,,,,,,,,,,,"Junior Caminero","28163",691406
"Shea Langeliers","ATH",127.628,502.165,456.059,104.688,56.0822,20.6956,1.28824,26.622,61.6495,67.9155,36.9873,1.09137,137.623,4.78244,3.65157,0.684315,6.58406,4.33334,1.29818,0.229549,0.0736556,0.27406,0.268758,0.292051,0.4557,0.320159,0.74775,0.226151,3.88459,0.264213,,-0.422781,62.7758,4.03347,112.967,-0.422781,-5.29,7.02782878279686,4.258664131164551,2.89451,124.63999938964844,,,,,,,583.2,4.55625,583.2,4.55625,,,,,,,,,,,,,,,,,,,"Shea Langeliers","25816",669127
"CJ Abrams","WSN",138.791,595.179,539.188,133.148,84.6941,27.3284,3.55549,17.5701,76.2693,63.3026,37.772,2.21976,119.568,11.4008,4.20702,2.61067,8.06087,32.7417,9.19536,0.246942,0.0634633,0.200894,0.315904,0.307679,0.408573,0.310551,0.716252,0.161631,6.76085,0.284494,,1.78516,69.8011,0.178175,99.0524,1.78516,0.64,1.1107629537582397,7.0655094385147095,2.8914,49.04999923706055,,,,,,,660.6,4.752517985,660.6,4.752517985,,,,,,,,,,,,,,,,,,,"CJ Abrams","25768",682928
"Jung Hoo Lee","SFG",120.858,518.913,469.987,134.491,89.8935,31.2654,3.56912,9.76323,64.5432,56.4244,39.8833,1.91932,51.5735,4.20815,4.2456,0.588632,11.1686,7.67728,1.92443,0.286159,0.0768592,0.0993876,0.773328,0.344539,0.430192,0.335704,0.77473,0.144032,4.95689,0.302081,,-0.286269,71.3619,10.6604,117.585,-0.286269,-1.82,10.625693768262863,0.04509246349334717,2.88673,227.4499969482422,,,,,,,628.7,5.195867768,628.7,5.195867768,,,,,,,,,,,,,,,,,,,"Jung Hoo Lee","33824",808982
"Brandon Lowe","TBR",115.014,482.215,425.614,101.829,57.0858,21.9472,1.6741,21.1222,59.8967,65.5116,47.0262,1.47296,123.073,6.04109,3.11062,0.422677,6.96773,4.58337,1.44764,0.239252,0.0975212,0.255225,0.382099,0.321501,0.447568,0.332199,0.769069,0.208316,4.13196,0.283651,,-0.52738,64.9548,8.54626,121.516,-0.52738,-0.59,11.344375133514404,0.5309941172599792,2.88664,224.72000122070312,,,,,,,583.5,5.073913043,583.5,5.073913043,,,,,,,,,,,,,,,,,,,"Brandon Lowe","18882",664040
"Danny Jansen","TBR",97.937,371.158,326.825,73.7359,43.1964,15.2378,0.798145,14.5036,41.4272,46.5442,35.0502,0.0225033,74.774,5.84464,2.77886,0.362876,5.41626,0.67372,0.261538,0.225613,0.0944348,0.201461,0.468749,0.309396,0.410253,0.314583,0.719649,0.18464,2.45222,0.246467,,-0.634687,44.7329,1.31556,109.125,-0.634687,5.02,3.240485906600952,12.25300121307373,2.87796,299.4100036621094,,,,,,,402.5,4.107142857,402.5,4.107142857,,,,,,,,,,,,,,,,,,,"Danny Jansen","16535",643376
"Jeremy Peña","HOU",151.576,634.401,585.478,153.802,108.927,28.9254,3.16098,12.7888,77.3421,61.8464,30.843,0.0384637,119.816,9.94311,4.53743,1.99316,12.9342,19.5664,4.49898,0.262695,0.0486175,0.188865,0.257419,0.308478,0.388427,0.304321,0.696905,0.125733,5.81768,0.308286,,0.909859,71.2198,-2.99122,99.4014,0.909859,-0.84,0.4753146171569824,6.177407443523407,2.8712,161.89999389648438,,,,,,,650.6,4.280263157,650.6,4.280263157,,,,,,,,,,,,,,,,,,,"Jeremy Pena","21636",665161
"Jackson Chourio","MIL",148.1,630.331,580.18,156.451,101.398,29.5507,5.36418,20.1385,81.243,80.7831,40.7333,2.09204,134.719,4.50356,3.93333,0.980881,9.92555,24.8694,5.69068,0.26966,0.064622,0.213727,0.302357,0.320471,0.443217,0.328653,0.763688,0.173557,6.38349,0.317556,,1.52833,83.1073,9.37244,110.501,1.52833,4.51,9.443171739578247,-2.8433279991149902,2.84948,17.020000457763672,,,,,,,765.8,5.174324324,765.8,5.174324324,,,,,,,,,,,,,,,,,,,"Jackson Chourio","28806",694192
"Ozzie Albies","ATL",144.674,624.435,567.295,147.054,90.8678,33.1474,2.9644,20.0747,79.772,75.7881,44.4316,1.15705,99.4371,6.08127,6.01411,0.61294,8.91113,11.8703,3.78984,0.25922,0.0711548,0.159243,0.446831,0.316704,0.434262,0.324028,0.750966,0.175042,5.03374,0.279816,,-0.267557,80.0053,6.96014,106.567,-0.267557,-0.22,4.635723531246185,2.0126233398914337,2.83422,68.55000305175781,,,,,,,718.6,4.955862068,718.6,4.955862068,,,,,,,,,,,,,,,,,,,"Ozzie Albies","16556",645277
"Matt McLain","CIN",126.802,544.683,486.01,124.168,74.7743,25.726,2.44362,21.2239,73.5105,69.2104,46.9436,0.524851,147.485,7.74183,3.39699,0.590396,7.10293,18.2207,4.98283,0.255484,0.0861852,0.270772,0.318294,0.328718,0.449482,0.336943,0.7782,0.193998,5.65745,0.320999,,0.608462,75.449,11.733,109.978,0.608462,0.68,7.1072099804878235,1.9922210574150085,2.81307,92.5199966430664,,,,,,,677.8,5.337007874,677.8,5.337007874,,,,,,,,,,,,,,,,,,,"Matt McLain","29695",680574
"Iván Herrera","STL",101.963,388.315,344.215,88.0686,60.4362,16.613,1.19104,9.82838,45.7493,41.4528,36.0855,0.320014,85.8754,4.7082,2.48461,0.821673,8.30688,4.27988,1.49499,0.255854,0.0929284,0.221149,0.420207,0.332554,0.396696,0.320795,0.72925,0.140843,3.98091,0.311719,,-0.545927,48.7422,3.3179,107.051,-0.545927,4.26,2.728391945362091,11.518417358398438,2.80689,234.52000427246094,,,,,,,425.6,4.172549019,425.6,4.172549019,,,,,,,,,,,,,,,,,,,"Ivan Herrera","20599",671056
"Pete Alonso","NYM",153.414,659.217,576.008,137.899,76.4068,25.2064,0.227919,36.0577,84.222,96.75,63.8461,3.39176,155.253,13.7902,5.04956,0.522895,11.052,3.15794,1.37156,0.239404,0.0968514,0.235512,0.411238,0.327216,0.471754,0.343121,0.798969,0.23235,2.47434,0.261301,,-1.11291,94.5921,17.4781,124.124,-1.11291,-0.67,17.903980016708374,-12.756710946559906,2.79881,49.209999084472656,,,,,,,844.6,5.520261437,844.6,5.520261437,,,,,,,,,,,,,,,,,,,"Pete Alonso","19251",624413
"Ian Happ","CHC",149.908,646.022,559.365,133.532,81.1065,28.7745,2.41825,21.2325,79.788,77.0677,75.9685,2.24127,159.158,6.20047,4.00027,0.487705,11.0446,11.0577,3.01089,0.23872,0.117594,0.246367,0.477314,0.334143,0.412683,0.326826,0.746826,0.173962,4.69425,0.293229,,-0.278838,84.2262,8.65574,112.188,-0.278838,3.04,9.13697373867035,-3.9001855850219727,2.76268,130.77999877929688,,,,,,,742.8,4.952,742.8,4.952,,,,,,,,,,,,,,,,,,,"Ian Happ","17919",664023
"Taylor Ward","LAA",148.833,639.477,564.051,144.05,89.3362,28.4972,1.71312,24.5036,80.0294,79.3283,61.9167,0.724131,146.736,7.98722,5.00326,0.518977,10.0225,6.66814,2.33583,0.255385,0.0968239,0.229463,0.421959,0.334848,0.442308,0.337471,0.777156,0.186923,3.9048,0.300509,,-0.863473,88.8517,14.0469,119.403,-0.863473,-1.34,13.333397924900055,-8.030693888664246,2.74925,181.52000427246094,,,,,,,787.7,5.286577181,787.7,5.286577181,,,,,,,,,,,,,,,,,,,"Taylor Ward","17548",621493
"Isaac Paredes","HOU",140.925,593.797,515.965,119.133,76.7061,21.8985,0.945605,19.5828,68.2044,65.9065,60.8746,0.209604,96.1677,11.7523,4.77657,0.428402,10.2513,0.864124,0.328094,0.230894,0.102518,0.161954,0.633004,0.323172,0.390862,0.315284,0.714034,0.159969,2.46205,0.245808,,-1.137,71.9012,2.43993,107.113,-1.137,0.84,3.695964217185974,3.014768421649933,2.7374,192.08999633789062,,,,,,,628.8,4.459574468,628.8,4.459574468,,,,,,,,,,,,,,,,,,,"Isaac Paredes","20036",670623
"J.T. Realmuto","PHI",114.009,453.771,404.528,103.444,63.7038,21.8759,1.65065,16.2133,58.4784,57.3865,31.3511,0.508142,111.49,7.30919,3.20226,0.419413,7.6027,10.2068,3.27225,0.255715,0.0690902,0.245696,0.281202,0.31834,0.438192,0.327406,0.756532,0.182477,5.27029,0.311507,,-0.0878057,59.373,6.29179,109.444,-0.0878057,-1.99,5.036687932908535,5.9949610233306885,2.69996,140.86000061035156,,,,,,,522,4.578947368,522,4.578947368,,,,,,,,,,,,,,,,,,,"J.T. Realmuto","11739",592663
"Sean Murphy","ATL",85.453,334.281,292.163,69.1908,41.3597,14.4829,0,13.3482,41.3862,42.9474,31.8114,0.504711,80.7741,7.2681,2.02269,0.333538,6.8653,0.161906,0.0728236,0.236823,0.0951637,0.241635,0.393832,0.324877,0.423456,0.32697,0.748334,0.186634,1.79348,0.279125,,-0.62799,43.6212,4.51767,108.547,-0.62799,5.58,2.7885736227035522,12.173595905303955,2.69494,240.9499969482422,,,,,,,374.2,4.402352941,374.2,4.402352941,,,,,,,,,,,,,,,,,,,"Sean Murphy","19352",669221
"J.P. Crawford","SEA",132.04,555.533,479.895,112.121,77.3253,21.2179,1.35372,12.224,58.3476,53.926,62.8328,1.15969,110.217,5.94595,3.49068,2.14143,11.4752,3.2769,1.03308,0.233637,0.113104,0.198399,0.570081,0.327619,0.359909,0.306322,0.687528,0.126272,3.07809,0.276766,,-0.906986,63.2608,-1.72439,105.644,-0.906986,-1.39,2.6803457140922546,4.722962737083435,2.6772,433.739990234375,,,,,,,536.5,4.064393939,536.5,4.064393939,,,,,,,,,,,,,,,,,,,"J.P. Crawford","15491",641487
"Matt Olson","ATL",154.822,664.953,574.011,141.143,79.9945,27.5409,0.961937,32.6457,87.9363,95.7918,78.9298,5.76645,157.1,6.20956,5.30245,0.500218,11.5198,0.534149,0.190362,0.245889,0.1187,0.236258,0.502417,0.340554,0.467839,0.346769,0.808393,0.22195,2.23457,0.278507,,-1.22806,97.3677,19.5828,121.873,-1.22806,-0.52,16.164394974708557,-12.466142177581787,2.66889,35.400001525878906,,,,,,,869.6,5.61032258,869.6,5.61032258,,,,,,,,,,,,,,,,,,,"Matt Olson","14344",621566
"Gleyber Torres","DET",146.183,625.715,558.394,140.59,96.0172,26.2641,1.37606,16.9323,71.3522,68.2042,56.4664,0.324615,115.147,3.89237,5.67375,1.28829,10.8135,9.43218,4.18303,0.251775,0.090243,0.184025,0.490385,0.321813,0.394708,0.314037,0.716521,0.142933,3.83325,0.286252,,-1.03934,75.1378,1.94283,105.881,-1.03934,-0.64,3.1714154481887817,1.6159104108810425,2.64865,229.0500030517578,,,,,,,658.4,4.509589041,658.4,4.509589041,,,,,,,,,,,,,,,,,,,"Gleyber Torres","16997",650402
"Lawrence Butler","ATH",146.541,596.815,542.625,132.362,78.0105,26.6964,2.27663,25.3787,76.6053,71.9843,47.2208,2.04407,150.493,2.48095,3.91374,0.574342,9.06656,14.9092,3.94021,0.243929,0.0791214,0.25216,0.313775,0.305353,0.44183,0.321152,0.747183,0.197901,5.30288,0.288624,,0.394202,75.0852,5.27093,113.666,0.394202,2.43,9.726343393325806,-4.157658815383911,2.62985,64.22000122070312,,,,,,,685.2,4.661224489,685.2,4.661224489,,,,,,,,,,,,,,,,,,,"Lawrence Butler","22542",671732
"Gabriel Moreno","ARI",118.662,450.936,404.157,111.787,79.1029,21.8282,1.7306,9.12576,54.1519,51.7961,38.078,0.648753,77.9106,4.69777,3.42521,0.577815,11.0792,4.66787,1.6316,0.276594,0.0844421,0.172775,0.48874,0.3432,0.406906,0.328569,0.750107,0.130312,3.94668,0.320271,,-0.68403,59.4242,6.67461,109.182,-0.68403,-2.3,4.2669717669487,6.021545648574829,2.61346,186.86000061035156,,,,,,,515.9,4.335294117,515.9,4.335294117,,,,,,,,,,,,,,,,,,,"Gabriel Moreno","22664",672515
"Tyler Stephenson","CIN",118.966,468.039,417.282,107.63,70.0667,20.12,0.675604,16.7673,54.523,61.4327,40.2041,0.673733,111.833,6.49035,3.61466,0.447926,10.1852,0.783525,0.301077,0.25793,0.0858991,0.238939,0.359502,0.330041,0.429932,0.330625,0.759973,0.172002,2.41593,0.310857,,-0.881445,62.4525,7.70222,105.726,-0.881445,2.01,2.3230477571487427,7.340018033981323,2.60768,166.72000122070312,,,,,,,551.2,4.631932773,551.2,4.631932773,,,,,,,,,,,,,,,,,,,"Tyler Stephenson","17988",663886
"Max Muncy","LAD",124.838,521.778,438.719,94.3159,49.6969,19.2343,1.35738,24.0274,67.4567,71.5159,72.1301,2.65062,135.961,6.16047,4.34829,0.419928,6.80952,1.57933,0.461766,0.21498,0.138239,0.260572,0.530521,0.331071,0.429311,0.330955,0.760382,0.214331,3.06942,0.2483,,-0.860362,69.7615,8.72492,114.12,-0.860362,-1.27,7.9498661160469055,-0.08445405960083008,2.60685,259.6700134277344,,,,,,,611.6,4.8928,611.6,4.8928,,,,,,,,,,,,,,,,,,,"Max Muncy","13301",571970
"Teoscar Hernández","LAD",145.694,619.759,563.326,145.469,88.045,26.6966,2.39119,28.3359,85.7918,87.1861,45.7976,1.90061,177.636,6.58753,3.54625,0.501893,10.5673,10.2163,2.71536,0.258232,0.0738958,0.286621,0.257817,0.319502,0.465016,0.336911,0.784518,0.206784,4.99113,0.324557,,-0.149804,85.8325,13.3343,118.129,-0.149804,-2.27,13.285827949643135,-9.015092372894287,2.57258,58.290000915527344,,,,,,,771.5,5.284246575,771.5,5.284246575,,,,,,,,,,,,,,,,,,,"Teoscar Hernandez","13066",606192
"Andrés Giménez","TOR",142.56,596.155,541.994,138.5,98.1402,25.3356,3.94777,11.0765,75.3677,53.1581,30.6482,1.94929,104.227,15.5188,3.90356,4.09,10.9624,29.4863,5.9329,0.255538,0.0514098,0.174831,0.294054,0.311903,0.37816,0.302053,0.690063,0.122622,6.87093,0.295925,,2.37085,65.8381,-3.89897,97.6091,2.37085,1.88,0.7399218082427979,4.12835156917572,2.55524,169,,,,,,,614.4,4.296503496,614.4,4.296503496,,,,,,,,,,,,,,,,,,,"Andres Gimenez","19950",665926
"Zach Neto","LAA",122.063,498.288,447.887,108.843,67.0459,22.3626,1.9811,17.4535,64.872,54.8025,32.4516,0.346878,116.971,12.7481,2.87065,2.33064,7.80613,18.2238,5.34476,0.243014,0.0651261,0.234745,0.277433,0.310597,0.418695,0.317579,0.729292,0.175681,6.03149,0.288903,,0.596938,61.2567,2.96796,105.411,0.596938,-1.24,3.6817851662635803,4.411064863204956,2.55133,199.02999877929688,,,,,,,552.6,4.529508196,552.6,4.529508196,,,,,,,,,,,,,,,,,,,"Zach Neto","31347",687263
"Jose Altuve","HOU",142.56,629.825,569.099,146.788,100.243,27.8695,1.66823,17.0069,79.4268,66.6757,50.4261,0.0381863,110.63,6.5008,3.10032,0.698834,12.5298,15.32,5.25043,0.25793,0.0800636,0.175652,0.455808,0.323806,0.402416,0.318337,0.726221,0.144486,4.6672,0.29193,,-0.3026,77.811,4.13524,109.26,-0.3026,0.49,6.3708691000938416,-3.11425518989563,2.50471,61.209999084472656,,,,,,,692.1,4.839860139,692.1,4.839860139,,,,,,,,,,,,,,,,,,,"Jose Altuve","5417",514888
"Pete Crow-Armstrong","CHC",135.894,535.704,488.422,117.931,77.1341,19.8848,5.49076,15.4215,69.4097,54.9209,33.2338,2.3809,142.888,6.74648,3.38739,3.91472,6.13593,28.638,4.26375,0.241453,0.0620376,0.266729,0.232586,0.296943,0.399372,0.301115,0.696315,0.157918,7.81013,0.307375,,3.09522,58.7573,-3.90831,94.8829,3.09522,4.27,-0.18280911445617676,6.367129564285278,2.48112,134.66000366210938,,,,,,,564.2,4.148529411,564.2,4.148529411,,,,,,,,,,,,,,,,,,,"Pete Crow-Armstrong","27769",691718
"Colton Cowser","BAL",136.269,554.002,486.134,116.182,69.3952,23.525,2.12687,21.1345,71.3203,67.5028,55.848,2.66509,167.601,8.04892,3.22906,0.742462,9.06159,8.98727,2.31014,0.238991,0.100808,0.302528,0.33322,0.325487,0.426557,0.326635,0.752044,0.187566,4.83621,0.316163,,-0.169131,72.1435,7.33742,116.176,-0.169131,0.21,10.084977924823761,-5.678166434168816,2.36245,167.24000549316406,,,,,,,645.5,4.746323529,645.5,4.746323529,,,,,,,,,,,,,,,,,,,"Colton Cowser","29591",681297
"Ha-Seong Kim","TBR",107.638,442.701,390.631,92.9079,62.1687,18.3612,1.8967,10.4812,53.9586,40.435,42.0767,0.426525,80.3508,3.69686,3.13851,3.1584,6.72356,17.3894,4.88511,0.237841,0.0950454,0.181501,0.523662,0.315513,0.37505,0.3045,0.690563,0.13721,5.78047,0.272092,,0.650812,49.7628,-2.0235,102.032,0.650812,1.42,1.6802974939346313,6.4032405614852905,2.35899,355.2200012207031,,,,,,,443.7,4.108333333,443.7,4.108333333,,,,,,,,,,,,,,,,,,,"Ha-Seong Kim","27506",673490
"Ryan Jeffers","MIN",105.764,412.312,366.872,85.5113,52.1534,16.1151,0.685954,16.5568,47.7892,49.8473,32.3694,0.589161,96.3972,8.07543,2.70681,2.2881,7.13978,2.19372,0.909015,0.233082,0.078507,0.233797,0.335792,0.307192,0.416136,0.314927,0.723328,0.183054,3.17457,0.268697,,-0.655586,49.807,1.57554,105.993,-0.655586,1.69,2.171514093875885,6.639995098114014,2.32955,235.1199951171875,,,,,,,447.5,4.221698113,447.5,4.221698113,,,,,,,,,,,,,,,,,,,"Ryan Jeffers","24618",680777
"Victor Robles","SEA",129.642,505.698,442.665,107.021,75.0619,18.4299,2.45439,11.0745,63.6462,39.6144,36.5732,0.492125,106.467,13.3107,2.95528,10.1941,8.68305,31.1116,6.56148,0.241764,0.0723223,0.210534,0.343518,0.316657,0.369541,0.303737,0.686197,0.127776,6.78935,0.292448,,2.58264,56.5337,-2.62183,103.825,2.58264,6.5,4.796032190322876,0.8019514083862305,2.31917,194.47000122070312,,,,,,,512.5,3.942307692,512.5,3.942307692,,,,,,,,,,,,,,,,,,,"Victor Robles","18363",645302
"Alec Bohm","PHI",144.019,612.665,560.958,151.465,105.058,29.4284,1.20894,15.7697,69.3018,73.0307,40.0391,0.529275,93.2634,4.89925,6.28576,0.482728,13.6842,3.6598,1.5418,0.270011,0.0653524,0.152226,0.429312,0.320825,0.411118,0.318067,0.731943,0.141107,3.17714,0.296141,,-1.07213,75.5579,3.88952,103.158,-1.07213,-0.88,1.2413501739501953,0.5848395824432373,2.29571,172.42999267578125,,,,,,,661.8,4.595833333,661.8,4.595833333,,,,,,,,,,,,,,,,,,,"Alec Bohm","21618",664761
"Ezequiel Tovar","COL",149.598,642.467,599.868,157.539,98.9788,32.1813,4.24089,22.1379,76.9502,79.239,29.787,1.08386,170.535,4.92253,4.94356,2.94566,8.74631,11.8368,3.53201,0.262622,0.0463635,0.265438,0.174668,0.300613,0.441123,0.318093,0.741735,0.1785,5.22369,0.328532,,-0.109697,79.2467,4.09215,90.6598,-0.109697,1.19,-7.285494863986969,8.115833759307861,2.29536,130.39999389648438,,,,,,,723.8,4.825333333,723.8,4.825333333,,,,,,,,,,,,,,,,,,,"Ezequiel Tovar","24064",678662
"Jacob Wilson","ATH",124.781,490.896,455.599,122.622,91.2328,23.4246,2.10397,5.86019,50.7938,43.5443,24.3006,0.884059,58.2179,4.89772,3.21105,2.88769,12.6176,4.05511,1.27768,0.269144,0.0495025,0.118595,0.417407,0.311101,0.368383,0.29735,0.679484,0.0992389,3.82604,0.295799,,-0.649963,52.3553,-5.06875,96.923,-0.649963,2.46,-2.3782601356506348,8.236897945404053,2.29513,338.45001220703125,,,,,,,459.1,3.6728,459.1,3.6728,,,,,,,,,,,,,,,,,,,"Jacob Wilson","33266",805779
"Jackson Holliday","BAL",120.076,466.611,412.329,99.8847,63.9775,20.295,3.34415,12.268,58.103,48.3643,48.2071,1.7271,121.771,3.06884,2.45322,0.553248,8.73081,8.81595,1.97473,0.242245,0.103313,0.260969,0.395883,0.324339,0.396946,0.315661,0.721285,0.1547,5.5255,0.312089,,0.0674129,56.6421,2.05888,108.458,0.0674129,0.08,4.582887180149555,1.98833866417408,2.28512,213.58999633789062,,,,,,,500.4,4.17,500.4,4.17,,,,,,,,,,,,,,,,,,,"Jackson Holliday","31781",702616
"Byron Buxton","MIN",104.115,431.279,388.604,94.5004,48.1715,23.3006,1.9737,21.0547,58.2673,59.2169,32.0265,0.847562,119.476,7.47204,2.82316,0.353377,4.38223,7.81406,1.99174,0.243179,0.0742593,0.277028,0.268057,0.310956,0.475838,0.336828,0.786794,0.232658,5.18885,0.292734,,0.0709033,59.7004,9.25023,121.398,0.0709033,-0.25,10.630269519984722,-2.9278550148010254,2.2803,235.5,,,,,,,545.1,5.241346153,545.1,5.241346153,,,,,,,,,,,,,,,,,,,"Byron Buxton","14161",621439
"JJ Bleday","ATH",143.197,596.409,522.491,119.394,67.0723,28.0774,2.22648,22.0176,70.1724,67.5689,64.8746,1.46613,126.336,3.71842,4.61008,0.71502,8.25563,4.55828,1.25663,0.228509,0.108775,0.211828,0.513508,0.315576,0.417188,0.318736,0.732764,0.188679,3.93136,0.257101,,-0.656446,73.8746,4.10779,111.967,-0.656446,-7.62,7.509797096252441,-5.41016960144043,2.27017,269.7799987792969,,,,,,,657.5,4.597902097,657.5,4.597902097,,,,,,,,,,,,,,,,,,,"JJ Bleday","26368",668709
"Royce Lewis","MIN",122.281,508.379,461.201,114.518,69.3103,23.4774,1.09848,20.6319,62.454,64.1679,39.0637,1.33169,114.4,3.63228,3.95128,0.530526,7.89496,7.17018,2.6298,0.248304,0.0768397,0.225028,0.341467,0.309569,0.438178,0.32223,0.747747,0.189874,4.00194,0.284399,,-0.504541,64.4002,4.93096,111.13,-0.504541,-1.38,5.9695828557014465,-1.0025895833969116,2.26324,129.08999633789062,,,,,,,586.7,4.809016393,586.7,4.809016393,,,,,,,,,,,,,,,,,,,"Royce Lewis","20437",668904
"Anthony Volpe","NYY",145.946,611.438,555.572,132.675,90.037,26.2581,3.91284,12.4666,73.4058,55.3768,43.121,0.206048,139.947,6.58178,4.69032,1.47274,9.67254,25.2915,6.26693,0.238807,0.0705238,0.228882,0.308123,0.298996,0.367474,0.292596,0.66647,0.128667,6.35898,0.294737,,1.4189,62.8716,-8.6532,89.6021,1.4189,0.53,-5.855599403381348,7.2867591381073,2.25288,140.91000366210938,,,,,,,580.5,3.976027397,580.5,3.976027397,,,,,,,,,,,,,,,,,,,"Anthony Volpe","27647",683011
"Seiya Suzuki","CHC",129.4,559.199,490.33,127.298,77.9407,26.4199,1.64318,21.2937,73.9306,73.5383,58.4266,2.29075,139.353,5.95681,4.01713,0.468379,8.72779,13.2588,4.02563,0.259616,0.104483,0.2492,0.419272,0.343065,0.450482,0.343424,0.793547,0.190866,4.76888,0.317661,,-0.0838519,80.3769,14.9628,123.36,-0.0838519,-0.02,15.536899514496326,-12.40086318925023,2.24711,84.5,,,,,,,710.9,5.510852713,710.9,5.510852713,,,,,,,,,,,,,,,,,,,"Seiya Suzuki","30116",673548
"Anthony Santander","TOR",147.534,634.371,565.487,133.267,73.526,25.759,1.17475,32.8073,78.5736,92.6942,55.69,2.3389,130.556,7.80687,4.93545,0.452092,9.0714,1.89102,0.613919,0.235668,0.0877877,0.205804,0.42656,0.310393,0.459423,0.330347,0.769816,0.223755,2.75956,0.246794,,-0.933419,84.5046,10.2972,117.511,-0.933419,-1.97,11.777173399925232,-11.314199209213257,2.23184,103.94999694824219,,,,,,,764.1,5.162837837,764.1,5.162837837,,,,,,,,,,,,,,,,,,,"Anthony Santander","14551",623993
"Jake Cronenworth","SDP",140.189,589.551,519.453,126.996,81.5984,26.3479,2.91755,16.132,69.1792,64.5862,53.9083,2.00248,108.667,9.36481,4.99288,0.985508,10.7277,5.23305,1.45078,0.24448,0.0914395,0.184321,0.496089,0.323742,0.399603,0.316221,0.723345,0.155123,4.19642,0.277405,,-0.668546,71.8314,2.86681,106.182,-0.668546,0.67,3.689417541027069,-1.7479293942451477,2.22813,286.8999938964844,,,,,,,630.8,4.505714285,630.8,4.505714285,,,,,,,,,,,,,,,,,,,"Jake Cronenworth","18036",630105
"Bryan Reynolds","PIT",148.325,649.486,577.064,152.653,100.504,29.9782,3.11787,19.0533,79.1849,78.1101,58.5825,2.90335,142.18,9.2691,4.0104,0.560296,12.5739,9.00123,2.77856,0.264534,0.0901982,0.218912,0.41203,0.3398,0.426343,0.333233,0.766143,0.161808,4.46625,0.318216,,-0.630908,88.0271,12.0514,111.369,-0.630908,-0.8,8.198598146438599,-8.463060200214386,2.20643,97.72000122070312,,,,,,,775.2,5.237837837,775.2,5.237837837,,,,,,,,,,,,,,,,,,,"Bryan Reynolds","19326",668804
"Daulton Varsho","TOR",136.291,551.173,491.834,107.593,61.4021,21.6461,2.67222,21.8721,69.7318,63.9439,49.0963,1.10017,138.698,5.26651,3.3098,1.66631,6.32661,15.5337,3.34187,0.218758,0.089076,0.251641,0.35398,0.294729,0.407047,0.304955,0.701775,0.188289,5.93352,0.256208,,0.848271,62.1576,-2.31759,99.6501,0.848271,0.84,0.6275997757911682,2.327668845653534,2.2028,320.5899963378906,,,,,,,584.5,4.297794117,584.5,4.297794117,,,,,,,,,,,,,,,,,,,"Daulton Varsho","19918",662139
"Cedric Mullins","BAL",130.768,521.145,467.764,107.268,65.4344,20.2904,2.81444,18.7285,70.4033,54.3725,42.4423,1.10706,105.489,4.90806,3.74821,2.14811,5.23299,28.5162,6.36594,0.22932,0.0814404,0.202417,0.402339,0.297994,0.404846,0.305218,0.70284,0.175526,6.92047,0.254939,,2.24358,58.8815,-2.081,101.111,2.24358,-1.14,2.9062812328338623,0.878024697303772,2.18504,212.16000366210938,,,,,,,564.2,4.306870229,564.2,4.306870229,,,,,,,,,,,,,,,,,,,"Cedric Mullins","17929",656775
"Jonathan India","KCR",137.658,589.044,506.016,127.657,83.6007,27.1588,2.31789,14.5792,75.5159,61.5987,62.1211,0.436075,118.011,15.4995,4.27749,1.1297,11.3428,12.8029,4.20938,0.252278,0.105461,0.200343,0.526401,0.349162,0.401546,0.33196,0.750708,0.149268,5.06586,0.299381,,-0.413225,79.2317,10.3265,112.83,-0.413225,-0.17,8.233902484178543,-6.929301664233208,2.16271,242.13999938964844,,,,,,,686,4.971014492,686,4.971014492,,,,,,,,,,,,,,,,,,,"Jonathan India","21523",663697
"Luis Robert Jr.","CHW",134.817,574.418,525.997,128.423,76.9266,26.8976,2.09385,22.5054,76.3534,68.3126,36.3405,1.69529,167.602,7.63578,3.50951,0.446789,6.52239,25.3379,6.16851,0.244152,0.0632649,0.291778,0.216826,0.300619,0.431609,0.3155,0.732228,0.187456,6.316,0.312076,,1.62845,69.6546,2.46024,105.209,1.62845,-3.04,5.052050590515137,-3.2860817909240723,2.16,87.02999877929688,,,,,,,659.4,4.884444444,659.4,4.884444444,,,,,,,,,,,,,,,,,,,"Luis Robert Jr.","20043",673357
"Evan Carter","TEX",113.893,452.8,399.285,96.6729,59.7541,20.6982,3.6199,12.6008,59.5474,44.3432,44.3133,1.6415,108.079,5.11275,3.19551,0.893426,6.31291,13.7797,2.82416,0.242115,0.0978652,0.23869,0.410009,0.323295,0.40676,0.318304,0.730055,0.164645,6.25219,0.298339,,0.763401,55.9288,2.96109,107.71,0.763401,1.64,4.757757186889648,0.9871741533279419,2.15223,290.1199951171875,,,,,,,515.3,4.520175438,515.3,4.520175438,,,,,,,,,,,,,,,,,,,"Evan Carter","27790",694497
"Bryson Stott","PHI",140.911,573.501,518.113,132.337,92.3955,24.5045,4.07897,11.3582,71.336,54.8659,46.3078,1.59578,97.9474,3.3992,4.597,1.08394,8.6357,24.2922,5.67675,0.255422,0.0807458,0.170788,0.472783,0.318027,0.384229,0.306981,0.702257,0.128808,6.23022,0.292641,,1.45039,65.6109,-1.47615,95.6963,1.45039,0.9,-1.501047968864441,3.125123143196106,2.14015,175.97999572753906,,,,,,,595.7,4.224822695,595.7,4.224822695,,,,,,,,,,,,,,,,,,,"Bryson Stott","26294",681082
"Jorge Soler","LAA",129.227,546.55,473.004,112.582,60.5646,22.9704,0.400022,28.6471,70.4829,77.986,61.2641,1.18202,138.206,5.97054,3.19029,0.46236,8.76574,1.00021,0.362016,0.238015,0.112092,0.25287,0.443281,0.330893,0.469962,0.345362,0.800855,0.231947,2.21534,0.271335,,-0.945894,79.4111,15.4768,124.953,-0.945894,-0.35,14.659075260162354,-12.29143676161766,2.1262,212.16000366210938,,,,,,,702,5.441860465,702,5.441860465,,,,,,,,,,,,,,,,,,,"Jorge Soler","14221",624585
"Masyn Winn","STL",142.04,611.084,562.246,141.233,98.5708,26.1692,4.43553,12.057,69.529,58.7939,37.815,0.03705,108.844,3.42497,4.50197,3.09617,9.98243,16.0467,4.1878,0.251194,0.0618818,0.178116,0.347425,0.300125,0.377848,0.296082,0.677974,0.126655,5.64206,0.289731,,0.410108,64.5502,-6.93322,90.4182,0.410108,0.13,-6.591694265604019,6.705925345420837,2.11347,151.33999633789062,,,,,,,580.8,4.090140845,580.8,4.090140845,,,,,,,,,,,,,,,,,,,"Masyn Winn","27479",691026
"Eugenio Suárez","ARI",144.272,603.422,534.141,123.698,73.7139,25.6936,0.989918,23.3008,69.2697,83.8597,54.3008,0.603784,173.737,8.85862,4.97759,0.514188,8.68066,1.28972,0.50633,0.231584,0.0899882,0.28792,0.312546,0.310252,0.414262,0.315688,0.724513,0.182678,2.59233,0.29349,,-1.02262,73.2626,2.67549,100.511,-1.02262,-0.83,-0.6535846889019012,0.9869632124900818,2.10975,177.02999877929688,,,,,,,645.8,4.484722222,645.8,4.484722222,,,,,,,,,,,,,,,,,,,"Eugenio Suarez","12552",553993
"Xavier Edwards","MIA",134.616,576.367,516.948,142.972,112.614,23.5498,4.45198,2.35635,67.4958,39.6234,45.632,1.70466,83.8879,2.45476,4.18337,7.14848,10.7687,30.7804,6.49726,0.276569,0.0791718,0.145546,0.543964,0.335651,0.353023,0.304455,0.688674,0.0764541,6.36941,0.323338,,2.26979,64.7667,-2.65557,91.9633,2.26979,-1.6,-3.269277811050415,4.434373736381531,2.1026,146.5,,,,,,,581.1,4.304444444,581.1,4.304444444,,,,,,,,,,,,,,,,,,,"Xavier Edwards","22266",669364
"Kyle Schwarber","PHI",149.053,655.676,546.149,118.445,62.0893,22.208,0.382754,33.7651,86.6144,94.4228,99.3356,3.45525,188.155,6.44102,3.26641,0.484321,9.8053,4.05491,1.95431,0.216874,0.151501,0.286964,0.527945,0.342223,0.44441,0.342363,0.786634,0.227537,2.79353,0.258569,,-1.27812,93.684,16.9843,119.511,-1.27812,-0.01,14.01948368549347,-15.719879874959588,2.07942,76.23999786376953,,,,,,,815.2,5.471140939,815.2,5.471140939,,,,,,,,,,,,,,,,,,,"Kyle Schwarber","16478",656941
"Brandon Nimmo","NYM",133.365,576.288,494.505,119.663,77.8698,23.2476,2.96124,15.5842,70.4127,57.7227,67.0394,1.53603,128.697,9.78202,3.25712,1.70442,11.1624,5.39701,1.68133,0.241985,0.11633,0.22332,0.520911,0.341959,0.395518,0.325726,0.737477,0.153533,4.41599,0.294439,,-0.810313,74.6242,7.21113,112.416,-0.810313,0.67,7.745983183383942,-6.8255563378334045,2.07706,192.22000122070312,,,,,,,646.1,4.857894736,646.1,4.857894736,,,,,,,,,,,,,,,,,,,"Brandon Nimmo","12927",607043
"Brendan Donovan","STL",134.712,566.999,501.924,134.132,96.0831,24.3838,2.70693,10.9579,65.2985,58.6749,48.6832,1.66077,78.3117,10.9279,4.19124,1.27261,13.1293,5.46262,1.79802,0.267235,0.0858612,0.138116,0.621659,0.342468,0.392097,0.323267,0.734565,0.124862,4.14105,0.29549,,-0.851383,72.2991,5.97267,108.715,-0.851383,0.64,5.057657599449158,-3.893480658531189,2.07029,243.41000366210938,,,,,,,622.4,4.61037037,622.4,4.61037037,,,,,,,,,,,,,,,,,,,"Brendan Donovan","24679",680977
"Brenton Doyle","COL",142.704,596.829,544.695,138.065,86.7907,25.5383,4.56267,21.173,79.9795,66.2193,40.1082,0.692393,172.346,4.60895,4.4323,2.98473,7.7943,25.5447,6.10739,0.253472,0.0672021,0.28877,0.232718,0.307794,0.433725,0.319806,0.741519,0.180253,6.69369,0.32871,,1.60296,74.4403,4.62436,91.8128,1.60296,2.14,-4.240202188491821,4.342222213745117,2.06318,76.02999877929688,,,,,,,696.7,4.872027972,696.7,4.872027972,,,,,,,,,,,,,,,,,,,"Brenton Doyle","25479",686668
"Luis García Jr.","WSN",136.187,555.364,516.243,139.234,95.9757,25.9984,2.03428,15.2254,63.6293,66.938,31.1565,2.14451,90.4916,1.87449,5.06675,1.02307,11.5526,14.2076,5.12437,0.269706,0.056101,0.162941,0.344303,0.310756,0.416426,0.31333,0.727182,0.14672,4.7575,0.298389,,-0.235131,66.374,1.40864,100.923,-0.235131,-1.01,0.37797290086746216,1.091651201248169,2.06182,130.7100067138672,,,,,,,601.8,4.425,601.8,4.425,,,,,,,,,,,,,,,,,,,"Luis Garcia Jr.","20391",671277
"Joey Ortiz","MIL",140.096,551.163,498.094,121.364,83.2883,22.0229,3.98962,12.063,61.6168,57.3142,43.0808,0.0944363,114.125,4.83472,3.23658,1.91657,10.3669,11.8137,3.21407,0.243656,0.0781635,0.207063,0.377487,0.308203,0.376545,0.300892,0.684748,0.132889,5.53396,0.291358,,0.0262513,60.3542,-4.1198,91.8154,0.0262513,1.48,-5.368071047589183,6.945667743682861,2.05852,274.239990234375,,,,,,,537.4,3.838571428,537.4,3.838571428,,,,,,,,,,,,,,,,,,,"Joey Ortiz","25493",687401
"Tyler O'Neill","BAL",114.957,477.56,418.823,97.9241,54.9701,17.666,0.93946,24.3485,63.2555,66.929,48.393,1.86587,145.621,6.65877,3.31612,0.368664,6.58366,6.90458,2.0757,0.233808,0.101334,0.304928,0.332321,0.320576,0.45488,0.334268,0.775456,0.221073,4.11426,0.29177,,-0.313368,65.1233,9.2592,121.546,-0.313368,-2.41,11.460078567266464,-7.627728700637817,2.03995,198.89999389648438,,,,,,,586,5.095652173,586,5.095652173,,,,,,,,,,,,,,,,,,,"Tyler O'Neill","15711",641933
"Christian Walker","HOU",140.344,598.417,529.196,124.494,72.8955,23.3742,0.486568,27.7382,74.4172,79.8725,56.6087,1.66377,134.266,7.411,4.66207,0.539597,9.64756,4.90961,1.75814,0.235252,0.0945975,0.224369,0.421615,0.315306,0.438508,0.326095,0.753813,0.203255,3.23221,0.2602,,-0.797598,77.6673,7.66562,114.717,-0.797598,1.32,9.279680371284485,-9.603176712989807,2.02683,101.73999786376953,,,,,,,691.2,4.937142857,691.2,4.937142857,,,,,,,,,,,,,,,,,,,"Christian Walker","13419",572233
"Salvador Perez","KCR",142.972,584.884,530.629,132.624,82.3352,25.8426,0,24.4459,63.5264,85.9554,31.2503,3.50291,128.428,9.95608,5.58699,0.435069,9.80401,0.271619,0.261654,0.249937,0.05343,0.219579,0.243329,0.301045,0.436847,0.31609,0.737892,0.186911,1.54367,0.282196,,-0.999044,71.2013,2.78268,101.666,-0.999044,-0.89,0.11611825227737427,-0.02664250135421753,2.02289,72.87999725341797,,,,,,,637.8,4.46013986,637.8,4.46013986,,,,,,,,,,,,,,,,,,,"Salvador Perez","7304",521692
"Lars Nootbaar","STL",120.8,495.124,428.07,105.32,67.3656,20.6077,1.44936,15.8979,61.0005,56.8524,60.6379,2.22526,101.471,2.17139,3.25349,0.9917,10.5584,7.01671,2.18443,0.246036,0.12247,0.204941,0.597587,0.340252,0.412364,0.329238,0.752616,0.166328,4.12989,0.284827,,-0.491199,65.5139,7.59527,112.734,-0.491199,0.64,7.04850697517395,-3.9965938329696655,2.01805,261.0299987792969,,,,,,,573.7,4.741322314,573.7,4.741322314,,,,,,,,,,,,,,,,,,,"Lars Nootbaar","21454",663457
"Christian Yelich","MIL",120.34,522.12,450.582,118.626,78.5368,22.7044,2.34226,15.0427,68.6077,60.5505,63.9672,3.97623,113.144,3.39795,3.03158,1.14147,11.9501,20.712,4.70635,0.263273,0.122514,0.216701,0.56536,0.357004,0.424214,0.340565,0.781218,0.160941,5.58229,0.318301,,1.11616,73.8456,12.7691,118.518,1.11616,-0.25,12.677844762802124,-10.53198528289795,2.01732,115.27999877929688,,,,,,,661.4,5.511666666,661.4,5.511666666,,,,,,,,,,,,,,,,,,,"Christian Yelich","11477",592885
"Zack Gelof","ATH",139.177,574.997,523.644,116.74,71.3848,23.8754,2.32373,19.1566,70.8994,56.4682,41.6008,0.0697471,185.362,4.64382,3.39472,1.71379,6.95917,21.4204,5.34203,0.222939,0.0723495,0.32237,0.22443,0.284301,0.387159,0.29276,0.67146,0.16422,6.066,0.302566,,1.1927,59.2006,-8.0614,93.6943,1.1927,0.87,-2.955959677696228,3.01779305934906,1.986,214.6699981689453,,,,,,,557.7,4.012230215,557.7,4.012230215,,,,,,,,,,,,,,,,,,,"Zack Gelof","29766",680869
"Willson Contreras","STL",132.503,559.964,476.684,117.185,73.8006,21.8738,1.2122,20.2983,70.9425,67.619,58.9003,1.73692,138.273,17.0498,3.37061,0.821968,12.4033,5.64456,2.08481,0.245833,0.105186,0.246932,0.425972,0.347362,0.424554,0.338669,0.771916,0.17872,3.72912,0.301373,,-0.883637,78.3438,12.8402,119.082,-0.883637,-0.37,11.893762588500977,-11.449959874153137,1.97169,75.05000305175781,,,,,,,669.5,5.033834586,669.5,5.033834586,,,,,,,,,,,,,,,,,,,"Willson Contreras","11609",575929
"Jonah Heim","TEX",101.676,386.574,353.945,78.1226,50.5431,15.2718,0.541139,11.7665,38.5488,42.1506,26.8559,0.704709,75.0637,2.28024,3.00278,0.349308,6.77743,1.12063,0.449869,0.22072,0.0694716,0.194177,0.357775,0.277812,0.366657,0.281186,0.644469,0.145937,2.44041,0.245656,,-0.581374,36.1997,-9.02097,81.5998,-0.581374,7.04,-8.720195353031158,14.885370254516602,1.96763,311.3800048828125,,,,,,,333.7,3.271568627,333.7,3.271568627,,,,,,,,,,,,,,,,,,,"Jonah Heim","16930",641680
"Marcell Ozuna","ATL",147.867,626.195,555.388,141.967,84.2224,27.9673,0.092527,29.6845,82.1391,90.1417,62.0179,1.99382,153.142,3.90259,4.39127,0.495419,11.2672,1.14293,0.592444,0.255617,0.0990392,0.24456,0.404969,0.332248,0.466651,0.343924,0.798899,0.211034,2.00858,0.297868,,-1.18061,90.2583,17.0072,119.958,-1.18061,0,13.763931035995483,-15.7811279296875,1.94531,71.58999633789062,,,,,,,800.5,5.408783783,800.5,5.408783783,,,,,,,,,,,,,,,,,,,"Marcell Ozuna","10324",542303
"Mark Vientos","NYM",145.502,606.1,552.109,127.994,75.6959,25.0166,0.288776,26.9926,68.4435,81.1635,44.3973,1.48521,179.181,5.14152,3.9505,0.502014,11.1953,0.620859,0.287464,0.231827,0.0732508,0.295629,0.24778,0.293153,0.424855,0.309847,0.718007,0.193027,1.75534,0.288669,,-0.968937,70.7382,-0.162172,101.728,-0.968937,-2.93,0.2836453318595886,-1.677302598953247,1.9406,104.33999633789062,,,,,,,640,4.383561643,640,4.383561643,,,,,,,,,,,,,,,,,,,"Mark Vientos","22184",668901
"Keibert Ruiz","WSN",123.891,485.214,448.869,105.295,71.5972,20.689,0.411813,12.5974,43.5536,56.1442,25.3654,0.765129,56.1754,5.78467,4.31469,0.880301,8.83935,1.75702,0.990283,0.234579,0.0522767,0.115774,0.45154,0.281718,0.3667,0.282638,0.648418,0.132121,2.35244,0.241143,,-0.854552,46.0037,-10.7557,80.2648,-0.854552,4.66,-12.305338859558105,14.219490051269531,1.86646,212.47000122070312,,,,,,,416.1,3.355645161,416.1,3.355645161,,,,,,,,,,,,,,,,,,,"Keibert Ruiz","19610",660688
"Andrew Vaughn","CHW",141.896,600.384,546.108,139.867,85.5005,28.503,0.449814,25.4133,69.5806,82.1343,40.1593,0.445317,120.489,8.6755,4.92845,0.512384,11.9824,0.797709,0.280378,0.256115,0.0668894,0.200687,0.333302,0.31457,0.449561,0.329583,0.76413,0.193446,2.09172,0.282507,,-1.01073,79.6083,9.37651,115.115,-1.01073,-0.09,9.372690439224243,-11.337367862462997,1.8641,264.3399963378906,,,,,,,706,4.971830985,706,4.971830985,,,,,,,,,,,,,,,,,,,"Andrew Vaughn","26197",683734
"Steven Kwan","CLE",146.589,639.855,568.656,151.865,118.757,25.5808,3.8492,3.67843,70.5197,52.0581,59.061,1.51302,59.199,5.20712,4.58123,2.34963,12.7159,16.0611,4.97197,0.26706,0.0923038,0.0925195,0.997669,0.33903,0.344988,0.304825,0.684018,0.0779286,4.99829,0.290357,,-0.23403,72.0915,-2.75747,99.4539,-0.23403,4.08,-0.6338500827550888,-2.7065281867980957,1.85792,147.36000061035156,,,,,,,626.4,4.261224489,626.4,4.261224489,,,,,,,,,,,,,,,,,,,"Steven Kwan","24610",680757
"Tommy Edman","LAD",131.215,533.764,486.583,119.883,80.9233,23.1518,2.93702,12.8706,69.8657,53.4262,36.4991,1.01163,94.853,4.96116,3.86521,1.85593,9.08492,24.3357,5.54265,0.246377,0.0683806,0.177706,0.384796,0.303329,0.385383,0.300382,0.688711,0.139006,6.39837,0.279606,,1.66442,58.2296,-4.20905,93.5424,1.66442,0.58,-2.457366704940796,2.6514726281166077,1.8558,175.39999389648438,,,,,,,542.8,4.14351145,542.8,4.14351145,,,,,,,,,,,,,,,,,,,"Tommy Edman","19470",669242
"Christopher Morel","TBR",124.564,511.041,456.168,105.483,59.3838,20.7601,1.42445,23.9145,65.7809,67.6509,44.7657,0.540722,140.062,5.13626,3.53085,1.44057,7.90235,10.8511,3.85008,0.231237,0.087597,0.274072,0.319614,0.304915,0.440267,0.321884,0.745182,0.20903,4.78201,0.275828,,-0.247343,64.5948,4.81425,114.26,-0.247343,-0.88,8.091185137629509,-7.188340544700623,1.85266,268.42999267578125,,,,,,,583.9,4.6712,583.9,4.6712,,,,,,,,,,,,,,,,,,,"Christopher Morel","21897",666624
"Parker Meadows","DET",124.566,510.924,460.856,105.612,65.0578,20.5883,5.01532,14.9505,62.4464,50.8747,41.6774,1.03141,124.093,3.68007,3.50697,1.20331,5.40807,16.2893,3.82135,0.229164,0.0815726,0.242879,0.335857,0.296181,0.392925,0.299724,0.689106,0.163761,6.53225,0.278684,,0.846885,55.4675,-4.29939,95.8134,0.846885,0.45,-1.6006417274475098,2.372314751148224,1.83871,231.97999572753906,,,,,,,520.2,4.1616,520.2,4.1616,,,,,,,,,,,,,,,,,,,"Parker Meadows","23800",678009
"Jo Adell","LAA",121.639,470.146,427.497,96.2923,54.0153,18.7512,1.74708,21.7787,60.5462,58.8198,33.9405,1.26365,141.505,5.91255,2.37639,0.419185,5.49114,13.1423,3.64229,0.225247,0.0721915,0.30098,0.239855,0.289839,0.430117,0.31025,0.719956,0.20487,5.64775,0.279506,,0.422433,55.0236,0.026788,100.255,0.422433,0.62,0.5595047473907471,1.4089449644088745,1.82192,285,,,,,,,517.4,4.240983606,517.4,4.240983606,,,,,,,,,,,,,,,,,,,"Jo Adell","20220",666176
"Josh Lowe","TBR",125.158,506.334,458.635,109.876,66.0895,24.2796,2.70683,16.7996,64.6699,56.8535,41.0638,2.78768,147.218,2.24791,3.60384,0.783773,4.95601,21.9744,5.10754,0.239571,0.0811002,0.290752,0.278932,0.303011,0.414203,0.309215,0.717214,0.174632,6.36516,0.312104,,1.48485,58.8372,-0.392825,105.349,1.48485,1.57,4.583844423294067,-4.023681282997131,1.80107,153.39999389648438,,,,,,,560.3,4.4824,560.3,4.4824,,,,,,,,,,,,,,,,,,,"Josh Lowe","19953",666139
"Jake Meyers","HOU",113.16,431.912,391.895,94.1889,60.4005,19.3007,1.5866,12.9012,51.9914,46.3628,29.7577,0.0261868,102.947,6.21363,2.67639,1.36966,7.33616,8.32001,2.26993,0.240343,0.0688976,0.238351,0.289059,0.302317,0.396449,0.305206,0.698766,0.156107,4.90176,0.291644,,-0.0157341,48.7956,-1.72865,100.024,-0.0157341,1.28,-0.0037517398595809937,3.0262962579727173,1.79916,455.5,,,,,,,440.7,3.9,440.7,3.9,,,,,,,,,,,,,,,,,,,"Jake Meyers","20308",676694
"Nico Hoerner","CHC",124.721,526.543,481.012,129.773,101.136,21.5102,2.89333,4.23292,61.8679,45.4057,32.3455,0.49087,59.6578,8.73263,3.70025,0.752175,10.9246,24.3748,6.75228,0.269791,0.0614299,0.113301,0.542184,0.324941,0.35294,0.300159,0.677881,0.0831489,6.00438,0.298321,,1.0217,57.3476,-4.24637,94.2398,1.0217,0.49,-2.6051727533340454,2.4147067070007324,1.79124,202.41000366210938,,,,,,,514.5,4.116,514.5,4.116,,,,,,,,,,,,,,,,,,,"Nico Hoerner","21479",663538
"Nick Gonzales","PIT",112.177,464.351,424.229,110.759,72.2426,24.6949,2.89872,10.9233,52.818,52.2756,28.2824,0.433648,105.012,6.96208,3.78396,1.09401,8.15384,5.38456,1.47251,0.261084,0.0609074,0.226148,0.269325,0.315168,0.410207,0.315192,0.725375,0.149123,4.74067,0.319909,,-0.364374,56.1923,1.87342,99.2254,-0.364374,0.1,-0.7944757640361786,2.58379016071558,1.78182,406.2099914550781,,,,,,,502.3,4.484821428,502.3,4.484821428,,,,,,,,,,,,,,,,,,,"Nick Gonzales","27490",693304
"Kyle Higashioka","TEX",80.83,285.313,262.012,53.887,31.6747,10.4017,0.385193,11.4254,29.3283,33.8471,17.6864,0.116331,82.7466,1.44342,1.81918,1.25608,3.62873,1.2253,0.525825,0.205666,0.0619893,0.290021,0.213741,0.258045,0.379125,0.276314,0.637171,0.173459,2.76819,0.250276,,-0.367955,25.5987,-7.77664,78.1731,-0.367955,9.37,-7.493526518344879,14.995922565460205,1.75711,370.5899963378906,,,,,,,228.9,2.825925925,228.9,2.825925925,,,,,,,,,,,,,,,,,,,"Kyle Higashioka","5517",543309
"Trevor Story","BOS",112.653,466.673,416.663,97.5276,61.4054,19.8466,1.93275,14.3428,58.7903,50.2735,35.9141,1.62145,133.476,4.97533,3.66173,0.509215,4.8155,18.9144,5.52935,0.234068,0.0769578,0.286015,0.269069,0.300114,0.394247,0.30184,0.694361,0.160179,6.0519,0.305258,,0.748894,51.4585,-3.13203,90.3159,0.748894,0.48,-4.422163903713226,5.495592087507248,1.71753,258.8800048828125,,,,,,,475.1,4.204424778,475.1,4.204424778,,,,,,,,,,,,,,,,,,,"Trevor Story","12564",596115
"Cody Bellinger","NYY",134.867,577.258,520.675,127.351,79.6333,25.7427,2.61175,19.3628,67.8624,66.9594,47.0681,3.34251,99.8565,3.52404,5.57422,0.416848,7.61881,13.6287,3.27403,0.244587,0.0815373,0.172984,0.471357,0.308478,0.415624,0.312147,0.724102,0.171037,5.12778,0.265307,,0.398319,68.4406,0.914105,103.355,0.398319,-4.74,2.6140463948249817,-5.242377936840057,1.71595,99.12000274658203,,,,,,,632.5,4.685185185,632.5,4.685185185,,,,,,,,,,,,,,,,,,,"Cody Bellinger","15998",641355
"Connor Norby","MIA",135.089,549.433,500.226,122.715,77.7621,26.4206,2.58447,15.948,62.4258,61.9812,40.2891,0.242509,158.555,5.09471,3.34391,0.479663,7.78118,10.573,2.5278,0.24532,0.0733286,0.288579,0.254102,0.306217,0.404115,0.309398,0.710333,0.158796,4.95362,0.324455,,0.120817,63.926,-0.345583,95.2903,0.120817,-0.88,-2.9735167622566223,1.2047067880630493,1.70696,267.239990234375,,,,,,,579.2,4.29037037,579.2,4.29037037,,,,,,,,,,,,,,,,,,,"Connor Norby","29592",681393
"Joey Bart","PIT",96.461,365.158,329.746,76.8526,50.8677,14.2003,0.63633,11.1482,38.4927,42.2532,25.8142,0.0221395,102.438,7.13037,2.07065,0.397163,7.20647,0.911247,0.326579,0.233066,0.0706933,0.280529,0.252,0.301011,0.381416,0.300036,0.682427,0.148349,2.68529,0.301078,,-0.611325,39.7344,-2.98111,89.0245,-0.611325,2.84,-5.403885900974274,9.67744755744934,1.69723,269.2099914550781,,,,,,,351.8,3.664583333,351.8,3.664583333,,,,,,,,,,,,,,,,,,,"Joey Bart","21524",663698
"George Springer","TOR",137.177,591.417,524.906,129.265,86.546,23.0207,1.89216,17.8062,73.6232,64.8674,53.2077,0.450039,112.176,6.50481,3.63485,0.630811,11.4943,13.8882,4.04581,0.246263,0.0899665,0.189673,0.474323,0.321252,0.399097,0.315977,0.720349,0.152834,4.91453,0.279655,,-0.0117177,71.9428,2.75995,107.403,-0.0117177,-1.01,4.998259210027754,-8.334087610244751,1.69162,243.80999755859375,,,,,,,640.1,4.672262773,640.1,4.672262773,,,,,,,,,,,,,,,,,,,"George Springer","12856",543807
"James Wood","WSN",137.4,587.342,518.82,133.467,85.8644,27.6419,3.16062,16.8003,74.3797,65.6205,60.0657,2.04036,162.737,4.47014,3.53357,0.45283,10.7773,17.2023,4.68923,0.257252,0.102267,0.277074,0.369096,0.337377,0.419859,0.330083,0.757236,0.162608,5.5477,0.34032,,0.370369,78.1151,9.40893,112.198,0.370369,-5.03,8.937954038381577,-12.27870798110962,1.67499,55.86000061035156,,,,,,,694.2,5.067153284,694.2,5.067153284,,,,,,,,,,,,,,,,,,,"James Wood","29518",695578
"Maikel Garcia","KCR",130.405,535.935,489.033,128.005,93.1272,24.6729,2.99396,7.2112,65.8885,47.9946,38.122,0.0324937,96.1943,1.7276,4.20581,2.84668,10.6777,22.5667,6.91058,0.261752,0.0711318,0.179489,0.396303,0.314872,0.368686,0.300335,0.683559,0.106934,5.9082,0.309861,,0.66525,58.4463,-4.24638,90.5836,0.66525,1.21,-5.109097898006439,3.317125082015991,1.66006,210.39999389648438,,,,,,,527.3,4.056153846,527.3,4.056153846,,,,,,,,,,,,,,,,,,,"Maikel Garcia","22715",672580
"Travis d'Arnaud","LAA",71.839,269.308,241.372,56.3332,36.4721,10.4839,0.384324,8.99289,28.7688,31.6243,18.3196,0.0163281,68.7398,3.56669,1.65225,0.258985,5.38735,0.552071,0.235843,0.233387,0.0680246,0.255246,0.266506,0.295267,0.391778,0.300249,0.687045,0.158391,2.60133,0.286404,,-0.445564,29.3507,-2.15239,93.22,-0.445564,4.33,-2.534780591726303,9.540544509887695,1.65072,420.7799987792969,,,,,,,254.1,3.529166666,254.1,3.529166666,,,,,,,,,,,,,,,,,,,"Travis d'Arnaud","7739",518595
"Dylan Moore","SEA",101.103,371.386,320.836,66.1179,38.426,13.7053,1.62441,12.3622,48.639,35.4664,38.2647,0.435914,109.845,9.24168,1.94529,0.978765,2.95988,22.9878,6.54418,0.20608,0.103032,0.29577,0.348353,0.306854,0.374517,0.302062,0.681371,0.168437,6.97337,0.268009,,1.27235,41.0178,-2.42622,102.647,1.27235,0.72,2.3971349000930786,1.094455510377884,1.63922,345.3800048828125,,,,,,,378.5,3.747524752,378.5,3.747524752,,,,,,,,,,,,,,,,,,,"Dylan Moore","18042",664238
"Geraldo Perdomo","ARI",129.453,518.179,448.057,103.868,75.9205,17.7505,2.72421,7.4729,58.0613,38.8529,48.4821,0.983011,92.0477,5.76047,3.72355,12.1556,10.0672,14.1463,3.81459,0.231819,0.0935625,0.177637,0.526707,0.312457,0.333631,0.288564,0.646088,0.101812,5.40041,0.273648,,0.264786,51.6008,-9.01479,82.2552,0.264786,3.34,-10.730640053749084,9.333194494247437,1.63782,428.5299987792969,,,,,,,446.9,3.464341085,446.9,3.464341085,,,,,,,,,,,,,,,,,,,"Geraldo Perdomo","22799",672695
"Matt Shaw","CHC",115.895,471.662,429.854,104.963,71.9333,18.1915,2.05578,12.782,55.2389,51.7342,32.5134,0.865405,102.655,5.42316,2.95641,0.914996,8.38675,15.4036,2.45501,0.244182,0.0689337,0.217645,0.316725,0.303558,0.385274,0.300984,0.688833,0.141092,5.7814,0.290448,,1.22611,51.6833,-3.49082,94.7947,1.22611,0,-1.7097845077514648,1.7885029315948486,1.63029,999,,,,,,,480.7,4.143965517,480.7,4.143965517,,,,,,,,,,,,,,,,,,,"Matt Shaw","sa3022615",807713
"Jonny DeLuca","TBR",117.917,448.452,409.926,95.6792,61.1947,19.9324,3.10625,11.4459,51.8984,44.1701,28.7044,1.21224,90.7143,5.33711,2.86168,1.62301,5.86756,14.4792,3.41115,0.233406,0.0640077,0.202283,0.316426,0.290314,0.380952,0.292062,0.671266,0.147545,6.07274,0.271172,,0.772233,45.92,-6.53907,93.2834,0.772233,2.34,-2.6741852164268494,3.4979950189590454,1.62902,348.1700134277344,,,,,,,426.3,3.612711864,426.3,3.612711864,,,,,,,,,,,,,,,,,,,"Jonny DeLuca","26365",676356
"Brandon Marsh","PHI",126.476,490.981,430.622,102.265,66.2586,19.8328,2.909,13.2647,61.3526,48.9878,51.9843,1.92664,152.245,3.62187,2.69364,2.05962,6.78364,13.8384,3.74987,0.237483,0.105878,0.310083,0.341452,0.322897,0.389461,0.312565,0.712358,0.151978,5.87817,0.332332,,0.30236,58.3768,0.942782,99.4546,0.30236,-0.14,-0.017869114875793457,-0.6216105967760086,1.62256,311,,,,,,,520.9,4.134126984,520.9,4.134126984,,,,,,,,,,,,,,,,,,,"Brandon Marsh","20202",669016
"Brayan Rocchio","CLE",140.772,525.874,475.88,109.778,79.4249,21.716,1.75773,6.87975,53.574,44.255,37.93,0.591088,101.726,6.40317,3.68494,1.976,9.81582,13.7053,4.78021,0.230685,0.0721276,0.193441,0.372866,0.294163,0.327076,0.276147,0.621239,0.0963913,4.93201,0.277385,,-0.167041,47.1115,-14.4042,79.2814,-0.167041,4.2,-12.633614525198936,10.717222213745117,1.61257,442.1700134277344,,,,,,,425.6,3.018439716,425.6,3.018439716,,,,,,,,,,,,,,,,,,,"Brayan Rocchio","23690",677587
"Lane Thomas","CLE",129.734,545.628,492.318,119.105,74.8934,25.8899,2.59837,15.7237,70.1131,57.3208,42.6575,0.0330814,134.668,6.56427,3.62841,0.459773,7.3694,22.7452,6.41468,0.241928,0.0781806,0.246813,0.31676,0.308762,0.400885,0.309963,0.709647,0.158958,6.06668,0.299176,,0.97174,63.7316,-0.0948918,103.068,0.97174,-6.38,2.887307107448578,-5.50851184129715,1.60779,175.2899932861328,,,,,,,594.2,4.57076923,594.2,4.57076923,,,,,,,,,,,,,,,,,,,"Lane Thomas","16939",657041
"Willi Castro","MIN",130.439,535.218,478.514,116.929,79.9686,21.9487,3.3752,11.6363,65.6305,48.5361,39.786,1.3564,124.97,11.6129,3.55332,1.75202,8.56068,18.2055,5.2429,0.244359,0.074336,0.233493,0.318365,0.315536,0.377287,0.304647,0.692823,0.132929,6.04772,0.304789,,0.49159,60.2256,-2.38319,98.7614,0.49159,-0.68,-0.26696091890335083,-2.0843819975852966,1.59982,234.25999450683594,,,,,,,546.1,4.20076923,546.1,4.20076923,,,,,,,,,,,,,,,,,,,"Willi Castro","17338",650489
"Vinnie Pasquantino","KCR",139.267,596.409,530.879,137.788,84.7877,32.3934,1.35608,19.2511,69.5638,76.913,52.9925,2.65184,78.6839,5.69926,6.00421,0.834142,11.3354,1.04156,0.368953,0.259547,0.0888527,0.131929,0.673487,0.3299,0.434462,0.330233,0.764362,0.174915,2.47358,0.270048,,-1.05259,79.3934,9.62664,111.615,-1.05259,-0.14,6.873676061630249,-11.459025040268898,1.57976,114.05000305175781,,,,,,,697.8,5.020143884,697.8,5.020143884,,,,,,,,,,,,,,,,,,,"Vinnie Pasquantino","27676",686469
"Jorge Polanco","SEA",112.741,463.276,409.514,90.6921,57.3127,17.0512,1.26766,15.0606,47.935,54.2462,44.9085,1.72894,125.885,3.58365,3.81362,0.337801,6.18581,4.15407,1.22184,0.221463,0.0969368,0.271728,0.356741,0.301382,0.379622,0.29808,0.681004,0.158159,3.64948,0.277668,,-0.485448,49.6819,-4.51123,99.846,-0.485448,-1.36,-0.5670695826411247,0.37983012199401855,1.57564,417.3999938964844,,,,,,,447.4,3.959292035,447.4,3.959292035,,,,,,,,,,,,,,,,,,,"Jorge Polanco","13152",593871
"Josh Smith","TEX",98.14,385.367,337.428,80.1249,51.8483,16.3694,1.66753,10.2397,46.1609,37.983,33.7438,0.770291,79.2351,8.99687,3.084,2.11441,6.58329,6.94559,1.86886,0.237458,0.0875628,0.20561,0.425869,0.320587,0.386893,0.311363,0.70748,0.149435,5.02044,0.278386,,-0.108242,45.4468,0.367276,102.827,-0.108242,0.97,1.1384249702095985,1.1863580495119095,1.56685,409.6700134277344,,,,,,,399.5,4.076530612,399.5,4.076530612,,,,,,,,,,,,,,,,,,,"Josh Smith","26396",669701
"Miguel Amaya","CHC",93.165,334.513,299.257,67.4955,47.0219,12.4351,0.458219,7.58027,32.0424,34.4923,23.7788,0.241274,71.7015,6.66175,2.2706,2.54455,7.10581,0.615465,0.274742,0.225543,0.0710848,0.214346,0.331636,0.295016,0.34615,0.284397,0.641166,0.120606,2.23914,0.26959,,-0.597641,32.1892,-6.94149,83.6307,-0.597641,3.97,-7.145566761493683,11.158657312393188,1.56494,350.7799987792969,,,,,,,281.1,3.022580645,281.1,3.022580645,,,,,,,,,,,,,,,,,,,"Miguel Amaya","21693",665804
"Trevor Larnach","MIN",116.109,471.724,414.024,102.236,63.0225,21.5769,0.945365,16.6917,57.0493,56.8239,49.1821,1.99038,122.198,4.68219,3.40789,0.427584,8.41418,3.09887,1.10842,0.246933,0.10426,0.259045,0.40248,0.331216,0.424562,0.328661,0.755778,0.177629,3.2488,0.307115,,-0.735953,62.1984,7.017,115.653,-0.735953,-1.9,7.712945103645325,-8.34515130519867,1.55877,327.1199951171875,,,,,,,551.4,4.753448275,551.4,4.753448275,,,,,,,,,,,,,,,,,,,"Trevor Larnach","21501",663616
"Victor Caratini","HOU",62.082,226.415,201.86,47.4255,33.859,7.46556,0.142058,5.95892,23.7168,23.8658,18.5398,0.801409,46.7149,3.38752,1.74948,0.552012,5.6956,0.477662,0.223433,0.234942,0.0818844,0.206324,0.396872,0.307501,0.361894,0.295111,0.669394,0.126951,2.0456,0.27473,,-0.428924,23.7397,-2.74584,92.9231,-0.428924,5.58,-2.262298196554184,9.731574058532715,1.55092,557.6400146484375,,,,,,,203.9,3.288709677,203.9,3.288709677,,,,,,,,,,,,,,,,,,,"Victor Caratini","14968",605170
"Joc Pederson","TEX",109.503,428.896,367.15,88.216,50.4341,16.2024,0.826083,20.7534,56.9375,56.7649,48.7001,2.85868,98.5212,8.80239,3.51884,0.603244,7.02835,3.88686,1.3551,0.240272,0.113548,0.229709,0.494311,0.340328,0.45848,0.344625,0.798807,0.218207,3.58643,0.268354,,-0.600771,62.0622,11.8908,126.224,-0.600771,-0.01,12.268710672855377,-11.579048881307244,1.54784,319.54998779296875,,,,,,,554.1,5.037272727,554.1,5.037272727,,,,,,,,,,,,,,,,,,,"Joc Pederson","11899",592626
"Jake Burger","TEX",140.941,583.283,532.1,128.383,73.055,24.2689,1.72419,29.3349,73.1108,80.8113,37.524,1.36672,155.59,9.19723,3.7102,0.751805,10.4913,1.86246,0.597724,0.241276,0.0643324,0.266749,0.241172,0.300592,0.458758,0.325665,0.759351,0.217482,3.23999,0.282281,,-0.804127,75.5013,7.27001,112.887,-0.804127,-1.29,7.796908617019653,-12.263940811157227,1.54679,113.5999984741211,,,,,,,680.4,4.825531914,680.4,4.825531914,,,,,,,,,,,,,,,,,,,"Jake Burger","22275",669394
"Heliot Ramos","SFG",133.818,562.94,512.724,129.965,81.9269,24.9097,2.13698,20.9916,70.4374,68.6582,40.3745,0.983957,150.157,5.40328,3.60077,0.837738,10.499,8.14527,2.74013,0.25348,0.0717207,0.266737,0.268882,0.312653,0.433223,0.322468,0.745875,0.179743,4.64957,0.315704,,-0.480848,71.4194,5.56777,108.676,-0.480848,-1.6,5.3597899079322815,-9.139989018440247,1.54568,206.30999755859375,,,,,,,638.1,4.761940298,638.1,4.761940298,,,,,,,,,,,,,,,,,,,"Heliot Ramos","22515",671218
"Wilyer Abreu","BOS",110.034,433.569,383.132,91.3044,51.9059,21.0294,1.77664,16.5925,55.7613,54.5363,44.1002,1.14544,115.587,3.6756,2.3266,0.334929,5.41837,8.55094,2.57849,0.238311,0.101714,0.266594,0.381533,0.321028,0.432396,0.326849,0.753423,0.194085,4.9622,0.294978,,-0.111806,56.5351,5.81705,107.907,-0.111806,1.33,3.810862258076668,-3.5551751852035522,1.51911,322.2200012207031,,,,,,,511.4,4.649090909,511.4,4.649090909,,,,,,,,,,,,,,,,,,,"Wilyer Abreu","23772",677800
"Josh Jung","TEX",121.78,504.904,465.113,112.576,72.3259,21.2588,1.74581,17.2458,57.6757,58.9665,30.5235,0.974227,138.476,5.54273,3.25048,0.474726,7.84758,4.22544,1.52912,0.242041,0.060454,0.274263,0.220424,0.294675,0.406491,0.303734,0.701166,0.16445,3.87576,0.30492,,-0.622005,56.4437,-2.61897,97.461,-0.622005,-1.6,-2.088806927204132,-0.07864499092102051,1.51444,210.16000366210938,,,,,,,512.9,4.20409836,512.9,4.20409836,,,,,,,,,,,,,,,,,,,"Josh Jung","26299",673962
"Luis Rengifo","LAA",124.309,515.843,471.357,117.401,82.5874,20.0808,2.39757,12.3357,62.1472,49.6335,34.1476,0.521615,84.9199,5.37898,3.81464,1.14465,10.0379,18.2886,5.96425,0.249071,0.0661976,0.164623,0.402115,0.304893,0.380358,0.2998,0.685252,0.131287,5.686,0.278013,,0.282492,56.0333,-4.30901,92.9045,0.282492,-0.04,-3.9055187106132507,1.101296029984951,1.48634,168.25999450683594,,,,,,,500.8,4.038709677,500.8,4.038709677,,,,,,,,,,,,,,,,,,,"Luis Rengifo","19858",650859
"Kerry Carpenter","DET",122.742,490.353,440.848,110.025,64.3573,22.1475,3.35014,20.17,60.7007,64.7158,38.4277,2.45809,121.221,6.96669,3.63484,0.394866,7.88383,4.37812,1.33175,0.249576,0.0783674,0.247211,0.317006,0.317262,0.452272,0.330311,0.769534,0.202696,4.67897,0.296461,,-0.51055,65.3058,7.94525,117.329,-0.51055,-0.24,9.21200281381607,-11.18407367169857,1.48452,201.5,,,,,,,583.7,4.745528455,583.7,4.745528455,,,,,,,,,,,,,,,,,,,"Kerry Carpenter","25961",681481
"Ryan McMahon","COL",146.552,622.293,547.61,130.866,83.4957,26.8716,1.24956,19.249,70.4605,71.0089,66.5372,3.17631,178.278,3.63857,4.09512,0.412367,10.985,6.56211,2.37539,0.238976,0.106923,0.286485,0.373222,0.32328,0.398063,0.315259,0.721344,0.159087,3.5294,0.315143,,-0.837398,75.3389,2.54426,88.7523,-0.837398,0.49,-9.207272350788116,2.7516047954559326,1.4735,277.0299987792969,,,,,,,668.9,4.550340136,668.9,4.550340136,,,,,,,,,,,,,,,,,,,"Ryan McMahon","15112",641857
"Nolan Arenado","STL",144.573,612.709,559.844,135.838,93.9008,25.0984,1.15066,15.6883,61.4674,67.9174,41.8507,1.0013,91.4301,4.53917,5.89569,0.579141,10.4161,3.0123,1.29192,0.242635,0.0683044,0.149223,0.457735,0.297695,0.375645,0.294016,0.67334,0.133009,2.92974,0.26198,,-1.02011,63.703,-7.97054,89.0276,-1.02011,1.16,-9.059414744377136,2.821431040763855,1.46302,229.36000061035156,,,,,,,574.1,3.959310344,574.1,3.959310344,,,,,,,,,,,,,,,,,,,"Nolan Arenado","9777",571448
"Ryan Mountcastle","BAL",124.367,517.08,473.311,124.325,81.7319,22.6512,1.6621,18.2802,61.3855,65.787,34.7481,1.2207,118.09,3.66414,4.91249,0.444022,9.30503,3.44923,1.09946,0.262672,0.0672006,0.228379,0.29425,0.314995,0.433418,0.322715,0.748413,0.170746,3.59582,0.310207,,-0.694038,65.7041,5.21712,113.419,-0.694038,0.4,7.245388448238373,-10.357865899801254,1.45876,233.74000549316406,,,,,,,588.6,4.746774193,588.6,4.746774193,,,,,,,,,,,,,,,,,,,"Ryan Mountcastle","18373",663624
"Matt Wallner","MIN",123.269,501.162,437.071,96.5122,51.8835,20.8237,1.54985,22.2552,62.4574,64.3957,48.7716,2.63127,172.211,12.3497,2.6444,0.325563,6.32675,3.48779,1.03855,0.220816,0.0973171,0.343623,0.283209,0.314741,0.428308,0.322433,0.743049,0.207492,4.06365,0.302782,,-0.594174,63.5679,4.94289,111.273,-0.594174,-2.87,5.869978368282318,-8.576898097991943,1.44584,270.30999755859375,,,,,,,571.2,4.643902439,571.2,4.643902439,,,,,,,,,,,,,,,,,,,"Matt Wallner","26466",670242
"Dylan Crews","WSN",134.388,573.994,523.161,128.475,85.4542,24.9359,3.42408,14.6608,68.7701,59.3509,38.0454,0.0348013,128.245,8.39592,3.44843,0.943241,9.42365,22.5566,6.38123,0.245574,0.0662819,0.223426,0.296662,0.305237,0.390399,0.304285,0.695635,0.144824,6.14843,0.29662,,0.886179,64.422,-2.72276,94.8353,0.886179,3.23,-2.658805191516876,-2.6918272972106934,1.42151,128.42999267578125,,,,,,,589.3,4.397761194,589.3,4.397761194,,,,,,,,,,,,,,,,,,,"Dylan Crews","33541",686611
"Carson Kelly","CHC",80.797,298.252,266.896,60.2102,40.7851,10.8624,0.299225,8.26346,29.5121,34.0946,24.6717,0.018083,61.8582,3.69622,2.16392,0.342731,5.7044,0.661117,0.262206,0.225594,0.082721,0.207402,0.398843,0.297814,0.361419,0.291353,0.659233,0.135825,2.22675,0.26112,,-0.519614,30.3697,-4.51928,88.3125,-0.519614,2.27,-4.687987983226776,8.504335880279541,1.41991,522.239990234375,,,,,,,265,3.271604938,265,3.271604938,,,,,,,,,,,,,,,,,,,"Carson Kelly","13620",608348
"Brice Turang","MIL",139.465,566.91,512.643,124.658,92.404,21.9378,4.2251,6.09131,64.6501,45.0076,45.1228,1.24129,106.52,2.18424,4.06961,2.89028,8.39249,34.1199,5.70063,0.243168,0.0795943,0.187896,0.423609,0.304892,0.338091,0.28432,0.642984,0.0949237,7.01187,0.293409,,3.42233,54.5168,-11.7993,80.661,3.42233,1.17,-9.687889099121094,4.552087426185608,1.41933,146.8800048828125,,,,,,,518.8,3.7323741,518.8,3.7323741,,,,,,,,,,,,,,,,,,,"Brice Turang","22186",668930
"Jurickson Profar","ATL",140.377,597.065,518.343,128.458,86.6327,24.6348,1.69162,15.4986,73.5973,62.0094,62.8486,1.71716,98.0446,8.49569,4.34015,2.99032,12.6373,5.77427,2.13237,0.247824,0.105263,0.164211,0.64102,0.336352,0.391578,0.320761,0.72793,0.143754,3.95672,0.276089,,-0.94204,74.9285,5.08503,104.368,-0.94204,-1.69,2.176287591457367,-8.429636478424072,1.40763,187.41000366210938,,,,,,,642.5,4.589285714,642.5,4.589285714,,,,,,,,,,,,,,,,,,,"Jurickson Profar","10815",595777
"Andy Pages","LAD",82.071,330.086,297.222,72.8974,42.3443,15.9981,1.20068,13.3543,42.0454,44.3914,24.796,1.21599,81.5709,5.48996,2.34209,0.23586,4.21302,3.15634,0.896697,0.245262,0.0751198,0.24712,0.303981,0.312819,0.441959,0.325249,0.754777,0.196696,4.41936,0.290966,,-0.295532,42.6164,4.00362,110.28,-0.295532,0.05,3.7620551586151123,-1.21652777120471,1.39815,413.95001220703125,,,,,,,379,4.621951219,379,4.621951219,,,,,,,,,,,,,,,,,,,"Andy Pages","24816",681624
"Garrett Mitchell","MIL",116.358,455.496,402.968,91.2513,60.5127,16.7886,2.69249,11.2576,54.751,43.0663,43.7679,0.711908,141.696,4.19719,2.37941,2.18382,7.26148,20.32,3.61237,0.226448,0.0960884,0.31108,0.308886,0.307109,0.365284,0.297091,0.672393,0.138836,6.64564,0.31694,,1.75043,48.4848,-4.7982,89.2571,1.75043,2.57,-4.101072192192078,2.4643735215067863,1.39753,247.42999267578125,,,,,,,447.2,3.855172413,447.2,3.855172413,,,,,,,,,,,,,,,,,,,"Garrett Mitchell","27555",669003
"Jake McCarthy","ARI",127.821,508.132,458.054,118.514,87.0195,20.3219,5.40912,5.76343,66.1426,40.9899,33.9074,0.93946,93.2338,8.19506,3.25815,4.717,9.10363,32.1086,4.83495,0.258733,0.0667295,0.183483,0.363681,0.319054,0.364464,0.301015,0.683518,0.105731,7.71318,0.311194,,3.45186,55.6925,-3.74782,90.6356,3.45186,-0.54,-2.2381982803344727,-1.2330568432807922,1.38909,219.91000366210938,,,,,,,524.1,4.09453125,524.1,4.09453125,,,,,,,,,,,,,,,,,,,"Jake McCarthy","21622",664983
"Otto Lopez","MIA",114.544,459.56,424.583,113.439,82.3187,21.3619,2.88709,6.8714,52.2425,42.4063,26.0689,0.685425,82.5878,3.6865,2.96767,2.25436,10.1816,15.3837,3.92735,0.267178,0.0567257,0.179711,0.31565,0.313126,0.379642,0.302659,0.692769,0.112464,5.85366,0.315204,,0.607009,50.9768,-2.78165,90.7546,0.607009,0.48,-4.4737632274627686,2.354784816503525,1.3617,328.739990234375,,,,,,,458.9,3.990434782,458.9,3.990434782,,,,,,,,,,,,,,,,,,,"Otto Lopez","19608",672640
"Paul Goldschmidt","NYY",141.381,606.262,544.251,132.357,83.7107,24.7515,1.28031,22.6143,71.6899,73.1974,53.4498,1.43637,154.141,3.18237,4.12364,0.602721,10.5071,7.11124,2.6369,0.243191,0.0881628,0.254248,0.34676,0.312375,0.418028,0.31708,0.730403,0.174837,3.72144,0.295309,,-0.742022,74.2867,3.36738,106.825,-0.742022,-0.13,3.9923834800720215,-11.182883143424988,1.34463,176.52999877929688,,,,,,,662.5,4.69858156,662.5,4.69858156,,,,,,,,,,,,,,,,,,,"Paul Goldschmidt","9218",502671
"Jasson Domínguez","NYY",127.576,519.314,467.395,112.973,74.2323,21.159,2.164,15.4172,64.6358,53.4402,45.0892,2.03975,127.756,3.46599,2.78872,0.574711,8.68495,19.2245,4.44157,0.241707,0.0868246,0.24601,0.352932,0.311385,0.395193,0.308104,0.706578,0.153486,5.79259,0.298325,,1.09305,59.8809,-0.867449,100.511,1.09305,-0.09,1.3965705633163452,-5.804221481084824,1.33269,139.52999877929688,,,,,,,548,4.28125,548,4.28125,,,,,,,,,,,,,,,,,,,"Jasson Dominguez","28080",691176
"Matt Vierling","DET",113.327,467.431,423.866,107.217,71.6991,21.4427,2.7363,11.3387,54.0567,48.2604,35.0157,0.502086,94.2848,4.17308,3.72704,0.64914,8.3381,7.76129,2.31577,0.25295,0.074911,0.201709,0.371382,0.313649,0.396702,0.309893,0.710351,0.143752,5.01338,0.297787,,-0.256858,54.5716,-0.107536,102.967,-0.256858,-1.34,1.329825907945633,-4.014747738838196,1.33199,370.2799987792969,,,,,,,483.2,4.276106194,483.2,4.276106194,,,,,,,,,,,,,,,,,,,"Matt Vierling","21558",663837
"Christian Vázquez","MIN",80.338,294.639,270.79,61.6863,45.3282,10.9395,0.30671,5.11197,27.0972,27.0595,15.3303,0.26567,60.3584,1.58723,2.02242,1.66132,5.82098,2.83045,1.60697,0.227802,0.0520308,0.204855,0.253988,0.271301,0.3271,0.263173,0.5984,0.0992979,3.23445,0.272856,,-0.573916,23.3192,-11.1471,69.5879,-0.573916,7.54,-10.826694786548615,13.469401359558105,1.28732,642.8099975585938,,,,,,,206.2,2.5775,206.2,2.5775,,,,,,,,,,,,,,,,,,,"Christian Vazquez","9774",543877
"Leody Taveras","TEX",90.554,349.316,318.214,76.8521,50.3413,14.388,2.02184,10.101,44.6593,34.359,25.7388,0.91532,77.723,1.20094,2.54531,1.61694,5.03314,13.9339,3.37172,0.241511,0.0736834,0.2225,0.331161,0.298511,0.394662,0.300835,0.693172,0.153151,6.33053,0.286565,,0.818509,38.2352,-2.62711,95.4215,0.818509,0.65,-1.0114784240722656,1.793358564376831,1.28338,451.7099914550781,,,,,,,358.4,3.938461538,358.4,3.938461538,,,,,,,,,,,,,,,,,,,"Leody Taveras","18900",665750
"Connor Wong","BOS",105.138,398.137,365.744,86.8725,56.7708,16.805,1.93581,11.3608,45.7415,42.6438,22.8924,0.0582036,106.726,4.88209,2.87213,1.74588,6.29987,7.68005,2.22592,0.237522,0.0574989,0.268063,0.214498,0.289227,0.387242,0.294579,0.676469,0.14972,5.14111,0.301407,,-0.0323115,41.5743,-4.99901,85.2079,-0.0323115,-2.27,-6.770898401737213,5.84250020980835,1.27483,232.60000610351562,,,,,,,378.9,3.608571428,378.9,3.608571428,,,,,,,,,,,,,,,,,,,"Connor Wong","19896",657136
"Isiah Kiner-Falefa","PIT",124.462,489.724,453.238,118.777,91.5921,18.9061,2.18674,6.09235,54.072,43.0169,23.5086,0.029692,77.348,6.54952,3.22929,2.69059,11.308,15.7133,4.91701,0.262064,0.0480039,0.157942,0.303933,0.305915,0.353752,0.290516,0.659667,0.0916883,5.53593,0.302083,,0.191366,49.5368,-7.75018,82.6173,0.191366,0.44,-9.988204047083855,6.007627427577972,1.27318,367.7799987792969,,,,,,,445.7,3.594354838,445.7,3.594354838,,,,,,,,,,,,,,,,,,,"Isiah Kiner-Falefa","16512",643396
"Yoán Moncada","LAA",111.089,451.401,405.314,96.1366,60.9101,20.0096,1.20894,14.0079,50.8525,50.098,38.6329,1.00675,122.338,3.97705,2.6029,0.87387,7.72697,3.05125,1.06616,0.23719,0.0855845,0.271019,0.315788,0.307965,0.396206,0.307511,0.704171,0.159015,3.58667,0.302421,,-0.630631,51.8348,-0.969243,98.3284,-0.630631,-0.08,-1.4939872026443481,-1.3045260459184647,1.26507,476.4100036621094,,,,,,,459.8,4.142342342,459.8,4.142342342,,,,,,,,,,,,,,,,,,,"Yoan Moncada","17232",660162
"Josh Naylor","ARI",140.376,596.519,534.21,138.014,89.3854,27.9283,1.10471,19.5953,70.8628,79.9113,50.0809,5.16002,91.0484,6.69949,5.02592,0.502412,13.4116,6.94911,2.85051,0.258351,0.0839552,0.152633,0.550046,0.326827,0.424809,0.324185,0.751635,0.166458,3.68641,0.276296,,-0.877532,76.5041,6.72449,106.231,-0.877532,0.08,3.566888988018036,-11.398880884051323,1.24271,104.0199966430664,,,,,,,689.6,4.925714285,689.6,4.925714285,,,,,,,,,,,,,,,,,,,"Josh Naylor","18839",647304
"Tyler Fitzgerald","SFG",133.42,533.539,487.94,111.919,70.3781,22.4169,3.9243,15.2,64.7396,52.3652,33.5529,0.0330314,166.096,6.61335,3.40285,2.02985,6.12622,17.7821,3.75922,0.229371,0.0628875,0.311309,0.20201,0.286139,0.384852,0.292449,0.670992,0.155481,6.56021,0.31195,,1.16172,54.7988,-7.61359,88.472,1.16172,0.03,-6.1932594776153564,0.37315833382308483,1.23389,243.19000244140625,,,,,,,512.8,3.855639097,512.8,3.855639097,,,,,,,,,,,,,,,,,,,"Tyler Fitzgerald","26208",666149
"Michael Massey","KCR",116.874,465.519,426.412,103.476,63.8718,23.7217,1.97642,13.9065,51.5689,55.7796,27.5032,0.92588,90.9466,5.43996,4.12495,2.03841,6.61777,4.92455,1.56987,0.242667,0.0590808,0.195366,0.302411,0.294337,0.405406,0.302564,0.699743,0.162739,4.37837,0.27502,,-0.407693,51.6022,-2.85333,92.1515,-0.407693,0.47,-4.588231831789017,1.0062086284160614,1.23275,380.2900085449219,,,,,,,466.3,3.985470085,466.3,3.985470085,,,,,,,,,,,,,,,,,,,"Michael Massey","27684",686681
"Ke'Bryan Hayes","PIT",125.406,521.222,480.051,120.583,86.01,22.0185,1.65226,10.902,58.1465,53.4599,33.2382,0.488567,100.071,3.38939,4.02291,0.520402,10.7503,13.1282,5.03956,0.251187,0.0637698,0.191993,0.332146,0.30192,0.372068,0.294953,0.673988,0.120881,4.82943,0.293971,,-0.379458,54.5842,-6.38738,85.6036,-0.379458,1.93,-9.352476328611374,3.865277647972107,1.22591,339.5899963378906,,,,,,,494.9,3.9592,494.9,3.9592,,,,,,,,,,,,,,,,,,,"Ke'Bryan Hayes","18577",663647
"Jesús Sánchez","MIA",134.446,536.087,480.567,118.928,74.5509,23.4903,1.84976,19.0375,63.1245,65.4926,46.3191,2.76483,137.278,4.73871,3.48271,0.979084,9.94989,8.82358,2.2776,0.247475,0.0864022,0.256074,0.337412,0.317667,0.422898,0.320446,0.740565,0.175422,4.40614,0.304792,,-0.127265,67.1405,4.43011,102.727,-0.127265,-2.18,1.62086221575737,-7.688909292221069,1.21704,235.63999938964844,,,,,,,606.6,4.526865671,606.6,4.526865671,,,,,,,,,,,,,,,,,,,"Jesus Sanchez","19913",660821
"Yasmani Grandal",,50.935,185.963,161.55,35.2696,24.7,6.17547,0.000251166,4.39391,18.1933,19.0388,19.025,0.326806,41.8382,1.03376,1.21576,0.544225,3.97946,0.405744,0.24934,0.21832,0.102306,0.224982,0.454728,0.302631,0.338144,0.285818,0.640775,0.119825,1.90462,0.26495,,-0.370511,18.1074,-3.64619,83.298,-0.370511,5.59,-4.004515528678894,9.520169973373413,1.20955,741.3800048828125,,,,,,,149,2.921568627,149,2.921568627,,,,,,,,,,,,,,,,,,,"Yasmani Grandal","11368",518735
"Gary Sánchez","BAL",66.782,248.108,218.853,46.5794,26.925,8.27206,0,11.3823,27.8833,33.3698,22.4277,0.248768,68.0498,3.96263,1.6295,0.214067,4.27356,0.201079,0.0901032,0.212834,0.0903949,0.274275,0.329578,0.295576,0.406659,0.306476,0.702235,0.193824,1.70161,0.249535,,-0.415101,28.2837,-0.73952,101.996,-0.415101,2.23,0.15161022543907166,3.260586380958557,1.20659,515.280029296875,,,,,,,248.8,3.713432835,248.8,3.713432835,,,,,,,,,,,,,,,,,,,"Gary Sanchez","11442",596142
"Miguel Vargas","CHW",106.344,413.037,367.049,86.7929,53.2359,19.2747,1.53408,12.7482,47.9044,45.588,37.9031,0.124572,88.0191,4.1296,3.31797,0.637438,5.45336,7.82072,2.14778,0.236461,0.0917668,0.213102,0.430623,0.31238,0.401528,0.312156,0.713908,0.165066,4.61161,0.274647,,-0.0566389,48.9734,0.657154,102.856,-0.0566389,-0.72,1.2932208590209484,-3.4839766025543213,1.19575,399.95001220703125,,,,,,,444.5,4.193396226,444.5,4.193396226,,,,,,,,,,,,,,,,,,,"Miguel Vargas","20178",678246
"Jake Rogers","DET",92.733,339.607,305.719,63.5711,38.3033,13.2718,0.965099,11.0309,34.168,37.7577,26.3166,0.287854,103.62,3.88593,2.44924,1.23604,4.59902,1.65844,0.645395,0.207939,0.0774912,0.305117,0.253972,0.277132,0.365909,0.281884,0.643042,0.15797,3.3115,0.2715,,-0.468105,31.9926,-7.73396,83.2647,-0.468105,0,-6.9711518585681915,7.1553239822387695,1.18823,485.8299865722656,,,,,,,290.2,3.120430107,290.2,3.120430107,,,,,,,,,,,,,,,,,,,"Jake Rogers","19452",668670
"Lourdes Gurriel Jr.","ARI",132.9,560.219,517.244,140.294,95.4846,26.7128,2.38758,15.7086,66.4958,72.1165,32.2916,0.249185,98.7174,5.27832,4.91809,0.487174,11.0936,5.85057,2.12985,0.271233,0.057641,0.176212,0.327111,0.317766,0.423219,0.320966,0.740985,0.151986,4.2709,0.305553,,-0.740647,70.3973,4.86391,104.064,-0.740647,-0.54,1.981943666934967,-9.153888761997223,1.18603,220.33999633789062,,,,,,,623.9,4.690977443,623.9,4.690977443,,,,,,,,,,,,,,,,,,,"Lourdes Gurriel Jr.","19238",666971
"Ryan O'Hearn","BAL",103.003,398.242,359.37,93.7893,59.7869,19.1128,1.78573,13.1039,48.2906,48.8767,31.8408,1.4071,70.7501,2.87763,3.45845,0.695349,7.48215,3.44616,0.888132,0.260983,0.0799533,0.177656,0.450045,0.323252,0.433496,0.326736,0.756748,0.172513,4.13346,0.289222,,-0.405237,51.8925,5.30694,116.248,-0.405237,-0.08,6.998351126909256,-9.014380529522896,1.16286,351.69000244140625,,,,,,,464,4.504854368,464,4.504854368,,,,,,,,,,,,,,,,,,,"Ryan O'Hearn","16442",656811
"Adolis García","TEX",136.362,579.403,522.784,118.053,68.4284,22.2619,1.58805,25.7744,72.6652,71.796,45.6493,1.55004,162.874,6.1902,4.33696,0.442682,7.90244,11.432,3.90282,0.225816,0.0787867,0.281107,0.280273,0.293444,0.422381,0.309071,0.715825,0.196565,4.80188,0.272632,,-0.231247,67.2609,-0.516517,101.215,-0.231247,-1.09,0.5744082182645798,-8.646536231040955,1.16111,149.36000061035156,,,,,,,623.1,4.581617647,623.1,4.581617647,,,,,,,,,,,,,,,,,,,"Adolis Garcia","19287",666969
"Kristian Campbell","BOS",67.876,280.585,251.335,64.956,44.3498,12.6154,1.06797,6.92277,34.2402,29.9228,23.3335,0.789897,64.6853,3.71704,1.66956,0.529826,5.51816,6.19751,1.25019,0.258444,0.0831603,0.230537,0.360724,0.32853,0.399768,0.318795,0.728298,0.141324,5.20262,0.319924,,0.175878,34.7682,1.94586,102.242,0.175878,0,0.8957850486040115,0.683131992816925,1.12907,999,,,,,,,311.8,4.585294117,311.8,4.585294117,,,,,,,,,,,,,,,,,,,"Kristian Campbell","sa3023011",692225
"Jose Siri","NYM",102.87,393.563,360.033,75.9846,43.874,14.5967,2.0006,15.5133,49.9418,43.4396,26.089,0.290146,142.603,4.03921,2.29457,1.10704,4.31966,14.7662,3.57766,0.211049,0.0662894,0.362338,0.182949,0.270382,0.391971,0.287276,0.662352,0.180922,6.58769,0.296121,,0.922499,38.7834,-7.25487,86.5366,0.922499,1.56,-5.413723468780518,3.147499918937683,1.11951,439.2200012207031,,,,,,,378.2,3.67184466,378.2,3.67184466,,,,,,,,,,,,,,,,,,,"Jose Siri","17452",642350
"Chas McCormick","HOU",108.717,412.479,369.834,86.1412,57.971,14.5673,1.40456,12.1983,50.1601,42.038,33.0259,0.324889,110.297,5.70827,2.95322,0.957147,6.0122,12.2929,3.52454,0.232918,0.080067,0.267401,0.299427,0.303448,0.378852,0.299781,0.6823,0.145934,5.31132,0.295426,,0.270438,44.7988,-3.45218,96.2076,0.270438,2.96,-1.5194281935691833,-1.5139508247375488,1.10681,404.80999755859375,,,,,,,402.2,3.689908256,402.2,3.689908256,,,,,,,,,,,,,,,,,,,"Chas McCormick","19599",676801
"Spencer Steer","CIN",114.797,482.552,425.167,104.274,63.8307,22.8286,1.8096,15.805,59.586,57.1293,46.1819,0.0570425,98.2026,6.95941,3.86337,0.380594,7.03813,10.6352,3.15312,0.245254,0.0957035,0.203507,0.470272,0.326472,0.418981,0.325622,0.745453,0.173727,5.03128,0.280834,,-0.0727287,62.4458,5.99775,102.358,-0.0727287,1.26,1.2878268137574196,-6.675611734390259,1.10318,154.6699981689453,,,,,,,557.4,4.846956521,557.4,4.846956521,,,,,,,,,,,,,,,,,,,"Spencer Steer","26323",668715
"Ramón Urías","BAL",79.09,296.4,268.38,64.3681,43.7895,11.5875,0.802535,8.18862,32.5477,32.2194,20.9185,0.0179707,65.7757,4.48931,1.69619,0.916289,6.58333,1.3564,0.52051,0.23984,0.0705754,0.221915,0.318029,0.303827,0.38053,0.300683,0.684357,0.14069,3.36815,0.286467,,-0.485523,32.4068,-2.26549,97.9212,-0.485523,0.87,-1.1905394196510315,1.8686110377311707,1.09048,701.280029296875,,,,,,,280.2,3.546835443,280.2,3.546835443,,,,,,,,,,,,,,,,,,,"Ramon Urias","18795",602104
"Austin Hedges","CLE",59.314,190.593,169.763,31.0114,22.3496,5.01533,0.150099,3.49636,15.0742,13.6944,11.1621,0.277301,55.8242,2.40691,1.31446,4.40327,3.14667,2.06663,0.891511,0.182675,0.0585649,0.292898,0.19995,0.241437,0.275773,0.231257,0.51721,0.0930983,3.47071,0.246205,,-0.229037,10.1885,-12.1067,47.7051,-0.229037,11.16,-11.63342870771885,15.73669719696045,1.07995,999,,,,,,,86.3,1.462711864,86.3,1.462711864,,,,,,,,,,,,,,,,,,,"Austin Hedges","12976",595978
"Alek Thomas","ARI",84.976,311.671,285.283,71.706,48.0697,15.4011,2.0212,6.21401,36.4422,33.6926,21.0217,0.911694,62.4873,2.43811,1.80832,1.11954,6.92789,6.55679,1.66587,0.25135,0.0674483,0.200491,0.336415,0.306441,0.384851,0.301213,0.691292,0.133501,5.46242,0.299885,,0.079327,34.2095,-2.24916,90.7688,0.079327,2.1,-3.361136808991432,3.411357879638672,1.0771,515.3800048828125,,,,,,,306.2,3.602352941,306.2,3.602352941,,,,,,,,,,,,,,,,,,,"Alek Thomas","23792",677950
"Luis Campusano","SDP",80.944,297.188,274.648,65.8559,46.5646,11.5715,0.229573,7.49018,29.1378,32.7448,17.1001,0.201113,49.8817,2.88814,2.16891,0.383188,6.62279,0.0178633,0.0131727,0.239783,0.0575397,0.167846,0.342813,0.289228,0.365403,0.286628,0.654631,0.12562,1.64606,0.26597,,-0.525439,29.1312,-5.63325,86.2638,-0.525439,0,-5.407011330127716,5.880078315734863,1.07096,401.92999267578125,,,,,,,255.2,3.150617283,255.2,3.150617283,,,,,,,,,,,,,,,,,,,"Luis Campusano","22217",669134
"Ernie Clement","TOR",88.752,329.269,309.358,79.2764,55.5504,15.439,1.28459,7.0023,36.1224,34.1268,12.3582,0.113025,34.0134,2.44682,2.67051,2.4352,5.40358,7.27281,2.05794,0.256261,0.0375322,0.1033,0.363333,0.287857,0.382377,0.29059,0.670234,0.126116,4.98493,0.266681,,0.0667004,33.3259,-5.19131,89.5459,0.0667004,1.47,-3.871918000280857,3.1373751163482666,1.05775,380.3599853515625,,,,,,,298.1,3.349438202,298.1,3.349438202,,,,,,,,,,,,,,,,,,,"Ernie Clement","20352",676391
"Luke Raley","SEA",118.425,454.682,401.906,88.8331,53.01,16.4481,1.55585,17.8191,53.9644,53.7838,33.138,1.16154,140.687,15.1966,2.73303,1.70872,7.35211,11.269,2.26613,0.22103,0.0728818,0.309417,0.235545,0.302816,0.402707,0.308423,0.705523,0.181677,5.55377,0.288519,,0.545323,52.5451,-0.642698,107.121,0.545323,-0.53,4.2500609159469604,-9.190980195999146,1.0551,302.6700134277344,,,,,,,482.7,4.090677966,482.7,4.090677966,,,,,,,,,,,,,,,,,,,"Luke Raley","19354",670042
"Michael Busch","CHC",134.262,550.604,485.272,111.25,67.0239,23.2969,2.10588,18.823,62.5288,68.8415,54.2694,1.32943,154.383,6.93013,3.66141,0.471285,8.96746,2.71489,0.817651,0.229252,0.0985635,0.280388,0.351525,0.313468,0.402305,0.312902,0.715773,0.173053,3.59255,0.292742,,-0.789676,65.6155,1.2069,102.817,-0.789676,0.65,1.0650282502174377,-9.237633347511292,1.04962,254.47999572753906,,,,,,,579.2,4.322388059,579.2,4.322388059,,,,,,,,,,,,,,,,,,,"Michael Busch","26319",683737
"Luis Arraez","SDP",146.3,640.283,591.453,176.845,142.256,30.1949,3.35393,1.03941,68.1103,60.4305,36.9565,4.57574,30.08,5.13918,5.21136,1.52294,15.1347,7.27579,2.89329,0.299,0.0577191,0.0469792,1.22861,0.342758,0.366666,0.310297,0.709424,0.0676656,4.16588,0.31086,,-1.13551,74.9599,0.0608159,102.195,-1.13551,1.46,0.5447696447372437,-11.742731094360352,1.04559,193.8300018310547,,,,,,,644.6,4.415068493,644.6,4.415068493,,,,,,,,,,,,,,,,,,,"Luis Arraez","18568",650333
"LaMonte Wade Jr.","SFG",111.702,449.187,379.081,87.751,58.0822,16.3908,0.626053,12.6519,50.8391,45.6744,58.3108,2.71121,92.18,5.78076,3.2193,2.79469,8.30594,2.00723,0.807959,0.231483,0.129814,0.205215,0.632576,0.340155,0.37815,0.318198,0.718305,0.146666,2.60928,0.270658,,-0.868632,55.4443,2.89922,105.803,-0.868632,1.19,2.2483187317848206,-7.182725429534912,1.03525,431.4100036621094,,,,,,,481.1,4.295535714,481.1,4.295535714,,,,,,,,,,,,,,,,,,,"LaMonte Wade Jr.","18126",664774
"Alex Verdugo",,88.56,390.679,353.829,91.5378,61.8942,18.9913,1.24334,9.40891,43.1357,44.1211,30.3665,1.17399,59.2105,2.41366,3.46206,0.607434,8.94177,2.3621,0.77799,0.258706,0.0777275,0.151558,0.512857,0.318705,0.399182,0.312456,0.717888,0.140476,3.46066,0.284506,,-0.580616,46.4169,0.716042,101.622,-0.580616,0.91,0.16101819276809692,-3.1899998784065247,1.03151,541.9299926757812,,,,,,,403.6,4.53483146,403.6,4.53483146,,,,,,,,,,,,,,,,,,,"Alex Verdugo","17027",657077
"Tyler Freeman","CLE",54.312,201.628,180.559,47.8111,33.1534,9.72241,0.728597,4.20664,24.5937,20.3668,12.3377,0.0122247,29.1491,6.073,1.45038,1.20761,4.44007,6.08484,1.85372,0.264794,0.0611905,0.144569,0.423262,0.330415,0.396604,0.319727,0.727019,0.13181,5.34087,0.293329,,0.0593319,25.1356,1.5495,109.937,0.0593319,-0.08,2.3517687804996967,0.9018306583166122,1.03019,706.530029296875,,,,,,,219.9,4.072222222,219.9,4.072222222,,,,,,,,,,,,,,,,,,,"Tyler Freeman","22532",671289
"Kyle Isbel","KCR",121.164,450.942,410.07,94.7691,62.68,19.1352,3.1613,9.79257,52.848,41.7847,29.8206,0.675232,96.8536,4.64486,2.5072,3.89978,7.74052,13.9733,3.65762,0.231105,0.0661296,0.214781,0.307894,0.289088,0.364827,0.286305,0.653915,0.133722,6.07281,0.277764,,0.551921,44.0853,-8.66506,80.7147,0.551921,2.42,-9.398782312870026,4.289814829826355,1.02487,517.0700073242188,,,,,,,408.6,3.376859504,408.6,3.376859504,,,,,,,,,,,,,,,,,,,"Kyle Isbel","21614",664728
"Trent Grisham","NYY",65.134,238.372,204.2,42.796,23.4747,8.47838,0.621611,10.2213,29.8553,27.1523,27.4932,0.567874,66.1294,2.98229,1.27159,2.42527,3.36873,5.06957,1.24831,0.209579,0.115337,0.277421,0.415749,0.310543,0.407354,0.314279,0.717897,0.197775,4.86608,0.252281,,0.0870238,28.6708,0.786516,104.854,0.0870238,-0.55,1.4110300242900848,0.4551543593406677,1.01341,732.739990234375,,,,,,,256.4,3.944615384,256.4,3.944615384,,,,,,,,,,,,,,,,,,,"Trent Grisham","18564",663757
"Edouard Julien","MIN",80.698,313.228,269.17,61.8438,41.5485,11.5313,1.03106,7.73293,36.8115,29.6535,39.2352,1.25246,98.4632,2.7681,1.59495,0.459375,5.50711,3.98511,1.41588,0.229757,0.125261,0.31435,0.398475,0.332025,0.366444,0.310599,0.69847,0.136687,4.31061,0.328803,,-0.425957,36.7466,0.105823,102.948,-0.425957,-0.22,0.6306587159633636,-1.4099911153316498,0.997899,579.6400146484375,,,,,,,324.7,4.008641975,324.7,4.008641975,,,,,,,,,,,,,,,,,,,"Edouard Julien","27534",666397
"Jordan Walker","STL",126.216,508.909,464.09,115.029,74.4017,24.3681,1.9604,14.2989,58.3272,57.7966,35.3936,0.861695,121.723,5.8468,3.12089,0.457703,9.69795,7.53431,2.25431,0.24786,0.069548,0.239184,0.290772,0.307344,0.401247,0.308519,0.708591,0.153388,4.66744,0.304147,,-0.312045,58.8513,-0.679877,98.789,-0.312045,-0.42,-1.0490362644195557,-6.263333231210709,0.995061,285.92999267578125,,,,,,,525.2,4.168253968,525.2,4.168253968,,,,,,,,,,,,,,,,,,,"Jordan Walker","27475",691023
"MJ Melendez","KCR",119.384,473.197,419.129,95.501,53.4217,22.8394,2.70732,16.5326,57.0496,57.9216,47.213,1.54254,122.235,2.89144,3.60462,0.359284,6.20001,6.16373,1.89082,0.227856,0.0997746,0.258317,0.386248,0.30794,0.413603,0.312964,0.721543,0.185747,4.78393,0.278091,,-0.337947,56.4144,1.06069,99.4673,-0.337947,0.17,-0.6263496577739716,-5.564625337719917,0.989741,376.2900085449219,,,,,,,518,4.352941176,518,4.352941176,,,,,,,,,,,,,,,,,,,"MJ Melendez","22197",669004
"Nathaniel Lowe","WSN",140.66,591.505,515.786,129.142,93.1281,22.0932,1.61829,12.3019,62.7009,61.0195,67.1576,2.037,128.291,4.13148,3.91612,0.51354,14.1303,1.7548,0.637862,0.250378,0.113537,0.216889,0.52348,0.339143,0.37104,0.314907,0.710183,0.120662,2.80856,0.308195,,-1.18895,71.4441,2.25095,101.984,-1.18895,0.34,0.2146930694580078,-10.513395458459854,0.970708,261.7200012207031,,,,,,,608.4,4.314893617,608.4,4.314893617,,,,,,,,,,,,,,,,,,,"Nathaniel Lowe","19566",663993
"José Caballero","TBR",81.803,308.095,277.914,60.949,40.3208,12.1705,1.26789,7.18978,39.3815,25.2277,19.9769,0.0186798,77.9412,7.10624,1.91657,1.18174,3.45628,21.6788,5.925,0.219309,0.0648402,0.252978,0.256308,0.286831,0.349838,0.281668,0.636669,0.130528,7.24131,0.276114,,1.40426,28.9703,-7.07003,85.9717,1.40426,0.78,-3.541056513786316,2.6581928730010986,0.969535,331.4700012207031,,,,,,,275.9,3.364634146,275.9,3.364634146,,,,,,,,,,,,,,,,,,,"Jose Caballero","23401",676609
"Endy Rodríguez","PIT",90.3,359.626,327.061,81.1681,51.9674,19.3116,1.46537,8.42369,38.0261,40.927,26.3068,0.433421,71.7226,3.13928,2.77621,0.342678,5.73929,1.78851,0.550299,0.248174,0.0731504,0.199437,0.366785,0.307874,0.393448,0.305787,0.701322,0.145274,3.60463,0.291338,,-0.504301,40.7971,-1.27122,92.8955,-0.504301,0,-3.559525489807129,0.8575498461723328,0.95779,415.2900085449219,,,,,,,350.6,3.895555555,350.6,3.895555555,,,,,,,,,,,,,,,,,,,"Endy Rodriguez","25332",682848
"Jonathan Aranda","TBR",105.854,408.033,361.833,87.3746,53.7819,17.595,0.8746,15.1231,46.6211,51.8746,36.8702,1.20687,102.807,6.11356,2.90605,0.310272,8.02771,0.475018,0.173624,0.241478,0.0903608,0.251957,0.358635,0.319723,0.420327,0.321903,0.74005,0.178849,2.30615,0.292743,,-0.729505,51.5812,3.85031,114.274,-0.729505,-0.03,5.934714913368225,-10.276809005066752,0.956341,320.07000732421875,,,,,,,453.1,4.274528301,453.1,4.274528301,,,,,,,,,,,,,,,,,,,"Jonathan Aranda","21837",666018
"Jeff McNeil","NYM",120.055,484.452,439.265,106.294,74.8738,21.8305,1.55972,8.03031,48.8912,45.4932,31.9222,0.860518,65.7075,8.51352,3.26565,1.48564,9.87322,2.78009,1.06886,0.241982,0.0658933,0.135633,0.485822,0.30381,0.353625,0.290139,0.657435,0.111643,3.50249,0.266448,,-0.780155,48.8565,-7.81377,88.4639,-0.780155,-0.73,-7.463122069835663,0.5760020017623901,0.954866,413.3599853515625,,,,,,,430.9,3.590833333,430.9,3.590833333,,,,,,,,,,,,,,,,,,,"Jeff McNeil","15362",643446
"Dillon Dingler","DET",65.033,242.09,221.886,49.2187,31.4379,10.4815,1.00511,6.29425,24.0509,25.5239,14.8572,0.0846879,68.4296,3.51134,1.59364,0.241628,3.6402,1.43371,0.492517,0.22182,0.0613704,0.282662,0.217116,0.279461,0.363219,0.281578,0.64268,0.141399,3.80713,0.288556,,-0.305155,22.7464,-5.57283,83.0493,-0.305155,1.06,-5.00051948428154,6.077978134155273,0.944749,578.0499877929688,,,,,,,202.4,3.113846153,202.4,3.113846153,,,,,,,,,,,,,,,,,,,"Dillon Dingler","27464",693307
"Andrew Benintendi","CHW",112.019,467.322,420.251,105.569,73.0811,20.1064,1.78897,10.5924,50.1631,48.7162,39.4781,1.76568,76.6757,2.43648,4.1622,0.993958,8.38776,6.09751,1.80583,0.251204,0.0844774,0.164075,0.514871,0.316266,0.383176,0.305571,0.699442,0.131972,4.06833,0.281708,,-0.405532,52.9333,-1.73312,98.2245,-0.405532,0.08,-1.3549039661884308,-5.106064721941948,0.94163,401.7200012207031,,,,,,,475.2,4.242857142,475.2,4.242857142,,,,,,,,,,,,,,,,,,,"Andrew Benintendi","17901",643217
"Chase Meidroth","CHW",63.294,256.162,225.479,55.8709,41.0244,10.7608,0.726808,3.35888,27.5566,21.6166,25.152,0.25315,43.7424,3.57418,1.54082,0.416283,6.05347,4.35883,0.839356,0.247788,0.0981877,0.170761,0.575002,0.330786,0.346649,0.303113,0.677435,0.0988612,4.51764,0.291866,,-0.0166822,28.5085,-1.45682,96.4954,-0.0166822,0,-1.0438879113644361,1.6116527318954468,0.940556,999,,,,,,,246.2,3.907936507,246.2,3.907936507,,,,,,,,,,,,,,,,,,,"Chase Meidroth","sa3020011",805367
"Michael Conforto","LAD",116.543,471.192,412.801,96.5501,60.0786,17.881,1.13714,17.4533,56.9383,59.4944,47.1178,2.1866,108.072,7.168,3.72045,0.384338,8.88078,1.12057,0.376177,0.23389,0.099997,0.229359,0.435984,0.320377,0.409556,0.318187,0.729933,0.175666,2.98763,0.271814,,-0.813595,58.156,3.03689,105.526,-0.813595,-3.62,2.3003326654434204,-9.015509128570557,0.92702,274.9100036621094,,,,,,,511.8,4.374358974,511.8,4.374358974,,,,,,,,,,,,,,,,,,,"Michael Conforto","16376",624424
"Jordan Lawlar","ARI",58.569,241.304,219.216,54.777,37.2914,10.538,1.52788,5.41974,29.9825,25.1806,17.0842,0.353156,60.8522,3.05195,1.51948,0.432697,3.73666,9.97796,1.17174,0.249877,0.0707994,0.252181,0.280749,0.311009,0.386058,0.305029,0.697067,0.136181,6.55729,0.31954,,1.07057,27.227,-1.00027,93.3371,1.07057,0.15,-0.8520292043685913,1.7535916864871979,0.923016,380.42999267578125,,,,,,,255.5,4.330508474,255.5,4.330508474,,,,,,,,,,,,,,,,,,,"Jordan Lawlar","29976",691783
"Tyler Soderstrom","ATH",134.144,528.15,477.7,109.369,65.6575,21.5122,1.42997,20.7689,58.4844,63.0868,40.9539,2.01711,145.347,5.11942,3.89498,0.481585,10.1582,1.55794,0.487275,0.228948,0.0775421,0.275199,0.281767,0.294582,0.410398,0.304837,0.704981,0.18145,2.99717,0.280841,,-0.751667,59.5111,-2.27085,102.189,-0.751667,-0.27,0.5714377164840698,-9.337723284959793,0.912962,271.80999755859375,,,,,,,541.1,4.038059701,541.1,4.038059701,,,,,,,,,,,,,,,,,,,"Tyler Soderstrom","27467",691016
"Triston Casas","BOS",138.887,574.977,496.928,114.752,67.9456,23.3628,0.466487,22.9773,67.5148,76.2245,70.0983,4.25056,152.099,4.26381,3.28713,0.39949,9.94797,0.297299,0.259636,0.230923,0.121915,0.264531,0.460872,0.329136,0.418531,0.325253,0.747667,0.187608,1.75466,0.282264,,-1.1353,74.2355,6.97578,106.785,-1.1353,-2.29,3.3282424211502075,-13.704413414001465,0.907913,128.60000610351562,,,,,,,651.9,4.689928057,651.9,4.689928057,,,,,,,,,,,,,,,,,,,"Triston Casas","22514",671213
"Josh Rojas","CHW",96.19,372.392,329.803,76.3351,52.7729,14.5047,1.53741,7.52011,40.8736,32.5346,34.9992,1.02528,81.2417,1.84705,2.60198,2.65403,5.9958,10.0134,2.88408,0.231457,0.0939849,0.218162,0.430804,0.306516,0.353165,0.291468,0.659681,0.121709,5.19577,0.282442,,0.135395,37.9536,-5.60805,88.3042,0.135395,-1.19,-4.848118260502815,1.2032382488250732,0.905643,552.6599731445312,,,,,,,347.3,3.617708333,347.3,3.617708333,,,,,,,,,,,,,,,,,,,"Josh Rojas","19734",668942
"Gavin Lux","CIN",113.438,445.482,399.288,100.906,67.1647,20.5362,2.26315,10.9414,52.0053,48.8924,41.0938,0.980818,97.8786,2.0246,2.65993,0.415552,8.69562,6.99986,1.95933,0.252714,0.0922458,0.219714,0.419845,0.323601,0.397689,0.315494,0.72129,0.144975,4.61973,0.306911,,-0.256229,54.0175,1.90583,95.5414,-0.256229,0,-2.631363809108734,-3.6244537830352783,0.886038,335.42999267578125,,,,,,,479,4.238938053,479,4.238938053,,,,,,,,,,,,,,,,,,,"Gavin Lux","19955",666158
"Ben Rortvedt","TBR",66.643,229.814,205.076,41.641,28.694,8.21964,0.430347,4.29708,20.6481,20.5913,20.0995,0.264084,61.319,2.83233,1.25046,0.556188,4.47292,0.533653,0.214965,0.203052,0.0874598,0.26682,0.327786,0.28166,0.310191,0.265559,0.591852,0.107139,2.54951,0.265397,,-0.3857,18.63,-8.25321,74.6408,-0.3857,2.65,-7.054049015045166,7.792206764221191,0.867443,718.2100219726562,,,,,,,161.9,2.41641791,161.9,2.41641791,,,,,,,,,,,,,,,,,,,"Ben Rortvedt","20287",666163
"Ceddanne Rafaela","BOS",109.065,432.605,407.583,96.7652,64.6956,18.8159,2.77834,10.4753,50.4154,43.3969,15.6191,0.0343921,110.683,4.75366,3.32064,1.32811,5.5876,15.8731,4.19791,0.237412,0.0361048,0.255853,0.141115,0.271607,0.374313,0.279883,0.64592,0.136901,6.45014,0.297812,,0.803316,40.0566,-10.5487,74.8705,0.803316,3.27,-11.635556995868683,5.3393874168396,0.839126,187.63999938964844,,,,,,,383.6,3.519266055,383.6,3.519266055,,,,,,,,,,,,,,,,,,,"Ceddanne Rafaela","24262",678882
"Mitch Garver","SEA",78.553,309.319,267.894,54.0517,31.7236,10.1091,0.272943,11.946,32.0198,37.8741,34.8307,0.215472,90.906,3.78581,1.89688,0.30023,4.30366,0.575935,0.223042,0.201765,0.112604,0.293891,0.383151,0.300473,0.375316,0.299009,0.675789,0.17355,2.05477,0.252222,,-0.5286,33.4025,-2.781,100.499,-0.5286,-0.33,-0.3520549237728119,-1.9549143016338348,0.82667,456.5199890136719,,,,,,,295.1,3.735443037,295.1,3.735443037,,,,,,,,,,,,,,,,,,,"Mitch Garver","15161",641598
"Hyeseong Kim","LAD",101.496,410.802,379.973,93.4948,67.739,17.8122,2.7198,5.22372,47.8727,36.8513,25.4598,0.899422,77.8306,1.86188,3.07212,0.435536,6.49644,16.3124,1.35477,0.246057,0.0619758,0.18946,0.327118,0.294411,0.348493,0.281751,0.642904,0.102436,6.61243,0.294246,,1.97063,38.6554,-9.39942,81.0027,1.97063,0,-7.361624121665955,1.6343960762023926,0.821356,417.92999267578125,,,,,,,365.7,3.620792079,365.7,3.620792079,,,,,,,,,,,,,,,,,,,"Hyeseong Kim","sa3012639",808975
"Tyrone Taylor","NYM",81.905,293.923,270.458,62.5355,38.1498,13.7665,1.32668,9.29247,34.2846,31.8193,16.0705,0.0754735,69.7121,4.86757,1.98828,0.538561,3.783,6.87215,2.08879,0.231221,0.0546758,0.237178,0.230526,0.284519,0.395007,0.295217,0.679526,0.163786,5.44676,0.27524,,0.062708,30.8431,-3.53941,91.8818,0.062708,0.88,-2.790631003677845,0.8799999563646743,0.81355,673.7899780273438,,,,,,,284.4,3.468292682,284.4,3.468292682,,,,,,,,,,,,,,,,,,,"Tyrone Taylor","13675",621438
"Will Wagner","TOR",85.172,340.54,306.517,79.4347,56.1854,15.9101,1.10367,6.23556,38.2098,34.352,27.6835,0.366288,62.663,3.17812,2.23034,0.931181,8.09672,2.29706,0.674188,0.259153,0.0812931,0.184011,0.441785,0.324775,0.37929,0.309946,0.704065,0.120137,3.65805,0.305189,,-0.49776,39.7718,-0.0638776,103.161,-0.49776,0.38,0.7339335978031158,-4.232288479804993,0.811115,517,,,,,,,337.9,3.975294117,337.9,3.975294117,,,,,,,,,,,,,,,,,,,"Will Wagner","29634",695238
"Brooks Lee","MIN",103.006,411.004,380.483,92.2344,65.2947,18.1065,1.21712,7.61611,40.6454,40.2101,25.101,1.52384,70.8459,1.95249,2.9032,0.564659,8.29202,3.3847,1.3146,0.242414,0.0610725,0.172373,0.354305,0.290635,0.356451,0.282415,0.647086,0.114037,3.68548,0.277506,,-0.572304,38.894,-9.18447,83.1229,-0.572304,0.24,-8.50918334722519,2.647106632590294,0.80959,403.1000061035156,,,,,,,352.2,3.419417475,352.2,3.419417475,,,,,,,,,,,,,,,,,,,"Brooks Lee","31595",686797
"Elias Díaz","SDP",86.573,325.96,298.767,67.006,46.875,12.0049,0.0012304,8.1249,30.5237,34.6215,19.6839,0.198555,73.1859,2.35679,2.32377,0.293793,7.08801,0.168824,0.0923151,0.224275,0.0603873,0.224524,0.268957,0.275574,0.346049,0.273028,0.621623,0.121774,1.59345,0.267909,,-0.545967,28.3835,-9.74663,77.11,-0.545967,-0.23,-9.468143582344055,6.45001508295536,0.809353,512.9299926757812,,,,,,,252.2,2.898850574,252.2,2.898850574,,,,,,,,,,,,,,,,,,,"Elias Diaz","11680",553869
"Gio Urshela","ATH",97.288,382.307,356.729,90.6987,66.5594,16.2177,0.692948,7.22868,37.0366,37.4661,20.1579,0.474122,65.7544,1.93386,3.02688,0.459338,8.79728,1.01334,0.456874,0.254251,0.052727,0.171994,0.306564,0.295381,0.36439,0.288183,0.659771,0.110139,2.60378,0.291067,,-0.678299,37.9534,-6.76814,90.475,-0.678299,0.44,-4.844914436340332,-0.07970088720321655,0.80761,523.7899780273438,,,,,,,338.4,3.488659793,338.4,3.488659793,,,,,,,,,,,,,,,,,,,"Gio Urshela","10681",570482
"Brendan Rodgers","HOU",71.993,290.736,267.426,64.8559,45.1644,11.9272,0.310327,7.45399,30.4974,31.4394,18.1548,0.347773,68.5407,2.95476,1.76911,0.431558,7.26216,0.307337,0.130309,0.242519,0.0624443,0.235749,0.264876,0.296122,0.373059,0.29299,0.669181,0.13054,2.12729,0.297111,,-0.511626,29.9875,-4.0222,91.4312,-0.511626,0.34,-3.3621474504470825,1.4510029256343842,0.803572,536.8599853515625,,,,,,,260.6,3.619444444,260.6,3.619444444,,,,,,,,,,,,,,,,,,,"Brendan Rodgers","17907",663898
"Ramón Laureano","BAL",69.606,268.284,241.891,56.1845,35.4744,10.7594,0.988759,8.9619,32.9418,30.8256,18.0801,0.242145,76.557,6.31642,1.70308,0.293745,4.75046,6.13713,1.91236,0.232272,0.0673915,0.285358,0.236165,0.300686,0.396076,0.304605,0.696762,0.163804,5.39945,0.298735,,-0.0177057,30.1797,-1.20363,100.68,-0.0177057,0.34,0.1911141239106655,-1.4008908569812775,0.79871,604.739990234375,,,,,,,271.6,3.88,271.6,3.88,,,,,,,,,,,,,,,,,,,"Ramon Laureano","17128",657656
"Jacob Young","WSN",127.449,491.492,447.675,109.358,88.0408,15.4142,3.51488,2.38854,53.0999,29.6393,27.9916,0.0297992,95.0458,7.12736,2.65449,6.04347,10.2485,25.7652,5.75236,0.244281,0.0569523,0.193382,0.294507,0.297616,0.310422,0.271619,0.608038,0.0661408,6.62288,0.303121,,1.8515,42.2403,-15.2535,72.8488,1.8515,3.48,-14.106062173843384,5.446805477142334,0.796056,298.2900085449219,,,,,,,385.1,3.032283464,385.1,3.032283464,,,,,,,,,,,,,,,,,,,"Jacob Young","29931",696285
"Dalton Rushing","LAD",48.832,156.384,138.145,31.3634,19.3231,6.52996,0.385672,5.12463,18.2416,18.644,14.1194,0.416599,39.5742,2.91976,1.01751,0.182648,2.74775,0.58904,0.122351,0.227033,0.0902864,0.253058,0.356782,0.309872,0.391174,0.30742,0.701046,0.164141,3.38037,0.277766,,-0.215443,17.9462,-0.347279,98.2797,-0.215443,0,-0.5371544063091278,2.873015880584717,0.779086,999,,,,,,,155.8,3.179591836,155.8,3.179591836,,,,,,,,,,,,,,,,,,,"Dalton Rushing","sa3019892",687221
"Heston Kjerstad","BAL",98.559,377.216,341.402,84.6821,54.561,16.5712,2.03259,11.5173,43.5237,44.2199,25.8403,1.42833,96.9853,6.97978,2.63591,0.35761,6.64364,2.05469,0.522258,0.248042,0.0685027,0.257108,0.266435,0.311794,0.409693,0.313193,0.721487,0.161651,4.10868,0.310631,,-0.478956,45.041,0.915045,106.721,-0.478956,-0.42,2.4220431745052338,-7.597921282052994,0.764133,340.7200012207031,,,,,,,408.5,4.126262626,408.5,4.126262626,,,,,,,,,,,,,,,,,,,"Heston Kjerstad","31166",677008
"Colson Montgomery","CHW",100.771,405.638,362.426,76.1597,50.372,15.4217,1.38592,8.98008,39.3399,37.7969,33.6789,1.56393,116.151,6.8801,2.20887,0.443768,6.65106,3.45551,0.837916,0.210138,0.0830271,0.286342,0.289957,0.288056,0.334671,0.276131,0.622727,0.124532,4.10128,0.280495,,-0.353583,36.3347,-11.1161,77.5156,-0.353583,0,-10.78936356306076,4.6653242111206055,0.764061,513.8300170898438,,,,,,,323.3,3.200990099,323.3,3.200990099,,,,,,,,,,,,,,,,,,,"Colson Montgomery","sa3017170",695657
"Luis Urías","ATH",63.832,231.474,204.924,44.4737,28.0765,8.66854,0.293725,7.43498,24.599,24.0158,19.7375,0.0462902,53.6072,4.99951,1.44664,0.241395,4.00451,1.35759,0.554953,0.217026,0.0852686,0.231591,0.368187,0.299474,0.371039,0.296483,0.670513,0.154013,2.95463,0.254863,,-0.369702,24.5258,-2.55159,96.3133,-0.369702,-0.27,-1.346152126789093,0.9613271653652191,0.757179,740.2899780273438,,,,,,,207.4,3.240625,207.4,3.240625,,,,,,,,,,,,,,,,,,,"Luis Urias","16622",649966
"Juan Brito","CLE",70.482,286.055,256.312,60.3972,39.7942,14.2271,0.792003,5.58381,29.6835,28.6978,24.2925,0.700394,51.7186,2.38751,2.06671,0.995959,4.94179,4.09672,0.822729,0.235639,0.0849224,0.1808,0.469705,0.305471,0.362681,0.294049,0.668152,0.127042,4.36552,0.272599,,-0.0329806,29.7486,-3.7136,91.8744,-0.0329806,0,-2.6925608590245247,0.4834156036376953,0.75668,999,,,,,,,265.5,3.792857142,265.5,3.792857142,,,,,,,,,,,,,,,,,,,"Juan Brito","sa3009808",682877
"Jacob Stallings","COL",82.214,295.671,261.456,62.5002,44.3558,11.4754,0.263827,6.40513,29.2032,29.8397,24.9291,0.149465,68.979,3.61761,2.18218,1.51668,6.36103,0.36068,0.208423,0.239047,0.0843138,0.233296,0.361402,0.311607,0.358449,0.296997,0.670056,0.119402,1.99542,0.297975,,-0.586475,31.4499,-3.13709,76.4606,-0.586475,0,-8.909213840961456,6.343672752380371,0.751924,443.8599853515625,,,,,,,267.1,3.257317073,267.1,3.257317073,,,,,,,,,,,,,,,,,,,"Jacob Stallings","13723",607732
"Carson Williams","TBR",51.575,155.886,141.84,32.7792,19.7159,7.00575,0.913483,5.14412,18.7026,17.6467,11.175,0.369927,50.5845,1.77757,0.816476,0.277397,1.89817,3.98207,0.681841,0.231101,0.0716873,0.324497,0.220918,0.29389,0.402175,0.302078,0.696065,0.171074,6.11872,0.317911,,0.265351,17.2188,-1.01643,100.329,0.265351,0,0.3239549808204174,1.7183201313018799,0.747609,999,,,,,,,159.6,3.069230769,159.6,3.069230769,,,,,,,,,,,,,,,,,,,"Carson Williams","sa3017795",700246
"Orlando Arcia","ATL",124.681,496.923,454.452,103.982,72.0641,19.0229,0.548888,12.3457,51.3733,52.6208,33.285,0.0301284,103.745,2.8694,3.46144,0.817495,11.9637,1.15306,0.60894,0.228806,0.0669822,0.208774,0.320835,0.283637,0.354579,0.28047,0.638216,0.125773,2.44554,0.26808,,-0.869882,46.2468,-11.8823,77.2492,-0.869882,-0.75,-14.388978958129883,5.022268295288086,0.741671,446.1700134277344,,,,,,,409.1,3.2728,409.1,3.2728,,,,,,,,,,,,,,,,,,,"Orlando Arcia","13185",606115
"Christian Moore","LAA",72.658,297.95,273.537,62.6496,40.0916,11.4106,0.816461,10.3309,32.8027,33.7804,19.1359,0.53653,85.7709,3.05345,1.53468,0.688645,4.62158,3.81589,0.740841,0.229035,0.0642251,0.28787,0.223105,0.285402,0.390023,0.293714,0.675425,0.160988,4.38367,0.292332,,-0.0241804,30.9051,-3.94855,88.6229,-0.0241804,0,-3.9028439186513424,1.1212652921676636,0.738512,999,,,,,,,281.2,3.852054794,281.2,3.852054794,,,,,,,,,,,,,,,,,,,"Christian Moore","sa3025168",695681
"Edgar Quero","CHW",47.268,179.229,160.977,40.8469,26.9064,8.58019,0.465521,4.89476,19.9952,20.3284,14.2526,0.326152,32.6353,2.51313,1.24193,0.244096,3.90463,1.2205,0.221149,0.253743,0.0795217,0.182087,0.436723,0.321885,0.404047,0.317178,0.725932,0.150304,3.41909,0.288334,,-0.187572,21.9755,1.00963,106.389,-0.187572,-3.64,1.122645452618599,0.007222175598144531,0.733743,999,,,,,,,194.6,4.140425531,194.6,4.140425531,,,,,,,,,,,,,,,,,,,"Edgar Quero","sa3015239",700337
"Spencer Horwitz","PIT",99.613,411.289,360.946,91.1708,62.4067,19.7342,0.70363,8.32633,44.57,43.3466,42.1819,1.48681,73.514,4.94133,2.8181,0.401875,8.86168,2.01575,0.836054,0.252589,0.10256,0.17874,0.573794,0.336574,0.380365,0.316481,0.71694,0.127777,2.93805,0.293854,,-0.788178,50.198,2.0862,100.093,-0.788178,1.84,-0.7422725781798363,-5.9949527978897095,0.718721,379.4800109863281,,,,,,,429.5,4.295,429.5,4.295,,,,,,,,,,,,,,,,,,,"Spencer Horwitz","26477",687462
"Nolan Gorman","STL",107.673,429.268,383.699,81.4939,46.1073,15.8201,0.828076,18.7384,47.9961,57.5604,38.9618,1.8247,143.973,3.51651,2.80012,0.290076,4.66025,4.43908,1.52865,0.21239,0.0907633,0.335392,0.270618,0.288994,0.404445,0.30047,0.693439,0.192055,3.61863,0.280424,,-0.416048,46.8604,-3.35455,93.3712,-0.416048,-0.46,-3.818777412176132,-3.5297732055187225,0.717419,360.3399963378906,,,,,,,431.3,3.993518518,431.3,3.993518518,,,,,,,,,,,,,,,,,,,"Nolan Gorman","22263",669357
"Nolan Schanuel","LAA",132.76,558.411,480.958,119.24,90.8795,19.7603,2.47522,6.12543,61.4771,43.6699,63.0543,1.63496,89.6067,7.60891,4.60444,2.18486,13.4879,6.37882,2.15746,0.247923,0.112917,0.160467,0.703679,0.341415,0.337508,0.305114,0.678923,0.0895858,4.22634,0.290164,,-0.860078,63.0455,-2.27636,96.6423,-0.860078,1.56,-3.0054450035095215,-8.683826923370361,0.715266,311.2099914550781,,,,,,,530,3.984962406,530,3.984962406,,,,,,,,,,,,,,,,,,,"Nolan Schanuel","33189",694384
"Mickey Moniak","LAA",82.466,320.193,296.287,65.594,37.2929,13.6463,1.85693,12.7978,37.4855,37.8829,18.1847,0.859843,92.8128,2.86798,2.21206,0.641231,3.37719,6.15223,1.47844,0.221387,0.056793,0.289865,0.195929,0.271151,0.409561,0.292407,0.680711,0.188174,5.53396,0.273714,,0.177964,32.8754,-4.58017,87.7035,0.177964,0.18,-4.327094286680222,0.5617870092391968,0.713494,587.6199951171875,,,,,,,319.4,3.895121951,319.4,3.895121951,,,,,,,,,,,,,,,,,,,"Mickey Moniak","19956",666160
"Harrison Bader","MIN",86.667,326.994,302.789,71.023,47.4071,14.4753,1.34018,7.80047,39.012,30.4444,16.8048,0.199542,67.2939,4.52397,2.29349,0.583187,4.35395,14.3525,4.45552,0.234563,0.0513918,0.205796,0.249722,0.282931,0.368508,0.28441,0.651439,0.133945,6.27891,0.274895,,0.525062,31.4692,-6.78196,84.5266,0.525062,1.96,-5.264322280883789,1.2398326396942139,0.71014,466.07000732421875,,,,,,,297.5,3.419540229,297.5,3.419540229,,,,,,,,,,,,,,,,,,,"Harrison Bader","18030",664056
"Trey Sweeney","DET",72.25,276.359,251.252,53.7109,34.0173,11.3606,1.63561,6.69738,29.7823,26.4249,20.7056,0.636413,76.9089,2.63996,1.48088,0.280274,4.17244,5.7582,1.54487,0.213773,0.0749228,0.278293,0.269222,0.27911,0.351977,0.277023,0.631087,0.138204,5.45147,0.277978,,0.0782515,24.953,-7.37498,79.8449,0.0782515,0.74,-6.295058578252792,3.951111078262329,0.709376,498.3800048828125,,,,,,,238.3,3.309722222,238.3,3.309722222,,,,,,,,,,,,,,,,,,,"Trey Sweeney","29575",700242
"Javier Báez","DET",83.76,331.584,306.76,71.1384,47.6855,13.574,1.20677,8.67212,35.3873,34.9755,14.9746,0.215742,79.6775,4.44155,2.18589,0.401846,6.40036,6.76321,2.37576,0.231902,0.0451608,0.240294,0.18794,0.275777,0.36883,0.280775,0.644607,0.136928,4.88207,0.28317,,-0.137449,30.9408,-7.84726,82.4845,-0.137449,-1.08,-6.782873019576073,2.5492023229599,0.704339,629.97998046875,,,,,,,286.2,3.407142857,286.2,3.407142857,,,,,,,,,,,,,,,,,,,"Javier Baez","12979",595879
"Austin Hays","CIN",112.036,436.686,402.107,99.5398,62.232,20.8226,1.0368,15.4484,48.9715,56.6576,24.5845,0.0924071,98.6308,6.62622,2.70041,0.66816,7.95615,3.23147,1.20188,0.247546,0.0562979,0.225862,0.249258,0.299874,0.419742,0.311873,0.719617,0.172197,3.45155,0.289244,,-0.577236,51.6782,0.595489,93.1042,-0.577236,1.39,-4.178180754184723,-3.6047462224960327,0.69807,384.3999938964844,,,,,,,464.5,4.147321428,464.5,4.147321428,,,,,,,,,,,,,,,,,,,"Austin Hays","19363",669720
"Rhys Hoskins","MIL",128.763,534.729,464.534,100.055,56.1499,20.419,0.414914,23.0714,59.2231,76.5361,58.5203,0.490603,145.268,7.12081,3.76488,0.497041,6.90034,3.16332,1.40272,0.215388,0.109439,0.271666,0.402845,0.310328,0.410128,0.315284,0.720455,0.194739,2.70629,0.256647,,-0.892802,64.7486,2.19702,101.502,-0.892802,-0.87,0.06769871711730957,-11.246990323066711,0.684496,277.739990234375,,,,,,,570.1,4.419379844,570.1,4.419379844,,,,,,,,,,,,,,,,,,,"Rhys Hoskins","16472",656555
"Alec Burleson","STL",117.826,482.013,440.42,114.348,78.9898,20.2695,0.881749,14.2064,53.1798,57.6782,32.7158,1.15751,67.4481,3.41099,3.99403,1.06807,10.133,5.03176,1.88012,0.259633,0.0678732,0.13993,0.485051,0.313135,0.40643,0.312479,0.719565,0.146797,3.56515,0.276054,,-0.654522,57.2771,0.892174,101.454,-0.654522,-0.71,0.18355649709701538,-9.625547349452972,0.682617,235.80999755859375,,,,,,,505.6,4.284745762,505.6,4.284745762,,,,,,,,,,,,,,,,,,,"Alec Burleson","27615",676475
"Max Kepler","PHI",110.49,445.874,399.092,94.8723,58.3608,19.6839,1.43011,15.3975,50.3256,55.6953,38.2626,0.993095,89.7983,4.79499,3.36444,0.359717,7.72471,1.22972,0.404955,0.23772,0.0858148,0.201398,0.426095,0.309597,0.409952,0.312964,0.719549,0.172232,2.97352,0.267357,,-0.710664,53.1569,0.999448,99.7233,-0.710664,-2.27,-0.8581931740045547,-7.38527774810791,0.682106,357.6400146484375,,,,,,,468.6,4.26,468.6,4.26,,,,,,,,,,,,,,,,,,,"Max Kepler","12144",596146
"Ryan Bliss","SEA",89.063,301.441,275.042,59.6309,40.0658,11.6822,1.48702,6.39588,34.8059,24.8201,20.3516,0.0658377,81.7974,3.12389,1.73891,1.18507,3.51688,17.4594,4.13801,0.216807,0.0675144,0.271355,0.248805,0.276785,0.339857,0.272107,0.616642,0.12305,6.69936,0.282283,,1.31499,26.025,-9.23699,81.5757,1.31499,0.01,-5.03978168964386,1.5598880145698786,0.678411,570.8300170898438,,,,,,,248,2.786516853,248,2.786516853,,,,,,,,,,,,,,,,,,,"Ryan Bliss","29547",669208
"Luis Torrens","NYM",54.584,184.122,168.851,37.9372,25.8035,7.3511,0.358172,4.42443,18.0592,18.5496,12.0402,0.298162,47.4214,1.75718,1.18841,0.285202,3.58912,0.846603,0.394399,0.224679,0.0653925,0.257554,0.253898,0.281416,0.351067,0.277696,0.632483,0.126388,2.99968,0.283542,,-0.300607,16.7245,-4.81376,80.0886,-0.300607,0.91,-4.684586763381958,5.1217281222343445,0.678389,677.9299926757812,,,,,,,145.6,2.647272727,145.6,2.647272727,,,,,,,,,,,,,,,,,,,"Luis Torrens","15905",620443
"Zach McKinstry","DET",65.42,239.006,215.704,50.5325,31.9548,10.5918,2.12132,5.86456,28.1399,23.3651,18.8875,0.531031,52.4295,1.80987,1.66648,0.938206,2.8752,7.0911,1.92375,0.234268,0.0790252,0.219365,0.360246,0.2992,0.384604,0.298093,0.683804,0.150336,6.32951,0.280795,,0.227729,25.6335,-2.32501,94.6659,0.227729,0.21,-1.230994462966919,-0.17293955385684967,0.677859,588.2899780273438,,,,,,,240,3.692307692,240,3.692307692,,,,,,,,,,,,,,,,,,,"Zach McKinstry","19392",656716
"Giancarlo Stanton","NYY",71.193,298.47,266.982,59.9259,32.0742,9.66435,0,18.1874,36.5857,46.3059,27.4363,1.2474,89.567,1.82501,1.92142,0.259298,5.20187,0.00188887,0.00149664,0.224457,0.0919232,0.300087,0.306321,0.299121,0.465021,0.326834,0.764142,0.240565,1.20773,0.259006,,-0.474469,38.9153,4.00084,113.686,-0.474469,0,4.199377119541168,-7.690601825714111,0.667012,499.6199951171875,,,,,,,354.2,4.988732394,354.2,4.988732394,,,,,,,,,,,,,,,,,,,"Giancarlo Stanton","4949",519317
"Seth Brown","ATH",88.989,340.221,309.75,69.803,39.5855,14.2876,0.998521,14.9313,39.6502,41.6049,25.2981,0.834378,92.5113,2.35869,2.33643,0.47729,4.53561,4.28307,1.13708,0.225352,0.0743579,0.271915,0.27346,0.286863,0.422538,0.305611,0.709401,0.197186,4.27098,0.268132,,-0.128032,38.5475,-1.25094,102.734,-0.128032,-0.9,0.93616583943367,-5.823736071586609,0.666542,474.1700134277344,,,,,,,355.1,3.98988764,355.1,3.98988764,,,,,,,,,,,,,,,,,,,"Seth Brown","18171",664913
"Johan Rojas","PHI",82.613,300.687,278.594,66.1313,49.0102,11.2771,1.91505,3.92899,35.5596,20.8652,12.3967,0.0466726,61.5527,2.96729,1.62083,5.10866,4.89856,17.6316,3.48465,0.237376,0.0412278,0.204707,0.201399,0.275715,0.333911,0.267669,0.609626,0.0965355,7.25477,0.289673,,1.60732,24.886,-10.2878,69.2368,1.60732,4.59,-9.454012870788574,5.86489200592041,0.663462,585.97998046875,,,,,,,242.3,2.919277108,242.3,2.919277108,,,,,,,,,,,,,,,,,,,"Johan Rojas","24336",679032
"Richie Palacios","TBR",80.923,310.82,273.17,63.679,43.7616,13.3618,1.50938,5.04626,34.8853,26.2473,30.7888,0.910289,56.5345,3.45378,2.12027,1.2868,5.35306,9.03189,2.49878,0.233111,0.0990566,0.181888,0.544602,0.316353,0.348495,0.295399,0.664847,0.115384,5.35727,0.274357,,0.185898,32.6617,-3.69743,95.6307,0.185898,0.4,-1.3680275529623032,-2.6024621427059174,0.660033,494.5899963378906,,,,,,,295,3.641975308,295,3.641975308,,,,,,,,,,,,,,,,,,,"Richie Palacios","24589",680700
"Colt Keith","DET",130.123,518.826,473.908,119.38,79.8761,22.8124,4.03641,12.6546,57.5149,55.9439,37.5669,1.88094,105.796,3.16976,3.73568,0.446145,9.01233,4.71371,1.39244,0.251905,0.0724074,0.203914,0.355088,0.308878,0.397184,0.306437,0.706062,0.145279,4.63756,0.297125,,-0.558286,59.1285,-1.56278,100.535,-0.558286,-0.38,-0.24055889248847961,-10.681143641471863,0.658254,254.52999877929688,,,,,,,533.8,4.106153846,533.8,4.106153846,,,,,,,,,,,,,,,,,,,"Colt Keith","27899",690993
"Randal Grichuk","ARI",71.716,273.171,251.531,64.8519,39.3126,13.6854,0.784838,11.0691,32.8192,40.1203,16.5621,0.0165624,54.8855,2.77385,2.04404,0.260156,5.12112,0.970114,0.321165,0.257829,0.0606292,0.20092,0.301758,0.308481,0.450498,0.326737,0.758979,0.192669,3.2085,0.286658,,-0.3988,35.5956,3.64058,107.948,-0.3988,-0.23,2.197637677192688,-4.985940918326378,0.651534,564.280029296875,,,,,,,323.6,4.494444444,323.6,4.494444444,,,,,,,,,,,,,,,,,,,"Randal Grichuk","10243",545341
"James McCann",,49.332,179.352,162.772,37.4966,25.7047,6.56367,0.2428,4.98549,18.3251,19.8213,10.138,0.0232135,46.6853,2.24203,1.25993,0.750955,3.26771,1.58,0.721124,0.230363,0.0565258,0.2603,0.217156,0.282729,0.365557,0.28396,0.648286,0.135194,3.3034,0.289346,,-0.276458,17.1955,-3.78476,82.0199,-0.276458,0.51,-4.0494725704193115,4.316481590270996,0.644733,747.02001953125,,,,,,,148.5,3.030612244,148.5,3.030612244,,,,,,,,,,,,,,,,,,,"James McCann","12859",543510
"Roman Anthony","BOS",89.985,370.285,330.711,80.2779,52.1757,17.4794,1.81302,8.80979,44.0408,38.3818,35.0809,1.20362,92.208,2.3595,1.61411,0.519948,7.13694,7.12017,1.52124,0.242744,0.0947402,0.249019,0.380454,0.31836,0.386479,0.30908,0.704838,0.143735,5.02641,0.308975,,0.110134,42.9878,-0.327432,95.4086,0.110134,0,-1.835177205502987,-4.279332160949707,0.643331,999,,,,,,,381,4.233333333,381,4.233333333,,,,,,,,,,,,,,,,,,,"Roman Anthony","sa3020211",701350
"Ty France","MIN",100.001,414.108,371.041,93.1405,65.0364,17.4116,0.260305,10.4323,44.3154,44.797,26.5156,0.635606,75.4228,13.2794,2.83504,0.437393,10.138,0.254797,0.163039,0.251025,0.0640307,0.182133,0.35156,0.321356,0.383703,0.31082,0.70506,0.132678,1.77012,0.287161,,-0.83743,48.6552,0.213651,103.104,-0.83743,-0.04,0.6332306265830994,-8.246039427816868,0.639465,447.9100036621094,,,,,,,413.1,4.131,413.1,4.131,,,,,,,,,,,,,,,,,,,"Ty France","17982",664034
"Blake Perkins","MIL",64.683,245.529,218.304,48.5299,32.9946,9.18232,1.74786,4.60508,27.1708,21.8356,22.6972,0.27689,63.8185,1.77257,1.74819,1.00689,3.3938,9.44352,1.83594,0.222304,0.0924421,0.259923,0.355653,0.29854,0.343664,0.284776,0.642204,0.121359,6.37157,0.289687,,0.693788,23.7014,-5.02009,80.9681,0.693788,1.84,-4.894072711467743,2.83819442987442,0.63211,649.5,,,,,,,227.4,3.498461538,227.4,3.498461538,,,,,,,,,,,,,,,,,,,"Blake Perkins","19921",663368
"Masataka Yoshida","BOS",93.84,387.001,348.593,93.796,64.3491,18.7692,1.01183,9.6658,44.814,45.3731,29.2433,1.43535,51.6914,6.49748,2.23168,0.435855,10.0596,2.03189,0.693927,0.269071,0.075564,0.133569,0.56573,0.335097,0.411903,0.325981,0.747,0.142832,3.16138,0.290638,,-0.653291,50.1926,4.92197,107.297,-0.653291,-0.03,2.5777644515037537,-9.384253768250346,0.629415,438.0299987792969,,,,,,,438.2,4.661702127,438.2,4.661702127,,,,,,,,,,,,,,,,,,,"Masataka Yoshida","31837",807799
"Pedro Pagés","STL",62.64,225.881,206.093,46.3653,32.0929,8.67129,0.420464,5.18066,21.355,23.3721,15.59,0.430531,58.1768,2.21698,1.51122,0.469814,4.19665,0.71262,0.304097,0.224973,0.0690185,0.257555,0.267976,0.28469,0.34654,0.277822,0.63123,0.121567,2.699,0.285515,,-0.37107,20.5406,-5.88253,78.1279,-0.37107,0,-6.27895513176918,4.8333330154418945,0.627561,571.4299926757812,,,,,,,180.6,2.866666666,180.6,2.866666666,,,,,,,,,,,,,,,,,,,"Pedro Pages","25782",686780
"José Tena","WSN",84.512,337.687,313.399,77.2892,53.6963,14.6817,1.37171,7.53954,35.5052,35.0578,18.3799,0.35576,92.0879,2.40925,2.32542,1.17344,6.27495,7.34731,2.18744,0.246616,0.0544288,0.272702,0.199591,0.291454,0.374388,0.290197,0.665843,0.127772,5.01017,0.32277,,-0.001529,34.0711,-5.43084,85.3531,-0.001529,-0.73,-5.916093604755588,0.7322820425033569,0.626018,486.3299865722656,,,,,,,310.3,3.650588235,310.3,3.650588235,,,,,,,,,,,,,,,,,,,"Jose Tena","23691",677588
"Victor Scott II","STL",62.81,233.242,213.356,48.7576,33.8409,9.32774,1.67514,3.91387,27.4744,17.9998,13.2973,0.313538,49.5185,2.65456,1.61886,2.31515,3.47932,13.6082,1.8771,0.228527,0.0570108,0.212305,0.268532,0.280216,0.342982,0.273547,0.623198,0.114455,7.26215,0.277597,,1.5709,20.4074,-6.87685,75.2502,1.5709,2.62,-5.332123041152954,3.589289963245392,0.622182,375.1400146484375,,,,,,,205.5,3.261904761,205.5,3.261904761,,,,,,,,,,,,,,,,,,,"Victor Scott II","31349",687363
"Caleb Durbin","MIL",67.28,269.798,243.768,58.4454,41.0009,12.3707,1.05147,4.02231,28.7845,25.6737,18.3765,0.868545,34.3729,4.82965,1.845,0.979204,5.0397,11.5324,1.17877,0.239759,0.0681119,0.127402,0.534621,0.303742,0.348635,0.287847,0.652377,0.108876,5.96459,0.262637,,1.32918,26.7111,-4.84934,83.0354,1.32918,0,-4.144045829772949,1.1767077445983887,0.621443,374.3999938964844,,,,,,,247.9,3.7,247.9,3.7,,,,,,,,,,,,,,,,,,,"Caleb Durbin","sa3017183",702332
"Kyle Teel","CHW",47.681,187.379,168.547,39.0074,27.0461,7.52358,0.598616,3.83908,19.2703,17.5522,16.0199,0.253919,47.6664,1.42162,1.07173,0.319067,3.34807,2.39722,0.458906,0.231434,0.0854949,0.254385,0.336085,0.301769,0.351508,0.289037,0.653277,0.120074,4.23507,0.297752,,-0.0555269,18.7307,-3.18854,86.5939,-0.0555269,-0.98,-2.9298128560185432,2.699089527130127,0.621283,999,,,,,,,170.7,3.55625,170.7,3.55625,,,,,,,,,,,,,,,,,,,"Kyle Teel","sa3022886",691019
"Jace Jung","DET",94.817,356.624,314.336,67.8995,44.0893,14.0506,1.52634,8.2333,36.3096,34.3695,36.855,0.745234,94.6022,2.80054,2.31015,0.321933,5.76134,1.60272,0.554384,0.216009,0.103344,0.265272,0.389579,0.301865,0.348998,0.288851,0.650862,0.132989,3.45568,0.279061,,-0.559053,35.5952,-6.12199,88.1648,-0.559053,-1.95,-5.388442695140839,-0.4867748022079468,0.621012,459.92999267578125,,,,,,,315,3.315789473,315,3.315789473,,,,,,,,,,,,,,,,,,,"Jace Jung","31437",690291
"Christian Encarnacion-Strand","CIN",94.12,391.395,359.772,93.3029,57.5423,17.8965,0.868625,16.9955,46.399,56.6012,23.4268,0.958119,102.509,4.86759,2.99781,0.330651,6.27406,2.2106,0.726426,0.259339,0.0598546,0.261908,0.228533,0.310939,0.455631,0.329117,0.76657,0.196292,3.17497,0.31368,,-0.521985,51.7504,5.96576,104.71,-0.521985,0.03,1.6825742721557617,-8.707870217040181,0.620549,229.16000366210938,,,,,,,463.5,4.930851063,463.5,4.930851063,,,,,,,,,,,,,,,,,,,"Christian Encarnacion-Strand","30011",687952
"Freddy Fermin","KCR",78.535,289.542,265.895,63.2404,45.1533,11.6864,0.894378,5.50637,28.3176,29.408,18.4421,0.0175549,57.2722,2.1392,2.20907,0.856826,6.10132,0.841034,0.330071,0.23784,0.063694,0.197803,0.322007,0.290357,0.350645,0.282046,0.641002,0.112805,2.99684,0.281183,,-0.484141,27.3139,-6.55616,77.7189,-0.484141,-1.98,-7.865795135498047,4.079799652099609,0.605831,380.0899963378906,,,,,,,245.6,3.108860759,245.6,3.108860759,,,,,,,,,,,,,,,,,,,"Freddy Fermin","21840",666023
"Mike Tauchman","CHW",97.433,382.642,331.532,77.9953,54.2618,14.3414,1.45551,7.93657,42.8021,34.8122,44.2546,0.988701,81.2094,3.63951,2.33239,0.88399,7.57969,5.81883,1.69244,0.235258,0.115655,0.212233,0.544944,0.329762,0.359113,0.306883,0.688876,0.123856,4.4957,0.286284,,-0.320138,43.7457,-1.01502,99.1474,-0.320138,-0.54,-0.6934235394001007,-6.275939047336578,0.597587,474.04998779296875,,,,,,,376.1,3.877319587,376.1,3.877319587,,,,,,,,,,,,,,,,,,,"Mike Tauchman","15274",643565
"Wenceel Pérez","DET",84.35,344.732,312.409,74.1978,48.7917,15.1169,3.08339,7.20576,39.8222,31.8904,26.6151,0.679856,67.0644,2.29593,2.60133,0.811098,4.61399,9.58003,2.65724,0.237502,0.0772053,0.194541,0.396859,0.299804,0.374826,0.294782,0.67463,0.137323,5.96758,0.278276,,0.231909,36.0539,-4.27219,92.3369,0.231909,0.12,-2.7907876670360565,-2.9374755695462227,0.595247,491.7900085449219,,,,,,,326.4,3.885714285,326.4,3.885714285,,,,,,,,,,,,,,,,,,,"Wenceel Perez","22857",672761
"Lenyn Sosa","CHW",95.311,379.784,356.858,88.1526,60.3286,16.5162,1.36536,9.94247,37.6977,41.7262,15.7211,0.418013,80.9527,2.46723,2.73886,1.99855,6.55405,2.6714,0.869623,0.247024,0.0413948,0.213155,0.194201,0.281485,0.384542,0.288267,0.666027,0.137518,3.60897,0.291066,,-0.434312,37.7286,-6.69783,86.0526,-0.434312,-0.01,-6.495204359292984,-0.48178170062601566,0.58696,460.9100036621094,,,,,,,341.7,3.596842105,341.7,3.596842105,,,,,,,,,,,,,,,,,,,"Lenyn Sosa","22896",672820
"Dairon Blanco","KCR",59.509,165.734,151.718,36.2401,25.1454,6.28814,1.31231,3.49427,24.3117,12.305,9.59838,0.0838597,42.1899,2.19498,0.974634,1.24774,1.50911,17.4783,3.54761,0.238865,0.0579144,0.254564,0.227504,0.292021,0.366704,0.288591,0.658726,0.127839,8.43445,0.306011,,1.76798,16.5075,-2.87971,82.3227,1.76798,2.97,-1.5842469930648804,1.6843117475509644,0.580926,680.1900024414062,,,,,,,158,2.633333333,158,2.633333333,,,,,,,,,,,,,,,,,,,"Dairon Blanco","19779",680118
"Drake Baldwin","ATL",54.293,209.532,189.383,44.362,30.9673,8.64074,0.484435,4.26952,22.0137,21.1158,16.7643,0.35043,45.8762,1.73987,1.37738,0.267805,4.54193,0.424803,0.109566,0.234245,0.0800084,0.218946,0.365425,0.300415,0.35262,0.288296,0.653036,0.118375,2.67489,0.285124,,-0.347099,20.8202,-3.69048,82.5165,-0.347099,-0.85,-4.727761954069138,3.339274764060974,0.577233,999,,,,,,,178.1,3.298148148,178.1,3.298148148,,,,,,,,,,,,,,,,,,,"Drake Baldwin","sa3019920",686948
"Taylor Walls","TBR",61.119,224.652,198.591,40.3288,26.3147,8.78869,1.02787,4.19754,24.9236,17.7101,22.626,0.225184,55.7189,0.983304,1.59807,0.838723,2.51615,9.56821,2.76895,0.203074,0.100716,0.248023,0.406073,0.285694,0.321091,0.271095,0.606785,0.118016,5.94658,0.257578,,0.399956,19.2124,-7.06694,78.5345,0.399956,0.97,-5.117725700139999,3.2067182064056396,0.576071,706.9000244140625,,,,,,,177,2.901639344,177,2.901639344,,,,,,,,,,,,,,,,,,,"Taylor Walls","22458",670764
"Thairo Estrada","COL",115.291,475.784,443.601,115.503,82.0294,21.0668,3.05332,9.35352,54.915,46.4411,20.0748,0.0288468,91.4694,8.23228,3.04673,0.829031,8.91675,14.1704,4.38703,0.260376,0.042193,0.19225,0.21947,0.302787,0.384889,0.300093,0.687676,0.124513,5.83585,0.306946,,0.186708,51.794,-3.86231,78.5448,0.186708,-0.09,-12.020172417163849,1.6891819536685944,0.56938,298.7799987792969,,,,,,,467.6,4.066086956,467.6,4.066086956,,,,,,,,,,,,,,,,,,,"Thairo Estrada","16426",642731
"Javier Sanoja","MIA",48.597,171.436,159.979,43.8737,31.8734,8.86768,1.08415,2.04844,18.9924,16.2947,8.90444,0.671623,12.7863,0.705532,1.23138,0.61515,3.46957,6.42431,1.02031,0.274246,0.0519403,0.0745835,0.696405,0.313098,0.381642,0.301682,0.69474,0.107397,5.84332,0.285738,,0.549525,18.8818,-1.17245,90.0972,0.549525,0.87,-1.4806010723114014,1.2812649011611938,0.569025,748.239990234375,,,,,,,175.6,3.583673469,175.6,3.583673469,,,,,,,,,,,,,,,,,,,"Javier Sanoja","28253",691594
"Jarred Kelenic","ATL",67.769,264.788,238.018,56.0498,33.7365,13.1568,1.07825,8.07825,33.2058,29.3374,23.0568,1.23366,74.2268,1.78288,1.56707,0.363187,3.51013,6.05011,1.70699,0.235485,0.0870763,0.280325,0.310626,0.305907,0.401641,0.307172,0.707548,0.166156,5.3053,0.305007,,0.066109,30.3335,-0.640905,95.2213,0.066109,0.36,-1.4469932690262794,-1.9729782342910767,0.557466,481.2900085449219,,,,,,,275,4.044117647,275,4.044117647,,,,,,,,,,,,,,,,,,,"Jarred Kelenic","22558",672284
"Nick Castellanos","PHI",148.122,623.56,573.195,144.442,92.9026,29.7936,1.66179,20.0838,70.9449,77.7474,38.9478,1.35779,145.359,6.20428,4.63124,0.58188,10.193,6.35897,2.41592,0.251994,0.0624603,0.233111,0.267943,0.304335,0.414885,0.311229,0.71922,0.162891,3.9452,0.301559,,-0.785538,73.4699,0.527012,98.5556,-0.785538,-6.43,-1.8625877499580383,-13.58892822265625,0.548782,174.52999877929688,,,,,,,660.6,4.463513513,660.6,4.463513513,,,,,,,,,,,,,,,,,,,"Nick Castellanos","11737",592206
"Agustin Ramírez","MIA",62.674,245.251,223.211,53.5724,35.0415,10.9926,0.478161,7.06011,25.9238,28.146,17.987,1.12146,51.302,2.21052,1.51273,0.329567,5.06082,3.81065,0.474694,0.240008,0.0733414,0.209182,0.350611,0.301198,0.388429,0.299965,0.689627,0.148421,4.24215,0.279585,,0.142758,26.6728,-2.01622,88.9414,0.142758,-0.73,-3.100422829389572,0.2371913194656372,0.547772,999,,,,,,,244.7,3.884126984,244.7,3.884126984,,,,,,,,,,,,,,,,,,,"Agustin Ramirez","sa3009276",682663
"Oliver Dunn","MIL",81.879,289.246,257.966,55.0133,35.4407,11.4363,1.66344,6.47289,30.4412,28.5201,26.1489,0.569927,95.6005,2.88857,1.52352,0.719321,4.52512,6.17738,1.27552,0.213258,0.0904036,0.330516,0.273523,0.29131,0.345763,0.282035,0.637074,0.132505,5.64354,0.308358,,0.214492,27.2834,-6.55207,79.1232,0.214492,1.39,-7.006442070007324,2.653564691543579,0.545235,691.6699829101562,,,,,,,245.3,2.991463414,245.3,2.991463414,,,,,,,,,,,,,,,,,,,"Oliver Dunn","26295",686554
"Jeimer Candelario","CIN",119.779,495.508,448.197,106.992,66.0547,23.1586,2.03684,15.7418,55.6778,60.1177,37.3187,0.703924,116.059,6.17062,3.36864,0.453062,8.24014,4.98186,1.52445,0.238716,0.0753141,0.234221,0.321551,0.303969,0.404844,0.308428,0.708813,0.166127,4.24779,0.285366,,-0.480053,57.2653,-0.698294,90.7853,-0.480053,-0.66,-5.940044313669205,-5.293763816356659,0.543974,308.2200012207031,,,,,,,512.6,4.271666666,512.6,4.271666666,,,,,,,,,,,,,,,,,,,"Jeimer Candelario","13621",600869
"Nick Fortes","MIA",100.504,355.229,325.854,72.1011,50.7641,13.0868,0.939211,7.31098,32.2361,32.1562,17.918,0.0583677,57.5733,5.63015,2.46173,3.36518,6.90632,4.31707,1.39274,0.221268,0.0504407,0.162074,0.311221,0.271836,0.334504,0.267239,0.60634,0.113235,3.87996,0.245947,,-0.2867,29.2772,-12.2768,66.915,-0.2867,0,-14.340719044208527,7.754938125610352,0.541557,608.260009765625,,,,,,,263.2,2.605940594,263.2,2.605940594,,,,,,,,,,,,,,,,,,,"Nick Fortes","21538",663743
"Nolan Jones","COL",118.852,481.266,420.4,101.177,64.2819,20.549,2.60544,13.7407,58.8877,49.7656,53.4038,2.80087,144.599,4.05642,2.38972,1.01566,8.06067,10.9105,2.8636,0.240668,0.110965,0.300455,0.369324,0.330322,0.399997,0.31952,0.730319,0.159329,5.28444,0.330634,,0.0835785,59.9157,3.61817,91.6203,0.0835785,-0.19,-4.7389688938856125,-6.1116384863853455,0.534569,251.58999633789062,,,,,,,538.7,4.526890756,538.7,4.526890756,,,,,,,,,,,,,,,,,,,"Nolan Jones","20529",666134
"Oswaldo Cabrera","NYY",99.073,364.427,332.446,74.6179,49.816,14.6022,1.22603,8.97364,38.5114,34.9311,24.4942,0.295773,78.8663,2.19813,2.56529,2.72326,5.88508,7.73265,2.15685,0.224451,0.0672129,0.216412,0.310579,0.280092,0.356729,0.279025,0.63682,0.132278,4.85432,0.265582,,0.0714912,33.492,-9.13801,80.0559,0.0714912,0.52,-8.244800582528114,1.270552933216095,0.534371,550.1900024414062,,,,,,,309.4,3.125252525,309.4,3.125252525,,,,,,,,,,,,,,,,,,,"Oswaldo Cabrera","21707",665828
"Sal Frelick","MIL",113.144,445.579,405.255,99.7664,73.8207,17.9221,3.35116,4.6725,46.8012,38.9602,32.0207,0.688789,66.7136,3.97094,2.873,1.33273,8.8518,13.0546,2.58645,0.246182,0.0718631,0.149723,0.479973,0.305679,0.341534,0.286239,0.647213,0.0953521,5.73603,0.282394,,0.702136,43.5374,-8.58553,81.953,0.702136,4.22,-8.913763165473938,-0.7998919486999512,0.529254,361.19000244140625,,,,,,,395.6,3.500884955,395.6,3.500884955,,,,,,,,,,,,,,,,,,,"Sal Frelick","29622",686217
"Mike Yastrzemski","SFG",119.984,471.8,416.515,89.2249,52.2889,19.9997,1.73912,15.1972,52.0897,51.2645,45.2765,1.49531,125.364,5.2338,3.1025,1.67251,6.30333,3.8772,1.19898,0.214218,0.0959654,0.265714,0.361161,0.297228,0.380045,0.296706,0.677274,0.165827,4.06935,0.265279,,-0.509688,50.074,-5.11621,91.337,-0.509688,0.25,-5.397211015224457,-5.200499057769775,0.528131,444.42999267578125,,,,,,,446.6,3.721666666,446.6,3.721666666,,,,,,,,,,,,,,,,,,,"Mike Yastrzemski","14854",573262
"Edmundo Sosa","PHI",54.969,198.926,182.384,43.7802,28.4002,8.5026,0.96299,5.91442,23.0505,22.0504,8.85245,0.272093,47.8839,5.38078,1.23606,0.991651,3.49457,3.92022,1.21658,0.240045,0.0445012,0.240712,0.184873,0.293215,0.394509,0.299363,0.687725,0.154465,5.28888,0.291676,,-0.0430106,21.5382,-1.73177,90.5687,-0.0430106,-0.35,-2.2865072153508663,0.7018759548664093,0.520499,523.469970703125,,,,,,,199.4,3.625454545,199.4,3.625454545,,,,,,,,,,,,,,,,,,,"Edmundo Sosa","17022",624641
"Esteury Ruiz","ATH",43.465,158.354,143.323,34.4225,24.0306,6.28264,1.03954,3.0698,22.3181,10.3914,8.81745,0.009601,36.1708,3.38701,0.928408,1.72859,1.69317,16.0093,2.90654,0.240174,0.0556819,0.228418,0.243772,0.29802,0.362772,0.290981,0.660792,0.122598,8.16565,0.298566,,1.73878,16.0771,-2.44682,92.443,1.73878,0.27,0.369534969329834,-0.6690586507320404,0.51425,528.6199951171875,,,,,,,156.7,3.644186046,156.7,3.644186046,,,,,,,,,,,,,,,,,,,"Esteury Ruiz","21780",665923
"TJ Friedl","CIN",120.043,505.068,445.424,104.17,72.0347,17.2269,2.8567,12.0513,58.2895,47.3567,40.4678,0.57653,84.3483,10.1449,4.14187,4.88958,8.07242,15.8238,4.0205,0.233866,0.0801234,0.167004,0.479769,0.309454,0.366536,0.298563,0.67599,0.13267,5.86936,0.260835,,0.572986,54.36,-4.72186,84.1457,0.572986,-4.73,-9.002435803413391,-2.877484679222107,0.510125,249.74000549316406,,,,,,,485.8,4.048333333,485.8,4.048333333,,,,,,,,,,,,,,,,,,,"TJ Friedl","19522",670770
"Kyle Manzardo","CLE",111.129,441.801,394.609,92.0408,54.3721,21.1807,0.961712,15.5262,47.1697,57.6892,39.0806,1.5479,96.9343,4.24977,3.50439,0.357336,6.08822,0.987867,0.38086,0.233246,0.0884575,0.219407,0.403166,0.306656,0.409833,0.310955,0.716488,0.176587,2.46856,0.267859,,-0.71557,51.957,0.276006,103.766,-0.71557,0.03,1.1883270144462585,-11.075028153136373,0.499964,368.6000061035156,,,,,,,468.1,4.217117117,468.1,4.217117117,,,,,,,,,,,,,,,,,,,"Kyle Manzardo","29794",700932
"Chris Taylor","LAD",72.21,269.545,238.559,52.278,33.1871,10.5932,1.049,7.4486,32.6747,27.9222,25.0938,0.260106,84.3471,2.94788,1.47695,0.503439,3.50245,6.18082,1.71597,0.21914,0.093097,0.312924,0.297507,0.299613,0.36601,0.293936,0.665623,0.146869,5.35364,0.30241,,0.0599933,28.0071,-3.52378,89.2043,0.0599933,-0.46,-3.419719409197569,-0.717158168554306,0.499786,725,,,,,,,245.4,3.408333333,245.4,3.408333333,,,,,,,,,,,,,,,,,,,"Chris Taylor","13757",621035
"Nick Yorke","PIT",55.683,225.703,205.994,52.5064,36.8155,10.1878,0.989333,4.51379,25.1719,23.2937,15.9226,1.07755,49.594,2.06164,1.45311,0.271704,4.06494,5.82888,1.19472,0.254893,0.0705468,0.219731,0.321059,0.312693,0.379692,0.302113,0.692385,0.124799,5.30074,0.312983,,0.257909,24.937,-1.46533,90.4224,0.257909,0.24,-2.3270682990550995,-0.40447916090488434,0.494141,520.6599731445312,,,,,,,235.1,4.198214285,235.1,4.198214285,,,,,,,,,,,,,,,,,,,"Nick Yorke","27504",694377
"Jorge Mateo","BAL",37.907,138.907,128.334,29.6509,19.2772,5.80091,1.12197,3.45083,19.4063,11.4465,7.14888,0.119332,34.8496,1.11757,0.869939,1.1561,1.14422,11.8113,2.15822,0.231045,0.0514653,0.250884,0.205135,0.275822,0.3744,0.28234,0.650223,0.143355,8.37606,0.288219,,1.27172,13.1367,-3.11242,85.0187,1.27172,0.75,-1.109391689300537,1.2118299305438995,0.488811,720.02001953125,,,,,,,132.5,3.486842105,132.5,3.486842105,,,,,,,,,,,,,,,,,,,"Jorge Mateo","17273",622761
"Brooks Baldwin","CHW",45.24,175.22,161.047,38.36,25.8349,7.30401,0.837123,4.38405,18.8656,17.1779,10.9161,0.470219,39.5015,1.00079,1.13518,1.12102,2.36426,4.32657,0.851064,0.238192,0.0622996,0.225439,0.276348,0.288784,0.375608,0.288992,0.664391,0.137416,5.3337,0.28721,,0.226385,17.5089,-2.98801,86.5621,0.226385,0.16,-2.467766508460045,1.2990838587284088,0.482552,705.8099975585938,,,,,,,156.2,3.471111111,156.2,3.471111111,,,,,,,,,,,,,,,,,,,"Brooks Baldwin","31394",681460
"J.D. Martinez",,80.247,351.525,316.3,76.1258,45.0881,16.8201,0.413996,13.8036,40.0737,47.1138,28.9839,0.758689,98.9078,2.86688,2.80953,0.300304,5.54392,0.391599,0.160096,0.240676,0.0824519,0.281368,0.29304,0.30766,0.427393,0.317875,0.735053,0.186718,2.04103,0.301951,,-0.587766,43.298,2.17733,105.35,-0.587766,0,1.6125943660736084,-8.668657302856445,0.480875,684.780029296875,,,,,,,386.5,4.83125,386.5,4.83125,,,,,,,,,,,,,,,,,,,"J.D. Martinez","6184",502110
"Donovan Solano","SEA",93.449,357.126,322.991,78.6928,57.9875,14.2079,0.686028,5.81143,33.3296,35.2673,24.8869,0.463457,77.3246,6.41947,2.39699,0.431782,7.60244,0.558896,0.230763,0.243638,0.0696866,0.216519,0.32185,0.308385,0.345852,0.290282,0.654237,0.102214,2.34805,0.30085,,-0.682768,36.0567,-5.71917,94.3603,-0.682768,0.21,-2.9872876405715942,-4.44285874068737,0.462151,632.7100219726562,,,,,,,317,3.40860215,317,3.40860215,,,,,,,,,,,,,,,,,,,"Donovan Solano","8623",456781
"Austin Slater","CHW",67.473,232.076,203.281,48.6818,34.335,8.6688,0.835279,4.84263,27.0285,20.5851,23.8741,0.0140708,62.6437,3.43709,1.16427,0.319932,4.91043,5.07985,1.42548,0.239481,0.102872,0.269928,0.381109,0.3279,0.36181,0.307755,0.689711,0.12233,5.0034,0.32009,,-0.0477843,26.6949,-0.452858,99.7603,-0.0477843,-0.05,-0.11142733320593834,-3.1737499721348286,0.45971,750.469970703125,,,,,,,237.9,3.550746268,237.9,3.550746268,,,,,,,,,,,,,,,,,,,"Austin Slater","16153",596103
"Enrique Hernández","LAD",72.822,279.107,254.704,58.9107,37.9639,11.766,0.708293,8.47255,30.5819,32.7989,19.2323,0.179028,54.369,2.2429,2.18332,0.454557,4.60132,1.0171,0.348961,0.231291,0.0689065,0.194796,0.353736,0.288782,0.382841,0.292865,0.671622,0.151549,3.02011,0.25993,,-0.405616,28.7598,-3.88955,88.4829,-0.405616,-0.3,-4.249533921480179,-0.6371389329433441,0.455235,627.1599731445312,,,,,,,256,3.506849315,256,3.506849315,,,,,,,,,,,,,,,,,,,"Enrique Hernandez","10472",571771
"Angel Martínez","CLE",35.422,143.651,129.646,31.817,21.7712,6.45768,0.656659,2.9314,15.7559,14.1133,10.4362,0.192527,28.0121,1.46716,0.985851,1.11537,2.57844,2.6361,0.772296,0.245414,0.0726498,0.195001,0.37256,0.306733,0.373186,0.298328,0.679918,0.127772,4.87394,0.289758,,-0.0498194,15.4338,-1.37025,94.8837,-0.0498194,-0.15,-0.8907675817608833,0.49602410197257996,0.453796,744.3400268554688,,,,,,,136.4,3.897142857,136.4,3.897142857,,,,,,,,,,,,,,,,,,,"Angel Martinez","26540",682657
"Jesse Winker","NYM",103.144,410.22,351.242,79.166,53.0164,14.5438,0.69665,10.9091,46.7545,39.7895,49.9893,1.28857,87.026,5.7355,2.42755,0.825972,7.92241,4.71214,1.88521,0.225389,0.12186,0.212145,0.574417,0.329489,0.363939,0.309107,0.693428,0.13855,3.64419,0.266906,,-0.669155,47.6329,-0.353812,101.231,-0.669155,-0.33,-0.06543481349945068,-9.205908864736557,0.453326,403.1400146484375,,,,,,,415.9,4.037864077,415.9,4.037864077,,,,,,,,,,,,,,,,,,,"Jesse Winker","13590",608385
"Drew Romo","COL",57.229,208.677,194.701,47.4583,32.5438,9.88894,1.03809,3.98748,20.755,21.1647,9.78737,0.344444,44.3166,1.77523,1.60404,0.809705,3.7346,2.68663,0.818185,0.24375,0.046902,0.212369,0.220851,0.283936,0.366644,0.282902,0.65058,0.122894,4.51043,0.293721,,-0.139432,19.8292,-4.58139,66.9737,-0.139432,1.33,-8.380721181631088,5.74581778049469,0.445566,667.9099731445312,,,,,,,179.4,3.147368421,179.4,3.147368421,,,,,,,,,,,,,,,,,,,"Drew Romo","27763",691011
"Derek Hill","MIA",66.911,256.541,236.303,55.8815,39.4807,9.16677,1.78828,5.44574,28.195,22.417,13.6855,0.0155541,73.62,2.64343,1.53042,2.3791,4.40867,8.35482,1.60462,0.236483,0.0533464,0.286972,0.185894,0.284112,0.359548,0.28188,0.64366,0.123065,6.35852,0.317671,,0.580731,24.1665,-5.84312,76.7693,0.580731,1.32,-6.545836269855499,2.1187861561775208,0.425093,582.030029296875,,,,,,,222.7,3.323880597,222.7,3.323880597,,,,,,,,,,,,,,,,,,,"Derek Hill","16947",656537
"Thomas Saggese","STL",60.474,227.525,210.839,50.713,33.6835,10.5238,1.12604,5.37964,23.4768,24.4972,11.6672,0.386392,58.2399,2.78605,1.61284,0.619502,3.33272,2.69545,0.805799,0.240529,0.0512788,0.255971,0.20033,0.287196,0.37767,0.289148,0.664866,0.137141,4.46509,0.304593,,-0.164129,22.7641,-3.8513,85.7509,-0.164129,0.08,-4.040966257452965,0.5107264369726181,0.417921,655.469970703125,,,,,,,207.1,3.451666666,207.1,3.451666666,,,,,,,,,,,,,,,,,,,"Thomas Saggese","27883",695336
"Jon Berti","CHC",48.698,184.05,166.995,41.1063,31.8296,6.33375,0.950132,1.99281,21.5935,13.9881,13.7616,0.230162,40.3991,1.51108,0.963529,0.736136,3.63934,10.1469,2.37829,0.246152,0.0747711,0.2195,0.340642,0.307693,0.331259,0.28425,0.638952,0.0851069,6.33521,0.311495,,0.696214,17.6889,-3.84096,83.532,0.696214,0.29,-2.928208887577057,0.8365544378757477,0.416973,691.1400146484375,,,,,,,165.9,3.385714285,165.9,3.385714285,,,,,,,,,,,,,,,,,,,"Jon Berti","12037",542932
"Luis Matos","SFG",50.903,195.26,180.428,46.4821,31.568,9.89485,0.700747,4.31856,21.6928,20.2786,10.4973,0.274961,24.4179,2.137,1.61953,0.57834,3.40134,3.1333,0.986742,0.257622,0.0537606,0.125053,0.429903,0.303657,0.392036,0.302435,0.695693,0.134414,4.51635,0.27502,,-0.119671,21.6242,-1.21698,95.1933,-0.119671,0.79,-1.242005430161953,-1.2893709540367126,0.410113,588.2899780273438,,,,,,,188.8,3.701960784,188.8,3.701960784,,,,,,,,,,,,,,,,,,,"Luis Matos","26467",682641
"Leo Jiménez","TOR",23.082,83.474,74.0623,18.2506,12.5954,3.50663,0.221285,1.92732,9.48311,8.64792,5.98804,0.0326517,18.3637,2.8014,0.52262,0.0996137,1.789,0.749588,0.231467,0.246423,0.0717353,0.219993,0.326081,0.324321,0.377814,0.311105,0.702135,0.131391,4.04684,0.300647,,-0.112349,9.82685,0.0622259,103.976,-0.112349,0.05,0.2674507200717926,0.9150661714375019,0.409513,999,,,,,,,86.1,3.74347826,86.1,3.74347826,,,,,,,,,,,,,,,,,,,"Leo Jimenez","23782",677870
"Gabriel Arias","CLE",58.19,211.619,195.301,45.3769,30.775,8.95897,0.565731,5.07729,22.5814,21.6302,12.7664,0.434083,61.5041,1.9418,1.19072,0.419441,3.89624,4.35745,1.56247,0.232344,0.0603273,0.290636,0.20757,0.284495,0.362002,0.282666,0.646497,0.129658,4.73132,0.310212,,-0.116866,20.0686,-4.68621,83.8667,-0.116866,-0.3,-4.02332978695631,0.928833544254303,0.408973,716.4299926757812,,,,,,,182.8,3.151724137,182.8,3.151724137,,,,,,,,,,,,,,,,,,,"Gabriel Arias","22563",672356
"Tom Murphy","SFG",41.565,147.199,131.743,29.6782,18.5525,5.91429,0.2764,4.93493,15.9687,17.0096,12.0347,0.191877,42.4324,1.20723,0.93265,0.180016,2.54386,0.659896,0.285839,0.225272,0.0817579,0.288266,0.28362,0.294138,0.386737,0.297558,0.680875,0.161464,2.99891,0.290043,,-0.233208,15.7238,-1.4953,91.9104,-0.233208,0.28,-1.657154768705368,0.68818598985672,0.406182,749.3599853515625,,,,,,,141.3,3.364285714,141.3,3.364285714,,,,,,,,,,,,,,,,,,,"Tom Murphy","13499",608596
"Bryan De La Cruz","ATL",61.332,250.047,231.347,58.5615,38.4291,12.0798,0.723274,7.32932,29.2417,29.5766,15.3167,0.271489,61.8305,1.30956,1.85393,0.219877,4.40037,1.9489,0.719025,0.253133,0.0612553,0.247276,0.247721,0.300959,0.406644,0.306626,0.707603,0.153511,3.8426,0.312313,,-0.333808,28.535,-0.715041,94.854,-0.333808,-0.44,-1.872490406036377,-2.5222591757774353,0.406095,492.19000244140625,,,,,,,254.7,4.175409836,254.7,4.175409836,,,,,,,,,,,,,,,,,,,"Bryan De La Cruz","19600",650559
"Max Schuemann","ATH",40.154,150.351,132.676,29.2227,19.916,5.44922,0.626879,3.2306,16.7391,11.8572,12.398,0.0225602,39.1205,2.84825,1.00537,1.42308,2.47773,3.98608,1.10226,0.220256,0.0824603,0.260194,0.316918,0.298594,0.343825,0.286045,0.642419,0.12357,5.45352,0.284593,,0.0734549,14.6673,-2.9205,88.9708,0.0734549,-0.11,-1.8239397257566452,0.7420331388711929,0.405894,640.780029296875,,,,,,,127.6,3.19,127.6,3.19,,,,,,,,,,,,,,,,,,,"Max Schuemann","24488",680474
"Amed Rosario","WSN",59.532,234.901,221.468,57.7099,42.6431,10.3435,1.52083,3.20246,25.175,22.1317,9.56599,0.014242,45.1602,1.61386,1.50014,0.237766,4.49485,7.25478,2.19591,0.260579,0.0407235,0.192252,0.211823,0.294215,0.364398,0.287446,0.658613,0.103819,5.74491,0.312175,,0.136917,23.1803,-4.29797,83.5012,0.136917,0.09,-4.497539281845093,0.5651915371417999,0.40176,553.719970703125,,,,,,,216.1,3.601666666,216.1,3.601666666,,,,,,,,,,,,,,,,,,,"Amed Rosario","15518",642708
"Eloy Jiménez","TBR",57.936,232.087,213.026,53.9287,35.9946,9.31304,0.067819,8.5533,25.5297,29.8151,15.5359,0.235768,46.8241,1.68599,1.62503,0.213647,5.97995,0.473242,0.200761,0.253155,0.0669402,0.201752,0.331794,0.306851,0.417964,0.314355,0.724815,0.164809,1.94084,0.284889,,-0.404807,27.9291,0.779975,108.964,-0.404807,-0.02,1.9757041931152344,-5.857777614146471,0.398101,583.8400268554688,,,,,,,254.1,4.381034482,254.1,4.381034482,,,,,,,,,,,,,,,,,,,"Eloy Jimenez","17484",650391
"Davis Schneider","TOR",62,238.653,209.185,44.9008,25.4467,9.91442,0.437053,9.10266,28.1342,29.1468,24.7141,0.0144695,70.9539,2.87379,1.69405,0.186363,2.43536,2.92196,0.978017,0.214647,0.103557,0.29731,0.348312,0.303978,0.396766,0.307468,0.700744,0.182119,3.9148,0.27364,,-0.230169,27.3965,-0.520717,101.418,-0.230169,0.09,0.15705955028533936,-4.283897548913956,0.395428,694.3800048828125,,,,,,,243.5,3.927419354,243.5,3.927419354,,,,,,,,,,,,,,,,,,,"Davis Schneider","23565",676914
"Andy Ibáñez","DET",58.191,206.461,189.244,44.6221,29.4852,8.97981,0.664532,5.49258,21.5752,21.8521,13.676,0.0125177,42.3498,1.82762,1.31319,0.400463,3.38438,2.06763,0.794606,0.235792,0.0662402,0.205122,0.32293,0.291787,0.377337,0.292691,0.669124,0.141546,3.88881,0.27418,,-0.263267,21.2454,-2.90598,90.8665,-0.263267,0.31,-2.420919895172119,-0.6545284986495972,0.393182,746.8300170898438,,,,,,,190.8,3.289655172,190.8,3.289655172,,,,,,,,,,,,,,,,,,,"Andy Ibanez","18819",628451
"Will Brennan","CLE",79.199,297.88,276.561,71.6079,52.2827,13.5834,1.60671,4.13509,31.5033,29.0792,15.8937,1.05664,40.3966,2.98462,2.12126,0.319005,5.66861,6.58575,1.82554,0.258922,0.0533561,0.135614,0.393442,0.304093,0.364512,0.291874,0.668606,0.10559,5.07802,0.28816,,0.0245028,30.4568,-4.38865,90.3442,0.0245028,0.43,-3.266560534015298,-2.860556662082672,0.392752,669,,,,,,,280.5,3.550632911,280.5,3.550632911,,,,,,,,,,,,,,,,,,,"Will Brennan","25660",686823
"Jose Trevino","CIN",68.337,243.521,223.804,51.3255,36.9699,8.43283,0.0958776,5.82687,22.3261,26.5406,14.5571,0.244782,42.8551,2.02681,1.81992,0.832368,5.46697,0.92161,0.498585,0.229333,0.0597774,0.175981,0.339681,0.280377,0.345976,0.275221,0.626353,0.116643,2.19507,0.257139,,-0.438345,21.6349,-6.85172,68.4349,-0.438345,0,-9.630232244729996,5.272916316986084,0.387516,619.0499877929688,,,,,,,194.1,2.854411764,194.1,2.854411764,,,,,,,,,,,,,,,,,,,"Jose Trevino","16725",624431
"Stuart Fairchild","CIN",66.729,228.75,203.986,46.489,28.6064,9.42482,0.942934,7.51486,27.9542,24.6751,17.0753,0.112797,61.6698,4.59225,1.43706,1.65955,3.07536,7.7495,1.90951,0.227903,0.0746461,0.269595,0.276883,0.30013,0.393872,0.303748,0.694002,0.165969,5.9034,0.286074,,0.380645,25.5746,-1.18411,87.635,0.380645,0.85,-3.0016933381557465,-0.8662807941436768,0.387253,750.52001953125,,,,,,,236.2,3.525373134,236.2,3.525373134,,,,,,,,,,,,,,,,,,,"Stuart Fairchild","20321",656413
"Tommy Pham","PIT",104.684,441.586,397.653,97.6161,66.1171,19.5687,1.36027,10.57,51.4786,46.1109,36.9847,0.0267734,99.025,3.72953,2.67,0.549083,8.96537,10.1784,3.47724,0.245481,0.0837542,0.224249,0.373488,0.313648,0.381276,0.305721,0.694924,0.135795,4.77911,0.299408,,-0.215567,50.0713,-1.58456,92.8508,-0.215567,-2.25,-3.9907152354717255,-6.988781929016113,0.384788,418.69000244140625,,,,,,,451.5,4.3,451.5,4.3,,,,,,,,,,,,,,,,,,,"Tommy Pham","2967",502054
"Orelvis Martinez","TOR",57.162,222.376,203.339,44.0463,25.6016,10.0089,0.381353,8.05442,22.9641,27.9245,14.7342,1.05617,59.5109,2.59189,1.51471,0.196268,2.96018,0.94432,0.18364,0.216615,0.0662581,0.267614,0.247589,0.276229,0.388422,0.287334,0.66465,0.171806,3.07124,0.262163,,-0.215979,21.9242,-4.08889,87.2551,-0.215979,0.24,-3.4588500559329987,-0.25007204711437225,0.382551,570.3599853515625,,,,,,,203.5,3.570175438,203.5,3.570175438,,,,,,,,,,,,,,,,,,,"Orelvis Martinez","25967",682619
"Coby Mayo","BAL",45.148,164.457,148.867,34.1925,20.9886,7.38386,0.521377,5.29868,18.2498,19.144,12.5474,0.654113,46.768,1.95535,0.950797,0.13669,2.35945,1.37823,0.221404,0.229685,0.0762956,0.284379,0.268289,0.296343,0.393071,0.299768,0.689414,0.163385,3.98549,0.295587,,-0.0889733,17.8599,-1.37801,97.2781,-0.0889733,-0.65,-0.601156935095787,-1.18279230594635,0.381953,404.6199951171875,,,,,,,161.3,3.584444444,161.3,3.584444444,,,,,,,,,,,,,,,,,,,"Coby Mayo","28312",691723
"Dane Myers","MIA",70.312,246.692,226.147,55.5111,38.7638,9.99602,1.05896,5.69226,27.1493,24.1534,15.0658,0.0149569,68.2526,3.48694,1.41055,0.581853,4.67512,6.08863,1.50024,0.245465,0.0610715,0.276671,0.220736,0.300938,0.374543,0.296437,0.675481,0.129079,5.28053,0.324315,,0.157869,26.1291,-2.72844,86.5673,0.157869,0.55,-3.8047386556863785,-0.7159052491188049,0.381554,662.6900024414062,,,,,,,238.5,3.407142857,238.5,3.407142857,,,,,,,,,,,,,,,,,,,"Dane Myers","22054",667472
"Rafael Marchán","PHI",38.442,138.773,126.33,29.2235,20.497,5.86755,0.457641,2.40123,13.4569,13.6092,9.39925,0.200888,24.1138,1.74881,0.920471,0.374078,2.63361,0.595967,0.211004,0.231326,0.0677311,0.173764,0.389788,0.291704,0.342039,0.279892,0.633743,0.110714,3.27777,0.266263,,-0.214435,12.8505,-3.38285,77.4635,-0.214435,0,-3.954271599650383,2.9662036895751953,0.37523,713.6900024414062,,,,,,,107.5,2.828947368,107.5,2.828947368,,,,,,,,,,,,,,,,,,,"Rafael Marchan","21646",665561
"Blake Sabol","BOS",17.701,60.305,54.4828,12.4521,8.0233,2.25364,0.276518,1.89861,6.89803,6.70182,4.72996,0.109736,17.6534,0.583112,0.278011,0.231135,0.997126,0.770772,0.225431,0.228551,0.0784339,0.292736,0.267934,0.295722,0.384609,0.297449,0.680331,0.156059,4.57189,0.29974,,-0.0415368,6.43646,-0.617903,87.2265,-0.0415368,1.14,-0.9229287877678871,2.5058178901672363,0.371096,750.97998046875,,,,,,,57.7,3.205555555,57.7,3.205555555,,,,,,,,,,,,,,,,,,,"Blake Sabol","25805",666165
"Alex Jackson","NYY",40.212,135.56,122.741,24.1687,14.2748,4.97715,0.192708,4.72401,13.0129,15.3267,9.04865,0.329565,41.1513,2.53434,0.907231,0.328512,1.97739,0.419341,0.151968,0.196907,0.0667502,0.303565,0.219888,0.264374,0.35606,0.271696,0.620434,0.159153,2.80024,0.250017,,-0.179159,11.6588,-4.19872,74.9012,-0.179159,0,-4.0722173154354095,3.1027779579162598,0.366587,747.0700073242188,,,,,,,108.9,2.7225,108.9,2.7225,,,,,,,,,,,,,,,,,,,"Alex Jackson","17276",656577
"Connor Joe","SDP",73.391,286.423,251.742,56.693,37.1266,10.9638,0.820154,7.78238,32.5778,28.7074,28.4413,0.0173658,64.7304,4.08275,1.86337,0.293591,4.90394,2.78894,1.01718,0.225203,0.0992982,0.225996,0.43938,0.311807,0.368013,0.30153,0.67982,0.14281,3.94166,0.270086,,-0.40375,31.5114,-1.99378,96.294,-0.40375,0.06,-1.673075258731842,-4.328736249357462,0.365227,642.9299926757812,,,,,,,278.9,3.820547945,278.9,3.820547945,,,,,,,,,,,,,,,,,,,"Connor Joe","16572",656582
"Oswald Peraza","NYY",55.098,208.486,190.454,42.8205,29.4623,7.97553,0.667571,4.71512,23.5672,18.476,13.2424,0.328476,49.7667,3.10638,1.1976,0.48584,3.39097,7.97169,2.0979,0.224834,0.0635167,0.238705,0.266089,0.284467,0.347993,0.278537,0.63246,0.123159,5.759,0.277797,,0.385707,19.0786,-5.30968,79.7127,0.385707,0.07,-4.453870981931686,1.0336480811238289,0.364546,721.780029296875,,,,,,,184.3,3.35090909,184.3,3.35090909,,,,,,,,,,,,,,,,,,,"Oswald Peraza","22823",672724
"Rob Refsnyder","BOS",63.84,239.583,210.457,53.0505,35.8556,9.58817,0.69254,6.9142,29.007,26.5357,22.1364,0.27605,58.3356,3.64633,1.80024,0.48481,4.75889,2.91211,1.01199,0.252073,0.0923953,0.243488,0.379465,0.331176,0.402772,0.32219,0.733948,0.1507,4.13491,0.313836,,-0.311738,30.3421,2.31612,104.63,-0.311738,-2.03,0.9575774967670441,-5.416574001312256,0.364325,730.8400268554688,,,,,,,268.2,4.190625,268.2,4.190625,,,,,,,,,,,,,,,,,,,"Rob Refsnyder","13770",608701
"Tyler Heineman","TOR",47.36,151.486,134.309,26.5937,19.8526,4.50142,0.29651,1.94315,13.5137,10.4466,11.8696,0.277528,33.9509,2.16925,0.945665,2.1929,2.73586,2.17641,0.632614,0.198004,0.0783544,0.224119,0.349611,0.272166,0.279339,0.249342,0.551505,0.0813343,4.12337,0.248093,,-0.0862263,10.303,-7.41752,60.5312,-0.0862263,1.73,-6.927420407533646,5.384320974349976,0.362171,748.4500122070312,,,,,,,93.5,1.989361702,93.5,1.989361702,,,,,,,,,,,,,,,,,,,"Tyler Heineman","13897",623168
"Michael A. Taylor","CHW",53.956,191.033,172.953,36.8227,22.9252,6.78737,0.568248,6.5419,21.6256,20.0003,14.2515,0.174115,61.3601,1.43708,1.09817,1.29299,2.80168,5.14723,1.07535,0.212906,0.074602,0.321202,0.232259,0.276754,0.372195,0.283678,0.648948,0.159289,5.31344,0.285266,,0.290539,18.272,-4.07465,82.8244,0.290539,1.05,-3.4637247025966644,0.6016475856304169,0.362103,732.4099731445312,,,,,,,177.7,3.29074074,177.7,3.29074074,,,,,,,,,,,,,,,,,,,"Michael A. Taylor","11489",572191
"Pavin Smith","ARI",89.504,328.715,290.784,70.1905,44.2288,14.0408,0.842461,11.0784,38.004,42.6533,33.4625,1.0861,68.3981,1.736,2.41165,0.321149,6.4603,1.12564,0.359073,0.241384,0.101798,0.208077,0.489231,0.320922,0.409759,0.31841,0.730682,0.168375,3.03933,0.276588,,-0.538601,40.6301,2.17766,102.344,-0.538601,-0.15,0.38261014223098755,-7.937811762094498,0.35025,384.19000244140625,,,,,,,357.6,3.973333333,357.6,3.973333333,,,,,,,,,,,,,,,,,,,"Pavin Smith","19892",656976
"Austin Martin","MIN",43.976,158.136,140.443,35.0638,25.2785,7.36443,0.705852,1.71502,18.3355,12.2781,12.8794,0.344952,28.2997,3.12864,1.03299,0.651635,2.89878,5.48602,1.7359,0.249665,0.0814448,0.178958,0.455105,0.324298,0.348788,0.299448,0.673086,0.0991231,5.63715,0.299195,,0.0710237,17.1326,-1.36586,95.1042,0.0710237,0.04,-0.8148209750652313,-1.091070018708706,0.347597,748.469970703125,,,,,,,152.7,3.470454545,152.7,3.470454545,,,,,,,,,,,,,,,,,,,"Austin Martin","27462",668885
"Darell Hernaiz","ATH",35.521,124.954,115.505,28.1904,20.664,5.00747,0.439239,2.07975,12.7483,10.6812,6.89735,0.15216,22.5405,0.942907,0.894424,0.714454,2.56236,2.36408,0.638978,0.244063,0.0551991,0.18039,0.305998,0.29001,0.349038,0.280364,0.639048,0.104976,4.67406,0.284495,,-0.00973986,11.6184,-2.99849,84.9748,-0.00973986,0.24,-2.157939897850156,1.3363271802663803,0.34534,750.3400268554688,,,,,,,99.1,2.752777777,99.1,2.752777777,,,,,,,,,,,,,,,,,,,"Darell Hernaiz","26224",687231
"David Hamilton","BOS",39.877,150.452,136.443,30.7599,19.975,6.19264,1.30184,3.29039,20.3065,12.2028,11.6767,0.11192,39.0114,0.911798,0.745228,0.675249,1.20904,11.7647,2.19713,0.225441,0.0776109,0.259295,0.299316,0.28942,0.362256,0.28611,0.651676,0.136815,8.1957,0.289498,,1.20696,14.685,-2.91455,79.2509,1.20696,-0.07,-2.364958167076111,0.6749406382441521,0.343438,404.42999267578125,,,,,,,145.1,3.6275,145.1,3.6275,,,,,,,,,,,,,,,,,,,"David Hamilton","27531",666152
"Ben Rice","NYY",34.769,132.364,116.694,26.7578,15.7315,5.32173,0.345201,5.35936,15.9231,16.223,12.888,0.105754,32.1495,1.83205,0.817178,0.132667,2.15993,1.38137,0.3567,0.229299,0.0973676,0.242887,0.400876,0.313676,0.418599,0.319453,0.732275,0.1893,4.04319,0.267472,,-0.107693,16.4717,0.988025,108.494,-0.107693,0.04,1.178791493177414,-2.2850875481963158,0.341449,460.8999938964844,,,,,,,142.6,4.074285714,142.6,4.074285714,,,,,,,,,,,,,,,,,,,"Ben Rice","29576",700250
"Cole Young","SEA",26.381,106.876,96.0765,22.6542,15.7264,4.8884,0.37134,1.66799,10.8817,9.81695,8.62392,0.161574,20.0587,1.14499,0.767854,0.262751,2.03538,2.41683,0.4535,0.235793,0.0806909,0.187682,0.429935,0.304119,0.346486,0.288054,0.650605,0.110693,4.87997,0.279377,,0.0997516,10.5989,-1.90323,92.793,0.0997516,0,-0.781584233045578,0.5156779885292053,0.340492,999,,,,,,,99.9,3.842307692,99.9,3.842307692,,,,,,,,,,,,,,,,,,,"Cole Young","sa3020459",702284
"Jared Triolo","PIT",64.698,248.2,223.192,53.0271,36.9776,10.3918,1.16963,4.48804,26.9097,23.3191,21.1311,0.0951847,64.5312,2.05823,1.58286,0.23593,3.9326,4.75275,1.39689,0.237585,0.0851376,0.259997,0.327456,0.307369,0.354951,0.293206,0.66232,0.117366,4.86143,0.311636,,-0.0893121,25.6433,-3.39063,84.4276,-0.0893121,0.35,-4.7111950144171715,-0.28536197543144226,0.337589,614.469970703125,,,,,,,221.8,3.412307692,221.8,3.412307692,,,,,,,,,,,,,,,,,,,"Jared Triolo","25807",669707
"Mauricio Dubón","HOU",97.734,370.724,348.238,85.3264,62.8909,15.5022,1.10301,5.83029,36.6464,34.9293,15.4417,0.148886,52.4892,2.3539,2.78627,1.90418,7.1865,4.27336,1.43547,0.245023,0.0416528,0.141586,0.294188,0.2796,0.346101,0.273512,0.625701,0.101078,3.92098,0.271592,,-0.362337,32.4257,-10.9409,77.7295,-0.362337,0.32,-9.809163451194763,0.7044534683227539,0.336021,468.8399963378906,,,,,,,292.3,2.982653061,292.3,2.982653061,,,,,,,,,,,,,,,,,,,"Mauricio Dubon","16530",643289
"Ezequiel Duran","TEX",45.012,167.501,156.146,37.4109,24.3684,7.07612,1.05045,4.9159,19.7281,17.4541,8.52714,0.0101556,41.2612,1.58896,0.959342,0.280026,2.494,3.31844,0.904611,0.23959,0.050908,0.246334,0.206663,0.284217,0.392811,0.293773,0.677027,0.153221,5.5253,0.292938,,0.0252291,17.3821,-2.21182,90.4538,0.0252291,0.46,-1.8043625112622976,-0.5323280394077301,0.335347,686.5999755859375,,,,,,,160.1,3.557777777,160.1,3.557777777,,,,,,,,,,,,,,,,,,,"Ezequiel Duran","23733",677649
"DJ LeMahieu","NYY",72.402,290.129,260.349,62.4903,47.1044,10.3031,0.612966,4.46981,29.2571,25.5722,25.7716,0.0175905,54.4642,1.4633,1.8314,0.713708,8.08197,1.12651,0.502633,0.240025,0.0888282,0.187724,0.473185,0.310022,0.335814,0.288167,0.645836,0.0957885,2.82782,0.285469,,-0.564846,28.7986,-5.14013,86.4869,-0.564846,-0.39,-5.050782740116119,-1.4009039402008057,0.332546,645.0499877929688,,,,,,,239.6,3.327777777,239.6,3.327777777,,,,,,,,,,,,,,,,,,,"DJ LeMahieu","9874",518934
"Noelvi Marte","CIN",50.904,199.284,184.227,44.9739,29.5977,8.92468,0.60928,5.84218,23.2071,22.6588,11.8215,0.419026,49.7767,1.8552,1.16303,0.216844,3.31482,5.71882,1.60225,0.244121,0.0593196,0.249778,0.23749,0.294627,0.394315,0.299167,0.688942,0.150194,5.23735,0.301543,,0.156611,21.5455,-1.76632,84.5518,0.156611,-0.71,-3.5247722268104553,0.07555550336837769,0.329161,450.5199890136719,,,,,,,204,4,204,4,,,,,,,,,,,,,,,,,,,"Noelvi Marte","26517",682622
"Riley Adams","WSN",32.776,120.102,107.612,22.7096,14.6904,4.58446,0.242747,3.19209,11.2978,12.8834,8.85585,0.175426,36.3807,2.73588,0.634991,0.263028,2.05868,0.358136,0.16004,0.211032,0.0737361,0.302915,0.243422,0.286229,0.347134,0.280657,0.633363,0.136102,2.68761,0.284204,,-0.199235,11.1955,-2.85377,78.9316,-0.199235,-0.2,-3.2250488996505737,2.3290124386548996,0.32052,750.1400146484375,,,,,,,99.5,3.015151515,99.5,3.015151515,,,,,,,,,,,,,,,,,,,"Riley Adams","19864",656180
"Carlos Narvaez","BOS",56.305,191.221,170.723,35.5788,24.002,7.12952,0.297987,4.14932,18.6545,18.4926,16.6401,0.616301,57.0687,2.31569,1.32794,0.214481,3.06689,2.00218,0.307465,0.208401,0.0870201,0.298444,0.29158,0.285511,0.326566,0.272046,0.612077,0.118165,3.86998,0.283576,,-0.0582659,16.4997,-5.86894,69.3577,-0.0582659,-0.92,-6.762708909809589,3.424521505832672,0.313579,741.8599853515625,,,,,,,149.3,2.666071428,149.3,2.666071428,,,,,,,,,,,,,,,,,,,"Carlos Narvaez","19722",665966
"Brett Baty","NYM",42.328,163.012,146.766,33.2269,22.7865,5.878,0.336141,4.22623,16.8722,16.4993,13.4384,0.256561,42.4111,1.40719,0.954928,0.392872,3.54346,0.700628,0.25234,0.226393,0.0824379,0.260172,0.316859,0.295709,0.357411,0.288083,0.65312,0.131018,2.97129,0.286897,,-0.257057,16.1697,-2.89911,87.0795,-0.257057,-0.33,-2.7756634652614594,0.37546661496162415,0.312752,550.02001953125,,,,,,,136.7,3.254761904,136.7,3.254761904,,,,,,,,,,,,,,,,,,,"Brett Baty","26123",683146
"Matt Thaiss","CHW",41.238,148.963,130.575,26.4688,17.648,5.08279,0.0777501,3.66019,14.3532,14.2196,16.0329,0.381484,39.1451,1.26093,0.911701,0.18289,2.77897,1.1308,0.415305,0.20271,0.10763,0.262784,0.409575,0.294142,0.326921,0.278008,0.621064,0.124212,2.71649,0.257198,,-0.214805,13.5683,-3.85707,78.8363,-0.214805,-0.94,-3.8220530450344086,1.8675978779792786,0.311001,999,,,,,,,119.6,2.91707317,119.6,2.91707317,,,,,,,,,,,,,,,,,,,"Matt Thaiss","19318",642136
"Dylan Carlson","BAL",36.514,134.491,119.267,27.7639,18.1046,5.65195,0.60897,3.39839,14.9931,14.1835,11.878,0.305921,30.7581,2.05071,1.15645,0.138667,2.28576,1.19873,0.362959,0.232788,0.0883183,0.2287,0.386176,0.310323,0.37587,0.301674,0.686194,0.143083,4.17792,0.282443,,-0.157661,14.8118,-0.920662,98.6185,-0.157661,0.1,-0.3702598512172699,-1.1396727785468102,0.307086,741.9099731445312,,,,,,,133,3.594594594,133,3.594594594,,,,,,,,,,,,,,,,,,,"Dylan Carlson","20126",666185
"Jason Heyward","SDP",88.521,323.973,289.929,65.0334,41.2089,13.2517,0.93402,9.63868,36.1289,34.6662,27.1668,1.2168,67.6063,3.63407,1.77195,0.413288,6.45535,3.55755,1.08383,0.224308,0.0838552,0.208679,0.401839,0.297159,0.376193,0.29475,0.673352,0.151885,4.13492,0.258304,,-0.286174,33.8746,-4.02315,91.7304,-0.286174,-0.47,-3.489903897047043,-4.330618113279343,0.306539,682.0900268554688,,,,,,,309.2,3.474157303,309.2,3.474157303,,,,,,,,,,,,,,,,,,,"Jason Heyward","4940",518792
"Nick Senzel","CHW",35.41,121.041,108.316,25.2627,17.2141,4.57835,0.436777,3.03346,13.6842,12.2883,9.80608,0.0205019,26.4382,1.03507,0.776902,0.353302,2.15522,2.27238,0.771846,0.233231,0.0810146,0.218424,0.370906,0.30103,0.367581,0.294562,0.668611,0.13435,4.63033,0.279186,,-0.0793884,12.6377,-1.52146,89.3127,-0.0793884,0,-1.5929202064871788,0.4447420537471771,0.297925,999,,,,,,,108.7,3.105714285,108.7,3.105714285,,,,,,,,,,,,,,,,,,,"Nick Senzel","19293",669222
"Jose Miranda","MIN",88.729,355.266,328.602,82.5457,55.3497,17.1309,0.497656,9.56737,37.4227,39.9456,18.7252,0.433051,55.02,4.8259,2.75287,0.360166,7.27615,1.57992,0.700831,0.251203,0.0527074,0.15487,0.340334,0.298943,0.39371,0.301219,0.692654,0.142508,2.7618,0.273565,,-0.587158,38.9964,-2.56192,96.3505,-0.587158,0.04,-2.070678174495697,-6.8961615189909935,0.297041,370.69000244140625,,,,,,,352.1,3.956179775,352.1,3.956179775,,,,,,,,,,,,,,,,,,,"Jose Miranda","20538",669304
"Will Benson","CIN",65.745,238.436,207.332,42.8152,23.5216,9.53566,1.20505,8.55286,30.7262,25.9179,26.8318,0.754812,82.9794,2.14082,1.27695,0.853985,2.25018,10.1541,2.30851,0.206505,0.112532,0.348015,0.323355,0.30216,0.387877,0.302581,0.690037,0.181372,6.39161,0.292647,,0.687516,26.4337,-1.45813,86.8498,0.687516,0.17,-3.0619165897369385,-2.0041073113679886,0.296834,660.030029296875,,,,,,,253.5,3.84090909,253.5,3.84090909,,,,,,,,,,,,,,,,,,,"Will Benson","21853",666181
"Spencer Torkelson","DET",74.198,304.382,269.631,59.781,34.4359,13.5886,0.589194,11.1673,33.5858,36.6585,28.761,0.103986,80.3504,3.53807,2.21327,0.238557,4.11108,0.937357,0.367718,0.221714,0.0944898,0.263979,0.357944,0.302752,0.400733,0.307627,0.703485,0.179019,2.73119,0.269587,,-0.487336,34.9807,-0.625302,101.372,-0.487336,-0.25,-0.009394466876983643,-7.2963433265686035,0.293412,430.760009765625,,,,,,,316.6,4.278378378,316.6,4.278378378,,,,,,,,,,,,,,,,,,,"Spencer Torkelson","27465",679529
"Tyler Black","MIL",56.028,219.809,194.134,44.6445,29.9541,9.11022,1.2376,4.34265,24.5424,21.5196,20.4708,0.73279,50.4129,3.41103,1.55658,0.236859,3.4679,7.40549,1.93555,0.229968,0.0931298,0.229349,0.406062,0.31209,0.356753,0.295953,0.668844,0.126786,5.81124,0.285961,,0.278076,23.196,-2.51682,88.4911,0.278076,0.75,-2.7470361292362213,-1.7821295261383057,0.288217,610.530029296875,,,,,,,204.1,3.644642857,204.1,3.644642857,,,,,,,,,,,,,,,,,,,"Tyler Black","29949",672012
"Santiago Espinal","CIN",63.234,232.729,214.472,54.3458,40.1582,10.1451,0.641633,3.40077,23.925,22.1231,13.6571,0.0141104,34.0285,1.57064,1.60317,1.4264,4.41329,4.30827,1.55643,0.253394,0.0586825,0.146215,0.401343,0.30079,0.35425,0.288202,0.65504,0.100856,4.22845,0.285174,,-0.205726,23.1076,-4.11658,77.1719,-0.205726,0.48,-6.55877286195755,1.5859443843364716,0.286831,658.760009765625,,,,,,,201.3,3.195238095,201.3,3.195238095,,,,,,,,,,,,,,,,,,,"Santiago Espinal","19997",669289
"Mark Canha","MIL",64.87,260.305,224.996,53.9238,37.4646,10.2559,1.2069,4.99635,28.5168,26.4075,24.5676,0.0157823,51.8029,8.54858,1.88132,0.311701,5.86427,2.99583,0.908704,0.239666,0.0943801,0.199009,0.474252,0.334778,0.362596,0.31208,0.697373,0.12293,4.36664,0.287677,,-0.325794,30.8483,0.398362,99.346,-0.325794,0.08,-0.5293688029050827,-5.3804377764463425,0.284903,631.6699829101562,,,,,,,264,4.061538461,264,4.061538461,,,,,,,,,,,,,,,,,,,"Mark Canha","11445",592192
"Whit Merrifield",,44.287,176.601,162.178,40.2312,29.2222,7.49413,1.18304,2.33184,20.8817,15.0474,11.4428,0.000001766,30.601,0.983245,1.37537,0.621317,2.9878,7.92299,2.04826,0.248068,0.0647945,0.173278,0.373934,0.299223,0.352001,0.286513,0.651224,0.103933,6.40268,0.290148,,0.426334,17.2946,-3.36388,83.7758,0.426334,0.15,-2.925979435443878,-0.21800687909126282,0.282986,741.2100219726562,,,,,,,152.4,3.463636363,152.4,3.463636363,,,,,,,,,,,,,,,,,,,"Whit Merrifield","11281",593160
"Andruw Monasterio","MIL",41.236,147.34,132.544,30.4291,20.9682,5.82512,0.587335,3.04845,15.4446,14.953,12.2902,0.0823572,36.6858,1.3247,1.01566,0.165238,2.06678,3.83201,1.19782,0.229577,0.083414,0.248987,0.335013,0.299263,0.351386,0.287873,0.65065,0.121809,5.10169,0.291825,,0.00898037,14.5903,-2.64521,83.0528,0.00898037,0.05,-2.976945542730391,0.7772663123905659,0.279561,750.52001953125,,,,,,,130.1,3.173170731,130.1,3.173170731,,,,,,,,,,,,,,,,,,,"Andruw Monasterio","19455",655316
"Luisangel Acuña","NYM",45.338,188.972,176.762,42.4606,31.2278,7.64366,0.796753,2.79244,21.1921,15.3617,9.6117,0.125963,38.8471,0.971696,1.11174,0.515288,3.43917,8.90351,1.31569,0.240214,0.0508631,0.205571,0.247424,0.281465,0.339865,0.272655,0.621331,0.0996511,6.45858,0.291177,,0.918842,16.3983,-5.70725,76.6958,0.918842,-0.02,-4.347313046455383,0.7379655055701733,0.277157,410.0899963378906,,,,,,,162.6,3.613333333,162.6,3.613333333,,,,,,,,,,,,,,,,,,,"Luisangel Acuna","26548",682668
"Jose Iglesias","SDP",68.658,264.2,244.101,63.893,49.2605,11.4178,1.42207,1.79274,26.7052,23.3747,9.31595,0.0160184,43.3547,3.7207,1.52992,0.387588,6.08979,3.08115,0.997157,0.261748,0.035261,0.164098,0.214878,0.297408,0.342207,0.281384,0.639615,0.080459,4.57144,0.309753,,-0.279174,24.7824,-6.12317,82.7339,-0.279174,-0.22,-5.734101325273514,-0.396589532494545,0.275486,656.8599853515625,,,,,,,212.7,3.082608695,212.7,3.082608695,,,,,,,,,,,,,,,,,,,"Jose Iglesias","10231",578428
"Chandler Simpson","TBR",17.876,70.201,64.6061,17.4956,13.7404,3.06507,0.383359,0.306685,8.3417,5.0721,4.22663,0.262276,8.57711,0.227141,0.403374,0.737753,1.33385,5.11316,0.500572,0.270803,0.0602076,0.122179,0.49278,0.315985,0.344354,0.290367,0.660339,0.073551,6.96344,0.306257,,0.678372,7.09257,-1.11941,92.091,0.678372,0,0.04308658838272095,0.2758641839027405,0.27463,999,,,,,,,57.6,3.2,57.6,3.2,,,,,,,,,,,,,,,,,,,"Chandler Simpson","sa3020219",802415
"Adrian Del Castillo","ARI",42.877,164.982,149.726,33.7775,21.2931,7.41402,0.532009,4.53829,16.8699,19.9049,12.5094,0.566928,42.5632,1.46577,1.03597,0.244997,2.59322,0.484514,0.162645,0.225595,0.0758229,0.257987,0.293902,0.289872,0.373151,0.289383,0.663023,0.147556,3.01086,0.282067,,-0.242847,16.5378,-2.76146,82.8064,-0.242847,0.88,-3.6349194794893265,0.7854739725589752,0.27313,473.3800048828125,,,,,,,155.4,3.613953488,155.4,3.613953488,,,,,,,,,,,,,,,,,,,"Adrian Del Castillo","29554",680728
"Ronny Mauricio","NYM",27.534,108.674,101.673,24.7018,16.5037,5.02607,0.380562,2.79144,12.5543,11.0874,5.53963,0.432465,24.9333,0.694302,0.645579,0.12138,1.72882,3.41764,1.13515,0.242953,0.0509748,0.229432,0.222178,0.284983,0.382237,0.28859,0.667221,0.139285,5.37352,0.293728,,0.0477411,10.8241,-1.88835,87.4209,0.0477411,0.03,-1.5869470722973347,0.5965432208031416,0.271471,594,,,,,,,104.6,3.735714285,104.6,3.735714285,,,,,,,,,,,,,,,,,,,"Ronny Mauricio","23698",677595
"Miguel Rojas","LAD",50.935,188.915,170.929,42.8232,32.9099,7.66349,0.516053,1.73375,20.474,16.8497,10.5822,0.0534611,23.5743,1.8573,1.18428,0.882988,4.41264,3.71783,1.42565,0.250531,0.0560155,0.124788,0.448886,0.29944,0.331833,0.279663,0.631273,0.0813017,4.54273,0.27989,,-0.191325,17.4589,-4.64003,79.5971,-0.191325,0.33,-4.800467148423195,1.1160339415073395,0.269206,714.260009765625,,,,,,,161.3,3.162745098,161.3,3.162745098,,,,,,,,,,,,,,,,,,,"Miguel Rojas","7802",500743
"Josh Bell","WSN",132.505,554.569,492.266,118.735,79.4615,21.9229,0.555328,16.795,57.5106,66.9119,52.5321,1.29995,111.562,4.1903,4.52664,0.494919,13.6311,0.587432,0.258619,0.241201,0.0947259,0.20117,0.470876,0.316987,0.390345,0.310011,0.707332,0.149144,1.85482,0.276684,,-1.05182,64.7975,-0.0748858,98.6892,-1.05182,-0.02,-1.9210984706878662,-13.988900680094957,0.264154,331.8999938964844,,,,,,,576.6,4.335338345,576.6,4.335338345,,,,,,,,,,,,,,,,,,,"Josh Bell","13145",605137
"Alex Call","WSN",60.774,233.249,204.909,45.4233,29.8073,8.83598,0.891131,5.88888,25.4573,22.7434,22.7705,0.0739399,47.415,3.01337,1.50177,1.05408,3.53372,5.50505,1.96501,0.221675,0.0976231,0.203281,0.480238,0.30667,0.359711,0.295809,0.666381,0.138036,4.95719,0.258214,,-0.132995,24.5873,-2.69772,89.1301,-0.132995,-0.08,-3.164830908179283,-2.059948518872261,0.262599,741.6199951171875,,,,,,,219,3.590163934,219,3.590163934,,,,,,,,,,,,,,,,,,,"Alex Call","19296",669743
"Christian Bethancourt","TOR",29.219,100.071,93.5903,20.3307,13.4058,3.67223,0.147324,3.10536,10.0006,11.1381,4.66051,0.0156221,27.0514,0.554449,0.591219,0.436973,1.85649,1.06999,0.333798,0.217231,0.046572,0.270322,0.172284,0.257008,0.359158,0.267918,0.616165,0.141927,3.89326,0.269042,,-0.0680315,8.30226,-3.40385,73.5976,-0.0680315,0.03,-3.0911645740270615,2.284552363678813,0.261221,999,,,,,,,77.7,2.679310344,77.7,2.679310344,,,,,,,,,,,,,,,,,,,"Christian Bethancourt","10028",542194
"Vaughn Grissom","BOS",25.899,98.774,89.6081,23.1793,17.0784,4.17527,0.346588,1.57907,11.093,9.56534,6.81516,0.143167,19.1103,1.49706,0.751802,0.101871,2.05864,2.07777,0.627078,0.258674,0.0689975,0.193475,0.356623,0.319153,0.365871,0.302037,0.685024,0.107196,4.75278,0.310034,,-0.0376791,10.9071,-0.647265,90.4543,-0.0376791,-0.06,-1.1165155172348022,0.3396759070456028,0.259831,572.6199951171875,,,,,,,94.2,3.623076923,94.2,3.623076923,,,,,,,,,,,,,,,,,,,"Vaughn Grissom","26031",687093
"Samuel Basallo","BAL",19.284,50.591,46.6199,11.509,7.56657,2.32627,0.207577,1.40854,5.71071,5.65988,3.3414,0.220623,11.3752,0.25315,0.292442,0.0841299,0.916367,0.657522,0.130717,0.246868,0.0660473,0.224847,0.293744,0.299039,0.396312,0.301069,0.695351,0.149444,4.63792,0.295952,,-0.00778365,5.5471,-0.370939,98.1932,-0.00778365,0,-0.11237300466746092,0.9294348955154419,0.25856,999,,,,,,,46.3,2.436842105,46.3,2.436842105,,,,,,,,,,,,,,,,,,,"Samuel Basallo","sa3015716",694212
"James Outman","LAD",30.01,114.061,100.669,20.9236,12.7783,4.21494,0.590517,3.33988,13.7219,11.9315,10.8294,0.294145,36.0177,1.79925,0.673221,0.0898955,1.35445,2.53662,0.55852,0.207845,0.0949436,0.315775,0.300668,0.294392,0.360976,0.289368,0.655369,0.153131,5.71188,0.283677,,0.0829191,11.4321,-1.91057,86.1291,0.0829191,0.15,-1.8089977353811264,0.5041485130786896,0.257523,667.3800048828125,,,,,,,104,3.466666666,104,3.466666666,,,,,,,,,,,,,,,,,,,"James Outman","24770",681546
"Austin Barnes","LAD",42.265,148.48,131.714,27.997,20.7939,4.86213,0.216581,2.12438,14.9935,12.3351,11.9446,0.139582,34.1756,1.46647,0.863002,1.11047,3.14471,2.17943,0.826058,0.21256,0.0804458,0.23017,0.349506,0.283641,0.301149,0.262762,0.584789,0.0885894,3.91752,0.268732,,-0.16753,11.7023,-5.66664,68.2216,-0.16753,0,-5.80989345908165,3.261188268661499,0.247436,746.4099731445312,,,,,,,98.1,2.335714285,98.1,2.335714285,,,,,,,,,,,,,,,,,,,"Austin Barnes","12158",605131
"Garrett Hampson","ARI",78.393,184.672,167.661,39.3836,28.1061,7.54726,1.4806,2.24961,20.8545,15.0042,12.6958,0.15614,47.636,1.30677,1.19025,1.81861,2.88605,6.61181,1.16972,0.2349,0.0687476,0.257949,0.266516,0.291961,0.33783,0.278036,0.629791,0.10293,6.56008,0.312141,,0.51751,16.825,-4.77754,75.1693,0.51751,0,-4.965900659561157,1.2097684144973755,0.247209,999,,,,,,,150.6,1.93076923,150.6,1.93076923,,,,,,,,,,,,,,,,,,,"Garrett Hampson","19262",641658
"Anthony Rendon","LAA",17.68,65.452,57.2756,13.9995,9.65645,2.81022,0.229004,1.30381,7.42026,6.15281,6.6115,0.0114521,10.5862,0.952506,0.521211,0.0912148,1.1548,0.91436,0.326573,0.244423,0.101013,0.16174,0.624537,0.329915,0.369776,0.310793,0.699691,0.125353,4.18839,0.276554,,-0.0852129,7.68882,0.0323686,100.637,-0.0852129,0,-0.03749089688062668,0.2404908984899521,0.246305,999,,,,,,,65.4,3.633333333,65.4,3.633333333,,,,,,,,,,,,,,,,,,,"Anthony Rendon","12861",543685
"Nick Allen","ATL",37.941,135.929,124.031,30.4141,23.293,5.1172,0.776818,1.22704,14.9513,10.0479,8.11835,0.158212,21.6214,0.807527,0.875482,2.0967,2.94692,3.26372,1.01917,0.245214,0.0597249,0.159064,0.375477,0.29395,0.328677,0.275103,0.622626,0.0834628,5.35271,0.285985,,-0.0130619,12.0633,-3.83745,73.6369,-0.0130619,0.67,-4.298255808651447,2.1183651089668274,0.24236,747.3800048828125,,,,,,,103.5,2.72368421,103.5,2.72368421,,,,,,,,,,,,,,,,,,,"Nick Allen","22277",669397
"Alan Roden","TOR",25.674,102.317,91.4548,23.1226,16.3765,4.79221,0.292767,1.66117,11.4885,9.78528,8.2767,0.425093,16.7251,1.86212,0.586183,0.137181,2.27571,1.88177,0.30867,0.252831,0.0808927,0.163464,0.494866,0.325519,0.366125,0.305371,0.691644,0.113294,4.79108,0.29138,,0.045425,11.5729,-0.395914,99.9432,0.045425,0,0.0387719152495265,-1.1051998138427734,0.24212,999,,,,,,,104.9,4.034615384,104.9,4.034615384,,,,,,,,,,,,,,,,,,,"Alan Roden","sa3020212",702176
"Brett Wisely","SFG",45.104,160.662,145.891,32.9188,22.2955,6.60802,0.652412,3.36284,17.0031,14.5886,11.4738,0.137829,38.3627,1.10071,1.16329,1.03315,2.54538,3.32091,0.885715,0.22564,0.0714158,0.238779,0.299087,0.284994,0.349029,0.2789,0.634023,0.123389,5.10438,0.280607,,0.0313411,14.7492,-4.04469,79.3525,0.0313411,0.02,-3.9354705810546875,0.914920587092638,0.240602,748.760009765625,,,,,,,131.9,2.931111111,131.9,2.931111111,,,,,,,,,,,,,,,,,,,"Brett Wisely","27735",689172
"Romy Gonzalez","BOS",32.828,112.421,103.629,25.1386,16.518,4.62294,0.56839,3.42921,14.3144,12.1423,6.75988,0.0864259,32.2988,0.987428,0.754601,0.290218,2.05488,4.3625,1.09603,0.242583,0.06013,0.287302,0.209292,0.293281,0.397437,0.299931,0.690718,0.154854,6.38116,0.316207,,0.237772,12.2235,-0.927259,88.9728,0.237772,0.17,-1.1806862652301788,-0.33660490810871124,0.230343,653.3099975585938,,,,,,,113.2,3.43030303,113.2,3.43030303,,,,,,,,,,,,,,,,,,,"Romy Gonzalez","21562",663853
"Drew Millas","WSN",20.307,72.244,65.9258,15.7711,11.3945,3.02983,0.300245,1.0465,7.09693,6.62103,5.21232,0.192928,14.645,0.470524,0.451655,0.183661,1.46121,1.29818,0.38909,0.239224,0.0721489,0.202715,0.355912,0.297721,0.341913,0.282013,0.639634,0.102688,4.68943,0.290505,,-0.0312068,6.81323,-1.63774,79.8446,-0.0312068,-0.02,-1.772430643439293,1.5468981079757214,0.225173,999,,,,,,,58.6,2.93,58.6,2.93,,,,,,,,,,,,,,,,,,,"Drew Millas","25643",686452
"Cavan Biggio","KCR",29.161,102.894,88.8193,19.0453,12.3318,3.83263,0.625132,2.25575,11.5598,9.46073,11.4236,0.179461,28.623,1.59169,0.648121,0.384971,1.49634,1.49871,0.374966,0.214427,0.111023,0.278179,0.399104,0.312839,0.347846,0.295134,0.660685,0.133419,5.21354,0.286566,,-0.0507542,10.7904,-1.24594,86.9255,-0.0507542,-0.14,-1.5900465212762356,0.31001539528369904,0.222047,749.4299926757812,,,,,,,94.4,3.255172413,94.4,3.255172413,,,,,,,,,,,,,,,,,,,"Cavan Biggio","19252",624415
"Luke Keaschall","MIN",22.289,87.835,79.0427,19.4134,12.8183,4.13505,0.25747,2.20258,10.0377,9.0703,6.73741,0.352214,18.9434,1.34982,0.570232,0.134838,1.42818,1.96234,0.365949,0.245606,0.0767053,0.215671,0.355659,0.313576,0.388032,0.306651,0.701608,0.142426,4.98324,0.294369,,0.0820412,10.0254,-0.249384,100.171,0.0820412,0,0.0992767158895731,-0.9068195819854736,0.218999,999,,,,,,,85.6,3.89090909,85.6,3.89090909,,,,,,,,,,,,,,,,,,,"Luke Keaschall","sa3022614",807712
"Casey Schmitt","SFG",26.83,96.881,89.7037,21.3466,14.0264,4.22254,0.359926,2.73775,10.2803,10.5384,5.18334,0.146346,22.6857,0.978805,0.713321,0.301868,1.63033,0.961446,0.313209,0.237969,0.0535021,0.23416,0.228485,0.284832,0.384625,0.290605,0.669457,0.146657,4.03236,0.286319,,-0.0927441,9.80665,-1.5263,87.2307,-0.0927441,0.01,-1.5720824748277664,0.42404318787157536,0.214631,745.97998046875,,,,,,,87.3,3.233333333,87.3,3.233333333,,,,,,,,,,,,,,,,,,,"Casey Schmitt","27577",669477
"Henry Davis","PIT",31.543,118.222,105.195,23.3427,15.1944,4.73436,0.33574,3.07821,12.77,12.0766,9.56039,0.508463,31.912,2.52008,0.610524,0.335992,1.98728,1.81772,0.606007,0.221899,0.0808681,0.269933,0.299586,0.300487,0.361074,0.291639,0.661561,0.139175,4.44053,0.28616,,-0.0931437,12.0653,-1.76411,83.373,-0.0931437,-0.27,-2.443718411028385,0.5707925856113434,0.213164,509.1400146484375,,,,,,,106.5,3.328125,106.5,3.328125,,,,,,,,,,,,,,,,,,,"Henry Davis","29617",680779
"Daniel Schneemann","CLE",39.359,142.955,128.027,28.1762,19.0461,5.68314,0.576931,2.87005,15.1353,12.9267,12.7943,0.0609431,38.6981,0.771601,0.815127,0.547415,2.46971,2.7884,0.783372,0.220081,0.0894985,0.270702,0.330617,0.293117,0.340737,0.281375,0.633854,0.120656,4.92617,0.289964,,-0.0164966,13.4084,-3.3142,82.9587,-0.0164966,0.24,-2.803957162424922,0.08815199136734009,0.211686,741.52001953125,,,,,,,125,3.205128205,125,3.205128205,,,,,,,,,,,,,,,,,,,"Daniel Schneemann","25180",682177
"Ji Hwan Bae","PIT",26.076,90.699,81.8855,20.192,14.8363,3.6291,0.573604,1.15301,10.7997,7.05481,7.29463,0.305504,21.7873,0.61209,0.498655,0.408152,1.61816,4.82252,0.925774,0.246588,0.0804268,0.240215,0.334812,0.311202,0.34716,0.290784,0.658362,0.100571,6.61045,0.320285,,0.412474,9.19393,-1.41586,82.7972,0.412474,0.01,-1.4533179700374603,0.4124073777347803,0.204434,742.780029296875,,,,,,,87.4,3.361538461,87.4,3.361538461,,,,,,,,,,,,,,,,,,,"Ji Hwan Bae","23818",678225
"Max Acosta","MIA",25.538,93.967,87.2068,21.6683,15.2454,4.64667,0.345437,1.43082,9.91201,8.64335,4.84098,0.114874,17.9383,0.877875,0.629485,0.411847,1.68256,3.42882,0.494367,0.248471,0.0515179,0.1909,0.269868,0.292738,0.358898,0.285123,0.651636,0.110427,5.70057,0.29558,,0.320991,9.09712,-1.89496,78.9522,0.320991,0,-2.0440755486488342,0.844510555267334,0.199288,999,,,,,,,83.8,3.223076923,83.8,3.223076923,,,,,,,,,,,,,,,,,,,"Max Acosta","sa3014711",691185
"Kyle Farmer","COL",78.416,275.389,249.449,63.4002,44.6151,12.096,1.08525,5.60381,29.7241,27.9887,16.3361,0.216737,55.4591,5.93671,2.1204,0.672388,5.32824,3.76044,1.57262,0.254161,0.0593201,0.201385,0.294561,0.312855,0.378747,0.303723,0.691602,0.124586,4.22072,0.303382,,-0.41103,30.7835,-1.43097,80.988,-0.41103,0.08,-6.671930968761444,-0.5716049522161484,0.199036,663.469970703125,,,,,,,268.7,3.444871794,268.7,3.444871794,,,,,,,,,,,,,,,,,,,"Kyle Farmer","14813",571657
"Manuel Margot","MIL",23.308,86.709,79.8928,20.5197,14.3137,3.7135,0.418165,2.07437,9.73805,10.0683,5.39203,0.00525717,14.0823,0.669434,0.573736,0.180998,1.78035,2.02993,0.597657,0.256841,0.0621854,0.162408,0.382895,0.307198,0.391683,0.305003,0.698881,0.134842,5.07315,0.28682,,0.00316338,9.78185,-0.361199,94.5827,0.00316338,-0.23,-0.5585439936257899,-0.409845694899559,0.198201,745.8400268554688,,,,,,,87,3.782608695,87,3.782608695,,,,,,,,,,,,,,,,,,,"Manuel Margot","14712",622534
"Dominic Canzone","SEA",33.273,119.762,109.165,24.4253,15.4268,4.81446,0.266909,3.9171,11.999,14.2883,8.80098,0.414875,28.2165,0.813752,0.852989,0.129129,2.16707,1.11731,0.333199,0.223746,0.0734873,0.235605,0.311908,0.284537,0.380385,0.289046,0.664922,0.156639,3.48543,0.263315,,-0.10585,11.9725,-2.03703,93.4911,-0.10585,0.04,-0.9977769106626511,-1.0896387919783592,0.196735,749.5,,,,,,,109.4,3.315151515,109.4,3.315151515,,,,,,,,,,,,,,,,,,,"Dominic Canzone","26438",686527
"Cam Smith","HOU",23.232,88.202,80.2901,19.158,12.3973,3.43668,0.264726,3.0593,10.1436,10.4042,6.19544,0.594105,21.202,0.99918,0.498015,0.219252,1.51439,1.04598,0.212669,0.238609,0.0702415,0.240381,0.29221,0.29952,0.402316,0.30339,0.701836,0.163707,4.29026,0.284797,,-0.0268759,9.83574,-0.481963,98.7465,-0.0268759,0,-0.15338032692670822,-0.9100854992866516,0.193831,999,,,,,,,86.2,3.747826086,86.2,3.747826086,,,,,,,,,,,,,,,,,,,"Cam Smith","sa3025358",701358
"Miguel Andujar","ATH",76.746,317.009,296.234,75.3191,54.5189,13.2237,0.815965,6.7605,32.6861,30.8336,16.1635,0.722508,43.3192,2.04058,2.20735,0.363193,7.04312,3.52637,1.27439,0.254255,0.0509874,0.13665,0.373125,0.295356,0.372868,0.290965,0.668224,0.118613,3.72531,0.276043,,-0.379119,32.1806,-4.90247,92.4315,-0.379119,-1.14,-3.12440225481987,-5.576301217079163,0.192815,561.97998046875,,,,,,,292,3.792207792,292,3.792207792,,,,,,,,,,,,,,,,,,,"Miguel Andujar","15878",609280
"Eric Haase","MIL",39.425,137.769,126.851,25.7313,16.7569,4.59976,0.468037,3.90656,12.4313,15.565,8.82832,0.0582515,46.8375,0.922435,0.768264,0.341871,1.95973,0.809689,0.253579,0.202847,0.0640806,0.339971,0.188488,0.258296,0.338876,0.262207,0.597172,0.13603,3.64685,0.283898,,-0.149513,10.7965,-5.31942,65.7775,-0.149513,0,-5.787511989474297,3.0420522689819336,0.190277,707.6699829101562,,,,,,,102.6,2.63076923,102.6,2.63076923,,,,,,,,,,,,,,,,,,,"Eric Haase","14111",606992
"Enmanuel Valdez","PIT",34.977,123.853,112.216,24.9209,15.3513,5.60307,0.231905,3.7347,12.7755,14.212,9.5437,0.195091,30.0067,0.956029,0.88756,0.249462,1.81235,1.29843,0.480766,0.22208,0.0770567,0.242276,0.318053,0.286567,0.375988,0.289433,0.662554,0.153908,3.64249,0.266956,,-0.137515,12.42,-2.06808,81.8879,-0.137515,-0.01,-2.8199947625398636,0.5297685172408819,0.189432,749.3599853515625,,,,,,,117.9,3.368571428,117.9,3.368571428,,,,,,,,,,,,,,,,,,,"Enmanuel Valdez","21716",665839
"Andrew McCutchen","PIT",107.13,456.672,398.631,92.0536,58.5507,18.3603,1.06118,14.0814,52.1477,51.5481,49.9941,0.027688,109.631,4.40094,3.14889,0.497317,8.05738,4.62134,1.60267,0.230924,0.109475,0.240065,0.456021,0.321036,0.38828,0.313075,0.709317,0.157356,3.57798,0.280408,,-0.61602,54.4851,1.06448,97.8008,-0.61602,0,-1.8169640898704529,-11.572685241699219,0.187757,604.3400268554688,,,,,,,471.6,4.407476635,471.6,4.407476635,,,,,,,,,,,,,,,,,,,"Andrew McCutchen","9847",457705
"Sam Huff","SFG",15.24,43.761,40.3897,8.56712,5.6609,1.77627,0.0550064,1.07494,4.01311,4.44304,2.75033,0.107359,14.7476,0.36117,0.214441,0.045374,0.764653,0.0267939,0.00972433,0.212111,0.0628488,0.337002,0.186494,0.26715,0.338656,0.265813,0.605806,0.126545,1.89791,0.302328,,-0.0669678,3.55644,-1.56264,70.5439,-0.0669678,0.78,-1.608398623764515,1.9559258222579956,0.186397,741.0999755859375,,,,,,,34.6,2.306666666,34.6,2.306666666,,,,,,,,,,,,,,,,,,,"Sam Huff","22209",669087
"Matt Carpenter",,37.77,115.645,101.15,19.6649,11.6405,4.13228,0.231322,3.66076,11.7774,12.6168,11.857,0.10405,35.9689,1.55183,0.782273,0.303705,1.34882,0.698926,0.300582,0.194413,0.102529,0.311029,0.329645,0.286746,0.348414,0.282332,0.63516,0.154001,3.15122,0.256877,,-0.178831,10.936,-2.59196,80.8997,-0.178831,0,-2.7632139772176743,0.679864764213562,0.182775,999,,,,,,,104.1,2.739473684,104.1,2.739473684,,,,,,,,,,,,,,,,,,,"Matt Carpenter","8090",572761
"Hunter Goodman","COL",79.927,302.197,279.171,66.7956,38.0214,14.9484,1.32377,12.502,34.3833,40.4651,17.1238,0.226285,83.4357,3.43403,2.1939,0.274143,4.44706,1.72955,0.576869,0.239264,0.0566645,0.276097,0.205234,0.289324,0.436641,0.311978,0.725965,0.197377,3.79852,0.292803,,-0.348271,35.7879,0.437487,86.5439,-0.348271,-0.38,-5.210887551307678,-3.0830737352371216,0.18275,331.739990234375,,,,,,,328.6,4.1075,328.6,4.1075,,,,,,,,,,,,,,,,,,,"Hunter Goodman","29715",696100
"Nacho Alvarez Jr.","ATL",13.162,51.983,46.6228,11.9259,8.83474,2.17388,0.142715,0.774586,6.07054,4.77373,4.30787,0.149117,10.0759,0.70101,0.278747,0.0725909,1.14509,1.18041,0.189263,0.255796,0.0828708,0.193831,0.427542,0.326231,0.358387,0.303354,0.684618,0.102591,5.06334,0.309321,,0.0513469,5.79531,-0.28556,92.6516,0.0513469,0.01,-0.4054424427449703,0.41623456217348576,0.179897,734.9099731445312,,,,,,,52.3,4.023076923,52.3,4.023076923,,,,,,,,,,,,,,,,,,,"Nacho Alvarez Jr.","31765",805373
"Joey Gallo","CHW",49.704,186.331,158.779,28.8143,14.2155,5.15584,0.357453,9.08552,21.5793,24.535,24.5142,0.542091,69.8544,2.00524,0.902042,0.130245,1.7689,1.20768,0.338761,0.181474,0.131563,0.374894,0.350933,0.297172,0.390111,0.302468,0.687284,0.208637,3.47881,0.244345,,-0.212883,20.6402,-1.15641,96.0417,-0.212883,0,-1.0568001866340637,-3.4231884479522705,0.178821,729.5,,,,,,,185.4,3.708,185.4,3.708,,,,,,,,,,,,,,,,,,,"Joey Gallo","14128",608336
"Yan Gomes",,20.301,65.006,59.6004,13.9493,9.47105,2.62379,0.171145,1.68333,6.42558,7.30642,2.80076,0.0373199,15.8099,0.833385,0.470001,0.159172,1.09702,0.348841,0.14022,0.234047,0.0430847,0.243206,0.177153,0.276016,0.368544,0.280662,0.64456,0.134497,3.50611,0.288088,,-0.090159,6.05992,-1.54435,79.7509,-0.090159,0,-1.630253091454506,1.1942607164382935,0.17866,999,,,,,,,57.9,2.895,57.9,2.895,,,,,,,,,,,,,,,,,,,"Yan Gomes","9627",543228
"Moises Ballesteros","CHC",13.455,40.491,37.0564,9.12222,6.10406,1.90128,0.108898,1.00798,4.15882,4.84114,2.84786,0.139039,8.28372,0.2497,0.292702,0.0443396,0.753969,0.177384,0.0374643,0.246171,0.0703332,0.204582,0.34379,0.302121,0.38496,0.299019,0.687081,0.138789,3.23822,0.289201,,-0.0512223,4.37285,-0.363706,93.4723,-0.0512223,0,-0.3672894164919853,0.7438822984695435,0.178152,999,,,,,,,37.6,2.892307692,37.6,2.892307692,,,,,,,,,,,,,,,,,,,"Moises Ballesteros","sa3015713",694208
"Eguy Rosario","SDP",62.857,207.907,190.499,42.1887,26.9011,8.98417,0.687758,5.61563,23.42,20.7049,13.7658,0.411978,55.2434,1.71895,1.33652,0.586988,2.94556,5.42843,1.6218,0.221464,0.0662115,0.265712,0.249185,0.278186,0.364282,0.280477,0.642468,0.142818,5.23548,0.279234,,0.0975697,19.3504,-4.97016,82.1239,0.0975697,0.88,-4.346734322607517,-0.8660277128219604,0.176682,664.47998046875,,,,,,,185.3,2.941269841,185.3,2.941269841,,,,,,,,,,,,,,,,,,,"Eguy Rosario","19964",666703
"Drew Waters","KCR",31.561,117.825,106.506,24.2592,15.4036,5.50272,0.835629,2.51717,13.8256,11.326,9.45123,0.414585,36.0411,1.13198,0.602237,0.13393,1.68307,3.35798,0.892596,0.227773,0.0802141,0.305887,0.262235,0.296049,0.366034,0.29004,0.662083,0.13826,6.12614,0.317172,,0.108261,11.8731,-1.90983,83.3421,0.108261,0.93,-2.1374935135245323,-0.081570565700531,0.17647,999,,,,,,,111.6,3.4875,111.6,3.4875,,,,,,,,,,,,,,,,,,,"Drew Waters","20505",671221
"Addison Barger","TOR",36.843,138.155,125.594,28.7008,17.6664,6.49409,0.570158,3.97022,15.3606,15.2845,10.186,0.291924,37.0497,1.42922,0.820419,0.12507,2.11289,1.31784,0.339299,0.22852,0.0737288,0.268175,0.274928,0.292082,0.384141,0.294869,0.676223,0.155621,4.35726,0.289603,,-0.102648,14.4587,-1.70243,92.5554,-0.102648,-0.05,-1.2794759273529053,-1.6219144351780415,0.175993,658.469970703125,,,,,,,132,3.567567567,132,3.567567567,,,,,,,,,,,,,,,,,,,"Addison Barger","24598",680718
"Jack Suwinski","PIT",36.681,138.843,122.102,26.141,14.8988,5.56836,0.468893,5.20492,16.2423,16.7466,14.4595,0.664376,41.9595,1.23446,0.873766,0.172914,1.76694,2.58927,0.662781,0.21409,0.104143,0.302208,0.344605,0.301686,0.395257,0.303834,0.696944,0.181167,4.88242,0.276158,,0.0132165,15.5326,-0.709036,91.581,0.0132165,-0.05,-1.3845821544528008,-1.5423527248203754,0.175229,619.469970703125,,,,,,,135.9,3.672972972,135.9,3.672972972,,,,,,,,,,,,,,,,,,,"Jack Suwinski","22244",669261
"Jhonny Pereda","ATH",27.475,88.523,80.8902,18.0019,13.5988,3.17496,0.0932099,1.13494,7.63949,7.05264,6.39618,0.0923861,19.707,0.4909,0.485189,0.260528,2.06885,0.090042,0.0173177,0.222548,0.0722545,0.22262,0.324564,0.281989,0.306194,0.262505,0.588183,0.0836466,1.9702,0.278639,,-0.14996,6.95855,-3.3967,72.4124,-0.14996,-0.43,-2.9442738592624664,1.6899846196174622,0.175228,749.47998046875,,,,,,,55.9,2.07037037,55.9,2.07037037,,,,,,,,,,,,,,,,,,,"Jhonny Pereda","19802",640902
"Leo Rivas","SEA",19.608,64.984,56.8585,12.2105,9.01384,2.22568,0.250244,0.720694,6.71486,4.19263,6.57788,0.0729497,16.7152,0.476535,0.390711,0.680353,1.02329,2.53334,0.545939,0.214752,0.101223,0.25722,0.393526,0.299592,0.300724,0.27153,0.600316,0.0859722,5.75986,0.288591,,0.159317,5.58023,-2.02147,81.1698,0.159317,0.12,-1.240812137722969,0.7684127017855644,0.17494,999,,,,,,,49.3,2.465,49.3,2.465,,,,,,,,,,,,,,,,,,,"Leo Rivas","21009",660844
"Kevin Alcántara","CHC",13.82,51.127,47.2178,11.2913,7.84337,2.0938,0.178941,1.17515,5.43038,5.39643,3.23544,0.0832746,14.6405,0.342002,0.276642,0.0551047,0.941597,0.959626,0.162506,0.239131,0.0632824,0.286355,0.220993,0.291133,0.365718,0.287394,0.656851,0.126586,4.78913,0.319333,,0.0366287,5.04312,-0.93762,85.6478,0.0366287,0.74,-0.8408382460474968,0.8314021155238152,0.174864,681.47998046875,,,,,,,40.7,2.907142857,40.7,2.907142857,,,,,,,,,,,,,,,,,,,"Kevin Alcantara","25971",682634
"Travis Bazzana","CLE",28.907,114.792,103.348,21.8721,14.1816,4.44527,0.366111,2.87907,11.659,11.6426,9.19798,0.283954,33.067,1.35269,0.620996,0.272473,1.75252,1.82829,0.352476,0.211635,0.0801274,0.28806,0.278162,0.28312,0.345307,0.277327,0.628427,0.133672,4.57458,0.279215,,0.0299465,10.3929,-3.03525,80.1115,0.0299465,0,-2.5823314543813467,0.44609564542770386,0.174582,999,,,,,,,93.8,3.234482758,93.8,3.234482758,,,,,,,,,,,,,,,,,,,"Travis Bazzana","sa3025129",683953
"Nick Loftin","KCR",32.33,118.99,107.948,25.9623,18.8188,4.96263,0.49148,1.68948,12.4175,10.73,8.43389,0.0634954,19.9899,1.11791,0.901616,0.588472,2.46369,1.82728,0.635668,0.240508,0.070879,0.167996,0.421909,0.299947,0.342538,0.284234,0.642485,0.102031,4.39349,0.278453,,-0.115406,11.4344,-2.48481,79.2577,-0.115406,0.28,-2.9394606053829193,0.612613171339035,0.169349,750.3099975585938,,,,,,,98.9,3.090625,98.9,3.090625,,,,,,,,,,,,,,,,,,,"Nick Loftin","27630",679845
"Emmanuel Rodriguez","MIN",15.009,55.976,48.0432,10.263,6.24305,1.98526,0.401738,1.63292,7.02949,5.27886,7.12848,0.14083,18.8967,0.453134,0.285852,0.0653544,0.695975,1.39321,0.236415,0.21362,0.127349,0.337586,0.377233,0.319163,0.373632,0.307017,0.692795,0.160012,6.17689,0.31044,,0.074894,6.40552,-0.142447,100.429,0.074894,0,0.10235976427793503,-0.347430557012558,0.167405,999,,,,,,,55.5,3.7,55.5,3.7,,,,,,,,,,,,,,,,,,,"Emmanuel Rodriguez","sa3014693",691181
"Brandon Drury","CHW",69.89,283.419,259.504,59.387,38.6255,11.6075,0.407946,8.74602,28.6248,32.082,18.4939,0.069415,65.4531,3.19879,1.9628,0.25922,5.79513,0.952934,0.342984,0.228848,0.0652527,0.230941,0.282551,0.286339,0.37783,0.290341,0.664169,0.148982,2.53478,0.27042,,-0.423833,28.6284,-4.52538,87.511,-0.423833,-0.04,-4.47389280796051,-3.3674395456910133,0.165925,653.2100219726562,,,,,,,254.7,3.638571428,254.7,3.638571428,,,,,,,,,,,,,,,,,,,"Brandon Drury","11615",592273
"Abraham Toro","BOS",17.942,63.553,57.7398,14.0449,9.18517,2.95205,0.331717,1.57598,7.12143,7.02065,4.37527,0.125149,11.245,0.836935,0.445051,0.155959,1.16699,0.822645,0.239701,0.243245,0.0688445,0.176939,0.389087,0.303754,0.387746,0.30173,0.6915,0.1445,4.59339,0.274865,,-0.045194,7.00214,-0.432169,90.2383,-0.045194,0,-0.7550435699522495,0.23351338505744934,0.164939,748.5999755859375,,,,,,,64.8,3.6,64.8,3.6,,,,,,,,,,,,,,,,,,,"Abraham Toro","19844",647351
"Wade Meckler","SFG",9.574,36.381,33.1092,8.91507,6.51493,1.70752,0.195844,0.496775,4.1774,3.32775,2.73676,0.0368278,6.99926,0.239155,0.212034,0.0838691,0.777921,0.587931,0.133411,0.269263,0.075225,0.192388,0.391007,0.327601,0.377678,0.31022,0.705279,0.108415,4.79386,0.325972,,-0.0110613,4.25699,0.0012102,100.433,-0.0110613,0.17,0.00778321735560894,0.3177469074726105,0.158743,999,,,,,,,34.1,3.41,34.1,3.41,,,,,,,,,,,,,,,,,,,"Wade Meckler","31490",685133
"Chase DeLauter","CLE",25.643,102.9,94.84,23.5408,15.7344,5.13943,0.230522,2.43646,10.6936,11.6371,6.47395,0.346105,18.2473,0.773434,0.651871,0.16071,1.96299,1.15788,0.288983,0.248216,0.062915,0.177331,0.354789,0.299673,0.384338,0.297486,0.684011,0.136122,3.81646,0.282113,,-0.0641135,10.9858,-1.05124,94.2917,-0.0641135,0,-0.7362006232142448,-1.1871758699417114,0.155624,999,,,,,,,95.6,3.676923076,95.6,3.676923076,,,,,,,,,,,,,,,,,,,"Chase DeLauter","sa3021053",800050
"Jhonkensy Noel","CLE",95.126,362.583,333.089,75.4495,45.7566,15.3678,0.766046,13.5591,38.1185,46.6767,21.1094,0.739194,100.558,5.76923,2.30192,0.313667,5.84252,1.11361,0.359764,0.226515,0.0582196,0.277337,0.209924,0.282464,0.399373,0.295476,0.681837,0.172858,2.82005,0.2797,,-0.490419,38.1236,-4.29065,92.8781,-0.490419,-0.32,-3.4450730979442596,-7.222694218158722,0.146564,389.9800109863281,,,,,,,350.7,3.691578947,350.7,3.691578947,,,,,,,,,,,,,,,,,,,"Jhonkensy Noel","24257",678877
"Marcelo Mayer","BOS",10.228,40.241,36.7323,8.98859,5.64866,2.26426,0.163802,0.911872,4.59487,4.32931,3.03163,0.190121,9.72576,0.231239,0.198719,0.0471243,0.658842,0.866046,0.136927,0.244706,0.0753368,0.241688,0.311711,0.304809,0.389741,0.301847,0.69455,0.145035,5.28527,0.307177,,0.0489201,4.43744,-0.269876,90.3202,0.0489201,0,-0.39677976444363594,0.4735184907913208,0.146468,999,,,,,,,39.5,3.95,39.5,3.95,,,,,,,,,,,,,,,,,,,"Marcelo Mayer","sa3017114",691785
"Omar Narváez","CHW",19.213,62.853,55.9399,11.7198,8.50787,1.99806,0.0802521,1.13365,5.17081,5.64237,5.20311,0.124695,12.9784,0.613187,0.506306,0.313261,1.03449,0.0328895,0.0168269,0.209507,0.0827823,0.206488,0.400907,0.281648,0.308891,0.263935,0.590539,0.0993837,1.65494,0.250062,,-0.112305,5.01305,-2.33937,68.937,-0.112305,0.18,-2.3462631180882454,1.6624844670295715,0.145772,999,,,,,,,44.4,2.336842105,44.4,2.336842105,,,,,,,,,,,,,,,,,,,"Omar Narvaez","13338",553882
"Liam Hicks","MIA",27.22,101.632,90.0348,21.1507,15.215,4.5422,0.345861,1.04762,9.40509,8.75322,8.87589,0.147285,17.131,1.78786,0.80142,0.131995,1.98655,0.671066,0.137795,0.234917,0.0873336,0.168559,0.518118,0.313443,0.327956,0.287245,0.641399,0.0930392,3.53799,0.276683,,-0.124678,10.0127,-1.876,80.3801,-0.124678,-1.42,-2.5091334506869316,0.5247302055358887,0.144593,748.4000244140625,,,,,,,86.4,3.2,86.4,3.2,,,,,,,,,,,,,,,,,,,"Liam Hicks","sa3017400",689414
"José Fermín","STL",16.762,47.413,42.0731,10.3735,7.52479,1.92177,0.22197,0.704982,5.43295,3.91571,3.71226,0.0619029,6.19522,0.748419,0.33867,0.54057,0.987226,1.61497,0.380694,0.246559,0.0782962,0.130665,0.599214,0.31648,0.353056,0.296896,0.669537,0.106497,5.72159,0.272264,,0.0747051,5.0394,-0.506878,90.966,0.0747051,-0.01,-0.43749403953552246,0.24867280386388302,0.143564,999,,,,,,,48,2.823529411,48,2.823529411,,,,,,,,,,,,,,,,,,,"Jose Fermin","21746",665877
"Korey Lee","CHW",62.592,221.918,207.668,44.1699,29.8802,8.37558,0.702561,5.21151,21.2089,20.9558,11.3544,0.0340045,65.5085,1.50021,1.15071,0.244968,3.43568,3.66865,1.06358,0.212695,0.0511647,0.295193,0.173327,0.257246,0.335079,0.259578,0.592325,0.122384,4.58539,0.282106,,-0.0340405,16.9216,-9.03795,65.8721,-0.0340405,-2.16,-8.69981487467885,2.6696293354034424,0.141239,559.219970703125,,,,,,,158.1,2.509523809,158.1,2.509523809,,,,,,,,,,,,,,,,,,,"Korey Lee","25543",686676
"Nathan Lukes","TOR",25.898,89.673,81.7089,20.8317,15.376,3.93601,0.339135,1.18049,9.58151,8.25607,6.27562,0.162982,15.6467,0.776181,0.608436,0.303882,2.04752,1.23499,0.352083,0.25495,0.0699834,0.174486,0.401084,0.312004,0.354765,0.293981,0.666768,0.0998147,4.31344,0.300063,,-0.0713215,9.32067,-1.1691,91.9307,-0.0713215,0.14,-0.899267740547657,-0.8306040614843369,0.130071,740.760009765625,,,,,,,79.5,3.057692307,79.5,3.057692307,,,,,,,,,,,,,,,,,,,"Nathan Lukes","18123",664770
"Starling Marte","NYM",71.986,300.096,273.72,69.5389,51.0188,12.0595,1.00847,5.45204,36.3036,26.0232,17.6292,0.0806298,63.6096,5.64771,1.699,1.40012,6.26705,12.1195,4.4505,0.254051,0.0587453,0.211964,0.277147,0.310737,0.365233,0.298212,0.675969,0.111182,5.63225,0.310562,,0.035693,32.2141,-2.89057,93.897,0.035693,-0.12,-2.1543983928859234,-6.595705144107342,0.128415,456.6600036621094,,,,,,,289.1,4.015277777,289.1,4.015277777,,,,,,,,,,,,,,,,,,,"Starling Marte","9241",516782
"Aledmys Díaz",,25.704,93.109,85.9315,20.0039,13.6212,4.18951,0.178225,2.01495,9.12472,9.68241,4.51144,9.31e-7,18.3311,1.30497,0.592713,0.223635,1.86483,0.490734,0.194501,0.232788,0.0484533,0.196878,0.246108,0.27962,0.356035,0.278615,0.635655,0.123247,3.24324,0.271825,,-0.134037,8.52629,-2.36542,78.3426,-0.134037,0.03,-2.49336239695549,0.6249999683350325,0.127431,999,,,,,,,74.4,2.861538461,74.4,2.861538461,,,,,,,,,,,,,,,,,,,"Aledmys Diaz","15937",649557
"Jake Mangum","TBR",34.29,136.051,127.885,30.9585,22.5133,6.55294,0.720647,1.1716,13.5246,11.2996,5.41401,0.0929269,27.8175,1.67248,0.79644,0.282737,2.56011,3.60369,0.762329,0.24208,0.039794,0.204463,0.194626,0.28022,0.332075,0.268944,0.612295,0.089995,5.5784,0.298787,,0.17911,11.3996,-4.51535,77.0213,0.17911,0,-3.3979977518320084,0.08355262130498886,0.12609,999,,,,,,,106.8,3.14117647,106.8,3.14117647,,,,,,,,,,,,,,,,,,,"Jake Mangum","sa3011255",663968
"Max Muncy","ATH",18.199,71.539,65.3931,14.0085,9.02621,3.07644,0.181009,1.7248,7.28827,6.30415,4.51303,0.0470398,22.1723,0.844588,0.377692,0.410561,1.11214,1.2723,0.216865,0.214219,0.063085,0.309932,0.203544,0.272269,0.345928,0.271894,0.618198,0.131709,4.88679,0.29335,,0.0534761,6.1641,-2.2044,79.0169,0.0534761,0,-1.664112102240324,0.4914853274822235,0.125189,999,,,,,,,60.8,3.377777777,60.8,3.377777777,,,,,,,,,,,,,,,,,,,"Max Muncy","sa3017290",691777
"Jared Serna","MIA",14.937,59.951,55.2476,13.4053,9.04248,2.93095,0.170021,1.2618,6.21799,6.22043,3.56046,0.0977063,11.7741,0.678015,0.385117,0.0798401,1.17561,1.38502,0.19408,0.24264,0.0593894,0.196395,0.302398,0.294695,0.370363,0.290776,0.665058,0.127723,5.05877,0.285079,,0.0943523,6.07671,-0.936244,82.7567,0.0943523,0,-1.1418196931481361,0.3457638919353485,0.123972,999,,,,,,,52.8,3.52,52.8,3.52,,,,,,,,,,,,,,,,,,,"Jared Serna","sa3015579",691858
"Brett Harris","ATH",18.081,65.466,58.8457,13.0604,9.16852,2.33195,0.188047,1.37193,6.77622,5.40258,4.91874,0.0184084,14.3103,0.937953,0.352395,0.411177,1.39797,0.924421,0.301257,0.221944,0.0751342,0.218591,0.34372,0.290788,0.337905,0.279423,0.628693,0.115961,4.35829,0.268603,,-0.055567,6.03751,-1.62058,84.3126,-0.055567,-0.04,-1.2306627854704857,0.23902776092290878,0.122974,999,,,,,,,48.9,2.716666666,48.9,2.716666666,,,,,,,,,,,,,,,,,,,"Brett Harris","29788",695391
"Chadwick Tromp","ATL",19.944,69.918,64.7168,14.11,9.83491,2.86619,0.0222228,1.3867,6.52702,6.88983,4.20591,0.0109114,16.6849,0.469149,0.433175,0.0929911,1.3971,0.0123081,0.00614484,0.218027,0.0601549,0.238635,0.252079,0.269031,0.327284,0.263175,0.596315,0.109257,1.57143,0.270258,,-0.11446,5.53377,-2.6451,65.6086,-0.11446,0.29,-2.989868886768818,1.8288889229297638,0.120562,737.1699829101562,,,,,,,43.5,2.175,43.5,2.175,,,,,,,,,,,,,,,,,,,"Chadwick Tromp","16953",644433
"Nelson Velázquez","KCR",40.092,154.698,139.708,31.9102,18.736,6.86555,0.461961,5.84669,18.3946,19.5698,12.3843,0.541203,43.2208,1.38677,1.07805,0.14131,2.11543,2.66516,0.942465,0.228407,0.0800548,0.279388,0.286536,0.295564,0.409712,0.305231,0.705275,0.181304,4.55737,0.28417,,-0.100962,17.4802,-0.616052,94.0279,-0.100962,-0.02,-1.158060908317566,-2.8385389037430286,0.119837,744.97998046875,,,,,,,157.8,3.945,157.8,3.945,,,,,,,,,,,,,,,,,,,"Nelson Velazquez","23359",676369
"Curt Casali","ATL",18.453,64.104,55.5409,11.6836,8.31247,2.15364,0.0719344,1.14554,6.27742,5.65019,5.964,0.0835314,15.6481,0.959568,0.415284,0.501985,1.1161,0.156586,0.0708152,0.21036,0.0930364,0.244105,0.381133,0.295916,0.313602,0.274484,0.609518,0.103242,2.46538,0.269085,,-0.116954,5.6571,-1.84166,73.2205,-0.116954,0,-2.169765844941139,1.177689552307129,0.11801,999,,,,,,,47.4,2.633333333,47.4,2.633333333,,,,,,,,,,,,,,,,,,,"Curt Casali","12510",592200
"Ben Gamel","HOU",52.261,186.653,164.42,36.3552,24.6674,7.32383,0.852727,3.51119,20.0176,16.4042,19.3066,0.600668,49.3638,1.26521,1.22833,0.432873,3.00377,1.68083,0.505602,0.221112,0.103436,0.264468,0.391109,0.305697,0.340093,0.287099,0.64579,0.118981,4.14461,0.291239,,-0.220912,18.3671,-3.46725,87.2874,-0.220912,0.27,-2.9359390288591385,-2.1494908034801483,0.117401,999,,,,,,,162.2,3.119230769,162.2,3.119230769,,,,,,,,,,,,,,,,,,,"Ben Gamel","12160",592325
"Joshua Palacios","PIT",41.231,149.777,134.997,32.6678,22.4105,6.31244,0.584719,3.36009,16.6349,14.9762,11.1029,0.290491,31.9759,2.02921,0.898673,0.749465,3.23766,3.04921,0.852899,0.241989,0.0741295,0.21349,0.347227,0.307325,0.372083,0.298563,0.679408,0.130093,5.00822,0.291446,,-0.0138119,16.1203,-1.40034,88.033,-0.0138119,-0.15,-2.1571586970239878,-1.6952535212039948,0.117252,749.780029296875,,,,,,,143,3.487804878,143,3.487804878,,,,,,,,,,,,,,,,,,,"Joshua Palacios","19818",641943
"Joey Wiemer","KCR",44.24,142.006,127.769,27.4917,17.3013,6.18682,0.443501,3.56014,15.8538,14.3297,11.8482,0.0263265,40.449,1.41076,0.829654,0.14813,2.33493,3.12485,0.904086,0.215167,0.0834344,0.28484,0.292917,0.287264,0.354123,0.283298,0.641387,0.138956,4.97263,0.282913,,0.0178237,13.5392,-3.07237,78.5996,0.0178237,1.07,-3.4594051521271467,-0.14701557159423828,0.116438,748.9299926757812,,,,,,,120.1,2.729545454,120.1,2.729545454,,,,,,,,,,,,,,,,,,,"Joey Wiemer","27690",686894
"Vinny Capra","MIL",29.841,102.125,93.2207,20.9966,14.9042,4.51109,0.331965,1.2494,9.12339,9.5866,7.03943,0.188231,22.8263,0.97602,0.652876,0.23594,1.73972,1.33231,0.233425,0.225235,0.0689295,0.223514,0.308391,0.284742,0.320957,0.268562,0.605699,0.0957215,4.25824,0.28292,,-0.00748305,8.52559,-3.42079,70.0549,-0.00748305,0.68,-3.6644332841970026,1.3597993850708008,0.113216,999,,,,,,,74.4,2.48,74.4,2.48,,,,,,,,,,,,,,,,,,,"Vinny Capra","25040",681962
"Vidal Bruján","CHC",41.077,143.903,130.922,28.9346,20.8385,5.76745,0.696099,1.63249,15.5473,11.2335,10.2925,0.496386,29.6053,1.35242,0.884059,0.451571,2.44497,6.74075,1.89967,0.221005,0.071524,0.205731,0.347659,0.28288,0.313099,0.264321,0.595979,0.0920935,6.18455,0.271477,,0.326315,11.5221,-5.31136,70.1183,0.326315,0.39,-4.815742641687393,1.1144620180130005,0.112659,657.47998046875,,,,,,,114,2.780487804,114,2.780487804,,,,,,,,,,,,,,,,,,,"Vidal Brujan","20536",660644
"Jonatan Clase","TOR",11.687,41.025,37.3761,8.29856,5.356,1.83924,0.264977,0.838344,5.14339,3.4962,3.03295,0.020787,12.3486,0.30094,0.257918,0.0570595,0.415363,2.47437,0.404113,0.222028,0.0739294,0.301001,0.245612,0.28394,0.352706,0.279915,0.636646,0.130678,7.52202,0.305157,,0.262785,3.79974,-0.999285,82.037,0.262785,0.45,-0.5804212391376495,0.2696450501680374,0.109145,663.7899780273438,,,,,,,35.8,2.983333333,35.8,2.983333333,,,,,,,,,,,,,,,,,,,"Jonatan Clase","26599",682729
"Myles Straw","TOR",30.229,79.002,71.8512,16.6387,13.0032,2.9388,0.370135,0.326564,8.25505,5.1699,5.73876,0.0560045,15.3019,0.315665,0.578695,0.517695,1.33301,3.20613,0.735939,0.231572,0.0726407,0.19369,0.375035,0.289143,0.296411,0.262061,0.585554,0.0648391,5.96215,0.287179,,0.193198,6.18187,-3.05963,69.4776,0.193198,0.51,-2.565871447324753,0.9764968752861023,0.107842,748.6199951171875,,,,,,,52.8,1.76,52.8,1.76,,,,,,,,,,,,,,,,,,,"Myles Straw","17620",664702
"Curtis Mead","TBR",32.181,125.403,115.608,28.4345,19.0593,6.15286,0.447152,2.77518,13.1317,13.2452,7.09094,0.342807,24.2489,1.62679,0.929102,0.148494,2.13214,1.73398,0.613946,0.245957,0.0565452,0.193367,0.292424,0.296614,0.37893,0.294161,0.675545,0.132973,4.26922,0.286656,,-0.118379,13.0527,-1.61671,94.7599,-0.118379,0.07,-0.8702729865908623,-2.271210364997387,0.107294,607.0700073242188,,,,,,,114.4,3.575,114.4,3.575,,,,,,,,,,,,,,,,,,,"Curtis Mead","23986",678554
"Jonah Bride","MIA",100.406,400.837,351.055,84.2686,58.71,16.2911,1.32912,7.93828,41.6358,38.3141,38.81,0.30284,78.0743,6.70424,3.18573,1.08233,9.19892,1.74614,0.556554,0.240044,0.0968224,0.194778,0.49709,0.324656,0.36186,0.305293,0.686517,0.121816,3.18977,0.284573,,-0.696371,45.3129,-1.57621,92.5279,-0.696371,0.23,-4.277922332286835,-8.033868327736855,0.107046,460.5299987792969,,,,,,,385.7,3.857,385.7,3.857,,,,,,,,,,,,,,,,,,,"Jonah Bride","24703",681146
"Jordan Beck","COL",102.586,396.626,361.482,87.4645,55.5251,19.159,2.02215,10.7583,45.5822,42.5544,29.5993,0.376937,116.112,2.56179,2.57306,0.409974,5.77228,8.38523,2.29612,0.241961,0.0746276,0.292749,0.25492,0.30192,0.395435,0.303758,0.697355,0.153474,5.32395,0.323402,,0.0580229,44.3467,-2.04984,81.0114,0.0580229,1.61,-8.948066353797913,-3.243162751197815,0.105014,393.04998779296875,,,,,,,404.7,3.929126213,404.7,3.929126213,,,,,,,,,,,,,,,,,,,"Jordan Beck","31431",687597
"Max Stassi","SFG",13.179,36.362,32.1325,6.81471,4.61213,1.2182,0.050384,0.933995,3.65716,3.59913,3.23455,0.00220463,10.2925,0.484279,0.236743,0.0747496,0.771541,0.0813804,0.0365085,0.212081,0.0889542,0.283056,0.314263,0.291884,0.34033,0.281701,0.632214,0.128249,2.60739,0.278143,,-0.0642442,3.42012,-0.833434,81.238,-0.0642442,0,-0.8800530359148979,0.6680261492729187,0.10316,999,,,,,,,28.5,2.192307692,28.5,2.192307692,,,,,,,,,,,,,,,,,,,"Max Stassi","10059",545358
"David Fry","CLE",50.883,184.485,164.465,39.4466,24.8977,8.74822,0.283352,5.51735,20.0626,21.6806,15.045,0.4347,40.6739,2.95886,1.58207,0.434409,3.01632,1.21372,0.479665,0.239849,0.0815514,0.220472,0.369894,0.312145,0.397129,0.309805,0.709274,0.15728,3.24391,0.283085,,-0.286691,21.5251,-0.0556079,102.957,-0.286691,0,0.3374674618244171,-5.496620178222656,0.102323,503.19000244140625,,,,,,,192.8,3.780392156,192.8,3.780392156,,,,,,,,,,,,,,,,,,,"David Fry","24934",681807
"Eli White","ATL",17.69,51.423,46.8863,10.7247,7.48136,1.87562,0.289965,1.07774,6.3978,4.42689,3.55174,0.00311778,14.7525,0.629851,0.272542,0.0825461,0.725181,2.22073,0.499299,0.228738,0.0690691,0.286886,0.240754,0.290342,0.350069,0.282802,0.640411,0.121331,6.64925,0.307928,,0.149903,4.88227,-1.13309,78.8187,0.149903,0.58,-1.1525760293006897,0.4283367395401001,0.102059,999,,,,,,,48.6,2.7,48.6,2.7,,,,,,,,,,,,,,,,,,,"Eli White","19346",642201
"Jeferson Quero","MIL",7.832,29.142,27.0034,6.44349,4.35327,1.26906,0.111192,0.709966,2.85059,3.43372,1.67866,0.0378479,6.02184,0.215992,0.202518,0.0414562,0.480407,0.368623,0.0658601,0.238618,0.0576029,0.206638,0.278762,0.286529,0.372725,0.287259,0.659254,0.134107,4.20904,0.280038,,-0.00196166,2.87138,-0.537595,82.6395,-0.00196166,0.02,-0.6069454685784876,0.6243209429085255,0.102021,745.0499877929688,,,,,,,24.9,3.1125,24.9,3.1125,,,,,,,,,,,,,,,,,,,"Jeferson Quero","sa3015407",691620
"Hao-Yu  Lee","DET",8.768,33.593,30.7837,7.54043,5.17581,1.49838,0.141508,0.724742,3.61615,3.39148,2.13935,0.0643642,6.89326,0.390756,0.23121,0.0479816,0.604031,0.696222,0.136936,0.244949,0.0636844,0.205199,0.310354,0.30021,0.373446,0.294647,0.673656,0.128497,5.12537,0.291307,,0.023474,3.5097,-0.419947,92.2423,0.023474,0,-0.2747135739773512,0.1353086233139038,0.101257,999,,,,,,,34,3.777777777,34,3.777777777,,,,,,,,,,,,,,,,,,,"Hao-Yu  Lee","sa3017863",701678
"Jacob Melton","HOU",50.423,199.326,184.614,37.9629,24.8383,7.36435,0.789061,4.97122,22.3526,17.6848,11.7705,0.202677,55.2948,1.26664,1.30099,0.374213,2.56371,8.16584,0.912625,0.205634,0.0590515,0.277409,0.212868,0.256344,0.334856,0.258949,0.5912,0.129222,6.59765,0.262571,,0.96622,15.098,-8.21878,67.486,0.96622,0,-6.449270129203796,0.7781326770782471,0.100541,999,,,,,,,152.2,3.044,152.2,3.044,,,,,,,,,,,,,,,,,,,"Jacob Melton","sa3019988",689200
"Corey Julks","CHW",38.487,110.293,100.572,23.5287,15.7303,4.93393,0.41784,2.44659,12.2976,10.1953,7.99935,0.144075,25.6338,0.914104,0.690024,0.117894,1.50612,3.46634,0.897782,0.233949,0.0725282,0.232415,0.312063,0.29446,0.364298,0.289095,0.658757,0.130349,5.32874,0.28808,,0.136298,11.0302,-1.87162,86.6349,0.136298,0,-1.5503500252962112,-1.2157517671585083,0.0940419,999,,,,,,,96.6,2.542105263,96.6,2.542105263,,,,,,,,,,,,,,,,,,,"Corey Julks","20311",667452
"Justyn-Henry Malloy","DET",36.062,139.695,122.853,27.2855,17.3532,5.46612,0.296976,4.16914,15.0597,15.01,14.2418,0.0963407,41.5564,1.53711,0.952803,0.109767,2.17059,0.718013,0.287303,0.222098,0.101949,0.297479,0.342711,0.308517,0.373233,0.301313,0.68175,0.151135,3.0218,0.296057,,-0.23349,15.3444,-0.996804,96.9315,-0.23349,-0.15,-0.7239638417959213,-3.025313764810562,0.0937275,672.530029296875,,,,,,,130.2,3.616666666,130.2,3.616666666,,,,,,,,,,,,,,,,,,,"Justyn-Henry Malloy","29606",669234
"Nasim Nuñez","WSN",15.778,42.812,37.9242,8.65639,6.95903,1.25648,0.175201,0.265675,4.49927,2.43622,3.94152,0.0707545,9.56501,0.196578,0.267998,0.481707,0.830738,2.36067,0.459815,0.228255,0.0920657,0.223419,0.412077,0.302254,0.291642,0.26844,0.593895,0.063387,6.21493,0.295849,,0.198881,3.56984,-1.43823,70.7089,0.198881,0.19,-1.3006732761859894,0.7813271284103394,0.0936043,750.2100219726562,,,,,,,31.1,1.94375,31.1,1.94375,,,,,,,,,,,,,,,,,,,"Nasim Nunez","25979",683083
"Logan Driscoll","TBR",9.626,31.675,29.1313,6.29576,4.2101,1.4154,0.0737856,0.596474,2.83111,3.04692,1.87795,0.0650224,7.80605,0.38915,0.194148,0.0824644,0.610568,0.133755,0.0293517,0.216117,0.0592879,0.246442,0.240576,0.27104,0.331195,0.265073,0.602236,0.115079,3.04504,0.272395,,-0.0357442,2.55535,-1.14993,74.2985,-0.0357442,0.07,-0.9672392830252647,0.812746949493885,0.0930956,999,,,,,,,22.9,2.29,22.9,2.29,,,,,,,,,,,,,,,,,,,"Logan Driscoll","25475",686482
"Johnathan Rodriguez","CLE",32.682,119.404,108.695,25.1226,16.8116,4.80939,0.255202,3.24644,12.3085,13.2683,8.98776,0.377105,36.1953,0.951793,0.639696,0.12953,2.34844,0.839352,0.183096,0.231129,0.0752718,0.303133,0.248313,0.293962,0.369673,0.290461,0.663635,0.138544,3.39431,0.312994,,-0.114439,12.0727,-1.89495,89.3504,-0.114439,0.24,-1.5694237723946571,-1.5103975683450699,0.0930092,627.2100219726562,,,,,,,105.6,3.2,105.6,3.2,,,,,,,,,,,,,,,,,,,"Johnathan Rodriguez","22530",671286
"Daz Cameron","BAL",30.998,85.674,77.9656,17.7837,11.6717,3.61098,0.367678,2.13336,9.97568,8.33209,6.14178,0.0673612,22.8574,0.848444,0.57229,0.145923,1.10134,2.62589,0.732962,0.228097,0.0716878,0.266794,0.268701,0.289658,0.365932,0.28756,0.65559,0.137835,5.67891,0.292272,,0.0815683,8.46225,-1.55973,88.6903,0.0815683,0,-1.0271113738417625,-0.9443783760070801,0.091349,999,,,,,,,77.1,2.487096774,77.1,2.487096774,,,,,,,,,,,,,,,,,,,"Daz Cameron","18353",663662
"Blake Dunn","CIN",10.267,28.605,25.6301,5.78891,4.00512,1.04672,0.093529,0.643539,3.23069,2.53066,1.96787,0.0431887,8.45985,0.597498,0.150635,0.25893,0.462088,1.16869,0.137826,0.225864,0.0687947,0.295747,0.232613,0.294724,0.349328,0.285087,0.644053,0.123464,6.06706,0.308525,,0.126401,2.76847,-0.577686,75.0754,0.126401,1.02,-0.7261716723442078,0.6352138221263885,0.0889859,748.0999755859375,,,,,,,30.8,3.08,30.8,3.08,,,,,,,,,,,,,,,,,,,"Blake Dunn","29487",694362
"Adael Amador","COL",13.911,52.816,47.5216,11.8131,8.21961,2.26813,0.165299,1.16005,6.10311,5.15422,4.28865,0.119928,9.07881,0.443045,0.338685,0.224001,1.16884,1.7499,0.287665,0.248584,0.0811999,0.171895,0.47238,0.314588,0.376502,0.303493,0.691089,0.127918,5.42868,0.283164,,0.132203,5.89409,-0.284225,80.833,0.132203,-0.04,-1.078340157866478,0.17467591911554337,0.0883191,691.9099731445312,,,,,,,50.2,3.585714285,50.2,3.585714285,,,,,,,,,,,,,,,,,,,"Adael Amador","27962",691182
"Colby Thomas","ATH",41.383,163.973,152.522,33.1855,19.6381,7.72743,0.612791,5.20723,17.7578,16.88,7.91336,0.0467815,49.3697,2.28327,0.943598,0.310307,1.98692,3.3301,0.520943,0.217578,0.0482601,0.301084,0.160288,0.26507,0.3787,0.279443,0.64377,0.161122,5.49559,0.282926,,0.219936,15.1248,-4.05642,84.3267,0.219936,0,-2.7206768840551376,-1.9158796072006226,0.0856761,999,,,,,,,140.6,3.429268292,140.6,3.429268292,,,,,,,,,,,,,,,,,,,"Colby Thomas","sa3020713",687515
"Jakson Reetz","NYM",8.755,26.195,23.6052,4.72041,2.89588,1.07217,0.0386271,0.713731,2.51879,2.64161,1.82548,0.0748902,7.34903,0.578803,0.144448,0.0410916,0.382381,0.144538,0.0278856,0.199973,0.0696882,0.280551,0.248398,0.272414,0.339376,0.270172,0.61179,0.139402,3.37362,0.255416,,-0.0236264,2.22077,-0.843475,75.0247,-0.0236264,0.08,-0.8059572000056505,0.7555401474237442,0.0848842,999,,,,,,,25.3,2.811111111,25.3,2.811111111,,,,,,,,,,,,,,,,,,,"Jakson Reetz","17837",656883
"Jorge Barrosa","ARI",16.432,51.906,46.9702,10.9256,7.43955,2.45185,0.218107,0.816147,5.69302,4.79452,3.71091,0.0885444,10.6506,0.510545,0.320276,0.394059,0.909125,1.58834,0.263934,0.232608,0.0714929,0.205191,0.348422,0.29405,0.346223,0.282338,0.640273,0.113615,5.79522,0.282201,,0.119438,4.90874,-1.16313,78.0645,0.119438,0.08,-1.2420881539583206,0.33358021080493927,0.0846892,999,,,,,,,48.6,3.0375,48.6,3.0375,,,,,,,,,,,,,,,,,,,"Jorge Barrosa","23968",678489
"Jason Delay","PIT",21.47,71.302,65.2219,14.3026,10.5882,2.81046,0.168172,0.73585,5.99525,5.69128,4.13176,0.0620199,15.314,0.818163,0.461692,0.668514,1.34561,0.476648,0.1874,0.219292,0.0579473,0.214777,0.269803,0.27257,0.301386,0.255495,0.573956,0.0820945,3.27564,0.273338,,-0.102712,5.20256,-3.13822,59.0455,-0.102712,0.37,-3.5946373715996742,2.026635766029358,0.0832859,999,,,,,,,46.5,2.214285714,46.5,2.214285714,,,,,,,,,,,,,,,,,,,"Jason Delay","19806",641511
"Jakob Marsee","MIA",15.509,58.213,50.8219,10.6449,7.09234,2.1748,0.280738,1.09701,6.27667,4.70686,5.89595,0.0960264,14.0641,0.861663,0.377079,0.256405,0.840133,2.29111,0.254337,0.209455,0.101282,0.241598,0.419219,0.300268,0.328052,0.281605,0.628319,0.118597,6.0561,0.26494,,0.246662,5.47086,-1.33879,76.584,0.246662,0,-1.383359968662262,0.23933640122413635,0.082057,999,,,,,,,50.6,3.1625,50.6,3.1625,,,,,,,,,,,,,,,,,,,"Jakob Marsee","sa3019868",805300
"Jimmy Crooks","STL",3.046,10.887,9.85442,2.3699,1.64879,0.483462,0.0345225,0.203125,1.10135,1.07284,0.795973,0.0278903,2.70485,0.136855,0.0611065,0.0386496,0.228393,0.0583704,0.01325,0.240491,0.0731122,0.248448,0.294276,0.304445,0.358396,0.291976,0.662841,0.117905,3.47063,0.309206,,-0.0138473,1.11404,-0.159502,87.6544,-0.0138473,0.37,-0.1745715532451868,0.6050308644771576,0.0819,999,,,,,,,4.2,1.4,4.2,1.4,,,,,,,,,,,,,,,,,,,"Jimmy Crooks","sa3019841",699625
"Luke Maile","KCR",15.693,51.894,46.3174,9.74422,6.79039,1.96018,0.0789468,0.914704,4.9018,4.6976,3.98027,0.00796158,15.0747,0.813916,0.318057,0.184676,0.93471,0.375807,0.164659,0.210379,0.0767,0.290491,0.264036,0.282685,0.315354,0.267786,0.59804,0.104975,3.39233,0.288113,,-0.082894,4.29982,-1.77064,67.6882,-0.082894,-0.16,-2.0014889165759087,1.050879567861557,0.0804848,999,,,,,,,40.2,2.5125,40.2,2.5125,,,,,,,,,,,,,,,,,,,"Luke Maile","13355",571912
"Nick Maton","CHW",15.095,49.175,43.735,9.33789,5.91657,1.86245,0.178388,1.38048,4.90769,5.09701,4.47623,0.100846,12.2083,0.469909,0.364185,0.129726,0.701729,0.282576,0.0806809,0.213511,0.0910265,0.248263,0.366653,0.291242,0.358948,0.286442,0.650189,0.145437,3.63573,0.26081,,-0.0610983,4.81292,-0.939481,84.7687,-0.0610983,0.08,-0.9181078001856804,0.04672177508473396,0.0793058,999,,,,,,,33.6,2.24,33.6,2.24,,,,,,,,,,,,,,,,,,,"Nick Maton","21635",665155
"Tomás Nido","DET",16.66,56.531,51.9402,11.26,8.06601,2.01025,0.0517431,1.13201,4.74533,4.93351,2.6549,0.108615,14.0976,0.388986,0.383631,1.12497,1.21923,0.183197,0.0744451,0.216788,0.0469637,0.249379,0.188323,0.258344,0.322867,0.254636,0.581211,0.106079,2.48494,0.273034,,-0.0803381,4.0857,-2.52719,64.0975,-0.0803381,0,-2.402628533542156,1.2854938507080078,0.0792508,999,,,,,,,33.8,1.988235294,33.8,1.988235294,,,,,,,,,,,,,,,,,,,"Tomas Nido","13755",621512
"Miles Mastrobuoni","SEA",16.388,49.657,45.0807,9.99214,7.3905,1.95591,0.152663,0.493063,4.74351,3.75248,3.92093,0.125754,11.0342,0.139382,0.306424,0.209583,0.815934,1.63037,0.381063,0.22165,0.0789603,0.222209,0.355342,0.28419,0.304622,0.262338,0.588812,0.0829719,5.23625,0.280541,,0.0823595,3.89671,-1.91207,74.7038,0.0823595,0.03,-1.3549182638525963,0.4515020530670881,0.0776572,999,,,,,,,32.6,2.0375,32.6,2.0375,,,,,,,,,,,,,,,,,,,"Miles Mastrobuoni","20017",670156
"Jair Camargo","MIN",11.633,30.04,27.7885,5.64338,3.66962,1.12693,0.03421,0.812627,2.71458,3.10459,1.68728,0.107294,10.2298,0.359986,0.16915,0.0350372,0.466605,0.177495,0.0358982,0.203083,0.0561678,0.340539,0.164938,0.256313,0.333829,0.258122,0.590141,0.130746,3.06738,0.285585,,-0.0233133,2.25539,-1.25863,66.035,-0.0233133,0.04,-1.1907608602195978,0.937608040869236,0.0772772,999,,,,,,,23.9,1.991666666,23.9,1.991666666,,,,,,,,,,,,,,,,,,,"Jair Camargo","21730",665856
"Cal Stevenson","PHI",19.14,59.497,52.0659,11.8206,8.47642,2.16958,0.265076,0.909509,6.86308,4.54669,6.26788,0.207346,13.333,0.249161,0.348641,0.565453,1.02631,2.34533,0.693532,0.227031,0.105348,0.224096,0.470102,0.311168,0.331289,0.286711,0.642457,0.104258,5.7022,0.28584,,0.0714824,5.83606,-1.12379,82.0535,0.0714824,0.44,-1.2053571864962578,-0.05228394269943237,0.0747388,999,,,,,,,49.4,2.6,49.4,2.6,,,,,,,,,,,,,,,,,,,"Cal Stevenson","22411",670276
"DaShawn Keirsey Jr.","MIN",24.575,83.736,77.3073,17.3918,12.3971,3.16521,0.486652,1.34283,9.15615,6.72639,5.02031,0.102438,22.4178,0.800774,0.504187,0.103467,1.32252,3.21692,0.498401,0.22497,0.059954,0.26772,0.223943,0.277558,0.330613,0.268083,0.608171,0.105643,6.46629,0.296924,,0.298551,6.95819,-2.83709,73.0418,0.298551,0.64,-2.2843566238880157,0.17647972702980042,0.070591,999,,,,,,,60,2.4,60,2.4,,,,,,,,,,,,,,,,,,,"DaShawn Keirsey Jr.","24496",680577
"Mickey Gasper","MIN",16.842,30.07,26.526,6.44201,4.42645,1.36423,0.0844242,0.566905,3.2417,2.86407,2.76743,0.0339187,5.24214,0.513081,0.224921,0.0385629,0.608618,0.229331,0.0517093,0.242856,0.092033,0.174331,0.527921,0.323745,0.364767,0.30548,0.688512,0.12191,3.76971,0.280543,,-0.0356352,3.40379,-0.113739,99.3472,-0.0356352,-0.02,-0.058097394183278084,-0.27990739420056343,0.0686172,999,,,,,,,30.9,1.817647058,30.9,1.817647058,,,,,,,,,,,,,,,,,,,"Mickey Gasper","24759",681508
"Bryan Ramos","CHW",33.407,126.951,116.656,27.385,17.8922,5.75519,0.406182,3.33145,13.0753,13.5118,7.62144,0.0316425,29.0398,1.63226,0.92331,0.117536,2.09297,1.31968,0.332372,0.234749,0.0600345,0.228748,0.262448,0.288872,0.376721,0.290809,0.665593,0.141972,4.07538,0.28229,,-0.0846734,12.8713,-1.97914,87.8408,-0.0846734,-0.08,-1.8509055376052856,-1.7351551800966263,0.0667089,682.4099731445312,,,,,,,111.7,3.384848484,111.7,3.384848484,,,,,,,,,,,,,,,,,,,"Bryan Ramos","25621",682868
"Charles Leblanc","ATL",15.426,43.939,39.4227,8.79694,5.83585,1.74387,0.147391,1.06984,4.8602,4.43821,3.93189,0.0861358,13.3616,0.299778,0.241182,0.0434697,0.719736,0.333078,0.111069,0.223144,0.0894853,0.304094,0.294269,0.29681,0.35627,0.288211,0.653079,0.133125,4.0572,0.306237,,-0.0571453,4.36299,-0.776909,82.4591,-0.0571453,0,-0.9787872917950153,0.1614454686641693,0.0667041,999,,,,,,,38.6,2.573333333,38.6,2.573333333,,,,,,,,,,,,,,,,,,,"Charles Leblanc","19813",641779
"Robbie Grossman",,38.371,144.314,124.811,27.8903,18.3361,5.62636,0.67311,3.25474,15.9378,13.9796,16.8469,0.180039,33.8532,1.40882,1.0984,0.148433,2.1366,1.3986,0.405606,0.22346,0.116738,0.23458,0.497646,0.320091,0.357556,0.301881,0.677647,0.134097,4.13401,0.277422,,-0.17193,15.9178,-0.963819,94.3478,-0.17193,-0.29,-1.1262959986925125,-3.04173281788826,0.0661249,999,,,,,,,139,3.657894736,139,3.657894736,,,,,,,,,,,,,,,,,,,"Robbie Grossman","5254",543257
"Zach Dezenzo","HOU",15.601,58.93,54.2531,12.5435,8.29543,2.46376,0.146682,1.63765,6.58497,6.21387,3.74815,0.00376209,17.6247,0.548512,0.304881,0.0753145,0.963634,0.848996,0.22314,0.231204,0.0636034,0.299078,0.212665,0.286132,0.372579,0.288355,0.658711,0.141376,4.55028,0.308986,,-0.0199263,5.85842,-1.0351,88.171,-0.0199263,-0.06,-0.8175369035452604,-0.5415123365819454,0.0625257,539.1900024414062,,,,,,,60.3,3.76875,60.3,3.76875,,,,,,,,,,,,,,,,,,,"Zach Dezenzo","31562",701305
"Emmanuel Rivera","BAL",22.989,61.868,56.3972,13.6752,9.32432,2.47952,0.206212,1.66514,6.69705,6.84407,4.30888,0.00375106,13.4218,0.585899,0.464498,0.111528,1.31616,0.229974,0.0849623,0.24248,0.0696464,0.216942,0.321037,0.300697,0.382334,0.298955,0.68303,0.139854,3.19603,0.287495,,-0.100609,6.67829,-0.558913,96.7058,-0.100609,0,-0.33380167186260223,-1.1366108655929565,0.0611394,999,,,,,,,62,2.695652173,62,2.695652173,,,,,,,,,,,,,,,,,,,"Emmanuel Rivera","19890",656896
"René Pinto","ARI",7.255,21.055,19.5573,4.12487,2.53637,0.867649,0.0220641,0.698792,2.03137,2.67498,1.13052,0.00759959,7.23784,0.195339,0.128684,0.0431228,0.302318,0.0209517,0.00814542,0.210912,0.0536937,0.343759,0.156196,0.259412,0.364724,0.271688,0.624136,0.153812,2.06816,0.291597,,-0.029531,1.81069,-0.65228,70.8966,-0.029531,0.09,-0.7622890062630177,0.6497993767261505,0.0607958,999,,,,,,,17.7,2.528571428,17.7,2.528571428,,,,,,,,,,,,,,,,,,,"Rene Pinto","19859",650907
"Payton Eeles","MIN",5.204,16.315,14.4869,3.51407,2.47376,0.655197,0.0925085,0.292613,1.97145,1.42962,1.34588,0.0578208,3.09751,0.330922,0.108648,0.0427024,0.316774,0.662355,0.110513,0.24257,0.0824931,0.189857,0.434502,0.319001,0.361164,0.300709,0.680165,0.118594,6.39058,0.287493,,0.055411,1.78414,-0.124357,95.9913,0.055411,0,-0.019422005861997604,0.05994635820388794,0.0603548,999,,,,,,,16.2,3.24,16.2,3.24,,,,,,,,,,,,,,,,,,,"Payton Eeles","sa3023622",823356
"Jacob Hurtubise","CIN",8.518,28.223,24.5425,5.88935,4.53333,0.876437,0.16291,0.31667,3.20514,1.94162,2.46191,0.1042,6.00679,0.680691,0.15218,0.385742,0.576642,1.07996,0.277999,0.239966,0.0872307,0.212833,0.409855,0.324456,0.327661,0.292777,0.652117,0.0876957,6.06404,0.303338,,0.043641,2.90617,-0.395304,80.2509,0.043641,0.51,-0.6228784471750259,0.2658774256706238,0.0601957,999,,,,,,,22.4,2.488888888,22.4,2.488888888,,,,,,,,,,,,,,,,,,,"Jacob Hurtubise","27599",674441
"Seby Zavala","BOS",15.062,49.536,44.5137,8.38691,5.37042,1.69632,0.0555697,1.2646,4.45787,4.81764,3.7613,0.0233404,18.3221,0.597185,0.339096,0.324745,0.648488,0.171047,0.0704642,0.188412,0.0759306,0.369875,0.205287,0.258994,0.314244,0.255132,0.573238,0.125832,2.59455,0.281893,,-0.0709296,3.59993,-2.19469,57.4603,-0.0709296,0.25,-2.4820609390735626,1.412191390991211,0.0600497,999,,,,,,,30,2,30,2,,,,,,,,,,,,,,,,,,,"Seby Zavala","18887",664874
"Christian Cairo","ATL",10.009,29.609,26.3639,5.96956,4.36113,1.09853,0.151085,0.358817,3.40423,2.27919,2.68508,0.0169159,7.37227,0.330692,0.165536,0.0638293,0.557191,0.912505,0.160987,0.22643,0.0906846,0.248988,0.364213,0.304122,0.32039,0.280268,0.624511,0.09396,6.05054,0.298471,,0.0592123,2.75079,-0.712817,77.1131,0.0592123,0,-0.7511351630091667,0.32637786865234375,0.0579648,999,,,,,,,21.4,2.14,21.4,2.14,,,,,,,,,,,,,,,,,,,"Christian Cairo","sa3010028",686551
"Tim Anderson","LAA",24.996,97.696,91.4857,23.0576,18.1267,3.87368,0.233042,0.824178,9.87969,7.98771,4.11867,0.0456055,23.5611,0.607337,0.436002,0.120973,2.46042,2.318,0.821254,0.252035,0.042158,0.241168,0.174808,0.287473,0.326498,0.270655,0.613971,0.0744629,4.6437,0.329206,,-0.0490158,8.32045,-3.10784,72.403,-0.0490158,-0.28,-3.1339400708675385,0.4363756477832794,0.0577512,681.6199951171875,,,,,,,74.8,2.992,74.8,2.992,,,,,,,,,,,,,,,,,,,"Tim Anderson","15172",641313
"Hunter Feduccia","LAD",4.881,15.979,14.3714,3.10135,2.09559,0.664662,0.0463444,0.294753,1.60288,1.5628,1.39864,0.0297176,3.97619,0.0819437,0.107921,0.0191414,0.295484,0.0301706,0.00734804,0.215801,0.0875299,0.248839,0.351754,0.287091,0.330029,0.273801,0.61712,0.114228,2.89675,0.274932,,-0.024932,1.40133,-0.467858,75.6515,-0.024932,0.12,-0.4901778418570757,0.49662037938833237,0.0556212,749.739990234375,,,,,,,8.7,1.74,8.7,1.74,,,,,,,,,,,,,,,,,,,"Hunter Feduccia","23372",676439
"J.C. Escarra","NYY",10.668,38.333,34.5341,7.22163,4.81038,1.62052,0.100376,0.690353,3.49493,3.46307,2.92023,0.100185,7.22444,0.556158,0.248217,0.0743275,0.685473,0.214924,0.0478912,0.209116,0.0761805,0.188465,0.404215,0.279623,0.321826,0.267114,0.601449,0.11271,3.25126,0.243092,,-0.0410233,3.15546,-1.32866,71.6781,-0.0410233,0.02,-1.283249393105507,0.5392165370285511,0.0551315,999,,,,,,,31.4,2.854545454,31.4,2.854545454,,,,,,,,,,,,,,,,,,,"J.C. Escarra","sa738605",641555
"Michael Stefanic","TOR",14.071,42.376,38.2774,9.50527,7.79751,1.45394,0.0589363,0.194884,3.99984,3.34879,2.98761,0.0864848,5.48507,0.673241,0.261485,0.176272,1.14954,0.3326,0.131543,0.248326,0.0705024,0.129438,0.54468,0.311995,0.304664,0.277259,0.616659,0.0563379,3.13981,0.283344,,-0.0765073,3.83428,-1.12278,80.1687,-0.0765073,0,-1.0380701795220375,0.15570253133773804,0.0547639,999,,,,,,,32.9,2.35,32.9,2.35,,,,,,,,,,,,,,,,,,,"Michael Stefanic","25353",683021
"Joey Loperfido","TOR",38.17,142.5,129.222,28.1587,18.5385,5.94036,0.707798,2.97199,15.4941,13.0872,10.2269,0.50266,46.3677,1.99976,0.801491,0.250068,2.15961,3.43159,0.775815,0.21791,0.0717675,0.325387,0.22056,0.283904,0.343832,0.276236,0.627736,0.125923,5.7308,0.312166,,0.133262,12.7764,-3.893,79.4488,0.133262,0.4,-3.217602923512459,-1.0085814893245697,0.0541307,547.280029296875,,,,,,,118,3.105263157,118,3.105263157,,,,,,,,,,,,,,,,,,,"Joey Loperfido","29630",694388
"Brett Sullivan","SDP",7.791,24.437,22.5397,4.85667,3.21416,1.12178,0.074242,0.446488,2.26263,2.31665,1.51378,0.0546223,4.24681,0.153432,0.202869,0.0271973,0.373629,0.211968,0.0585997,0.215472,0.0619464,0.173786,0.356452,0.267265,0.331255,0.262383,0.59852,0.115784,3.90224,0.244341,,-0.0194344,1.91853,-0.940066,69.9453,-0.0194344,-0.03,-0.897691871970892,0.5711573679000139,0.0503213,999,,,,,,,13.9,1.7375,13.9,1.7375,,,,,,,,,,,,,,,,,,,"Brett Sullivan","18217",664954
"Jake Bauers","MIL",29.844,111.605,97.6746,20.305,11.4696,4.14463,0.322152,4.3686,12.9016,14.3866,12.1017,0.348944,35.5611,0.992496,0.733195,0.103029,1.19869,2.61787,0.740446,0.207884,0.108433,0.318634,0.340306,0.299539,0.391091,0.302215,0.69063,0.183208,4.78251,0.272519,,0.0325746,12.34,-0.715352,92.7061,0.0325746,0.01,-0.9408563077449799,-2.292777767404914,0.0498753,727.239990234375,,,,,,,105.1,3.503333333,105.1,3.503333333,,,,,,,,,,,,,,,,,,,"Jake Bauers","15194",641343
"César Salazar","HOU",4.956,15.177,13.566,2.87726,1.97476,0.625307,0.03719,0.240003,1.43103,1.33324,1.04187,0.0316424,2.95504,0.368076,0.147325,0.0537278,0.264878,0.103033,0.032047,0.212094,0.0686479,0.194705,0.352574,0.283484,0.316745,0.267558,0.600229,0.104651,3.51997,0.250731,,-0.0188365,1.25475,-0.520628,73.5418,-0.0188365,0.07,-0.4783008545637131,0.4524073973298073,0.0495774,749.9000244140625,,,,,,,8.7,1.74,8.7,1.74,,,,,,,,,,,,,,,,,,,"Cesar Salazar","21587",663967
"Eric Wagaman","MIA",35.297,144.513,133.871,32.5565,21.3422,6.96673,0.444791,3.80274,14.8142,16.2157,8.60933,0.142049,30.7942,0.775818,1.09429,0.162721,2.46029,1.79374,0.534908,0.243193,0.0595747,0.21309,0.279576,0.290555,0.387097,0.294381,0.677652,0.143904,4.0967,0.286483,,-0.0992864,15.0673,-1.83751,85.1832,-0.0992864,-0.05,-2.65977893024683,-1.6841203458607197,0.0483885,745.9500122070312,,,,,,,139.7,3.991428571,139.7,3.991428571,,,,,,,,,,,,,,,,,,,"Eric Wagaman","23395",676572
"Shay Whitcomb","HOU",13.06,45.011,41.5246,8.94886,5.76091,1.70271,0.0660309,1.41921,4.96904,4.79096,2.76287,0.147548,12.9552,0.432961,0.243574,0.0469818,0.637666,1.17213,0.168063,0.215507,0.061382,0.287823,0.213263,0.270098,0.362225,0.27542,0.632323,0.146718,5.1919,0.274867,,0.0968333,4.00605,-1.25925,79.0717,0.0968333,-0.06,-0.9810179099440575,-0.06000000518889559,0.0474507,680.0700073242188,,,,,,,34.5,2.653846153,34.5,2.653846153,,,,,,,,,,,,,,,,,,,"Shay Whitcomb","27789",694376
"David Bote","LAD",6.788,18.315,16.7271,3.82416,2.45227,0.781843,0.0272728,0.562779,2.05435,2.11574,1.19421,0.00111044,4.59813,0.246574,0.103228,0.0438688,0.363428,0.119061,0.0423788,0.228621,0.065204,0.251058,0.259717,0.288157,0.379557,0.29226,0.667714,0.150936,3.52635,0.279481,,-0.0240684,1.87831,-0.264146,88.0759,-0.0240684,0.02,-0.28521967865526676,0.12475308403372765,0.0464173,999,,,,,,,20.7,2.957142857,20.7,2.957142857,,,,,,,,,,,,,,,,,,,"David Bote","14593",623520
"J.D. Davis","LAA",35.163,135.431,120.716,27.2292,18.3329,4.77429,0.0975445,4.02445,14.4334,14.2733,11.8992,0.00821118,41.1249,1.98107,0.695253,0.139382,3.08275,0.171916,0.0701648,0.225564,0.0878616,0.303659,0.289343,0.303858,0.366744,0.296993,0.670603,0.14118,2.12774,0.304277,,-0.248209,14.4052,-1.43729,90.9299,-0.248209,-0.4,-1.653728410601616,-2.415515810251236,0.0460019,734.8800048828125,,,,,,,124.3,3.551428571,124.3,3.551428571,,,,,,,,,,,,,,,,,,,"J.D. Davis","16219",605204
"Nick Sogard","BOS",10.163,34.159,30.7175,7.07834,5.07627,1.38166,0.12965,0.490764,3.58954,2.95181,2.87308,0.080645,7.88882,0.258047,0.209623,0.100703,0.581664,0.735867,0.203947,0.230433,0.084109,0.230944,0.364196,0.299765,0.331784,0.280515,0.631549,0.101351,5.03742,0.292164,,0.000433762,3.18028,-0.815574,75.3147,0.000433762,0.04,-0.9643909745209385,0.25957097858190536,0.044811,999,,,,,,,22,2.2,22,2.2,,,,,,,,,,,,,,,,,,,"Nick Sogard","25483",686765
"Mike Brosseau","SDP",9.776,33.316,30.2643,6.68779,4.60359,1.18875,0.0779735,0.817485,3.32374,3.39532,2.19608,0.00201995,8.60676,0.583724,0.223351,0.0485371,0.624428,0.122043,0.0398774,0.220979,0.0659166,0.258337,0.255157,0.28459,0.346446,0.279032,0.631036,0.125466,2.98897,0.278697,,-0.0499989,3.06205,-0.835192,81.1512,-0.0499989,0,-0.8009245172142982,0.12241329252719879,0.044507,999,,,,,,,30.5,3.05,30.5,3.05,,,,,,,,,,,,,,,,,,,"Mike Brosseau","19683",670712
"Luis Guillorme","HOU",27.617,92.505,81.9012,18.0699,14.2547,3.12708,0.235678,0.452487,8.53748,6.21802,8.72196,0.381742,17.476,0.482498,0.709682,0.689637,2.17872,0.957525,0.396879,0.220631,0.0942863,0.18892,0.499082,0.297057,0.281142,0.261265,0.578199,0.0605107,3.57813,0.272369,,-0.151371,7.17922,-3.64183,69.1149,-0.151371,0.23,-3.420403227210045,0.7627353519201279,0.0439999,999,,,,,,,56.4,2.014285714,56.4,2.014285714,,,,,,,,,,,,,,,,,,,"Luis Guillorme","16451",641645
"Nick Ahmed","TEX",16.342,54.818,49.5826,10.7919,7.66206,1.99074,0.257649,0.881471,5.32381,4.56169,3.02843,0.0354683,13.1709,0.29744,0.359799,0.304619,0.983627,0.663246,0.202399,0.217655,0.0552452,0.240266,0.229933,0.265032,0.321531,0.258225,0.586563,0.103876,4.65079,0.276133,,-0.0357652,4.12026,-2.29225,65.449,-0.0357652,0.02,-2.2029185444116592,0.7765740342438221,0.0414187,999,,,,,,,37.7,2.35625,37.7,2.35625,,,,,,,,,,,,,,,,,,,"Nick Ahmed","12147",605113
"Kyren Paris","LAA",10.583,32.281,28.8892,5.92837,3.93194,1.19461,0.142425,0.659395,3.58027,2.48983,2.75781,0.0154665,10.7424,0.316927,0.150767,0.166301,0.42929,1.11579,0.253361,0.205211,0.0854314,0.332778,0.256722,0.280342,0.324897,0.269833,0.605239,0.119687,6.17301,0.298726,,0.0653678,2.72791,-1.04826,71.8249,0.0653678,0.02,-0.9753158539533615,0.29219650104641914,0.0405866,750.7899780273438,,,,,,,27.8,2.527272727,27.8,2.527272727,,,,,,,,,,,,,,,,,,,"Kyren Paris","26420",677347
"Gage Workman","CHC",19.471,78.552,71.8717,15.1831,9.67762,3.4288,0.443544,1.63318,8.30027,7.44486,5.65966,0.225832,27.8125,0.473279,0.422405,0.124918,0.966763,2.33162,0.349541,0.211253,0.0720499,0.354065,0.203494,0.271795,0.339474,0.268182,0.611269,0.128221,6.07381,0.31623,,0.201756,6.53365,-2.65521,72.7169,0.201756,0,-2.3610325008630753,0.13658107817173004,0.0404238,720.5499877929688,,,,,,,61.3,3.226315789,61.3,3.226315789,,,,,,,,,,,,,,,,,,,"Gage Workman","sa3014441",669398
"Luke Williams","ATL",19.692,53.471,49.154,10.6482,7.1645,2.26257,0.19561,1.02555,6.3126,4.46844,3.45657,0.067151,14.8064,0.399062,0.342284,0.11911,0.601822,2.50413,0.64222,0.21663,0.0646438,0.276906,0.23345,0.271853,0.333212,0.266332,0.605064,0.116581,6.52083,0.285843,,0.154278,4.3679,-1.88704,67.7333,0.154278,0.01,-1.908889576792717,0.5164814684540033,0.0400955,999,,,,,,,39.7,1.985,39.7,1.985,,,,,,,,,,,,,,,,,,,"Luke Williams","19931",663897
"Jacob Amaya","CHW",5.273,18.757,17.1513,3.64477,2.5612,0.75434,0.0525781,0.276657,1.67366,1.58868,1.35641,0.0035597,4.75591,0.102028,0.125254,0.0219613,0.352341,0.190699,0.0532389,0.212506,0.0723148,0.253554,0.285205,0.272388,0.31101,0.259505,0.583398,0.0985034,3.93797,0.275082,,-0.0151188,1.42915,-0.765012,65.8207,-0.0151188,0.26,-0.7486729947850108,0.5041203498840332,0.0393201,999,,,,,,,11.3,2.26,11.3,2.26,,,,,,,,,,,,,,,,,,,"Jacob Amaya","23296",676070
"Buddy Kennedy","PHI",7.104,22.396,20.0326,4.6149,3.16673,0.961943,0.0838289,0.402396,2.27772,2.17203,1.93826,0.0761444,5.00147,0.232667,0.169511,0.0229201,0.373002,0.178263,0.0563108,0.230369,0.0865449,0.22332,0.387538,0.303303,0.347018,0.28738,0.650322,0.116649,3.7228,0.284662,,-0.0286798,2.20887,-0.410969,82.5034,-0.0286798,0.02,-0.49726071022450924,0.12962962314486504,0.0390574,999,,,,,,,16.9,2.414285714,16.9,2.414285714,,,,,,,,,,,,,,,,,,,"Buddy Kennedy","22505",671083
"Garrett Stubbs","PHI",24.951,87.515,78.3573,15.5183,11.4946,2.61992,0.483665,0.920056,8.33516,5.91764,7.21035,0.0856938,22.478,0.971303,0.466229,0.491208,1.37621,1.8082,0.427369,0.198045,0.0823899,0.256847,0.320774,0.272397,0.279051,0.24949,0.551448,0.0810061,5.4328,0.263385,,0.0339349,5.96259,-4.27475,57.0012,0.0339349,0,-4.465939234942198,1.9252314567565918,0.0385876,999,,,,,,,57.5,2.3,57.5,2.3,,,,,,,,,,,,,,,,,,,"Garrett Stubbs","18067",596117
"Tyler Wade","SDP",40.736,123.406,111.105,23.7921,18.4203,4.20933,0.48045,0.681998,13.6117,6.00624,8.67509,0.286731,29.9008,1.10766,0.636836,1.88103,1.92144,8.01915,1.39595,0.21414,0.0702971,0.242297,0.290128,0.276279,0.279089,0.249607,0.555369,0.0649494,7.00069,0.284749,,0.818133,8.41946,-6.01633,61.3457,0.818133,-0.06,-4.886068522930145,1.1489267982542515,0.0384607,999,,,,,,,86.8,2.11707317,86.8,2.11707317,,,,,,,,,,,,,,,,,,,"Tyler Wade","15730",642180
"Jake Fraley","CIN",105.158,409.435,366.983,88.6309,61.4653,18.4754,2.28969,6.40047,47.7837,36.3372,34.2024,1.13817,80.1583,4.96315,2.86699,0.419672,5.95206,17.5404,4.50552,0.241512,0.0835355,0.195778,0.426685,0.312449,0.356657,0.295407,0.669106,0.115145,6.21216,0.290268,,0.898073,43.027,-4.8679,82.0213,0.898073,0.66,-7.90439110994339,-5.360096275806427,0.0382239,382.1600036621094,,,,,,,388.6,3.70095238,388.6,3.70095238,,,,,,,,,,,,,,,,,,,"Jake Fraley","19260",641584
"Reese McGuire","CHC",10.097,36.689,33.0452,6.78396,5.02571,1.23324,0.0965097,0.428495,3.12985,2.74641,2.46991,0.0564893,9.72896,0.35953,0.228881,0.484621,0.689926,0.326259,0.112785,0.205294,0.0673201,0.265174,0.253872,0.266274,0.287356,0.247789,0.553629,0.0820619,3.8416,0.274931,,-0.0419773,2.44946,-1.84235,58.9911,-0.0419773,0.2,-1.841161709278822,0.9790895134210587,0.0371498,999,,,,,,,15.1,1.51,15.1,1.51,,,,,,,,,,,,,,,,,,,"Reese McGuire","15674",624512
"Michael Helman","STL",18.361,48.829,45.108,9.4645,6.26408,1.97969,0.151835,1.06889,4.85319,4.54969,2.93298,0.022873,11.9622,0.400468,0.329322,0.058251,0.637307,1.35827,0.216813,0.209819,0.0600664,0.244982,0.245187,0.26241,0.331528,0.261193,0.593938,0.121709,5.42644,0.259074,,0.108275,3.78674,-1.92518,66.9352,0.108275,0.08,-1.822382815182209,0.5522479265928268,0.0367586,999,,,,,,,31.5,1.75,31.5,1.75,,,,,,,,,,,,,,,,,,,"Michael Helman","24605",680737
"Livan Soto","BAL",6.705,18.782,16.9292,3.76851,2.72293,0.712326,0.0616228,0.271637,1.81316,1.58216,1.46765,0.0483165,4.21443,0.120608,0.130083,0.134455,0.334113,0.186765,0.0538515,0.222604,0.0781413,0.224387,0.348244,0.287264,0.320097,0.269586,0.607361,0.0974933,3.974,0.278121,,-0.0181015,1.58345,-0.613635,76.0475,-0.0181015,0.05,-0.5328532215207815,0.2569444365799427,0.0361678,999,,,,,,,11.3,1.614285714,11.3,1.614285714,,,,,,,,,,,,,,,,,,,"Livan Soto","22471",670869
"Brady House","WSN",12.854,51.854,48.4567,11.0748,7.60924,2.062,0.115889,1.28765,4.84565,5.62247,2.42967,0.0224388,14.8289,0.647574,0.251729,0.0683288,0.965639,0.437626,0.11106,0.22855,0.0468559,0.285975,0.163846,0.273281,0.355606,0.275186,0.628887,0.127056,3.55059,0.300294,,-0.0416198,4.60534,-1.46044,75.2494,-0.0416198,0,-1.5763390138745308,0.19836418330669403,0.0360248,999,,,,,,,37.8,2.907692307,37.8,2.907692307,,,,,,,,,,,,,,,,,,,"Brady House","sa3017694",691781
"Carlos Pérez","CHC",9.612,26.234,23.9454,4.85931,3.19611,0.930104,0.00906105,0.724035,2.27035,2.93552,1.63191,0.0266994,5.61907,0.336774,0.197261,0.0511334,0.440272,0.000934318,0.000496055,0.202933,0.0622058,0.21419,0.290423,0.261496,0.333244,0.261915,0.594739,0.13031,1.26032,0.232325,,-0.0405661,2.04972,-1.01908,68.4988,-0.0405661,0,-1.0287848599255085,0.48195913434028625,0.0337504,999,,,,,,,22.3,2.23,22.3,2.23,,,,,,,,,,,,,,,,,,,"Carlos Perez","10642",542208
"Liover Peguero","PIT",13.21,51.303,47.6077,10.9152,7.62172,2.2162,0.258864,0.818429,5.26325,4.46392,2.7984,0.0451261,13.5173,0.343041,0.296977,0.256883,0.886549,1.31299,0.320594,0.229274,0.0545466,0.26348,0.207024,0.275372,0.338274,0.269283,0.613646,0.109,5.45912,0.300778,,0.0481639,4.31267,-1.68866,68.3259,0.0481639,-0.1,-1.8949943371117115,0.5115740522742271,0.0335674,999,,,,,,,39.7,3.053846153,39.7,3.053846153,,,,,,,,,,,,,,,,,,,"Liover Peguero","24273",678894
"Jorbit Vivas","NYY",4.358,17.207,15.4333,3.52089,2.43275,0.761417,0.0642852,0.262438,1.77926,1.48374,1.29935,0.0328158,2.82251,0.339774,0.114207,0.0203403,0.317391,0.372075,0.0625412,0.228136,0.0755128,0.164032,0.460353,0.300234,0.336816,0.283188,0.63705,0.10868,5.02884,0.261459,,0.0172075,1.63903,-0.373812,82.9843,0.0172075,0,-0.3178053144365549,0.06725308299064636,0.0333641,999,,,,,,,13.3,3.325,13.3,3.325,,,,,,,,,,,,,,,,,,,"Jorbit Vivas","sa3005511",678391
"Akil Baddoo","DET",10.459,30.589,27.1906,5.78222,3.59376,1.13351,0.247684,0.807257,3.74806,2.71765,2.9983,0.0902935,8.46716,0.155952,0.16532,0.0788037,0.339644,1.29663,0.32342,0.212655,0.0980188,0.276804,0.354109,0.292901,0.361627,0.287813,0.654528,0.148972,6.86695,0.27514,,0.0757934,3.0276,-0.550637,87.4353,0.0757934,0,-0.36397305876016617,-0.33718034625053406,0.0328988,999,,,,,,,29.8,2.98,29.8,2.98,,,,,,,,,,,,,,,,,,,"Akil Baddoo","22168",668731
"Isaac Collins","MIL",7.993,22.382,19.825,4.31403,2.87406,0.961731,0.0931385,0.385103,2.29673,2.06335,2.02634,0.0816717,5.2402,0.258367,0.14471,0.127538,0.35571,0.692828,0.12843,0.217605,0.0905344,0.234126,0.386691,0.296513,0.333787,0.279808,0.6303,0.116182,5.56075,0.273899,,0.0464802,2.07109,-0.547118,77.6244,0.0464802,0,-0.5523941554129124,0.12334875762462616,0.0326665,999,,,,,,,13.2,1.65,13.2,1.65,,,,,,,,,,,,,,,,,,,"Isaac Collins","25477",686555
"Joe Mack","MIA",4.113,15.845,14.3519,3.13579,2.0779,0.598401,0.0368391,0.422647,1.47302,1.70464,1.21462,0.0645725,4.35538,0.151656,0.0924778,0.0343038,0.304657,0.045095,0.0103556,0.218492,0.0766564,0.274874,0.278878,0.284748,0.353667,0.280028,0.638415,0.135175,2.59655,0.280678,,-0.0218484,1.469,-0.384516,75.5226,-0.0218484,-0.05,-0.48563498444855213,0.2673610858619213,0.0319521,999,,,,,,,8.7,2.175,8.7,2.175,,,,,,,,,,,,,,,,,,,"Joe Mack","sa3017374",691788
"Miguel Sanó",,12.848,48.559,42.9166,9.20341,5.11787,1.83815,0.020551,2.22684,5.72929,6.56012,4.80085,0.0141248,16.6334,0.524765,0.280292,0.036487,0.664574,0.216522,0.0856743,0.214449,0.0988664,0.342539,0.288628,0.299429,0.4139,0.311117,0.713328,0.199451,2.50071,0.286669,,-0.0737072,5.71699,0.0366546,100.701,-0.0737072,-0.09,-0.033871546387672424,-1.2796295583248138,0.0314378,999,,,,,,,50,3.846153846,50,3.846153846,,,,,,,,,,,,,,,,,,,"Miguel Sano","12164",593934
"Diego A. Castillo",,5.897,13.481,12.2113,2.85489,1.90146,0.639132,0.0219798,0.292315,1.41569,1.35014,1.06281,0.0248754,2.4914,0.0936385,0.0903042,0.0229914,0.257015,0.156539,0.0631328,0.233792,0.0788373,0.184808,0.42659,0.298063,0.361546,0.289961,0.659609,0.127754,3.75435,0.269239,,-0.0181993,1.35761,-0.219374,88.431,-0.0181993,0,-0.19665216840803623,0.04953336343169212,0.0312185,999,,,,,,,10.7,1.783333333,10.7,1.783333333,,,,,,,,,,,,,,,,,,,"Diego A. Castillo","19906",660636
"Harry Ford","SEA",2.903,6.952,6.12726,1.33137,0.895686,0.281902,0.0215883,0.132197,0.719259,0.623653,0.674044,0.0139741,1.72772,0.101784,0.039052,0.00986275,0.107071,0.190135,0.0263332,0.217287,0.0969568,0.248521,0.390135,0.303538,0.335067,0.285331,0.638605,0.11778,5.18879,0.278464,,0.0142799,0.674197,-0.139034,90.8778,0.0142799,0,-0.05828287545591593,0.127718985080719,0.0311057,999,,,,,,,2.6,0.866666666,2.6,0.866666666,,,,,,,,,,,,,,,,,,,"Harry Ford","sa3017627",695670
"Nicky Lopez","CHC",17.442,60.606,53.7599,12.728,10.3063,2.03857,0.324588,0.0585359,6.16615,3.60018,4.83416,0.0806811,9.60459,0.560777,0.348041,1.09281,1.59083,1.70905,0.504356,0.236756,0.0797637,0.158476,0.503318,0.304572,0.290018,0.268589,0.59459,0.0532619,5.36616,0.28506,,0.0142593,5.06081,-2.02876,72.9906,0.0142593,0,-1.943194990977645,0.22268518805503845,0.0307489,750.1599731445312,,,,,,,43.6,2.564705882,43.6,2.564705882,,,,,,,,,,,,,,,,,,,"Nicky Lopez","19339",670032
"Kody Clemens","PHI",19.31,64.425,59.1885,12.7237,7.60824,2.73331,0.265526,2.11667,6.80395,7.55328,4.24798,0.0738207,16.6676,0.428583,0.440174,0.11978,0.945821,0.679518,0.217264,0.21497,0.0659368,0.258713,0.254864,0.270589,0.377407,0.281526,0.647996,0.162437,4.36753,0.259695,,-0.0484639,6.05054,-1.48577,78.563,-0.0484639,0.04,-1.6999661102890968,-0.15866255015134811,0.0296189,748.9299926757812,,,,,,,55.2,2.905263157,55.2,2.905263157,,,,,,,,,,,,,,,,,,,"Kody Clemens","20572",665019
"Kevin Newman","LAA",61.316,225.081,208.397,49.6684,38.1548,8.68561,1.09219,1.73578,21.7606,16.7528,11.0991,0.0678169,36.5903,1.38691,1.53144,2.10941,4.3733,4.45888,1.44028,0.238335,0.0493115,0.162565,0.303334,0.279453,0.315482,0.262797,0.594935,0.0771475,5.00633,0.279323,,-0.0906895,17.7459,-8.58368,66.8755,-0.0906895,0.68,-8.621571354568005,1.4035911560058594,0.0294561,652,,,,,,,163.4,2.678688524,163.4,2.678688524,,,,,,,,,,,,,,,,,,,"Kevin Newman","17696",621028
"Grant McCray","SFG",33.325,126.56,115.318,24.4832,16.038,5.15374,0.639056,2.65237,14.4079,10.5418,9.24043,0.105671,43.5682,1.12684,0.646262,0.228019,1.68482,4.82478,0.876487,0.21231,0.0730122,0.34425,0.212091,0.275864,0.337086,0.270664,0.61295,0.124776,6.48744,0.313013,,0.402406,10.7797,-4.02509,73.8092,0.402406,0.66,-3.56134232878685,-0.398800790309906,0.0262771,734.5999755859375,,,,,,,104.5,3.166666666,104.5,3.166666666,,,,,,,,,,,,,,,,,,,"Grant McCray","25690",687529
"Alexander Canario","NYM",14.191,45.37,41.5589,8.43875,5.09894,1.72628,0.0994059,1.51413,4.71028,4.87778,3.10499,0.0381671,15.1304,0.351644,0.262932,0.09154,0.592359,0.657266,0.133969,0.203055,0.0684371,0.33349,0.205215,0.262716,0.358677,0.271648,0.621393,0.155622,4.57336,0.275035,,0.00997185,3.90027,-1.40703,76.0178,0.00997185,0.34,-1.2911543939262629,0.03340432047843933,0.0261413,748.8599853515625,,,,,,,38.3,2.735714285,38.3,2.735714285,,,,,,,,,,,,,,,,,,,"Alexander Canario","22842",672744
"Osleivis Basabe","SFG",4.722,15.842,14.8253,3.77057,2.80748,0.70185,0.0960082,0.165229,1.68576,1.3333,0.719799,0.00838501,2.81065,0.123281,0.106053,0.0675847,0.372002,0.345317,0.0959668,0.254334,0.0454361,0.177418,0.256097,0.292477,0.348062,0.28074,0.640539,0.0937286,5.47567,0.301564,,0.00145065,1.47781,-0.375361,80.5911,0.00145065,0.01,-0.36623130016960204,0.0828703660517931,0.0252197,999,,,,,,,13.3,2.66,13.3,2.66,,,,,,,,,,,,,,,,,,,"Osleivis Basabe","23985",678545
"Edward Olivares",,8.147,24.232,22.1675,5.54076,3.83006,1.07017,0.0969655,0.543566,2.79025,2.46189,1.50177,0.00146919,4.35555,0.346794,0.187592,0.028347,0.444331,0.670364,0.20638,0.24995,0.0619748,0.179744,0.344795,0.305298,0.380537,0.300444,0.685836,0.130588,5.14721,0.286274,,0.00568121,2.64475,-0.189863,89.2993,0.00568121,0,-0.30439055571332574,-0.2671075761318207,0.0243169,999,,,,,,,31.8,3.975,31.8,3.975,,,,,,,,,,,,,,,,,,,"Edward Olivares","19698",658668
"Kevin Pillar","TEX",27.177,100.191,92.3946,20.9897,13.3101,4.23292,0.597712,2.84899,11.4858,10.0486,5.06023,0.00607458,22.6021,1.72192,0.809889,0.204348,1.23459,2.3845,0.658289,0.227175,0.0505059,0.22559,0.223884,0.277756,0.378432,0.285639,0.656188,0.151257,5.83067,0.267747,,0.0517606,9.74126,-1.97889,84.7325,0.0517606,-0.77,-1.6984953619539738,-1.4101340174674988,0.0238871,750.219970703125,,,,,,,93.1,3.448148148,93.1,3.448148148,,,,,,,,,,,,,,,,,,,"Kevin Pillar","12434",607680
"Tim Tawa","ARI",10.467,40.664,37.5856,8.46799,5.75501,1.64968,0.11425,0.949053,4.16633,4.41691,2.48529,0.00997325,10.42,0.292056,0.254424,0.0466453,0.734071,0.582893,0.121544,0.225299,0.0611176,0.256245,0.238512,0.27686,0.351021,0.275484,0.627881,0.125722,4.51383,0.284044,,0.000090294,3.62126,-1.13553,73.4513,0.000090294,0,-1.290873951773392,0.16152776777744293,0.0232174,999,,,,,,,29.9,2.99,29.9,2.99,,,,,,,,,,,,,,,,,,,"Tim Tawa","sa3016970",694374
"Jahmai Jones","DET",9.246,26.846,24.0687,5.28958,3.4834,1.05995,0.110536,0.635695,2.93837,2.44544,2.12064,0.00162767,7.00108,0.337242,0.168372,0.151067,0.427278,0.608649,0.188147,0.21977,0.0789929,0.260787,0.302902,0.290222,0.352229,0.284072,0.642451,0.132459,5.19237,0.28035,,-0.00134931,2.5763,-0.564096,84.8037,-0.00134931,0.08,-0.46814112353604287,-0.20537038147449493,0.0228671,747.239990234375,,,,,,,24.2,2.688888888,24.2,2.688888888,,,,,,,,,,,,,,,,,,,"Jahmai Jones","18872",663330
"Brewer Hicklen","MIL",7.57,20.731,18.6164,3.76201,2.35461,0.713924,0.0942339,0.599241,2.33074,2.15876,1.58489,0.108505,7.20104,0.36987,0.123886,0.0359641,0.233293,1.08115,0.0716871,0.202081,0.0764505,0.347356,0.220093,0.276239,0.347121,0.27365,0.62336,0.14504,7.08393,0.289102,,0.154042,1.81557,-0.609506,73.4797,0.154042,0.03,-0.5034034997224808,0.029999995544447877,0.0224071,999,,,,,,,23.6,2.95,23.6,2.95,,,,,,,,,,,,,,,,,,,"Brewer Hicklen","20450",676551
"Harold Ramírez",,2.549,8.857,8.27429,2.13922,1.63728,0.351958,0.0325389,0.117444,0.89126,0.853202,0.389388,0.000537,1.68893,0.126132,0.0562632,0.0109285,0.235595,0.137111,0.0519984,0.258538,0.0439638,0.190689,0.230552,0.300104,0.351521,0.286741,0.651625,0.0929831,4.32318,0.30989,,-0.0106241,0.868993,-0.167082,83.0267,-0.0106241,0,-0.19039319921284914,0.10413874685764313,0.0215533,999,,,,,,,3.2,1.066666666,3.2,1.066666666,,,,,,,,,,,,,,,,,,,"Harold Ramirez","14387",623912
"Austin Shenton","SEA",17.567,61.811,55.088,11.3122,7.26752,2.46486,0.101864,1.47796,5.51805,6.42827,5.62178,0.132114,19.6998,0.619715,0.424545,0.0569324,0.959304,0.00180636,0.000612055,0.205348,0.0909512,0.31871,0.285373,0.284252,0.334277,0.274586,0.618529,0.12893,1.7058,0.286422,,-0.105463,5.45978,-1.77075,83.3192,-0.105463,-0.03,-1.2852086648344994,-0.5721913259476423,0.0209759,999,,,,,,,42.8,2.377777777,42.8,2.377777777,,,,,,,,,,,,,,,,,,,"Austin Shenton","25425",668853
"Petey Halpin","CLE",4.171,14.896,13.6925,3.08033,2.06988,0.650523,0.0671064,0.292823,1.50293,1.44345,0.995961,0.0155837,3.87238,0.0907656,0.0866156,0.0301792,0.232161,0.265999,0.0599751,0.224965,0.066861,0.259961,0.257196,0.280311,0.346434,0.275344,0.626745,0.121468,4.94498,0.289946,,0.00411918,1.32486,-0.417646,78.7165,0.00411918,0,-0.3586398456245661,0.06436727941036224,0.0208924,999,,,,,,,8.7,2.175,8.7,2.175,,,,,,,,,,,,,,,,,,,"Petey Halpin","sa3014461",690984
"Ryan Kreidler","DET",9.929,26.318,23.7036,4.58031,3.04138,0.917478,0.0689727,0.552476,2.61448,2.16419,2.02669,0.00461855,8.24883,0.316902,0.174575,0.096219,0.338559,0.74124,0.227647,0.193232,0.0770077,0.313429,0.245694,0.264051,0.307681,0.255415,0.571733,0.114449,5.23551,0.267153,,0.0135857,1.91861,-1.16002,64.6458,0.0135857,0.06,-1.0510455584153533,0.36645060405135155,0.0199047,999,,,,,,,24.2,2.42,24.2,2.42,,,,,,,,,,,,,,,,,,,"Ryan Kreidler","25867",668952
"Mitch Haniger","SEA",80.838,325.825,291.62,61.71,39.0614,11.725,0.422974,10.5006,31.4688,37.7522,27.9306,0.168585,91.8543,3.79516,2.13249,0.346456,5.65702,0.407527,0.150489,0.211611,0.0857227,0.281913,0.304075,0.287072,0.362742,0.286523,0.649813,0.151131,1.94287,0.267554,,-0.536795,31.9108,-6.20363,91.7163,-0.536795,-0.35,-3.6250506043434143,-7.04576501250267,0.0196984,652.9500122070312,,,,,,,289.4,3.572839506,289.4,3.572839506,,,,,,,,,,,,,,,,,,,"Mitch Haniger","14274",571745
"Blake Hunt","SEA",4.254,13.34,12.3691,2.47619,1.60256,0.549414,0.0338372,0.290375,1.08865,1.34371,0.71843,0.0044769,3.73025,0.151067,0.0863265,0.0151134,0.192518,0.0532318,0.00966449,0.200192,0.0538553,0.279629,0.192596,0.251086,0.32051,0.251641,0.571595,0.120317,3.17488,0.259144,,-0.0127431,0.931979,-0.628508,67.1799,-0.0127431,-0.07,-0.5137012545019388,0.2582407519221306,0.0195438,999,,,,,,,5.1,1.275,5.1,1.275,,,,,,,,,,,,,,,,,,,"Blake Hunt","sa3004153",675448
"Gustavo Campero","LAA",3.957,13.31,12.0209,2.83666,1.90298,0.523415,0.0771399,0.333127,1.58104,1.26259,0.856199,0.0551642,2.74883,0.280153,0.0888112,0.0638978,0.253559,0.485395,0.0654232,0.235976,0.0643275,0.206523,0.311478,0.299938,0.375489,0.295178,0.675427,0.139513,6.45057,0.277314,,0.0470298,1.39628,-0.160699,89.6531,0.0470298,0.03,-0.11054709926247597,-0.15319444425404072,0.0185853,748.280029296875,,,,,,,10.7,2.675,10.7,2.675,,,,,,,,,,,,,,,,,,,"Gustavo Campero","22707",672569
"Keston Hiura","COL",8.243,29.764,26.8582,6.63076,3.98979,1.29525,0.0756119,1.27012,3.59983,4.001,2.04201,0.0675384,9.26439,0.634929,0.195506,0.0333245,0.492886,0.28322,0.107888,0.24688,0.0686066,0.311261,0.220415,0.313067,0.442605,0.326468,0.755672,0.195725,3.92708,0.324509,,-0.0391348,3.87194,0.390208,96.2967,-0.0391348,-0.01,-0.1709444485604763,-0.6460339520126581,0.0179902,747.8800048828125,,,,,,,33.5,4.1875,33.5,4.1875,,,,,,,,,,,,,,,,,,,"Keston Hiura","20003",669374
"Luca Tresh","KCR",3.791,10.321,9.49541,2.08626,1.39046,0.439026,0.0284822,0.228292,0.984838,1.07797,0.674059,0.00314027,2.69275,0.0669643,0.0698684,0.0147036,0.165171,0.0342774,0.00754993,0.219712,0.0653094,0.2609,0.250324,0.274326,0.344074,0.271809,0.6184,0.124362,3.14758,0.279636,,-0.0130001,0.888589,-0.318741,70.5178,-0.0130001,0,-0.36116673704236746,0.1896127313375473,0.0178156,999,,,,,,,5.2,1.3,5.2,1.3,,,,,,,,,,,,,,,,,,,"Luca Tresh","sa3017394",681123
"Coco Montes","TBR",4.926,12.729,11.6846,2.57282,1.70579,0.559131,0.0385535,0.269344,1.23677,1.26071,0.825143,0.000771759,3.55309,0.120703,0.0855599,0.012976,0.19433,0.149259,0.0420344,0.220188,0.0648238,0.279133,0.232232,0.276711,0.343793,0.273199,0.620504,0.123604,4.17228,0.289827,,-0.00809408,1.11015,-0.378868,80.0143,-0.00809408,0,-0.2991791181266308,0.046770282089710236,0.0177554,999,,,,,,,10.7,2.14,10.7,2.14,,,,,,,,,,,,,,,,,,,"Coco Montes","21547",663796
"Cooper Hummel","HOU",7.892,23.594,20.7746,4.46304,2.92625,0.963081,0.110773,0.462931,2.73019,1.97666,2.31737,0.0486006,6.17871,0.345362,0.128692,0.0280108,0.389749,0.612225,0.16178,0.214832,0.0982186,0.261876,0.375057,0.302375,0.338705,0.285975,0.64108,0.123874,5.46973,0.280481,,0.013196,2.30036,-0.459626,86.4967,0.013196,0.09,-0.3513443311676383,-0.27537035942077637,0.0165042,999,,,,,,,12.2,1.525,12.2,1.525,,,,,,,,,,,,,,,,,,,"Cooper Hummel","19458",669450
"Jesús Bastidas","HOU",3.63,9.924,9.08214,1.91249,1.25866,0.384014,0.0204454,0.249378,1.01791,0.977782,0.594436,0.0243535,2.73624,0.180298,0.0561727,0.0109574,0.141671,0.192171,0.0320662,0.210578,0.0598988,0.27572,0.217245,0.27108,0.339737,0.268776,0.610817,0.129159,4.80059,0.270307,,0.00959096,0.830186,-0.330705,74.3983,0.00959096,0,-0.2811193447560072,0.10939153283834457,0.0164309,999,,,,,,,5.2,1.3,5.2,1.3,,,,,,,,,,,,,,,,,,,"Jesus Bastidas","sa916969",665846
"Tucker Barnhart","TEX",8.356,25.345,22.4652,4.42842,3.35535,0.784714,0.0252799,0.263074,2.12766,1.79885,2.15617,0.0462584,6.72602,0.199544,0.150194,0.147056,0.509257,0.104974,0.0401983,0.197123,0.0850727,0.265378,0.320571,0.271679,0.269435,0.245535,0.541114,0.0723118,2.6759,0.26656,,-0.0399948,1.64613,-1.31868,56.5227,-0.0399948,-0.03,-1.300834808498621,0.6147530991584063,0.0164012,999,,,,,,,9.3,1.1625,9.3,1.1625,,,,,,,,,,,,,,,,,,,"Tucker Barnhart","10200",571466
"Danny Mendick","CHW",23.822,67.795,62.6515,13.8681,9.83197,2.60828,0.111345,1.3165,6.44367,6.05366,3.88054,0.0103882,15.1203,0.625331,0.407762,0.229874,1.23308,1.25022,0.398859,0.221353,0.0572394,0.22303,0.256645,0.271945,0.329579,0.265469,0.601523,0.108225,4.32017,0.269218,,-0.0245745,5.49088,-2.43965,70.0154,-0.0245745,0,-2.3505272660404444,0.24909979104995728,0.0163751,999,,,,,,,50.4,2.1,50.4,2.1,,,,,,,,,,,,,,,,,,,"Danny Mendick","18889",664901
"Nick Madrigal","NYM",6.077,16.753,15.4413,3.94546,3.19394,0.630612,0.0795453,0.0413655,1.70911,1.21497,0.750014,0.0269135,1.94772,0.302025,0.0995817,0.160039,0.478845,0.359782,0.133593,0.255513,0.0447689,0.116261,0.385072,0.301182,0.314691,0.273709,0.615873,0.0591787,5.09737,0.288086,,-0.0154482,1.46798,-0.491757,77.4051,-0.0154482,0,-0.4681000327691436,0.06155570223927498,0.0156308,999,,,,,,,13.3,2.216666666,13.3,2.216666666,,,,,,,,,,,,,,,,,,,"Nick Madrigal","20521",663611
"Steward Berroa","TOR",4.919,12.302,11.0574,2.32014,1.58688,0.464258,0.058702,0.210295,1.48696,0.852975,1.00036,0.0171981,3.57889,0.0735958,0.0636416,0.107009,0.153188,0.85741,0.0670319,0.209827,0.081317,0.290919,0.279517,0.278319,0.319486,0.265766,0.597805,0.10966,7.6275,0.287764,,0.123469,0.999312,-0.439752,72.0838,0.123469,0.23,-0.26948102563619614,0.0022685229778289795,0.0147564,999,,,,,,,5.1,1.02,5.1,1.02,,,,,,,,,,,,,,,,,,,"Steward Berroa","22766",672642
"Jonathon Long","CHC",4.351,13.144,11.7374,2.79463,1.87201,0.502274,0.0219933,0.398344,1.3989,1.60072,1.15472,0.0756481,3.19791,0.153763,0.0773332,0.0208217,0.251907,0.041999,0.00909421,0.238097,0.0878517,0.243298,0.361087,0.312661,0.386451,0.305531,0.699113,0.148355,2.73455,0.291574,,-0.0197882,1.48839,-0.0491679,97.8557,-0.0197882,0,-0.05349172465503216,-0.24147559702396393,0.014742,999,,,,,,,10.7,2.675,10.7,2.675,,,,,,,,,,,,,,,,,,,"Jonathon Long","sa3022864",675085
"Austin Wynns","CIN",9.239,28.832,26.3821,5.62767,4.12829,0.951427,0.0174351,0.530521,2.44012,2.68451,1.75211,0.0133319,7.40655,0.299592,0.166012,0.186845,0.566064,0.103182,0.0499308,0.213314,0.0607697,0.256886,0.236563,0.268512,0.311027,0.257554,0.579538,0.0977125,2.22037,0.273878,,-0.0482557,2.15151,-1.2212,56.5437,-0.0482557,0,-1.546522170305252,0.7128857970237732,0.0130644,999,,,,,,,25.9,2.877777777,25.9,2.877777777,,,,,,,,,,,,,,,,,,,"Austin Wynns","15271",642851
"Luis Vazquez","BAL",7.673,12.77,11.7002,2.51715,1.78046,0.469248,0.0310391,0.236401,1.24434,1.08107,0.729121,0.0266887,3.30177,0.146236,0.0719184,0.122485,0.244626,0.215243,0.0419031,0.215137,0.0570964,0.258557,0.220827,0.268235,0.321162,0.260028,0.589397,0.106026,4.54723,0.276992,,0.00532744,0.97835,-0.51546,69.3237,0.00532744,0,-0.44290166487917304,0.1407627910375595,0.0127606,999,,,,,,,7.8,0.975,7.8,0.975,,,,,,,,,,,,,,,,,,,"Luis Vazquez","23442",676679
"Donovan Walton","NYM",14.327,43.691,39.494,8.69735,6.17861,1.79194,0.0975831,0.629217,4.04932,3.73325,3.03543,0.204591,7.67195,0.573793,0.27953,0.308227,0.93886,0.336645,0.123027,0.220219,0.069475,0.175596,0.395653,0.283674,0.318329,0.266442,0.602003,0.0981098,3.46093,0.256356,,-0.0581328,3.57288,-1.53801,72.5141,-0.0581328,0,-1.4941608496010303,0.16053424775600433,0.0125304,999,,,,,,,38.6,2.757142857,38.6,2.757142857,,,,,,,,,,,,,,,,,,,"Donovan Walton","19314",622268
"Pedro León","HOU",9.364,33.754,30.7299,6.19496,4.1014,1.18257,0.0563922,0.854599,3.73381,2.93317,2.1727,0.0480795,11.1654,0.565227,0.142955,0.143263,0.481083,1.22366,0.181026,0.201594,0.0643688,0.330788,0.194592,0.265775,0.327177,0.262559,0.592952,0.125583,5.83117,0.283266,,0.117816,2.65478,-1.2937,70.0255,0.117816,0.18,-1.039850391447544,0.035493820905685425,0.0124812,745.3400268554688,,,,,,,25.8,2.866666666,25.8,2.866666666,,,,,,,,,,,,,,,,,,,"Pedro Leon","27781",694175
"Willie Calhoun",,1.724,6.276,5.65366,1.30035,0.909755,0.247373,0.00974147,0.13348,0.608568,0.636372,0.514911,0.0171143,0.882789,0.0480537,0.0539617,0.00541335,0.127933,0.0197441,0.00810945,0.230001,0.0820444,0.140661,0.583277,0.297151,0.34803,0.284511,0.645182,0.118029,2.419,0.248728,,-0.0108238,0.604497,-0.129657,82.3987,-0.0108238,0,-0.14006962720304728,0.03689594194293022,0.0109404,999,,,,,,,2.6,1.3,2.6,1.3,,,,,,,,,,,,,,,,,,,"Willie Calhoun","17838",641432
"Chuckie Robinson","LAA",6.304,19.199,17.8903,3.70808,2.7581,0.607957,0.0268234,0.315201,1.5949,1.64373,0.967495,0.0332605,5.04274,0.197995,0.0987161,0.044522,0.42143,0.113953,0.0447154,0.207268,0.050393,0.262656,0.191859,0.254435,0.297105,0.24421,0.55154,0.0898368,2.93961,0.268614,,-0.0260236,1.22647,-1.01939,53.8007,-0.0260236,0.01,-1.0409150216728449,0.49641973711550236,0.00986441,999,,,,,,,10.3,1.716666666,10.3,1.716666666,,,,,,,,,,,,,,,,,,,"Chuckie Robinson","19824",642020
"Dom Nuñez","CLE",1.749,6.182,5.48485,0.992247,0.603375,0.214895,0.00735638,0.166622,0.544666,0.618038,0.578425,0.00984805,1.953,0.0512903,0.0350415,0.0323948,0.0835377,0.0183754,0.0093225,0.180907,0.093566,0.315917,0.296173,0.263751,0.313905,0.257916,0.577655,0.132998,2.32327,0.242812,,-0.00975493,0.463117,-0.260041,66.4576,-0.00975493,0,-0.24701728485524654,0.13495369255542755,0.00970982,999,,,,,,,3.6,1.8,3.6,1.8,,,,,,,,,,,,,,,,,,,"Dom Nunez","15055",624513
"Andre Lipcius","CHW",3.68,9.359,8.54699,1.88843,1.27916,0.380858,0.0162375,0.212179,0.869914,0.929671,0.688469,0.0119298,2.26058,0.0482586,0.0666517,0.00863249,0.151128,0.0736834,0.0140203,0.220947,0.0735622,0.241541,0.304554,0.280755,0.343782,0.274917,0.624537,0.122835,3.42693,0.272966,,-0.0067577,0.829177,-0.265621,76.6614,-0.0067577,0,-0.25668274937197566,0.03438786044716835,0.00926322,999,,,,,,,5.2,1.3,5.2,1.3,,,,,,,,,,,,,,,,,,,"Andre Lipcius","25822",686531
"Cooper Bowman","ATH",8.609,30.887,28.0322,6.04541,4.00825,1.26696,0.0696278,0.700569,3.39593,2.82843,2.14307,0.0175917,7.96939,0.346055,0.188524,0.177136,0.486436,1.29902,0.12268,0.215659,0.0693843,0.258018,0.268913,0.277909,0.340798,0.273164,0.618707,0.125139,5.91977,0.273383,,0.158976,2.69291,-0.920195,67.0499,0.158976,0,-1.0580346435308456,0.11348838359117508,0.00867757,750.969970703125,,,,,,,25.8,2.866666666,25.8,2.866666666,,,,,,,,,,,,,,,,,,,"Cooper Bowman","sa3016966",688682
"Justin Turner","CHC",80.088,331.983,298.104,71.8014,51.2565,13.8652,0.480602,6.19906,32.2772,35.1661,24.9316,0.0201281,60.3525,5.52802,3.01843,0.401111,5.9606,1.00844,0.457263,0.24086,0.075099,0.181794,0.413099,0.308403,0.352981,0.293173,0.661384,0.112121,2.41966,0.27967,,-0.628286,34.2906,-4.54412,89.5374,-0.628286,-0.01,-4.78181916475296,-6.189629325643182,0.00866679,519.8300170898438,,,,,,,297.1,3.71375,297.1,3.71375,,,,,,,,,,,,,,,,,,,"Justin Turner","5235",457759
"Armando Alvarez","MIN",3.36,8.348,7.72279,1.73092,1.1451,0.390693,0.0136287,0.181499,0.814167,0.834414,0.516735,0.00979078,1.81646,0.0395552,0.0578915,0.0110272,0.137877,0.0967688,0.020621,0.224132,0.0618993,0.217593,0.284473,0.274346,0.348756,0.272753,0.623102,0.124624,3.96238,0.26794,,-0.00234873,0.725066,-0.251467,76.3264,-0.00234873,0,-0.2284755166620016,0.030673131346702576,0.00831206,999,,,,,,,6.2,2.066666666,6.2,2.066666666,,,,,,,,,,,,,,,,,,,"Armando Alvarez","19292",669137
"Grae Kessinger","ARI",22.654,58.176,52.7581,11.2804,7.685,2.26871,0.107529,1.2192,5.78043,5.85455,4.31179,0.111125,15.1635,0.527928,0.402272,0.175912,0.910801,0.887222,0.300731,0.213814,0.0741163,0.260649,0.284353,0.277933,0.33022,0.268908,0.608154,0.116406,4.13789,0.273569,,-0.0423267,4.87284,-1.93248,69.025,-0.0423267,-0.01,-2.197171736508608,0.339598735794425,0.00823597,999,,,,,,,40.7,1.769565217,40.7,1.769565217,,,,,,,,,,,,,,,,,,,"Grae Kessinger","25813",666197
"Jonathan Ornelas","TEX",7.868,25.287,23.1994,5.0687,3.75671,0.906769,0.0824436,0.322773,2.44616,1.92933,1.60341,0.0721382,6.82617,0.256843,0.127035,0.100337,0.533156,0.421598,0.0664901,0.218484,0.0634084,0.269948,0.234892,0.275104,0.306417,0.258125,0.58152,0.0879323,4.79199,0.293366,,0.0136286,1.89859,-1.05943,65.3784,0.0136286,-0.02,-0.9880990227684379,0.22283950075507164,0.00802425,999,,,,,,,13.9,1.7375,13.9,1.7375,,,,,,,,,,,,,,,,,,,"Jonathan Ornelas","24597",680716
"Victor Mesa Jr.","MIA",16.986,67.072,61.9853,14.0048,9.48815,2.96205,0.303633,1.25101,6.2945,6.39747,3.9604,0.10153,15.7066,0.421306,0.484041,0.221001,1.15517,0.96137,0.170635,0.225938,0.0590469,0.234175,0.252148,0.275038,0.344069,0.271029,0.619106,0.11813,4.68367,0.280232,,0.0145002,5.7325,-2.11346,69.4657,0.0145002,0,-2.43450849596411,0.26212960481643677,0.00631912,999,,,,,,,48.4,2.847058823,48.4,2.847058823,,,,,,,,,,,,,,,,,,,"Victor Mesa Jr.","sa3010700",683748
"Brandon Lockridge","SDP",17.245,43.807,40.0646,8.81504,6.34953,1.76239,0.142482,0.560628,4.88068,3.08638,2.92013,0.0237237,12.1823,0.370607,0.233819,0.217874,0.652909,2.29489,0.276338,0.220021,0.066659,0.278091,0.239702,0.277725,0.313102,0.262773,0.590826,0.0930808,6.50019,0.299556,,0.271163,3.45297,-1.67148,70.2073,0.271163,0.33,-1.2895202338695526,-0.11354425549507141,0.00575798,748.1699829101562,,,,,,,38.4,2.258823529,38.4,2.258823529,,,,,,,,,,,,,,,,,,,"Brandon Lockridge","21496",663604
"Oscar Gonzalez","SDP",6.362,24.114,22.7864,5.66588,3.85237,1.13319,0.0861739,0.594145,2.52416,2.66277,0.959222,0.0367326,5.61389,0.176581,0.170439,0.0214019,0.481281,0.15699,0.0494591,0.248653,0.0397786,0.232806,0.170866,0.282314,0.384171,0.288323,0.666486,0.135519,3.71003,0.302813,,-0.0277122,2.39663,-0.424182,87.4048,-0.0277122,-0.07,-0.390902753919363,-0.3645370379090309,0.00491401,999,,,,,,,25.9,4.316666666,25.9,4.316666666,,,,,,,,,,,,,,,,,,,"Oscar Gonzalez","20970",660757
"Tyler Callihan","CIN",4.276,14.202,12.9916,2.87138,1.87767,0.608786,0.0558097,0.329111,1.51289,1.36705,0.924082,0.0252391,4.03531,0.114075,0.0768241,0.0954266,0.192713,0.418476,0.0635228,0.221018,0.065067,0.284136,0.228999,0.277143,0.352468,0.275834,0.629611,0.131449,5.76945,0.292081,,0.0351543,1.26874,-0.392585,68.8473,0.0351543,0,-0.49390824884176254,0.06598765403032303,0.00464958,999,,,,,,,9.7,2.425,9.7,2.425,,,,,,,,,,,,,,,,,,,"Tyler Callihan","sa1169610",682997
"Taylor Trammell","HOU",32.729,90.646,80.5025,16.1852,9.84827,3.23585,0.290259,2.81086,10.6526,8.87178,8.33918,0.15285,28.3612,0.969695,0.572581,0.262032,1.12725,2.49941,0.667044,0.201053,0.0919973,0.312879,0.294035,0.282065,0.353209,0.280447,0.635274,0.152156,5.61744,0.268007,,0.0797353,8.43439,-2.1692,82.6077,0.0797353,0.25,-1.724159136414528,-1.2652314901351929,0.00334015,999,,,,,,,73.5,2.227272727,73.5,2.227272727,,,,,,,,,,,,,,,,,,,"Taylor Trammell","19960",666211
"Aaron Hicks",,2.018,6.962,6.08138,1.32565,0.919321,0.233581,0.0279253,0.144818,0.759594,0.61541,0.771971,0.0167559,1.71147,0.0510265,0.041824,0.0157975,0.130653,0.111814,0.0344594,0.217984,0.110883,0.245831,0.451056,0.309326,0.337018,0.288912,0.646344,0.119033,4.61547,0.276741,,-0.00521236,0.695233,-0.119168,85.4262,-0.00521236,0,-0.1239245175383985,-0.07674162089824677,0.00323214,999,,,,,,,2.6,1.3,2.6,1.3,,,,,,,,,,,,,,,,,,,"Aaron Hicks","5297",543305
"Wilmer Flores","SFG",86.537,344.196,309.315,72.1913,47.7626,13.6268,0.196546,10.6054,35.3086,38.6845,27.2066,0.0208686,51.1025,3.81337,3.17543,0.340677,5.82519,0.0268435,0.0244905,0.233391,0.079044,0.148469,0.532394,0.300461,0.381577,0.299098,0.682037,0.148186,1.3561,0.245575,,-0.626171,37.1937,-3.06968,92.9473,-0.626171,0.15,-3.529014468193054,-7.914048761129379,0.00196311,653.6599731445312,,,,,,,331.2,3.806896551,331.2,3.806896551,,,,,,,,,,,,,,,,,,,"Wilmer Flores","5827",527038
"Luke Ritter","NYM",3.687,13.7,12.3136,2.39048,1.55074,0.456014,0.024594,0.359133,1.30284,1.32662,1.09471,0.0183547,4.84396,0.199455,0.0708851,0.0213696,0.220393,0.0685753,0.0171324,0.194134,0.0799057,0.353574,0.225994,0.269373,0.322659,0.263533,0.592031,0.128525,3.1959,0.282864,,-0.015532,1.08825,-0.514348,70.5559,-0.015532,0,-0.49790174793452024,0.056898146867752075,0.0015719,999,,,,,,,2.2,0.55,2.2,0.55,,,,,,,,,,,,,,,,,,,"Luke Ritter","sa3009878",682239
"Matthew Lugo","LAA",4.658,15.835,14.6742,3.38177,2.18717,0.706591,0.0758735,0.412143,1.74545,1.57824,0.888297,0.0327188,4.18507,0.157281,0.0890358,0.026166,0.208713,0.411597,0.067498,0.230457,0.0560971,0.264293,0.212254,0.280056,0.373208,0.284168,0.653264,0.142751,5.6411,0.292113,,0.0297263,1.52084,-0.331507,81.9085,0.0297263,0,-0.2980659194290638,-0.21564814448356628,0.00146179,749.219970703125,,,,,,,7.7,1.54,7.7,1.54,,,,,,,,,,,,,,,,,,,"Matthew Lugo","sa1169598",683090
"Carlos D. Rodriguez","ATL",3.744,12.846,11.7994,3.06953,2.30996,0.59934,0.0729156,0.0873154,1.43665,1.0889,0.881257,0.0252659,1.90283,0.0546338,0.0808459,0.0299037,0.28039,0.272357,0.0685761,0.260144,0.0686016,0.148126,0.46313,0.31253,0.345497,0.290261,0.658028,0.0853536,5.15413,0.301536,,0.00127949,1.29677,-0.205934,83.8394,0.00127949,0,-0.2469684351235628,-0.1733333319425583,0.000772813,999,,,,,,,10.7,2.675,10.7,2.675,,,,,,,,,,,,,,,,,,,"Carlos D. Rodriguez","sa3005478",677578
"Joey Wendle",,15.566,46.445,43.1,10.1758,7.52601,2.08732,0.297852,0.264628,4.72623,3.50458,2.23357,0.0848239,9.53979,0.527837,0.323783,0.196958,0.941353,1.4239,0.40553,0.236098,0.0480907,0.2054,0.234132,0.280116,0.316768,0.263144,0.596884,0.0806707,5.95935,0.294806,,0.0400143,3.6748,-1.75825,67.7002,0.0400143,0,-1.7151884995400906,0.1706532984972,0.000302752,999,,,,,,,29.7,1.85625,29.7,1.85625,,,,,,,,,,,,,,,,,,,"Joey Wendle","13853",621563
"Nick Kurtz","ATH",7.876,33.694,30.3076,6.43097,4.06061,1.24809,0.108617,1.01365,3.51864,3.33373,2.76566,0.119309,9.62947,0.347148,0.187027,0.0865295,0.566698,0.338375,0.0686747,0.21219,0.0820818,0.285792,0.287208,0.283978,0.360874,0.282784,0.644852,0.148685,4.07758,0.272892,,-0.0158127,3.19854,-0.742918,86.6771,-0.0158127,0,-0.5294490624219179,-0.6077160239219666,-0.00144154,999,,,,,,,24.9,3.1125,24.9,3.1125,,,,,,,,,,,,,,,,,,,"Nick Kurtz","sa3025385",701762
"Tony Kemp",,2.962,8.469,7.50393,1.612,1.24977,0.289119,0.0343015,0.0388188,0.799832,0.5263,0.709031,0.00466379,1.1595,0.101206,0.0759313,0.0789053,0.16218,0.186079,0.0668576,0.214821,0.0837207,0.136911,0.611498,0.288703,0.278012,0.257232,0.566715,0.0631906,4.7395,0.246521,,-0.0060836,0.629783,-0.360904,65.4091,-0.0060836,0,-0.34128020936623216,0.031117724254727364,-0.00287566,999,,,,,,,6.2,2.066666666,6.2,2.066666666,,,,,,,,,,,,,,,,,,,"Tony Kemp","14894",643393
"Tristan Gray","CHW",6.63,14.267,13.1733,2.43188,1.46096,0.538235,0.0359652,0.396718,1.20216,1.44974,0.836621,0.00474749,4.6205,0.144057,0.091712,0.021292,0.181438,0.0578349,0.0112475,0.184606,0.0586403,0.323859,0.181067,0.23955,0.32127,0.246518,0.56082,0.136664,3.23931,0.246752,,-0.0122213,0.937907,-0.73102,56.685,-0.0122213,0.01,-0.7193136401474476,0.21462962962687016,-0.00300394,999,,,,,,,4.1,0.585714285,4.1,0.585714285,,,,,,,,,,,,,,,,,,,"Tristan Gray","19877",656484
"Brian Serven","DET",10.614,27.376,24.8841,4.66809,3.19801,0.938064,0.0496337,0.48239,2.1749,2.28827,1.83375,0.00423534,8.0142,0.358439,0.171092,0.128585,0.443804,0.0378379,0.0161371,0.187593,0.0669837,0.292746,0.228812,0.251777,0.287436,0.241639,0.539213,0.0998428,2.34202,0.252781,,-0.0414763,1.69219,-1.51021,54.9551,-0.0414763,0,-1.4524568878114223,0.5029394626617432,-0.00381344,999,,,,,,,11.9,1.081818181,11.9,1.081818181,,,,,,,,,,,,,,,,,,,"Brian Serven","19422",661531
"Joey Meneses","NYM",1.707,7.134,6.59607,1.57433,1.1109,0.292902,0.00484038,0.16569,0.694408,0.755221,0.415067,0.00357756,1.4663,0.0565966,0.0596357,0.00663502,0.16129,0.0091683,0.00429776,0.238677,0.0581815,0.205537,0.28307,0.287062,0.359909,0.283353,0.646971,0.121232,1.84097,0.280399,,-0.012369,0.680491,-0.15403,83.8964,-0.012369,0,-0.14974693022668362,-0.1310626119375229,-0.00446575,999,,,,,,,4.2,2.1,4.2,2.1,,,,,,,,,,,,,,,,,,,"Joey Meneses","14366",608841
"Sandy León","ATL",4.831,17.931,15.7208,2.74252,1.98592,0.446895,0.00753028,0.302179,1.50654,1.41533,1.58355,0.0112426,5.7084,0.188469,0.104627,0.156004,0.335779,0.0184367,0.0132362,0.174452,0.0883134,0.318354,0.277407,0.256546,0.261502,0.236674,0.518048,0.08705,1.82586,0.248639,,-0.0312439,1.03671,-1.06082,47.7715,-0.0312439,0.13,-1.151127628982067,0.5027623176574707,-0.00529248,999,,,,,,,6.8,1.36,6.8,1.36,,,,,,,,,,,,,,,,,,,"Sandy Leon","5273",506702
"Billy Hamilton",,4.169,16.792,15.3213,2.9267,2.04757,0.533165,0.137449,0.208517,1.82468,0.989125,1.17658,0.0159494,5.29911,0.0566396,0.0832918,0.154184,0.201799,0.878372,0.123508,0.191021,0.0700677,0.315573,0.222033,0.250028,0.284591,0.238283,0.534619,0.0935701,7.72649,0.274648,,0.0998855,0.99261,-0.971686,50.5982,0.0998855,0.19,-0.8707001730799675,0.254336416721344,-0.0058748,999,,,,,,,9.6,2.4,9.6,2.4,,,,,,,,,,,,,,,,,,,"Billy Hamilton","10199",571740
"DJ Stewart","PIT",38.144,127.49,109.872,23.4647,14.174,4.84339,0.234075,4.21329,14.0804,14.4424,14.2128,0.191876,33.9036,2.37773,0.762549,0.265034,1.91251,0.855974,0.261282,0.213565,0.111482,0.265931,0.419214,0.314839,0.37695,0.306657,0.691788,0.163385,3.29322,0.265473,,-0.175919,14.5521,-0.361399,93.481,-0.175919,-0.47,-1.1697609573602676,-3.1362018287181854,-0.00623988,749.6599731445312,,,,,,,120.8,3.178947368,120.8,3.178947368,,,,,,,,,,,,,,,,,,,"DJ Stewart","17766",621466
"Kenedy Corona","HOU",2.303,6.303,5.77887,1.21602,0.830969,0.245955,0.0154204,0.123676,0.669422,0.53463,0.409494,0.0248042,1.78771,0.0696209,0.0312538,0.0137614,0.0949281,0.217818,0.0334194,0.210425,0.0649681,0.283628,0.229061,0.26953,0.322527,0.260911,0.592057,0.112102,5.84202,0.280179,,0.0198846,0.487373,-0.24994,68.8658,0.0198846,0,-0.20465397275984287,-0.06947751343250275,-0.0066116,999,,,,,,,-0.4,-0.2,-0.4,-0.2,,,,,,,,,,,,,,,,,,,"Kenedy Corona","sa3009845",685744
"Garrett Cooper","ATL",13.111,45.262,41.0644,9.98931,6.80761,1.90727,0.103439,1.17099,5.08909,4.94007,3.30621,0.00274424,12.4872,0.571011,0.266667,0.0536726,0.926593,0.0598084,0.0245389,0.243259,0.073046,0.275888,0.264767,0.306725,0.380291,0.301892,0.687016,0.137032,2.5569,0.318663,,-0.0822842,4.99277,-0.301892,91.6677,-0.0822842,-0.03,-0.5332669243216515,-1.041651276871562,-0.00698656,750.5499877929688,,,,,,,42.2,3.246153846,42.2,3.246153846,,,,,,,,,,,,,,,,,,,"Garrett Cooper","15279",643265
"Braden Shewmake","NYY",3.751,11.216,10.5037,2.15914,1.43073,0.467482,0.0359532,0.224968,1.09857,0.984655,0.54329,0.0115349,2.54377,0.0853745,0.067617,0.0159925,0.158376,0.318778,0.0718785,0.205559,0.0484389,0.226799,0.213577,0.248911,0.321165,0.249732,0.570076,0.115606,5.51163,0.247888,,0.0184817,0.766352,-0.545674,59.451,0.0184817,0,-0.5019016861915588,0.057885799556970596,-0.00724231,999,,,,,,,3.2,0.8,3.2,0.8,,,,,,,,,,,,,,,,,,,"Braden Shewmake","25817",669699
"Martín Maldonado","SDP",15.663,55.471,48.4,8.75159,5.55678,1.5219,0,1.67291,4.89905,5.48534,3.87861,0.038944,18.6898,0.560622,0.29929,0.866189,0.864659,0.160546,0.0954209,0.180818,0.0699213,0.336929,0.207525,0.248235,0.315955,0.250232,0.56419,0.135137,2.22778,0.249807,,-0.0851223,3.81247,-2.67642,61.7667,-0.0851223,-0.51,-2.6212367489933968,0.6985647678375244,-0.00779046,999,,,,,,,42,2.625,42,2.625,,,,,,,,,,,,,,,,,,,"Martin Maldonado","6887",455117
"Niko Goodrum","SDP",2.461,7.372,6.6045,1.37184,0.93264,0.284454,0.0207577,0.133984,0.748725,0.638597,0.648802,0.0140147,2.31691,0.0527815,0.0412422,0.0177016,0.133121,0.101606,0.0325121,0.207712,0.0880089,0.314285,0.280029,0.282201,0.317928,0.267578,0.600129,0.110216,4.34671,0.295089,,-0.00563384,0.609593,-0.25277,73.4418,-0.00563384,0,-0.23975763795897365,-0.08126102387905121,-0.00779992,999,,,,,,,1.6,0.8,1.6,0.8,,,,,,,,,,,,,,,,,,,"Niko Goodrum","12092",592348
"Dominic Smith","NYY",2.032,7.609,6.81712,1.52517,1.02147,0.300564,0.0114948,0.191636,0.746947,0.794414,0.617871,0.017864,1.69912,0.117883,0.0487836,0.007344,0.142846,0.014895,0.00623234,0.223726,0.0812026,0.223304,0.363641,0.297425,0.355521,0.288394,0.652945,0.131795,2.46758,0.268038,,-0.0132729,0.75667,-0.133416,86.6465,-0.0132729,-0.02,-0.12953235115855932,-0.20187655463814735,-0.00803076,732.7100219726562,,,,,,,7.2,3.6,7.2,3.6,,,,,,,,,,,,,,,,,,,"Dominic Smith","15653",642086
"Gabriel Rincones Jr.","PHI",2.482,7.751,7.03793,1.48155,0.944459,0.317609,0.0255051,0.193975,0.844836,0.757459,0.574693,0.00920129,2.27315,0.0903546,0.0381906,0.0098363,0.108674,0.217432,0.035534,0.210509,0.0741444,0.293272,0.252818,0.277296,0.345569,0.274711,0.622866,0.13506,5.49696,0.279361,,0.0164645,0.685432,-0.221265,73.9766,0.0164645,0,-0.22473899088799953,-0.1149074137210846,-0.00842027,999,,,,,,,1.6,0.8,1.6,0.8,,,,,,,,,,,,,,,,,,,"Gabriel Rincones Jr.","sa3020758",687282
"Quincy Hamilton","HOU",3.806,10.54,9.49014,1.92368,1.24624,0.406113,0.0355814,0.23575,1.09561,0.94993,0.835187,0.00873661,2.74751,0.121889,0.0764414,0.0163402,0.164357,0.196705,0.0350086,0.202703,0.0792398,0.260675,0.30398,0.273741,0.32752,0.266797,0.601261,0.124816,4.96248,0.256396,,0.00784178,0.864931,-0.368018,73.0065,0.00784178,0,-0.3176990319043398,-0.11618165671825409,-0.00852292,999,,,,,,,5.2,1.3,5.2,1.3,,,,,,,,,,,,,,,,,,,"Quincy Hamilton","sa3017215",680810
"Brock Wilken","MIL",5.522,18.995,17.1019,3.27333,2.06737,0.64472,0.0492216,0.512018,1.70243,2.09428,1.61119,0.00862791,6.42381,0.163163,0.0966367,0.0221436,0.269629,0.0495567,0.0104722,0.191402,0.0848216,0.338184,0.250815,0.266048,0.324675,0.262661,0.590723,0.133273,2.84871,0.269064,,-0.0245824,1.49553,-0.726467,66.0835,-0.0245824,0,-0.7949739396572113,0.06979350745677948,-0.0095664,999,,,,,,,18.1,3.016666666,18.1,3.016666666,,,,,,,,,,,,,,,,,,,"Brock Wilken","sa3022499",694385
"Yanquiel Fernandez","COL",0,10.884,10.125,2.51016,1.65467,0.550221,0.0478313,0.257446,1.09451,1.22248,0.617355,0.0765199,2.45352,0.0661498,0.0626612,0.0128654,0.210843,0.0460168,0.0106752,0.247918,0.0567213,0.225424,0.25162,0.293775,0.38799,0.293963,0.681765,0.140072,3.49611,0.3013,,-0.01297,1.13114,-0.142053,74.4188,-0.01297,0,-0.34591318760067225,-0.11997354030609131,-0.0106829,745.1900024414062,,,,,,,12.7,,12.7,,,,,,,,,,,,,,,,,,,,"Yanquiel Fernandez","sa3015648",692585
"Jack López","SEA",2.332,6.047,5.64441,1.09898,0.799105,0.189465,0.0159852,0.094424,0.501743,0.464716,0.264381,0.00425945,1.99241,0.0580922,0.030201,0.0499181,0.10167,0.115709,0.031814,0.194702,0.043721,0.329487,0.132694,0.237024,0.28412,0.230659,0.521143,0.0894172,4.80761,0.279994,,0.00143853,0.320341,-0.387026,52.42,0.00143853,0,-0.3277688646921888,0.022218547761440277,-0.0107378,999,,,,,,,-0.4,-0.2,-0.4,-0.2,,,,,,,,,,,,,,,,,,,"Jack Lopez","13663",605346
"Jared Young","NYM",5.486,16.25,14.5847,3.13848,2.03095,0.649385,0.0640031,0.394148,1.72981,1.54435,1.2593,0.0298371,4.42303,0.237206,0.0946324,0.0741127,0.276097,0.226574,0.0666779,0.215189,0.0774956,0.272186,0.284715,0.286537,0.349565,0.280752,0.636102,0.134376,4.71396,0.278268,,-0.00929485,1.51601,-0.384879,82.1454,-0.00929485,0,-0.3562429966405034,-0.29853761196136475,-0.0117364,750.52001953125,,,,,,,7.7,1.54,7.7,1.54,,,,,,,,,,,,,,,,,,,"Jared Young","20404",676724
"Ryan Vilade","STL",3.749,11.061,10.1305,2.28067,1.61013,0.45157,0.0427673,0.176209,1.11806,0.976175,0.736918,0.0333344,2.82762,0.0900923,0.0738396,0.0296204,0.194431,0.235564,0.0647675,0.225129,0.0666231,0.255639,0.260614,0.281713,0.330329,0.269597,0.612042,0.1052,5.11139,0.292265,,0.00190978,0.932609,-0.361286,72.5915,0.00190978,0,-0.36061714100651443,-0.12192460149526596,-0.0117943,999,,,,,,,4.2,1.05,4.2,1.05,,,,,,,,,,,,,,,,,,,"Ryan Vilade","22165",668723
"Gilberto Celestino","NYM",3.012,8.719,7.93572,1.79092,1.34177,0.346164,0.0258522,0.0771362,0.841885,0.659538,0.637504,0.0132789,1.93128,0.0633091,0.0444506,0.0380202,0.208764,0.124241,0.0469403,0.225678,0.0731166,0.221502,0.330094,0.287033,0.304975,0.26446,0.592008,0.0792968,4.28311,0.286981,,-0.0101791,0.699097,-0.320835,71.1801,-0.0101791,0,-0.310662217438221,-0.09610890597105026,-0.0120236,999,,,,,,,6.2,2.066666666,6.2,2.066666666,,,,,,,,,,,,,,,,,,,"Gilberto Celestino","20233",665482
"Elehuris Montero",,9.166,33.088,30.1545,7.2868,4.51857,1.48556,0.0644022,1.21828,3.59333,4.19874,2.28695,0.0721553,8.89408,0.364229,0.257496,0.0248302,0.533717,0.0642455,0.0251333,0.241649,0.0691172,0.268801,0.257132,0.300576,0.416389,0.310254,0.716964,0.17474,2.47654,0.298948,,-0.0533472,3.87258,0.00200454,85.3839,-0.0533472,0,-0.6316588968038559,-0.6078777313232422,-0.0142186,750.6699829101562,,,,,,,27.5,3.055555555,27.5,3.055555555,,,,,,,,,,,,,,,,,,,"Elehuris Montero","20543",660707
"Luis De Los Santos","NYM",6.475,17.174,15.8175,3.23878,2.24182,0.663748,0.0310159,0.3022,1.56068,1.51607,1.0694,0.0115272,4.53684,0.154514,0.104151,0.0283927,0.348019,0.167371,0.0413914,0.204759,0.0622686,0.264169,0.235715,0.260282,0.30796,0.252028,0.568242,0.103201,3.8301,0.264971,,-0.0105517,1.20518,-0.803801,62.8124,-0.0105517,0,-0.7742652082815766,0.063102588057518,-0.0143816,999,,,,,,,6.7,1.116666666,6.7,1.116666666,,,,,,,,,,,,,,,,,,,"Luis De Los Santos","21682",665782
"Darren Baker","WSN",8.017,28.335,26.176,6.33456,5.0489,1.10976,0.0825082,0.0933872,2.65725,1.89609,1.6158,0.0639603,5.96153,0.0923208,0.149559,0.301325,0.619623,0.978765,0.209015,0.241999,0.0570248,0.210394,0.271037,0.286893,0.301402,0.261079,0.588295,0.0594031,5.36185,0.307892,,0.058276,2.19481,-1.11977,65.7542,0.058276,0.01,-1.1020798236131668,0.009999995767982384,-0.0153363,999,,,,,,,18.4,2.3,18.4,2.3,,,,,,,,,,,,,,,,,,,"Darren Baker","29912",671117
"Robert Hassell III","WSN",18.786,70.563,64.2709,14.6378,10.6655,2.80678,0.189288,0.976264,6.65946,6.12728,5.20969,0.192151,18.5791,0.462839,0.423316,0.196212,1.42524,1.5175,0.28618,0.227752,0.0738303,0.263298,0.280405,0.288635,0.322882,0.271007,0.611518,0.0951309,4.77096,0.302656,,0.060165,6.0296,-2.22473,72.4365,0.060165,0,-2.2656383216381073,-0.23719696700572968,-0.0158032,721.0999755859375,,,,,,,56.9,2.994736842,56.9,2.994736842,,,,,,,,,,,,,,,,,,,"Robert Hassell III","sa3014701",690987
"Sam Hilliard","COL",62.236,215.058,193.178,42.5434,25.1562,7.9955,1.40462,7.9871,26.2335,23.8105,18.5848,0.48165,70.0507,1.21308,1.09613,0.986037,2.79267,5.88831,1.31437,0.220229,0.0864177,0.325729,0.265305,0.291216,0.400198,0.300403,0.691414,0.179969,6.05541,0.297293,,0.294338,23.4649,-1.69218,78.7532,0.294338,0.56,-5.169653952121735,-2.1466721892356873,-0.015975,643.9000244140625,,,,,,,220.5,3.556451612,220.5,3.556451612,,,,,,,,,,,,,,,,,,,"Sam Hilliard","17954",656541
"Tyler Locklear","SEA",26.431,99.679,89.5254,19.1175,12.4774,3.83088,0.267054,2.54217,9.58248,10.3882,7.62159,0.402787,29.3156,1.8749,0.530878,0.126209,1.63921,1.0508,0.184603,0.213543,0.0764613,0.2941,0.259984,0.287425,0.347488,0.280052,0.634913,0.133945,4.05868,0.284806,,-0.0348538,9.2432,-2.41706,87.1641,-0.0348538,0.06,-1.4988302253186703,-1.9794289506971836,-0.0160501,708.1599731445312,,,,,,,88.1,3.388461538,88.1,3.388461538,,,,,,,,,,,,,,,,,,,"Tyler Locklear","31396",682988
"Cade Marlowe","SEA",6.832,13.131,11.8963,2.26983,1.48906,0.44911,0.0499889,0.281679,1.33346,1.09992,1.00904,0.0421483,4.64422,0.121422,0.0880337,0.0162508,0.121712,0.580137,0.128161,0.190802,0.0768443,0.353683,0.217269,0.259273,0.307993,0.251432,0.567266,0.11719,6.21806,0.281673,,0.0437795,0.915168,-0.620871,67.0328,0.0437795,0,-0.45153961330652237,-0.14474205672740936,-0.016375,999,,,,,,,4.1,0.585714285,4.1,0.585714285,,,,,,,,,,,,,,,,,,,"Cade Marlowe","25505",687799
"Levi Jordan","CIN",5.711,9.518,8.74328,1.99752,1.42726,0.389828,0.0178492,0.162589,0.925919,0.900063,0.5425,0.00324412,2.19656,0.130743,0.0599247,0.0415562,0.195965,0.166318,0.0373188,0.228464,0.0569972,0.23078,0.246977,0.281832,0.332921,0.271803,0.614753,0.104457,4.42884,0.284749,,0.00159681,0.819414,-0.293983,66.1343,0.00159681,0,-0.38385194819420576,-0.10491622239351273,-0.0177441,999,,,,,,,5.2,0.866666666,5.2,0.866666666,,,,,,,,,,,,,,,,,,,"Levi Jordan","25138",682119
"Dustin Harris","TEX",6.717,23.931,21.6854,4.77017,3.18409,1.00782,0.0962437,0.482009,2.65249,2.08033,1.79718,0.11163,6.07435,0.243097,0.164918,0.0404009,0.294674,0.881111,0.124136,0.219971,0.0750986,0.253828,0.295864,0.285068,0.342004,0.275424,0.627072,0.122033,6.10432,0.280382,,0.0855946,2.12998,-0.669423,77.5469,0.0855946,0,-0.5292183831334114,-0.44918209314346313,-0.0186569,748.5499877929688,,,,,,,16.8,2.4,16.8,2.4,,,,,,,,,,,,,,,,,,,"Dustin Harris","25705",687957
"Alika Williams","PIT",22.888,60.035,55.0722,12.7461,9.29557,2.48263,0.2264,0.741467,5.50499,5.17512,3.49667,0.048336,13.2607,0.495451,0.445249,0.525416,1.06583,0.626255,0.185707,0.231443,0.0582438,0.220882,0.263687,0.281269,0.325135,0.267791,0.606403,0.0936921,4.00824,0.289161,,-0.0544523,4.97458,-2.04819,67.3213,-0.0544523,0,-2.4004643969237804,0.22058714926242828,-0.0186573,999,,,,,,,43.9,1.908695652,43.9,1.908695652,,,,,,,,,,,,,,,,,,,"Alika Williams","27604",675961
"Travis Jankowski","CHW",24.832,78.516,70.5908,15.7954,12.7107,2.42454,0.414936,0.245224,8.12282,4.24534,6.57122,0.151567,15.8972,0.667909,0.365718,0.309163,1.64108,3.60516,0.739337,0.223761,0.0836928,0.202471,0.413357,0.294576,0.280285,0.260314,0.574861,0.0565242,6.09569,0.28369,,0.26534,6.03346,-3.15119,66.3897,0.26534,1.01,-2.754167288541794,-0.04946267604827881,-0.0192363,999,,,,,,,53.2,2.128,53.2,2.128,,,,,,,,,,,,,,,,,,,"Travis Jankowski","13768",608671
"Ryan Noda","LAA",13.313,48.194,41.1827,7.83364,4.60928,1.57676,0.153481,1.49412,5.36638,4.80118,5.87479,0.109597,16.7113,0.782309,0.286603,0.0675975,0.676214,0.463553,0.138226,0.190217,0.121899,0.346752,0.351545,0.301098,0.344798,0.289165,0.645896,0.154581,4.23826,0.272506,,-0.0513257,4.82252,-0.815118,85.4234,-0.0513257,0,-0.8551390096545219,-0.9450585842132568,-0.0199972,747.530029296875,,,,,,,40,3.076923076,40,3.076923076,,,,,,,,,,,,,,,,,,,"Ryan Noda","23312",676116
"Matt Koperniak","STL",6.195,22.62,20.8758,4.86895,3.54011,0.854217,0.0630611,0.411559,2.18819,2.14649,1.3282,0.0271897,4.87801,0.214951,0.135998,0.0650552,0.512771,0.270392,0.0690743,0.233234,0.0587179,0.21565,0.272283,0.284288,0.339339,0.274687,0.623626,0.106105,4.16527,0.283509,,-0.0138017,1.99988,-0.646159,76.0178,-0.0138017,0,-0.6624995255842805,-0.28680557012557983,-0.0202462,999,,,,,,,12.9,2.15,12.9,2.15,,,,,,,,,,,,,,,,,,,"Matt Koperniak","sa3014834",689288
"Matt Duffy",,21.866,74.76,68.5562,15.9744,12.5874,2.6518,0.184991,0.550244,6.71607,6.01496,4.74748,0.00934874,16.4306,0.911587,0.414736,0.130021,1.81218,0.393622,0.150361,0.233012,0.063503,0.219779,0.288941,0.289877,0.301168,0.264921,0.591045,0.068156,3.12756,0.296676,,-0.126108,6.02207,-2.72321,68.9228,-0.126108,-0.18,-2.8444250524044037,0.1574382483959198,-0.0202541,999,,,,,,,56.7,2.577272727,56.7,2.577272727,,,,,,,,,,,,,,,,,,,"Matt Duffy","13836",622110
"David Villar","SFG",9.6,31.87,28.7406,6.25317,3.99417,1.28956,0.0677404,0.901698,3.2317,3.41598,2.39134,0.0130192,9.5945,0.481198,0.229456,0.0274364,0.474257,0.112601,0.0454546,0.217573,0.0750341,0.301051,0.24924,0.286588,0.361277,0.285293,0.647865,0.143704,2.88386,0.289679,,-0.0499814,3.08974,-0.638351,83.6553,-0.0499814,0,-0.6728842481970787,-0.5855011940002441,-0.0203542,999,,,,,,,22.9,2.29,22.9,2.29,,,,,,,,,,,,,,,,,,,"David Villar","24782",681584
"Sammy Siani","PIT",4.847,12.807,11.612,2.54456,1.81278,0.510704,0.040417,0.180661,1.27044,1.02434,0.943828,0.0137694,3.46442,0.0955705,0.0675551,0.0880449,0.227626,0.328993,0.0593026,0.219132,0.0736962,0.27051,0.272434,0.281781,0.316748,0.266293,0.598529,0.0976164,5.1792,0.294219,,0.0193788,1.04577,-0.452372,66.3131,0.0193788,0,-0.4965256657451391,-0.14117063581943512,-0.0218133,999,,,,,,,10.7,2.14,10.7,2.14,,,,,,,,,,,,,,,,,,,"Sammy Siani","sa3010704",686445
"Zach DeLoach","CHW",11.072,35.027,31.7169,6.98558,4.88956,1.37507,0.143287,0.577667,3.37923,2.97402,2.75138,0.0247518,10.4177,0.326085,0.200526,0.0320831,0.552608,0.470763,0.116045,0.220248,0.0785502,0.29742,0.264105,0.287557,0.327277,0.273427,0.614834,0.107029,4.52066,0.306275,,-0.0155302,3.06127,-1.03612,75.6134,-0.0155302,0,-0.9929028209298849,-0.38610008358955383,-0.0218287,999,,,,,,,28.5,2.59090909,28.5,2.59090909,,,,,,,,,,,,,,,,,,,"Zach DeLoach","27471",676113
"Drew Avans","ATH",3.913,15.522,14.1111,2.87032,2.02592,0.582059,0.0685939,0.193749,1.54521,1.0235,1.15818,0.0137247,4.57546,0.116077,0.0809008,0.0557629,0.248809,0.522764,0.0703541,0.203409,0.0746154,0.294773,0.253129,0.267976,0.29557,0.252055,0.563546,0.0921611,5.99642,0.284054,,0.0501209,1.08959,-0.726147,65.0615,0.0501209,0,-0.5704020410776138,-0.16257716715335846,-0.022261,999,,,,,,,10.6,2.65,10.6,2.65,,,,,,,,,,,,,,,,,,,"Drew Avans","sa3006937",682183
"Michael Siani","STL",66.562,226.642,203.591,42.268,32.3245,6.63607,1.23802,2.06941,23.4228,12.8059,17.4267,0.436173,59.0422,1.84902,1.25321,2.52165,3.85577,10.3971,2.02774,0.207612,0.0768909,0.260509,0.295157,0.274601,0.282862,0.250691,0.557464,0.0752505,6.55159,0.279675,,0.854354,15.6606,-10.8515,59.8667,0.854354,1.72,-10.022583425045013,2.254139482975006,-0.0228284,633.6699829101562,,,,,,,146.4,2.185074626,146.4,2.185074626,,,,,,,,,,,,,,,,,,,"Michael Siani","22557",672279
"Kameron Misner","TBR",15.637,53.042,47.4691,9.2353,5.74058,2.15213,0.161193,1.18139,5.40925,4.73459,4.76443,0.0810768,18.5113,0.439943,0.285354,0.0831956,0.615625,1.4747,0.168497,0.194554,0.0898238,0.348993,0.25738,0.272659,0.321346,0.264445,0.594004,0.126792,5.69485,0.287007,,0.140956,4.25228,-1.95247,73.8565,0.140956,0.18,-1.4457231760025024,-0.5439351797103882,-0.0228735,999,,,,,,,35.5,2.21875,35.5,2.21875,,,,,,,,,,,,,,,,,,,"Kameron Misner","26374",670224
"Duke Ellis","NYY",8.07,13.279,12.1053,2.41666,1.73927,0.432328,0.0459346,0.199133,1.45705,0.854334,0.87479,0.0235449,3.96546,0.131267,0.061986,0.105668,0.182531,0.865831,0.0808699,0.199637,0.0658777,0.298626,0.220603,0.259822,0.29229,0.246255,0.552112,0.0926533,7.04784,0.277098,,0.118932,0.870144,-0.683208,57.0049,0.118932,0,-0.5343336090445518,-0.1463734656572342,-0.0245847,999,,,,,,,4.1,0.5125,4.1,0.5125,,,,,,,,,,,,,,,,,,,"Duke Ellis","27543",668752
"José Abreu",,23.211,82.67,75.8667,17.7856,11.9265,3.50267,0.0369922,2.31944,8.34928,9.46745,4.74261,0.0263998,18.0554,1.3439,0.613282,0.103504,1.92787,0.151609,0.0720944,0.234432,0.0573679,0.218404,0.262669,0.289126,0.373294,0.290045,0.66242,0.138862,2.03099,0.275664,,-0.140835,8.33091,-1.33966,86.2057,-0.140835,0,-1.4750831574201584,-1.5187757015228271,-0.0247286,999,,,,,,,73.2,3.182608695,73.2,3.182608695,,,,,,,,,,,,,,,,,,,"Jose Abreu","15676",547989
"Justin Foscue","TEX",6.117,19.253,17.3044,3.71197,2.37769,0.843384,0.0502722,0.440618,2.00167,1.79462,1.51415,0.0137532,3.994,0.295104,0.116791,0.0225159,0.315043,0.219356,0.0488857,0.21451,0.0786448,0.207448,0.379106,0.287108,0.345446,0.28017,0.632554,0.130937,4.30333,0.251902,,-0.00886443,1.78715,-0.465027,80.885,-0.00886443,0.02,-0.4299572044983506,-0.4519907347857952,-0.024801,999,,,,,,,14.3,2.383333333,14.3,2.383333333,,,,,,,,,,,,,,,,,,,"Justin Foscue","27501",679822
"Jose Herrera","ARI",29.138,98.542,86.9442,18.2078,13.8237,3.35509,0.204512,0.824515,8.57674,6.78793,8.12851,0.228744,23.1119,0.696591,0.599108,2.17356,2.25285,0.603649,0.166771,0.20942,0.0824878,0.234538,0.351703,0.280516,0.281163,0.253361,0.561679,0.0717432,3.29822,0.273293,,-0.123762,7.02086,-4.5064,58.561,-0.123762,-0.77,-5.006815917789936,1.4783024787902832,-0.0255061,750.719970703125,,,,,,,60.8,2.096551724,60.8,2.096551724,,,,,,,,,,,,,,,,,,,"Jose Herrera","17040",645444
"Mason McCoy","SDP",9.667,26.427,24.3285,4.78303,3.42099,0.920378,0.111023,0.330643,2.53484,1.77996,1.6065,0.0184209,8.42938,0.151836,0.146344,0.193829,0.349453,0.765819,0.188384,0.196602,0.06079,0.318969,0.190583,0.249355,0.284333,0.237608,0.533687,0.0877305,5.76085,0.283324,,0.0361352,1.54779,-1.54359,53.2698,0.0361352,0,-1.4406138882040977,0.2913029193878174,-0.0278091,999,,,,,,,14.8,1.48,14.8,1.48,,,,,,,,,,,,,,,,,,,"Mason McCoy","22232",669200
"Graham Pauley","MIA",30.951,112.895,102.162,22.4151,14.2667,4.84495,0.36474,2.93867,11.1729,11.8418,8.54348,0.362373,27.5654,1.22102,0.787907,0.180898,1.6633,1.91041,0.299361,0.219408,0.0756764,0.244168,0.309935,0.285497,0.360267,0.282836,0.645764,0.140859,4.5819,0.268842,,0.0740346,10.7217,-2.48454,77.4124,0.0740346,0.18,-2.9753075912594795,-1.0618610978126526,-0.0286753,999,,,,,,,97.7,3.151612903,97.7,3.151612903,,,,,,,,,,,,,,,,,,,"Graham Pauley","31363",688363
"Forrest Wall","SDP",8.1,16.05,14.6076,3.00409,2.16173,0.587303,0.062388,0.192666,1.80677,1.0214,1.13334,0.0196003,4.7964,0.165625,0.0762016,0.0672664,0.203986,0.930796,0.208449,0.205653,0.0706133,0.298841,0.236291,0.269231,0.293968,0.252058,0.5632,0.0883157,6.84331,0.289995,,0.0745776,1.12669,-0.750807,62.9958,0.0745776,0,-0.6356341913342476,-0.17691798508167267,-0.0287186,999,,,,,,,9.6,1.2,9.6,1.2,,,,,,,,,,,,,,,,,,,"Forrest Wall","16496",657088
"Aramis Garcia","ARI",7.343,18.618,17.4316,3.28067,2.2302,0.618222,0.0223088,0.409944,1.56386,1.82039,0.765296,0.00297404,6.68185,0.243626,0.107992,0.0695037,0.263744,0.199353,0.0719601,0.188203,0.0411052,0.358892,0.114534,0.231264,0.29678,0.232854,0.528043,0.108577,3.67645,0.274769,,-0.0148147,1.01919,-1.1587,44.7587,-0.0148147,0,-1.2446812773123384,0.3420414328575134,-0.0291906,999,,,,,,,5.7,0.814285714,5.7,0.814285714,,,,,,,,,,,,,,,,,,,"Aramis Garcia","16925",605244
"Owen Caissie","CHC",13.084,51.933,46.8681,10.5183,6.96195,2.24482,0.18352,1.12799,5.36559,5.16695,4.34751,0.18012,17.1409,0.382849,0.248036,0.0864669,0.808692,0.698923,0.155059,0.224423,0.0837138,0.330058,0.253633,0.294111,0.352353,0.284629,0.646464,0.12793,4.56742,0.325517,,-0.0138741,5.00706,-1.06796,83.787,-0.0138741,0,-1.0207330826669931,-1.0095678567886353,-0.0310742,728.9099731445312,,,,,,,43.7,3.361538461,43.7,3.361538461,,,,,,,,,,,,,,,,,,,"Owen Caissie","sa3014465",683357
"Greg Jones","COL",24.489,57.259,52.6092,11.1239,7.51552,2.08163,0.292135,1.23461,6.7248,4.36776,3.52294,0.00975751,22.5595,0.745836,0.217045,0.164023,0.728184,3.37161,0.365174,0.211444,0.0615263,0.39399,0.156162,0.269597,0.33252,0.266109,0.602118,0.121076,7.41353,0.340632,,0.433495,4.66708,-2.03097,55.6714,0.433495,0.19,-2.601714938879013,0.3789583295583725,-0.0326331,999,,,,,,,44.5,1.854166666,44.5,1.854166666,,,,,,,,,,,,,,,,,,,"Greg Jones","25448",675659
"Adam Frazier","PIT",70.215,260.811,235.221,54.9619,40.3319,11.2528,0.95122,2.42594,25.3012,20.5845,18.7128,0.536929,42.3897,2.95617,1.56009,2.36126,4.51432,4.94007,1.6805,0.233661,0.0717486,0.16253,0.441448,0.296502,0.320529,0.274575,0.617031,0.0868677,4.55837,0.273674,,-0.177698,23.0352,-7.47396,71.8873,-0.177698,0.48,-8.945467606186867,-0.061782389879226685,-0.0332537,746.1699829101562,,,,,,,199.3,2.847142857,199.3,2.847142857,,,,,,,,,,,,,,,,,,,"Adam Frazier","15223",624428
"Nick Gordon","BAL",48.038,141.868,131.472,30.0476,20.1765,6.47785,0.621743,2.77156,15.1866,13.2671,6.91898,0.241596,33.4695,1.57097,1.05801,0.836099,2.38644,3.58903,1.00887,0.228547,0.0487705,0.23592,0.206725,0.273277,0.35052,0.272187,0.623797,0.121973,5.5524,0.283273,,0.0848667,12.2573,-4.33811,77.8767,0.0848667,0,-3.506339117884636,-1.5638006925582886,-0.0352069,750.0700073242188,,,,,,,120.1,2.502083333,120.1,2.502083333,,,,,,,,,,,,,,,,,,,"Nick Gordon","16337",624503
"Aaron Schunk","COL",23.781,61.236,57.2116,13.7211,9.27597,3.07927,0.268984,1.09687,6.11586,6.00895,3.05138,0.174401,15.5575,0.451736,0.437225,0.0840543,0.920669,0.958668,0.301729,0.239831,0.0498299,0.254058,0.196136,0.281663,0.360573,0.279206,0.642235,0.120742,4.72054,0.30795,,-0.0299503,5.6367,-1.52657,64.486,-0.0299503,0,-2.630515720695257,0.22499999403953552,-0.0378302,745.4000244140625,,,,,,,50.4,2.1,50.4,2.1,,,,,,,,,,,,,,,,,,,"Aaron Schunk","25524",668845
"Bryce Eldridge","SFG",25.756,100.581,90.9587,20.9144,13.5394,4.20304,0.321475,2.85041,10.6584,10.8927,8.20382,0.665649,29.1638,0.677013,0.609887,0.131536,1.64509,0.787491,0.187602,0.229932,0.0815643,0.289954,0.281301,0.296619,0.377221,0.293094,0.67384,0.147289,3.74208,0.303319,,-0.0901783,10.3827,-1.38308,88.9061,-0.0901783,0,-1.4245050251483917,-2.293091297149658,-0.0380215,999,,,,,,,95.3,3.665384615,95.3,3.665384615,,,,,,,,,,,,,,,,,,,"Bryce Eldridge","sa3022757",805811
"Bligh Madris","DET",10.247,33.797,30.4639,6.35442,4.01787,1.34486,0.167719,0.823967,3.48774,3.21343,2.79157,0.0571021,9.10898,0.193731,0.259115,0.0887092,0.453484,0.600548,0.179826,0.208589,0.0825981,0.26952,0.306464,0.277075,0.344888,0.273662,0.621962,0.136299,5.1101,0.266014,,-0.00754245,2.96018,-0.993331,77.4809,-0.00754245,0,-0.8783751912415028,-0.6209031343460083,-0.0384852,999,,,,,,,26.8,2.68,26.8,2.68,,,,,,,,,,,,,,,,,,,"Bligh Madris","20054",676632
"Everson Pereira","NYY",21.271,85.38,78.4521,17.3976,11.2494,3.3765,0.357724,2.41401,9.41717,8.5733,5.44785,0.0578228,27.9605,0.909266,0.465133,0.105678,1.25889,1.8062,0.503011,0.221761,0.0638071,0.327483,0.194841,0.278569,0.366231,0.282107,0.6448,0.14447,5.22348,0.308669,,0.0190147,8.05851,-1.92908,82.2242,0.0190147,0.1,-1.717549655586481,-1.5067275986075401,-0.0390483,745.9000244140625,,,,,,,63.7,3.033333333,63.7,3.033333333,,,,,,,,,,,,,,,,,,,"Everson Pereira","23695",677592
"Trenton Brooks","SDP",9.403,22,19.6838,4.13128,2.73827,0.988447,0.0366944,0.36787,2.05512,1.9637,1.86325,0.0353168,4.30218,0.181533,0.156953,0.114465,0.376037,0.15217,0.0312983,0.209882,0.084693,0.195553,0.433094,0.282198,0.319894,0.268055,0.602092,0.110012,3.4406,0.248071,,-0.019713,1.82763,-0.745884,73.7629,-0.019713,0,-0.7099527101963758,-0.4041740298271179,-0.0394009,999,,,,,,,11.3,1.255555555,11.3,1.255555555,,,,,,,,,,,,,,,,,,,"Trenton Brooks","19384",670092
"Logan Davidson","ATH",4.323,16.268,15.0006,3.04915,1.99351,0.656204,0.0447651,0.354669,1.48591,1.42513,1.03969,0.039304,5.38613,0.114449,0.085524,0.0277615,0.248166,0.16428,0.0354944,0.203269,0.0639099,0.331087,0.193031,0.258819,0.323914,0.256208,0.582733,0.120645,4.08742,0.288325,,-0.00605178,1.19632,-0.706674,67.9825,-0.00605178,0,-0.6020255722105503,-0.333564817905426,-0.0406179,999,,,,,,,7.7,1.925,7.7,1.925,,,,,,,,,,,,,,,,,,,"Logan Davidson","sa918676",669722
"Scott Kingery","LAA",20.788,82.193,75.5868,14.9393,9.64003,2.90812,0.322319,2.06881,8.40043,6.90071,4.72692,0.0299035,26.645,0.585423,0.46197,0.83185,0.883482,2.65378,0.274863,0.197644,0.0575101,0.324176,0.177404,0.24891,0.326757,0.252781,0.575667,0.129112,6.17798,0.271902,,0.30166,5.81768,-3.7971,59.8301,0.30166,0.01,-3.4761575758457184,0.3308024499565363,-0.0418697,718.7100219726562,,,,,,,59.2,2.819047619,59.2,2.819047619,,,,,,,,,,,,,,,,,,,"Scott Kingery","17975",664068
"Zach Remillard",,11.172,30.376,27.6485,5.63113,4.21395,0.97667,0.0813548,0.359148,2.68438,1.9944,1.91655,0.0476846,7.98251,0.334764,0.176367,0.299782,0.506377,0.729068,0.16943,0.203668,0.0630944,0.26279,0.240094,0.262082,0.283847,0.244272,0.545929,0.0801787,5.0296,0.27059,,0.0265429,1.94199,-1.61133,55.1051,0.0265429,0,-1.533848125487566,0.11161081492900848,-0.0423064,999,,,,,,,16.4,1.49090909,16.4,1.49090909,,,,,,,,,,,,,,,,,,,"Zach Remillard","19788",621545
"Niko Kavadas","LAA",9.109,32.025,27.8438,5.22359,3.0096,1.0542,0.06383,1.09597,3.30867,3.50425,3.44961,0.0417564,12.5365,0.508879,0.203935,0.0187891,0.352225,0.0503991,0.0160036,0.187604,0.107716,0.391461,0.275164,0.286884,0.348133,0.282776,0.635018,0.16053,2.70441,0.286338,,-0.0510673,3.03988,-0.706342,80.9288,-0.0510673,-0.04,-0.7498974688351154,-0.742854930460453,-0.0439118,999,,,,,,,24.3,2.7,24.3,2.7,,,,,,,,,,,,,,,,,,,"Niko Kavadas","29782",694359
"David Peralta",,58.22,214.452,195.893,47.2837,32.4926,9.87557,1.00619,3.90936,21.9641,21.3788,15.464,0.911412,44.6951,1.42288,1.33005,0.283257,4.51437,1.40938,0.445592,0.241375,0.0721092,0.208415,0.345988,0.299709,0.361931,0.289417,0.661639,0.120556,3.84318,0.29185,,-0.281122,21.5025,-3.58366,85.7734,-0.281122,-0.13,-3.8507335782051086,-3.7528096437454224,-0.04734,748.47998046875,,,,,,,189.4,3.265517241,189.4,3.265517241,,,,,,,,,,,,,,,,,,,"David Peralta","2136",444482
"Marco Luciano","SFG",22.755,82.948,74.7696,16.5035,11.3297,3.16127,0.299703,1.71282,8.45461,7.53997,7.04262,0.0962918,25.0368,0.549057,0.486959,0.0997917,1.40458,0.768512,0.250926,0.220725,0.084904,0.301837,0.281291,0.290835,0.339745,0.279445,0.63058,0.119021,4.12342,0.304919,,-0.0964998,7.65125,-2.05184,79.7193,-0.0964998,-0.06,-2.10813657194376,-1.1134721599519253,-0.0474414,716.6599731445312,,,,,,,73.6,3.2,73.6,3.2,,,,,,,,,,,,,,,,,,,"Marco Luciano","25616",682617
"Tim Elko","CHW",5.968,23.582,22.0601,4.9822,3.41245,0.880802,0.043854,0.645096,2.19777,2.52731,1.17264,0.0356173,7.85512,0.208446,0.11195,0.0288297,0.44738,0.0433453,0.0107254,0.225846,0.0497261,0.333098,0.149284,0.270167,0.357477,0.273809,0.627644,0.131631,2.47337,0.317228,,-0.0332263,2.06826,-0.690321,75.882,-0.0332263,0,-0.6839976906776428,-0.5710123181343079,-0.0484261,999,,,,,,,21.3,3.55,21.3,3.55,,,,,,,,,,,,,,,,,,,"Tim Elko","sa3020188",671284
"Rowdy Tellez","SEA",28.716,108.062,96.8413,20.405,12.7777,3.71354,0,3.91379,10.0612,13.2927,9.26823,0.586542,24.8237,0.948377,0.913529,0.0905462,1.88678,0.155582,0.0598898,0.210706,0.0857677,0.229717,0.373363,0.283609,0.370296,0.28507,0.653905,0.15959,1.57666,0.238943,,-0.169991,10.4571,-2.18382,90.6945,-0.169991,-0.23,-1.3205788731575012,-2.7585511058568954,-0.0492456,724.719970703125,,,,,,,94.2,3.248275862,94.2,3.248275862,,,,,,,,,,,,,,,,,,,"Rowdy Tellez","15679",642133
"Billy Cook","PIT",35.221,133.982,122.884,26.4688,16.8761,5.60442,0.597075,3.39125,14.2602,13.1497,8.15261,0.228489,38.3291,1.74429,0.856642,0.344359,1.40835,4.22588,0.50223,0.215397,0.0608486,0.286076,0.212701,0.272122,0.353513,0.273799,0.625635,0.138117,5.9934,0.281364,,0.43227,11.7498,-3.92313,71.3652,0.43227,0.79,-4.155504614114761,-0.8406018614768982,-0.0551888,679.739990234375,,,,,,,108.7,3.105714285,108.7,3.105714285,,,,,,,,,,,,,,,,,,,"Billy Cook","29573",695257
"Paul DeJong","WSN",88.8,338.828,308.07,60.5649,36.6993,11.6313,0.409849,11.8245,31.1241,40.9711,20.9228,0.0529283,109.325,4.92515,2.24872,0.277871,4.14069,2.63509,1.17765,0.196595,0.0617505,0.322657,0.191381,0.257054,0.352159,0.267069,0.609212,0.155564,3.06258,0.257656,,-0.443169,27.8788,-11.7566,69.7858,-0.443169,-0.57,-12.685163468122482,0.8520824313163757,-0.056779,439.5199890136719,,,,,,,262.1,2.94494382,262.1,2.94494382,,,,,,,,,,,,,,,,,,,"Paul DeJong","18015",657557
"Eddie Rosario","LAD",69.413,232.334,213.873,47.2319,29.489,10.0166,0.771208,6.95505,25.7087,26.3221,15.0584,0.44777,52.8297,0.663028,2.00166,0.738064,3.49422,3.58944,0.949933,0.220841,0.0648136,0.227387,0.285036,0.271824,0.372446,0.279446,0.64427,0.151605,4.65991,0.258037,,-0.0201273,21.4311,-5.74688,79.4516,-0.0201273,0,-5.729023503139615,-2.5610008239746094,-0.0571198,743.9299926757812,,,,,,,202.5,2.934782608,202.5,2.934782608,,,,,,,,,,,,,,,,,,,"Eddie Rosario","12155",592696
"Trey Lipscomb","WSN",14.828,56.028,52.44,12.0243,9.28485,2.03213,0.179322,0.528021,5.02686,4.47086,2.78696,0.0238153,11.789,0.37368,0.295288,0.132091,1.16433,1.21961,0.481323,0.229297,0.0497422,0.210413,0.236403,0.271665,0.305094,0.255519,0.576759,0.0757977,4.61891,0.284433,,-0.0490547,4.08916,-2.46489,62.012,-0.0490547,-0.09,-2.594201158732176,0.1388271450996399,-0.0608911,744.739990234375,,,,,,,41.3,2.753333333,41.3,2.753333333,,,,,,,,,,,,,,,,,,,"Trey Lipscomb","31567",702358
"Zac Veen","COL",40.65,158.45,143.765,34.1057,22.757,7.05852,0.92726,3.36298,18.8881,14.3852,12.0842,0.323016,41.3208,1.18494,0.913378,0.502094,2.42539,7.50608,1.04481,0.237232,0.0762648,0.260781,0.292447,0.29994,0.369405,0.293386,0.669345,0.132174,6.64976,0.307443,,0.796277,16.3936,-2.14157,74.0307,0.796277,0,-4.124280154705048,-1.7983025312423706,-0.0667215,999,,,,,,,152,3.707317073,152,3.707317073,,,,,,,,,,,,,,,,,,,"Zac Veen","sa3014516",691728
"Stone Garrett","WSN",12.302,39.813,36.3261,8.17189,5.03526,1.67982,0.134134,1.32267,4.19571,4.76364,2.72038,0.0205244,12.0149,0.41603,0.275177,0.0303463,0.530518,0.489854,0.16694,0.224959,0.0683289,0.301782,0.226418,0.284574,0.387821,0.292853,0.672395,0.162861,4.36275,0.294416,,-0.0339734,4.10206,-0.555187,87.1406,-0.0339734,0,-0.6461903490126133,-1.328919768333435,-0.067058,733.3599853515625,,,,,,,33,2.75,33,2.75,,,,,,,,,,,,,,,,,,,"Stone Garrett","19273",656448
"David Hensley","DET",21.252,58.051,52.2028,10.9171,7.55653,2.37411,0.160426,0.826045,5.65234,4.63592,5.24702,0.0427197,16.7402,0.226653,0.301286,0.0732682,1.14539,0.939895,0.319755,0.209129,0.0903864,0.288371,0.313438,0.282708,0.308225,0.264757,0.590934,0.0990963,4.38739,0.28883,,-0.0440267,4.66843,-2.12227,71.2167,-0.0440267,0,-1.9558852948248386,-0.6398919820785522,-0.068227,999,,,,,,,41.7,1.985714285,41.7,1.985714285,,,,,,,,,,,,,,,,,,,"David Hensley","25111",682073
"Weston Wilson","PHI",26.192,89.672,81.2734,16.7479,10.3574,3.35773,0.164342,2.86849,9.92711,9.46626,7.05406,0.304735,27.1852,0.568749,0.522298,0.253515,1.12615,2.4274,0.771449,0.206069,0.0786652,0.303163,0.259481,0.272547,0.35731,0.275442,0.629857,0.151241,4.90048,0.268243,,0.0335351,7.98254,-2.50712,74.4682,0.0335351,-0.07,-2.7042545564472675,-1.0131275728344917,-0.0755182,748.8400268554688,,,,,,,76.1,2.926923076,76.1,2.926923076,,,,,,,,,,,,,,,,,,,"Weston Wilson","19358",642215
"Darick Hall","PIT",8.072,31.267,28.5016,6.04053,3.827,1.31995,0.0215967,0.871989,2.87655,3.51435,2.17626,0.129135,7.85481,0.366244,0.192832,0.0300757,0.546343,0.0696353,0.0236572,0.211937,0.0696025,0.251217,0.277061,0.274772,0.351547,0.274085,0.626319,0.13961,2.2425,0.258846,,-0.0449059,2.74924,-0.908316,71.5581,-0.0449059,-0.07,-1.1083295531570911,-0.6928394511342049,-0.0784856,745.1400146484375,,,,,,,22.9,2.8625,22.9,2.8625,,,,,,,,,,,,,,,,,,,"Darick Hall","19717",669742
"Bryce Johnson","PIT",25.132,45.522,40.8247,9.0441,6.85768,1.61063,0.191081,0.384711,4.68558,3.00252,3.50052,0.0459194,11.661,0.535429,0.254351,0.407025,0.788397,1.77169,0.401881,0.221535,0.0768974,0.256161,0.300192,0.289927,0.298619,0.264606,0.588546,0.0770839,5.91762,0.298257,,0.105959,3.65532,-1.66975,65.1777,0.105959,0,-1.7896142825484276,-0.5017856955528259,-0.080089,999,,,,,,,34,1.36,34,1.36,,,,,,,,,,,,,,,,,,,"Bryce Johnson","20002",669369
"Ildemaro Vargas","ARI",66.148,197.884,182.394,43.5263,33.2778,8.63113,0.846693,0.77066,18.8544,15.7992,11.1544,0.1474,23.8229,1.07689,1.46798,1.79088,4.97669,3.2898,1.03922,0.238639,0.0563681,0.120388,0.468221,0.284342,0.30792,0.262599,0.592262,0.0692813,4.55974,0.26845,,-0.120943,15.5701,-7.57799,64.7791,-0.120943,0.04,-8.455308206379414,1.0608024969696999,-0.0831149,999,,,,,,,144.5,2.189393939,144.5,2.189393939,,,,,,,,,,,,,,,,,,,"Ildemaro Vargas","13324",545121
"Tyler Gentry","KCR",14.921,45.952,41.6373,8.84132,6.02748,1.83077,0.0905943,0.892479,4.52493,4.22343,3.38543,0.0154504,14.0866,0.572648,0.25741,0.0992552,0.827146,0.577091,0.118901,0.212342,0.0736731,0.30655,0.240329,0.279141,0.324967,0.268758,0.604108,0.112625,4.12346,0.295325,,-0.0114258,3.84342,-1.53196,68.3719,-0.0114258,0.01,-1.6743928007781506,-0.6807870175689459,-0.0850333,999,,,,,,,37.5,2.5,37.5,2.5,,,,,,,,,,,,,,,,,,,"Tyler Gentry","27784",694355
"Rece Hinds","CIN",24.457,55.592,51.3843,10.6703,6.22886,2.35103,0.21578,1.87458,6.16116,6.34103,3.31334,0.221062,21.4133,0.55001,0.288305,0.0560485,0.580625,1.41283,0.381414,0.207656,0.0596011,0.385187,0.154733,0.261697,0.371253,0.273952,0.63295,0.163597,5.5969,0.309874,,0.0501826,4.88211,-1.62094,67.5805,0.0501826,0,-2.1049809604883194,-0.612786591053009,-0.08949,745.280029296875,,,,,,,49.1,2.045833333,49.1,2.045833333,,,,,,,,,,,,,,,,,,,"Rece Hinds","27493",677956
"Carlos Santana","CLE",131.425,547.151,486.804,104.666,67.3498,21.3059,0.691454,15.3184,54.664,59.3931,52.8073,0.659744,97.1493,2.75828,3.29646,0.614232,10.5751,2.74306,1.09471,0.215006,0.0965132,0.177555,0.543568,0.293643,0.356015,0.287206,0.649659,0.14101,2.67327,0.236598,,-0.859647,53.888,-10.1167,87.0608,-0.859647,0.11,-8.960281491279602,-10.272266045212746,-0.102553,345.5199890136719,,,,,,,479.5,3.660305343,479.5,3.660305343,,,,,,,,,,,,,,,,,,,"Carlos Santana","2396",467793
"Gavin Sheets","SDP",32.174,117.096,105.757,24.1559,15.9115,5.05814,0.248238,2.93806,12.023,12.3405,9.46372,0.308542,24.0974,0.891452,0.894621,0.0888871,2.09533,0.403959,0.122835,0.228409,0.0808202,0.205792,0.392728,0.294949,0.364275,0.28914,0.659224,0.135866,2.85376,0.266501,,-0.173829,11.7148,-1.98288,87.9542,-0.173829,-0.08,-1.8605380952358246,-3.0590739995241165,-0.105364,681.3300170898438,,,,,,,101.1,3.159375,101.1,3.159375,,,,,,,,,,,,,,,,,,,"Gavin Sheets","19901",657757
"Andrés Chaparro","WSN",24.705,97.326,88.793,20.3397,13.1709,4.141,0.158906,2.86891,9.34899,11.6035,6.59661,0.335791,21.9299,1.12991,0.726729,0.0797249,1.6496,0.444371,0.190457,0.229069,0.0677785,0.225324,0.300804,0.28861,0.376215,0.289635,0.664825,0.147146,2.82732,0.269941,,-0.150543,9.7757,-1.60931,84.9744,-0.150543,0,-1.899266004562378,-2.3637499809265137,-0.105546,749.3800048828125,,,,,,,86.8,3.472,86.8,3.472,,,,,,,,,,,,,,,,,,,"Andres Chaparro","21797",665953
"Adam Duvall",,54.043,205.773,188.241,37.8465,20.7289,7.7428,0.699188,8.67561,21.5116,26.4165,13.1041,0.0297301,63.2369,2.88154,1.36586,0.172549,2.01785,1.02239,0.322235,0.201053,0.0636824,0.307314,0.207223,0.261839,0.387877,0.281998,0.649716,0.186824,3.72311,0.247852,,-0.215561,19.4036,-4.66733,80.6698,-0.215561,-0.55,-4.869414612650871,-3.051990807056427,-0.110033,999,,,,,,,188.2,3.485185185,188.2,3.485185185,,,,,,,,,,,,,,,,,,,"Adam Duvall","10950",594807
"Luken Baker","STL",35.635,120.885,108.028,23.6227,14.38,4.6836,0.120539,4.43857,12.4789,15.0037,10.9218,0.356118,32.395,0.936761,0.916048,0.0823313,1.84754,0.0627226,0.0251358,0.218672,0.0903485,0.267982,0.337144,0.293713,0.387521,0.29722,0.681233,0.168848,1.73114,0.266038,,-0.201911,12.88,-1.26088,91.1837,-0.201911,-0.32,-1.476353958249092,-3.6434465050697327,-0.113007,723.9500122070312,,,,,,,114.5,3.180555555,114.5,3.180555555,,,,,,,,,,,,,,,,,,,"Luken Baker","21497",663609
"Sean Bouchard","COL",46.065,171.842,153.349,36.8504,22.6585,8.61826,0.73931,4.83432,20.2995,18.3685,15.2005,0.225469,47.9594,1.75725,1.19592,0.339701,2.44877,3.61243,1.16441,0.240304,0.0884564,0.27909,0.316946,0.313746,0.400722,0.312118,0.714468,0.160418,4.98757,0.314651,,-0.0599957,20.3699,0.268178,86.6384,-0.0599957,0.03,-2.8056801073253155,-4.1499721724539995,-0.127356,703.260009765625,,,,,,,188.8,4.104347826,188.8,4.104347826,,,,,,,,,,,,,,,,,,,"Sean Bouchard","21270",656248
"Yuli Gurriel","SDP",14.205,56.103,52.2598,11.593,8.03316,2.36683,0.143891,1.0491,5.28656,5.27468,2.92012,0.121577,9.63188,0.34309,0.498787,0.0812464,0.955139,0.665606,0.240524,0.221834,0.0520493,0.171682,0.303173,0.265186,0.332854,0.261299,0.598041,0.111021,3.9004,0.250582,,-0.0524889,4.35563,-2.20719,69.2155,-0.0524889,0.03,-2.117773849517107,-1.0660648066550493,-0.135867,999,,,,,,,41.3,2.95,41.3,2.95,,,,,,,,,,,,,,,,,,,"Yuli Gurriel","19198",493329
"Bobby Dalbec","CHW",23.483,63.024,57.0989,10.9945,6.9073,1.99833,0.21614,1.87269,6.26947,6.15426,4.74117,0.00965717,24.6144,0.738928,0.344461,0.100572,0.768785,1.00827,0.249022,0.192551,0.0752281,0.390557,0.192618,0.261819,0.333512,0.263405,0.595331,0.140961,4.8514,0.294667,,0.00310769,4.99977,-2.37266,68.5636,0.00310769,0,-2.2638522183988243,-1.1578482389450073,-0.136405,750.239990234375,,,,,,,49.1,2.134782608,49.1,2.134782608,,,,,,,,,,,,,,,,,,,"Bobby Dalbec","19966",666915
"Dominic Fletcher","CHW",28.274,107.895,99.0859,21.928,15.8956,4.18223,0.42715,1.42293,9.43848,8.95806,6.25855,0.242011,24.6858,1.2474,0.704107,0.599067,2.02167,0.842982,0.272512,0.221302,0.0580059,0.228794,0.253529,0.274324,0.315214,0.260634,0.589539,0.0939116,3.95957,0.278293,,-0.124558,8.31882,-4.30253,66.6146,-0.124558,0.35,-4.246137924492359,-0.6904725134372711,-0.138379,750.02001953125,,,,,,,68.1,2.432142857,68.1,2.432142857,,,,,,,,,,,,,,,,,,,"Dominic Fletcher","26149",666150
"Juan Yepez","WSN",33.324,130.968,119.72,28.3189,18.971,5.74855,0.287524,3.31183,12.8209,14.6422,8.83836,0.0190768,25.3258,1.21847,0.990051,0.201569,2.4691,0.73166,0.316335,0.236543,0.0674848,0.193374,0.348987,0.293467,0.372353,0.291696,0.665821,0.13581,3.01551,0.271603,,-0.210735,13.372,-1.94836,86.3615,-0.210735,0,-2.3467018753290176,-3.4415812492370605,-0.147369,663.02001953125,,,,,,,114.3,3.463636363,114.3,3.463636363,,,,,,,,,,,,,,,,,,,"Juan Yepez","18400",660766
"Jac Caglianone","KCR",17.744,68.08,62.0362,13.7371,9.11489,2.81861,0.292205,1.51141,6.88911,6.92084,4.64708,0.280458,17.8179,0.852741,0.373627,0.17039,1.24982,0.611303,0.136277,0.221437,0.0682591,0.26172,0.26081,0.283273,0.349383,0.277368,0.632656,0.127945,4.28565,0.283788,,-0.0460643,6.16601,-1.79786,74.4286,-0.0460643,0,-2.038021571934223,-1.734238624572754,-0.155203,999,,,,,,,63.8,3.544444444,63.8,3.544444444,,,,,,,,,,,,,,,,,,,"Jac Caglianone","sa3025245",695506
"Blaze Alexander","ARI",42.768,158.63,143.671,32.3154,22.4741,6.41168,0.694173,2.73545,16.6013,14.8235,10.8676,0.0253396,50.3712,2.53242,0.939621,0.61887,2.88231,2.50598,0.635257,0.224926,0.0685092,0.317539,0.215751,0.289318,0.336335,0.277649,0.625653,0.11141,4.91825,0.323262,,-0.0390216,14.403,-4.15325,74.9087,-0.0390216,-0.11,-4.798606958240271,-2.016666755080223,-0.158297,748.7899780273438,,,,,,,131.4,3.055813953,131.4,3.055813953,,,,,,,,,,,,,,,,,,,"Blaze Alexander","23789",677942
"Jon Singleton","HOU",36.661,139.495,121.691,24.2368,15.0229,4.85576,0.233275,4.12486,14.2197,14.6675,15.7434,0.350784,38.877,0.73566,1.2209,0.103882,2.12036,0.0298769,0.0101616,0.199166,0.11286,0.278698,0.404954,0.292098,0.344591,0.28265,0.636689,0.145425,1.94448,0.251682,,-0.243998,13.227,-3.09082,84.1575,-0.243998,-0.19,-2.772643893957138,-3.673866927623749,-0.185525,723.7899780273438,,,,,,,115.5,3.121621621,115.5,3.121621621,,,,,,,,,,,,,,,,,,,"Jon Singleton","10441",572138
"Anthony Rizzo",,63.177,263.05,232.939,51.0252,34.547,9.76948,0.271416,6.43731,26.2044,27.1781,21.2982,0.940925,51.0279,6.76121,1.77484,0.27693,5.18198,1.55218,0.840251,0.21905,0.0809663,0.193986,0.417383,0.300962,0.346226,0.287358,0.647188,0.127176,2.86454,0.251556,,-0.51656,25.9394,-4.83173,84.3569,-0.51656,-0.6,-5.331056714057922,-5.474768280982971,-0.210837,725.3300170898438,,,,,,,223,3.539682539,223,3.539682539,,,,,,,,,,,,,,,,,,,"Anthony Rizzo","3473",519203
"Hunter Renfroe","KCR",98.294,392.404,355.023,78.8587,49.4225,16.2564,0.796157,12.3836,40.8193,45.6606,30.7097,0.0237915,84.8909,2.95334,2.91571,0.801863,6.85114,0.710728,0.274021,0.222123,0.0782604,0.216336,0.361755,0.287337,0.377041,0.290849,0.664378,0.154918,2.50197,0.255022,,-0.624393,39.7977,-6.10498,83.9112,-0.624393,-2.51,-7.848129451274872,-7.289611577987671,-0.212416,527.0499877929688,,,,,,,356.2,3.634693877,356.2,3.634693877,,,,,,,,,,,,,,,,,,,"Hunter Renfroe","15464",592669
"Oscar Colás","CHW",47.368,176.928,161.81,36.0209,24.6958,6.44899,0.483305,4.39273,17.4543,17.4117,11.9296,1.21601,45.8339,1.77162,0.973755,0.443172,3.1974,2.69235,0.797043,0.222612,0.0674265,0.259054,0.26028,0.281736,0.349884,0.27555,0.63162,0.127272,4.32199,0.280997,,-0.0777864,15.7654,-4.93128,77.1068,-0.0777864,-0.22,-4.712344631552696,-3.3528041541576385,-0.22382,739.1900024414062,,,,,,,139.5,2.968085106,139.5,2.968085106,,,,,,,,,,,,,,,,,,,"Oscar Colas","30162",693049
"Kyle Stowers","MIA",98.989,369.028,331.464,71.3738,43.4163,15.5054,1.49829,10.9538,37.0045,40.8029,29.9579,0.490209,115.868,4.56424,2.49166,0.550601,5.70067,1.54772,0.394234,0.215329,0.0811807,0.313981,0.258553,0.287388,0.370289,0.288485,0.657677,0.154959,3.473,0.291696,,-0.461379,36.7247,-6.44348,81.2147,-0.461379,-1.84,-8.751067966222763,-5.821797966957092,-0.235872,523.47998046875,,,,,,,330.9,3.342424242,330.9,3.342424242,,,,,,,,,,,,,,,,,,,"Kyle Stowers","26151",669065
"Tirso Ornelas","SDP",74.471,297.148,272.61,62.5515,42.4936,13.5865,0.699287,5.77214,30.0692,28.8295,20.3627,0.785359,64.2102,1.75655,1.78414,0.634547,6.15017,3.2033,0.713607,0.229454,0.068527,0.216088,0.317125,0.285554,0.347944,0.27799,0.633498,0.11849,3.91036,0.277769,,-0.152109,27.0613,-7.69849,80.4495,-0.152109,0,-7.0990210473537445,-5.346482276916504,-0.263377,999,,,,,,,251.4,3.397297297,251.4,3.397297297,,,,,,,,,,,,,,,,,,,"Tirso Ornelas","sa3004048",672359
"Nick Pratto","KCR",27.566,107.548,95.7329,19.0008,11.8057,4.40439,0.365907,2.42485,10.7208,10.2835,9.63447,0.318318,36.6886,1.21609,0.662185,0.302387,1.29349,1.15975,0.40568,0.198477,0.089583,0.341137,0.262601,0.278346,0.328117,0.269172,0.606462,0.129639,4.32782,0.289376,,-0.108654,9.03116,-3.54959,68.6633,-0.108654,0.04,-3.9648690447211266,-2.228806458413601,-0.269401,749.02001953125,,,,,,,75.7,2.703571428,75.7,2.703571428,,,,,,,,,,,,,,,,,,,"Nick Pratto","22117",668472
"Kris Bryant","COL",97.321,412.319,366.682,90.0204,59.6457,18.4154,0.851907,11.1074,43.9491,45.894,34.6714,0.0249989,100.257,7.44563,3.11622,0.403902,7.17125,0.365181,0.142488,0.2455,0.0840887,0.243154,0.345825,0.320788,0.391243,0.313311,0.712031,0.145743,2.22578,0.305351,,-0.787629,49.2718,1.03952,87.4416,-0.787629,-0.39,-6.979597866535187,-9.401203751564026,-0.273703,506.739990234375,,,,,,,424.3,4.374226804,424.3,4.374226804,,,,,,,,,,,,,,,,,,,"Kris Bryant","15429",592178
"Michael Toglia","COL",133.077,544.5,484.073,109.128,62.5282,23.1317,2.11475,21.3534,63.6489,67.3085,53.6117,2.33322,168.698,3.11185,3.33622,0.367004,7.32774,6.76597,2.06785,0.225437,0.0984604,0.309821,0.317797,0.3048,0.414295,0.311658,0.719095,0.188858,4.35367,0.295181,,-0.407068,64.3428,0.648204,86.3288,-0.407068,-1.41,-9.308615922927856,-11.678286671638489,-0.294807,185.42999267578125,,,,,,,580.6,4.365413533,580.6,4.365413533,,,,,,,,,,,,,,,,,,,"Michael Toglia","25845",669911
"Jerar Encarnacion","SFG",77.245,304.377,278.794,63.0335,41.4775,11.4633,0.566763,9.52596,32.1204,33.5545,21.5311,0.505555,103.781,2.04787,1.74113,0.26279,5.35157,2.03128,0.707888,0.226093,0.0707381,0.340963,0.207466,0.284802,0.373782,0.287676,0.658584,0.147689,3.3259,0.319968,,-0.389906,30.0927,-5.51272,85.2595,-0.389906,-0.38,-5.755089282989502,-7.532315135002136,-0.325464,414.3399963378906,,,,,,,278.4,3.615584415,278.4,3.615584415,,,,,,,,,,,,,,,,,,,"Jerar Encarnacion","21871",666464
"Deyvison De Los Santos","MIA",82.729,337.334,316.329,75.9907,51.1525,13.5572,0.86249,10.4185,32.8233,40.6624,16.2782,1.81482,95.1802,2.50676,1.77665,0.443253,7.28632,1.71773,0.367862,0.240227,0.0482554,0.282154,0.171025,0.281325,0.387345,0.288311,0.668669,0.147118,3.29094,0.308565,,-0.343093,33.5234,-5.93728,81.0977,-0.343093,0,-7.9680125415325165,-8.207242012023926,-0.510367,456.8800048828125,,,,,,,310.7,3.743373493,310.7,3.743373493,,,,,,,,,,,,,,,,,,,"Deyvison De Los Santos","sa3015168",691277
"Griffin Conine","MIA",83.349,326.009,293.638,58.979,37.6329,12.1707,0.912423,8.26293,29.1899,33.1937,26.831,0.77968,115.354,3.41225,1.80363,0.324105,5.48001,0.342234,0.0877821,0.200856,0.0823015,0.353838,0.232596,0.273953,0.332938,0.268526,0.606891,0.132082,2.43272,0.295162,,-0.496659,27.2065,-10.9294,67.7811,-0.496659,-0.17,-13.057002156972885,-5.0181731432676315,-0.745536,675.5499877929688,,,,,,,242.1,2.916867469,242.1,2.916867469,,,,,,,,,,,,,,,,,,,"Griffin Conine","21626",665052
"Matt Mervis","MIA",84.719,326.763,295.291,58.7647,36.3032,12.8061,0.378598,9.27677,28.8075,35.1202,24.9833,0.927837,97.0813,4.22478,2.01827,0.246043,4.55926,1.13167,0.368346,0.199006,0.076457,0.2971,0.257344,0.269428,0.339185,0.268158,0.608613,0.140179,2.42579,0.259166,,-0.432569,27.1725,-11.0516,67.533,-0.432569,-0.76,-13.118901938199997,-8.197131395339966,-1.07765,581.1599731445312,,,,,,,246.6,2.90117647,246.6,2.90117647,,,,,,,,,,,,,,,,,,,"Matt Mervis","27845",670223