IDfg,Name,Team,Season,projected_PA,xgb_wOBA,xgb_HR_per_PA,xgb_HR,xgb_1B_per_PA,xgb_1B,xgb_2B_per_PA,xgb_2B,xgb_3B_per_PA,xgb_3B,xgb_BB_per_PA,xgb_BB,xgb_IBB_per_PA,xgb_IBB,xgb_SF_per_PA,xgb_SF,xgb_SH_per_PA,xgb_SH,xgb_HBP_per_PA,xgb_HBP,xgb_SO_per_PA,xgb_SO
15640,Aaron Judge,NYY,2025,679,0.41361246,0.065940395,44.77352820336819,0.11888339,80.72182432562113,0.040966444,27.81621528416872,0.0031615335,2.146681248443201,0.16830327,114.27791772782803,0.021215344,14.405218472704291,0.0068799113,4.671459767501801,0.00018372135,0.1247467962821247,0.010595879,7.194601560011506,0.24940895,169.34867395460606
21534,Cal Raleigh,SEA,2025,705,0.32153374,0.04877894,34.38915269449353,0.106928065,75.38428612053394,0.04167226,29.378942996263504,0.0028476296,2.0075788674876094,0.09559069,67.39143524318933,0.003396111,2.3942583077587187,0.004963894,3.499545205850154,2.228823e-05,0.01571320211951388,0.008823504,6.220570136792958,0.26695815,188.205493837595
25764,Bobby Witt Jr.,KCR,2025,687,0.37951377,0.04602163,31.616859208792448,0.16664916,114.48797482252121,0.054835305,37.67185427248478,0.0067246975,4.61986720841378,0.078764394,54.1111386269331,0.006350121,4.3625331236980855,0.00947711,6.5107743283733726,0.0,0.0,0.009735726,6.688443638384342,0.17144771,117.78457622230053
19755,Shohei Ohtani,LAD,2025,727,0.39063883,0.057225753,41.603122156113386,0.13612434,98.96239712834358,0.04696476,34.14338115230203,0.00901531,6.554130096919835,0.11622172,84.49318934231997,0.02039688,14.828532345592976,0.0067615877,4.915674251038581,0.0,0.0,0.00934258,6.792055734433234,0.23744756,172.62437599897385
22799,Geraldo Perdomo,ARI,2025,720,0.30880067,0.014145274,10.184597074985504,0.14769442,106.33998513221741,0.04587835,33.0324125289917,0.0048786397,3.5126205906271935,0.105606966,76.03701531887054,0.0019987014,1.439064983278513,0.0076414156,5.5018192157149315,0.015753992,11.34287416934967,0.010356551,7.456716746091843,0.15832259,113.99226307868958
16252,Trea Turner,PHI,2025,639,0.32070482,0.029082622,18.583795700222254,0.17920138,114.50968144834042,0.04543019,29.029891960322857,0.003324347,2.124257785733789,0.052965775,33.84513030946255,0.0022290226,1.4243454162497073,0.0043137297,2.7564732804894447,9.07692e-05,0.0580015194718726,0.007562954,4.832727592438459,0.18974982,121.25013627111912
25878,Corbin Carroll,ARI,2025,642,0.34452304,0.03606653,23.154711239039898,0.12703817,81.55850252509117,0.047767404,30.6666736677289,0.009420487,6.047952717170119,0.10081856,64.72551521658897,0.0035617878,2.2866677502170205,0.012437768,7.985047236084938,0.0055672443,3.5741708111017942,0.01929561,12.38778193295002,0.2012499,129.20243418216705
13510,Jose Ramirez,CLE,2025,673,0.33613822,0.03803893,25.600201092660427,0.14178438,95.42089100182056,0.053235367,35.82740195095539,0.0049916473,3.3593786475248635,0.09015329,60.673165395855904,0.020899035,14.065050579607487,0.009873112,6.644604195840657,0.000112871065,0.07596222649590345,0.0057119685,3.8441548156552017,0.13217306,88.95247030258179
12916,Francisco Lindor,NYM,2025,732,0.34745067,0.043415327,31.780019089579582,0.14638735,107.15554279088974,0.04641632,33.976746171712875,0.0027931712,2.044601325877011,0.08417774,61.6181056201458,0.0027000683,1.9764499878510833,0.0081597725,5.972953464835882,8.9268004e-05,0.06534417867078446,0.013978038,10.231923803687096,0.19610181,143.5465282201767
19709,Fernando Tatis Jr.,SDP,2025,691,0.35205036,0.04100183,28.332264702767134,0.15731987,108.70803263783455,0.048965983,33.83549431711435,0.0026708543,1.8455603420734406,0.0837241,57.8533506244421,0.0040720096,2.8137586237862706,0.0056499005,3.9040812659077346,0.00017710512,0.12237963617371861,0.010667567,7.371288894675672,0.21240914,146.77471482753754
20123,Juan Soto,NYM,2025,715,0.3912841,0.0504975,36.105711329728365,0.12995756,92.91965305805206,0.042651307,30.495684389024973,0.0032799481,2.3451629211194813,0.16531283,118.19867104291916,0.013757435,9.836565791629255,0.0059970417,4.287884819786996,1.1353682e-05,0.008117882384794939,0.007051233,5.041631739586592,0.17544033,125.43983332812786
21636,Jeremy Pena,HOU,2025,543,0.2990418,0.020603217,11.18754693120718,0.16928968,91.92429533600807,0.04514861,24.515695810317993,0.003478929,1.8890584115870297,0.053381994,28.986422941088676,0.0011441867,0.6212933835340664,0.005280689,2.86741405678913,0.0009519513,0.5169095621095039,0.012464959,6.768472831696272,0.18858054,102.3992347419262
23697,Julio Rodriguez,SEA,2025,710,0.33720177,0.037114803,26.35150995105505,0.1667114,118.36509749293327,0.046216533,32.8137381374836,0.0028459842,2.020648771431297,0.06553593,46.530512273311615,0.0038018122,2.6992866513319314,0.0051013897,3.6219866992905736,0.00021565161,0.153112645202782,0.011323193,8.039467092603445,0.24825656,176.26216053962708
22715,Maikel Garcia,KCR,2025,666,0.3150687,0.019063918,12.696569334715605,0.16705395,111.2579325735569,0.04479927,29.836312651634216,0.0076356595,5.085349252447486,0.07915695,52.718528777360916,0.00055609865,0.37036169855855405,0.008559268,5.700472466647625,0.008360726,5.568243401125073,0.0049691107,3.309427734464407,0.18457903,122.92963376641273
27769,Pete Crow-Armstrong,CHC,2025,647,0.2861213,0.02728148,17.65111750178039,0.13538735,87.59561295807362,0.04666055,30.189375810325146,0.005960442,3.856406055390835,0.04830078,31.250604890286922,0.0013564314,0.8776111154584214,0.00707894,4.5800742115825415,0.0064815744,4.193578625563532,0.011905492,7.702853507362306,0.24620786,159.29648742079735
12856,George Springer,TOR,2025,586,0.29715118,0.026812771,15.712284002453089,0.14001644,82.04963183403015,0.038022872,22.28140302747488,0.0037228204,2.181572772562504,0.08532148,49.998386427760124,0.0014825372,0.8687668279744685,0.004846317,2.8399418955668807,0.0018002193,1.0549285071901977,0.009181838,5.380556805059314,0.20807008,121.92906948924065
14161,Byron Buxton,MIN,2025,542,0.32800582,0.04014949,21.76102427393198,0.132636,71.88870969414711,0.04872742,26.41026122123003,0.004522942,2.4514345675706863,0.07434765,40.2964276522398,0.0023452805,1.271142025012523,0.0049728537,2.6952867042273283,0.0,0.0,0.014601678,7.914109289646149,0.26217753,142.1002196073532
16478,Kyle Schwarber,PHI,2025,724,0.36019722,0.05485003,39.711422219872475,0.10582953,76.62057933211327,0.039022338,28.252172455191612,0.00081362494,0.5890644551254809,0.14550588,105.34625375270844,0.003683394,2.666777295060456,0.0068420637,4.953654147684574,3.0290437e-05,0.021930276590865105,0.007817633,5.659966617822647,0.27204284,196.95901668071747
15998,Cody Bellinger,NYY,2025,656,0.30406404,0.026956454,17.683433771133423,0.14449665,94.78980207443237,0.04577192,30.026378989219666,0.004376132,2.870742619037628,0.07651546,50.194140791893005,0.0027225954,1.7860225513577461,0.009836354,6.452648416161537,0.0008043531,0.5276556322351098,0.007487756,4.911968067288399,0.18605745,122.05368614196777
26289,Gunnar Henderson,BAL,2025,651,0.35322976,0.036158737,23.539337653666735,0.14342728,93.37116095423698,0.04546957,29.60069065913558,0.0076950914,5.009504516143352,0.11482895,74.75364752858877,0.003279146,2.1347240719478577,0.005619274,3.658147365320474,0.0,0.0,0.007916111,5.153387979604304,0.22227809,144.70303550362587
21479,Nico Hoerner,CHC,2025,649,0.3149412,0.014010215,9.092629650607705,0.18177709,117.9733313024044,0.049802095,32.321559458971024,0.0029597688,1.9208899210207164,0.06706333,43.524102210998535,0.0019463645,1.2631905796006322,0.0052809017,3.427305188961327,0.002433453,1.5793109892401844,0.017533602,11.379307823255658,0.11347176,73.64317311346531
14344,Matt Olson,ATL,2025,724,0.33261427,0.04510714,32.65757018327713,0.12099846,87.60288292169571,0.04316598,31.25217080116272,0.001689653,1.2233087928034365,0.10724008,77.64181852340698,0.0076049566,5.505988597869873,0.008110719,5.872160412371159,0.0,0.0,0.008189433,5.929149676114321,0.2379898,172.3046138882637
22581,Alejandro Kirk,TOR,2025,506,0.33136567,0.028145567,14.241656690835953,0.1563357,79.10586246848106,0.0504412,25.523248098790646,0.00134337,0.6797451945021749,0.095209025,48.175766572356224,0.0020247514,1.0245242030359805,0.009861825,4.9900834672153,0.00024338745,0.12315404816763476,0.00792644,4.010778572410345,0.13623965,68.93726181983948
13613,Ketel Marte,ARI,2025,556,0.35730943,0.04114536,22.87681917846203,0.14630434,81.3452125787735,0.047329098,26.31497848033905,0.0049632685,2.759577300399542,0.10574436,58.79386520385742,0.004461776,2.4807474557310343,0.005999457,3.3356981426477432,0.0,0.0,0.007974421,4.433777894824743,0.18818767,104.63234657049179
28163,Junior Caminero,TBR,2025,653,0.30983666,0.033479236,21.861941151320934,0.14442231,94.30776686966419,0.045154247,29.485723573714495,0.0052696033,3.4410509797744453,0.058906008,38.46562293544412,0.0020723562,1.353248582687229,0.005981881,3.906168404966593,0.00083569466,0.5457086153910495,0.012750371,8.325992497615516,0.23391627,152.74732284247875
18345,Kyle Tucker,CHC,2025,597,0.3618576,0.044927236,26.821559708565474,0.1349496,80.56490805745125,0.0425269,25.388559758663177,0.0050812284,3.0334933823905885,0.1299315,77.56910227239132,0.0146056255,8.719558442942798,0.0065172412,3.890793022233993,0.00016995496,0.10146311181597412,0.0069059813,4.1228708596900105,0.16408809,97.96058692038059
20454,Jazz Chisholm Jr.,NYY,2025,531,0.31225225,0.034108553,18.111641686409712,0.14063244,74.67582334578037,0.038925987,20.66969895735383,0.006031498,3.2027253569103777,0.081192,43.112952902913094,0.0032937923,1.7490036855451763,0.0060293665,3.2015936197713017,0.00025004285,0.13277275479049422,0.0076341406,4.053728632628918,0.25204718,133.8370531797409
22186,Brice Turang,MIL,2025,659,0.27599892,0.012628185,8.321973672136664,0.16348194,107.73459573090076,0.033499073,22.075889263302088,0.005997114,3.952098049223423,0.069472626,45.78246043622494,0.0008462635,0.5576876378618181,0.005535659,3.64799922471866,0.013482173,8.884751989506185,0.004527064,2.9833352025598288,0.17557926,115.70673547685146
26668,Elly De La Cruz,CIN,2025,699,0.33830154,0.03765894,26.323599759489298,0.13777901,96.30752961337566,0.04385399,30.65393952280283,0.008324246,5.8186478996649384,0.097455636,68.12148933112621,0.0033318724,2.328978808829561,0.0054986114,3.8435293463990092,0.0022372454,1.5638345628976822,0.00700112,4.893782971892506,0.2949534,206.17243069410324
19197,Will Smith,LAD,2025,436,0.3325654,0.034169175,14.897760182619095,0.13840559,60.34483778476715,0.044943567,19.595395371317863,0.0027222252,1.1868901662528515,0.09907614,43.19719570875168,0.005896752,2.5709837712347507,0.0123902345,5.402142245322466,0.00013016931,0.0567538199829869,0.019274784,8.403805933892727,0.19826718,86.44448906183243
33333,Wyatt Langford,TEX,2025,573,0.3305878,0.03456317,19.804695770144463,0.13967314,80.03271129727364,0.04420613,25.33011320605874,0.005614436,3.2170719606801867,0.09323094,53.421328850090504,0.001665441,0.954297675867565,0.008021232,4.5961657874286175,0.0011095643,0.6357803597347811,0.011859322,6.795391486957669,0.20889868,119.6989427357912
24816,Andy Pages,LAD,2025,624,0.29147732,0.033986636,21.20766055583954,0.124896824,77.93561840057373,0.042737033,26.66790872812271,0.003138543,1.958450898528099,0.06570328,40.998846888542175,0.0011386289,0.710504449903965,0.009555598,5.962693020701408,0.0011908308,0.7430784422904253,0.011518279,7.187406152486801,0.2315623,144.49487614631653
26151,Kyle Stowers,MIA,2025,457,0.29526925,0.034690116,15.85338282957673,0.12918606,59.03803125023842,0.045298442,20.701388105750084,0.002986919,1.3650219382252544,0.05979203,27.324957985430956,0.0011226228,0.5130385970696807,0.007705063,3.521213833708316,0.0021862285,0.999106434173882,0.010666038,4.87437932472676,0.30089355,137.50835013389587
13624,Corey Seager,TEX,2025,445,0.36155212,0.049694862,22.114213686436415,0.14586124,64.90825101733208,0.050244126,22.358636278659105,0.0015518417,0.6905695720342919,0.094813906,42.19218801707029,0.013348826,5.940227662213147,0.0059935446,2.667127342429012,0.0,0.0,0.007190601,3.1998174311593175,0.18115005,80.61177179217339
15986,Willy Adames,SFG,2025,686,0.31452253,0.03794166,26.027979262173176,0.12073281,82.82270534336567,0.04360142,29.910573966801167,0.0036669287,2.515513113234192,0.097222544,66.69466535747051,0.0034391826,2.3592792968265712,0.0059304084,4.068260141648352,0.0,0.0,0.0061851167,4.242990064434707,0.2670024,183.16364896297455
5361,Freddie Freeman,LAD,2025,627,0.35552308,0.03234861,20.282578758895397,0.16272955,102.03142561018467,0.05226746,32.77169634774327,0.0025071746,1.5719984869938344,0.100988306,63.31966792792082,0.009304891,5.834166870452464,0.009166604,5.747460650280118,0.0003983519,0.24976664016139694,0.013695711,8.587210966274142,0.16486914,103.37295363843441
25816,Shea Langeliers,ATH,2025,523,0.30758432,0.04287478,22.42350970581174,0.114696935,59.98649691045284,0.042896893,22.435074973851442,0.003037011,1.588356762425974,0.07991946,41.79787623882294,0.0021925226,1.1466893365141004,0.006887485,3.602154554333538,0.00015827082,0.08277563937008381,0.008498316,4.444619110785425,0.26178026,136.9110770225525
19611,Vladimir Guerrero Jr.,TOR,2025,680,0.36823642,0.041249804,28.0498668551445,0.16732651,113.78202676773071,0.049805664,33.867851197719574,0.001787619,1.2155808974057436,0.100263044,68.17887008190155,0.012847903,8.736574165523052,0.005281572,3.5914691165089607,0.0,0.0,0.008733253,5.938612036406994,0.15656462,106.46394371986389
24617,Jarren Duran,BOS,2025,696,0.32980028,0.027575916,19.192837312817574,0.153829,107.06497943401337,0.052047603,36.22513157129288,0.010179278,7.084777794778347,0.07351967,51.16968995332718,0.003348625,2.3306430224329233,0.0064833034,4.51237915456295,0.00047251102,0.32886766945011914,0.009577574,6.665991649031639,0.21559405,150.0534610748291
19612,Bo Bichette,TOR,2025,628,0.29377106,0.020531517,12.893792375922203,0.15715331,98.69227766990662,0.048460618,30.433267891407013,0.00354067,2.2235407810658216,0.06040682,37.93548232316971,0.0005233915,0.3286898802034557,0.0058321184,3.66257038526237,0.00070622185,0.44350732187740505,0.0073647774,4.6250801961869,0.2056164,129.12709897756577
12552,Eugenio Suarez,- - -,2025,657,0.31281123,0.03738954,24.564927242696285,0.12752056,83.78100872039795,0.040898707,26.87045034393668,0.0023052439,1.5145452178549021,0.08807123,57.86279618740082,0.0018747428,1.2317060173954815,0.0070275106,4.617074433714151,0.00017374751,0.11415211434359662,0.012626564,8.295652633532882,0.28488764,187.17118057608604
11493,Manny Machado,SDP,2025,678,0.32588077,0.03766412,25.536272786557674,0.14715597,99.77174788713455,0.049928606,33.85159456729889,0.0016094425,1.0912020304240286,0.076307304,51.73635224997997,0.0044686687,3.029757390730083,0.0065841284,4.464039031416178,0.00012466285,0.08452141407178715,0.004390648,2.9768594121560454,0.20048513,135.9289148747921
24262,Ceddanne Rafaela,BOS,2025,587,0.29179764,0.029038217,17.045433331280947,0.14326687,84.09765361249447,0.04745546,27.856354922056198,0.0050470755,2.962633289396763,0.042623557,25.020028047263622,0.00086725014,0.5090758337173611,0.0049610427,2.9121320443227887,0.004682204,2.748453877400607,0.011639455,6.832360280677676,0.25099817,147.33592531085014
16505,Matt Chapman,SFG,2025,535,0.33022448,0.038173303,20.422717109322548,0.12798303,68.47092300653458,0.047532883,25.43009215965867,0.0027182056,1.454239976592362,0.10053673,53.787148632109165,0.004048343,2.165863406844437,0.006390964,3.4191658184863627,0.0005782012,0.30933764268411323,0.010479691,5.606634919531643,0.2406046,128.7234579771757
19251,Pete Alonso,NYM,2025,709,0.3378806,0.048099786,34.102748304605484,0.11558803,81.95191448181868,0.044949677,31.86932088062167,0.0014572503,1.033190482412465,0.09772149,69.28453448414803,0.0068989387,4.891347522847354,0.009163297,6.4967774180695415,5.209598e-05,0.036936049968062434,0.019751258,14.003642059862614,0.24168478,171.35450868308544
29622,Sal Frelick,MIL,2025,594,0.2962614,0.010762185,6.392737805843353,0.1653755,98.23304754495621,0.043501288,25.839764893054962,0.006958702,4.133469055406749,0.07666948,45.54166929423809,0.0014512392,0.8620360982604325,0.0052861366,3.1399651654064655,0.0060857586,3.61494058649987,0.012164375,7.225638639181852,0.15234156,90.49088636040688
20503,William Contreras,MIL,2025,659,0.34268546,0.032112338,21.16203051060438,0.16383839,107.96949672698975,0.046097826,30.378467474132776,0.0030899022,2.036245565628633,0.09601313,63.272651851177216,0.0038559225,2.5410529223736376,0.0053440663,3.521739693824202,5.768424e-05,0.03801391378874541,0.0071143257,4.688340603373945,0.20596062,135.72804625332355
18401,Ronald Acuna Jr.,ATL,2025,412,0.35122326,0.03514063,14.477939501404762,0.15859868,65.34265464544296,0.042817727,17.640903413295746,0.0041431743,1.706987800076604,0.10456813,43.08207008242607,0.0030498444,1.2565358970314264,0.0036241454,1.4931479077786207,0.0,0.0,0.011588449,4.774440847337246,0.20958586,86.34937447309494
26319,Michael Busch,CHC,2025,592,0.3113482,0.034079004,20.174770414829254,0.11814677,69.94288766384125,0.040887993,24.205691754817963,0.002591541,1.53419229388237,0.10627344,62.913877964019775,0.001282607,0.7593033276498318,0.0070091872,4.149438850581646,0.00060442806,0.35782141145318747,0.01286821,7.617980167269707,0.26459187,156.63838863372803
11579,Bryce Harper,PHI,2025,580,0.35665396,0.041045994,23.806676268577576,0.14501213,84.10703271627426,0.052401654,30.39295956492424,0.002077529,1.2049668049439788,0.106546216,61.796805113554,0.008031371,4.658195208758116,0.0078847045,4.573128614574671,0.0003530847,0.2047891274560243,0.0071755815,4.161837287247181,0.2201478,127.68572598695755
17678,Alex Bregman,BOS,2025,495,0.33266947,0.030697554,15.19528940320015,0.14034438,69.47046875953674,0.050603196,25.048582032322884,0.0022526055,1.1150397278834134,0.10512265,52.03571084886789,0.0023588815,1.167646354297176,0.0076903705,3.8067334215156734,0.00026881736,0.13306459091836587,0.010453767,5.174614735879004,0.13544661,67.04607099294662
33266,Jacob Wilson,ATH,2025,523,0.30323434,0.016286826,8.518009873107076,0.17477,91.4047087430954,0.046771582,24.46153749898076,0.004603174,2.4074600278399885,0.060052536,31.40747655183077,0.00583534,3.0518827638588846,0.006121413,3.2014989210292697,0.009455623,4.945290884003043,0.011025838,5.766513076610863,0.12687951,66.35798543691635
27479,Masyn Winn,STL,2025,537,0.28955007,0.01852,9.945239709690213,0.15663558,84.11330777406693,0.042225793,22.675250843167305,0.0058513866,3.1421945937909186,0.062447082,33.53408316895366,0.0013724935,0.7370289849350229,0.0071697915,3.850178034044802,0.0044660387,2.3982627619989216,0.0105870385,5.685239659622312,0.17681596,94.9501688182354
29715,Hunter Goodman,COL,2025,579,0.30566487,0.042096213,24.37370704114437,0.13090684,75.79505757987499,0.04216084,24.41112568974495,0.0027568424,1.596211756579578,0.056209106,32.54507237300277,0.0011373884,0.6585478861816227,0.0068990234,3.9945345651358366,0.0019667912,1.1387721206992865,0.011495135,6.655683045275509,0.26378447,152.73120707273483
27467,Tyler Soderstrom,ATH,2025,624,0.322418,0.040619463,25.34654474258423,0.13418815,83.73340272903442,0.042034402,26.229467153549194,0.0034068679,2.1258855387568474,0.08154574,50.8845419883728,0.0030293341,1.8903044946491718,0.0065850057,4.109043538570404,6.037929e-05,0.03767667728243396,0.011146331,6.955310672521591,0.2625442,163.8275899887085
13611,Mookie Betts,LAD,2025,663,0.34933743,0.033711344,22.350621074438095,0.14793283,98.07946461439133,0.05139856,34.0772455483675,0.004940796,3.2757478659041226,0.10628618,70.46773932874203,0.002826392,1.8738978642504662,0.0077139298,5.114335424266756,8.803917e-05,0.05836996783182258,0.0076241773,5.054829524829984,0.13998534,92.81027899682522
17350,Rafael Devers,- - -,2025,729,0.34256116,0.043799043,31.92950212955475,0.12888709,93.95868650078773,0.048971083,35.699919518083334,0.0033004163,2.406003470532596,0.10040681,73.1965649574995,0.012171319,8.872891372069716,0.0079954,5.828646342270076,0.0,0.0,0.011058587,8.061709667555988,0.2340205,170.6009455025196
29518,James Wood,WSN,2025,689,0.31727636,0.028973674,19.962861662730575,0.13543074,93.31177870929241,0.04188678,28.85999170318246,0.0061215158,4.217724360059947,0.100232124,69.05993366241455,0.0021434207,1.4768168930895627,0.0072585493,5.0011404901742935,0.0018475535,1.2729643839411438,0.010557938,7.274419534951448,0.27635175,190.4063556790352
18314,Dansby Swanson,CHC,2025,645,0.3125457,0.032519627,20.975159648805857,0.14546643,93.82584862411022,0.04066492,26.228872574865818,0.0033106937,2.1353974111843854,0.083317496,53.739784844219685,0.0017069847,1.1010051373159513,0.004526027,2.9192874231375754,0.00027024187,0.17430600710213184,0.0066957944,4.318787392694503,0.2534392,163.46827626228333
18564,Trent Grisham,NYY,2025,581,0.31698024,0.037553575,21.818627011030912,0.09361401,54.389740973711014,0.0446589,25.946820497512817,0.0026898356,1.5627944925799966,0.12468961,72.44466271996498,0.002846231,1.6536602026317269,0.006496339,3.7743730200454593,0.013159788,7.645836952142417,0.011738279,6.819940042681992,0.28169718,163.6660638153553
18030,Harrison Bader,- - -,2025,501,0.27247596,0.023466494,11.756713461130857,0.13354634,66.90671508014202,0.04290696,21.496386263519526,0.0027689803,1.3872591499239206,0.057141528,28.627905294299126,0.00048046932,0.2407151274383068,0.008971028,4.494485042989254,0.00055042875,0.27576480607967824,0.012946808,6.486350697465241,0.22302152,111.73378260433674
19392,Zach McKinstry,DET,2025,511,0.284841,0.0190013,9.70966405235231,0.13836434,70.70418021082878,0.04095459,20.92779541015625,0.008816724,4.505345816724002,0.07600723,38.83969558775425,0.001442785,0.7372631480684504,0.006407662,3.2743151946924627,0.00540137,2.760100129060447,0.0074565373,3.810290578752756,0.22621273,115.59470249712467
12161,Xander Bogaerts,SDP,2025,552,0.29782575,0.017987221,9.928946256637573,0.16803445,92.75501596927643,0.04118501,22.734125643968582,0.0034439967,1.9010861534625292,0.07270946,40.13562387228012,0.0017616013,0.972403921186924,0.009289777,5.127956852316856,0.0010468842,0.5778800910338759,0.008447465,4.66300043463707,0.1822291,100.59046411514282
20352,Ernie Clement,TOR,2025,588,0.28913358,0.022678819,13.335145309567451,0.15328543,90.13183218240738,0.046961386,27.613294824957848,0.0039740116,2.3367188405245543,0.04784297,28.13166533410549,0.0006417865,0.3773704580962658,0.0066373437,3.90275807864964,0.0038359966,2.255566008388996,0.012102369,7.116193100810051,0.1305455,76.76075220108032
24610,Steven Kwan,CLE,2025,693,0.32403222,0.01600752,11.09321153908968,0.1800171,124.75184945762157,0.043064635,29.843792226165533,0.0064298715,4.45590098015964,0.09218805,63.88632061332464,0.0021265238,1.4736809651367366,0.0060515055,4.193693276960403,0.0024899123,1.7255092402920127,0.00667534,4.62601046031341,0.09406863,65.18956165015697
27478,Patrick Bailey,SFG,2025,452,0.29917473,0.022967456,10.381290070712566,0.15040645,67.98371541500092,0.042762455,19.328629478812218,0.003776517,1.7069856831803918,0.076679766,34.65925431251526,0.0013183506,0.5958944489248097,0.007175978,3.243541968986392,0.0032008244,1.4467726163566113,0.009396365,4.2471569404006,0.23001368,103.96618491411209
18839,Josh Naylor,- - -,2025,604,0.326075,0.037737634,22.793530955910683,0.14364052,86.75887298583984,0.045706872,27.606950625777245,0.0016389848,0.9899468030780554,0.08107548,48.96959117054939,0.006277374,3.7915338911116123,0.007795995,4.708781041204929,7.7182216e-05,0.04661805849173106,0.012373666,7.473694432526827,0.16827752,101.63962024450302
31347,Zach Neto,LAA,2025,554,0.30812046,0.033501044,18.559578329324722,0.13506986,74.82870355248451,0.046335347,25.669782236218452,0.005737238,3.178429906256497,0.06616268,36.654126420617104,0.0014367905,0.7959819100797176,0.005927186,3.2836610404774547,0.0008422681,0.46661653462797403,0.01138465,6.307096173986793,0.23499563,130.18758088350296
25768,CJ Abrams,WSN,2025,635,0.29979557,0.027286435,17.326885936781764,0.14015788,89.00025278329849,0.04157997,26.403280459344387,0.009430876,5.988606261089444,0.05586072,35.471557565033436,0.00097158895,0.616958980972413,0.0071928427,4.567455090582371,0.0009700024,0.6159515114268288,0.020895766,13.268811469897628,0.20827535,132.2548459470272
26294,Bryson Stott,PHI,2025,560,0.3037157,0.0194985,10.919159501791,0.16116394,90.25180697441101,0.04761539,26.66461855173111,0.0032737833,1.8333186209201813,0.0764628,42.81916677951813,0.00076736853,0.4297263780608773,0.010400976,5.824546590447426,0.0014142834,0.7919987104833126,0.005654265,3.1663884967565536,0.17337114,97.08783626556396
17128,Ramon Laureano,- - -,2025,488,0.29972512,0.029190034,14.244736433029175,0.13428631,65.53172135353088,0.04441114,21.67263701558113,0.0036222222,1.7676444463431835,0.0698339,34.07894176244736,0.0016740267,0.8169250376522541,0.0036522597,1.782302737236023,0.00046818715,0.2284753294661641,0.017650384,8.613387614488602,0.28685617,139.98581314086914
29576,Ben Rice,NYY,2025,530,0.31760642,0.039372563,20.86745858192444,0.11697934,61.99904926121235,0.038901042,20.617552362382412,0.0019199168,1.017555920407176,0.11134252,59.011535346508026,0.003339713,1.7700478760525584,0.0065728826,3.483627801761031,0.0007326082,0.3882823447929695,0.009086067,4.815615434199572,0.25925052,137.40277647972107
16442,Ryan O'Hearn,- - -,2025,544,0.31506133,0.028488982,15.498006463050842,0.15070146,81.98159599304199,0.047331728,25.748460054397583,0.0034721992,1.8888763636350632,0.08039466,43.73469662666321,0.0038684718,2.104448676109314,0.007961818,4.331229001283646,7.806182e-05,0.04246563068591058,0.007241393,3.9393177777528763,0.18208112,99.05212831497192
29490,Jackson Merrill,SDP,2025,483,0.31989565,0.035325702,17.062314201146364,0.14978191,72.34466376900673,0.051112812,24.687488202005625,0.0059500155,2.8738574883900583,0.05240715,25.312653075903654,0.003899457,1.8834376987069845,0.006915613,3.3402411164715886,0.0026395493,1.274902320932597,0.009419521,4.549628796055913,0.18676312,90.20658825337887
12927,Brandon Nimmo,NYM,2025,652,0.32202885,0.030454662,19.85643942654133,0.12650618,82.48202908039093,0.045339577,29.561404138803482,0.0059373793,3.8711713161319494,0.10103241,65.87313362956047,0.002036368,1.3277119416743517,0.006118733,3.98941389657557,0.0007769582,0.5065767373889685,0.017911358,11.678205288946629,0.22833845,148.87666952610016
12564,Trevor Story,BOS,2025,654,0.27095076,0.02151677,14.071967661380768,0.12716082,83.16317456960678,0.042541813,27.82234577089548,0.0023561534,1.540924354456365,0.06665204,43.590432330965996,0.0006922845,0.45275405736174434,0.009745095,6.373292081058025,0.008173818,5.345676820725203,0.013836993,9.049393359571695,0.29348594,191.9398044347763
27562,Austin Wells,NYY,2025,448,0.30505538,0.033365414,14.947705268859863,0.12274387,54.98925256729126,0.041596107,18.635056018829346,0.0022428902,1.0048148036003113,0.09704629,43.47673940658569,0.001461239,0.6546350494027138,0.008594942,3.85053414106369,0.00055845984,0.25019000843167305,0.009049154,4.054020941257477,0.23538497,105.45246696472168
16578,Yandy Diaz,TBR,2025,651,0.33661312,0.024280658,15.806708352640271,0.16396639,106.7421182692051,0.04966572,32.33238324522972,0.0022851937,1.4876610673964024,0.103069305,67.09811782836914,0.0027731098,1.805294495075941,0.0052016336,3.386263443622738,0.00081808615,0.5325740822008811,0.008615396,5.608622786588967,0.14813352,96.43491911888123
13301,Max Muncy,LAD,2025,388,0.32976928,0.044050373,17.091544777154922,0.10330607,40.0827551484108,0.040461354,15.699005335569382,0.0015684462,0.6085571134462953,0.12651338,49.087190210819244,0.0031806366,1.2340869847685099,0.009239348,3.584866888821125,7.0665345e-05,0.027418153680628166,0.013137874,5.097495187073946,0.27963278,108.4975174665451
25976,Riley Greene,DET,2025,655,0.34503618,0.03488088,22.846976574510336,0.14677699,96.13892786204815,0.044633973,29.2352525703609,0.0067243474,4.404447521083057,0.10730105,70.2821870520711,0.0042196596,2.763877040706575,0.006728669,4.4072783016599715,0.0009825046,0.6435404939111322,0.0068826135,4.508111858740449,0.2654126,173.8452522456646
17548,Taylor Ward,LAA,2025,663,0.33294812,0.03697381,24.513637147843838,0.13984267,92.71569295227528,0.042347334,28.076282657682896,0.0023243397,1.5410372216720134,0.101782076,67.4815164282918,0.002197441,1.4569033475127071,0.010960217,7.26662362832576,6.219838e-05,0.04123752471059561,0.011115337,7.369468292221427,0.23880807,158.32974752783775
24679,Brendan Donovan,STL,2025,515,0.33436185,0.022508979,11.592124104499817,0.1580006,81.37031070888042,0.049450163,25.46683384105563,0.0022731302,1.1706620687618852,0.09966648,51.32823910564184,0.0015090093,0.7771397783653811,0.00767133,3.9507350139319897,0.0014197583,0.7311755284899846,0.020548774,10.58261857368052,0.14087252,72.54934944212437
28806,Jackson Chourio,MIL,2025,589,0.3162671,0.025923653,15.269031366333365,0.15683389,92.37515950202942,0.04663726,27.469345800578594,0.007365629,4.338355526328087,0.067456976,39.73215861618519,0.0015314231,0.902008187957108,0.006258407,3.6862018066458404,0.0008375186,0.49329845583997667,0.012150109,7.156414091587067,0.21736787,128.02967695891857
19290,Randy Arozarena,SEA,2025,709,0.32514897,0.038131323,27.03510780259967,0.11155345,79.09139811247587,0.04793133,33.9833118468523,0.0018643048,1.3217920791357756,0.09714393,68.87504862248898,0.0015573902,1.1041896557435393,0.0067500644,4.785795685369521,0.0,0.0,0.027099125,19.21327968686819,0.2601304,184.432457447052
18036,Jake Cronenworth,SDP,2025,515,0.31301132,0.024398329,12.56513929925859,0.13348565,68.745107203722,0.045349132,23.35480311885476,0.0056029866,2.8855380741879344,0.096323304,49.60650149732828,0.001009033,0.5196519667515531,0.009819789,5.057191262021661,0.001318676,0.6791181646985933,0.018468935,9.511501546949148,0.19032004,98.01482304930687
19522,TJ Friedl,CIN,2025,685,0.32116047,0.027298447,18.699436020106077,0.13873102,95.03074713051319,0.043764204,29.978479593992233,0.0077240868,5.29099942650646,0.080457,55.11304631829262,0.0008893968,0.6092368208919652,0.009489699,6.5004439977929,0.01201426,8.229767815209925,0.02360067,16.16645866073668,0.1686227,115.50655111670494
11609,Willson Contreras,STL,2025,563,0.33300897,0.040165298,22.613062597811222,0.12498232,70.36504603177309,0.04481537,25.231052719056606,0.0011881412,0.6689234828809276,0.094389066,53.14104421436787,0.0020825355,1.1724675041623414,0.005755147,3.240147741511464,0.00027794708,0.15648420687648468,0.025480777,14.345677465200424,0.2492068,140.30342631042004
17919,Ian Happ,CHC,2025,663,0.3243249,0.034968343,23.184011165052652,0.12270841,81.35567584633827,0.044935614,29.792311996221542,0.0035542746,2.356484033865854,0.11286994,74.83277068287134,0.00421677,2.7957186265848577,0.0048213345,3.1965447734110057,4.2317253e-05,0.028056338902388234,0.00902432,5.9831242728978395,0.25054133,166.10890138149261
15491,J.P. Crawford,SEA,2025,654,0.29599437,0.020876458,13.65320347622037,0.119101256,77.89222151041031,0.044573706,29.151203490793705,0.0031472698,2.0583144701085985,0.11481633,75.08988006412983,0.0009233095,0.6038443967700005,0.007665925,5.013515076600015,0.0024004015,1.5698625901713967,0.011005937,7.197882877662778,0.22447678,146.80781704187393
20599,Ivan Herrera,STL,2025,452,0.32353845,0.024339596,11.00149730592966,0.16224648,73.33540922403336,0.04641816,20.981008410453796,0.004743712,2.1441578343510628,0.08163898,36.900817573070526,0.0025937418,1.1723712719976902,0.0053770347,2.4304196648299694,0.0013454517,0.6081441631540656,0.012926551,5.842800863087177,0.2109678,95.3574429154396
22664,Gabriel Moreno,ARI,2025,309,0.31667554,0.022544615,6.966286025941372,0.16170922,49.96814873814583,0.04315144,13.3337944149971,0.0027512838,0.8501466982997954,0.09046125,27.952525220811367,0.0033989623,1.0502793565392494,0.0071907933,2.2219551256857812,0.0014423387,0.4456826549721882,0.011146594,3.44429749622941,0.16032675,49.54096546769142
13152,Jorge Polanco,SEA,2025,524,0.2836099,0.031237548,16.368475265800953,0.11473992,60.12371662259102,0.037779648,19.796535477042198,0.0015328039,0.8031892287544906,0.09344724,48.96635282039642,0.0029836458,1.5634303828701377,0.0063380003,3.3211121559143066,9.1177375e-05,0.04777694449876435,0.007850306,4.113560400903225,0.27839342,145.87815082073212
30116,Seiya Suzuki,CHC,2025,651,0.3382225,0.03616715,23.54481367394328,0.13429466,87.42582294344902,0.04902596,31.915900133550167,0.0059579127,3.878601137548685,0.10343752,67.3378258869052,0.0044021006,2.865767473820597,0.0059381537,3.8657380677759647,8.97138e-05,0.05840368482313352,0.00738449,4.807303134351969,0.25148192,163.71473023295403
13620,Carson Kelly,CHC,2025,421,0.29740006,0.027929407,11.75828018411994,0.14339498,60.36928525567055,0.03944453,16.60614650696516,0.0019022016,0.8008268576813862,0.07731837,32.5510339140892,0.001082202,0.45560702262446284,0.0068887477,2.9001627736724913,0.0011645189,0.49026244797278196,0.0114799,4.83303799200803,0.2108108,88.75134487450123
16997,Gleyber Torres,DET,2025,628,0.3106299,0.02642675,16.59599856287241,0.14870833,93.38883036375046,0.04013262,25.2032850086689,0.0017749828,1.1146891871467233,0.097858325,61.455027878284454,0.0009773028,0.6137461489997804,0.010346523,6.497616164386272,0.002611372,1.6399415666237473,0.0062613864,3.93215068615973,0.20603082,129.38735234737396
14162,Carlos Correa,- - -,2025,584,0.34349176,0.033316776,19.456997275352478,0.15518045,90.62538528442383,0.0498133,29.090967416763306,0.0025421686,1.4846264626830816,0.09839523,57.46281337738037,0.00314419,1.836206929758191,0.0053033396,3.097150307148695,0.0001540862,0.08998634049203247,0.0074956995,4.377488479018211,0.18706919,109.24840843677521
21837,Jonathan Aranda,TBR,2025,422,0.32775536,0.03887413,16.40488315373659,0.13912822,58.71211013197899,0.04231735,17.857921473681927,0.001360699,0.5742149578873068,0.09130335,38.53001308441162,0.0024371943,1.0284960130229592,0.006727924,2.8391839722171426,0.00085725967,0.3617635810514912,0.011405402,4.81307958625257,0.22084717,93.19750764966011
20036,Isaac Paredes,HOU,2025,438,0.33756262,0.03309828,14.497046828269958,0.13250795,58.03848212957382,0.046257887,20.26095452159643,0.0012840711,0.5624231540132314,0.10017395,43.876190185546875,0.0013955409,0.6112469115760177,0.00768486,3.3659686418250203,0.0041843248,1.8327342448756099,0.03210684,14.062795534729958,0.17298774,75.76863196492195
22266,Xavier Edwards,MIA,2025,619,0.3075754,0.012716174,7.871311783790588,0.17694232,109.52729526162148,0.041443914,25.65378287434578,0.0056457547,3.494722188450396,0.08176922,50.61514750868082,0.0043993737,2.7232122966088355,0.0063025905,3.9013035083189607,0.0057980646,3.5890020108781755,0.011329337,7.012859617359936,0.16882458,104.50241705775261
19627,Brent Rooker,ATH,2025,699,0.35245955,0.053209405,37.19337436929345,0.13424444,93.8368649482727,0.04433367,30.989235531538725,0.0029389607,2.054333514533937,0.08608543,60.173716463148594,0.0035207053,2.4609729847870767,0.004308955,3.011959413997829,0.0,0.0,0.009991969,6.984386318363249,0.27999714,195.71800097823143
11477,Christian Yelich,MIL,2025,644,0.33724186,0.027381215,17.63350261747837,0.16076007,103.52948820590973,0.042872526,27.60990658402443,0.0041532298,2.6746799666434526,0.110251546,71.00199556350708,0.007922099,5.101831737905741,0.0046870243,3.018443636596203,0.0006978111,0.4493903329130262,0.008039065,5.177157670259476,0.20634753,132.88780617713928
23772,Wilyer Abreu,BOS,2025,417,0.31557083,0.039306432,16.39078214764595,0.12012431,50.091837376356125,0.04282353,17.857412315905094,0.004988569,2.080233204178512,0.085617185,35.70236599445343,0.001532649,0.6391146493842825,0.008646498,3.6055898470804095,0.0007088295,0.29558189946692437,0.012780142,5.329319220967591,0.26396364,110.0728377699852
20202,Brandon Marsh,PHI,2025,425,0.32797801,0.031548057,13.407924119383097,0.1345348,57.1772925555706,0.045146424,19.187230337411165,0.0055954936,2.3780847783200443,0.108004384,45.90186309069395,0.0024547346,1.0432622220832855,0.0073304228,3.1154296710155904,0.0025245526,1.0729348694439977,0.007064272,3.002315678168088,0.2953931,125.54207146167755
33824,Jung Hoo Lee,SFG,2025,617,0.3044143,0.020240542,12.488414134830236,0.16642955,102.68703201413155,0.043610856,26.907898113131523,0.0032813377,2.0245853452943265,0.06741025,41.592126093804836,0.0016231039,1.0014550820924342,0.007419271,4.577690163161606,0.0033480998,2.0657775558065623,0.013327937,8.22333690803498,0.12728079,78.53224535286427
27465,Spencer Torkelson,DET,2025,649,0.31239069,0.03369319,21.866880740970373,0.118838534,77.12620840966702,0.046073362,29.90161208808422,0.0029324235,1.9031428468879312,0.10022578,65.04652890563011,0.0007364463,0.47795364510966465,0.0049250065,3.1963292411528528,0.00061163655,0.3969521240796894,0.010311621,6.692242185585201,0.26786545,173.8446765244007
26123,Brett Baty,NYM,2025,432,0.29019877,0.026492408,11.444720059633255,0.14171901,61.22261381149292,0.03943751,17.037004351615906,0.0028953524,1.2507922500371933,0.06719604,29.028689861297607,0.0021493419,0.9285156838595867,0.0060932986,2.632304973900318,0.0034499601,1.4903827831149101,0.014824628,6.404239252209663,0.23087499,99.7379937171936
14854,Mike Yastrzemski,- - -,2025,558,0.3191389,0.03652379,20.38027435541153,0.11413039,63.684759110212326,0.04423849,24.68507692962885,0.006763584,3.7740798611193895,0.101070866,56.39754322171211,0.00070695713,0.3944820781471208,0.006348975,3.542728051543236,0.0023175005,1.2931652977131307,0.010609664,5.920192524790764,0.2600959,145.13350903987885
20308,Jake Meyers,HOU,2025,381,0.28159055,0.025424812,9.686853367835283,0.1256904,47.888042628765106,0.04389095,16.722451698035,0.0047750496,1.819293909240514,0.06661453,25.38013630360365,0.00027477453,0.10468909636256285,0.0055453503,2.112778448034078,0.0016804712,0.6402595408726484,0.013898568,5.2953544948250055,0.25215423,96.0707620382309
19608,Otto Lopez,MIA,2025,594,0.29942822,0.019253923,11.436830040067434,0.16610913,98.66882309317589,0.048052285,28.543057210743427,0.0056751836,3.371059063822031,0.052946668,31.45032086223364,0.00090796064,0.539328619488515,0.0062477607,3.711169872432947,0.0018732222,1.1126939747482538,0.010744132,6.3820144683122635,0.19960123,118.56313240528107
19918,Daulton Varsho,TOR,2025,271,0.31058118,0.035871346,9.721134644001722,0.115921065,31.414608672261238,0.04671363,12.659394163638353,0.007828408,2.121498546563089,0.07759065,21.02706664055586,0.0014970987,0.40571375051513314,0.0034717277,0.9408382109832019,0.005366173,1.4542329120449722,0.013394711,3.6299665747210383,0.27002972,73.17805510759354
24598,Addison Barger,TOR,2025,502,0.28849322,0.029118719,14.617596726864576,0.13565464,68.09863087534904,0.04317545,21.67407663166523,0.0033616268,1.6875366340391338,0.06266291,31.456779286265373,0.001255736,0.6303794658742845,0.008546189,4.290187081322074,0.0017950896,0.9011349645443261,0.009470943,4.754413567483425,0.23881018,119.88271117210388
16530,Mauricio Dubon,HOU,2025,398,0.2757619,0.014787621,5.885473104193807,0.15811706,62.930588245391846,0.04629302,18.424622058868408,0.0039669536,1.5788475349545479,0.052031633,20.708589740097523,0.0007941745,0.3160814505536109,0.0088848,3.5361502673476934,0.0051756767,2.0599193116649985,0.0067679198,2.6936320615932345,0.1431343,56.96744978427887
27615,Alec Burleson,STL,2025,546,0.30452666,0.028363688,15.486573603004217,0.15575992,85.04491397738457,0.048573468,26.521113462746143,0.0013279833,0.7250789017416537,0.060294118,32.92058830708265,0.0014883644,0.8126469722483307,0.009247332,5.049043206498027,0.0025650216,1.4005018081516027,0.006347536,3.4657547157257795,0.14887136,81.28376376628876
13897,Tyler Heineman,TOR,2025,174,0.27678636,0.027454622,4.777104243636131,0.1050965,18.286790415644646,0.04360635,7.587504610419273,0.002337867,0.4067888455465436,0.08624166,15.006049275398254,0.0032595368,0.5671594049781561,0.0065344893,1.1370011446997523,0.0054198783,0.9430588223040104,0.014023368,2.440066074952483,0.27655777,48.12105256319046
5417,Jose Altuve,HOU,2025,654,0.32728225,0.02828577,18.498893413692713,0.1691594,110.6302459537983,0.04385162,28.67896042764187,0.0028152522,1.8411749191582203,0.07483913,48.94479104876518,0.0017849512,1.1673580803908408,0.005286077,3.457094382494688,0.0009810956,0.6416365199256688,0.013460184,8.802960628643632,0.17390537,113.7341136932373
24618,Ryan Jeffers,MIN,2025,464,0.31134018,0.03520189,16.333676278591156,0.1300638,60.34960412979126,0.04668496,21.661822259426117,0.0014826478,0.6879485994577408,0.070356555,32.6454416513443,0.0023450297,1.0880937948822975,0.008597076,3.9890432357788086,0.0032695185,1.517056580632925,0.02129584,9.881269723176956,0.2148608,99.69540977478027
15362,Jeff McNeil,NYM,2025,462,0.29850838,0.021480095,9.923803724348545,0.14743835,68.11651647090912,0.047292247,21.849018305540085,0.0019651942,0.9079197398386896,0.06908845,31.918864622712135,0.0012050619,0.5567386031616479,0.006787379,3.1357690086588264,0.0036016144,1.663945846259594,0.01945675,8.989018399268389,0.13793579,63.726333796978
11739,J.T. Realmuto,PHI,2025,550,0.32155618,0.032482624,17.865443229675293,0.15033948,82.6867163181305,0.045752697,25.163983181118965,0.0042469287,2.335810801014304,0.07095354,39.0244472771883,0.0016988307,0.9343569108750671,0.0061405124,3.37728182785213,0.00053266605,0.29296632565092295,0.014137924,7.775858044624329,0.22384906,123.11698198318481
23401,Jose Caballero,- - -,2025,370,0.27461788,0.022982905,8.503674734383821,0.13228925,48.947020918130875,0.04338485,16.05239450931549,0.0050587,1.8717190809547901,0.055981264,20.71306750178337,0.0007816282,0.2892024291213602,0.005347969,1.9787485338747501,0.007827521,2.89618288166821,0.011474504,4.245566530153155,0.2503204,92.61854976415634
12533,Marcus Semien,TEX,2025,534,0.3184058,0.0330568,17.652330838143826,0.14359108,76.67763465642929,0.04789274,25.57472415268421,0.0029539121,1.5773890782147646,0.0794877,42.44642981886864,0.0017582464,0.9389036041684449,0.0075129652,4.011923437938094,0.000112811686,0.06024144007824361,0.0075820866,4.048834246583283,0.15824114,84.50076761841774
22542,Lawrence Butler,ATH,2025,630,0.32362822,0.03832038,24.141840152442455,0.14003673,88.22314113378525,0.044863362,28.263917975127697,0.00625479,3.940517627634108,0.073872305,46.53955243527889,0.003481205,2.1931592049077153,0.0065681664,4.137944849207997,0.00071908074,0.45302086451556534,0.008284049,5.218950938433409,0.24023362,151.34717747569084
19352,Sean Murphy,ATL,2025,337,0.30398482,0.030175863,10.16926577500999,0.11335859,38.201843827962875,0.04656495,15.69238866865635,0.0020427587,0.6884096967987716,0.09423645,31.757683113217354,0.0024464282,0.824446294689551,0.0059338696,1.9997140653431416,0.0006535522,0.22024708549724892,0.023033269,7.7622115686535835,0.26100966,87.96025654673576
4949,Giancarlo Stanton,NYY,2025,281,0.29955664,0.048721105,13.690630465745926,0.108151786,30.390651874244213,0.03641222,10.231833945959806,0.00032153504,0.09035134746227413,0.08152334,22.908057548105717,0.003979636,1.118277685251087,0.0070923883,1.9929611254483461,0.0002531542,0.071136329555884,0.005503949,1.5466096065938473,0.2788296,78.35111883282661
27815,Jordan Westburg,BAL,2025,352,0.31763175,0.036898024,12.988104581832886,0.1433666,50.46504497528076,0.04517518,15.901663303375244,0.004209976,1.481911614537239,0.06581343,23.166327238082886,0.0016272524,0.5727928578853607,0.007975513,2.8073806166648865,0.000859468,0.30253273993730545,0.010596551,3.7299859523773193,0.22162783,78.01299667358398
15112,Ryan McMahon,- - -,2025,586,0.3092571,0.03271398,19.170391976833344,0.13010676,76.24256256222725,0.042331334,24.80616184324026,0.0024021661,1.407669356558472,0.09816441,57.5243439078331,0.0045088795,2.6422033878043294,0.005713219,3.3479462303221226,0.00025636135,0.15022775257239118,0.0067466265,3.9535231050103903,0.27845746,163.1760731935501
10155,Mike Trout,LAA,2025,556,0.3630181,0.051189464,28.461341753602028,0.11807597,65.65023756027222,0.040548384,22.544901609420776,0.006775187,3.767003895714879,0.12512387,69.56887358427048,0.012474863,6.936023749411106,0.005898673,3.279662236571312,0.0009996062,0.5557810552418232,0.014365294,7.987103473395109,0.24161491,134.33788883686066
26121,Francisco Alvarez,NYM,2025,277,0.3001843,0.025866568,7.165039360523224,0.14225394,39.40434008836746,0.041565485,11.5136394277215,0.004954051,1.372272189706564,0.07846622,21.735143408179283,0.0012972034,0.3593253302387893,0.0073728417,2.042277152184397,0.0010908535,0.3021664125844836,0.01121647,3.1069622011855245,0.24460813,67.75645312666893
18123,Nathan Lukes,TOR,2025,438,0.30220824,0.013337202,5.841694638133049,0.16699682,73.1446079313755,0.044241667,19.37785005569458,0.004556169,1.995601935312152,0.081083156,35.51442240178585,0.001200165,0.525672277668491,0.0074778344,3.2752914475277066,0.007996245,3.5023554358631372,0.0099214185,4.34558130428195,0.16819099,73.66765183210373
26396,Josh Smith,TEX,2025,563,0.3014082,0.018380614,10.348285680636764,0.1426532,80.31374993920326,0.04211187,23.70898275449872,0.0030215168,1.701113979332149,0.08856721,49.863340482115746,0.00109109,0.6142836874350905,0.0063375817,3.5680584791116416,0.005129368,2.8878342090174556,0.025368068,14.282222490757704,0.20150717,113.44853447377682
17620,Myles Straw,TOR,2025,299,0.29199192,0.015972048,4.775642365217209,0.16481674,49.28020441532135,0.031564817,9.437880232930183,0.006920243,2.0691527011804283,0.07865264,23.51714015752077,0.004650402,1.3904701629653573,0.008100321,2.42199585493654,0.021271536,6.360189301893115,0.00679103,2.0305179869756103,0.1793274,53.618892163038254
26477,Spencer Horwitz,PIT,2025,411,0.3078579,0.022802457,9.371809914708138,0.15533985,63.84467916190624,0.041774,17.169114399701357,0.0023190954,0.9531482190359384,0.08561438,35.18751150369644,0.0012924043,0.5311781479977071,0.008841429,3.633827280253172,0.0010286866,0.42279021127615124,0.013080307,5.3760062931105494,0.18043363,74.15822231769562
18882,Brandon Lowe,TBR,2025,553,0.3191841,0.04083816,22.583502270281315,0.12687244,70.16045667231083,0.042188637,23.330316238105297,0.0032511225,1.7978707666043192,0.08530379,47.17299634963274,0.0007731237,0.42753740516491234,0.0073750713,4.078414423856884,6.490035e-05,0.03588989280979149,0.010314618,5.7039838852360845,0.27058166,149.63165944814682
21618,Alec Bohm,PHI,2025,504,0.3186199,0.026628641,13.4208352714777,0.1627052,82.00341975688934,0.050698802,25.552196145057678,0.0023002282,1.159315025433898,0.0711452,35.857180416584015,0.0024524292,1.2360242921859026,0.008531773,4.300013825297356,0.0003423455,0.1725421347655356,0.007473246,3.7665160819888115,0.15549374,78.36884307861328
22857,Wenceel Perez,DET,2025,383,0.29445985,0.023814399,9.120914738625288,0.14127229,54.10728766024113,0.04222455,16.17200217396021,0.005279604,2.0220882860012352,0.07452132,28.541664823889732,0.002023831,0.7751272767782211,0.007028995,2.6921051163226366,0.005382759,2.0615967088378966,0.010862937,4.160504946485162,0.18786488,71.95225085318089
18360,Austin Riley,ATL,2025,447,0.33691296,0.041955743,18.754217114299536,0.14218521,63.55678939819336,0.045169305,20.190679360181093,0.002475032,1.1063392523210496,0.08213366,36.71374522894621,0.0026771086,1.1966675561852753,0.0072374335,3.235132754780352,0.0,0.0,0.013522056,6.044359001331031,0.25178015,112.54572808742523
7802,Miguel Rojas,LAD,2025,317,0.29029822,0.013316511,4.221334042958915,0.15963842,50.605379059910774,0.048993353,15.530892837792635,0.002863478,0.9077224992215633,0.067845695,21.507085226476192,0.0012569415,0.3984504455002025,0.004489045,1.4230273044668138,0.0063302577,2.0066917059011757,0.011468994,3.635671234689653,0.12546183,39.77140064537525
26299,Josh Jung,TEX,2025,511,0.2950085,0.025389282,12.973923118785024,0.15462919,79.01551394164562,0.045724235,23.36508432775736,0.00445571,2.276867723092437,0.048951525,25.014229398220778,0.0007878439,0.40258822875330225,0.005989662,3.0607172339223325,0.0016225706,0.8291335572721437,0.011926323,6.094351142644882,0.24879469,127.13408647477627
31349,Victor Scott II,STL,2025,463,0.2947235,0.029282598,13.55784279294312,0.1377988,63.80084489285946,0.041754764,19.332455534487963,0.0042074807,1.948063563555479,0.06673459,30.898115001618862,0.0005890349,0.272723171452526,0.004076346,1.887348116375506,0.010990407,5.088558588176966,0.0075836605,3.5112348296679556,0.23985513,111.05292312800884
17022,Edmundo Sosa,PHI,2025,261,0.3031354,0.027872622,7.274754345417023,0.1519272,39.652999967336655,0.046944592,12.252538550645113,0.0063647795,1.6612074617296457,0.0508304,13.266734786331654,0.0006550504,0.17096815165132284,0.006731858,1.75701494095847,0.0028282898,0.7381836259737611,0.01076945,2.8108264775946736,0.24442588,63.79515413939953
27899,Colt Keith,DET,2025,468,0.30379617,0.022027016,10.308643341064453,0.16075414,75.23293948173523,0.044899404,21.01292109489441,0.005780816,2.7054219245910645,0.06193867,28.98729734122753,0.0009859808,0.4614390372298658,0.005635006,2.63718275539577,0.0024958889,1.1680759834125638,0.011904481,5.57129704579711,0.20673287,96.75098276138306
23003,Yainer Diaz,HOU,2025,567,0.30862543,0.026580146,15.070942545309663,0.179634,101.85248073935509,0.044125676,25.01925837993622,0.002877941,1.6317924843169749,0.04589709,26.02364943176508,0.0018218498,1.0329888617852703,0.0058142785,3.2966959085315466,0.00016657585,0.09444850489671808,0.00716176,4.060717790387571,0.17739645,100.58378514647484
21711,Oneil Cruz,PIT,2025,544,0.32804602,0.04053796,22.052650690078735,0.14090025,76.64973831176758,0.04342149,23.621289610862732,0.003225666,1.7547623068094254,0.08559071,46.5613477230072,0.0076257484,4.148407131433487,0.0039728405,2.1612252295017242,0.00017438967,0.09486798150464892,0.007327475,3.986146464943886,0.27348036,148.77331352233887
25782,Pedro Pages,STL,2025,389,0.28083262,0.022538103,8.76732213050127,0.14058273,54.6866801828146,0.046045978,17.911885295063257,0.004202529,1.6347837252542377,0.055154927,21.455266632139683,0.00072508474,0.28205796430120245,0.0063254624,2.4606048609130085,0.0037186258,1.4465454183518887,0.010752345,4.182662374339998,0.23214357,90.3038471788168
15905,Luis Torrens,NYM,2025,283,0.29513854,0.022731436,6.432996505871415,0.15159369,42.901012897491455,0.04302557,12.17623683437705,0.0025326177,0.7167307962663472,0.0710541,20.1083105802536,0.0010647755,0.3013314697891474,0.0074931905,2.120572902262211,0.0018224249,0.5157462569186464,0.011128198,3.14928013458848,0.20708834,58.60599918663502
26438,Dominic Canzone,SEA,2025,268,0.29931435,0.03731599,10.000685527920723,0.12805028,34.317475736141205,0.043694835,11.71021582186222,0.002012453,0.5393374152481556,0.06647621,17.81562453508377,0.0014778834,0.39607275929301977,0.006192216,1.6595139373093843,0.00080335344,0.21529872179962695,0.0095166415,2.550459921360016,0.27517503,73.7469093799591
21562,Romy Gonzalez,BOS,2025,341,0.30073756,0.02630477,8.969926659017801,0.15373483,52.423578053712845,0.049816415,16.98739741742611,0.0048914324,1.6679784334264696,0.050558396,17.240412928164005,0.00076531095,0.26097103382926434,0.0066142627,2.255463581997901,0.0014425407,0.4919063684064895,0.008824663,3.0092101637274027,0.2517159,85.83512139320374
27676,Vinnie Pasquantino,KCR,2025,682,0.33634987,0.03700347,25.236365668475628,0.14305685,97.56477484107018,0.05285957,36.0502273067832,0.0019103619,1.3028668342158198,0.08997159,61.36062237620354,0.004055102,2.7655794890597463,0.010456621,7.131415328010917,0.00015814413,0.10785429802490398,0.006656636,4.5398257644847035,0.13749792,93.7735792696476
25961,Kerry Carpenter,DET,2025,464,0.31800693,0.042830795,19.873488903045654,0.12748724,59.154080390930176,0.04537155,21.052399694919586,0.0032488261,1.507455326616764,0.06690615,31.04445207118988,0.0029759754,1.380852583795786,0.005789629,2.6863879412412643,0.0007739176,0.3590977629646659,0.01523169,7.067504331469536,0.25855574,119.9698634147644
25807,Jared Triolo,PIT,2025,376,0.30177635,0.026932064,10.12645623087883,0.13409649,50.42027962207794,0.040150598,15.096624732017517,0.0030899178,1.1618091017007828,0.09320809,35.04624164104462,0.0006548434,0.24622111953794956,0.005936738,2.2322135269641876,0.0033190413,1.2479595430195332,0.011532077,4.33606081455946,0.24544047,92.2856160402298
21865,Bo Naylor,CLE,2025,414,0.2960044,0.03430047,14.200394108891487,0.11514369,47.66948622465134,0.040274482,16.67363563925028,0.004147027,1.7168692415580153,0.08636913,35.75681859254837,0.0016196836,0.670549001544714,0.0063230665,2.617749547585845,0.0032168601,1.3317800885997713,0.010514652,4.353066075593233,0.2842447,117.67730015516281
26466,Matt Wallner,MIN,2025,392,0.31655592,0.04578144,17.94632488489151,0.09950189,39.00474202632904,0.03765141,14.75935211777687,0.0022074706,0.8653284721076488,0.104095556,40.80545789003372,0.0017062023,0.6688312944024801,0.008334747,3.267220661044121,0.0014694944,0.5760418148711324,0.018207654,7.137400507926941,0.32945073,129.14468479156494
15274,Mike Tauchman,CHW,2025,385,0.3088785,0.022438949,8.638995354995131,0.13894327,53.493158891797066,0.04026893,15.503538642078638,0.003609716,1.389740644954145,0.10993017,42.323116436600685,0.0014815775,0.5704073456581682,0.0060002347,2.310090376995504,0.0011999614,0.4619851417373866,0.012079873,4.650751152075827,0.22541277,86.78391687572002
33189,Nolan Schanuel,LAA,2025,564,0.31123245,0.017657844,9.959024213254452,0.16511124,93.12274146080017,0.04052152,22.854137912392616,0.003455968,1.9491660129278898,0.092835866,52.359428375959396,0.0019634939,1.1074105482548475,0.0070274025,3.963455021381378,0.0034336296,1.936567115597427,0.012403785,6.995734881609678,0.15789317,89.05174559354782
27790,Evan Carter,TEX,2025,220,0.30889472,0.02891233,6.360712610185146,0.12672119,27.878661453723907,0.037921693,8.342772498726845,0.0070383255,1.5484316181391478,0.10374743,22.82443404197693,0.0029523857,0.6495248526334763,0.0059903357,1.3178738579154015,0.004514261,0.9931374527513981,0.010595256,2.330956421792507,0.24645688,54.22051280736923
22896,Lenyn Sosa,CHW,2025,544,0.29228464,0.022972194,12.496873795986176,0.15777558,85.82991600036621,0.04651212,25.302592992782593,0.0035078565,1.9082739427685738,0.04962883,26.99808430671692,0.0014016788,0.7625132538378239,0.008751914,4.761041164398193,0.002439578,1.3271304666996002,0.011211736,6.099184453487396,0.17694135,96.256094455719
20572,Kody Clemens,- - -,2025,386,0.2857323,0.03162615,12.20769390463829,0.12814337,49.46334087848663,0.04370099,16.868581883609295,0.0026107214,1.0077384575270116,0.060995575,23.544291965663433,0.0023222254,0.8963789911940694,0.006774629,2.6150067942216992,0.0029982047,1.1573070022277534,0.010214472,3.9427862651646137,0.21712583,83.81057155132294
12979,Javier Baez,DET,2025,437,0.2631542,0.022502165,9.833446230739355,0.12936403,56.53208048641682,0.043012597,18.796504743397236,0.0027698346,1.2104177179280668,0.053978197,23.588472209870815,0.0025209144,1.101639602566138,0.0052636736,2.300225366372615,0.0025583652,1.1180056061130017,0.011198649,4.8938096929341555,0.24599965,107.50184668600559
25931,Michael Harris II,ATL,2025,641,0.3158592,0.030698199,19.677545446902514,0.16683087,106.93858608603477,0.04188148,26.846028245985508,0.004444065,2.848645689431578,0.057661507,36.961026165634394,0.001163817,0.7460067039355636,0.005662155,3.629441272933036,0.0006276782,0.40234171255724505,0.009835618,6.30463089235127,0.20701829,132.69872131943703
29695,Matt McLain,CIN,2025,577,0.2848983,0.025709882,14.834602132439613,0.137988,79.61907663941383,0.0381339,22.003260653465986,0.0028784447,1.6608626120723784,0.07620166,43.96835921704769,0.0010529357,0.6075439128326252,0.0040187687,2.318829521536827,0.0023699638,1.3674691107589751,0.0077781663,4.488001971039921,0.2743567,158.30381187796593
18577,Ke'Bryan Hayes,- - -,2025,570,0.2786412,0.015883617,9.053661748766899,0.15568623,88.74115079641342,0.040816184,23.26522495597601,0.0052115344,2.970574633218348,0.062375955,35.554294511675835,0.00091210013,0.5198970768833533,0.0063148434,3.5994607536122203,0.005404198,3.080392903648317,0.0074550956,4.2494045197963715,0.20725156,118.13339129090309
25493,Joey Ortiz,MIL,2025,506,0.30654514,0.020119071,10.1802499294281,0.14930326,75.54744827747345,0.041697264,21.098815441131592,0.0045317244,2.2930525355041027,0.09741822,49.293618738651276,0.0036353199,1.83947185985744,0.0069200597,3.501550196669996,0.0015950097,0.8070749083999544,0.0112002315,5.667317138984799,0.18815735,95.20761901140213
23565,Davis Schneider,TOR,2025,227,0.3049232,0.03295387,7.480528388172388,0.11150537,25.31171827763319,0.040304005,9.14900916814804,0.0032805982,0.744695792440325,0.10773541,24.455938145518303,0.002111476,0.47930503264069557,0.005555374,1.2610699166543782,0.003392825,0.7701712530106306,0.012641071,2.869523194618523,0.29172176,66.22083979845047
10815,Jurickson Profar,ATL,2025,371,0.33721218,0.029192103,10.830270240083337,0.14409167,53.458007991313934,0.050787818,18.842280361801386,0.0020226622,0.7504076762124896,0.10641675,39.48061312735081,0.0016254766,0.6030518326442689,0.005490205,2.036865975242108,0.0027821474,1.0321766771376133,0.013811196,5.1239537904039025,0.15857898,58.83280046284199
19901,Gavin Sheets,SDP,2025,545,0.28352275,0.02564503,13.97654171101749,0.13292997,72.44683139026165,0.04479151,24.411372113972902,0.00080704864,0.439841506886296,0.0759986,41.41923528164625,0.0021982444,1.1980432225391269,0.010337947,5.634181080386043,0.0002445708,0.13329109075129963,0.006916362,3.769417214207351,0.2218878,120.92884942889214
16535,Danny Jansen,- - -,2025,337,0.29118896,0.026143122,8.810232270509005,0.11912436,40.14490944892168,0.036033608,12.14332590252161,0.000950265,0.3202392973471433,0.10664061,35.93788459897041,0.00070061703,0.23610794061096385,0.005738406,1.9338428140617907,0.005688157,1.916908886283636,0.015489702,5.220029612071812,0.22951324,77.34596283733845
20178,Miguel Vargas,CHW,2025,569,0.28667048,0.024170442,13.752981243655086,0.12259314,69.7554978504777,0.037013147,21.060480657964945,0.0022505608,1.2805690907407552,0.106736325,60.732968769967556,0.001927384,1.0966814632993191,0.004966278,2.8258122359402478,0.004246135,2.4160506878979504,0.0072161234,4.10597421368584,0.22830442,129.90521267056465
21524,Joey Bart,PIT,2025,332,0.30416426,0.030087242,9.988964311778545,0.13756654,45.67209017276764,0.040971763,13.602625459432602,0.0032185446,1.068556822836399,0.08006834,26.58268967270851,0.0011713785,0.38889767369255424,0.0055274516,1.8351139426231384,0.0009070668,0.3011461782734841,0.013847717,4.5974420718848705,0.25079346,83.263427734375
17929,Cedric Mullins,- - -,2025,498,0.29691237,0.026903877,13.398130763322115,0.13036273,64.92064163088799,0.044656362,22.238868467509747,0.0062585035,3.1167347598820925,0.07786164,38.77509516477585,0.0013839821,0.6892231022939086,0.0067969263,3.3848692774772644,0.004928284,2.454285361804068,0.009121558,4.542535733431578,0.20508686,102.13325482606888
16556,Ozzie Albies,ATL,2025,667,0.3066556,0.03155804,21.049213033169508,0.13975334,93.21547889709473,0.05076404,33.85961411893368,0.0033115912,2.2088313456624746,0.063670725,42.46837332844734,0.0014294493,0.9534426839090884,0.007959308,5.3088585045188665,2.8358718e-05,0.018915264790848596,0.009489608,6.32956853415817,0.17216688,114.83531159162521
20043,Luis Robert Jr.,CHW,2025,431,0.29460907,0.037602726,16.206775065511465,0.12553298,54.104716420173645,0.04363969,18.808706253767014,0.0035369387,1.5244205752387643,0.058489215,25.208851505070925,0.0036832527,1.5874819247983396,0.0049235495,2.122049826197326,8.591839e-05,0.03703082732681651,0.011179288,4.818273092620075,0.30190253,130.1199915409088
25180,Daniel Schneemann,CLE,2025,422,0.29413435,0.026041564,10.989539839327335,0.12696461,53.57906702160835,0.040273108,16.995251402258873,0.003746233,1.5809103045612574,0.09362901,39.511442229151726,0.0012041169,0.5081373115535825,0.006692567,2.824263235554099,0.0045817625,1.9335037656128407,0.009946649,4.1974858622998,0.28131416,118.7145773768425
20220,Jo Adell,LAA,2025,573,0.31216332,0.040671654,23.30485776811838,0.12634419,72.39522032439709,0.04220628,24.184198401868343,0.0038437075,2.2024443964473903,0.07415225,42.48924129456282,0.0017630934,1.0102525191614404,0.006566858,3.7628095876425505,0.0011216213,0.6426890313159674,0.011118386,6.370835144072771,0.26462317,151.62907361984253
29794,Kyle Manzardo,CLE,2025,531,0.28590897,0.03183127,16.90240342542529,0.11850591,62.92663823068142,0.04120167,21.878086622804403,0.003098077,1.6450788381043822,0.076064,40.38998296111822,0.0010326393,0.5483314655721188,0.007441866,3.9516309583559632,0.0027609756,1.4660780550912023,0.009866076,5.238886138424277,0.27422428,145.61309337615967
19363,Austin Hays,CIN,2025,416,0.2937512,0.029135788,12.120487749576569,0.14163798,58.92140007019043,0.045597948,18.968746423721313,0.0017381035,0.7230510376393795,0.059296377,24.667292833328247,0.0012090357,0.5029588714241982,0.0047974964,1.9957584887742996,0.0009256762,0.38508129864931107,0.012284927,5.110529661178589,0.23809712,99.04840040206909
10324,Marcell Ozuna,ATL,2025,592,0.35534084,0.054703567,32.3845117688179,0.13419674,79.44447207450867,0.044889335,26.574486076831818,0.0014950593,0.8850751332938671,0.090813436,53.76155388355255,0.0037048382,2.193264227360487,0.00606663,3.5914450362324715,0.0,0.0,0.0075761713,4.485093414783478,0.24082658,142.5693335533142
31781,Jackson Holliday,BAL,2025,649,0.29352224,0.028181896,18.290050253272057,0.12801558,83.08210998773575,0.041829288,27.14720791578293,0.008325783,5.403432910330594,0.07617127,49.4351552054286,0.0018954176,1.2301260066451505,0.0062434,4.0519664767198265,0.0024299652,1.5770474050659686,0.006999245,4.542509948834777,0.28915644,187.66252756118774
26288,Adley Rutschman,BAL,2025,365,0.30712253,0.024222743,8.84130110964179,0.13961445,50.959273502230644,0.04633475,16.912184096872807,0.0013426598,0.4900708328932524,0.1038004,37.8871463984251,0.0019727142,0.7200406852643937,0.008746009,3.1922934018075466,0.00038347256,0.13996748617500998,0.0047318144,1.727112247608602,0.16291954,59.46563072502613
19470,Tommy Edman,LAD,2025,377,0.29103866,0.021435142,8.081048369407654,0.13664776,51.516205847263336,0.043645736,16.454442407935858,0.0062955203,2.3734111706726253,0.07563031,28.512625813484192,0.00081043143,0.30553265020716935,0.0062058554,2.3396074869669974,0.005728103,2.1594949141144753,0.011955496,4.5072219632565975,0.20498438,77.27911193668842
12976,Austin Hedges,CLE,2025,180,0.2780432,0.024060205,4.330836832523346,0.12134512,21.842121183872223,0.041749097,7.51483753323555,0.003481955,0.6267519062384963,0.07844185,14.119533151388168,0.0025593813,0.460688634775579,0.006243808,1.1238854750990868,0.014621745,2.6319140754640102,0.0097078,1.747404020279646,0.30872604,55.570687651634216
15878,Miguel Andujar,- - -,2025,341,0.2910538,0.015140011,5.162743742577732,0.17235266,58.772255942225456,0.04690283,15.993865590542555,0.0027130952,0.9251654508989304,0.05303592,18.08524825051427,0.0030809245,1.0505952569656074,0.0071782856,2.447795398067683,0.0043436224,1.4811752261593938,0.011771245,4.013994520530105,0.13957292,47.59436517953873
17276,Alex Jackson,BAL,2025,100,0.2854935,0.033853605,3.385360538959503,0.11980171,11.980170756578445,0.041726124,4.172612354159355,0.0023521553,0.23521552793681622,0.067126215,6.712621450424194,0.0021932381,0.21932381205260754,0.0033979716,0.33979716245085,0.00918678,0.9186780080199242,0.009396216,0.939621590077877,0.31397521,31.397521495819092
26517,Noelvi Marte,CIN,2025,360,0.290692,0.02684352,9.663667157292366,0.14223929,51.206143498420715,0.04427743,15.939874649047852,0.0061816773,2.225403841584921,0.054798163,19.7273388504982,0.0009552925,0.343905296176672,0.007653136,2.755128890275955,0.0040405886,1.4546119049191475,0.009240849,3.3267056196928024,0.262501,94.5003604888916
17988,Tyler Stephenson,CIN,2025,342,0.32411763,0.029324284,10.02890506759286,0.1475716,50.469484984874725,0.04603794,15.744974948465824,0.0022768404,0.7786794123239815,0.09436163,32.27167850732803,0.003238841,1.1076836083084345,0.0056160386,1.9206851916387677,0.00010609358,0.0362840053421678,0.012368241,4.22993853315711,0.23095776,78.98755440115929
22515,Heliot Ramos,SFG,2025,695,0.32641354,0.038934484,27.05946646630764,0.14332609,99.611631706357,0.044345096,30.81984154880047,0.004487835,3.1190452352166176,0.0759636,52.794703021645546,0.0023194572,1.6120227833744138,0.0071138577,4.9441310740076005,0.00077984616,0.5419930806965567,0.008534374,5.931389732286334,0.25444418,176.83870643377304
19326,Bryan Reynolds,PIT,2025,654,0.33276397,0.03164922,20.698590360581875,0.15891165,103.92821609973907,0.04578911,29.94607885926962,0.0037395915,2.445692811626941,0.080692984,52.773211643099785,0.004794029,3.135295000858605,0.005055566,3.3063400676473975,0.0,0.0,0.015015982,9.82045228779316,0.22463994,146.914518982172
13419,Christian Walker,HOU,2025,640,0.32139328,0.0403243,25.807552337646484,0.12325137,78.88087749481201,0.046218313,29.579720497131348,0.0012902379,0.8257522433996201,0.091970615,58.86119365692139,0.004184804,2.6782745122909546,0.008622257,5.518244504928589,0.0,0.0,0.011954266,7.650730013847351,0.22922541,146.7042636871338
18795,Ramon Urias,- - -,2025,391,0.30087715,0.02155756,8.429006034508348,0.15072131,58.93203282356262,0.045518454,17.797715578228235,0.003525198,1.378352406900376,0.07416433,28.998253405094147,0.0015794863,0.6175791430287063,0.0054383078,2.126378336455673,0.0015700638,0.6138949299929664,0.014337202,5.605845826677978,0.20819248,81.40326069295406
21614,Kyle Isbel,KCR,2025,409,0.29094592,0.019425068,7.9448528327047825,0.13849041,56.64257714152336,0.04762796,19.479835394769907,0.010282683,4.205617423169315,0.063099734,25.807791404426098,0.00094794156,0.3877080981619656,0.008839418,3.6153220357373357,0.012179518,4.98142291046679,0.0090640765,3.7072072755545378,0.21738648,88.91107201576233
22563,Gabriel Arias,CLE,2025,471,0.28277764,0.025852062,12.176321111619473,0.13355272,62.903328850865364,0.047805704,22.516486667096615,0.005941025,2.7982227662578225,0.050410893,23.74353051558137,0.0013151739,0.6194469190668315,0.007680803,3.6176582467742264,0.00509504,2.399763821158558,0.0101417545,4.776766380295157,0.30155355,142.03172081708908
15271,Austin Wynns,- - -,2025,110,0.29861024,0.023600081,2.5960089080035686,0.15229142,16.752055883407593,0.044592403,4.9051643162965775,0.005009854,0.5510839633643627,0.055569176,6.112609319388866,0.0034556196,0.3801181516610086,0.007984647,0.878311125561595,0.00447926,0.49271862022578716,0.019488383,2.143722139298916,0.21914823,24.106305688619614
13770,Rob Refsnyder,BOS,2025,209,0.3056381,0.023905497,4.996248882263899,0.14254007,29.79087409377098,0.03840217,8.02605351805687,0.003010784,0.629253864986822,0.09954886,20.805712029337883,0.0012475849,0.2607452516676858,0.0060566617,1.265842298977077,0.0014214759,0.2970884629758075,0.013340362,2.788135730661452,0.2536089,53.004262655973434
27462,Austin Martin,MIN,2025,181,0.29414997,0.014425983,2.6111028725281358,0.15852802,28.693570718169212,0.043784317,7.924961309880018,0.0055792676,1.0098474407568574,0.07265568,13.150677680969238,0.0013998802,0.25337830872740597,0.0069532115,1.2585312817245722,0.009381034,1.6979672284796834,0.012296483,2.225663408637047,0.21289016,38.53311951458454
26323,Spencer Steer,CIN,2025,568,0.31681234,0.028888065,16.408421128988266,0.13064508,74.20640623569489,0.048867095,27.756510108709335,0.0031813176,1.8069883901625872,0.09875791,56.094491600990295,0.0022088937,1.2546515949070454,0.008769338,4.98098399490118,0.0,0.0,0.0126072345,7.160909213125706,0.21612509,122.75904881954193
23789,Blaze Alexander,ARI,2025,266,0.28890833,0.018934218,5.036502044647932,0.14939702,39.73960614204407,0.041032568,10.91466298699379,0.004012121,1.0672241561114788,0.076472536,20.3416945040226,0.0027307693,0.7263846439309418,0.009339621,2.484339263290167,0.004310725,1.1466527944430709,0.010877113,2.893312020227313,0.2431813,64.68622663617134
19913,Jesus Sanchez,- - -,2025,497,0.31383643,0.03292752,16.364977724850178,0.14611804,72.6206682920456,0.042306066,21.026114583015442,0.003787055,1.8821662918198854,0.07938733,39.45550277084112,0.0025208234,1.252849222626537,0.004021795,1.9988321154378355,0.0015579148,0.7742836421821266,0.0062690433,3.1157145258039236,0.2575628,128.0087048113346
5517,Kyle Higashioka,TEX,2025,327,0.28445372,0.03602297,11.779510729014874,0.11001617,35.97528666257858,0.040102072,13.113377563655376,0.0029172264,0.9539330340921879,0.07391075,24.16881539672613,0.001497835,0.4897920571966097,0.007875023,2.575132654979825,0.0011598293,0.37926418776623905,0.011660246,3.812900500372052,0.27580246,90.18740549683571
20437,Royce Lewis,MIN,2025,403,0.30857295,0.040484853,16.315395794808865,0.123304784,49.691828072071075,0.043402445,17.491185162216425,0.0020027093,0.807091852882877,0.07486522,30.170684456825256,0.0017763881,0.7158844235818833,0.008116058,3.270771403796971,0.0005512137,0.2221391150378622,0.011933095,4.809037213213742,0.24044168,96.89799702167511
27647,Anthony Volpe,NYY,2025,596,0.27693906,0.017174024,10.235718384385109,0.1481688,88.30860614776611,0.038554017,22.97819383442402,0.008936913,5.326400000602007,0.06282454,37.44342574477196,0.00034795792,0.20738291868474334,0.005612132,3.3448307551443577,0.004599915,2.7415492720901966,0.0059603737,3.5523827094584703,0.22679706,135.171047270298
21538,Nick Fortes,- - -,2025,242,0.26705304,0.017258024,4.176441770046949,0.14896958,36.05063733458519,0.038461294,9.30763315409422,0.0021652586,0.5239925882779062,0.057326436,13.872997522354126,0.0,0.0,0.007947924,1.9233975149691105,0.00952207,2.304340982809663,0.009374667,2.268669404089451,0.13094823,31.689471811056137
21840,Freddy Fermin,- - -,2025,347,0.29447904,0.021087391,7.317324781790376,0.15949477,55.344686076045036,0.044817712,15.551746118813753,0.002257003,0.7831800351850688,0.056726616,19.68413570895791,0.00010271172,0.03564096606714884,0.008766079,3.041829524561763,0.010059321,3.4905844908207655,0.012525152,4.346227888017893,0.2056483,71.35996115207672
19950,Andres Gimenez,TOR,2025,369,0.30114797,0.016904363,6.237710097804666,0.16910422,62.39945662021637,0.041753426,15.407014265656471,0.0032579314,1.2021767024416476,0.05510661,20.33433911204338,0.00083464733,0.30798486596904695,0.0053163217,1.9617227213457227,0.005745586,2.1201212368905544,0.028593414,10.55096959322691,0.17962223,66.28060394525528
29931,Jacob Young,WSN,2025,364,0.285218,0.009087006,3.307670049369335,0.17079394,62.16899257898331,0.040313553,14.674133315682411,0.0066981665,2.4381326008588076,0.06450375,23.47936561703682,0.0013991012,0.5092728454619646,0.0066330354,2.4144248757511377,0.011770766,4.284558907151222,0.010558824,3.8434119559824467,0.17865056,65.02880311012268
16472,Rhys Hoskins,MIL,2025,328,0.31696478,0.0434219,14.242383778095245,0.10520168,34.506149888038635,0.04511006,14.79610025882721,0.002123217,0.6964152082800865,0.0992058,32.53950220346451,0.0028008367,0.9186744354665279,0.007851589,2.575321041047573,0.00036609525,0.12007924192585051,0.011448577,3.755133271217346,0.2692558,88.31589818000793
19296,Alex Call,- - -,2025,322,0.32267115,0.020117495,6.477833457291126,0.16494694,53.11291581392288,0.041067746,13.223814062774181,0.002810119,0.9048583027906716,0.09808883,31.584603488445282,0.0018370062,0.5915159925352782,0.007482225,2.4092764742672443,0.00560907,1.8061205241829157,0.015828146,5.096662905067205,0.17128332,55.15322890877724
31431,Jordan Beck,COL,2025,588,0.28663817,0.028897839,16.99192913621664,0.13076007,76.88692331314087,0.04293002,25.242850676178932,0.0051706755,3.040357170626521,0.062044695,36.48228067159653,0.0015488598,0.9107295367866755,0.0064850035,3.8131820652633905,0.008212985,4.8292349092662334,0.008176492,4.8077770583331585,0.2943289,173.0653921365738
18568,Luis Arraez,SDP,2025,675,0.30943024,0.014660979,9.896160615608096,0.2031103,137.09944747388363,0.043560848,29.403572157025337,0.0037363044,2.5220054376404732,0.051535163,34.78623507544398,0.006917942,4.6696107485331595,0.0061586737,4.15710472734645,0.0038199408,2.578460070071742,0.008051195,5.434556747786701,0.093057215,62.81362026929855
17982,Ty France,- - -,2025,490,0.28979245,0.023698267,11.612150631844997,0.13472529,66.01539090275764,0.044718925,21.912273205816746,0.0017009837,0.8334820286836475,0.064515226,31.612460538744926,0.0009328013,0.4570726281963289,0.0072433255,3.549229479394853,0.00041514047,0.2034188312245533,0.027261605,13.358186688274145,0.2116676,103.71712267398834
9777,Nolan Arenado,STL,2025,436,0.29707935,0.023595897,10.287811301648617,0.14821428,64.62142634391785,0.049186498,21.445313096046448,0.00070455146,0.3071844386868179,0.0735446,32.065445214509964,0.0027036013,1.1787701500579715,0.007881718,3.436428941786289,0.00066874677,0.29157359106466174,0.007810299,3.405290285125375,0.14661407,63.923736572265625
27490,Nick Gonzales,PIT,2025,408,0.30060583,0.02305657,9.407080739736557,0.15862054,64.71717882156372,0.04966381,20.26283374428749,0.005146001,2.099568407982588,0.050704226,20.687324166297913,0.0013721071,0.5598196852952242,0.0063870465,2.6059149876236916,0.0021657255,0.8836159855127335,0.0114320675,4.664283536374569,0.2102267,85.77249348163605
21693,Miguel Amaya,CHC,2025,103,0.28909817,0.022389142,2.306081609800458,0.15432963,15.89595165848732,0.045190204,4.654591005295515,0.0028477064,0.2933137626387179,0.056600567,5.829858396202326,0.0014725141,0.1516689546406269,0.008359567,0.8610354280099273,0.0021819116,0.2247368956450373,0.00988075,1.0177172953262925,0.2020419,20.81031510233879
15194,Jake Bauers,MIL,2025,218,0.29957217,0.03397229,7.405959092080593,0.0998254,21.76193657517433,0.03876309,8.45035383105278,0.005522393,1.2038817079737782,0.10650313,23.217682123184204,0.0015241008,0.33225396974012256,0.0068670935,1.497026382945478,0.0064095766,1.3972877049818635,0.014028454,3.0582030154764652,0.29209894,63.677568793296814
9218,Paul Goldschmidt,NYY,2025,534,0.3216685,0.036352914,19.41245598345995,0.13637534,72.8244304060936,0.04342284,23.187796846032143,0.0025107434,1.340737001504749,0.0951838,50.8281476944685,0.0027172158,1.4509932375513017,0.004724868,2.523079569451511,0.00041438054,0.22127920930506662,0.005665425,3.0253370627760887,0.24813671,132.50500532984734
14968,Victor Caratini,HOU,2025,386,0.30862132,0.022871755,8.82849745452404,0.15902446,61.383442372083664,0.045199923,17.447170361876488,0.0025822888,0.9967634817585349,0.07661013,29.57151135802269,0.0023050029,0.8897311128675938,0.006621692,2.5559730594977736,0.0022711009,0.8766449391841888,0.011543196,4.455673538148403,0.21084243,81.38517820835114
19238,Lourdes Gurriel Jr.,ARI,2025,546,0.30396932,0.025172181,13.74401105940342,0.15634613,85.36498555541039,0.04548414,24.83434072136879,0.003019072,1.6484133750200272,0.065975375,36.02255500853062,0.002123691,1.1595352361910045,0.0072982027,3.9848186848685145,0.0001700987,0.09287389292148873,0.011425487,6.238315774127841,0.19065419,104.0971868634224
24064,Ezequiel Tovar,COL,2025,390,0.29468337,0.029344665,11.44441930577159,0.14074771,54.89160731434822,0.048355076,18.85847982019186,0.0058137355,2.2673568595200777,0.05019493,19.576022811233997,0.003208033,1.251132886391133,0.0045741755,1.7839284287765622,0.0050809598,1.9815743062645197,0.008460826,3.299722233787179,0.2695203,105.11292189359665
15674,Reese McGuire,CHC,2025,140,0.27909628,0.023292566,3.2609592005610466,0.13496271,18.894779086112976,0.04270404,5.978565365076065,0.0027772689,0.3888176428154111,0.067021675,9.38303455710411,5.406855e-05,0.0075695970735978335,0.006114952,0.8560932520776987,0.002097647,0.29367057140916586,0.0109036025,1.5265043452382088,0.23537068,32.95189529657364
21454,Lars Nootbaar,STL,2025,583,0.32372767,0.030002162,17.49126036465168,0.12952648,75.5139384418726,0.04299136,25.063962172716856,0.0047865794,2.7905757925473154,0.12485891,72.79274357110262,0.00823285,4.799751345999539,0.007582331,4.420499017462134,0.0023895996,1.3931365488097072,0.004067027,2.3710767468437552,0.2011692,117.28163939714432
13675,Tyrone Taylor,NYM,2025,341,0.29993168,0.028303025,9.651331624016166,0.13969083,47.634573474526405,0.04881813,16.646982345730066,0.0050569447,1.7244181344285607,0.06094073,20.780789379030466,0.0018339203,0.6253668054705486,0.0056492453,1.9263926623389125,0.0010501328,0.35809528222307563,0.011402749,3.8883375646546483,0.22701232,77.41120158135891
29630,Joey Loperfido,TOR,2025,104,0.26749033,0.021058533,2.190087467432022,0.12704483,13.212661981582642,0.043679543,4.5426724553108215,0.0064697335,0.6728522889316082,0.058141455,6.046711325645447,0.001272146,0.1323031848296523,0.0051217694,0.5326640158891678,0.006916538,0.7193199396133423,0.00847456,0.8813542872667313,0.3162402,32.8889799118042
20002,Bryce Johnson,SDP,2025,84,0.2872774,0.013812159,1.1602213717997074,0.15861431,13.323601841926575,0.043466564,3.651191398501396,0.0021314959,0.17904565203934908,0.07390407,6.207941651344299,0.00044206777,0.03713369288016111,0.004877976,0.40974999591708183,0.017830962,1.4978008344769478,0.0075292615,0.6324579678475857,0.20205413,16.972546756267548
19892,Pavin Smith,ARI,2025,288,0.33358392,0.037676007,10.850689888000488,0.1326482,38.20268154144287,0.04235376,12.197883009910583,0.0020289677,0.5843427032232285,0.10796532,31.09401226043701,0.003868385,1.1140948757529259,0.0047811894,1.3769825398921967,0.0003428581,0.09874313604086637,0.014218324,4.094877272844315,0.22626801,65.16518640518188
17232,Yoan Moncada,LAA,2025,289,0.27885562,0.013014976,3.7613280452787876,0.15017052,43.39928026497364,0.041161396,11.895643331110477,0.0039392286,1.1384370648302138,0.07172806,20.72940880805254,0.0020642627,0.5965719346422702,0.006555529,1.8945478363893926,0.0064264466,1.8572430689819157,0.0160866,4.649027608335018,0.25153905,72.69478589296341
19455,Andruw Monasterio,MIL,2025,135,0.30256867,0.028283603,3.818286471068859,0.12906241,17.423425912857056,0.040818013,5.510431788861752,0.0032866178,0.44369340408593416,0.094290994,12.729284204542637,0.0014108149,0.19046001601964235,0.00430719,0.5814706441015005,0.0011295695,0.1524918805807829,0.013660523,1.8441706197336316,0.2577684,34.79873299598694
12859,James McCann,ARI,2025,137,0.2798983,0.02733639,3.7450855243951082,0.13768472,18.86280633509159,0.042343955,5.801121901720762,0.0030787166,0.42178417067043483,0.051992055,7.122911538928747,0.000894162,0.12250019249040633,0.008613796,1.1800900483503938,0.0023435769,0.3210700307972729,0.012008173,1.6451197545975447,0.24807899,33.986821219325066
9241,Starling Marte,NYM,2025,329,0.3063244,0.020958621,6.895386327058077,0.17432164,57.351818427443504,0.034923624,11.489872377365828,0.005524489,1.817556913010776,0.06424053,21.135134413838387,0.0011117533,0.36576683074235916,0.0056749233,1.8670497671701014,0.00862534,2.8377367667853832,0.014958621,4.92138630989939,0.22033432,72.4899916946888
27577,Casey Schmitt,SFG,2025,348,0.3007429,0.034314625,11.941489487886429,0.14243482,49.56731754541397,0.044736803,15.5684072971344,0.0019340871,0.6730623235926032,0.056012034,19.492187976837158,0.0009956084,0.3464717217721045,0.0058990484,2.0528688468039036,0.00073522393,0.25585792888887227,0.010533942,3.6658117845654488,0.21702047,75.52312248945236
20391,Luis Garcia Jr.,WSN,2025,526,0.31176957,0.022823008,12.004902090877295,0.1831474,96.33553272485733,0.045556493,23.9627153724432,0.0037691635,1.9825800051912665,0.054182515,28.500002652406693,0.0010894783,0.5730655652005225,0.0080758985,4.247922617942095,0.0003889785,0.2046026834868826,0.0049692634,2.613832574337721,0.17052265,89.69491133093834
15223,Adam Frazier,- - -,2025,459,0.27085757,0.013813652,6.340466313064098,0.14011563,64.31307582557201,0.039117165,17.95477869361639,0.0037364187,1.7150161704048514,0.07347414,33.724629789590836,0.00038549336,0.17694145234418102,0.003997897,1.8350346302613616,0.012417096,5.699446932412684,0.014227235,6.530300754122436,0.18425485,84.57297840714455
19346,Eli White,ATL,2025,271,0.31310707,0.024961676,6.764614317566156,0.15295133,41.44981041550636,0.040944178,11.095872145146132,0.005501001,1.4907713094726205,0.07707684,20.887822940945625,0.0019533676,0.5293626221828163,0.009004243,2.440149776637554,0.009592991,2.5997006483376026,0.016420782,4.450031816959381,0.25225195,68.36027923226357
19287,Adolis Garcia,TEX,2025,547,0.31348863,0.046256058,25.302063681185246,0.119483754,65.35761345922947,0.04314348,23.599484115839005,0.0021485763,1.1752712435554713,0.07374403,40.33798375725746,0.0030599616,1.6737989953253418,0.008679042,4.747435776516795,0.00026083214,0.14267517917323858,0.009110329,4.9833498215302825,0.28514197,155.97266015410423
23698,Ronny Mauricio,NYM,2025,184,0.28787544,0.0264097,4.859384894371033,0.13822478,25.433359622955322,0.03910141,7.194659560918808,0.0029223051,0.5377041455358267,0.07620166,14.021105885505676,0.0010529357,0.1937401732429862,0.0043703504,0.8041444718837738,0.002549702,0.469145180657506,0.0077781663,1.4311826042830944,0.27389798,50.39722752571106
16512,Isiah Kiner-Falefa,- - -,2025,459,0.30182615,0.0138872145,6.3742314437404275,0.17696083,81.22501909732819,0.04753935,21.82056148722768,0.003548398,1.6287146431859583,0.061897278,28.410850524902344,0.0018185213,0.8347012755693868,0.009118012,4.185167578049004,0.009460299,4.3422773675993085,0.010249126,4.704348728992045,0.16821426,77.2103460431099
16947,Derek Hill,- - -,2025,149,0.2834942,0.024472883,3.646459562703967,0.13912725,20.729960918426514,0.04620825,6.885029438883066,0.00607142,0.9046415681950748,0.052418493,7.810355417430401,0.0005497508,0.08191287069348618,0.0057368046,0.8547838805243373,0.0032700365,0.4872354445978999,0.009056315,1.349390909075737,0.30270913,45.103660732507706
22277,Nick Allen,ATL,2025,416,0.26590443,0.0110336095,4.589981555938721,0.15131241,62.94596290588379,0.038245898,15.910293459892273,0.0059168576,2.4614127725362778,0.06384377,26.559009075164795,0.0013885406,0.5776328928768635,0.0047961213,1.995186448097229,0.011728347,4.878992468118668,0.008408328,3.4978642761707306,0.21804394,90.7062783241272
19956,Mickey Moniak,COL,2025,461,0.2854969,0.031926535,14.71813266724348,0.12814502,59.07485614717007,0.04321583,19.92249757423997,0.00330779,1.5248912037350237,0.05485468,25.2880074121058,0.00072215823,0.3329149461351335,0.008455903,3.8981714071705937,0.0038443569,1.7722485137637705,0.012996619,5.99144119117409,0.25091344,115.6710963845253
13066,Teoscar Hernandez,LAD,2025,546,0.32258675,0.038573448,21.061102397739887,0.1448435,79.08455309271812,0.045583863,24.88878909498453,0.0030767457,1.6799031319096684,0.06908162,37.71856418251991,0.002689249,1.4683300168253481,0.004902375,2.6766967121511698,0.00019156677,0.1045954548753798,0.010401189,5.679049372673035,0.2824282,154.20579993724823
26197,Andrew Vaughn,- - -,2025,447,0.3036539,0.033472866,14.96237102150917,0.1398133,62.49654686450958,0.047984853,21.4492294639349,0.0010316838,0.4611626397818327,0.062731706,28.04107240587473,0.002275653,1.0172168689314276,0.008788641,3.9285223530605435,0.0,0.0,0.011048441,4.938653047196567,0.20587637,92.02673529088497
12144,Max Kepler,PHI,2025,474,0.30389917,0.02784818,13.200037501752377,0.14535454,68.89805155992508,0.046301488,21.946905232965946,0.0019466464,0.9227103798184544,0.07333588,34.761206433176994,0.0014312576,0.6784160931129009,0.008852326,4.19600267149508,0.0003934815,0.18651022558333352,0.010631752,5.039450543001294,0.2083135,98.7405965924263
17338,Willi Castro,- - -,2025,454,0.30797073,0.023303019,10.579570572823286,0.14146419,64.22474166750908,0.043936025,19.946955509483814,0.0073539815,3.3387075969949365,0.07255212,32.938663467764854,0.00061859493,0.2808420988731086,0.005986896,2.7180507285520434,0.0013924814,0.6321865478530526,0.02596821,11.789567690342665,0.24213937,109.93127363920212
29591,Colton Cowser,BAL,2025,360,0.3086206,0.033280768,11.981076300144196,0.117674716,42.36289769411087,0.04038208,14.53754872083664,0.0057400763,2.06642746925354,0.10408327,37.469977140426636,0.002067728,0.7443820685148239,0.0070536514,2.5393144972622395,0.00080000015,0.28800005558878183,0.008324311,2.9967520013451576,0.28466928,102.48094081878662
19318,Matt Thaiss,- - -,2025,190,0.2898621,0.027140753,5.156743135303259,0.108148,20.548120215535164,0.037067022,7.042734213173389,0.0024670009,0.4687301628291607,0.114236265,21.704890429973602,0.0019844116,0.37703820737078786,0.0029396722,0.558537719771266,0.0055957236,1.0631874902173877,0.012619078,2.3976248502731323,0.3126253,59.398804903030396
24488,Max Schuemann,ATH,2025,213,0.29611877,0.02382526,5.0747803542762995,0.12511097,26.648636385798454,0.03914515,8.337916798889637,0.004225704,0.9000749280676246,0.104687445,22.298425756394863,0.0016520753,0.35189204465132207,0.0057056188,1.2152967969886959,0.0026344024,0.5611277036368847,0.012560718,2.6754328832030296,0.26053035,55.49296510219574
19556,Yordan Alvarez,HOU,2025,199,0.3824187,0.052074354,10.36279647424817,0.14593665,29.04139395058155,0.050178144,9.985450681298971,0.0027317211,0.5436125088017434,0.11176526,22.24128634482622,0.02242954,4.463478609919548,0.008677251,1.7267728904262185,0.0,0.0,0.014083872,2.802690451964736,0.17422631,34.67103645205498
7304,Salvador Perez,KCR,2025,641,0.3217088,0.03990208,25.577233184129,0.14996688,96.12877051532269,0.043787852,28.068013086915016,0.0015900283,1.0192081331042573,0.05834699,37.400420907884836,0.007322622,4.693800700362772,0.009982698,6.398909203708172,0.00027190914,0.17429376041400246,0.018165361,11.643996488302946,0.21036336,134.84291264414787
29592,Connor Norby,MIA,2025,337,0.30848476,0.038000684,12.806230586022139,0.11854913,39.951057098805904,0.04556381,15.355003826320171,0.0044934936,1.514307338744402,0.07665109,25.831416957080364,0.0025062498,0.844606188358739,0.006073305,2.046703757252544,0.0034090353,1.1488448863383383,0.012873401,4.338336114771664,0.2943182,99.1852331161499
23792,Alek Thomas,ARI,2025,469,0.30803686,0.027966589,13.116330116987228,0.1504592,70.5653648674488,0.046143316,21.641215078532696,0.0073134443,3.4300053669139743,0.062290564,29.2142746001482,0.0040944824,1.920312245376408,0.00445584,2.0897890608757734,0.0035551128,1.667347880313173,0.008917112,4.182125482708216,0.21827218,102.36965212225914
15653,Dominic Smith,SFG,2025,225,0.29991743,0.028309066,6.369539815932512,0.13571201,30.535202845931053,0.04338628,9.761913120746613,0.0012007923,0.2701782592339441,0.08173519,18.39041691273451,0.0016484604,0.37090358964633197,0.005695625,1.2815156718716025,0.00017648398,0.039708896292722784,0.014466632,3.2549922354519367,0.22930126,51.59278325736523
15518,Amed Rosario,- - -,2025,191,0.29208317,0.017799806,3.3997629173099995,0.17590797,33.598422169685364,0.039559327,7.555831469595432,0.008551611,1.6333576310425997,0.048565034,9.27592146024108,0.0018491828,0.3531939081149176,0.005647162,1.0786079373210669,0.0011003701,0.21017068496439606,0.006174495,1.1793285408057272,0.20852438,39.82815584540367
22184,Mark Vientos,NYM,2025,463,0.30225718,0.042583536,19.716177333146334,0.122637615,56.78121556341648,0.040387787,18.699545346200466,0.003146377,1.4567725169472396,0.06606138,30.5864177942276,0.0022349358,1.0347752571105957,0.006425203,2.9748689075931907,0.0006672554,0.30893923714756966,0.009442507,4.371880874969065,0.30095476,139.34205347299576
29788,Brett Harris,ATH,2025,84,0.29700366,0.025418995,2.1351955756545067,0.13649327,11.465434312820435,0.03501222,2.9410264045000076,0.0021450098,0.18018082436174154,0.10124236,8.504358530044556,0.0024520145,0.20596921630203724,0.0044433493,0.3732413426041603,0.0025264234,0.21221956796944141,0.010889715,0.9147360250353813,0.2270546,19.072586059570312
18819,Andy Ibanez,DET,2025,193,0.26152885,0.023666218,4.567580059170723,0.1238612,23.905211813747883,0.041509822,8.011395648121834,0.0025123872,0.48489073594100773,0.05568122,10.74647568911314,0.0008725173,0.16839583805995062,0.009260849,1.7873438755050302,0.0059254686,1.1436154465191066,0.011737641,2.2653647027909756,0.25539318,49.29088321328163
25479,Brenton Doyle,COL,2025,538,0.3150398,0.03537823,19.033487133681774,0.1390389,74.80293115973473,0.045075294,24.250507973134518,0.006695846,3.6023651994764805,0.06670226,35.88581672310829,0.0013079372,0.7036702136974782,0.0060986537,3.2810756666585803,0.0074027916,3.9827019032090902,0.007437458,4.00135229434818,0.27081147,145.69656997919083
19921,Blake Perkins,MIL,2025,171,0.296334,0.019111987,3.2681498117744923,0.13980974,23.9074659794569,0.040347613,6.8994418904185295,0.004488317,0.7675021779723465,0.09580574,16.382781855762005,0.00066350185,0.11345881648594514,0.0063979803,1.0940546253696084,0.0058603557,1.002120821736753,0.012173786,2.0817173765972257,0.24234377,41.44078440964222
26420,Kyren Paris,LAA,2025,140,0.2972013,0.02433362,3.4067068621516228,0.13988559,19.583982527256012,0.037594996,5.263299494981766,0.0040887115,0.5724196042865515,0.09463253,13.248554021120071,0.0020244399,0.2834215806797147,0.002983482,0.4176874924451113,0.0037315143,0.5224120058119297,0.0069339727,0.9707561787217855,0.2528886,35.40440261363983
23690,Brayan Rocchio,CLE,2025,383,0.30552432,0.023619719,9.046352319419384,0.15266125,58.46925838291645,0.040125933,15.368232164531946,0.00400505,1.5339340814389288,0.079249635,30.35261033475399,0.0012177832,0.4664109640289098,0.008082444,3.0955759938806295,0.009633918,3.6897907061502337,0.012391417,4.745912821032107,0.20255286,77.57774347066879
11680,Elias Diaz,SDP,2025,283,0.27276608,0.01887151,5.340637443587184,0.15246457,43.1474729180336,0.041127678,11.639132875949144,0.0010073347,0.28507571399677545,0.060074247,17.00101201981306,0.00060778076,0.1720019559143111,0.006961532,1.9701135382056236,0.0010944603,0.30973225203342736,0.0072132125,2.0413391515612602,0.21819532,61.74927532672882
27555,Garrett Mitchell,MIL,2025,78,0.29663086,0.024707394,1.9271767102181911,0.12084617,9.42600104212761,0.042276803,3.2975906655192375,0.008088154,0.6308759953826666,0.093803085,7.31664066016674,0.0021972859,0.17138829873874784,0.003918516,0.3056442467495799,0.0037926151,0.2958239810541272,0.012322702,0.9611707907170057,0.32280263,25.178605377674103
24336,Johan Rojas,PHI,2025,172,0.2807549,0.014604132,2.5119106508791447,0.16248631,27.947646141052246,0.041778244,7.185857981443405,0.0061718356,1.0615557208657265,0.05098258,8.769003689289093,0.00029351155,0.050483986269682646,0.0038699857,0.6656375396996737,0.007295082,1.2547540795058012,0.011709321,2.01400326192379,0.19160686,32.95638066530228
25055,Nate Eaton,BOS,2025,90,0.27603328,0.024508918,2.205802593380213,0.1384598,12.461382150650024,0.038435515,3.459196351468563,0.0013998698,0.12598828179761767,0.06539744,5.885769724845886,0.00085432996,0.07688969664741307,0.0053317817,0.47986035235226154,0.007387081,0.6648373045027256,0.009382554,0.8444298896938562,0.2713426,24.420834481716156
19955,Gavin Lux,CIN,2025,503,0.30419433,0.020935664,10.53063896857202,0.15182894,76.3699591755867,0.044661876,22.464923534542322,0.0062287315,3.133051934186369,0.08607934,43.29790636152029,0.0022329974,1.123197715030983,0.0059001246,2.9677626504562795,7.1688075e-05,0.03605910170881543,0.004450678,2.238690980710089,0.21912947,110.22212490439415
19260,Jake Fraley,- - -,2025,217,0.29892293,0.019064946,4.137093303725123,0.16102497,34.94241909682751,0.041503094,9.006171427667141,0.0039717276,0.8618648815900087,0.071954265,15.614075556397438,0.00068750593,0.14918878755997866,0.0049790894,1.080462392885238,0.0060436977,1.3114824024960399,0.011846399,2.5706685688346624,0.18558164,40.27121575176716
9874,DJ LeMahieu,NYY,2025,142,0.27311164,0.017183008,2.43998708948493,0.14052616,19.95471480488777,0.035868406,5.093313694000244,0.0025592148,0.36340850591659546,0.08693311,12.34450213611126,0.00096390327,0.13687426364049315,0.010912316,1.5495488606393337,0.005573086,0.7913782084360719,0.005560481,0.789588300511241,0.20517825,29.135310918092728
31595,Brooks Lee,MIN,2025,527,0.28894365,0.022247212,11.724280728027225,0.14849414,78.25641141831875,0.04724824,24.899822775274515,0.0032939056,1.7358882722910494,0.05884082,31.00911145657301,0.000934033,0.49223539856029674,0.0071197017,3.7520828009583056,0.004122387,2.172498029191047,0.009428423,4.968778867274523,0.1826689,96.26650741696358
27506,Ha-seong Kim,- - -,2025,191,0.30428913,0.021492591,4.105084905400872,0.13592835,25.962314411997795,0.045224853,8.637946896255016,0.0033509843,0.6400380022823811,0.10588011,20.223101288080215,0.0029248039,0.5586375405546278,0.008406399,1.605622174218297,0.0089201145,1.703741867095232,0.005462607,1.0433579185046256,0.18480188,35.29715842008591
14111,Eric Haase,MIL,2025,77,0.27307346,0.030165404,2.3227361142635345,0.112632774,8.672723583877087,0.039647613,3.05286617949605,0.0024244755,0.18668461381457746,0.071722835,5.522658318281174,0.0002428035,0.01869586897373665,0.0047071744,0.36245242692530155,0.0025282714,0.19467689818702638,0.011988705,0.9231302868574858,0.31966117,24.613910108804703
2396,Carlos Santana,- - -,2025,474,0.31246212,0.03528541,16.7252841219306,0.124345005,58.93953216075897,0.044325378,21.01022907346487,0.000920138,0.436145398998633,0.09803339,46.467827305197716,0.0026376308,1.2502369964495301,0.0073534157,3.4855190478265285,2.969143e-05,0.014073737591388635,0.0099843135,4.73256460390985,0.1840223,87.22657370567322
16725,Jose Trevino,CIN,2025,302,0.28122917,0.021535037,6.503581199795008,0.15055414,45.46734890341759,0.038453955,11.613094471395016,0.0017280943,0.5218844783958048,0.06756532,20.40472722053528,0.0006361904,0.1921295034699142,0.0080331005,2.425996355712414,0.005359416,1.6185436006635427,0.007974657,2.4083464834839106,0.17364347,52.440327882766724
20017,Miles Mastrobuoni,SEA,2025,175,0.2850842,0.014524804,2.541840774938464,0.15476905,27.084583416581154,0.04177631,7.310854364186525,0.0033224856,0.5814349802676588,0.079573505,13.925363309681416,0.0011367088,0.19892403506673872,0.0046711056,0.8174434886313975,0.0054451386,0.9528992464765906,0.0074070427,1.2962324661202729,0.17786764,31.1268363147974
19452,Jake Rogers,DET,2025,142,0.2877029,0.03449005,4.897586941719055,0.1202302,17.072688102722168,0.039226573,5.5701733604073524,0.0033069316,0.4695842848159373,0.07261643,10.31153279542923,0.0009436584,0.1339994939044118,0.0066453344,0.9436374874785542,0.0015265967,0.21677673468366265,0.00944213,1.3407824747264385,0.28537637,40.52344453334808
22458,Taylor Walls,TBR,2025,317,0.2816033,0.014947625,4.7383970860391855,0.11898834,37.71930459886789,0.04245512,13.458272453397512,0.008630986,2.7360226651653647,0.106202394,33.66615882515907,0.0004656468,0.14761003357125446,0.006037692,1.9139483873732388,0.0069542774,2.2045059357769787,0.0058565116,1.8565141926519573,0.25758475,81.6543659567833
9774,Christian Vazquez,MIN,2025,214,0.26867908,0.019400762,4.151763152331114,0.14522089,31.077270597219467,0.042688396,9.135316707193851,0.0012277054,0.2627289535012096,0.054569986,11.677976943552494,0.0020521497,0.43916004337370396,0.005669805,1.213338317349553,0.010827079,2.316994994878769,0.008219041,1.7588747590780258,0.21551654,46.120539009571075
17901,Andrew Benintendi,CHW,2025,470,0.29626295,0.02584383,12.146600466221571,0.14822401,69.6652851998806,0.040050875,18.82391143590212,0.0023345184,1.0972236283123493,0.08135667,38.23763348162174,0.002406025,1.1308317841030657,0.0063962527,3.0062387511134148,0.000700802,0.3293769486481324,0.0049426407,2.32304111123085,0.17767662,83.50801050662994
21501,Trevor Larnach,MIN,2025,567,0.3080067,0.029557176,16.75891875475645,0.1333558,75.6127365231514,0.040615577,23.029032301157713,0.0026164225,1.4835115482565016,0.09723399,55.13167139142752,0.0016765194,0.9505865005776286,0.006861358,3.8903899574652314,0.00048110491,0.2727864866901655,0.011757667,6.666597289033234,0.25103793,142.33850374817848
2967,Tommy Pham,PIT,2025,449,0.30332163,0.027996551,12.570451509207487,0.14284213,64.13611586391926,0.04085525,18.344007812440395,0.0035768563,1.606008496368304,0.08668463,38.92139856517315,0.0023107692,1.0375353558920324,0.0073622656,3.305657256860286,0.00042037427,0.1887480480945669,0.0060369233,2.710578546859324,0.23285542,104.55208550393581
18054,Sam Haggerty,TEX,2025,182,0.29569653,0.018889407,3.4378720186650753,0.14445564,26.29092675447464,0.034601714,6.297512032091618,0.006047424,1.1006311550736427,0.09657056,17.575841709971428,0.0008959617,0.163065031520091,0.0072163153,1.313369375653565,0.01653102,3.008645713329315,0.007817483,1.422781828790903,0.25380984,46.1933907866478
13324,Ildemaro Vargas,ARI,2025,121,0.2804849,0.012633219,1.5286195427179337,0.16718103,20.228904619812965,0.040069856,4.848452545702457,0.0019550247,0.2365579844918102,0.06314624,7.640695162117481,0.0021708068,0.2626676168292761,0.0065641534,0.7942625563591719,0.008214003,0.9938944121822715,0.012446468,1.5060225995257497,0.12922938,15.636755183339119
18015,Paul DeJong,WSN,2025,208,0.28009254,0.03834111,7.974950611591339,0.11478969,23.8762549161911,0.034849413,7.248677849769592,0.0029597078,0.6156192123889923,0.06247079,12.99392431974411,0.0017786706,0.36996348202228546,0.010425008,2.1684016436338425,0.000121926125,0.025360633968375623,0.013790777,2.868481606245041,0.30692315,63.84001541137695
19354,Luke Raley,SEA,2025,219,0.29480964,0.030582217,6.697505632415414,0.12624595,27.64786210656166,0.042529844,9.314035780727863,0.005001247,1.0952730774879456,0.07246809,15.870511069893837,0.0005834355,0.12777238001581281,0.0063627358,1.3934391313232481,0.0019233285,0.42120894114486873,0.013274342,2.9070808589458466,0.2986623,65.40704476833344
33541,Dylan Crews,WSN,2025,322,0.32008123,0.028895397,9.304317750036716,0.15082943,48.56707787513733,0.04463135,14.37129495292902,0.006708863,2.1602539476007223,0.075950235,24.455975711345673,0.002098154,0.6756056020967662,0.0058105993,1.8710129773244262,0.0021328717,0.6867846725508571,0.012878653,4.146926157176495,0.21290213,68.55448544025421
23800,Parker Meadows,DET,2025,213,0.30539948,0.027500967,5.857705878093839,0.12582417,26.80054785311222,0.040040478,8.528621837496758,0.007675574,1.6348972963169217,0.09497767,20.23024358600378,0.0016519568,0.35186680185142905,0.007898364,1.68235157802701,0.006106566,1.3006985946558416,0.012821044,2.7308823382481933,0.24765714,52.75096978247166
19514,Andrew Knizner,SFG,2025,88,0.2860154,0.022820722,2.0082235634326935,0.15628779,13.753325462341309,0.041643307,3.664610981941223,0.0024676085,0.2171495519578457,0.0534246,4.70136484503746,0.00086223637,0.07587680034339428,0.004693587,0.41303564235568047,0.0072357478,0.6367458030581474,0.009696527,0.8532944098114967,0.22460602,19.765329957008362
13145,Josh Bell,WSN,2025,533,0.30714715,0.027385224,14.59632420912385,0.14249876,75.95183983445168,0.042272307,22.531139619648457,0.0020132395,1.073056676890701,0.09297481,49.55557468533516,0.0017054733,0.9090172629803419,0.005294591,2.822017103433609,6.748638e-05,0.03597023883048678,0.008246487,4.395377574488521,0.2058987,109.74400824308395
15679,Rowdy Tellez,- - -,2025,312,0.3025021,0.03348115,10.4461190700531,0.12787984,39.89851105213165,0.044267394,13.811426818370819,0.0010120185,0.31574978213757277,0.087319046,27.243542432785034,0.002862428,0.8930775616317987,0.009962423,3.108275905251503,0.0008600861,0.2683468689210713,0.0069245966,2.160474143922329,0.22551031,70.35921800136566
21716,Enmanuel Valdez,PIT,2025,102,0.29677856,0.032874666,3.3532159477472305,0.12445057,12.693958327174187,0.043334916,4.420161455869675,0.0025508478,0.26018647849559784,0.07517165,7.667508244514465,0.001387958,0.14157171081751585,0.008236976,0.8401715867221355,0.003574075,0.36455564433708787,0.012873206,1.31306704133749,0.22773398,23.228866428136826
16622,Luis Urias,ATH,2025,330,0.31433654,0.04089293,13.494666516780853,0.115777925,38.206715136766434,0.038970266,12.860187627375126,0.0022013984,0.7264614617452025,0.094414316,31.15672431886196,0.002975143,0.9817971987649798,0.005125846,1.6915291082113981,0.001909655,0.6301861675456166,0.016514912,5.449921041727066,0.25729173,84.90627229213715
24273,Liover Peguero,PIT,2025,88,0.3060175,0.02750817,2.4207189083099365,0.13886134,12.21979820728302,0.052164443,4.590470969676971,0.006200026,0.5456022694706917,0.058628164,5.159278452396393,0.004077695,0.35883714631199837,0.007950318,0.6996279880404472,0.009812387,0.863490030169487,0.014448627,1.2714791670441628,0.27172875,23.91213035583496
27630,Nick Loftin,KCR,2025,188,0.29837734,0.018742768,3.523640401661396,0.15555784,29.244874119758606,0.04018072,7.553975433111191,0.0027887765,0.5242899879813194,0.089362636,16.800175607204437,0.005614966,1.05561363697052,0.0051346365,0.9653116688132286,0.007834887,1.472958780825138,0.008850165,1.66383096575737,0.17750089,33.37016707658768
21707,Oswaldo Cabrera,NYY,2025,122,0.29633662,0.022158189,2.7032990269362926,0.15332152,18.705225378274918,0.04351335,5.308628723025322,0.003873532,0.47257089661434293,0.06878903,8.392261371016502,0.0012560192,0.1532343456055969,0.007738661,0.9441166445612907,0.0016132809,0.1968202639836818,0.010859889,1.3249064553529024,0.19015573,23.198999017477036
23986,Curtis Mead,- - -,2025,264,0.2860612,0.024294056,6.413630783557892,0.1490068,39.33779489994049,0.044631023,11.782590061426163,0.0028070642,0.741064952686429,0.054669052,14.432629823684692,0.0021900309,0.5781681519001722,0.006832886,1.803881909698248,0.0039079986,1.031711619347334,0.009443716,2.4931410625576973,0.19490929,51.4560524225235
20536,Vidal Brujan,- - -,2025,95,0.28767374,0.017549578,1.6672099195420742,0.15490563,14.716035053133965,0.0386,3.667000140994787,0.0031540627,0.2996359532698989,0.072988845,6.933940313756466,0.0008413129,0.07992472790647298,0.007295654,0.693087144754827,0.009717816,0.9231924777850509,0.01258133,1.1952263303101063,0.19579591,18.600611314177513
26208,Tyler Fitzgerald,SFG,2025,243,0.28103882,0.028505966,6.926949754357338,0.11668278,28.353916212916374,0.037423767,9.09397541731596,0.0049345936,1.199106237385422,0.07603396,18.476251624524593,0.0015110665,0.3671891482081264,0.008783056,2.134282705374062,0.0067469305,1.6395041202194989,0.016026126,3.8943486716598272,0.30104122,73.15301540493965
27531,David Hamilton,BOS,2025,194,0.28678513,0.021328175,4.137666035443544,0.13617449,26.417850106954575,0.038942765,7.554896496236324,0.0058955946,1.1437453525140882,0.07916022,15.357082858681679,0.0003634911,0.07051727286307141,0.0070866826,1.3748164242133498,0.009064551,1.758522979915142,0.01106151,2.1459329538047314,0.24003942,46.56764808297157
15172,Tim Anderson,LAA,2025,90,0.26149446,0.010671398,0.960425790399313,0.17778312,16.000480502843857,0.02942012,2.647810857743025,0.0021646777,0.19482099451124668,0.051124536,4.601208195090294,0.00073745055,0.06637054961174726,0.0058601554,0.5274139903485775,0.0041304887,0.3717439854517579,0.009139692,0.8225723169744015,0.23202224,20.882001668214798
21853,Will Benson,CIN,2025,253,0.29547095,0.0336979,8.525568556040525,0.10320344,26.1104698702693,0.038154442,9.6530737914145,0.0040830374,1.0330084562301636,0.10760323,27.22361708432436,0.0019674036,0.49775310372933745,0.0033912377,0.857983137248084,0.0029087686,0.7359184552915394,0.009876601,2.4987801536917686,0.30936885,78.27031874656677
23691,Jose Tena,WSN,2025,169,0.30189028,0.023315422,3.940306358039379,0.16432427,27.770801410079002,0.04209824,7.114602401852608,0.0046397108,0.7841111193411052,0.06016165,10.167318880558014,0.0008066053,0.13631630025338382,0.0074101053,1.2523077987134457,0.0028578218,0.48297187755815685,0.01009121,1.7054144535213709,0.21825023,36.8842888623476
29606,Justyn-Henry Malloy,DET,2025,127,0.28203216,0.027828151,3.5341752227395773,0.10417264,13.229925222694874,0.039458048,5.011172045022249,0.0033178274,0.4213640745729208,0.102241054,12.984613880515099,0.0013698039,0.1739650967065245,0.005676683,0.7209387458860874,0.003338306,0.42396485921926796,0.010774466,1.368357208557427,0.3282688,41.69013711810112
16153,Austin Slater,- - -,2025,160,0.2876679,0.019204445,3.072711229324341,0.13338691,21.34190559387207,0.03847865,6.156584024429321,0.0028912225,0.462595596909523,0.09895185,15.832295417785645,0.0007202998,0.11524796485900879,0.0074306405,1.1889024823904037,0.003468135,0.554901584982872,0.012553122,2.008499503135681,0.2917551,46.68081760406494
15161,Mitch Garver,SEA,2025,290,0.29576033,0.03745934,10.863208584487438,0.09468187,27.457741275429726,0.038473025,11.157177239656448,0.0019593067,0.568198929540813,0.10849289,31.46293766796589,0.0012517291,0.3630014357622713,0.0037661132,1.0921728261746466,0.00092880666,0.26935393281746656,0.013747833,3.9868714939802885,0.29514804,85.59293299913406
8623,Donovan Solano,- - -,2025,179,0.2938152,0.015471735,2.7694405717775226,0.16379786,29.31981611251831,0.044344306,7.937630772590637,0.001999922,0.35798605531454086,0.06516803,11.665077470242977,0.0011782759,0.2109113879268989,0.0074885204,1.3404451427049935,0.0016015167,0.28667149553075433,0.019541522,3.4979325253516436,0.20943671,37.48917192220688
19858,Luis Rengifo,LAA,2025,541,0.28797153,0.016961558,9.176202764734626,0.1668346,90.2575147151947,0.040106416,21.69757091999054,0.0050491006,2.7315634307451546,0.055949345,30.26859577000141,0.00069599645,0.37653408059850335,0.0035430961,1.9168150057084858,0.004797462,2.5954268923960626,0.011495382,6.219001442193985,0.1751441,94.75296142697334
21558,Matt Vierling,DET,2025,100,0.31300825,0.024345608,2.4345608428120613,0.14559062,14.559061825275421,0.046132755,4.613275453448296,0.0075882976,0.7588297594338655,0.08741447,8.74144732952118,0.0016760048,0.1676004845649004,0.009073062,0.9073061868548393,0.0009842518,0.09842518484219909,0.0071319803,0.7131980266422033,0.20882246,20.882245898246765
22054,Dane Myers,MIA,2025,333,0.29178357,0.028187383,9.386398527771235,0.13000186,43.29061867296696,0.039224472,13.061749141663313,0.0067601767,2.2511388533748686,0.07570772,25.210670337080956,0.001972591,0.6568728159181774,0.007489999,2.4941696086898446,0.004320028,1.438569248188287,0.009833814,3.274659943766892,0.29783168,99.17795088887215
23733,Ezequiel Duran,TEX,2025,219,0.27691513,0.019189455,4.20249056071043,0.15510139,33.96720412373543,0.041625876,9.116066839545965,0.0027327966,0.5984824541956186,0.05177408,11.338523704558611,0.0007073833,0.1549169483478181,0.0062696356,1.3730502035468817,0.0058274358,1.276208430994302,0.010368082,2.2706099012866616,0.21672596,47.46298532187939
11442,Gary Sanchez,BAL,2025,101,0.3108925,0.04574142,4.619883444160223,0.10947028,11.05649808049202,0.041927315,4.234658844769001,0.0014334081,0.14477422018535435,0.08222725,8.30495249480009,0.0018617089,0.1880326026584953,0.00978601,0.9883869886398315,0.00027501184,0.027776196220656857,0.01413302,1.4274350507184863,0.2744325,27.717683523893356
13590,Jesse Winker,NYM,2025,81,0.3182588,0.023768332,1.925234880298376,0.14183573,11.488694474101067,0.04101945,3.322575520724058,0.002554871,0.20694454363547266,0.11413127,9.24463301897049,0.0023843937,0.19313589041121304,0.004899459,0.39685617573559284,0.0009020705,0.07306770962895826,0.015342496,1.2427422031760216,0.21547654,17.453599959611893
9847,Andrew McCutchen,PIT,2025,551,0.30227265,0.02964771,16.335888100787997,0.11536554,63.56641390174627,0.039046906,21.51484517008066,0.0015751595,0.8679128795629367,0.11690607,64.41524413973093,0.0026864384,1.4802275493275374,0.0065042716,3.5838536764495075,0.001543245,0.8503280200529844,0.011830751,6.518743719905615,0.25858656,142.48119220137596
26368,JJ Bleday,ATH,2025,344,0.30551574,0.028690087,9.869389817118645,0.12502247,43.00773000717163,0.04756683,16.362989902496338,0.0024836266,0.8543675485998392,0.09868994,33.94934058189392,0.0015655984,0.53856585547328,0.0058066007,1.9974706321954727,0.0006000849,0.20642920397222042,0.0076757753,2.6404667124152184,0.2139982,73.61538028717041
31837,Masataka Yoshida,BOS,2025,205,0.30353206,0.020553738,4.213516265153885,0.15802427,32.394974604249,0.04768784,9.776007141917944,0.0022035302,0.45172368409112096,0.064783655,13.280649296939373,0.0015026833,0.30805007030721754,0.0071364837,1.4629791537299752,0.00096964394,0.19877700717188418,0.020240385,4.1492789424955845,0.14332238,29.381087571382523
22275,Jake Burger,TEX,2025,376,0.32402122,0.04608707,17.328738808631897,0.13226674,49.732296109199524,0.04278812,16.088333815336227,0.0014750402,0.5546151222661138,0.069076546,25.972781121730804,0.0018143193,0.6821840517222881,0.0057026017,2.144178256392479,0.0,0.0,0.014555826,5.472990520298481,0.2739453,103.00343346595764
21897,Christopher Morel,TBR,2025,305,0.30493495,0.0443564,13.528701476752758,0.10057911,30.67662939429283,0.03946351,12.03637020662427,0.0045344965,1.3830214203335345,0.08924081,27.21844758838415,0.0016888131,0.5150879931170493,0.0069079907,2.1069371537305415,0.0009322663,0.2843412201036699,0.011054767,3.371704025194049,0.27918845,85.15247851610184
19953,Josh Lowe,TBR,2025,435,0.2968696,0.032706287,14.227234739810228,0.12953241,56.3465990871191,0.04444473,19.333456959575415,0.004023102,1.7500494187697768,0.07394759,32.167203202843666,0.0021062808,0.9162321325857192,0.0067418246,2.932693683542311,0.00036997924,0.16094097081804648,0.0049922667,2.1716359932906926,0.2787231,121.24454453587532
18042,Dylan Moore,- - -,2025,243,0.29528692,0.028586438,6.946504415944219,0.10894467,26.47355465590954,0.03970301,9.647831797599792,0.005961438,1.44862947659567,0.10325124,25.090051598846912,0.0014178313,0.344533002236858,0.005027697,1.2217303602956235,0.0054535014,1.3252008310519159,0.013047305,3.170495099388063,0.27387288,66.55111035704613
26540,Angel Martinez,CLE,2025,484,0.28297362,0.01971324,9.541208036243916,0.14439909,69.88916033506393,0.042838644,20.73390381038189,0.0032287186,1.562699825502932,0.06724947,32.54874321818352,0.0010425643,0.5046011130325496,0.008238368,3.9873699843883514,0.0052907798,2.5607373993843794,0.012698575,6.146110262721777,0.17644133,85.39760214090347
11489,Michael A. Taylor,CHW,2025,325,0.28274357,0.030765798,9.998884331434965,0.12263089,39.855038188397884,0.039485727,12.832861114293337,0.003062841,0.9954233304597437,0.07394226,24.03123416006565,0.0036801721,1.1960559466388077,0.003747881,1.2180613004602492,0.013857861,4.503804841078818,0.005700396,1.852628670167178,0.31567538,102.59449779987335
26224,Darell Hernaiz,ATH,2025,197,0.27434474,0.016752217,3.3001867420971394,0.14394693,28.357545360922813,0.039350066,7.751963067799807,0.0037526486,0.7392717737238854,0.07586984,14.946359142661095,0.002808206,0.5532165851909667,0.0066135437,1.302868113387376,0.007286194,1.4353801747784019,0.006639708,1.3080224432051182,0.2191035,43.163389548659325
21622,Jake McCarthy,ARI,2025,222,0.30860004,0.012819258,2.8458751793950796,0.17858554,39.64599081873894,0.03765587,8.359603442251682,0.009366814,2.0794327184557915,0.06426878,14.267669767141342,0.001478018,0.32811999740079045,0.006434761,1.4285169392824173,0.01554681,3.4513917937874794,0.019875772,4.412421450018883,0.16859892,37.428960263729095
19599,Chas McCormick,HOU,2025,116,0.29001644,0.029192902,3.3863766491413116,0.124272145,14.415568858385086,0.04181796,4.850883290171623,0.0030589444,0.35483754612505436,0.0764006,8.862469643354416,0.00089515233,0.10383767075836658,0.007580429,0.8793297465890646,0.0054813605,0.6358378157019615,0.01345909,1.5612544566392899,0.27574602,31.9865380525589
29617,Henry Davis,PIT,2025,283,0.30263582,0.03251469,9.20165765285492,0.114757076,32.47625248134136,0.04245451,12.01462659239769,0.0033170078,0.9387132059782743,0.09986786,28.26260381191969,0.0030897385,0.8743960079737008,0.0041722925,1.1807587882503867,0.0053811404,1.522862731013447,0.010170653,2.8782949298620224,0.30477268,86.25066703557968
31394,Brooks Baldwin,CHW,2025,328,0.28744394,0.028774211,9.437941268086433,0.1347348,44.1930125951767,0.044953834,14.744857639074326,0.0026923988,0.8831068221479654,0.05630492,18.468013912439346,0.0005072423,0.16637546755373478,0.007415099,2.43215249478817,0.009528181,3.125243231654167,0.011090036,3.6375316604971886,0.22695635,74.44168365001678
26467,Luis Matos,SFG,2025,184,0.29399908,0.02967805,5.460761278867722,0.14572078,26.812623500823975,0.044770822,8.237831234931946,0.003431929,0.631474943831563,0.05294165,9.741263628005981,0.001646414,0.30294018518179655,0.008194093,1.5077130496501923,0.0021261096,0.39120415784418583,0.009661751,1.777762159705162,0.15464438,28.454566836357117
5827,Wilmer Flores,SFG,2025,463,0.29816893,0.027426014,12.698244353756309,0.13136299,60.8210641592741,0.04433171,20.52558209374547,0.0014025372,0.6493747337954119,0.08314374,38.49555203318596,0.0018247346,0.8448521272512153,0.009228954,4.273005744442344,0.0062058903,2.8733272217214108,0.01402928,6.495556770823896,0.15833403,73.30865667760372
22263,Nolan Gorman,STL,2025,402,0.30112338,0.042639147,17.14093729108572,0.099124834,39.84818324446678,0.038663678,15.54279850423336,0.0043089245,1.7321876669302583,0.09574052,38.487688824534416,0.0014496936,0.5827768177259713,0.0061935233,2.4897963646799326,0.00057916914,0.23282599286176264,0.008090258,3.2522835731506348,0.33534512,134.8087379336357
19960,Taylor Trammell,HOU,2025,135,0.28957078,0.02837679,3.8308666180819273,0.11194966,15.113204084336758,0.044480953,6.004928704351187,0.004183083,0.5647161835804582,0.09093934,12.276811301708221,0.0036277508,0.4897463566157967,0.0047863685,0.6461597420275211,0.0022237392,0.30020478763617575,0.012028764,1.6238831402733922,0.263347,35.551844984292984
10472,Enrique Hernandez,LAD,2025,256,0.27687994,0.023828479,6.100090503692627,0.13735999,35.16415786743164,0.03996524,10.231101036071777,0.0009497151,0.24312706291675568,0.075176455,19.24517250061035,0.0010029619,0.2567582428455353,0.008394583,2.1490132808685303,0.00075488584,0.19325077533721924,0.005413315,1.3858085870742798,0.2151619,55.08144760131836
18363,Victor Robles,SEA,2025,114,0.3047479,0.022559566,2.57179057225585,0.15538616,17.714022785425186,0.044838246,5.1115600392222404,0.0050488897,0.5755734220147133,0.06314664,7.198717340826988,0.0023568745,0.2686836957000196,0.0068888008,0.7853232873603702,0.0068902243,0.7854855693876743,0.01770743,2.018647000193596,0.20239523,23.073056280612946
10231,Jose Iglesias,SDP,2025,343,0.28356004,0.010500756,3.601759339682758,0.17764658,60.932776033878326,0.04365591,14.973976992070675,0.004043459,1.3869064236059785,0.04720364,16.190848995000124,0.002029873,0.6962464270181954,0.0049897726,1.7114919913001359,0.0065678624,2.2527767862193286,0.014917762,5.116792372427881,0.13553211,46.487514048814774
19458,Cooper Hummel,- - -,2025,105,0.32472664,0.030111277,3.1616841349750757,0.13955273,14.653036370873451,0.050640184,5.317219365388155,0.0070013916,0.7351461192592978,0.08843263,9.285426400601864,0.016116243,1.692205499857664,0.008660255,0.9093267749994993,0.009295873,0.9760667011141777,0.010512677,1.1038310872390866,0.2533511,26.60186469554901
19252,Cavan Biggio,KCR,2025,83,0.27935264,0.015141251,1.2567237969487906,0.11547969,9.584814503788948,0.035850316,2.975576251745224,0.004477908,0.3716663559898734,0.115156315,9.55797416716814,0.0014671236,0.12177126109600067,0.007579702,0.6291152620688081,0.020772174,1.7240904420614243,0.013722166,1.1389398127794266,0.26107252,21.669018864631653
19262,Garrett Hampson,- - -,2025,91,0.28592968,0.01973722,1.7960869688540697,0.14270474,12.986131355166435,0.039404515,3.5858108811080456,0.004532614,0.4124678550288081,0.07932503,7.218577526509762,8.954662e-05,0.008148742592311464,0.0058358083,0.5310585596598685,0.0056885974,0.5176623677834868,0.009614144,0.8748871451243758,0.22715163,20.670798540115356
19566,Nathaniel Lowe,- - -,2025,609,0.31637055,0.022430707,13.66030042245984,0.15927058,96.99578601121902,0.043355737,26.403643760830164,0.0027229106,1.658252558670938,0.09649748,58.76696748286486,0.0015282466,0.9307021556887776,0.006869511,4.183532328810543,0.00016997053,0.1035120538144838,0.0075444127,4.5945473606698215,0.21491517,130.8833393007517
15711,Tyler O'Neill,BAL,2025,209,0.3172183,0.043240715,9.037309397011995,0.11133022,23.268015690147877,0.042148817,8.809102822095156,0.0016200086,0.33858179952949286,0.100813225,21.06996400654316,0.0034586,0.7228474053554237,0.005624704,1.1755631491541862,0.0,0.0,0.010025111,2.0952482046559453,0.29132965,60.88789728283882
14221,Jorge Soler,LAA,2025,315,0.3264865,0.044693436,14.078432489186525,0.113943666,35.89225485920906,0.04534057,14.282280039042234,0.00049552164,0.15608931746101007,0.101843156,32.08059411495924,0.0029304598,0.923094836762175,0.0052823494,1.6639400669373572,2.0861844e-05,0.0065714808442862704,0.011196825,3.526999787427485,0.2584459,81.41045495867729
21523,Jonathan India,KCR,2025,567,0.32021034,0.023740238,13.460714707151055,0.13542911,76.78830769658089,0.042718697,24.221501391381025,0.003041221,1.7243723419960588,0.10662751,60.45779760181904,0.0017618326,0.9989590976620093,0.008980141,5.0917399590834975,0.0018697811,1.0601658605737612,0.028361227,16.08081591501832,0.21239161,120.42604565620422
16426,Thairo Estrada,COL,2025,165,0.29421207,0.02368613,3.9082113839685917,0.1505989,24.848818257451057,0.047639046,7.860442567616701,0.003092899,0.5103283328935504,0.051347785,8.472384475171566,0.00217819,0.35940135712735355,0.005085919,0.8391766436398029,0.004265991,0.7038885215297341,0.017617472,2.9068828001618385,0.21524544,35.51549769937992
5235,Justin Turner,CHC,2025,191,0.30092198,0.02084827,3.982019666582346,0.1410594,26.942345142364502,0.04323324,8.257548488676548,0.001701948,0.32507206802256405,0.08891827,16.98338931798935,0.002048629,0.3912881587166339,0.008657152,1.653516000136733,0.0017618098,0.33650567301083356,0.022219114,4.243850775063038,0.18003248,34.386203065514565
7739,Travis d'Arnaud,LAA,2025,231,0.30338556,0.033774287,7.801860183477402,0.13739069,31.737248942255974,0.042754453,9.876278568059206,0.001905865,0.4402548233047128,0.06787211,15.678456723690033,0.0007458191,0.1722842178423889,0.0070362445,1.6253724787384272,0.0004916153,0.11356314044678584,0.01399112,3.2319487826898694,0.24995832,57.74037225544453
19997,Santiago Espinal,CIN,2025,328,0.2900881,0.018662421,6.121274098753929,0.15327863,50.275391936302185,0.043088265,14.132950842380524,0.003998913,1.3116434216499329,0.06980855,22.89720445871353,0.0009345116,0.30651980405673385,0.0081860805,2.685034401714802,0.011569271,3.794720843434334,0.007452949,2.4445672556757927,0.14532329,47.6660395860672
19890,Emmanuel Rivera,BAL,2025,127,0.29757652,0.02446937,3.1076099928468466,0.15478848,19.65813685953617,0.042042308,5.339373059570789,0.002670544,0.3391590837854892,0.066162445,8.402630470693111,0.0008235096,0.10458571772323921,0.008360351,1.0617646323516965,0.0012390033,0.15735341457184404,0.011882148,1.5090327644720674,0.2513208,31.917742758989334
15730,Tyler Wade,SDP,2025,127,0.2715079,0.010190437,1.2941854503005743,0.15358984,19.505910277366638,0.040229328,5.109124653041363,0.005960698,0.7570086172781885,0.06507823,8.264935046434402,0.0,0.0,0.0071158377,0.9037113818340003,0.0129168,1.6404335536062717,0.009693599,1.2310871118679643,0.2146555,27.26124896109104
17040,Jose Herrera,ARI,2025,204,0.27410498,0.013593974,2.7731706127524376,0.14502507,29.58511519432068,0.035959527,7.335743486881256,0.00354551,0.7232840163633227,0.08288325,16.908183753490448,0.0007691365,0.15690384060144424,0.0074873753,1.5274245589971542,0.009543355,1.9468443430960178,0.011491639,2.344294276088476,0.2189497,44.66573989391327
17907,Brendan Rodgers,HOU,2025,128,0.28320134,0.017892515,2.2902419567108154,0.16358775,20.939231872558594,0.041331258,5.290400981903076,0.0035550788,0.4550500810146332,0.059453227,7.610013008117676,0.0015299186,0.1958295851945877,0.0034018725,0.43543967604637146,0.0013458213,0.17226512730121613,0.0058898902,0.7539059519767761,0.22439761,28.7228946685791
29766,Zack Gelof,ATH,2025,101,0.28589025,0.032059696,3.2380292527377605,0.11496827,11.611795276403427,0.041657053,4.207362346351147,0.0059040245,0.5963064711540937,0.07383464,7.457298919558525,0.0012800277,0.12928279512561858,0.006476353,0.6541116451844573,0.0031878762,0.3219754956662655,0.008675178,0.8761929357424378,0.3165348,31.97001352906227
10243,Randal Grichuk,- - -,2025,293,0.33560157,0.038382888,11.246186137199402,0.14364295,42.08738349378109,0.052053448,15.251660209149122,0.003921875,1.149109316058457,0.076448895,22.399526245892048,0.0036438014,1.0676338206976652,0.0062593264,1.8339826227165759,7.431115e-05,0.021773167616629507,0.010780097,3.158568416722119,0.18834013,55.183657348155975
18373,Ryan Mountcastle,BAL,2025,357,0.30150238,0.027611988,9.85747959651053,0.1615697,57.680382773280144,0.043515608,15.535071954131126,0.0026031283,0.929316810099408,0.057958767,20.691279754042625,0.0009848985,0.351608777185902,0.010286579,3.6723086703568697,2.4722814e-05,0.00882604477192217,0.0061967056,2.212223907932639,0.21795218,77.80892716348171
19358,Weston Wilson,PHI,2025,125,0.31807986,0.038650934,4.831366706639528,0.11771874,14.714842662215233,0.041739322,5.217415280640125,0.004495708,0.5619634757749736,0.08779091,10.973863303661346,0.0029018887,0.3627360856626183,0.00832467,1.0405837092548609,0.0025776448,0.32220559660345316,0.021800416,2.725051948800683,0.29850575,37.31321915984154
27845,Matt Mervis,MIA,2025,134,0.29853123,0.02870245,3.846128422766924,0.13401198,17.957605838775635,0.042964432,5.757233940064907,0.0036235414,0.4855545535683632,0.083752856,11.22288265824318,0.0059045986,0.7912162160500884,0.005491322,0.735837135463953,0.0,0.0,0.009388867,1.2581081558018923,0.24828835,33.270638674497604
20126,Dylan Carlson,BAL,2025,241,0.27502254,0.01596363,3.8472350109368563,0.12936603,31.177212104201317,0.040831745,9.840450465679169,0.0032023664,0.7717703047674149,0.08516741,20.52534532546997,5.0662762e-05,0.012209725660795812,0.005725062,1.3797399387694895,0.0041980906,1.0117398439906538,0.016933175,4.080895127728581,0.24624203,59.344329580664635
10681,Gio Urshela,ATH,2025,197,0.28110752,0.01739563,3.4269392043352127,0.1654907,32.60166825354099,0.03998456,7.8769586160779,0.0027465776,0.5410757886711508,0.059011042,11.625175297260284,0.0005494804,0.10824763431446627,0.007443108,1.466292301658541,0.00022952924,0.04521725951053668,0.0064856657,1.2776761394925416,0.18364242,36.177556186914444
20529,Nolan Jones,CLE,2025,403,0.29458553,0.021549026,8.684257296845317,0.13413267,54.05546535551548,0.041205302,16.605736657977104,0.0028879056,1.1638259468600154,0.09736608,39.2385301142931,0.0023118362,0.9316700005438179,0.0047809943,1.9267406878061593,0.0035525844,1.4316915306262672,0.0122044375,4.9183883192017674,0.26229677,105.70559671521187
27684,Michael Massey,KCR,2025,277,0.31235284,0.03524132,9.761845842003822,0.14738174,40.82474137842655,0.046685625,12.93191808834672,0.0025479202,0.7057738997973502,0.057557143,15.943328686058521,0.0019795764,0.5483426693826914,0.0089729205,2.48549897223711,0.0031900487,0.8836435002740473,0.011177887,3.0962747568264604,0.17666973,48.93751569092274
18171,Seth Brown,ATH,2025,76,0.29598144,0.034045137,2.5874304473400116,0.12495573,9.496635377407074,0.043741163,3.324328377842903,0.0025892034,0.19677945971488953,0.076030426,5.7783123552799225,0.0012297225,0.09345891140401363,0.0052540703,0.39930934086441994,0.00021454217,0.016305205295793712,0.0075354073,0.5726909562945366,0.2798793,21.270826935768127
13757,Chris Taylor,- - -,2025,125,0.29531813,0.027396725,3.4245906863361597,0.1182618,14.782724902033806,0.04057026,5.071282386779785,0.0033164113,0.41455141035839915,0.10141687,12.677108868956566,0.0025061162,0.31326452153734863,0.0057509653,0.7188706658780575,0.0047643525,0.5955440574325621,0.011997891,1.499736332334578,0.30444944,38.056179881095886
12037,Jon Berti,CHC,2025,107,0.29397914,0.00876057,0.9373809490352869,0.1694408,18.130166232585907,0.04055351,4.339225590229034,0.005145519,0.5505705373361707,0.07699356,8.238311164081097,0.0012083625,0.12929478951264173,0.0045978404,0.49196891905739903,0.01034785,1.107219916768372,0.016618732,1.7782043628394604,0.18182792,19.455587193369865
16930,Jonah Heim,TEX,2025,433,0.2862169,0.025895398,11.212707381695509,0.13501701,58.46236428618431,0.04558391,19.737833566963673,0.001077121,0.46639339614193887,0.07219687,31.261245161294937,0.0005201768,0.22523654490942135,0.0052205184,2.260484487749636,0.0016629082,0.7200392672093585,0.0075517143,3.269892297219485,0.20627443,89.31683032214642
12005,Nick Martini,COL,2025,111,0.28339854,0.023307838,2.5871699675917625,0.1369326,15.199518218636513,0.041183136,4.571328140795231,0.0046539432,0.5165876992978156,0.06532283,7.25083427131176,0.00090008305,0.09990921820281073,0.008405803,0.9330441076308489,0.005463749,0.6064761579036713,0.013702453,1.5209722956642509,0.22646514,25.137630075216293
24770,James Outman,- - -,2025,148,0.27468547,0.027963929,4.138661473989487,0.10835863,16.037077099084854,0.037121285,5.493950143456459,0.0015538335,0.22996735572814941,0.09485835,14.039035558700562,0.001046421,0.15487030893564224,0.005248431,0.7767678052186966,0.005859133,0.8671516627073288,0.008992537,1.3308954648673534,0.32275003,47.76700472831726
22244,Jack Suwinski,PIT,2025,178,0.3018901,0.033881012,6.030820198357105,0.10755767,19.145265132188797,0.03961445,7.0513721331954,0.002654006,0.47241306910291314,0.11132848,19.81646990776062,0.0012086354,0.21513710054568946,0.0047190804,0.8399963118135929,0.0014053555,0.25015328265726566,0.010146026,1.8059925511479378,0.2854016,50.801487028598785
16939,Lane Thomas,CLE,2025,142,0.3114289,0.03152009,4.47585292160511,0.13447149,19.09495171904564,0.04668664,6.62950261682272,0.0032660326,0.4637766224332154,0.082702756,11.743791341781616,0.0012828459,0.18216411164030433,0.0074624475,1.0596675463020802,0.0,0.0,0.011541373,1.6388749796897173,0.24817063,35.24022933840752
4940,Jason Heyward,SDP,2025,95,0.3115879,0.029195368,2.7735599875450134,0.15044068,14.291864410042763,0.043014973,4.086422473192215,0.004818421,0.45774998143315315,0.07128593,6.772163659334183,0.00097502786,0.09262764622690156,0.0072191674,0.6858209054917097,0.000622983,0.05918338254559785,0.012269216,1.1655754875391722,0.22383873,21.26467950642109
17273,Jorge Mateo,BAL,2025,83,0.28349483,0.020383295,1.6918134577572346,0.13197075,10.953572109341621,0.047774453,3.9652795754373074,0.010140305,0.8416453469544649,0.060574237,5.027661692351103,0.0011831596,0.09820225089788437,0.00846157,0.7023103404790163,0.009800681,0.8134565157815814,0.007682685,0.6376628391444683,0.23699772,19.67081105709076
20287,Ben Rortvedt,- - -,2025,128,0.27698618,0.017612763,2.2544336318969727,0.13790035,17.6512451171875,0.03571573,4.571613311767578,0.0028790084,0.3685130774974823,0.08922969,11.42140007019043,0.0021261575,0.27214816212654114,0.004504969,0.576636016368866,0.0073269657,0.93785160779953,0.010245879,1.3114725351333618,0.25243175,32.31126403808594
11737,Nick Castellanos,PHI,2025,589,0.29325458,0.027566507,16.236672893166542,0.15168466,89.34226281940937,0.042921633,25.280841559171677,0.0025620668,1.509057329269126,0.056884553,33.50500188395381,0.0010941135,0.644432823988609,0.006237426,3.67384382057935,0.00074896,0.44113744603237137,0.008902899,5.243807504884899,0.22987595,135.39693573117256
16376,Michael Conforto,LAD,2025,486,0.31680927,0.036665615,17.819488741457462,0.12637849,61.41994687914848,0.045154188,21.94493528455496,0.0015761016,0.765985397156328,0.09334516,45.365746691823006,0.0036173044,1.7580099273473024,0.006825596,3.3172397017478943,0.00013844181,0.06728272148757242,0.011681707,5.677309429273009,0.23733325,115.34396097064018
30011,Christian Encarnacion-Strand,CIN,2025,137,0.30142015,0.031170642,4.270377954468131,0.14784132,20.254260763525963,0.046125542,6.319199305027723,0.0035854203,0.49120258330367506,0.051802404,7.096929378807545,0.0008261234,0.11317890626378357,0.007966104,1.091356243006885,0.0030911982,0.4234941478352994,0.010658776,1.4602523650974035,0.25246745,34.58804112672806
20505,Drew Waters,KCR,2025,219,0.3006612,0.026281536,5.75565630197525,0.12746339,27.914481416344643,0.040685937,8.91022016108036,0.0039934916,0.874574669636786,0.09570865,20.96019507944584,0.0060613756,1.3274412578903139,0.0056685163,1.2414050633087754,0.007321781,1.6034700418822467,0.015884295,3.4786606281995773,0.30458796,66.7047632932663
24934,David Fry,CLE,2025,157,0.2904214,0.026103307,4.098219130188227,0.12426948,19.510308049619198,0.04138397,6.49728337302804,0.0025508632,0.40048552164807916,0.08819635,13.846827283501625,0.0011761315,0.18465265177655965,0.008858342,1.390759650617838,0.00096190395,0.15101891988888383,0.015288195,2.4002465587109327,0.22614706,35.50508773326874
22514,Triston Casas,BOS,2025,112,0.3032381,0.033931207,3.8002951741218567,0.11666283,13.066236972808838,0.037863508,4.240712881088257,0.0022104639,0.24757195264101028,0.107808314,12.074531197547913,0.0019124169,0.21419069170951843,0.0060753636,0.6804407238960266,0.0008773382,0.09826188161969185,0.008721733,0.9768340438604355,0.29985112,33.58332538604736
19864,Riley Adams,WSN,2025,286,0.29117593,0.025002632,7.1507528349757195,0.13833117,39.562716007232666,0.042433027,12.135845772922039,0.0038834065,1.1106542646884918,0.07219995,20.6491851657629,0.0019595344,0.5604268275201321,0.0054511996,1.5590430852025747,0.0036305806,1.0383460554294288,0.012183056,3.4843540769070387,0.2484147,71.04660284519196
22532,Tyler Freeman,COL,2025,428,0.28756794,0.020204535,8.647540874779224,0.15215573,65.12265121936798,0.04184909,17.911411225795746,0.00411896,1.7629148308187723,0.06460589,27.65132164955139,0.0015498819,0.6633494459092617,0.006597864,2.8238857816904783,0.0025535875,1.0929354699328542,0.011826499,5.061741728335619,0.15382,65.83495706319809
19844,Abraham Toro,BOS,2025,284,0.286101,0.018720305,5.316566504538059,0.15467916,43.9288826584816,0.04236143,12.030646353960037,0.0025621015,0.7276368159800768,0.06633881,18.840221285820007,0.0012650794,0.35928253969177604,0.009127321,2.5921590849757195,0.0027238703,0.7735791746526957,0.0115493685,3.2800206542015076,0.16503513,46.86997652053833
19818,Joshua Palacios,CHW,2025,145,0.30997932,0.027922526,4.048766270279884,0.15183619,22.0162470638752,0.04355977,6.316166799515486,0.0020788664,0.30143562122248113,0.075055346,10.883025154471397,0.0028737383,0.4166920529678464,0.004745219,0.6880567409098148,0.0006922935,0.10038255946710706,0.014361461,2.0824118005111814,0.19692613,28.554289117455482
11445,Mark Canha,KCR,2025,125,0.3118547,0.019088306,2.386038191616535,0.14018545,17.523180693387985,0.042277828,5.284728482365608,0.002149854,0.26873176102526486,0.09871505,12.339381501078606,0.0011469804,0.14337255561258644,0.009662646,1.2078307336196303,0.0043008537,0.5376067128963768,0.033064507,4.133063368499279,0.20686351,25.857938453555107
19896,Connor Wong,BOS,2025,188,0.2838612,0.020835187,3.9170152097940445,0.15084259,28.35840731859207,0.039220627,7.373477950692177,0.002617109,0.49201651103794575,0.062538356,11.757210850715637,0.0006827376,0.12835467257536948,0.008208237,1.5431484915316105,0.004052495,0.7618690822273493,0.015291732,2.874845579266548,0.23483932,44.149792194366455
17696,Kevin Newman,LAA,2025,116,0.2760898,0.008247793,0.9567439556121826,0.1678549,19.471168994903564,0.041877996,4.857847556471825,0.0047534383,0.5513988416641951,0.059361022,6.885878548026085,0.00079842523,0.09261732664890587,0.0047263415,0.5482556093484163,0.010688908,1.2399133741855621,0.010584513,1.2278034761548042,0.17534232,20.339709281921387
24703,Jonah Bride,- - -,2025,125,0.30663237,0.024055466,3.006933256983757,0.14188679,17.73584820330143,0.037134856,4.641856998205185,0.0017195964,0.21494955581147224,0.102653876,12.831734493374825,0.001032186,0.12902324669994414,0.009645725,1.2057155836373568,0.001289271,0.1611588813830167,0.017088829,2.1361035760492086,0.19808623,24.76077899336815
13621,Jeimer Candelario,CIN,2025,91,0.2895644,0.031501967,2.8666790388524532,0.118219025,10.75793131440878,0.0449604,4.091396238654852,0.0028682847,0.261013908078894,0.07145052,6.501997008919716,0.00018007803,0.016387100738938898,0.006401369,0.5825245683081448,0.0011760303,0.10701875353697687,0.014752603,1.3424868853762746,0.24612777,22.397627010941505
27534,Edouard Julien,MIN,2025,208,0.30136135,0.025201721,5.241957992315292,0.12273156,25.528164267539978,0.040454976,8.414635062217712,0.005433415,1.1301503330469131,0.10599159,22.046250104904175,0.0018851765,0.39211671613156796,0.0052397377,1.0898654386401176,0.0034410027,0.7157285585999489,0.012434114,2.5862956643104553,0.28662702,59.61842107772827
24729,Logan O'Hoppe,LAA,2025,451,0.29533717,0.036404077,16.41823871061206,0.13216119,59.60469450056553,0.043753162,19.732676073908806,0.0032668998,1.4733718307688832,0.0546074,24.627936862409115,0.0011011327,0.49661085451953113,0.008041509,3.6267207516357303,0.0008837473,0.39857003215001896,0.009838136,4.4369992967695,0.28821874,129.98665022850037
11899,Joc Pederson,TEX,2025,306,0.3531337,0.04697949,14.375724144279957,0.12885436,39.429435431957245,0.04287659,13.120236553251743,0.0027438581,0.8396205925382674,0.10778011,32.98071254789829,0.0066496115,2.034781124442816,0.006369995,1.9492184557020664,0.00018365709,0.05619906898937188,0.01864948,5.706740688532591,0.22736347,69.57322096824646
6887,Martin Maldonado,SDP,2025,161,0.27773115,0.03089304,4.973779572173953,0.11127136,17.914688803255558,0.035130292,5.655977040529251,0.002680362,0.431538277072832,0.08547869,13.76206961274147,0.0015553273,0.25040769949555397,0.0032997169,0.5312544144690037,0.007990642,1.2864934345707297,0.010788932,1.7370181232690811,0.29925117,48.17943820357323
18900,Leody Taveras,- - -,2025,180,0.29364693,0.022836242,4.110523536801338,0.14751682,26.553027033805847,0.04287366,7.717258483171463,0.004784492,0.8612085320055485,0.07492703,13.486865758895874,0.00083690224,0.15064240316860378,0.009468983,1.7044169269502163,0.004651129,0.8372031804174185,0.004093341,0.736801391467452,0.23224086,41.803354024887085
16572,Connor Joe,- - -,2025,80,0.31035492,0.021384547,1.7107637226581573,0.13162717,10.530173778533936,0.048286933,3.8629546761512756,0.003578416,0.2862732857465744,0.10280774,8.224619030952454,0.0006084649,0.04867719020694494,0.0059591588,0.47673270106315613,0.0011308743,0.09046994149684906,0.018582368,1.4865894615650177,0.22834128,18.26730251312256
22823,Oswald Peraza,- - -,2025,265,0.29013684,0.0314738,8.340557143092155,0.11097258,29.40773457288742,0.04669753,12.374845687299967,0.0034297542,0.908884855452925,0.08299778,21.994410790503025,0.0035560122,0.942343226633966,0.005646485,1.496318499557674,0.0051197107,1.3567233341746032,0.009470211,2.5096060056239367,0.26821896,71.07802554965019
17027,Alex Verdugo,ATL,2025,213,0.29115996,0.020506673,4.367921255528927,0.14612941,31.12556527554989,0.04645323,9.894538007676601,0.0030943814,0.6591032424475998,0.07671322,16.339915707707405,0.0017043338,0.36302310274913907,0.009431775,2.008968017064035,0.0014118429,0.30072253360413015,0.0065129315,1.3872544197365642,0.14941314,31.824998527765274
14551,Anthony Santander,TOR,2025,221,0.32611802,0.045654234,10.089585613459349,0.122200124,27.006227396428585,0.044110756,9.748477157205343,0.0025529712,0.5642066448926926,0.08186974,18.093211725354195,0.002412092,0.5330723188817501,0.0071312576,1.576007920783013,0.000120725854,0.02668041368451668,0.014318668,3.1644256906583905,0.20905323,46.200764551758766
29575,Trey Sweeney,DET,2025,326,0.28235704,0.030312756,9.881958480924368,0.12555526,40.93101540207863,0.040143453,13.086765542626381,0.004788692,1.561113627627492,0.06512105,21.229461386799812,0.0012298555,0.4009328815154731,0.007868883,2.5652559231966734,0.0029804881,0.9716391270048916,0.009262719,3.019646456465125,0.2844417,92.72799730300903
13185,Orlando Arcia,- - -,2025,214,0.28043425,0.024475168,5.2376860454678535,0.13541827,28.979508936405182,0.04344023,9.296209260821342,0.0015237615,0.3260849704965949,0.06938962,14.849378451704979,0.00022212413,0.04753456386970356,0.0064370665,1.3775322260335088,0.0003942785,0.08437559835147113,0.00882408,1.888353168964386,0.22005364,47.09147959947586
15464,Hunter Renfroe,KCR,2025,108,0.2966606,0.036304515,3.920887604355812,0.12586612,13.59354043006897,0.042827472,4.625366985797882,0.0005794105,0.06257633655332029,0.076115064,8.220426946878433,0.001558978,0.16836962336674333,0.007378631,0.7968921270221472,0.0004047068,0.043708335142582655,0.007002494,0.75626933388412,0.22355843,24.144309997558594
14813,Kyle Farmer,COL,2025,300,0.28126013,0.02217294,6.651882268488407,0.13411081,40.23324251174927,0.04480779,13.44233751296997,0.0022974105,0.6892231525853276,0.064738296,19.421488791704178,0.0015105485,0.45316455652937293,0.006780029,2.0340086426585913,0.0027186193,0.8155857911333442,0.018268403,5.48052079975605,0.21348158,64.04447257518768
19610,Keibert Ruiz,WSN,2025,267,0.2900721,0.021857234,5.835881402716041,0.15087135,40.28265081346035,0.04816799,12.860852971673012,0.0027199113,0.726216312032193,0.054428495,14.53240828961134,0.002609854,0.6968310442753136,0.0042677633,1.1394928134977818,0.0025787558,0.6885278094559908,0.014617694,3.9029241940006614,0.12132699,32.39430644363165
31166,Heston Kjerstad,BAL,2025,167,0.2922074,0.025793666,4.307542225345969,0.13607283,22.724162504076958,0.046085097,7.69621118158102,0.0041572414,0.6942593194544315,0.06798909,11.354177795350552,0.0020112498,0.33587871212512255,0.00760848,1.2706161299720407,0.0014711473,0.24568159750197083,0.012129612,2.0256452485919,0.26887774,44.902583360672
24257,Jhonkensy Noel,CLE,2025,153,0.31965798,0.04760335,7.2833125703036785,0.11978682,18.327383659780025,0.049442936,7.564769167453051,0.002384261,0.36479193228296936,0.06443955,9.859251156449318,0.0012083414,0.18487624148838222,0.006419409,0.9821695871651173,0.0005270109,0.08063266484532505,0.009849378,1.506954819895327,0.29320708,44.86068311333656
27475,Jordan Walker,STL,2025,396,0.30886447,0.034423295,13.631624981760979,0.13220727,52.35408067703247,0.04545712,18.001019909977913,0.0046420437,1.8382493164390326,0.07132008,28.242751389741898,0.0012790468,0.5065025165677071,0.007985079,3.162091176956892,0.0016586815,0.6568378927186131,0.0118647935,4.698458220809698,0.25588152,101.32908117771149
19734,Josh Rojas,CHW,2025,211,0.28389937,0.019589456,4.133375173434615,0.13488522,28.460781782865524,0.042022426,8.866731818765402,0.0026513357,0.5594318266957998,0.09188939,19.388661049306393,0.0014113005,0.2977844058768824,0.006623908,1.3976445766165853,0.0053023812,1.1188024408183992,0.005247539,1.1072307098656893,0.23538724,49.66670677065849
13723,Jacob Stallings,- - -,2025,129,0.2782107,0.020078005,2.590062679722905,0.13410977,17.300159722566605,0.03715779,4.793354764580727,0.0025165868,0.3246396970935166,0.08486872,10.948065094649792,0.0013526718,0.17449465789832175,0.0073818387,0.9522571982815862,0.0009765689,0.12597738846670836,0.0140742,1.8155717784538865,0.24631977,31.77525043487549
18126,LaMonte Wade Jr.,- - -,2025,242,0.33470082,0.03468134,8.392883993685246,0.13389242,32.40196490287781,0.03976013,9.621951796114445,0.0011837161,0.2864592997357249,0.124001294,30.008313238620758,0.0038981624,0.9433552995324135,0.004119222,0.9968517366796732,0.004278568,1.035413476638496,0.0118824085,2.875542862340808,0.2277669,55.11959010362625
25845,Michael Toglia,COL,2025,337,0.3161973,0.044599194,15.029928404837847,0.110516496,37.24405915290117,0.038753726,13.060005523264408,0.0031048039,1.0463188977446407,0.09975256,33.61661280691624,0.0031174407,1.0505775273777544,0.0042373454,1.4279854064807296,0.00080804894,0.27231249114265665,0.008891157,2.9963198667392135,0.2953258,99.52478983998299
