Name,Team,G,PA,AB,H,1B,2B,3B,HR,R,RBI,BB,IBB,SO,HBP,SF,SH,GDP,SB,CS,AVG,BB%,K%,BB/K,OBP,SLG,wOBA,OPS,ISO,Spd,BABIP,UBR,wSB,wRC,wRAA,wRC+,BsR,Fld,Off,Def,WAR,ADP,InterSD,InterSK,IntraSD,Vol,Skew,Dim,FPTS,FPTS/G,SPTS,SPTS/G,P10,P20,P30,P40,P50,P60,P70,P80,P90,TT10,TT20,TT30,TT40,TT50,TT60,TT70,TT80,TT90,NameASCII,PlayerId,MLBAMID
"Aaron Judge","NYY",159,686,559,158,80,28,0,50,110,134,118,15,178,5,4,0,,9,1,0.282398,0.171654,0.259843,0.660606,0.409449,0.599613,0.420632,1.00906,0.317215,3.24695,0.322581,0,-0.192607,141.232,60.985,179.666,-0.192607,-6.05321,62.33924566209316,-14.6032133102417,7.29184,3.1600000858306885,,,,,,,1260.3,7.926415094,1260.3,7.926415094,,,,,,,,,,,,,,,,,,,"Aaron Judge","15640",592450
"Juan Soto","NYM",159,686,539,149,87,27,2,34,110,102,140,8,111,3,4,0,,7,4,0.276515,0.203869,0.162202,1.25688,0.425595,0.520833,0.405778,0.946429,0.244318,3.54446,0.289744,0,-1.97295,133.03,52.7833,166.296,-1.97295,-3.47021,52.41162931919098,-11.820210933685303,6.55152,7.519999980926514,,,,,,,1135.8,7.143396226,1135.8,7.143396226,,,,,,,,,,,,,,,,,,,"Juan Soto","20123",665742
"Shohei Ohtani","LAD",151,651,564,164,84,32,5,43,122,133,79,10,150,5,4,0,,40,5,0.290323,0.120588,0.230882,0.522293,0.379412,0.59253,0.406549,0.971942,0.302207,7.3491,0.322251,0,4.85638,126.647,50.4943,165,4.85638,0,55.457101345062256,-16.274999618530273,6.28559,1.5299999713897705,,,,,,,1193.9,7.906622516,1193.9,7.906622516,,,,,,,,,,,,,,,,,,,"Shohei Ohtani","19755",660271
"Bobby Witt Jr.","KCR",159,686,623,180,105,37,8,30,107,105,49,5,115,6,7,0,,29,11,0.288303,0.0718563,0.167665,0.428571,0.342814,0.517298,0.36381,0.860113,0.228995,6.96108,0.308668,0,-0.0480877,109.859,29.6117,135.234,-0.0480877,2.92453,27.60783426463604,10.274526119232178,6.27418,1.6200000047683716,,,,,,,1009.2,6.347169811,1009.2,6.347169811,,,,,,,,,,,,,,,,,,,"Bobby Witt Jr.","25764",677951
"Gunnar Henderson","BAL",157,679,593,163,97,30,7,29,110,100,75,1,155,6,5,0,,16,4,0.274306,0.110606,0.228788,0.483444,0.359091,0.494792,0.366793,0.853883,0.220486,6.52696,0.323383,0,0.228882,110.368,30.9397,144.425,0.228882,-4.19495,34.7433515638113,2.830052375793457,6.21817,7.659999847412109,,,,,,,981.5,6.251592356,981.5,6.251592356,,,,,,,,,,,,,,,,,,,"Gunnar Henderson","26289",683002
"Francisco Lindor","NYM",159,686,607,158,95,31,3,28,101,97,63,2,130,10,5,1,,22,4,0.260345,0.0914634,0.189024,0.483871,0.337405,0.462069,0.344793,0.799474,0.201724,5.92376,0.285714,0,1.38568,99.3585,19.1115,125.249,1.38568,7.90973,22.098434448242188,15.00973129272461,6.19177,14.600000381469727,,,,,,,897.6,5.645283018,897.6,5.645283018,,,,,,,,,,,,,,,,,,,"Francisco Lindor","12916",596019
"Julio Rodríguez","SEA",157,679,622,174,116,28,2,28,96,95,47,3,162,8,2,0,,28,7,0.280672,0.0692308,0.238462,0.290323,0.338462,0.468908,0.347704,0.807369,0.188235,5.62554,0.337349,0,1.35202,99.9353,20.5072,134.752,1.35202,5.6363,28.351474404335022,7.861295461654663,6.07765,13.399999618530273,,,,,,,906.8,5.775796178,906.8,5.775796178,,,,,,,,,,,,,,,,,,,"Julio Rodriguez","23697",677594
"Fernando Tatis Jr.","SDP",152,658,591,163,90,35,1,37,105,104,58,1,144,6,3,0,,20,4,0.276231,0.0884615,0.219231,0.403509,0.346154,0.526767,0.372575,0.87292,0.250535,5.33597,0.306748,0,1.30334,110.016,33.0448,144.112,1.30334,7.4115,36.012407660484314,-0.03849983215332031,5.97833,11.140000343322754,,,,,,,995.6,6.55,995.6,6.55,,,,,,,,,,,,,,,,,,,"Fernando Tatis Jr.","19709",665487
"Mookie Betts","LAD",157,679,578,163,98,35,2,28,110,100,88,3,94,7,6,0,,15,3,0.282565,0.129693,0.138225,0.938272,0.380546,0.49499,0.376633,0.875536,0.212425,5.03791,0.293233,0,0.105006,115.745,36.317,144.865,0.105006,-9.45083,36.533064380288124,-2.5758304595947266,5.84228,12.739999771118164,,,,,,,1016,6.471337579,1016,6.471337579,,,,,,,,,,,,,,,,,,,"Mookie Betts","13611",605141
"Yordan Alvarez","HOU",141,609,523,157,86,33,2,36,92,105,72,11,103,10,5,0,,3,0,0.30038,0.117455,0.169657,0.692308,0.391517,0.576046,0.405831,0.967563,0.275665,3.43911,0.31202,0,-0.642781,118.124,46.8848,170.806,-0.642781,0,48.696277022361755,-12.925000190734863,5.79105,17.09000015258789,,,,,,,1053.4,7.470921985,1053.4,7.470921985,,,,,,,,,,,,,,,,,,,"Yordan Alvarez","19556",670541
"José Ramírez","CLE",156,672,597,161,90,38,3,30,98,103,65,17,81,3,7,0,,28,5,0.270364,0.0969231,0.12,0.807692,0.341538,0.495667,0.349971,0.837206,0.225303,6.01668,0.266247,0,2.37134,100.131,21.522,131.211,2.37134,4.31892,26.36945867538452,6.118920207023621,5.6689,4.96999979019165,,,,,,,957.1,6.13525641,957.1,6.13525641,,,,,,,,,,,,,,,,,,,"Jose Ramirez","13510",608070
"Cal Raleigh","SEA",146,584,518,119,63,24,1,31,72,89,57,2,158,4,4,0,,3,1,0.230277,0.0982987,0.270321,0.363636,0.310019,0.460554,0.330496,0.770573,0.230277,3.08592,0.264901,0,-0.751618,77.8385,9.54671,122.648,-0.751618,9.9792,14.377086102962494,17.329200267791748,5.28447,85.93000030517578,,,,,,,701,4.801369863,701,4.801369863,,,,,,,,,,,,,,,,,,,"Cal Raleigh","21534",663728
"Ronald Acuña Jr.","ATL",128,553,471,139,84,26,2,26,106,78,70,2,104,9,3,0,,36,8,0.293991,0.126143,0.1883,0.669903,0.393053,0.525751,0.39435,0.918804,0.23176,6.88374,0.326471,0,2.73472,102.152,37.4635,153.898,2.73472,-1.10455,38.376654624938965,-7.429545283317566,5.09805,35.279998779296875,,,,,,,921.6,7.2,921.6,7.2,,,,,,,,,,,,,,,,,,,"Ronald Acuna Jr.","18401",660670
"Trea Turner","PHI",156,672,622,179,120,33,2,24,101,85,41,1,129,6,3,0,,24,3,0.287273,0.0606061,0.191919,0.315789,0.335017,0.461818,0.343647,0.796835,0.174545,5.92479,0.327751,0,2.07334,96.7107,18.1015,120.375,2.07334,0.464239,18.446157217025757,7.664238631725311,5.0078,24.399999618530273,,,,,,,891.3,5.713461538,891.3,5.713461538,,,,,,,,,,,,,,,,,,,"Trea Turner","16252",607208
"Corey Seager","TEX",126,546,482,136,81,26,1,28,74,83,55,9,93,5,4,0,,1,1,0.281314,0.101449,0.17029,0.595745,0.358696,0.511294,0.368112,0.869989,0.229979,2.31274,0.295393,0,-1.24887,89.329,25.459,142.746,-1.24887,0.9,25.456085085868835,4.7499998807907104,4.99939,47.40999984741211,,,,,,,803,6.373015873,803,6.373015873,,,,,,,,,,,,,,,,,,,"Corey Seager","13624",608369
"Michael Harris II","ATL",143,616,573,168,110,32,4,22,86,82,33,2,123,7,3,0,,16,6,0.293666,0.0535714,0.2,0.267857,0.3375,0.479846,0.350392,0.817347,0.18618,5.60403,0.339286,0,-0.0908783,91.9958,19.9373,124.311,-0.0908783,7.70032,17.817342035472393,9.900321245193481,4.9812,40.380001068115234,,,,,,,823.8,5.76083916,823.8,5.76083916,,,,,,,,,,,,,,,,,,,"Michael Harris II","25931",671739
"Elly De La Cruz","CIN",154,665,598,157,91,32,9,25,104,88,61,2,198,4,1,1,,54,13,0.262982,0.0918675,0.298193,0.308081,0.334842,0.472362,0.347151,0.807203,0.20938,8.63872,0.352,0,4.32599,97.579,19.7886,116.849,4.32599,1.0125,17.7241473197937,8.137500047683716,4.95803,4.590000152587891,,,,,,,921.5,5.983766233,921.5,5.983766233,,,,,,,,,,,,,,,,,,,"Elly De La Cruz","26668",682829
"Austin Riley","ATL",157,679,606,166,98,34,2,33,96,99,56,1,165,10,7,0,,1,0,0.274583,0.0827815,0.243377,0.340136,0.342715,0.499072,0.360215,0.841788,0.22449,2.99906,0.322493,0,-1.06167,106.773,27.3449,130.923,-1.06167,-1.45916,24.046610593795776,0.9658428430557251,4.91848,29.829999923706055,,,,,,,943.7,6.010828025,943.7,6.010828025,,,,,,,,,,,,,,,,,,,"Austin Riley","18360",663586
"Jackson Merrill","SDP",154,665,615,173,114,30,6,23,85,94,39,2,110,1,6,4,,17,4,0.281081,0.0583333,0.165,0.353535,0.322148,0.461261,0.335251,0.783409,0.18018,5.72056,0.306818,0,0.331073,91.2098,13.4193,118.99,0.331073,6.6825,15.432399034500122,9.057499885559082,4.81636,26.360000610351562,,,,,,,832.3,5.404545454,832.3,5.404545454,,,,,,,,,,,,,,,,,,,"Jackson Merrill","29490",701538
"Bryce Harper","PHI",154,665,568,162,90,41,0,31,96,98,87,12,146,4,5,1,,9,4,0.284232,0.131206,0.219858,0.596774,0.380107,0.518672,0.380598,0.898779,0.23444,3.27762,0.330357,0,-0.876804,115.481,37.6903,145.245,-0.876804,0.675206,35.102787137031555,-11.399793684482574,4.73509,22.760000228881836,,,,,,,1028.4,6.677922077,1028.4,6.677922077,,,,,,,,,,,,,,,,,,,"Bryce Harper","11579",547180
"Riley Greene","DET",151,651,576,154,97,29,6,23,90,82,68,2,166,5,2,0,,6,2,0.268,0.104425,0.254867,0.409722,0.348673,0.458,0.349073,0.806673,0.19,4.88915,0.337278,0,-1.09969,96.5315,20.3788,130.526,-1.09969,8.89021,21.638675570487976,2.215214252471924,4.70485,110.26000213623047,,,,,,,845.7,5.600662251,845.7,5.600662251,,,,,,,,,,,,,,,,,,,"Riley Greene","25976",682985
"Andrés Giménez","TOR",147,637,575,154,109,28,3,14,71,73,32,2,108,21,4,4,,27,4,0.266788,0.0508197,0.168852,0.300971,0.326733,0.397459,0.31684,0.724192,0.130672,6.05526,0.305239,0,2.47744,77.93,3.41496,108.01,2.47744,13.3842,8.315844535827637,15.709183931350708,4.67432,169,,,,,,,716.4,4.873469387,716.4,4.873469387,,,,,,,,,,,,,,,,,,,"Andres Gimenez","19950",665926
"Vladimir Guerrero Jr.","TOR",157,679,597,174,108,35,0,31,93,101,72,8,96,6,3,0,,4,2,0.290598,0.106767,0.141353,0.755319,0.371429,0.502564,0.37342,0.873993,0.211966,2.50145,0.301724,0,-1.42047,113.99,34.5614,147.81,-1.42047,-1.84275,35.72418987751007,-13.517750263214111,4.6311,13.09000015258789,,,,,,,1006.3,6.40955414,1006.3,6.40955414,,,,,,,,,,,,,,,,,,,"Vladimir Guerrero Jr.","19611",665489
"Matt Chapman","SFG",157,679,595,143,81,34,2,26,91,77,72,2,177,8,5,0,,10,2,0.240918,0.105528,0.261307,0.403846,0.328308,0.437859,0.332158,0.766167,0.196941,4.88,0.295977,0,-0.121764,91.4396,12.0115,115.199,-0.121764,7.31137,12.218879498541355,9.736374616622925,4.60274,128.3800048828125,,,,,,,813.6,5.182165605,813.6,5.182165605,,,,,,,,,,,,,,,,,,,"Matt Chapman","16505",656305
"Freddie Freeman","LAD",154,665,576,171,109,37,2,23,100,93,74,10,106,10,5,0,,11,2,0.297597,0.112,0.16,0.7,0.384,0.491682,0.374399,0.875682,0.194085,4.62318,0.32783,0,-0.17823,112.163,34.3728,143.361,-0.17823,0,34.30332204699516,-12.024999618530273,4.58796,26.43000030517578,,,,,,,983.8,6.388311688,983.8,6.388311688,,,,,,,,,,,,,,,,,,,"Freddie Freeman","5361",518692
"Gabriel Moreno","ARI",128,507,450,128,93,25,1,10,56,60,49,1,83,4,4,0,,5,1,0.284848,0.0967742,0.163979,0.590164,0.357527,0.409091,0.336263,0.766618,0.124242,3.52277,0.328302,0,-0.602337,70.0071,10.6525,114.36,-0.602337,10.2397,8.110690712928772,19.214683532714844,4.56718,186.86000061035156,,,,,,,604.7,4.72421875,604.7,4.72421875,,,,,,,,,,,,,,,,,,,"Gabriel Moreno","22664",672515
"Adley Rutschman","BAL",146,586,513,134,86,29,1,17,70,71,65,3,92,3,5,0,,2,0,0.260355,0.110535,0.157168,0.703297,0.343696,0.422091,0.333256,0.765787,0.161736,2.89996,0.284653,0,-0.78562,79.4602,10.8877,120.834,-0.78562,5.1684,13.188284277915955,11.318400382995605,4.54917,63.43000030517578,,,,,,,694.8,4.758904109,694.8,4.758904109,,,,,,,,,,,,,,,,,,,"Adley Rutschman","26288",668939
"Dansby Swanson","CHC",157,679,611,150,98,29,2,20,88,79,61,1,166,3,3,0,,15,3,0.244936,0.0895522,0.243781,0.367347,0.315091,0.399632,0.312428,0.714723,0.154696,5.02324,0.301837,0,0.288676,80.6572,1.22913,102.498,0.288676,11.7317,2.3166780173778534,19.00668478012085,4.53748,174.72000122070312,,,,,,,724.6,4.615286624,724.6,4.615286624,,,,,,,,,,,,,,,,,,,"Dansby Swanson","18314",621020
"William Contreras","MIL",156,626,552,149,95,31,1,22,84,83,68,3,134,3,2,0,,7,1,0.27,0.109347,0.213404,0.512397,0.352734,0.45,0.348144,0.802734,0.18,3.8737,0.31856,0,-0.41217,92.4155,19.1404,123.619,-0.41217,-0.5472,17.279739797115326,5.45279997587204,4.50211,24.43000030517578,,,,,,,808.3,5.181410256,808.3,5.181410256,,,,,,,,,,,,,,,,,,,"William Contreras","20503",661388
"Brent Rooker","ATH",151,651,576,154,85,26,2,41,84,111,63,3,189,8,4,0,,9,2,0.268199,0.0966102,0.289831,0.333333,0.345763,0.534483,0.37354,0.880245,0.266284,4.11692,0.323899,0,-0.330098,109.352,33.1991,150.517,-0.330098,0,37.298941880464554,-15.675000190734863,4.47455,66.26000213623047,,,,,,,983.1,6.510596026,983.1,6.510596026,,,,,,,,,,,,,,,,,,,"Brent Rooker","19627",667670
"Carlos Correa","MIN",130,560,491,133,85,27,1,20,74,72,60,3,107,5,5,0,,0,0,0.271889,0.107071,0.191919,0.557895,0.353535,0.456221,0.349706,0.809757,0.184332,1.93779,0.307692,0,-1.15182,83.3233,17.8155,130.457,-1.15182,1.6679,18.363584637641907,6.167895674705505,4.46153,242.02999877929688,,,,,,,720.8,5.544615384,720.8,5.544615384,,,,,,,,,,,,,,,,,,,"Carlos Correa","14162",621043
"Marcus Semien","TEX",154,665,598,149,93,30,3,23,96,82,62,1,103,3,3,0,,9,2,0.249169,0.0925373,0.155224,0.596154,0.320896,0.423588,0.323801,0.744484,0.174419,5.05212,0.26569,0,-0.255098,85.081,7.29063,111.576,-0.255098,9.42686,8.553035616874695,11.601857900619507,4.37103,104.12000274658203,,,,,,,763.2,4.955844155,763.2,4.955844155,,,,,,,,,,,,,,,,,,,"Marcus Semien","12533",543760
"Kyle Tucker","CHC",154,665,575,151,90,30,1,29,91,96,84,6,102,1,5,0,,22,3,0.262693,0.125954,0.152672,0.825,0.354962,0.472406,0.354906,0.827368,0.209713,5.00174,0.271186,0,1.95476,101.73,23.9394,131.088,1.95476,1.81414,26.676552414894104,-6.510856866836548,4.36977,8.739999771118164,,,,,,,924.3,6.001948051,924.3,6.001948051,,,,,,,,,,,,,,,,,,,"Kyle Tucker","18345",663656
"Wyatt Langford","TEX",141,609,544,147,87,31,5,24,87,89,56,2,121,5,3,0,,20,4,0.269811,0.0927487,0.198988,0.466102,0.342327,0.475472,0.351598,0.817799,0.20566,6.20769,0.306122,0,1.07973,91.5414,20.3018,131.129,1.07973,5.29774,22.771224975585938,-1.0272550582885742,4.34234,43.93000030517578,,,,,,,833,5.907801418,833,5.907801418,,,,,,,,,,,,,,,,,,,"Wyatt Langford","33333",694671
"Willy Adames","SFG",156,672,601,148,86,36,1,24,81,86,65,2,155,2,4,0,,14,3,0.246101,0.096124,0.231008,0.416107,0.31938,0.429809,0.324427,0.749189,0.183709,4.40899,0.290954,0,0.25065,86.3157,7.70643,109.995,0.25065,3.888,8.282802373170853,11.087999820709229,4.31175,95.5999984741211,,,,,,,782.7,5.017307692,782.7,5.017307692,,,,,,,,,,,,,,,,,,,"Willy Adames","15986",642715
"Ketel Marte","ARI",147,637,558,151,89,32,3,27,89,91,67,4,115,6,7,0,,7,1,0.270378,0.10453,0.181185,0.576923,0.350174,0.483101,0.35626,0.833276,0.212724,4.44649,0.293963,0,-0.352723,98.1408,23.6258,127.82,-0.352723,-1.1952,20.838231593370438,-0.5202000141143799,4.2892,32.40999984741211,,,,,,,880.8,5.991836734,880.8,5.991836734,,,,,,,,,,,,,,,,,,,"Ketel Marte","13613",606466
"Manny Machado","SDP",151,651,593,158,99,30,1,28,82,100,52,6,125,1,5,0,,9,2,0.266304,0.0792079,0.191419,0.413793,0.323432,0.461957,0.334642,0.785389,0.195652,3.90943,0.291566,0,-0.295947,88.9706,12.8178,118.581,-0.295947,3.07686,14.168473362922668,4.201858997344971,4.1362,38.220001220703125,,,,,,,818.2,5.418543046,818.2,5.418543046,,,,,,,,,,,,,,,,,,,"Manny Machado","11493",592518
"Patrick Bailey","SFG",128,506,455,107,72,21,1,12,55,53,43,0,122,2,5,1,,4,0,0.234987,0.084507,0.241784,0.349515,0.301176,0.365535,0.293411,0.666712,0.130548,3.66106,0.291971,0,-0.215236,52.3204,-6.82372,89.119,-0.215236,20.1278,-6.793883949518204,30.002761840820312,4.13585,305.8399963378906,,,,,,,466.2,3.6421875,466.2,3.6421875,,,,,,,,,,,,,,,,,,,"Patrick Bailey","27478",672275
"Isaac Paredes","HOU",141,609,521,126,73,26,1,25,69,92,69,1,100,14,4,0,,1,1,0.242188,0.113712,0.16388,0.693878,0.344482,0.443359,0.343691,0.787841,0.201172,2.13358,0.251908,0,-1.43853,87.6658,16.4261,127.095,-1.43853,-0.463618,17.441888451576233,1.7113815248012543,4.07478,192.08999633789062,,,,,,,748.8,5.310638297,748.8,5.310638297,,,,,,,,,,,,,,,,,,,"Isaac Paredes","20036",670623
"Steven Kwan","CLE",156,672,593,168,128,26,5,9,94,62,68,1,63,5,3,2,,17,4,0.282847,0.101449,0.0933978,1.08621,0.360258,0.388686,0.331427,0.748945,0.105839,5.66952,0.303093,0,0.129721,90.1017,11.4925,118.167,0.129721,9.88663,14.098269894719124,2.6866283416748047,4.04708,147.36000061035156,,,,,,,776.4,4.976923076,776.4,4.976923076,,,,,,,,,,,,,,,,,,,"Steven Kwan","24610",680757
"Jazz Chisholm Jr.","NYY",141,609,549,138,86,22,3,26,79,92,51,3,153,4,3,1,,35,9,0.251004,0.0833333,0.251812,0.330935,0.317604,0.447791,0.329081,0.765396,0.196787,6.43672,0.298817,0,2.39782,80.5044,9.26476,115.266,2.39782,3.05019,13.03577470779419,5.225193977355957,3.98263,22.760000228881836,,,,,,,755.4,5.357446808,755.4,5.357446808,,,,,,,,,,,,,,,,,,,"Jazz Chisholm Jr.","20454",665862
"Mike Trout","LAA",120,518,443,115,61,22,3,29,75,80,65,6,139,8,2,0,,8,2,0.258993,0.126154,0.267692,0.471264,0.363077,0.517986,0.374576,0.881063,0.258993,5.15012,0.310345,0,-0.0580163,87.4428,26.8482,145.503,-0.0580163,-0.140684,26.911681689321995,-6.190683931112289,3.9234,118.0999984741211,,,,,,,783.1,6.525833333,783.1,6.525833333,,,,,,,,,,,,,,,,,,,"Mike Trout","10155",545361
"Xander Bogaerts","SDP",149,644,579,152,108,27,1,15,75,69,52,1,115,6,7,0,,13,2,0.262295,0.0810313,0.178637,0.453608,0.325967,0.393443,0.31468,0.71941,0.131148,4.49536,0.299479,0,0.347429,77.6667,2.3328,105.144,0.347429,5.4766,4.309095591306686,11.626605033874512,3.86068,154.8300018310547,,,,,,,690.3,4.632885906,690.3,4.632885906,,,,,,,,,,,,,,,,,,,"Xander Bogaerts","12161",593428
"Jordan Westburg","BAL",133,574,523,134,81,30,4,19,76,78,38,0,132,9,2,1,,8,2,0.256303,0.0670498,0.229885,0.291667,0.316699,0.436975,0.326681,0.753673,0.180672,5.4069,0.307918,0,-0.366641,74.7691,7.6237,116.209,-0.366641,6.36937,10.279035538434982,7.619365692138672,3.82468,90.23999786376953,,,,,,,666.4,5.010526315,666.4,5.010526315,,,,,,,,,,,,,,,,,,,"Jordan Westburg","27815",676059
"Will Smith","LAD",126,501,430,108,68,20,2,18,67,67,52,4,91,11,8,0,,2,0,0.251586,0.103448,0.181488,0.57,0.341198,0.433404,0.33467,0.774602,0.181818,3.54892,0.273481,0,-0.64097,68.4815,9.87553,116.621,-0.64097,1.47273,9.316475093364716,10.322727680206299,3.75136,104.93000030517578,,,,,,,606.2,4.811111111,606.2,4.811111111,,,,,,,,,,,,,,,,,,,"Will Smith","19197",669257
"Nico Hoerner","CHC",130,560,510,140,103,26,3,8,71,54,37,2,61,10,3,0,,25,5,0.275311,0.066343,0.108414,0.61194,0.334951,0.385435,0.31641,0.720387,0.110124,6.19501,0.297959,0,2.06657,68.316,2.8083,105.178,2.06657,10.1388,5.533736944198608,12.138775825500488,3.75116,202.41000366210938,,,,,,,616.2,4.74,616.2,4.74,,,,,,,,,,,,,,,,,,,"Nico Hoerner","21479",663538
"Anthony Volpe","NYY",157,679,612,146,89,35,5,17,85,77,54,1,157,8,4,1,,27,6,0.239243,0.0790698,0.231008,0.342282,0.307453,0.395869,0.306848,0.703323,0.156627,6.63919,0.292857,0,1.72787,77.6079,-1.8202,99.6278,1.72787,4.34203,1.4387031495571136,11.617026329040527,3.68604,140.91000366210938,,,,,,,715.9,4.559872611,715.9,4.559872611,,,,,,,,,,,,,,,,,,,"Anthony Volpe","27647",683011
"Zach Neto","LAA",130,560,497,125,74,29,1,21,71,76,38,1,126,19,2,3,,23,7,0.252033,0.0685921,0.225632,0.304,0.328494,0.443089,0.335558,0.771583,0.191057,5.43737,0.295977,0,0.754921,76.9467,11.439,118.057,0.754921,-1.944,12.3252432346344,4.056000113487244,3.6198,199.02999877929688,,,,,,,685.3,5.271538461,685.3,5.271538461,,,,,,,,,,,,,,,,,,,"Zach Neto","31347",687263
"Alex Bregman","BOS",157,679,599,151,95,30,2,24,87,89,67,1,88,8,5,0,,2,1,0.252269,0.0992,0.1296,0.765432,0.3328,0.430127,0.332024,0.762927,0.177858,3.14679,0.258278,0,-1.33446,91.3663,11.9382,111.547,-1.33446,2.30765,7.636996746063232,4.7326500415802,3.61518,118.70999908447266,,,,,,,796.6,5.07388535,796.6,5.07388535,,,,,,,,,,,,,,,,,,,"Alex Bregman","17678",608324
"Tommy Edman","LAD",141,609,556,141,94,30,3,14,83,69,42,1,107,5,4,3,,26,3,0.253521,0.0685225,0.175589,0.390244,0.309677,0.394366,0.306691,0.704044,0.140845,6.654,0.28869,0,3.05869,69.5301,-1.70953,97.7893,3.05869,10.6323,1.4487299919128418,12.857316493988037,3.572,175.39999389648438,,,,,,,651.3,4.619148936,651.3,4.619148936,,,,,,,,,,,,,,,,,,,"Tommy Edman","19470",669242
"Ian Happ","CHC",156,672,583,145,85,35,2,23,87,86,78,2,163,6,4,0,,12,3,0.249091,0.116719,0.242902,0.480519,0.342271,0.436364,0.338834,0.778635,0.187273,4.49722,0.304233,0,-0.277727,94.108,15.4988,120.271,-0.277727,3.34125,16.01166382431984,-3.858750343322754,3.5663,130.77999877929688,,,,,,,824.5,5.28525641,824.5,5.28525641,,,,,,,,,,,,,,,,,,,"Ian Happ","17919",664023
"Bo Bichette","TOR",144,623,582,164,114,32,1,17,77,77,35,1,119,3,2,0,,10,3,0.28125,0.0565693,0.191606,0.295238,0.324818,0.427734,0.32626,0.752552,0.146484,4.21761,0.327411,0,-0.528313,80.9407,8.06336,114.637,-0.528313,-2.83819,9.905225932598114,3.8368113040924072,3.56412,119.36000061035156,,,,,,,719.3,4.995138888,719.3,4.995138888,,,,,,,,,,,,,,,,,,,"Bo Bichette","19612",666182
"Mark Vientos","NYM",154,665,603,151,89,28,2,31,78,102,51,1,201,6,5,0,,0,0,0.25,0.0767857,0.301786,0.254438,0.3125,0.458661,0.331394,0.771161,0.208661,2.25397,0.318612,0,-1.14341,89.1453,11.3548,116.231,-1.14341,-1.01102,11.763670682907104,0.3139781951904297,3.53445,104.33999633789062,,,,,,,797.6,5.179220779,797.6,5.179220779,,,,,,,,,,,,,,,,,,,"Mark Vientos","22184",668901
"Jarren Duran","BOS",152,658,599,157,89,39,10,19,92,81,50,1,149,6,2,1,,27,5,0.262069,0.0753532,0.22606,0.333333,0.323899,0.455172,0.335431,0.779072,0.193103,7.82798,0.319048,0,2.14642,90.3448,13.3732,113.944,2.14642,2.35063,12.644623517990112,-0.49936938285827637,3.51971,21.030000686645508,,,,,,,834.2,5.488157894,834.2,5.488157894,,,,,,,,,,,,,,,,,,,"Jarren Duran","24617",680776
"Ezequiel Tovar","COL",159,686,646,171,101,41,4,24,84,94,28,1,180,4,4,3,,7,4,0.264274,0.0414747,0.262673,0.157895,0.297839,0.453507,0.321277,0.751347,0.189233,4.59658,0.328605,0,-1.27976,86.3747,6.12779,92.8032,-1.27976,10.967,-7.183436632156372,18.316973209381104,3.50917,130.39999389648438,,,,,,,777,4.886792452,777,4.886792452,,,,,,,,,,,,,,,,,,,"Ezequiel Tovar","24064",678662
"Matt McLain","CIN",138,595,524,133,78,30,4,21,78,83,59,1,164,10,2,0,,19,7,0.254237,0.0988806,0.276119,0.358108,0.339552,0.449153,0.342446,0.788705,0.194915,6.1029,0.32899,0,-0.0709846,85.0543,15.4523,113.682,-0.0709846,3.01161,9.663563027977943,4.436606526374817,3.50259,92.5199966430664,,,,,,,751.5,5.445652173,751.5,5.445652173,,,,,,,,,,,,,,,,,,,"Matt McLain","29695",680574
"Alejandro Kirk","TOR",110,436,384,101,73,18,0,9,36,49,43,1,52,4,5,0,,0,0,0.262599,0.0981308,0.119159,0.823529,0.338785,0.381963,0.317669,0.720748,0.119363,0.748918,0.279503,0,-0.941536,53.6801,2.63091,108.594,-0.941536,8.0643,3.349644124507904,15.964304447174072,3.49715,256.0299987792969,,,,,,,459.4,4.176363636,459.4,4.176363636,,,,,,,,,,,,,,,,,,,"Alejandro Kirk","22581",672386
"Nolan Arenado","STL",152,658,598,158,104,32,1,20,69,87,48,3,96,6,7,0,,2,2,0.263757,0.0724138,0.146552,0.494118,0.32069,0.42315,0.320974,0.74384,0.159393,2.41636,0.281395,0,-1.68287,82.6884,5.71684,107.172,-1.68287,5.76861,3.9601237773895264,7.5186086893081665,3.44852,229.36000061035156,,,,,,,733.5,4.825657894,733.5,4.825657894,,,,,,,,,,,,,,,,,,,"Nolan Arenado","9777",571448
"Corbin Carroll","ARI",156,672,582,149,91,26,11,21,111,88,69,1,136,12,5,3,,35,6,0.25614,0.103343,0.202128,0.511278,0.345038,0.449123,0.344309,0.794161,0.192982,8.43815,0.296912,0,3.1088,97.0692,18.4599,119.776,3.1088,-1.33011,19.000114917755127,-8.030104994773865,3.44413,8.3100004196167,,,,,,,880.6,5.644871794,880.6,5.644871794,,,,,,,,,,,,,,,,,,,"Corbin Carroll","25878",682998
"Pete Crow-Armstrong","CHC",133,574,524,130,84,22,7,16,82,73,32,2,149,9,3,6,,33,6,0.24898,0.0558659,0.258845,0.215827,0.301318,0.412245,0.307995,0.713563,0.163265,8.42713,0.315634,0,3.05955,66.1363,-1.00912,99.5137,3.05955,9.27926,2.7257655262947083,11.329264402389526,3.4257,134.66000366210938,,,,,,,627,4.714285714,627,4.714285714,,,,,,,,,,,,,,,,,,,"Pete Crow-Armstrong","27769",691718
"Matt Olson","ATL",159,686,594,150,81,35,1,34,89,106,81,6,160,6,5,0,,1,0,0.252205,0.117557,0.233588,0.503268,0.345038,0.483245,0.353953,0.828283,0.231041,2.39824,0.286822,0,-1.06349,104.416,24.169,126.708,-1.06349,1.56671,20.845813870429993,-10.683289527893066,3.40889,35.400001525878906,,,,,,,935.7,5.88490566,935.7,5.88490566,,,,,,,,,,,,,,,,,,,"Matt Olson","14344",621566
"Anthony Santander","TOR",156,672,602,150,78,34,1,37,85,105,58,2,138,7,5,0,,2,1,0.249558,0.0855784,0.206022,0.415385,0.320127,0.495575,0.34771,0.815702,0.246018,2.66926,0.261728,0,-1.11482,98.9085,20.2992,129.725,-1.11482,-1.33079,21.74099600315094,-11.180792331695557,3.40421,103.94999694824219,,,,,,,886.1,5.680128205,886.1,5.680128205,,,,,,,,,,,,,,,,,,,"Anthony Santander","14551",623993
"Byron Buxton","MIN",117,504,455,112,55,29,3,25,78,74,36,1,142,11,3,0,,8,1,0.247059,0.071618,0.281167,0.254717,0.31565,0.491176,0.344546,0.806826,0.244118,5.87917,0.299539,0,0.271467,72.8979,13.941,126.827,0.271467,3.27411,15.742306977510452,0.2741055488586426,3.38932,235.5,,,,,,,661.8,5.656410256,661.8,5.656410256,,,,,,,,,,,,,,,,,,,"Byron Buxton","14161",621439
"Brenton Doyle","COL",154,665,608,154,100,25,5,23,87,87,42,1,189,5,6,4,,27,5,0.252485,0.0636364,0.283636,0.224359,0.303474,0.423459,0.313441,0.726933,0.170974,6.68535,0.324324,0,2.20658,79.5363,1.74592,87.5288,2.20658,15.7246,-7.710645437240601,18.099565505981445,3.36005,76.02999877929688,,,,,,,749.9,4.869480519,749.9,4.869480519,,,,,,,,,,,,,,,,,,,"Brenton Doyle","25479",686668
"Brandon Lowe","TBR",123,532,472,114,64,24,1,25,72,78,50,1,139,7,2,0,,6,1,0.24173,0.0948081,0.261851,0.362069,0.322799,0.458015,0.337165,0.780814,0.216285,4.35395,0.286822,0,-0.233274,73.7872,11.5549,125.009,-0.233274,-1.41676,14.990463018417358,-0.21676361560821533,3.35737,224.72000122070312,,,,,,,656.3,5.335772357,656.3,5.335772357,,,,,,,,,,,,,,,,,,,"Brandon Lowe","18882",664040
"J.P. Crawford","SEA",141,609,527,127,87,27,1,12,76,56,70,0,121,7,3,1,,4,1,0.241525,0.115596,0.198165,0.583333,0.336397,0.366525,0.313883,0.702922,0.125,3.654,0.289326,0,-0.85505,73.055,1.81534,110.962,-0.85505,-1.22074,6.783238112926483,5.304259896278381,3.34505,433.739990234375,,,,,,,616.8,4.374468085,616.8,4.374468085,,,,,,,,,,,,,,,,,,,"J.P. Crawford","15491",641487
"Colton Cowser","BAL",130,560,489,123,78,24,2,19,81,74,58,2,164,9,4,0,,8,3,0.252049,0.103757,0.293381,0.353659,0.339893,0.42623,0.334068,0.766122,0.17418,4.86315,0.33657,0,-0.744966,76.2748,10.7671,121.405,-0.744966,6.34014,12.970362365245819,0.7401437759399414,3.34397,167.24000549316406,,,,,,,667.2,5.132307692,667.2,5.132307692,,,,,,,,,,,,,,,,,,,"Colton Cowser","29591",681297
"Lawrence Butler","ATH",149,644,586,147,90,30,4,24,86,84,52,1,162,1,5,0,,20,2,0.25,0.0807339,0.251376,0.321168,0.310092,0.433468,0.320746,0.743559,0.183468,6.17354,0.303207,0,1.94133,80.8111,5.47727,113.38,1.94133,5.36982,11.800894021987915,-1.3301758766174316,3.29857,64.22000122070312,,,,,,,764,5.127516778,764,5.127516778,,,,,,,,,,,,,,,,,,,"Lawrence Butler","22542",671732
"Rafael Devers","BOS",156,672,592,159,87,37,3,32,95,102,69,13,146,6,4,0,,3,1,0.268603,0.1024,0.2176,0.470588,0.3488,0.504537,0.35968,0.853337,0.235935,3.67212,0.303342,0,-0.969887,105.383,26.7733,131.001,-0.969887,-3.18414,22.86725163459778,-13.43413782119751,3.2878,39.15999984741211,,,,,,,951.5,6.099358974,951.5,6.099358974,,,,,,,,,,,,,,,,,,,"Rafael Devers","17350",646240
"James Wood","WSN",139,602,529,140,85,30,5,20,83,78,68,2,163,3,2,0,,18,6,0.264479,0.113559,0.271186,0.41875,0.350847,0.455598,0.349416,0.806446,0.19112,6.01738,0.344118,0,-0.0222377,89.4323,19.0114,125.211,-0.0222377,0.910511,18.12687309831381,-6.439489424228668,3.27748,55.86000061035156,,,,,,,788.9,5.675539568,788.9,5.675539568,,,,,,,,,,,,,,,,,,,"James Wood","29518",695578
"J.T. Realmuto","PHI",126,501,453,117,74,23,3,17,61,62,35,2,124,9,3,0,,8,3,0.2575,0.0701357,0.246606,0.284404,0.321267,0.435,0.326501,0.756267,0.1775,5.11426,0.315412,0,-0.702813,65.1875,6.58149,108.834,-0.702813,1.33761,4.589890956878662,10.187615156173706,3.24925,140.86000061035156,,,,,,,584.6,4.639682539,584.6,4.639682539,,,,,,,,,,,,,,,,,,,"J.T. Realmuto","11739",592663
"Luis Robert Jr.","CHW",151,651,600,149,89,33,0,27,83,87,39,4,185,9,3,0,,25,5,0.248337,0.0593047,0.284254,0.208633,0.302658,0.436807,0.317668,0.739466,0.18847,5.02795,0.312925,0,1.85147,80.0768,3.92404,106.734,1.85147,2.88,6.867296099662781,2.6049997806549072,3.21955,87.02999877929688,,,,,,,761.4,5.042384105,761.4,5.042384105,,,,,,,,,,,,,,,,,,,"Luis Robert Jr.","20043",673357
"Brandon Nimmo","NYM",131,567,490,123,79,23,4,17,76,65,64,0,126,10,3,1,,8,1,0.251397,0.11254,0.221865,0.507246,0.347826,0.418994,0.337413,0.76682,0.167598,5.43567,0.302872,0,0.0629595,78.755,12.4284,120.282,0.0629595,5.85038,13.81483056396246,-1.5246167182922363,3.21936,192.22000122070312,,,,,,,682.5,5.209923664,682.5,5.209923664,,,,,,,,,,,,,,,,,,,"Brandon Nimmo","12927",607043
"Oneil Cruz","PIT",146,630,568,144,84,30,4,26,86,86,56,4,180,3,3,0,,21,3,0.253308,0.088586,0.286201,0.309524,0.321976,0.457467,0.33394,0.779443,0.204159,6.37964,0.323529,0,1.89629,85.7445,12.0483,111.844,1.89629,-2.54571,10.819350838661194,-0.6957143545150757,3.21227,40,,,,,,,801.1,5.486986301,801.1,5.486986301,,,,,,,,,,,,,,,,,,,"Oneil Cruz","21711",665833
"Jacob Wilson","ATH",128,553,508,145,97,36,3,9,78,60,29,0,50,9,3,3,,2,2,0.285714,0.053125,0.090625,0.586207,0.333333,0.421769,0.328501,0.755102,0.136054,3.83776,0.301527,0,-1.41813,72.8436,8.15474,118.835,-1.41813,-3.77377,10.499675035476685,2.151231050491333,3.21043,338.45001220703125,,,,,,,622.3,4.86171875,622.3,4.86171875,,,,,,,,,,,,,,,,,,,"Jacob Wilson","33266",805779
"Jeremy Peña","HOU",157,679,625,161,114,28,2,16,82,74,36,1,129,11,4,2,,16,5,0.256993,0.0531401,0.190016,0.279661,0.306947,0.388112,0.303384,0.695059,0.131119,5.08493,0.297968,0,-0.193887,75.7149,-3.71325,98.7427,-0.193887,2.21472,-1.1707280427217484,9.48972487449646,3.19684,161.89999389648438,,,,,,,677,4.31210191,677,4.31210191,,,,,,,,,,,,,,,,,,,"Jeremy Pena","21636",665161
"Pete Alonso","NYM",154,665,576,140,79,27,1,34,85,103,70,7,153,14,5,0,,4,0,0.243772,0.104777,0.229584,0.456376,0.337442,0.469751,0.345567,0.807193,0.225979,3.41553,0.27013,0,-0.409501,96.7312,18.9408,125.771,-0.409501,0.767368,20.08354490995407,-11.35763156414032,3.18829,49.209999084472656,,,,,,,871.2,5.657142857,871.2,5.657142857,,,,,,,,,,,,,,,,,,,"Pete Alonso","19251",624413
"Masyn Winn","STL",154,665,608,154,104,30,5,15,91,74,46,1,121,3,5,3,,14,4,0.253425,0.0688576,0.181534,0.37931,0.306604,0.392123,0.303917,0.698727,0.138699,5.9765,0.291939,0,-0.179331,74.4388,-3.35165,95.6914,-0.179331,5.16514,-3.6056162416934967,12.29013729095459,3.18402,151.33999633789062,,,,,,,673.3,4.372077922,673.3,4.372077922,,,,,,,,,,,,,,,,,,,"Masyn Winn","27479",691026
"Daulton Varsho","TOR",133,574,516,115,64,24,4,23,76,75,50,1,142,4,2,1,,12,3,0.223158,0.0871212,0.248106,0.351145,0.296015,0.418947,0.309718,0.714963,0.195789,5.89982,0.261538,0,0.144151,66.9326,-0.212835,103.001,0.144151,7.62434,2.1150765120983124,9.074340105056763,3.13179,320.5899963378906,,,,,,,613,4.609022556,613,4.609022556,,,,,,,,,,,,,,,,,,,"Daulton Varsho","19918",662139
"Gleyber Torres","DET",152,658,582,151,105,28,1,18,78,64,66,0,117,3,6,1,,8,4,0.260177,0.100157,0.178404,0.561404,0.335423,0.40177,0.323672,0.737193,0.141593,3.61316,0.295455,0,-1.3941,84.1174,7.14588,112.659,-1.3941,-2.1178,8.136723518371582,0.23219871520996094,3.1297,229.0500030517578,,,,,,,730.7,4.807236842,730.7,4.807236842,,,,,,,,,,,,,,,,,,,"Gleyber Torres","16997",650402
"Christian Walker","HOU",149,644,564,131,72,27,1,30,80,97,64,3,152,9,7,0,,5,1,0.231884,0.0996377,0.235507,0.423077,0.317029,0.445135,0.327859,0.762164,0.213251,3.47388,0.258258,0,-0.662529,84.4978,9.16392,115.958,-0.662529,9.05727,11.096751272678375,-2.542727470397949,3.10061,101.73999786376953,,,,,,,761.3,5.109395973,761.3,5.109395973,,,,,,,,,,,,,,,,,,,"Christian Walker","13419",572233
"Jose Altuve","HOU",152,658,595,161,108,32,0,21,96,77,54,2,113,7,2,0,,16,5,0.270833,0.0821918,0.171233,0.48,0.337329,0.431818,0.334592,0.769147,0.160985,4.4454,0.301703,0,0.0134034,89.9006,12.929,120.695,0.0134034,-3.66868,15.59418819192797,-7.518676996231079,3.09939,61.209999084472656,,,,,,,796.2,5.238157894,796.2,5.238157894,,,,,,,,,,,,,,,,,,,"Jose Altuve","5417",514888
"Ozzie Albies","ATL",152,658,601,157,96,34,4,23,89,92,43,1,106,6,8,0,,13,3,0.261146,0.0658915,0.160853,0.409639,0.313953,0.44586,0.32622,0.759813,0.184713,5.6387,0.279255,0,0.380191,85.4669,8.49531,108.042,0.380191,-1.16146,6.708080619573593,1.188542366027832,3.07857,68.55000305175781,,,,,,,779.1,5.125657894,779.1,5.125657894,,,,,,,,,,,,,,,,,,,"Ozzie Albies","16556",645277
"Alec Bohm","PHI",143,616,561,159,107,35,2,16,71,83,43,1,94,5,7,0,,4,2,0.283906,0.0691928,0.153213,0.451613,0.336079,0.439421,0.335082,0.7755,0.155515,3.37968,0.312639,0,-1.21959,84.4052,12.3468,114.61,-1.21959,-1.85523,9.54255211353302,-0.4052327871322632,3.06226,172.42999267578125,,,,,,,738.7,5.165734265,738.7,5.165734265,,,,,,,,,,,,,,,,,,,"Alec Bohm","21618",664761
"Tyler O'Neill","BAL",110,476,418,104,60,18,1,26,70,70,48,2,146,6,3,0,,6,1,0.249364,0.100671,0.306488,0.328467,0.333333,0.480916,0.349294,0.814249,0.231552,4.64196,0.314894,0,-0.0358977,70.6669,14.9854,132.115,-0.0358977,1.27864,17.455515392124653,-3.721357226371765,3.05721,198.89999389648438,,,,,,,637.3,5.793636363,637.3,5.793636363,,,,,,,,,,,,,,,,,,,"Tyler O'Neill","15711",641933
"Josh Lowe","TBR",125,539,490,128,80,29,2,17,65,67,45,3,161,1,3,0,,27,1,0.261468,0.0833333,0.297917,0.27972,0.322917,0.433486,0.3257,0.756403,0.172018,6.3171,0.352313,0,3.9692,69.7846,6.73345,116.945,3.9692,2.71611,14.419739007949829,-2.858886957168579,3.04966,153.39999389648438,,,,,,,668.6,5.3488,668.6,5.3488,,,,,,,,,,,,,,,,,,,"Josh Lowe","19953",666139
"Yainer Diaz","HOU",143,575,541,151,102,27,2,20,68,83,25,1,103,3,6,0,,1,0,0.279383,0.0434783,0.179348,0.242424,0.311594,0.447013,0.325147,0.758608,0.16763,2.89189,0.309582,0,-0.811387,74.2155,6.92972,114.051,-0.811387,-3.1824,8.436417937278748,1.8176000118255615,3.03932,58.900001525878906,,,,,,,668.2,4.672727272,668.2,4.672727272,,,,,,,,,,,,,,,,,,,"Yainer Diaz","23003",673237
"Teoscar Hernández","LAD",151,651,595,158,99,29,1,30,83,106,46,2,186,7,3,0,,10,3,0.266547,0.0702614,0.285948,0.245714,0.325163,0.468694,0.341219,0.793857,0.202147,3.99183,0.337047,0,-0.561488,92.4168,16.264,121.029,-0.561488,-1.14294,15.80899703502655,-8.117937803268433,3.03327,58.290000915527344,,,,,,,831.2,5.504635761,831.2,5.504635761,,,,,,,,,,,,,,,,,,,"Teoscar Hernandez","13066",606192
"Yandy Díaz","TBR",151,651,576,164,116,32,0,16,74,76,66,1,95,6,3,0,,0,1,0.285429,0.100707,0.146643,0.686747,0.362191,0.42515,0.345246,0.787341,0.139721,1.33924,0.316953,0,-1.93641,94.5267,18.3739,130.694,-1.93641,-1.18961,20.926997900009155,-13.364612221717834,3.0223,197.39999389648438,,,,,,,798.8,5.290066225,798.8,5.290066225,,,,,,,,,,,,,,,,,,,"Yandy Diaz","16578",650490
"Zack Gelof","ATH",146,630,571,133,81,28,2,22,76,76,49,0,200,3,3,2,,25,3,0.232932,0.0783242,0.31694,0.247126,0.296161,0.403614,0.304614,0.699775,0.170683,6.08535,0.314935,0,2.59524,70.8743,-2.82189,102.033,2.59524,1.90662,4.0603814125061035,4.156615495681763,3.01761,214.6699981689453,,,,,,,668.3,4.57739726,668.3,4.57739726,,,,,,,,,,,,,,,,,,,"Zack Gelof","29766",680869
"Bryson Stott","PHI",139,602,542,140,100,25,3,12,71,64,50,1,105,3,6,0,,26,3,0.257367,0.0831858,0.175221,0.474747,0.320354,0.379175,0.306576,0.699529,0.121807,6.02645,0.296296,0,2.61722,68.6752,-1.74557,95.424,2.61722,7.35845,-0.6769442558288574,9.55845046043396,2.98769,175.97999572753906,,,,,,,644.4,4.635971223,644.4,4.635971223,,,,,,,,,,,,,,,,,,,"Bryson Stott","26294",681082
"Sean Murphy","ATL",92,365,319,75,43,17,1,15,40,49,35,1,87,9,2,0,,0,0,0.235616,0.0959233,0.239808,0.4,0.326139,0.432877,0.330648,0.759016,0.19726,1.9307,0.276,0,-0.676636,48.6836,6.00998,111.022,-0.676636,5.48813,4.131715416908264,12.61313247680664,2.98401,240.9499969482422,,,,,,,429,4.663043478,429,4.663043478,,,,,,,,,,,,,,,,,,,"Sean Murphy","19352",669221
"Cody Bellinger","NYY",141,609,548,145,93,27,2,22,84,89,47,5,99,4,10,0,,12,3,0.264,0.0773381,0.161871,0.477778,0.321942,0.442,0.325855,0.763942,0.178,4.96769,0.280702,0,-0.0190114,78.9236,7.68393,112.998,-0.0190114,-0.104318,9.038113733753562,-0.6293181627988815,2.96512,99.12000274658203,,,,,,,727.9,5.162411347,727.9,5.162411347,,,,,,,,,,,,,,,,,,,"Cody Bellinger","15998",641355
"Royce Lewis","MIN",130,560,509,125,74,26,1,23,76,85,44,1,136,3,4,0,,7,3,0.246418,0.078125,0.242188,0.322581,0.307292,0.441261,0.322079,0.748552,0.194842,4.43884,0.288066,0,-0.666737,70.8711,5.36342,111.023,-0.666737,3.16957,6.396546423435211,3.569565176963806,2.95726,129.08999633789062,,,,,,,634.2,4.878461538,634.2,4.878461538,,,,,,,,,,,,,,,,,,,"Royce Lewis","20437",668904
"Brandon Marsh","PHI",125,539,476,119,77,23,5,15,63,67,54,1,166,3,5,1,,16,3,0.25,0.10084,0.308824,0.326531,0.328421,0.409524,0.32194,0.737945,0.159524,6.04325,0.348485,0,0.740191,68.1533,5.10212,105.765,0.740191,6.56526,4.455775737762451,6.090263843536377,2.94293,311,,,,,,,619.6,4.9568,619.6,4.9568,,,,,,,,,,,,,,,,,,,"Brandon Marsh","20202",669016
"Randy Arozarena","SEA",152,658,567,138,86,30,1,21,86,75,69,1,167,18,4,0,,22,10,0.243993,0.105096,0.253185,0.415094,0.342357,0.4122,0.332214,0.754556,0.168207,4.83574,0.306011,0,-1.19909,88.6412,11.6696,123.856,-1.19909,-2.82515,16.76197385787964,-10.375149011611938,2.92499,135.92999267578125,,,,,,,770.7,5.070394736,770.7,5.070394736,,,,,,,,,,,,,,,,,,,"Randy Arozarena","19290",668227
"Jackson Chourio","MIL",149,644,595,160,104,31,3,21,85,90,42,3,134,3,3,1,,29,9,0.268336,0.0644628,0.208264,0.309524,0.317881,0.438283,0.325321,0.756163,0.169946,5.96854,0.3125,0,1.14822,83.1823,7.84843,108.258,1.14822,6.71143,7.5074522495269775,-0.6885709762573242,2.91912,17.020000457763672,,,,,,,770.3,5.169798657,770.3,5.169798657,,,,,,,,,,,,,,,,,,,"Jackson Chourio","28806",694192
"Lars Nootbaar","STL",126,546,466,114,67,25,3,18,72,63,72,2,111,1,6,1,,8,2,0.244444,0.132632,0.204211,0.649485,0.343882,0.432099,0.336987,0.775981,0.187654,4.83451,0.279461,0,-0.410481,75.6507,11.7807,117.95,-0.410481,3.48236,11.30895084142685,-1.3676376342773438,2.90455,261.0299987792969,,,,,,,659.8,5.236507936,659.8,5.236507936,,,,,,,,,,,,,,,,,,,"Lars Nootbaar","21454",663457
"Max Muncy","LAD",126,546,452,97,50,21,1,25,77,76,81,4,144,8,5,0,,2,1,0.214477,0.148559,0.263858,0.563025,0.341463,0.434316,0.337619,0.77578,0.219839,3.42832,0.248945,0,-1.07621,75.9285,12.0585,118.605,-1.07621,-2.457,11.071513652801514,-1.2569999694824219,2.89145,259.6700134277344,,,,,,,660.8,5.244444444,660.8,5.244444444,,,,,,,,,,,,,,,,,,,"Max Muncy","13301",571970
"Cedric Mullins","BAL",130,560,504,121,77,24,3,17,68,67,45,1,111,5,3,2,,27,6,0.240084,0.0808271,0.197368,0.409524,0.307547,0.400835,0.308743,0.708382,0.160752,6.40815,0.274238,0,1.91881,64.8605,-0.647226,103.591,1.91881,3.00522,4.2198545932769775,5.005217552185059,2.88072,212.16000366210938,,,,,,,604.6,4.65076923,604.6,4.65076923,,,,,,,,,,,,,,,,,,,"Cedric Mullins","17929",656775
"Brendan Donovan","STL",134,581,511,143,103,26,2,12,69,63,53,1,76,13,3,1,,4,4,0.280156,0.0907534,0.130137,0.697368,0.360206,0.40856,0.338979,0.768766,0.128405,3.1926,0.307692,0,-2.14278,81.4319,13.4677,119.291,-2.14278,1.51459,11.25969934463501,-3.0104111433029175,2.85017,243.41000366210938,,,,,,,683.8,5.102985074,683.8,5.102985074,,,,,,,,,,,,,,,,,,,"Brendan Donovan","24679",680977
"Xavier Edwards","MIA",136,588,524,151,120,23,4,4,70,51,51,1,80,1,4,8,,32,6,0.287105,0.0867679,0.136659,0.634921,0.349451,0.367397,0.317127,0.716847,0.080292,6.27063,0.33046,0,2.4456,72.0713,3.2882,100.493,2.4456,-0.890243,2.792100340127945,5.209756970405579,2.84869,146.5,,,,,,,648.7,4.769852941,648.7,4.769852941,,,,,,,,,,,,,,,,,,,"Xavier Edwards","22266",669364
"Ha-Seong Kim","TBR",100,434,376,92,63,17,2,9,51,44,48,2,75,3,3,3,,17,4,0.243902,0.111324,0.172745,0.644444,0.332689,0.372506,0.31175,0.705194,0.128603,5.36789,0.279661,0,0.917646,51.3171,0.548583,107.132,0.917646,3.65889,4.459215223789215,8.3088858127594,2.81284,355.2200012207031,,,,,,,458.6,4.586,458.6,4.586,,,,,,,,,,,,,,,,,,,"Ha-Seong Kim","27506",673490
"Shea Langeliers","ATH",128,506,459,107,59,20,2,26,60,76,38,2,138,5,4,0,,3,2,0.232409,0.0754352,0.272727,0.276596,0.295938,0.45629,0.321572,0.752228,0.223881,3.46517,0.268852,0,-0.993836,63.8561,4.6418,113.961,-0.993836,-6.3655,7.092556416988373,3.209496021270752,2.80673,124.63999938964844,,,,,,,583.1,4.55546875,583.1,4.55546875,,,,,,,,,,,,,,,,,,,"Shea Langeliers","25816",669127
"Junior Caminero","TBR",141,609,565,145,96,22,2,25,70,87,37,2,130,5,2,0,,4,2,0.257081,0.0606061,0.214141,0.283019,0.307071,0.43573,0.319882,0.742801,0.178649,3.49069,0.292537,0,-1.32649,75.9957,4.7561,112.853,-1.32649,-2.7216,7.629445314407349,-1.1466001272201538,2.76621,73.23999786376953,,,,,,,685.2,4.859574468,685.2,4.859574468,,,,,,,,,,,,,,,,,,,"Junior Caminero","28163",691406
"Ryan McMahon","COL",147,637,563,138,86,29,1,22,75,75,67,3,179,3,4,0,,4,4,0.244821,0.104825,0.281198,0.372781,0.326123,0.418079,0.323459,0.744202,0.173258,2.86684,0.315942,0,-2.07373,81.3239,6.80882,94.2719,-2.07373,9.52714,-6.436978101730347,11.80214262008667,2.74491,277.0299987792969,,,,,,,712.8,4.848979591,712.8,4.848979591,,,,,,,,,,,,,,,,,,,"Ryan McMahon","15112",641857
"Matt Wallner","MIN",113,490,424,102,54,25,3,20,59,71,49,2,169,15,2,0,,4,1,0.240741,0.0998217,0.345811,0.28866,0.338681,0.454733,0.344208,0.793413,0.213992,4.62447,0.346863,0,-0.397152,70.7395,13.4203,126.589,-0.397152,0.652662,14.51049891114235,-4.597338140010834,2.71079,270.30999755859375,,,,,,,621.6,5.500884955,621.6,5.500884955,,,,,,,,,,,,,,,,,,,"Matt Wallner","26466",670242
"CJ Abrams","WSN",139,602,547,138,87,29,4,18,83,70,35,2,118,14,4,2,,31,8,0.252302,0.0585284,0.195652,0.299145,0.312081,0.41989,0.316974,0.73197,0.167587,6.94644,0.288835,0,1.92303,73.7132,3.29244,103.376,1.92303,-4.7739,4.353140115737915,1.6760973930358887,2.69312,49.04999923706055,,,,,,,685.4,4.930935251,685.4,4.930935251,,,,,,,,,,,,,,,,,,,"CJ Abrams","25768",682928
"Brice Turang","MIL",136,588,531,135,100,23,3,9,69,55,49,1,108,1,3,4,,36,5,0.253788,0.0837607,0.182906,0.457944,0.316695,0.359848,0.298545,0.676544,0.106061,6.47946,0.301205,0,4.02744,63.2774,-5.50574,90.2359,4.02744,5.70065,-2.8380112648010254,9.000648260116577,2.65874,146.8800048828125,,,,,,,597.8,4.395588235,597.8,4.395588235,,,,,,,,,,,,,,,,,,,"Brice Turang","22186",668930
"Jung Hoo Lee","SFG",143,616,564,158,114,30,4,10,63,66,44,3,45,4,1,3,,3,8,0.280488,0.0714286,0.0736607,0.969697,0.336323,0.4,0.321467,0.736323,0.119512,3.30804,0.291105,0,-4.05014,77.6549,5.59645,108.003,-4.05014,0.705743,1.8448848724365234,2.905742645263672,2.60921,227.4499969482422,,,,,,,651.9,4.558741258,651.9,4.558741258,,,,,,,,,,,,,,,,,,,"Jung Hoo Lee","33824",808982
"JJ Bleday","ATH",151,651,570,128,68,33,3,23,77,75,74,1,139,3,2,1,,3,2,0.224371,0.113559,0.213559,0.531746,0.315789,0.415861,0.31931,0.73165,0.191489,3.72206,0.255376,0,-1.37253,80.937,4.78423,112.37,-1.37253,-6.60427,7.841635823249817,-4.279274225234985,2.60919,269.7799987792969,,,,,,,706.9,4.681456953,706.9,4.681456953,,,,,,,,,,,,,,,,,,,"JJ Bleday","26368",668709
"Seiya Suzuki","CHC",130,560,490,133,82,26,4,21,72,72,61,3,139,4,5,0,,11,5,0.270876,0.108734,0.247772,0.438849,0.352941,0.468432,0.353347,0.821373,0.197556,4.97377,0.333333,0,-0.959827,84.9645,19.4568,130.039,-0.959827,-0.237435,19.15582150220871,-12.637434735894203,2.59918,84.5,,,,,,,752.3,5.786923076,752.3,5.786923076,,,,,,,,,,,,,,,,,,,"Seiya Suzuki","30116",673548
"Bo Naylor","CLE",110,435,382,84,48,19,1,15,54,53,48,2,113,2,2,1,,6,2,0.219697,0.110865,0.259423,0.42735,0.308889,0.396465,0.308207,0.705353,0.176768,4.06362,0.267925,0,-0.385268,50.2181,-0.690711,101.833,-0.385268,1.5863,0.5275898873806,10.086303949356079,2.59449,289.45001220703125,,,,,,,446,4.054545454,446,4.054545454,,,,,,,,,,,,,,,,,,,"Bo Naylor","21865",666310
"Kyle Schwarber","PHI",152,658,549,123,64,20,1,38,98,98,99,4,192,6,4,0,,4,2,0.224074,0.149923,0.292117,0.513228,0.346213,0.47037,0.352212,0.816584,0.246296,3.27397,0.264151,0,-1.31049,99.2323,22.2607,126.14,-1.31049,0,19.257587671279907,-16.049999237060547,2.5943,76.23999786376953,,,,,,,877.7,5.774342105,877.7,5.774342105,,,,,,,,,,,,,,,,,,,"Kyle Schwarber","16478",656941
"Trevor Story","BOS",141,609,548,124,73,33,2,17,71,73,50,4,176,8,4,0,,23,6,0.227273,0.081761,0.289308,0.282609,0.298742,0.388112,0.298376,0.686854,0.160839,5.6199,0.299465,0,1.27178,65.4544,-5.78525,87.8791,1.27178,5.60899,-7.174368262290955,11.883986473083496,2.58307,258.8800048828125,,,,,,,614.2,4.356028368,614.2,4.356028368,,,,,,,,,,,,,,,,,,,"Trevor Story","12564",596115
"Taylor Ward","LAA",149,644,565,141,89,27,1,24,79,78,64,0,151,8,7,0,,6,3,0.25,0.1,0.235088,0.425373,0.331579,0.428,0.33108,0.759579,0.178,3.32255,0.296296,0,-1.51807,86.1673,10.8334,114.907,-1.51807,0.753241,9.466383576393127,-5.946758925914764,2.58067,181.52000427246094,,,,,,,753.2,5.055033557,753.2,5.055033557,,,,,,,,,,,,,,,,,,,"Taylor Ward","17548",621493
"Austin Wells","NYY",120,475,418,96,57,22,1,16,51,62,46,0,117,6,4,0,,4,1,0.228792,0.0972851,0.246606,0.394495,0.312217,0.401028,0.31246,0.713246,0.172237,3.45657,0.275093,0,-0.441018,56.4842,0.872863,103.575,-0.441018,-1.3845,1.5037943124771118,6.965500473976135,2.5114,194.74000549316406,,,,,,,500.3,4.169166666,500.3,4.169166666,,,,,,,,,,,,,,,,,,,"Austin Wells","27562",669224
"Jackson Holliday","BAL",109,469,402,93,57,22,2,12,80,54,61,1,123,3,2,0,,7,1,0.230769,0.130288,0.262267,0.496774,0.335025,0.382643,0.318282,0.717668,0.151874,5.84105,0.3,0,0.15502,57.9214,3.05868,110.301,0.15502,1.1256,5.6828723549842834,2.850600004196167,2.496,213.58999633789062,,,,,,,509.3,4.672477064,509.3,4.672477064,,,,,,,,,,,,,,,,,,,"Jackson Holliday","31781",702616
"Nathaniel Lowe","WSN",144,623,551,153,111,22,2,18,70,72,66,1,129,4,2,0,,3,1,0.277467,0.105437,0.207578,0.507937,0.357496,0.424581,0.34313,0.782077,0.147114,2.99517,0.331646,0,-1.21745,89.4,16.5227,120.981,-1.21745,0.0967651,14.412801027297974,-11.028234899044037,2.4922,261.7200012207031,,,,,,,763.1,5.299305555,763.1,5.299305555,,,,,,,,,,,,,,,,,,,"Nathaniel Lowe","19566",663993
"Maikel Garcia","KCR",138,595,541,138,99,28,4,7,78,56,45,0,106,1,6,3,,30,4,0.254579,0.0748752,0.178037,0.420561,0.309365,0.358974,0.293869,0.668339,0.104396,6.92064,0.30137,0,3.19546,61.7911,-7.81085,86.0353,3.19546,8.33958,-6.3117499351501465,10.564577579498291,2.4877,210.39999389648438,,,,,,,585.4,4.242028985,585.4,4.242028985,,,,,,,,,,,,,,,,,,,"Maikel Garcia","22715",672580
"Nick Gonzales","PIT",112,483,438,115,71,30,5,10,61,61,32,1,108,8,4,1,,4,4,0.263713,0.0669216,0.223709,0.299145,0.323755,0.421941,0.323304,0.745696,0.158228,4.73202,0.325714,0,-1.63196,61.6027,5.10233,104.686,-1.63196,4.43425,1.0743346214294434,6.909247875213623,2.48568,406.2099914550781,,,,,,,531.9,4.749107142,531.9,4.749107142,,,,,,,,,,,,,,,,,,,"Nick Gonzales","27490",693304
"Josh Jung","TEX",136,588,547,138,89,26,2,21,69,80,31,0,161,7,3,0,,5,2,0.252252,0.0530726,0.273743,0.193878,0.298883,0.423423,0.312549,0.722306,0.171171,3.90396,0.316964,0,-0.67788,69.9048,1.1217,103.662,-0.67788,0.937694,1.7856110334396362,2.6376940608024597,2.48121,210.16000366210938,,,,,,,627.9,4.616911764,627.9,4.616911764,,,,,,,,,,,,,,,,,,,"Josh Jung","26299",673962
"Evan Carter","TEX",113,490,426,102,66,19,5,12,68,59,54,1,126,7,2,0,,11,3,0.239362,0.111111,0.256944,0.432432,0.333333,0.393617,0.320372,0.72695,0.154255,6.15743,0.308594,0,-0.103306,61.3393,4.02002,109.164,-0.103306,3.13096,5.0348722487688065,2.4809617400169373,2.4632,290.1199951171875,,,,,,,537.1,4.753097345,537.1,4.753097345,,,,,,,,,,,,,,,,,,,"Evan Carter","27790",694497
"Joey Ortiz","MIL",144,623,554,138,87,32,6,13,78,73,54,0,125,6,6,2,,11,5,0.249458,0.0868726,0.200772,0.432692,0.319767,0.401302,0.314846,0.721069,0.151844,5.62364,0.296296,0,-0.941597,75.2173,2.33993,101.207,-0.941597,-2.5314,-0.042309463024139404,3.093595504760742,2.45778,274.239990234375,,,,,,,654.9,4.547916666,654.9,4.547916666,,,,,,,,,,,,,,,,,,,"Joey Ortiz","25493",687401
"Bryan Reynolds","PIT",149,644,574,153,100,28,4,21,74,84,57,4,139,9,4,0,,8,2,0.266551,0.0885093,0.215839,0.410072,0.340062,0.439024,0.337035,0.779086,0.172474,4.48227,0.315789,0,-0.488585,89.2543,13.9205,113.928,-0.488585,-0.273987,10.237174332141876,-7.973986864089966,2.44861,97.72000122070312,,,,,,,791.8,5.314093959,791.8,5.314093959,,,,,,,,,,,,,,,,,,,"Bryan Reynolds","19326",668804
"Jake Meyers","HOU",109,469,423,101,66,20,2,13,52,56,34,0,113,7,3,2,,8,2,0.238213,0.0715884,0.241611,0.296296,0.303371,0.384615,0.301687,0.687986,0.146402,4.9446,0.293706,0,-0.0157801,51.6573,-3.20539,97.549,-0.0157801,7.71652,-1.3310787696391344,9.391515970230103,2.44714,455.5,,,,,,,466.8,4.282568807,466.8,4.282568807,,,,,,,,,,,,,,,,,,,"Jake Meyers","20308",676694
"Geraldo Perdomo","ARI",131,567,477,118,85,23,4,7,82,53,63,0,92,6,5,16,,16,5,0.2475,0.111579,0.162105,0.688312,0.339827,0.355,0.310884,0.694827,0.1075,6.05465,0.28972,0,-0.0455368,66.6481,0.321514,97.2778,-0.0455368,0.601008,-1.8912652917206287,6.676007449626923,2.44421,428.5299987792969,,,,,,,562.5,4.293893129,562.5,4.293893129,,,,,,,,,,,,,,,,,,,"Geraldo Perdomo","22799",672695
"Victor Robles","SEA",128,553,481,123,86,27,2,8,69,50,41,0,116,17,3,11,,38,5,0.254902,0.0738636,0.210227,0.351351,0.333333,0.366013,0.311586,0.699346,0.111111,6.78968,0.318777,0,4.49136,65.3151,0.626188,109.346,4.49136,0.362208,10.405052661895752,-5.2627924382686615,2.43496,194.47000122070312,,,,,,,604.9,4.72578125,604.9,4.72578125,,,,,,,,,,,,,,,,,,,"Victor Robles","18363",645302
"Christian Yelich","MIL",133,574,495,130,87,23,2,17,84,68,73,6,127,3,1,1,,23,2,0.263529,0.127789,0.221095,0.577982,0.361789,0.425882,0.343473,0.787671,0.162353,6.07505,0.321192,0,2.46438,82.5269,15.3815,120.475,2.46438,-0.724737,16.518526315689087,-12.074737250804901,2.43307,115.27999877929688,,,,,,,737,5.541353383,737,5.541353383,,,,,,,,,,,,,,,,,,,"Christian Yelich","11477",592885
"Adolis García","TEX",143,616,558,133,75,27,2,29,79,92,46,1,174,6,5,0,,12,4,0.238007,0.0752508,0.282609,0.266272,0.301003,0.448339,0.32193,0.749343,0.210332,4.79971,0.288571,0,-0.196536,77.8846,5.82613,110.26,-0.196536,3.3986,7.035280793905258,-4.501398801803589,2.38247,149.36000061035156,,,,,,,716.7,5.011888111,716.7,5.011888111,,,,,,,,,,,,,,,,,,,"Adolis Garcia","19287",666969
"Ryan Jeffers","MIN",99,396,349,82,47,17,1,16,46,53,33,0,93,10,3,2,,2,0,0.235457,0.0829268,0.234146,0.354167,0.316176,0.432133,0.325612,0.748309,0.196676,3.56416,0.270916,0,-0.322916,51.2938,4.92369,113.508,-0.322916,-0.744324,5.8040357530117035,3.8806756734848022,2.36495,235.1199951171875,,,,,,,448.4,4.529292929,448.4,4.529292929,,,,,,,,,,,,,,,,,,,"Ryan Jeffers","24618",680777
"Paul Goldschmidt","NYY",147,637,569,142,86,31,0,25,79,88,62,2,169,3,3,0,,10,0,0.25,0.0971039,0.265758,0.365385,0.325383,0.437023,0.330321,0.762406,0.187023,3.95306,0.310345,0,0.779959,84.8418,10.3268,116.139,0.779959,0.524118,12.543086767196655,-11.000881969928741,2.35235,176.52999877929688,,,,,,,765.1,5.204761904,765.1,5.204761904,,,,,,,,,,,,,,,,,,,"Paul Goldschmidt","9218",502671
"Eugenio Suárez","ARI",141,609,535,124,75,25,1,23,71,81,56,0,176,10,8,0,,1,1,0.232514,0.0913621,0.289037,0.316092,0.312292,0.413989,0.31635,0.726281,0.181474,2.43687,0.294118,0,-1.31719,74.2645,3.02485,100.957,-1.31719,1.32041,-0.6201199889183044,3.095410943031311,2.35015,177.02999877929688,,,,,,,650.9,4.616312056,650.9,4.616312056,,,,,,,,,,,,,,,,,,,"Eugenio Suarez","12552",553993
"Danny Jansen","TBR",91,359,312,69,39,16,0,15,44,43,37,0,72,6,3,0,,0,0,0.221818,0.10443,0.199367,0.52381,0.313291,0.414545,0.318125,0.727837,0.192727,1.52403,0.237624,0,-0.64558,44.2912,2.29606,111.617,-0.64558,-0.0958064,4.126243710517883,6.604193359613419,2.34419,299.4100036621094,,,,,,,390.8,4.294505494,390.8,4.294505494,,,,,,,,,,,,,,,,,,,"Danny Jansen","16535",643376
"Ke'Bryan Hayes","PIT",136,588,541,136,97,26,3,10,65,55,40,1,114,4,4,0,,14,4,0.251185,0.0675381,0.1939,0.348315,0.305011,0.364929,0.29369,0.66994,0.113744,5.1847,0.29878,0,0.159755,60.9796,-7.80346,84.7535,0.159755,11.5239,-10.560612350702286,13.623891353607178,2.33865,339.5899963378906,,,,,,,554.5,4.077205882,554.5,4.077205882,,,,,,,,,,,,,,,,,,,"Ke'Bryan Hayes","18577",663647
"Brayan Rocchio","CLE",134,581,517,124,85,27,2,10,73,58,49,1,111,9,4,2,,12,7,0.241015,0.0845865,0.191729,0.441176,0.315094,0.359408,0.298382,0.674502,0.118393,4.81253,0.286885,0,-1.37174,62.4478,-5.51648,94.9221,-1.37174,1.68075,-4.747434020042419,7.9057499170303345,2.32646,442.1700134277344,,,,,,,538.3,4.017164179,538.3,4.017164179,,,,,,,,,,,,,,,,,,,"Brayan Rocchio","23690",677587
"Garrett Mitchell","MIL",110,476,422,105,66,22,3,14,65,62,45,0,145,6,2,2,,22,6,0.249084,0.0941558,0.305195,0.308511,0.32899,0.413919,0.325628,0.74291,0.164835,6.6028,0.345029,0,0.896596,61.6001,5.91856,108.464,0.896596,1.00631,5.714437961578369,0.9063059389591217,2.32086,247.42999267578125,,,,,,,556.5,5.059090909,556.5,5.059090909,,,,,,,,,,,,,,,,,,,"Garrett Mitchell","27555",669003
"Jake Rogers","DET",97,384,348,73,42,16,1,13,48,46,29,1,120,4,2,1,,1,0,0.209059,0.0757098,0.312303,0.242424,0.275316,0.376307,0.283536,0.651623,0.167247,3.82381,0.273743,0,-0.340921,36.6852,-8.23442,84.4266,-0.340921,9.30194,-7.183524638414383,16.80193519592285,2.31541,485.8299865722656,,,,,,,336,3.463917525,336,3.463917525,,,,,,,,,,,,,,,,,,,"Jake Rogers","19452",668670
"Luis Rengifo","LAA",128,553,509,132,94,20,4,14,65,63,34,0,90,6,3,1,,19,6,0.259352,0.0619266,0.162844,0.380282,0.312644,0.396509,0.309979,0.709152,0.137157,5.72173,0.28972,0,0.175503,64.5996,-0.0892465,100.064,0.175503,2.42857,0.21597573906183243,3.6035664081573486,2.29835,168.25999450683594,,,,,,,581.9,4.54609375,581.9,4.54609375,,,,,,,,,,,,,,,,,,,"Luis Rengifo","19858",650859
"Tyler Fitzgerald","SFG",136,588,536,128,77,28,4,20,82,79,38,0,181,10,2,1,,19,5,0.239374,0.0653061,0.308163,0.211921,0.300613,0.418345,0.312287,0.718958,0.178971,6.705,0.320285,0,0.910995,69.7809,0.997833,101.824,0.910995,0.10125,2.1938388347625732,0.45124999433755875,2.29546,243.19000244140625,,,,,,,638.9,4.697794117,638.9,4.697794117,,,,,,,,,,,,,,,,,,,"Tyler Fitzgerald","26208",666149
"Joc Pederson","TEX",105,455,387,97,54,17,2,23,62,67,52,3,111,12,4,0,,4,2,0.249315,0.114219,0.244755,0.466667,0.351981,0.484931,0.358995,0.836913,0.235616,4.19851,0.285124,0,-0.914661,71.1019,17.8769,136.332,-0.914661,0,18.00050038099289,-11.125,2.27657,319.54998779296875,,,,,,,627.1,5.972380952,627.1,5.972380952,,,,,,,,,,,,,,,,,,,"Joc Pederson","11899",592626
"Triston Casas","BOS",139,602,517,127,72,26,1,27,74,84,80,4,161,3,3,0,,0,0,0.246499,0.132212,0.266827,0.495495,0.348558,0.462185,0.349814,0.810743,0.215686,1.88076,0.30131,0,-1.18781,89.6251,19.2043,124.062,-1.18781,-2.07118,15.386142134666443,-13.521177291870117,2.26519,128.60000610351562,,,,,,,778.1,5.597841726,778.1,5.597841726,,,,,,,,,,,,,,,,,,,"Triston Casas","22514",671213
"Lane Thomas","CLE",138,595,532,129,78,29,3,19,76,73,51,1,153,6,5,0,,22,8,0.243028,0.0855615,0.256684,0.333333,0.313726,0.416335,0.316946,0.73006,0.173307,5.93522,0.301449,0,-0.0449579,72.8425,3.24055,107.98,-0.0449579,-4.25978,5.387967851012945,-3.3347846269607544,2.26052,175.2899932861328,,,,,,,660.6,4.786956521,660.6,4.786956521,,,,,,,,,,,,,,,,,,,"Lane Thomas","16939",657041
"Marcell Ozuna","ATL",154,665,593,153,93,27,0,33,83,100,66,1,166,3,3,0,,1,0,0.257634,0.0986395,0.25,0.394558,0.333333,0.469466,0.346315,0.802799,0.211832,1.86003,0.301994,0,-1.04129,97.1314,19.341,121.567,-1.04129,0,16.10918915271759,-16.424999237060547,2.25449,71.58999633789062,,,,,,,861.2,5.592207792,861.2,5.592207792,,,,,,,,,,,,,,,,,,,"Marcell Ozuna","10324",542303
"Francisco Alvarez","NYM",92,366,325,75,44,13,1,17,44,54,34,0,93,4,3,0,,1,1,0.231959,0.0938215,0.254005,0.369369,0.311213,0.43299,0.323202,0.744203,0.201031,2.44123,0.269231,0,-0.826102,46.6502,3.83628,110.717,-0.826102,-0.898487,3.864488363265991,5.62651264667511,2.23898,173.33999633789062,,,,,,,411.3,4.470652173,411.3,4.470652173,,,,,,,,,,,,,,,,,,,"Francisco Alvarez","26121",682626
"Logan O'Hoppe","LAA",115,461,411,100,64,14,1,21,56,59,39,1,119,9,2,1,,2,3,0.24424,0.0841889,0.258727,0.325397,0.320988,0.435484,0.328869,0.756472,0.191244,2.5659,0.291667,0,-1.64562,60.8615,6.93463,113.352,-1.64562,-4.7395,5.397144079208374,0.8354954719543457,2.23083,137.41000366210938,,,,,,,532.1,4.626956521,532.1,4.626956521,,,,,,,,,,,,,,,,,,,"Logan O'Hoppe","24729",681351
"Michael Busch","CHC",128,553,484,118,69,27,2,20,76,69,58,1,151,8,4,0,,2,1,0.243564,0.103986,0.27383,0.379747,0.331023,0.431683,0.33203,0.762706,0.188119,3.66091,0.309091,0,-1.05621,74.4147,9.72581,115.691,-1.05621,3.18872,9.320216655731201,-6.236280918121338,2.22041,254.47999572753906,,,,,,,653.5,5.10546875,653.5,5.10546875,,,,,,,,,,,,,,,,,,,"Michael Busch","26319",683737
"Luis García Jr.","WSN",125,539,505,136,92,25,3,16,63,67,30,2,85,0,4,0,,14,4,0.269231,0.0558559,0.158559,0.352273,0.308108,0.423077,0.314514,0.731185,0.153846,5.12765,0.295238,0,0.19551,64.9319,1.88072,101.72,0.19551,0.263535,1.304134577512741,2.1885351836681366,2.21447,130.7100067138672,,,,,,,602,4.816,602,4.816,,,,,,,,,,,,,,,,,,,"Luis Garcia Jr.","20391",671277
"Iván Herrera","STL",100,398,345,87,60,16,2,8,48,43,44,0,87,5,3,0,,5,1,0.250746,0.111399,0.217617,0.511905,0.341969,0.38209,0.321297,0.724058,0.131343,4.84275,0.308943,0,-0.249114,50.1187,3.56146,107.389,-0.249114,-2.25095,3.267681524157524,4.899052619934082,2.21226,234.52000427246094,,,,,,,428.9,4.289,428.9,4.289,,,,,,,,,,,,,,,,,,,"Ivan Herrera","20599",671056
"Wilyer Abreu","BOS",105,455,401,98,57,24,1,16,61,59,48,0,123,3,3,0,,8,3,0.24356,0.105372,0.270661,0.389313,0.326446,0.42623,0.328275,0.752676,0.18267,4.45368,0.308511,0,-0.303316,59.8519,6.6269,108.91,-0.303316,6.55016,4.335562169551849,1.8751578330993652,2.20791,322.2200012207031,,,,,,,533.3,5.079047619,533.3,5.079047619,,,,,,,,,,,,,,,,,,,"Wilyer Abreu","23772",677800
"Parker Meadows","DET",117,504,451,105,66,20,5,14,63,59,43,1,117,4,4,2,,17,5,0.232283,0.0862676,0.232394,0.371212,0.30212,0.393701,0.302897,0.695821,0.161417,6.7144,0.279452,0,0.333205,56.0029,-2.95405,98.0452,0.333205,3.48179,-0.7940830290317535,5.2817909717559814,2.19866,231.97999572753906,,,,,,,514.4,4.396581196,514.4,4.396581196,,,,,,,,,,,,,,,,,,,"Parker Meadows","23800",678009
"Salvador Perez","KCR",149,612,561,147,94,25,1,26,60,89,33,7,135,12,5,0,,0,0,0.262231,0.05386,0.220826,0.243902,0.314183,0.452055,0.326536,0.766238,0.189824,1.40179,0.298103,0,-1.0486,79.5954,8.05163,109.014,-1.0486,-5.292,5.259349822998047,-4.392000198364258,2.1952,72.87999725341797,,,,,,,719.8,4.830872483,719.8,4.830872483,,,,,,,,,,,,,,,,,,,"Salvador Perez","7304",521692
"Jonny DeLuca","TBR",107,462,419,96,59,20,3,13,52,54,34,1,93,7,1,1,,15,3,0.229947,0.0728155,0.201456,0.361446,0.296837,0.390374,0.299955,0.687211,0.160428,6.10536,0.264286,0,0.77424,50.2422,-3.80164,98.8355,0.77424,4.49664,0.15868186950683594,5.546635389328003,2.17981,348.1700134277344,,,,,,,459,4.289719626,459,4.289719626,,,,,,,,,,,,,,,,,,,"Jonny DeLuca","26365",676356
"Vinnie Pasquantino","KCR",146,630,558,146,84,34,2,26,69,93,57,2,81,6,8,1,,1,0,0.261603,0.0897196,0.128972,0.695652,0.331461,0.470464,0.343144,0.801925,0.208861,2.53146,0.261538,0,-0.898339,90.4115,16.7153,120.697,-0.898339,-2.32502,14.020815670490265,-14.175024271011353,2.15305,114.05000305175781,,,,,,,804.9,5.513013698,804.9,5.513013698,,,,,,,,,,,,,,,,,,,"Vinnie Pasquantino","27676",686469
"George Springer","TOR",141,609,543,130,86,23,2,19,77,67,57,0,118,6,3,0,,14,2,0.240326,0.0943739,0.194192,0.485981,0.317604,0.395112,0.313205,0.712716,0.154786,5.17939,0.272973,0,0.800775,72.7227,1.48303,105.453,0.800775,3.21595,4.6007179617881775,-4.309046983718872,2.1268,243.80999755859375,,,,,,,651.7,4.621985815,651.7,4.621985815,,,,,,,,,,,,,,,,,,,"George Springer","12856",543807
"Matt Shaw","CHC",115,497,444,110,75,16,3,16,62,64,41,0,107,8,4,0,,18,7,0.247241,0.0828402,0.21499,0.385321,0.319527,0.401766,0.316038,0.721293,0.154525,5.71179,0.289157,0,-0.2327,60.4819,2.34377,104.928,-0.2327,-0.491538,2.695803388953209,1.2834615111351013,2.12028,999,,,,,,,547.5,4.760869565,547.5,4.760869565,,,,,,,,,,,,,,,,,,,"Matt Shaw","sa3022615",807713
"Chas McCormick","HOU",97,420,375,91,62,14,1,14,52,55,32,0,116,7,6,1,,12,4,0.242991,0.075,0.275,0.272727,0.309192,0.398754,0.308905,0.707946,0.155763,5.21266,0.306977,0,0.123938,48.7001,-0.430639,102.626,0.123938,9.02571,1.3859227001667023,5.025713920593262,2.10816,404.80999755859375,,,,,,,441.1,4.54742268,441.1,4.54742268,,,,,,,,,,,,,,,,,,,"Chas McCormick","19599",676801
"Heliot Ramos","SFG",139,602,549,140,90,26,3,22,73,81,44,1,158,5,3,0,,7,3,0.255639,0.0737564,0.262436,0.281046,0.315609,0.432331,0.323756,0.74794,0.176692,4.54398,0.31856,0,-0.901042,76.9992,6.57838,109.544,-0.901042,2.20273,5.9691338539123535,-5.647266149520874,2.10367,206.30999755859375,,,,,,,686.2,4.936690647,686.2,4.936690647,,,,,,,,,,,,,,,,,,,"Heliot Ramos","22515",671218
"Kyle Isbel","KCR",125,539,488,117,75,24,7,12,76,57,36,0,111,7,3,5,,13,4,0.240437,0.0668317,0.205446,0.325301,0.3,0.39071,0.301398,0.69071,0.150273,7.01154,0.286232,0,0.120671,59.242,-3.80922,91.3318,0.120671,5.52128,-5.225254312157631,7.446278810501099,2.08506,517.0700073242188,,,,,,,532,4.256,532,4.256,,,,,,,,,,,,,,,,,,,"Kyle Isbel","21614",664728
"TJ Friedl","CIN",131,567,496,122,83,19,5,15,66,73,47,0,92,14,5,5,,15,4,0.246193,0.0822222,0.162222,0.506849,0.325112,0.395939,0.317006,0.721051,0.149746,5.80561,0.271565,0,0.359408,69.4419,3.11535,96.5586,0.359408,0.912835,-1.9739574491977692,2.937834918498993,2.0496,249.74000549316406,,,,,,,612.1,4.672519083,612.1,4.672519083,,,,,,,,,,,,,,,,,,,"TJ Friedl","19522",670770
"Dylan Crews","WSN",134,581,525,129,83,26,5,15,69,69,39,0,129,11,5,0,,27,7,0.245545,0.0679785,0.221825,0.306452,0.309481,0.39802,0.308857,0.707501,0.152475,6.85256,0.295699,0,1.39984,67.3461,-0.618126,97.9124,1.39984,6.45408,-0.050544142723083496,0.5290799140930176,2.04763,128.42999267578125,,,,,,,624,4.656716417,624,4.656716417,,,,,,,,,,,,,,,,,,,"Dylan Crews","33541",686611
"Josh Smith","TEX",91,392,340,84,55,18,1,9,48,43,35,1,80,13,2,1,,7,2,0.245614,0.0895238,0.20381,0.439252,0.33652,0.385965,0.320061,0.722485,0.140351,4.91749,0.294118,0,-0.370557,48.9731,3.11774,108.945,-0.370557,2.54538,3.6417063176631927,2.7453811019659042,2.00923,409.6700134277344,,,,,,,424.6,4.665934065,424.6,4.665934065,,,,,,,,,,,,,,,,,,,"Josh Smith","26396",669701
"Michael Massey","KCR",120,518,478,124,77,28,2,17,61,67,27,1,97,6,6,2,,4,1,0.258741,0.0516129,0.187097,0.275862,0.302376,0.431235,0.315096,0.733611,0.172494,4.32001,0.289157,0,-0.412809,62.6444,2.04977,100.967,-0.412809,1.39725,0.16013038158416748,1.9472500085830688,2.00102,380.2900085449219,,,,,,,572.6,4.771666666,572.6,4.771666666,,,,,,,,,,,,,,,,,,,"Michael Massey","27684",686681
"Mike Yastrzemski","SFG",115,497,441,98,52,24,5,18,64,59,47,1,132,6,2,1,,3,1,0.223077,0.0954545,0.265909,0.358974,0.305239,0.420513,0.314865,0.725752,0.197436,5.00085,0.274131,0,-0.599912,60.0125,1.87438,103.559,-0.599912,6.1718,1.5153709650039673,0.9468050003051758,1.9636,444.42999267578125,,,,,,,537,4.669565217,537,4.669565217,,,,,,,,,,,,,,,,,,,"Mike Yastrzemski","14854",573262
"Tyler Stephenson","CIN",100,403,358,94,62,19,1,13,51,52,37,2,93,5,3,0,,1,0,0.263033,0.0926316,0.229474,0.40367,0.338947,0.42654,0.333111,0.765488,0.163507,2.79373,0.318937,0,-0.641179,54.6345,7.4455,107.398,-0.641179,-1.94884,2.9277563095092773,2.5511642694473267,1.95324,166.72000122070312,,,,,,,479.3,4.793,479.3,4.793,,,,,,,,,,,,,,,,,,,"Tyler Stephenson","17988",663886
"Connor Norby","MIA",134,581,527,134,84,28,2,19,85,71,46,0,161,5,4,0,,9,5,0.254054,0.0784314,0.277778,0.282353,0.316993,0.423423,0.321825,0.740417,0.169369,4.84492,0.327913,0,-1.08772,73.4102,5.44593,103.655,-1.08772,-3.984,1.451534390449524,-1.9089999198913574,1.95096,267.239990234375,,,,,,,650.7,4.855970149,650.7,4.855970149,,,,,,,,,,,,,,,,,,,"Connor Norby","29592",681393
"Sal Frelick","MIL",104,448,408,111,82,20,4,5,58,43,33,1,65,5,2,1,,13,3,0.272541,0.0727612,0.145522,0.5,0.33271,0.379098,0.313239,0.711809,0.106557,6.1692,0.312808,0,0.383851,53.5096,1.10339,100.126,0.383851,8.11758,0.4512680023908615,3.5175814628601074,1.95068,361.19000244140625,,,,,,,471.7,4.535576923,471.7,4.535576923,,,,,,,,,,,,,,,,,,,"Sal Frelick","29622",686217
"Jo Adell","LAA",112,483,436,99,53,20,2,24,62,73,36,1,144,7,3,0,,12,6,0.227941,0.0752212,0.298673,0.251852,0.29646,0.446078,0.319233,0.742539,0.218137,5.10118,0.279528,0,-1.00485,60.02,3.51957,106.574,-1.00485,-0.568373,2.628020405769348,0.1566271185874939,1.95047,285,,,,,,,548.4,4.896428571,548.4,4.896428571,,,,,,,,,,,,,,,,,,,"Jo Adell","20220",666176
"Jose Siri","NYM",97,420,384,82,46,17,2,17,56,57,27,0,154,5,3,1,,14,5,0.21466,0.0645933,0.366029,0.176471,0.273381,0.403141,0.292842,0.676523,0.188482,6.46589,0.302326,0,0.160122,43.27,-5.86076,90.2827,0.160122,8.07254,-4.720278546214104,9.572542190551758,1.94562,439.2200012207031,,,,,,,404.3,4.168041237,404.3,4.168041237,,,,,,,,,,,,,,,,,,,"Jose Siri","17452",642350
"Otto Lopez","MIA",107,462,426,117,86,22,4,5,57,43,28,0,79,4,2,2,,15,4,0.275294,0.0607375,0.171367,0.35443,0.324619,0.381176,0.309824,0.705795,0.105882,6.20372,0.326531,0,0.449642,53.9117,-0.132156,95.5771,0.449642,3.62598,-1.993847906589508,5.375982761383057,1.93823,328.739990234375,,,,,,,476.1,4.44953271,476.1,4.44953271,,,,,,,,,,,,,,,,,,,"Otto Lopez","19608",672640
"Jonathan India","KCR",143,616,522,130,85,29,2,13,80,60,69,0,117,18,5,1,,12,2,0.247984,0.112821,0.189744,0.594595,0.35274,0.385081,0.328843,0.73782,0.137097,4.95894,0.293651,0,0.100698,81.3118,9.25329,110.637,0.100698,-2.40652,7.5977573543787,-9.406521797180176,1.93397,242.13999938964844,,,,,,,701.9,4.908391608,701.9,4.908391608,,,,,,,,,,,,,,,,,,,"Jonathan India","21523",663697
"Luke Raley","SEA",112,483,426,102,62,18,2,20,62,65,32,0,143,22,2,1,,10,2,0.239892,0.0665083,0.296912,0.224,0.32381,0.431267,0.330205,0.755076,0.191375,5.73515,0.311688,0,0.221254,64.2854,7.78497,122.443,0.221254,-2.0493,12.624421387910843,-10.224300384521484,1.91076,302.6700134277344,,,,,,,572.2,5.108928571,572.2,5.108928571,,,,,,,,,,,,,,,,,,,"Luke Raley","19354",670042
"Spencer Horwitz","PIT",100,434,375,103,67,26,1,9,52,46,50,1,75,6,3,0,,2,1,0.273622,0.115646,0.173469,0.666667,0.365646,0.417323,0.343977,0.782969,0.143701,2.87152,0.319095,0,-1.11619,62.5745,11.8061,118.6,-1.11619,2.90896,8.53689956665039,-4.99104380607605,1.85884,379.4800109863281,,,,,,,536.5,5.365,536.5,5.365,,,,,,,,,,,,,,,,,,,"Spencer Horwitz","26477",687462
"Josh Naylor","ARI",141,609,546,144,89,32,0,23,67,99,50,7,93,6,6,0,,7,2,0.264368,0.0824742,0.152921,0.539326,0.329897,0.450192,0.333044,0.780088,0.185824,3.04272,0.278177,0,-0.472773,82.447,11.2074,112.193,-0.472773,0.765191,8.40684375166893,-10.759808123111725,1.8515,104.0199966430664,,,,,,,745.1,5.284397163,745.1,5.284397163,,,,,,,,,,,,,,,,,,,"Josh Naylor","18839",647304
"Willson Contreras","STL",139,602,516,123,73,27,0,23,71,74,63,1,153,20,3,0,,6,3,0.237569,0.104265,0.253554,0.411215,0.341232,0.422652,0.335655,0.763884,0.185083,2.93334,0.290456,0,-1.23024,82.7646,12.3438,117.053,-1.23024,-1.58885,11.046023845672607,-13.238845825195312,1.84396,75.05000305175781,,,,,,,719.3,5.174820143,719.3,5.174820143,,,,,,,,,,,,,,,,,,,"Willson Contreras","11609",575929
"Nolan Jones","COL",113,490,425,111,69,25,2,15,63,64,58,3,144,4,2,1,,9,3,0.260652,0.117391,0.293478,0.4,0.352941,0.433584,0.342246,0.786525,0.172932,4.8106,0.357143,0,-0.598769,69.966,12.6467,106.917,-0.598769,3.69016,3.45402330160141,-1.9598402976989746,1.83955,251.58999633789062,,,,,,,616.2,5.453097345,616.2,5.453097345,,,,,,,,,,,,,,,,,,,"Nolan Jones","20529",666134
"Jose Trevino","CIN",70,275,254,63,45,9,1,7,29,31,17,0,46,2,1,1,,1,1,0.246964,0.0634328,0.16791,0.377778,0.299625,0.376518,0.296547,0.676144,0.129555,2.90246,0.27551,0,-0.721095,29.1729,-3.01944,82.7886,-0.721095,9.34264,-6.385134041309357,14.717635154724121,1.80704,619.0499877929688,,,,,,,252.5,3.607142857,252.5,3.607142857,,,,,,,,,,,,,,,,,,,"Jose Trevino","16725",624431
"Yoán Moncada","LAA",113,490,440,109,71,26,1,12,54,50,45,1,134,4,1,0,,4,0,0.248538,0.0918635,0.272966,0.336538,0.322835,0.391813,0.313712,0.714648,0.143275,3.92932,0.330435,0,-0.16218,58.7125,1.39321,102.69,-0.16218,0.853085,1.3459677249193192,-0.39691489934921265,1.785,476.4100036621094,,,,,,,518.9,4.592035398,518.9,4.592035398,,,,,,,,,,,,,,,,,,,"Yoan Moncada","17232",660162
"Jonah Heim","TEX",84,333,307,71,46,13,1,10,34,43,23,0,62,1,1,0,,1,0,0.230216,0.0685841,0.185841,0.369048,0.285398,0.381295,0.291042,0.666693,0.151079,3.11158,0.255452,0,-0.410605,33.8044,-5.1259,88.5332,-0.410605,4.3501,-4.777066200971603,10.850098609924316,1.77298,311.3800048828125,,,,,,,301.9,3.594047619,301.9,3.594047619,,,,,,,,,,,,,,,,,,,"Jonah Heim","16930",641680
"Jasson Domínguez","NYY",133,574,516,131,89,19,3,21,80,72,54,1,145,1,3,0,,26,4,0.253731,0.0939597,0.252796,0.371681,0.324385,0.420398,0.324222,0.744783,0.166667,6.18709,0.312727,0,2.45128,73.633,6.48756,111.849,2.45128,-6.25129,10.233115196228027,-12.201294422149658,1.77291,139.52999877929688,,,,,,,690.4,5.190977443,690.4,5.190977443,,,,,,,,,,,,,,,,,,,"Jasson Dominguez","28080",691176
"Jesús Sánchez","MIA",94,406,368,95,58,19,2,15,47,53,33,2,103,3,1,1,,7,1,0.257709,0.0818363,0.253493,0.322835,0.324,0.447137,0.332941,0.771137,0.189427,5.07152,0.317152,0,0.39495,54.9311,7.438,111.137,0.39495,1.68993,5.801782697439194,-2.160071849822998,1.77244,235.63999938964844,,,,,,,490,5.212765957,490,5.212765957,,,,,,,,,,,,,,,,,,,"Jesus Sanchez","19913",660821
"Luis Arraez","SDP",149,644,600,184,147,28,3,6,77,61,35,4,35,5,3,1,,6,3,0.30678,0.0537125,0.0537125,1,0.348101,0.394915,0.323938,0.743017,0.0881356,3.81814,0.316456,0,-1.45257,82.4656,7.13171,111.376,-1.45257,1.62438,7.308006167411804,-11.825621485710144,1.74831,193.8300018310547,,,,,,,708.1,4.752348993,708.1,4.752348993,,,,,,,,,,,,,,,,,,,"Luis Arraez","18568",650333
"Jorge Polanco","SEA",120,518,459,105,68,18,0,19,58,61,52,2,138,3,3,0,,4,2,0.228155,0.101075,0.266667,0.379032,0.309677,0.390777,0.306415,0.700454,0.162621,2.74896,0.281022,0,-0.969481,59.0255,-1.56913,105.709,-0.969481,-4.81661,2.4142419695854187,-2.966607451438904,1.72633,417.3999938964844,,,,,,,526.8,4.39,526.8,4.39,,,,,,,,,,,,,,,,,,,"Jorge Polanco","13152",593871
"Jeff McNeil","NYM",99,427,386,101,71,21,1,8,48,42,28,1,54,9,3,1,,4,0,0.260965,0.0653465,0.126733,0.515625,0.323413,0.379386,0.309017,0.702799,0.118421,4.16568,0.284238,0,-0.00197657,49.5503,-0.399366,101.17,-0.00197657,0.736364,0.5953576362226158,1.8113636374473572,1.71712,413.3599853515625,,,,,,,440,4.444444444,440,4.444444444,,,,,,,,,,,,,,,,,,,"Jeff McNeil","15362",643446
"Ceddanne Rafaela","BOS",99,427,402,103,66,20,5,12,56,57,14,1,105,6,3,2,,14,6,0.256604,0.0337478,0.245115,0.137681,0.290553,0.420755,0.305496,0.711307,0.164151,6.94729,0.315789,0,-0.403409,48.3403,-1.60931,92.8875,-0.403409,4.05233,-3.8784007728099823,5.92733097076416,1.68169,187.63999938964844,,,,,,,443.9,4.483838383,443.9,4.483838383,,,,,,,,,,,,,,,,,,,"Ceddanne Rafaela","24262",678882
"Miguel Vargas","CHW",123,532,463,109,67,24,2,16,73,56,58,0,110,6,5,0,,9,4,0.235426,0.109162,0.206628,0.528302,0.325536,0.396861,0.317739,0.722397,0.161435,4.94591,0.272727,0,-0.852821,65.4692,3.23689,106.783,-0.852821,-1.63045,3.2762901186943054,-4.830451488494873,1.67107,399.95001220703125,,,,,,,576.7,4.688617886,576.7,4.688617886,,,,,,,,,,,,,,,,,,,"Miguel Vargas","20178",678246
"Heston Kjerstad","BAL",92,399,355,93,62,16,3,13,53,57,30,2,100,11,4,0,,2,1,0.262376,0.0748899,0.251101,0.298246,0.334802,0.433168,0.332983,0.76797,0.170792,4.3049,0.326165,0,-0.795137,53.9974,7.32313,120.642,-0.795137,0.942811,8.62863564491272,-5.782189130783081,1.66766,340.7200012207031,,,,,,,475.5,5.16847826,475.5,5.16847826,,,,,,,,,,,,,,,,,,,"Heston Kjerstad","31166",677008
"Kerry Carpenter","DET",117,504,457,117,69,22,4,22,59,77,35,2,125,8,4,0,,2,4,0.255102,0.0694444,0.247685,0.280374,0.31713,0.464286,0.334662,0.781415,0.209184,3.59502,0.301115,0,-1.81639,68.8885,9.93158,120.39,-1.81639,-0.218842,9.941956043243408,-10.618841722607613,1.66527,201.5,,,,,,,613.2,5.241025641,613.2,5.241025641,,,,,,,,,,,,,,,,,,,"Kerry Carpenter","25961",681481
"Jake Cronenworth","SDP",138,595,523,125,79,27,4,15,70,67,54,2,109,12,5,1,,4,2,0.2397,0.0906096,0.182867,0.495495,0.321782,0.391386,0.312604,0.713168,0.151685,4.14736,0.273608,0,-1.13933,70.7635,1.1615,103.748,-1.13933,-2.96438,1.52711021900177,-5.339375019073486,1.65263,286.8999938964844,,,,,,,619.1,4.486231884,619.1,4.486231884,,,,,,,,,,,,,,,,,,,"Jake Cronenworth","18036",630105
"Jorge Soler","LAA",134,581,505,115,62,26,0,27,77,76,67,1,150,6,3,0,,1,0,0.227679,0.114563,0.258252,0.443609,0.32233,0.439732,0.330949,0.762062,0.212054,2.26733,0.265306,0,-0.825027,77.6766,9.71231,114.815,-0.825027,0,9.023573815822601,-12.425000190734863,1.64899,212.16000366210938,,,,,,,689.1,5.142537313,689.1,5.142537313,,,,,,,,,,,,,,,,,,,"Jorge Soler","14221",624585
"Jace Jung","DET",81,350,303,67,41,15,1,11,38,40,42,1,89,3,2,0,,1,1,0.222707,0.120983,0.253308,0.477612,0.321361,0.382096,0.310981,0.703457,0.159389,2.50297,0.276527,0,-0.944891,41.1683,0.225934,103.732,-0.944891,2.268,0.5496307611465454,3.5179998874664307,1.62508,459.92999267578125,,,,,,,358.9,4.430864197,358.9,4.430864197,,,,,,,,,,,,,,,,,,,"Jace Jung","31437",690291
"Max Kepler","PHI",115,497,447,105,63,22,2,18,62,62,41,0,101,6,3,0,,3,0,0.235443,0.0820046,0.202733,0.404494,0.305239,0.41519,0.313425,0.720429,0.179747,4.37524,0.262799,0,-0.187439,59.4365,1.2984,100.033,-0.187439,4.62134,-0.16753510013222694,-0.7036604881286621,1.61933,357.6400146484375,,,,,,,532.1,4.626956521,532.1,4.626956521,,,,,,,,,,,,,,,,,,,"Max Kepler","12144",596146
"Dylan Moore","SEA",81,350,297,63,34,16,3,10,44,36,40,1,102,10,2,1,,23,6,0.212025,0.112903,0.290323,0.388889,0.32345,0.389241,0.315025,0.712691,0.177215,7.40111,0.281407,0,1.57634,42.3073,1.36498,111.765,1.57634,-2.7216,6.287847995758057,-2.4216000735759735,1.60428,345.3800048828125,,,,,,,390.2,4.81728395,390.2,4.81728395,,,,,,,,,,,,,,,,,,,"Dylan Moore","18042",664238
"Kristian Campbell","BOS",75,322,285,76,49,16,3,9,45,47,30,1,74,7,1,0,,8,4,0.266667,0.0923379,0.229862,0.401709,0.349705,0.433333,0.34238,0.783039,0.166667,5.71812,0.33125,0,-0.561522,46.0124,8.34544,118.832,-0.561522,-2.39648,6.377009034156799,-1.6464827060699463,1.59715,999,,,,,,,403.7,5.382666666,403.7,5.382666666,,,,,,,,,,,,,,,,,,,"Kristian Campbell","sa3023011",692225
"Jonathan Aranda","TBR",89,385,336,87,58,16,1,13,52,52,38,1,96,8,3,0,,1,1,0.25974,0.0975057,0.249433,0.390909,0.344671,0.428571,0.337573,0.773243,0.168831,2.79887,0.32197,0,-0.985128,53.5252,8.48868,125.297,-0.985128,0.751091,10.158614099025726,-7.873909056186676,1.56144,320.07000732421875,,,,,,,462.6,5.197752808,462.6,5.197752808,,,,,,,,,,,,,,,,,,,"Jonathan Aranda","21837",666018
"Leody Taveras","TEX",71,308,279,71,48,14,2,7,37,34,24,0,65,1,2,2,,11,3,0.254065,0.0791897,0.211786,0.373913,0.312963,0.398374,0.310237,0.711337,0.144309,6.2212,0.304348,0,0.547218,36.0435,0.0142787,102.035,0.547218,2.63638,1.2643390893936157,3.5363835096359253,1.5562,451.7099914550781,,,,,,,323.9,4.56197183,323.9,4.56197183,,,,,,,,,,,,,,,,,,,"Leody Taveras","18900",665750
"Travis d'Arnaud","LAA",65,257,233,53,31,12,1,10,29,32,18,0,67,4,2,0,,0,0,0.228669,0.068323,0.26087,0.261905,0.291925,0.409556,0.304815,0.701482,0.180887,2.21591,0.276382,0,-0.415102,28.9088,-1.10779,96.4319,-0.415102,3.26793,-1.4626973271369934,7.967930793762207,1.55527,420.7799987792969,,,,,,,264.3,4.066153846,264.3,4.066153846,,,,,,,,,,,,,,,,,,,"Travis d'Arnaud","7739",518595
"Dillon Dingler","DET",60,237,213,48,30,10,1,7,27,31,17,0,66,5,2,0,,2,1,0.226891,0.0707071,0.280303,0.252252,0.295455,0.386555,0.298595,0.682009,0.159664,4.44869,0.291139,0,-0.289276,25.4925,-2.20789,95.019,-0.289276,3.996,-1.638876587152481,8.621000051498413,1.53636,578.0499877929688,,,,,,,223.3,3.721666666,223.3,3.721666666,,,,,,,,,,,,,,,,,,,"Dillon Dingler","27464",693307
"Joey Bart","PIT",96,379,339,82,56,14,0,12,47,45,30,0,105,8,1,0,,0,0,0.242958,0.0788644,0.277603,0.284091,0.318612,0.390845,0.313121,0.709457,0.147887,1.6756,0.315508,0,-0.745055,45.2084,0.897063,97.832,-0.745055,-2.90508,-1.7271164655685425,3.8699214458465576,1.52409,269.2099914550781,,,,,,,387.6,4.0375,387.6,4.0375,,,,,,,,,,,,,,,,,,,"Joey Bart","21524",663698
"Trevor Larnach","MIN",109,469,410,98,61,21,1,15,61,61,50,1,127,4,4,0,,3,1,0.239892,0.106132,0.271226,0.391304,0.325472,0.409703,0.321077,0.735175,0.169811,3.8361,0.304878,0,-0.683508,58.9764,4.11373,110.319,-0.683508,0,4.853855907917023,-6.025000095367432,1.49373,327.1199951171875,,,,,,,511.3,4.690825688,511.3,4.690825688,,,,,,,,,,,,,,,,,,,"Trevor Larnach","21501",663616
"Christian Moore","LAA",68,294,276,74,48,13,0,13,56,43,18,0,89,0,0,0,,3,3,0.266055,0.0603448,0.301724,0.2,0.310345,0.449541,0.32842,0.759886,0.183486,3.8464,0.347826,0,-1.03967,38.7079,4.31631,113.036,-1.03967,0.261692,3.345606207847595,1.3116922676563263,1.49318,999,,,,,,,349.6,5.14117647,349.6,5.14117647,,,,,,,,,,,,,,,,,,,"Christian Moore","sa3025168",695681
"Jake McCarthy","ARI",120,518,467,124,90,18,7,8,68,57,35,0,93,10,2,4,,27,6,0.265934,0.0673267,0.180198,0.373626,0.329341,0.389011,0.316026,0.718352,0.123077,7.6841,0.315642,0,1.77265,63.0325,2.43782,100.739,1.77265,-4.37518,2.230524480342865,-5.025182068347931,1.49291,219.91000366210938,,,,,,,564.2,4.701666666,564.2,4.701666666,,,,,,,,,,,,,,,,,,,"Jake McCarthy","21622",664983
"Jurickson Profar","ATL",146,630,541,139,94,30,1,14,77,69,71,2,101,11,4,3,,7,2,0.25636,0.112605,0.159664,0.705263,0.351351,0.391389,0.32852,0.742741,0.135029,3.88845,0.289926,0,-0.745804,82.9964,9.30017,109.59,-0.745804,-6.06843,6.479182958602905,-13.068432331085205,1.48621,187.41000366210938,,,,,,,715.4,4.9,715.4,4.9,,,,,,,,,,,,,,,,,,,"Jurickson Profar","10815",595777
"Kyle Manzardo","CLE",99,427,370,91,50,24,1,16,57,57,47,2,91,4,6,0,,1,1,0.247059,0.10998,0.213849,0.514286,0.334012,0.444706,0.335751,0.778718,0.197647,2.67087,0.281553,0,-0.967607,58.7382,8.78855,121.208,-0.967607,0.596571,9.394296944141388,-9.278428554534912,1.48205,368.6000061035156,,,,,,,517.4,5.226262626,517.4,5.226262626,,,,,,,,,,,,,,,,,,,"Kyle Manzardo","29794",700932
"Lourdes Gurriel Jr.","ARI",130,560,518,141,95,28,2,16,63,72,32,1,102,5,4,0,,5,1,0.272165,0.0572519,0.181298,0.315789,0.318702,0.426804,0.322366,0.745506,0.154639,3.94299,0.308707,0,-0.401591,71.0008,5.49306,105.006,-0.401591,1.1453,2.9509851336479187,-7.254697322845459,1.4815,220.33999633789062,,,,,,,632.3,4.863846153,632.3,4.863846153,,,,,,,,,,,,,,,,,,,"Lourdes Gurriel Jr.","19238",666971
"Thairo Estrada","COL",120,518,481,127,87,23,2,15,67,66,24,0,99,10,2,1,,9,4,0.264108,0.0461216,0.190776,0.241758,0.310924,0.41535,0.31596,0.726274,0.151242,4.95615,0.302941,0,-0.973106,63.005,2.41039,89.2246,-0.973106,2.82071,-7.647697985172272,4.6707059144973755,1.47408,298.7799987792969,,,,,,,557.2,4.643333333,557.2,4.643333333,,,,,,,,,,,,,,,,,,,"Thairo Estrada","16426",642731
"Isiah Kiner-Falefa","PIT",128,553,512,134,105,21,2,6,59,49,27,1,83,8,3,2,,14,3,0.262443,0.048218,0.150943,0.319444,0.307368,0.346154,0.28786,0.653522,0.0837104,5.06346,0.30163,0,0.275793,54.7551,-9.93379,80.8295,0.275793,2.49961,-12.401284337043762,8.224609375,1.47055,367.7799987792969,,,,,,,490.3,3.83046875,490.3,3.83046875,,,,,,,,,,,,,,,,,,,"Isiah Kiner-Falefa","16512",643396
"Ryan O'Hearn","BAL",94,406,368,98,66,16,2,15,52,56,32,2,75,3,3,0,,3,1,0.267176,0.0785219,0.184758,0.425,0.327945,0.442748,0.332324,0.770693,0.175573,3.91019,0.296667,0,-0.594195,54.7295,7.23641,120.179,-0.594195,0,8.779710829257965,-8.149999618530273,1.46282,351.69000244140625,,,,,,,487.5,5.186170212,487.5,5.186170212,,,,,,,,,,,,,,,,,,,"Ryan O'Hearn","16442",656811
"Ernie Clement","TOR",75,322,304,79,55,15,2,7,36,37,12,0,31,2,2,2,,6,2,0.259947,0.037594,0.0952381,0.394737,0.290404,0.392573,0.295946,0.682977,0.132626,5.12813,0.268072,0,0.096141,33.9781,-3.6888,93.3129,0.096141,4.38353,-2.3676276728510857,5.783529162406921,1.46137,380.3599853515625,,,,,,,306.9,4.092,306.9,4.092,,,,,,,,,,,,,,,,,,,"Ernie Clement","20352",676391
"Mike Tauchman","CHW",87,378,322,79,54,16,1,8,56,34,50,1,82,4,2,0,,7,1,0.245283,0.131367,0.217158,0.604938,0.351206,0.377358,0.32459,0.728565,0.132075,5.18227,0.30303,0,0.168518,48.6022,4.38448,111.603,0.168518,1.31305,5.186944797635078,-3.836946964263916,1.44081,474.04998779296875,,,,,,,420.2,4.829885057,420.2,4.829885057,,,,,,,,,,,,,,,,,,,"Mike Tauchman","15274",643565
"Will Wagner","TOR",89,385,339,92,66,18,2,6,47,42,39,0,67,3,3,1,,3,1,0.2711,0.101351,0.173423,0.584416,0.349887,0.388747,0.326799,0.738634,0.117647,3.90742,0.319355,0,-0.686375,50.1867,5.15016,115.016,-0.686375,-0.0471845,5.928502678871155,-4.8721842765808105,1.43458,517,,,,,,,425.1,4.776404494,425.1,4.776404494,,,,,,,,,,,,,,,,,,,"Will Wagner","29634",695238
"Trey Sweeney","DET",81,350,317,70,45,14,2,9,43,37,29,1,97,3,1,0,,9,2,0.221557,0.0830325,0.276173,0.300654,0.292419,0.361277,0.287807,0.653696,0.139721,5.91438,0.28869,0,0.393027,34.64,-6.30232,87.4305,0.393027,3.1752,-4.640702277421951,6.775200128555298,1.42543,498.3800048828125,,,,,,,319.1,3.939506172,319.1,3.939506172,,,,,,,,,,,,,,,,,,,"Trey Sweeney","29575",700242
"Oswaldo Cabrera","NYY",89,385,350,84,55,17,1,11,48,46,28,0,85,2,2,3,,7,2,0.238636,0.0723514,0.219638,0.329412,0.296875,0.386364,0.298675,0.683239,0.147727,4.89624,0.282946,0,-0.0804508,41.4719,-3.56466,93.8787,-0.0804508,2.91743,-2.7769963666796684,3.5924336910247803,1.4097,550.1900024414062,,,,,,,376.5,4.230337078,376.5,4.230337078,,,,,,,,,,,,,,,,,,,"Oswaldo Cabrera","21707",665828
"Orlando Arcia","ATL",134,581,531,122,82,24,0,17,58,63,43,1,121,2,6,0,,2,0,0.230444,0.0733591,0.208494,0.351852,0.287645,0.369979,0.287023,0.657624,0.139535,2.45959,0.264789,0,-0.54281,57.1357,-10.8286,81.6595,-0.54281,1.2759,-13.285150349140167,7.500897645950317,1.40082,446.1700134277344,,,,,,,520.4,3.883582089,520.4,3.883582089,,,,,,,,,,,,,,,,,,,"Orlando Arcia","13185",606115
"Tyrone Taylor","NYM",78,336,309,71,42,18,2,10,45,40,19,1,78,7,2,0,,8,1,0.231013,0.0552326,0.232558,0.2375,0.287791,0.39557,0.296254,0.68336,0.164557,6.46425,0.276316,0,0.642999,35.5389,-3.76572,92.5796,0.642999,4.70082,-2.3384352326393127,4.700817629694939,1.39957,673.7899780273438,,,,,,,336.6,4.315384615,336.6,4.315384615,,,,,,,,,,,,,,,,,,,"Tyrone Taylor","13675",621438
"Andrew Benintendi","CHW",113,490,440,116,78,23,2,13,58,55,45,2,82,2,4,0,,6,2,0.263048,0.0917603,0.166667,0.550562,0.331461,0.411273,0.323328,0.742734,0.148225,4.1274,0.294737,0,-0.429069,62.5049,5.18568,110.715,-0.429069,-3.11634,5.578391373157501,-8.36633586883545,1.39905,401.7200012207031,,,,,,,556.7,4.926548672,556.7,4.926548672,,,,,,,,,,,,,,,,,,,"Andrew Benintendi","17901",643217
"Luis Urías","ATH",78,336,292,66,45,12,1,9,38,36,33,0,79,9,2,0,,3,1,0.225888,0.0971302,0.233996,0.415094,0.320088,0.362944,0.304907,0.683032,0.137056,3.71825,0.275986,0,-0.386087,37.879,-1.42561,102.239,-0.386087,0.332308,0.4747166931629181,1.8323076963424683,1.39505,740.2899780273438,,,,,,,331.6,4.251282051,331.6,4.251282051,,,,,,,,,,,,,,,,,,,"Luis Urias","16622",649966
"Alec Burleson","STL",100,434,399,111,77,18,2,14,50,58,27,0,59,3,4,1,,5,2,0.277445,0.0623853,0.13578,0.459459,0.325368,0.433134,0.328516,0.758501,0.155689,3.88883,0.293976,0,-0.537913,57.1737,6.40521,112.248,-0.537913,0.785872,5.81859290599823,-6.814127564430237,1.38982,235.80999755859375,,,,,,,511.7,5.117,511.7,5.117,,,,,,,,,,,,,,,,,,,"Alec Burleson","27615",676475
"Keibert Ruiz","WSN",122,480,448,110,73,23,0,15,46,56,24,0,52,5,3,0,,3,1,0.246154,0.0492813,0.10883,0.45283,0.289528,0.395604,0.297707,0.685132,0.149451,2.55628,0.248718,0,-0.609044,51.331,-4.81852,90.4073,-0.609044,-5.82805,-6.115138947963715,3.5469512939453125,1.3856,212.47000122070312,,,,,,,465.6,3.816393442,465.6,3.816393442,,,,,,,,,,,,,,,,,,,"Keibert Ruiz","19610",660688
"Michael Conforto","LAD",115,497,437,101,60,20,1,20,59,74,48,2,122,8,3,0,,1,1,0.231959,0.0975057,0.244898,0.398148,0.31746,0.42268,0.321388,0.740141,0.190722,2.48114,0.271698,0,-1.1294,62.6218,4.48373,107.681,-1.1294,-1.28902,3.435593008995056,-6.614017009735107,1.38105,274.9100036621094,,,,,,,547.4,4.76,547.4,4.76,,,,,,,,,,,,,,,,,,,"Michael Conforto","16376",624424
"Nolan Gorman","STL",96,413,373,86,48,15,0,22,54,61,37,1,137,2,2,0,,5,1,0.229935,0.0900196,0.332681,0.270588,0.30137,0.446855,0.322604,0.748224,0.21692,3.59289,0.296992,0,-0.0400033,52.442,4.13004,108.269,-0.0400033,-1.80514,4.043687824159861,-4.530142784118652,1.37017,360.3399963378906,,,,,,,482.6,5.027083333,482.6,5.027083333,,,,,,,,,,,,,,,,,,,"Nolan Gorman","22263",669357
"Carson Kelly","CHC",76,301,267,60,42,11,0,8,32,33,27,0,59,4,3,0,,1,0,0.224638,0.0900322,0.196141,0.459016,0.302251,0.351449,0.290308,0.6537,0.126812,2.46451,0.257143,0,-0.379077,30.3762,-4.81082,87.6093,-0.379077,2.17543,-4.8359998762607574,8.05042839050293,1.36651,522.239990234375,,,,,,,271,3.565789473,271,3.565789473,,,,,,,,,,,,,,,,,,,"Carson Kelly","13620",608348
"Derek Hill","MIA",86,371,342,89,61,14,4,10,49,46,21,0,103,3,2,3,,10,3,0.259475,0.0564516,0.276882,0.203883,0.306233,0.411079,0.311205,0.717312,0.151603,6.65436,0.340517,0,0.113818,43.7052,0.306362,96.5069,0.113818,1.22657,-1.435890406370163,2.2515714168548584,1.3602,582.030029296875,,,,,,,396.4,4.609302325,396.4,4.609302325,,,,,,,,,,,,,,,,,,,"Derek Hill","16947",656537
"Gio Urshela","ATH",84,364,341,92,66,16,2,8,32,38,19,1,62,1,3,0,,1,0,0.27,0.0515222,0.17096,0.30137,0.306792,0.395,0.303817,0.701792,0.125,2.85058,0.307453,0,-0.502305,40.7162,-1.8638,101.472,-0.502305,1.02553,0.11084461212158203,0.575530469417572,1.32407,523.7899780273438,,,,,,,369.1,4.394047619,369.1,4.394047619,,,,,,,,,,,,,,,,,,,"Gio Urshela","10681",570482
"Brooks Lee","MIN",113,490,452,111,73,26,1,10,50,57,33,2,82,1,3,0,,5,1,0.24557,0.067757,0.168224,0.402778,0.296729,0.377215,0.292594,0.673944,0.131646,3.64481,0.277603,0,-0.379074,50.3839,-6.93538,90.2829,-0.379074,-0.3402,-5.8270726799964905,2.309800088405609,1.32372,403.1000061035156,,,,,,,453.4,4.01238938,453.4,4.01238938,,,,,,,,,,,,,,,,,,,"Brooks Lee","31595",686797
"Jake Burger","TEX",143,616,567,137,75,27,2,33,73,100,34,1,166,11,4,0,,1,1,0.24178,0.0551601,0.268683,0.205298,0.295374,0.471954,0.327739,0.767327,0.230174,2.94427,0.279412,0,-1.15899,80.7645,8.70603,114.346,-1.15899,-5.61056,8.952725768089294,-16.710561275482178,1.31956,113.5999984741211,,,,,,,734.2,5.134265734,734.2,5.134265734,,,,,,,,,,,,,,,,,,,"Jake Burger","22275",669394
"Freddy Fermin","KCR",70,275,250,63,45,11,1,6,30,31,20,0,52,2,2,1,,1,0,0.252427,0.0735294,0.188235,0.390625,0.309735,0.381877,0.302985,0.691612,0.12945,3.15031,0.291667,0,-0.361952,30.5988,-1.59355,92.4476,-0.361952,0.953242,-2.740103542804718,6.328242063522339,1.31804,380.0899963378906,,,,,,,264.7,3.781428571,264.7,3.781428571,,,,,,,,,,,,,,,,,,,"Freddy Fermin","21840",666023
"LaMonte Wade Jr.","SFG",113,490,411,97,66,17,1,13,59,47,68,4,106,6,4,2,,2,1,0.236994,0.138015,0.215496,0.640449,0.350365,0.378613,0.323254,0.728978,0.141618,3.21088,0.285141,0,-1.08279,62.4758,5.15658,109.206,-1.08279,0.569793,4.311298131942749,-7.930206835269928,1.31148,431.4100036621094,,,,,,,532.4,4.711504424,532.4,4.711504424,,,,,,,,,,,,,,,,,,,"LaMonte Wade Jr.","18126",664774
"Kyle Higashioka","TEX",79,315,289,61,34,13,0,14,30,43,20,0,85,0,4,1,,1,0,0.210526,0.0645161,0.270161,0.238806,0.259109,0.399123,0.283087,0.658232,0.188596,2.32937,0.24183,0,-0.176915,29.9604,-6.86434,82.9372,-0.176915,2.97132,-6.32289656996727,8.496317148208618,1.30826,370.5899963378906,,,,,,,283.8,3.592405063,283.8,3.592405063,,,,,,,,,,,,,,,,,,,"Kyle Higashioka","5517",543309
"Edouard Julien","MIN",73,315,267,63,41,12,1,8,39,33,44,1,102,2,1,0,,6,1,0.234136,0.141002,0.32282,0.436782,0.346939,0.376368,0.323039,0.723306,0.142232,4.48358,0.343173,0,0.240271,40.1084,3.26034,111.699,0.240271,-1.34194,4.4567821472883224,-2.4169403314590454,1.29516,579.6400146484375,,,,,,,348.1,4.76849315,348.1,4.76849315,,,,,,,,,,,,,,,,,,,"Edouard Julien","27534",666397
"Ty France","MIN",102,441,391,102,69,20,0,12,48,50,31,1,82,17,3,0,,1,0,0.260081,0.0696429,0.185714,0.375,0.3375,0.403226,0.326049,0.740726,0.143145,2.09312,0.299213,0,-0.756147,57.2202,5.63288,113.816,-0.756147,-0.0631324,6.215371489524841,-8.438132353127003,1.28872,447.9100036621094,,,,,,,496.9,4.871568627,496.9,4.871568627,,,,,,,,,,,,,,,,,,,"Ty France","17982",664034
"Miguel Amaya","CHC",83,326,287,68,46,13,1,8,31,39,26,0,67,8,3,3,,0,0,0.237113,0.0785498,0.205438,0.382353,0.314024,0.371134,0.303091,0.685158,0.134021,1.92016,0.279816,0,-0.630402,36.3196,-1.86201,96.2133,-0.630402,-2.67055,-2.1083916425704956,3.7044544219970703,1.28741,350.7799987792969,,,,,,,314.4,3.787951807,314.4,3.787951807,,,,,,,,,,,,,,,,,,,"Miguel Amaya","21693",665804
"Austin Hays","CIN",117,504,462,120,71,32,1,17,65,61,30,1,125,7,3,1,,3,2,0.260341,0.0602679,0.247768,0.243243,0.313199,0.442822,0.325661,0.756021,0.182482,3.53713,0.319444,0,-1.07977,65.2373,6.28032,102.384,-1.07977,0.481983,0.3572535514831543,-4.71801632642746,1.28301,384.3999938964844,,,,,,,579.4,4.952136752,579.4,4.952136752,,,,,,,,,,,,,,,,,,,"Austin Hays","19363",669720
"Spencer Steer","CIN",118,511,448,112,66,27,2,17,60,68,52,1,106,8,2,0,,14,2,0.25,0.102644,0.206843,0.496241,0.337481,0.432624,0.335888,0.770105,0.182624,5.17322,0.290557,0,0.745423,70.3495,10.5737,109.268,0.745423,-2.85914,6.408542990684509,-11.034139156341553,1.27974,154.6699981689453,,,,,,,629.7,5.336440677,629.7,5.336440677,,,,,,,,,,,,,,,,,,,"Spencer Steer","26323",668715
"Jacob Young","WSN",125,539,484,119,93,20,3,3,71,44,33,0,98,11,2,9,,30,7,0.245935,0.0620438,0.182482,0.34,0.307978,0.317073,0.280376,0.625051,0.0711382,6.89735,0.30179,0,2.02618,50.1219,-12.9292,78.7425,2.02618,4.06761,-11.675153017044067,5.9926087856292725,1.26688,298.2900085449219,,,,,,,455.1,3.6408,455.1,3.6408,,,,,,,,,,,,,,,,,,,"Jacob Young","29931",696285
"Andrew Vaughn","CHW",143,616,561,143,91,30,1,22,61,78,42,0,122,8,4,0,,1,0,0.255515,0.0686767,0.197655,0.347458,0.314908,0.428309,0.322642,0.743217,0.172794,2.18473,0.288509,0,-0.909309,78.2374,6.17893,110.232,-0.909309,-3.5055,6.302714049816132,-14.805500030517578,1.24263,264.3399963378906,,,,,,,691.2,4.833566433,691.2,4.833566433,,,,,,,,,,,,,,,,,,,"Andrew Vaughn","26197",683734
"Mauricio Dubón","HOU",83,357,334,88,63,17,1,6,43,37,16,0,49,3,3,2,,3,2,0.263021,0.0437956,0.136253,0.321429,0.298288,0.375,0.293291,0.673289,0.111979,3.99615,0.289231,0,-0.653111,36.9086,-4.8526,91.6426,-0.653111,3.7732,-4.066981256008148,4.098196864128113,1.23231,468.8399963378906,,,,,,,327.3,3.943373493,327.3,3.943373493,,,,,,,,,,,,,,,,,,,"Mauricio Dubon","16530",643289
"Gavin Lux","CIN",115,497,441,115,79,22,3,11,68,49,50,1,106,2,3,1,,6,2,0.260442,0.100218,0.213508,0.469388,0.336245,0.398034,0.322037,0.734279,0.137592,4.98933,0.317881,0,-0.603225,62.8815,4.74336,99.945,-0.603225,-0.514286,-0.6358997412025928,-4.189285695552826,1.21097,335.42999267578125,,,,,,,549.1,4.774782608,549.1,4.774782608,,,,,,,,,,,,,,,,,,,"Gavin Lux","19955",666158
"Carlos Santana","CLE",136,588,511,112,70,23,0,19,61,67,70,2,105,4,4,0,,4,0,0.219178,0.119048,0.178571,0.666667,0.315476,0.374429,0.304613,0.689905,0.155251,2.65494,0.238806,0,-0.414147,66.1487,-2.63439,99.3047,-0.414147,3.71555,-0.8819529116153717,-7.034451723098755,1.20679,345.5199890136719,,,,,,,591.1,4.346323529,591.1,4.346323529,,,,,,,,,,,,,,,,,,,"Carlos Santana","2396",467793
"Trent Grisham","NYY",53,231,199,42,22,11,1,9,27,27,27,1,60,3,1,2,,4,1,0.212366,0.115741,0.261574,0.442478,0.312354,0.400538,0.312787,0.712892,0.188172,4.43999,0.257143,0,-0.0896651,27.5068,0.48487,103.805,-0.0896651,2.18117,0.9160721227526665,3.0061678290367126,1.20037,732.739990234375,,,,,,,253.2,4.77735849,253.2,4.77735849,,,,,,,,,,,,,,,,,,,"Trent Grisham","18564",663757
"Harrison Bader","MIN",84,364,335,79,55,15,1,9,45,41,20,1,78,5,4,0,,15,5,0.236915,0.0558376,0.213198,0.261905,0.286802,0.369146,0.285625,0.655948,0.132231,5.69095,0.278388,0,0.465728,35.3866,-7.19345,85.3814,0.465728,5.66319,-5.622817844152451,4.963193297386169,1.18506,466.07000732421875,,,,,,,330.7,3.936904761,330.7,3.936904761,,,,,,,,,,,,,,,,,,,"Harrison Bader","18030",664056
"Josh Rojas","CHW",79,343,304,72,49,15,1,7,41,30,34,1,74,2,2,2,,8,2,0.236776,0.0982143,0.216518,0.453608,0.313901,0.360202,0.29804,0.674103,0.123426,4.78423,0.289116,0,0.0954786,36.7723,-3.35118,92.9269,0.0954786,0.704177,-2.6804558411240578,2.679177463054657,1.18075,552.6599731445312,,,,,,,331.8,4.2,331.8,4.2,,,,,,,,,,,,,,,,,,,"Josh Rojas","19734",668942
"Dane Myers","MIA",78,336,305,78,54,13,2,9,44,43,23,0,93,6,3,0,,9,2,0.255014,0.0675325,0.275325,0.245283,0.316883,0.395415,0.311993,0.712299,0.140401,5.94025,0.334746,0,0.384181,39.7953,0.490635,97.0374,0.384181,2.36329,-0.8061537444591522,0.9632940292358398,1.17182,662.6900024414062,,,,,,,364,4.666666666,364,4.666666666,,,,,,,,,,,,,,,,,,,"Dane Myers","22054",667472
"Kyle Stowers","MIA",99,427,382,90,51,20,2,17,48,57,35,0,131,6,4,0,,1,1,0.23601,0.0826087,0.306522,0.269504,0.308696,0.430657,0.32042,0.739353,0.194647,2.9548,0.308594,0,-0.922922,53.4691,3.51943,102.709,-0.922922,0.58622,0.46027672290802,-3.3887798190116882,1.16611,523.47998046875,,,,,,,473.3,4.78080808,473.3,4.78080808,,,,,,,,,,,,,,,,,,,"Kyle Stowers","26151",669065
"Chase Meidroth","CHW",65,280,236,59,45,9,1,4,36,25,37,0,46,6,2,0,,4,2,0.248366,0.13211,0.163303,0.808989,0.361468,0.339869,0.319234,0.701337,0.0915033,4.38537,0.29235,0,-0.495586,34.7946,2.04072,107.835,-0.495586,-1.82083,2.014722615480423,-0.17082643508911133,1.15442,999,,,,,,,294.8,4.535384615,294.8,4.535384615,,,,,,,,,,,,,,,,,,,"Chase Meidroth","sa3020011",805367
"Alek Thomas","ARI",71,308,283,72,47,14,3,7,40,37,19,0,58,2,2,1,,6,2,0.252427,0.0625,0.189732,0.329412,0.302691,0.400485,0.305385,0.703176,0.148058,6.10909,0.29375,0,-0.135004,34.8407,-1.1885,93.5767,-0.135004,2.079,-2.500772848725319,3.1790000200271606,1.12934,515.3800048828125,,,,,,,312.5,4.40140845,312.5,4.40140845,,,,,,,,,,,,,,,,,,,"Alek Thomas","23792",677950
"Nolan Schanuel","LAA",128,553,474,120,87,20,1,12,64,57,64,0,92,8,5,2,,8,1,0.252988,0.116041,0.165529,0.701031,0.349315,0.376494,0.323696,0.725809,0.123506,4.06163,0.287154,0,-0.131008,70.7049,6.01604,109.713,-0.131008,-3.65657,6.014755472540855,-13.531571388244629,1.12756,311.2099914550781,,,,,,,602.9,4.71015625,602.9,4.71015625,,,,,,,,,,,,,,,,,,,"Nolan Schanuel","33189",694384
"Jeimer Candelario","CIN",118,511,461,112,61,29,2,20,60,71,39,1,122,7,3,0,,3,2,0.243678,0.0767635,0.238589,0.321739,0.311203,0.445977,0.326365,0.75718,0.202299,3.65595,0.286184,0,-1.06774,66.433,6.65717,102.858,-1.06774,-2.268,0.6788539886474609,-6.842999696731567,1.12084,308.2200012207031,,,,,,,587.8,4.981355932,587.8,4.981355932,,,,,,,,,,,,,,,,,,,"Jeimer Candelario","13621",600869
"José Caballero","TBR",66,287,254,57,38,12,1,6,34,29,21,1,73,8,2,1,,25,8,0.22372,0.0739857,0.252983,0.292453,0.302158,0.350404,0.289487,0.652563,0.126685,6.69288,0.285714,0,1.21537,28.793,-4.77967,91.4722,1.21537,1.27526,-1.5850659608840942,2.800264000892639,1.11359,331.4700012207031,,,,,,,274.2,4.154545454,274.2,4.154545454,,,,,,,,,,,,,,,,,,,"Jose Caballero","23401",676609
"Ramón Urías","BAL",53,231,209,53,36,10,1,6,27,27,17,0,51,4,1,0,,1,1,0.253049,0.0745856,0.220994,0.3375,0.320442,0.402439,0.317116,0.722881,0.14939,3.43703,0.305439,0,-0.579052,28.3117,1.28979,109.481,-0.579052,0.449664,1.9269004464149475,1.1246635019779205,1.11045,701.280029296875,,,,,,,241,4.547169811,241,4.547169811,,,,,,,,,,,,,,,,,,,"Ramon Urias","18795",602104
"Miguel Andujar","ATH",96,413,387,104,73,21,1,9,44,45,22,1,57,2,2,0,,4,2,0.269634,0.0539216,0.137255,0.392857,0.311274,0.400524,0.30903,0.711798,0.13089,3.41589,0.294671,0,-0.769104,47.9299,-0.382067,105.139,-0.769104,0.834545,1.6592153310775757,-4.690454602241516,1.10882,561.97998046875,,,,,,,420.6,4.38125,420.6,4.38125,,,,,,,,,,,,,,,,,,,"Miguel Andujar","15878",609280
"Connor Wong","BOS",94,371,343,87,56,20,1,10,44,43,22,0,97,5,1,1,,5,3,0.254408,0.0581395,0.260465,0.223214,0.307692,0.40806,0.312117,0.715753,0.153652,3.91729,0.324818,0,-1.01665,44.0012,0.578939,97.5445,-1.01665,-6.98677,-2.0595933198928833,0.2632308006286621,1.09245,232.60000610351562,,,,,,,384,4.085106382,384,4.085106382,,,,,,,,,,,,,,,,,,,"Connor Wong","19896",657136
"Ryan Mountcastle","BAL",123,532,489,125,81,25,1,18,60,70,34,1,126,2,7,0,,3,1,0.256729,0.0646388,0.237643,0.272,0.304182,0.424431,0.313453,0.728613,0.167702,3.15139,0.305475,0,-0.720764,63.634,1.40168,106.904,-0.720764,-0.0670781,3.4817736744880676,-10.717077746987343,1.08433,233.74000549316406,,,,,,,569.3,4.628455284,569.3,4.628455284,,,,,,,,,,,,,,,,,,,"Ryan Mountcastle","18373",663624
"Rhys Hoskins","MIL",131,567,495,110,59,24,1,26,66,78,61,1,158,7,4,0,,2,1,0.222472,0.107843,0.278431,0.387324,0.313726,0.431461,0.323367,0.745186,0.208989,2.72969,0.267606,0,-0.997086,72.3448,6.01827,106.942,-0.997086,-1.5991,3.7100321650505066,-12.174096584320068,1.07591,277.739990234375,,,,,,,645.7,4.929007633,645.7,4.929007633,,,,,,,,,,,,,,,,,,,"Rhys Hoskins","16472",656555
"Willi Castro","MIN",139,602,537,131,87,26,4,13,84,62,43,0,141,17,4,1,,18,7,0.244353,0.0714286,0.234432,0.304688,0.317431,0.383984,0.308983,0.701415,0.13963,6.45785,0.304843,0,-0.308421,69.8413,-0.579468,101.812,-0.308421,-9.1271,0.9394600093364716,-10.627102851867676,1.07206,234.25999450683594,,,,,,,611.6,4.4,611.6,4.4,,,,,,,,,,,,,,,,,,,"Willi Castro","17338",650489
"Ryan Bliss","SEA",76,329,295,65,43,13,2,7,41,35,26,0,88,4,2,1,,19,7,0.220807,0.08,0.268571,0.297872,0.292543,0.348195,0.283904,0.640738,0.127389,6.86168,0.28882,0,0.509871,31.5281,-6.95767,89.8739,0.509871,1.38436,-3.3020655512809753,2.7093636989593506,1.07147,570.8300170898438,,,,,,,290.4,3.821052631,290.4,3.821052631,,,,,,,,,,,,,,,,,,,"Ryan Bliss","29547",669208
"Oliver Dunn","MIL",84,364,324,67,42,15,3,7,37,36,36,1,130,3,0,1,,7,2,0.207237,0.0994152,0.356725,0.278689,0.293255,0.342105,0.282258,0.63536,0.134868,5.92604,0.32,0,-0.00206952,34.4001,-8.17989,79.2737,-0.00206952,5.81864,-9.023681690916419,7.118638753890991,1.05514,691.6699829101562,,,,,,,302.3,3.598809523,302.3,3.598809523,,,,,,,,,,,,,,,,,,,"Oliver Dunn","26295",686554
"Jesse Winker","NYM",96,413,348,83,56,16,1,11,48,45,55,1,83,7,2,1,,6,2,0.239186,0.133047,0.201717,0.659574,0.352688,0.381679,0.327827,0.734368,0.142494,3.88759,0.283737,0,-0.400426,54.1781,5.86619,113.83,-0.400426,-1.79626,6.429781675338745,-10.021256446838379,1.04949,403.1400146484375,,,,,,,464.1,4.834375,464.1,4.834375,,,,,,,,,,,,,,,,,,,"Jesse Winker","13590",608385
"Gabriel Arias","CLE",62,266,246,61,39,13,2,7,30,31,16,1,73,3,1,0,,6,1,0.247159,0.0603675,0.275591,0.219048,0.299213,0.400568,0.303324,0.699781,0.153409,5.80045,0.322176,0,0.239336,29.6487,-1.46751,98.3986,0.239336,0.230131,-0.24805308878421783,1.5301308035850525,1.0482,716.4299926757812,,,,,,,276.1,4.453225806,276.1,4.453225806,,,,,,,,,,,,,,,,,,,"Gabriel Arias","22563",672356
"Christian Vázquez","MIN",75,295,272,63,47,12,0,5,27,27,16,0,60,1,3,3,,2,1,0.231788,0.0550459,0.204893,0.268657,0.274691,0.324503,0.263979,0.599195,0.0927152,2.6638,0.27897,0,-0.510042,23.5392,-10.9693,70.1552,-0.510042,5.28852,-10.583920121192932,10.7885160446167,1.03676,642.8099975585938,,,,,,,214.6,2.861333333,214.6,2.861333333,,,,,,,,,,,,,,,,,,,"Christian Vazquez","9774",543877
"Alex Call","WSN",58,252,216,49,32,10,1,6,31,26,29,0,48,4,2,1,,6,2,0.225543,0.11655,0.191142,0.609756,0.327103,0.366848,0.309746,0.693951,0.141304,4.61719,0.258993,0,-0.173924,29.3907,-0.0877473,98.5109,-0.173924,4.16571,-0.6226500123739243,2.2657142877578735,1.03638,741.6199951171875,,,,,,,254.3,4.384482758,254.3,4.384482758,,,,,,,,,,,,,,,,,,,"Alex Call","19296",669743
"Gary Sánchez","BAL",63,257,227,49,29,9,1,10,26,33,24,0,68,4,2,0,,0,0,0.216828,0.0940171,0.264957,0.354839,0.301994,0.398058,0.306748,0.700053,0.18123,1.86669,0.258537,0,-0.457234,29.3994,-0.710721,102.188,-0.457234,0,0.18719565868377686,0.9749999046325684,1.00621,515.280029296875,,,,,,,257.2,4.082539682,257.2,4.082539682,,,,,,,,,,,,,,,,,,,"Gary Sanchez","11442",596142
"Josh Bell","WSN",134,581,515,129,84,23,1,20,62,68,58,2,114,4,4,0,,0,1,0.250493,0.0996503,0.195804,0.508929,0.328671,0.418146,0.325262,0.746817,0.167653,1.73934,0.282322,0,-1.54974,75.0174,7.05315,108.954,-1.54974,-0.2673,4.671151518821716,-14.442300200462341,0.989063,331.8999938964844,,,,,,,651,4.858208955,651,4.858208955,,,,,,,,,,,,,,,,,,,"Josh Bell","13145",605137
"Nick Fortes","MIA",84,333,302,70,50,13,0,7,34,33,18,0,49,6,3,4,,2,1,0.231023,0.0538922,0.146707,0.367347,0.284848,0.343234,0.27717,0.628083,0.112211,2.86919,0.252,0,-0.586929,30.0886,-8.84171,73.599,-0.586929,3.05576,-11.093599319458008,9.55576467514038,0.985759,608.260009765625,,,,,,,266.5,3.172619047,266.5,3.172619047,,,,,,,,,,,,,,,,,,,"Nick Fortes","21538",663743
"Roman Anthony","BOS",79,343,302,74,46,17,3,8,45,41,37,1,91,2,2,0,,7,3,0.245902,0.108303,0.265343,0.408163,0.330325,0.403689,0.321492,0.734013,0.157787,5.6696,0.323263,0,-0.55623,43.2465,3.12302,104.139,-0.55623,0.755107,1.0681297779083252,-3.019892632961273,0.979313,999,,,,,,,375.9,4.758227848,375.9,4.758227848,,,,,,,,,,,,,,,,,,,"Roman Anthony","sa3020211",701350
"Dairon Blanco","KCR",41,175,157,41,29,7,2,3,29,21,12,0,41,3,1,2,,22,5,0.262976,0.068323,0.236025,0.289474,0.326019,0.391003,0.314952,0.717022,0.128028,8.71323,0.334928,0,2.12378,21.1434,0.672231,100.865,2.12378,2.13348,2.2970867604017258,1.2584822177886963,0.969704,680.1900024414062,,,,,,,205.3,5.007317073,205.3,5.007317073,,,,,,,,,,,,,,,,,,,"Dairon Blanco","19779",680118
"Will Brennan","CLE",63,273,253,70,50,15,1,5,29,29,15,1,39,3,2,0,,5,2,0.277778,0.055794,0.143777,0.38806,0.324034,0.400463,0.314706,0.724497,0.122685,4.45035,0.311111,0,-0.184395,32.9296,0.994589,106.404,-0.184395,0.888469,1.8161081969738007,-1.7365312576293945,0.948108,669,,,,,,,293.1,4.652380952,293.1,4.652380952,,,,,,,,,,,,,,,,,,,"Will Brennan","25660",686823
"Ramón Laureano","BAL",47,203,184,44,27,9,1,7,25,27,14,0,60,5,1,0,,5,2,0.240793,0.0666667,0.297436,0.224138,0.310256,0.413598,0.316341,0.723854,0.172805,5.56613,0.32,0,-0.0570234,24.7534,1.00681,108.936,-0.0570234,1.45957,2.0185359492897987,0.2845728397369385,0.936752,604.739990234375,,,,,,,220.9,4.7,220.9,4.7,,,,,,,,,,,,,,,,,,,"Ramon Laureano","17128",657656
"Colt Keith","DET",125,539,489,128,80,29,3,15,70,72,43,1,124,3,4,0,,2,1,0.261122,0.0807018,0.229825,0.351145,0.322807,0.425532,0.324373,0.748339,0.16441,3.87539,0.318182,0,-0.997338,69.2088,6.15759,113.152,-0.997338,-6.15859,7.113875865936279,-16.033591747283936,0.934471,254.52999877929688,,,,,,,609,4.872,609,4.872,,,,,,,,,,,,,,,,,,,"Colt Keith","27899",690993
"Victor Caratini","HOU",53,212,188,44,33,6,0,5,19,24,18,1,43,4,2,0,,0,1,0.234127,0.084507,0.204225,0.413793,0.309859,0.349206,0.290567,0.659065,0.115079,1.3706,0.273684,0,-0.721987,21.4935,-3.35269,89.7268,-0.721987,1.59055,-3.2186946868896484,5.165545582771301,0.932321,557.6400146484375,,,,,,,186,3.509433962,186,3.509433962,,,,,,,,,,,,,,,,,,,"Victor Caratini","14968",605170
"Drake Baldwin","ATL",53,211,188,44,28,10,0,6,23,26,20,0,55,3,0,0,,0,0,0.234146,0.0932755,0.262473,0.355372,0.316703,0.385366,0.309451,0.702069,0.15122,1.85317,0.299639,0,-0.397737,24.582,-0.12378,96.7553,-0.397737,-1.0692,-1.2171981036663055,3.0558000802993774,0.916257,999,,,,,,,212.8,4.015094339,212.8,4.015094339,,,,,,,,,,,,,,,,,,,"Drake Baldwin","sa3019920",686948
"Luis Campusano","SDP",66,263,243,61,42,10,1,7,32,34,16,0,43,2,1,0,,0,0,0.25,0.0619718,0.16338,0.37931,0.301408,0.390244,0.302049,0.691652,0.140244,2.21201,0.274809,0,-0.479459,29.0442,-1.72105,96.6427,-0.479459,-3.3075,-1.5353078246116638,1.5174996852874756,0.902684,401.92999267578125,,,,,,,253.1,3.834848484,253.1,3.834848484,,,,,,,,,,,,,,,,,,,"Luis Campusano","22217",669134
"DJ LeMahieu","NYY",68,294,259,63,48,10,1,4,30,27,30,1,52,1,2,1,,1,1,0.244444,0.102941,0.176471,0.583333,0.324324,0.338889,0.296106,0.663213,0.0944445,2.28202,0.287719,0,-1.06516,31.0615,-3.33001,92.0716,-1.06516,3.5721,-3.7322428226470947,2.6220998764038086,0.897535,645.0499877929688,,,,,,,258.2,3.797058823,258.2,3.797058823,,,,,,,,,,,,,,,,,,,"DJ LeMahieu","9874",518934
"Brendan Rodgers","HOU",44,189,174,46,31,9,1,5,22,22,12,0,41,2,1,0,,0,0,0.261905,0.0618762,0.219561,0.281818,0.314,0.409091,0.314388,0.723091,0.147186,3.29611,0.316716,0,-0.269927,22.749,0.640182,106.482,-0.269927,0.568976,1.1319357752799988,1.2439756393432617,0.896071,536.8599853515625,,,,,,,204.4,4.645454545,204.4,4.645454545,,,,,,,,,,,,,,,,,,,"Brendan Rodgers","17907",663898
"Tyler Freeman","CLE",57,245,214,53,39,10,1,4,31,26,17,1,33,11,2,1,,7,2,0.247191,0.0687961,0.135135,0.509091,0.330864,0.348315,0.304059,0.679179,0.101124,5.22324,0.275168,0,-0.173482,27.4528,-1.20679,98.9154,-0.173482,-0.050625,-0.47752757370471954,0.9743749760091305,0.894804,706.530029296875,,,,,,,246.8,4.329824561,246.8,4.329824561,,,,,,,,,,,,,,,,,,,"Tyler Freeman","22532",671289
"Pedro Pagés","STL",62,243,221,49,34,8,1,5,21,27,18,0,64,2,2,1,,1,0,0.220497,0.0732394,0.261972,0.27957,0.282486,0.338509,0.274587,0.620995,0.118012,3.32258,0.28125,0,-0.153114,21.4821,-6.96694,75.95,-0.153114,2.94417,-7.147347792983055,7.69417405128479,0.892901,571.4299926757812,,,,,,,191.2,3.083870967,191.2,3.083870967,,,,,,,,,,,,,,,,,,,"Pedro Pages","25782",686780
"Christian Encarnacion-Strand","CIN",102,441,407,105,62,22,2,20,56,71,25,1,125,7,2,0,,3,1,0.257471,0.0573248,0.282378,0.203008,0.309979,0.464368,0.332395,0.774347,0.206897,4.00126,0.321555,0,-0.549009,59.4727,7.88533,106.917,-0.549009,0.322514,3.098434865474701,-9.152486622333527,0.891461,229.16000366210938,,,,,,,543.1,5.324509803,543.1,5.324509803,,,,,,,,,,,,,,,,,,,"Christian Encarnacion-Strand","30011",687952
"Ben Rortvedt","TBR",65,256,227,49,34,10,0,4,24,26,25,0,70,3,1,0,,1,0,0.215909,0.0973154,0.271812,0.358025,0.302013,0.318182,0.279985,0.620195,0.102273,2.36073,0.290503,0,-0.323133,23.725,-6.22141,84.7877,-0.323133,-0.206809,-4.779090732336044,4.793191477656364,0.882818,718.2100219726562,,,,,,,199.9,3.075384615,199.9,3.075384615,,,,,,,,,,,,,,,,,,,"Ben Rortvedt","20287",666163
"Johan Rojas","PHI",73,315,291,71,52,12,3,4,40,31,14,0,63,4,1,6,,19,3,0.242697,0.0435685,0.201245,0.216495,0.285412,0.346067,0.277538,0.63148,0.103371,7.96577,0.297376,0,1.9203,28.5725,-8.27562,75.8789,1.9203,4.09362,-7.165628910064697,5.218615531921387,0.882281,585.97998046875,,,,,,,277.8,3.805479452,277.8,3.805479452,,,,,,,,,,,,,,,,,,,"Johan Rojas","24336",679032
"Blake Perkins","MIL",58,252,221,50,34,10,1,4,30,25,26,1,65,1,2,1,,10,2,0.225352,0.10396,0.259901,0.4,0.307692,0.340845,0.288028,0.648537,0.115493,6.12077,0.295547,0,0.503075,24.9856,-4.49288,83.1567,0.503075,3.74914,-4.572536647319794,4.649142622947693,0.874603,649.5,,,,,,,225.7,3.89137931,225.7,3.89137931,,,,,,,,,,,,,,,,,,,"Blake Perkins","19921",663368
"Matt Vierling","DET",110,476,431,110,75,20,4,11,59,45,38,1,102,4,3,1,,5,3,0.254065,0.0791897,0.213628,0.37069,0.317343,0.394309,0.310844,0.711652,0.140244,5.11708,0.307902,0,-0.919501,55.9365,0.25489,103.636,-0.919501,-5.95025,1.0606684684753418,-8.550248146057129,0.865274,370.2799987792969,,,,,,,496.3,4.511818181,496.3,4.511818181,,,,,,,,,,,,,,,,,,,"Matt Vierling","21558",663837
"Spencer Torkelson","DET",84,364,320,73,39,18,1,15,48,47,37,1,97,4,3,0,,1,0,0.227826,0.10229,0.267176,0.382857,0.312977,0.427826,0.321402,0.740803,0.2,3.19691,0.274406,0,-0.409297,45.8681,3.28807,111.062,-0.409297,0,4.1981033980846405,-8,0.860534,430.760009765625,,,,,,,412.6,4.911904761,412.6,4.911904761,,,,,,,,,,,,,,,,,,,"Spencer Torkelson","27465",679529
"Endy Rodríguez","PIT",84,345,315,77,48,19,2,7,44,39,25,0,71,3,2,0,,1,1,0.244131,0.0728051,0.205567,0.354167,0.304069,0.389671,0.303006,0.69374,0.14554,4.25371,0.291022,0,-0.603899,38.3434,-1.99061,91.0237,-0.603899,0.279818,-4.304971754550934,1.0798181295394897,0.852767,415.2900085449219,,,,,,,331.6,3.947619047,331.6,3.947619047,,,,,,,,,,,,,,,,,,,"Endy Rodriguez","25332",682848
"Rob Refsnyder","BOS",52,224,195,51,33,12,1,6,26,28,23,1,57,4,1,0,,2,1,0.263941,0.10356,0.252427,0.410256,0.352751,0.420074,0.338639,0.772825,0.156134,3.76404,0.340541,0,-0.333519,31.3341,5.13102,116.201,-0.333519,-0.296716,3.8187804520130157,-3.046715795993805,0.850928,730.8400268554688,,,,,,,269.5,5.182692307,269.5,5.182692307,,,,,,,,,,,,,,,,,,,"Rob Refsnyder","13770",608701
"Javier Báez","DET",84,364,340,78,53,14,2,9,40,42,17,1,92,5,3,0,,8,1,0.230769,0.0462963,0.252315,0.183486,0.275463,0.364764,0.278454,0.640227,0.133995,5.73285,0.286713,0,0.758721,33.2855,-9.29456,80.8514,0.758721,-0.459491,-7.21650367975235,3.190509170293808,0.83739,629.97998046875,,,,,,,311.8,3.711904761,311.8,3.711904761,,,,,,,,,,,,,,,,,,,"Javier Baez","12979",595879
"Eguy Rosario","SDP",57,245,220,51,30,12,1,8,29,32,20,1,64,3,2,1,,6,3,0.231481,0.08125,0.2625,0.309524,0.300626,0.407407,0.307547,0.708034,0.175926,5.04766,0.286689,0,-0.422203,28.1406,-0.519023,100.344,-0.422203,1.7388,-0.3215476870536804,0.16379988193511963,0.826325,664.47998046875,,,,,,,253.3,4.443859649,253.3,4.443859649,,,,,,,,,,,,,,,,,,,"Eguy Rosario","19964",666703
"Mitch Garver","SEA",76,316,272,54,31,12,0,11,31,35,38,0,94,4,2,0,,0,0,0.198052,0.120112,0.298883,0.401869,0.304469,0.36039,0.296791,0.664859,0.162338,1.08036,0.256545,0,-0.577853,33.5387,-3.40301,98.9387,-0.577853,0,-0.9613456428050995,-1.5749998092651367,0.825294,456.5199890136719,,,,,,,294.6,3.876315789,294.6,3.876315789,,,,,,,,,,,,,,,,,,,"Mitch Garver","15161",641598
"Chris Taylor","LAD",63,273,239,54,34,11,2,7,34,29,29,1,88,3,2,1,,6,1,0.22623,0.106017,0.320917,0.330357,0.316092,0.37377,0.304534,0.689862,0.147541,5.98373,0.322581,0,0.416173,30.6946,-1.24037,96.3372,0.416173,-0.1215,-0.7795583307743073,-0.346499964594841,0.822619,725,,,,,,,277.1,4.398412698,277.1,4.398412698,,,,,,,,,,,,,,,,,,,"Chris Taylor","13757",621035
"Jordan Walker","STL",130,560,510,125,78,26,3,18,54,68,40,0,129,7,4,0,,6,3,0.244403,0.0713073,0.2309,0.308823,0.305603,0.412313,0.312169,0.717916,0.16791,3.69729,0.290909,0,-0.997282,66.4046,0.896875,101.245,-0.997282,-4.6221,-0.16325390338897705,-10.622097969055176,0.812094,285.92999267578125,,,,,,,595.7,4.582307692,595.7,4.582307692,,,,,,,,,,,,,,,,,,,"Jordan Walker","27475",691023
"Paul DeJong","WSN",86,371,339,72,43,14,0,15,40,43,23,0,114,6,3,0,,2,2,0.213399,0.0612245,0.306122,0.2,0.272109,0.389578,0.287605,0.661687,0.176179,2.39073,0.267717,0,-0.909302,36.6581,-6.74075,83.6081,-0.909302,2.2667,-8.181497573852539,3.6417040824890137,0.807103,439.5199890136719,,,,,,,331,3.848837209,331,3.848837209,,,,,,,,,,,,,,,,,,,"Paul DeJong","18015",657557
"Kyle Teel","CHW",45,179,159,39,29,7,0,3,24,17,17,0,45,1,1,0,,3,1,0.243736,0.097166,0.248988,0.390244,0.321862,0.346241,0.297836,0.668104,0.102506,3.77431,0.316129,0,-0.307951,19.1823,-1.78021,92.7836,-0.307951,-0.200708,-1.7876198589801788,3.299292027950287,0.773075,999,,,,,,,164.8,3.662222222,164.8,3.662222222,,,,,,,,,,,,,,,,,,,"Kyle Teel","sa3022886",691019
"Christopher Morel","TBR",115,497,442,102,61,18,3,21,61,67,46,2,137,5,3,1,,8,4,0.231214,0.0926244,0.276158,0.335404,0.309278,0.427746,0.319157,0.737024,0.196532,4.65566,0.282738,0,-1.05977,61.7292,3.59113,112.342,-1.05977,-9.28687,5.958806276321411,-15.111875057220459,0.765772,268.42999267578125,,,,,,,552.9,4.807826086,552.9,4.807826086,,,,,,,,,,,,,,,,,,,"Christopher Morel","21897",666624
"Jake Fraley","CIN",100,434,388,98,68,18,1,11,48,49,39,1,86,5,2,0,,19,5,0.252308,0.0906593,0.197802,0.458333,0.326923,0.387692,0.31417,0.714615,0.135385,5.31115,0.296748,0,1.00867,52.1624,1.39393,94.6497,1.00867,0.46766,-1.768022894859314,-5.2823396027088165,0.76449,382.1600036621094,,,,,,,476.2,4.762,476.2,4.762,,,,,,,,,,,,,,,,,,,"Jake Fraley","19260",641584
"Seth Brown","ATH",66,287,264,63,37,12,1,13,30,40,20,1,79,1,1,0,,3,1,0.237745,0.0699774,0.275395,0.254098,0.293454,0.438725,0.31476,0.732179,0.20098,4.0423,0.287313,0,-0.0696004,34.6309,1.05815,109.169,-0.0696004,-1.48397,2.9415340051054955,-5.158969402313232,0.759077,474.1700134277344,,,,,,,317.4,4.809090909,317.4,4.809090909,,,,,,,,,,,,,,,,,,,"Seth Brown","18171",664913
"Alex Verdugo",,71,308,279,70,46,16,1,7,39,32,24,1,47,2,3,1,,2,1,0.250936,0.0779661,0.152542,0.511111,0.310696,0.389513,0.305377,0.700209,0.138577,3.36251,0.275229,0,-0.674089,34.8388,-1.19047,96.7525,-0.674089,2.22434,-1.8443788886070251,-1.0756595134735107,0.758264,541.9299926757812,,,,,,,309.9,4.364788732,309.9,4.364788732,,,,,,,,,,,,,,,,,,,"Alex Verdugo","17027",657077
"Masataka Yoshida","BOS",60,259,234,66,46,13,1,7,29,34,19,1,32,4,2,0,,2,0,0.283753,0.0724638,0.124224,0.583333,0.345756,0.434783,0.338969,0.780538,0.15103,3.37313,0.302452,0,-0.211514,36.2989,6.00159,116.433,-0.211514,0,4.658435732126236,-5.974999904632568,0.755718,438.0299987792969,,,,,,,317.6,5.293333333,317.6,5.293333333,,,,,,,,,,,,,,,,,,,"Masataka Yoshida","31837",807799
"Jose Miranda","MIN",99,427,394,105,70,23,2,11,44,52,24,1,68,6,3,0,,2,1,0.266816,0.0559006,0.15942,0.350649,0.31677,0.414798,0.317437,0.731568,0.147982,3.05467,0.297222,0,-0.78589,52.444,2.49438,107.758,-0.78589,-2.23855,3.0046305060386658,-9.963545322418213,0.751382,370.69000244140625,,,,,,,466.5,4.712121212,466.5,4.712121212,,,,,,,,,,,,,,,,,,,"Jose Miranda","20538",669304
"Jonah Bride","MIA",87,378,320,77,51,16,1,9,40,44,46,0,70,7,4,1,,1,1,0.240275,0.122093,0.186047,0.65625,0.343689,0.377574,0.321165,0.721264,0.1373,2.26763,0.277612,0,-0.971175,47.5599,3.34221,103.21,-0.971175,1.37135,0.4799489974975586,-5.828650951385498,0.747635,460.5299987792969,,,,,,,406,4.666666666,406,4.666666666,,,,,,,,,,,,,,,,,,,"Jonah Bride","24703",681146
"Brett Baty","NYM",41,175,157,38,26,6,0,6,21,22,16,0,45,2,0,0,,1,0,0.239535,0.0895833,0.258333,0.346774,0.31524,0.395349,0.312089,0.710589,0.155814,2.45304,0.296552,0,-0.338486,20.7402,0.269072,103.238,-0.338486,0.37437,0.33906909823417664,1.0493697822093964,0.745264,550.02001953125,,,,,,,185.5,4.524390243,185.5,4.524390243,,,,,,,,,,,,,,,,,,,"Brett Baty","26123",683146
"Jared Triolo","PIT",53,231,206,51,36,10,1,4,25,23,22,0,58,2,2,0,,5,1,0.2457,0.0940919,0.249453,0.377193,0.321663,0.353808,0.300565,0.675471,0.108108,5.04887,0.321799,0,0.126766,25.2344,-1.7875,89.3805,0.126766,2.78922,-2.806665226817131,2.264217495918274,0.738444,614.469970703125,,,,,,,230.6,4.350943396,230.6,4.350943396,,,,,,,,,,,,,,,,,,,"Jared Triolo","25807",669707
"Luis Torrens","NYM",58,230,210,49,32,10,0,7,23,28,16,0,60,2,3,0,,1,1,0.231076,0.0690909,0.261818,0.263889,0.287273,0.374502,0.289051,0.661775,0.143426,2.045,0.287356,0,-0.561891,23.0338,-3.91792,87.7316,-0.561891,-1.12424,-3.942012071609497,3.37575900554657,0.733922,677.9299926757812,,,,,,,212.3,3.660344827,212.3,3.660344827,,,,,,,,,,,,,,,,,,,"Luis Torrens","15905",620443
"Jordan Lawlar","ARI",50,217,193,44,30,9,1,4,26,23,17,0,53,4,2,1,,8,2,0.226257,0.079602,0.246269,0.323232,0.301746,0.340782,0.286254,0.642528,0.114525,5.99464,0.290196,0,0.227959,21.2056,-4.17867,80.7002,0.227959,3.27522,-4.78015011548996,4.650217294692993,0.732898,380.42999267578125,,,,,,,195.4,3.908,195.4,3.908,,,,,,,,,,,,,,,,,,,"Jordan Lawlar","29976",691783
"Giancarlo Stanton","NYY",71,308,276,63,34,11,0,18,32,48,29,1,92,1,1,0,,0,0,0.228426,0.0954545,0.297727,0.320611,0.304545,0.459391,0.327673,0.763936,0.230964,0.686081,0.270833,0,-0.502747,40.366,4.33674,114.276,-0.502747,0,4.528486490249634,-7.699999809265137,0.732841,499.6199951171875,,,,,,,367.9,5.18169014,367.9,5.18169014,,,,,,,,,,,,,,,,,,,"Giancarlo Stanton","4949",519317
"Yasmani Grandal",,36,141,122,28,20,4,0,4,13,13,17,0,29,1,1,0,,0,0,0.231047,0.11875,0.209375,0.567164,0.326019,0.364621,0.308136,0.69064,0.133574,1.85758,0.270936,0,-0.207177,16.239,-0.231559,98.6504,-0.207177,0.0405,-0.4295125752687454,2.7905000001192093,0.728335,741.3800048828125,,,,,,,138,3.833333333,138,3.833333333,,,,,,,,,,,,,,,,,,,"Yasmani Grandal","11368",518735
"Oswald Peraza","NYY",49,210,190,44,31,7,0,6,26,26,15,0,50,4,0,0,,8,3,0.232719,0.0729167,0.239583,0.304348,0.302714,0.370968,0.297045,0.673682,0.138249,5.38497,0.284314,0,0.121677,22.3455,-2.21992,92.7319,0.121677,0.824464,-1.6247296333312988,1.6744642853736877,0.728128,721.780029296875,,,,,,,196.9,4.018367346,196.9,4.018367346,,,,,,,,,,,,,,,,,,,"Oswald Peraza","22823",672724
"Victor Scott II","STL",102,441,398,89,66,12,4,6,48,39,27,0,88,6,4,6,,27,5,0.222917,0.0620301,0.199248,0.311321,0.28,0.31875,0.265587,0.59875,0.0958333,7.51291,0.268817,0,2.5058,35.7596,-15.8278,69.8924,2.5058,4.09847,-13.37145447731018,5.67347264289856,0.72168,375.1400146484375,,,,,,,350.7,3.438235294,350.7,3.438235294,,,,,,,,,,,,,,,,,,,"Victor Scott II","31349",687363
"Mickey Moniak","LAA",65,280,263,62,37,11,3,11,31,36,13,1,82,3,1,0,,5,2,0.234694,0.0478469,0.291866,0.163934,0.277512,0.420918,0.299634,0.69843,0.186224,5.50245,0.296875,0,-0.288459,30.3774,-2.37647,92.7873,-0.288459,-0.112696,-2.599244087934494,0.187304325401783,0.714889,587.6199951171875,,,,,,,288.5,4.438461538,288.5,4.438461538,,,,,,,,,,,,,,,,,,,"Mickey Moniak","19956",666160
"Andy Pages","LAD",39,168,150,37,21,8,1,7,23,23,13,0,43,4,2,0,,1,1,0.246914,0.0787546,0.254579,0.309353,0.320513,0.446502,0.331312,0.767015,0.199588,3.867,0.29697,0,-0.487935,22.5099,2.85755,114.361,-0.487935,-0.589091,2.397081196308136,-1.1890909075737,0.702553,413.95001220703125,,,,,,,202,5.179487179,202,5.179487179,,,,,,,,,,,,,,,,,,,"Andy Pages","24816",681624
"Davis Schneider","TOR",45,196,169,37,20,9,1,7,23,24,23,0,57,2,2,0,,2,0,0.218673,0.116525,0.290254,0.40146,0.317797,0.407862,0.318149,0.725659,0.189189,4.56756,0.280156,0,-0.027108,24.185,1.25733,108.931,-0.027108,1.44363,1.9758956246078014,-1.756371021270752,0.697464,694.3800048828125,,,,,,,214.6,4.768888888,214.6,4.768888888,,,,,,,,,,,,,,,,,,,"Davis Schneider","23565",676914
"Juan Brito","CLE",58,252,221,51,32,13,0,5,30,28,26,0,46,2,2,1,,3,2,0.231911,0.102439,0.18374,0.557522,0.316993,0.367347,0.302912,0.68434,0.135436,3.68319,0.268585,0,-0.731504,28.0046,-1.47384,98.1088,-0.731504,-0.804088,-1.276807427406311,-0.4040876030921936,0.693991,999,,,,,,,233.4,4.024137931,233.4,4.024137931,,,,,,,,,,,,,,,,,,,"Juan Brito","sa3009808",682877
"Justin Turner","CHC",83,357,311,78,55,16,0,8,41,38,34,1,66,7,4,0,,1,1,0.251799,0.0962343,0.186192,0.516854,0.334728,0.381295,0.316031,0.716023,0.129496,2.03942,0.291022,0,-0.901719,43.4425,1.68135,104.922,-0.901719,0,1.1996522545814514,-6.375,0.693315,519.8300170898438,,,,,,,369.5,4.451807228,369.5,4.451807228,,,,,,,,,,,,,,,,,,,"Justin Turner","5235",457759
"Colson Montgomery","CHW",86,371,325,66,44,13,2,8,37,40,34,1,108,10,1,0,,3,1,0.203463,0.0929791,0.290323,0.320261,0.297913,0.32684,0.280064,0.624753,0.123377,4.1748,0.276667,0,-0.690455,34.4063,-8.99258,80.2819,-0.690455,-0.57721,-9.06083232164383,3.3977898359298706,0.692419,513.8300170898438,,,,,,,303.8,3.532558139,303.8,3.532558139,,,,,,,,,,,,,,,,,,,"Colson Montgomery","sa3017170",695657
"Lenyn Sosa","CHW",86,371,349,86,60,15,1,10,38,42,15,1,81,2,2,2,,2,1,0.246835,0.0416667,0.218254,0.190909,0.281437,0.383966,0.287979,0.665403,0.137131,3.06741,0.291785,0,-0.758802,36.7699,-6.62895,85.8499,-0.758802,1.51632,-6.765548765659332,1.0913200378417969,0.691264,460.9100036621094,,,,,,,327.8,3.811627906,327.8,3.811627906,,,,,,,,,,,,,,,,,,,"Lenyn Sosa","22896",672820
"Richie Palacios","TBR",76,329,284,68,47,14,2,5,42,33,37,1,59,5,2,1,,11,2,0.238095,0.113527,0.178744,0.635135,0.33414,0.35014,0.306067,0.68428,0.112045,5.95132,0.282143,0,0.885223,37.3969,-1.08886,103.135,0.885223,-3.525,2.0652344822883606,-6.3500001430511475,0.690166,494.5899963378906,,,,,,,337.1,4.435526315,337.1,4.435526315,,,,,,,,,,,,,,,,,,,"Richie Palacios","24589",680700
"Donovan Solano","SEA",86,371,336,85,64,15,0,6,32,32,25,1,85,8,2,0,,1,0,0.252459,0.0682493,0.228487,0.298701,0.317507,0.347541,0.295094,0.665048,0.095082,2.07298,0.32,0,-0.535738,38.8946,-4.5043,97.7456,-0.535738,0,-1.492731511592865,-4.275000095367432,0.681607,632.7100219726562,,,,,,,340.8,3.962790697,340.8,3.962790697,,,,,,,,,,,,,,,,,,,"Donovan Solano","8623",456781
"Caleb Durbin","MIL",49,210,184,43,29,10,1,4,27,24,17,1,24,6,1,2,,10,2,0.236111,0.0827251,0.114355,0.723404,0.321078,0.361111,0.303134,0.68219,0.125,6.5601,0.253247,0,0.80875,23.3746,-1.1908,93.3242,0.80875,-0.409263,-0.867664098739624,0.4407368004322052,0.678151,374.3999938964844,,,,,,,211.5,4.31632653,211.5,4.31632653,,,,,,,,,,,,,,,,,,,"Caleb Durbin","sa3017183",702332
"Edmundo Sosa","PHI",41,175,159,40,26,7,2,4,23,19,7,0,41,7,1,1,,4,1,0.24812,0.0410959,0.236301,0.173913,0.305842,0.402256,0.308816,0.708098,0.154135,6.98598,0.307292,0,-0.0784579,20.2792,-0.191964,96.9315,-0.0784579,0.555882,-0.720596008002758,1.3308823108673096,0.664898,523.469970703125,,,,,,,181.1,4.41707317,181.1,4.41707317,,,,,,,,,,,,,,,,,,,"Edmundo Sosa","17022",624641
"Edgar Quero","CHW",39,154,136,33,23,5,0,4,14,18,13,0,30,3,1,0,,0,0,0.238462,0.0842825,0.193622,0.435294,0.314351,0.361538,0.299992,0.675889,0.123077,1.58401,0.275168,0,-0.381011,16.7084,-1.25941,94.2998,-0.381011,-0.339728,-1.3828220963478088,2.660271853208542,0.660749,999,,,,,,,148.9,3.817948717,148.9,3.817948717,,,,,,,,,,,,,,,,,,,"Edgar Quero","sa3015239",700337
"Austin Slater","CHW",49,210,182,43,31,7,1,5,26,19,23,0,60,3,2,0,,5,2,0.238298,0.110701,0.287823,0.384615,0.332103,0.361702,0.309966,0.693805,0.123404,5.06462,0.326797,0,-0.150372,24.5293,-0.0360598,101.316,-0.150372,1.3822,0.16575948894023895,-0.8677982091903687,0.650487,750.469970703125,,,,,,,213.7,4.361224489,213.7,4.361224489,,,,,,,,,,,,,,,,,,,"Austin Slater","16153",596103
"Rafael Marchán","PHI",36,141,125,29,21,6,1,2,15,14,11,0,22,3,1,1,,0,0,0.233184,0.0796813,0.159363,0.5,0.308,0.340807,0.289359,0.648807,0.107623,2.28992,0.265193,0,-0.274493,14.1111,-2.35945,83.8353,-0.274493,1.64492,-2.9961376786231995,4.394923090934753,0.62871,713.6900024414062,,,,,,,121.3,3.369444444,121.3,3.369444444,,,,,,,,,,,,,,,,,,,"Rafael Marchan","21646",665561
"Taylor Walls","TBR",57,245,214,44,29,9,1,4,30,21,29,0,61,1,1,1,,11,3,0.20625,0.117166,0.247956,0.472527,0.300546,0.31875,0.279202,0.619296,0.1125,6.47119,0.266667,0,0.724613,22.5512,-6.10846,84.237,0.724613,-0.4725,-3.6942533254623413,1.6025000512599945,0.627459,706.9000244140625,,,,,,,204.3,3.584210526,204.3,3.584210526,,,,,,,,,,,,,,,,,,,"Taylor Walls","22458",670764
"Connor Joe","SDP",52,224,195,45,28,11,1,5,26,20,25,0,51,3,1,0,,1,1,0.230986,0.110294,0.22549,0.48913,0.32598,0.374648,0.31131,0.700628,0.143662,3.47563,0.285156,0,-0.667081,26.407,0.203914,102.876,-0.667081,1.50531,0.10339635610580444,-1.594690203666687,0.616375,642.9299926757812,,,,,,,224.7,4.321153846,224.7,4.321153846,,,,,,,,,,,,,,,,,,,"Connor Joe","16572",656582
"Nick Castellanos","PHI",147,637,589,152,98,31,2,21,74,86,38,2,147,6,4,0,,6,1,0.258652,0.0589226,0.23064,0.255474,0.308081,0.428051,0.317313,0.736132,0.169399,4.1371,0.308081,0,-0.247745,78.1724,3.65739,102.65,-0.247745,-9.96923,1.7710132896900177,-17.09423065185547,0.608256,174.52999877929688,,,,,,,701.5,4.772108843,701.5,4.772108843,,,,,,,,,,,,,,,,,,,"Nick Castellanos","11737",592206
"Curtis Mead","TBR",57,245,222,57,38,13,1,5,28,30,16,0,45,5,2,0,,3,1,0.257709,0.064,0.182,0.351648,0.318,0.396476,0.311983,0.714476,0.138767,4.33045,0.297753,0,-0.369567,29.0154,0.355733,107.296,-0.369567,0.14278,1.675754874944687,-3.982220336794853,0.605284,607.0700073242188,,,,,,,253.5,4.447368421,253.5,4.447368421,,,,,,,,,,,,,,,,,,,"Curtis Mead","23986",678554
"Tyler Soderstrom","ATH",115,494,449,100,58,18,2,21,48,65,37,2,134,5,3,0,,0,1,0.222222,0.0745614,0.27193,0.274194,0.287281,0.410628,0.301131,0.697909,0.188406,2.216,0.266423,0,-1.21682,54.1897,-3.59747,99.5827,-1.21682,-1.41231,-1.4527104198932648,-9.187307834625244,0.601875,271.80999755859375,,,,,,,495.2,4.306086956,495.2,4.306086956,,,,,,,,,,,,,,,,,,,"Tyler Soderstrom","27467",691016
"Joey Loperfido","TOR",37,161,145,33,20,7,1,5,20,21,12,1,51,3,1,0,,4,1,0.228972,0.0736842,0.315789,0.233333,0.297468,0.399533,0.302444,0.697001,0.170561,6.19178,0.31203,0,0.13681,17.8312,-1.00227,97.8843,0.13681,2.00631,-0.25294336676597595,0.63130784034729,0.59337,547.280029296875,,,,,,,162.6,4.394594594,162.6,4.394594594,,,,,,,,,,,,,,,,,,,"Joey Loperfido","29630",694388
"Jacob Stallings","COL",81,320,282,63,42,14,0,7,28,35,30,0,74,6,1,1,,0,0,0.223529,0.0934256,0.231834,0.402985,0.309028,0.345098,0.292771,0.654126,0.121569,1.04029,0.278689,0,-0.611731,32.9494,-4.48361,73.6163,-0.611731,-0.476471,-10.707684993743896,5.773529410362244,0.590972,443.8599853515625,,,,,,,285.2,3.520987654,285.2,3.520987654,,,,,,,,,,,,,,,,,,,"Jacob Stallings","13723",607732
"Tyler Black","MIL",45,196,170,39,26,7,2,5,24,23,21,0,46,4,1,0,,7,2,0.230248,0.107632,0.232877,0.462185,0.328767,0.376975,0.313079,0.705742,0.146727,7.01545,0.286624,0,0.359848,23.3851,0.457431,100.018,0.359848,0.871448,0.3640428436920047,-1.178551733493805,0.589973,610.530029296875,,,,,,,209.8,4.662222222,209.8,4.662222222,,,,,,,,,,,,,,,,,,,"Tyler Black","29949",672012
"Carlos Narvaez","BOS",50,198,173,37,25,8,0,4,20,20,21,1,59,3,2,0,,2,1,0.216374,0.104592,0.295918,0.353448,0.308673,0.333333,0.28757,0.642007,0.116959,3.19413,0.298643,0,-0.18356,19.5982,-3.61028,80.2779,-0.18356,-0.156938,-4.660705134272575,3.7180624902248383,0.585701,741.8599853515625,,,,,,,168,3.36,168,3.36,,,,,,,,,,,,,,,,,,,"Carlos Narvaez","19722",665966
"Pavin Smith","ARI",76,329,289,72,47,14,1,10,40,42,36,1,67,1,2,0,,1,1,0.248082,0.110112,0.202247,0.544444,0.332584,0.40665,0.322882,0.739234,0.158568,3.46504,0.28866,0,-0.657229,41.8494,3.36362,105.353,-0.657229,-0.10935,1.4488513469696045,-6.734350003302097,0.585639,384.19000244140625,,,,,,,364.6,4.797368421,364.6,4.797368421,,,,,,,,,,,,,,,,,,,"Pavin Smith","19892",656976
"Jason Heyward","SDP",75,322,290,65,39,15,1,9,37,36,26,1,68,3,2,0,,4,1,0.222642,0.0816327,0.210884,0.387097,0.292517,0.373585,0.29113,0.666102,0.150943,4.56701,0.258883,0,-0.103321,32.7302,-4.93674,89.2941,-0.103321,2.40637,-4.2256287932395935,-0.8436250686645508,0.583898,682.0900268554688,,,,,,,299.6,3.994666666,299.6,3.994666666,,,,,,,,,,,,,,,,,,,"Jason Heyward","4940",518792
"Jose Iglesias","SDP",78,336,316,82,60,17,1,4,37,33,14,0,55,4,2,0,,3,2,0.259947,0.042394,0.164589,0.257576,0.299252,0.35809,0.288594,0.657342,0.0981432,3.52309,0.301948,0,-0.797602,33.4674,-5.83728,87.587,-0.797602,0.432,-5.7850401401519775,0.23200002312660217,0.582083,656.8599853515625,,,,,,,289.9,3.716666666,289.9,3.716666666,,,,,,,,,,,,,,,,,,,"Jose Iglesias","10231",578428
"Wenceel Pérez","DET",70,301,273,65,44,12,4,6,39,31,24,0,62,2,2,1,,7,2,0.238202,0.0794297,0.205703,0.386139,0.302041,0.373034,0.296017,0.675075,0.134831,6.79501,0.286982,0,-0.0685798,31.7795,-3.43087,93.206,-0.0685798,0.502336,-2.40846835821867,-2.022663950920105,0.578651,491.7900085449219,,,,,,,290.7,4.152857142,290.7,4.152857142,,,,,,,,,,,,,,,,,,,"Wenceel Perez","22857",672761
"Jorge Mateo","BAL",31,133,123,28,17,7,2,3,18,14,7,0,33,1,1,1,,9,2,0.232198,0.0514286,0.245714,0.209302,0.276657,0.377709,0.283604,0.654366,0.145511,8.58292,0.291846,0,0.931449,12.7133,-2.84477,85.9077,0.931449,1.998,-1.2131091952323914,2.3730000257492065,0.577686,720.02001953125,,,,,,,129.2,4.167741935,129.2,4.167741935,,,,,,,,,,,,,,,,,,,"Jorge Mateo","17273",622761
"Jon Berti","CHC",36,154,138,34,26,5,1,2,19,13,13,0,35,1,1,0,,7,2,0.244755,0.0846395,0.22884,0.369863,0.314465,0.346154,0.292684,0.660619,0.101399,6.32708,0.309524,0,0.353763,15.8462,-2.16843,89.2088,0.353763,1.63034,-1.6334793269634247,2.03034046292305,0.570632,691.1400146484375,,,,,,,141.1,3.919444444,141.1,3.919444444,,,,,,,,,,,,,,,,,,,"Jon Berti","12037",542932
"Griffin Conine","MIA",84,364,327,74,47,13,1,13,39,46,32,1,128,4,1,0,,0,0,0.226757,0.0875764,0.352342,0.248555,0.301426,0.39229,0.30346,0.693716,0.165533,2.25397,0.328063,0,-0.64361,40.6116,-1.96844,91.294,-0.64361,2.63381,-4.433102309703827,-2.266193389892578,0.56,675.5499877929688,,,,,,,361,4.297619047,361,4.297619047,,,,,,,,,,,,,,,,,,,"Griffin Conine","21626",665052
"Starling Marte","NYM",66,287,260,69,51,11,2,5,37,31,18,1,61,6,1,2,,13,2,0.264706,0.064,0.213333,0.3,0.327078,0.382353,0.312226,0.709431,0.117647,6.32524,0.326772,0,1.08633,34.0456,0.472936,103.33,1.08633,-0.427253,2.2291752099990845,-6.402252644300461,0.556079,456.6600036621094,,,,,,,307.8,4.663636363,307.8,4.663636363,,,,,,,,,,,,,,,,,,,"Starling Marte","9241",516782
"Alan Roden","TOR",31,133,117,30,21,6,1,3,16,16,12,1,21,3,1,0,,3,1,0.256018,0.0888031,0.158301,0.560976,0.337838,0.38512,0.3188,0.722958,0.129103,5.37668,0.290761,0,0.027916,16.4809,0.922825,109.389,0.027916,0.756458,1.4567343220114708,-0.5685424208641052,0.549625,999,,,,,,,150.2,4.84516129,150.2,4.84516129,,,,,,,,,,,,,,,,,,,"Alan Roden","sa3020212",702176
"Tyler Heineman","TOR",36,141,121,26,20,4,1,1,14,12,14,0,29,3,1,3,,3,1,0.213904,0.0963303,0.206422,0.466667,0.305164,0.28877,0.271837,0.593934,0.0748663,4.869,0.269504,0,-0.0303444,12.1255,-4.34505,76.3546,-0.0303444,1.67062,-3.8397272806614637,4.4206249713897705,0.544742,748.4500122070312,,,,,,,105.2,2.922222222,105.2,2.922222222,,,,,,,,,,,,,,,,,,,"Tyler Heineman","13897",623168
"Jarred Kelenic","ATL",42,182,164,41,25,9,1,6,21,24,16,1,52,1,1,0,,4,2,0.248244,0.0884211,0.284211,0.311111,0.316456,0.419204,0.318533,0.735659,0.17096,4.75986,0.325,0,-0.177983,22.5137,1.2237,102.868,-0.177983,0.163306,0.4462190717458725,-1.2866934835910797,0.539142,481.2900085449219,,,,,,,206.8,4.923809523,206.8,4.923809523,,,,,,,,,,,,,,,,,,,"Jarred Kelenic","22558",672284
"José Tena","WSN",53,231,214,55,38,10,1,5,25,26,13,0,63,2,1,1,,5,2,0.256506,0.0551724,0.272414,0.202532,0.30156,0.388476,0.300879,0.690036,0.13197,5.00262,0.337838,0,-0.426887,25.2929,-1.72901,92.5428,-0.426887,-0.929739,-2.4867918491363525,-0.004739165306091309,0.537147,486.3299865722656,,,,,,,224.6,4.237735849,224.6,4.237735849,,,,,,,,,,,,,,,,,,,"Jose Tena","23691",677588
"Jack Suwinski","PIT",53,231,200,46,25,10,1,10,28,30,26,1,69,2,2,0,,5,1,0.231293,0.111984,0.29666,0.377483,0.322835,0.442177,0.330205,0.765011,0.210884,5.55878,0.29304,0,0.306094,30.7451,3.72319,109.33,0.306094,-3.23061,2.883352518081665,-5.405608892440796,0.533974,619.469970703125,,,,,,,277,5.226415094,277,5.226415094,,,,,,,,,,,,,,,,,,,"Jack Suwinski","22244",669261
"Jake Mangum","TBR",31,133,125,34,24,7,1,1,16,15,6,0,26,2,1,0,,4,2,0.269521,0.0425532,0.193853,0.219512,0.309693,0.377834,0.300581,0.687526,0.108312,5.9873,0.329073,0,-0.130256,14.5307,-1.02741,99.2758,-0.130256,0.808364,-0.24046456813812256,0.8833636194467545,0.524292,999,,,,,,,126.8,4.09032258,126.8,4.09032258,,,,,,,,,,,,,,,,,,,"Jake Mangum","sa3011255",663968
"Agustin Ramírez","MIA",49,198,179,43,27,9,0,7,25,24,16,0,41,2,1,0,,4,1,0.241304,0.0805501,0.208251,0.386792,0.308448,0.406522,0.311361,0.71497,0.165217,4.67561,0.276471,0,0.109837,23.35,0.188392,96.612,0.109837,-1.59254,-0.69234299659729,-0.8425424098968506,0.522452,999,,,,,,,212.5,4.336734693,212.5,4.336734693,,,,,,,,,,,,,,,,,,,"Agustin Ramirez","sa3009276",682663
"Brett Wisely","SFG",34,147,132,32,22,7,1,3,18,16,12,0,33,1,1,1,,3,2,0.245823,0.0793991,0.225322,0.352381,0.309524,0.372315,0.300005,0.681839,0.126492,4.61428,0.305195,0,-0.5357,15.992,-1.20374,93.5575,-0.5357,0.995707,-1.6681903004646301,1.6707072257995605,0.50583,748.760009765625,,,,,,,140.5,4.132352941,140.5,4.132352941,,,,,,,,,,,,,,,,,,,"Brett Wisely","27735",689172
"Jerar Encarnacion","SFG",71,308,280,69,45,11,1,12,34,44,24,0,103,2,2,0,,2,1,0.246649,0.0780488,0.334146,0.233577,0.307317,0.420912,0.316087,0.728229,0.174263,3.4227,0.340807,0,-0.410838,37.4938,1.46451,104.382,-0.410838,0,1.2029647827148438,-6.599999904632568,0.501896,414.3399963378906,,,,,,,335.8,4.729577464,335.8,4.729577464,,,,,,,,,,,,,,,,,,,"Jerar Encarnacion","21871",666464
"Liam Hicks","MIA",44,173,149,37,28,7,0,2,17,16,17,0,27,5,2,0,,1,0,0.247978,0.099768,0.157773,0.632353,0.341067,0.331536,0.304196,0.672604,0.083558,2.90532,0.289474,0,-0.398924,19.449,-0.834966,91.7895,-0.398924,-1.95344,-2.101390540599823,1.1715631484985352,0.500336,748.4000244140625,,,,,,,165.2,3.754545454,165.2,3.754545454,,,,,,,,,,,,,,,,,,,"Liam Hicks","sa3017400",689414
"Santiago Espinal","CIN",49,210,191,49,37,9,0,3,20,21,15,1,30,1,1,2,,4,1,0.258621,0.0706806,0.141361,0.5,0.313984,0.356322,0.295457,0.670306,0.0977012,3.7067,0.289655,0,0.0177646,22.0771,-2.48825,82.0552,0.0177646,1.4175,-4.488531554117799,2.2674999833106995,0.49286,658.760009765625,,,,,,,190.5,3.887755102,190.5,3.887755102,,,,,,,,,,,,,,,,,,,"Santiago Espinal","19997",669289
"Coby Mayo","BAL",28,119,107,25,15,6,0,4,15,17,10,0,33,2,1,0,,1,1,0.23871,0.0847784,0.28131,0.30137,0.312139,0.425806,0.319444,0.737945,0.187097,3.65138,0.30363,0,-0.345504,14.8077,0.887344,111.118,-0.345504,-0.0447805,1.1683470606803894,-0.3697804734110832,0.492169,404.6199951171875,,,,,,,123.1,4.396428571,123.1,4.396428571,,,,,,,,,,,,,,,,,,,"Coby Mayo","28312",691723
"James Outman","LAD",28,119,103,23,14,4,0,4,17,15,13,0,37,2,1,0,,3,1,0.220982,0.108317,0.311412,0.347826,0.319149,0.392857,0.313883,0.712006,0.171875,5.59735,0.295203,0,0.0420397,14.2752,0.354778,102.63,0.0420397,0.0402044,0.4162741079926491,0.3652043677866459,0.48998,667.3800048828125,,,,,,,122.9,4.389285714,122.9,4.389285714,,,,,,,,,,,,,,,,,,,"James Outman","24770",681546
"Michael A. Taylor","CHW",42,182,165,36,26,5,1,5,21,16,13,0,58,1,2,2,,5,1,0.221184,0.0732394,0.31831,0.230089,0.28125,0.342679,0.275301,0.623929,0.121495,5.38399,0.306931,0,0.290424,16.1809,-5.10912,76.9317,0.290424,3.49746,-4.513463646173477,3.1474644243717194,0.485515,732.4099731445312,,,,,,,152.5,3.63095238,152.5,3.63095238,,,,,,,,,,,,,,,,,,,"Michael A. Taylor","11489",572191
"Amed Rosario","WSN",47,203,192,51,38,8,3,3,22,20,8,0,38,1,1,0,,6,1,0.26652,0.039666,0.185804,0.213483,0.298539,0.376652,0.293637,0.675191,0.110132,6.6132,0.31768,0,0.300441,21.0439,-2.70267,87.6685,0.300441,0,-2.6930200457572937,0.375,0.458768,553.719970703125,,,,,,,197.7,4.206382978,197.7,4.206382978,,,,,,,,,,,,,,,,,,,"Amed Rosario","15518",642708
"J.D. Martinez",,81,350,311,74,43,18,1,12,38,44,33,1,102,3,3,0,,0,0,0.237288,0.0946237,0.290323,0.325926,0.313978,0.416465,0.317373,0.730443,0.179177,1.75397,0.308271,0,-0.617815,42.969,2.02667,105.005,-0.617815,0,1.431784212589264,-8.75,0.448553,684.780029296875,,,,,,,382.1,4.71728395,382.1,4.71728395,,,,,,,,,,,,,,,,,,,"J.D. Martinez","6184",502110
"Alex Jackson","NYY",23,90,81,17,8,4,0,4,10,13,6,0,28,2,0,0,,0,0,0.204167,0.0714286,0.31203,0.228916,0.275472,0.404167,0.293977,0.679638,0.2,3.95178,0.258503,0,-0.0575811,9.31278,-1.16845,90.5735,-0.0575811,0.618545,-1.0240013152360916,2.368545413017273,0.447338,747.0700073242188,,,,,,,87.4,3.8,87.4,3.8,,,,,,,,,,,,,,,,,,,"Alex Jackson","17276",656577
"Vinny Capra","MIL",34,147,132,33,23,7,1,2,16,15,13,0,33,2,1,0,,2,1,0.246719,0.0870588,0.225882,0.385417,0.32,0.356955,0.299927,0.676955,0.110236,4.55538,0.313167,0,-0.157204,15.9828,-1.21299,91.1658,-0.157204,0.327115,-1.7101168185472488,1.102115422487259,0.442777,999,,,,,,,143.6,4.223529411,143.6,4.223529411,,,,,,,,,,,,,,,,,,,"Vinny Capra","25040",681962
"Gage Workman","CHC",36,154,141,31,20,6,1,4,19,18,12,0,55,1,1,0,,4,2,0.222222,0.0766283,0.358238,0.213904,0.285441,0.36478,0.284557,0.650221,0.142558,6.64765,0.335714,0,-0.205132,14.8388,-3.17587,83.7382,-0.205132,2.02829,-3.199812576174736,2.278292655944824,0.434472,720.5499877929688,,,,,,,134.3,3.730555555,134.3,3.730555555,,,,,,,,,,,,,,,,,,,"Gage Workman","sa3014441",669398
"Jhonny Pereda","ATH",28,109,98,24,18,5,0,1,10,9,10,0,23,0,0,0,,0,0,0.248908,0.0941176,0.211765,0.444444,0.321569,0.336245,0.294591,0.657813,0.0873362,1.12042,0.312139,0,-0.228985,11.3622,-1.36505,94.982,-0.228985,-0.8262,-0.8536754101514816,1.2988000512123108,0.42055,749.47998046875,,,,,,,90.3,3.225,90.3,3.225,,,,,,,,,,,,,,,,,,,"Jhonny Pereda","19802",640902
"Chandler Simpson","TBR",21,91,83,24,21,3,0,0,13,8,6,0,10,0,0,2,,9,2,0.292111,0.0623782,0.105263,0.592593,0.337972,0.343284,0.302387,0.681256,0.0511727,7.15513,0.327711,0,0.845956,10.0743,-0.570688,100.546,0.845956,-0.314053,0.9028295204043388,0.010947346687316895,0.407669,999,,,,,,,89.6,4.266666666,89.6,4.266666666,,,,,,,,,,,,,,,,,,,"Chandler Simpson","sa3020219",802415
"Tirso Ornelas","SDP",75,322,294,71,48,14,1,8,34,37,24,1,69,2,2,0,,2,1,0.240816,0.0744879,0.214153,0.347826,0.301676,0.373469,0.295961,0.675145,0.132653,3.25228,0.287671,0,-0.588103,33.9822,-3.68474,92.5456,-0.588103,1.99454,-3.458403468132019,-3.355455994606018,0.403719,999,,,,,,,304.1,4.054666666,304.1,4.054666666,,,,,,,,,,,,,,,,,,,"Tirso Ornelas","sa3004048",672359
"Esteury Ruiz","ATH",16,70,62,16,11,3,0,2,9,8,5,0,16,2,0,1,,6,2,0.253807,0.0651685,0.224719,0.29,0.325,0.393401,0.316276,0.718401,0.139594,7.10072,0.313589,0,0.421064,8.53196,0.343497,110.236,0.421064,0.676174,1.2408974170684814,0.32617393136024475,0.402841,528.6199951171875,,,,,,,81.9,5.11875,81.9,5.11875,,,,,,,,,,,,,,,,,,,"Esteury Ruiz","21780",665923
"Johnathan Rodriguez","CLE",28,119,107,27,17,5,0,4,14,16,10,0,36,1,0,0,,1,0,0.25,0.0864662,0.300752,0.2875,0.319549,0.420833,0.32228,0.740382,0.170833,3.71686,0.333333,0,-0.226447,15.0794,1.15905,111.733,-0.226447,-0.0188372,1.371074378490448,-1.4938371144235134,0.397017,627.2100219726562,,,,,,,131.2,4.685714285,131.2,4.685714285,,,,,,,,,,,,,,,,,,,"Johnathan Rodriguez","22530",671286
"Nick Allen","ATL",31,133,119,30,22,6,0,1,14,14,10,0,21,1,1,2,,3,1,0.248869,0.0772358,0.156504,0.493506,0.31134,0.334842,0.288064,0.646182,0.0859729,4.23422,0.290055,0,-0.271323,13.1907,-2.36738,82.3602,-0.271323,1.2646,-3.0767950117588043,2.439604640007019,0.391613,747.3800048828125,,,,,,,111.7,3.603225806,111.7,3.603225806,,,,,,,,,,,,,,,,,,,"Nick Allen","22277",669397
"David Hamilton","BOS",31,133,121,27,19,5,1,3,17,14,11,0,33,1,0,0,,11,2,0.227273,0.0846682,0.249428,0.33945,0.295872,0.356061,0.288073,0.651932,0.128788,7.90005,0.290323,0,1.02739,13.1917,-2.36637,80.6316,1.02739,0.677725,-1.92009437084198,1.252724826335907,0.38897,404.42999267578125,,,,,,,129.9,4.19032258,129.9,4.19032258,,,,,,,,,,,,,,,,,,,"David Hamilton","27531",666152
"Addison Barger","TOR",28,119,107,26,16,6,0,4,14,15,10,0,28,1,0,0,,1,0,0.243182,0.0840164,0.237705,0.353448,0.313525,0.409091,0.315045,0.722616,0.165909,3.74413,0.29582,0,-0.165376,14.3865,0.466081,106.748,-0.165376,0.1782,0.7534361779689789,-0.9967999458312988,0.384561,658.469970703125,,,,,,,128.5,4.589285714,128.5,4.589285714,,,,,,,,,,,,,,,,,,,"Addison Barger","24598",680718
"Romy Gonzalez","BOS",24,105,97,25,16,5,1,3,13,15,6,0,29,1,1,0,,4,1,0.259398,0.0590278,0.277778,0.2125,0.305556,0.432331,0.317621,0.737886,0.172932,6.91654,0.333333,0,0.250745,12.9116,0.628937,101.416,0.250745,0.16022,0.4209072142839432,-0.21478021144866943,0.382784,653.3099975585938,,,,,,,117.2,4.883333333,117.2,4.883333333,,,,,,,,,,,,,,,,,,,"Romy Gonzalez","21562",663853
"Thomas Saggese","STL",42,182,169,41,28,7,1,5,22,23,9,0,47,3,1,0,,2,1,0.243993,0.0479452,0.258562,0.18543,0.291595,0.386322,0.295335,0.677917,0.142329,5.23985,0.308707,0,-0.254724,19.1156,-2.17442,89.9151,-0.254724,-0.253565,-2.4495677649974823,0.04643481969833374,0.377754,655.469970703125,,,,,,,170.6,4.061904761,170.6,4.061904761,,,,,,,,,,,,,,,,,,,"Thomas Saggese","27883",695336
"MJ Melendez","KCR",115,497,446,106,59,23,4,19,59,62,47,1,122,2,3,0,,4,4,0.236957,0.0935673,0.245614,0.380952,0.309942,0.436956,0.322407,0.746898,0.2,4.06015,0.280757,0,-1.63554,63.0295,4.89141,106.11,-1.63554,-9.24496,1.838913083076477,-14.769962787628174,0.375591,376.2900085449219,,,,,,,559.1,4.86173913,559.1,4.86173913,,,,,,,,,,,,,,,,,,,"MJ Melendez","22197",669004
"Korey Lee","CHW",47,186,175,40,26,8,0,5,21,19,10,0,55,1,0,0,,3,1,0.226562,0.0515971,0.29484,0.175,0.27027,0.369792,0.279313,0.640062,0.143229,4.5686,0.297619,0,-0.110086,17.1003,-4.61081,79.7541,-0.110086,-1.77762,-4.409623838961124,1.8473784923553467,0.374364,559.219970703125,,,,,,,155.1,3.3,155.1,3.3,,,,,,,,,,,,,,,,,,,"Korey Lee","25543",686676
"David Fry","CLE",40,175,154,38,23,9,1,5,19,23,15,1,41,4,1,0,,1,0,0.244118,0.0880829,0.233161,0.377778,0.324675,0.417647,0.322477,0.742322,0.173529,4.14845,0.294606,0,-0.233632,22.2034,1.73224,111.871,-0.233632,0,2.1434276700019836,-4.375,0.372021,503.19000244140625,,,,,,,196.5,4.9125,196.5,4.9125,,,,,,,,,,,,,,,,,,,"David Fry","24934",681807
"Max Acosta","MIA",34,147,136,35,25,7,1,2,17,14,8,0,27,1,1,0,,5,2,0.254042,0.0535332,0.182013,0.294118,0.298283,0.362587,0.289462,0.66087,0.108545,5.47029,0.298551,0,-0.216385,14.7446,-2.45118,81.872,-0.216385,0.950108,-3.402987852692604,2.0751081109046936,0.36843,999,,,,,,,135.7,3.99117647,135.7,3.99117647,,,,,,,,,,,,,,,,,,,"Max Acosta","sa3014711",691185
"James McCann",,45,179,164,38,26,7,0,4,18,19,10,0,47,2,2,1,,1,0,0.230435,0.0557769,0.262948,0.212121,0.28,0.352174,0.277095,0.632174,0.121739,3.3313,0.291925,0,-0.0186988,16.1908,-4.7717,77.2974,-0.0186988,-1.16465,-4.778659427538514,2.335351347923279,0.364294,747.02001953125,,,,,,,144.6,3.213333333,144.6,3.213333333,,,,,,,,,,,,,,,,,,,"James McCann","12859",543510
"Darell Hernaiz","ATH",26,112,103,25,18,5,1,2,13,11,7,0,19,1,1,1,,2,1,0.2475,0.0640732,0.173913,0.368421,0.299539,0.355,0.288126,0.654539,0.1075,4.91038,0.2875,0,-0.109678,11.1136,-1.98799,90.4343,-0.109678,0.306327,-1.3355307206511497,1.1063272655010223,0.361924,750.3400268554688,,,,,,,101,3.884615384,101,3.884615384,,,,,,,,,,,,,,,,,,,"Darell Hernaiz","26224",687231
"Hyeseong Kim","LAD",75,322,290,63,42,12,1,7,34,31,25,0,83,4,2,1,,6,2,0.216648,0.077481,0.258576,0.299645,0.284944,0.342505,0.277306,0.627449,0.125856,4.66625,0.275253,0,-0.0750267,29.1474,-8.51953,78.0109,-0.0750267,0,-8.541912227869034,1.2000000476837158,0.349183,417.92999267578125,,,,,,,261.9,3.492,261.9,3.492,,,,,,,,,,,,,,,,,,,"Hyeseong Kim","sa3012639",808975
"Luke Keaschall","MIN",18,77,67,17,11,4,0,2,11,10,8,0,17,2,1,0,,2,1,0.253846,0.097561,0.219512,0.444444,0.348115,0.397436,0.329749,0.745551,0.14359,5.14618,0.310954,0,-0.0325745,10.2202,1.21286,116.419,-0.0325745,0,1.4140115082263947,-0.7249999642372131,0.336256,999,,,,,,,89.6,4.977777777,89.6,4.977777777,,,,,,,,,,,,,,,,,,,"Luke Keaschall","sa3022614",807712
"Elias Díaz","SDP",78,307,285,64,44,13,0,8,27,34,19,1,68,2,2,0,,0,0,0.226471,0.0626703,0.220708,0.283951,0.277929,0.352941,0.275868,0.63087,0.126471,1.09753,0.269841,0,-0.502087,27.4523,-8.48341,79.0218,-0.502087,-4.77339,-8.208490788936615,1.226613998413086,0.335466,512.9299926757812,,,,,,,249.3,3.196153846,249.3,3.196153846,,,,,,,,,,,,,,,,,,,"Elias Diaz","11680",553869
"Stuart Fairchild","CIN",49,210,185,43,26,8,1,7,28,26,17,0,57,6,1,2,,8,1,0.231343,0.0786885,0.272131,0.289157,0.311258,0.402985,0.31303,0.714243,0.171642,6.89066,0.293785,0,0.714356,25.0472,0.481813,93.8825,0.714356,-1.68231,-0.8218737244606018,-2.9323076009750366,0.33452,750.52001953125,,,,,,,231.9,4.732653061,231.9,4.732653061,,,,,,,,,,,,,,,,,,,"Stuart Fairchild","20321",656413
"Christian Bethancourt","TOR",19,77,73,17,11,4,0,3,9,9,3,0,20,0,0,0,,1,0,0.234615,0.0436364,0.258182,0.169014,0.270073,0.388462,0.285149,0.658535,0.153846,4.44727,0.287293,0,0.108803,7.43672,-1.5472,85.7182,0.108803,0.316465,-1.1462155878543854,1.8164651095867157,0.33363,999,,,,,,,72.9,3.836842105,72.9,3.836842105,,,,,,,,,,,,,,,,,,,"Christian Bethancourt","10028",542194
"Zach McKinstry","DET",47,203,183,43,28,8,3,4,24,17,16,0,43,2,1,1,,7,1,0.234286,0.0798969,0.21134,0.378049,0.302326,0.368571,0.295153,0.670897,0.134286,7.1914,0.285171,0,0.569008,21.2915,-2.45508,92.598,0.569008,-2.1141,-1.150290846824646,-2.3890999853610992,0.333352,588.2899780273438,,,,,,,200.2,4.259574468,200.2,4.259574468,,,,,,,,,,,,,,,,,,,"Zach McKinstry","19392",656716
"Cam Smith","HOU",42,182,165,36,19,8,4,5,25,27,13,1,41,3,1,0,,1,1,0.21875,0.070922,0.22695,0.3125,0.283688,0.40625,0.29545,0.689938,0.1875,5.98133,0.258065,0,-0.52949,19.1325,-2.15751,93.1618,-0.52949,0.743294,-1.9535292387008667,-0.9067058563232422,0.331194,999,,,,,,,176.7,4.207142857,176.7,4.207142857,,,,,,,,,,,,,,,,,,,"Cam Smith","sa3025358",701358
"Ben Rice","NYY",34,145,125,28,16,5,0,7,19,22,15,0,35,2,1,0,,2,1,0.226044,0.10661,0.240938,0.442478,0.319829,0.429975,0.327006,0.749805,0.203931,3.38614,0.253623,0,-0.211527,18.8734,1.95836,113.807,-0.211527,-1.43242,2.072878897190094,-3.7074211835861206,0.32902,460.8999938964844,,,,,,,164.1,4.826470588,164.1,4.826470588,,,,,,,,,,,,,,,,,,,"Ben Rice","29576",700250
"Brooks Baldwin","CHW",31,133,122,30,22,6,0,3,14,14,9,0,30,1,0,1,,3,1,0.24821,0.0659341,0.224176,0.294118,0.300885,0.369928,0.29487,0.670813,0.121718,4.53831,0.305195,0,0.0433738,13.9193,-1.63874,90.6973,0.0433738,-0.684,-1.3723151795566082,0.09099996089935303,0.325563,705.8099975585938,,,,,,,124.5,4.016129032,124.5,4.016129032,,,,,,,,,,,,,,,,,,,"Brooks Baldwin","31394",681460
"Miguel Rojas","LAD",21,91,83,21,15,4,0,1,9,9,6,0,11,1,0,0,,2,0,0.252941,0.0619946,0.118598,0.522727,0.306233,0.355882,0.292181,0.662115,0.102941,4.34217,0.276451,0,-0.0275792,9.3268,-1.31821,88.0229,-0.0275792,1.1232,-1.3309104926884174,1.4481999278068542,0.325085,714.260009765625,,,,,,,80.4,3.828571428,80.4,3.828571428,,,,,,,,,,,,,,,,,,,"Miguel Rojas","7802",500743
"Matt Mervis","MIA",99,427,383,90,55,20,1,14,45,52,35,1,118,6,3,0,,2,1,0.234597,0.0808511,0.276596,0.292308,0.306383,0.398104,0.307581,0.704487,0.163507,2.80236,0.3,0,-0.757435,49.0567,-0.89293,94.0676,-0.757435,1.38857,-3.786597728729248,-7.286428689956665,0.324963,581.1599731445312,,,,,,,440.3,4.447474747,440.3,4.447474747,,,,,,,,,,,,,,,,,,,"Matt Mervis","27845",670223
"Whit Merrifield",,42,182,165,41,30,8,0,3,22,18,13,0,31,1,2,1,,7,2,0.248082,0.0740741,0.168981,0.438356,0.304651,0.345269,0.28614,0.64992,0.0971867,5.54702,0.287066,0,0.400767,17.7687,-3.5213,83.5195,0.400767,0.540991,-3.108609974384308,0.19099083542823792,0.324943,741.2100219726562,,,,,,,165.7,3.945238095,165.7,3.945238095,,,,,,,,,,,,,,,,,,,"Whit Merrifield","11281",593160
"Ben Gamel","HOU",36,154,133,31,20,7,0,4,19,16,19,0,42,1,1,0,,1,1,0.233677,0.121662,0.272997,0.445652,0.330357,0.37457,0.312252,0.704928,0.140893,3.32668,0.310881,0,-0.497535,18.2715,0.256921,104.98,-0.497535,-0.728129,0.38001465797424316,-2.378129005432129,0.323833,999,,,,,,,157.6,4.377777777,157.6,4.377777777,,,,,,,,,,,,,,,,,,,"Ben Gamel","12160",592325
"Luis Matos","SFG",55,238,219,53,35,11,0,6,25,28,13,0,30,4,2,0,,3,1,0.24187,0.0560748,0.125234,0.447761,0.294008,0.382114,0.294647,0.676121,0.140244,4.06585,0.253012,0,-0.144817,24.8656,-2.97518,89.9515,-0.144817,0.384279,-3.004638969898224,-1.8657209277153015,0.315542,588.2899780273438,,,,,,,220,4,220,4,,,,,,,,,,,,,,,,,,,"Luis Matos","26467",682641
"Travis Bazzana","CLE",26,112,99,21,14,5,0,2,14,13,11,0,35,2,0,0,,2,0,0.210177,0.0943025,0.314342,0.3,0.298625,0.329646,0.282901,0.628271,0.119469,4.46405,0.298932,0,0.00943892,10.6426,-2.45892,84.0327,0.00943892,0.917522,-2.0367956925183535,1.3175221383571625,0.311311,999,,,,,,,94.7,3.642307692,94.7,3.642307692,,,,,,,,,,,,,,,,,,,"Travis Bazzana","sa3025129",683953
"Eric Haase","MIL",32,128,118,26,17,4,0,5,14,19,9,0,45,0,1,0,,0,0,0.218519,0.0680272,0.353741,0.192308,0.273038,0.385185,0.286325,0.658223,0.166667,2.17827,0.301282,0,-0.291988,12.5157,-2.45752,82.0107,-0.291988,-0.762353,-3.0454958379268646,1.7376470565795898,0.305153,707.6699829101562,,,,,,,113.2,3.5375,113.2,3.5375,,,,,,,,,,,,,,,,,,,"Eric Haase","14111",606992
"Cole Young","SEA",24,105,93,21,15,4,1,2,12,11,9,0,20,2,1,1,,2,1,0.228733,0.0872483,0.189597,0.460177,0.306914,0.338374,0.288293,0.645288,0.109641,4.92332,0.273171,0,-0.314375,10.4331,-1.84962,92.9611,-0.314375,0.130846,-1.1600376963615417,0.6058461368083954,0.30426,999,,,,,,,94.7,3.945833333,94.7,3.945833333,,,,,,,,,,,,,,,,,,,"Cole Young","sa3020459",702284
"Luis Guillorme","HOU",26,112,98,24,18,4,1,0,10,8,12,0,20,0,0,1,,1,0,0.242009,0.111554,0.179283,0.622222,0.329317,0.319635,0.291811,0.648952,0.0776256,4.45255,0.298851,0,-0.152468,11.4457,-1.65581,90.6014,-0.152468,0.027871,-1.3569108545780182,0.5278709679841995,0.299974,999,,,,,,,91.6,3.523076923,91.6,3.523076923,,,,,,,,,,,,,,,,,,,"Luis Guillorme","16451",641645
"Tommy Pham","PIT",97,420,377,93,63,19,2,9,49,42,37,0,97,3,4,0,,8,3,0.247549,0.0879121,0.230769,0.380952,0.316484,0.382353,0.307036,0.698837,0.134804,4.8741,0.306397,0,-0.268688,48.0683,-1.06244,93.7362,-0.268688,-3.26817,-3.414638102054596,-7.668173789978027,0.299878,418.69000244140625,,,,,,,421.7,4.34742268,421.7,4.34742268,,,,,,,,,,,,,,,,,,,"Tommy Pham","2967",502054
"Hunter Renfroe","KCR",86,371,336,78,46,19,0,12,41,45,31,0,78,2,2,0,,1,1,0.231527,0.0825893,0.209821,0.393617,0.296875,0.399015,0.303372,0.69589,0.167488,1.97233,0.263333,0,-0.790683,41.3661,-2.03275,92.7198,-0.790683,-1.42448,-3.8811596035957336,-5.599482893943787,0.298146,527.0499877929688,,,,,,,366.8,4.265116279,366.8,4.265116279,,,,,,,,,,,,,,,,,,,"Hunter Renfroe","15464",592669
"Colby Thomas","ATH",18,77,71,17,9,5,1,3,8,11,4,0,22,2,0,0,,1,0,0.234522,0.0485269,0.291161,0.166667,0.286458,0.425891,0.307319,0.712349,0.19137,5.48188,0.301724,0,-0.00794133,8.83005,-0.177265,103.935,-0.00794133,0.80258,0.3387639867141843,-0.02241992950439453,0.297768,999,,,,,,,92.5,5.138888888,92.5,5.138888888,,,,,,,,,,,,,,,,,,,"Colby Thomas","sa3020713",687515
"Andruw Monasterio","MIL",23,98,86,21,15,4,0,1,12,10,10,0,25,1,1,0,,3,1,0.24024,0.100529,0.253968,0.395833,0.322751,0.339339,0.296603,0.662091,0.0990991,5.4931,0.319149,0,0.102599,10.393,-1.0708,88.9288,0.102599,0.402729,-1.1948231607675552,0.8027289807796478,0.296552,750.52001953125,,,,,,,88.5,3.847826086,88.5,3.847826086,,,,,,,,,,,,,,,,,,,"Andruw Monasterio","19455",655316
"Orelvis Martinez","TOR",58,252,228,48,26,11,1,11,28,36,17,1,70,4,2,0,,1,0,0.209877,0.0693512,0.277405,0.25,0.275168,0.402469,0.292027,0.677637,0.192593,2.882,0.24812,0,-0.252101,25.7967,-3.68177,90.5561,-0.252101,-2.05817,-2.9751501083374023,-2.558171272277832,0.296121,570.3599853515625,,,,,,,246.7,4.253448275,246.7,4.253448275,,,,,,,,,,,,,,,,,,,"Orelvis Martinez","25967",682619
"Nick Loftin","KCR",29,126,111,27,19,5,1,2,15,14,11,0,20,2,1,1,,2,1,0.245823,0.0907173,0.158228,0.573333,0.322034,0.367542,0.305407,0.689576,0.121718,4.6803,0.277286,0,-0.204684,14.2553,-0.483928,94.1517,-0.204684,-0.588316,-1.0478415936231613,-0.2883157730102539,0.2958,750.3099975585938,,,,,,,119.2,4.110344827,119.2,4.110344827,,,,,,,,,,,,,,,,,,,"Nick Loftin","27630",679845
"Mitch Haniger","SEA",79,343,308,68,44,12,0,12,41,41,30,0,99,4,2,0,,0,0,0.221239,0.0873016,0.28836,0.302752,0.296296,0.374631,0.295711,0.670928,0.153392,1.62312,0.283105,0,-0.615901,36.1292,-3.99423,98.1791,-0.615901,-0.668041,-1.330543041229248,-7.243041038513184,0.295426,652.9500122070312,,,,,,,322.4,4.081012658,322.4,4.081012658,,,,,,,,,,,,,,,,,,,"Mitch Haniger","14274",571745
"Sean Bouchard","COL",40,175,153,38,21,9,2,6,24,23,18,1,47,3,1,1,,4,1,0.247492,0.102339,0.269006,0.380435,0.334311,0.444816,0.337256,0.779127,0.197324,6.43873,0.318182,0,-0.0211876,24.2849,3.81376,103.558,-0.0211876,-0.0266824,0.7233181763440371,-3.7016825452446938,0.29427,703.260009765625,,,,,,,221.5,5.5375,221.5,5.5375,,,,,,,,,,,,,,,,,,,"Sean Bouchard","21270",656248
"Anthony Rizzo",,57,245,215,49,32,9,0,8,26,27,21,1,49,8,1,0,,1,1,0.226629,0.0845771,0.199005,0.425,0.31592,0.376771,0.305881,0.692691,0.150142,2.02256,0.255725,0,-0.596327,27.8122,-0.847468,97.0996,-0.596327,0.462857,-1.427746295928955,-3.9121428430080414,0.291562,725.3300170898438,,,,,,,246.8,4.329824561,246.8,4.329824561,,,,,,,,,,,,,,,,,,,"Anthony Rizzo","3473",519203
"Javier Sanoja","MIA",50,217,201,54,40,10,2,2,20,21,13,0,17,1,1,1,,5,3,0.267504,0.0598007,0.076412,0.782609,0.312187,0.366248,0.297411,0.678435,0.0987433,4.7556,0.282353,0,-0.797758,23.1543,-2.22998,87.2226,-0.797758,-0.74269,-4.1133644580841064,-0.31769007444381714,0.288688,748.239990234375,,,,,,,203.7,4.074,203.7,4.074,,,,,,,,,,,,,,,,,,,"Javier Sanoja","28253",691594
"Nick Yorke","PIT",39,168,153,38,27,7,0,3,20,16,13,0,39,1,1,0,,4,2,0.246032,0.0759494,0.229656,0.330709,0.307414,0.357143,0.293116,0.664557,0.111111,4.55312,0.308108,0,-0.207377,17.3451,-2.30719,84.3671,-0.207377,0.90929,-3.3479676097631454,0.4592903256416321,0.279458,520.6599731445312,,,,,,,152.3,3.905128205,152.3,3.905128205,,,,,,,,,,,,,,,,,,,"Nick Yorke","27504",694377
"Luisangel Acuña","NYM",39,168,157,38,29,6,1,2,22,16,10,0,35,1,1,1,,8,3,0.244123,0.0573356,0.210793,0.272,0.28934,0.339964,0.277335,0.629304,0.0958409,6.72454,0.300948,0,0.0724625,15.2113,-4.44101,79.8459,0.0724625,0.428824,-3.976401388645172,1.0788235068321228,0.278539,410.0899963378906,,,,,,,137.5,3.525641025,137.5,3.525641025,,,,,,,,,,,,,,,,,,,"Luisangel Acuna","26548",682668
"Daniel Schneemann","CLE",39,168,149,33,21,8,1,3,18,17,18,0,46,0,1,0,,3,1,0.223077,0.104308,0.272109,0.383333,0.304545,0.353846,0.292071,0.658392,0.130769,4.62358,0.295455,0,-0.163024,17.2038,-2.44851,90.4827,-0.163024,-0.764308,-1.9925062358379364,-0.9143076688051224,0.278184,741.52001953125,,,,,,,149.8,3.841025641,149.8,3.841025641,,,,,,,,,,,,,,,,,,,"Daniel Schneemann","25180",682177
"Austin Barnes","LAD",36,141,124,26,20,4,0,2,13,11,13,0,32,2,1,2,,2,0,0.210526,0.0924855,0.225434,0.410256,0.292398,0.282895,0.26246,0.575292,0.0723684,3.63088,0.267857,0,0.0493417,11.0628,-5.40771,68.0187,0.0493417,0.5832,-5.335345700383186,3.333199977874756,0.27747,746.4099731445312,,,,,,,100.8,2.8,100.8,2.8,,,,,,,,,,,,,,,,,,,"Austin Barnes","12158",605131
"Emmanuel Rodriguez","MIN",13,56,46,10,5,2,1,2,9,7,9,0,20,0,0,0,,1,0,0.210714,0.159763,0.360947,0.442623,0.343195,0.396429,0.327702,0.739624,0.185714,6.88608,0.328859,0,-0.0831152,7.34056,0.789791,114.979,-0.0831152,0.24192,0.8766612708568573,-0.05808001756668091,0.277339,999,,,,,,,69.2,5.323076923,69.2,5.323076923,,,,,,,,,,,,,,,,,,,"Emmanuel Rodriguez","sa3014693",691181
"Randal Grichuk","ARI",60,259,239,59,37,13,1,8,31,31,16,0,53,3,1,0,,1,1,0.247312,0.0620347,0.205955,0.301205,0.300248,0.408602,0.307971,0.70885,0.16129,3.32169,0.286738,0,-0.573044,29.837,-0.460281,95.3174,-0.573044,0,-2.023299217224121,-3.9750001430511475,0.271275,564.280029296875,,,,,,,266.1,4.435,266.1,4.435,,,,,,,,,,,,,,,,,,,"Randal Grichuk","10243",545341
"Austin Hedges","CLE",49,192,170,31,24,4,0,3,14,15,11,0,55,3,3,6,,2,0,0.182266,0.0567686,0.28821,0.19697,0.238739,0.251232,0.221216,0.48997,0.0689655,3.38209,0.248175,0,0.0375959,8.71204,-13.7477,40.6418,0.0375959,5.45268,-13.002692982554436,9.202682971954346,0.268565,999,,,,,,,89.2,1.820408163,89.2,1.820408163,,,,,,,,,,,,,,,,,,,"Austin Hedges","12976",595978
"Drew Waters","KCR",21,91,81,19,11,5,1,2,13,10,8,0,27,1,1,0,,3,1,0.237981,0.0901288,0.293991,0.306569,0.313305,0.408654,0.314637,0.721959,0.170673,7.58721,0.324723,0,0.0316447,10.9715,0.326538,100.644,0.0316447,0.0732522,0.09873983636498451,-0.6017478331923485,0.261347,999,,,,,,,94.3,4.49047619,94.3,4.49047619,,,,,,,,,,,,,,,,,,,"Drew Waters","20505",671221
"Enrique Hernández","LAD",65,280,253,56,36,12,1,7,32,32,21,0,57,2,3,1,,1,1,0.221024,0.0756098,0.202439,0.373494,0.283619,0.355795,0.280979,0.639414,0.134771,2.91939,0.255319,0,-0.60893,26.1733,-6.58059,80.483,-0.60893,0.648,-7.143738389015198,0.3479999899864197,0.261142,627.1599731445312,,,,,,,235,3.615384615,235,3.615384615,,,,,,,,,,,,,,,,,,,"Enrique Hernandez","10472",571771
"DaShawn Keirsey Jr.","MIN",15,63,57,14,10,2,1,1,7,7,4,0,17,1,1,0,,3,1,0.250554,0.0686869,0.268687,0.255639,0.309091,0.379157,0.301469,0.688248,0.128603,7.09731,0.332268,0,0.182734,6.92797,-0.441652,96.5261,0.182734,0.704288,-0.0676833838224411,0.4292881190776825,0.254243,999,,,,,,,60.2,4.013333333,60.2,4.013333333,,,,,,,,,,,,,,,,,,,"DaShawn Keirsey Jr.","24496",680577
"Billy Cook","PIT",23,98,89,21,13,4,1,3,11,11,7,0,27,2,1,0,,3,1,0.231947,0.0695825,0.27833,0.25,0.296223,0.38512,0.297393,0.681343,0.153173,6.29518,0.300654,0,0.138682,10.4554,-1.0085,87.2458,0.138682,1.56732,-1.3559652417898178,0.5173170566558838,0.250433,679.739990234375,,,,,,,104,4.52173913,104,4.52173913,,,,,,,,,,,,,,,,,,,"Billy Cook","29573",695257
"Andy Ibáñez","DET",44,189,175,42,28,9,1,4,21,20,12,0,38,2,1,0,,1,1,0.238532,0.0649718,0.20339,0.319444,0.293785,0.370031,0.291446,0.663816,0.131498,3.35169,0.282258,0,-0.547578,19.2592,-2.84963,89.9906,-0.547578,-0.4536,-2.712170720100403,-1.178600013256073,0.248863,746.8300170898438,,,,,,,170.7,3.879545454,170.7,3.879545454,,,,,,,,,,,,,,,,,,,"Andy Ibanez","18819",628451
"Ezequiel Duran","TEX",23,98,92,23,15,5,1,3,11,11,5,0,24,1,0,0,,2,1,0.246445,0.0509978,0.248337,0.205357,0.290466,0.398104,0.297954,0.68857,0.151659,4.8388,0.306667,0,-0.207304,10.4996,-0.964297,93.3947,-0.207304,0.552706,-0.9479692429304123,0.05270588397979736,0.244935,686.5999755859375,,,,,,,104.2,4.530434782,104.2,4.530434782,,,,,,,,,,,,,,,,,,,"Ezequiel Duran","23733",677649
"Nathan Lukes","TOR",11,49,45,12,9,2,0,1,6,6,4,0,8,0,0,0,,1,0,0.271605,0.0730337,0.171348,0.42623,0.329577,0.388889,0.314701,0.718466,0.117284,3.84773,0.316602,0,-0.100233,5.91027,0.178345,106.506,-0.100233,0.8316,0.26453037559986115,0.4065999984741211,0.238011,740.760009765625,,,,,,,51.3,4.663636363,51.3,4.663636363,,,,,,,,,,,,,,,,,,,"Nathan Lukes","18123",664770
"Blake Dunn","CIN",23,98,85,20,14,3,0,2,14,12,8,0,29,3,0,1,,4,1,0.235149,0.0797414,0.295259,0.270073,0.319475,0.361386,0.303774,0.680861,0.126238,6.76351,0.325581,0,0.389842,10.9586,-0.505222,87.6526,0.389842,0.946643,-1.0571330785751343,0.09664344787597656,0.237849,748.0999755859375,,,,,,,92.3,4.013043478,92.3,4.013043478,,,,,,,,,,,,,,,,,,,"Blake Dunn","29487",694362
"Leo Jiménez","TOR",11,49,42,10,7,2,0,1,6,6,4,0,10,3,0,0,,0,0,0.23416,0.0803782,0.212766,0.377778,0.335697,0.360882,0.313229,0.696579,0.126722,4.03885,0.284644,0,-0.0825511,5.85223,0.120303,105.471,-0.0825511,-0.0213962,0.22417086362838745,0.40360378473997116,0.233533,999,,,,,,,50.2,4.563636363,50.2,4.563636363,,,,,,,,,,,,,,,,,,,"Leo Jimenez","23782",677870
"Eloy Jiménez","TBR",28,119,110,29,20,5,0,4,11,14,8,0,24,1,1,0,,1,0,0.259843,0.0677966,0.20339,0.333333,0.312349,0.409449,0.313661,0.721797,0.149606,2.24204,0.300699,0,-0.105332,14.2539,0.333467,108.476,-0.105332,0,1.0487921014428139,-2.7750000953674316,0.231416,583.8400268554688,,,,,,,133.4,4.764285714,133.4,4.764285714,,,,,,,,,,,,,,,,,,,"Eloy Jimenez","17484",650391
"Angel Martínez","CLE",18,77,69,16,11,4,0,1,8,8,6,0,16,1,1,1,,1,1,0.235426,0.0761523,0.204409,0.372549,0.301619,0.360987,0.292098,0.662606,0.125561,4.4486,0.283186,0,-0.203651,7.88674,-1.12057,90.5016,-0.203651,0.380769,-1.0404979139566422,0.7057692408561707,0.230527,744.3400268554688,,,,,,,61.7,3.427777777,61.7,3.427777777,,,,,,,,,,,,,,,,,,,"Angel Martinez","26540",682657
"Jacob Melton","HOU",29,126,117,25,17,5,0,4,15,15,8,0,35,1,0,0,,5,1,0.215827,0.0602679,0.279018,0.216,0.266219,0.354916,0.272099,0.621135,0.139089,5.8882,0.275,0,0.41778,10.8775,-3.86178,76.7359,0.41778,0.481282,-2.936216175556183,0.931281566619873,0.22673,999,,,,,,,108.8,3.751724137,108.8,3.751724137,,,,,,,,,,,,,,,,,,,"Jacob Melton","sa3019988",689200
"J.C. Escarra","NYY",21,84,75,17,10,5,1,2,11,10,7,0,15,2,1,0,,0,0,0.225,0.0846325,0.175947,0.481013,0.302895,0.36,0.293354,0.662895,0.135,4.34282,0.259494,0,-0.150781,8.73001,-1.14293,90.1355,-0.150781,-0.609632,-1.1034074872732162,0.41536837816238403,0.219515,999,,,,,,,86.2,4.104761904,86.2,4.104761904,,,,,,,,,,,,,,,,,,,"J.C. Escarra","sa738605",641555
"Eli White","ATL",15,63,56,13,9,2,0,2,9,7,5,0,18,1,0,0,,3,1,0.234114,0.0868263,0.293413,0.295918,0.311377,0.361204,0.29878,0.672581,0.12709,6.81485,0.319588,0,0.211638,6.79161,-0.578013,89.5729,0.211638,0.698625,-0.5738936960697174,0.5736249685287476,0.216645,999,,,,,,,62.3,4.153333333,62.3,4.153333333,,,,,,,,,,,,,,,,,,,"Eli White","19346",642201
"Justyn-Henry Malloy","DET",19,84,72,17,11,3,0,2,9,9,11,0,25,1,1,0,,0,0,0.232143,0.127376,0.292776,0.435065,0.338403,0.383929,0.321227,0.722332,0.151786,2.77526,0.314488,0,-0.211253,10.5731,0.746903,110.939,-0.211253,0,0.84011110663414,-1.5499999523162842,0.215881,672.530029296875,,,,,,,86.7,4.563157894,86.7,4.563157894,,,,,,,,,,,,,,,,,,,"Justyn-Henry Malloy","29606",669234
"Tyler Locklear","SEA",19,84,74,17,10,4,0,2,10,11,7,0,24,3,0,0,,1,0,0.227679,0.0825147,0.290766,0.283784,0.314342,0.381696,0.307189,0.696038,0.154018,4.90703,0.304498,0,-0.0251005,9.62398,-0.202176,106.253,-0.0251005,0.167586,0.5758883655071259,-1.3324137926101685,0.211064,708.1599731445312,,,,,,,83.5,4.394736842,83.5,4.394736842,,,,,,,,,,,,,,,,,,,"Tyler Locklear","31396",682988
"Henry Davis","PIT",18,72,63,15,9,3,0,2,8,9,7,0,19,2,0,0,,1,1,0.233146,0.0904645,0.266504,0.33945,0.32598,0.398876,0.318385,0.724857,0.16573,4.23239,0.29661,0,-0.140582,8.92266,0.47684,101.375,-0.140582,-0.850909,-0.021906778216362,-0.37590909004211426,0.207228,509.1400146484375,,,,,,,74.6,4.144444444,74.6,4.144444444,,,,,,,,,,,,,,,,,,,"Henry Davis","29617",680779
"Rowdy Tellez","SEA",28,119,107,26,17,5,0,4,11,15,10,1,25,1,1,0,,0,0,0.241379,0.0864745,0.208426,0.414894,0.308204,0.403941,0.308153,0.712145,0.162562,1.56572,0.273333,0,-0.159641,13.7263,-0.194085,106.931,-0.159641,-0.348047,0.7840902507305145,-2.7730468213558197,0.20428,724.719970703125,,,,,,,123.7,4.417857142,123.7,4.417857142,,,,,,,,,,,,,,,,,,,"Rowdy Tellez","15679",642133
"Mark Canha","MIL",36,154,131,32,22,7,0,2,17,15,15,0,30,6,1,0,,2,0,0.242667,0.1,0.197727,0.505747,0.345455,0.354667,0.314526,0.700121,0.112,4.16532,0.294737,0,-0.0642834,18.5535,0.538831,100.992,-0.0642834,-0.278526,0.11843357980251312,-3.2785263061523438,0.203278,631.6699829101562,,,,,,,154.1,4.280555555,154.1,4.280555555,,,,,,,,,,,,,,,,,,,"Mark Canha","11445",592192
"Drew Millas","WSN",11,45,41,10,7,2,0,1,4,5,4,0,8,0,0,0,,1,0,0.243421,0.080597,0.18806,0.428571,0.307463,0.358553,0.293035,0.666015,0.115132,5.34679,0.28692,0,0.0743155,4.62245,-0.618171,87.2631,0.0743155,0.200118,-0.6080294102430344,1.0751176476478577,0.202318,999,,,,,,,44.1,4.009090909,44.1,4.009090909,,,,,,,,,,,,,,,,,,,"Drew Millas","25643",686452
"Jordan Beck","COL",99,427,388,96,62,21,2,10,48,47,36,1,121,1,2,0,,9,2,0.246341,0.0842572,0.283814,0.296875,0.310421,0.390244,0.306076,0.700665,0.143902,5.09105,0.32967,0,0.34953,48.5396,-1.41005,82.5718,0.34953,0.957,-8.549493491649628,-3.718000113964081,0.201602,393.04998779296875,,,,,,,438.4,4.428282828,438.4,4.428282828,,,,,,,,,,,,,,,,,,,"Jordan Beck","31431",687597
"Nelson Velázquez","KCR",29,126,113,26,15,6,1,5,15,16,11,0,34,1,1,0,,2,1,0.232227,0.0889831,0.273305,0.325581,0.307203,0.412322,0.312869,0.719526,0.180095,4.55496,0.290323,0,-0.169735,15.012,0.272754,99.4002,-0.169735,0,-0.25620920211076736,-2.049999952316284,0.195615,744.97998046875,,,,,,,139.7,4.817241379,139.7,4.817241379,,,,,,,,,,,,,,,,,,,"Nelson Velazquez","23359",676369
"Max Muncy","ATH",13,56,50,12,8,3,0,1,6,7,3,0,18,1,0,1,,1,0,0.235457,0.0623441,0.319202,0.195312,0.299748,0.371191,0.29554,0.670939,0.135734,4.34643,0.336283,0,-0.0715625,5.89096,-0.65981,95.6498,-0.0715625,0.0275745,-0.3503030240535736,0.37757446244359016,0.195614,999,,,,,,,49.2,3.784615384,49.2,3.784615384,,,,,,,,,,,,,,,,,,,"Max Muncy","sa3017290",691777
"Will Benson","CIN",23,98,84,18,9,4,1,3,13,12,12,0,34,1,0,0,,4,1,0.209809,0.122066,0.347418,0.351351,0.312941,0.395095,0.310874,0.708037,0.185286,7.10343,0.304348,0,0.0488365,11.5187,0.0548546,92.4319,0.0488365,0.129073,-0.8380624130368233,-0.6209268271923065,0.186366,660.030029296875,,,,,,,106.1,4.613043478,106.1,4.613043478,,,,,,,,,,,,,,,,,,,"Will Benson","21853",666181
"Myles Straw","TOR",18,77,69,16,12,3,1,0,9,5,6,0,15,0,1,1,,3,0,0.233333,0.082,0.194,0.42268,0.296371,0.306667,0.26892,0.603038,0.0733333,6.79128,0.290141,0,0.31262,6.45034,-2.55697,74.3028,0.31262,0.911405,-1.9514105916023254,1.1864045560359955,0.186089,748.6199951171875,,,,,,,58.7,3.261111111,58.7,3.261111111,,,,,,,,,,,,,,,,,,,"Myles Straw","17620",664702
"Adam Duvall",,36,154,141,29,16,7,0,7,16,20,10,0,50,2,1,0,,0,0,0.207237,0.0634441,0.326284,0.194444,0.265861,0.398026,0.287545,0.663887,0.190789,3.12283,0.266304,0,-0.123597,15.2092,-2.80546,84.4858,-0.123597,1.22632,-2.9189678877592087,-0.42367732524871826,0.184698,999,,,,,,,143.5,3.986111111,143.5,3.986111111,,,,,,,,,,,,,,,,,,,"Adam Duvall","10950",594807
"Drew Avans","ATH",21,91,81,19,13,3,1,1,13,7,9,0,26,0,0,0,,3,1,0.228457,0.0949821,0.283154,0.335443,0.305206,0.336673,0.286268,0.64188,0.108216,7.46451,0.318452,0,0.179651,8.89373,-1.75128,89.1279,0.179651,0.575859,-0.9523880332708359,-0.2991406321525574,0.184041,999,,,,,,,79.1,3.766666666,79.1,3.766666666,,,,,,,,,,,,,,,,,,,"Drew Avans","sa3006937",682183
"Matt Thaiss","CHW",28,109,94,20,14,4,0,2,11,10,13,0,29,1,1,0,,1,0,0.210728,0.122112,0.260726,0.468354,0.313531,0.325671,0.287769,0.639202,0.114943,4.03795,0.275281,0,-0.00278609,10.8242,-1.97322,85.7022,-0.00278609,-1.95766,-1.7925295121967793,-0.08266270160675049,0.182979,999,,,,,,,92.3,3.296428571,92.3,3.296428571,,,,,,,,,,,,,,,,,,,"Matt Thaiss","19318",642136
"Blake Sabol","BOS",15,58,51,12,8,2,0,1,6,7,5,0,16,1,0,0,,1,0,0.242188,0.0877598,0.284065,0.308943,0.316279,0.385417,0.307856,0.701696,0.143229,4.88449,0.324111,0,-0.00343449,6.63026,-0.107675,94.5476,-0.00343449,-0.91125,-0.3627799544483423,0.21375000476837158,0.182915,750.97998046875,,,,,,,51.3,3.42,51.3,3.42,,,,,,,,,,,,,,,,,,,"Blake Sabol","25805",666165
"Michael Toglia","COL",130,560,497,112,65,20,3,25,70,75,57,1,169,3,3,0,,7,2,0.226,0.101243,0.301954,0.335294,0.307282,0.428,0.318794,0.735282,0.202,4.68691,0.285714,0,-0.386602,69.3905,3.88278,91.1315,-0.386602,-0.576,-6.325423866510391,-10.576000034809113,0.18044,185.42999267578125,,,,,,,628,4.83076923,628,4.83076923,,,,,,,,,,,,,,,,,,,"Michael Toglia","25845",669911
"Kyle Farmer","COL",63,273,247,61,42,12,1,7,30,31,16,1,53,7,2,0,,2,3,0.247788,0.0588235,0.195187,0.30137,0.31016,0.386431,0.304634,0.696591,0.138643,3.64282,0.288462,0,-1.25154,30.7167,-1.21831,81.6013,-1.25154,0.428824,-7.2578758001327515,-0.09617644548416138,0.179406,663.469970703125,,,,,,,265.3,4.211111111,265.3,4.211111111,,,,,,,,,,,,,,,,,,,"Kyle Farmer","14813",571657
"Sam Huff","SFG",11,45,41,9,6,2,0,1,4,5,3,0,15,0,0,0,,0,0,0.228426,0.0679157,0.327869,0.207143,0.285714,0.370558,0.287042,0.656273,0.142132,1.21178,0.320988,0,-0.0736971,4.40633,-0.834285,84.8322,-0.0736971,0.250788,-0.8862668499350548,1.1257884502410889,0.178816,741.0999755859375,,,,,,,33.6,3.054545454,33.6,3.054545454,,,,,,,,,,,,,,,,,,,"Sam Huff","22209",669087
"Wilmer Flores","SFG",84,364,324,76,49,17,0,10,37,43,31,1,55,5,4,0,,0,0,0.234286,0.086514,0.150127,0.576271,0.307888,0.38,0.301527,0.687888,0.145714,1.24405,0.25,0,-0.665213,40.0453,-2.53471,94.5821,-0.665213,0.481622,-3.023483097553253,-7.368378281593323,0.17864,653.6599731445312,,,,,,,352.9,4.201190476,352.9,4.201190476,,,,,,,,,,,,,,,,,,,"Wilmer Flores","5827",527038
"Riley Adams","WSN",29,115,102,22,13,6,0,3,10,14,9,0,33,3,1,0,,0,0,0.21875,0.0795848,0.287197,0.277108,0.301038,0.375,0.297111,0.676038,0.15625,3.23318,0.287425,0,-0.118478,12.2642,-1.21169,90.0063,-0.118478,-2.88,-1.4951852187514305,-0.630000114440918,0.176717,750.1400146484375,,,,,,,102.8,3.544827586,102.8,3.544827586,,,,,,,,,,,,,,,,,,,"Riley Adams","19864",656180
"Casey Schmitt","SFG",11,49,45,11,7,2,0,1,5,6,3,0,11,1,0,0,,1,0,0.24714,0.0548523,0.223629,0.245283,0.295983,0.391304,0.298443,0.687287,0.144165,3.78491,0.295031,0,-0.064396,5.26909,-0.462835,92.5064,-0.064396,0.402992,-0.5034799501299858,0.5779917538166046,0.176219,745.97998046875,,,,,,,45.7,4.154545454,45.7,4.154545454,,,,,,,,,,,,,,,,,,,"Casey Schmitt","27577",669477
"Adrian Del Castillo","ARI",23,93,84,20,12,5,0,3,11,12,8,0,23,1,0,0,,0,0,0.238307,0.084507,0.249497,0.33871,0.307847,0.396437,0.306817,0.704284,0.158129,3.03991,0.297125,0,-0.201247,10.6502,-0.252195,94.5407,-0.201247,-0.553846,-0.809680387377739,-0.6038461327552795,0.174552,473.3800048828125,,,,,,,97.7,4.247826086,97.7,4.247826086,,,,,,,,,,,,,,,,,,,"Adrian Del Castillo","29554",680728
"Logan Driscoll","TBR",8,32,29,7,5,2,0,1,4,4,2,0,8,1,0,0,,0,0,0.238095,0.0635838,0.248555,0.255814,0.297688,0.355556,0.286879,0.653243,0.11746,3.17513,0.30531,0,-0.0758951,3.1432,-0.600102,89.6375,-0.0758951,0.395581,-0.4553159698843956,1.0205813646316528,0.168549,999,,,,,,,34.4,4.3,34.4,4.3,,,,,,,,,,,,,,,,,,,"Logan Driscoll","25475",686482
"Adam Frazier","PIT",52,224,202,49,36,10,1,3,26,19,16,0,36,3,1,2,,3,1,0.243316,0.0722892,0.159036,0.454545,0.308252,0.342246,0.28931,0.650498,0.0989305,4.92073,0.281967,0,-0.224022,22.4407,-3.76238,81.8055,-0.224022,-0.342744,-5.097609132528305,-0.7427438497543335,0.167214,746.1699829101562,,,,,,,195.2,3.753846153,195.2,3.753846153,,,,,,,,,,,,,,,,,,,"Adam Frazier","15223",624428
"Manuel Margot","MIL",13,56,51,14,10,3,0,1,6,6,4,0,9,0,0,0,,1,0,0.26506,0.0661157,0.162534,0.40678,0.31768,0.385542,0.307799,0.703222,0.120482,4.92422,0.303704,0,-0.0173459,6.4435,-0.107268,96.4644,-0.0173459,0.105081,-0.25410988740623,0.005081087350845337,0.166879,745.8400268554688,,,,,,,59.4,4.569230769,59.4,4.569230769,,,,,,,,,,,,,,,,,,,"Manuel Margot","14712",622534
"Hunter Goodman","COL",76,319,293,70,36,18,1,15,38,51,19,0,86,4,3,0,,1,1,0.238771,0.0586957,0.269565,0.217742,0.291304,0.458629,0.3209,0.749933,0.219858,3.62667,0.283688,0,-0.468402,40.0434,2.75082,92.549,-0.468402,-3.1171,-3.3088794350624084,-5.692103385925293,0.166832,331.739990234375,,,,,,,366,4.815789473,366,4.815789473,,,,,,,,,,,,,,,,,,,"Hunter Goodman","29715",696100
"Everson Pereira","NYY",31,133,122,29,18,5,1,5,18,18,9,0,45,2,0,0,,3,1,0.23565,0.0690608,0.339779,0.203252,0.298343,0.413897,0.309747,0.71224,0.178248,5.97442,0.331633,0,-0.158214,15.5118,-0.0462959,101.666,-0.158214,-0.640193,0.09538310766220093,-2.9651927947998047,0.161507,745.9000244140625,,,,,,,143.5,4.629032258,143.5,4.629032258,,,,,,,,,,,,,,,,,,,"Everson Pereira","23695",677592
"Taylor Trammell","HOU",8,35,30,7,4,2,0,1,4,5,4,0,10,0,0,0,,1,0,0.223757,0.110312,0.29976,0.368,0.317308,0.414365,0.319294,0.731672,0.190608,4.95181,0.290179,0,-0.0142523,4.351,0.256767,109.934,-0.0142523,0.386422,0.3835670296102762,0.011422008275985718,0.161292,999,,,,,,,38.3,4.7875,38.3,4.7875,,,,,,,,,,,,,,,,,,,"Taylor Trammell","19960",666211
"Max Schuemann","ATH",26,112,96,21,16,4,0,2,14,11,11,0,29,3,1,1,,4,1,0.221393,0.0982906,0.258547,0.380165,0.31681,0.320896,0.288787,0.637706,0.0995025,5.99908,0.294964,0,0.194854,11.1732,-1.92835,90.8998,0.194854,-1.77231,-0.971354529261589,-1.2223077416419983,0.159039,640.780029296875,,,,,,,98.8,3.8,98.8,3.8,,,,,,,,,,,,,,,,,,,"Max Schuemann","24488",680474
"Mickey Gasper","MIN",6,27,24,6,4,1,0,1,3,3,3,0,4,1,0,0,,0,0,0.255663,0.111111,0.163889,0.677966,0.355556,0.38835,0.331375,0.743905,0.132686,3.91304,0.293878,0,-0.0464303,3.67263,0.467428,117.562,-0.0464303,0.189,0.504169724881649,0.08899999409914017,0.155594,999,,,,,,,33.9,5.65,33.9,5.65,,,,,,,,,,,,,,,,,,,"Mickey Gasper","24759",681508
"Robbie Grossman",,28,119,101,23,15,5,0,2,13,11,16,0,29,1,1,0,,2,0,0.22508,0.133515,0.239782,0.556818,0.332425,0.347267,0.30551,0.679692,0.122186,4.12745,0.286364,0,-0.0604261,13.4732,-0.44717,96.8443,-0.0604261,0,-0.49980083853006363,-1.975000023841858,0.153891,999,,,,,,,115.9,4.139285714,115.9,4.139285714,,,,,,,,,,,,,,,,,,,"Robbie Grossman","5254",543257
"Joshua Palacios","PIT",11,49,44,12,8,2,0,1,6,6,4,0,10,1,0,0,,1,0,0.2625,0.0734463,0.20904,0.351351,0.326705,0.4125,0.322384,0.739205,0.15,5.14136,0.315126,0,-0.0683464,6.21328,0.481357,104.067,-0.0683464,0.103091,0.16993462294340134,-0.3219091072678566,0.152828,749.780029296875,,,,,,,55.3,5.027272727,55.3,5.027272727,,,,,,,,,,,,,,,,,,,"Joshua Palacios","19818",641943
"Kevin Newman","LAA",55,238,220,54,39,11,1,3,26,20,12,1,38,1,2,3,,5,1,0.244582,0.0514286,0.16,0.321429,0.286127,0.337461,0.272911,0.623589,0.0928793,4.93936,0.281955,0,0.263348,20.7018,-7.13893,73.99,0.263348,-0.317769,-6.819757640361786,0.33223074674606323,0.149373,652,,,,,,,193.9,3.525454545,193.9,3.525454545,,,,,,,,,,,,,,,,,,,"Kevin Newman","17696",621028
"Leo Rivas","SEA",11,49,41,9,7,1,0,0,6,4,6,0,12,0,1,1,,2,1,0.220497,0.125326,0.245431,0.510638,0.323607,0.291925,0.282461,0.615533,0.0714286,6.30031,0.296943,0,0.0934555,4.63877,-1.09315,88.8589,0.0934555,-0.0436154,-0.5311847701668739,0.331384614109993,0.148063,999,,,,,,,31.3,2.845454545,31.3,2.845454545,,,,,,,,,,,,,,,,,,,"Leo Rivas","21009",660844
"Drew Romo","COL",53,211,196,48,33,9,1,4,22,26,9,0,44,2,2,1,,1,1,0.245614,0.044289,0.20979,0.211111,0.285714,0.373434,0.286761,0.659148,0.12782,3.92594,0.292763,0,-0.660245,20.725,-3.98072,69.5715,-0.660245,-1.3879,-8.345110714435577,2.737096071243286,0.147187,667.9099731445312,,,,,,,174.3,3.288679245,174.3,3.288679245,,,,,,,,,,,,,,,,,,,"Drew Romo","27763",691011
"Tom Murphy","SFG",36,146,129,28,19,6,0,4,15,15,15,0,44,1,1,0,,0,0,0.219697,0.100671,0.302013,0.333333,0.302013,0.356061,0.29218,0.658074,0.136364,1.23661,0.297619,0,-0.269931,14.9227,-2.1093,88.2906,-0.269931,-1.47913,-2.308658003807068,-1.1291303634643555,0.145708,749.3599853515625,,,,,,,130.8,3.633333333,130.8,3.633333333,,,,,,,,,,,,,,,,,,,"Tom Murphy","13499",608596
"Deyvison De Los Santos","MIA",79,343,325,82,55,12,1,14,40,45,14,1,95,3,1,0,,1,1,0.252747,0.0415945,0.277296,0.15,0.289428,0.428571,0.308415,0.718,0.175824,2.81137,0.313187,0,-0.680177,39.6365,-0.486995,94.629,-0.680177,0.733765,-2.8831621408462524,-7.141235291957855,0.144366,456.8800048828125,,,,,,,356.4,4.511392405,356.4,4.511392405,,,,,,,,,,,,,,,,,,,"Deyvison De Los Santos","sa3015168",691277
"Chadwick Tromp","ATL",13,51,47,11,7,2,0,1,5,5,4,0,13,0,0,0,,0,0,0.231618,0.0740741,0.245791,0.30137,0.289562,0.360294,0.285597,0.649856,0.128676,1.28068,0.28866,0,-0.0884376,4.9763,-1.01298,80.7003,-0.0884376,-0.0682105,-1.270067423582077,0.9317894726991653,0.141153,737.1699829101562,,,,,,,41.8,3.215384615,41.8,3.215384615,,,,,,,,,,,,,,,,,,,"Chadwick Tromp","16953",644433
"David Peralta",,50,217,197,48,31,11,1,5,22,23,16,1,46,2,2,0,,1,1,0.241692,0.0741758,0.211538,0.350649,0.302198,0.380665,0.297751,0.682862,0.138973,3.78747,0.289157,0,-0.384098,23.2136,-2.17059,91.5067,-0.384098,-0.239284,-2.5404743552207947,-3.36428439617157,0.136874,748.47998046875,,,,,,,209.5,4.19,209.5,4.19,,,,,,,,,,,,,,,,,,,"David Peralta","2136",444482
"Jhonkensy Noel","CLE",76,329,300,64,36,13,1,13,38,48,21,0,91,7,1,0,,1,1,0.213415,0.062963,0.277778,0.226667,0.27963,0.400407,0.296227,0.680036,0.186992,3.31783,0.257764,0,-0.629798,34.7914,-3.69441,93.4063,-0.629798,-1.0213,-3.111947000026703,-6.54630446434021,0.135205,389.9800109863281,,,,,,,307.1,4.040789473,307.1,4.040789473,,,,,,,,,,,,,,,,,,,"Jhonkensy Noel","24257",678877
"Chase DeLauter","CLE",10,42,38,10,6,3,0,1,5,5,3,0,7,0,0,0,,0,0,0.256831,0.0792079,0.158416,0.5,0.316832,0.409836,0.316197,0.726668,0.153005,3.15414,0.283784,0,-0.0765269,5.1165,0.203424,107.453,-0.0765269,0.06075,0.2816537320613861,-0.3892499841749668,0.133486,999,,,,,,,45.1,4.51,45.1,4.51,,,,,,,,,,,,,,,,,,,"Chase DeLauter","sa3021053",800050
"Brandon Lockridge","SDP",10,42,38,9,7,2,0,0,5,4,4,0,12,0,0,0,,3,0,0.242424,0.0839506,0.279012,0.300885,0.313433,0.333333,0.289369,0.646766,0.0909091,6.95679,0.340081,0,0.286954,4.20961,-0.703473,88.1084,0.286954,0.430981,-0.31028854846954346,0.1809810996055603,0.131094,748.1699829101562,,,,,,,35.9,3.59,35.9,3.59,,,,,,,,,,,,,,,,,,,"Brandon Lockridge","21496",663604
"Austin Martin","MIN",19,84,72,17,13,4,0,1,11,8,9,0,15,3,0,0,,3,1,0.240356,0.106329,0.177215,0.6,0.343511,0.329377,0.30503,0.672888,0.0890208,5.75324,0.293233,0,0.0204201,9.47805,-0.348106,99.0311,0.0204201,-0.962563,-0.07270673848688602,-1.4625630974769592,0.130637,748.469970703125,,,,,,,83.1,4.37368421,83.1,4.37368421,,,,,,,,,,,,,,,,,,,"Austin Martin","27462",668885
"Ji Hwan Bae","PIT",10,42,38,10,7,2,0,1,6,4,4,0,10,0,0,0,,2,1,0.261538,0.0873563,0.227586,0.383838,0.327945,0.374359,0.308848,0.702304,0.112821,7.03793,0.333333,0,0.0461631,4.86807,-0.0450105,94.9554,0.0461631,-0.0883636,-0.2071980945765972,0.061636365950107574,0.129415,742.780029296875,,,,,,,46.2,4.62,46.2,4.62,,,,,,,,,,,,,,,,,,,"Ji Hwan Bae","23818",678225
"Dylan Carlson","BAL",8,35,31,7,5,2,0,1,4,4,3,0,8,1,0,0,,0,0,0.239193,0.0934343,0.227273,0.411111,0.323232,0.368876,0.306913,0.692108,0.129683,4.20744,0.296443,0,-0.0532195,4.00222,-0.0920114,102.304,-0.0532195,0.291316,0.039035897701978683,0.01631578803062439,0.126215,741.9099731445312,,,,,,,35.4,4.425,35.4,4.425,,,,,,,,,,,,,,,,,,,"Dylan Carlson","20126",666185
"Victor Mesa Jr.","MIA",19,84,78,18,12,4,0,2,9,9,5,0,20,1,1,0,,1,0,0.231651,0.0614407,0.233051,0.263636,0.282378,0.355505,0.27972,0.637882,0.123853,4.57351,0.285266,0,-0.0724585,7.76689,-2.05927,75.3155,-0.0724585,0.666,-2.5519661381840706,0.9660000205039978,0.125102,999,,,,,,,73.1,3.847368421,73.1,3.847368421,,,,,,,,,,,,,,,,,,,"Victor Mesa Jr.","sa3010700",683748
"Shay Whitcomb","HOU",6,28,26,6,4,1,0,1,3,4,2,0,8,0,0,0,,1,0,0.235537,0.0680529,0.289225,0.235294,0.294896,0.400826,0.302427,0.695722,0.165289,5.01821,0.301587,0,0.00398203,3.10069,-0.174699,98.0692,0.00398203,0.313548,-0.05787561135366559,0.3135483842343092,0.122804,680.0700073242188,,,,,,,27.8,4.633333333,27.8,4.633333333,,,,,,,,,,,,,,,,,,,"Shay Whitcomb","27789",694376
"Tyler Wade","SDP",21,91,81,19,15,3,0,1,13,7,7,0,21,1,0,2,,6,1,0.228669,0.0820669,0.227964,0.36,0.30031,0.293515,0.269306,0.593825,0.0648464,6.93137,0.300926,0,0.365078,7.65136,-2.99364,74.6047,0.365078,-0.128611,-2.3983984887599945,0.49638931453227997,0.116537,999,,,,,,,76.1,3.623809523,76.1,3.623809523,,,,,,,,,,,,,,,,,,,"Tyler Wade","15730",642180
"Grant McCray","SFG",28,119,109,25,16,5,1,3,15,13,8,0,40,1,0,0,,4,1,0.227006,0.0714286,0.339286,0.210526,0.289803,0.369863,0.289284,0.659666,0.142857,7.69295,0.334405,0,0.219488,11.9191,-2.00127,86.3417,0.219488,-0.254215,-1.7240970134735107,-1.1292153894901276,0.114587,734.5999755859375,,,,,,,111.2,3.971428571,111.2,3.971428571,,,,,,,,,,,,,,,,,,,"Grant McCray","25690",687529
"Jacob Amaya","CHW",16,70,63,14,10,2,0,1,8,7,6,0,17,0,1,0,,1,0,0.217593,0.081761,0.249476,0.327731,0.283019,0.31713,0.267396,0.600148,0.099537,4.65962,0.278317,0,-0.0400883,5.77806,-2.4104,71.3713,-0.0400883,0.332308,-2.3330949172377586,1.0823076963424683,0.111819,999,,,,,,,50.5,3.15625,50.5,3.15625,,,,,,,,,,,,,,,,,,,"Jacob Amaya","23296",676070
"Ronny Mauricio","NYM",10,42,40,9,6,2,0,1,5,5,2,0,10,0,0,0,,1,1,0.233696,0.0461538,0.244444,0.188811,0.273504,0.384058,0.284689,0.657562,0.150362,5.15048,0.282443,0,-0.0533201,4.05142,-0.861658,84.7956,-0.0533201,0.297403,-0.8169423080980778,0.49740298092365265,0.111447,594,,,,,,,30.7,3.07,30.7,3.07,,,,,,,,,,,,,,,,,,,"Ronny Mauricio","23698",677595
"Dominic Canzone","SEA",8,35,32,8,5,1,0,1,4,4,3,0,8,0,0,0,,0,0,0.241848,0.0721393,0.231343,0.311828,0.298507,0.415761,0.308657,0.714268,0.173913,3.90544,0.281369,0,-0.024705,4.05136,-0.0428735,107.286,-0.024705,-0.083271,0.2670735213905573,-0.3582710325717926,0.11108,749.5,,,,,,,34.1,4.2625,34.1,4.2625,,,,,,,,,,,,,,,,,,,"Dominic Canzone","26438",686527
"Kevin Pillar","TEX",31,133,122,27,17,5,0,4,17,16,6,0,31,3,1,0,,3,1,0.225564,0.04811,0.230241,0.208955,0.27931,0.379699,0.287186,0.65901,0.154135,5.71376,0.264249,0,0.0568263,13.0968,-2.46132,85.8206,0.0568263,-0.539443,-2.1009982116520405,-1.264443278312683,0.11032,750.219970703125,,,,,,,111.2,3.587096774,111.2,3.587096774,,,,,,,,,,,,,,,,,,,"Kevin Pillar","12434",607680
"Jahmai Jones","DET",6,28,24,6,4,1,0,1,3,3,3,0,7,1,0,0,,1,0,0.230216,0.100313,0.253918,0.395062,0.321767,0.377698,0.310161,0.699464,0.147482,6.19977,0.298429,0,-0.00268836,3.27498,-0.000408937,103.155,-0.00268836,0.213626,0.09838970866985619,0.01362636685371399,0.107968,747.239990234375,,,,,,,35.8,5.966666666,35.8,5.966666666,,,,,,,,,,,,,,,,,,,"Jahmai Jones","18872",663330
"Sam Hilliard","COL",36,154,137,32,19,6,1,6,21,19,15,0,49,0,1,1,,4,1,0.230556,0.0962963,0.318519,0.302326,0.305211,0.422222,0.314655,0.727433,0.191667,6.39725,0.307339,0,0.188395,18.5694,0.554747,88.3457,0.188395,-0.598992,-1.9577983915805817,-2.148991644382477,0.105505,643.9000244140625,,,,,,,171.5,4.763888888,171.5,4.763888888,,,,,,,,,,,,,,,,,,,"Sam Hilliard","17954",656541
"David Bote","LAD",6,28,25,6,4,1,0,1,3,4,2,0,7,0,0,0,,0,0,0.227758,0.0707395,0.247588,0.285714,0.293548,0.366548,0.290447,0.660096,0.13879,3.49101,0.286432,0,-0.048059,2.8307,-0.444682,86.8557,-0.048059,0.468,-0.4881631135940552,0.5679999962449074,0.104544,999,,,,,,,26.9,4.483333333,26.9,4.483333333,,,,,,,,,,,,,,,,,,,"David Bote","14593",623520
"Jacob Hurtubise","CIN",11,49,41,10,8,1,1,0,7,5,5,0,10,2,0,1,,2,0,0.246795,0.097035,0.204852,0.473684,0.348901,0.326923,0.306921,0.675824,0.0801282,7.81806,0.314894,0,0.172876,5.60344,-0.128488,89.771,0.172876,0.114545,-0.4264877587556839,-0.2104545682668686,0.102741,999,,,,,,,48.4,4.4,48.4,4.4,,,,,,,,,,,,,,,,,,,"Jacob Hurtubise","27599",674441
"Austin Shenton","SEA",6,28,25,5,3,1,0,1,3,3,3,0,9,0,0,0,,0,0,0.220513,0.104072,0.328054,0.317241,0.307692,0.387179,0.306095,0.694872,0.166667,2.17464,0.309013,0,-0.0499972,3.18336,-0.0920306,105.484,-0.0499972,0.130846,0.12569380551576614,-0.06915386021137238,0.102238,999,,,,,,,24.3,4.05,24.3,4.05,,,,,,,,,,,,,,,,,,,"Austin Shenton","25425",668853
"Kevin Alcántara","CHC",11,49,45,11,8,2,0,1,6,5,3,0,15,0,0,0,,1,0,0.239035,0.0668016,0.301619,0.221477,0.293522,0.357456,0.286732,0.650978,0.118421,4.66256,0.328859,0,-0.0113826,4.8072,-0.924723,85.2022,-0.0113826,0.156414,-0.8784548994153738,0.231413796544075,0.101698,681.47998046875,,,,,,,42.7,3.881818181,42.7,3.881818181,,,,,,,,,,,,,,,,,,,"Kevin Alcantara","25971",682634
"Tyler Gentry","KCR",8,35,31,7,5,2,0,1,4,4,3,0,10,0,0,0,,0,0,0.237557,0.094,0.294,0.319728,0.318637,0.375566,0.307052,0.694203,0.138009,4.52671,0.327526,0,-0.0261022,4.00615,-0.088083,95.3088,-0.0261022,0.401597,-0.2139709871262312,0.026596665382385254,0.101147,999,,,,,,,32.4,4.05,32.4,4.05,,,,,,,,,,,,,,,,,,,"Tyler Gentry","27784",694355
"Hao-Yu  Lee","DET",5,21,19,5,3,1,0,1,3,2,1,0,4,0,0,0,,0,0,0.259459,0.0666667,0.202469,0.329268,0.31358,0.413514,0.315279,0.727094,0.154054,6.62556,0.304965,0,0.0334555,2.54274,0.0862007,106.755,0.0334555,0,0.19577144086360931,0.07500000298023224,0.100264,999,,,,,,,24.3,4.86,24.3,4.86,,,,,,,,,,,,,,,,,,,"Hao-Yu  Lee","sa3017863",701678
"Jeferson Quero","MIL",6,26,23,5,4,1,0,1,3,3,2,0,6,0,0,0,,0,0,0.228022,0.075,0.225,0.333333,0.29,0.362637,0.287192,0.652637,0.134615,3.15172,0.267925,0,-0.00756547,2.52101,-0.473632,82.5944,-0.00756547,0.156884,-0.5403960617259145,0.6568842083215714,0.100075,745.0499877929688,,,,,,,23.3,3.883333333,23.3,3.883333333,,,,,,,,,,,,,,,,,,,"Jeferson Quero","sa3015407",691620
"Brewer Hicklen","MIL",6,28,25,5,3,1,0,1,4,4,3,0,10,1,0,0,,1,0,0.209756,0.0901288,0.360515,0.25,0.300429,0.392683,0.303282,0.693112,0.182927,7.61731,0.303965,0,0.167984,3.11995,-0.155435,93.424,0.167984,0.0573451,-0.052198976278305054,0.057345133274793625,0.0968305,999,,,,,,,29.2,4.866666666,29.2,4.866666666,,,,,,,,,,,,,,,,,,,"Brewer Hicklen","20450",676551
"Vaughn Grissom","BOS",6,28,25,7,5,1,0,0,3,3,2,0,5,1,0,0,,1,0,0.26097,0.0824742,0.181443,0.454545,0.336082,0.367206,0.31303,0.703288,0.106236,5.35969,0.311765,0,0.0196459,3.33964,0.0642516,98.1869,0.0196459,-0.0625263,-0.038442330434918404,0.037473686039447784,0.0962988,572.6199951171875,,,,,,,28,4.666666666,28,4.666666666,,,,,,,,,,,,,,,,,,,"Vaughn Grissom","26031",687093
"Nick Pratto","KCR",19,84,73,17,10,4,1,2,10,10,8,0,28,1,1,0,,1,0,0.22831,0.0998004,0.333333,0.299401,0.312625,0.392694,0.30852,0.705319,0.164384,5.75281,0.328244,0,0.048181,9.71402,-0.112133,96.3416,0.048181,0.0324,-0.3034382686018944,-1.5675999037921429,0.0959601,749.02001953125,,,,,,,87.2,4.589473684,87.2,4.589473684,,,,,,,,,,,,,,,,,,,"Nick Pratto","22117",668472
"Kameron Misner","TBR",8,35,31,6,4,2,0,1,4,4,4,0,12,0,0,0,,1,0,0.209821,0.109804,0.339216,0.323699,0.301961,0.350446,0.290114,0.652407,0.140625,5.76091,0.309434,0,0.0593252,3.52899,-0.565243,91.9127,0.0593252,0.367563,-0.26454829052090645,-0.007436960935592651,0.0924086,999,,,,,,,31.7,3.9625,31.7,3.9625,,,,,,,,,,,,,,,,,,,"Kameron Misner","26374",670224
"Bryan De La Cruz","ATL",24,105,98,24,17,4,0,3,11,14,6,0,28,0,1,0,,1,0,0.25,0.0585106,0.269504,0.217105,0.294326,0.398855,0.300115,0.693181,0.148855,2.59,0.314763,0,-0.182592,11.4321,-0.85055,90.4714,-0.182592,-0.410704,-1.3790062814950943,-1.235704243183136,0.0910801,492.19000244140625,,,,,,,96.1,4.004166666,96.1,4.004166666,,,,,,,,,,,,,,,,,,,"Bryan De La Cruz","19600",650559
"Jair Camargo","MIN",5,19,18,4,3,1,0,1,2,2,1,0,7,0,0,0,,0,0,0.227273,0.0586592,0.357542,0.164062,0.282123,0.384848,0.289785,0.666971,0.157576,3.37032,0.328125,0,-0.031168,1.93082,-0.315159,88.3072,-0.031168,0.145241,-0.288045983761549,0.520241379737854,0.0900827,999,,,,,,,19.7,3.94,19.7,3.94,,,,,,,,,,,,,,,,,,,"Jair Camargo","21730",665856
"Tim Anderson","LAA",23,98,93,24,20,3,0,1,11,7,4,0,24,1,0,0,,2,1,0.26257,0.0398936,0.244681,0.163043,0.295213,0.337989,0.278946,0.633202,0.075419,4.6487,0.342205,0,-0.0909665,9.00026,-2.46359,78.2347,-0.0909665,-0.5292,-2.5315654948353767,0.12080001831054688,0.0884177,681.6199951171875,,,,,,,75.5,3.282608695,75.5,3.282608695,,,,,,,,,,,,,,,,,,,"Tim Anderson","15172",641313
"Pablo Reyes","NYY",8,35,31,7,5,1,0,1,5,4,3,0,7,0,0,0,,1,0,0.235669,0.0830946,0.191977,0.432836,0.302594,0.359873,0.292705,0.662466,0.124204,5.13701,0.273859,0,-0.0476458,3.60199,-0.492238,89.6792,-0.0476458,0.115714,-0.46096475049853325,0.1407142821699381,0.0874239,999,,,,,,,31.4,3.925,31.4,3.925,,,,,,,,,,,,,,,,,,,"Pablo Reyes","16357",622569
"Jose Herrera","ARI",24,96,84,18,14,3,0,1,9,8,9,0,21,0,0,2,,0,0,0.217573,0.0915751,0.21978,0.416667,0.293233,0.284519,0.262494,0.577752,0.0669456,2.64795,0.280899,0,-0.328369,7.5454,-3.68449,64.708,-0.328369,0.151875,-4.379800915718079,2.026875004172325,0.0871633,750.719970703125,,,,,,,61.9,2.579166666,61.9,2.579166666,,,,,,,,,,,,,,,,,,,"Jose Herrera","17040",645444
"Joey Wiemer","KCR",37,161,143,31,20,7,1,3,18,15,15,0,46,2,1,0,,4,1,0.21883,0.0950226,0.28733,0.330709,0.300905,0.340967,0.28548,0.641872,0.122137,5.1845,0.3,0,-0.0819762,15.6329,-3.20055,80.1346,-0.0819762,0.189458,-3.7415373772382736,-0.8355423361063004,0.0815832,748.9299926757812,,,,,,,140.6,3.8,140.6,3.8,,,,,,,,,,,,,,,,,,,"Joey Wiemer","27690",686894
"Oscar Colás","CHW",45,196,178,42,29,8,1,5,22,21,14,1,51,2,1,0,,2,2,0.237991,0.0715706,0.258449,0.276923,0.298805,0.368996,0.291252,0.6678,0.131004,4.09092,0.304075,0,-0.669001,19.9419,-2.98582,88.1519,-0.669001,0.580279,-3.326112687587738,-2.419721305370331,0.0813755,739.1900024414062,,,,,,,179.3,3.984444444,179.3,3.984444444,,,,,,,,,,,,,,,,,,,"Oscar Colas","30162",693049
"Matt Koperniak","STL",8,35,32,8,6,1,0,1,3,4,2,0,7,0,0,0,,0,0,0.252723,0.066,0.204,0.323529,0.308,0.372549,0.299186,0.680549,0.119826,3.40572,0.30086,0,-0.111356,3.78457,-0.309661,92.5074,-0.111356,0.422017,-0.4249448850750923,0.047016799449920654,0.0813423,999,,,,,,,31.1,3.8875,31.1,3.8875,,,,,,,,,,,,,,,,,,,"Matt Koperniak","sa3014834",689288
"Cal Stevenson","PHI",10,42,35,8,5,2,0,1,6,4,5,0,9,0,0,1,,2,0,0.226586,0.129771,0.208651,0.621951,0.328165,0.344411,0.300687,0.672576,0.117825,6.4077,0.279352,0,0.105036,4.59222,-0.320858,91.4603,0.105036,-0.072,-0.32386308908462524,-0.32199999690055847,0.0777453,999,,,,,,,43.8,4.38,43.8,4.38,,,,,,,,,,,,,,,,,,,"Cal Stevenson","22411",670276
"Juan Yepez","WSN",21,91,83,21,13,4,0,3,10,11,7,0,17,1,1,0,,0,0,0.25,0.0751445,0.188825,0.397959,0.308285,0.419492,0.315519,0.727777,0.169492,2.49259,0.277008,0,-0.233799,11.0361,0.391142,102.397,-0.233799,-0.132092,0.026989296078681946,-2.3070922642946243,0.077488,663.02001953125,,,,,,,98.4,4.685714285,98.4,4.685714285,,,,,,,,,,,,,,,,,,,"Juan Yepez","18400",660766
"Kody Clemens","PHI",10,42,39,9,5,2,0,2,5,6,3,0,10,0,0,0,,0,0,0.228947,0.0631068,0.245146,0.257426,0.281553,0.421053,0.30253,0.702606,0.192105,5.51481,0.266917,0,-0.0232945,4.65452,-0.258558,92.7007,-0.0232945,-0.167891,-0.3898943681269884,-0.26789090782403946,0.076514,748.9299926757812,,,,,,,45,4.5,45,4.5,,,,,,,,,,,,,,,,,,,"Kody Clemens","20572",665019
"Jonatan Clase","TOR",6,28,25,6,3,1,0,1,4,3,2,0,9,0,0,0,,2,1,0.220619,0.0851852,0.303704,0.280488,0.29128,0.364948,0.288289,0.656229,0.14433,8.05405,0.303514,0,0.0739678,2.78208,-0.493307,87.9274,0.0739678,0.216,-0.3128139525651932,0.1159999817609787,0.0760724,663.7899780273438,,,,,,,27.9,4.65,27.9,4.65,,,,,,,,,,,,,,,,,,,"Jonatan Clase","26599",682729
"Weston Wilson","PHI",19,84,75,17,10,3,0,3,11,11,8,0,25,0,1,0,,2,1,0.221374,0.0929705,0.292517,0.317829,0.295455,0.40458,0.303892,0.700035,0.183206,5.36086,0.276,0,0.122494,9.40111,-0.425052,93.6172,0.122494,-0.862122,-0.5186415836215019,-1.5621216893196106,0.0740006,748.8400268554688,,,,,,,82.1,4.321052631,82.1,4.321052631,,,,,,,,,,,,,,,,,,,"Weston Wilson","19358",642215
"Jose Barrero","STL",24,105,96,20,13,4,1,3,11,12,6,0,36,3,1,0,,3,1,0.207602,0.0558511,0.340426,0.164062,0.269333,0.347953,0.27165,0.617287,0.140351,6.20062,0.294686,0,0.222861,9.02657,-3.25613,73.9732,0.222861,-0.0759375,-3.0450537502765656,0.24906248599290848,0.0723578,999,,,,,,,91.4,3.808333333,91.4,3.808333333,,,,,,,,,,,,,,,,,,,"Jose Barrero","23378",676480
"Brett Harris","ATH",5,21,18,4,3,1,0,0,2,2,2,0,4,0,0,0,,0,0,0.220253,0.091314,0.207127,0.44086,0.306488,0.329114,0.286091,0.635602,0.108861,3.80779,0.264407,0,-0.0517686,2.0494,-0.407144,89.0029,-0.0517686,0.2205,-0.3160117119550705,0.2955000102519989,0.0701808,999,,,,,,,13.3,2.66,13.3,2.66,,,,,,,,,,,,,,,,,,,"Brett Harris","29788",695391
"Ryan Noda","LAA",8,35,29,6,3,1,0,1,4,4,5,0,12,1,0,0,,0,0,0.201835,0.136802,0.346821,0.394444,0.325626,0.373853,0.31244,0.699479,0.172018,3.82849,0.291667,0,-0.0425544,4.15793,0.063695,101.796,-0.0425544,0.0574016,0.029350653290748596,-0.5175984129309654,0.0700735,747.530029296875,,,,,,,34.9,4.3625,34.9,4.3625,,,,,,,,,,,,,,,,,,,"Ryan Noda","23312",676116
"Jimmy Crooks","STL",3,13,11,3,2,1,0,0,1,1,1,0,3,0,0,0,,0,0,0.245232,0.0782396,0.244499,0.32,0.313725,0.362398,0.29813,0.676123,0.117166,3.78208,0.315589,0,-0.0121817,1.37319,-0.124127,91.7966,-0.0121817,0.138857,-0.1377453152090311,0.3888571411371231,0.0699567,999,,,,,,,11.7,3.9,11.7,3.9,,,,,,,,,,,,,,,,,,,"Jimmy Crooks","sa3019841",699625
"Nick Maton","CHW",11,49,43,9,6,2,0,1,5,5,5,0,12,1,0,0,,0,0,0.222222,0.10687,0.246819,0.43299,0.313776,0.371345,0.302773,0.685121,0.149123,3.31833,0.274262,0,-0.0931242,5.43984,-0.292086,96.2561,-0.0931242,-0.655431,-0.3030320256948471,-0.6804312132298946,0.0671282,999,,,,,,,40.6,3.69090909,40.6,3.69090909,,,,,,,,,,,,,,,,,,,"Nick Maton","21635",665155
"Scott Kingery","LAA",6,28,26,6,4,1,0,1,3,3,2,0,10,0,0,0,,1,0,0.220844,0.0657596,0.340136,0.193333,0.273563,0.369727,0.280548,0.64329,0.148883,7.07398,0.31405,0,0.107465,2.60761,-0.667773,79.3618,0.107465,0.166301,-0.5537398159503937,0.26630089432001114,0.0667128,718.7100219726562,,,,,,,27.8,4.633333333,27.8,4.633333333,,,,,,,,,,,,,,,,,,,"Scott Kingery","17975",664068
"Brady House","WSN",8,35,33,8,5,1,0,1,4,4,2,0,10,1,0,0,,0,0,0.232932,0.0451128,0.280075,0.161074,0.278196,0.373494,0.284476,0.651689,0.140562,4.26922,0.300595,0,-0.057775,3.37019,-0.724046,81.5025,-0.057775,0.173571,-0.8319566175341606,0.2985714375972748,0.065287,999,,,,,,,33.1,4.1375,33.1,4.1375,,,,,,,,,,,,,,,,,,,"Brady House","sa3017694",691781
"Marcelo Mayer","BOS",5,21,19,5,3,1,0,0,3,2,1,0,5,0,0,0,,0,0,0.242424,0.0642458,0.234637,0.27381,0.293296,0.378788,0.291938,0.672084,0.136364,5.18841,0.301653,0,0.0003489,2.14822,-0.308315,83.3501,0.0003489,0.09,-0.39972087304340675,0.3149999976158142,0.0635494,999,,,,,,,14.9,2.98,14.9,2.98,,,,,,,,,,,,,,,,,,,"Marcelo Mayer","sa3017114",691785
"Dominic Fletcher","CHW",21,91,83,20,14,4,1,1,10,9,6,0,21,1,1,1,,0,1,0.238095,0.0616438,0.228311,0.27,0.294253,0.340852,0.279884,0.635105,0.102757,3.72132,0.300676,0,-0.334945,8.42611,-2.21889,80.1554,-0.334945,0.754981,-2.401223659515381,-0.020018935203552246,0.0632359,750.02001953125,,,,,,,73.9,3.519047619,73.9,3.519047619,,,,,,,,,,,,,,,,,,,"Dominic Fletcher","26149",666150
"Austin Wynns","CIN",10,38,35,8,6,2,0,1,3,4,3,0,10,1,0,0,,0,0,0.230366,0.0710901,0.265403,0.267857,0.295238,0.340314,0.282472,0.635552,0.109948,1.2224,0.30303,0,-0.070381,3.63561,-0.856345,73.3148,-0.070381,-0.147273,-1.2957400381565094,0.6027272790670395,0.0604945,999,,,,,,,37,3.7,37,3.7,,,,,,,,,,,,,,,,,,,"Austin Wynns","15271",642851
"Jason Delay","PIT",5,19,17,4,3,1,0,0,2,2,1,0,4,0,0,0,,0,0,0.235294,0.0625,0.209821,0.297872,0.292793,0.323529,0.274501,0.616322,0.0882353,2.48504,0.294872,0,-0.0520731,1.69463,-0.55135,71.8376,-0.0520731,0.256886,-0.6986687369644642,0.6318857073783875,0.0591364,999,,,,,,,11.3,2.26,11.3,2.26,,,,,,,,,,,,,,,,,,,"Jason Delay","19806",641511
"Greg Jones","COL",6,28,25,6,4,1,0,1,4,3,2,0,11,0,0,0,,2,0,0.235955,0.0690537,0.388747,0.177632,0.3,0.376404,0.29747,0.676404,0.140449,8.17284,0.379487,0,0.234503,2.98897,-0.286414,76.7792,0.234503,0.1296,-0.5429913103580475,0.17960000410676003,0.0587688,999,,,,,,,30.7,5.116666666,30.7,5.116666666,,,,,,,,,,,,,,,,,,,"Greg Jones","25448",675659
"Liover Peguero","PIT",6,28,26,6,4,1,0,1,3,3,2,0,7,0,0,0,,1,0,0.238835,0.057554,0.246403,0.233577,0.285714,0.365049,0.284495,0.650763,0.126214,5.52764,0.302703,0,0.00245094,2.69657,-0.578816,78.5645,0.00245094,0.0502326,-0.7152651622891426,0.3502325713634491,0.0585993,999,,,,,,,27.8,4.633333333,27.8,4.633333333,,,,,,,,,,,,,,,,,,,"Liover Peguero","24273",678894
"Tomás Nido","DET",5,19,18,4,3,1,0,0,2,2,1,0,5,0,0,0,,0,0,0.236364,0.0381356,0.245763,0.155172,0.268398,0.345455,0.268249,0.613853,0.109091,1.75,0.297468,0,-0.0308206,1.59802,-0.647964,73.673,-0.0308206,0.157792,-0.6091932337731123,0.5327922105789185,0.0582116,999,,,,,,,10.3,2.06,10.3,2.06,,,,,,,,,,,,,,,,,,,"Tomas Nido","13755",621512
"Garrett Hampson","ARI",10,42,38,9,7,2,0,0,5,4,3,0,11,0,0,0,,1,0,0.238434,0.0709677,0.254839,0.278481,0.296417,0.327402,0.276814,0.623819,0.088968,6.42749,0.321782,0,0.0282936,3.78519,-1.12788,74.3465,0.0282936,0.257538,-1.26012740470469,0.4075384736061096,0.0563951,999,,,,,,,29.1,2.91,29.1,2.91,,,,,,,,,,,,,,,,,,,"Garrett Hampson","19262",641658
"Joe Mack","MIA",3,13,12,3,2,1,0,0,1,1,1,0,3,0,0,0,,0,0,0.224742,0.0716981,0.269811,0.265734,0.287335,0.362887,0.285841,0.650221,0.138144,2.19741,0.286585,0,-0.0168993,1.24658,-0.250738,79.435,-0.0168993,0.184032,-0.3316739499568939,0.43403199315071106,0.0545937,999,,,,,,,10.7,3.566666666,10.7,3.566666666,,,,,,,,,,,,,,,,,,,"Joe Mack","sa3017374",691788
"Nick Sogard","BOS",8,35,31,8,6,1,0,1,4,3,3,0,8,0,0,0,,1,0,0.244804,0.0983607,0.217213,0.45283,0.322382,0.34873,0.298472,0.671112,0.103926,4.88258,0.306502,0,-0.058981,3.76445,-0.329785,87.9465,-0.058981,-0.27675,-0.5416909791529179,-0.10174998641014099,0.0540455,999,,,,,,,37,4.625,37,4.625,,,,,,,,,,,,,,,,,,,"Nick Sogard","25483",686765
"Jared Serna","MIA",6,28,26,6,4,1,0,1,3,3,2,0,6,0,0,0,,0,0,0.232692,0.0633803,0.200704,0.315789,0.292254,0.365385,0.289269,0.657638,0.132692,4.16728,0.272727,0,-0.0992672,2.80416,-0.471225,81.7426,-0.0992672,0.142866,-0.7105733528733253,0.29286614060401917,0.0531592,999,,,,,,,25.9,4.316666666,25.9,4.316666666,,,,,,,,,,,,,,,,,,,"Jared Serna","sa3015579",691858
"Jakson Reetz","NYM",3,13,11,2,1,1,0,0,1,2,1,0,4,0,0,0,,0,0,0.205776,0.0825397,0.28254,0.292135,0.296178,0.368231,0.293795,0.664409,0.162455,2.2761,0.26257,0,-0.0298179,1.32852,-0.168795,90.9242,-0.0298179,-0.00405,-0.1687354762107134,0.2459499998949468,0.051997,999,,,,,,,6.1,2.033333333,6.1,2.033333333,,,,,,,,,,,,,,,,,,,"Jakson Reetz","17837",656883
"Luke Williams","ATL",5,21,19,4,3,1,0,0,3,2,2,0,6,0,0,0,,1,0,0.230519,0.0737463,0.283186,0.260417,0.289941,0.353896,0.283268,0.643837,0.123377,6.17063,0.307692,0,0.0608961,2.00169,-0.454849,79.1326,0.0608961,0.128377,-0.4631262272596359,0.25337734818458557,0.0505619,999,,,,,,,14.2,2.84,14.2,2.84,,,,,,,,,,,,,,,,,,,"Luke Williams","19931",663897
"Nacho Alvarez Jr.","ATL",3,14,12,3,2,0,0,0,2,1,1,0,3,0,0,0,,0,0,0.24948,0.092081,0.206262,0.446429,0.331492,0.340956,0.301726,0.672448,0.0914761,4.6941,0.30854,0,0.00993491,1.54244,-0.0952545,91.5556,0.00993491,0.046656,-0.13143480196595192,0.14665599912405014,0.0497215,734.9099731445312,,,,,,,7.8,2.6,7.8,2.6,,,,,,,,,,,,,,,,,,,"Nacho Alvarez Jr.","31765",805373
"Luke Ritter","NYM",3,14,12,2,1,0,0,0,1,2,1,0,5,0,0,0,,0,0,0.196388,0.0990099,0.372277,0.265957,0.291089,0.345372,0.284605,0.636462,0.148984,3.35559,0.294606,0,-0.0307653,1.34953,-0.288167,84.7391,-0.0307653,0.227603,-0.2862532939761877,0.27760330215096474,0.0472562,999,,,,,,,2.2,0.733333333,2.2,0.733333333,,,,,,,,,,,,,,,,,,,"Luke Ritter","sa3009878",682239
"Miles Mastrobuoni","SEA",5,21,19,4,3,1,0,0,2,2,2,0,5,0,0,0,,1,0,0.235772,0.0906863,0.220588,0.411111,0.304668,0.322493,0.279727,0.627162,0.0867209,5.94436,0.300725,0,0.0613968,1.94184,-0.514697,86.9361,0.0613968,-0.118216,-0.25250889733433723,0.006783783435821533,0.0469212,999,,,,,,,14.2,2.84,14.2,2.84,,,,,,,,,,,,,,,,,,,"Miles Mastrobuoni","20017",670156
"Wade Meckler","SFG",3,14,13,3,3,1,0,0,2,1,1,0,3,0,0,0,,0,0,0.274238,0.0854271,0.190955,0.447368,0.339196,0.379501,0.317741,0.718697,0.105263,5.315,0.33452,0,-0.00257392,1.7229,0.0852048,105.495,-0.00257392,-0.174194,0.08941687876358628,-0.12419354543089867,0.0445579,999,,,,,,,9.7,3.233333333,9.7,3.233333333,,,,,,,,,,,,,,,,,,,"Wade Meckler","31490",685133
"Owen Caissie","CHC",6,28,25,6,4,1,0,1,3,3,3,0,9,0,0,0,,0,0,0.242063,0.0952381,0.33157,0.287234,0.319788,0.382937,0.30867,0.702725,0.140873,3.84507,0.354098,0,-0.0646509,3.24138,-0.0340095,99.9681,-0.0646509,0.0623077,-0.06571733858436346,-0.4376923069357872,0.044308,728.9099731445312,,,,,,,29.9,4.983333333,29.9,4.983333333,,,,,,,,,,,,,,,,,,,"Owen Caissie","sa3014465",683357
"Buddy Kennedy","PHI",3,14,12,3,2,1,0,0,2,2,1,0,3,0,0,0,,0,0,0.241784,0.102459,0.213115,0.480769,0.327869,0.373239,0.309822,0.701108,0.131455,4.2752,0.293375,0,-0.0288164,1.63367,-0.00402463,97.6084,-0.0288164,-0.0219661,-0.06885499693453312,0.028033899143338203,0.0439336,999,,,,,,,10.7,3.566666666,10.7,3.566666666,,,,,,,,,,,,,,,,,,,"Buddy Kennedy","22505",671083
"Michael Siani","STL",40,175,156,33,25,5,1,2,20,14,14,0,44,1,1,3,,8,2,0.210269,0.0827887,0.250545,0.330435,0.280973,0.290954,0.25799,0.571927,0.0806846,6.51313,0.278351,0,0.352849,13.1203,-7.35082,64.7795,0.352849,1.28721,-7.017614960670471,1.6122092604637146,0.043611,633.6699829101562,,,,,,,122.4,3.06,122.4,3.06,,,,,,,,,,,,,,,,,,,"Michael Siani","22557",672279
"Michael Helman","STL",5,21,19,4,3,1,0,1,3,2,2,0,5,0,0,0,,1,0,0.227528,0.0741688,0.250639,0.295918,0.29156,0.373596,0.291787,0.665156,0.146067,6.25312,0.284,0,0.0390473,2.14568,-0.310862,87.5271,0.0390473,-0.148358,-0.27417128533124924,-0.023357897996902466,0.0414961,999,,,,,,,23.6,4.72,23.6,4.72,,,,,,,,,,,,,,,,,,,"Michael Helman","24605",680737
"Jorbit Vivas","NYY",3,14,12,3,2,1,0,0,2,1,1,0,2,0,0,0,,0,0,0.224138,0.0850662,0.162571,0.523256,0.311909,0.329741,0.288812,0.641651,0.105603,5.67015,0.256685,0,-0.00213033,1.39693,-0.240763,86.9408,-0.00213033,0.0961017,-0.21132565010339022,0.1461016945540905,0.0414633,999,,,,,,,10.7,3.566666666,10.7,3.566666666,,,,,,,,,,,,,,,,,,,"Jorbit Vivas","sa3005511",678391
"Ildemaro Vargas","ARI",3,14,13,3,2,1,0,0,1,1,1,0,2,0,0,0,,0,0,0.252336,0.06,0.108571,0.552632,0.299712,0.34891,0.285187,0.648621,0.0965732,4.67548,0.275618,0,-0.00997196,1.35609,-0.281607,79.9825,-0.00997196,0.23004,-0.34509123768657446,0.2800399996340275,0.0414312,999,,,,,,,9.7,3.233333333,9.7,3.233333333,,,,,,,,,,,,,,,,,,,"Ildemaro Vargas","13324",545121
"Nick Kurtz","ATH",8,35,32,8,6,2,0,1,4,3,2,0,8,0,0,0,,0,0,0.253041,0.0677201,0.223476,0.30303,0.306998,0.374696,0.300104,0.681694,0.121655,2.59183,0.311258,0,-0.0984906,3.81041,-0.283824,98.86,-0.0984906,0,-0.14414626359939575,-0.625,0.0410629,999,,,,,,,34,4.25,34,4.25,,,,,,,,,,,,,,,,,,,"Nick Kurtz","sa3025385",701762
"Tristan Gray","CHW",3,14,13,3,2,1,0,0,1,2,1,0,4,0,0,0,,0,0,0.215103,0.065126,0.304622,0.213793,0.273109,0.375286,0.282788,0.648395,0.160183,3.14256,0.282143,0,-0.0273856,1.32905,-0.308642,82.1984,-0.0273856,0.128529,-0.31254807487130165,0.2285289391875267,0.0395221,999,,,,,,,9.7,3.233333333,9.7,3.233333333,,,,,,,,,,,,,,,,,,,"Tristan Gray","19877",656484
"Livan Soto","BAL",3,14,12,3,2,0,0,0,1,1,1,0,3,0,0,0,,0,0,0.240566,0.0901468,0.222222,0.40566,0.313684,0.323113,0.284765,0.636797,0.0825472,3.64627,0.305994,0,-0.0411363,1.35132,-0.286371,86.7242,-0.0411363,0.0563478,-0.2538009062409401,0.1563478261232376,0.0381347,999,,,,,,,7.8,2.6,7.8,2.6,,,,,,,,,,,,,,,,,,,"Livan Soto","22471",670869
"Steward Berroa","TOR",5,21,18,4,3,1,0,0,3,2,2,0,6,0,0,0,,2,0,0.226471,0.0932643,0.287565,0.324324,0.304462,0.352941,0.291568,0.657403,0.126471,8.18824,0.3125,0,0.100198,2.14197,-0.314566,90.2335,0.100198,0.018,-0.1344742402434349,-0.20699999295175076,0.0370325,999,,,,,,,17.1,3.42,17.1,3.42,,,,,,,,,,,,,,,,,,,"Steward Berroa","22766",672642
"Cooper Hummel","HOU",3,14,12,3,2,1,0,0,2,2,2,0,4,0,0,0,,0,0,0.221607,0.123223,0.251185,0.490566,0.329384,0.351801,0.305086,0.681184,0.130194,6.22208,0.292,0,-0.00249788,1.5803,-0.0573889,99.9396,-0.00249788,0.0373846,-0.003465990361291915,-0.11261538788676262,0.0362108,999,,,,,,,13.7,4.566666666,13.7,4.566666666,,,,,,,,,,,,,,,,,,,"Cooper Hummel","19458",669450
"Andrés Chaparro","WSN",8,35,32,8,5,2,0,1,4,4,3,0,8,0,0,0,,0,0,0.241036,0.0758123,0.214801,0.352941,0.306859,0.406375,0.309942,0.713234,0.165339,3.23226,0.279891,0,-0.0485124,4.08755,-0.00668578,98.6424,-0.0485124,0.0653023,-0.10533414036035538,-0.7096976563334465,0.0361992,749.3800048828125,,,,,,,37,4.625,37,4.625,,,,,,,,,,,,,,,,,,,"Andres Chaparro","21797",665953
"Cavan Biggio","KCR",5,21,18,4,2,1,0,0,3,2,3,0,6,0,0,0,,0,0,0.209964,0.126126,0.264264,0.477273,0.325301,0.327402,0.296888,0.652703,0.117438,4.17943,0.280423,0,-0.0315025,2.2319,-0.22464,88.1593,-0.0315025,-0.109588,-0.31601450964808464,-0.03458823263645172,0.0360897,749.4299926757812,,,,,,,16.3,3.26,16.3,3.26,,,,,,,,,,,,,,,,,,,"Cavan Biggio","19252",624415
"Zach Dezenzo","HOU",3,14,13,3,2,1,0,0,2,2,1,0,4,0,0,0,,0,0,0.250825,0.0722892,0.298193,0.242424,0.310241,0.405941,0.312425,0.716182,0.155116,3.83514,0.336735,0,-0.0172823,1.663,0.025312,105.102,-0.0172823,-0.0861266,0.06445053033530712,-0.18612658232450485,0.035633,539.1900024414062,,,,,,,9.7,3.233333333,9.7,3.233333333,,,,,,,,,,,,,,,,,,,"Zach Dezenzo","31562",701305
"Jonathan Ornelas","TEX",6,28,26,6,5,1,0,0,3,3,2,0,7,0,0,0,,0,0,0.225734,0.0680412,0.263918,0.257812,0.287785,0.302483,0.264297,0.590268,0.0767494,4.84912,0.305466,0,-0.0421755,2.24139,-1.03399,69.7202,-0.0421755,0.214122,-1.0122746676206589,0.41412173211574554,0.034623,999,,,,,,,16.5,2.75,16.5,2.75,,,,,,,,,,,,,,,,,,,"Jonathan Ornelas","24597",680716
"Nasim Nuñez","WSN",23,98,85,18,15,2,0,0,12,6,11,0,22,0,0,1,,6,2,0.210773,0.107943,0.228106,0.473214,0.299587,0.255269,0.257154,0.554856,0.0444965,6.00663,0.279365,0,0.344505,7.2814,-4.18245,63.1124,0.344505,0.194906,-3.9783245027065277,1.04490627348423,0.0340899,750.2100219726562,,,,,,,60.4,2.626086956,60.4,2.626086956,,,,,,,,,,,,,,,,,,,"Nasim Nunez","25979",683083
"César Salazar","HOU",2,6,6,1,1,0,0,0,1,1,1,0,1,0,0,0,,0,0,0.221453,0.0863095,0.184524,0.467742,0.316418,0.346021,0.295858,0.662439,0.124567,3.47518,0.254464,0,-0.0127232,0.674892,-0.0737672,93.4487,-0.0127232,0.0386591,-0.0606980687007308,0.16365908831357956,0.0326676,749.9000244140625,,,,,,,2.6,1.3,2.6,1.3,,,,,,,,,,,,,,,,,,,"Cesar Salazar","21587",663967
"Pedro León","HOU",3,14,13,3,2,1,0,0,2,2,1,0,4,0,0,0,,1,0,0.215812,0.0744275,0.320611,0.232143,0.291747,0.376068,0.29338,0.667815,0.160256,6.04912,0.297203,0,-0.0137121,1.4484,-0.189289,91.7056,-0.0137121,0.0459,-0.14658015314489603,-0.004100002348423004,0.0326375,745.3400268554688,,,,,,,11.6,3.866666666,11.6,3.866666666,,,,,,,,,,,,,,,,,,,"Pedro Leon","27781",694175
"Omar Narváez","CHW",5,19,17,4,3,1,0,0,2,1,2,0,4,0,0,0,,0,0,0.213043,0.0923077,0.196154,0.470588,0.289575,0.313043,0.268328,0.602619,0.1,1.98887,0.252809,0,-0.0349695,1.59924,-0.646737,72.0269,-0.0349695,-0.0511579,-0.6495062634348869,0.323842104524374,0.0324682,999,,,,,,,14.3,2.86,14.3,2.86,,,,,,,,,,,,,,,,,,,"Omar Narvaez","13338",553882
"Vidal Bruján","CHC",23,98,89,20,14,4,1,2,12,9,8,1,19,1,0,0,,3,2,0.222552,0.080429,0.19571,0.410959,0.293011,0.329377,0.275532,0.622388,0.106825,5.6226,0.266409,0,-0.45083,8.73102,-2.73284,77.664,-0.45083,-0.296748,-3.0683649480342865,0.1032523512840271,0.0308166,657.47998046875,,,,,,,86.2,3.747826086,86.2,3.747826086,,,,,,,,,,,,,,,,,,,"Vidal Brujan","20536",660644
"Luke Maile","KCR",5,19,17,4,2,1,0,0,1,2,2,0,6,0,0,0,,0,0,0.208092,0.0867347,0.30102,0.288136,0.292308,0.312139,0.272799,0.604446,0.104046,3.13969,0.294643,0,0.00439259,1.66834,-0.577639,71.2147,0.00439259,-0.0972,-0.6279861093498766,0.2778000012040138,0.0299357,999,,,,,,,14.3,2.86,14.3,2.86,,,,,,,,,,,,,,,,,,,"Luke Maile","13355",571912
"Ryan Kreidler","DET",3,14,12,2,2,0,0,0,2,1,1,0,4,0,0,0,,0,0,0.197368,0.0930233,0.313953,0.296296,0.282799,0.315789,0.269197,0.598588,0.118421,5.38304,0.273684,0,0.00689304,1.1759,-0.461789,74.34,0.00689304,0.126783,-0.4041522145271301,0.22678261250257492,0.0298811,999,,,,,,,2.2,0.733333333,2.2,0.733333333,,,,,,,,,,,,,,,,,,,"Ryan Kreidler","25867",668952
"Luken Baker","STL",37,161,143,30,17,6,0,7,15,22,16,0,44,1,2,0,,0,0,0.211765,0.0979167,0.275,0.356061,0.291667,0.4,0.300787,0.691667,0.188235,1.65668,0.249097,0,-0.200289,17.6164,-1.21705,93.5846,-0.200289,-0.164723,-1.4354069530963898,-3.639722600579262,0.0295717,723.9500122070312,,,,,,,159.2,4.302702702,159.2,4.302702702,,,,,,,,,,,,,,,,,,,"Luken Baker","21497",663609
"Darren Baker","WSN",6,28,26,7,6,1,0,0,3,2,2,0,5,0,0,0,,1,0,0.258427,0.0641822,0.194617,0.329787,0.305439,0.31236,0.274615,0.617799,0.0539326,5.63157,0.323864,0,0.0691839,2.47392,-0.80147,74.8652,0.0691839,0.126159,-0.7723950445652008,0.12615929543972015,0.0295573,999,,,,,,,24,4,24,4,,,,,,,,,,,,,,,,,,,"Darren Baker","29912",671117
"Isaac Collins","MIL",2,7,6,1,1,0,0,0,1,1,1,0,2,0,0,0,,0,0,0.225182,0.105485,0.238397,0.442478,0.317797,0.358354,0.300651,0.67615,0.133172,6.43304,0.286689,0,0.0038315,0.765163,-0.0536833,91.6529,0.0038315,0.0931858,-0.06603877525776625,0.11818584240972996,0.0294604,999,,,,,,,2.6,1.3,2.6,1.3,,,,,,,,,,,,,,,,,,,"Isaac Collins","25477",686555
"Yuli Gurriel","SDP",3,14,13,3,2,1,0,0,1,1,1,0,2,0,0,0,,0,0,0.260989,0.0839506,0.153086,0.548387,0.325926,0.384615,0.311258,0.710541,0.123626,4.23729,0.294314,0,0.0139262,1.64985,0.0121536,102.841,0.0139262,0,0.0614900216460228,-0.25,0.0286806,999,,,,,,,9.7,3.233333333,9.7,3.233333333,,,,,,,,,,,,,,,,,,,"Yuli Gurriel","19198",493329
"Hunter Feduccia","LAD",5,19,17,4,3,1,0,0,2,2,2,0,5,0,0,0,,0,0,0.224684,0.106443,0.2493,0.426966,0.308123,0.344937,0.290152,0.65306,0.120253,2.16737,0.288288,0,-0.0365041,1.93649,-0.309489,86.657,-0.0365041,-0.396621,-0.3428535684943199,-0.02162069082260132,0.0283916,749.739990234375,,,,,,,14.3,2.86,14.3,2.86,,,,,,,,,,,,,,,,,,,"Hunter Feduccia","23372",676439
"Hayden Senger","NYM",11,45,40,8,5,2,0,0,4,4,3,0,15,1,0,0,,0,0,0.20082,0.0627306,0.339483,0.184783,0.271375,0.295082,0.255186,0.566457,0.0942623,3.45386,0.306667,0,-0.10826,3.2577,-1.98292,64.9381,-0.10826,-0.11025,-1.9866031557321548,0.7647500038146973,0.0278883,999,,,,,,,22.6,2.054545454,22.6,2.054545454,,,,,,,,,,,,,,,,,,,"Hayden Senger","sa3007009",663584
"Enmanuel Valdez","PIT",3,14,13,3,2,1,0,0,2,2,1,0,3,0,0,0,,0,0,0.232227,0.0852878,0.234542,0.363636,0.299145,0.395735,0.302251,0.69488,0.163507,3.39541,0.275747,0,-0.024094,1.54835,-0.0893387,90.5151,-0.024094,-0.0669421,-0.18288282863795757,-0.01694214716553688,0.0275121,749.3599853515625,,,,,,,9.7,3.233333333,9.7,3.233333333,,,,,,,,,,,,,,,,,,,"Enmanuel Valdez","21716",665839
"Sam Haggerty","TEX",2,7,6,1,1,0,0,0,1,1,1,0,2,0,0,0,,0,0,0.237548,0.0819113,0.238908,0.342857,0.309278,0.344828,0.289509,0.654106,0.10728,7.32014,0.306878,0,0.0484893,0.702392,-0.116455,87.4547,0.0484893,0.056967,-0.051991574466228485,0.08196703530848026,0.0271955,999,,,,,,,2.6,1.3,2.6,1.3,,,,,,,,,,,,,,,,,,,"Sam Haggerty","18054",664059
"Owen Miller","COL",2,7,6,2,1,0,0,0,1,1,0,0,1,0,0,0,,0,0,0.266839,0.063981,0.196682,0.325301,0.319905,0.388601,0.30999,0.708506,0.121762,4.5605,0.32,0,-0.00714638,0.817779,-0.00106791,85.2057,-0.00714638,0.126159,-0.13098428491503,0.15115929581224918,0.0261584,999,,,,,,,5.2,2.6,5.2,2.6,,,,,,,,,,,,,,,,,,,"Owen Miller","24655",680911
"Keston Hiura","COL",3,14,13,3,2,1,0,1,2,2,1,0,4,0,0,0,,0,0,0.255072,0.0727273,0.306494,0.237288,0.327273,0.46087,0.340418,0.788142,0.205797,3.34096,0.331754,0,-0.0262988,1.97842,0.340731,105.686,-0.0262988,-0.0363673,0.0688924603164196,-0.28636734932661057,0.0256892,747.8800048828125,,,,,,,19.1,6.366666666,19.1,6.366666666,,,,,,,,,,,,,,,,,,,"Keston Hiura","20003",669374
"David Bañuelos","BAL",2,6,6,1,1,0,0,0,1,1,0,0,2,0,0,0,,0,0,0.207143,0.0774194,0.36129,0.214286,0.279221,0.342857,0.276124,0.622078,0.135714,4.87263,0.3125,0,-0.002496,0.573237,-0.175423,80.6459,-0.002496,0.0424286,-0.14422463695518672,0.16742857173085213,0.0244305,999,,,,,,,-0.4,-0.2,-0.4,-0.2,,,,,,,,,,,,,,,,,,,"David Banuelos","23250",675915
"J.D. Davis","LAA",23,98,87,19,12,4,0,3,10,10,9,0,34,1,1,0,,0,0,0.221212,0.0891892,0.343243,0.259843,0.3,0.366667,0.294987,0.666667,0.145455,1.16259,0.319588,0,-0.177686,10.2655,-1.19831,89.5184,-0.177686,-0.385132,-1.3530123829841614,-1.685131996870041,0.0236234,734.8800048828125,,,,,,,89.2,3.878260869,89.2,3.878260869,,,,,,,,,,,,,,,,,,,"J.D. Davis","16219",605204
"Oscar Gonzalez","SDP",3,14,13,3,2,1,0,0,2,2,1,0,3,0,0,0,,0,0,0.256293,0.0369565,0.234783,0.157407,0.286957,0.416476,0.302072,0.703433,0.160183,4.26325,0.308176,0,-0.00359771,1.54634,-0.0913538,96.6583,-0.00359771,-0.0286726,-0.059541340451687574,-0.1786725725978613,0.0235473,999,,,,,,,9.7,3.233333333,9.7,3.233333333,,,,,,,,,,,,,,,,,,,"Oscar Gonzalez","20970",660757
"Seby Zavala","BOS",3,13,11,2,1,1,0,0,1,1,1,0,5,0,0,0,,0,0,0.199134,0.0807692,0.369231,0.21875,0.275194,0.329004,0.268959,0.604198,0.12987,1.93438,0.305344,0,-0.0405319,1.07266,-0.424657,67.1864,-0.0405319,0.0451139,-0.5211161635816097,0.2951139248907566,0.0207271,999,,,,,,,6.1,2.033333333,6.1,2.033333333,,,,,,,,,,,,,,,,,,,"Seby Zavala","18887",664874
"Jon Singleton","HOU",31,133,114,23,14,5,0,4,14,15,17,0,38,0,1,0,,0,0,0.204918,0.131455,0.286385,0.459016,0.307512,0.357924,0.295323,0.665435,0.153005,2.79498,0.26383,0,-0.186429,13.9678,-1.59025,93.0723,-0.186429,-0.0706909,-1.2406807988882065,-2.995690867304802,0.0203719,723.7899780273438,,,,,,,117.9,3.803225806,117.9,3.803225806,,,,,,,,,,,,,,,,,,,"Jon Singleton","10441",572138
"Alexander Canario","NYM",8,35,32,7,4,1,0,1,4,5,3,0,12,0,0,0,,1,0,0.206128,0.0761421,0.345178,0.220588,0.271574,0.37883,0.284007,0.650404,0.172702,4.43712,0.280952,0,-0.0186403,3.35697,-0.737265,84.3365,-0.0186403,-0.127895,-0.6742083374410868,-0.3028947561979294,0.0194608,748.8599853515625,,,,,,,30.4,3.8,30.4,3.8,,,,,,,,,,,,,,,,,,,"Alexander Canario","22842",672744
"Jakob Marsee","MIA",3,14,12,2,2,0,0,0,2,1,2,0,3,0,0,0,,1,0,0.202083,0.115453,0.238011,0.485075,0.310036,0.308333,0.282346,0.618369,0.10625,7.21203,0.259587,0,0.0506899,1.32407,-0.313621,77.0829,0.0506899,-0.0050625,-0.3329719081521034,0.0449375007301569,0.018402,999,,,,,,,7.1,2.366666666,7.1,2.366666666,,,,,,,,,,,,,,,,,,,"Jakob Marsee","sa3019868",805300
"Trey Lipscomb","WSN",6,28,26,6,5,1,0,0,3,2,1,0,6,0,0,0,,1,0,0.240088,0.0534979,0.199588,0.268041,0.284536,0.325991,0.270066,0.610527,0.0859031,4.62061,0.291785,0,-0.0178015,2.37139,-0.903991,71.8033,-0.0178015,0.10623,-0.9619017094373703,0.20622950792312622,0.0182549,744.739990234375,,,,,,,15.4,2.566666666,15.4,2.566666666,,,,,,,,,,,,,,,,,,,"Trey Lipscomb","31567",702358
"Jake Bauers","MIL",6,28,25,5,3,1,0,1,3,3,3,0,9,0,0,0,,1,0,0.207237,0.112392,0.32853,0.342105,0.302594,0.391447,0.304702,0.694041,0.184211,5.05631,0.276836,0,0.0469844,3.15196,-0.123428,94.3799,0.0469844,-0.122595,-0.14119170606136322,-0.6225945875048637,0.0174169,727.239990234375,,,,,,,26.2,4.366666666,26.2,4.366666666,,,,,,,,,,,,,,,,,,,"Jake Bauers","15194",641343
"Tim Tawa","ARI",3,14,13,3,2,1,0,0,1,2,1,0,4,0,0,0,,0,0,0.221782,0.0690909,0.254545,0.271429,0.28,0.350495,0.277488,0.630495,0.128713,3.95439,0.278873,0,-0.0291057,1.26933,-0.36836,74.8005,-0.0291057,0.0987188,-0.45097783021628857,0.14871875569224358,0.0169329,999,,,,,,,9.7,3.233333333,9.7,3.233333333,,,,,,,,,,,,,,,,,,,"Tim Tawa","sa3016970",694374
"Gustavo Campero","LAA",2,7,6,2,1,0,0,0,1,1,0,0,1,0,0,0,,0,0,0.244094,0.0672854,0.201856,0.333333,0.32243,0.39895,0.316643,0.72138,0.154856,7.12612,0.287719,0,0.0122485,0.855267,0.0364207,104.752,0.0122485,-0.0471273,0.05031116586178541,-0.12212727591395378,0.0166827,748.280029296875,,,,,,,5.2,2.6,5.2,2.6,,,,,,,,,,,,,,,,,,,"Gustavo Campero","22707",672569
"Garrett Stubbs","PHI",5,19,17,4,3,0,0,0,2,2,2,0,5,0,0,0,,0,0,0.208333,0.097561,0.256098,0.380952,0.294479,0.291667,0.266581,0.586145,0.0833333,5.77564,0.277228,0,0.0323603,1.57225,-0.673731,68.5045,0.0323603,-0.165057,-0.6907616071403027,0.20994339883327484,0.0163758,999,,,,,,,11.4,2.28,11.4,2.28,,,,,,,,,,,,,,,,,,,"Garrett Stubbs","18067",596117
"Reese McGuire","CHC",3,13,12,2,2,0,0,0,1,1,1,0,3,0,0,0,,0,0,0.209302,0.0635593,0.258475,0.245902,0.264957,0.293023,0.249199,0.55798,0.0837209,3.09377,0.27451,0,0.000291736,0.869093,-0.628226,59.9404,0.000291736,0.0943291,-0.6128746560716536,0.3443291112780571,0.0162876,999,,,,,,,2.2,0.733333333,2.2,0.733333333,,,,,,,,,,,,,,,,,,,"Reese McGuire","15674",624512
"Jorge Barrosa","ARI",2,7,6,1,1,0,0,0,1,1,1,0,1,0,0,0,,0,0,0.23185,0.0798319,0.203782,0.391753,0.300847,0.344262,0.28645,0.64511,0.112412,5.40898,0.283077,0,-0.013325,0.685159,-0.133687,80.8326,-0.013325,0.0728257,-0.1737683853134513,0.09782569296658039,0.0162316,999,,,,,,,2.6,1.3,2.6,1.3,,,,,,,,,,,,,,,,,,,"Jorge Barrosa","23968",678489
"Brett Sullivan","SDP",2,6,6,1,1,0,0,0,1,1,0,0,1,0,0,0,,0,0,0.225201,0.0752427,0.165049,0.455882,0.286408,0.359249,0.282014,0.645657,0.134048,4.20418,0.249169,0,-0.00763724,0.603577,-0.145082,83.158,-0.00763724,-0.0449109,-0.13653198396787047,0.08008911088109016,0.0161819,999,,,,,,,-0.4,-0.2,-0.4,-0.2,,,,,,,,,,,,,,,,,,,"Brett Sullivan","18217",664954
"Nick Martini","COL",10,42,37,9,6,2,0,1,6,6,4,0,10,1,0,0,,0,0,0.241497,0.0898204,0.233533,0.384615,0.323353,0.404762,0.319141,0.728115,0.163265,4.23842,0.291866,0,-0.159082,5.21604,0.302956,91.3654,-0.159082,0,-0.5927461534738541,-0.6499999761581421,0.0161006,750.5999755859375,,,,,,,43.6,4.36,43.6,4.36,,,,,,,,,,,,,,,,,,,"Nick Martini","12005",605361
"Bryce Eldridge","SFG",21,91,82,20,13,4,0,3,10,11,7,0,28,1,1,0,,1,0,0.242915,0.0752294,0.304587,0.246988,0.302752,0.40081,0.304523,0.703562,0.157895,3.90221,0.327044,0,-0.0566368,10.2308,-0.414251,96.5985,-0.0566368,-0.573639,-0.42677899077534676,-2.4486393332481384,0.0160052,999,,,,,,,95.7,4.557142857,95.7,4.557142857,,,,,,,,,,,,,,,,,,,"Bryce Eldridge","sa3022757",805811
"Heriberto Hernandez","MIA",5,21,18,4,2,1,0,1,3,2,2,0,7,0,0,0,,0,0,0.222772,0.0997831,0.314534,0.317241,0.309368,0.388614,0.306479,0.697982,0.165842,3.78538,0.303644,0,-0.0288675,2.394,-0.0625376,93.326,-0.0288675,-0.126973,-0.19646576419472694,-0.3519729673862457,0.0155828,999,,,,,,,22.7,4.54,22.7,4.54,,,,,,,,,,,,,,,,,,,"Heriberto Hernandez","sa3005630",681715
"Billy Hamilton",,3,14,13,3,2,1,0,0,1,1,1,0,4,0,0,0,,0,0,0.216648,0.077481,0.258576,0.299645,0.284944,0.342505,0.277306,0.627449,0.125856,4.66625,0.275253,0,-0.00326203,1.26728,-0.370414,77.4423,-0.00326203,0,-0.3727592995855957,0.05000000074505806,0.0148406,999,,,,,,,9.7,3.233333333,9.7,3.233333333,,,,,,,,,,,,,,,,,,,"Billy Hamilton","10199",571740
"Ronny Simon","MIA",3,14,13,3,2,1,0,0,2,1,1,0,3,0,0,0,,0,0,0.241525,0.0693642,0.210019,0.330275,0.29845,0.360169,0.28956,0.658619,0.118644,5.60396,0.293296,0,-0.0153551,1.40536,-0.232333,81.9385,-0.0153551,-0.0632195,-0.317728865891695,-0.013219516724348068,0.0139699,999,,,,,,,9.7,3.233333333,9.7,3.233333333,,,,,,,,,,,,,,,,,,,"Ronny Simon","sa3008365",682927
"Matthew Lugo","LAA",6,28,26,6,4,1,0,1,3,3,2,0,8,0,0,0,,1,0,0.22973,0.0572139,0.271144,0.211009,0.284289,0.375676,0.287351,0.659965,0.145946,5.94297,0.296443,0,-0.00433219,2.76092,-0.514462,84.1471,-0.00433219,0.0135,-0.5122265834361315,-0.28650001157075167,0.0139082,749.219970703125,,,,,,,27.8,4.633333333,27.8,4.633333333,,,,,,,,,,,,,,,,,,,"Matthew Lugo","sa1169598",683090
"Logan Davidson","ATH",6,28,26,6,4,1,0,1,3,3,2,0,9,0,0,0,,0,0,0.219895,0.0719424,0.330935,0.217391,0.280576,0.348168,0.276072,0.628743,0.128272,4.45748,0.316456,0,-0.0467777,2.50674,-0.768648,81.9553,-0.0467777,0.314376,-0.6248907186090946,-0.18562376499176025,0.0126908,999,,,,,,,25.9,4.316666666,25.9,4.316666666,,,,,,,,,,,,,,,,,,,"Logan Davidson","sa918676",669722
"Niko Kavadas","LAA",2,7,6,1,1,0,0,0,1,1,1,0,3,0,0,0,,0,0,0.201456,0.12731,0.390144,0.326316,0.318275,0.378641,0.310501,0.696916,0.177184,1.91772,0.31401,0,-0.016333,0.820663,0.00181623,100.432,-0.016333,0.0243,-0.012874777195975184,-0.10070000030100346,0.01237,999,,,,,,,2.6,1.3,2.6,1.3,,,,,,,,,,,,,,,,,,,"Niko Kavadas","29782",694359
"Travis Jankowski","CHW",28,119,105,24,19,4,0,0,14,8,12,0,23,1,0,0,,6,0,0.227273,0.1,0.196,0.510204,0.313253,0.286364,0.272755,0.599617,0.0590909,6.49936,0.28655,0,0.697912,10.336,-3.58442,75.1409,0.697912,0,-2.686931788921356,-1.1749999523162842,0.0108437,999,,,,,,,91.4,3.264285714,91.4,3.264285714,,,,,,,,,,,,,,,,,,,"Travis Jankowski","13768",608671
"Eric Wagaman","MIA",36,154,142,35,23,8,1,4,17,17,11,0,31,1,1,0,,2,1,0.246637,0.068323,0.202899,0.336735,0.300207,0.392377,0.302111,0.692584,0.14574,4.23969,0.289941,0,-0.206165,17.0146,-1.00006,90.3857,-0.206165,-1.39909,-1.9766717553138733,-3.04909086227417,0.0105954,745.9500122070312,,,,,,,157.5,4.375,157.5,4.375,,,,,,,,,,,,,,,,,,,"Eric Wagaman","23395",676572
"Grae Kessinger","ARI",5,21,19,4,3,1,0,0,3,2,2,0,5,0,0,0,,0,0,0.220238,0.0855615,0.256684,0.333333,0.292225,0.318452,0.272396,0.610678,0.0982143,4.84998,0.288136,0,-0.0398412,1.81793,-0.638609,71.3731,-0.0398412,0.0866139,-0.7587181366980076,0.16161386668682098,0.0105567,999,,,,,,,12.3,2.46,12.3,2.46,,,,,,,,,,,,,,,,,,,"Grae Kessinger","25813",666197
"Justin Foscue","TEX",2,7,6,1,1,0,0,0,1,1,1,0,1,0,0,0,,0,0,0.227273,0.0983607,0.194379,0.506024,0.318501,0.387701,0.312164,0.706202,0.160428,3.64856,0.259786,0,-0.0198714,0.830027,0.0111804,103.39,-0.0198714,-0.0150309,0.007282694801688194,-0.1400309270247817,0.0103898,999,,,,,,,2.6,1.3,2.6,1.3,,,,,,,,,,,,,,,,,,,"Justin Foscue","27501",679822
"Braden Shewmake","NYY",2,7,7,1,1,0,0,0,1,1,0,0,1,0,0,0,,0,0,0.217514,0.0450928,0.206897,0.217949,0.257294,0.350282,0.264116,0.607577,0.132768,6.87024,0.254613,0,0.0193178,0.559327,-0.259519,69.5691,0.0193178,0.0462857,-0.224417295306921,0.07128571532666683,0.00828464,999,,,,,,,-1.4,-0.7,-1.4,-0.7,,,,,,,,,,,,,,,,,,,"Braden Shewmake","25817",669699
"Petey Halpin","CLE",2,7,6,1,1,0,0,0,1,1,1,0,2,0,0,0,,0,0,0.222488,0.0762527,0.278867,0.273438,0.283843,0.344498,0.277083,0.62834,0.12201,5.34915,0.295775,0,-0.0123418,0.632382,-0.186464,79.9398,-0.0123418,-0.0109038,-0.1730133229866624,0.01409615483134985,0.00768712,999,,,,,,,2.6,1.3,2.6,1.3,,,,,,,,,,,,,,,,,,,"Petey Halpin","sa3014461",690984
"Tyler Callihan","CIN",2,7,6,1,1,0,0,0,1,1,0,0,2,0,0,0,,0,0,0.228495,0.0682927,0.292683,0.233333,0.287129,0.346774,0.280012,0.633903,0.11828,5.56299,0.314286,0,0.0115186,0.648887,-0.16996,71.6596,0.0115186,0.0409091,-0.2257091049104929,0.06590908952057362,0.00757098,999,,,,,,,-0.4,-0.2,-0.4,-0.2,,,,,,,,,,,,,,,,,,,"Tyler Callihan","sa1169610",682997
"José Fermín","STL",2,7,6,1,1,0,0,0,1,1,1,0,1,0,0,0,,0,0,0.229391,0.0903427,0.121495,0.74359,0.315457,0.329749,0.290547,0.645207,0.100358,5.39767,0.248945,0,-0.00152845,0.708239,-0.110607,86.6925,-0.00152845,-0.0741064,-0.11292130942456424,-0.04910638742148876,0.00734091,999,,,,,,,2.6,1.3,2.6,1.3,,,,,,,,,,,,,,,,,,,"Jose Fermin","21746",665877
"Carlos D. Rodriguez","ATL",2,7,6,2,1,0,0,0,1,1,1,0,1,0,0,0,,0,0,0.262931,0.0912621,0.132039,0.691176,0.330097,0.349138,0.302039,0.679235,0.0862069,5.27486,0.300505,0,-0.0127477,0.772986,-0.0458603,91.7667,-0.0127477,-0.00686441,-0.08166555408388376,-0.08186440961435437,0.00718576,999,,,,,,,8.2,4.1,8.2,4.1,,,,,,,,,,,,,,,,,,,"Carlos D. Rodriguez","sa3005478",677578
"Chuckie Robinson","LAA",2,6,6,1,1,0,0,0,1,1,0,0,2,0,0,0,,0,0,0.217544,0.0522876,0.271242,0.192771,0.267974,0.312281,0.257836,0.580255,0.0947369,2.72115,0.284264,0,-0.0239832,0.479033,-0.269627,63.3855,-0.0239832,0.0136627,-0.29210902005434036,0.13866265024989843,0.00618644,999,,,,,,,-0.4,-0.2,-0.4,-0.2,,,,,,,,,,,,,,,,,,,"Chuckie Robinson","19824",642020
"René Pinto","ARI",2,6,6,1,1,0,0,0,1,1,0,0,2,0,0,0,,0,0,0.215753,0.0479233,0.348243,0.137615,0.259615,0.366438,0.272252,0.626054,0.150685,1.448,0.302857,0,-0.00919858,0.553293,-0.195366,71.2761,-0.00919858,-0.05,-0.22902775276452303,0.07499999925494194,0.00610357,999,,,,,,,-0.4,-0.2,-0.4,-0.2,,,,,,,,,,,,,,,,,,,"Rene Pinto","19859",650907
"Dom Nuñez","CLE",3,13,11,2,1,0,0,0,1,1,2,0,4,0,0,0,,0,0,0.175966,0.118519,0.337037,0.351648,0.277154,0.283262,0.254421,0.560415,0.107296,4.50861,0.266187,0,-0.0122198,0.922888,-0.574431,63.999,-0.0122198,-0.0821408,-0.5394869148731232,0.16785915940999985,0.00568719,999,,,,,,,6.2,2.066666666,6.2,2.066666666,,,,,,,,,,,,,,,,,,,"Dom Nunez","15055",624513
"Osleivis Basabe","SFG",2,7,6,2,1,0,0,0,1,1,0,0,1,0,0,0,,0,0,0.25,0.0545455,0.165909,0.328767,0.296128,0.338235,0.279863,0.634363,0.0882353,4.98433,0.293413,0,-0.0135025,0.648045,-0.170802,80.0005,-0.0135025,-0.0301765,-0.18091124203056097,-0.005176469683647156,0.00485605,999,,,,,,,5.2,2.6,5.2,2.6,,,,,,,,,,,,,,,,,,,"Osleivis Basabe","23985",678545
"Adael Amador","COL",6,28,25,6,4,1,0,1,3,3,3,0,5,0,0,0,,1,0,0.241218,0.0920502,0.188285,0.488889,0.316562,0.360656,0.300839,0.677218,0.119438,5.36143,0.280488,0,-0.0125183,3.0649,-0.210483,79.047,-0.0125183,-0.281208,-0.7140811197459698,-0.18120753020048141,0.00383567,691.9099731445312,,,,,,,31.8,5.3,31.8,5.3,,,,,,,,,,,,,,,,,,,"Adael Amador","27962",691182
"Blake Hunt","SEA",2,6,6,1,1,0,0,0,1,1,0,0,2,0,0,0,,0,0,0.197026,0.0515464,0.298969,0.172414,0.250859,0.315985,0.250368,0.566844,0.118959,3.64589,0.264045,0,-0.00497464,0.440565,-0.308094,66.2839,-0.00497464,-0.0503514,-0.25187554443255067,0.0746486485004425,0.00373044,999,,,,,,,-0.4,-0.2,-0.4,-0.2,,,,,,,,,,,,,,,,,,,"Blake Hunt","sa3004153",675448
"Dominic Smith","NYY",8,35,32,7,5,2,0,1,4,4,3,0,8,1,0,0,,0,0,0.232143,0.0781609,0.225287,0.346939,0.303448,0.359694,0.292977,0.663142,0.127551,2.44262,0.283217,0,-0.0645401,3.60965,-0.484582,89.8704,-0.0645401,0.0637377,-0.4702027142047882,-0.661262258887291,0.00364347,732.7100219726562,,,,,,,34.4,4.3,34.4,4.3,,,,,,,,,,,,,,,,,,,"Dominic Smith","15653",642086
"Graham Pauley","MIA",32,140,127,28,18,6,1,4,16,15,11,1,34,2,1,0,,2,1,0.220302,0.078125,0.242188,0.322581,0.291016,0.360691,0.2862,0.651707,0.140389,4.55615,0.271341,0,-0.241496,13.675,-2.70195,79.6769,-0.241496,0.313463,-3.643852710723877,-0.9865365326404572,0.00327914,999,,,,,,,130.5,4.078125,130.5,4.078125,,,,,,,,,,,,,,,,,,,"Graham Pauley","31363",688363
"Garrett Cooper","ATL",2,7,6,2,1,0,0,0,1,1,1,0,2,0,0,0,,0,0,0.239344,0.0794118,0.294118,0.27,0.308824,0.383607,0.304067,0.69243,0.144262,1.64148,0.321608,0,-0.0129993,0.78441,-0.0344367,93.1314,-0.0129993,-0.00880435,-0.07049363758414984,-0.1338043473660946,0.00297533,750.5499877929688,,,,,,,8.2,4.1,8.2,4.1,,,,,,,,,,,,,,,,,,,"Garrett Cooper","15279",643265
"Nick Ahmed","TEX",2,7,7,1,1,0,0,0,1,1,0,0,2,0,0,0,,0,0,0.207171,0.0555556,0.237037,0.234375,0.253731,0.294821,0.243351,0.548552,0.0876494,4.11062,0.264865,0,-0.00578938,0.442336,-0.37651,54.9862,-0.00578938,0.0790244,-0.3663258086889982,0.1540243923664093,0.00217371,999,,,,,,,-1.4,-0.7,-1.4,-0.7,,,,,,,,,,,,,,,,,,,"Nick Ahmed","12147",605113
"Darick Hall","PIT",3,14,13,3,2,1,0,0,1,1,1,0,3,0,0,0,,0,0,0.224824,0.0765957,0.244681,0.313043,0.289362,0.377049,0.290446,0.666411,0.152225,1.56844,0.27,0,-0.0293808,1.41534,-0.222355,82.5698,-0.0293808,0.117558,-0.3211857322603464,-0.13244248181581497,0.00129983,745.1400146484375,,,,,,,9.7,3.233333333,9.7,3.233333333,,,,,,,,,,,,,,,,,,,"Darick Hall","19717",669742
"Andrew McCutchen","PIT",105,455,393,89,58,18,0,13,52,45,55,1,112,4,3,0,,4,2,0.225131,0.11991,0.246606,0.486239,0.323529,0.371728,0.30853,0.695257,0.146597,2.88093,0.277567,0,-0.920257,52.6213,-0.603765,94.7419,-0.920257,0,-3.781154692173004,-11.375,-0.00043374,604.3400268554688,,,,,,,458.8,4.369523809,458.8,4.369523809,,,,,,,,,,,,,,,,,,,"Andrew McCutchen","9847",457705
"Gabriel Rincones Jr.","PHI",2,7,6,1,1,0,0,0,1,1,1,0,2,0,0,0,,0,0,0.209115,0.0799031,0.300242,0.266129,0.283293,0.343164,0.278076,0.626456,0.134048,6.16607,0.286307,0,0.0048869,0.637977,-0.18087,76.2412,0.0048869,0.0275745,-0.19398964196443558,-0.0474255345761776,-0.000858049,999,,,,,,,2.6,1.3,2.6,1.3,,,,,,,,,,,,,,,,,,,"Gabriel Rincones Jr.","sa3020758",687282
"Tucker Barnhart","TEX",2,6,6,1,1,0,0,0,0,0,1,0,2,0,0,0,,0,0,0.191388,0.0854701,0.277778,0.307692,0.267241,0.248804,0.237129,0.516045,0.0574163,2.48384,0.270833,0,-0.00575469,0.372371,-0.376288,50.6095,-0.00575469,-0.01125,-0.3674384197220206,0.11374999955296516,-0.00416633,999,,,,,,,2.6,1.3,2.6,1.3,,,,,,,,,,,,,,,,,,,"Tucker Barnhart","10200",571466
"Trayce Thompson","BOS",6,28,25,5,3,1,0,1,3,3,3,0,10,0,0,0,,0,0,0.200599,0.0911528,0.359249,0.253731,0.27882,0.374252,0.285628,0.653072,0.173653,4.19601,0.281915,0,0.000822313,2.7221,-0.553285,78.9117,0.000822313,0,-0.6748028320143931,-0.30000001192092896,-0.00427654,750.0999755859375,,,,,,,24.3,4.05,24.3,4.05,,,,,,,,,,,,,,,,,,,"Trayce Thompson","9952",572204
"Dustin Harris","TEX",5,21,19,4,3,1,0,0,3,2,2,0,5,0,0,0,,1,0,0.236025,0.0833333,0.244444,0.340909,0.307978,0.364389,0.295685,0.672367,0.128364,6.22503,0.297376,0,0.0449884,2.21157,-0.244972,91.7993,0.0449884,-0.27216,-0.1520623415708542,-0.5971599817276001,-0.00507882,748.5499877929688,,,,,,,14.2,2.84,14.2,2.84,,,,,,,,,,,,,,,,,,,"Dustin Harris","25705",687957
"Sandy León","ATL",3,13,11,2,1,0,0,0,1,1,1,0,4,0,0,0,,0,0,0.167488,0.114407,0.338983,0.3375,0.270386,0.236453,0.237736,0.506839,0.0689655,0.703202,0.256198,0,-0.0235435,0.750994,-0.746325,48.4862,-0.0235435,0.0700541,-0.8120312299579382,0.3200540542602539,-0.00678786,999,,,,,,,3.2,1.066666666,3.2,1.066666666,,,,,,,,,,,,,,,,,,,"Sandy Leon","5273",506702
"Stone Garrett","WSN",2,7,6,1,1,0,0,0,1,1,1,0,2,0,0,0,,0,0,0.230089,0.0721925,0.307487,0.234783,0.291444,0.371681,0.290406,0.663125,0.141593,4.32304,0.311927,0,-0.00855706,0.707443,-0.111404,85.4932,-0.00855706,0,-0.1299882223829627,-0.17499999701976776,-0.00742373,733.3599853515625,,,,,,,2.6,1.3,2.6,1.3,,,,,,,,,,,,,,,,,,,"Stone Garrett","19273",656448
"Marco Luciano","SFG",15,63,56,12,9,2,0,1,7,6,7,0,18,0,0,0,,0,0,0.223077,0.104545,0.293182,0.356589,0.306818,0.346154,0.290458,0.652972,0.123077,3.54979,0.304348,0,-0.150986,6.36964,-0.999979,87.1317,-0.150986,-0.406528,-1.1204281151294708,-1.0815283060073853,-0.0107402,716.6599731445312,,,,,,,47.4,3.16,47.4,3.16,,,,,,,,,,,,,,,,,,,"Marco Luciano","25616",682617
"Tim Elko","CHW",8,35,33,8,6,1,0,1,4,4,2,0,12,0,0,0,,0,0,0.243714,0.0473588,0.349727,0.135417,0.284153,0.384913,0.290392,0.669066,0.141199,2.91621,0.353698,0,-0.0714362,3.53683,-0.557403,87.5471,-0.0714362,0.0697846,-0.5701404586434364,-0.7052153646945953,-0.0112172,999,,,,,,,30.1,3.7625,30.1,3.7625,,,,,,,,,,,,,,,,,,,"Tim Elko","sa3020188",671284
"Kyren Paris","LAA",5,21,19,4,2,1,0,0,2,2,2,0,8,0,0,0,,1,0,0.189258,0.0970655,0.361174,0.26875,0.276644,0.299233,0.260387,0.575877,0.109974,6.60206,0.293333,0,0.0767669,1.61496,-0.841583,65.1805,0.0767669,-0.204393,-0.7598905190825462,-0.07939252257347107,-0.0143801,750.7899780273438,,,,,,,14.2,2.84,14.2,2.84,,,,,,,,,,,,,,,,,,,"Kyren Paris","26420",677347
"Blaze Alexander","ARI",29,126,113,26,18,5,1,2,13,14,9,0,41,3,1,0,,2,1,0.226158,0.0733496,0.325183,0.225564,0.29902,0.337875,0.284052,0.636894,0.111717,4.62935,0.331878,0,-0.177317,12.0896,-2.64964,79.2181,-0.177317,0.224308,-3.3085627406835556,-1.0756923854351044,-0.0194502,748.7899780273438,,,,,,,108.6,3.744827586,108.6,3.744827586,,,,,,,,,,,,,,,,,,,"Blaze Alexander","23789",677942
"Christian Arroyo","PHI",3,14,13,3,2,1,0,0,1,1,1,0,4,0,0,0,,0,0,0.215859,0.0487805,0.264228,0.184615,0.265306,0.321586,0.259178,0.586892,0.105727,3.20288,0.28125,0,-0.045343,1.06301,-0.574683,63.5215,-0.045343,0.0879429,-0.656040221452713,-0.012057147920131683,-0.0208501,999,,,,,,,9.7,3.233333333,9.7,3.233333333,,,,,,,,,,,,,,,,,,,"Christian Arroyo","16434",624414
"Albert Almora Jr.","MIA",5,21,19,5,3,1,0,0,2,2,1,0,4,0,0,0,,0,0,0.244131,0.0543478,0.173913,0.3125,0.289474,0.342723,0.278405,0.632197,0.0985915,4.3096,0.28863,0,-0.0466641,1.9195,-0.537041,74.4304,-0.0466641,-0.0916229,-0.6887661255896091,-0.2166229486465454,-0.0212822,999,,,,,,,14.9,2.98,14.9,2.98,,,,,,,,,,,,,,,,,,,"Albert Almora Jr.","14109",546991
"Noelvi Marte","CIN",29,126,117,29,21,5,0,3,14,13,7,0,32,1,1,0,,4,1,0.243902,0.0588235,0.253394,0.232143,0.294118,0.363415,0.288898,0.657532,0.119512,4.95791,0.310345,0,-0.00856889,12.5811,-2.15816,77.6402,-0.00856889,-1.485,-3.3775526396930218,-1.0350000262260437,-0.0223727,450.5199890136719,,,,,,,116.9,4.031034482,116.9,4.031034482,,,,,,,,,,,,,,,,,,,"Noelvi Marte","26517",682622
"Brandon Drury","CHW",76,329,299,68,43,14,1,9,34,36,22,0,79,5,3,0,,1,1,0.225888,0.0669746,0.240185,0.278846,0.286374,0.370558,0.287721,0.656933,0.14467,2.60954,0.27305,0,-0.707471,32.5389,-5.94689,85.6682,-0.707471,-1.54611,-6.102589249610901,-5.17110538482666,-0.0316347,653.2100219726562,,,,,,,292.8,3.852631578,292.8,3.852631578,,,,,,,,,,,,,,,,,,,"Brandon Drury","11615",592273
"Matt Duffy",,13,56,51,12,9,2,0,1,5,4,4,0,13,1,0,0,,0,0,0.228814,0.0733591,0.227799,0.322034,0.293436,0.300847,0.267768,0.594284,0.0720339,2.86085,0.291429,0,-0.112003,4.63923,-1.91154,70.8813,-0.112003,-0.459342,-2.0198741257190704,-0.259341761469841,-0.0426943,999,,,,,,,46.4,3.569230769,46.4,3.569230769,,,,,,,,,,,,,,,,,,,"Matt Duffy","13836",622110
"Bryan Ramos","CHW",31,133,122,27,18,5,0,4,14,15,9,0,32,2,1,0,,1,1,0.22049,0.0651731,0.238289,0.273504,0.281059,0.349666,0.278229,0.630725,0.129176,3.24884,0.267081,0,-0.450877,12.1379,-3.42017,78.9912,-0.450877,0.296542,-3.647993564605713,-1.2284575998783112,-0.0457341,682.4099731445312,,,,,,,113.4,3.658064516,113.4,3.658064516,,,,,,,,,,,,,,,,,,,"Bryan Ramos","25621",682868
"Miguel Sanó",,10,42,37,7,4,1,0,2,5,5,4,0,16,0,0,0,,0,0,0.200787,0.101045,0.369338,0.273585,0.289199,0.38189,0.294285,0.671088,0.181102,2.48211,0.284672,0,-0.040031,4.37581,-0.537269,89.1226,-0.040031,-0.4212,-0.5745489075779915,-1.3211999833583832,-0.0512652,999,,,,,,,35.9,3.59,35.9,3.59,,,,,,,,,,,,,,,,,,,"Miguel Sano","12164",593934
"Trey Mancini","ARI",6,28,25,5,4,1,0,1,3,3,2,0,7,0,0,0,,0,0,0.216648,0.077481,0.258576,0.299645,0.284944,0.342505,0.277306,0.627449,0.125856,4.66625,0.275253,0,-0.00652406,2.53456,-0.740829,74.6778,-0.00652406,0,-0.8543771249242127,-0.6000000238418579,-0.0539057,750.9299926757812,,,,,,,21.3,3.55,21.3,3.55,,,,,,,,,,,,,,,,,,,"Trey Mancini","15149",641820
"Aledmys Díaz",,13,56,52,11,8,3,0,1,4,5,3,0,11,1,0,0,,0,0,0.221818,0.0568562,0.190635,0.298246,0.277592,0.338182,0.270594,0.615774,0.116364,1.08036,0.257009,0,-0.0916471,4.7666,-1.78417,72.8253,-0.0916471,-0.824727,-1.87214944511652,-0.5247272849082947,-0.0548461,999,,,,,,,39.7,3.053846153,39.7,3.053846153,,,,,,,,,,,,,,,,,,,"Aledmys Diaz","15937",649557
"Gavin Sheets","SDP",29,126,114,27,18,6,0,3,10,14,10,0,27,1,1,0,,0,0,0.233251,0.0808989,0.211236,0.382979,0.298876,0.372208,0.294213,0.671085,0.138958,1.39857,0.273333,0,-0.281518,13.1201,-1.61918,91.3687,-0.281518,-0.474698,-1.5820039212703705,-3.174697756767273,-0.0579156,681.3300170898438,,,,,,,115.8,3.993103448,115.8,3.993103448,,,,,,,,,,,,,,,,,,,"Gavin Sheets","19901",657757
"Zac Veen","COL",49,210,188,43,29,7,2,5,25,23,17,0,55,2,2,2,,10,2,0.231003,0.0815217,0.26087,0.3125,0.29863,0.370821,0.294043,0.669451,0.139818,6.94982,0.295154,0,0.751555,21.8381,-2.72729,74.4727,0.751555,-0.335172,-5.658838093280792,-2.4851725101470947,-0.118852,999,,,,,,,201.9,4.120408163,201.9,4.120408163,,,,,,,,,,,,,,,,,,,"Zac Veen","sa3014516",691728
"DJ Stewart","PIT",28,119,104,22,14,4,0,3,12,12,12,0,32,2,1,0,,1,0,0.210169,0.103245,0.268437,0.384615,0.306785,0.345763,0.292467,0.652547,0.135593,3.92539,0.269036,0,-0.0912956,12.224,-1.69641,83.9303,-0.0912956,-1.03275,-2.378037117421627,-2.9577499628067017,-0.141797,749.6599731445312,,,,,,,102.9,3.675,102.9,3.675,,,,,,,,,,,,,,,,,,,"DJ Stewart","17766",621466
"Martín Maldonado","SDP",18,70,63,11,7,2,0,2,6,7,5,0,25,1,0,1,,0,0,0.169231,0.0724138,0.348276,0.207921,0.238596,0.288462,0.236421,0.527058,0.119231,1.16259,0.236842,0,-0.101546,4.05596,-4.1793,52.4708,-0.101546,-1.12655,-4.102782927453518,0.24844825267791748,-0.155944,999,,,,,,,41.2,2.288888888,41.2,2.288888888,,,,,,,,,,,,,,,,,,,"Martin Maldonado","6887",455117
"Robert Hassell III","WSN",36,154,140,31,23,5,1,2,16,13,12,0,41,1,1,0,,3,1,0.220141,0.0767591,0.264392,0.290323,0.284188,0.306792,0.26376,0.59098,0.0866511,5.0784,0.294314,0,-0.0247232,12.261,-5.75361,67.5587,-0.0247232,-0.268981,-5.998929614201188,-0.7189810872077942,-0.164166,721.0999755859375,,,,,,,114.5,3.180555555,114.5,3.180555555,,,,,,,,,,,,,,,,,,,"Robert Hassell III","sa3014701",690987
"Kris Bryant","COL",110,476,420,102,68,22,0,12,54,49,43,2,117,11,2,0,,2,0,0.242647,0.0909091,0.246753,0.368421,0.327922,0.382353,0.314014,0.710275,0.139706,2.52298,0.306878,0,-0.642305,57.1508,1.4692,87.9144,-0.642305,0,-7.521468937397003,-10.199999809265137,-0.193149,506.739990234375,,,,,,,493.6,4.487272727,493.6,4.487272727,,,,,,,,,,,,,,,,,,,"Kris Bryant","15429",592178
"Jac Caglianone","KCR",15,63,59,13,8,3,0,1,6,7,3,0,15,1,0,0,,0,0,0.217742,0.0454545,0.234848,0.193548,0.265152,0.33871,0.262178,0.603861,0.120968,4.90354,0.274725,0,0.00505043,4.93569,-2.43393,63.7437,0.00505043,-0.0972,-2.6084937918931246,-1.522199958562851,-0.209711,999,,,,,,,43.9,2.926666666,43.9,2.926666666,,,,,,,,,,,,,,,,,,,"Jac Caglianone","sa3025245",695506