Name,Team,W,L,QS,ERA,G,GS,SV,HLD,BS,IP,TBF,H,R,ER,HR,BB,IBB,HBP,SO,K/9,BB/9,K/BB,HR/9,K%,BB%,K-BB%,AVG,WHIP,BABIP,LOB%,GB%,HR/FB,FIP,WAR,RA9-WAR,ADP,InterSD,InterSK,IntraSD,Vol,Skew,Dim,FPTS,FPTS/IP,SPTS,SPTS/IP,P10,P20,P30,P40,P50,P60,P70,P80,P90,TT10,TT20,TT30,TT40,TT50,TT60,TT70,TT80,TT90,NameASCII,PlayerId,MLBAMID
"Paul Skenes","PIT",11.9137,6.55865,15.2022,2.79583,29.2248,29.2248,0,0,0,173.366,693.641,134.711,58.539,53.8558,14.2962,47.4246,1.05337,7.00922,215.001,11.1614,2.46196,4.53354,0.742163,0.30996,0.0683706,0.24158982187509537,0.210747,1.05058,0.29376,0.762374,,,2.70013,5.24414,5.3891,11.640000343322754,6.04041,-1.06534,1.62666,6.04041,1.06534,2.83112,1025,5.92485549132948,951,5.497109826589595,,,,,,,,,,,,,,,,,,,"Paul Skenes","33677",694973
"Tarik Skubal","DET",14.106,7.10358,15.7059,2.87945,29.4762,29.4762,0,0,0,183.92,727.041,145.958,63.9598,58.843,17.325,38.9189,0.765832,6.95782,213.053,10.4256,1.90448,5.47428,0.84779,0.293042,0.0535306,0.2395111247897148,0.214278,1.00521,0.285353,0.752806,,,2.82257,5.20445,5.16418,14.359999656677246,3.2395,-0.547053,1.76505,3.2395,0.547053,2.6466,1060.9,5.765760869565218,987,5.364130434782608,,,,,,,,,,,,,,,,,,,"Tarik Skubal","22267",669373
"Zack Wheeler","PHI",14.0937,8.04276,17.9229,3.2796,30.0616,30.0616,0,0,0,192.092,773.564,158.179,76.0853,69.9985,21.0241,48.2877,1.0092,8.10796,205.189,9.61359,2.2624,4.2493,0.98503,0.265251,0.0624224,0.20282885432243347,0.220561,1.07483,0.279363,0.736481,,,3.33371,4.55729,4.61046,21.34000015258789,2.23921,0.660285,1.29786,2.23921,-0.660285,3.26953,993.7000000000003,5.1755208333333345,929,4.838541666666667,,,,,,,,,,,,,,,,,,,"Zack Wheeler","10310",554430
"Logan Webb","SFG",12.7565,9.88628,16.6105,3.41371,30.4105,30.4105,0,0,0,196.563,809.452,186.902,81.0396,74.5564,15.0931,44.67,1.38754,5.88206,167.964,7.69053,2.0453,3.7601,0.691065,0.207503,0.0551855,0.15231730043888092,0.24628,1.17811,0.29836,0.715316,,,3.22722,4.32141,4.27441,100.69000244140625,3.00783,0.09981,0.985337,3.00783,-0.09981,3.68622,970.1000000000001,4.924365482233503,973,4.939086294416244,,,,,,,,,,,,,,,,,,,"Logan Webb","17995",657277
"Garrett Crochet","BOS",11.1036,7.24178,11.903,3.21019,29.4153,29.4153,0,0,1.023,152.812,615.41,121.04,59.2456,54.506,15.8568,43.963,2.05529,5.66574,198.949,11.7173,2.58925,4.52537,0.933905,0.323279,0.071437,0.25184179842472076,0.213935,1.07978,0.299689,0.74058,,,2.88592,4.19159,4.03314,24.09000015258789,6.43939,-1.41759,1.11687,6.43939,1.41759,3.51084,868.8000000000001,5.67843137254902,805,5.261437908496732,,,,,,,,,,,,,,,,,,,"Garrett Crochet","27463",676979
"Cole Ragans","KCR",11.4349,8.68053,14.7254,3.4598,29.7546,29.7546,0,0,0,178.457,739.261,147.465,74.5682,68.6027,18.1936,65.5642,2.73298,5.91868,204.719,10.3245,3.30656,3.12242,0.917545,0.276924,0.0886888,0.18823514133691788,0.22083,1.19373,0.290586,0.73823,,,3.39918,3.72598,3.65379,47.290000915527344,2.05199,1.00686,1.10149,2.05199,-1.00686,3.53135,907.5999999999999,5.098876404494382,850,4.775280898876405,,,,,,,,,,,,,,,,,,,"Cole Ragans","21846",666142
"Chris Sale","ATL",11.7478,6.28,12.7139,3.14174,25.7888,25.7888,0,0,0,154.434,625.003,127.509,58.5979,53.9101,15.651,39.9056,0.752019,8.30221,184.629,10.7597,2.32559,4.62664,0.9121,0.295404,0.0638486,0.23155581206083298,0.221065,1.08405,0.297088,0.747864,,,3.02939,3.60418,3.95493,35.029998779296875,4.30425,0.301777,1.11113,4.30425,-0.301777,3.51849,836.0000000000002,5.42857142857143,788,5.116883116883117,,,,,,,,,,,,,,,,,,,"Chris Sale","10603",519242
"Framber Valdez","HOU",13.7109,8.36389,15.8893,3.32719,28.6865,28.6865,0,0,0,185.534,767.908,161.226,74.5537,68.5894,16.0912,57.6379,0.858204,8.69087,181.581,8.80829,2.79594,3.15038,0.780565,0.236463,0.0750584,0.16140421479940414,0.229805,1.17965,0.28802,0.735016,,,3.40907,3.58293,3.97905,63,5.17676,-0.827494,1.1486,5.17676,0.827494,3.46853,924.0000000000001,4.967741935483872,885,4.758064516129032,,,,,,,,,,,,,,,,,,,"Framber Valdez","17295",664285
"Dylan Cease","SDP",12.4095,9.31435,14.2384,3.5034,30.7151,30.7151,0,0,0,182.332,749.758,145.314,77.1476,70.9758,20.5449,67.8058,1.46722,6.05112,214.254,10.5757,3.34692,3.15982,1.01411,0.285764,0.0904369,0.19532742351293564,0.214993,1.16885,0.282858,0.737549,,,3.49635,3.53991,3.70062,46.90999984741211,2.39436,-0.632508,1.14674,2.39436,0.632508,3.47102,917.5,5.041208791208791,843,4.631868131868132,,,,,,,,,,,,,,,,,,,"Dylan Cease","18525",656302
"Logan Gilbert","SEA",11.8747,8.90679,16.1971,3.38932,30.7374,30.7374,0,0,0,194.103,773.486,161.218,79.4538,73.0975,24.7349,39.4903,1.77585,5.34598,199.66,9.25765,1.83105,5.05593,1.14689,0.25813,0.0510549,0.20707517117261887,0.221257,1.03403,0.270664,0.7301,,,3.45881,3.51841,3.61247,26.260000228881836,2.4083,1.48271,1.45765,2.4083,-1.48271,3.05647,977.5000000000001,5.038659793814434,913,4.706185567010309,,,,,,,,,,,,,,,,,,,"Logan Gilbert","22250",669302
"Pablo López","MIN",12.5037,9.44152,15.3125,3.74877,30.3724,30.3724,0,0,0,186.195,765.376,169.975,84.2995,77.5556,23.3383,45.4962,1.18836,8.07851,196.256,9.48633,2.19913,4.31368,1.12809,0.256418,0.059443,0.19697485491633415,0.238795,1.15724,0.297916,0.717578,,,3.55107,3.46401,3.05164,70.76000213623047,2.36949,-0.50036,1.10631,2.36949,0.50036,3.52491,884.5,4.755376344086022,864,4.645161290322581,,,,,,,,,,,,,,,,,,,"Pablo Lopez","17085",641154
"Sonny Gray","STL",10.9837,8.09814,12.8006,3.54144,27.3002,27.3002,0,0,0,164.751,675.419,144.555,70.4658,64.8285,17.5806,46.1107,0.739546,5.80212,176.157,9.6231,2.51893,3.82032,0.960391,0.260812,0.0682697,0.19254231452941895,0.231841,1.15729,0.295447,0.723865,,,3.36054,3.40985,3.33544,114.16000366210938,4.05505,-1.31691,0.808858,4.05505,1.31691,3.92152,818.5999999999999,4.961212121212121,787,4.7696969696969695,,,,,,,,,,,,,,,,,,,"Sonny Gray","12768",543243
"Corbin Burnes","ARI",12.4437,8.7278,16.1602,3.54575,30.0096,30.0096,0,0,0,187.495,770.883,164.991,80.291,73.8678,20.3407,53.6269,0.661227,6.65473,184.573,8.85976,2.57416,3.44181,0.97638,0.239431,0.0695655,0.16986555606126785,0.232186,1.166,0.286048,0.727497,,,3.5725,3.32284,3.9123,36.5,4.62662,0.0422994,0.956684,4.62662,-0.0422994,3.72442,895.8,4.790374331550802,862,4.609625668449198,,,,,,,,,,,,,,,,,,,"Corbin Burnes","19361",669203
"Yoshinobu Yamamoto","LAD",11.5232,6.29688,11.7281,3.42663,25.7386,25.7386,0,0,0,153.56,622.17,131.247,63.55,58.466,16.2437,39.4465,0.924392,4.61645,162.405,9.51841,2.31192,4.11711,0.952028,0.261031,0.0634014,0.19762920588254929,0.227029,1.11157,0.287898,0.724176,,,3.28726,3.32173,3.25954,60.2400016784668,4.67238,-0.501218,0.871218,4.67238,0.501218,3.83838,794.2000000000002,5.157142857142858,754,4.896103896103896,,,,,,,,,,,,,,,,,,,"Yoshinobu Yamamoto","33825",808967
"Justin Steele","CHC",10.5206,7.40203,13.4958,3.46474,28.8461,28.8461,0,0,0,168.2,693.458,151.65,70.3827,64.7521,16.7267,46.2948,0.931574,6.05236,163.104,8.72736,2.47714,3.52317,0.895011,0.235204,0.0667593,0.16844487190246582,0.236543,1.17685,0.292498,0.7309,,,3.45352,3.28297,3.5345,118.0999984741211,1.89127,1.08122,0.757004,1.89127,-1.08122,3.99066,808.9000000000001,4.814880952380953,789,4.696428571428571,,,,,,,,,,,,,,,,,,,"Justin Steele","17312",657006
"Jacob deGrom","TEX",6.80903,4.22695,9.44796,3.04955,20.3057,20.3057,0,0,0,110.496,435.936,86.306,40.696,37.4403,12.7445,24.6692,0.460291,4.00153,138.234,11.2593,2.00933,5.6035,1.03805,0.317097,0.0565891,0.2605077363550663,0.211916,1.00434,0.287028,0.754612,,,2.94224,3.28271,2.80383,47.43000030517578,9.61116,-0.361787,1.29383,9.61116,0.361787,3.27489,619.5,5.631818181818182,570,5.181818181818182,,,,,,,,,,,,,,,,,,,"Jacob deGrom","10954",594798
"Blake Snell","LAD",11.1039,5.91753,13.2742,3.33279,27.9085,27.9085,0,0,0,156.507,642.892,115.099,62.996,57.9563,17.3095,68.3386,0.718912,4.01797,202.676,11.6549,3.92983,2.96576,0.995388,0.315256,0.106299,0.20895728468894958,0.201738,1.17207,0.278959,0.756522,,,3.40124,3.24111,3.57088,42.97999954223633,3.50452,1.15142,1.05007,3.50452,-1.15142,3.59991,843.7,5.373885350318472,754,4.802547770700637,,,,,,,,,,,,,,,,,,,"Blake Snell","13543",605483
"Michael King","SDP",12.0526,8.59176,12.2469,3.52872,30.1549,29.2974,0.0885735,0.390868,1.32703,169.858,705.539,145.044,72.3889,66.5978,19.075,59.004,2.93339,7.20553,186.496,9.88161,3.12636,3.16074,1.0107,0.264332,0.0836298,0.18070205301046371,0.226868,1.20129,0.290412,0.742398,,,3.59985,3.23184,3.43498,63.84000015258789,2.70611,-0.0237968,1.01917,2.70611,0.0237968,3.6411,821.3,4.831176470588235,777,4.570588235294117,,,,,,,,,,,,,,,,,,,"Michael King","19853",650633
"George Kirby","SEA",11.0626,8.288,13.3222,3.49684,26.5639,26.5639,0,0,0,158.701,637.515,148.203,67.0234,61.6615,19.3374,21.7217,0.752443,5.76947,148.664,8.43078,1.23184,6.84404,1.09663,0.233193,0.0340724,0.19912053644657135,0.242946,1.07072,0.291536,0.720333,,,3.39667,3.20236,2.69813,60.84000015258789,2.53148,0.948249,1.02969,2.53148,-0.948249,3.62708,772.1000000000001,4.855974842767297,762,4.7924528301886795,,,,,,,,,,,,,,,,,,,"George Kirby","25436",669923
"Cristopher Sánchez","PHI",10.677,8.19785,13.5469,3.59182,29.06,28.9933,0,0,0,170.691,709.974,162.919,74.0451,68.1215,16.5508,45.3102,2.8243,5.39324,147.339,7.76869,2.38906,3.25178,0.872671,0.207527,0.0638195,0.14370740950107574,0.247121,1.21992,0.295467,0.725093,,,3.59177,3.17217,3.39729,164.72000122070312,3.83254,-1.31656,0.773101,3.83254,1.31656,3.9692,776.5000000000002,4.540935672514621,778,4.549707602339181,,,,,,,,,,,,,,,,,,,"Cristopher Sanchez","20778",650911
"Joe Ryan","MIN",9.9636,8.45749,12.4218,3.82553,27.2036,27.2036,0,0,0,160.994,649.602,139.611,74.3825,68.4319,24.1972,34.9455,0.64593,6.5529,176.602,9.87254,1.95355,5.05365,1.35269,0.271862,0.0537952,0.21806693449616432,0.229584,1.08424,0.28336,0.712068,,,3.69976,3.17165,2.50207,92.91000366210938,2.83846,-0.288491,1.11599,2.83846,0.288491,3.51201,760.2,4.721739130434783,721,4.478260869565218,,,,,,,,,,,,,,,,,,,"Joe Ryan","21390",657746
"Tyler Glasnow","LAD",9.51531,5.70557,11.7035,3.42163,22.5613,22.5613,0,0,0,135.444,542.669,105.855,55.971,51.4933,15.9252,40.0522,0.565301,2.61911,167.52,11.1314,2.66139,4.18256,1.0582,0.308697,0.0738058,0.2348911315202713,0.211712,1.07725,0.284093,0.72757,,,3.16648,3.16599,2.86855,92.86000061035156,3.85674,-2.90541,0.914468,3.85674,2.90541,3.78071,733.6,5.434074074074074,674,4.992592592592593,,,,,,,,,,,,,,,,,,,"Tyler Glasnow","14374",607192
"Max Fried","NYY",12.1601,8.29364,13.6952,3.40613,27.2381,27.2381,0,0,0,167.792,691.956,148.947,69.0245,63.5025,16.0288,48.5832,1.05373,6.15348,158.504,8.50181,2.60589,3.26253,0.859746,0.229067,0.0702114,0.15885547548532486,0.233745,1.17723,0.287275,0.733941,,,3.4977,3.12582,3.65019,96.22000122070312,4.34837,-1.63566,0.893654,4.34837,1.63566,3.80846,812.0000000000001,4.833333333333334,785,4.6726190476190474,,,,,,,,,,,,,,,,,,,"Max Fried","13743",608331
"Tanner Bibee","CLE",11.2374,8.62696,11.9354,3.67356,28.8617,28.8617,0,0,0,170.278,698.821,150.101,75.5468,69.5031,22.5028,45.4222,0.912248,7.03646,179.699,9.49794,2.40078,3.95619,1.18938,0.257146,0.0649984,0.192147858440876,0.232225,1.14826,0.287281,0.731478,,,3.69805,3.10795,2.8262,90.63999938964844,3.7424,-2.73433,0.874547,3.7424,2.73433,3.83394,789.0999999999999,4.641764705882353,755,4.4411764705882355,,,,,,,,,,,,,,,,,,,"Tanner Bibee","30134",676440
"Aaron Nola","PHI",11.962,9.29099,14.787,3.88661,30.0672,30.0672,0,0,0,187.488,769.779,173.757,88.0064,80.9659,26.7424,44.9116,0.931261,5.5196,185.324,8.89612,2.15589,4.12642,1.28372,0.24075,0.0583435,0.18240613862872124,0.241548,1.16631,0.28981,0.720978,,,3.85077,3.03791,2.95727,88.91000366210938,1.68702,-1.39694,1.11607,1.68702,1.39694,3.5119,816.2999999999998,4.365240641711229,801,4.283422459893048,,,,,,,,,,,,,,,,,,,"Aaron Nola","16149",605400
"Spencer Schwellenbach","ATL",12.1172,7.98514,12.4702,3.69319,28.1356,28.1356,0,0,0,164.625,673.758,150.668,73.4289,67.5546,19.2231,36.8446,1.38694,7.11154,160.526,8.77592,2.01429,4.35684,1.05093,0.238255,0.0546852,0.18356947973370552,0.23923,1.13903,0.292065,0.710358,,,3.5353,3.01182,3.15317,83.27999877929688,2.68693,1.43063,0.882014,2.68693,-1.43063,3.82398,784.6999999999999,4.755757575757575,768,4.654545454545454,,,,,,,,,,,,,,,,,,,"Spencer Schwellenbach","31846",680885
"Hunter Brown","HOU",12.0374,9.49183,13.6059,3.75228,28.8935,28.8935,0,0,0,168.677,708.538,152.468,76.4399,70.3247,18.9899,58.7318,1.49872,6.44356,179.582,9.58184,3.13372,3.05766,1.01324,0.253454,0.0828915,0.17056234180927277,0.236986,1.2521,0.300092,0.729956,,,3.65992,2.99208,2.73624,95.58999633789062,2.33736,-1.09169,1.21135,2.33736,1.09169,3.38486,786.7,4.655029585798816,763,4.514792899408284,,,,,,,,,,,,,,,,,,,"Hunter Brown","25880",686613
"Sandy Alcantara","MIA",8.74092,9.18153,12.6427,3.72581,26.4467,26.4467,0,0,0,170.452,708.497,162.316,76.6998,70.5638,18.222,43.609,1.21141,6.55543,148.378,7.83447,2.30258,3.40247,0.962134,0.209427,0.0615514,0.14787548407912254,0.246556,1.20811,0.293033,0.71627,,,3.69814,2.95768,3.17802,152,3.31503,0.037588,0.551888,3.31503,-0.037588,4.26415,758.3999999999999,4.461176470588234,759,4.464705882352941,,,,,,,,,,,,,,,,,,,"Sandy Alcantara","18684",645261
"Kevin Gausman","TOR",11.8473,10.1777,14.75,3.88194,29.5895,29.5895,0,0,0,180.454,751.527,170.516,84.6031,77.8348,23.155,51.7584,0.747219,4.13103,180.336,8.99412,2.5814,3.4842,1.15484,0.23996,0.0688709,0.17108894139528275,0.245121,1.23175,0.299424,0.72513,,,3.76503,2.87078,2.4957,169.83999633789062,3.36428,-0.478419,1.18608,3.36428,0.478419,3.41856,796.4999999999999,4.424999999999999,793,4.405555555555556,,,,,,,,,,,,,,,,,,,"Kevin Gausman","14107",592332
"Luis Castillo","SEA",12.0948,9.66813,14.4261,3.64998,29.9396,29.9396,0,0,0,182.085,745.865,158.545,80.2666,73.8453,23.5229,50.9738,1.50751,6.47861,182.967,9.0436,2.5195,3.58944,1.16268,0.245309,0.0683418,0.1769668385386467,0.230305,1.15066,0.280174,0.731947,,,3.78279,2.84884,2.71131,98.77999877929688,2.57104,0.799711,0.941124,2.57104,-0.799711,3.74517,833.1999999999999,4.578021978021978,793,4.357142857142857,,,,,,,,,,,,,,,,,,,"Luis Castillo","15689",622491
"Hunter Greene","CIN",8.93536,7.65005,11.1517,3.89498,25.3685,25.3685,0,0,0,151.279,629.139,122.947,71.163,65.47,21.8028,54.3393,0.628377,11.4517,177.81,10.5784,3.23279,3.27221,1.2971,0.282624,0.0863708,0.19625274091959,0.218244,1.17192,0.278071,0.723096,,,3.99402,2.81082,2.82418,94.33999633789062,3.91172,0.103915,0.851599,3.91172,-0.103915,3.86453,688,4.556291390728477,630,4.172185430463577,,,,,,,,,,,,,,,,,,,"Hunter Greene","22182",668881
"Freddy Peralta","MIL",10.6281,9.00192,12.2534,3.78989,29.4196,29.4196,0,0,0.397726,167.545,693.531,137.852,76.6883,70.5532,23.1555,60.2407,0.742439,7.88142,191.672,10.296,3.23593,3.18177,1.24384,0.276371,0.0868608,0.18951015174388885,0.220419,1.18232,0.279351,0.732786,,,3.89491,2.79156,2.85591,100.02999877929688,2.58285,-0.0608999,0.982963,2.58285,0.0608999,3.68938,781.5000000000002,4.651785714285715,721,4.291666666666667,,,,,,,,,,,,,,,,,,,"Freddy Peralta","18679",642547
"Seth Lugo","KCR",11.5359,9.56407,14.435,3.955,30.1924,29.8226,0.044473,0.201216,1.32976,182.73,764.237,177.613,87.2824,80.2998,21.8367,47.6448,1.55434,7.23351,160.835,7.92159,2.34664,3.37571,1.07552,0.210452,0.062343,0.14810900762677193,0.250385,1.23273,0.295767,0.708705,,,3.86062,2.77851,2.68935,185.02000427246094,4.77177,0.764253,1.09707,4.77177,-0.764253,3.53723,777.8,4.250273224043716,786,4.295081967213115,,,,,,,,,,,,,,,,,,,"Seth Lugo","12447",607625
"Zach Eflin","BAL",11.1743,8.7862,12.9603,3.8459,28.2721,28.2721,0,0,0,169.057,692.125,166.961,78.524,72.2421,22.9706,28.162,1.22998,5.04482,142.76,7.6,1.49924,5.06923,1.22287,0.206263,0.0406892,0.16557355597615242,0.253386,1.15418,0.291958,0.715488,,,3.83323,2.74574,2.32149,193.86000061035156,2.01406,0.556887,0.815821,2.01406,-0.556887,3.91224,720.5000000000002,4.263313609467457,733,4.337278106508876,,,,,,,,,,,,,,,,,,,"Zach Eflin","13774",621107
"Tanner Houck","BOS",10.1255,9.23873,12.0384,3.86923,33.2983,28.1409,0.050387,0.295386,0.451581,171.466,722.872,161.504,80.1259,73.7158,16.0808,50.8364,2.74778,11.5654,151.347,7.94399,2.66833,2.97714,0.844055,0.209369,0.0703256,0.1390436366200447,0.244528,1.23838,0.29495,0.696498,,,3.71213,2.74073,2.96184,221.92999267578125,4.35819,1.56489,0.839053,4.35819,-1.56489,3.88126,760.4000000000001,4.446783625730995,760,4.444444444444445,,,,,,,,,,,,,,,,,,,"Tanner Houck","19879",656557
"Shota Imanaga","CHC",11.5835,7.40126,13.0523,3.628,27.8952,27.8952,0,0,0,171.206,694.662,154.442,75.0165,69.0152,26.2503,36.7992,1.04217,5.21144,170.667,8.97167,1.93447,4.63779,1.37993,0.245684,0.0529743,0.19270933791995049,0.236637,1.11702,0.281286,0.752308,,,3.90215,2.71892,3.18723,76.97000122070312,1.98023,3.10948,0.911601,1.98023,-3.10948,3.78453,761.2000000000002,4.451461988304095,733,4.286549707602339,,,,,,,,,,,,,,,,,,,"Shota Imanaga","33829",684007
"Zac Gallen","ARI",12.5311,8.24996,13.2519,3.77875,28.858,28.858,0,0,0,171.123,711.008,154.684,78.0956,71.8479,19.2699,52.1171,0.764947,6.23906,171.373,9.01315,2.74103,3.28824,1.01347,0.241029,0.0733003,0.16772832721471786,0.237008,1.20849,0.293098,0.715733,,,3.65052,2.7178,3.05395,120.9800033569336,3.97891,0.102427,1.04966,3.97891,-0.102427,3.60046,796.7,4.65906432748538,776,4.538011695906433,,,,,,,,,,,,,,,,,,,"Zac Gallen","19291",668678
"Ranger Suárez","PHI",10.2236,8.28134,11.0956,3.70488,32.1888,26.9542,0,0.290181,0,157.196,659.449,147.708,70.337,64.71,16.2771,49.1396,0.998223,5.16254,142.128,8.13731,2.81342,2.89232,0.931922,0.215525,0.0745162,0.1410086303949356,0.244086,1.25224,0.294198,0.726823,,,3.74063,2.69062,2.83603,264.5,2.53933,-0.761513,0.81318,2.53933,0.761513,3.91576,702.2,4.472611464968153,699,4.452229299363057,,,,,,,,,,,,,,,,,,,"Ranger Suarez","17277",624133
"Yusei Kikuchi","LAA",9.65392,9.70202,11.7567,3.93837,30.1629,30.1629,0,0,0.114509,170.648,709.523,155.95,81.1684,74.675,26.1041,51.3292,1.18842,5.22652,190.051,10.0233,2.70711,3.70259,1.37673,0.267857,0.0723432,0.19551397860050201,0.238832,1.21466,0.297257,0.738641,,,3.92195,2.6846,2.60345,165.10000610351562,4.05046,0.132355,1.07736,4.05046,-0.132355,3.56352,752.0000000000001,4.397660818713451,729,4.2631578947368425,,,,,,,,,,,,,,,,,,,"Yusei Kikuchi","20633",579328
"Spencer Strider","ATL",8.6365,5.28283,9.30851,3.46441,19.3889,19.3889,0,0,0.057225,111.541,454.113,87.4497,46.6697,42.9361,12.6922,38.1296,0.619201,3.94792,148.606,11.9907,3.07658,3.8974,1.0241,0.327245,0.083965,0.24328027665615082,0.212238,1.12585,0.298151,0.73193,,,3.11285,2.67668,2.41806,110.56999969482422,4.73795,-0.59697,0.64222,4.73795,0.59697,4.14371,614.7000000000003,5.48839285714286,563,5.026785714285714,,,,,,,,,,,,,,,,,,,"Spencer Strider","27498",675911
"Reynaldo López","ATL",10.0798,7.15646,11.4693,3.64508,28.2292,28.2292,0.0186606,0.0738089,2.22544,155.226,643.684,135.903,68.3349,62.8681,17.8246,51.6548,2.35002,4.41738,165.185,9.57737,2.99494,3.19785,1.03347,0.256624,0.0802488,0.1763751059770584,0.23128,1.20828,0.291837,0.733212,,,3.61464,2.6739,3.02223,165.91000366210938,3.7507,0.829122,0.749717,3.7507,-0.829122,4.00038,733.9999999999999,4.735483870967741,703,4.535483870967742,,,,,,,,,,,,,,,,,,,"Reynaldo Lopez","16400",625643
"Roki Sasaki","LAD",9.0773,5.84901,10.5861,3.43655,22.7037,22.7037,0,0,0,131.345,536.278,105.669,54.5138,50.1527,15.6844,41.8857,1.08617,6.58447,154.835,10.6096,2.87008,3.69661,1.07472,0.288721,0.0781044,0.21061701327562332,0.21662,1.12341,0.283604,0.740791,,,3.46826,2.64082,2.70929,97.79000091552734,4.94111,-0.467058,0.711569,4.94111,0.467058,4.05124,660.0000000000001,5.0381679389312986,610,4.656488549618321,,,,,,,,,,,,,,,,,,,"Roki Sasaki","sa3025686",808963
"Bailey Ober","MIN",10.5203,8.9263,12.8445,3.94864,28.9585,28.9585,0,0,0,171.087,694.594,149.808,81.5896,75.0625,26.4262,40.6485,0.71694,6.27391,176.312,9.27483,2.13831,4.33747,1.39014,0.253834,0.0585212,0.1953127644956112,0.231303,1.11322,0.277304,0.709417,,,3.93617,2.61916,2.29562,80.86000061035156,3.32525,0.402509,1.14194,3.32525,-0.402509,3.47742,766.6000000000001,4.483040935672515,728,4.257309941520468,,,,,,,,,,,,,,,,,,,"Bailey Ober","21224",641927
"Jared Jones","PIT",9.03321,9.97752,11.6824,3.94035,31.7815,28.37,0,0.316699,0,161.686,675.574,143.842,76.9444,70.7889,20.8641,53.31,1.45165,7.4304,167.464,9.32161,2.96741,3.14133,1.16136,0.247884,0.0789106,0.1689733937382698,0.233952,1.21935,0.288338,0.715767,,,3.89954,2.51758,2.59708,138.7100067138672,3.66876,-1.4975,0.841536,3.66876,1.4975,3.87795,720.1,4.4450617283950615,691,4.265432098765432,,,,,,,,,,,,,,,,,,,"Jared Jones","27863",683003
"Jack Flaherty","DET",10.2705,8.78456,11.8233,3.81591,27.7598,27.7598,0,0,0,159.014,663.341,142.897,73.2828,67.4202,20.3768,50.0184,1.04565,7.69576,170.642,9.65819,2.83099,3.4116,1.15331,0.257247,0.0754037,0.1818433627486229,0.23595,1.2132,0.29551,0.727746,,,3.77495,2.47892,2.43962,140.83999633789062,2.8834,-1.06289,0.856605,2.8834,1.06289,3.85786,726.8000000000002,4.571069182389938,703,4.421383647798742,,,,,,,,,,,,,,,,,,,"Jack Flaherty","17479",656427
"Kodai Senga","NYM",10.6251,7.34585,11.0844,3.72537,29.1706,25.8984,0,0.293807,0,150.753,639.143,126.324,67.8274,62.4012,17.7389,66.0932,0.840053,8.04294,165.984,9.90932,3.94578,2.51137,1.05902,0.259698,0.103409,0.15628933906555176,0.223579,1.27637,0.284788,0.743452,,,3.96942,2.46444,2.58605,157.57000732421875,1.77665,-0.880636,1.0816,1.77665,0.880636,3.55786,678.4000000000001,4.49271523178808,631,4.178807947019868,,,,,,,,,,,,,,,,,,,"Kodai Senga","31838",673540
"MacKenzie Gore","WSN",9.68892,10.2362,11.2907,3.88574,29.8831,29.8831,0,0,0,165.113,698.6,148.483,77.4862,71.2873,20.175,62.232,0.835284,6.9222,176.309,9.61028,3.39215,2.8331,1.0997,0.252375,0.089081,0.1632939875125885,0.235894,1.27618,0.296349,0.73014,,,3.87581,2.43637,2.5968,206.42999267578125,5.2417,0.207235,1.16035,5.2417,-0.207235,3.45286,735.2,4.455757575757576,710,4.303030303030303,,,,,,,,,,,,,,,,,,,"MacKenzie Gore","22201",669022
"Erick Fedde","STL",9.60818,10.4717,10.8665,4.08494,28.994,28.994,0,0,0,168.087,707.569,161.902,82.9258,76.2918,21.9664,51.3726,0.935075,5.16084,146.732,7.85659,2.75068,2.85623,1.17616,0.207375,0.0726044,0.1347707435488701,0.248684,1.26884,0.290121,0.714156,,,4.12848,2.43629,2.14236,330.260009765625,4.2435,0.985539,1.03076,4.2435,-0.985539,3.62565,677.3999999999999,4.032142857142857,680,4.0476190476190474,,,,,,,,,,,,,,,,,,,"Erick Fedde","17425",607200
"Nathan Eovaldi","TEX",10.356,8.06526,12.4844,3.89497,26.1906,26.1906,0,0,0,158.928,655.73,145.526,74.7607,68.7798,21.0151,42.282,0.816607,6.1702,153.011,8.66494,2.39441,3.61882,1.19008,0.233344,0.0644808,0.16886365413665771,0.239636,1.18172,0.287386,0.713741,,,3.87454,2.43236,2.31747,202.02000427246094,2.5801,0.0471,0.762707,2.5801,-0.0470763,3.98306,700.7000000000002,4.406918238993712,684,4.30188679245283,,,,,,,,,,,,,,,,,,,"Nathan Eovaldi","9132",543135
"Mitch Keller","PIT",10.3437,10.729,12.7891,4.2421,29.7049,29.7049,0,0,0,178.434,759.278,175.172,91.4174,84.104,21.8325,53.8613,1.11318,11.0008,163.92,8.26792,2.71669,3.04338,1.1012,0.215889,0.0709375,0.1449519842863083,0.252258,1.28357,0.301456,0.693391,,,4.01031,2.41338,2.25218,297.92999267578125,2.32301,-0.569344,1.46579,2.32301,0.569344,3.04562,724.5999999999999,4.070786516853932,737,4.140449438202247,,,,,,,,,,,,,,,,,,,"Mitch Keller","17594",656605
"Shane McClanahan","TBR",9.38455,6.5278,10.9402,3.48581,26.2851,23.3133,0,0.26391,0,134.323,549.503,114.117,56.5489,52.025,16.8497,41.3153,0.929872,3.19099,144.77,9.69999,2.76823,3.50404,1.12897,0.263457,0.0751866,0.18827016651630402,0.225975,1.15715,0.283266,0.75001,,,3.63568,2.39531,2.65268,120.29000091552734,4.19467,0.0549501,0.608316,4.19467,-0.0549501,4.18891,644.0999999999999,4.806716417910447,607,4.529850746268656,,,,,,,,,,,,,,,,,,,"Shane McClanahan","21483",663556
"Nick Lodolo","CIN",8.39678,8.15903,9.71532,3.97744,24.0141,24.0141,0,0,0,136.255,576.833,123.798,65.4525,60.2163,18.2969,42.4212,1.04232,13.8914,147.602,9.74953,2.80203,3.47945,1.20856,0.255884,0.0735415,0.18234271556138992,0.237836,1.21991,0.297505,0.716673,,,3.98548,2.35936,2.43557,243.57000732421875,4.69787,-0.940897,0.618445,4.69787,0.940897,4.17541,590.6000000000001,4.34264705882353,574,4.220588235294118,,,,,,,,,,,,,,,,,,,"Nick Lodolo","26378",666157
"Michael Wacha","KCR",11.3656,8.54487,11.4288,4.01127,27.6184,27.6184,0,0,0,162.059,678.186,153.922,78.51,72.2292,21.3835,46.5455,0.877323,5.55846,141.451,7.85552,2.58491,3.03899,1.18754,0.208573,0.0686322,0.13994041830301285,0.245849,1.237,0.286106,0.715164,,,4.10067,2.3584,2.17322,279.95001220703125,4.86607,0.374244,0.995045,4.86607,-0.374244,3.67327,663.1,4.09320987654321,660,4.074074074074074,,,,,,,,,,,,,,,,,,,"Michael Wacha","14078",608379
"Brady Singer","CIN",9.0094,10.4246,11.7084,4.37607,28.9816,28.9816,0,0,0,170.756,727.195,171.72,90.2467,83.0269,24.7344,49.5472,0.761752,9.02603,159.053,8.38318,2.61147,3.21014,1.30367,0.218722,0.0681347,0.15058738738298416,0.256827,1.29581,0.303168,0.702,,,4.21569,2.31856,2.24368,336.9700012207031,3.64335,0.166482,1.47444,3.64335,-0.166482,3.03408,651.7,3.8111111111111113,671,3.9239766081871346,,,,,,,,,,,,,,,,,,,"Brady Singer","25377",663903
"Brayan Bello","BOS",11.2774,10.1512,10.9217,4.08288,27.785,27.785,0,0,0,158.038,676.418,153.902,77.9289,71.6946,17.5501,55.237,0.894633,7.21776,145.334,8.27652,3.14565,2.6311,0.999449,0.214859,0.0816611,0.13319746404886246,0.25067,1.32335,0.30228,0.710901,,,3.95646,2.20544,2.3784,359.54998779296875,3.57603,0.10956,1.41062,3.57603,-0.10956,3.11917,651.4,4.122784810126582,660,4.177215189873418,,,,,,,,,,,,,,,,,,,"Brayan Bello","23920",678394
"Nick Martinez","CIN",8.36989,7.76153,8.52707,4.15601,38.3479,22.0462,0.0926577,0.976707,0.698646,144.398,607.428,144.252,72.4781,66.6799,20.3731,37.2951,1.10476,5.68383,122.237,7.61877,2.32452,3.27757,1.26981,0.201237,0.0613984,0.1398387812077999,0.255562,1.25727,0.293663,0.712753,,,4.20052,2.19285,2.07628,330.2099914550781,5.96466,0.534316,0.688273,5.96466,-0.534316,4.0823,564.2000000000002,3.9180555555555565,579,4.020833333333333,,,,,,,,,,,,,,,,,,,"Nick Martinez","12730",607259
"Bryan Woo","SEA",8.76211,6.47862,10.0026,3.668,25.1527,25.1527,0,0,0,137.13,552.847,120.032,60.7477,55.8878,17.713,27.5898,0.941971,6.17623,130.295,8.55145,1.81075,4.72259,1.16253,0.23568,0.0499049,0.18577543273568153,0.23124,1.07652,0.275739,0.707309,,,3.68407,2.19047,1.9528,134.1699981689453,3.90703,0.246094,0.896764,3.90703,-0.246094,3.80431,638.4000000000002,4.659854014598541,609,4.445255474452555,,,,,,,,,,,,,,,,,,,"Bryan Woo","30279",693433
"Bryce Miller","SEA",11.2123,8.86925,12.5593,3.75167,29.3778,29.3778,0,0,0,171.093,695.133,147.635,77.5225,71.3207,23.5164,43.4128,1.17301,6.20349,162.787,8.56309,2.28364,3.74976,1.23703,0.234182,0.0624525,0.17172933369874954,0.228709,1.11663,0.270286,0.717948,,,3.92038,2.17314,2.22953,78.70999908447266,4.47827,0.672326,0.931771,4.47827,-0.672326,3.75764,764.4000000000001,4.470175438596492,722,4.222222222222222,,,,,,,,,,,,,,,,,,,"Bryce Miller","29837",682243
"Nestor Cortes","MIL",8.88556,7.4634,9.67941,3.86073,34.1434,22.8521,0,0.302905,0,142.902,586.101,128.849,66.6311,61.3006,21.1461,37.091,0.564443,4.35541,139.306,8.77354,2.336,3.75579,1.33179,0.237683,0.0632844,0.1743987426161766,0.23657,1.16121,0.280329,0.728416,,,4.0106,2.16913,2.14957,267.95001220703125,3.42574,0.463765,0.576883,3.42574,-0.463765,4.23082,619.5000000000001,4.3321678321678325,597,4.174825174825175,,,,,,,,,,,,,,,,,,,"Nestor Cortes","17874",641482
"Grayson Rodriguez","BAL",9.80986,6.18984,10.0076,3.71441,23.0112,23.0112,0,0,0,134.101,556.94,119.162,60.1577,55.3451,16.8856,42.6534,0.631648,4.97759,144.824,9.71966,2.86263,3.39536,1.13325,0.260035,0.0765853,0.18344959616661072,0.233969,1.20667,0.294237,0.735714,,,3.70904,2.16643,2.12741,133.63999938964844,2.46727,-1.14974,0.596981,2.46727,1.14974,4.20403,619.0999999999999,4.620149253731342,595,4.440298507462686,,,,,,,,,,,,,,,,,,,"Grayson Rodriguez","24492",680570
"Brandon Pfaadt","ARI",9.57389,8.95396,10.195,4.03576,31.2427,26.4439,0,0.347619,0,155.369,644.99,150.109,75.7285,69.6702,22.1719,37.2042,0.897823,5.69907,156.33,9.05571,2.15512,4.20196,1.28434,0.242376,0.0576818,0.18469464778900146,0.249315,1.20561,0.302035,0.71404,,,3.83768,2.1657,2.15721,175.9499969482422,3.56144,-1.84143,0.842156,3.56144,1.84143,3.87713,669.4000000000001,4.318709677419355,672,4.335483870967742,,,,,,,,,,,,,,,,,,,"Brandon Pfaadt","27782",694297
"Reese Olson","DET",7.62806,8.41812,10.1639,3.91356,26.1062,26.1062,0,0.077966,0,140.738,589.321,129.673,66.52,61.1984,15.4918,44.8971,1.86783,5.20475,131.195,8.38977,2.87111,2.92213,0.990682,0.222621,0.0761844,0.14643630385398865,0.240483,1.24039,0.290883,0.706757,,,3.80106,2.16391,1.92166,257.8999938964844,1.92673,-0.233081,0.450862,1.92673,0.233081,4.39885,632.9000000000001,4.488652482269504,622,4.411347517730497,,,,,,,,,,,,,,,,,,,"Reese Olson","24968",681857
"Chris Bassitt","TOR",11.1656,11.0419,12.8908,4.09901,29.4922,29.4922,0,0,0,174.485,742.908,165.157,86.3786,79.4683,22.3134,58.783,1.39795,11.2177,160.878,8.29814,3.03205,2.7368,1.15094,0.216551,0.0791256,0.13742558658123016,0.245438,1.28343,0.291686,0.713858,,,4.18847,2.15146,2.00872,349.7099914550781,2.57967,1.40454,1.36971,2.57967,-1.40454,3.17371,700,4.022988505747127,696,4,,,,,,,,,,,,,,,,,,,"Chris Bassitt","12304",605135
"Taj Bradley","TBR",9.88395,10.093,11.4325,3.95981,28.5682,28.5682,0,0,0,160.415,667.151,143.418,76.7164,70.5791,24.8086,51.6164,1.70488,5.12548,172.348,9.6695,2.89592,3.33901,1.39188,0.258334,0.0773683,0.18096543103456497,0.234954,1.21581,0.287014,0.738093,,,4.08935,2.11178,2.25316,197,1.8018,-1.84737,0.94109,1.8018,1.84737,3.74521,677.7,4.235625000000001,648,4.05,,,,,,,,,,,,,,,,,,,"Taj Bradley","22543",671737
"Brandon Woodruff","MIL",7.66186,5.76691,10.0105,3.72461,20.8408,20.8408,0,0,0,123.889,508.551,108.064,55.7295,51.2711,16.8065,35.03,0.574234,4.93916,132.281,9.60963,2.54477,3.77623,1.22091,0.260114,0.068882,0.19123195111751556,0.230619,1.15501,0.285631,0.730687,,,3.76241,2.10758,2.19728,248,3.06628,-0.675104,0.473673,3.06628,0.675104,4.36844,571.6999999999998,4.61048387096774,543,4.379032258064516,,,,,,,,,,,,,,,,,,,"Brandon Woodruff","16162",605540
"Clay Holmes","NYM",8.79283,7.12244,9.01238,3.67548,40.9023,19.8935,0.586556,0.484883,6.30843,135.093,577.082,124.13,59.9676,55.1702,10.5801,51.4447,2.35727,7.64282,128.068,8.53203,3.42729,2.48944,0.704856,0.221924,0.0891462,0.1327778324484825,0.239636,1.29966,0.299331,0.719117,,,3.60075,2.10567,2.18805,242.8800048828125,4.06814,-1.51579,0.817591,4.06814,1.51579,3.90988,625.3000000000001,4.631851851851852,616,4.562962962962963,,,,,,,,,,,,,,,,,,,"Clay Holmes","13649",605280
"Nick Pivetta","SDP",8.88362,9.04827,10.5346,3.98426,26.4879,26.2048,0.000966134,0.0591398,0,148.27,608.444,127.108,71.346,65.6383,23.509,45.3872,1.02027,4.45896,168.463,10.2257,2.75501,3.71169,1.427,0.276875,0.0745954,0.2022794634103775,0.227549,1.16339,0.282575,0.724655,,,3.96388,2.10076,2.10775,179.86000061035156,3.00289,-0.208088,0.853965,3.00289,0.208088,3.86138,658.8,4.451351351351351,617,4.168918918918919,,,,,,,,,,,,,,,,,,,"Nick Pivetta","15454",601713
"Shohei Ohtani","LAD",8.26114,4.96959,8.32165,3.5184,19.5729,19.5729,0,0,0,112.083,460.186,89.9527,47.6271,43.8169,13.6329,38.4531,0.680709,5.61929,130.887,10.5099,3.0877,3.4038,1.09469,0.284421,0.08356,0.20086131244897842,0.216173,1.14563,0.281007,0.738921,,,3.5918,2.0903,2.20841,1.5299999713897705,1.79942,-2.99026,0.54468,1.79942,2.99026,4.27376,552.6000000000001,4.933928571428573,508,4.535714285714286,,,,,,,,,,,,,,,,,,,"Shohei Ohtani","19755",660271
"Carlos Rodón","NYY",11.811,9.89269,12.3076,4.11815,28.3082,28.3082,0,0,0,161.724,670.352,139.575,80.4351,74.0003,25.5873,53.417,0.685126,7.29198,181.052,10.0756,2.97268,3.38941,1.42395,0.270085,0.079685,0.1904001086950302,0.228945,1.19334,0.282845,0.716148,,,4.11042,2.07174,2.06954,135.69000244140625,3.76935,-1.2025,1.27869,3.76935,1.2025,3.29507,697,4.302469135802469,654,4.037037037037037,,,,,,,,,,,,,,,,,,,"Carlos Rodon","16137",607074
"Drew Rasmussen","TBR",6.96372,5.60454,6.20799,3.37433,33.5023,16.5777,0.0194571,1.61798,0,105.449,429.368,93.9295,42.9734,39.5355,10.07,25.4102,0.455425,3.17203,102.777,8.77193,2.16874,4.04471,0.85947,0.239367,0.0591804,0.1801869161427021,0.234363,1.13173,0.29124,0.725628,,,3.27178,2.05225,2.09992,241.77999877929688,3.70328,0.361534,0.728655,3.70328,-0.361534,4.02846,539.6,5.139047619047619,525,5,,,,,,,,,,,,,,,,,,,"Drew Rasmussen","25385",656876
"Ryan Pepiot","TBR",9.96175,9.04552,10.7823,3.94357,27.6733,27.6733,0,0,0,150.877,626.945,127.744,71.8592,66.1104,22.3703,52.1362,1.07142,8.01394,157.798,9.41288,3.10999,3.02665,1.33442,0.251694,0.0831591,0.16853471845388412,0.225379,1.19223,0.272546,0.727111,,,4.19823,2.04237,2.19639,166.92999267578125,3.20552,-0.0417644,0.785477,3.20552,0.0417644,3.9527,650,4.304635761589404,605,4.006622516556291,,,,,,,,,,,,,,,,,,,"Ryan Pepiot","26221",686752
"José Soriano","LAA",7.8788,8.35417,10.1587,3.90488,25.3243,25.3243,0,0.0805817,0.313149,140.836,603.81,125.027,66.4187,61.1052,13.6455,59.1209,1.83403,9.83036,133.507,8.53169,3.77808,2.25821,0.872003,0.221108,0.0979131,0.12319517135620117,0.233757,1.30754,0.287283,0.713319,,,3.99887,1.9766,2.22927,326.6600036621094,1.04566,1.06453,0.812459,1.04566,-1.06453,3.91672,607.2,4.306382978723405,584,4.141843971631205,,,,,,,,,,,,,,,,,,,"Jose Soriano","22100",667755
"Clarke Schmidt","NYY",7.85473,7.68703,7.01803,3.93715,28.9261,23.7034,0,0.569339,0.156694,133.768,564.918,123.727,63.6069,58.5184,17.4174,43.558,2.1191,8.23109,132.918,8.94279,2.93061,3.05151,1.17185,0.235287,0.0771051,0.15818192809820175,0.241123,1.25056,0.293031,0.725526,,,4.03333,1.95191,1.88415,233.91000366210938,2.71437,-0.140461,0.507797,2.71437,0.140461,4.32294,574.0999999999999,4.284328358208954,563,4.201492537313433,,,,,,,,,,,,,,,,,,,"Clarke Schmidt","19899",657376
"Gavin Williams","CLE",7.80604,8.24754,8.56756,3.99269,25.8202,25.8202,0,0,0,137.162,577.633,119.734,66.1408,60.8495,16.4353,52.6499,0.947238,6.10721,140.153,9.19622,3.45466,2.66197,1.07841,0.242633,0.0911477,0.1514849066734314,0.230756,1.25679,0.285128,0.711253,,,3.96571,1.92624,1.76836,227.02999877929688,3.73909,-0.694515,0.616035,3.73909,0.694515,4.17862,608.0000000000002,4.437956204379564,580,4.233576642335766,,,,,,,,,,,,,,,,,,,"Gavin Williams","30122",668909
"Robbie Ray","SFG",9.11098,8.80052,10.6723,3.96981,25.7471,25.7471,0,0,0,142.797,597.221,124.181,68.4633,62.9862,21.5144,49.9037,0.54627,7.59788,159.235,10.0361,3.14527,3.19084,1.35598,0.266627,0.0835599,0.1830666959285736,0.230085,1.21911,0.286004,0.733663,,,4.10293,1.91931,2.09953,150.74000549316406,3.90351,0.0964517,0.764742,3.90351,-0.0964517,3.98034,609.2,4.26013986013986,573,4.006993006993007,,,,,,,,,,,,,,,,,,,"Robbie Ray","11486",592662
"Jesús Luzardo","PHI",9.12678,7.41441,10.6927,4.07217,31.012,24.3024,0,0.27967,0,143.055,597.005,127.677,70.3559,64.7274,20.3074,47.8347,0.782576,5.20262,146.57,9.22113,3.00941,3.0641,1.27759,0.245509,0.0801245,0.16538483649492264,0.234713,1.22688,0.284731,0.71495,,,4.07499,1.91172,1.89956,246.0500030517578,1.8738,-0.684072,0.763994,1.8738,0.684072,3.98134,614.4000000000001,4.296503496503497,590,4.125874125874126,,,,,,,,,,,,,,,,,,,"Jesus Luzardo","19959",666200
"Sean Manaea","NYM",8.93684,7.01588,10.4878,4.10223,25.521,25.1956,0.0011577,0.0558419,0.108158,146.535,611.505,128.637,72.5989,66.791,20.2847,49.6088,0.824906,6.71709,147.918,9.08494,3.04692,2.98168,1.24586,0.241892,0.0811258,0.16076580435037613,0.231704,1.21641,0.279998,0.705031,,,4.10034,1.90986,1.82418,237.42999267578125,2.27859,0.749602,0.784862,2.27859,-0.749602,3.95352,631.4,4.295238095238095,600,4.081632653061225,,,,,,,,,,,,,,,,,,,"Sean Manaea","15873",640455
"Miles Mikolas","STL",9.04218,10.8218,11.8177,4.58995,28.7435,28.7435,0,0,0,167.912,704.106,178.689,93.0807,85.6342,24.5263,30.9466,0.657047,6.21729,118.445,6.34862,1.65872,3.82742,1.3146,0.168221,0.0439516,0.12426953762769699,0.267923,1.24849,0.294221,0.664893,,,4.31853,1.87225,1.13559,596.4299926757812,3.79785,0.0288634,1.41855,3.79785,-0.0288634,3.1086,595.3000000000001,3.5434523809523815,640,3.8095238095238093,,,,,,,,,,,,,,,,,,,"Miles Mikolas","9803",571945
"Jeffrey Springs","ATH",7.67664,7.13586,9.21047,3.83583,28.674,24.7167,0,0.326914,0.209862,132.224,546.95,120.597,61.2548,56.3544,18.8349,37.9029,0.60216,3.67809,132.263,9.00263,2.57991,3.48951,1.28202,0.241818,0.0692986,0.17251979559659958,0.238632,1.19872,0.287244,0.735975,,,3.96113,1.82001,2.08285,265.30999755859375,5.20369,-2.836,0.377547,5.20369,2.836,4.4966,566.5000000000001,4.291666666666668,551,4.174242424242424,,,,,,,,,,,,,,,,,,,"Jeffrey Springs","17677",605488
"Kumar Rocker","TEX",6.08211,5.71134,7.17233,3.86162,25.7505,20.3113,0,0.451671,0,106.062,441.667,95.5777,49.4652,45.508,12.4035,32.7348,0.77646,4.71313,110.164,9.34803,2.77774,3.36534,1.05251,0.249427,0.0741165,0.1753106191754341,0.23645,1.20978,0.295309,0.710672,,,3.66866,1.77634,1.58985,299.1199951171875,3.41798,-1.13023,0.230766,3.41798,1.13023,4.69231,493.20000000000005,4.652830188679245,480,4.528301886792453,,,,,,,,,,,,,,,,,,,"Kumar Rocker","31843",677958
"José Berríos","TOR",11.6643,11.4225,14.0786,4.21914,30.1183,30.1183,0,0,0,185.097,778.812,178.412,94.3176,86.7722,27.7586,51.5917,1.19719,10.1749,158.924,7.72738,2.50855,3.08042,1.34971,0.204059,0.0662441,0.13781540095806122,0.248816,1.24261,0.284058,0.709872,,,4.39996,1.76756,1.8704,248.63999938964844,3.55115,-0.106305,1.42042,3.55115,0.106305,3.10611,693.8,3.75027027027027,693,3.745945945945946,,,,,,,,,,,,,,,,,,,"Jose Berrios","14168",621244
"David Peterson","NYM",8.64016,6.74141,9.61272,3.86576,27.1367,24.279,0,0.515649,0.0883164,138.151,594.623,132.09,64.4998,59.3398,14.4881,53.6464,1.7944,6.76147,128.951,8.40067,3.49486,2.40372,0.943846,0.216862,0.0902192,0.1266428455710411,0.247261,1.34445,0.300946,0.732756,,,3.97478,1.76037,2.16327,347.7900085449219,2.62578,0.206423,1.0522,2.62578,-0.206423,3.59707,584.8,4.23768115942029,587,4.253623188405797,,,,,,,,,,,,,,,,,,,"David Peterson","20302",656849
"Jon Gray","TEX",7.80109,8.42861,9.42185,4.33438,30.7637,24.5141,0,0.298723,0,139.951,591.336,135.001,73.2607,67.3999,19.6336,43.6939,1.10339,5.3849,125.472,8.06892,2.80989,2.87162,1.26261,0.212185,0.0738902,0.1382943019270897,0.248961,1.27684,0.290487,0.697279,,,4.24921,1.7114,1.25552,455.92999267578125,2.64634,-0.404936,0.854583,2.64634,0.404936,3.86056,542,3.8714285714285714,543,3.8785714285714286,,,,,,,,,,,,,,,,,,,"Jon Gray","14916",592351
"Shane Baz","TBR",8.05615,7.28862,9.8915,4.0563,30.0245,24.2219,0,0.316463,0,137.68,579.189,122.992,67.4482,62.0524,19.4843,48.3454,0.941814,6.62869,129.788,8.4841,3.16029,2.68459,1.27367,0.224085,0.0834709,0.14061451703310013,0.23462,1.24446,0.276062,0.721154,,,4.31873,1.65893,1.81626,191.24000549316406,6.75796,1.00771,0.562144,6.75796,-1.00771,4.25047,562.7,4.077536231884058,538,3.898550724637681,,,,,,,,,,,,,,,,,,,"Shane Baz","22264",669358
"Justin Verlander","SFG",7.57768,7.67008,9.29436,4.21784,21.0153,21.0153,0,0,0,122.366,514.729,119.96,62.3334,57.3467,16.8719,33.6051,0.441839,5.07889,102.958,7.57258,2.47165,3.06378,1.24092,0.200025,0.0652868,0.13473766297101974,0.251993,1.25497,0.289399,0.702083,,,4.22453,1.65641,1.37846,349.7900085449219,3.96477,-1.11553,0.479059,3.96477,1.11553,4.36126,470.70000000000016,3.8581967213114767,478,3.918032786885246,,,,,,,,,,,,,,,,,,,"Justin Verlander","8700",434378
"Yu Darvish","SDP",8.93238,7.45336,9.59049,4.09307,22.923,22.923,0,0,0,132.8,549.963,120.291,65.6472,60.3955,19.5771,36.8226,0.541153,6.40242,128.199,8.68822,2.49551,3.48154,1.32676,0.233105,0.0669546,0.16615044325590134,0.237383,1.18309,0.28057,0.705184,,,4.12867,1.64269,1.66592,231.74000549316406,2.87369,0.395695,0.652973,2.87369,-0.395695,4.12937,553.2,4.159398496240602,532,4,,,,,,,,,,,,,,,,,,,"Yu Darvish","13074",506433
"Ryan Feltner","COL",5.58998,10.201,9.82347,4.86223,28.3235,28.3235,0,0,0,157.996,687.168,163.473,92.7796,85.3572,22.0889,57.0971,0.699185,6.82831,134.305,7.65047,3.25244,2.35222,1.25826,0.195447,0.0830904,0.11235683411359787,0.262295,1.39605,0.302848,0.673839,,,4.49766,1.62705,1.66513,678.030029296875,3.73373,-0.163812,1.90757,3.73373,0.163812,2.45657,550.8,3.4860759493670885,580,3.670886075949367,,,,,,,,,,,,,,,,,,,"Ryan Feltner","21446",663372
"Jameson Taillon","CHC",10.7512,9.43243,11.3104,4.31629,28.2601,28.2601,0.00142244,0,0,166.012,692.618,165.503,86.5405,79.6173,24.9733,39.1067,0.697527,4.91406,131.765,7.14339,2.12009,3.36939,1.35388,0.190243,0.0564621,0.13378048688173294,0.25517,1.2325,0.28571,0.695969,,,4.33016,1.62257,1.60827,350.2200012207031,3.32829,0.434142,1.21775,3.32829,-0.434142,3.37633,621.3000000000001,3.74277108433735,637,3.8373493975903616,,,,,,,,,,,,,,,,,,,"Jameson Taillon","11674",592791
"Matthew Boyd","CHC",6.20925,5.14648,5.74887,3.92455,22.5926,18.3735,0,0.255658,0,100.2,417.895,89.8966,47.4928,43.6934,13.3377,31.8403,2.26703,4.57599,103.93,9.33505,2.85991,3.26411,1.198,0.2487,0.0761921,0.17250742763280869,0.235653,1.21494,0.289765,0.720368,,,3.91277,1.61748,1.47313,316.6000061035156,3.23067,-1.20264,0.196971,3.23067,1.20264,4.73737,443.1,4.431,428,4.28,,,,,,,,,,,,,,,,,,,"Matthew Boyd","15440",571510
"Eduardo Rodriguez","ARI",9.25964,7.97516,8.98506,4.00693,27.014,23.5463,0,0.28742,0,133.067,562.449,127.75,64.3949,59.2433,16.6341,43.6569,1.14126,3.81718,121.875,8.24301,2.95274,2.79164,1.12505,0.216686,0.0776194,0.1390661746263504,0.248071,1.28813,0.295156,0.722473,,,4.03008,1.60188,1.99267,395.9800109863281,2.25233,0.413522,0.759086,2.25233,-0.413522,3.98788,542.3,4.077443609022556,544,4.090225563909774,,,,,,,,,,,,,,,,,,,"Eduardo Rodriguez","13164",593958
"David Festa","MIN",5.8123,5.99205,6.02482,3.98632,29.177,17.468,0,0.769202,0,103.933,438.337,94.4436,50.0375,46.0345,12.7357,37.4535,1.00773,4.27608,111.034,9.61493,3.24325,2.9646,1.10284,0.253309,0.0854444,0.16786407679319382,0.238129,1.26906,0.299475,0.717644,,,3.82733,1.57152,1.25389,317.1000061035156,1.76789,0.111548,0.211859,1.76789,-0.111548,4.71752,468.30000000000007,4.502884615384616,454,4.365384615384615,,,,,,,,,,,,,,,,,,,"David Festa","30056",701581
"Germán Márquez","COL",6.3951,9.28146,8.37889,4.8354,23.0808,23.0808,0,0,0,131.368,566.75,136.729,76.7173,70.5799,20.0239,44.2468,0.857135,3.49178,108.76,7.4511,3.03133,2.45803,1.37183,0.191901,0.0780712,0.1138300821185112,0.263441,1.37762,0.299069,0.681684,,,4.5824,1.5673,1.39021,632.280029296875,2.79179,0.102776,1.35898,2.79179,-0.102776,3.18803,444.2000000000001,3.3908396946564894,472,3.6030534351145036,,,,,,,,,,,,,,,,,,,"German Marquez","15038",608566
"Max Scherzer","TOR",6.98956,5.61595,8.21758,3.8829,20.8555,18.5136,0,0.267722,0,104.76,427.841,91.1936,49.1274,45.1972,16.615,27.3677,0.38818,4.42611,107.142,9.20461,2.35117,3.91491,1.4274,0.250426,0.0639672,0.18645839393138885,0.23026,1.13174,0.273895,0.72858,,,4.09328,1.56427,1.49618,282.6000061035156,2.42256,-0.356033,0.553604,2.42256,0.356033,4.26186,452.29999999999995,4.307619047619047,425,4.0476190476190474,,,,,,,,,,,,,,,,,,,"Max Scherzer","3137",453286
"Aaron Civale","MIL",7.88603,8.19764,8.57577,4.33458,32.1898,25.5141,0,0.305049,0,144.703,610.062,140.115,75.7522,69.692,22.9372,42.6369,0.804565,6.22429,135.183,8.40789,2.65186,3.17056,1.42661,0.221589,0.0698895,0.1516994833946228,0.24967,1.26294,0.290705,0.710302,,,4.37171,1.54962,1.41276,373.57000732421875,1.78169,1.3471,0.921628,1.78169,-1.3471,3.77116,549.1,3.786896551724138,549,3.786206896551724,,,,,,,,,,,,,,,,,,,"Aaron Civale","19479",650644
"Andre Pallante","STL",8.37578,7.97198,8.76005,4.00421,33.4962,23.0077,0,0.869874,1.20487,139.832,607.832,139.806,67.6229,62.2131,11.3642,56.0274,2.0392,5.08703,102.091,6.57085,3.60608,1.82216,0.731433,0.167959,0.0921757,0.07578317821025848,0.255719,1.40049,0.296452,0.712584,,,4.07397,1.54948,1.7942,513.6900024414062,1.59882,2.13918,1.2971,1.59882,-2.13918,3.27054,561.7,4.012142857142858,582,4.1571428571428575,,,,,,,,,,,,,,,,,,,"Andre Pallante","26108",669467
"Spencer Arrighetti","HOU",8.60372,9.29303,9.26666,4.41217,26.6417,26.6417,0,0,0,144.923,619.586,130.835,77.225,71.047,20.677,59.6323,0.878836,7.39391,154.64,9.60347,3.7033,2.59322,1.28408,0.249586,0.0962455,0.15334055572748184,0.23678,1.31427,0.292008,0.701106,,,4.27465,1.54493,1.11061,202.36000061035156,2.95551,-0.654506,1.32925,2.95551,0.654506,3.22767,583.1,4.021379310344828,561,3.8689655172413793,,,,,,,,,,,,,,,,,,,"Spencer Arrighetti","29921",681293
"Mitchell Parker","WSN",7.01735,8.60632,8.99959,4.2787,29.3005,25.56,0,0.298158,0,140.207,596.487,135.493,72.452,66.6558,18.5048,49.3694,0.986043,3.62218,124.701,8.00467,3.16907,2.52587,1.18784,0.209059,0.082767,0.12629194557666779,0.2493,1.3185,0.29226,0.707182,,,4.2373,1.54321,1.47852,507.760009765625,1.96122,1.15303,0.890162,1.96122,-1.15303,3.81312,542.3,3.873571428571428,544,3.8857142857142857,,,,,,,,,,,,,,,,,,,"Mitchell Parker","27636",680730
"Merrill Kelly","ARI",9.85439,7.55356,11.2192,4.0857,25.672,25.672,0,0,0,153.315,643.765,144.092,75.6519,69.5998,20.6725,48.9622,1.19331,4.56481,139.792,8.20618,2.87422,2.8551,1.21354,0.217147,0.076056,0.14109136164188385,0.244126,1.25921,0.287174,0.715377,,,4.14317,1.54319,2.08578,304.0899963378906,3.04871,-0.0529923,0.917621,3.04871,0.0529923,3.77651,617.5000000000001,4.035947712418301,610,3.9869281045751634,,,,,,,,,,,,,,,,,,,"Merrill Kelly","11156",518876
"Luis Severino","ATH",8.4896,10.9322,11.6291,4.39522,28.9839,28.9839,0,0,0,169.803,723.526,164.552,90.1352,82.9244,25.1316,56.303,0.890448,8.54599,148.116,7.85058,2.98421,2.6307,1.33204,0.204715,0.0778175,0.12689730525016785,0.249821,1.30065,0.28721,0.70404,,,4.49169,1.51386,1.55625,305.42999267578125,2.97451,-0.787702,1.39694,2.97451,0.787702,3.13742,622.5,3.661764705882353,626,3.6823529411764704,,,,,,,,,,,,,,,,,,,"Luis Severino","15890",622663
"Kyle Harrison","SFG",7.3263,7.58014,9.38365,4.10176,24.2901,24.2901,0,0,0,130.816,555.161,118.318,64.8037,59.6194,17.8696,48.7164,0.680622,7.31996,132.844,9.13957,3.35165,2.72689,1.22941,0.239289,0.0877519,0.15153764188289642,0.237051,1.27687,0.288304,0.719848,,,4.19637,1.51183,1.64164,391.3399963378906,3.16923,-0.110168,0.631098,3.16923,0.110168,4.15854,539.2,4.116030534351145,519,3.9618320610687023,,,,,,,,,,,,,,,,,,,"Kyle Harrison","27758",690986
"DJ Herz","WSN",6.82802,8.27121,6.7857,4.09987,32.1452,23.0782,0,0.49206,0,122.722,526.504,102.969,60.7662,55.9049,15.2233,60.4134,1.08762,5.82164,137.488,10.0829,4.4305,2.27578,1.11642,0.261133,0.114744,0.14638908952474594,0.223714,1.33132,0.285298,0.722294,,,4.1576,1.49437,1.46937,340.239990234375,2.70506,-0.291495,0.828454,2.70506,0.291495,3.8954,533.9000000000001,4.340650406504066,496,4.032520325203252,,,,,,,,,,,,,,,,,,,"DJ Herz","26389",687792
"Reid Detmers","LAA",5.84109,7.58329,6.48454,4.34282,25.899,19.2237,0,0.861777,0,109.604,464.604,100.189,57.4867,52.8877,16.2549,40.2631,0.829855,5.20521,122.215,10.0355,3.30616,3.0354,1.33476,0.263051,0.0866611,0.1763901263475418,0.239037,1.28145,0.299053,0.704918,,,4.10887,1.49076,1.09761,366.6700134277344,4.8031,-0.336831,0.538006,4.8031,0.336831,4.28266,470.20000000000005,4.274545454545455,455,4.136363636363637,,,,,,,,,,,,,,,,,,,"Reid Detmers","27468",672282
"Kutter Crawford","BOS",7.42287,8.63796,7.75233,4.35871,39.0937,18.8433,0,0.534669,0,130.841,543.318,119.474,68.8766,63.3665,21.142,37.4647,1.77433,5.6308,127.32,8.75778,2.57704,3.39839,1.45427,0.234338,0.0689554,0.1653822585940361,0.238843,1.19946,0.279544,0.691553,,,4.30903,1.46861,1.31548,390.1000061035156,3.6994,0.464097,0.796727,3.6994,-0.464097,3.9377,530.7000000000002,4.05114503816794,511,3.900763358778626,,,,,,,,,,,,,,,,,,,"Kutter Crawford","20531",676710
"Andrew Abbott","CIN",8.32396,9.16174,8.95817,4.49932,24.8856,24.8856,0,0,0,139.927,599.174,134.986,76.0358,69.953,24.4612,52.484,1.0024,4.03297,130.522,8.39508,3.37573,2.48689,1.57333,0.217836,0.087594,0.13024254888296127,0.248749,1.33977,0.285096,0.727261,,,4.7852,1.46472,1.6138,519.8099975585938,1.82175,1.25255,1.2807,1.82175,-1.25255,3.29241,483.79999999999995,3.4557142857142855,482,3.442857142857143,,,,,,,,,,,,,,,,,,,"Andrew Abbott","29911",671096
"Zack Littell","TBR",7.40521,8.16181,8.13984,4.23575,30.1006,23.55,0,0.598113,0.406901,134.931,564.36,138.023,69.0258,63.5038,21.6952,28.9176,1.63024,4.96213,114.879,7.66256,1.92883,3.97265,1.44709,0.203557,0.0512396,0.15231739729642868,0.260185,1.23723,0.295319,0.716971,,,4.3072,1.45922,1.4206,402.5,2.91917,0.258399,0.572782,2.91917,-0.258399,4.23629,501.59999999999997,3.7155555555555555,521,3.859259259259259,,,,,,,,,,,,,,,,,,,"Zack Littell","15823",641793
"Rhett Lowder","CIN",5.87633,6.00665,6.08829,4.30282,32.1091,17.5484,0,0.867675,0,106.485,455.682,106.708,55.3362,50.9093,14.1885,34.579,0.985208,4.208,88.4361,7.47455,2.92259,2.55751,1.1992,0.194074,0.0758841,0.11818990856409073,0.255958,1.32683,0.294393,0.707861,,,4.3304,1.415,1.32467,506.07000732421875,1.40301,-0.978255,0.406002,1.40301,0.978255,4.45866,397.00000000000006,3.745283018867925,411,3.8773584905660377,,,,,,,,,,,,,,,,,,,"Rhett Lowder","33876",695076
"Casey Mize","DET",5.77109,7.45216,7.83014,4.27901,23.6861,23.6861,0,0,0,125.446,535.021,128.321,64.8292,59.6429,15.5186,35.9771,0.700279,5.67413,99.3359,7.12674,2.58113,2.76109,1.11336,0.185667,0.0672443,0.11842316389083862,0.26009,1.30971,0.298012,0.697673,,,4.18702,1.41159,1.12084,412.3299865722656,3.6061,-1.08447,0.506358,3.6061,1.08447,4.32486,467.40000000000003,3.7392000000000003,489,3.912,,,,,,,,,,,,,,,,,,,"Casey Mize","20492",663554
"Andrew Heaney","PIT",6.30234,8.09954,7.45421,4.38413,29.7524,23.6468,0,0.529722,0.0763529,129.526,550.966,126.341,68.5819,63.0954,18.8727,39.8795,0.74515,7.82416,123.692,8.59461,2.77099,3.10163,1.31135,0.2245,0.0723812,0.15211857110261917,0.251045,1.2833,0.297947,0.698423,,,4.25563,1.38571,1.32966,449.9100036621094,1.61712,-0.1287,0.738327,1.61712,0.1287,4.01556,508.69999999999993,3.9130769230769227,511,3.9307692307692306,,,,,,,,,,,,,,,,,,,"Andrew Heaney","15423",571760
"Bowden Francis","TOR",9.73007,7.63422,8.77493,4.1569,30.9007,22.7924,0.0046074,0.278078,0,140.659,579.933,127.158,70.6164,64.9671,23.6647,36.9849,0.892526,7.70679,130.401,8.34366,2.36647,3.52579,1.51418,0.224855,0.0637744,0.1610805094242096,0.237571,1.16696,0.27151,0.713875,,,4.45268,1.37573,1.39939,247.97000122070312,4.37657,1.78823,0.855343,4.37657,-1.78823,3.85954,543,3.851063829787234,518,3.673758865248227,,,,,,,,,,,,,,,,,,,"Bowden Francis","20548",670102
"Tobias Myers","MIL",8.19276,7.24899,7.94237,4.23295,33.7349,23.5028,0,0.732783,0,136.505,575.971,131.921,69.7847,64.202,21.4987,41.2151,0.834765,5.30784,124.831,8.23034,2.71739,3.02877,1.41745,0.216731,0.0715576,0.14517388492822647,0.249167,1.26835,0.28822,0.722546,,,4.40739,1.35134,1.47304,321.69000244140625,4.08184,1.8642,0.746143,4.08184,-1.8642,4.00514,528.3000000000002,3.8562043795620453,528,3.854014598540146,,,,,,,,,,,,,,,,,,,"Tobias Myers","22191",668964
"Shane Bieber","CLE",4.76847,3.3396,6.17774,3.64368,16.8687,12.4417,0,0.426124,0,77.0766,318.49,72.7458,33.9182,31.2048,8.57902,19.2316,0.273999,2.21965,75.1903,8.77974,2.24561,3.90973,1.00175,0.236084,0.0603837,0.17569999024271965,0.244903,1.19332,0.300872,0.726041,,,3.49732,1.32564,1.26551,436.1700134277344,1.16644,-1.40066,0.615589,1.16644,1.40066,4.17921,356.3,4.627272727272727,355,4.6103896103896105,,,,,,,,,,,,,,,,,,,"Shane Bieber","19427",669456
"Cody Bradford","TEX",6.51858,5.49804,5.25797,4.12628,41.1805,13.5381,0,1.6343,0,103.946,425.414,97.8213,51.8007,47.6566,15.2809,21.8835,1.00485,3.22694,94.1844,8.15483,1.89475,4.30391,1.32308,0.221395,0.0514404,0.16995438188314438,0.244368,1.15161,0.283802,0.690704,,,3.99012,1.3216,0.918924,329.3299865722656,2.84672,0.664059,0.559931,2.84672,-0.664059,4.25342,451.3,4.339423076923077,446,4.288461538461538,,,,,,,,,,,,,,,,,,,"Cody Bradford","27597",674003
"Ronel Blanco","HOU",10.0824,7.61675,10.8643,4.11319,28.264,27.8502,0,0,1.45352,160.666,676.718,136.51,79.8126,73.4276,24.8514,67.0555,2.53912,5.26525,158.459,8.87638,3.75624,2.3631,1.3921,0.234158,0.0990893,0.13506866246461868,0.225861,1.26701,0.265167,0.733248,,,4.55516,1.30516,1.79806,246.39999389648438,5.82306,1.03609,1.13285,5.82306,-1.03609,3.48953,627.7,3.8987577639751554,580,3.6024844720496896,,,,,,,,,,,,,,,,,,,"Ronel Blanco","19407",669854
"Alex Cobb","DET",4.96506,5.0602,6.26367,3.84972,16.3096,15.7912,0,0.163738,0,84.8382,358.207,84.3672,39.4449,36.2893,8.19425,24.1454,0.353657,2.81485,69.8986,7.41514,2.56145,2.8949,0.869281,0.195135,0.0674063,0.12772853672504425,0.254696,1.27905,0.300896,0.71174,,,3.72765,1.29943,1.30673,608.030029296875,2.67581,-0.0533847,0.401742,2.67581,0.0533847,4.46434,371.20000000000005,4.367058823529412,380,4.470588235294118,,,,,,,,,,,,,,,,,,,"Alex Cobb","6562",502171
"Mason Miller","ATH",2.98249,2.046,0,2.79502,60.2438,0,27.989,2.36002,2.80125,66.1346,263.229,45.3361,22.3246,20.5386,6.3,22.5991,1.50975,2.84255,94.9482,12.9211,3.07543,4.20142,0.857343,0.360705,0.0858533,0.2748520225286484,0.190658,1.02723,0.285896,0.771554,,,2.68759,1.29808,1.29252,46.310001373291016,1.96606,0.0687165,1.95827,1.96606,-0.0687165,2.38898,557.6000000000001,8.448484848484851,512,7.757575757575758,,,,,,,,,,,,,,,,,,,"Mason Miller","31757",695243
"Edward Cabrera","MIA",6.4999,8.1688,7.09031,4.20364,28.8926,23.1906,0,0.308614,0,123.75,533.579,105.958,62.8262,57.8001,15.0655,60.6821,0.557146,6.82617,132.471,9.63422,4.41324,2.18303,1.09567,0.248268,0.113726,0.13454164564609528,0.227343,1.34659,0.285346,0.71326,,,4.24474,1.29186,1.5492,410.1700134277344,2.16913,-1.12032,0.884496,2.16913,1.12032,3.82067,517.4999999999999,4.173387096774193,485,3.911290322580645,,,,,,,,,,,,,,,,,,,"Edward Cabrera","21690",665795
"Jordan Hicks","SFG",6.69749,7.40165,7.19336,4.13413,32.7022,21.6317,0.0419651,0.432188,0.846192,124.022,540.38,117.305,61.9231,56.9693,12.1522,54.5221,1.3869,7.64894,111.868,8.11799,3.95655,2.05179,0.881856,0.207017,0.100896,0.10612083971500397,0.245301,1.38546,0.296883,0.709909,,,4.14015,1.27945,1.3924,436.9100036621094,1.98276,-0.534076,0.961964,1.98276,0.534076,3.71738,500.7999999999999,4.038709677419354,499,4.024193548387097,,,,,,,,,,,,,,,,,,,"Jordan Hicks","19618",663855
"Dean Kremer","BAL",9.49938,8.53697,9.87437,4.28013,26.544,26.544,0,0,0,148.649,630.01,141.844,76.8404,70.6932,22.2895,50.4335,0.618151,5.16281,130.716,7.9142,3.0535,2.59185,1.34952,0.207482,0.0800518,0.12743017822504044,0.246937,1.29349,0.283702,0.716679,,,4.4791,1.265,1.27289,437.6700134277344,3.37879,0.508065,1.09388,3.37879,-0.508065,3.5415,559.8000000000002,3.757046979865773,556,3.7315436241610738,,,,,,,,,,,,,,,,,,,"Dean Kremer","19350",665152
"Jake Irvin","WSN",7.75535,10.2207,11.2453,4.45087,28.1251,28.1251,0,0,0,161.685,684.954,156.048,86.9128,79.9598,24.2223,51.4348,0.962647,6.9677,133.623,7.43795,2.86306,2.5979,1.3483,0.195083,0.0750924,0.11999049037694931,0.249059,1.28326,0.281255,0.694641,,,4.54479,1.24654,1.37647,417.6400146484375,2.75425,0.12538,1.2011,2.75425,-0.12538,3.39853,591.9999999999999,3.6543209876543203,592,3.654320987654321,,,,,,,,,,,,,,,,,,,"Jake Irvin","21504",663623
"Ryan Weathers","MIA",7.3333,9.86226,8.90133,4.22163,28.5208,25.6147,0,0.310682,0,140.729,601.95,136.584,71.7522,66.012,20.0072,48.3757,1.53077,6.92398,125.498,8.02592,3.09375,2.59424,1.27951,0.208486,0.0803649,0.12812087684869766,0.249857,1.3143,0.290611,0.721299,,,4.40997,1.2437,1.76324,335.9100036621094,5.86609,-2.59692,0.863973,5.86609,2.59692,3.84804,526.2,3.7319148936170214,530,3.7588652482269502,,,,,,,,,,,,,,,,,,,"Ryan Weathers","23796",677960
"Kyle Freeland","COL",6.65654,10.8462,9.63809,5.10226,26.7759,26.7759,0,0,0,151.241,659.445,172.394,93.1971,85.7413,25.1491,41.9139,0.746275,5.02515,109.072,6.49061,2.49419,2.60229,1.49656,0.1654,0.0635592,0.10184036940336227,0.281457,1.417,0.307861,0.676223,,,4.8169,1.24035,1.22754,750.280029296875,2.2699,0.879827,2.06317,2.2699,-0.879827,2.24911,439.7000000000001,2.9119205298013253,507,3.357615894039735,,,,,,,,,,,,,,,,,,,"Kyle Freeland","16256",607536
"Cade Smith","CLE",4.39323,2.24312,0,2.97303,63.3984,0,1.73804,20.7036,2.25219,67.1111,272.462,52.1324,24.097,22.1693,5.04321,21.6153,0.903759,3.42083,86.8666,11.6493,2.89874,4.01876,0.676324,0.318821,0.0793332,0.2394879162311554,0.210699,1.09889,0.302793,0.74453,,,2.67382,1.22968,1.07491,366.9700012207031,1.42853,0.851133,1.0158,1.42853,-0.851133,3.64561,492.09999999999997,7.344776119402985,463,6.91044776119403,,,,,,,,,,,,,,,,,,,"Cade Smith","27867",671922
"Tyler Anderson","LAA",9.02665,11.404,10.4872,4.60307,28.4321,28.4321,0,0,0,169.181,728.569,166.428,94.0524,86.5282,26.0926,62.9453,1.33483,6.87792,135.336,7.19952,3.34852,2.15006,1.38805,0.185756,0.0863958,0.09936027973890305,0.252643,1.35578,0.282185,0.701713,,,4.80969,1.22356,1.16951,507.95001220703125,3.65077,0.483626,1.81749,3.65077,-0.483626,2.57668,559.2000000000002,3.3088757396449715,567,3.3550295857988166,,,,,,,,,,,,,,,,,,,"Tyler Anderson","12880",542881
"Kris Bubic","KCR",4.58438,5.68902,5.53631,4.16626,33.6365,14.2945,0.0656044,2.39217,1.45141,97.878,417.924,96.3902,49.2495,45.3095,11.0911,33.1119,2.53626,3.59728,94.6121,8.6997,3.04468,2.85734,1.01984,0.226386,0.0792294,0.1471562460064888,0.25285,1.3231,0.309602,0.704128,,,3.83147,1.21781,0.971741,334.07000732421875,3.48022,-1.00292,0.265263,3.48022,1.00292,4.64632,427.30000000000007,4.360204081632654,434,4.428571428571429,,,,,,,,,,,,,,,,,,,"Kris Bubic","21455",663460
"Tyler Mahle","TEX",5.996,6.31746,7.17601,4.28197,21.409,21.409,0,0,0,117.037,490.364,107.581,60.5252,55.6832,16.9337,37.3135,0.455554,4.8925,108.075,8.31087,2.86936,2.89641,1.30218,0.220398,0.0760934,0.1443045809864998,0.240051,1.23802,0.280512,0.696189,,,4.28241,1.21397,1.10453,455.92999267578125,2.36838,0.564515,0.409636,2.36838,-0.564515,4.45382,465.90000000000015,3.9820512820512834,454,3.8803418803418803,,,,,,,,,,,,,,,,,,,"Tyler Mahle","16358",641816
"Grant Holmes","ATL",6.47824,5.3023,4.83403,4.00897,41.5674,16.6101,0,1.34385,0.92904,114.835,485.675,110.768,55.6002,51.1522,14.5388,35.9003,2.10944,4.67715,110.352,8.64869,2.81362,3.07386,1.13945,0.227215,0.0739183,0.1532963663339615,0.248862,1.27721,0.300522,0.720965,,,3.95049,1.20089,1.39507,288.3800048828125,4.39029,1.08392,0.301541,4.39029,-1.08392,4.59795,478.9,4.164347826086956,481,4.182608695652174,,,,,,,,,,,,,,,,,,,"Grant Holmes","16944",656550
"Simeon Woods Richardson","MIN",5.94693,5.99897,7.24355,4.4999,24.9997,24.0287,0,0.184341,0,121.78,521.765,116.701,66.1832,60.8886,16.6648,45.785,0.537775,3.67001,103.672,7.66172,3.38368,2.26431,1.23159,0.198694,0.0877502,0.11094386875629425,0.247085,1.33426,0.284214,0.692052,,,4.46115,1.18952,0.857253,508.7200012207031,3.20039,1.66118,0.766184,3.20039,-1.66118,3.97842,447.50000000000017,3.6680327868852474,447,3.6639344262295084,,,,,,,,,,,,,,,,,,,"Simeon Woods Richardson","24494",680573
"Jose Quintana","MIL",6.87084,7.30546,8.90142,4.30959,23.9403,23.4605,0,0.167399,0,130.103,561.284,129.91,67.7162,62.2989,16.0305,48.1303,0.734188,5.18163,104.792,7.2491,3.32946,2.17726,1.10893,0.186701,0.0857502,0.10095033794641495,0.255742,1.36845,0.294148,0.709034,,,4.38665,1.18749,1.32717,495.8999938964844,2.69039,0.885358,0.946951,2.69039,-0.885358,3.7374,478.20000000000005,3.678461538461539,493,3.792307692307692,,,,,,,,,,,,,,,,,,,"Jose Quintana","11423",500779
"Walker Buehler","BOS",6.6784,7.86265,8.69048,4.45025,31.0424,25.3328,0,0.294063,0,139.509,598.934,141.503,74.982,68.9835,19.6959,45.4544,0.917804,6.0044,118.791,7.66342,2.93235,2.61341,1.27062,0.198337,0.0758922,0.12244521826505661,0.258465,1.34011,0.297826,0.702555,,,4.4054,1.17825,1.46254,259.45001220703125,5.80606,-1.53102,1.04761,5.80606,1.53102,3.60319,505.8,3.612857142857143,525,3.75,,,,,,,,,,,,,,,,,,,"Walker Buehler","19374",621111
"Chris Paddack","MIN",5.70637,4.70546,4.98165,4.39173,31.1822,15.3131,0,0.645521,0,101.119,425.757,103.434,53.6337,49.343,14.6065,25.1072,0.749582,2.95979,90.6451,8.06779,2.23464,3.61032,1.30004,0.212903,0.0589707,0.1539326012134552,0.260087,1.27119,0.303748,0.692997,,,4.08417,1.17281,0.601821,562.739990234375,4.00364,-0.639434,0.319827,4.00364,0.639434,4.57356,397.1000000000001,3.9316831683168325,412,4.079207920792079,,,,,,,,,,,,,,,,,,,"Chris Paddack","20099",663978
"Max Meyer","MIA",6.1965,8.23404,8.29219,4.43975,28.7751,23.6747,0,0.369494,0,129.459,559.732,130.965,69.416,63.8628,18.4368,46.0727,0.884225,5.41867,112.492,7.82049,3.20298,2.44163,1.28173,0.200976,0.0823121,0.1186634749174118,0.257683,1.36752,0.298237,0.71166,,,4.47321,1.16054,1.27919,380.0899963378906,4.98579,-1.52127,0.995357,4.98579,1.52127,3.67286,463.5999999999999,3.5937984496124025,482,3.7364341085271318,,,,,,,,,,,,,,,,,,,"Max Meyer","27474",676974
"Emmanuel Clase","CLE",3.90158,2.94335,0,2.57576,64.5035,0,36.8945,0.885449,5.04422,66.8692,264.941,55.5591,20.8018,19.1377,4.22998,12.6564,1.28172,2.13592,63.9097,8.60167,1.70344,5.0496,0.569318,0.241222,0.0477706,0.19345182552933693,0.222104,1.02013,0.282014,0.761134,,,2.74098,1.12827,1.39792,34.279998779296875,4.29018,0.631847,2.55201,4.29018,-0.631847,1.59732,572.9999999999999,8.552238805970148,555,8.283582089552239,,,,,,,,,,,,,,,,,,,"Emmanuel Clase","21032",661403
"Edwin Díaz","NYM",4.81739,2.98236,0,3.01157,61.5757,0,33.6657,1.50889,6.19706,64.2672,260.026,46.3316,23.375,21.505,6.22094,23.1066,0.752457,3.57023,92.13,12.9019,3.23586,3.98716,0.871182,0.354311,0.0888628,0.26544780284166336,0.19855,1.08046,0.29712,0.758505,,,2.80304,1.12728,1.07613,39.40999984741211,2.67335,-1.1035,2.10458,2.67335,1.1035,2.1939,561.1999999999999,8.768749999999999,523,8.171875,,,,,,,,,,,,,,,,,,,"Edwin Diaz","14710",621242
"Charlie Morton","BAL",8.59097,8.718,10.3163,4.33985,25.9806,25.9806,0,0,0,149.545,646.746,139.562,78.382,72.1115,20.66,60.3292,1.00239,11.6777,149.201,8.97928,3.63076,2.47311,1.24337,0.230695,0.0932812,0.1374136507511139,0.242827,1.33666,0.293674,0.710716,,,4.41158,1.12384,1.23226,394.8599853515625,3.85813,-0.505863,1.3608,3.85813,0.505863,3.1856,569.7,3.7980000000000005,559,3.7266666666666666,,,,,,,,,,,,,,,,,,,"Charlie Morton","4676",450203
"JP Sears","ATH",8.80785,11.021,10.6109,4.61156,29.5285,29.5285,0,0,0,172.071,727.368,167.584,95.8355,88.1687,29.7584,48.3627,2.01407,10.6927,139.298,7.28582,2.52956,2.88028,1.55648,0.19151,0.06649,0.12501956522464752,0.250758,1.25499,0.276063,0.689166,,,4.82527,1.11744,1.08543,485.6199951171875,5.98575,-1.42483,1.565,5.98575,1.42483,2.91334,568,3.302325581395349,571,3.3197674418604652,,,,,,,,,,,,,,,,,,,"JP Sears","23429",676664
"Steven Matz","STL",4.79005,5.36208,3.90537,4.13916,30.2303,16.2785,0,0.627539,0,99.7226,423.979,99.5831,49.8512,45.8631,12.8334,30.3381,1.19847,3.86552,86.4494,7.80209,2.73803,2.84953,1.15822,0.2039,0.0715556,0.1323443427681923,0.255488,1.30283,0.298629,0.715202,,,4.13463,1.11318,1.06487,627.219970703125,4.19443,0.254462,0.151487,4.19443,-0.254462,4.79802,394.1,3.9410000000000003,405,4.05,,,,,,,,,,,,,,,,,,,"Steven Matz","13361",571927
"Eury Pérez","MIA",4.23876,4.55139,5.19072,3.85434,14.7903,14.4729,0,0,0,72.641,300.587,63.1594,33.8144,31.1092,10.6756,23.4179,0.461029,2.62432,81.8476,10.1407,2.90141,3.49509,1.32268,0.272293,0.0779072,0.19438540935516357,0.230052,1.19185,0.288338,0.736589,,,3.89905,1.08624,1.25354,484.7799987792969,2.9717,-0.843913,0.531048,2.9717,0.843913,4.29194,327.1,4.480821917808219,308,4.219178082191781,,,,,,,,,,,,,,,,,,,"Eury Perez","27768",691587
"Ryan Helsley","STL",5.0313,3.51574,0,2.8292,60.5593,0,32.9562,2.30567,4.73446,63.9378,259.795,48.1874,21.847,20.0992,5.41332,23.6592,1.60241,1.88923,78.7343,11.0828,3.33032,3.32785,0.761988,0.303063,0.0910689,0.21199440211057663,0.205712,1.1237,0.284973,0.777987,,,3.00304,1.08606,1.18202,52.84000015258789,2.32145,-0.529519,2.13281,2.32145,0.529519,2.15626,540.3000000000001,8.442187500000001,508,7.9375,,,,,,,,,,,,,,,,,,,"Ryan Helsley","18138",664854
"Kyle Gibson",,6.66654,6.73829,8.17571,4.45479,20.3777,20.3777,0,0,0,119.215,515.484,120.666,64.1399,59.0087,16.0828,43.2831,0.751188,4.61954,101.155,7.63658,3.2676,2.33706,1.21415,0.196233,0.0839659,0.11226741969585419,0.258063,1.37523,0.298515,0.705697,,,4.42868,1.07458,0.989775,679.1199951171875,4.47738,-1.48488,0.90791,4.47738,1.48488,3.78945,427.19999999999993,3.589915966386554,445,3.7394957983193278,,,,,,,,,,,,,,,,,,,"Kyle Gibson","10123",502043
"Lucas Giolito","BOS",6.99363,7.52592,7.66264,4.5178,25.9354,20.8982,0,0.426473,0,117.516,501.922,112.683,64.1198,58.9902,18.8316,42.8975,1.0134,4.3714,119.377,9.14256,3.28533,2.78284,1.44223,0.23784,0.0854665,0.15237323939800262,0.247843,1.32391,0.29658,0.70781,,,4.42472,1.05571,1.15694,375.3599853515625,1.99506,-0.654528,0.872877,1.99506,0.654528,3.83616,442.7,3.7516949152542374,440,3.7288135593220337,,,,,,,,,,,,,,,,,,,"Lucas Giolito","15474",608337
"Quinn Mathews","STL",4.73308,4.73289,6.86531,4.02508,23.8446,14.9877,0,0.928679,0,90.6887,386.125,82.9576,44.0857,40.5588,10.7707,34.9242,0,4.33896,85.2349,8.45876,3.4659,2.44057,1.06889,0.220744,0.0904479,0.13029637187719345,0.239166,1.29985,0.287762,0.717841,,,4.12954,1.0285,1.16228,394.4800109863281,1.75698,-2.0628,0.189856,1.75698,2.0628,4.74686,379.2999999999999,4.168131868131867,369,4.054945054945055,,,,,,,,,,,,,,,,,,,"Quinn Mathews","sa3023407",687273
"Ryan Walker","SFG",4.85356,3.49821,0,3.00436,65.1739,0.0428757,25.3458,4.53918,3.78996,69.1079,281.747,55.2533,25.0755,23.0694,5.76263,21.2622,0.960696,4.18574,81.9626,10.6741,2.769,3.85485,0.750473,0.290908,0.0754655,0.2154427245259285,0.215581,1.10719,0.293584,0.751522,,,2.98318,1.01918,1.13905,78.16000366210938,1.51517,-0.37552,1.67618,1.51517,0.37552,2.76509,527.8000000000001,7.649275362318842,501,7.260869565217392,,,,,,,,,,,,,,,,,,,"Ryan Walker","20423",676254
"Jhoan Duran","MIN",5.05002,3.87868,0,2.83056,60.098,0,28.0664,3.86455,3.59445,62.4571,256.094,51.1107,21.3513,19.6432,4.72495,19.4165,2.13158,3.81658,76.1631,10.975,2.79789,3.9226,0.68086,0.297403,0.0758179,0.221585214138031,0.21949,1.12921,0.305224,0.769428,,,2.827,1.00645,1.13707,67.76000213623047,2.41656,0.357518,1.86117,2.41656,-0.357518,2.51844,503.69999999999993,8.124193548387096,484,7.806451612903226,,,,,,,,,,,,,,,,,,,"Jhoan Duran","21029",661395
"Antonio Senzatela","COL",4.72048,7.39011,5.59356,5.20729,28.1042,20.6824,0,0.489615,0,111.104,491.459,129.398,69.873,64.2832,16.25,34.6897,0.538577,4.06044,73.3486,5.94164,2.81006,2.11442,1.31634,0.149246,0.0705851,0.07866139709949493,0.28583,1.47689,0.311607,0.666592,,,4.79382,1.00503,0.686209,744,3.77816,-0.956676,1.40635,3.77816,0.956676,3.12486,318.20000000000016,2.866666666666668,376,3.3873873873873874,,,,,,,,,,,,,,,,,,,"Antonio Senzatela","15488",622608
"Tylor Megill","NYM",5.40155,4.8732,4.02583,4.0746,35.9228,10.7922,0,0.788654,0,85.7197,364.973,79.2438,42.1828,38.8082,10.3998,32.5861,0.751319,3.69827,88.3316,9.27423,3.42132,2.71072,1.09191,0.242023,0.0892836,0.152739018201828,0.241091,1.3046,0.299378,0.716017,,,3.95261,1.00053,0.878415,405.07000732421875,3.91643,-0.323253,0.147059,3.91643,0.323253,4.80392,377,4.383720930232558,369,4.290697674418604,,,,,,,,,,,,,,,,,,,"Tylor Megill","21318",656731
"Landen Roupp","SFG",3.20741,3.21193,2.82703,3.7638,35.9054,7.69353,0,1.49009,0.322306,72.9447,311.532,64.6317,33.1581,30.5055,6.27635,31.7792,0.977953,2.8519,71.8811,8.86877,3.92095,2.26189,0.774382,0.230734,0.102009,0.1287248432636261,0.233411,1.3217,0.293622,0.721866,,,3.73847,0.998985,0.949114,497.4700012207031,2.58261,-0.105547,0.567859,2.58261,0.105547,4.24286,340.40000000000003,4.663013698630137,330,4.52054794520548,,,,,,,,,,,,,,,,,,,"Landen Roupp","30076",694738
"Bailey Falter","PIT",6.1949,8.1366,6.41291,4.57749,33.2288,21.3058,0,0.307089,0,123.041,524.766,126.747,68.0218,62.5801,17.9513,36.6977,0.980508,3.27005,91.698,6.70736,2.68429,2.49874,1.31307,0.174741,0.0699315,0.10480937361717224,0.261444,1.32838,0.290008,0.689907,,,4.5471,0.993532,0.922311,712.8300170898438,1.52287,-0.256653,0.793265,1.52287,0.256653,3.94231,422.6000000000001,3.435772357723578,445,3.6178861788617884,,,,,,,,,,,,,,,,,,,"Bailey Falter","20070",663559
"Davis Martin","CHW",4.83917,8.1937,7.76619,4.55258,24.7681,24.7681,0,0,0.150694,128.571,555.188,126.469,70.692,65.0367,18.9652,47.3614,1.64707,7.21608,113.308,7.93159,3.3153,2.39242,1.32757,0.20409,0.0853069,0.11878268420696259,0.252629,1.35201,0.291861,0.700291,,,4.59498,0.982265,0.910391,619.9099731445312,3.17566,0.0268861,0.941673,3.17566,-0.0268861,3.74444,457.29999999999984,3.544961240310076,462,3.5813953488372094,,,,,,,,,,,,,,,,,,,"Davis Martin","21448",663436
"Chase Dollander","COL",3.59615,5.39668,5.98248,4.89683,17.0917,17.0917,0,0,0,93.1342,408.578,93.2976,55.0801,50.6736,12.8671,38.2095,0,6.04984,87.0339,8.41049,3.69236,2.27781,1.24341,0.213017,0.0935183,0.11949850618839264,0.256088,1.41202,0.30418,0.673407,,,4.51918,0.975586,0.956924,999,4.89475,-0.0694263,0.740624,4.89475,0.0694263,4.0125,328.50000000000006,3.5322580645161294,338,3.6344086021505375,,,,,,,,,,,,,,,,,,,"Chase Dollander","sa3023361",801403
"Frankie Montas","NYM",5.61365,5.74995,6.0668,4.35173,17.8163,17.1593,0,0.187536,0,89.8812,384.78,84.926,47.2389,43.4598,12.3139,34.5443,0.701373,3.4857,85.5005,8.56135,3.45899,2.4751,1.23301,0.222206,0.0897766,0.13242944329977036,0.24492,1.3292,0.29169,0.706551,,,4.31432,0.968759,0.877981,490.04998779296875,3.45945,0.0880755,0.273805,3.45945,-0.0880755,4.63493,355.4,3.9488888888888884,352,3.911111111111111,,,,,,,,,,,,,,,,,,,"Frankie Montas","14309",593423
"Luis Gil","NYY",5.87058,4.41437,5.44758,4.09258,19.5421,14.596,0,0.265728,0,82.3021,349.428,66.4264,40.6797,37.4253,11.2523,39.7632,1.26072,3.73986,91.2949,9.98339,4.34824,2.29596,1.23047,0.261269,0.113795,0.14747418463230133,0.217133,1.29024,0.271288,0.724375,,,4.31103,0.965379,0.944082,320.57000732421875,2.50819,3.63538,0.109805,2.50819,-3.63538,4.85359,349.9,4.267073170731707,317,3.8658536585365852,,,,,,,,,,,,,,,,,,,"Luis Gil","21052",661563
"Joey Cantillo","CLE",4.65476,5.23803,4.55414,4.07675,23.7071,13.9329,0,0.754683,0,82.936,355.265,72.9644,40.8345,37.5677,9.79389,37.9537,0.797301,3.00311,86.6197,9.39974,4.11863,2.28225,1.06281,0.243817,0.106832,0.13698508590459824,0.232143,1.33739,0.289913,0.720976,,,4.09432,0.963064,0.861084,468.5299987792969,1.71499,1.4157,0.253786,1.71499,-1.4157,4.66162,356.40000000000003,4.2939759036144585,340,4.096385542168675,,,,,,,,,,,,,,,,,,,"Joey Cantillo","23335",676282
"Orion Kerkering","PHI",4.22963,2.79837,0,3.01722,58.1714,0.171937,6.07924,14.421,2.07629,60.7789,249.275,50.5464,22.1478,20.3759,4.67305,18.003,0.631822,3.85934,69.7449,10.3277,2.66585,3.87406,0.691975,0.27979,0.0722214,0.2075689509510994,0.222267,1.12785,0.299835,0.748328,,,2.95007,0.960835,1.04881,308.5,2.69561,0.00605092,1.02625,2.69561,-0.00605092,3.63166,417.30000000000007,6.840983606557378,400,6.557377049180328,,,,,,,,,,,,,,,,,,,"Orion Kerkering","31776",689147
"Zebby Matthews","MIN",4.15849,4.24539,3.75005,4.22035,27.2641,12.0606,0,0.781088,0,77.3586,321.062,77.32,39.43,36.2756,12.0635,15.7135,0.715512,2.91473,73.2691,8.52422,1.82812,4.66282,1.40348,0.228209,0.0489422,0.17926660180091858,0.255659,1.20263,0.300581,0.703969,,,4.02187,0.947762,0.663044,395.80999755859375,2.7522,-1.52978,0.473508,2.7522,1.52978,4.36866,315.00000000000006,4.090909090909092,322,4.181818181818182,,,,,,,,,,,,,,,,,,,"Zebby Matthews","31827",805673
"Hayden Birdsong","SFG",6.82045,6.49149,5.2333,4.1833,31.9968,18.1732,0,0.94332,0,103.45,444.56,88.8805,52.2658,48.0845,12.9839,49.0811,0.992154,5.55978,113.349,9.86122,4.27,2.30942,1.12958,0.254969,0.110404,0.14456486701965332,0.227946,1.33361,0.287938,0.715418,,,4.19128,0.946272,1.06011,419.8299865722656,2.40387,-0.656728,0.557028,2.40387,0.656728,4.2573,435.9000000000001,4.2320388349514575,411,3.9902912621359223,,,,,,,,,,,,,,,,,,,"Hayden Birdsong","31635",806185
"Griffin Jax","MIN",5.07473,4.36795,0.195936,3.15451,61.5761,0.267947,6.97266,16.6365,4.97027,65.4162,264.174,53.4909,24.9222,22.9284,6.17169,17.4742,1.4175,2.84806,76.5054,10.5257,2.40411,4.3782,0.849104,0.289602,0.0661464,0.2234557718038559,0.219358,1.08482,0.293589,0.738758,,,2.98591,0.934251,0.873642,294.1199951171875,1.55812,-0.213248,0.951672,1.55812,0.213248,3.7311,466.40000000000003,7.1753846153846155,444,6.8307692307692305,,,,,,,,,,,,,,,,,,,"Griffin Jax","20253",643377
"Bubba Chandler","PIT",5.35906,5.957,4.98574,4.42929,16.798,16.7615,0,0,0,88.1989,379.679,83.269,47.181,43.4065,10.9656,35.3611,0,4.3902,81.3463,8.30075,3.60832,2.30044,1.11895,0.21425,0.0931342,0.12111592292785645,0.244961,1.34503,0.291998,0.691812,,,4.29024,0.933514,0.91333,305.57000732421875,4.02314,2.05099,0.312389,4.02314,-2.05099,4.58348,345.1000000000001,3.92159090909091,342,3.8863636363636362,,,,,,,,,,,,,,,,,,,"Bubba Chandler","sa3017428",696149
"Matt Strahm","PHI",4.82272,2.72239,0,3.23231,56.4872,0.432686,4.16351,14.5871,4.24322,59.1877,237.573,47.1383,23.1055,21.257,6.80523,15.0075,1.14825,3.32642,70.7892,10.7641,2.28201,4.71694,1.03479,0.297968,0.0631698,0.2347981408238411,0.215008,1.04998,0.284747,0.741951,,,3.19843,0.932951,0.834478,515.7100219726562,2.11039,0.79271,0.99805,2.11039,-0.79271,3.66927,396.3,6.716949152542373,372,6.305084745762712,,,,,,,,,,,,,,,,,,,"Matt Strahm","13799",621381
"Lance Lynn",,5.84457,6.50204,6.59601,4.52488,17.6024,17.6024,0,0,0,99.5074,425.203,97.2124,54.3791,50.0288,16.0786,34.083,0.565562,4.3416,93.6734,8.47234,3.08265,2.74839,1.45424,0.220303,0.0801569,0.14014562219381332,0.251338,1.31945,0.292873,0.707046,,,4.54275,0.931952,0.809451,610.4099731445312,2.96154,-1.41885,0.485314,2.96154,1.41885,4.35291,365.00000000000006,3.6500000000000004,366,3.66,,,,,,,,,,,,,,,,,,,"Lance Lynn","2520",458681
"Yariel Rodríguez","TOR",3.70558,5.63371,3.71521,4.16412,39.0947,13.0238,0,1.74109,0,88.9682,380.246,76.336,44.7432,41.1638,11.0844,40.4005,1.03134,4.6117,92.5246,9.35977,4.08691,2.29018,1.1213,0.243329,0.106249,0.13707998394966125,0.22771,1.31212,0.281713,0.711267,,,4.224,0.925934,0.666978,581.9000244140625,4.02168,-0.994281,0.2488,4.02168,0.994281,4.66827,384.69999999999993,4.322471910112359,361,4.056179775280899,,,,,,,,,,,,,,,,,,,"Yariel Rodriguez","33838",684320
"Javier Assad","CHC",6.05102,5.34276,6.11235,4.2285,31.5614,20.4526,0,0.46238,0,120.508,519.521,117.019,61.542,56.6186,15.6647,46.819,1.14159,5.00489,100.141,7.47888,3.49662,2.13889,1.1699,0.192755,0.0901194,0.10263597965240479,0.250203,1.35956,0.288027,0.720865,,,4.4845,0.924998,1.18516,648.7100219726562,2.02786,-0.0725684,0.705984,2.02786,0.0725684,4.05869,438.40000000000015,3.6231404958677698,441,3.644628099173554,,,,,,,,,,,,,,,,,,,"Javier Assad","21741",665871
"Félix Bautista","BAL",3.91142,2.4527,0,2.69533,51.8385,0,26.7882,2.14433,4.19789,55.3423,223.98,37.7749,18.0152,16.574,5.20519,22.8388,1.02538,2.32018,79.9805,13.0068,3.71414,3.50196,0.84649,0.357088,0.101968,0.2551196962594986,0.189995,1.09525,0.286616,0.798825,,,2.86261,0.905293,1.03874,63.790000915527344,2.84164,0.67587,1.85609,2.84164,-0.67587,2.52522,474.7,8.63090909090909,438,7.963636363636364,,,,,,,,,,,,,,,,,,,"Felix Bautista","20666",642585
"Gerrit Cole","NYY",3.72352,2.64689,4.23721,3.7836,9.0465,9.0465,0,0,0,54.2754,222.348,47.5031,24.8015,22.8174,7.80981,14.9303,0.310882,1.9732,56.2516,9.3277,2.47575,3.76762,1.29503,0.252989,0.0671482,0.18584094941616058,0.231221,1.15031,0.28075,0.73072,,,3.89857,0.898768,0.864676,148.97000122070312,5.3096,0.742276,0.839432,5.3096,-0.742276,3.88076,237.40000000000003,4.396296296296297,227,4.203703703703703,,,,,,,,,,,,,,,,,,,"Gerrit Cole","13125",543037
"Mitch Spence","ATH",6.02256,7.36902,6.77478,4.51033,26.7398,20.2004,0,0.36895,0,121.42,520.963,125.589,66.1405,60.8493,17.5369,36.7436,0.943982,5.29863,96.3753,7.14362,2.72354,2.62291,1.29989,0.184995,0.0705302,0.11446437239646912,0.262233,1.33695,0.296025,0.698151,,,4.49539,0.882601,0.832283,571.1599731445312,3.06669,-0.683429,0.749322,3.06669,0.683429,4.0009,412.4000000000001,3.408264462809918,437,3.6115702479338845,,,,,,,,,,,,,,,,,,,"Mitch Spence","27707",687765
"Dustin May","LAD",4.46969,3.26036,3.60083,3.61638,35.3969,6.91219,0,1.84213,0,69.0211,287.54,59.1675,30.1457,27.734,6.96796,23.5806,0.563011,3.94076,67.467,8.79735,3.07479,2.86113,0.908587,0.234635,0.0820079,0.15262705087661743,0.227551,1.19888,0.281272,0.72065,,,3.72013,0.872651,0.999549,379.1400146484375,3.66698,0.0168394,0.687614,3.66698,-0.0168394,4.08318,329.1,4.769565217391305,312,4.521739130434782,,,,,,,,,,,,,,,,,,,"Dustin May","19716",669160
"Jeff Hoffman","TOR",3.39863,2.41472,0,3.08556,60.4645,0,25.7886,4.74588,2.9111,62.0191,252.782,48.1591,23.1116,21.2626,6.72339,21.1646,1.37375,3.04124,76.7966,11.1445,3.07133,3.62854,0.975676,0.303805,0.0837264,0.2200784981250763,0.210691,1.11778,0.285652,0.771347,,,3.27013,0.858861,0.907042,98.72000122070312,2.08068,-0.659417,1.82546,2.08068,0.659417,2.56606,479.8999999999999,7.74032258064516,451,7.274193548387097,,,,,,,,,,,,,,,,,,,"Jeff Hoffman","17432",656546
"Aaron Bummer","ATL",4.61249,2.79227,0,3.47798,60.3102,0,0.984053,12.3072,3.5459,62.0332,264.879,56.1595,26.0568,23.9723,3.51845,25.1185,1.52848,3.08441,71.2439,10.3363,3.64428,2.83631,0.510469,0.268968,0.09483,0.17413756996393204,0.237284,1.31023,0.325118,0.723243,,,2.97079,0.858203,0.702928,745.5900268554688,4.15805,-0.999432,0.642976,4.15805,0.999432,4.1427,374.9999999999999,6.048387096774191,369,5.951612903225806,,,,,,,,,,,,,,,,,,,"Aaron Bummer","16258",607481
"Michael Lorenzen","KCR",7.6893,8.10772,8.44368,4.44535,38.526,21.4563,0.0011673,0.283919,0,135.058,585.007,129.68,72.5097,66.7089,17.4332,56.8046,0.751503,5.50318,104.999,6.99692,3.78535,1.84842,1.16172,0.179483,0.0971009,0.08238227665424347,0.248097,1.38078,0.28043,0.703211,,,4.67367,0.854279,0.880678,551.8099975585938,5.34435,0.983192,1.19493,5.34435,-0.983192,3.40675,472.9,3.502962962962963,475,3.5185185185185186,,,,,,,,,,,,,,,,,,,"Michael Lorenzen","14843",547179
"Jordan Montgomery","ARI",6.4927,5.79826,6.66174,4.30436,30.8456,15.5903,0.142834,0.844398,0,104.443,446.721,107.993,54.2947,49.9511,12.598,31.7612,1.00553,3.03781,82.3523,7.09641,2.73691,2.59286,1.08559,0.184348,0.0710985,0.11324991285800934,0.262168,1.33809,0.300956,0.699816,,,4.15713,0.853614,1.01644,494.19000244140625,2.3716,-1.11982,0.490097,2.3716,1.11982,4.34654,391.90000000000003,3.768269230769231,414,3.980769230769231,,,,,,,,,,,,,,,,,,,"Jordan Montgomery","16511",656756
"Osvaldo Bido","ATH",5.15094,6.38717,5.50034,4.43268,31.1283,14.1459,0,1.14624,0,94.9793,408.045,86.0303,50.8469,46.7792,12.5587,38.1931,1.92002,7.43209,88.4794,8.38409,3.61908,2.31664,1.19004,0.216837,0.0936001,0.1232372522354126,0.237377,1.3079,0.281089,0.688069,,,4.4634,0.84499,0.60998,445.3399963378906,1.55258,-0.837556,0.28884,1.55258,0.837556,4.61488,364.5,3.836842105263158,351,3.694736842105263,,,,,,,,,,,,,,,,,,,"Osvaldo Bido","23150",674370
"Luis L. Ortiz","CLE",7.68928,7.56669,7.47043,4.33832,31.4892,22.472,0.0466514,0.849729,0.606049,141.074,604.525,135.468,73.9158,68.0026,19.4218,51.8931,1.47637,6.63856,116.149,7.40986,3.31059,2.23823,1.23904,0.192132,0.0858412,0.10629081726074219,0.248114,1.32811,0.282749,0.708278,,,4.55427,0.835131,1.08322,382.92999267578125,4.8248,-0.0126145,0.984738,4.8248,0.0126145,3.68702,517.7,3.671631205673759,517,3.6666666666666665,,,,,,,,,,,,,,,,,,,"Luis L. Ortiz","27646",682847
"Paul Blackburn","NYM",5.36666,5.31656,5.4203,4.40196,35.7485,13.7639,0,0.616529,0,97.7641,418.198,98.4674,51.9751,47.8171,13.1236,31.278,0.83381,3.9589,82.7838,7.62094,2.8794,2.64671,1.20813,0.197954,0.0747923,0.12316137552261353,0.257121,1.32713,0.29731,0.69829,,,4.2993,0.832884,0.647965,652.0900268554688,3.63916,-0.0893291,0.33283,3.63916,0.0893291,4.55623,375.50000000000006,3.831632653061225,386,3.938775510204082,,,,,,,,,,,,,,,,,,,"Paul Blackburn","14739",621112
"Ben Brown","CHC",2.74585,2.2354,1.54124,3.58045,24.9938,4.41102,0,2.07687,0,47.5824,196.901,38.9261,20.5756,18.9296,4.80687,17.6176,0.663934,1.89216,55.1689,10.435,3.3323,3.13146,0.909199,0.280187,0.0894747,0.190712071955204,0.219437,1.18833,0.290587,0.722046,,,3.39095,0.830343,0.649035,418.69000244140625,1.91466,1.12502,0.912768,1.91466,-1.12502,3.78298,250.30000000000004,5.2145833333333345,233,4.854166666666667,,,,,,,,,,,,,,,,,,,"Ben Brown","23590",676962
"Tanner Scott","LAD",5.28725,3.61873,0,2.95535,63.2636,0,21.3429,6.41168,3.92587,65.8396,275.658,49.9798,23.4999,21.6199,4.94834,30.8885,1.9679,3.07747,80.5679,11.0133,4.22232,2.60835,0.676417,0.292275,0.112053,0.18022121489048004,0.206791,1.22826,0.288337,0.775871,,,3.24379,0.827612,1.18587,111.66000366210938,2.77804,0.355033,1.46678,2.77804,-0.355033,3.0443,485.9000000000001,7.362121212121213,454,6.878787878787879,,,,,,,,,,,,,,,,,,,"Tanner Scott","17586",656945
"Clayton Kershaw","LAD",4.05729,2.49418,3.83546,3.74586,10.5036,10.2416,0,0,0,53.8578,224.183,50.5821,24.3652,22.416,6.94783,15.13,0.617734,1.91432,49.9798,8.35196,2.52832,3.30336,1.16103,0.222942,0.0674895,0.15545273572206497,0.244195,1.2201,0.290487,0.738533,,,3.93694,0.819032,0.960193,541.9000244140625,3.65422,0.356655,0.772096,3.65422,-0.356655,3.97054,229.9,4.257407407407407,228,4.222222222222222,,,,,,,,,,,,,,,,,,,"Clayton Kershaw","2036",477132
"Alec Marsh","KCR",5.58998,6.91747,4.9258,4.61599,25.6051,16.3364,0,0.259428,0,93.8871,404.936,91.3632,52.3409,48.1536,13.7045,34.1137,0.887002,6.24802,90.6987,8.69437,3.27013,2.65872,1.31372,0.223983,0.0842445,0.13973822444677353,0.250602,1.33647,0.29849,0.688076,,,4.42168,0.814997,0.529133,660.52001953125,2.46964,-1.57825,0.500631,2.46964,1.57825,4.33249,348.80000000000007,3.7106382978723413,350,3.723404255319149,,,,,,,,,,,,,,,,,,,"Alec Marsh","27451",679525
"Marcus Stroman","NYY",6.08754,6.68655,6.01105,4.44213,26.7012,18.218,0.118335,2.17141,0.070122,110.344,477.768,111.649,59.1981,54.4622,13.598,40.593,0.508407,4.52227,85.3949,6.9651,3.31091,2.10368,1.1091,0.178737,0.0849639,0.09377311170101166,0.258058,1.37971,0.293866,0.698504,,,4.4473,0.812112,0.828051,521.1400146484375,1.73923,0.438276,0.728357,1.73923,-0.438276,4.02886,390.59999999999997,3.550909090909091,408,3.709090909090909,,,,,,,,,,,,,,,,,,,"Marcus Stroman","13431",573186
"Jonathan Cannon","CHW",6.49665,10.5563,9.00812,4.7857,29.6246,26.2185,0.0554114,0.300251,0,152.67,659.962,156.893,88.2409,81.1817,22.7789,52.4328,1.00839,6.36552,112.885,6.65462,3.09094,2.15294,1.34283,0.171048,0.0794482,0.09159935265779495,0.260982,1.37109,0.288107,0.682416,,,4.78271,0.808941,0.662522,673.3300170898438,2.9324,-1.83226,1.58496,2.9324,1.83226,2.88673,493.1000000000001,3.2228758169934646,518,3.3856209150326797,,,,,,,,,,,,,,,,,,,"Jonathan Cannon","31730",686563
"Chris Martin","TEX",3.51866,1.7392,0,3.25129,54.186,0,14.9776,8.89722,4.06915,56.5648,229.31,53.2569,22.2112,20.4343,5.88264,9.2002,1.16741,2.3856,58.475,9.30393,1.46384,6.35584,0.935983,0.255004,0.0401212,0.21488267928361893,0.244607,1.10417,0.308896,0.742252,,,3.06539,0.80833,0.77301,283.6700134277344,2.81603,0.205544,1.36358,2.81603,-0.205544,3.18189,404.2,7.091228070175438,401,7.035087719298246,,,,,,,,,,,,,,,,,,,"Chris Martin","11847",455119
"Robert Garcia","TEX",4.1312,3.54322,0,3.35913,61.4246,0,8.5908,14.2375,3.36031,62.6851,259.229,53.1948,25.4309,23.3964,6.04687,21.3707,1.60846,2.24969,69.7548,10.015,3.06829,3.26404,0.868178,0.269086,0.0824394,0.18664631992578506,0.225776,1.18952,0.295031,0.743339,,,3.32538,0.804005,0.782004,494.9800109863281,2.9511,-1.63292,0.917752,2.9511,1.63292,3.77633,426.6000000000001,6.771428571428573,409,6.492063492063492,,,,,,,,,,,,,,,,,,,"Robert Garcia","23363",676395
"Keegan Akin","BAL",3.52215,2.32094,0,3.49269,60.39,0.440745,0.653028,11.5478,1.30305,67.8513,276.763,58.2819,28.6212,26.3315,8.21208,18.9301,1.63925,2.10361,75.519,10.0171,2.51095,3.98935,1.08927,0.272865,0.0683984,0.20446698367595673,0.227905,1.13796,0.291107,0.739417,,,3.44385,0.798904,0.552647,687.9000244140625,2.65835,-1.10983,0.866709,2.65835,1.10983,3.84439,396.00000000000006,5.8235294117647065,378,5.5588235294117645,,,,,,,,,,,,,,,,,,,"Keegan Akin","19362",669211
"Bryan Abreu","HOU",3.4995,2.43662,0,3.15244,68.0826,0,4.53352,22.3278,4.05645,71.1833,295.611,54.5296,27.1016,24.9334,7.19209,29.5777,0.730119,4.27948,92.6126,11.7094,3.73963,3.13117,0.909326,0.313292,0.100056,0.21323616802692413,0.208324,1.18156,0.292299,0.769948,,,3.30476,0.77878,0.962259,451.4700012207031,1.63565,-0.882458,0.890808,1.63565,0.882458,3.81226,493.29999999999995,6.947887323943661,461,6.492957746478873,,,,,,,,,,,,,,,,,,,"Bryan Abreu","16609",650556
"Josh Hader","HOU",4.68137,4.13479,0,3.21676,61.1214,0,33.1066,0.833178,4.16586,62.4744,253.141,44.0294,24.2711,22.3294,7.79701,24.6578,0.757082,2.65323,87.4267,12.5946,3.55219,3.54559,1.12323,0.345368,0.0974076,0.247960165143013,0.194967,1.09945,0.277417,0.768825,,,3.30159,0.775407,0.794835,40.029998779296875,1.50757,1.48934,2.10034,1.50757,-1.48934,2.19955,505,8.14516129032258,465,7.5,,,,,,,,,,,,,,,,,,,"Josh Hader","14212",623352
"Cade Povich","BAL",5.18038,5.40681,4.66033,4.43335,21.1258,15.3093,0,0.791926,0,85.551,365.067,80.1292,45.8064,42.1419,12.1032,32.672,1.10621,3.31265,79.1833,8.33011,3.4371,2.42359,1.27326,0.216901,0.0894957,0.1274048164486885,0.243493,1.31853,0.286069,0.698905,,,4.41636,0.774184,0.508513,481.2799987792969,2.07958,-1.91519,0.221504,2.07958,1.91519,4.70466,334.79999999999995,3.893023255813953,328,3.813953488372093,,,,,,,,,,,,,,,,,,,"Cade Povich","30055",700249
"Kyle Hendricks","LAA",4.9214,8.22886,6.54898,5.0396,21.6436,21.6436,0,0,0,116.117,502.245,126.379,70.674,65.0201,19.2265,33.5553,0.622589,4.41186,80.7677,6.26017,2.60082,2.407,1.49021,0.160813,0.0668106,0.09400255978107452,0.272206,1.37736,0.294146,0.671044,,,4.90878,0.773894,0.182157,699.9099731445312,2.45277,-0.606075,1.12972,2.45277,0.606075,3.49371,345.1,2.975,381,3.2844827586206895,,,,,,,,,,,,,,,,,,,"Kyle Hendricks","12049",543294
"Lucas Erceg","KCR",3.59141,3.51621,0,3.53513,60.8353,0,13.7416,14.9761,4.25227,64.7844,273.632,55.8005,27.6596,25.4468,4.97658,24.2631,1.34039,4.71369,73.6037,10.2252,3.37069,3.03356,0.691359,0.268988,0.0886707,0.18031737208366394,0.228078,1.23585,0.306031,0.716917,,,3.23469,0.773822,0.605981,200.77999877929688,2.76562,-0.460134,1.1051,2.76562,0.460134,3.52653,464.9,7.152307692307692,451,6.938461538461539,,,,,,,,,,,,,,,,,,,"Lucas Erceg","19360",668674
"Colin Rea","CHC",7.07371,6.97798,6.25105,4.58195,29.0753,18.5659,0.16855,0.531143,0,116.283,493.754,117.815,64.3483,59.2004,18.3267,32.0652,1.01379,5.48918,92.4255,7.15347,2.48176,2.88242,1.41843,0.187189,0.0649417,0.1222476065158844,0.258254,1.28893,0.287999,0.688537,,,4.59454,0.769178,0.689524,594.8099975585938,2.25552,0.678462,0.749229,2.25552,-0.678462,4.00103,407.2000000000001,3.510344827586208,423,3.646551724137931,,,,,,,,,,,,,,,,,,,"Colin Rea","12317",607067
"Andrés Muñoz","SEA",3.83814,3.78662,0,2.7311,57.3745,0,26.6193,4.38637,4.95597,59.6333,243.487,43.5756,19.6696,18.0961,4.86096,23.1562,1.93567,3.31652,76.116,11.4876,3.4948,3.28706,0.733629,0.312608,0.0951025,0.21750514954328537,0.200796,1.11904,0.284588,0.785332,,,3.00514,0.764365,1.00807,61.90999984741211,2.07149,-0.0449294,1.87852,2.07149,0.0449294,2.4953,493.1,8.218333333333334,460,7.666666666666667,,,,,,,,,,,,,,,,,,,"Andres Munoz","20373",662253
"Andrew Painter","PHI",3.52154,2.75739,3.78373,4.22825,15.7586,10.4421,0,0.439294,0,61.3901,259.09,56.259,31.3494,28.8414,8.19957,21.742,0.439489,2.62805,60.2942,8.83934,3.18745,2.77317,1.20208,0.232715,0.0839167,0.14879829436540604,0.239685,1.27058,0.28912,0.7013,,,4.12944,0.759224,0.661612,999,3.67228,0.823703,0.480079,3.67228,-0.823703,4.35989,252.40000000000012,4.137704918032789,246,4.032786885245901,,,,,,,,,,,,,,,,,,,"Andrew Painter","sa3017880",691725
"Raisel Iglesias","ATL",4.61682,2.92201,0,3.15085,64.3604,0,33.792,0.721894,4.4156,66.6381,268.906,56.5833,25.3583,23.3297,7.18784,16.0412,1.58705,2.36424,71.8951,9.71,2.16649,4.48191,0.970774,0.267362,0.0596536,0.20770828053355217,0.225881,1.08983,0.288159,0.755515,,,3.23953,0.741876,1.08043,52.5,2.47681,0.374178,2.22819,2.47681,-0.374178,2.02908,525.5,7.843283582089552,508,7.582089552238806,,,,,,,,,,,,,,,,,,,"Raisel Iglesias","17130",628452
"Devin Williams","NYY",4.72255,2.9952,0,2.86627,55.7659,0,31.351,2.07811,3.89343,58.2956,239.879,40.1837,20.1801,18.5656,5.1263,27.0828,1.25376,3.03683,79.2962,12.2422,4.1812,2.92792,0.791428,0.330568,0.112902,0.21766571700572968,0.19157,1.15389,0.279705,0.783603,,,3.13918,0.734119,1.06444,40.86000061035156,3.84753,0.488494,2.05399,3.84753,-0.488494,2.26135,494.70000000000005,8.529310344827588,456,7.862068965517241,,,,,,,,,,,,,,,,,,,"Devin Williams","15816",642207
"Jeremiah Estrada","SDP",4.11228,2.89037,0,3.31192,58.6567,0,3.64574,16.6581,2.21678,60.5277,250.305,46.5765,24.2105,22.2737,6.76532,25.5441,1.56354,2.04842,83.1676,12.3664,3.79821,3.25584,1.00595,0.332265,0.102052,0.23021329194307327,0.209133,1.19153,0.29983,0.764736,,,3.23903,0.723312,0.806937,442.1000061035156,2.13129,-1.48427,0.747035,2.13129,1.48427,4.00395,413.1000000000001,6.772131147540985,384,6.295081967213115,,,,,,,,,,,,,,,,,,,"Jeremiah Estrada","22210",669093
"A.J. Puk","ARI",4.46183,4.01727,0,3.35635,59.5178,0.212565,13.2415,11.7928,3.56684,62.9247,259.35,52.2574,25.5069,23.4664,6.38024,21.1623,1.65186,2.94434,75.1807,10.7529,3.02681,3.55257,0.912553,0.289881,0.0815974,0.2082831934094429,0.222141,1.16679,0.298518,0.742979,,,3.24438,0.723068,0.769635,237.89999389648438,3.54331,-1.00934,1.04868,3.54331,1.00934,3.60176,448.2000000000001,7.114285714285716,428,6.7936507936507935,,,,,,,,,,,,,,,,,,,"A.J. Puk","19343",640462
"Kyle Wright","KCR",4.97237,4.64475,4.52387,4.32144,25.5203,11.3294,0,0.535471,0,74.9089,323.405,74.32,39.0959,35.9682,8.79095,26.4958,0.365235,4.60455,65.7116,7.89499,3.18336,2.48008,1.0562,0.203187,0.0819275,0.12125919759273529,0.254255,1.34585,0.300865,0.697333,,,4.18318,0.721339,0.595746,696.030029296875,2.07843,-1.92103,0.262075,2.07843,1.92103,4.65057,294.9,3.9319999999999995,301,4.013333333333334,,,,,,,,,,,,,,,,,,,"Kyle Wright","19665",657140
"Luis Garcia","HOU",5.50709,4.70146,4.31872,4.19602,27.0064,11.4447,0.96869,4.28769,1.99786,79.9899,334.963,74.1539,40.5361,37.2932,11.8175,25.5477,0.435331,2.49081,77.924,8.76756,2.87448,3.05014,1.32964,0.232635,0.0762703,0.15636439621448517,0.241603,1.24643,0.287022,0.711491,,,4.19031,0.716849,0.582433,497.07000732421875,0,0,0.251949,0,0,4.66407,345,4.3125,337,4.2125,,,,,,,,,,,,,,,,,,,"Luis Garcia","23735",677651
"Justin Martinez","ARI",3.84414,3.28981,0,3.277,61.4101,0,19.4042,10.3769,2.96185,66.5705,285.347,53.5201,26.3468,24.239,4.01588,34.1218,3.11136,3.81868,82.2692,11.1224,4.6131,2.41104,0.542927,0.288313,0.11958,0.1687326729297638,0.216325,1.31653,0.307248,0.747322,,,3.18885,0.713202,0.989027,185.39999389648438,2.69563,-1.20614,1.45385,2.69563,1.20614,3.06154,491.19999999999993,7.331343283582089,468,6.985074626865671,,,,,,,,,,,,,,,,,,,"Justin Martinez","24453",679885
"Austin Gomber","COL",6.27577,10.2376,9.07976,5.18887,26.7347,26.7347,0,0,0,149.109,646.729,167.382,93.4429,85.9675,26.9945,41.7995,1.60897,3.63971,105.093,6.34324,2.52296,2.51421,1.62935,0.162499,0.0646322,0.09786678105592728,0.278372,1.40288,0.299205,0.675297,,,5.02459,0.710087,1.10373,745.6400146484375,2.46659,0.35371,2.03622,2.46659,-0.35371,2.28504,408.3000000000001,2.7402684563758397,466,3.12751677852349,,,,,,,,,,,,,,,,,,,"Austin Gomber","16561",596295
"Will Warren","NYY",3.57633,4.81611,3.48609,4.46875,31.6554,10.5524,0,0.601765,0,75.918,326.094,73.8547,40.9732,37.6954,9.6014,27.372,1.15242,3.94583,75.4442,8.94383,3.24492,2.75625,1.13824,0.231357,0.083939,0.14741818606853485,0.250545,1.33337,0.306361,0.686378,,,4.06065,0.703311,0.405437,470.2200012207031,4.54904,-0.926274,0.214565,4.54904,0.926274,4.71391,308,4.052631578947368,311,4.092105263157895,,,,,,,,,,,,,,,,,,,"Will Warren","30182",701542
"Gregory Santos","SEA",2.26947,2.01208,0,3.34522,48.4292,0,2.61783,11.783,2.88246,52.7483,221.483,47.4085,21.311,19.6061,3.85103,17.4019,0.763557,3.20603,52.7967,9.00825,2.96914,3.03396,0.657068,0.238377,0.0785697,0.15980776399374008,0.236009,1.22867,0.302005,0.73208,,,3.2858,0.687763,0.515012,717.7100219726562,3.22589,-0.524651,1.02098,3.22589,0.524651,3.63869,329.80000000000007,6.222641509433964,322,6.0754716981132075,,,,,,,,,,,,,,,,,,,"Gregory Santos","21894",666619
"Matt Waldron","SDP",3.74083,4.96997,4.7347,4.61696,19.2837,12.5661,0,0.754206,0,78.7537,333.689,78.126,43.9133,40.4003,12.1114,22.2907,0.606776,4.0989,65.4085,7.47491,2.54739,2.93434,1.38409,0.196016,0.0668008,0.12921561300754547,0.254234,1.27507,0.287296,0.677005,,,4.5099,0.685537,0.437229,576.739990234375,2.65708,-1.03934,0.385568,2.65708,1.03934,4.48591,290.2,3.6734177215189874,295,3.7341772151898733,,,,,,,,,,,,,,,,,,,"Matt Waldron","25550",663362
"Ryne Nelson","ARI",5.57842,5.09797,4.92101,4.24024,36.843,11.3684,0.0326413,0.764662,0,93.2725,392.635,93.6078,47.7655,43.9442,12.4201,24.5174,1.07743,3.08686,76.8596,7.4163,2.36572,3.13491,1.19843,0.195753,0.0624431,0.13331033661961555,0.256438,1.26645,0.294424,0.698449,,,4.13734,0.682549,0.786266,419.760009765625,2.05529,-2.19917,0.201647,2.05529,2.19917,4.73114,370.20000000000005,3.980645161290323,383,4.118279569892473,,,,,,,,,,,,,,,,,,,"Ryne Nelson","26253",669194
"Martín Pérez","CHW",6.20926,8.68993,9.55186,4.58317,26.3333,25.7985,0,0.241024,0,145.939,637.978,154.139,80.7808,74.3183,21.1113,53.3626,0.840939,5.79317,107.386,6.62241,3.29084,2.01238,1.30192,0.168322,0.0836433,0.08467844128608704,0.266297,1.42183,0.295403,0.712131,,,4.79143,0.682039,0.96868,686.8099975585938,6.16861,-1.7244,1.51824,6.16861,1.7244,2.97569,458.70000000000016,3.141780821917809,494,3.3835616438356166,,,,,,,,,,,,,,,,,,,"Martin Perez","6902",527048
"Jason Adam","SDP",4.22656,2.6397,0,3.12644,64.0599,0,6.87996,19.2706,4.34772,65.7942,267.408,49.4233,24.8431,22.8557,6.98032,21.5108,1.7129,4.99709,75.2575,10.2945,2.94247,3.49859,0.954839,0.281433,0.0804419,0.20099136233329773,0.205161,1.07812,0.267505,0.753592,,,3.4667,0.675094,0.974718,335.92999267578125,2.83666,0.636772,1.05013,2.83666,-0.636772,3.59982,454.9000000000001,6.8924242424242435,419,6.348484848484849,,,,,,,,,,,,,,,,,,,"Jason Adam","11861",592094
"Trevor Williams","WSN",6.00854,5.90241,4.71354,4.42395,37.174,17.3914,0,0.302779,0.0829946,110.168,470.838,112.075,58.8621,54.1531,16.7137,34.2892,0.854409,3.8843,89.7256,7.32999,2.8012,2.61673,1.36539,0.190566,0.072826,0.11773985624313354,0.259035,1.32856,0.292318,0.711602,,,4.54934,0.673803,0.728589,523.3599853515625,2.57479,-0.603236,0.528075,2.57479,0.603236,4.2959,379.7,3.4518181818181817,395,3.590909090909091,,,,,,,,,,,,,,,,,,,"Trevor Williams","16977",592866
"Cade Cavalli","WSN",3.71261,4.3143,4.61146,4.28871,20.0356,11.5498,0,0.638908,0,69.3308,299.08,64.2052,35.9106,33.0378,8.32258,28.3861,0.445556,4.73587,65.168,8.45961,3.68486,2.29577,1.08037,0.217895,0.0949114,0.12298353016376495,0.241411,1.3355,0.290348,0.700282,,,4.28032,0.672528,0.610259,639.0499877929688,2.64794,-1.16016,0.294633,2.64794,1.16016,4.60716,280.80000000000007,4.069565217391306,276,4,,,,,,,,,,,,,,,,,,,"Cade Cavalli","27473",676917
"Sean Burke","CHW",5.45695,9.00863,7.39467,4.61848,27.0914,22.1728,0,0.32508,0,119.87,520.813,111.527,66.862,61.513,19.2635,55.7886,0.843871,4.67631,117.082,8.79067,4.18869,2.09867,1.44633,0.224806,0.107118,0.1176876574754715,0.242266,1.39581,0.28476,0.715753,,,4.81541,0.668797,0.698108,417.760009765625,2.32686,1.22135,1.10832,2.32686,-1.22135,3.52224,414.09999999999997,3.450833333333333,404,3.3666666666666667,,,,,,,,,,,,,,,,,,,"Sean Burke","29878",680732
"Cole Sands","MIN",4.7634,2.7061,0,3.67893,55.6316,0.19088,3.7376,9.98755,1.86357,62.8242,260.743,55.8518,27.9137,25.6806,6.99591,18.5576,0.737244,3.52645,68.3902,9.79738,2.6585,3.6853,1.00221,0.26229,0.0711719,0.19111787527799606,0.234024,1.18441,0.299229,0.719579,,,3.49149,0.667371,0.447851,683.47998046875,1.52384,1.48064,0.669124,1.52384,-1.48064,4.10784,361.5,5.738095238095238,351,5.571428571428571,,,,,,,,,,,,,,,,,,,"Cole Sands","21461",663485
"Ben Lively","CLE",8.67735,9.50941,7.6087,4.61132,24.3431,24.2969,0,0,0,133.057,571.437,134.872,74.1026,68.1744,21.3984,43.2647,2.20668,6.10328,104.477,7.06681,2.92643,2.41482,1.44739,0.182832,0.0757122,0.10711940377950668,0.258342,1.3388,0.28641,0.702085,,,4.79984,0.6629,0.703481,528.2100219726562,3.79351,-0.0374077,1.22303,3.79351,0.0374077,3.3693,435.9000000000001,3.277443609022557,453,3.406015037593985,,,,,,,,,,,,,,,,,,,"Ben Lively","14932",594902
"Camilo Doval","SFG",4.71296,4.13799,0,3.53627,61.6033,0,8.5054,14.6244,5.41222,63.8981,272.42,52.1994,27.2899,25.1068,4.77998,30.6741,2.01411,3.38096,76.3567,10.7548,4.32043,2.48929,0.673257,0.280291,0.112599,0.16769203543663025,0.218989,1.29696,0.301596,0.72962,,,3.34789,0.654814,0.656027,377.5,4.28811,-1.43858,0.763932,4.28811,1.43858,3.98142,431.90000000000003,6.7484375000000005,410,6.40625,,,,,,,,,,,,,,,,,,,"Camilo Doval","21992",666808
"Brant Hurter","DET",3.6133,2.56857,0.92965,3.7143,38.5484,1.30824,0,3.42978,0.75,54.1048,225.193,52.1236,24.2707,22.3291,4.60173,12.9898,0.747204,2.63441,46.3528,7.7105,2.16078,3.56838,0.76547,0.205836,0.0576832,0.1481526419520378,0.248719,1.20347,0.299607,0.696131,,,3.42505,0.644424,0.433999,634.0999755859375,2.8122,-0.423878,0.855613,2.8122,0.423878,3.85918,258.90000000000003,4.794444444444445,261,4.833333333333333,,,,,,,,,,,,,,,,,,,"Brant Hurter","30133",676428
"Aroldis Chapman","BOS",4.77979,3.59075,0,3.39735,59.4526,0,12.1907,12.8131,3.75468,59.5404,254.684,43.0534,24.4299,22.4755,5.33256,35.8733,0.800351,2.49498,87.3121,13.1979,5.42253,2.4339,0.806059,0.342825,0.140854,0.2019708752632141,0.19903,1.3256,0.305009,0.762608,,,3.33114,0.64325,0.860664,283.1000061035156,2.16845,-0.503937,0.933392,2.16845,0.503937,3.75548,442.7,7.378333333333333,407,6.783333333333333,,,,,,,,,,,,,,,,,,,"Aroldis Chapman","10233",547973
"José Alvarado","PHI",2.7544,3.01438,0,3.44484,56.7419,0,4.70867,13.2211,2.71232,57.0783,241.771,47.0141,23.7471,21.8473,4.92287,26.3168,1.62295,2.34265,65.3168,10.299,4.14958,2.48195,0.77623,0.27016,0.10885,0.16130980849266052,0.220608,1.28474,0.294608,0.746307,,,3.50535,0.641695,0.62089,582.0700073242188,1.63456,0.111298,0.877923,1.63456,-0.111298,3.82944,361.09999999999997,6.335087719298245,343,6.017543859649122,,,,,,,,,,,,,,,,,,,"Jose Alvarado","17780",621237
"Tyler Holton","DET",3.94629,2.50275,0,3.2365,59.0307,0.908949,5.94904,13.6321,1.41295,68.1727,275.777,58.3965,26.6475,24.5157,6.83114,16.3229,0.979637,2.67544,59.6792,7.8787,2.1549,3.65617,0.901831,0.216403,0.0591885,0.15721487998962402,0.227419,1.09603,0.271013,0.7378,,,3.55434,0.639762,0.863904,469.739990234375,4.10333,0.868001,1.11598,4.10333,-0.868001,3.51202,415.3,6.107352941176471,398,5.852941176470588,,,,,,,,,,,,,,,,,,,"Tyler Holton","26231",663947
"Garrett Whitlock","BOS",3.36562,2.89685,0.014365,3.73099,46.4689,0.905337,3.83888,10.1692,0.907582,58.6605,242.258,55.0471,26.4326,24.318,6.91738,14.1398,0.341627,2.37197,58.6833,9.0035,2.1694,4.15023,1.0613,0.242235,0.0583666,0.18386805057525635,0.243845,1.17945,0.300537,0.718529,,,3.54313,0.630157,0.666487,548.5700073242188,2.90004,-1.41877,0.840977,2.90004,1.41877,3.8787,337.5,5.720338983050848,334,5.661016949152542,,,,,,,,,,,,,,,,,,,"Garrett Whitlock","20191",676477
"Kevin Ginkel","ARI",5.11171,2.58386,0,3.38306,59.3867,0,5.5528,15.3287,3.5848,61.7634,256.097,54.9033,25.2354,23.2166,5.66694,18.9334,0.87385,2.52854,66.2882,9.65934,2.75893,3.50112,0.825771,0.258841,0.0739308,0.18490979075431824,0.233995,1.19548,0.302658,0.737467,,,3.2552,0.621153,0.81789,589.52001953125,1.76565,0.0451751,0.783704,1.76565,-0.0451751,3.95506,398,6.419354838709677,388,6.258064516129032,,,,,,,,,,,,,,,,,,,"Kevin Ginkel","19876",656464
"J.T. Ginn","ATH",4.03369,4.87342,4.33136,4.49824,24.1604,12.309,0,0.695988,0,78.2545,339.889,80.5743,42.513,39.112,9.53465,26.8192,1.39404,4.7749,60.7217,6.98356,3.08446,2.26411,1.09657,0.178652,0.0789058,0.09974575787782669,0.261355,1.37236,0.298438,0.689888,,,4.40972,0.618331,0.409934,746.3599853515625,2.12715,-1.21442,0.305857,2.12715,1.21442,4.59219,273.6,3.507692307692308,290,3.717948717948718,,,,,,,,,,,,,,,,,,,"J.T. Ginn","27889",669372
"Ryan Pressly","CHC",2.91296,2.75303,0,3.4823,55.6386,0,22.6025,5.98394,5.61982,57.6636,239.552,52.6101,24.2515,22.3114,5.4565,17.1275,0.497851,2.04122,59.9132,9.35111,2.67321,3.49808,0.851637,0.250106,0.0714979,0.17860767990350723,0.238721,1.20939,0.30419,0.732483,,,3.31586,0.614984,0.64355,165.42999267578125,1.49634,-0.293724,1.72884,1.49634,0.293724,2.69488,431.90000000000003,7.446551724137931,427,7.362068965517241,,,,,,,,,,,,,,,,,,,"Ryan Pressly","7005",519151
"Blake Treinen","LAD",4.78314,2.96004,0,3.3158,51.8469,0,5.83252,16.2772,3.72363,54.3781,224.074,47.1596,21.7762,20.0341,5.78153,16.2037,0.564254,2.52773,60.0581,9.94008,2.68184,3.70644,0.956888,0.268028,0.0723142,0.19571401178836823,0.229664,1.16524,0.296612,0.752447,,,3.37314,0.609684,0.635277,481.4800109863281,2.69991,-0.0662238,0.895036,2.69991,0.0662238,3.80662,360.6,6.677777777777778,349,6.462962962962963,,,,,,,,,,,,,,,,,,,"Blake Treinen","12572",595014
"Hunter Harvey","KCR",2.83732,3.30744,0,3.71232,56.069,0,2.03797,19.5903,2.83757,59.4232,247.121,53.6522,26.6422,24.5109,6.13067,17.6927,1.3405,2.85471,62.5146,9.46822,2.67967,3.53336,0.928528,0.252972,0.0715953,0.18137642741203308,0.236798,1.20062,0.300906,0.712257,,,3.44098,0.607884,0.384998,712.6699829101562,1.79675,-1.13782,0.810766,1.79675,1.13782,3.91898,375.4,6.362711864406779,370,6.271186440677966,,,,,,,,,,,,,,,,,,,"Hunter Harvey","15507",640451
"Fernando Cruz","NYY",2.97345,3.40943,0,3.72259,59.5749,0.598863,0.790651,17.2863,2.43869,61.4601,258.137,47.929,27.6317,25.4212,7.44505,28.5971,1.29335,2.76249,85.3995,12.5056,4.18766,2.9863,1.09023,0.33083,0.110783,0.22004707157611847,0.211348,1.24513,0.302269,0.739669,,,3.49296,0.605281,0.436877,714.9099731445312,3.59126,-1.09365,0.622737,3.59126,1.09365,4.16968,387.50000000000006,6.352459016393444,361,5.918032786885246,,,,,,,,,,,,,,,,,,,"Fernando Cruz","7048",518585
"Erik Miller","SFG",3.18188,3.3527,0,3.5506,57.9126,1.65267,0.568079,13.5558,2.51504,58.2488,248.691,45.2953,24.9781,22.9798,5.19206,31.7078,0.790748,2.1838,71.9508,11.1171,4.89916,2.26918,0.802224,0.289318,0.127499,0.1618194878101349,0.210873,1.32197,0.291329,0.746047,,,3.60031,0.604656,0.626869,999,3.19783,-0.289714,0.68964,3.19783,0.289714,4.08048,353.70000000000005,6.0982758620689665,328,5.655172413793103,,,,,,,,,,,,,,,,,,,"Erik Miller","26252",669062
"Michael McGreevy","STL",3.48993,3.47949,2.07485,3.80464,35.543,4.30012,0,1.0608,0,58.5038,245.645,59.0657,26.8823,24.7317,5.67148,14.435,0.864609,1.89806,46.2847,7.12026,2.22063,3.20641,0.872479,0.188421,0.0587639,0.12965739145874977,0.257578,1.25634,0.301057,0.711073,,,3.68199,0.602865,0.61231,455.6400146484375,2.94865,-1.76772,0.758499,2.94865,1.76772,3.98867,257.4,4.362711864406779,265,4.491525423728813,,,,,,,,,,,,,,,,,,,"Michael McGreevy","29869",700241
"Trevor Megill","MIL",2.77694,2.40432,0,3.52968,54.3599,0.0857004,23.6264,4.67369,3.76172,57.1951,238.536,49.3553,24.3817,22.4311,6.53682,20.4639,1.95366,2.27914,68.0816,10.7131,3.22013,3.32691,1.02861,0.285414,0.0857897,0.19962459802627563,0.228716,1.22072,0.303302,0.748958,,,3.46449,0.602092,0.615503,135.07000732421875,3.34907,-0.168903,1.75512,3.34907,0.168903,2.65983,418.29999999999995,7.33859649122807,404,7.087719298245614,,,,,,,,,,,,,,,,,,,"Trevor Megill","17722",656730
"Jack Kochanowicz","LAA",4.31538,6.35072,5.88375,4.6976,22.7774,14.1276,0,0.615062,0,91.0205,395.251,100.28,51.6398,47.5086,12.1403,23.706,1.26356,6.39504,53.6364,5.3035,2.34402,2.26257,1.20042,0.135702,0.0599771,0.07572498917579651,0.274627,1.36218,0.294415,0.676198,,,4.71398,0.600338,0.385365,693.3800048828125,2.20408,2.93314,0.476035,2.20408,-2.93314,4.36529,287.79999999999995,3.162637362637362,321,3.5274725274725274,,,,,,,,,,,,,,,,,,,"Jack Kochanowicz","27688",686799
"Michael Soroka","WSN",4.56946,7.40407,3.71238,4.54047,34.9057,13.9408,0,0.745187,1.4294,101.486,437.851,93.351,55.6512,51.1991,14.1702,43.385,1.04401,5.79206,95.7393,8.4904,3.84749,2.20674,1.25665,0.218657,0.0990862,0.11957094073295593,0.240178,1.34734,0.284042,0.693639,,,4.5486,0.596436,0.443261,449.6000061035156,3.78533,-0.769,0.524409,3.78533,0.769107,4.30079,382.40000000000003,3.7861386138613864,372,3.6831683168316833,,,,,,,,,,,,,,,,,,,"Michael Soroka","18383",647336
"A.J. Minter","NYM",3.9495,3.37284,0,3.36251,51.82,0,2.47206,14.2046,3.44405,51.5868,211.86,43.0443,20.9494,19.2734,5.82766,16.9247,1.11359,1.77294,58.7333,10.2468,2.95274,3.47026,1.01671,0.277227,0.0798866,0.1973409354686737,0.222841,1.16249,0.289397,0.753125,,,3.44535,0.589783,0.631017,680.239990234375,0.852434,-0.54061,0.904077,0.852434,0.54061,3.79456,326.2,6.273076923076923,309,5.9423076923076925,,,,,,,,,,,,,,,,,,,"A.J. Minter","18655",621345
"Will Vest","DET",3.01464,2.93145,0,3.4141,60.3917,0.336989,2.0229,13.3652,2.95392,63.0632,262.408,56.98,26.0029,23.9227,5.52162,19.2531,1.20688,2.66137,61.6896,8.80398,2.74769,3.20414,0.788012,0.23509,0.0733708,0.16171959042549133,0.236929,1.20884,0.296962,0.733257,,,3.39078,0.580234,0.645007,720.280029296875,2.07458,-0.999081,0.902167,2.07458,0.999081,3.79711,364.2000000000001,5.780952380952383,357,5.666666666666667,,,,,,,,,,,,,,,,,,,"Will Vest","19769",676684
"Drew Thorpe","CHW",4.35902,6.26099,5.80128,4.58825,16.5318,16.5318,0,0,0,91.0785,388.301,87.3627,50.47,46.4324,14.3228,32.9731,0.555881,2.92691,70.504,6.96691,3.25826,2.13823,1.41532,0.18157,0.0849162,0.09665411710739136,0.247907,1.32123,0.27297,0.69668,,,4.84512,0.567012,0.651044,718.4299926757812,2.53489,0.223156,0.336653,2.53489,-0.223156,4.55113,309.00000000000006,3.3956043956043964,307,3.3736263736263736,,,,,,,,,,,,,,,,,,,"Drew Thorpe","31967",689672
"Tyler Rogers","SFG",3.14035,3.47518,0,3.67835,66.0208,0,2.25805,20.8872,2.48012,67.7685,283.758,68.6742,30.1058,27.6973,6.35301,13.8973,1.21184,3.98054,49.123,6.52379,1.84563,3.53472,0.843712,0.173116,0.0489758,0.12413990870118141,0.25829,1.21843,0.296197,0.712102,,,3.72687,0.565664,0.560086,747.3800048828125,2.14796,-0.0798186,0.861712,2.14796,0.0798186,3.85105,388.0000000000001,5.705882352941178,400,5.882352941176471,,,,,,,,,,,,,,,,,,,"Tyler Rogers","15541",643511
"Justin Slaten","BOS",4.31376,3.13451,0,3.83635,57.9847,0,5.28294,17.1562,3.58832,64.683,272.373,59.238,29.9694,27.5719,7.39823,22.3011,0.823689,2.59074,68.176,9.48601,3.10298,3.05706,1.02939,0.250303,0.0818771,0.16842638701200485,0.239363,1.26059,0.301556,0.724481,,,3.69986,0.563539,0.533973,477.80999755859375,2.99776,1.62839,0.613419,2.99776,-1.62839,4.18211,395.5,6.084615384615384,388,5.969230769230769,,,,,,,,,,,,,,,,,,,"Justin Slaten","25648",686580
"Ben Joyce","LAA",2.93531,2.4099,0,3.36281,54.7555,0.14941,10.5582,15.1991,3.12398,58.464,247.878,46.8664,23.7443,21.8448,4.97752,26.6658,0.683325,4.21515,68.5456,10.552,4.10495,2.57054,0.766244,0.27653,0.107576,0.16895358264446259,0.215977,1.25773,0.291962,0.747973,,,3.51301,0.561148,0.659687,320.3399963378906,1.70969,-0.699485,1.07514,1.70969,0.699485,3.56648,405.50000000000006,6.991379310344828,385,6.637931034482759,,,,,,,,,,,,,,,,,,,"Ben Joyce","31461",690829
"Pete Fairbanks","TBR",2.88665,2.911,0,3.45718,50.5053,0,22.8473,3.32649,3.69921,52.1704,216.373,42.9607,21.7829,20.0403,5.3351,19.5034,0.989612,2.09291,58.0694,10.0177,3.36457,2.9774,0.920368,0.268377,0.090138,0.17823877930641174,0.220564,1.19731,0.286405,0.739726,,,3.51163,0.560178,0.526464,150.02000427246094,1.54298,0.822031,1.75569,1.54298,-0.822031,2.65908,388.5,7.471153846153846,372,7.153846153846154,,,,,,,,,,,,,,,,,,,"Pete Fairbanks","17998",664126
"Bryan Hudson","MIL",4.22868,2.30474,0,3.25657,52.4367,0,1.94588,12.9728,2.86396,60.5302,249.587,48.8289,23.8069,21.9023,6.3906,21.62,0.71312,2.99487,63.592,9.45525,3.2146,2.94135,0.950193,0.254789,0.0866233,0.16816599667072296,0.217045,1.16386,0.273815,0.758382,,,3.65778,0.560036,0.834882,999,2.61994,2.23368,0.911476,2.61994,-2.23368,3.7847,365.20000000000005,5.98688524590164,342,5.60655737704918,,,,,,,,,,,,,,,,,,,"Bryan Hudson","19924",663542
"Dylan Lee","ATL",3.71595,2.29955,0,3.201,56.2891,0,0.284269,12.6426,2.02159,60.0043,245.375,52.2409,23.1973,21.3415,7.3832,16.9613,1.81532,1.33116,68.5736,10.2853,2.54401,4.04294,1.1074,0.279464,0.0691239,0.21034013479948044,0.230052,1.15329,0.296823,0.781523,,,3.39499,0.547054,0.904154,746.8300170898438,1.00668,0.0228546,0.961539,1.00668,-0.0228546,3.71795,358.7,5.9783333333333335,345,5.75,,,,,,,,,,,,,,,,,,,"Dylan Lee","19996",669276
"Alex Vesia","LAD",3.74625,3.17328,0,3.44211,56.7478,0,1.13921,14.1071,1.76775,57.2546,238.752,44.3139,23.8015,21.8974,7.11895,25.6633,1.72402,2.16419,72.3319,11.37,4.03408,2.81849,1.11905,0.302958,0.107489,0.19546861201524734,0.210093,1.22221,0.282907,0.769457,,,3.7143,0.539256,0.589092,712.1199951171875,2.12295,0.177937,0.743211,2.12295,-0.177937,4.00905,342.29999999999995,6.005263157894736,315,5.526315789473684,,,,,,,,,,,,,,,,,,,"Alex Vesia","25007",681911
"Cal Quantrill","MIA",6.49488,8.60629,8.11304,4.86715,23.8734,22.9656,0,0.229632,0,124.929,551.425,131.651,73.4359,67.5611,17.586,48.6599,0.446461,7.57026,91.5516,6.59546,3.5055,1.88146,1.26691,0.166027,0.088244,0.07778334617614746,0.265857,1.44331,0.295462,0.686458,,,4.88109,0.538658,0.685574,724.3099975585938,1.31141,1.21866,1.46479,1.31141,-1.21866,3.04695,373.40000000000003,2.9872,404,3.232,,,,,,,,,,,,,,,,,,,"Cal Quantrill","19312",615698
"Dedniel Núñez","NYM",2.8237,1.33049,0,3.34301,41.3742,0,0.823858,9.78951,1.46651,47.2519,194.649,39.14,19.0777,17.5515,5.13123,16.4508,1.24989,1.55521,55.4959,10.5702,3.13336,3.37345,0.977338,0.285107,0.0845151,0.20059244334697723,0.221577,1.17648,0.293139,0.754292,,,3.37244,0.537911,0.568788,744.4500122070312,2.17037,2.04241,0.986785,2.17037,-2.04241,3.68429,285.9,6.0829787234042545,271,5.76595744680851,,,,,,,,,,,,,,,,,,,"Dedniel Nunez","23055",673380
"Edwin Uceta","TBR",2.92476,2.40461,0,3.69441,55.5543,0,9.91098,13.6473,1.52408,64.0282,266.742,52.7152,28.5684,26.2829,7.90403,23.5992,1.34159,3.71109,71.849,10.0993,3.31718,3.04455,1.11101,0.269358,0.0884722,0.18088576197624207,0.220168,1.19189,0.280634,0.731753,,,3.80659,0.537298,0.447657,321.2900085449219,6.07543,3.07591,0.981021,6.07543,-3.07591,3.69197,403.40000000000003,6.3031250000000005,382,5.96875,,,,,,,,,,,,,,,,,,,"Edwin Uceta","20539",670955
"Kenta Maeda","DET",2.95707,3.84774,2.34748,4.56161,33.4597,6.39654,0,1.49237,0,69.2474,290.935,67.5672,38.1497,35.0977,10.6258,19.0474,0.437033,2.81002,64.4872,8.38132,2.47556,3.38562,1.38102,0.221655,0.0654696,0.15618566423654556,0.251107,1.2508,0.293566,0.675578,,,4.2457,0.531922,0.0704765,572.3800048828125,4.25595,-0.362523,0.490025,4.25595,0.362523,4.34663,264.5,3.8333333333333335,268,3.8840579710144927,,,,,,,,,,,,,,,,,,,"Kenta Maeda","18498",628317
"Adrian Morejon","SDP",3.33076,2.74669,0,3.6118,55.632,0.0000477215,0.847052,13.5063,1.3612,59.4323,249.134,54.3385,25.9248,23.8508,6.11495,19.9434,1.07856,1.90471,62.0664,9.3989,3.02009,3.11213,0.926005,0.249128,0.0800507,0.16907751560211182,0.239075,1.24986,0.303093,0.735794,,,3.51824,0.527026,0.489054,647.780029296875,1.79501,-0.24867,0.740017,1.79501,0.24867,4.01331,341.4,5.786440677966102,336,5.694915254237288,,,,,,,,,,,,,,,,,,,"Adrian Morejon","20039",670970
"Jack Leiter","TEX",4.38461,6.0739,4.67264,4.91111,29.7144,15.3985,0,0.764451,0,96.6477,421.027,90.558,57.3246,52.7386,14.7828,43.5672,0.907595,5.65733,98.2086,9.14535,4.05705,2.25419,1.3766,0.233259,0.103478,0.12978123128414154,0.243565,1.38777,0.292782,0.677079,,,4.65055,0.524363,0.105478,486.6000061035156,4.80126,-0.866251,0.826229,4.80126,0.866251,3.89836,346.70000000000005,3.574226804123712,340,3.5051546391752577,,,,,,,,,,,,,,,,,,,"Jack Leiter","30146",683004
"Tim Herrin","CLE",3.54257,2.41004,0,3.32933,57.2498,0,0.310691,14.386,1.24586,57.7782,242.268,48.0728,23.2322,21.3736,4.57583,23.1398,1.02497,2.92116,61.2617,9.54262,3.60444,2.64746,0.712768,0.252867,0.0955131,0.15735401958227158,0.222346,1.23252,0.289266,0.740365,,,3.42861,0.521842,0.692187,750.0900268554688,1.27346,2.21903,0.867709,1.27346,-2.21903,3.84305,342.90000000000003,5.912068965517242,325,5.603448275862069,,,,,,,,,,,,,,,,,,,"Tim Herrin","25139",682120
"Hayden Wesneski","HOU",5.2662,4.96117,2.97933,4.32626,36.6124,11.1081,0,2.41485,0.636712,88.5194,373.392,82.8503,46.251,42.5509,13.5627,28.9673,0.483185,3.98267,82.3035,8.36802,2.94518,2.84126,1.37896,0.220421,0.0775788,0.14284253865480423,0.243361,1.2632,0.283298,0.70631,,,4.41545,0.521612,0.522092,400.1400146484375,2.71334,-2.86747,0.195783,2.71334,2.86747,4.73896,343.6000000000001,3.8606741573033716,336,3.7752808988764044,,,,,,,,,,,,,,,,,,,"Hayden Wesneski","27581",669713
"David Bednar","PIT",3.14155,4.05635,0,3.97274,57.906,0,22.9666,3.91518,5.31728,59.4416,250.772,53.1001,28.52,26.2384,6.58944,22.0848,1.93577,2.58558,61.8147,9.35932,3.34384,2.79898,0.997702,0.246498,0.088067,0.15843048691749573,0.23485,1.26485,0.294935,0.707476,,,3.77286,0.520831,0.27342,132.89999389648438,3.05606,-0.56651,1.7146,3.05606,0.56651,2.71387,392.7,6.65593220338983,384,6.508474576271187,,,,,,,,,,,,,,,,,,,"David Bednar","19569",670280
"Yimi García","TOR",3.10215,3.17282,0,3.73165,53.9282,0,4.52271,19.3387,3.94196,55.8282,229.317,47.4878,25.1608,23.1479,7.19688,16.5791,1.93347,2.81717,62.7379,10.1139,2.67271,3.78415,1.1602,0.273585,0.0722978,0.201287642121315,0.226217,1.14757,0.28782,0.7206,,,3.63708,0.520531,0.36883,549.9500122070312,2.23663,-0.870478,0.894733,2.23663,0.870478,3.80702,373.1000000000001,6.662500000000001,356,6.357142857142857,,,,,,,,,,,,,,,,,,,"Yimi Garcia","12095",554340
"Noah Schultz","CHW",1.61099,2.09165,2.69643,4.06412,7.22534,7.22534,0,0,0,37.0545,157.343,35.194,18.1877,16.7327,4.45769,11.9924,0,2.3276,35.3212,8.57901,2.91279,2.94529,1.08271,0.224486,0.0762187,0.14826736599206924,0.246073,1.27343,0.297706,0.708225,,,3.98332,0.519928,0.500836,999,1.93759,-0.261518,0.954393,1.93759,0.261518,3.72748,161.60000000000002,4.367567567567568,161,4.351351351351352,,,,,,,,,,,,,,,,,,,"Noah Schultz","sa3020949",702273
"Patrick Corbin",,4.01344,6.55521,5.02621,5.03301,15.0599,15.0599,0,0,0,84.2804,368.822,94.7176,51.23,47.1316,13.1427,26.5017,0.666664,2.3468,64.3449,6.87115,2.83002,2.42795,1.40346,0.17446,0.071855,0.10260539501905441,0.278603,1.43828,0.310778,0.680701,,,4.69366,0.519901,0.135159,999,10.6841,-0.79743,0.686469,10.6841,0.79743,4.08471,255.70000000000005,3.04404761904762,292,3.4761904761904763,,,,,,,,,,,,,,,,,,,"Patrick Corbin","9323",571578
"Jackson Jobe","DET",5.21931,5.53674,5.8287,4.47042,24.8974,18.921,0,0.331567,0,106.354,452.975,100.345,57.4212,52.8275,15.1621,39.0994,0.855562,4.03996,87.7297,7.42395,3.30871,2.24376,1.28306,0.193674,0.0863168,0.10735756903886795,0.244843,1.31114,0.277521,0.693835,,,4.58688,0.518965,0.694559,259.69000244140625,4.03499,0.37036,0.42201,4.03499,-0.37036,4.43732,386.9000000000001,3.650000000000001,382,3.6037735849056602,,,,,,,,,,,,,,,,,,,"Jackson Jobe","30203",695549
"Aaron Ashby","MIL",3.34625,3.74241,1.98301,4.05258,31.7221,6.05529,0,4.90115,0.374233,62.1813,271.115,57.6497,30.4341,27.9994,6.0748,29.824,0.644455,2.69395,62.125,8.99186,4.31666,2.08306,0.879255,0.229146,0.110005,0.11914140731096268,0.241619,1.40675,0.302674,0.722303,,,4.00718,0.518652,0.598816,561.0900268554688,2.69761,-0.377239,0.495845,2.69761,0.377239,4.33887,279.19999999999993,4.503225806451612,277,4.467741935483871,,,,,,,,,,,,,,,,,,,"Aaron Ashby","23550",676879
"Ian Anderson","ATL",5.54539,4.01929,4.27181,4.48844,19.1754,13.6201,0,0.695952,0,76.1564,333.62,76.189,41.283,37.9804,9.30133,33.4347,0.542401,2.38103,64.6879,7.64468,3.95124,1.93476,1.09921,0.193897,0.100218,0.09367917478084564,0.255836,1.43945,0.298853,0.707447,,,4.46629,0.511345,0.640143,560.4000244140625,2.88692,-1.65129,0.535772,2.88692,1.65129,4.28564,283.1,3.725,292,3.8421052631578947,,,,,,,,,,,,,,,,,,,"Ian Anderson","19951",666120
"Ian Hamilton","NYY",2.3543,2.38591,0,3.5123,48.7289,0.235783,2.40059,13.37,1.17792,54.7566,231.79,47.7463,23.2272,21.369,4.81424,21.6139,0.650402,2.97423,59.2617,9.74047,3.55255,2.74183,0.791287,0.25567,0.0932481,0.16242202371358871,0.230434,1.2667,0.299961,0.73671,,,3.49204,0.510041,0.585243,749.719970703125,2.33924,-0.776115,0.885223,2.33924,0.776115,3.8197,325.7,5.921818181818182,315,5.7272727272727275,,,,,,,,,,,,,,,,,,,"Ian Hamilton","19261",641656
"Kyle Hart","SDP",3.95327,3.8514,4.25415,4.50841,26.562,12.6801,0,0.74757,0,83.6856,359.49,82.0792,45.5663,41.921,11.797,29.954,1.08843,3.93134,69.7655,7.50296,3.22142,2.32909,1.26872,0.194068,0.0833237,0.11074455827474594,0.252083,1.33874,0.287992,0.695862,,,4.54648,0.494617,0.46328,489.8399963378906,4.9154,0.426321,0.249107,4.9154,-0.426321,4.66786,302.8,3.604761904761905,306,3.642857142857143,,,,,,,,,,,,,,,,,,,"Kyle Hart","19646",606996
"Brady Basso","ATH",2.40873,2.20348,0.680308,3.94498,32.2029,2.77673,0,2.32432,0,47.0058,196.073,44.0887,22.3958,20.6041,6.00839,13.6072,0.67469,1.59011,45.0886,8.63294,2.60531,3.31359,1.1504,0.229959,0.0693987,0.16055995970964432,0.243752,1.22742,0.293425,0.716257,,,3.87966,0.494605,0.416003,750.5499877929688,3.3599,-0.563868,0.863025,3.3599,0.563868,3.8493,209.6,4.459574468085107,207,4.404255319148936,,,,,,,,,,,,,,,,,,,"Brady Basso","25582",669620
"Randy Vásquez","SDP",3.3874,4.26591,3.2992,4.57388,20.615,11.3405,0,0.668848,0,67.6179,294.404,70.7845,37.3522,34.364,9.33613,22.6602,0.746053,4.1914,50.9753,6.78486,3.01609,2.24955,1.24265,0.173147,0.0769697,0.09617770463228226,0.264563,1.38195,0.296507,0.697893,,,4.64499,0.493778,0.415088,717.02001953125,3.57689,-0.500529,0.363758,3.57689,0.500529,4.51499,232.90000000000006,3.4250000000000007,248,3.6470588235294117,,,,,,,,,,,,,,,,,,,"Randy Vasquez","24719",681190
"Shinnosuke Ogasawara","WSN",2.35769,2.98345,2.98041,4.49912,28.3501,9.23018,0,0.132221,0,67.258,289.865,69.126,36.5461,33.6224,8.64981,22.0103,1.34036,3.00782,54.5114,7.29433,2.94526,2.47663,1.15746,0.188058,0.0759329,0.1121249869465828,0.261004,1.35502,0.299854,0.690783,,,4.33332,0.492509,0.263914,704.4099731445312,3.85614,0.616951,0.421894,3.85614,-0.616951,4.43747,240.69999999999996,3.5925373134328353,253,3.7761194029850746,,,,,,,,,,,,,,,,,,,"Shinnosuke Ogasawara","sa3058454",829272
"Tony Gonsolin","LAD",6.77859,4.50221,4.93466,4.44444,28.0939,14.4023,0,0.394626,0,91.3668,383.943,83.1001,49.0428,45.1194,14.187,30.8999,0.773837,4.06623,79.1213,7.79377,3.04376,2.56057,1.39748,0.206075,0.0804802,0.12559513002634048,0.238125,1.24772,0.26954,0.690019,,,4.60121,0.4902,0.595779,417.54998779296875,3.65206,0.474754,0.447015,3.65206,-0.474754,4.40398,338.40000000000003,3.7186813186813192,326,3.5824175824175826,,,,,,,,,,,,,,,,,,,"Tony Gonsolin","19388",664062
"Shawn Armstrong","TEX",2.61271,2.6286,0,4.13031,57.6272,0.628514,0.759197,9.0189,1.03709,62.9078,266.878,59.9132,31.3802,28.8698,7.76218,20.8682,0.742094,3.03538,61.3575,8.77821,2.98554,2.94024,1.11051,0.229908,0.0781937,0.15171437710523605,0.246582,1.28412,0.299968,0.706595,,,3.95977,0.489411,0.204659,999,2.53884,-0.529882,0.566886,2.53884,0.529882,4.24415,302.80000000000007,4.806349206349207,302,4.7936507936507935,,,,,,,,,,,,,,,,,,,"Shawn Armstrong","12857",542888
"Matt Brash","SEA",2.79221,1.97925,0,3.15435,35.5379,0.122136,2.57828,7.41769,1.56075,36.9323,155.555,29.8922,14.0697,12.9442,2.87825,16.3624,0.671344,1.82748,47.8396,11.658,3.98735,2.92374,0.701399,0.307541,0.105187,0.2023538127541542,0.217611,1.25242,0.311769,0.762222,,,3.06651,0.488553,0.433515,685.530029296875,2.06474,-0.00649262,1.02027,2.06474,0.00649262,3.63963,243.90000000000003,6.591891891891893,231,6.243243243243243,,,,,,,,,,,,,,,,,,,"Matt Brash","25756",666374
"AJ Smith-Shawver","ATL",3.69478,3.57973,2.84407,4.28983,30.8567,9.39448,0,0.85268,0,68.7167,292.413,60.3953,35.6018,32.7537,10.1733,29.5874,0.696091,2.46458,71.5578,9.3721,3.87514,2.41852,1.33242,0.244715,0.101184,0.1435309797525406,0.231968,1.30947,0.281151,0.717993,,,4.40771,0.48664,0.522903,474.19000244140625,2.88256,-0.777694,0.272786,2.88256,0.777694,4.63629,283.6,4.110144927536232,267,3.869565217391304,,,,,,,,,,,,,,,,,,,"AJ Smith-Shawver","29960",700363
"Porter Hodge","CHC",3.4155,3.16115,0,3.62091,56.1815,0,10.3891,15.2258,4.21866,62.4338,265.194,50.686,27.3028,25.1185,5.46382,29.5885,1.04608,3.36887,70.0752,10.1015,4.26526,2.36833,0.787625,0.264242,0.111573,0.1526685506105423,0.218251,1.28575,0.288595,0.729385,,,3.643,0.48434,0.547587,284.4700012207031,3.31854,2.3995,0.954867,3.31854,-2.3995,3.72684,415.69999999999993,6.704838709677419,396,6.387096774193548,,,,,,,,,,,,,,,,,,,"Porter Hodge","26413",687863
"Evan Phillips","LAD",3.42336,1.83602,0,3.42854,49.5672,0,4.24534,10.9213,2.52038,50.3469,206.602,42.5928,20.8474,19.1796,5.47223,15.5029,0.985896,2.10163,55.8485,9.98347,2.7713,3.60245,0.978215,0.270319,0.0750376,0.19528169184923172,0.225362,1.15391,0.290739,0.738547,,,3.4099,0.481773,0.522246,641.5700073242188,1.4479,1.64716,0.968354,1.4479,-1.64716,3.70886,318.7,6.374,307,6.14,,,,,,,,,,,,,,,,,,,"Evan Phillips","17734",623465
"Jose A. Ferrer","WSN",2.99997,2.0695,0,3.88042,58.0385,0,4.21129,18.6438,1.91176,60.1169,254.611,58.3645,28.1738,25.9199,5.24602,18.7254,1.17717,2.76725,49.8735,7.46648,2.80335,2.66342,0.785372,0.195881,0.0735452,0.12233627587556839,0.250364,1.28233,0.298421,0.701352,,,3.71423,0.47761,0.342396,627.52001953125,2.78207,-1.63445,0.792707,2.78207,1.63445,3.94306,361.7,6.028333333333333,365,6.083333333333333,,,,,,,,,,,,,,,,,,,"Jose A. Ferrer","24017",678606
"Lance McCullers Jr.","HOU",2.99996,2.30486,2.91049,3.95219,15.8772,7.0637,0,0.458252,0,46.9573,202.539,43.2623,22.4135,20.6204,5.10754,20.0596,0.281672,2.57155,44.8567,8.59741,3.8447,2.23617,0.97893,0.221472,0.0990408,0.12243130803108215,0.240469,1.3485,0.293625,0.728279,,,4.11581,0.471181,0.571407,620.4500122070312,3.22953,0.00373048,0.708012,3.22953,-0.00373048,4.05598,195.5,4.159574468085107,191,4.0638297872340425,,,,,,,,,,,,,,,,,,,"Lance McCullers Jr.","14120",621121
"Jakob Junis","CLE",2.85897,2.46591,1.65347,3.99818,35.8759,4.0474,0.151872,3.2607,0.566897,59.3369,245.266,57.2236,28.6521,26.36,8.27612,12.7082,0.787506,2.66381,54.9153,8.32935,1.92753,4.32125,1.25529,0.223901,0.0518139,0.17208709195256233,0.248913,1.17856,0.293622,0.707507,,,3.9059,0.467786,0.337857,626.52001953125,2.58274,-1.0465,0.804007,2.58274,1.0465,3.92799,264.00000000000006,4.474576271186442,265,4.491525423728813,,,,,,,,,,,,,,,,,,,"Jakob Junis","13619",596001
"DL Hall","MIL",2.41361,2.13059,1.15137,4.12795,26.3858,5.16205,0,3.82998,0.214071,47.6536,206.359,43.0265,23.7575,21.8569,5.66714,22.2172,0.614706,2.44306,51.0022,9.63243,4.196,2.29562,1.07031,0.247153,0.107663,0.13949031382799149,0.236802,1.36912,0.298805,0.723895,,,4.12442,0.464562,0.387659,699.5900268554688,2.62326,-0.508681,0.636394,2.62326,0.508681,4.15147,215.60000000000002,4.491666666666667,208,4.333333333333333,,,,,,,,,,,,,,,,,,,"DL Hall","22207",669084
"Anthony Bender","MIA",3.89335,3.01059,0,3.83125,55.6566,0,4.55908,14.863,3.50785,56.3033,239.259,52.2973,26.0522,23.968,5.3561,19.7731,1.09851,3.34628,58.2405,9.30966,3.16069,2.94545,0.856165,0.24342,0.0826427,0.16077731549739838,0.241961,1.28004,0.307724,0.712667,,,3.56621,0.463947,0.414337,682.9299926757812,2.59452,-0.65728,0.698438,2.59452,0.65728,4.06875,349.7000000000001,6.244642857142859,347,6.196428571428571,,,,,,,,,,,,,,,,,,,"Anthony Bender","19742",669622
"Tanner Banks","PHI",3.06804,2.68979,0,3.86903,57.322,0.379319,0.658469,9.35936,1.66238,64.6297,271.474,60.4384,30.1998,27.7838,7.67034,20.3271,1.3827,2.6362,63.7182,8.87307,2.83064,3.13465,1.06813,0.234712,0.0748766,0.15983538329601288,0.243202,1.24966,0.297918,0.722088,,,3.80346,0.462985,0.4361,750.2899780273438,2.40406,-0.603929,0.636899,2.40406,0.603929,4.1508,326.6,5.024615384615385,321,4.938461538461539,,,,,,,,,,,,,,,,,,,"Tanner Banks","16990",621383
"Tomoyuki Sugano","BAL",6.26378,6.70113,7.27533,4.57701,25.3717,22.7081,0,0.32678,0,130.122,553.414,135.902,71.9284,66.1741,22.305,32.7322,1.10988,6.12624,94.8048,6.55728,2.26396,2.89637,1.54275,0.171309,0.059146,0.11216292530298233,0.264115,1.29597,0.285817,0.703789,,,4.83362,0.460414,0.597759,342.1600036621094,6.28413,-0.618923,0.811237,6.28413,0.618923,3.91835,410.79999999999995,3.1599999999999997,437,3.3615384615384616,,,,,,,,,,,,,,,,,,,"Tomoyuki Sugano","sa3025685",608372
"Kenley Jansen","LAA",3.08604,2.92296,0,3.82636,53.2125,0,20.1883,2.7561,3.99729,55.0286,229.119,45.9695,25.4299,23.3955,7.32866,20.8721,1.32087,2.14471,63.426,10.3734,3.41366,3.03879,1.19861,0.276825,0.0910969,0.18572795391082764,0.223042,1.21467,0.285492,0.731896,,,3.84742,0.458033,0.394215,140.47000122070312,0.780683,-0.650934,1.53819,0.780683,0.650934,2.94909,370.29999999999995,6.732727272727272,353,6.418181818181818,,,,,,,,,,,,,,,,,,,"Kenley Jansen","3096",445276
"Reed Garrett","NYM",5.30449,4.12086,0,3.84315,56.7718,0,2.48705,14.231,3.60589,61.4929,263.972,53.6137,28.5419,26.2585,6.94227,28.8109,1.50178,2.60302,72.5933,10.6246,4.21671,2.51965,1.01606,0.275004,0.109144,0.16586025059223175,0.230539,1.34039,0.304997,0.74111,,,3.80565,0.452908,0.285498,739.7899780273438,2.9126,-0.779366,0.452827,2.9126,0.779366,4.39623,340.9000000000001,5.588524590163936,330,5.409836065573771,,,,,,,,,,,,,,,,,,,"Reed Garrett","16866",657585
"Matthew Liberatore","STL",3.29556,3.66267,0.908816,4.19007,48.3515,4.01836,1.43491,9.82698,0.867925,70.3749,301.629,68.2254,35.613,32.764,7.90766,25.4537,1.07143,3.159,63.8858,8.17013,3.25518,2.50988,1.01128,0.211803,0.0843874,0.12741510570049286,0.249895,1.33114,0.299756,0.702908,,,4.03136,0.452416,0.265391,681.6900024414062,4.20859,-0.316023,0.423737,4.20859,0.316023,4.43502,331.8,4.74,335,4.785714285714286,,,,,,,,,,,,,,,,,,,"Matthew Liberatore","22294",669461
"David Robertson",,2.39922,2.34817,0,3.33214,39.4651,0,4.21146,8.06416,4.38378,44.2212,184.151,35.6274,17.7961,16.3724,4.34057,17.532,1.12324,2.30762,53.9339,10.9767,3.56816,3.07631,0.883403,0.292879,0.0952048,0.19767425954341888,0.216829,1.20212,0.295057,0.751091,,,3.34917,0.449686,0.510112,462.0899963378906,1.71698,-0.639502,1.03714,1.71698,0.639502,3.61715,282.80000000000007,6.427272727272729,268,6.090909090909091,,,,,,,,,,,,,,,,,,,"David Robertson","8241",502085
"Yennier Cano","BAL",3.07196,2.6916,0,3.3924,59.294,0,3.56302,20.4176,3.16135,60.2796,253.523,54.5222,24.6971,22.7214,5.43577,21.2107,1.08137,2.37686,59.9516,8.95103,3.16686,2.82647,0.811583,0.236473,0.0836639,0.15280960500240326,0.237119,1.25636,0.29831,0.749173,,,3.52356,0.447922,0.550775,686.97998046875,1.51032,-2.26024,0.893725,1.51032,2.26024,3.80837,390.5,6.508333333333334,386,6.433333333333334,,,,,,,,,,,,,,,,,,,"Yennier Cano","25911",666974
"John Schreiber","KCR",2.8774,2.66352,0,3.85433,55.5743,0.178706,1.42097,16.5763,2.04411,56.1894,241.145,52.3872,26.1561,24.0636,4.84873,21.9549,1.01793,3.29222,52.7559,8.45005,3.51657,2.40292,0.776634,0.218772,0.0910443,0.1277279630303383,0.242647,1.32306,0.300318,0.713298,,,3.75846,0.44449,0.326674,999,1.16969,-2.36983,0.701133,1.16969,2.36983,4.06516,321.7000000000001,5.744642857142859,319,5.696428571428571,,,,,,,,,,,,,,,,,,,"John Schreiber","20020",670167
"Caleb Ferguson","PIT",2.4692,2.85355,0,3.7548,54.1521,0.438641,0.546207,12.5246,2.27905,53.6883,231.878,50.4821,24.3465,22.3988,4.7366,22.0186,0.846262,3.51047,57.8921,9.7047,3.69107,2.62924,0.794017,0.249666,0.0949577,0.15470843762159348,0.244644,1.3504,0.318295,0.731055,,,3.58331,0.437636,0.507122,999,2.86382,-0.759602,0.722865,2.86382,0.759602,4.03618,303.1,5.612962962962963,300,5.555555555555555,,,,,,,,,,,,,,,,,,,"Caleb Ferguson","19349",657571
"Liam Hendriks","BOS",3.70137,3.36324,0,3.82245,49.636,0,17.2642,8.28202,3.65913,52.7081,217.575,46.6975,24.3326,22.386,7.12242,15.6898,0.863856,1.80737,59.8918,10.2266,2.67906,3.81725,1.21617,0.27527,0.0721121,0.20315749198198318,0.233396,1.18364,0.297414,0.726014,,,3.64647,0.436893,0.481142,237.3300018310547,2.18975,-0.785496,1.35236,2.18975,0.785496,3.19685,366.90000000000003,6.922641509433963,357,6.735849056603773,,,,,,,,,,,,,,,,,,,"Liam Hendriks","3548",521230
"Andrew Nardi","MIA",3.55214,2.5239,0,3.81331,52.5564,0,2.08858,10.9738,2.94426,52.4547,220.596,45.0885,24.1577,22.2251,6.80037,20.6691,0.997479,2.19512,65.812,11.2918,3.54634,3.18407,1.16678,0.298338,0.0936968,0.20464076101779938,0.228029,1.25361,0.306013,0.739723,,,3.6502,0.436182,0.399163,748.260009765625,2.33571,-1.24064,0.641206,2.33571,1.24064,4.14506,298.69999999999993,5.744230769230768,286,5.5,,,,,,,,,,,,,,,,,,,"Andrew Nardi","25942",677053
"Jared Koenig","MIL",5.3195,3.81656,0.410453,3.65776,55.1239,1.45086,1.9666,10.8591,1.61391,63.1625,268.712,58.7853,27.9025,25.6703,6.48307,23.0222,1.97127,3.10127,61.2663,8.72981,3.28042,2.66119,0.92377,0.228,0.0856761,0.1423240378499031,0.242326,1.29519,0.299146,0.741153,,,3.80163,0.434802,0.580869,739.02001953125,3.38815,-2.16435,0.605995,3.38815,2.16435,4.19201,337,5.349206349206349,335,5.317460317460317,,,,,,,,,,,,,,,,,,,"Jared Koenig","27517",657649
"Johan Oviedo","PIT",3.31679,3.71278,3.58129,4.39775,21.0243,8.40909,0,0.425004,0.0783624,59.1169,256.958,55.8994,31.3987,28.8868,6.66599,25.3246,0.709092,3.7038,51.4094,7.8266,3.85543,2.03002,1.01483,0.200069,0.0985552,0.10151388496160507,0.245248,1.37395,0.289857,0.693061,,,4.36621,0.429723,0.518016,744.8400268554688,2.42715,-1.99368,0.424635,2.42715,1.99368,4.43382,219.9,3.727118644067797,219,3.711864406779661,,,,,,,,,,,,,,,,,,,"Johan Oviedo","22487",670912
"Spencer Turnbull",,2.19801,1.8731,1.84072,4.24393,9.1319,7.51079,0,0.399496,0,43.3552,185.612,40.4335,22.2218,20.444,5.24495,16.0563,0.343977,2.95868,39.79,8.25991,3.33309,2.47816,1.08879,0.214372,0.0865046,0.1278674304485321,0.242702,1.30295,0.289469,0.697257,,,4.21939,0.429219,0.460231,699.9099731445312,1.95643,0.428953,0.780276,1.95643,-0.428953,3.95963,175.7,4.086046511627907,173,4.023255813953488,,,,,,,,,,,,,,,,,,,"Spencer Turnbull","16207",605513
"Mark Leiter Jr.","NYY",2.96192,3.65566,0,3.91852,53.8949,0.152919,1.13916,14.9459,2.38758,57.1859,240.572,48.7741,27.0633,24.8982,7.48293,21.6383,1.13417,3.74811,68.7429,10.8189,3.40546,3.17691,1.17768,0.285748,0.0899453,0.1958029940724373,0.226661,1.23129,0.297146,0.723253,,,3.79516,0.426886,0.276967,748.1599731445312,2.06225,-1.19724,0.65086,2.06225,1.19724,4.13219,333.29999999999995,5.84736842105263,319,5.5964912280701755,,,,,,,,,,,,,,,,,,,"Mark Leiter Jr.","15551",643410
"Kevin Kelly","TBR",2.8868,2.12242,0,3.5473,46.7805,0,0.170874,8.40672,1.72054,49.8426,205.611,46.2363,21.3535,19.6452,4.65091,10.6583,0.820104,3.67394,43.5551,7.86467,1.92455,4.0865,0.839807,0.211833,0.0518372,0.15999574586749077,0.241723,1.14148,0.29066,0.705415,,,3.49448,0.426694,0.522391,999,2.88203,0.129723,1.05339,2.88203,-0.129723,3.59548,263.9,5.278,260,5.2,,,,,,,,,,,,,,,,,,,"Kevin Kelly","25679",687330
"Michel Otañez","ATH",4.08023,2.15336,0,3.8813,54.1249,0,1.34887,13.4144,2.83594,55.9675,245.592,46.1105,26.2351,24.1363,5.05272,32.4566,0.885684,4.15917,72.458,11.6518,5.21926,2.23246,0.812516,0.295035,0.132157,0.16287784278392792,0.22065,1.4038,0.312309,0.731984,,,3.71352,0.423643,0.326689,740.9299926757812,2.75967,-1.22567,0.506683,2.75967,1.22567,4.32442,326.30000000000007,5.826785714285715,308,5.5,,,,,,,,,,,,,,,,,,,"Michel Otanez","22533",671305
"Colin Holderman","PIT",2.8696,3.49881,0,3.83908,56.8878,0,2.48412,18.3614,3.97432,57.9594,249.786,52.7872,26.8733,24.7234,5.58484,24.5814,1.21586,3.75587,58.7629,9.12478,3.81703,2.39054,0.86722,0.235253,0.0984099,0.13684294372797012,0.238372,1.33488,0.300458,0.726031,,,3.85815,0.422903,0.420969,701.9500122070312,1.61455,-0.417852,0.686605,1.61455,0.417852,4.08453,330.6,5.7,325,5.603448275862069,,,,,,,,,,,,,,,,,,,"Colin Holderman","22361",670059
"Yuki Matsui","SDP",2.82569,1.97558,0,3.59774,53.5466,0,2.14087,10.0205,2.86001,55.1943,231.076,45.572,23.9825,22.0639,6.51962,23.2006,1.80403,1.72606,63.8744,10.4154,3.78309,2.75314,1.06309,0.276422,0.100402,0.1760193482041359,0.221063,1.24601,0.287667,0.750944,,,3.74237,0.411673,0.480578,731.760009765625,1.52178,0.268203,0.795088,1.52178,-0.268203,3.93988,304.29999999999995,5.532727272727272,287,5.218181818181818,,,,,,,,,,,,,,,,,,,"Yuki Matsui","33826",673513
"Joe Boyle","TBR",2.9317,4.02353,1.3645,4.51833,27.4393,5.52,0,2.01732,0,50.7688,225.853,40.0255,27.7041,25.4878,4.96036,35.0407,0.656102,3.04919,59.9157,10.6215,6.21181,1.70989,0.879344,0.265287,0.155149,0.11013835668563843,0.213171,1.47859,0.285345,0.695257,,,4.32709,0.41155,0.153041,578.3400268554688,3.90961,-0.951501,0.414822,3.90961,0.951501,4.4469,225.90000000000003,4.429411764705883,204,4,,,,,,,,,,,,,,,,,,,"Joe Boyle","29608",671212
"Hoby Milner","TEX",2.60839,2.03093,0,3.81904,53.3134,0.161886,0.172947,9.3883,0.643606,54.8385,227.954,52.3941,25.2935,23.27,6.26005,13.4805,1.0658,2.49947,50.6476,8.31219,2.2124,3.75709,1.02739,0.222183,0.059137,0.16304602473974228,0.247172,1.20125,0.297512,0.710571,,,3.67753,0.410576,0.349342,999,1.96962,-1.26706,0.864115,1.96962,1.26706,3.84785,291,5.290909090909091,290,5.2727272727272725,,,,,,,,,,,,,,,,,,,"Hoby Milner","13346",571948
"Taylor Rogers","CIN",2.98462,3.71997,0,4.08553,58.3135,0,5.1144,12.5704,2.3733,58.3421,248.327,53.27,28.7872,26.4842,7.68493,22.0995,1.15243,3.14203,63.0279,9.72285,3.40913,2.85201,1.1855,0.25381,0.0889935,0.1648164913058281,0.238787,1.29185,0.299168,0.720969,,,4.01617,0.408164,0.328821,543.7899780273438,2.24756,0.13598,0.686418,2.24756,-0.13598,4.08478,321.00000000000006,5.53448275862069,314,5.413793103448276,,,,,,,,,,,,,,,,,,,"Taylor Rogers","13449",573124
"Pierce Johnson","ATL",4.28399,4.20903,0,3.73459,59.5465,0,3.36593,14.8359,2.50479,61.124,260.277,53.9872,27.5692,25.3636,7.00011,26.1826,1.09953,2.23625,73.5256,10.826,3.85517,2.80819,1.03071,0.28249,0.100595,0.1818947046995163,0.232846,1.31159,0.310489,0.74749,,,3.64431,0.407572,0.442735,699.2100219726562,1.81374,-0.51171,0.548503,1.81374,0.51171,4.26866,363.9000000000001,5.965573770491805,353,5.786885245901639,,,,,,,,,,,,,,,,,,,"Pierce Johnson","13435",572955
"Carlos Estévez","KCR",3.80257,4.03555,0,3.84866,59.3009,0,19.1135,4.72156,4.84723,61.9327,259.821,55.9164,28.7872,26.4842,7.44526,20.909,2.04857,2.66411,61.3043,8.90867,3.03848,2.93195,1.08194,0.235948,0.0804749,0.1554735153913498,0.236686,1.24047,0.289383,0.723445,,,3.89145,0.407526,0.339462,168,1.88791,0.48828,1.43455,1.88791,-0.48828,3.08727,392.0999999999999,6.324193548387095,384,6.193548387096774,,,,,,,,,,,,,,,,,,,"Carlos Estevez","14542",608032
"Bryce Elder","ATL",3.30665,3.23833,2.82739,4.36143,14.7664,7.8419,0,0.777609,0,51.8501,223.932,52.311,27.3117,25.1267,5.89075,18.5149,0.477214,2.22211,42.6068,7.39558,3.21377,2.30122,1.0225,0.190267,0.0826811,0.10758606344461441,0.257443,1.36597,0.300072,0.69535,,,4.19979,0.405308,0.50069,746.47998046875,2.99623,-1.32476,0.554144,2.99623,1.32476,4.26114,202.8,3.9000000000000004,209,4.019230769230769,,,,,,,,,,,,,,,,,,,"Bryce Elder","27779",693821
"Joel Payamps","MIL",3.49805,4.16753,0,3.62027,59.697,0,7.0856,17.2012,2.46132,61.2317,254.294,54.8721,26.7724,24.6306,7.52059,18.4705,1.94866,2.80975,60.428,8.88186,2.71484,3.2716,1.1054,0.23763,0.0726343,0.16499589383602142,0.235489,1.19779,0.286865,0.741401,,,3.83202,0.401087,0.522049,498.80999755859375,1.91497,0.585089,0.905871,1.91497,-0.585089,3.79217,370.0000000000001,6.065573770491805,361,5.918032786885246,,,,,,,,,,,,,,,,,,,"Joel Payamps","14332",606303
"Albert Suárez","BAL",4.65084,4.04619,2.38993,4.19614,49.2135,5.78916,0,4.91046,0.061451,79.4441,338.137,78.08,40.2607,37.0398,10.8841,25.6278,1.31791,3.24637,70.9706,8.04006,2.9033,2.76928,1.23303,0.209887,0.0757912,0.13409611582756042,0.252472,1.30542,0.295487,0.717159,,,4.2512,0.400532,0.292847,645.2899780273438,3.96839,-0.848769,0.21024,3.96839,0.848769,4.71968,321.49999999999994,4.0696202531645564,327,4.139240506329114,,,,,,,,,,,,,,,,,,,"Albert Suarez","6175",544150
"Kirby Yates","LAD",5.36818,2.46307,0,3.28832,55.7534,0,11.2786,11.7242,3.30119,57.9845,240.994,41.8286,23.028,21.1858,6.46404,27.3116,1.60699,3.11916,72.2275,11.2107,4.23913,2.64458,1.00331,0.299706,0.113329,0.18637754768133163,0.198651,1.19239,0.268173,0.767379,,,3.69886,0.400444,0.748334,214.24000549316406,4.0607,0.710818,0.919531,4.0607,-0.710818,3.77396,403.2000000000001,6.951724137931036,369,6.362068965517241,,,,,,,,,,,,,,,,,,,"Kirby Yates","9073",489446
"Sean Hjelle","SFG",2.72996,2.99164,0,4.00423,51.3593,0,0.033609,8.93693,0.187362,62.5619,268.549,64.9742,30.2551,27.8347,6.03048,17.182,1.57923,4.33806,54.4374,7.83123,2.47176,3.16829,0.86753,0.202709,0.0639807,0.13872849196195602,0.263022,1.3132,0.315948,0.704092,,,3.71124,0.39792,0.289793,749.030029296875,2.76304,-0.129725,0.602626,2.76304,0.129725,4.1965,304.40000000000003,4.831746031746032,318,5.0476190476190474,,,,,,,,,,,,,,,,,,,"Sean Hjelle","21481",663546
"Tony Santillan","CIN",3.82047,4.10423,0,4.16764,54.7805,0.276917,3.85527,11.6335,2.71861,58.338,250.246,51.9387,29.3637,27.0146,7.6876,25.267,2.78962,3.22476,68.2581,10.5304,3.89803,2.70147,1.18599,0.272765,0.100969,0.17179571837186813,0.234218,1.32342,0.303488,0.720044,,,4.00466,0.394454,0.328842,590.6900024414062,2.34777,0.717424,0.497371,2.34777,-0.717424,4.33684,315.6000000000001,5.441379310344829,306,5.275862068965517,,,,,,,,,,,,,,,,,,,"Tony Santillan","19926",663574
"Danny Coulombe","MIN",2.63368,2.2,0,3.43119,46.8727,0,0.755344,13.0868,1.98935,46.874,192.865,41.2737,19.4244,17.8704,5.2903,13.6305,0.542186,1.55728,49.2929,9.46445,2.61712,3.61636,1.01576,0.255583,0.0706741,0.18490874022245407,0.232296,1.17131,0.292325,0.746979,,,3.50252,0.392735,0.533546,750.8099975585938,1.01314,-0.345559,1.02112,1.01314,0.345559,3.6385,286.70000000000005,6.1000000000000005,277,5.8936170212765955,,,,,,,,,,,,,,,,,,,"Danny Coulombe","13293",543056
"José Leclerc","ATH",3.34354,3.66426,0,3.88549,61.5634,0,3.84618,14.1835,3.771,64.6373,274.738,52.7239,30.3318,27.9053,7.4372,30.3972,1.0447,3.5223,75.9818,10.5796,4.23246,2.49963,1.03554,0.276561,0.110641,0.16592039912939072,0.218936,1.28596,0.287718,0.726035,,,3.88555,0.39017,0.397738,584.3599853515625,2.17972,-2.5495,0.571178,2.17972,2.5495,4.23843,383.09999999999997,5.8938461538461535,360,5.538461538461538,,,,,,,,,,,,,,,,,,,"Jose Leclerc","14524",600917
"Ryan Brasier","CHC",2.44613,1.75672,0.352,3.7288,49.789,0.805,1.15896,10.7788,1.63445,52.229,215.692,47.0177,23.5207,21.6391,5.88122,14.8502,0.636947,1.8372,50.0958,8.63241,2.55896,3.37341,1.01344,0.232257,0.0688493,0.16340743005275726,0.236265,1.18455,0.287613,0.714976,,,3.67054,0.386123,0.366334,749.0900268554688,1.66188,-0.209369,0.937882,1.66188,0.209369,3.74949,286.8,5.515384615384615,280,5.384615384615385,,,,,,,,,,,,,,,,,,,"Ryan Brasier","5615",518489
"Seth Halvorsen","COL",3.61227,5.07697,0,4.4104,58.6708,0,10.6206,10.1391,3.80901,62.2143,272.065,62.3721,33.1389,30.4878,7.68914,24.7912,1.00277,3.53142,60.5096,8.75338,3.58632,2.44077,1.11232,0.222409,0.0911225,0.13128633052110672,0.255894,1.40102,0.311507,0.707139,,,4.1937,0.385762,0.349918,351.6600036621094,3.32863,0.236293,0.972868,3.32863,-0.236293,3.70284,329.2,5.309677419354839,336,5.419354838709677,,,,,,,,,,,,,,,,,,,"Seth Halvorsen","33294",678020
"Declan Cronin","MIA",2.85924,3.28019,0,4.17342,58.3743,0,1.16336,11.5287,1.10078,64.6553,282.222,65.4975,32.5886,29.9815,5.00819,24.4358,1.51223,4.14121,57.5081,8.00511,3.40145,2.35344,0.697138,0.203769,0.0865837,0.1171855628490448,0.258226,1.39096,0.316485,0.691551,,,3.72051,0.384572,0.196723,999,2.73545,-1.67973,0.521498,2.73545,1.67973,4.30467,335.5,5.161538461538462,345,5.3076923076923075,,,,,,,,,,,,,,,,,,,"Declan Cronin","25645",686539
"Jason Foley","DET",2.86379,3.14757,0,3.58562,58.9794,0,17.3547,9.27762,2.93498,59.1923,249.85,57.8813,25.633,23.5823,4.8948,17.2831,1.49322,2.43552,47.8423,7.27427,2.62783,2.76816,0.744239,0.191485,0.0691739,0.12231066077947617,0.251515,1.26983,0.298694,0.72508,,,3.62437,0.382191,0.428793,293.260009765625,1.38373,0.878529,1.49678,1.38373,-0.878529,3.00429,384.3,6.513559322033898,390,6.610169491525424,,,,,,,,,,,,,,,,,,,"Jason Foley","19531",671345
"Robert Suarez","SDP",4.72579,3.6102,0,3.52063,58.5913,0,25.8443,3.61083,4.97796,60.9328,250.877,51.8239,25.9084,23.8358,7.55476,19.6728,1.82141,2.06979,60.312,8.90831,2.90575,3.06575,1.11587,0.240405,0.0784162,0.16198846697807312,0.226173,1.17337,0.274507,0.74833,,,3.86915,0.381211,0.597533,94.33999633789062,2.7187,0.74518,1.79897,2.7187,-0.74518,2.60137,417.8000000000001,6.849180327868854,401,6.573770491803279,,,,,,,,,,,,,,,,,,,"Robert Suarez","30115",663158
"Tristan Beck","SFG",1.87527,2.04641,0,3.92283,36.4128,0.726515,0.237724,2.30135,0,48.1187,202.237,46.7675,22.7973,20.9735,5.78736,13.3036,0.690799,2.14076,41.7301,7.8051,2.48828,3.13675,1.08245,0.206342,0.0657823,0.1405600905418396,0.250371,1.24839,0.294238,0.717234,,,3.95845,0.378793,0.266001,749.5900268554688,1.73943,-0.187325,0.908891,1.73943,0.187325,3.78815,206.20000000000005,4.295833333333334,209,4.354166666666667,,,,,,,,,,,,,,,,,,,"Tristan Beck","21584",663941
"Joe Ross","PHI",3.05407,3.14929,1.79702,4.23832,37.0569,4.08185,0,2.32734,0,59.6457,255.973,57.7645,30.5311,28.0886,7.69191,21.8469,0.651056,2.79249,52.5782,7.93359,3.2965,2.40667,1.16064,0.205406,0.0853485,0.12005703151226044,0.249702,1.33474,0.292714,0.712933,,,4.31923,0.375234,0.289506,743.3400268554688,2.49616,-0.20041,0.499463,2.49616,0.20041,4.33405,233.8,3.896666666666667,235,3.9166666666666665,,,,,,,,,,,,,,,,,,,"Joe Ross","12972",605452
"Brock Burke","LAA",3.57846,2.70502,0,4.0969,56.7335,0.249703,0.662991,10.4419,1.97127,61.7495,262.071,58.6148,30.5533,28.1091,8.34672,21.2721,2.09038,2.49316,61.8815,9.01924,3.10041,2.90905,1.21654,0.236125,0.0811691,0.15495585650205612,0.245965,1.29372,0.299077,0.72335,,,4.07402,0.372719,0.15556,999,2.32316,-2.32866,0.479251,2.32316,2.32866,4.361,307,4.951612903225806,306,4.935483870967742,,,,,,,,,,,,,,,,,,,"Brock Burke","17968",656271
"Dane Dunning","TEX",4.04039,3.86873,2.26168,4.29264,45.2289,4.91203,0,4.77424,0,74.4336,319.327,72.4396,38.589,35.5018,9.77967,25.9378,0.94107,4.34772,67.6394,8.17848,3.13622,2.60776,1.18249,0.211819,0.0812264,0.13059214502573013,0.25062,1.32168,0.296093,0.706003,,,4.27772,0.37137,0.19779,739.5,3.20479,-0.444832,0.240881,3.20479,0.444832,4.67882,303.40000000000003,4.1000000000000005,306,4.135135135135135,,,,,,,,,,,,,,,,,,,"Dane Dunning","19409",641540
"Brock Stewart","MIN",2.21565,0.881212,0,3.47321,46.9146,0,0.663049,13.8246,2.30192,50.082,211.419,41.9682,21.0079,19.3273,5.73703,21.5344,1.26726,2.17809,61.5569,11.0621,3.86984,2.85854,1.03097,0.29116,0.101856,0.18930422514677048,0.223584,1.26797,0.300891,0.766074,,,3.61784,0.369369,0.484405,999,4.66057,-0.461835,0.881632,4.66057,0.461835,3.82449,300,6,285,5.7,,,,,,,,,,,,,,,,,,,"Brock Stewart","16727",592779
"Landon Knack","LAD",2.8211,2.36011,1.69579,4.13562,30.1696,3.84609,0.0332576,0.965135,0,50.9727,213.118,46.6253,25.4594,23.4226,7.91836,16.1953,0.698528,1.96707,51.5378,9.09979,2.85952,3.18228,1.39811,0.241828,0.075992,0.16583553701639175,0.239158,1.23244,0.285661,0.722166,,,4.23274,0.368815,0.3824,614.8599853515625,2.58017,0.714361,0.723367,2.58017,-0.714361,4.03551,210.8,4.133333333333334,205,4.019607843137255,,,,,,,,,,,,,,,,,,,"Landon Knack","27487",689017
"Caleb Thielbar","CHC",2.80268,2.47016,0,3.965,48.1305,0,0.562774,11.4242,1.48745,46.8807,196.972,42.0256,22.4495,20.6536,6.08246,17.134,0.95813,1.38977,51.5642,9.89913,3.28933,3.00947,1.16769,0.261784,0.0869868,0.17479753494262695,0.235506,1.26192,0.297539,0.724863,,,3.83871,0.367289,0.255642,999,2.20877,-1.06875,0.746563,2.20877,1.06875,4.00458,263.8,5.6127659574468085,256,5.446808510638298,,,,,,,,,,,,,,,,,,,"Caleb Thielbar","10078",573204
"Nick Mears","MIL",2.33142,3.14131,0,4.05698,54.4522,0,0.529375,12.3371,1.81387,57.6847,246.973,49.6625,28.264,26.0029,6.65155,26.6017,0.968033,2.1962,70.2755,10.9644,4.15041,2.64177,1.03778,0.284548,0.107711,0.17683671414852142,0.227627,1.32209,0.304508,0.716934,,,3.72664,0.363456,0.256008,743.0700073242188,4.24575,-0.862103,0.561287,4.24575,0.862103,4.25162,319.1,5.501724137931035,305,5.258620689655173,,,,,,,,,,,,,,,,,,,"Nick Mears","25376",683232
"Joe Mantiply","ARI",3.59651,2.73862,0,3.82876,56.5036,0.390233,0.831632,12.9476,0.890835,54.9156,231.119,53.3793,25.3936,23.3621,4.75788,16.2857,2.26536,1.65001,47.8332,7.83929,2.66903,2.93713,0.77976,0.206963,0.0704644,0.1364990398287773,0.250391,1.26858,0.302763,0.702677,,,3.53055,0.360582,0.435813,999,1.59147,-2.58486,0.733676,1.59147,2.58486,4.02176,306.7,5.576363636363636,309,5.618181818181818,,,,,,,,,,,,,,,,,,,"Joe Mantiply","14857",573009
"Scott Alexander","COL",2.65641,3.27251,0,4.02949,51.432,0.665611,1.43321,9.65828,1.57481,50.9933,220.509,52.6916,24.8161,22.8308,4.43427,17.1966,3.07529,2.23027,39.2133,6.92089,3.03509,2.2803,0.782621,0.177831,0.0779858,0.09984488040208817,0.26204,1.37054,0.306523,0.707788,,,3.90186,0.359085,0.530421,999,2.1275,-1.5489,0.753993,2.1275,1.5489,3.99468,256.40000000000003,5.027450980392158,269,5.2745098039215685,,,,,,,,,,,,,,,,,,,"Scott Alexander","10591",518397
"Luke Weaver","NYY",4.01118,3.35166,0.00651124,3.92063,58.9107,0.391424,4.4847,16.6472,1.19633,68.8226,285.13,60.5135,32.5879,29.9809,9.56899,21.2836,0.62028,3.06374,75.1446,9.82674,2.78328,3.53063,1.25135,0.263545,0.0746453,0.1888999491930008,0.232046,1.18852,0.289344,0.719427,,,3.85157,0.35757,0.302578,361.04998779296875,2.54364,-0.449713,0.621512,2.54364,0.449713,4.17132,395,5.72463768115942,381,5.521739130434782,,,,,,,,,,,,,,,,,,,"Luke Weaver","16918",596133
"Bryan King","HOU",1.81471,1.49738,0,3.5818,48.6335,0,0.284798,8.47613,1.60291,49.1519,209.657,43.6717,21.2623,19.5614,4.61687,19.9575,0.646288,2.99543,51.28,9.38966,3.65434,2.56945,0.845375,0.24459,0.0951915,0.14939873665571213,0.233909,1.29454,0.298569,0.741126,,,3.70193,0.35368,0.411154,999,2.15768,-0.901869,0.914249,2.15768,0.901869,3.781,251.70000000000002,5.1367346938775515,245,5,,,,,,,,,,,,,,,,,,,"Bryan King","25890",687911
"Ryan Fernandez","STL",2.65126,3.67027,0,3.86076,58.7802,0,1.633,15.1176,1.92691,62.5661,267.584,57.8555,29.173,26.8392,6.26966,25.4382,2.18421,2.22283,63.4106,9.12148,3.65923,2.49273,0.901877,0.236975,0.0950663,0.14190852642059326,0.241142,1.33129,0.303014,0.726294,,,3.76852,0.353465,0.3935,657.5700073242188,2.31828,-1.44077,0.642603,2.31828,1.44077,4.1432,356.6,5.660317460317461,352,5.587301587301587,,,,,,,,,,,,,,,,,,,"Ryan Fernandez","24862",681676
"Dennis Santana","PIT",3.0907,2.50927,0,4.21442,60.2542,0,4.42444,13.0656,2.55899,64.2895,275.67,59.5759,32.7226,30.1048,6.07691,25.4249,0.802372,3.58631,61.6651,8.63259,3.55928,2.42538,0.850717,0.223692,0.0922297,0.13146214187145233,0.241532,1.32216,0.299016,0.683437,,,3.83072,0.35147,0.141585,606.3099975585938,1.89108,-2.49298,0.603941,1.89108,2.49298,4.19475,352.8,5.5125,351,5.484375,,,,,,,,,,,,,,,,,,,"Dennis Santana","17878",642701
"Gregory Soto","BAL",3.15268,3.53779,0,3.74042,55.9083,0,2.18603,12.3008,2.22919,54.7373,235.425,47.5335,24.7271,22.749,4.9394,24.9306,1.36118,3.67495,61.0333,10.0352,4.09913,2.44813,0.812145,0.259248,0.105896,0.1533513218164444,0.229831,1.32385,0.302415,0.728265,,,3.67733,0.34429,0.281185,748.260009765625,3.68704,-0.754492,0.68641,3.68704,0.754492,4.08479,313.7,5.703636363636363,303,5.509090909090909,,,,,,,,,,,,,,,,,,,"Gregory Soto","19677",642397
"Griffin Canning","NYM",4.52895,5.16948,4.27944,4.58478,30.8991,12.4332,0,0.732024,0,87.9313,376.339,85.8708,48.6891,44.794,13.9404,30.9924,1.07191,3.59559,77.1331,7.89477,3.17215,2.48878,1.42683,0.204956,0.0823523,0.12260410189628601,0.251267,1.32903,0.286944,0.700322,,,4.65312,0.34421,0.347584,527.4099731445312,4.16718,-0.415016,0.316285,4.16718,0.415016,4.57829,308.4,3.5045454545454544,311,3.534090909090909,,,,,,,,,,,,,,,,,,,"Griffin Canning","19867",656288
"Ryan Thompson","ARI",4.27664,3.71247,0,3.75188,58.2081,0,1.19092,16.4594,5.25036,59.9895,253.055,58.887,27.1827,25.0081,5.41559,16.9647,1.36495,2.63433,48.0796,7.2132,2.54515,2.83409,0.812481,0.189996,0.0670395,0.12295675277709961,0.25224,1.26442,0.297127,0.712891,,,3.71725,0.339867,0.503397,748.6900024414062,1.95037,0.190963,0.72386,1.95037,-0.190963,4.03485,334.1,5.568333333333333,340,5.666666666666667,,,,,,,,,,,,,,,,,,,"Ryan Thompson","16647",657044
"JoJo Romero","STL",4.40455,2.94196,0,3.66273,55.4388,0,2.11382,18.1487,5.43566,56.9133,239.645,52.4799,25.1761,23.162,5.85153,18.7358,0.814539,2.81195,54.4645,8.61275,2.96279,2.90697,0.925332,0.227271,0.0781814,0.14908961951732635,0.240626,1.2513,0.295524,0.730514,,,3.72495,0.335833,0.484816,732.4000244140625,1.93576,-1.78177,0.719924,1.93576,1.78177,4.0401,336.79999999999995,5.90877192982456,331,5.807017543859649,,,,,,,,,,,,,,,,,,,"JoJo Romero","19574",668941
"Jesus Tinoco","MIA",2.6695,2.38456,0,3.78345,59.12,0.0073965,9.13215,13.8999,2.06842,64.9976,274.867,58.924,29.6999,27.3239,7.58486,23.3118,1.22301,3.42796,65.9549,9.13255,3.22791,2.82925,1.05025,0.239952,0.0848112,0.15514060854911804,0.237474,1.26521,0.294059,0.733567,,,3.88824,0.333114,0.499102,440.5299987792969,2.45495,-0.368153,0.945065,2.45495,0.368153,3.73991,384.20000000000005,5.910769230769231,376,5.7846153846153845,,,,,,,,,,,,,,,,,,,"Jesus Tinoco","16300",622786
"Max Lazar","PHI",2.22017,2.00695,0,4.16419,35.4448,0,0,3.35323,1.85962,39.3123,164.773,38.4428,19.771,18.1893,4.67546,10.7309,0.551884,1.20023,34.0262,7.78983,2.45669,3.17086,1.07038,0.206504,0.0651255,0.14137839525938034,0.251521,1.25085,0.295842,0.689751,,,3.892,0.329494,0.0562997,999,1.47571,0.129397,0.911493,1.47571,-0.129397,3.78468,172.3,4.417948717948718,174,4.461538461538462,,,,,,,,,,,,,,,,,,,"Max Lazar","23426",676661
"Paul Sewald","CLE",2.58723,2.49159,0,3.92225,52.4797,0,3.24318,11.1224,3.72268,54.1704,223.667,46.0478,25.6606,23.6078,7.94523,17.2742,1.41551,2.70916,60.2858,10.016,2.86997,3.48994,1.32004,0.269534,0.0772316,0.19230205565690994,0.226075,1.16894,0.281298,0.7215,,,3.95411,0.329097,0.158544,582.739990234375,1.09207,0.3647,0.864412,1.09207,-0.3647,3.84745,300.6,5.566666666666667,285,5.277777777777778,,,,,,,,,,,,,,,,,,,"Paul Sewald","13892",623149
"Braxton Ashcraft","PIT",1.53161,1.81643,0.692952,4.11433,23.2176,2.94596,0,1.35804,0,36.375,153.43,36.339,18.0747,16.6287,4.40149,9.8129,0.706564,1.42691,31.6777,7.83779,2.42794,3.22817,1.08903,0.206464,0.0639569,0.1425068899989128,0.255566,1.26878,0.300982,0.702108,,,3.92479,0.326106,0.29044,999,1.01505,-1.49263,0.98431,1.01505,1.49263,3.68759,158.60000000000005,4.405555555555557,163,4.527777777777778,,,,,,,,,,,,,,,,,,,"Braxton Ashcraft","sa3008470",677952
"Anthony DeSclafani",,2.06242,3.03388,2.61908,4.70168,8.50098,7.75575,0,0,0,42.833,183.3,46.0903,24.3221,22.3763,6.78297,10.9887,0.494517,1.57689,33.4748,7.03367,2.30893,3.04629,1.42523,0.182623,0.0599493,0.12267357483506203,0.269954,1.3326,0.30126,0.688419,,,4.54219,0.322603,0.259625,999,1.83209,-0.229029,0.731996,1.83209,0.229029,4.02401,139.50000000000003,3.244186046511629,151,3.511627906976744,,,,,,,,,,,,,,,,,,,"Anthony DeSclafani","13050",543101
"Brenan Hanifee","DET",1.61624,1.63212,0,3.56812,31.079,0.806583,0.0211851,5.64906,1.8035,36.3544,153.376,36.3249,15.6663,14.413,3.45122,9.80904,0.475535,1.4507,29.2084,7.23091,2.42836,2.9777,0.854395,0.190436,0.0639543,0.12648211419582367,0.2556,1.26901,0.300336,0.737676,,,3.7229,0.316807,0.298793,999,2.8072,-1.14999,1.10679,2.8072,1.14999,3.52428,184.9,5.136111111111111,190,5.277777777777778,,,,,,,,,,,,,,,,,,,"Brenan Hanifee","22304",669724
"Beau Brieske","DET",3.41977,3.80065,0.579871,3.90611,52.7957,2.16725,6.81422,9.75083,1.8173,64.6535,273.526,58.4268,30.5004,28.0604,7.32975,24.5829,1.04043,2.35031,61.6079,8.57603,3.42203,2.50612,1.02033,0.225236,0.0898744,0.13536182790994644,0.236937,1.28392,0.28762,0.721796,,,3.98424,0.314811,0.330287,484.54998779296875,2.6368,-1.02653,0.765211,2.6368,1.02653,3.97972,362.09999999999997,5.57076923076923,352,5.415384615384616,,,,,,,,,,,,,,,,,,,"Beau Brieske","26079",689225
"Sam Moll","CIN",2.91159,2.57429,0,3.94301,54.1949,0,0.411846,12.594,0.715583,52.8299,226.769,47.0644,25.1581,23.1454,5.66341,22.6462,2.79875,3.32322,54.1233,9.22035,3.85797,2.38995,0.964808,0.238672,0.0998649,0.13880708068609238,0.234385,1.31953,0.293598,0.721127,,,3.98583,0.313758,0.446331,999,1.13,0.210127,0.650617,1.13,-0.210127,4.13251,278.20000000000005,5.249056603773586,269,5.0754716981132075,,,,,,,,,,,,,,,,,,,"Sam Moll","14874",594580
"Scott Barlow","CIN",2.90525,3.08753,0,3.99078,55.4825,0,1.23394,11.5525,2.26505,57.9135,247.646,51.656,27.9131,25.68,7.09296,24.2864,1.20603,3.17544,61.893,9.61843,3.77421,2.54846,1.10228,0.249925,0.098069,0.15185613185167313,0.234604,1.31131,0.294732,0.727582,,,4.04379,0.312662,0.426049,715,1.13186,0.165479,0.585847,1.13186,-0.165479,4.21887,303.90000000000003,5.239655172413793,295,5.086206896551724,,,,,,,,,,,,,,,,,,,"Scott Barlow","14993",605130
"Ryan Burr","TOR",1.27177,2.00573,0,3.84925,38.2846,0.879036,0.0397787,3.59031,1.5644,39.3372,164.75,34.7047,18.2873,16.8243,4.97818,14.1176,0.455519,1.45663,45.7975,10.4781,3.22998,3.244,1.13896,0.277982,0.0856909,0.19229063391685486,0.232642,1.24112,0.302097,0.72958,,,3.67094,0.310947,0.240942,999,2.68492,-1.17447,0.984353,2.68492,1.17447,3.68753,199.10000000000002,5.105128205128206,193,4.948717948717949,,,,,,,,,,,,,,,,,,,"Ryan Burr","17536",621114
"Sawyer Gipson-Long","DET",1.84244,1.95245,1.39616,4.02116,21.8918,2.77901,0,0.80078,0,35.0225,146.476,33.0097,17.0086,15.6479,4.48997,10.0109,0.590857,1.53952,33.5708,8.62694,2.57257,3.35343,1.15382,0.22919,0.0683451,0.16084536164999008,0.244652,1.22837,0.294429,0.708105,,,3.90541,0.307343,0.242515,721.0900268554688,2.15942,-0.723558,1.0048,2.15942,0.723558,3.66027,160,4.571428571428571,159,4.542857142857143,,,,,,,,,,,,,,,,,,,"Sawyer Gipson-Long","26048",687830
"Graham Ashcraft","CIN",2.86357,3.05282,1.47369,4.38961,37.954,2.47377,0,3.11572,0,52.0584,224.083,52.9472,27.5986,25.3907,6.28746,16.5566,0.304405,3.08958,42.2071,7.29689,2.86234,2.54927,1.08699,0.188355,0.0738857,0.11446891725063324,0.25899,1.33511,0.299211,0.690351,,,4.24721,0.305118,0.214287,722.7899780273438,2.37255,-0.319369,0.598144,2.37255,0.319369,4.20248,209.2,4.023076923076923,218,4.1923076923076925,,,,,,,,,,,,,,,,,,,"Graham Ashcraft","27552",668933
"Calvin Faucher","MIA",2.73727,3.1234,0,4.04406,54.9877,0.118268,16.0627,7.78225,3.60589,58.6103,255.518,56.143,28.626,26.336,5.61207,25.9201,1.62657,2.89861,61.3519,9.42099,3.9802,2.36696,0.86177,0.240108,0.101441,0.1386667713522911,0.247655,1.40015,0.316342,0.720116,,,3.79281,0.299935,0.27446,303.6700134277344,2.51267,0.08348,1.36575,2.51267,-0.08348,3.179,364.20000000000005,6.172881355932204,364,6.169491525423729,,,,,,,,,,,,,,,,,,,"Calvin Faucher","20116",676534
"Hunter Gaddis","CLE",3.88265,3.11242,0.177751,3.7894,56.0884,0.590198,0.671852,19.6561,2.55253,62.2804,256.521,54.797,28.5031,26.2228,8.40666,16.9058,0.79482,3.58229,56.6985,8.19338,2.44302,3.35379,1.21483,0.221029,0.0659042,0.15512466430664062,0.232158,1.15129,0.271403,0.720794,,,4.08738,0.297419,0.323448,699.6699829101562,3.42923,0.568482,0.825627,3.42923,-0.568482,3.89916,353.4,5.699999999999999,342,5.516129032258065,,,,,,,,,,,,,,,,,,,"Hunter Gaddis","25636",683769
"Slade Cecconi","CLE",1.68597,2.82284,0.795353,4.59244,26.0837,3.43561,0,0.981896,0,44.771,187.776,44.7581,24.8319,22.8454,6.89693,10.4957,0.3546,2.23807,40.4929,8.14,2.10987,3.85805,1.38644,0.215645,0.0558949,0.1597503237426281,0.2557,1.23414,0.296597,0.667175,,,4.21349,0.296978,-0.0375955,656.5900268554688,4.62641,-1.06339,0.839979,4.62641,1.06339,3.88003,177.89999999999998,3.9533333333333327,182,4.044444444444444,,,,,,,,,,,,,,,,,,,"Slade Cecconi","27500",677944
"Angel Perdomo","ATL",2.73499,2.81435,0,3.75676,45.2508,0,0.0515099,9.11863,0,47.3347,202.682,38.8832,21.4764,19.7583,5.19146,22.8374,1.59545,3.21723,60.2122,11.4485,4.3422,2.63656,0.987081,0.297078,0.112676,0.1844015121459961,0.220143,1.30392,0.302919,0.739068,,,3.69946,0.295543,0.400036,999,1.34543,-0.762943,0.715463,1.34543,0.762943,4.04605,262.9,5.593617021276596,248,5.276595744680851,,,,,,,,,,,,,,,,,,,"Angel Perdomo","17759",622780
"Nate Pearson","CHC",2.72191,2.47057,0,4.03214,51.0731,0.197169,1.90318,8.75778,2.53913,55.67,234.717,49.6507,27.1099,24.9411,7.56475,20.434,0.936897,2.59196,60.186,9.73007,3.30351,2.94538,1.22297,0.256419,0.0870583,0.1693611741065979,0.234543,1.25893,0.292385,0.722339,,,4.0116,0.294143,0.223053,709.030029296875,2.26838,-0.640017,0.673197,2.26838,0.640017,4.1024,283.0000000000001,5.053571428571431,273,4.875,,,,,,,,,,,,,,,,,,,"Nate Pearson","20160",663878
"Emilio Pagán","CIN",3.22633,3.6632,0,4.328,56.4339,0.225744,2.04333,12.779,2.87546,59.1558,248.172,54.6897,30.921,28.4474,10.0927,19.5171,0.819931,1.82162,61.9057,9.41838,2.96934,3.17188,1.5355,0.249447,0.0786434,0.1708037257194519,0.241101,1.25443,0.28803,0.720503,,,4.37362,0.293188,0.189177,736.4000244140625,1.73971,-0.930676,0.556897,1.73971,0.930676,4.25747,290.6,4.92542372881356,285,4.830508474576271,,,,,,,,,,,,,,,,,,,"Emilio Pagan","14771",641941
"Alexis Díaz","CIN",3.57654,4.01705,0,4.25165,61.683,0,22.3795,3.44956,4.24194,63.5252,274.835,53.6165,32.6192,30.0097,7.96715,31.8892,1.52475,4.92128,67.4849,9.56098,4.51794,2.11623,1.12875,0.245547,0.11603,0.12951648235321045,0.225256,1.34601,0.280794,0.711302,,,4.41063,0.292399,0.265896,146.30999755859375,3.12849,0.42708,1.67739,3.12849,-0.42708,2.76349,379.80000000000007,5.934375000000001,361,5.640625,,,,,,,,,,,,,,,,,,,"Alexis Diaz","21132",664747
"John King","STL",2.70056,2.94796,0,3.67431,54.0628,0,0.0396442,12.1628,3.01962,57.9157,247.572,61.2132,25.7005,23.6445,4.7027,15.7928,1.03468,2.03098,39.0383,6.06648,2.45417,2.47191,0.730791,0.157685,0.0637907,0.09389396756887436,0.266436,1.32962,0.303808,0.728541,,,3.79722,0.292327,0.434896,999,1.55892,-2.27945,0.858157,1.55892,2.27945,3.85579,281.1,4.846551724137932,297,5.120689655172414,,,,,,,,,,,,,,,,,,,"John King","22051",667463
"Josh Winckowski","BOS",2.49672,2.50368,0.100931,4.0241,41.3766,0.783269,0.283284,3.90976,1.05749,51.5611,222.066,53.1668,25.0588,23.0541,5.63049,16.5605,1.45515,2.29599,43.1016,7.52338,2.89064,2.60268,0.982803,0.194093,0.0745746,0.11951885372400284,0.261635,1.35232,0.307723,0.72227,,,4.01135,0.290991,0.385925,999,2.02095,-0.333948,0.715689,2.02095,0.333948,4.04575,218.2,4.196153846153846,227,4.365384615384615,,,,,,,,,,,,,,,,,,,"Josh Winckowski","22387",670174
"Luke Little","CHC",1.9745,1.477,0,3.31913,31.22,0.134388,0,2.83556,0,32.2283,138.477,25.36,12.9191,11.8855,2.15773,16.6735,0.732733,2.65893,38.3899,10.7207,4.6562,2.30245,0.602563,0.27723,0.120407,0.15682332962751389,0.212851,1.30424,0.295206,0.746281,,,3.45405,0.288035,0.380328,999,1.4658,-0.615999,1.05137,1.4658,0.615999,3.59817,175.20000000000002,5.4750000000000005,162,5.0625,,,,,,,,,,,,,,,,,,,"Luke Little","28036",681432
"Manuel Rodríguez","TBR",3.84751,3.61361,0,3.60482,56.9979,0,3.27671,14.666,2.21194,58.6037,249.562,53.6282,25.514,23.4728,5.81077,21.4086,1.38662,3.98887,56.7397,8.71375,3.2878,2.65033,0.892383,0.227357,0.0857846,0.14157241582870483,0.239236,1.28041,0.295874,0.740233,,,3.81922,0.287538,0.489028,746.5,2.41296,1.26866,0.753829,2.41296,-1.26866,3.99489,336.4,5.701694915254237,331,5.610169491525424,,,,,,,,,,,,,,,,,,,"Manuel Rodriguez","20794",655889
"Gabe Speier","SEA",1.62503,2.0205,0,3.86421,47.0209,0,0.00129003,11.6565,1.21252,45.4005,190.269,39.9483,21.188,19.493,5.27252,15.9305,1.63766,2.27481,49.6302,9.83848,3.158,3.11541,1.0452,0.260842,0.0837264,0.1771157681941986,0.232172,1.2308,0.295967,0.715314,,,3.69287,0.287226,0.0842225,999,3.0601,-0.677877,0.921721,3.0601,0.677877,3.77104,261.5,5.811111111111111,254,5.644444444444445,,,,,,,,,,,,,,,,,,,"Gabe Speier","17170",642100
"Craig Yoho","MIL",1.93448,1.99888,0,3.7347,34.4527,0,0,2.42852,0,35.9643,152.936,30.8871,16.2217,14.924,3.55683,15.5028,0,1.88947,40.0013,10.0102,3.87954,2.58026,0.890089,0.261556,0.101368,0.16018828004598618,0.227876,1.28989,0.297116,0.728518,,,3.67846,0.284699,0.30134,999,1.5028,-1.95242,0.954906,1.5028,1.95242,3.72679,170.60000000000005,4.738888888888891,162,4.5,,,,,,,,,,,,,,,,,,,"Craig Yoho","sa3023032",684974
"Daysbel Hernández","ATL",3.6423,1.88908,0,3.77405,42.5429,0,0.265247,7.81705,1.46497,45.4587,198.616,40.0793,20.7202,19.0626,4.39098,23.7872,1.24187,2.46493,52.7774,10.449,4.70943,2.21873,0.869334,0.265726,0.119765,0.14596102386713028,0.232527,1.40493,0.309806,0.747521,,,3.83267,0.283032,0.291351,748.5499877929688,2.22633,-1.38027,0.667406,2.22633,1.38027,4.11013,239.8,5.328888888888889,233,5.177777777777778,,,,,,,,,,,,,,,,,,,"Daysbel Hernandez","20271",678226
"Shane Smith","CHW",2.33414,3.7797,1.07226,4.23559,41.6944,3.694,0.162481,5.23063,0.789833,62.316,266.373,58.2672,31.8774,29.3272,7.99064,23.1206,0,3.64561,58.6572,8.47158,3.3392,2.53701,1.15405,0.220207,0.0867978,0.13340920209884644,0.243178,1.30605,0.290685,0.705267,,,4.23944,0.282951,0.243358,663.260009765625,2.67398,-0.650052,0.542192,2.67398,0.650052,4.27708,266.59999999999997,4.3,263,4.241935483870968,,,,,,,,,,,,,,,,,,,"Shane Smith","sa3020469",681343
"Kyle Bradish","BAL",0.802113,0.732511,0.892142,3.4047,6.13674,1.80261,0,0.222202,0,13.7139,56.4112,11.5613,5.63909,5.18796,1.33247,4.2635,0.0625616,0.679044,14.7771,9.69775,2.798,3.46595,0.874457,0.261953,0.0755789,0.18637406826019287,0.224628,1.15392,0.289284,0.729669,,,3.35574,0.27593,0.210964,672.0999755859375,2.09874,3.0739,1.35124,2.09874,-3.0739,3.19835,75.10000000000002,5.364285714285716,72,5.142857142857143,,,,,,,,,,,,,,,,,,,"Kyle Bradish","24586",680694
"Dylan Floro","ATH",3.32608,3.39696,0,3.90429,53.5031,0,0.825844,7.14424,1.89509,55.7035,236.647,56.0457,26.266,24.1647,5.22292,16.6746,1.32625,1.82989,43.3604,7.00574,2.69412,2.60038,0.843866,0.183228,0.0704619,0.11276615411043167,0.256922,1.30549,0.299734,0.710221,,,3.82516,0.275389,0.326689,999,2.28417,-0.803089,0.726771,2.28417,0.803089,4.03097,269.30000000000007,4.808928571428573,277,4.946428571428571,,,,,,,,,,,,,,,,,,,"Dylan Floro","13394",571670
"José Buttó","NYM",4.30816,3.06405,0.0850139,3.72915,50.2107,0.88304,1.38158,12.5055,1.82495,62.8952,265.201,52.4724,28.3268,26.0607,7.29231,26.5043,0.992965,3.199,63.1318,9.03386,3.79264,2.38195,1.04349,0.238053,0.0999406,0.1381124183535576,0.222815,1.25569,0.273697,0.736539,,,4.08302,0.272634,0.556094,662.0900268554688,1.49222,-0.542293,0.608806,1.49222,0.542293,4.18826,337.90000000000003,5.363492063492064,317,5.031746031746032,,,,,,,,,,,,,,,,,,,"Jose Butto","23313",676130
"Abner Uribe","MIL",2.04941,1.95075,0,3.77802,38.1583,0,2.31737,5.65539,2.19129,40.4734,176.999,32.6414,18.4673,16.9899,3.13719,24.6521,1.84951,1.92778,46.0054,10.2301,5.48184,1.86619,0.697611,0.259919,0.139278,0.12064099311828613,0.217003,1.41558,0.291324,0.733935,,,3.87095,0.266444,0.311808,620.9099731445312,2.37652,-0.448004,0.863754,2.37652,0.448004,3.84833,218.3,5.4575000000000005,206,5.15,,,,,,,,,,,,,,,,,,,"Abner Uribe","25327",682842
"Derek Law","WSN",4.37528,4.10225,0,3.78991,63.9141,0.172601,4.02389,16.5293,3.02825,69.3011,294.808,67.0181,31.7204,29.1828,7.4058,23.4011,0.739403,2.72253,59.217,7.69039,3.03905,2.53053,0.961776,0.200866,0.0793773,0.12148900330066681,0.249431,1.30473,0.29502,0.733266,,,3.97761,0.266212,0.414572,721.8400268554688,2.1465,-0.852849,0.640553,2.1465,0.852849,4.14593,378.3,5.482608695652174,382,5.536231884057971,,,,,,,,,,,,,,,,,,,"Derek Law","13133",571882
"Joe Kelly",,1.32981,1.95791,0,3.84095,29.737,0,0.389987,5.96805,2.29203,29.9171,128.724,25.0335,13.8781,12.7678,2.48898,14.3878,0.492985,2.24368,35.3393,10.6312,4.32831,2.4562,0.748764,0.274536,0.111773,0.16276302933692932,0.22333,1.31769,0.303573,0.710784,,,3.5533,0.265929,0.167593,999,2.78362,-0.562207,1.01987,2.78362,0.562207,3.64017,178.4,5.946666666666667,170,5.666666666666667,,,,,,,,,,,,,,,,,,,"Joe Kelly","9761",523260
"Brandon Sproat","NYM",1.19273,1.48319,1.82073,4.38276,5.26932,5.26932,0,0,0,28.0894,119.434,26.6822,14.8683,13.6788,3.91569,9.88977,0,1.1221,24.8404,7.95898,3.16873,2.51172,1.25461,0.207984,0.0828051,0.12517843395471573,0.246094,1.30198,0.285773,0.698092,,,4.38612,0.265641,0.238611,999,1.53691,-0.260161,1.03652,1.53691,0.260161,3.61797,104.80000000000005,3.7428571428571447,105,3.75,,,,,,,,,,,,,,,,,,,"Brandon Sproat","sa3023499",687075
"Jordan Wicks","CHC",2.81006,2.79252,2.55449,4.44724,16.8884,7.8772,0,0.638335,0,48.1864,207.243,47.76,25.8812,23.8107,6.93415,17.4418,0.421874,1.81883,42.4964,7.93725,3.25769,2.43646,1.29512,0.205056,0.0841612,0.12089451402425766,0.254066,1.35312,0.294661,0.708555,,,4.47252,0.265223,0.290211,677.4500122070312,3.46257,-0.633143,0.593762,3.46257,0.633143,4.20832,175.3,3.6520833333333336,180,3.75,,,,,,,,,,,,,,,,,,,"Jordan Wicks","30094",696136
"Garrett Cleavinger","TBR",4.60222,4.00099,0,3.88257,57.9432,0,2.4472,15.188,2.9515,57.9028,247.672,48.56,27.1512,24.9791,6.868,26.6749,0.754809,3.93939,67.2356,10.4506,4.14616,2.52055,1.06751,0.271471,0.107703,0.16376791894435883,0.22372,1.29933,0.291647,0.732764,,,3.97224,0.264508,0.330929,738.6599731445312,1.4025,-0.461282,0.495089,1.4025,0.461282,4.33988,326.70000000000005,5.632758620689656,310,5.344827586206897,,,,,,,,,,,,,,,,,,,"Garrett Cleavinger","17897",664076
"José Suarez","LAA",2.94101,3.48765,0.638271,4.50419,42.023,3.7254,2.05713,6.56319,1.5028,63.2125,273.421,61.3232,34.3866,31.6357,9.23346,24.6101,0.652964,3.22904,61.9847,8.82518,3.50391,2.51867,1.31463,0.226701,0.0900082,0.13669263571500778,0.249706,1.35943,0.298743,0.706057,,,4.42546,0.261845,0.121203,999,5.42959,-0.428063,0.4443,5.42959,0.428063,4.4076,274.9000000000001,4.363492063492065,276,4.380952380952381,,,,,,,,,,,,,,,,,,,"Jose Suarez","19911",660761
"Kody Funderburk","MIN",1.71332,0.941412,0,4.15298,33.7217,0,0.422893,4.84137,0,37.9093,164.609,36.1273,19.0141,17.4929,3.22922,15.694,0.599519,2.47202,38.0338,9.02955,3.72591,2.42345,0.766646,0.231055,0.0953411,0.13571350276470184,0.246698,1.36698,0.312778,0.693594,,,3.70488,0.261753,0.0487452,999,3.03311,-0.639978,0.839166,3.03311,0.639978,3.88111,192.70000000000002,5.071052631578948,193,5.078947368421052,,,,,,,,,,,,,,,,,,,"Kody Funderburk","24993",681892
"Tyler Ferguson","ATH",3.2527,3.44534,0,4.11936,58.4409,0,1.69669,15.2307,2.30608,62.9395,272.703,54.1135,31.3129,28.8078,6.83503,31.12,1.62739,4.3161,68.4561,9.78885,4.44999,2.19975,0.977372,0.251028,0.114117,0.13691109418869019,0.22807,1.35421,0.291885,0.712628,,,4.09199,0.258364,0.186298,750.030029296875,1.46072,-0.353186,0.457288,1.46072,0.353186,4.39028,340.70000000000005,5.407936507936508,325,5.158730158730159,,,,,,,,,,,,,,,,,,,"Tyler Ferguson","19481",621053
"Carson Whisenhunt","SFG",1.18742,1.37787,1.56666,4.05596,14.0283,3.43634,0,0.566435,0,28.3732,122.029,26.4316,13.8986,12.7867,3.22206,11.6575,0,1.37423,28.1176,8.91891,3.69777,2.41197,1.02204,0.230416,0.0955302,0.13488614559173584,0.242497,1.34243,0.298869,0.720422,,,4.03867,0.257141,0.221396,999,2.88919,-1.1331,1.03276,2.88919,1.1331,3.62298,123.70000000000005,4.4178571428571445,122,4.357142857142857,,,,,,,,,,,,,,,,,,,"Carson Whisenhunt","sa3020529",687931
"Carmen Mlodzinski","PIT",3.94121,4.27729,0,4.01117,51.2757,0.723404,0.884891,10.4217,1.65224,57.384,247.187,54.5413,27.7991,25.5752,5.74385,23.0166,1.12323,2.64188,52.1132,8.17334,3.60988,2.26416,0.900855,0.210825,0.0931139,0.11771106719970703,0.246204,1.35156,0.298142,0.715783,,,3.99282,0.252709,0.317693,749.3300170898438,1.68372,-0.0239845,0.558982,1.68372,0.0239845,4.25469,275.99999999999994,4.842105263157894,278,4.87719298245614,,,,,,,,,,,,,,,,,,,"Carmen Mlodzinski","27572",669387
"Jonathan Loáisiga","NYY",2.36513,1.72437,0,3.5554,30.6754,0,0.354972,4.09774,1.78137,33.9863,142.765,32.3388,14.5936,13.4261,3.34968,9.9824,0.554617,1.54406,26.7294,7.0783,2.64347,2.67766,0.887037,0.187226,0.0699218,0.11730470508337021,0.246412,1.24525,0.286568,0.736816,,,3.89225,0.25173,0.280096,750.3800048828125,1.92533,-0.175541,1.09898,1.92533,0.175541,3.53469,165.5,4.867647058823529,165,4.852941176470588,,,,,,,,,,,,,,,,,,,"Jonathan Loaisiga","19753",642528
"Keaton Winn","SFG",2.16432,2.85268,1.3153,4.35512,22.4015,2.42579,0.0304602,0.70722,0,36.2255,152.888,34.6214,19.0539,17.5296,4.1855,10.8358,0.436726,2.01424,32.8699,8.16634,2.69209,3.03346,1.03986,0.214994,0.0708743,0.14411986619234085,0.24723,1.25484,0.295546,0.666792,,,3.91793,0.251491,0.094171,710.1199951171875,3.84911,-0.387994,0.903071,3.84911,0.387994,3.79591,157.20000000000005,4.366666666666668,159,4.416666666666667,,,,,,,,,,,,,,,,,,,"Keaton Winn","23499",676775
"Adam Mazur","MIA",2.00987,3.635,2.05606,5.24496,8.39031,7.50889,0,0,0,39.138,170.842,42.4367,24.7919,22.8085,6.13884,12.9635,0.291729,1.55015,29.1785,6.70976,2.98102,2.25082,1.41166,0.170792,0.07588,0.09491250663995743,0.271459,1.41551,0.299956,0.653942,,,4.82698,0.249181,0.00926066,745.9500122070312,3.03806,-1.20331,0.664265,3.03806,1.20331,4.11431,118.60000000000001,3.0410256410256413,130,3.3333333333333335,,,,,,,,,,,,,,,,,,,"Adam Mazur","31900",800049
"Bobby Miller","LAD",2.6799,2.14752,1.72937,4.23849,27.808,4.14122,0,0.684135,0,46.4371,198.02,43.1362,23.7709,21.8693,6.19094,17.0939,0.474101,2.1657,45.8476,8.88574,3.31297,2.6821,1.19987,0.23153,0.0863239,0.14520569890737534,0.241307,1.29702,0.291545,0.707083,,,4.16925,0.248525,0.204562,443.6199951171875,3.29022,-0.610897,0.68879,3.29022,0.610897,4.08161,193.8,4.21304347826087,191,4.1521739130434785,,,,,,,,,,,,,,,,,,,"Bobby Miller","27483",676272
"Jorge Alcala","MIN",3.30776,3.31618,0,4.05607,56.0486,0,0.0375315,14.4481,1.67633,60.0388,251.691,51.6753,29.4108,27.0579,8.3839,22.6308,1.03182,2.67208,62.3275,9.34308,3.39243,2.75409,1.25677,0.247635,0.0899151,0.15771957486867905,0.22826,1.23764,0.278085,0.717537,,,4.16991,0.246775,0.181474,999,2.30576,-0.557894,0.590911,2.30576,0.557894,4.21212,312.40000000000003,5.206666666666667,298,4.966666666666667,,,,,,,,,,,,,,,,,,,"Jorge Alcala","19459",660896
"Jhony Brito","SDP",2.77129,2.63436,0.335488,4.23449,28.0242,2.83704,0.0271732,1.08345,1.23291,44.7853,191.411,45.624,22.9038,21.0715,5.5845,13.919,0.906458,1.54302,33.8342,6.79927,2.79714,2.4308,1.12225,0.176762,0.0727175,0.10404400527477264,0.259302,1.32952,0.293264,0.70835,,,4.3123,0.245292,0.213442,999,2.92438,-2.5334,0.760213,2.92438,2.5334,3.98638,163.6,3.6355555555555554,171,3.8,,,,,,,,,,,,,,,,,,,"Jhony Brito","25386",666745
"Anthony Banda","LAD",2.97391,2.09072,0.408028,4.01301,49.3251,0.58501,0.357956,9.48776,1.01592,52.6403,227.205,50.3767,25.5128,23.4718,6.28951,20.7934,2.42964,2.8517,52.857,9.03705,3.55508,2.54201,1.07533,0.23264,0.0915181,0.14112205058336258,0.247478,1.35201,0.305284,0.7321,,,4.05904,0.245278,0.214929,999,1.82087,-0.0627681,0.611581,1.82087,0.0627681,4.18456,258.40000000000003,4.875471698113208,257,4.849056603773585,,,,,,,,,,,,,,,,,,,"Anthony Banda","14706",607455
"Brusdar Graterol","LAD",1.13692,0.819834,0,3.13291,19.6707,0.0427016,0.597285,3.66312,0.892527,20.4194,84.0676,18.3135,7.72611,7.10802,1.44591,5.45348,0.342507,0.880088,16.9387,7.46583,2.40366,3.10603,0.637293,0.201489,0.0648702,0.1366184577345848,0.235592,1.16394,0.284208,0.737758,,,3.35846,0.244349,0.250759,999,0.83184,0.483268,1.35502,0.83184,-0.483268,3.19331,125.89999999999999,6.295,124,6.2,,,,,,,,,,,,,,,,,,,"Brusdar Graterol","20367",660813
"Randy Rodríguez","SFG",2.75332,2.36872,0,4.15978,40.847,0.273684,0.0290151,6.93147,1.39432,48.0399,207.747,43.7957,24.1347,22.2039,4.92077,21.3547,0.699069,2.80058,48.1572,9.02198,4.00069,2.25511,0.92188,0.231807,0.102792,0.12901482731103897,0.23855,1.35617,0.297861,0.703996,,,4.00165,0.243412,0.102605,999,1.40814,0.000745762,0.625843,1.40814,-0.000745762,4.16554,231.30000000000004,4.8187500000000005,227,4.729166666666667,,,,,,,,,,,,,,,,,,,"Randy Rodriguez","23974",678495
"Angel Zerpa","KCR",2.434,1.61095,0,3.91189,50.8542,0.127885,0.32399,11.4194,0.615032,53.5148,229.747,53.9042,25.2831,23.2605,5.46865,17.6691,1.05822,2.44577,47.1761,7.93397,2.97155,2.66998,0.919706,0.205339,0.0769067,0.1284324824810028,0.257137,1.33745,0.308531,0.724221,,,3.85946,0.241441,0.322446,750.260009765625,2.78835,-0.405486,0.732311,2.78835,0.405486,4.02358,275.70000000000005,5.105555555555556,283,5.2407407407407405,,,,,,,,,,,,,,,,,,,"Angel Zerpa","22717",672582
"Jalen Beeks","HOU",3.13043,3.00698,0,4.11362,44.1561,0.612367,0.433864,7.3256,2.31771,47.2873,204.094,46.1044,23.493,21.6136,5.36397,18.3785,0.880754,2.00442,43.7161,8.3203,3.49791,2.37865,1.0209,0.214197,0.0900495,0.12414702028036118,0.250962,1.36364,0.302609,0.719458,,,4.08529,0.240518,0.140776,999,2.05036,0.0735712,0.657762,2.05036,-0.0735712,4.12298,222.70000000000002,4.738297872340426,226,4.808510638297872,,,,,,,,,,,,,,,,,,,"Jalen Beeks","17192",656222
"Noah Cameron","KCR",1.09139,1.48351,0.523905,3.99708,17.712,1.61735,0,0.727663,0,23.4789,99.3167,23.1085,11.3342,10.4274,2.71702,6.93626,0,0.948332,22.4424,8.6027,2.65883,3.23552,1.0415,0.225968,0.0698399,0.15612859278917313,0.25274,1.27965,0.307691,0.713031,,,3.7666,0.23904,0.189326,618.5,1.90323,-0.290057,1.14903,1.90323,0.290057,3.46796,97.50000000000001,4.239130434782609,100,4.3478260869565215,,,,,,,,,,,,,,,,,,,"Noah Cameron","sa3018097",702070
"Hans Crouse","LAA",4.2249,3.08759,0,4.17241,49.0926,0,0.387037,7.52195,1.5186,51.7089,221.913,43.9326,26.0569,23.9723,7.09288,25.0668,1.39482,2.44024,61.4252,10.6911,4.36291,2.45046,1.23452,0.276799,0.112958,0.16384098678827286,0.225984,1.33438,0.29264,0.726985,,,4.16975,0.236735,0.13047,999,2.57083,1.27754,0.425932,2.57083,-1.27754,4.43209,257.30000000000007,4.948076923076925,242,4.653846153846154,,,,,,,,,,,,,,,,,,,"Hans Crouse","22192",668968
"Seranthony Domínguez","BAL",4.14618,3.58867,0,3.88225,60.3601,0,5.31772,13.9112,3.58467,60.2088,254.566,52.8858,28.2302,25.9718,8.2963,23.4023,0.709727,3.07053,65.4592,9.78482,3.49817,2.79712,1.24013,0.25714,0.0919301,0.16520988196134567,0.23186,1.26706,0.288908,0.743088,,,4.10242,0.236693,0.228988,574.5900268554688,1.76853,-1.39464,0.638069,1.76853,1.39464,4.14924,340.8,5.680000000000001,329,5.483333333333333,,,,,,,,,,,,,,,,,,,"Seranthony Dominguez","19249",622554
"Brennan Bernardino","BOS",2.58857,2.15601,0,3.98035,43.0587,0.667291,0.0337137,9.81171,0.572982,43.1453,186.763,41.0749,20.7407,19.0815,4.80268,16.7809,3.24189,3.35472,44.7329,9.33117,3.50046,2.6657,1.00183,0.239516,0.0898512,0.14966510981321335,0.246507,1.34095,0.309775,0.725868,,,3.94005,0.234318,0.284672,999,2.06104,-1.24815,0.74892,2.06104,1.24815,4.00144,220.1,5.118604651162791,220,5.116279069767442,,,,,,,,,,,,,,,,,,,"Brennan Bernardino","16835",657514
"Yilber Diaz","ARI",3.06885,2.8052,1.61907,4.15978,31.6648,3.27119,0,0.995987,0,51.4394,221.132,46.0994,25.8426,23.7752,5.84644,23.194,0.838857,2.1499,53.9141,9.43298,4.05809,2.32449,1.02291,0.24381,0.104888,0.13892211765050888,0.235456,1.34709,0.295918,0.711045,,,4.02588,0.234131,0.291352,736.1199951171875,1.37665,-1.69581,0.547471,1.37665,1.69581,4.27004,221.00000000000003,4.333333333333334,214,4.196078431372549,,,,,,,,,,,,,,,,,,,"Yilber Diaz","29271",700270
"John Means","CLE",1.8138,1.41448,1.44424,3.2915,6.30154,5.23813,0,0,0,26.4401,106.201,21.8281,10.5106,9.66975,3.96328,6.41689,0.220441,1.01493,20.1593,6.86205,2.18426,3.1416,1.34907,0.189822,0.0604223,0.12940018251538277,0.221002,1.06826,0.239327,0.781375,,,4.43347,0.233639,0.489618,749.0700073242188,1.5347,-0.0453424,1.34313,1.5347,0.0453424,3.20916,104.99999999999999,4.038461538461538,97,3.730769230769231,,,,,,,,,,,,,,,,,,,"John Means","16269",607644
"Tink Hence","STL",1.30754,1.39897,1.36901,4.32967,3.81945,3.81945,0,0,0,20.9687,88.9869,20.217,10.9647,10.0875,2.74524,7.11194,0.175226,0.638969,18.0643,7.75339,3.05252,2.54,1.17829,0.203,0.0799212,0.12307863682508469,0.248867,1.30332,0.28914,0.696777,,,4.25439,0.230147,0.203969,999,1.69846,1.00975,1.12875,1.69846,-1.00975,3.495,78.5,3.738095238095238,78,3.7142857142857144,,,,,,,,,,,,,,,,,,,"Tink Hence","sa3014709",693311
"Cooper Criswell","BOS",1.65139,1.68101,0.539907,4.40023,18.5963,2.92889,0,0.869159,0.210078,33.6178,145.037,35.2213,17.8654,16.4362,3.82489,9.62377,0.501171,2.36465,26.118,6.9922,2.57643,2.71391,1.02398,0.180078,0.0663537,0.1137240007519722,0.264724,1.33397,0.304506,0.683197,,,4.16157,0.229578,0.216055,750.4000244140625,1.41443,-0.0675602,0.929872,1.41443,0.0675602,3.76017,131.40000000000003,3.864705882352942,138,4.0588235294117645,,,,,,,,,,,,,,,,,,,"Cooper Criswell","24975",681867
"Justin Wilson","BOS",1.82564,3.26727,0,4.44008,50.8714,0,0.404279,9.40388,1.15638,49.1416,211.24,49.3795,26.3518,24.2436,7.20747,16.7988,0.836325,2.05998,50.7898,9.30186,3.0766,3.02343,1.32001,0.240436,0.0795244,0.16091179847717285,0.256675,1.34668,0.313817,0.710074,,,4.15737,0.229337,0.068462,999,3.465,-0.00229219,0.627314,3.465,0.00229219,4.16358,230.1,4.6959183673469385,235,4.795918367346939,,,,,,,,,,,,,,,,,,,"Justin Wilson","4301",458677
"Trevor Rogers","BAL",1.84171,2.76626,1.7262,4.41997,18.2339,5.30198,0,0.554602,0,41.134,178.249,41.1436,21.9578,20.2012,5.0701,15.5993,0.453547,1.80656,35.4964,7.76651,3.41308,2.27551,1.10932,0.199139,0.0875139,0.11162498593330383,0.255799,1.37947,0.29992,0.700679,,,4.3124,0.228722,0.123225,710.5499877929688,4.18922,-1.18568,0.751705,4.18922,1.18568,3.99773,155.30000000000004,3.7878048780487816,160,3.902439024390244,,,,,,,,,,,,,,,,,,,"Trevor Rogers","22286",669432
"Louis Varland","MIN",2.91739,3.68261,1.08941,4.41782,40.4978,2.96391,0.170321,4.17693,0,58.4249,248.525,58.3214,31.1728,28.679,8.51131,17.5602,0.89768,2.62748,57.0442,8.78731,2.70504,3.2485,1.31112,0.229531,0.0706574,0.15887314081192017,0.255417,1.29879,0.305992,0.698949,,,4.14417,0.223246,0.0339808,742.0700073242188,5.59128,-0.562771,0.484963,5.59128,0.562771,4.35338,234.70000000000005,4.046551724137932,240,4.137931034482759,,,,,,,,,,,,,,,,,,,"Louis Varland","27691",686973
"John Brebbia","DET",2.00226,2.95961,0,4.27938,46.5247,0.747389,0.323952,9.55434,2.11243,46.975,197.78,43.6029,24.2782,22.336,6.87474,15.5748,0.924118,1.9049,50.1896,9.61588,2.984,3.22248,1.31714,0.253765,0.0787483,0.175016388297081,0.241835,1.25977,0.298032,0.704285,,,4.04847,0.222632,0.0415063,999,2.91693,-0.466215,0.754624,2.91693,0.466215,3.99384,233.30000000000004,4.963829787234044,230,4.8936170212765955,,,,,,,,,,,,,,,,,,,"John Brebbia","12777",605154
"Luis Peralta","COL",1.60725,2.41931,0,4.40148,57.0794,0,1.74925,10.9316,0,57.83,259.097,55.2325,30.7412,28.2819,5.95297,31.2057,0.837316,4.37363,64.6555,10.0622,4.85651,2.07191,0.926453,0.249541,0.12044,0.12910113483667374,0.247106,1.4947,0.322279,0.713113,,,4.11436,0.220291,0.315561,748.780029296875,3.03687,0.626233,0.652743,3.03687,-0.626233,4.12968,291.40000000000003,5.024137931034483,291,5.017241379310345,,,,,,,,,,,,,,,,,,,"Luis Peralta","24203",678821
"Adam Ottavino","BOS",1.76011,2.13399,0,4.18075,38.1993,0,1.1107,6.49262,1.73577,38.7059,167.004,35.3275,19.5434,17.9799,4.25183,16.0785,0.833533,3.165,40.4244,9.3996,3.73861,2.5142,0.988649,0.242057,0.0962761,0.1457809880375862,0.239087,1.32812,0.30146,0.700994,,,3.99724,0.218906,0.122692,999,1.66935,0.809576,0.848541,1.66935,-0.809576,3.86861,200.40000000000003,5.13846153846154,195,5,,,,,,,,,,,,,,,,,,,"Adam Ottavino","1247",493603
"Danny Young","NYM",3.41176,1.88889,0,3.91261,46.532,0,0,9.48744,0,47.1261,203.91,40.9325,22.2688,20.4873,4.45656,20.9512,0.882979,4.88888,52.0794,9.94597,4.0012,2.48575,0.851101,0.255405,0.102748,0.1526568904519081,0.229868,1.31315,0.300131,0.711928,,,3.83059,0.218838,0.255647,999,1.94052,-0.394239,0.661102,1.94052,0.394239,4.11853,254.00000000000003,5.404255319148937,245,5.212765957446808,,,,,,,,,,,,,,,,,,,"Danny Young","18439",664849
"Drew Rom","STL",0.648624,0.85679,0,4.32431,3.67917,1.87487,0,0,0,12.8184,55.7745,12.8389,6.69453,6.15897,1.04574,5.14881,0.207703,0.485305,12.3957,8.70324,3.61506,2.40749,0.734228,0.222247,0.0923148,0.12993238121271133,0.256058,1.40327,0.321348,0.683453,,,3.61158,0.217261,0.0851113,999,1.54576,-0.558714,1.23996,1.54576,0.558714,3.34672,59.10000000000001,4.546153846153847,61,4.6923076923076925,,,,,,,,,,,,,,,,,,,"Drew Rom","24602",680723
"Alex Wood",,2.25806,2.95903,1.71813,4.74972,9.36701,7.36414,0,0,0,40.45,178.24,42.2965,23.2037,21.3474,5.5947,15.0753,0.594862,3.15854,32.519,7.23538,3.35421,2.1571,1.2448,0.182445,0.0845788,0.097866490483284,0.264343,1.41834,0.3011,0.689719,,,4.70899,0.216616,0.162895,999,2.36391,-0.18069,0.663349,2.36391,0.18069,4.11553,124.99999999999999,3.1249999999999996,134,3.35,,,,,,,,,,,,,,,,,,,"Alex Wood","13781",622072
"Jake Cousins","NYY",2.7713,2.18745,0,3.78867,46.9582,0,1.18987,10.9431,1.06794,49.1894,211.664,39.5794,22.5075,20.7069,5.67026,25.1518,1.11714,3.79217,59.3426,10.8577,4.60193,2.35938,1.03747,0.280362,0.118829,0.1615334451198578,0.216612,1.31596,0.28808,0.743468,,,4.01748,0.214783,0.259918,999,1.31282,-0.0523431,0.706495,1.31282,0.0523431,4.05801,264.8,5.404081632653061,247,5.040816326530612,,,,,,,,,,,,,,,,,,,"Jake Cousins","21620",664776
"Mike Burrows","PIT",3.11892,1.78941,0.76059,4.42098,25.2267,1.61114,0,1.14203,0,37.0144,159.494,35.9056,19.7633,18.1822,4.75781,14.3121,0.395017,1.56454,33.7219,8.19942,3.47996,2.35618,1.15685,0.21143,0.0897342,0.12169583886861801,0.250008,1.3567,0.296256,0.699188,,,4.30219,0.213383,0.101785,748.5,1.36309,-0.81586,0.733254,1.36309,0.81586,4.02233,142.70000000000002,3.856756756756757,144,3.891891891891892,,,,,,,,,,,,,,,,,,,"Mike Burrows","24728",681347
"Connor Thomas","MIL",1.81052,2.07573,0,4.03456,33.7409,0,0,2.98076,0,38.0941,164.076,41.1841,18.5619,17.077,3.74345,10.4341,0.592879,1.60425,28.8194,6.80877,2.46513,2.76203,0.884417,0.175646,0.063593,0.11205300688743591,0.27088,1.35502,0.313376,0.712767,,,3.87896,0.213264,0.100375,999,1.73562,-0.339759,0.925052,1.73562,0.339759,3.7666,159.4,4.1947368421052635,172,4.526315789473684,,,,,,,,,,,,,,,,,,,"Connor Thomas","sa3010784",671162
"Joey Estes","ATH",5.64562,7.69861,6.37814,5.20535,25.5971,19.3728,0,0.526095,0,106.094,452.239,108.704,66.6976,61.3618,21.3846,27.0691,2.13463,7.73278,83.1357,7.05244,2.29629,3.07124,1.81406,0.183831,0.0598558,0.1239754781126976,0.260407,1.27974,0.279049,0.652672,,,5.20367,0.212581,-0.169823,735.8099975585938,5.59915,-1.01725,1.16854,5.59915,1.01725,3.44195,307.70000000000016,2.9028301886792467,322,3.0377358490566038,,,,,,,,,,,,,,,,,,,"Joey Estes","26257",683155
"Walter Pennington","TEX",2.32191,1.76835,0,3.92615,32.0557,0.064428,0,1.96754,0.961591,35.0757,150.784,32.7344,16.6319,15.3014,3.10276,14.1773,0.640976,1.80182,33.4163,8.57422,3.63773,2.35703,0.796132,0.221617,0.0940241,0.12759315967559814,0.242829,1.33744,0.301485,0.71133,,,3.77775,0.211671,0.108572,999,1.81006,-1.14024,0.903671,1.81006,1.14024,3.79511,162.3,4.637142857142858,162,4.628571428571429,,,,,,,,,,,,,,,,,,,"Walter Pennington","27624",679156
"Justin Topa","MIN",2.35051,1.68639,0,3.69495,37.4735,0,0.332718,7.01604,1.49418,39.0292,165.872,37.7038,17.4168,16.0234,3.65711,12.6521,1.09568,1.94061,34.038,7.84903,2.91752,2.69031,0.843315,0.205207,0.0762762,0.12893056869506836,0.249234,1.29021,0.29975,0.728162,,,3.76204,0.208886,0.312336,999,1.5456,-0.690186,0.972406,1.5456,0.690186,3.70346,191.60000000000002,4.912820512820513,194,4.9743589743589745,,,,,,,,,,,,,,,,,,,"Justin Topa","15145",623437
"Tyson Miller","CHC",3.96489,2.35121,0,3.9161,51.6277,0,1.32985,13.1951,1.94461,56.8673,237.889,51.5102,26.8959,24.7442,7.14958,17.6366,0.804813,3.25867,51.7435,8.18909,2.79123,2.93387,1.13152,0.217511,0.0741379,0.14337285608053207,0.237381,1.21593,0.280584,0.714454,,,4.08341,0.203337,0.276976,750.5999755859375,2.34488,0.711999,0.719278,2.34488,-0.711999,4.04096,298.49999999999994,5.236842105263157,292,5.12280701754386,,,,,,,,,,,,,,,,,,,"Tyson Miller","19976",668338
"Jacob Webb","TEX",2.34904,3.61213,0,4.13512,59.6562,0,4.1568,14.5588,0.702679,60.716,260.209,53.3317,30.3222,27.8965,7.59151,27.4982,1.64379,2.69603,60.9711,9.03781,4.07609,2.21728,1.1253,0.234315,0.105677,0.12863824516534805,0.231862,1.33128,0.283304,0.719464,,,4.27542,0.201928,0.150617,745.7899780273438,1.52922,1.70446,0.684261,1.52922,-1.70446,4.08765,327.2000000000001,5.36393442622951,313,5.131147540983607,,,,,,,,,,,,,,,,,,,"Jacob Webb","19274",657097
"Cionel Pérez","BAL",2.88036,2.0169,0,3.82279,54.4012,0,0.594133,14.3828,0.785801,53.0511,231.955,49.6326,24.4931,22.5337,3.87225,25.0598,1.10237,2.88438,46.979,7.96988,4.25134,1.87467,0.656919,0.202535,0.108037,0.09449734538793564,0.243284,1.40793,0.298775,0.724677,,,3.9245,0.201586,0.280691,999,2.00661,-1.97767,0.732103,2.00661,1.97767,4.02386,284.00000000000006,5.358490566037737,284,5.3584905660377355,,,,,,,,,,,,,,,,,,,"Cionel Perez","19614",672335
"Ryan Zeferjahn","LAA",1.65329,2.62886,0,4.45267,47.7209,0,0.642068,6.95467,0.78142,57.0072,249.045,51.8933,30.6563,28.2038,6.99141,26.9103,1.84146,4.35065,60.1607,9.49785,4.24846,2.2356,1.10377,0.241565,0.108054,0.1335112750530243,0.238278,1.38234,0.29809,0.697629,,,4.29528,0.201183,-0.111255,744.260009765625,2.8483,1.68189,0.538002,2.8483,-1.68189,4.28266,260.49999999999994,4.570175438596491,254,4.456140350877193,,,,,,,,,,,,,,,,,,,"Ryan Zeferjahn","25420",666171
"Forrest Whitley","HOU",2.41153,1.61195,0,3.99539,40.253,0,0,5.45404,0,42.9391,186.73,38.32,20.7196,19.0621,4.67876,19.834,0.519058,3.62292,45.7435,9.5878,4.1572,2.30631,0.980666,0.244972,0.106218,0.1387537568807602,0.234699,1.35434,0.298104,0.72542,,,4.09123,0.200799,0.0884877,999,2.00858,-1.26412,0.742771,2.00858,1.26412,4.00964,197.89999999999998,4.602325581395348,190,4.4186046511627906,,,,,,,,,,,,,,,,,,,"Forrest Whitley","19586",666215
"Hunter Bigge","TBR",2.05144,1.85575,0,4.16738,48.7764,0.0954651,0.0660866,7.50064,0,50.2582,217.315,45.1555,25.2953,23.2717,6.50448,23.8957,0.784374,2.01204,55.4991,9.93851,4.27912,2.32256,1.16479,0.255386,0.109959,0.14542704820632935,0.235914,1.37393,0.298686,0.729935,,,4.18687,0.200458,0.106879,668.3800048828125,1.68561,1.11315,0.61647,1.68561,-1.11315,4.17804,230.89999999999998,4.617999999999999,223,4.46,,,,,,,,,,,,,,,,,,,"Hunter Bigge","26259",685801
"Josh Sborz","TEX",2.34522,2.26878,0,4.13738,29.0774,0,1.27724,5.69907,1.03969,31.6802,134.095,28.3748,15.8301,14.5637,3.80235,12.4993,0.448642,1.03133,35.2435,10.0123,3.55091,2.81964,1.0802,0.262825,0.0932123,0.16961296647787094,0.23535,1.29021,0.301434,0.704457,,,3.78312,0.200377,0.0517812,999,1.53843,-1.27365,0.91489,1.53843,1.27365,3.78015,174.8,5.4625,168,5.25,,,,,,,,,,,,,,,,,,,"Josh Sborz","18323",622250
"Andrew Chafin","DET",2.23892,2.5327,0,3.89636,46.8349,0,2.01374,9.35728,2.10762,46.1245,198.777,40.7702,21.705,19.9686,4.78464,22.0898,1.15033,1.69446,51.7313,10.094,4.31025,2.34187,0.933598,0.260248,0.111129,0.14911984652280807,0.232983,1.36283,0.303736,0.732797,,,3.81885,0.197496,0.15185,999,2.00995,-0.583359,0.770239,2.00995,0.583359,3.97301,250.30000000000004,5.441304347826088,243,5.282608695652174,,,,,,,,,,,,,,,,,,,"Andrew Chafin","12988",605177
"Jordan Romano","PHI",3.46492,3.897,0,3.87441,49.0771,0,22.0606,3.77607,5.76291,52.2593,219.811,46.3714,24.4534,22.4971,7.15724,18.7697,2.08237,2.59531,55.25,9.51506,3.23248,2.94358,1.23261,0.251352,0.0853902,0.165962316095829,0.233673,1.2465,0.288257,0.738153,,,4.05893,0.195769,0.348829,168.80999755859375,1.70627,-0.71064,1.66844,1.70627,0.71064,2.77541,349.1,6.713461538461539,339,6.519230769230769,,,,,,,,,,,,,,,,,,,"Jordan Romano","16122",605447
"Matt Manning","DET",1.73715,1.79817,1.41348,4.11208,22.5474,3.87349,0,0.826485,0,41.1604,173.597,38.6773,20.4414,18.8061,5.09677,13.7082,0.170936,1.43517,34.2265,7.48387,2.99739,2.4968,1.11444,0.19716,0.0789653,0.11819512397050858,0.244092,1.27272,0.28188,0.705947,,,4.21688,0.194188,0.304459,742.760009765625,2.47007,-1.11472,0.925659,2.47007,1.11472,3.76579,167.50000000000003,4.085365853658537,167,4.073170731707317,,,,,,,,,,,,,,,,,,,"Matt Manning","20369",666159
"Joe Jiménez","ATL",0.603582,0.763724,0,3.58116,19.3165,0,0.194312,3.11923,0.462402,19.8714,81.5494,16.4852,8.5945,7.90694,2.27138,6.25232,0.235863,0.9862,23.416,10.6054,2.83176,3.74516,1.02874,0.287139,0.0766692,0.21046942472457886,0.221841,1.14424,0.292324,0.723147,,,3.38848,0.193547,0.163676,999,1.07677,1.03441,1.30834,1.07677,-1.03441,3.25554,118.80000000000001,5.94,111,5.55,,,,,,,,,,,,,,,,,,,"Joe Jimenez","15761",641729
"Jacob Waguespack","TBR",1.78171,2.01774,0.415552,4.21012,30.4898,1.75906,0,1.85887,0,40.6715,176.519,38.8476,20.6802,19.0258,5.03797,17.4946,0.520418,1.82313,41.5994,9.20533,3.87129,2.37784,1.11483,0.235665,0.0991086,0.1365560069680214,0.24712,1.3853,0.305792,0.723528,,,4.15607,0.192706,0.14402,999,1.64226,-0.362739,0.759969,1.64226,0.362739,3.98671,175.50000000000003,4.2804878048780495,175,4.2682926829268295,,,,,,,,,,,,,,,,,,,"Jacob Waguespack","18318",621097
"Chayce McDermott","BAL",2.07993,2.10824,1.81169,4.25314,16.2903,4.69148,0,0.381612,0,36.9092,158.78,31.1282,18.9589,17.4422,4.85141,18.7236,0.489463,1.53504,40.692,9.92242,4.5656,2.1733,1.18298,0.25628,0.117922,0.13835792988538742,0.224719,1.35066,0.282615,0.717441,,,4.31688,0.192087,0.214217,739.6199951171875,1.98548,0.057779,0.778998,1.98548,-0.057779,3.96134,150.70000000000002,4.072972972972973,139,3.7567567567567566,,,,,,,,,,,,,,,,,,,"Chayce McDermott","29866",694646
"Stephen Kolek","SDP",2.74496,1.55486,0.785079,4.48202,32.3611,2.13777,0,1.72011,1.59428,44.4507,194.306,46.9471,24.0615,22.1365,4.5664,15.2286,0.635488,2.77923,36.4627,7.38266,3.08336,2.39435,0.924567,0.187656,0.0783743,0.10928129404783249,0.266293,1.39876,0.313306,0.683262,,,4.07673,0.190609,-0.00128732,732.1699829101562,2.53359,-0.920473,0.634153,2.53359,0.920473,4.15446,167.90000000000003,3.815909090909092,181,4.113636363636363,,,,,,,,,,,,,,,,,,,"Stephen Kolek","21487",663568
"Trent Thornton","SEA",2.77998,3.16513,0,3.76907,58.8576,0,1.81803,11.2965,1.95239,63.2321,263.323,57.3097,28.7834,26.4807,8.26158,19.1043,0.865631,2.96588,62.4141,8.88356,2.71916,3.26702,1.17589,0.237025,0.0725506,0.16447387635707855,0.23755,1.20847,0.287542,0.734498,,,3.93797,0.190522,0.162205,750.6199951171875,1.07296,0.0302939,0.781184,1.07296,-0.0302939,3.95842,331.6000000000001,5.263492063492064,323,5.126984126984127,,,,,,,,,,,,,,,,,,,"Trent Thornton","17948",663423
"Julian Merryweather","CHC",2.33953,2.07578,0,3.9925,41.4344,0,0.33169,7.61678,1.64486,44.5747,191.561,39.9157,21.4933,19.7738,4.97188,19.0526,0.670813,2.88015,48.8225,9.85766,3.84687,2.56252,1.00386,0.254867,0.0994596,0.15540718287229538,0.235313,1.32291,0.301672,0.720567,,,3.90204,0.189806,0.251418,999,2.70238,-0.448419,0.746855,2.70238,0.448419,4.00419,231.5,5.144444444444445,224,4.977777777777778,,,,,,,,,,,,,,,,,,,"Julian Merryweather","16703",657240
"Andrew Walters","CLE",2.35335,1.53835,0,4.00858,44.2061,0.147896,0.040422,4.75753,0.513557,43.4262,186.78,37.3735,21.0238,19.3419,5.09579,21.5152,0,1.52133,47.3424,9.81163,4.45898,2.20042,1.05609,0.253466,0.11519,0.13827601075172424,0.228244,1.35606,0.289992,0.731623,,,4.10301,0.187429,0.0950864,750.0900268554688,2.06213,1.83522,0.72991,2.06213,-1.83522,4.02679,202.5,4.709302325581396,192,4.465116279069767,,,,,,,,,,,,,,,,,,,"Andrew Walters","33834",689958
"Domingo Germán",,1.13798,2.23569,0.987863,4.95658,7.22456,5.2975,0,0,0,33.2207,140.073,29.6393,19.8866,18.2957,5.5963,11.8749,0.607113,1.88622,28.7484,7.78838,3.21709,2.42094,1.51612,0.205239,0.0847767,0.12046224623918533,0.234652,1.24965,0.261431,0.642161,,,4.86838,0.187254,0.08921,999,0.992618,-0.251681,0.963151,0.992618,0.251681,3.7158,108.40000000000003,3.284848484848486,103,3.121212121212121,,,,,,,,,,,,,,,,,,,"Domingo German","17149",593334
"Caden Dana","LAA",3.50294,4.74728,3.70262,4.91504,11.9,11.9,0,0,0,64.7909,279.394,63.1376,38.4601,35.3833,11.8839,24.1829,0.404221,3.53191,55.0283,7.6439,3.35922,2.2755,1.65078,0.196956,0.086555,0.11040112376213074,0.250865,1.34773,0.277397,0.691261,,,5.13556,0.185289,0.271002,609.5,2.27581,0.606628,0.389775,2.27581,-0.606628,4.4803,195.59999999999997,3.0092307692307685,195,3,,,,,,,,,,,,,,,,,,,"Caden Dana","31508",702674
"Mason Black","SFG",2.01342,3.39753,1.28271,4.68154,23.1378,4.55775,0,0.631754,0,42.6624,186.094,43.3588,24.1215,22.1918,6.01691,16.0844,0.610046,2.50333,38.6911,8.16222,3.39314,2.4055,1.26932,0.207912,0.0864316,0.12147995829582214,0.258849,1.39334,0.304091,0.692318,,,4.49319,0.184572,0.0862511,999,3.1276,-0.732151,0.641942,3.1276,0.732151,4.14408,157.59999999999997,3.6651162790697667,162,3.7674418604651163,,,,,,,,,,,,,,,,,,,"Mason Black","30171",696131
"Sam Hentges","CLE",0.759005,0.409683,0,3.54889,15.9013,0,0,4.51971,0.300736,16.9055,70.2068,14.6631,7.24587,6.6662,1.49548,5.87014,0.255953,0.47848,17.7788,9.4649,3.12509,3.02868,0.796149,0.253234,0.0836121,0.16962219029664993,0.22962,1.21459,0.295345,0.720591,,,3.33977,0.180629,0.175361,999,1.07657,-0.123731,1.30147,1.07657,0.123731,3.26471,112.5,6.617647058823529,110,6.470588235294118,,,,,,,,,,,,,,,,,,,"Sam Hentges","18548",656529
"Eli Morgan","CHC",2.63707,1.67112,0,3.98215,41.1613,0,0.000929203,3.76971,1.59558,45.6952,190.834,42.4492,21.9765,20.2184,6.45244,13.6854,0.862358,1.72654,43.0006,8.46928,2.69545,3.14207,1.27085,0.22533,0.0717138,0.1536158248782158,0.241983,1.22846,0.285758,0.725207,,,4.13193,0.178228,0.201714,999,1.62418,0.933528,0.854625,1.62418,-0.933528,3.8605,211.40000000000003,4.595652173913044,206,4.478260869565218,,,,,,,,,,,,,,,,,,,"Eli Morgan","20203",669212
"Bryse Wilson","CHW",3.73675,5.45338,3.13411,4.76741,34.8061,10.6839,0.190322,0.733172,0.102167,90.1879,387.731,94.6014,51.9278,47.7736,15.5305,26.8663,1.38645,3.81601,67.4957,6.73551,2.68103,2.51229,1.54981,0.174079,0.0692911,0.10478782653808594,0.264954,1.34683,0.288557,0.697316,,,4.92893,0.176643,0.108475,745.8800048828125,3.16804,0.933255,0.462991,3.16804,-0.933255,4.38268,267.20000000000005,2.9688888888888894,287,3.188888888888889,,,,,,,,,,,,,,,,,,,"Bryse Wilson","19990",669060
"Luke Jackson","TEX",2.89831,2.29392,0,4.13095,47.5073,0,0.587141,7.48089,1.46765,50.0638,215.925,45.67,24.9772,22.979,5.80911,22.3203,1.00271,2.24876,53.3215,9.58563,4.01254,2.38892,1.04431,0.246945,0.103371,0.14357387274503708,0.238665,1.35807,0.301462,0.718591,,,4.01705,0.174385,0.0809056,750.6199951171875,2.12424,0.200316,0.586489,2.12424,-0.200316,4.21802,243.6,4.872,239,4.78,,,,,,,,,,,,,,,,,,,"Luke Jackson","11752",592426
"Sean Guenther","DET",2.78661,2.20835,0,3.70782,36.4966,0,0.052731,3.17628,1.24274,39.9125,168.901,39.4339,17.873,16.4431,3.77157,11.3641,0.550133,1.9578,31.673,7.14205,2.56253,2.78711,0.850462,0.187524,0.0672826,0.12024126201868057,0.253465,1.27273,0.296853,0.723344,,,3.80914,0.173026,0.251308,999,2.78534,0.790013,0.96982,2.78534,-0.790013,3.70691,182.4,4.5600000000000005,185,4.625,,,,,,,,,,,,,,,,,,,"Sean Guenther","20045",674944
"Ian Seymour","TBR",1.23989,1.50814,0.827626,4.27144,12.7875,3.173,0,0.892842,0,26.5346,112.21,24.5883,13.6885,12.5934,3.72175,9.00218,0.474669,1.40392,24.7158,8.38311,3.05336,2.74553,1.26235,0.220264,0.0802262,0.1400376260280609,0.241526,1.26592,0.284416,0.701268,,,4.30347,0.172485,0.168317,727.0700073242188,1.83861,-0.280346,1.08173,1.83861,0.280346,3.5577,109.60000000000002,4.05925925925926,107,3.962962962962963,,,,,,,,,,,,,,,,,,,"Ian Seymour","sa3014512",693855
"Joey Wentz","PIT",2.26816,3.83455,0.264435,4.54625,47.3189,1.23989,0.431353,5.70435,0,58.5198,255.435,58.2434,32.1311,29.5606,7.63098,24.6221,0.629645,2.27643,57.6467,8.86573,3.78674,2.34126,1.1736,0.225681,0.0963931,0.12928789108991623,0.254854,1.41602,0.310014,0.702866,,,4.27046,0.171912,0.0304855,999,5.19715,-0.986952,0.44412,5.19715,0.986952,4.40784,246.40000000000003,4.176271186440679,250,4.237288135593221,,,,,,,,,,,,,,,,,,,"Joey Wentz","19962",666214
"Ross Stripling","KCR",1.21219,1.95203,0.852813,4.80787,14.3756,3.23984,0,0.721653,0,28.7468,122.99,31.9001,16.6921,15.3568,3.98328,6.7174,0.297975,0.719014,19.8181,6.20461,2.10307,2.95026,1.24708,0.161136,0.0546176,0.10651843994855881,0.276064,1.34337,0.304264,0.663582,,,4.36507,0.169803,-0.0249651,999,2.96754,-0.911865,0.986781,2.96754,0.911865,3.68429,102.20000000000003,3.524137931034484,113,3.896551724137931,,,,,,,,,,,,,,,,,,,"Ross Stripling","13273",548389
"Patrick Sandoval","BOS",0.845054,1.01914,0.78936,4.009,6.38663,2.13266,0,0.432992,0,15.259,65.9033,14.2872,7.3881,6.79705,1.50429,6.47784,0.168384,0.670023,14.8169,8.73922,3.82072,2.28732,0.887251,0.224828,0.0982932,0.1265348494052887,0.243163,1.36083,0.30124,0.716915,,,3.91132,0.168118,0.223133,747.3599853515625,2.06418,-0.835499,1.22668,2.06418,0.835499,3.36443,59.00000000000001,3.933333333333334,58,3.8666666666666667,,,,,,,,,,,,,,,,,,,"Patrick Sandoval","19447",663776
"Elvis Peguero","MIL",4.31718,3.52159,0,3.81626,50.2606,0,0.266685,12.0195,3.11392,52.7653,228.066,49.7687,24.3196,22.374,5.10053,22.0491,1.35131,2.70094,48.4346,8.26131,3.76084,2.19667,0.869979,0.212371,0.0966786,0.11569233983755112,0.244785,1.36108,0.298224,0.73439,,,3.99444,0.167122,0.397631,999,1.1529,-1.31085,0.654126,1.1529,1.31085,4.12783,269.70000000000005,5.08867924528302,269,5.0754716981132075,,,,,,,,,,,,,,,,,,,"Elvis Peguero","21652",665625
"Robert Stephenson","LAA",1.40494,1.63791,0,3.91268,29.5431,0,0.414837,5.04104,2.12514,30.1541,124.881,26.5469,14.2492,13.1092,4.9655,9.51765,0.594656,1.06857,36.0927,10.7725,2.84071,3.79219,1.48204,0.289016,0.0762135,0.21280254423618317,0.232266,1.19601,0.294679,0.749338,,,3.96653,0.165017,0.17765,737.4000244140625,1.61953,-0.841527,1.08259,1.61953,0.841527,3.55654,149.3,4.9766666666666675,144,4.8,,,,,,,,,,,,,,,,,,,"Robert Stephenson","13594",596112
"Caleb Kilian","CHC",1.01949,1.10503,0.169802,4.41786,14.3909,1.692,0,0.88318,0,23.446,101.967,23.5052,12.5098,11.509,2.50261,8.54395,0.421231,1.69004,18.2854,7.01905,3.27968,2.14016,0.960655,0.179327,0.0837912,0.09553540498018265,0.256235,1.36693,0.29604,0.684498,,,4.30378,0.163833,0.00026428,749.4000244140625,1.62298,-1.53084,1.0877,1.62298,1.53084,3.54974,77.9,3.3869565217391306,83,3.608695652173913,,,,,,,,,,,,,,,,,,,"Caleb Kilian","26213",668873
"Clayton Beeter","NYY",1.14698,0.83889,0,3.9541,20.8096,0.00103508,0,1.44745,0,24.1863,102.831,19.9544,11.5501,10.6261,2.85141,11.4515,0.35933,1.04316,27.8198,10.3521,4.26124,2.42936,1.06105,0.270539,0.111362,0.15917709469795227,0.22089,1.2985,0.286649,0.724296,,,3.94844,0.16213,0.0513024,750.3400268554688,1.79839,-0.484374,1.09842,1.79839,0.484374,3.53544,112.70000000000002,4.695833333333334,105,4.375,,,,,,,,,,,,,,,,,,,"Clayton Beeter","27494",690925
"Trevor McDonald","SFG",1.57894,1.90606,0.00562734,3.98725,25.0143,0.00769551,0,0.999783,0,31.5767,135.04,31.1704,15.2058,13.9893,2.63773,10.1881,0.495152,1.79333,25.1633,7.17207,2.90382,2.46987,0.751806,0.18634,0.0754452,0.11089471727609634,0.253297,1.30978,0.299532,0.694337,,,3.79695,0.1614,0.171901,999,2.00216,-0.98605,1.04063,2.00216,0.98605,3.61249,137.3,4.290625,139,4.34375,,,,,,,,,,,,,,,,,,,"Trevor McDonald","26448",686790
"Zack Thompson","STL",2.06523,2.66778,0.492033,4.29918,30.5425,0.69554,0,1.64001,0,38.6816,168.993,36.0021,20.0845,18.4777,4.79447,18.4528,0.446577,1.97489,39.8466,9.27104,4.29338,2.15938,1.11552,0.235788,0.109192,0.1265954002737999,0.242331,1.40777,0.300291,0.71991,,,4.30185,0.160608,0.087557,999,3.52645,-0.521863,0.728396,3.52645,0.521863,4.02881,161.50000000000003,4.141025641025641,158,4.051282051282051,,,,,,,,,,,,,,,,,,,"Zack Thompson","25918",668868
"Riley O'Brien","STL",2.09923,2.19242,0,4.21807,42.0131,0,0.0395685,5.50537,2.23615,45.3153,198.913,41.5196,23.0849,21.2381,4.93337,22.343,0.650404,3.18262,46.3385,9.20322,4.43751,2.07396,0.979809,0.232959,0.112326,0.12063344568014145,0.239462,1.40929,0.299604,0.715952,,,4.22647,0.15995,0.0446425,999,4.15561,-2.72203,0.661717,4.15561,2.72203,4.11771,203.3,4.517777777777778,201,4.466666666666667,,,,,,,,,,,,,,,,,,,"Riley O'Brien","20348",676617
"Trevor Stephan","CLE",1.65042,1.80147,0,3.95213,25.7397,0,0.60058,6.66916,1.99995,26.6253,113.583,24.6204,12.7086,11.6919,2.97026,9.85907,0.531426,1.62353,28.4967,9.63258,3.3326,2.89041,1.00402,0.25089,0.0868009,0.16408895701169968,0.24114,1.29499,0.306516,0.718012,,,3.76995,0.159558,0.0792719,999,1.19468,-1.85128,1.05369,1.19468,1.85128,3.59508,150.9,5.5888888888888895,149,5.518518518518518,,,,,,,,,,,,,,,,,,,"Trevor Stephan","19932",663986
"Brandon Young","BAL",1.51525,1.45907,0.180716,3.98016,22.4236,0.968499,0,0.750682,0,27.7958,117.106,25.881,13.3613,12.2924,3.42475,9.07964,0.573576,1.25965,27.0267,8.75098,2.9399,2.97663,1.1089,0.230788,0.0775335,0.1532548889517784,0.242407,1.25777,0.294256,0.716015,,,3.93948,0.159383,0.167842,722.780029296875,1.86234,-0.51803,1.08309,1.86234,0.51803,3.55588,130.70000000000005,4.6678571428571445,129,4.607142857142857,,,,,,,,,,,,,,,,,,,"Brandon Young","sa3014926",687064
"Logan Allen","CLE",2.31352,2.22062,1.9604,4.61757,6.81549,5.91735,0,0.0525247,0,33.3382,145.719,34.3462,18.592,17.1046,5.2138,13.1984,0.20435,1.16005,28.4704,7.68588,3.56304,2.15712,1.40752,0.195379,0.0905742,0.10480488836765291,0.261465,1.42613,0.298255,0.719404,,,4.78366,0.159319,0.0994803,737.4000244140625,2.25919,-1.18942,0.772425,2.25919,1.18942,3.9701,108.30000000000004,3.281818181818183,114,3.4545454545454546,,,,,,,,,,,,,,,,,,,"Logan Allen","27589",671106
"Bryan Baker","BAL",2.27848,2.09312,0,4.06481,39.2276,0,0.265231,6.13259,1.39433,41.7192,178.088,37.0035,20.4808,18.8423,5.08447,18.1295,0.745263,1.55235,43.41,9.36475,3.91104,2.39444,1.09686,0.243756,0.101801,0.14195503294467926,0.233599,1.32153,0.290406,0.7217,,,4.08509,0.158651,0.117595,999,2.42668,-1.70697,0.784127,2.42668,1.70697,3.9545,203.10000000000002,4.835714285714286,195,4.642857142857143,,,,,,,,,,,,,,,,,,,"Bryan Baker","19804",641329
"Quinn Priester","BOS",2.52172,2.70468,0.87991,4.45586,23.476,2.38843,0,0.93034,0,37.7244,163.087,38.4317,20.3013,18.6772,4.31926,12.9542,0.444707,1.92293,31.1385,7.42879,3.09051,2.40374,1.03045,0.190932,0.0794312,0.11150103807449341,0.259306,1.36214,0.302544,0.685604,,,4.18716,0.15775,0.191719,684.97998046875,3.55448,-0.962054,0.771764,3.55448,0.962054,3.97098,154.2,4.057894736842105,159,4.184210526315789,,,,,,,,,,,,,,,,,,,"Quinn Priester","25977",682990
"Gunnar Hoglund","ATH",3.19619,3.72116,2.04281,4.71472,26.1304,5.67889,0,1.10541,0,56.9385,240.675,55.3405,32.4214,29.8277,8.83939,16.6831,0.952096,2.96025,45.3779,7.17267,2.63701,2.72,1.3972,0.188544,0.0693178,0.11922648549079895,0.250374,1.26494,0.27876,0.663927,,,4.62571,0.156625,0.106714,999,4.25306,1.17605,0.597062,4.25306,-1.17605,4.20392,202.10000000000002,3.54561403508772,202,3.543859649122807,,,,,,,,,,,,,,,,,,,"Gunnar Hoglund","sa3019785",680684
"Phil Maton","STL",2.41226,2.20256,0,4.12134,47.789,0,0.461891,6.33217,1.25201,48.435,206.894,43.501,24.1083,22.1797,5.97516,18.1298,0.907966,4.31725,46.2133,8.58717,3.36881,2.54902,1.11028,0.223367,0.0876286,0.13573858886957169,0.235846,1.27244,0.283731,0.704441,,,4.2523,0.15638,0.102603,749.6199951171875,1.84144,0.973889,0.758542,1.84144,-0.973889,3.98861,217.00000000000003,4.520833333333334,212,4.416666666666667,,,,,,,,,,,,,,,,,,,"Phil Maton","18064",664208
"Brent Suter","CIN",2.46385,2.1713,0,4.07729,51.448,0.485146,0.456336,6.84667,0.698855,59.2746,253.18,61.0502,29.1884,26.8533,8.02757,17.2322,0.648379,2.40806,46.7351,7.09606,2.61646,2.71208,1.21887,0.184593,0.0680631,0.11652959883213043,0.261413,1.32067,0.296586,0.732268,,,4.3442,0.154715,0.383149,999,2.12473,0.505037,0.665746,2.12473,-0.505037,4.11234,244.60000000000005,4.145762711864408,256,4.338983050847458,,,,,,,,,,,,,,,,,,,"Brent Suter","13942",608718
"Victor Vodnik","COL",3.51882,3.66944,0,4.48681,57.2585,0,4.61327,9.36496,3.80072,62.7392,279.505,63.5158,33.9975,31.2777,6.58538,31.0982,1.07421,2.32045,59.3208,8.50964,4.46107,1.90753,0.94468,0.212235,0.111262,0.10097330808639526,0.258103,1.50805,0.315963,0.709842,,,4.23797,0.153996,0.312923,671.7899780273438,2.74759,-2.27882,0.756526,2.74759,2.27882,3.9913,293.70000000000005,4.661904761904762,304,4.825396825396825,,,,,,,,,,,,,,,,,,,"Victor Vodnik","24614",680767
"Alex Lange","DET",1.98497,2.2814,0,3.8845,29.5729,0,3.52771,3.31001,2.10965,30.3647,132.46,25.0367,14.2454,13.1058,2.44506,16.9067,0.425976,2.1555,33.8576,10.0353,5.01109,2.00261,0.724706,0.255606,0.127636,0.12796960771083832,0.220786,1.38132,0.293035,0.719049,,,3.86654,0.151541,0.135668,746.1699829101562,1.0948,-1.96785,0.999671,1.0948,1.96785,3.66711,175.4,5.846666666666667,167,5.566666666666666,,,,,,,,,,,,,,,,,,,"Alex Lange","19883",656638
"Daniel Palencia","CHC",2.11635,1.64196,0,4.21147,24.064,0,0.315532,1.4393,0.0891793,27.0567,117.131,22.7057,13.7619,12.6609,2.37786,14.2184,0,1.47233,30.4923,10.1428,4.72952,2.14457,0.79096,0.260326,0.121388,0.1389375999569893,0.223832,1.36469,0.296451,0.689452,,,3.79478,0.149545,0.0062039,999,2.36378,-0.113564,0.921484,2.36378,0.113564,3.77136,134.40000000000003,4.977777777777779,128,4.7407407407407405,,,,,,,,,,,,,,,,,,,"Daniel Palencia","27914",694037
"Ronny Henriquez","MIA",1.51729,2.01455,0,4.17099,36.0066,0.24734,0,5.46572,0.398746,41.7187,180.553,42.9148,21.0155,19.3343,4.91461,13.8745,1.10422,2.36217,35.871,7.73845,2.99316,2.58538,1.06023,0.198673,0.0768446,0.12182804942131042,0.261172,1.36124,0.307617,0.716783,,,4.14585,0.146451,0.159576,999,1.50662,0.145171,0.840225,1.50662,-0.145171,3.8797,181.5,4.321428571428571,189,4.5,,,,,,,,,,,,,,,,,,,"Ronny Henriquez","24094",678692
"Erik Sabrowski","CLE",2.84038,2.35815,0,3.69817,41.0526,0,0.0471175,2.34187,1.22603,44.7214,193.873,38.3558,19.9743,18.3764,4.92081,24.179,0,1.19951,52.0646,10.4778,4.86592,2.1533,0.990295,0.268549,0.124715,0.14383405447006226,0.227638,1.39832,0.29984,0.764848,,,3.97095,0.141726,0.308069,999,1.87323,0.607878,0.74548,1.87323,-0.607878,4.00603,209.7,4.66,197,4.377777777777778,,,,,,,,,,,,,,,,,,,"Erik Sabrowski","24978",681870
"Huascar Brazobán","NYM",1.90197,1.73284,0,4.03269,38.8657,0,0,6.53709,2.67515,42.8906,185.655,37.7505,20.8895,19.2183,4.29002,20.7356,0.907657,2.3568,43.6795,9.16553,4.35107,2.1065,0.900201,0.235273,0.111689,0.12358400225639343,0.232222,1.36361,0.291995,0.716398,,,4.04519,0.141286,0.143563,999,1.53797,-0.56491,0.782535,1.53797,0.56491,3.95662,217.2,5.051162790697674,210,4.883720930232558,,,,,,,,,,,,,,,,,,,"Huascar Brazoban","6107",623211
"Bryan Hoeing","SDP",2.82046,2.74058,0.287284,4.08048,45.9349,0.765213,0,6.61304,0.331445,56.9843,240.441,55.5117,28.0825,25.8359,6.74563,17.0472,0.626019,2.05797,45.5731,7.19773,2.69241,2.67334,1.06539,0.189539,0.0708997,0.11863966286182404,0.250803,1.27332,0.288527,0.704688,,,4.1117,0.138613,0.230478,999,1.88565,0.449479,0.699335,1.88565,-0.449479,4.06755,253.09999999999994,4.440350877192981,257,4.508771929824562,,,,,,,,,,,,,,,,,,,"Bryan Hoeing","26304",663773
"Hunter Stratton","PIT",1.30788,1.08173,0,4.0874,20.9202,0,0.283155,3.33246,1.72619,22.3036,95.434,20.9003,11.0101,10.1293,2.41536,8.25707,0.241786,1.37319,20.8794,8.42533,3.33192,2.52867,0.974653,0.218784,0.0865213,0.1322626769542694,0.243583,1.3073,0.295717,0.704042,,,3.99736,0.137229,0.0831942,999,1.36374,0.726159,1.12747,1.36374,-0.726159,3.49671,110.60000000000002,5.027272727272728,111,5.045454545454546,,,,,,,,,,,,,,,,,,,"Hunter Stratton","23455",676702
"Craig Kimbrel",,3.07683,3.08323,0,4.03184,37.93,0,4.0317,3.91429,3.95357,40.6019,173.576,33.0831,19.7706,18.1889,5.35975,19.8833,0.743059,2.61469,49.2946,10.9269,4.40741,2.4792,1.18807,0.283994,0.114551,0.1694435328245163,0.218981,1.30453,0.287516,0.730177,,,4.11672,0.135596,0.13929,693.4299926757812,1.45475,2.06123,0.788676,1.45475,-2.06123,3.94843,221.10000000000002,5.392682926829269,205,5,,,,,,,,,,,,,,,,,,,"Craig Kimbrel","6655",518886
"Daniel Lynch IV","KCR",2.76244,2.99495,0.814782,4.28751,35.662,2.82703,0.181314,3.2497,0,53.3988,227.427,53.4516,27.6507,25.4386,7.0175,16.2157,0.376786,2.3695,43.5674,7.34297,2.73304,2.68674,1.18275,0.191566,0.0713006,0.12026545405387878,0.255942,1.30466,0.293409,0.702116,,,4.28726,0.135425,0.124677,665.5700073242188,1.99005,-0.526544,0.646314,1.99005,0.526544,4.13825,214.3,4.043396226415094,220,4.150943396226415,,,,,,,,,,,,,,,,,,,"Daniel Lynch IV","21537",663738
"Eduard Bazardo","SEA",1.50798,0.646056,0,3.85603,24.1401,0,0.384923,1.32098,0,27.0334,112.094,23.387,12.5896,11.5824,3.02454,9.01263,0.279568,1.02705,27.5228,9.16292,3.0005,3.0538,1.00693,0.245533,0.0804025,0.16513074189424515,0.229163,1.1985,0.284762,0.70335,,,3.69888,0.13446,0.00633418,999,1.74016,-0.507761,1.14394,1.74016,0.507761,3.47474,133.10000000000002,4.9296296296296305,126,4.666666666666667,,,,,,,,,,,,,,,,,,,"Eduard Bazardo","20997",660825
"Chase Petty","CIN",0.726389,1.49432,0.95261,4.86035,10.1978,2.85378,0,0.352186,0,21.5174,93.8851,22.2053,12.6307,11.6202,3.07807,8.1225,0.350292,0.941647,17.0825,7.14504,3.39737,2.10311,1.28745,0.181951,0.0865154,0.09543576091527939,0.261791,1.40946,0.295811,0.680175,,,4.70209,0.134325,0.0825406,999,1.70778,-0.322408,1.06794,1.70778,0.322408,3.57608,75.7,3.440909090909091,78,3.5454545454545454,,,,,,,,,,,,,,,,,,,"Chase Petty","sa3017963",695534
"Joe Rock","TBR",0.723893,1.27864,0.604627,4.16218,14.1294,1.91408,0,0.733099,0,22.0068,93.1934,21.8912,11.0624,10.1774,2.886,6.33336,0,0.928947,18.2579,7.46682,2.59012,2.88281,1.18027,0.195914,0.0679594,0.12795471400022507,0.254753,1.28254,0.293348,0.709646,,,4.20203,0.133948,0.147029,999,1.30294,-1.61477,1.19382,1.30294,1.61477,3.40824,87.7,3.9863636363636363,90,4.090909090909091,,,,,,,,,,,,,,,,,,,"Joe Rock","sa3017755",697812
"Greg Weissert","BOS",3.27007,2.44828,0,4.00534,52.8887,0,0.30023,7.68996,2.09461,55.5878,239.378,53.6744,26.8899,24.7387,6.78563,21.3088,1.73098,2.6346,53.6119,8.68009,3.45003,2.51595,1.09863,0.223963,0.0890173,0.1349456012248993,0.249144,1.34892,0.302435,0.734436,,,4.11668,0.133822,0.345663,999,0.949074,-2.45331,0.578431,0.949074,2.45331,4.22876,255.90000000000006,4.569642857142858,257,4.589285714285714,,,,,,,,,,,,,,,,,,,"Greg Weissert","20375",669711
"Evan Sisk","KCR",1.46508,1.35166,0,3.95719,20.876,0,0,1.1165,1.1297,21.7745,94.6338,20.1901,10.4065,9.574,1.72785,9.94706,0.510405,1.13275,20.8715,8.62675,4.11139,2.09825,0.714169,0.22055,0.105111,0.11543881893157959,0.241642,1.38406,0.302885,0.711831,,,3.80753,0.133607,0.150604,999,1.64054,-0.227164,1.09485,1.64054,0.227164,3.54021,99.20000000000002,4.50909090909091,97,4.409090909090909,,,,,,,,,,,,,,,,,,,"Evan Sisk","sa3007612",681895
"Yosver Zulueta","CIN",1.81779,1.76117,0,4.36976,35.0176,0,0,2.1492,1.08232,39.4796,176.145,38.2183,20.8353,19.1685,3.95386,20.249,0.536295,2.79165,39.5339,9.01237,4.61608,1.95239,0.901345,0.22444,0.114957,0.10948321968317032,0.249623,1.48095,0.312585,0.710951,,,4.2165,0.133552,0.0759292,999,1.84296,-0.580027,0.701429,1.84296,0.580027,4.06476,159.60000000000002,4.092307692307693,162,4.153846153846154,,,,,,,,,,,,,,,,,,,"Yosver Zulueta","27765",691172
"Troy Taylor","SEA",2.05427,2.47154,0,3.9062,45.6494,0,0.575072,8.37687,0.949065,45.6338,194.04,41.1552,21.5284,19.8061,5.72066,17.9147,0,2.17526,45.3991,8.95371,3.53318,2.53418,1.12824,0.233968,0.0923251,0.14164317399263382,0.236593,1.29443,0.288485,0.73523,,,4.12718,0.133029,0.0271264,999,1.6751,0.383175,0.83969,1.6751,-0.383175,3.88041,227.00000000000003,4.934782608695653,219,4.760869565217392,,,,,,,,,,,,,,,,,,,"Troy Taylor","31883",700187
"Pedro Avila",,2.28296,0.71155,0.0157861,4.10735,20.2385,0.835132,0.366585,0.609725,0,37.4873,161.693,33.3828,18.5958,17.1082,3.82008,16.757,0.618163,2.46535,36.2613,8.70566,4.02303,2.16395,0.917129,0.22426,0.103634,0.12062568962574005,0.234313,1.33751,0.288728,0.704236,,,4.09494,0.132745,0.0615401,999,1.65658,-0.376938,0.838965,1.65658,0.376938,3.88138,157.8,4.264864864864865,152,4.108108108108108,,,,,,,,,,,,,,,,,,,"Pedro Avila","18864",658648
"Keider Montero","DET",2.34301,2.3078,1.44368,4.46783,16.4926,4.4902,0,0.811201,0,37.8934,162.478,37.2231,20.447,18.8113,5.61123,13.1165,0.429161,1.86823,32.358,7.68528,3.11527,2.46697,1.33271,0.199153,0.0807278,0.11842543631792068,0.252372,1.32845,0.28863,0.703621,,,4.57,0.132421,0.172261,720.239990234375,2.88962,-1.92028,0.796779,2.88962,1.92028,3.93763,134.2,3.5315789473684207,135,3.5526315789473686,,,,,,,,,,,,,,,,,,,"Keider Montero","22630",672456
"Jake Bloss","TOR",2.051,2.4588,1.97835,4.75772,17.8774,6.1135,0,0.878541,0,41.2516,178.184,40.939,23.7033,21.807,6.67103,15.7358,0.440142,1.46674,34.5859,7.54572,3.43312,2.19792,1.45544,0.194103,0.088312,0.10579050332307816,0.254309,1.37388,0.286224,0.696551,,,4.843,0.132322,-0.0294921,731.9099731445312,1.65592,-0.342868,0.686958,1.65592,0.342868,4.08406,133.70000000000005,3.2609756097560987,137,3.341463414634146,,,,,,,,,,,,,,,,,,,"Jake Bloss","33168",814005
"Richard Fitts","BOS",2.4462,2.51005,1.72022,4.57971,24.0174,4.17439,0,0.903777,0,44.0978,189.383,45.9399,24.3907,22.4394,6.28302,13.4712,0.606257,1.64776,35.1344,7.17064,2.74937,2.60811,1.28231,0.18552,0.071132,0.11438776552677155,0.263622,1.34726,0.298515,0.6919,,,4.45379,0.128401,0.217646,605.280029296875,1.08623,-0.741849,0.687175,1.08623,0.741849,4.08377,161.20000000000002,3.663636363636364,171,3.8863636363636362,,,,,,,,,,,,,,,,,,,"Richard Fitts","30160",690916
"Alek Manoah","TOR",1.23577,1.46928,1.06323,4.23933,9.47981,2.77499,0,0.536956,0,21.0711,89.9771,18.5808,10.7883,9.92528,2.91851,8.36064,0.10367,1.71878,20.2669,8.65652,3.57104,2.42409,1.24657,0.225245,0.0929196,0.13232579827308655,0.232557,1.27859,0.276171,0.706748,,,4.47847,0.128366,0.117614,750.739990234375,1.71056,0.12442,1.13865,1.71056,-0.12442,3.48179,83.1,3.957142857142857,80,3.8095238095238093,,,,,,,,,,,,,,,,,,,"Alek Manoah","26410",666201
"Carlos Rodriguez","MIL",1.09631,1.85675,0.768646,4.56513,9.42,2.53123,0,0.520451,0,20.6294,88.55,19.3796,11.3739,10.464,3.03242,8.10409,0.255056,1.03463,18.6707,8.14547,3.53557,2.30386,1.32295,0.210849,0.0915199,0.11932943016290665,0.244041,1.33226,0.283274,0.693243,,,4.59629,0.128097,0.154362,999,1.58713,-1.59363,1.10363,1.58713,1.59363,3.52849,84.1,4.004761904761905,81,3.857142857142857,,,,,,,,,,,,,,,,,,,"Carlos Rodriguez","30161",692230
"Andrew Kittredge","BAL",2.94751,2.43695,0,3.7331,40.4943,0,2.31735,11.1113,3.56851,41.4754,172.449,39.2011,18.6995,17.2035,5.50302,11.1131,0.75087,1.44372,37.9859,8.24278,2.4115,3.41811,1.19413,0.220274,0.0644431,0.15583045035600662,0.245173,1.21311,0.289495,0.741956,,,3.96787,0.127065,0.170724,681.9500122070312,0.992215,1.86698,0.976458,0.992215,-1.86698,3.69806,222.20000000000002,5.419512195121952,221,5.390243902439025,,,,,,,,,,,,,,,,,,,"Andrew Kittredge","12828",552640
"Dauri Moreta","PIT",1.55712,1.31525,0,4.12876,27.0773,0,0.215474,2.0908,0.841495,28.3201,119.363,24.6372,14.1216,12.9919,3.51244,10.8471,0.600239,1.46652,30.2398,9.61007,3.44717,2.78782,1.11624,0.253345,0.0908756,0.16246893256902695,0.230149,1.25297,0.28821,0.698884,,,3.94766,0.126255,0.105883,999,0.84396,-1.22238,1.03934,0.84396,1.22238,3.61421,125.00000000000006,4.464285714285716,120,4.285714285714286,,,,,,,,,,,,,,,,,,,"Dauri Moreta","21101",664294
"Thomas Harrington","PIT",0.495133,0.940383,0.945301,4.41895,3.5141,2.96765,0,0,0,15.2724,64.4015,15.287,8.15071,7.49865,2.25379,4.22938,0,0.44257,11.9916,7.06667,2.49237,2.83532,1.32815,0.186201,0.065672,0.12052921205759048,0.255936,1.27789,0.286543,0.694677,,,4.43228,0.125683,0.147349,635.0700073242188,2.40962,0.855886,1.27274,2.40962,-0.855886,3.30301,59.400000000000006,3.9600000000000004,61,4.066666666666666,,,,,,,,,,,,,,,,,,,"Thomas Harrington","sa3020752",802419
"Nic Enright","CLE",1.4196,1.44755,0,3.86535,26.4988,0,0,1.88958,0,27.5695,114.728,24.8546,12.8702,11.8406,3.73613,8.62687,0.508287,1.01895,28.7041,9.37041,2.81623,3.3273,1.21965,0.250194,0.0751944,0.17499962449073792,0.236526,1.21444,0.290722,0.729577,,,3.8955,0.124497,0.132948,999,0.777687,-2.85241,1.12549,0.777687,2.85241,3.49935,129.00000000000006,4.607142857142859,124,4.428571428571429,,,,,,,,,,,,,,,,,,,"Nic Enright","sa3010299",663671
"Jack Neely","CHC",0.537779,0.514969,0,4.18728,20.4047,0,0,1.00342,1.01013,21.3541,90.2774,19.1844,10.799,9.93509,2.71627,8.24019,0,0.712282,22.6309,9.53811,3.47294,2.7464,1.14481,0.250682,0.0912764,0.15940546244382858,0.235898,1.28427,0.29419,0.703823,,,3.95823,0.123331,-0.0066084,999,1.44233,-1.90153,1.17806,1.44233,1.90153,3.42925,92.1,4.385714285714285,89,4.238095238095238,,,,,,,,,,,,,,,,,,,"Jack Neely","30106",680891
"José Quijada","LAA",2.73533,3.74764,0,4.10575,51.3626,0,0.582587,14.2097,2.94647,52.5281,228.57,43.3419,26.0468,23.963,6.23981,28.9236,1.16231,3.44715,60.1954,10.3137,4.95567,2.08119,1.06911,0.263357,0.126542,0.13681542873382568,0.220908,1.37575,0.285921,0.727513,,,4.26758,0.118414,0.184076,999,1.75949,-1.36668,0.548285,1.75949,1.36668,4.26895,291.6,5.50188679245283,272,5.132075471698113,,,,,,,,,,,,,,,,,,,"Jose Quijada","19200",650671
"Drew Smyly",,2.52399,3.11599,0.237897,4.27284,32.5451,1.09633,0,2.35601,0.828556,38.903,165.788,37.4105,20.0757,18.4696,5.9687,13.4311,0.743125,1.73906,37.7525,8.73384,3.10721,2.81082,1.38083,0.227715,0.0810136,0.14670134335756302,0.24838,1.30688,0.294132,0.724153,,,4.39,0.11822,0.0845378,999,2.85488,-0.760058,0.788473,2.85488,0.760058,3.9487,157.60000000000002,4.041025641025642,156,4,,,,,,,,,,,,,,,,,,,"Drew Smyly","11760",592767
"Tyler Alexander","MIL",2.45873,2.58193,0.685953,4.63442,29.9544,2.92279,0,0.900557,0,48.8557,205.424,50.4681,27.3452,25.1576,8.69998,10.898,0.790559,1.88729,41.2153,7.59251,2.00759,3.78191,1.60267,0.200636,0.0530514,0.14758437126874924,0.261984,1.25607,0.292652,0.691677,,,4.57931,0.115088,0.0494276,748.0999755859375,2.2399,-0.809905,0.720619,2.2399,0.809905,4.03918,168.90000000000003,3.4469387755102048,175,3.5714285714285716,,,,,,,,,,,,,,,,,,,"Tyler Alexander","17735",641302
"Drey Jameson","ARI",2.74249,1.75415,0.483999,3.89722,33.9751,0.661879,0.00138315,2.57833,0,42.312,182.419,41.1439,19.9153,18.3221,4.7284,16.0501,0.234343,2.09729,38.9862,8.29258,3.41395,2.42903,1.00576,0.213718,0.0879847,0.1257329210639,0.250462,1.35172,0.30206,0.737108,,,4.06313,0.114973,0.295455,744.5900268554688,3.10208,-2.05548,0.802182,3.10208,2.05548,3.93042,178.70000000000002,4.254761904761905,181,4.309523809523809,,,,,,,,,,,,,,,,,,,"Drey Jameson","26260",686753
"Robby Snelling","MIA",0.926732,1.90807,1.63473,4.79903,4.32311,4.21478,0,0,0,22.8777,101.315,24.6626,13.2597,12.199,3.23547,9.20069,0,0.878035,17.3988,6.84465,3.61952,1.89104,1.27282,0.17173,0.0908124,0.08091717958450317,0.270315,1.48019,0.30349,0.702387,,,4.80562,0.113059,0.169668,999,3.25417,-1.68349,1.00799,3.25417,1.68349,3.65601,72.30000000000001,3.1434782608695655,80,3.4782608695652173,,,,,,,,,,,,,,,,,,,"Robby Snelling","sa3020707",702281
"Carson Seymour","SFG",0.966046,1.22236,0,3.96779,19.1403,0.47265,0,0.910911,0,21.8539,93.6349,21.7822,10.4724,9.63462,2.16385,7.26199,0,0.995963,18.5579,7.64262,2.99068,2.55548,0.89113,0.198194,0.0775564,0.1206374391913414,0.25513,1.32902,0.30343,0.713893,,,3.88892,0.112989,0.150636,999,1.79718,-0.758841,1.1721,1.79718,0.758841,3.4372,99.00000000000001,4.500000000000001,102,4.636363636363637,,,,,,,,,,,,,,,,,,,"Carson Seymour","sa3017868",693313
"Emerson Hancock","SEA",3.33241,3.4357,2.82202,4.54465,16.8705,9.14214,0,0.802146,0,56.6627,241.063,54.1814,31.1005,28.6125,8.50627,19.0127,0.495753,2.98002,40.881,6.49331,3.01987,2.1502,1.35109,0.169587,0.0788703,0.09071632474660873,0.247325,1.29175,0.26918,0.686846,,,4.83949,0.111455,0.115293,664.0900268554688,2.68044,0.020752,0.589861,2.68044,-0.020752,4.21352,190.70000000000002,3.3456140350877197,188,3.2982456140350878,,,,,,,,,,,,,,,,,,,"Emerson Hancock","27470",676106
"Luis Contreras","HOU",1.60078,0.900675,0,4.32405,26.9547,0,0,1.96525,0,30.0321,128.377,26.8297,15.6836,14.4289,3.54672,12.5324,0.502058,1.62107,30.1128,9.02419,3.7557,2.4028,1.06288,0.234566,0.0976223,0.13694407790899277,0.234888,1.31067,0.289001,0.688394,,,4.11021,0.110297,-0.0798608,999,1.5427,-0.435304,0.955776,1.5427,0.435304,3.72563,125.60000000000001,4.1866666666666665,121,4.033333333333333,,,,,,,,,,,,,,,,,,,"Luis Contreras","25839",664351
"James McArthur","KCR",2.27112,2.49274,0,4.28056,29.3408,0.105328,1.17656,4.71968,2.37116,31.7334,136.195,32.2809,16.4054,15.093,3.67787,9.81077,0.643575,1.75923,28.3793,8.04872,2.78246,2.89266,1.04309,0.208372,0.0720346,0.13633738458156586,0.259024,1.32641,0.308995,0.695301,,,3.97836,0.110235,0.068403,749.719970703125,1.6951,-0.586316,0.926791,1.6951,0.586316,3.76428,149.40000000000003,4.668750000000001,153,4.78125,,,,,,,,,,,,,,,,,,,"James McArthur","21527",663704
"Chris Roycroft","STL",1.86436,2.31099,0,4.24216,30.4532,0,0,2.4702,2.09829,35.6521,157.097,34.6766,18.2659,16.8047,2.86087,16.3,0.545786,2.3726,31.9812,8.07332,4.11477,1.96203,0.722197,0.203576,0.103758,0.0998186245560646,0.25051,1.42983,0.307154,0.696395,,,3.98682,0.110174,0.0769541,999,2.13485,-1.41442,0.824298,2.13485,1.41442,3.90094,156.50000000000003,4.347222222222223,159,4.416666666666667,,,,,,,,,,,,,,,,,,,"Chris Roycroft","31261",688297
"Richard Lovelady","TOR",1.9673,2.55497,0,3.95812,23.5034,0,0.292227,1.89534,1.84801,24.6553,104.1,23.1626,11.786,10.8432,2.57704,7.81672,0.71671,1.37388,22.0689,8.05589,2.85337,2.82329,0.940706,0.211997,0.0750885,0.13690849393606186,0.24405,1.2565,0.292977,0.701215,,,3.85337,0.110063,0.0759904,999,1.52269,-0.698967,1.10695,1.52269,0.698967,3.52407,113.3,4.532,111,4.44,,,,,,,,,,,,,,,,,,,"Richard Lovelady","19337",663992
"Mason Adams","CHW",0.755151,1.44222,1.28507,4.74217,3.94293,3.33353,0,0,0,19.0623,82.5106,20.3291,10.9174,10.044,2.71716,5.53158,0,1.17878,13.3843,6.31922,2.61166,2.41961,1.28287,0.162213,0.0670408,0.09517213702201843,0.268193,1.35664,0.295013,0.677493,,,4.67132,0.108369,0.0687523,999,1.29203,-0.207403,1.1544,1.29203,0.207403,3.46081,56.69999999999999,2.9842105263157888,61,3.210526315789474,,,,,,,,,,,,,,,,,,,"Mason Adams","sa3020388",690279
"Peter Strzelecki","PIT",1.08042,1.56428,0,4.28264,23.5844,0,0,3.3035,0.769976,25.1623,109.228,24.9215,13.0146,11.9735,2.84021,9.22025,0.550213,1.86356,23.0788,8.25477,3.29788,2.50305,1.01588,0.211291,0.0844131,0.126877561211586,0.253928,1.35686,0.30573,0.700374,,,4.12094,0.108093,0.0443387,999,3.00146,-1.21189,1.05667,3.00146,1.21189,3.5911,108.1,4.324,111,4.44,,,,,,,,,,,,,,,,,,,"Peter Strzelecki","21367",657265
"Mason Montgomery","TBR",1.95855,3.54224,0,4.12028,48.1998,0,1.12847,11.7978,2.98692,55.1518,236.751,51.9707,27.4445,25.249,7.31748,22.0654,0.871274,2.22341,59.2082,9.66196,3.60077,2.68331,1.19411,0.250086,0.0932008,0.15688548237085342,0.244611,1.34241,0.305977,0.730371,,,4.0654,0.107877,0.169203,609,5.28708,-1.58911,0.641823,5.28708,1.58911,4.14424,284.7,5.176363636363636,283,5.1454545454545455,,,,,,,,,,,,,,,,,,,"Mason Montgomery","29770",682254
"Tim Mayza","PIT",1.66581,1.99848,0,4.16991,45.6436,0,0.221522,9.11084,1.70127,44.1315,191.706,46.8032,22.2252,20.4471,4.40188,14.9217,1.43693,1.55804,34.3224,6.99958,3.04306,2.30017,0.897702,0.179037,0.0778364,0.10120078176259995,0.267102,1.39866,0.310629,0.710909,,,4.02797,0.107427,0.166385,999,1.61845,-0.32172,0.808186,1.61845,0.32172,3.92242,207.20000000000005,4.70909090909091,221,5.0227272727272725,,,,,,,,,,,,,,,,,,,"Tim Mayza","15042",641835
"Ken Waldichuk","ATH",1.01795,1.40013,0.989327,5.1728,6.55172,5.18923,0.000545736,0,0,28.5591,126.459,28.5046,17.8419,16.4145,4.58512,12.7409,0.118549,2.10681,28.1419,8.86852,4.01511,2.20878,1.44494,0.222537,0.100751,0.12178612500429153,0.255391,1.44422,0.303221,0.67201,,,4.84251,0.107198,-0.0163784,999,2.83696,-0.0266973,0.832477,2.83696,0.0266973,3.89003,88.70000000000002,3.058620689655173,91,3.1379310344827585,,,,,,,,,,,,,,,,,,,"Ken Waldichuk","27681",686610
"Michael Kopech","LAD",3.49158,3.34209,0,3.9026,48.4591,0,5.25224,11.3605,3.05828,52.8032,223.812,41.7755,24.8877,22.8967,7.16331,25.0173,0.638232,3.20078,65.2934,11.1289,4.26405,2.60993,1.22095,0.291733,0.111778,0.17995501309633255,0.213583,1.26494,0.281086,0.738232,,,4.06018,0.10712,0.268453,483.42999267578125,1.73967,0.904782,0.698254,1.73967,-0.904782,4.06899,311.90000000000003,5.884905660377359,289,5.452830188679245,,,,,,,,,,,,,,,,,,,"Michael Kopech","17282",656629
"Sean Reynolds","SDP",1.2828,1.17179,0,4.16803,34.6901,0,0.100109,3.66069,0,39.2184,172.93,36.556,19.742,18.1626,3.90686,19.8357,0.524667,2.41263,42.4629,9.74456,4.55198,2.14073,0.896562,0.24555,0.114704,0.1308460459113121,0.242604,1.43789,0.312996,0.719721,,,3.99794,0.106644,0.0318285,999,2.27244,-0.173092,0.796064,2.27244,0.173092,3.93858,177.20000000000005,4.543589743589744,177,4.538461538461538,,,,,,,,,,,,,,,,,,,"Sean Reynolds","22253",669308
"Fraser Ellard","CHW",3.09598,4.3274,0,4.28255,60.5964,0,3.91456,9.08491,2.59651,61.6824,271.024,57.2266,31.9031,29.3508,6.72405,31.0454,2.9804,3.2568,62.0778,9.0577,4.52979,1.99958,0.981098,0.229049,0.114548,0.11450058966875076,0.241746,1.43107,0.300753,0.714812,,,4.23913,0.104755,0.0294632,748.969970703125,2.60116,-0.800825,0.620903,2.60116,0.800825,4.17213,302.49999999999994,4.879032258064515,297,4.790322580645161,,,,,,,,,,,,,,,,,,,"Fraser Ellard","29530",686642
"Davis Daniel","ATL",0.977892,1.28419,0.283412,4.45296,12.5668,0.622642,0,0.765054,0,17.6121,75.4674,18.3014,9.47172,8.71398,2.36931,5.08814,0.0861671,0.826693,15.8319,8.09033,2.60011,3.11154,1.21075,0.209785,0.0674217,0.1423635482788086,0.263131,1.32804,0.310258,0.693378,,,4.125,0.104102,0.108197,745.1199951171875,3.49233,-1.28385,1.16897,3.49233,1.28385,3.44137,79.80000000000003,4.4333333333333345,82,4.555555555555555,,,,,,,,,,,,,,,,,,,"Davis Daniel","27582",669721
"Chad Green","TOR",3.74127,3.42142,0,3.99983,54.9394,0,6.79884,13.9337,3.7029,57.8443,240.296,52.7212,27.9429,25.7075,8.60868,17.2967,1.81013,1.94934,54.7265,8.51489,2.6912,3.16398,1.33943,0.227746,0.0719808,0.15576529502868652,0.238504,1.21046,0.279698,0.72586,,,4.20717,0.103759,0.159445,494.739990234375,1.84509,2.05239,0.836769,1.84509,-2.05239,3.88431,324.70000000000005,5.5982758620689665,317,5.4655172413793105,,,,,,,,,,,,,,,,,,,"Chad Green","15552",643338
"Wade Miley","CIN",1.16264,1.47789,1.18758,4.46632,4.55906,4.46916,0,0.0646029,0,22.6947,97.616,22.4251,12.2417,11.2624,3.37234,7.9963,0.105771,1.15309,14.5878,5.78505,3.17108,1.82432,1.33736,0.14944,0.0819158,0.0675245150923729,0.253486,1.34046,0.270227,0.707376,,,5.02211,0.103351,0.301043,999,4.28612,0.804889,1.12041,4.28612,-0.804889,3.50612,79.10000000000001,3.439130434782609,79,3.4347826086956523,,,,,,,,,,,,,,,,,,,"Wade Miley","8779",489119
"Lou Trivino","SFG",1.64113,2.29427,0,4.27862,32.6396,0,0.35235,4.90156,1.02033,35.1271,152.375,34.2032,18.1516,16.6995,3.81601,14.1659,0.666371,1.78586,32.6647,8.36912,3.62948,2.30587,0.977709,0.214371,0.0929675,0.12140372395515442,0.250714,1.37697,0.304047,0.702296,,,4.08127,0.102395,0.023279,999,1.65229,-0.215375,0.86788,1.65229,0.215375,3.84283,159.4,4.554285714285714,161,4.6,,,,,,,,,,,,,,,,,,,"Lou Trivino","15043",642152
"Kevin Herget","NYM",1.14802,1.47499,0,4.15445,24.0349,0,0.130924,2.32004,0,28.6225,120.223,27.8331,14.3612,13.2123,4.10724,8.01179,0.673867,1.08702,25.1438,7.90618,2.51921,3.13835,1.29148,0.209143,0.0666409,0.1425018087029457,0.250468,1.25233,0.289787,0.713869,,,4.22869,0.10234,0.113665,999,1.73772,-0.591282,1.10286,1.73772,0.591282,3.52952,123.60000000000004,4.262068965517242,124,4.275862068965517,,,,,,,,,,,,,,,,,,,"Kevin Herget","15369",643361
"Austin Adams","BOS",0.853766,0.908435,0,4.42896,23.7677,0,0,4.4816,1.34908,22.5512,100.304,19.5421,12.0626,11.0976,2.33177,11.772,0.555754,3.36577,26.4574,10.5589,4.6981,2.24749,0.93059,0.263772,0.117363,0.14640913158655167,0.229459,1.38858,0.305272,0.686337,,,4.17802,0.102222,0.0521819,999,1.45083,-0.336688,1.03648,1.45083,0.336688,3.61803,116.60000000000002,5.069565217391306,112,4.869565217391305,,,,,,,,,,,,,,,,,,,"Austin Adams","13801",613534
"Tommy Nance","TOR",1.68046,3.12643,0,4.22881,39.8817,0.0913909,0,4.09892,2.24956,43.4819,187.26,43.001,22.2073,20.4308,5.16594,15.4019,1.82495,2.32468,39.5836,8.19311,3.18792,2.57005,1.06926,0.211383,0.0822487,0.129134401679039,0.253643,1.34315,0.303205,0.707351,,,4.1133,0.101402,-0.0121969,999,2.26136,-0.865037,0.790078,2.26136,0.865037,3.94656,189.89999999999998,4.416279069767441,195,4.534883720930233,,,,,,,,,,,,,,,,,,,"Tommy Nance","19178",667297
"Chase Lee","DET",0.860586,0.854515,0,3.7197,16.3427,0,0,0.9167,0,16.7835,70.8335,15.4463,7.53981,6.93663,1.72067,5.68821,0,0.85908,15.9497,8.55288,3.05025,2.80399,0.922696,0.225171,0.0803039,0.14486748725175858,0.240273,1.25924,0.29444,0.725996,,,3.76893,0.101293,0.0698542,999,0.986199,-1.38591,1.27355,0.986199,1.38591,3.30193,77.20000000000002,4.541176470588236,74,4.352941176470588,,,,,,,,,,,,,,,,,,,"Chase Lee","sa3016946",695445
"Cody Poteet","CHC",1.64095,0.654331,0.354547,3.76674,16.7229,0.876091,0,0.78996,0,23.5013,98.423,21.171,10.6912,9.83591,2.81969,7.88773,0.261153,0.975593,20.9267,8.01404,3.02067,2.65307,1.07982,0.21262,0.0801411,0.13247855752706528,0.23639,1.23648,0.278839,0.731448,,,4.07675,0.101108,0.212084,750.530029296875,1.30329,-0.406688,1.17327,1.30329,0.406688,3.43564,105.10000000000002,4.379166666666667,100,4.166666666666667,,,,,,,,,,,,,,,,,,,"Cody Poteet","18769",547001
"Sam Aldegheri","LAA",0.846863,1.31707,0.80968,5.01096,3.1935,2.7786,0,0,0,15.1324,66.988,14.7139,9.15798,8.42534,2.29573,7.35824,0.111145,0.880443,13.5775,8.07518,4.37631,1.8452,1.36538,0.202685,0.109844,0.09284073859453201,0.250452,1.4586,0.289629,0.684807,,,4.97753,0.0988718,0.040235,750.8800048828125,2.15606,-0.286468,1.12629,2.15606,0.286468,3.49828,51.400000000000006,3.426666666666667,53,3.533333333333333,,,,,,,,,,,,,,,,,,,"Sam Aldegheri","26443",691951
"Tommy Kahnle","DET",1.30539,1.75901,0,3.53403,46.3305,0,2.4474,13.0757,1.2842,46.7903,198.15,39.5231,19.9708,18.3731,5.15375,20.1039,0.640523,2.36283,47.6831,9.17172,3.86694,2.37183,0.991312,0.240642,0.101458,0.13918335735797882,0.224969,1.27435,0.279776,0.756628,,,4.00069,0.098774,0.417056,619.5,1.69419,0.429611,1.0419,1.69419,-0.429611,3.6108,274.3,5.836170212765958,262,5.574468085106383,,,,,,,,,,,,,,,,,,,"Tommy Kahnle","11384",592454
"Tayler Saucedo","SEA",2.43781,1.59845,0,3.81007,54.7811,0,1.11101,9.71902,0.970334,53.5838,230.447,48.0715,24.6568,22.6842,5.38377,23.1255,1.85637,3.32063,50.192,8.43029,3.88418,2.17042,0.904263,0.217803,0.100351,0.11745239049196243,0.235644,1.3287,0.287605,0.731078,,,4.07988,0.0978471,0.123209,999,2.59008,-0.256565,0.767267,2.59008,0.256565,3.97698,280.3,5.190740740740741,272,5.037037037037037,,,,,,,,,,,,,,,,,,,"Tayler Saucedo","17888",642048
"Colin Selby","BAL",1.76977,1.66334,0,3.91714,28.8758,0.0237508,0,1.42994,0.784281,31.0642,134.308,28.2884,14.696,13.5203,3.05736,13.792,0.646682,1.83121,32.0087,9.27363,3.99585,2.32081,0.885787,0.238322,0.102689,0.13563308864831924,0.238348,1.35463,0.301737,0.724453,,,3.89394,0.0971546,0.0614176,999,1.82754,-0.67848,0.962727,1.82754,0.67848,3.71636,139.7,4.506451612903225,136,4.387096774193548,,,,,,,,,,,,,,,,,,,"Colin Selby","24986",681882
"Cole Irvin",,1.21262,1.68214,0.849267,4.7891,7.61066,3.75294,0.100864,0.127856,0,26.4949,114.41,28.928,15.3245,14.0985,4.1746,7.01603,0.254024,1.36598,18.8501,6.40317,2.38326,2.68673,1.41806,0.164759,0.0613235,0.10343591123819351,0.272833,1.35664,0.298221,0.685044,,,4.74095,0.0965331,0.0462816,750.8800048828125,1.33808,0.71239,1.00881,1.33808,-0.71239,3.65492,81.79999999999998,3.1461538461538456,92,3.5384615384615383,,,,,,,,,,,,,,,,,,,"Cole Irvin","19244",608344
"Carson Ragsdale","SFG",0.999358,1.19709,0,4.02107,17.6592,0.391922,0,0.985515,0,20.4451,86.7274,18.5468,9.92889,9.13458,2.46124,7.75253,0.439692,0.932831,21.3486,9.39773,3.41269,2.75376,1.08345,0.246157,0.0893896,0.15676786750555038,0.237652,1.28634,0.296606,0.716318,,,3.91752,0.0961333,0.0427519,999,1.76364,-0.935703,1.17039,1.76364,0.935703,3.43948,93,4.65,93,4.65,,,,,,,,,,,,,,,,,,,"Carson Ragsdale","sa3014922",685068
"Carson Spiers","CIN",2.76086,3.26165,0.707528,5.01544,30.2853,2.4607,0.0432393,1.43366,0,50.0093,219.548,54.2372,30.2921,27.8687,8.91106,17.1304,0.238045,2.65338,44.2439,7.96243,3.0829,2.58277,1.60369,0.201523,0.0780258,0.12349720299243927,0.271506,1.42709,0.309163,0.69747,,,4.9003,0.0961238,-0.0656361,744.1199951171875,4.9486,-0.624231,0.442372,4.9486,0.624231,4.41017,150.9,3.0180000000000002,165,3.3,,,,,,,,,,,,,,,,,,,"Carson Spiers","27685",686730
"Alek Jacob","SDP",1.20026,0.867052,0,4.13085,27.4441,0,0,1.68808,0,34.336,148.767,33.1541,17.1301,15.7597,4.4004,13.5066,0.444094,2.18822,34.7555,9.10998,3.54029,2.57323,1.15341,0.233625,0.0907905,0.14283407479524612,0.249145,1.35895,0.306165,0.729149,,,4.17937,0.093072,0.0726792,999,2.62867,-0.40716,0.928683,2.62867,0.40716,3.76176,146.60000000000002,4.311764705882354,148,4.352941176470588,,,,,,,,,,,,,,,,,,,"Alek Jacob","29628",689690
"Collin Snider","SEA",3.5526,3.16574,0,3.86882,54.0006,0,0.807935,11.1357,2.84961,56.3311,243.575,53.7602,26.3207,24.215,6.70884,23.5297,1.43166,2.36133,52.7774,8.43222,3.75932,2.24302,1.07187,0.216678,0.0966014,0.1200769692659378,0.246965,1.37206,0.297422,0.750679,,,4.21977,0.0926208,0.119571,735.4000244140625,2.18818,2.17846,0.630724,2.18818,-2.17846,4.15904,264.9000000000001,4.7303571428571445,266,4.75,,,,,,,,,,,,,,,,,,,"Collin Snider","23307",676092
"Domingo Gonzalez","ATL",1.73912,1.49234,0,4.21777,29.7039,0,0,2.11983,0,32.0834,138.345,29.5198,16.343,15.0356,3.6517,13.2595,0.61828,2.20324,33.7038,9.45457,3.71953,2.54187,1.02437,0.243621,0.0958434,0.14777786284685135,0.240228,1.33338,0.302456,0.701843,,,3.99098,0.0916263,0.0982319,999,1.85931,0.0375667,0.906319,1.85931,-0.0375667,3.79157,140.60000000000002,4.393750000000001,139,4.34375,,,,,,,,,,,,,,,,,,,"Domingo Gonzalez","sa3007495",682445
"Jake Bird","COL",1.85099,2.9578,0,4.67547,46.5006,0.148711,1.04887,7.68753,3.25517,51.6977,230.427,54.2377,29.1921,26.8568,5.79914,21.9703,1.36593,3.77845,44.4175,7.73259,3.82479,2.0217,1.00957,0.192762,0.0953462,0.09741540253162384,0.26499,1.47411,0.313597,0.690504,,,4.40058,0.0915117,0.173031,999,3.03277,-1.75267,0.581714,3.03277,1.75267,4.22438,217.6,4.184615384615385,229,4.403846153846154,,,,,,,,,,,,,,,,,,,"Jake Bird","21267",656234
"Dillon Tate","TOR",1.37304,1.59182,0,4.23567,30.0705,0,0.370672,2.32104,1.32305,32.3807,139.588,32.7754,16.5645,15.2393,3.37561,10.0745,0.443426,2.51016,24.68,6.85966,2.80013,2.44976,0.93823,0.176807,0.072173,0.10463355481624603,0.258068,1.32332,0.297125,0.689471,,,4.16327,0.0915047,-0.0345249,999,1.63334,0.135866,1.00978,1.63334,-0.135866,3.65362,133.10000000000002,4.159375000000001,140,4.375,,,,,,,,,,,,,,,,,,,"Dillon Tate","17796",622253
"Noah Syndergaard",,0.909777,1.38042,0.0424568,5.10286,3.32,3.32,0,0,0,18.6616,80.2243,20.2099,11.5009,10.5809,2.96616,4.76327,0.107829,0.945754,12.4149,5.98735,2.2972,2.60637,1.4305,0.154752,0.0593744,0.09537738934159279,0.271219,1.33821,0.291604,0.647065,,,4.82,0.0912045,-0.0107578,999,1.49938,-0.979553,1.1342,1.49938,0.979553,3.48773,57.69999999999999,3.0368421052631573,62,3.263157894736842,,,,,,,,,,,,,,,,,,,"Noah Syndergaard","11762",592789
"JT Brubaker","NYY",2.36978,2.56956,1.19108,4.43377,31.3153,2.30442,0,1.55959,0,43.3933,186.323,42.6138,23.2362,21.3773,6.44057,14.9196,0.285943,2.51491,41.7415,8.65739,3.0944,2.79776,1.33581,0.224027,0.080074,0.14395353198051453,0.252319,1.32586,0.299679,0.706916,,,4.37745,0.0905181,0.0480013,999,2.61408,-0.508541,0.691094,2.61408,0.508541,4.07854,170.59999999999997,3.9674418604651156,175,4.069767441860465,,,,,,,,,,,,,,,,,,,"JT Brubaker","17578",664141
"Michael Tonkin","MIN",2.90087,2.23613,0,4.23322,45.8073,0,0.272443,4.99878,0.988275,53.3507,227.9,49.0993,27.276,25.0939,6.76029,20.0197,1.10084,3.52996,53.538,9.03159,3.37723,2.67426,1.14043,0.234919,0.0878446,0.14707468450069427,0.24027,1.29556,0.293915,0.701421,,,4.13098,0.0904728,0.0158597,750.8800048828125,1.84397,-1.07016,0.584898,1.84397,1.07016,4.22014,234.70000000000002,4.428301886792453,230,4.339622641509434,,,,,,,,,,,,,,,,,,,"Michael Tonkin","10315",543859
"Eduardo Salazar","WSN",1.44779,2.52618,0,4.40036,38.7258,0,0,5.60091,0,46.415,209.104,51.4085,24.667,22.6936,4.05341,18.9518,0.727598,3.67649,36.3783,7.05384,3.67481,1.91951,0.785967,0.173972,0.0906332,0.08333853632211685,0.275684,1.51589,0.324251,0.706391,,,4.19681,0.0890046,-0.10234,999,1.71415,-0.890361,0.711164,1.71415,0.890361,4.05178,185.60000000000005,4.034782608695653,205,4.456521739130435,,,,,,,,,,,,,,,,,,,"Eduardo Salazar","23135",674285
"Jimmy Herget","COL",1.34376,2.32976,0,4.63467,32.6143,0.225456,0.692608,4.14386,1.5632,36.6135,157.682,38.4932,20.4942,18.8546,5.96369,10.911,1.02367,1.73267,32.5468,8.00036,2.68204,2.98294,1.46594,0.206408,0.069196,0.13721156865358353,0.2654,1.34934,0.305361,0.704178,,,4.54207,0.0887823,0.180888,999,1.55496,0.536128,0.850607,1.55496,-0.536128,3.86586,149.2,4.032432432432432,155,4.1891891891891895,,,,,,,,,,,,,,,,,,,"Jimmy Herget","17556",623474
"Jacob Lopez","ATH",1.18682,1.36903,0,4.13167,19.0674,0.231131,0.109816,0.919262,0,24.8627,106.785,21.8242,12.4063,11.4138,2.9006,10.8335,0.317545,1.77717,24.5358,8.88167,3.92159,2.26481,1.04998,0.229768,0.101451,0.12831643223762512,0.231742,1.31352,0.28355,0.708167,,,4.23105,0.0875449,0.105133,999,2.18033,-0.620036,1.0851,2.18033,0.620036,3.55319,105.89999999999999,4.236,101,4.04,,,,,,,,,,,,,,,,,,,"Jacob Lopez","25098",682052
"Sixto Sánchez","MIA",0.415946,1.14471,0,5.07713,4.3306,3.03185,0,0.645179,0.471612,14.1353,62.8785,16.1684,8.66752,7.97411,1.47835,4.79854,0.199657,0.777654,8.32709,5.30187,3.05524,1.73534,0.941269,0.132432,0.0763146,0.05611693114042282,0.28216,1.4833,0.309285,0.650858,,,4.53136,0.0874358,-0.0100849,999,3.01557,0.614984,1.1987,3.01557,-0.614984,3.40173,51.70000000000001,3.6928571428571435,59,4.214285714285714,,,,,,,,,,,,,,,,,,,"Sixto Sanchez","19680",664350
"Grant Holman","ATH",2.04384,2.42792,0,4.18843,50.1632,0,0,12.7787,1.78063,51.3793,221.705,47.1521,25.9902,23.911,5.769,22.2249,1.75428,2.81389,50.592,8.86208,3.89308,2.27637,1.01054,0.228195,0.100245,0.12794999778270721,0.239757,1.35029,0.294951,0.707774,,,4.1188,0.0872859,0.0574578,999,4.01288,-1.55861,0.645537,4.01288,1.55861,4.13928,260.40000000000003,5.105882352941177,256,5.019607843137255,,,,,,,,,,,,,,,,,,,"Grant Holman","30002",680880
"Marc Church","TEX",2.12291,2.67595,0,4.35391,39.3351,0,0.392094,5.55272,0,43.9344,188.479,41.9149,23.1022,21.254,6.03657,16.8942,0.564213,1.82102,45.9296,9.40872,3.46079,2.71867,1.2366,0.243685,0.0896341,0.15405111759901047,0.246901,1.33857,0.304575,0.709062,,,4.13979,0.0859548,-0.0323348,652.6900024414062,1.4712,0.488818,0.689018,1.4712,-0.488818,4.08131,201.60000000000002,4.581818181818182,201,4.568181818181818,,,,,,,,,,,,,,,,,,,"Marc Church","26353",687847
"Michael Fulmer","BOS",2.27399,2.97853,0,4.24235,42.8247,0,0.29739,9.05753,2.77649,44.8766,193.894,41.9858,22.993,21.1536,5.44262,18.9696,1.21858,2.34767,44.143,8.85287,3.80436,2.32704,1.09152,0.227666,0.097835,0.12983058393001556,0.243288,1.35829,0.297121,0.711763,,,4.20087,0.0856827,0.14914,999,1.25517,-1.27128,0.691352,1.25517,1.27128,4.0782,223.3,4.9622222222222225,221,4.911111111111111,,,,,,,,,,,,,,,,,,,"Michael Fulmer","13218",605242
"Adam Macko","TOR",0.491564,1.01363,0.739319,4.6189,4.22629,3.08826,0,0,0,15.8278,69.0309,15.4561,8.82932,8.12297,2.23547,6.4608,0.185322,1.05528,13.6541,7.764,3.67375,2.11337,1.27114,0.197797,0.0935929,0.10420368611812592,0.251258,1.38471,0.289765,0.69662,,,4.70183,0.0855899,0.062875,999,1.17262,-0.766196,1.20083,1.17262,0.766196,3.3989,61.80000000000001,3.8625000000000007,61,3.8125,,,,,,,,,,,,,,,,,,,"Adam Macko","sa3011555",671936
"Brandon Eisert","CHW",0.702883,0.968865,0,4.11076,18.5778,0,0,1.68601,0,20.9431,89.4686,20.0441,10.3976,9.56576,2.56289,7.73726,0.291335,0.743016,19.5043,8.38171,3.32498,2.52083,1.10137,0.218002,0.0864801,0.1315215304493904,0.247493,1.32652,0.296687,0.718537,,,4.1095,0.0841822,0.0965899,999,1.35705,-1.48047,1.17538,1.35705,1.48047,3.43283,87.5,4.166666666666667,87,4.142857142857143,,,,,,,,,,,,,,,,,,,"Brandon Eisert","27668",685126
"Bradley Blalock","COL",1.61619,1.88205,0.613103,5.28227,16.624,3.83239,0,0.813502,0,32.1532,142.35,34.7988,20.5123,18.8713,4.80742,12.622,0.491363,1.36305,24.6817,6.90866,3.53304,1.95545,1.34565,0.173388,0.0886693,0.08471865206956863,0.271094,1.47484,0.303325,0.661299,,,4.87979,0.0837933,0.0170671,999,3.09982,-0.153532,0.743297,3.09982,0.153532,4.00894,96.30000000000001,3.0093750000000004,107,3.34375,,,,,,,,,,,,,,,,,,,"Bradley Blalock","26419",687134
"Ty Madden","DET",1.19953,1.12992,0.144293,4.18928,18.6988,0.197324,0,1.34871,0,22.7377,97.2236,21.5011,11.5042,10.5839,2.89348,8.52134,0.321059,1.03439,21.7509,8.60939,3.3729,2.55252,1.14529,0.22372,0.0876468,0.136073537170887,0.245256,1.32038,0.295249,0.71302,,,4.16837,0.0836532,-0.0288889,999,2.69505,-1.04749,1.10432,2.69505,1.04749,3.52758,94.10000000000001,4.091304347826087,94,4.086956521739131,,,,,,,,,,,,,,,,,,,"Ty Madden","30140",680744
"Michael Flynn","TBR",0.737255,0.764181,0,4.66451,11.559,0,0,0,0,13.7359,57.3734,12.7958,7.73806,7.11902,1.72663,4.60618,0,0,13.6657,8.95404,3.01806,2.96682,1.13132,0.238189,0.0802843,0.1579049676656723,0.242495,1.2669,0.296166,0.644919,,,3.81684,0.0835291,-0.0725974,999,0.99426,-0.868605,1.23935,0.99426,0.868605,3.34753,58.20000000000003,4.157142857142859,57,4.071428571428571,,,,,,,,,,,,,,,,,,,"Michael Flynn","sa3006803",663901
"Ryan Gusto","HOU",1.93505,1.99461,0.889284,4.53303,19.9292,3.07765,0,1.01481,0,36.5691,157.186,36.215,20.0204,18.4188,5.16093,12.7827,0.714577,1.77192,30.8261,7.58661,3.14593,2.41156,1.27015,0.196113,0.0813221,0.1147909089922905,0.253907,1.33987,0.291194,0.693695,,,4.50924,0.08305,0.047829,749.0999755859375,1.54426,0.153038,0.825662,1.54426,-0.153038,3.89912,139.70000000000002,3.775675675675676,141,3.810810810810811,,,,,,,,,,,,,,,,,,,"Ryan Gusto","sa3011818",687473
"Bennett Sousa","HOU",1.62315,1.6366,0,4.01738,27.2612,0,0,1.95897,0.43372,28.7221,122.505,26.8604,13.9357,12.8208,3.45553,10.873,0.578734,1.19034,27.8259,8.7192,3.40705,2.55917,1.08278,0.227141,0.088756,0.13838519155979156,0.243209,1.31374,0.295665,0.723431,,,4.05291,0.0810863,0.0768433,999,1.18118,-2.05932,1.02291,1.18118,2.05932,3.63612,135.5,4.672413793103448,134,4.620689655172414,,,,,,,,,,,,,,,,,,,"Bennett Sousa","21345",656986
"Evan Reifert","WSN",1.66667,2.14044,0,4.26167,38.948,0,0.956401,4.71344,0,41.2969,179.223,36.7312,21.2553,19.5548,4.82299,19.469,0.850464,2.84887,43.7155,9.52709,4.24297,2.24538,1.05109,0.243917,0.10863,0.13528631627559662,0.234098,1.36088,0.294447,0.706701,,,4.18887,0.0801404,0.0406783,999,2.84007,0.0527602,0.776827,2.84007,-0.0527602,3.96423,192.70000000000005,4.700000000000001,187,4.560975609756097,,,,,,,,,,,,,,,,,,,"Evan Reifert","sa3014860",682126
"Marco Gonzales",,0.84699,0.713007,0.623674,4.65803,2.89342,2.66818,0,0,0,14.0055,61.217,15.5201,7.87898,7.24866,2.08293,4.55391,0.0966262,0.387012,9.73364,6.25489,2.92636,2.13743,1.3385,0.159002,0.0743895,0.08461257070302963,0.275786,1.4333,0.302235,0.710754,,,4.76825,0.0800152,0.0696153,999,3.21952,0.510174,1.20268,3.21952,-0.510174,3.39642,42.4,3.0285714285714285,49,3.5,,,,,,,,,,,,,,,,,,,"Marco Gonzales","15467",594835
"Keegan Thompson","CHC",3.05986,2.37986,0.250361,3.98809,42.4677,0.803679,1.13349,6.62896,0.0326784,52.2952,222.328,43.1346,25.1881,23.1731,6.24462,24.6595,0.496956,2.35541,54.1464,9.3186,4.2439,2.19576,1.0747,0.243542,0.110915,0.13262750953435898,0.220848,1.29638,0.273416,0.721504,,,4.19778,0.0798268,0.271048,999,1.80483,1.01162,0.655626,1.80483,-1.01162,4.12583,259.2,4.984615384615385,242,4.653846153846154,,,,,,,,,,,,,,,,,,,"Keegan Thompson","19795",624522
"Tyler Stuart","WSN",1.2768,1.25948,0.0697455,3.99326,19.8007,0.0953784,0,1.40512,0,21.3238,90.1403,20.5779,10.284,9.46127,2.56491,6.40446,0,1.10561,18.7075,7.89577,2.70309,2.92102,1.08256,0.207538,0.0710499,0.13648802042007446,0.249037,1.26537,0.293574,0.713866,,,4.03213,0.0786026,0.0990698,999,1.11643,-1.00007,1.17935,1.11643,1.00007,3.42754,84.9,4.042857142857143,87,4.142857142857143,,,,,,,,,,,,,,,,,,,"Tyler Stuart","sa3020264",701603
"Kyle Muller",,0.795073,1.25062,0,5.67236,11.1502,4.46797,0,0,0,38.4817,171.464,44.6923,26.3626,24.2536,6.0838,13.8748,1.44096,0.915235,29.7815,6.96522,3.24501,2.14644,1.42286,0.173689,0.0809198,0.09276963770389557,0.285256,1.52195,0.319583,0.643449,,,4.82692,0.0765913,-0.324465,999,4.42518,-0.0458949,0.654639,4.42518,0.0458949,4.12715,105.39999999999998,2.7736842105263153,127,3.3421052631578947,,,,,,,,,,,,,,,,,,,"Kyle Muller","20167",666205
"Franco Aleman","CLE",1.46247,1.30221,0,3.97517,19.4822,0,0,1.60465,0,21.0172,89.48,19.4833,10.0902,9.28299,2.50565,7.46872,0,1.36808,21.1426,9.05372,3.19827,2.83082,1.07297,0.236283,0.083468,0.15281514823436737,0.241598,1.28238,0.29788,0.719235,,,3.96576,0.0762071,0.0733538,999,0.961781,-0.780549,1.14212,0.961781,0.780549,3.47718,95.1,4.5285714285714285,92,4.380952380952381,,,,,,,,,,,,,,,,,,,"Franco Aleman","sa3018178",680916
"Buck Farmer","ATL",2.26981,2.13248,0,4.26016,45.9997,0.139724,0.336959,4.97954,1.17802,49.6868,213.574,45.3519,25.5645,23.5193,6.18498,20.593,1.40912,3.04001,48.1757,8.72628,3.7301,2.33942,1.12031,0.22557,0.0964211,0.1291484758257866,0.238769,1.32721,0.288884,0.704892,,,4.27245,0.0757051,0.0517847,999,1.98996,0.227786,0.656701,1.98996,-0.227786,4.1244,223.2,4.4639999999999995,216,4.32,,,,,,,,,,,,,,,,,,,"Buck Farmer","14814",571656
"Edgardo Henriquez","LAD",0.970992,0.7204,0,4.27726,17.1722,0,0.120624,2.12806,0.860176,18.7189,81.5465,16.5909,9.66973,8.89615,2.14726,9.68237,0,0.801367,20.0761,9.65259,4.65527,2.07347,1.0324,0.246193,0.118734,0.12745820730924606,0.233469,1.40358,0.295738,0.713606,,,4.19289,0.0748609,-0.0108631,999,1.29774,-0.27671,1.11558,1.29774,0.27671,3.51256,86.8,4.568421052631579,84,4.421052631578948,,,,,,,,,,,,,,,,,,,"Edgardo Henriquez","26944",683618
"Eiberson Castellano","MIN",1.4988,1.63168,0,4.18298,25.1869,0.448286,0,2.10414,0,28.8913,124.238,27.5613,14.5956,13.428,3.48349,10.6254,0,1.97752,27.9905,8.71938,3.30994,2.6343,1.08515,0.225297,0.0855245,0.13977288454771042,0.246887,1.32174,0.300368,0.708232,,,4.10493,0.074245,-0.0148895,999,1.86704,-1.00714,0.999468,1.86704,1.00714,3.66738,129.90000000000003,4.479310344827588,131,4.517241379310345,,,,,,,,,,,,,,,,,,,"Eiberson Castellano","sa3015414",682769
"Tyler Wells","BAL",1.16794,0.817877,0.401609,4.24377,14.0925,0.785097,0.000217583,0.824366,0,18.7419,77.8689,17.4209,9.60581,8.83735,3.08214,5.42618,0.0812729,0.482952,17.6354,8.46869,2.60569,3.25007,1.48007,0.226476,0.0696835,0.15679271519184113,0.242092,1.21904,0.279823,0.714505,,,4.3683,0.0737925,0.00493696,999,1.29167,-0.952321,1.204,1.29167,0.952321,3.39466,84.49999999999999,4.447368421052631,81,4.2631578947368425,,,,,,,,,,,,,,,,,,,"Tyler Wells","20000",669330
"Cristian Javier","HOU",1.37629,1.1151,0.435714,4.13955,14.2097,0.953734,0,0.810882,0,19.4711,81.9465,16.4496,9.7345,8.95574,2.93552,7.91967,0.075177,0.916318,20.3153,9.3902,3.66066,2.56517,1.35686,0.247909,0.0966444,0.1512647271156311,0.224997,1.25156,0.271042,0.722364,,,4.40108,0.0733916,0.0162232,722.8400268554688,1.16745,0.401682,1.15927,1.16745,-0.401682,3.45431,79.1,4.163157894736842,73,3.8421052631578947,,,,,,,,,,,,,,,,,,,"Cristian Javier","17606",664299
"Adrian Houser","TEX",0.602158,1.57749,0.563135,4.82678,6.51805,2.46381,0.0539118,0.0768513,0,20.9922,92.296,22.4764,12.2373,11.2583,2.52573,7.77047,0.22667,0.961655,13.912,5.96448,3.33143,1.79036,1.08286,0.150732,0.0841908,0.06654144078493118,0.268973,1.44086,0.297212,0.674242,,,4.65307,0.0718697,0.0213955,748.8599853515625,2.96481,-0.427147,1.09643,2.96481,0.427147,3.53809,62.3,2.9666666666666663,67,3.1904761904761907,,,,,,,,,,,,,,,,,,,"Adrian Houser","12718",605288
"Chris Flexen","CHC",0.745541,1.5707,0.237483,4.59413,15.9504,1.15603,0,1.41342,0,21.8098,94.1063,22.8261,12.1011,11.133,3.07832,7.2558,0.345947,0.558015,17.7836,7.33856,2.99417,2.45094,1.2703,0.188973,0.0771022,0.11187100410461426,0.26452,1.37929,0.301813,0.697682,,,4.44538,0.0717577,-0.000643658,750.8400268554688,4.57149,-2.86559,1.10034,4.57149,2.86559,3.53288,82.10000000000001,3.7318181818181824,87,3.9545454545454546,,,,,,,,,,,,,,,,,,,"Chris Flexen","13896",623167
"Tyler Kinley","COL",3.25279,3.3792,0,4.89244,58.1012,0,11.3772,9.47596,1.7132,58.7123,256.643,57.5553,34.6916,31.9163,8.90475,25.5529,0.995925,2.68144,61.9814,9.50111,3.917,2.42561,1.36501,0.241509,0.0995661,0.14194240421056747,0.251984,1.41552,0.308849,0.685384,,,4.46948,0.0715001,0.00624309,529.9000244140625,2.96676,-0.909258,1.06707,2.96676,0.909258,3.57724,303.1,5.137288135593221,306,5.186440677966102,,,,,,,,,,,,,,,,,,,"Tyler Kinley","18297",641755
"Sean Reid-Foley","NYM",1.26203,1.31176,0,3.97055,24.2402,0,0,3.03392,0.413119,25.7654,111.535,22.1865,12.3554,11.367,2.82245,13.4887,0.289267,0.882626,28.0405,9.79469,4.71166,2.07882,0.985897,0.251405,0.120936,0.13046832382678986,0.228341,1.38461,0.292063,0.735088,,,4.08728,0.0708977,0.159103,999,1.78987,-1.85878,1.03251,1.78987,1.85878,3.62332,124.3,4.780769230769231,117,4.5,,,,,,,,,,,,,,,,,,,"Sean Reid-Foley","17034",656887
"T.J. McFarland","ATH",2.11897,3.22644,0,4.29945,57.7676,0,0.0544454,12.9812,0.809679,52.0576,226.234,53.1419,27.0313,24.8688,5.19895,17.2741,1.69028,4.33044,38.4867,6.65379,2.98645,2.228,0.898823,0.170119,0.0763551,0.09376386553049088,0.259698,1.35266,0.297886,0.687148,,,4.2312,0.0708527,0.00808342,999,2.62821,-0.157029,0.687207,2.62821,0.157029,4.08372,250.5,4.8173076923076925,260,5,,,,,,,,,,,,,,,,,,,"T.J. McFarland","3237",519008
"Ryne Stanek","NYM",4.40547,2.76531,0,3.98158,56.2446,0,1.09004,12.789,3.20199,56.0535,239.169,47.5468,26.9543,24.798,7.40548,26.0616,1.27451,2.44514,62.7078,10.0684,4.18446,2.40614,1.18903,0.26219,0.108967,0.1532232165336609,0.225701,1.31318,0.285603,0.737722,,,4.17223,0.0703194,0.223046,750.2100219726562,1.48413,-1.14197,0.478365,1.48413,1.14197,4.36218,302.50000000000006,5.401785714285715,288,5.142857142857143,,,,,,,,,,,,,,,,,,,"Ryne Stanek","15947",592773
"Héctor Neris","ATL",5.25062,3.48832,0,3.9062,52.4427,0,2.76118,12.9797,3.01145,53.4682,227.345,46.5056,25.2243,23.2064,6.7621,22.5454,0.91777,2.70178,57.0893,9.60952,3.79493,2.5322,1.13823,0.251113,0.099168,0.15194476395845413,0.230114,1.29144,0.287482,0.735543,,,4.09171,0.0701733,0.315835,737.97998046875,3.77412,1.43449,0.578888,3.77412,-1.43449,4.22815,286.90000000000003,5.413207547169812,277,5.226415094339623,,,,,,,,,,,,,,,,,,,"Hector Neris","11804",593576
"Kyle Finnegan","WSN",3.50615,3.88542,0,4.02523,55.6185,0,21.2802,4.15256,4.92276,61.0468,260.221,57.932,29.6772,27.303,7.87596,22.84,1.77968,1.93551,58.039,8.55657,3.36725,2.54111,1.16114,0.223038,0.0877717,0.13526605069637299,0.246053,1.32312,0.295263,0.732588,,,4.15975,0.0700123,0.189066,227.13999938964844,2.15299,-0.171679,1.62467,2.15299,0.171679,2.83377,364.2000000000001,5.97049180327869,363,5.950819672131147,,,,,,,,,,,,,,,,,,,"Kyle Finnegan","15009",640448
"Carlos Hernández","KCR",1.01219,3.05526,0,4.44164,38.2326,0.438592,0.209258,3.73006,2.06804,42.0598,182.305,39.4255,22.5622,20.7572,4.90406,18.7183,0.673484,1.76731,41.0558,8.78516,4.00536,2.19335,1.04938,0.225204,0.102676,0.12252805382013321,0.243639,1.38241,0.297959,0.693895,,,4.19116,0.0699912,-0.115764,999,3.14807,-1.06568,0.780303,3.14807,1.06568,3.9596,182.9,4.354761904761905,180,4.285714285714286,,,,,,,,,,,,,,,,,,,"Carlos Hernandez","22713",672578
"Colton Gordon","HOU",1.09686,1.03973,0.728609,4.25736,10.8215,1.9319,0,0.79459,0,18.3417,77.6028,17.4705,9.43081,8.67635,2.64568,5.86571,0,0.892197,15.8545,7.77957,2.87822,2.70291,1.2982,0.204303,0.0755864,0.12871698290109634,0.246603,1.27231,0.283216,0.708294,,,4.41819,0.0694084,0.109766,999,1.41049,-0.395852,1.19752,1.41049,0.395852,3.40331,67.10000000000001,3.7277777777777783,66,3.6666666666666665,,,,,,,,,,,,,,,,,,,"Colton Gordon","sa3019426",676467
"Ryan Yarbrough","TOR",2.49315,2.18315,0.514856,4.17142,27.2074,0.704077,0.118251,1.81474,0.688575,40.5347,170.605,38.6712,20.4212,18.7875,5.41307,10.8006,0.535528,3.17706,29.9368,6.64692,2.39809,2.77176,1.20187,0.175474,0.063308,0.11216643452644348,0.2469,1.22048,0.274232,0.69344,,,4.45993,0.0679588,0.157064,747.1400146484375,2.69715,0.230993,0.955108,2.69715,-0.230993,3.72652,166.50000000000003,4.060975609756098,166,4.048780487804878,,,,,,,,,,,,,,,,,,,"Ryan Yarbrough","16502",642232
"Ryan Loutos","STL",1.05939,0.660611,0,4.21873,22.5803,0,0,1.48297,0.623806,22.7544,100.024,23.6703,11.5935,10.6661,2.12009,9.23792,0.386099,0.900626,19.746,7.81012,3.65386,2.1375,0.838553,0.197413,0.0923569,0.10505593568086624,0.263338,1.44624,0.316825,0.711911,,,3.97883,0.0679302,-0.00234843,999,1.16119,-0.0576567,1.06643,1.16119,0.0576567,3.5781,97.20000000000002,4.22608695652174,103,4.478260869565218,,,,,,,,,,,,,,,,,,,"Ryan Loutos","29521",702795
"Nick Robertson","TOR",1.25153,1.33779,0,4.19239,30.674,0.135859,0,2.12885,0,34.5654,147.916,33.181,17.5014,16.1013,4.41641,12.816,0.88404,1.33387,33.4202,8.70181,3.33699,2.60769,1.14993,0.22594,0.0866438,0.13929613679647446,0.248052,1.33072,0.299851,0.715718,,,4.12185,0.0674294,-0.019659,999,1.7792,-2.04742,0.939727,1.7792,2.04742,3.74703,156,4.457142857142857,155,4.428571428571429,,,,,,,,,,,,,,,,,,,"Nick Robertson","26226",687798
"Emiliano Teodo","TEX",0.673776,0.962266,0.634234,4.48372,8.38027,1.55259,0,0.181438,0,13.9631,60.7109,12.2442,7.56121,6.95631,1.80947,7.1128,0.116585,0.721135,13.8709,8.94054,4.58459,1.95013,1.1663,0.228474,0.117159,0.11131592839956284,0.231561,1.38629,0.28053,0.70114,,,4.54748,0.0665895,0.00751883,713.1599731445312,1.71101,-0.772953,1.21156,1.71101,0.772953,3.38459,51.800000000000026,3.700000000000002,48,3.4285714285714284,,,,,,,,,,,,,,,,,,,"Emiliano Teodo","sa3015158",693713
"Kyle Nelson","ARI",2.02463,1.33905,0,4.12282,28.0734,0.172517,0,4.43717,1.45497,27.5906,117.414,26.0604,13.7381,12.639,3.76091,9.88579,1.04468,1.17935,27.01,8.81062,3.22472,2.73221,1.2268,0.230041,0.0841959,0.14584475755691528,0.245045,1.30284,0.295052,0.723842,,,4.18375,0.0660918,0.0923288,999,1.21978,-1.51652,0.997641,1.21978,1.51652,3.66981,127.40000000000006,4.5500000000000025,125,4.464285714285714,,,,,,,,,,,,,,,,,,,"Kyle Nelson","20515",669459
"Anthony Molina","COL",0.579882,0.823879,0,5.30565,15.9342,0.136605,0,1.0939,0.654418,20.3253,89.8137,23.6661,13.024,11.9821,2.21842,6.198,0.388636,0.802882,14.1259,6.25494,2.74446,2.27911,0.982311,0.157281,0.0690095,0.08827106654644012,0.285779,1.46931,0.322675,0.62934,,,4.22871,0.0660039,-0.0999994,999,3.88494,-1.37036,1.04665,3.88494,1.37036,3.60447,72,3.6,85,4.25,,,,,,,,,,,,,,,,,,,"Anthony Molina","26952",683627
"Jhonathan Díaz","SEA",0.41719,0.838131,0.681003,4.36355,3.75181,2.14799,0,0,0,12.6186,55.3826,12.7282,6.65,6.118,1.41369,5.02186,0.097214,0.912337,9.85046,7.02566,3.58175,1.96152,1.00829,0.177862,0.0906758,0.08718626201152802,0.257404,1.40666,0.296314,0.703832,,,4.47246,0.0656749,0.0316115,999,1.6686,-1.0281,1.27457,1.6686,1.0281,3.30057,52.10000000000001,4.0076923076923086,54,4.153846153846154,,,,,,,,,,,,,,,,,,,"Jhonathan Diaz","20298",646242
"Chase Silseth","LAA",2.43407,2.38893,1.03044,4.37791,29.4323,3.36669,0,1.00429,0,44.9337,193.3,41.4528,23.7579,21.8573,6.8678,19.0891,0.198848,2.00131,44.9937,9.01203,3.82345,2.35704,1.37559,0.232766,0.0987536,0.13401256501674652,0.240711,1.34736,0.287374,0.722289,,,4.55887,0.0649317,0.124987,727.8800048828125,2.85899,-1.05627,0.642214,2.85899,1.05627,4.14371,171.29999999999998,3.806666666666666,165,3.6666666666666665,,,,,,,,,,,,,,,,,,,"Chase Silseth","30074",681217
"Omar Cruz","SDP",0.969627,0.916787,0.154559,4.09214,16.2069,0.211363,0,0.908695,0,18.2488,78.5507,16.633,9.01891,8.29739,1.99873,7.5945,0.346864,1.21925,18.3566,9.0532,3.74548,2.4171,0.985739,0.233692,0.0966828,0.13700897246599197,0.23851,1.32762,0.29635,0.70971,,,4.02744,0.0637798,0.0384768,749.4299926757812,1.64821,-0.701643,1.17935,1.64821,0.701643,3.42753,77.40000000000002,4.300000000000001,77,4.277777777777778,,,,,,,,,,,,,,,,,,,"Omar Cruz","sa3006971",678316
"Tyler Phillips","PHI",2.23173,1.78891,0.703073,4.94237,22.439,1.87604,0,0.669945,0,32.3393,141.168,34.8958,19.3035,17.7592,4.81065,10.7744,0.46547,1.39092,24.7753,6.89493,2.99849,2.29947,1.3388,0.175501,0.0763227,0.09917883574962616,0.270503,1.41222,0.302615,0.677193,,,4.69662,0.0635201,-0.109328,999,2.69338,-0.241689,0.781869,2.69338,0.241689,3.95751,102.30000000000001,3.1968750000000004,113,3.53125,,,,,,,,,,,,,,,,,,,"Tyler Phillips","20629",663969
"Brooks Raley",,0.873979,0.780442,0,3.94895,19.5753,0,0.736437,3.40722,0.546861,19.6613,83.8318,17.7738,9.37698,8.62682,2.47281,7.69945,0.294699,1.14423,19.6714,9.00465,3.52444,2.55492,1.13194,0.234654,0.091844,0.14280965924263,0.237021,1.2956,0.289551,0.731273,,,4.14987,0.0624376,0.146351,999,1.19721,0.663315,1.20801,1.19721,-0.663315,3.38932,106.60000000000001,5.33,104,5.2,,,,,,,,,,,,,,,,,,,"Brooks Raley","10061",548384
"Hurston Waldrep","ATL",1.26572,1.71163,0.91243,4.69839,10.3477,2.65508,0,0.648087,0,22.1915,98.4291,22.1941,12.5923,11.5849,2.95342,10.432,0,1.22591,20.0098,8.11522,4.2308,1.91813,1.19779,0.203292,0.105985,0.09730738401412964,0.255777,1.47021,0.30154,0.703154,,,4.66924,0.0620802,0.0167211,704.9299926757812,1.86241,-2.74021,0.986228,1.86241,2.74021,3.68503,79.7,3.622727272727273,82,3.727272727272727,,,,,,,,,,,,,,,,,,,"Hurston Waldrep","33527",694462
"Luis García","LAD",1.12944,0.766746,0,3.98022,16.2111,0,0.102924,1.94234,0.612775,16.826,71.7475,16.694,8.08829,7.44123,1.92668,5.07557,0.307448,1.01434,14.9959,8.02114,2.71486,2.95453,1.03056,0.20901,0.0707421,0.1382678523659706,0.254259,1.29381,0.303014,0.717341,,,3.95839,0.0611418,0.0880609,999,0.803934,-0.358269,1.22522,0.803934,0.358269,3.36638,77.00000000000001,4.529411764705883,79,4.647058823529412,,,,,,,,,,,,,,,,,,,"Luis Garcia","6984",472610
"Taijuan Walker","PHI",2.82155,3.02983,1.68235,4.83514,29.5747,4.15245,0,1.28963,0,52.5402,228.185,53.7867,30.681,28.2265,8.20958,19.1337,0.282943,2.37256,39.2091,6.71642,3.27755,2.04922,1.40628,0.17183,0.0838517,0.08797866106033325,0.260243,1.3879,0.28618,0.687635,,,4.93322,0.0607179,-0.079329,748.969970703125,3.43117,-2.57445,0.504516,3.43117,2.57445,4.32731,172.40000000000006,3.2528301886792463,180,3.3962264150943398,,,,,,,,,,,,,,,,,,,"Taijuan Walker","11836",592836
"Enyel De Los Santos","ATL",1.70787,0.94788,0,4.19982,34.3679,0,0.138455,4.14549,1.33198,35.5091,151.155,32.3277,18.0111,16.5702,5.07181,13.4929,0.823527,2.00251,36.2163,9.17925,3.41986,2.6841,1.28548,0.239598,0.0892655,0.15033234655857086,0.238301,1.29039,0.288816,0.71822,,,4.29259,0.0602583,0.110511,999,1.33828,-0.497469,0.909586,1.33828,0.497469,3.78722,164.70000000000005,4.575000000000001,158,4.388888888888889,,,,,,,,,,,,,,,,,,,"Enyel De Los Santos","18403",660853
"Josh Staumont","CIN",0.984131,0.912757,0,4.53593,20.5358,0,1.28981,2.09634,1.03795,21.408,94.3983,20.0099,11.7277,10.7895,2.69892,11.0184,0.233586,1.07279,21.3494,8.97537,4.63218,1.93761,1.13464,0.226163,0.116723,0.1094403862953186,0.243112,1.44938,0.297139,0.708285,,,4.50527,0.0590336,-0.0257745,999,1.22837,-0.265994,1.05838,1.22837,0.265994,3.58882,85.5,4.071428571428571,85,4.0476190476190474,,,,,,,,,,,,,,,,,,,"Josh Staumont","18335",622251
"Carson Palmquist","COL",1.11531,1.36923,1.02519,5.18823,4.04933,3.25694,0,0,0,18.8684,83.5694,19.2365,11.8229,10.8771,3.31708,8.37459,0,1.05125,16.8087,8.01756,3.99458,2.00711,1.58221,0.201135,0.100211,0.10092383623123169,0.259449,1.46335,0.294707,0.687424,,,5.16888,0.0580262,0.116272,999,1.05827,0.663168,1.0178,1.05827,-0.663168,3.64294,61.29999999999999,3.226315789473684,63,3.3157894736842106,,,,,,,,,,,,,,,,,,,"Carson Palmquist","sa3020473",687223
"Ryan Webb","CLE",0.932225,0.937243,0.0928372,4.12193,18.5438,0.126957,0,1.21766,0,19.8198,85.673,19.2199,9.86663,9.0773,2.13533,7.78787,0.41435,0.989694,18.4744,8.38909,3.53641,2.3722,0.969638,0.215639,0.0909023,0.12473642826080322,0.249949,1.36267,0.303533,0.71367,,,4.03144,0.0573159,0.0198062,999,1.31351,-0.939798,1.1539,1.31351,0.939798,3.46146,87,4.35,87,4.35,,,,,,,,,,,,,,,,,,,"Ryan Webb","sa3018280",669067
"Anderson Pilar","ATL",0.805926,0.873589,0,4.18635,17.2157,0,0,1.82099,0,18.55,79.7763,18.6158,9.37886,8.62855,2.03579,6.11582,0.454833,1.06407,16.4642,7.98799,2.96724,2.69206,0.987713,0.206379,0.0766621,0.12971701472997665,0.256429,1.33324,0.30649,0.701632,,,3.97923,0.0570175,0.109377,999,1.48601,-0.245477,1.1926,1.48601,0.245477,3.40987,85.6,4.505263157894737,88,4.631578947368421,,,,,,,,,,,,,,,,,,,"Anderson Pilar","sa917899",666768
"Sem Robberse","STL",1.06706,1.07222,0.24127,4.18469,17.7584,0.464956,0,0.844758,0,21.91,93.3278,21.5736,11.0732,10.1874,2.56658,7.06725,0.480065,0.928921,18.3191,7.52497,2.90303,2.59211,1.05428,0.196287,0.075725,0.12056247144937515,0.252821,1.30721,0.29493,0.701369,,,4.11198,0.0566161,0.0470276,999,1.91339,-0.637279,1.15205,1.91339,0.637279,3.46394,84.7,3.85,87,3.9545454545454546,,,,,,,,,,,,,,,,,,,"Sem Robberse","sa3011735",691828
"Ethan Small","SFG",1.06792,1.03955,0,4.05651,13.4715,0,0.00794474,1.04463,0,15.6839,67.6928,14.7199,7.68382,7.06911,1.66744,6.84037,0.293077,0.492291,15.0786,8.65263,3.92525,2.20435,0.956837,0.22275,0.10105,0.12170010805130005,0.243868,1.37467,0.299272,0.72176,,,4.02835,0.0565254,0.0342019,999,1.13469,-0.92173,1.19725,1.13469,0.92173,3.40367,67.80000000000001,4.237500000000001,67,4.1875,,,,,,,,,,,,,,,,,,,"Ethan Small","26364",663629
"Matt Gage","DET",0.675311,0.70123,0,4.12256,12.0855,0,0,0,0.503543,15.5051,66.1928,13.668,7.71989,7.1023,1.61117,6.73698,0.444324,0.667993,15.2752,8.86655,3.91051,2.26736,0.935214,0.230768,0.101778,0.12898996472358704,0.232497,1.31602,0.287743,0.698929,,,3.97975,0.0560777,0.0162894,999,1.46335,-0.849921,1.24154,1.46335,0.849921,3.34462,63.40000000000001,3.962500000000001,60,3.75,,,,,,,,,,,,,,,,,,,"Matt Gage","17381",657424
"Josh Simpson","MIA",1.38631,1.61045,0,4.10212,24.1725,0,0,1.30725,0,25.6894,112.202,23.8426,12.7272,11.709,2.88699,12.2507,0,1.35236,26.5551,9.30326,4.2919,2.16763,1.01142,0.236672,0.109185,0.12748746573925018,0.241814,1.40499,0.303015,0.729017,,,4.1486,0.0558114,0.098783,999,1.13495,-1.4006,1.0044,1.13495,1.4006,3.6608,112.1,4.311538461538461,110,4.230769230769231,,,,,,,,,,,,,,,,,,,"Josh Simpson","sa1053035",681006
"Spencer Bivens","SFG",2.32697,1.52545,0,3.99814,28.3682,0.555039,0.313886,2.17444,0.246296,37.733,161.01,37.7037,18.22,16.7624,4.86713,11.7402,0.781638,1.76278,28.6587,6.83562,2.80024,2.44108,1.1609,0.177994,0.072916,0.10507789254188538,0.255606,1.31036,0.288088,0.73244,,,4.39787,0.054277,0.244062,999,1.67293,-0.744823,0.937286,1.67293,0.744823,3.75028,144.89999999999998,3.8131578947368414,149,3.9210526315789473,,,,,,,,,,,,,,,,,,,"Spencer Bivens","30226",702352
"Shawn Dubin","HOU",1.21594,1.19402,0,4.12741,26.0102,0.243423,0.31505,1.62469,0,30.4804,133.562,28.3506,15.1939,13.9784,3.12969,14.9143,0.301404,1.59871,31.3076,9.24425,4.40378,2.09916,0.924109,0.234406,0.111666,0.12273932248353958,0.242212,1.41944,0.305296,0.72193,,,4.07231,0.0539341,0.0250121,999,2.26969,-0.896552,0.947093,2.26969,0.896552,3.73721,131.3,4.376666666666667,130,4.333333333333333,,,,,,,,,,,,,,,,,,,"Shawn Dubin","24977",681869
"Rob Zastryzny","NYY",0.341849,0.026569,0,4.31381,8.39293,0.904611,0,0.305866,0.112062,8.26652,36.1224,7.8006,4.30679,3.96225,0.985955,3.77959,0.137336,0.486655,8.04382,8.75755,4.11495,2.12823,1.07344,0.222682,0.104633,0.11804948002099991,0.244869,1.40086,0.298542,0.713089,,,4.31914,0.0532637,0.0504339,999,1.09337,-0.343377,1.33498,1.09337,0.343377,3.22002,30.100000000000005,3.7625000000000006,31,3.875,,,,,,,,,,,,,,,,,,,"Rob Zastryzny","15094",642239
"Luis Guerrero","BOS",1.61005,1.65119,0,4.22181,25.9045,0,0.0240122,3.12286,1.16528,28.9809,125.995,26.3661,14.7768,13.5947,3.35201,13.7964,0,1.498,29.6413,9.20508,4.28447,2.14848,1.04096,0.235258,0.1095,0.12575800716876984,0.238175,1.38583,0.296164,0.715702,,,4.20774,0.0529532,0.0786191,748.9099731445312,2.58987,1.57915,0.933701,2.58987,-1.57915,3.75506,137.10000000000002,4.727586206896553,133,4.586206896551724,,,,,,,,,,,,,,,,,,,"Luis Guerrero","31184",692285
"Justin Sterner","ATH",1.8275,2.39133,0,4.42435,34.729,0,0,2.99184,1.68418,40.4901,172.291,37.1975,21.6356,19.9047,6.25755,15.4334,3.32603,1.83389,41.1563,9.14806,3.43049,2.66669,1.39091,0.238876,0.0895777,0.14929860830307007,0.239947,1.29984,0.287519,0.706522,,,4.42204,0.0525326,-0.119961,999,1.97595,0.0693567,0.786286,1.97595,-0.0693567,3.95162,169,4.225,165,4.125,,,,,,,,,,,,,,,,,,,"Justin Sterner","27694",686993
"Jonathan Bowlan","KCR",1.27084,2.75314,0,4.50369,20.8564,0.877176,0,0.999352,0,25.0015,108.649,26.6621,13.5989,12.511,3.70643,8.19089,0.112971,1.04124,20.8925,7.52083,2.94854,2.55069,1.33423,0.192294,0.0753888,0.1169051006436348,0.268186,1.39403,0.306822,0.716494,,,4.5302,0.051946,-0.0504836,999,1.70905,-0.714964,1.01153,1.70905,0.714964,3.65129,84.60000000000001,3.3840000000000003,92,3.68,,,,,,,,,,,,,,,,,,,"Jonathan Bowlan","24607",680742
"Daniel Robert","TEX",2.1687,1.64935,0,4.3116,28.2175,0,0.0331625,2.04349,0,30.6496,133.024,28.4261,15.96,14.6832,4.18414,12.7801,0.383831,2.62699,30.6463,8.99903,3.75278,2.39796,1.22864,0.230382,0.0960743,0.1343080848455429,0.241685,1.34443,0.292827,0.71421,,,4.44945,0.0518094,-0.0016373,999,1.41842,-0.36536,0.88554,1.41842,0.36536,3.81928,129.39999999999998,4.174193548387096,125,4.032258064516129,,,,,,,,,,,,,,,,,,,"Daniel Robert","21229",642016
"Joe La Sorsa","CIN",0.39461,0.340155,0,4.37937,11.4856,0,0,0.672391,0,14.392,60.2296,13.9535,7.61208,7.00312,1.98362,3.5645,0.436031,0.830805,11.1521,6.97393,2.22904,3.12866,1.24045,0.18516,0.0591819,0.12597812339663506,0.249908,1.2172,0.280334,0.672,,,4.32467,0.0516305,-0.0171399,999,1.68248,0.186845,1.31719,1.68248,-0.186845,3.24375,53.6,3.8285714285714287,55,3.9285714285714284,,,,,,,,,,,,,,,,,,,"Joe La Sorsa","25481",686747
"Joely Rodríguez","BOS",0.999094,0.929538,0,4.15949,20.3463,0,0,2.49365,0.535045,21.0486,91.4779,21.1295,10.5738,9.72794,2.08683,8.23856,0.284046,0.858431,18.1414,7.75695,3.52266,2.20201,0.892289,0.198315,0.0900607,0.10825426131486893,0.256485,1.39525,0.306385,0.71065,,,4.02815,0.0501509,-0.0066084,999,1.28988,-1.84898,1.12477,1.28988,1.84898,3.50031,93.20000000000002,4.438095238095239,96,4.571428571428571,,,,,,,,,,,,,,,,,,,"Joely Rodriguez","11487",570257
"Phil Bickford","CHC",0.776736,0.759395,0,4.87966,14.1532,0,0.000902762,0.931068,0.295603,16.2096,69.0941,14.6556,9.55281,8.78859,2.08072,6.1531,0.319158,1.11542,16.7766,9.3148,3.41636,2.72653,1.15527,0.242808,0.0890539,0.15375381708145142,0.237048,1.28373,0.292655,0.628972,,,4.11047,0.0500601,-0.169915,999,2.35236,0.227935,1.17428,2.35236,-0.227935,3.43429,71.80000000000001,4.487500000000001,71,4.4375,,,,,,,,,,,,,,,,,,,"Phil Bickford","18519",641360
"Cristian Mena","ARI",0.649489,0.80419,0.541352,4.43883,9.85441,2.01741,0,0.660817,0,16.9204,73.5507,16.7621,9.07086,8.34519,2.18583,6.89853,0.296726,0.651797,15.8536,8.43259,3.66935,2.29812,1.16265,0.215547,0.0937928,0.12175403535366058,0.253969,1.39835,0.303919,0.708225,,,4.31064,0.0492669,0.0999402,999,1.52262,-0.976272,1.17193,1.52262,0.976272,3.43743,69.00000000000001,4.058823529411765,71,4.176470588235294,,,,,,,,,,,,,,,,,,,"Cristian Mena","27974",691441
"Justin Wrobleski","LAD",1.66598,1.51559,0.463122,4.59218,23.0362,1.43332,0.388476,0.835551,0,31.415,134.074,30.3039,17.4231,16.0293,4.70426,11.232,0.408803,1.11995,28.2579,8.09553,3.21783,2.51583,1.34771,0.210764,0.0837751,0.1269889995455742,0.248961,1.32217,0.288416,0.689924,,,4.49372,0.048863,-0.0303045,741.6599731445312,2.15315,-0.754497,0.91643,2.15315,0.754497,3.77809,113.89999999999998,3.674193548387096,114,3.6774193548387095,,,,,,,,,,,,,,,,,,,"Justin Wrobleski","31204",680736
"Ryan Borucki","PIT",0.975846,0.526028,0.144779,4.20978,15.9931,0.197989,0,2.76048,0.590145,16.7933,71.6087,15.7327,8.53817,7.85511,1.90854,5.85428,0.20042,1.1533,15.983,8.56573,3.13748,2.73013,1.02284,0.223198,0.0817538,0.14144466072320938,0.243537,1.28546,0.29596,0.689866,,,3.99228,0.0484549,0.0141242,999,1.50254,-0.407373,1.21163,1.50254,0.407373,3.38449,82.60000000000002,4.858823529411766,82,4.823529411764706,,,,,,,,,,,,,,,,,,,"Ryan Borucki","16350",621366
"Joel Kuhnel","PHI",0.350478,0.647168,0,5.09628,9.45327,0,0,0.673142,0.0306921,12.3859,53.5242,13.5534,7.62343,7.01355,1.41031,3.1575,0.28986,0.770325,8.12198,5.9017,2.29434,2.57228,1.02478,0.151744,0.058992,0.0927521102130413,0.273274,1.34919,0.303092,0.616666,,,4.28659,0.0479869,-0.168397,999,2.21868,0.357513,1.26832,2.21868,-0.357513,3.3089,48.100000000000016,4.008333333333335,55,4.583333333333333,,,,,,,,,,,,,,,,,,,"Joel Kuhnel","19995",669270
"Jorge López","WSN",2.9666,3.42607,0,4.1295,58.819,0,6.53257,14.5772,2.48078,61.5329,265.472,59.5889,30.6884,28.2333,7.66655,22.4278,1.71346,4.29111,54.4321,7.96141,3.28036,2.42699,1.12133,0.205039,0.0844828,0.12055617570877075,0.249584,1.33289,0.29392,0.720058,,,4.31965,0.0475383,0.139596,533.0700073242188,1.69192,0.0281684,0.785075,1.69192,-0.0281684,3.95323,329.4,5.312903225806451,331,5.338709677419355,,,,,,,,,,,,,,,,,,,"Jorge Lopez","14527",605347
"Logan Evans","SEA",0.967122,1.20324,0.506189,4.34447,8.86441,2.37697,0,0.839226,0,17.462,74.9815,16.6875,9.16221,8.42923,2.13607,6.55395,0,0.925658,14.004,7.21774,3.37794,2.13673,1.10094,0.186766,0.0874075,0.09935867786407471,0.247215,1.33097,0.283312,0.695239,,,4.43779,0.0469029,0.0150457,999,1.60866,0.46624,1.19282,1.60866,-0.46624,3.40958,65.00000000000001,3.8235294117647065,67,3.9411764705882355,,,,,,,,,,,,,,,,,,,"Logan Evans","sa3023077",688138
"Tekoah Roby","STL",0.220853,0.407561,0.442246,4.70913,1.42511,1.42511,0,0,0,7.0125,30.0802,7.20402,3.98826,3.6692,1.05911,2.21957,0.0591191,0.250263,5.38892,6.91627,2.84865,2.42791,1.35929,0.179152,0.0737884,0.10536333918571472,0.260917,1.34383,0.29037,0.684479,,,4.64957,0.0464834,0.0355208,999,1.21594,0.00692288,1.37034,1.21594,-0.00692288,3.17289,25.3,3.6142857142857143,26,3.7142857142857144,,,,,,,,,,,,,,,,,,,"Tekoah Roby","sa3014519",694358
"Prelander Berroa","CHW",1.24333,1.26063,0,4.25419,19.1682,0,1.19483,4.20245,0.901253,23.6881,106.07,20.3828,12.1708,11.1971,2.25114,15.5429,0.611201,1.21211,27.7522,10.5441,5.90532,1.78553,0.855293,0.26164,0.146534,0.11510615050792694,0.228212,1.51661,0.305701,0.724809,,,4.18072,0.0457622,0.051303,725.219970703125,2.76671,-0.990968,0.978839,2.76671,0.990968,3.69488,127.00000000000003,5.291666666666668,120,5,,,,,,,,,,,,,,,,,,,"Prelander Berroa","22932",672860
"Andrew Misiaszek","CLE",1.77904,1.56395,0,3.98591,25.6983,0,0,1.90906,0,26.8435,115.868,24.9867,12.9222,11.8884,3.21024,11.6533,0,1.11323,26.9836,9.04697,3.90706,2.31554,1.07632,0.232883,0.100574,0.13230904936790466,0.242351,1.36495,0.298687,0.737822,,,4.13749,0.044156,0.0792719,999,0.933369,-1.0362,1.00323,0.933369,1.0362,3.66236,120.9,4.477777777777778,119,4.407407407407407,,,,,,,,,,,,,,,,,,,"Andrew Misiaszek","sa3010118",667280
"Steven Cruz","KCR",1.63965,0.862493,0,4.25508,28.6042,0.48481,0,1.75309,1.01853,31.0308,136.481,29.4953,15.9467,14.6709,2.92224,15.0495,0.353715,1.63636,29.3376,8.50893,4.36488,1.9494,0.847552,0.214958,0.110268,0.10468939691781998,0.246215,1.43551,0.303571,0.706936,,,4.11301,0.0439072,0.0147374,999,1.19872,-0.625529,0.887453,1.19872,0.625529,3.81673,132.09999999999997,4.261290322580644,131,4.225806451612903,,,,,,,,,,,,,,,,,,,"Steven Cruz","23165",674444
"Chase Shugart","PIT",0.502919,0.578059,0,4.50934,14.5395,0,0.146224,0.987313,0,15.9112,69.303,16.3539,8.66536,7.97213,1.87998,5.93045,0.221627,0.716953,13.1511,7.43876,3.35449,2.21755,1.06339,0.189762,0.0855729,0.10418938845396042,0.261012,1.40054,0.303917,0.692994,,,4.30277,0.0436815,-0.0395542,999,1.05365,-0.510975,1.20783,1.05365,0.510975,3.38956,61.20000000000001,3.8250000000000006,63,3.9375,,,,,,,,,,,,,,,,,,,"Chase Shugart","21544",663767
"Austin Davis","SDP",0.860779,0.850828,0,4.27533,8.93972,0.107677,0,0.24068,0.0283097,9.62236,42.3227,7.97053,4.96844,4.57097,0.836249,5.25885,0.171194,1.09224,10.1775,9.51924,4.91872,1.93531,0.782162,0.240474,0.124256,0.1162179559469223,0.221578,1.37486,0.285853,0.685064,,,4.16098,0.0430675,0.0213759,999,2.13641,-1.96031,1.27723,2.13641,1.96031,3.29703,42.900000000000006,4.290000000000001,39,3.9,,,,,,,,,,,,,,,,,,,"Austin Davis","17117",656354
"José Urquidy","DET",0.86073,0.697877,0.474798,4.65324,2.84375,2.39878,0.00095059,0,0,13.9439,58.8689,13.7697,7.83626,7.20936,2.40284,4.03675,0.0683711,0.485799,10.8227,6.98545,2.6055,2.68105,1.5509,0.183844,0.0685718,0.11527229845523834,0.253369,1.27701,0.276425,0.690337,,,4.82736,0.0429031,0.0403338,999,0.903164,1.23465,1.24748,0.903164,-1.23465,3.33669,52.6,3.757142857142857,54,3.857142857142857,,,,,,,,,,,,,,,,,,,"Jose Urquidy","18413",664353
"Blas Castano","SEA",1.00063,1.51871,0.424165,4.29285,16.7714,1.68881,0,0.967288,0,23.5487,101.098,23.4742,12.2091,11.2323,2.93267,7.55582,0.456376,1.54125,18.603,7.10981,2.88774,2.46207,1.12083,0.18401,0.0747377,0.10927186161279678,0.255151,1.31769,0.291512,0.699033,,,4.36442,0.041373,0.0527727,999,1.55675,-0.786433,1.12728,1.55675,0.786433,3.49696,92.90000000000002,3.870833333333334,93,3.875,,,,,,,,,,,,,,,,,,,"Blas Castano","sa3006617",680604
"Allan Winans","NYY",0.892654,2.50556,0.0599239,5.02312,9.60253,2.79327,0,0,0,22.5218,97.8187,23.6147,13.663,12.57,3.35653,7.62519,0.311926,1.04037,17.7202,7.08121,3.04712,2.3239,1.34131,0.181153,0.0779523,0.10320104658603668,0.264877,1.38709,0.297579,0.662259,,,4.68462,0.041214,-0.046857,999,2.41231,-1.54095,1.03595,2.41231,1.54095,3.61874,79.9,3.473913043478261,85,3.6956521739130435,,,,,,,,,,,,,,,,,,,"Allan Winans","21238",642216
"Drue Hackenberg","ATL",0.101239,0.270955,0.511559,4.57586,1.33146,1.33146,0,0,0,6.42889,28.516,6.43803,3.55286,3.26863,0.734928,2.8733,0,0.49659,5.47401,7.66323,4.02241,1.90513,1.02885,0.191963,0.100761,0.09120190143585205,0.256025,1.44836,0.301159,0.695263,,,4.52219,0.0409541,-0.0165015,999,1.18568,-0.577108,1.37199,1.18568,0.577108,3.17068,17.500000000000007,2.916666666666668,18,3,,,,,,,,,,,,,,,,,,,"Drue Hackenberg","sa3023304",802357
"Luis Curvelo","TEX",1.08244,0.767374,0,4.51426,19.6263,0,0,1.92743,0,20.6254,87.5467,19.2314,11.245,10.3454,2.85823,7.27906,0.36877,1.01635,19.9302,8.69667,3.17626,2.73802,1.24721,0.227653,0.0831449,0.14450769871473312,0.242664,1.28533,0.289982,0.678198,,,4.24199,0.0405014,-0.0177957,999,1.96069,1.13447,1.12464,1.96069,-1.13447,3.50048,93.1,4.433333333333333,90,4.285714285714286,,,,,,,,,,,,,,,,,,,"Luis Curvelo","sa3008169",681168
"JT Chargois","TEX",1.21854,0.951043,0,3.95314,21.2858,0.207224,0.000717365,2.1222,0.766203,22.1795,94.5123,20.1179,10.5892,9.74208,2.80527,8.70452,0.498724,1.1474,20.0439,8.13341,3.53211,2.3027,1.13832,0.212077,0.0920994,0.11997807025909424,0.237631,1.2995,0.280089,0.732403,,,4.33587,0.0382484,0.0355986,999,1.5196,0.55681,1.15713,1.5196,-0.55681,3.45715,91.9,4.177272727272728,89,4.045454545454546,,,,,,,,,,,,,,,,,,,"JT Chargois","13767",608638
"Mason Barnett","ATH",0.216117,0.606537,0.399943,4.50246,1.5815,1.22564,0,0,0,6.60176,28.6463,6.33138,3.58988,3.30269,0.908345,2.64623,0,0.45756,5.84157,7.96365,3.60753,2.20751,1.23832,0.203921,0.0923759,0.11154467612504959,0.247876,1.35988,0.288573,0.699167,,,4.5959,0.0381708,0.0227772,999,1.37909,-0.48144,1.37516,1.37909,0.48144,3.16646,26.9,3.8428571428571425,25,3.5714285714285716,,,,,,,,,,,,,,,,,,,"Mason Barnett","sa3020622",686930
"Jefry Yan","COL",0.415367,0.597688,0,4.78608,21.5054,0,0,1.55197,0,22.7391,101.962,22.105,13.1439,12.0924,2.67013,12.2635,0.481721,1.42279,23.7292,9.39186,4.85382,1.93494,1.05682,0.232726,0.120275,0.11245027184486389,0.250408,1.51143,0.314091,0.692929,,,4.41156,0.0377137,0.0608071,999,1.58729,0.0701465,0.993629,1.58729,-0.0701465,3.67516,93.10000000000001,4.047826086956522,93,4.043478260869565,,,,,,,,,,,,,,,,,,,"Jefry Yan","sa828460",642376
"Huascar Ynoa","MIN",0.735023,0.805881,0,4.23273,12.0322,0,0,0.72342,0,13.195,56.8495,12.505,6.74526,6.20564,1.57278,5.3081,0.243727,0.639121,13.1138,8.94462,3.62054,2.47052,1.07276,0.230675,0.093371,0.13730420172214508,0.245666,1.34999,0.301862,0.708967,,,4.08048,0.0369334,-0.0353362,999,2.0584,-1.74603,1.2475,2.0584,1.74603,3.33666,49.8,3.8307692307692305,51,3.923076923076923,,,,,,,,,,,,,,,,,,,"Huascar Ynoa","20468",660623
"Logan Henderson","MIL",0.672154,0.596717,0.111895,4.20536,6.77906,0.153018,0,0.661469,0,7.97504,32.7128,7.1641,4.05047,3.72644,1.25672,2.12877,0,0.21257,8.48068,9.57062,2.40236,3.98384,1.41823,0.259246,0.0650744,0.19417202472686768,0.235882,1.16524,0.286292,0.695881,,,3.96899,0.0366696,0.0211316,644.4000244140625,1.57027,0.714849,1.36088,1.57027,-0.714849,3.1855,42.7,5.3375,41,5.125,,,,,,,,,,,,,,,,,,,"Logan Henderson","sa3020080",701656
"Nick Nelson",,0.713689,0.509119,0,4.68913,9.11824,0,0,0.57,0.372393,14.0261,63.5375,14.3578,7.94329,7.30783,1.38815,7.11431,0.140139,1.24931,12.8012,8.21402,4.56496,1.79936,0.89072,0.201475,0.11197,0.08950464427471161,0.260229,1.53087,0.316453,0.692767,,,4.4166,0.03556,-0.0630097,999,4.28318,-0.795445,1.15642,4.28318,0.795445,3.45811,60.90000000000003,4.350000000000002,63,4.5,,,,,,,,,,,,,,,,,,,"Nick Nelson","20153",656793
"Josiah Gray","WSN",0.413718,0.874542,0.450113,4.86091,4.07388,1.65846,0,0.180714,0,10.0144,43.3699,9.56039,5.87914,5.40881,1.61136,4.2104,0.0776446,0.457151,9.07378,8.15463,3.7839,2.15509,1.44813,0.209218,0.0970811,0.11213706433773041,0.247023,1.37509,0.283719,0.685344,,,4.84434,0.0346418,0.00453095,999,1.8941,-1.68221,1.28628,1.8941,1.68221,3.28497,29.4,2.94,30,3,,,,,,,,,,,,,,,,,,,"Josiah Gray","24580",680686
"Garrett McDaniels","LAA",1.49868,1.60215,0,4.34861,37.6833,0,0.0400473,4.70179,0,39.9952,175.409,40.2589,21.0052,19.3248,4.73706,17.0479,0,1.71608,34.6459,7.79627,3.83624,2.03227,1.06597,0.197515,0.0971894,0.10032578557729721,0.257007,1.43284,0.302927,0.716362,,,4.38117,0.0344558,-0.00154985,999,2.09743,-1.7982,0.779198,2.09743,1.7982,3.96107,163.5,4.0875,168,4.2,,,,,,,,,,,,,,,,,,,"Garrett McDaniels","sa3020619",680729
"Angel Bastardo","TOR",0.708774,0.696521,0,4.16633,12.0887,0,0,0.802588,0,12.6698,54.5088,11.8608,6.37516,5.86515,1.45147,5.17223,0.28372,0.606811,12.1351,8.62024,3.67411,2.34621,1.03106,0.222627,0.0948881,0.1277393102645874,0.243399,1.34438,0.296197,0.710478,,,4.10857,0.0340714,0.0648407,999,1.14091,-1.24245,1.26635,1.14091,1.24245,3.31153,62.7,4.823076923076924,62,4.769230769230769,,,,,,,,,,,,,,,,,,,"Angel Bastardo","sa3009716",682785
"Zack Kelly","BOS",2.13609,1.86047,0,4.17063,27.7661,0.113872,0,4.07183,0.773386,29.9979,129.899,26.4422,15.1099,13.9011,3.61996,14.509,0.850656,1.65384,31.5677,9.47097,4.353,2.17573,1.08607,0.243017,0.111694,0.1313227340579033,0.232488,1.36514,0.29055,0.720149,,,4.24698,0.0338705,0.132272,750.4099731445312,1.01796,-0.551342,0.894251,1.01796,0.551342,3.80766,134.20000000000002,4.473333333333334,127,4.233333333333333,,,,,,,,,,,,,,,,,,,"Zack Kelly","20349",677161
"Matt Festa","TEX",0.83008,0.393048,0,4.52732,9.09068,0,0,0.577546,0.0123105,9.84107,42.2206,8.97789,5.38088,4.95041,1.31248,4.06422,0.219123,0.540984,9.78554,8.94921,3.71687,2.40773,1.20031,0.231772,0.0962616,0.13551007211208344,0.238676,1.32527,0.289071,0.683755,,,4.31542,0.0335693,0.0161817,999,1.11368,0.428662,1.2802,1.11368,-0.428662,3.29307,47.300000000000004,4.73,46,4.6,,,,,,,,,,,,,,,,,,,"Matt Festa","19330",670036
"Wandy Peralta","SDP",2.64613,2.26369,0,3.79956,47.0319,0,1.12502,10.0226,2.00573,46.6193,199.64,42.1298,21.3929,19.6814,5.10389,18.8439,0.56214,3.0045,38.6488,7.46128,3.63787,2.051,0.985322,0.193592,0.0943892,0.09920299053192139,0.236962,1.30791,0.276232,0.735317,,,4.33763,0.0331499,0.359529,999,1.18086,-0.454696,0.86848,1.18086,0.454696,3.84203,234.10000000000002,4.980851063829788,227,4.829787234042553,,,,,,,,,,,,,,,,,,,"Wandy Peralta","14295",593974
"Andrew Morris","MIN",0.583007,0.556498,0,4.10778,8.25745,0,0,0.746115,0,8.48118,35.7412,8.57841,4.20759,3.87098,1.04101,2.2667,0,0.21582,7.08019,7.51331,2.40536,3.12357,1.10469,0.198096,0.0634198,0.1346765235066414,0.25793,1.27873,0.299848,0.707044,,,3.97065,0.0328349,0.0102608,999,0.987963,-0.727691,1.35641,0.987963,0.727691,3.19145,35.50000000000001,4.437500000000001,39,4.875,,,,,,,,,,,,,,,,,,,"Andrew Morris","sa3020569",702193
"J.B. Bukauskas","MIL",0.182852,0.0844821,0,4.10906,8.84223,0,0,1.30551,0.663485,9.62569,41.5645,8.44413,4.77688,4.39473,0.888128,4.64084,0.295012,0.468812,9.46236,8.84729,4.33918,2.03893,0.830398,0.227655,0.111654,0.11600077897310257,0.231632,1.35938,0.289453,0.701603,,,3.99239,0.031767,0.0264145,999,1.52557,-1.14023,1.345,1.52557,1.14023,3.20666,47.900000000000006,4.790000000000001,44,4.4,,,,,,,,,,,,,,,,,,,"J.B. Bukauskas","20491",656266
"Chad Patrick","MIL",1.08026,1.10474,0.211211,4.20302,23.8356,0.288835,0,1.07734,0,25.2233,105.756,24.0512,12.8036,11.7793,3.78975,7.2298,0,1.07555,23.3002,8.31383,2.57969,3.2228,1.35223,0.22032,0.0683629,0.15195707231760025,0.246803,1.24017,0.287965,0.711344,,,4.26001,0.0317649,0.0147901,999,1.50912,-0.655548,1.13598,1.50912,0.655548,3.48537,99.4,3.9760000000000004,99,3.96,,,,,,,,,,,,,,,,,,,"Chad Patrick","sa3017933",694477
"Cam Schlittler","NYY",0.579119,0.586976,0.436859,4.59495,1.18353,1.18353,0,0,0,5.95393,26.1304,5.92704,3.30411,3.03978,0.840632,2.42653,0,0.450836,4.94734,7.47843,3.66796,2.03885,1.2707,0.189333,0.0928627,0.09647050499916077,0.254894,1.40304,0.291234,0.703593,,,4.78989,0.0306162,0.0728314,999,0.733576,-0.570966,1.35178,0.733576,0.570966,3.19762,20.500000000000007,3.416666666666668,21,3.5,,,,,,,,,,,,,,,,,,,"Cam Schlittler","sa3021981",693645
"Alex Young","CIN",0.590457,0.35573,0,4.41892,12.4847,0,0.000453011,1.36107,0.302822,12.6759,55.0164,12.8609,6.76495,6.22375,1.7427,4.87667,0.235424,0.391938,10.9009,7.73973,3.46248,2.23532,1.23733,0.198139,0.0886402,0.10949886590242386,0.258523,1.39932,0.299649,0.717269,,,4.48071,0.0303431,0.0253096,999,1.21185,-0.652431,1.25171,1.21185,0.652431,3.33105,48.8,3.753846153846154,50,3.8461538461538463,,,,,,,,,,,,,,,,,,,"Alex Young","18333",622065
"José Cisnero",,0.793423,0.793286,0,4.28867,18.6809,0,0.356589,0.942991,0.656333,19.3697,84.3702,17.8586,10.0326,9.23001,2.36176,8.74535,0.278945,1.40061,19.9662,9.2772,4.06347,2.28307,1.09738,0.23665,0.103654,0.13299593329429626,0.240603,1.37348,0.298611,0.711292,,,4.2614,0.030119,-0.0108805,999,1.51926,-1.57424,1.14019,1.51926,1.57424,3.47975,83.2,4.378947368421053,83,4.368421052631579,,,,,,,,,,,,,,,,,,,"Jose Cisnero","6399",542585
"Joey Lucchesi","SFG",0.559606,1.15335,0.641862,4.09918,13.0696,1.02375,0,0.915333,0,17.3732,75.3837,17.4337,8.60093,7.91285,1.83259,6.92315,0.177662,0.470994,12.7822,6.62169,3.58647,1.8463,0.949358,0.169562,0.0918388,0.07772272825241089,0.256417,1.40198,0.292293,0.72304,,,4.34311,0.0294753,0.0349059,999,1.40894,-0.250824,1.22723,1.40894,0.250824,3.3637,66.00000000000001,3.8823529411764715,68,4,,,,,,,,,,,,,,,,,,,"Joey Lucchesi","19320",664192
"Valente Bellozo","MIA",2.58583,3.93498,2.49908,4.70794,21.95,8.80809,0,0.622067,0,60.5579,262.752,64.0786,34.4327,31.6781,11.0207,20.0598,0.858896,2.38994,44.0328,6.54407,2.98125,2.19507,1.63787,0.167583,0.0763452,0.09123801440000534,0.266658,1.38939,0.286414,0.723419,,,5.19021,0.0293681,0.356436,748.8400268554688,3.24323,1.47385,0.452601,3.24323,-1.47385,4.39653,175.70000000000007,2.88032786885246,188,3.081967213114754,,,,,,,,,,,,,,,,,,,"Valente Bellozo","23899",678368
"Kelvin Cáceres","LAA",0.56038,0.131173,0,3.99958,9.48717,0,0,0,0,10.262,44.9396,8.5499,4.95699,4.56043,1.10068,5.87796,0.292316,0.649176,11.6403,10.2088,5.15508,1.98033,0.965316,0.259022,0.130797,0.12822462618350983,0.222582,1.40594,0.290175,0.734922,,,4.20035,0.0288045,0.0250904,999,1.63822,-1.53075,1.29073,1.63822,1.53075,3.27903,41.300000000000004,4.130000000000001,40,4,,,,,,,,,,,,,,,,,,,"Kelvin Caceres","24681",680983
"Gordon Graceffo","STL",1.64908,1.84136,0.583927,4.56281,20.0103,1.65152,0,1.68821,0,33.2891,144.287,34.6478,18.3444,16.8769,4.45215,11.5343,0.496378,1.23408,26.2568,7.09877,3.1184,2.27641,1.20368,0.181976,0.0799398,0.10203611105680466,0.263443,1.3873,0.29953,0.696829,,,4.4783,0.0276435,0.0345743,999,3.67647,-1.23491,0.867284,3.67647,1.23491,3.84362,125.00000000000006,3.7878787878787894,134,4.0606060606060606,,,,,,,,,,,,,,,,,,,"Gordon Graceffo","29519",700669
"Ricky Vanasco","DET",0.973382,0.0258087,0,5.0493,4.89864,0,0,1.20779,0,5.00637,22.2835,4.27015,3.05298,2.80874,0.126744,3.44477,0,0,4.63827,8.33826,6.1927,1.34647,0.227848,0.208149,0.154589,0.053559884428977966,0.226669,1.54102,0.294408,0.618501,,,3.70688,0.0275792,-0.0469379,999,0.962852,0.100599,1.30885,0.962852,-0.100599,3.25487,31.6,6.32,30,6,,,,,,,,,,,,,,,,,,,"Ricky Vanasco","23391",676568
"Travis Adams","MIN",0.502653,0.81415,0.315248,4.5574,8.41446,1.34089,0,0.590724,0,13.2221,56.9242,13.7369,7.27761,6.6954,1.7932,4.17841,0,0.532519,9.82021,6.68438,2.84414,2.35023,1.22059,0.172514,0.073403,0.09911079704761505,0.263091,1.35494,0.294179,0.690542,,,4.51301,0.0269013,0.0189825,999,1.28121,-0.78932,1.26637,1.28121,0.78932,3.3115,44.199999999999996,3.3999999999999995,48,3.6923076923076925,,,,,,,,,,,,,,,,,,,"Travis Adams","sa3017991",701519
"Kyle Tyler","PHI",0.772772,1.18959,0.204313,4.69004,13.8953,0.91944,0,0.465097,0,18.8597,83.3044,19.8171,10.6827,9.82806,2.30567,7.81898,0.230963,0.786705,15.3624,7.33107,3.73129,1.96476,1.10029,0.184413,0.0938603,0.09055237472057343,0.265294,1.46535,0.307053,0.69458,,,4.49556,0.0266602,-0.0472894,999,2.49551,-0.430078,1.09787,2.49551,0.430078,3.53617,67,3.526315789473684,72,3.789473684210526,,,,,,,,,,,,,,,,,,,"Kyle Tyler","22092",667725
"Josh Winder","ARI",0.756344,0.482877,0.170029,4.48668,6.88826,0.442241,0.000841961,0,0.101662,14.26,62.1515,15.155,7.72707,7.1089,1.76407,4.39115,0.11734,1.10871,12.1839,7.68967,2.77141,2.77464,1.11337,0.196035,0.0706524,0.12538252025842667,0.267513,1.3707,0.313578,0.692128,,,4.22292,0.0265734,-0.054283,999,4.99936,-1.06122,1.22047,4.99936,1.06122,3.37271,49,3.5,53,3.7857142857142856,,,,,,,,,,,,,,,,,,,"Josh Winder","24606",680739
"Vince Velasquez","CLE",0.633997,0.638977,0.16102,4.31638,12.5077,0.502423,0,0.917837,0,15.6178,66.7852,14.6858,8.14158,7.49026,2.34822,5.87392,0.162891,0.777625,15.6868,9.03975,3.38494,2.67058,1.3532,0.234884,0.0879525,0.14693162590265274,0.24422,1.31643,0.293064,0.718967,,,4.38996,0.0265588,0.0629097,999,1.56961,-1.30999,1.22568,1.56961,1.30999,3.36576,69.80000000000001,4.362500000000001,69,4.3125,,,,,,,,,,,,,,,,,,,"Vince Velasquez","11189",592826
"Josh Fleming","SEA",0.785994,0.485721,0,4.42434,7.38268,1.00775,0.254098,0.421206,0.0680587,16.9422,74.1904,18.74,9.05291,8.32868,1.83863,5.57549,0.218399,0.573102,9.99889,5.31159,2.9618,1.79337,0.976715,0.134773,0.0751511,0.05962231010198593,0.275419,1.4352,0.300713,0.702005,,,4.48568,0.0262993,-0.00728005,999,2.58027,0.175917,1.19744,2.58027,-0.175917,3.40341,50.80000000000002,2.988235294117648,58,3.411764705882353,,,,,,,,,,,,,,,,,,,"Josh Fleming","20418",676596
"Scott Effross","NYY",2.30915,1.0702,0,4.11476,24.1569,0,0,2.21419,1.00778,25.6481,108.63,24.9196,12.7458,11.7262,3.17644,8.03078,0.47456,1.04401,21.66,7.60056,2.81803,2.69712,1.11462,0.199392,0.0739276,0.12546401470899582,0.250309,1.28471,0.290999,0.708848,,,4.14894,0.0261433,0.0555773,999,1.52836,0.329106,1.0457,1.52836,-0.329106,3.60574,115.5,4.4423076923076925,116,4.461538461538462,,,,,,,,,,,,,,,,,,,"Scott Effross","18384",664123
"Kolby Allard","CLE",0.790866,0.713725,0.308463,5.20501,6.80476,1.99894,0,0.0417553,0,14.9508,66.6062,17.6515,9.39843,8.64655,2.52313,5.04078,0.253485,0.407241,13.3911,8.06109,3.03443,2.65654,1.51886,0.201048,0.0756804,0.1253676563501358,0.28862,1.5178,0.334372,0.693837,,,4.66223,0.0256436,-0.0394411,999,2.11272,-0.033396,1.10037,2.11272,0.033396,3.53284,38.3,2.5533333333333332,47,3.1333333333333333,,,,,,,,,,,,,,,,,,,"Kolby Allard","18694",663465
"Brad Keller","CHC",0.573983,0.838355,0.0816222,4.48916,8.304,0.53996,0.0587673,0.308937,0.0257021,11.4981,50.6686,11.826,6.23392,5.73521,1.26801,4.80533,0.0917903,0.57778,8.94864,7.00444,3.76131,1.86223,0.99252,0.176611,0.0948384,0.08177291601896286,0.261143,1.44644,0.301064,0.699873,,,4.4481,0.0251893,0.0180115,750.1900024414062,3.81003,-1.35373,1.26228,3.81003,1.35373,3.31695,37.900000000000006,3.4454545454545458,42,3.8181818181818183,,,,,,,,,,,,,,,,,,,"Brad Keller","15734",641745
"Bruce Zimmermann","MIL",0.451908,0.496059,0.145834,5.16207,4.25469,0.632946,0,0.507694,0,8.718,38.3043,10.6866,5.43514,5.00033,1.62476,1.84138,0.0946903,0.407025,7.25112,7.48568,1.90094,3.93787,1.67732,0.189303,0.0480724,0.1412305235862732,0.296389,1.43702,0.333399,0.69176,,,4.6995,0.023338,0.029185,999,1.65791,-0.00178382,1.28481,1.65791,0.00178382,3.28692,25.400000000000006,2.822222222222223,31,3.4444444444444446,,,,,,,,,,,,,,,,,,,"Bruce Zimmermann","20370",669145
"Ron Marinaccio","SDP",1.74365,1.62849,0,4.15962,29.6715,0,0.186016,2.92656,1.0221,32.2892,138.812,27.4903,16.2211,14.9234,4.14585,14.6137,0.405725,2.74636,32.7593,9.13104,4.0733,2.24168,1.15558,0.235998,0.105277,0.13072065263986588,0.226348,1.30397,0.276114,0.713032,,,4.41946,0.0233201,0.0684028,999,1.26058,0.588555,0.945263,1.26058,-0.588555,3.73965,141.40000000000003,4.418750000000001,132,4.125,,,,,,,,,,,,,,,,,,,"Ron Marinaccio","23488",676760
"Keynan Middleton",,0.604951,0.492712,0,3.99685,11.2447,0,0.141754,0.629229,0.638166,11.7435,49.8933,10.3043,5.66871,5.21521,1.57898,4.86649,0.15652,0.549061,12.5021,9.58141,3.7296,2.56902,1.21011,0.250577,0.097538,0.15303869545459747,0.231673,1.29185,0.287048,0.733173,,,4.16867,0.0230871,0.0256511,999,0.748922,-1.23214,1.30396,0.748922,1.23214,3.26139,50.20000000000002,4.1833333333333345,46,3.8333333333333335,,,,,,,,,,,,,,,,,,,"Keynan Middleton","15264",641871
"J.P. France","HOU",1.24569,1.51153,0.877581,4.50859,13.0495,2.34885,0,0.552457,0,24.0114,104.154,23.9337,13.0746,12.0286,3.55179,9.44939,0.341939,0.897632,20.5702,7.71018,3.54185,2.17688,1.33129,0.197498,0.0907254,0.10677305608987808,0.255139,1.39031,0.292488,0.714823,,,4.66885,0.0227375,0.0300042,999,2.15213,-0.930783,1.02583,2.15213,0.930783,3.63223,82.00000000000003,3.416666666666668,84,3.5,,,,,,,,,,,,,,,,,,,"J.P. France","21212",641585
"Ethan Roberts","CHC",1.09971,1.53594,0,4.22458,24.9007,0,0,1.86655,0,26.2491,112.718,24.5566,13.3927,12.3213,3.47512,10.2551,0,1.52187,25.502,8.74387,3.51617,2.48676,1.19151,0.226246,0.0909801,0.13526558130979538,0.243276,1.32621,0.292944,0.715242,,,4.29046,0.022418,0.0555771,999,1.21549,-0.125076,1.05583,1.21549,0.125076,3.59222,114.5,4.403846153846154,115,4.423076923076923,,,,,,,,,,,,,,,,,,,"Ethan Roberts","24930",681799
"Josh Walker","TOR",1.11511,1.31943,0,4.13642,23.0966,0,0,1.14309,0,24.4011,104.995,21.9104,12.19,11.2148,2.9899,11.2877,0.350788,0.789631,24.6754,9.10116,4.1633,2.18605,1.10278,0.235015,0.107507,0.12750808149576187,0.235805,1.36052,0.289959,0.724112,,,4.22176,0.0222621,0.022464,999,1.85794,-1.2795,1.06473,1.85794,1.2795,3.58036,101.50000000000001,4.229166666666667,99,4.125,,,,,,,,,,,,,,,,,,,"Josh Walker","23617",677020
"Yerry De Los Santos","NYY",0.622069,0.64891,0,4.18856,16.8751,0,0,1.55202,0.821373,18.0843,78.1752,18.13,9.14821,8.41636,2.04643,6.59298,0.674456,0.826804,14.8247,7.3778,3.28112,2.24856,1.01844,0.189635,0.084336,0.10529863834381104,0.256236,1.3671,0.298485,0.712544,,,4.22892,0.0222183,0.0384765,999,1.54537,-0.538573,1.20747,1.54537,0.538573,3.39004,75.80000000000003,4.211111111111112,78,4.333333333333333,,,,,,,,,,,,,,,,,,,"Yerry De Los Santos","21420",660787
"Dane Acker","TEX",0.232474,0.799489,0.37436,5.0772,3.04847,2.07653,0,0,0,10.4765,45.6592,10.4041,6.42407,5.91015,1.72603,4.35334,0.117983,0.415144,8.53451,7.3317,3.7398,1.96045,1.48277,0.186918,0.0953441,0.0915735512971878,0.254437,1.40862,0.283318,0.675258,,,5.04447,0.0221652,0.0063329,999,1.27314,0.00741007,1.27999,1.27314,-0.00741007,3.29335,29.4,2.94,30,3,,,,,,,,,,,,,,,,,,,"Dane Acker","sa3014924",686769
"Will Dion","CLE",0.373489,0.38474,0.120275,4.07505,9.32259,0.164479,0,0.48155,0,10.174,43.1096,9.92969,5.00721,4.60663,1.29788,3.34372,0,0.229721,9.11096,8.05959,2.95787,2.7248,1.14811,0.211344,0.0775632,0.13378092646598816,0.251155,1.30463,0.296348,0.721537,,,4.08753,0.0221478,0.00990433,999,1.2511,-0.909351,1.34436,1.2511,0.909351,3.20752,44.7,4.470000000000001,46,4.6,,,,,,,,,,,,,,,,,,,"Will Dion","sa3017850",702021
"Anthony Misiewicz","MIN",1.57169,1.18521,0,4.34131,25.0797,0,0,0.737173,1.27844,26.6578,114.704,26.9715,13.977,12.8589,3.50409,9.42774,0.516274,0.730869,24.811,8.3765,3.18292,2.6317,1.18302,0.216304,0.0821917,0.1341123953461647,0.257988,1.36542,0.307848,0.711963,,,4.15707,0.0220131,-0.0174668,999,1.43862,-0.636895,0.983282,1.43862,0.636895,3.68896,104.40000000000002,3.8666666666666676,107,3.962962962962963,,,,,,,,,,,,,,,,,,,"Anthony Misiewicz","18152",664948
"Austin Voth",,1.63698,2.62562,0,4.33889,42.14,1.53197,0,7.36599,0.64567,48.3631,204.534,45.4776,25.3432,23.3158,7.23779,15.7213,0.600344,2.5986,46.3562,8.62653,2.92561,2.94863,1.3469,0.226643,0.0768638,0.14977893233299255,0.244222,1.26541,0.288341,0.702144,,,4.33139,0.0218391,-0.100388,999,0.700899,-0.523365,0.782539,0.700899,0.523365,3.95661,215.10000000000002,4.48125,212,4.416666666666667,,,,,,,,,,,,,,,,,,,"Austin Voth","15047",608723
"Carlos Carrasco","NYY",0.72539,1.11556,0.658527,4.84431,7.61302,1.99526,0,0.206461,0,15.3604,66.8333,16.3362,8.98679,8.26785,2.52541,5.08082,0.104973,0.717511,13.0251,7.63169,2.97696,2.56359,1.47969,0.194889,0.0760222,0.11886727809906006,0.267653,1.3943,0.303637,0.695146,,,4.74033,0.0211751,-0.026664,738,2.88878,-0.40412,1.17195,2.88878,0.40412,3.4374,40.49999999999999,2.6999999999999997,44,2.933333333333333,,,,,,,,,,,,,,,,,,,"Carlos Carrasco","6632",471911
"Brett de Geus","MIA",0.594148,1.85473,0,4.86664,22.3378,0,0,1.55648,1.85091,22.2493,99.8308,24.6386,13.0772,12.031,1.81873,8.285,0.362257,2.16195,15.615,6.3164,3.35135,1.88473,0.735691,0.156415,0.0829904,0.0734243392944336,0.275649,1.47976,0.317162,0.653328,,,4.23413,0.0206947,-0.116085,999,3.08382,-0.536264,1.04706,3.08382,0.536264,3.60392,83.20000000000002,3.7818181818181826,94,4.2727272727272725,,,,,,,,,,,,,,,,,,,"Brett de Geus","23592",676969
"Kyle Amendt","ARI",1.10182,0.770037,0,3.94745,12.3439,0,0,0.887618,0,12.6763,54.7106,11.1415,6.04337,5.5599,1.43127,6.34598,0,0.335011,13.7275,9.7463,4.50556,2.16317,1.01618,0.250911,0.115992,0.13491861522197723,0.231972,1.37954,0.295406,0.739107,,,4.04959,0.0205582,0.0937553,999,0.438943,-0.278663,1.23026,0.438943,0.278663,3.35965,69.30000000000001,5.330769230769231,66,5.076923076923077,,,,,,,,,,,,,,,,,,,"Kyle Amendt","sa3022904",694900
"Zach Penrod","BOS",0.619399,0.691016,0,4.17073,13.7994,0,0,2.46836,0,13.2068,58.5686,12.0403,6.65241,6.12022,1.54079,6.9499,0,1.14659,13.8154,9.41475,4.73613,1.98786,1.05,0.235885,0.118663,0.1172218844294548,0.238554,1.43791,0.298996,0.732948,,,4.43014,0.0204217,0.00815065,999,1.34287,-0.924033,1.22892,1.34287,0.924033,3.36144,52.39999999999999,4.03076923076923,51,3.923076923076923,,,,,,,,,,,,,,,,,,,"Zach Penrod","25368",683068
"Michael Kelly","ATH",1.11808,0.866532,0,3.90943,17.9019,0,0,2.13442,0,19.7218,83.9507,17.7593,9.31171,8.56677,2.30568,7.60174,0.429169,1.19922,17.5946,8.02927,3.46904,2.31455,1.05219,0.209583,0.09055,0.11903279274702072,0.236319,1.28594,0.279707,0.725129,,,4.24079,0.0203562,0.146387,999,1.36888,0.0524265,1.20394,1.36888,-0.0524265,3.39474,93.60000000000001,4.680000000000001,91,4.55,,,,,,,,,,,,,,,,,,,"Michael Kelly","12791",547184
"Trent Harris","SFG",0.156206,0.204416,0,4.24655,9.02573,0,0,0.799197,0,9.27348,39.8119,8.94279,4.75607,4.37559,1.09036,3.63906,0,0.24426,8.38745,8.14011,3.53174,2.30484,1.0582,0.210677,0.0914062,0.11927073448896408,0.248904,1.35676,0.296869,0.707872,,,4.14234,0.0200286,-0.0321402,999,1.25779,-1.06379,1.35118,1.25779,1.06379,3.19843,38.90000000000001,4.322222222222224,40,4.444444444444445,,,,,,,,,,,,,,,,,,,"Trent Harris","sa3022526",805345
"Penn Murfee","CHW",0.92986,1.19304,0,3.89663,17.4531,0,0.0884717,1.98858,0.170096,18.0966,76.251,15.5086,8.51639,7.83508,2.38874,7.34965,0.815994,1.0108,18.3561,9.12908,3.65521,2.49755,1.188,0.240733,0.0963876,0.1443454772233963,0.228436,1.26313,0.278284,0.734952,,,4.23976,0.0199861,0.0384765,748.5999755859375,2.14305,0.280875,1.23035,2.14305,-0.280875,3.35953,87.00000000000003,4.833333333333335,84,4.666666666666667,,,,,,,,,,,,,,,,,,,"Penn Murfee","25174",682171
"Mason Thompson","WSN",1.69668,1.95155,0,4.38232,28.7433,0,0.26278,3.99258,1.24003,30.466,132.702,30.4879,16.1246,14.8346,3.41555,11.906,0.599851,1.65255,25.1925,7.44217,3.51717,2.11595,1.00899,0.189842,0.0897196,0.1001228615641594,0.255891,1.39152,0.299024,0.698426,,,4.30522,0.0189111,-0.0355523,999,1.49973,-0.0758415,0.926097,1.49973,0.0758415,3.7652,131.1,4.37,135,4.5,,,,,,,,,,,,,,,,,,,"Mason Thompson","21850",666168
"Ian Gibaut","CIN",0.665424,0.559619,0,4.2627,10.4588,0,0.182467,3.12502,0.521722,11.2178,48.9727,10.9822,5.77512,5.31311,1.4411,4.82123,0.184207,0.525639,10.605,8.50842,3.86807,2.19965,1.15619,0.21655,0.0984473,0.11810261756181717,0.251736,1.40879,0.302127,0.727433,,,4.37571,0.0187827,0.0139966,999,1.31835,-0.0804272,1.27019,1.31835,0.0804272,3.30641,56.50000000000001,5.136363636363637,58,5.2727272727272725,,,,,,,,,,,,,,,,,,,"Ian Gibaut","17871",664139
"Cole Sulser","TBR",1.40076,1.08024,0,4.23373,20.7093,0.31564,0.310796,2.22744,1.14888,23.0867,99.209,21.2518,11.8047,10.8603,3.07855,9.9573,0.600155,0.817562,21.4927,8.3786,3.8817,2.15849,1.20013,0.216641,0.100367,0.11627384275197983,0.240312,1.35182,0.284567,0.721376,,,4.43822,0.018759,-0.00233596,999,1.19474,0.0302905,1.07202,1.19474,-0.0302905,3.57064,95.70000000000002,4.160869565217392,93,4.043478260869565,,,,,,,,,,,,,,,,,,,"Cole Sulser","15256",642121
"Ray Kerr","ATL",0.30969,0.397483,0,4.23724,6.13639,0.224101,0,0.616133,0.11445,8.89511,39.0925,8.5955,4.55202,4.18786,1.08772,4.05181,0.176109,0.560393,10.0852,10.2041,4.09959,2.48905,1.10055,0.257982,0.103647,0.1543353721499443,0.249287,1.42183,0.32212,0.727699,,,4.04411,0.0181718,-0.0229985,999,1.41018,-2.10575,1.31632,1.41018,2.10575,3.24491,39.90000000000001,4.4333333333333345,41,4.555555555555555,,,,,,,,,,,,,,,,,,,"Ray Kerr","23809",678061
"Trevor Gott","SEA",0.565856,0.844982,0,4.1531,11.5104,0,0.000399703,1.74172,1.18086,11.6952,49.4024,11.1053,5.8661,5.39681,1.50477,3.76151,0.237616,0.502557,11.0318,8.48946,2.89466,2.9328,1.15799,0.223304,0.0761402,0.1471639797091484,0.246028,1.27119,0.294479,0.705378,,,4.04639,0.0177153,-0.0216873,999,1.18362,-0.162194,1.31304,1.18362,0.162194,3.24928,50.600000000000016,4.216666666666668,49,4.083333333333333,,,,,,,,,,,,,,,,,,,"Trevor Gott","15046",641627
"Francis Pena","SDP",1.20778,1.20226,0,4.23974,16.5017,0,0,0.948675,0,17.2081,74.0568,17.1709,8.81133,8.10642,2.04139,6.06907,0,0.74127,14.1936,7.42341,3.17418,2.33869,1.06767,0.191659,0.0819515,0.10970741510391235,0.255343,1.35053,0.296591,0.70791,,,4.24631,0.0175994,-0.0151433,999,1.17218,0.249675,1.17732,1.17218,-0.249675,3.43024,68.00000000000001,4.000000000000001,70,4.117647058823529,,,,,,,,,,,,,,,,,,,"Francis Pena","sa3019374",800212
"Chris Murphy","BOS",0.0480322,0.205713,0,4.55777,4.02055,0,0.000173287,0.320995,0,5.06287,22.0163,5.05491,2.78688,2.56393,0.574046,2.03155,0.10424,0.196931,4.77799,8.4936,3.61139,2.35189,1.02045,0.21702,0.0922748,0.12474556267261505,0.255455,1.39969,0.310399,0.684342,,,4.07349,0.0167749,-0.0268356,999,1.56396,-0.163878,1.40252,1.56396,0.163878,3.12997,15.7,3.1399999999999997,16,3.2,,,,,,,,,,,,,,,,,,,"Chris Murphy","26214",669684
"Janson Junk","MIA",0.712311,1.40891,0.26805,4.85484,14.4242,0.663324,0,0.80773,0,19.2242,83.9126,21.2261,11.2718,10.37,2.7013,6.06675,0.270218,0.677333,14.3407,6.71373,2.84021,2.36381,1.26464,0.1709,0.0722984,0.09860154986381531,0.275062,1.41972,0.308097,0.681428,,,4.55368,0.0166377,-0.0246907,999,1.61564,-2.35029,1.1101,1.61564,2.35029,3.51987,60.09999999999999,3.1631578947368415,67,3.526315789473684,,,,,,,,,,,,,,,,,,,"Janson Junk","23301",676083
"Brandyn Garcia","SEA",0.610223,0.952471,0,3.89234,15.8656,0,0,1.0937,0,16.2526,69.7513,14.9695,7.64017,7.02896,1.7481,6.103,0,1.38385,15.1186,8.37206,3.37959,2.47724,0.968025,0.21675,0.0874966,0.12925376743078232,0.240418,1.29656,0.291234,0.721192,,,4.08625,0.0160587,-0.0289163,999,1.51008,-1.2871,1.27057,1.51008,1.2871,3.3059,67.80000000000001,4.237500000000001,67,4.1875,,,,,,,,,,,,,,,,,,,"Brandyn Garcia","sa3022951",805299
"Colin Poche","WSN",3.52012,2.57483,0,3.92054,48.2498,0,3.19604,14.666,3.05533,48.0712,201.536,42.1725,22.7615,20.9406,7.03185,17.9476,1.30918,1.52854,45.2275,8.4676,3.36019,2.51998,1.31652,0.224414,0.0890541,0.13536016643047333,0.231641,1.25065,0.270728,0.743078,,,4.40188,0.0154471,0.211618,749.9500122070312,2.7285,0.370856,0.809563,2.7285,-0.370856,3.92058,264.90000000000003,5.518750000000001,254,5.291666666666667,,,,,,,,,,,,,,,,,,,"Colin Poche","19403",621363
"Cole Waites","SFG",0.464731,0.461909,0,4.33053,10.5816,0,0,0.826997,0,10.8357,47.1753,10.1839,5.6672,5.21382,1.271,4.97522,0,0.484294,10.7251,8.90814,4.13235,2.15571,1.05568,0.227346,0.105462,0.12188339978456497,0.244126,1.399,0.299899,0.709427,,,4.22329,0.0142839,-0.027905,999,1.41733,-1.39938,1.28377,1.41733,1.39938,3.28831,54.10000000000001,4.918181818181819,53,4.818181818181818,,,,,,,,,,,,,,,,,,,"Cole Waites","25665",686972
"Grant Wolfram","MIL",0.863913,0.582114,0,4.31251,15.4014,0,0.0143827,0.979821,0,16.1517,70.3727,15.1132,8.41238,7.73939,1.89738,7.50924,0.381459,0.748663,15.6022,8.69377,4.18426,2.07773,1.05725,0.221708,0.106707,0.11500096321105957,0.243311,1.40062,0.296218,0.711709,,,4.29548,0.0138883,0.0422633,999,1.23961,-0.845318,1.17409,1.23961,0.845318,3.43454,63.80000000000001,3.9875000000000007,63,3.9375,,,,,,,,,,,,,,,,,,,"Grant Wolfram","sa3008313",664991
"Drew Smith","NYM",0.538703,0.578895,0,4.26833,8.87414,0,0.0525197,1.45778,0.107833,9.17899,39.2096,8.22986,4.73177,4.35322,1.32004,3.81761,0.138803,0.451217,9.54273,9.35664,3.74317,2.49966,1.2943,0.243378,0.0973644,0.14601316303014755,0.235538,1.31251,0.286977,0.717267,,,4.35196,0.0137639,-0.0321402,999,0.816724,-0.919595,1.3236,0.816724,0.919595,3.2352,45.500000000000014,5.055555555555557,44,4.888888888888889,,,,,,,,,,,,,,,,,,,"Drew Smith","17755",622098
"Nabil Crismatt","PHI",0.50616,0.73555,0,4.56569,5.58141,0,0,0.482591,0.254625,7.24457,30.9917,7.39993,3.99474,3.67516,0.972878,2.18467,0.088791,0.325439,6.45689,8.02145,2.71403,2.95555,1.20861,0.208342,0.0704919,0.1378503292798996,0.259814,1.323,0.305296,0.679818,,,4.16915,0.0136583,-0.0316096,999,0.799117,-0.115398,1.34792,0.799117,0.115398,3.20277,27.3,3.9,28,4,,,,,,,,,,,,,,,,,,,"Nabil Crismatt","17732",622503
"Noah Davis","BOS",0.0484458,0.369042,0,6.33866,2.17161,0.627945,0,0.229081,0,6.91144,32.6658,9.26881,5.29098,4.8677,1.05878,2.85432,0.103894,0.430339,5.3029,6.90538,3.71686,1.85785,1.37873,0.162338,0.0873796,0.07495854794979095,0.315468,1.75407,0.356657,0.642069,,,5.04919,0.0135599,-0.0518096,999,3.67984,0.325947,1.26314,3.67984,-0.325947,3.31581,17.1,2.442857142857143,23,3.2857142857142856,,,,,,,,,,,,,,,,,,,"Noah Davis","25862",663562
"Enoli Paredes","ATL",0.40228,0.136599,0,3.63298,16.4946,0,0.130119,2.95475,0,20.0521,84.9893,14.2306,8.79819,8.09433,1.8334,11.0144,0.323687,1.39252,18.604,8.35003,4.94362,1.68905,0.822886,0.218898,0.129598,0.0893000066280365,0.196062,1.25897,0.237746,0.725225,,,4.35574,0.0134463,0.163766,999,1.67572,-0.0808516,1.29513,1.67572,0.0808516,3.27316,101,5.05,88,4.4,,,,,,,,,,,,,,,,,,,"Enoli Paredes","20447",660600
"Jordan Balazovic","DET",0.460408,0.486383,0.0408594,4.10924,5.09473,0.055876,0,0.535126,0,5.66679,24.4318,5.425,2.81234,2.58735,0.63659,2.31657,0.0918142,0.199876,5.28893,8.39989,3.67918,2.28309,1.01103,0.216477,0.0948178,0.12165962904691696,0.247543,1.36613,0.299466,0.719559,,,4.09243,0.0131849,0.00610691,999,1.01867,-0.0479539,1.37948,1.01867,0.0479539,3.16069,27.10000000000001,4.516666666666668,25,4.166666666666667,,,,,,,,,,,,,,,,,,,"Jordan Balazovic","21866",666364
"Dietrich Enns","DET",0.564809,0.53726,0.10057,4.40687,12.9849,0.137531,0,1.05956,0,13.8604,59.6017,13.2193,7.37693,6.78678,1.77338,5.67496,0,0.373583,13.3745,8.68448,3.68493,2.35676,1.15151,0.224398,0.0952147,0.129183329641819,0.246845,1.36318,0.298031,0.701783,,,4.20906,0.0118579,0.014246,999,3.84923,-2.80076,1.23739,3.84923,2.80076,3.35015,57.20000000000003,4.085714285714288,56,4,,,,,,,,,,,,,,,,,,,"Dietrich Enns","13932",608650
"Wilmer Flores","DET",0.0854331,0.103412,0,4.12611,5.00784,0,0,0.75993,0,5.10316,21.7758,4.94467,2.54302,2.33958,0.57644,1.82668,0,0.154236,4.39102,7.74407,3.22156,2.40383,1.01662,0.201647,0.0838858,0.11776132136583328,0.249796,1.32689,0.294605,0.708936,,,4.07855,0.0117913,-0.0469379,999,1.1154,-0.837076,1.42223,1.1154,0.837076,3.10369,17.7,3.54,18,3.6,,,,,,,,,,,,,,,,,,,"Wilmer Flores","sa3015223",695865
"Drew Pomeranz","SEA",0.205756,0.815607,0,3.85568,12.489,0,0,0.765028,0,13.0593,55.4804,11.4938,6.08122,5.59472,1.6462,5.55529,0.245233,0.428836,13.6005,9.37296,3.82851,2.4482,1.1345,0.24514,0.100131,0.14500920474529266,0.232215,1.30551,0.287523,0.743866,,,4.09701,0.0113938,0.0317125,999,1.44373,-0.666688,1.32556,1.44373,0.666688,3.23258,56.99999999999999,4.384615384615384,53,4.076923076923077,,,,,,,,,,,,,,,,,,,"Drew Pomeranz","11426",519141
"Tyler Mattison","DET",0.635522,0.637615,0,4.23131,17.0825,0,0,1.07865,0,17.5543,75.6332,16.141,8.97075,8.25309,2.16216,7.58851,0,0.820561,17.3512,8.89587,3.89058,2.28651,1.10853,0.229413,0.100333,0.12907984107732773,0.240107,1.35177,0.292991,0.712898,,,4.22792,0.0113184,0.0183156,999,1.551,-1.53555,1.19389,1.551,1.53555,3.40815,78.00000000000003,4.333333333333335,75,4.166666666666667,,,,,,,,,,,,,,,,,,,"Tyler Mattison","sa3018117",694331
"Ryan Miller","DET",0.517292,0.941209,0,4.4484,15.8754,0,0,0.520899,0.37867,19.2714,81.1708,18.5029,10.3535,9.52521,2.75187,5.73898,1.04256,0.849189,16.4674,7.69049,2.68018,2.86939,1.28516,0.202873,0.0707025,0.13217058777809143,0.248086,1.25792,0.284503,0.681163,,,4.33942,0.0111237,-0.0329438,999,1.30018,-3.18834,1.22223,1.30018,3.18834,3.37036,69.29999999999998,3.6473684210526307,71,3.736842105263158,,,,,,,,,,,,,,,,,,,"Ryan Miller","22187",668943
"Andrew Saalfrank","ARI",0.681334,0.396887,0,3.92881,10.6786,0,0,0.914986,0,11.1999,49.2199,10.6977,5.31428,4.88914,0.922495,5.58158,0.501474,0.349015,10.2007,8.19706,4.48525,1.82756,0.741299,0.207247,0.113401,0.09384604543447495,0.24712,1.45352,0.303896,0.731595,,,4.00425,0.010285,0.0871707,999,1.27675,-0.51384,1.27873,1.27675,0.51384,3.29503,46.50000000000001,4.2272727272727275,48,4.363636363636363,,,,,,,,,,,,,,,,,,,"Andrew Saalfrank","26203",685314
"Jesse Chavez","TEX",1.29388,1.26282,0,4.06282,25.6973,0.0892239,0.00135031,3.16626,1.01396,28.9249,123.626,28.322,14.1928,13.0574,4.00921,9.94322,0.358374,1.18934,26.6096,8.2796,3.09384,2.67615,1.24747,0.215243,0.0804299,0.13481289148330688,0.251766,1.32292,0.296951,0.737233,,,4.28311,0.0098739,0.0988765,999,1.46393,0.0225446,1.04298,1.46393,-0.0225446,3.60936,125.60000000000004,4.331034482758622,126,4.344827586206897,,,,,,,,,,,,,,,,,,,"Jesse Chavez","5448",445926
"Hayden Harris","ATL",0.631199,0.601376,0,4.09312,10.3614,0,0,0.805988,0,10.4416,45.2992,9.54901,5.1617,4.74876,1.25113,4.8333,0,0.531747,11.0214,9.49976,4.16599,2.28032,1.07839,0.243303,0.106697,0.13660616427659988,0.239119,1.3774,0.299979,0.730014,,,4.15454,0.00949595,0.0306974,999,0.888991,-0.970764,1.29046,0.888991,0.970764,3.27939,43.7,4.37,45,4.5,,,,,,,,,,,,,,,,,,,"Hayden Harris","sa3019913",802686
"Justin Hagenman","NYM",0.838547,0.793989,0.0282804,4.34689,12.0508,0.0386741,0,0.912789,0,12.7869,54.3369,12.3449,6.71298,6.17594,1.82272,4.10744,0.271895,0.674576,11.9259,8.39394,2.891,2.90348,1.28291,0.21948,0.0755921,0.1438877433538437,0.249116,1.28665,0.293864,0.700647,,,4.27618,0.00902321,-0.0236414,999,1.69691,-1.64735,1.26408,1.69691,1.64735,3.31456,53.39999999999999,4.107692307692307,52,4,,,,,,,,,,,,,,,,,,,"Justin Hagenman","sa3008022",663795
"Nick Frasso","LAD",0.479764,0.276278,0,4.25703,9.36015,0,0,0.807084,0,9.58003,40.7186,9.15364,4.92541,4.53138,1.34657,3.36943,0,0.317691,9.02812,8.48151,3.16542,2.67942,1.26504,0.22172,0.082749,0.13897068798542023,0.247185,1.30721,0.292873,0.714208,,,4.26361,0.00837922,0.0213759,999,1.42136,-1.51964,1.33053,1.42136,1.51964,3.22596,51.300000000000004,5.130000000000001,50,5,,,,,,,,,,,,,,,,,,,"Nick Frasso","sa3014492",693308
"Tejay Antone","CIN",0.130864,0.401419,0,4.61625,8.45927,0,0.0723237,1.08042,0,8.41977,36.6873,8.20907,4.69418,4.31864,1.14993,3.66113,0.13197,0.315517,8.08968,8.64716,3.91343,2.20961,1.22918,0.220504,0.0997929,0.1207108274102211,0.25096,1.4098,0.30076,0.699397,,,4.43726,0.00835745,-0.0508266,999,1.14286,-0.756541,1.33595,1.14286,0.756541,3.21874,34.10000000000001,4.262500000000001,35,4.375,,,,,,,,,,,,,,,,,,,"Tejay Antone","16233",622088
"Brad Lord","WSN",0.769783,1.05417,0.201838,4.45636,15.4677,0.276018,0,0.881253,0,16.9227,72.6737,17.121,9.10791,8.37928,2.13359,5.22278,0,1.08489,13.5618,7.21256,2.77763,2.59666,1.13471,0.186612,0.0718662,0.11474571377038956,0.257978,1.32034,0.295781,0.683786,,,4.32092,0.00769162,-0.0132743,999,2.12752,-0.69312,1.20948,2.12752,0.69312,3.38736,71.00000000000001,4.176470588235295,73,4.294117647058823,,,,,,,,,,,,,,,,,,,"Brad Lord","sa3020812",695418
"Seth Johnson","PHI",0.843016,3.4322,0.456032,6.09825,14.577,1.93633,0,0.769101,0,18.5539,84.7311,20.8952,13.665,12.5718,2.79991,9.05575,0.269235,0.788391,15.9444,7.73422,4.39271,1.76069,1.35816,0.188177,0.106876,0.08130025118589401,0.279023,1.61427,0.322309,0.625636,,,5.00127,0.00715127,-0.315676,999,1.07261,-0.277556,0.918509,1.07261,0.277556,3.77532,55.09999999999999,2.8999999999999995,62,3.263157894736842,,,,,,,,,,,,,,,,,,,"Seth Johnson","26020",686751
"Matt Barnes",,0.750549,1.4927,0,4.65376,22.4013,0,0.0889206,1.87428,0.688012,23.0043,100.544,22.953,12.9296,11.8952,2.96451,9.52805,0.397926,1.12002,19.767,7.73346,3.72767,2.07461,1.15981,0.196601,0.0947653,0.10183603316545486,0.25533,1.41195,0.297607,0.690116,,,4.51183,0.00659224,-0.104815,999,1.26205,-1.35832,1.05291,1.26205,1.35832,3.59613,88.50000000000001,3.8478260869565224,91,3.9565217391304346,,,,,,,,,,,,,,,,,,,"Matt Barnes","12863",598264
"Miguel Castro","HOU",1.75525,1.6037,0,4.41667,27.2319,0,0.535641,2.26219,0.887429,28.8071,124.412,27.5557,15.3661,14.1368,3.60065,11.2121,0.417755,1.81508,25.4663,7.95626,3.50293,2.27132,1.12493,0.204694,0.0901213,0.11457277089357376,0.247393,1.34577,0.291009,0.693859,,,4.37998,0.00606517,-0.0283441,999,0.888294,0.942111,0.960042,0.888294,-0.942111,3.71994,116.60000000000004,4.020689655172415,117,4.0344827586206895,,,,,,,,,,,,,,,,,,,"Miguel Castro","15684",612434
"Jake Woodford","COL",0.391932,1.35574,0.23577,5.17429,11.1893,0.917093,0,0.810298,0,15.6781,69.699,18.0062,9.79748,9.01368,2.28857,5.00711,0.196522,1.06228,11.6495,6.68734,2.87432,2.32658,1.31375,0.16714,0.071839,0.09530047327280045,0.282985,1.46786,0.316304,0.667152,,,4.73942,0.00523618,0.00928585,999,4.07494,-0.855223,1.15323,4.07494,0.855223,3.46236,57.000000000000014,3.562500000000001,64,4,,,,,,,,,,,,,,,,,,,"Jake Woodford","18674",663765
"Easton Lucas","TOR",0.877667,0.815436,0,4.50277,16.6548,0,0,1.75984,0,18.7024,81.1951,18.0863,10.1706,9.35693,2.50019,7.79376,0.59309,0.891205,17.0627,8.21094,3.75053,2.18927,1.20315,0.210144,0.095988,0.11415587365627289,0.249432,1.38379,0.294371,0.70195,,,4.47284,0.00477244,-0.0345853,999,2.08787,-1.14383,1.12995,2.08787,1.14383,3.49339,71.89999999999999,3.784210526315789,71,3.736842105263158,,,,,,,,,,,,,,,,,,,"Easton Lucas","26058",687922
"Ben Casparius","LAD",1.84214,1.4433,0.662033,4.55159,18.9546,0.905345,0,1.24538,0,27.1353,118.008,24.8587,14.9165,13.7232,3.73268,13.0023,0.3316,1.18333,28.6268,9.49469,4.31248,2.20168,1.23802,0.242584,0.110181,0.1324021890759468,0.239435,1.39527,0.295622,0.703058,,,4.41312,0.0046745,-0.0373951,748.8300170898438,1.08702,-0.542622,0.884494,1.08702,0.542622,3.82067,105.60000000000002,3.911111111111112,103,3.814814814814815,,,,,,,,,,,,,,,,,,,"Ben Casparius","30085",676508
"Clay Helvey","WSN",0.410338,0.334143,0,4.50808,9.18517,0,0,0,0,10.4583,45.6622,9.13773,5.69408,5.23855,1.22931,5.47171,0.292154,0.619094,11.0701,9.52644,4.70873,2.02314,1.0579,0.242434,0.11983,0.12260342389345169,0.230917,1.39692,0.289983,0.691736,,,4.32473,0.00408956,-0.079971,999,0.388748,0.0505173,1.27966,0.388748,-0.0505173,3.29379,42.300000000000004,4.23,41,4.1,,,,,,,,,,,,,,,,,,,"Clay Helvey","sa3007459",663627
"Connor Seabold","TBR",0.427405,0.711413,0.341618,5.07729,8.40035,0.820149,0,0,0,12.7049,54.2756,12.8504,7.79065,7.16739,2.07212,3.68509,0.18462,0.768828,10.5492,7.4729,2.61047,2.86267,1.46786,0.194363,0.0678958,0.1264672875404358,0.257928,1.3015,0.289736,0.641375,,,4.67778,0.00401547,-0.0705528,999,2.77905,-1.04676,1.25785,2.77905,1.04676,3.32287,44.8,3.446153846153846,46,3.5384615384615383,,,,,,,,,,,,,,,,,,,"Connor Seabold","19695",657756
"Emmet Sheehan","LAD",0.758164,0.193381,0.732948,4.68975,4.9923,1.40438,0.000607949,0,0,10.5842,43.7323,7.95923,5.99481,5.51523,1.94595,4.79863,0,0.174551,11.459,9.7439,4.0804,2.38798,1.65469,0.262026,0.109727,0.1522987335920334,0.205351,1.20537,0.237171,0.674045,,,4.80089,0.00376797,0.0334715,999,1.79021,1.06761,1.29172,1.79021,-1.06761,3.2777,43,3.909090909090909,36,3.272727272727273,,,,,,,,,,,,,,,,,,,"Emmet Sheehan","29839",686218
"Tim Hill","NYY",2.86763,1.60142,0,4.16192,55.6634,0,0.382904,8.71145,1.19099,58.443,255.017,64.9483,29.3762,27.0261,4.9572,16.5877,1.28161,3.41234,31.104,4.7899,2.55444,1.87513,0.763391,0.121968,0.0650454,0.05692289024591446,0.276355,1.39514,0.301529,0.699231,,,4.23138,0.00366961,0.12398,999,2.42551,0.397023,0.707705,2.42551,-0.397023,4.05639,236.70000000000005,4.081034482758621,263,4.5344827586206895,,,,,,,,,,,,,,,,,,,"Tim Hill","16814",657612
"Nick Hernandez","HOU",2.09272,1.97724,0,4.40843,34.8984,0,0,2.48054,0.886316,39.6041,170.349,35.645,21.086,19.3991,5.86149,16.4609,0.513874,2.99525,41.0849,9.33652,3.74073,2.49591,1.33202,0.241181,0.0966306,0.14455027133226395,0.236227,1.31567,0.286527,0.706607,,,4.48953,0.00259112,-0.0715822,999,1.34949,-1.23208,0.757252,1.34949,1.23208,3.99033,161.6,4.04,155,3.875,,,,,,,,,,,,,,,,,,,"Nick Hernandez","19281",663321
"Luinder Avila","KCR",0.894723,0.910583,0,4.60264,16.174,0,0,0.931352,0,16.9441,74.9458,17.4644,9.41879,8.66529,1.68633,7.16381,0.351694,1.01018,13.4137,7.12477,3.80512,1.87242,0.895709,0.178978,0.0955866,0.083391472697258,0.261554,1.4535,0.305353,0.683037,,,4.32423,0.00246673,-0.0151333,999,1.25133,-0.83654,1.13692,1.25133,0.83654,3.4841,63.000000000000014,3.7058823529411775,65,3.823529411764706,,,,,,,,,,,,,,,,,,,"Luinder Avila","sa3006507",679883
"Doug Nikhazy","CLE",1.84979,1.59362,0.221665,4.30626,33.8603,0.303131,0,3.63519,0,40.3077,175.211,36.1728,20.9632,19.2862,4.50806,19.8439,0.845379,1.89948,39.6052,8.84315,4.43079,1.99584,1.00657,0.226042,0.113257,0.1127856969833374,0.235702,1.38973,0.289559,0.705224,,,4.27357,0.00244282,-0.0650082,999,2.03844,-0.117873,0.744957,2.03844,0.117873,4.00672,170.9,4.2725,165,4.125,,,,,,,,,,,,,,,,,,,"Doug Nikhazy","sa3018110",680951
"Gabriel Hughes","COL",0.561709,0.606153,0.135346,4.76643,15.9065,0.185088,0,1.03588,0,17.0325,74.8118,17.6292,9.80485,9.02046,2.42105,6.83154,0,0.786569,15.3772,8.12536,3.6098,2.25092,1.27929,0.205546,0.0913164,0.11422917246818542,0.262363,1.43612,0.307885,0.695538,,,4.55051,0.0020989,0.00946987,999,1.14734,-1.21512,1.13897,1.14734,1.21512,3.48138,64.40000000000002,3.7882352941176483,69,4.0588235294117645,,,,,,,,,,,,,,,,,,,"Gabriel Hughes","sa3020661",687312
"Kyle Leahy","STL",2.12979,2.67081,0,4.40926,44.9926,0,0.475055,6.78032,0,51.7372,224.038,51.9756,27.5511,25.347,6.00104,18.2434,0.630892,3.2638,40.8846,7.11211,3.17355,2.24106,1.04392,0.182489,0.08143,0.1010592058300972,0.25663,1.35722,0.29538,0.690223,,,4.34099,0.00206161,-0.0945093,999,1.65255,-0.960738,0.650631,1.65255,0.960738,4.13249,222.8,4.2846153846153845,229,4.403846153846154,,,,,,,,,,,,,,,,,,,"Kyle Leahy","24763",681517
"Mason Fluharty","TOR",1.3432,1.58415,0,4.18601,22.4619,0,0,0.870022,0,23.0293,98.4806,21.6269,11.6426,10.7112,3.08087,8.83331,0,1.00501,21.3565,8.34626,3.45211,2.41773,1.20402,0.21686,0.0896959,0.12716447561979294,0.24398,1.32267,0.288858,0.719684,,,4.33252,0.001348,-0.0308816,999,0.616711,-0.530325,1.09412,0.616711,0.530325,3.54117,92.10000000000001,4.004347826086957,92,4,,,,,,,,,,,,,,,,,,,"Mason Fluharty","sa3020261",689254
"Cory Lewis","MIN",0.802974,1.1148,0.105234,4.36397,12.3277,0.143909,0,1.22372,0,13.243,56.9067,12.6535,6.97974,6.42136,1.78177,5.3955,0,0.320432,12.5091,8.50123,3.66679,2.31844,1.21089,0.219818,0.094813,0.1250053271651268,0.247183,1.3629,0.294628,0.711643,,,4.32124,0.00105076,-0.0353362,999,1.0819,-0.282955,1.23382,1.0819,0.282955,3.35491,52.8,4.061538461538461,54,4.153846153846154,,,,,,,,,,,,,,,,,,,"Cory Lewis","sa3020702",675375
"Colten Brewer","NYY",0.75918,0.715119,0,4.52026,19.0849,0,0.364086,1.21895,0.488207,20.9111,90.765,20.0718,11.4159,10.5026,2.73966,8.69899,0.234738,1.14283,19.3466,8.32664,3.74398,2.224,1.17913,0.21315,0.0958408,0.11730960756540298,0.248035,1.37586,0.294579,0.695998,,,4.43125,0.000657044,-0.00660073,999,1.4812,-1.49415,1.111,1.4812,1.49415,3.51866,78.5,3.738095238095238,78,3.7142857142857144,,,,,,,,,,,,,,,,,,,"Colten Brewer","12997",605155
"Jack Dreyer","LAD",1.52854,1.27991,0,4.20409,23.181,0,0,1.14678,0,23.4044,100.171,21.7691,11.8833,10.9327,3.26714,9.49332,0,0.801591,22.9907,8.84092,3.65059,2.42178,1.25636,0.229515,0.0947713,0.1347436010837555,0.242213,1.33575,0.290829,0.726124,,,4.33618,0.000185858,-0.00234843,999,0.870428,-2.63588,1.05689,0.870428,2.63588,3.59082,96.10000000000001,4.178260869565218,96,4.173913043478261,,,,,,,,,,,,,,,,,,,"Jack Dreyer","sa3018789",676263
"Tom Cosgrove","SDP",0.859074,1.49971,0,4.42554,29.6872,0,0.0427332,3.05574,0,29.6271,127.7,27.066,15.8352,14.5684,3.77292,11.8963,0.748409,2.52247,27.5941,8.38244,3.61382,2.31955,1.14612,0.216086,0.0931587,0.12292751669883728,0.238929,1.31509,0.284361,0.686667,,,4.41926,-0.000231485,-0.0388058,999,2.05801,-0.220344,1.01997,2.05801,0.220344,3.64004,125.60000000000001,4.1866666666666665,121,4.033333333333333,,,,,,,,,,,,,,,,,,,"Tom Cosgrove","23443",676680
"Jacob Misiorowski","MIL",1.40691,1.81353,0.241046,4.38293,29.1127,0.898148,0,1.27356,0,35.8774,158.496,30.2266,18.9913,17.472,4.25068,20.4105,0,3.45536,39.3787,9.87832,5.12006,1.92934,1.0663,0.248453,0.128776,0.11967666447162628,0.224516,1.41139,0.285448,0.708179,,,4.50713,-0.000381656,0.047253,999,2.19851,-1.016,0.787257,2.19851,1.016,3.95032,152.20000000000005,4.227777777777779,141,3.9166666666666665,,,,,,,,,,,,,,,,,,,"Jacob Misiorowski","sa3020644",694819
"Trevor Richards","CHC",1.09444,1.05751,0,4.40777,22.3217,0.201996,0.0899314,2.56524,0.703141,24.3533,104.295,21.2631,12.9642,11.9271,3.48582,11.1919,0.441864,0.971564,26.0746,9.63613,4.13607,2.32978,1.28822,0.250009,0.10731,0.14269892871379852,0.230792,1.33267,0.284115,0.706832,,,4.38425,-0.000416848,-0.0515273,999,1.58047,-0.221886,1.03906,1.58047,0.221886,3.61458,114.10000000000002,4.754166666666667,109,4.541666666666667,,,,,,,,,,,,,,,,,,,"Trevor Richards","19309",670950
"Jeff Criswell","COL",0.71122,1.14354,0,5.40645,15.0081,0,0,0,0,23.2993,106.111,26.6456,15.2134,13.9963,3.48421,10.5171,0.136068,1.14726,24.973,9.64652,4.06253,2.37451,1.34587,0.235348,0.0991145,0.1362338736653328,0.282123,1.59501,0.350987,0.679866,,,4.46874,-0.000598659,-0.119174,999,1.73427,-0.778884,0.849442,1.73427,0.778884,3.86741,77.10000000000001,3.3521739130434787,90,3.9130434782608696,,,,,,,,,,,,,,,,,,,"Jeff Criswell","27608",676105
"Ben Heller","CHC",0.0747293,0.438077,0,4.76456,5.72106,0,0,0.489206,0,7.12181,31.45,6.47298,4.0981,3.77025,0.886158,3.1896,0.237767,1.06293,8.28661,10.472,4.03077,2.59801,1.11986,0.263485,0.101418,0.16206733137369156,0.237999,1.35676,0.309954,0.660711,,,4.24828,-0.000900718,-0.0362987,999,2.2467,-2.32534,1.35525,2.2467,2.32534,3.193,27.900000000000013,3.9857142857142875,26,3.7142857142857144,,,,,,,,,,,,,,,,,,,"Ben Heller","15100",621294
"Taylor Clarke","KCR",0.367142,0.784141,0,4.63703,10.4489,0.0537519,0.219478,1.77784,0.760082,11.3542,48.9197,12.0536,6.3587,5.85001,1.66621,3.42354,0.195529,0.40169,9.87387,7.82657,2.71369,2.88411,1.32073,0.201838,0.069983,0.13185546547174454,0.267296,1.36311,0.309568,0.69371,,,4.34566,-0.00109187,-0.0278828,999,1.5806,-0.423126,1.28853,1.5806,0.423126,3.28196,44.60000000000001,4.054545454545456,48,4.363636363636363,,,,,,,,,,,,,,,,,,,"Taylor Clarke","17611",664199
"Nick Vespi","PHI",0.295867,0,0,4.12354,7.98523,0,0,0.706771,0.0779534,9.42057,39.3156,8.6282,4.69155,4.31623,1.23092,3.07943,0.227761,0.194157,7.30653,6.98034,2.94195,2.37269,1.17596,0.185843,0.0783258,0.10751710087060928,0.239393,1.24277,0.268947,0.702708,,,4.35639,-0.00127385,-0.0261792,999,0.934235,-0.0341698,1.37939,0.934235,0.0341698,3.16081,39.90000000000001,4.4333333333333345,41,4.555555555555555,,,,,,,,,,,,,,,,,,,"Nick Vespi","21093",663989
"Alex Speas","MIN",0.514599,1.4084,0,4.43434,8.1346,0,0,1.26864,0,8.54013,38.3052,7.31097,4.57366,4.20777,0.96967,5.636,0.382384,0.506453,9.64366,10.163,5.93948,1.71108,1.02188,0.251759,0.147134,0.10462461411952972,0.227312,1.51602,0.294268,0.722495,,,4.54184,-0.00138945,-0.0403776,999,0.798152,-0.687064,1.27977,0.798152,0.687064,3.29365,39.10000000000001,4.344444444444445,35,3.888888888888889,,,,,,,,,,,,,,,,,,,"Alex Speas","21859",666208
"Seth Martinez","MIA",1.92478,1.9178,0,4.03852,38.4993,0,0.294829,4.50647,0,43.3586,187.483,42.4711,21.1479,19.4561,5.23799,16.0253,1.08552,2.81308,36.4745,7.57106,3.32639,2.27606,1.08726,0.194548,0.0854759,0.10907243192195892,0.251838,1.34913,0.293331,0.729988,,,4.35794,-0.00189351,-0.0225856,999,1.30786,0.360917,0.841218,1.30786,-0.360917,3.87838,182.5,4.244186046511628,185,4.3023255813953485,,,,,,,,,,,,,,,,,,,"Seth Martinez","21045",661527
"Yohan Ramírez","PIT",0.917615,1.43011,0,4.53342,21.6751,0,0.172517,1.59052,0.889177,23.2561,103.775,22.4845,12.733,11.7144,2.36276,10.3925,0.656674,3.22304,21.2405,8.21998,4.02186,2.04383,0.914379,0.204678,0.100144,0.10453343391418457,0.249385,1.41369,0.302326,0.68125,,,4.41697,-0.00227046,-0.0630909,999,2.69273,-1.22948,1.04076,2.69273,1.22948,3.61232,99.40000000000002,4.321739130434784,100,4.3478260869565215,,,,,,,,,,,,,,,,,,,"Yohan Ramirez","19444",670990
"Erik Swanson","TOR",2.60653,2.4352,0,4.07392,50.9262,0,2.98049,7.38795,1.61047,51.5254,216.742,47.4449,25.3515,23.3234,8.0838,17.646,0.645298,1.73247,51.2106,8.945,3.08224,2.90211,1.41201,0.236275,0.0814148,0.1548600271344185,0.240394,1.26328,0.285084,0.739013,,,4.34655,-0.00255882,0.153846,999,1.77481,-2.32687,0.768989,1.77481,2.32687,3.97468,249.2,4.792307692307692,241,4.634615384615385,,,,,,,,,,,,,,,,,,,"Erik Swanson","16587",657024
"Zach Maxwell","CIN",1.50667,1.69387,0,4.61775,22.9997,0,0,1.2716,0,24.0952,107.03,22.5028,13.4379,12.3628,3.43013,13.4607,0,0.949774,26.0899,9.74505,5.02783,1.93822,1.28122,0.243762,0.125765,0.11799614131450653,0.242959,1.49256,0.302262,0.722872,,,4.64576,-0.00291216,0.039303,999,1.01973,0.0202222,0.901355,1.01973,-0.0202222,3.79819,94.90000000000002,3.9541666666666675,95,3.9583333333333335,,,,,,,,,,,,,,,,,,,"Zach Maxwell","sa3020255",687209
"Gerson Garabito","TEX",0.765246,1.39636,0.174302,4.44618,22.9759,0.238362,0.0196998,1.34639,0.223188,27.0686,116.712,26.0961,14.5353,13.3724,3.76551,9.92322,0.465292,1.92274,24.8029,8.24669,3.29935,2.49949,1.25199,0.212515,0.0850233,0.12749122083187103,0.248853,1.33067,0.292679,0.698723,,,4.45519,-0.00359518,-0.111123,999,2.18339,-1.23069,1.05127,2.18339,1.23069,3.59831,101.00000000000003,3.740740740740742,101,3.740740740740741,,,,,,,,,,,,,,,,,,,"Gerson Garabito","19835",642520
"Randy Dobnak","MIN",0.474961,0.7535,0.09925,4.28502,8.59606,0.135727,0.0282188,0.824891,0,11.2875,49.4588,11.6093,5.84146,5.37414,1.19042,4.59867,0.489603,0.404115,9.06907,7.23113,3.66671,1.97211,0.949168,0.183366,0.0929798,0.09038624167442322,0.261142,1.43592,0.304678,0.712898,,,4.26022,-0.00399953,-0.0378283,999,2.37031,-1.71878,1.28503,2.37031,1.71878,3.28663,44.900000000000006,4.081818181818182,49,4.454545454545454,,,,,,,,,,,,,,,,,,,"Randy Dobnak","23798",677976
"James Karinchak","CHW",1.20158,1.66676,0,4.06224,25.2372,0,0.754892,4.37813,0.686228,26.0626,113.437,20.8272,12.7865,11.7636,3.48252,15.4218,0.374556,1.34575,32.293,11.1515,5.32548,2.09399,1.20259,0.284678,0.13595,0.14872823655605316,0.215448,1.39085,0.284836,0.747844,,,4.35551,-0.0055188,0.0555771,722.0499877929688,1.61899,-1.32294,1.00089,1.61899,1.32294,3.66548,137.89999999999998,5.303846153846153,128,4.923076923076923,,,,,,,,,,,,,,,,,,,"James Karinchak","20151",675916
"Jack O'Loughlin","COL",0.10691,0.155948,0,4.99319,6.14668,0.0925557,0,0.846129,0,7.75128,34.4816,8.54588,4.67435,4.3004,1.03793,3.12338,0.0930628,0.256116,6.0567,7.03242,3.62656,1.93915,1.20514,0.17565,0.0905812,0.08506897836923599,0.274768,1.50546,0.312734,0.684691,,,4.65246,-0.00635331,-0.022045,999,3.21302,-2.85066,1.32633,3.21302,2.85066,3.23156,30.500000000000007,3.812500000000001,34,4.25,,,,,,,,,,,,,,,,,,,"Jack O'Loughlin","22690",672552
"Michael Darrell-Hicks","LAA",0.763769,0.756536,0,4.60997,11.6458,0,0,0.813116,0,12.2767,53.0651,12.5386,6.83519,6.28838,1.74385,3.80519,0,0.996002,10.3017,7.55213,2.78956,2.70728,1.2784,0.194134,0.0717079,0.12242577224969864,0.259792,1.33128,0.298046,0.683953,,,4.50805,-0.00662389,-0.0713617,999,1.36888,-0.0703825,1.25556,1.36888,0.0703825,3.32592,39.40000000000002,3.283333333333335,43,3.5833333333333335,,,,,,,,,,,,,,,,,,,"Michael Darrell-Hicks","sa3020438",690382
"Tommy Doyle","COL",0.620351,0.660221,0,4.99196,9.22625,0,0,0.661512,0,9.66437,42.7048,10.283,5.82659,5.36046,1.33819,3.98242,0.182213,0.316061,8.07961,7.52418,3.70866,2.02882,1.2462,0.189197,0.0932547,0.09594197571277618,0.267743,1.47609,0.308564,0.680993,,,4.62883,-0.00729051,-0.00506462,999,0.89566,-1.78852,1.25245,0.89566,1.78852,3.33006,43.7,4.37,45,4.5,,,,,,,,,,,,,,,,,,,"Tommy Doyle","21281",656382
"Blake Weiman","HOU",0.586896,0.571969,0,4.31939,8.34772,0,0,0.660538,0,8.75709,37.1115,8.77302,4.56827,4.20281,1.2932,2.59841,0.161983,0.256909,7.4345,7.64072,2.67049,2.86117,1.32908,0.200329,0.0700165,0.13031241297721863,0.256101,1.29854,0.292999,0.711557,,,4.36649,-0.00739037,-0.0448249,999,0.780721,-0.869573,1.33868,0.780721,0.869573,3.21509,39.90000000000001,4.4333333333333345,41,4.555555555555555,,,,,,,,,,,,,,,,,,,"Blake Weiman","sa3004211",676620
"Tyler Jay","MIL",0.269151,0.0789104,0,4.31738,7.49274,0,0,0,0,11.258,48.9557,11.1351,5.87016,5.40055,1.3237,4.6134,0.177811,0.446449,9.62219,7.69229,3.6881,2.08571,1.05821,0.196549,0.0942361,0.10231263935565948,0.253672,1.39888,0.297768,0.710912,,,4.33394,-0.00764663,-0.0219913,999,1.97429,-1.40719,1.30418,1.97429,1.40719,3.26109,45.50000000000001,4.136363636363637,47,4.2727272727272725,,,,,,,,,,,,,,,,,,,"Tyler Jay","17952",664079
"Gavin Hollowell","CHC",0.204508,0.173344,0,4.34549,5.1221,0,0.000322752,0.564804,0,5.43841,23.7002,4.95909,2.85417,2.62584,0.659929,2.70331,0.0412126,0.211995,5.38151,8.90585,4.47369,1.99071,1.09211,0.227067,0.114063,0.1130036786198616,0.238592,1.40894,0.291599,0.713546,,,4.37308,-0.00776684,-0.040515,999,1.51085,-0.697499,1.3871,1.51085,0.697499,3.15054,16.7,3.34,17,3.4,,,,,,,,,,,,,,,,,,,"Gavin Hollowell","25427",668970
"A.J. Blubaugh","HOU",0.928315,0.810074,0,4.1636,8.0663,0,0,0,0,9.48788,40.7706,9.82331,4.77099,4.38931,1.43756,3.33753,0,0,8.62535,8.18182,3.16591,2.58435,1.36364,0.211558,0.0818612,0.12969687581062317,0.262423,1.38712,0.306383,0.752571,,,4.3733,-0.00809454,-0.0448249,999,2.57801,-0.540453,1.28827,2.57801,0.540453,3.2823,37.30000000000001,4.144444444444446,41,4.555555555555555,,,,,,,,,,,,,,,,,,,"A.J. Blubaugh","sa3020112",805123
"Shaun Anderson","LAA",0.133426,0.271959,0,4.76555,5.97718,0.0906894,0,0.880801,0,7.0088,30.2164,7.72314,4.03391,3.7112,1.16537,1.89343,0,0.204183,5.20957,6.68961,2.43135,2.7514,1.49645,0.172409,0.0626623,0.10974660515785217,0.274662,1.37207,0.301593,0.699138,,,4.73929,-0.00840596,-0.03317,999,2.19336,-3.01408,1.37151,2.19336,3.01408,3.17132,26.7,3.814285714285714,30,4.285714285714286,,,,,,,,,,,,,,,,,,,"Shaun Anderson","19453",641312
"Brent Headrick","NYY",2.23191,1.07377,0,4.24769,29.3404,0,0.177371,1.60569,0.47444,33.6506,142.079,31.4035,17.2629,15.8819,5.29435,11.2463,0.441084,1.50584,35.1312,9.39599,3.00788,3.12379,1.416,0.247265,0.0791555,0.16810987144708633,0.242823,1.26743,0.293687,0.720445,,,4.26069,-0.00918251,0.0726786,999,2.13653,-0.551168,0.899572,2.13653,0.551168,3.80057,148.50000000000003,4.36764705882353,144,4.235294117647059,,,,,,,,,,,,,,,,,,,"Brent Headrick","27702",687396
"Amir Garrett","TOR",0.505513,0.495217,0,4.44493,13.4117,0,0,1.28345,0.0770983,12.9353,56.3541,10.4965,6.94403,6.3885,1.6217,7.67857,0.147219,0.537225,15.5308,10.8058,5.34252,2.02261,1.12833,0.275592,0.136256,0.13933652639389038,0.218049,1.40508,0.286415,0.706147,,,4.30043,-0.00931901,-0.0401842,999,1.46056,-2.10566,1.21849,1.46056,2.10566,3.37535,54.599999999999994,4.199999999999999,48,3.6923076923076925,,,,,,,,,,,,,,,,,,,"Amir Garrett","14375",607237
"John Rooney","MIA",1.01025,1.63739,0,4.32463,25,0,0,0.820601,0,25.641,113.108,25.4765,13.3922,12.3209,2.73115,10.9345,0,2.08136,21.8638,7.67421,3.83803,1.99952,0.958633,0.193301,0.0966737,0.09662710875272751,0.254531,1.42003,0.301276,0.706371,,,4.36865,-0.00960535,0.0987819,999,1.64838,-0.769297,1.02886,1.64838,0.769297,3.62819,99.5,3.826923076923077,100,3.8461538461538463,,,,,,,,,,,,,,,,,,,"John Rooney","sa3008417",680701
"Mike Clevinger","CHW",1.53908,2.47052,0.82375,4.5069,22.6603,1.96581,1.22283,0.608708,0,33.0859,140.359,31.7651,18.009,16.5683,5.23142,10.6704,0.59581,1.64342,29.2222,7.94901,2.90255,2.73863,1.42305,0.208197,0.0760221,0.132174551486969,0.248078,1.28259,0.283506,0.695682,,,4.57207,-0.00963862,0.0230259,647.969970703125,1.88078,-0.566288,0.967487,1.88078,0.566288,3.71002,127.50000000000004,3.863636363636365,128,3.878787878787879,,,,,,,,,,,,,,,,,,,"Mike Clevinger","12808",605182
"Burch Smith","PIT",0.863346,0.423786,0,5.04047,11.7521,0,0,0.957876,0.445245,14.1255,62.0751,15.4314,8.5989,7.91098,1.82933,4.76408,0.168669,0.774596,11.3627,7.23973,3.03543,2.38508,1.16555,0.183048,0.0767471,0.10630089789628983,0.272945,1.42972,0.313813,0.65761,,,4.41755,-0.00987265,-0.145719,999,1.68348,1.28377,1.16278,1.68348,-1.28377,3.44962,48,3.4285714285714284,52,3.7142857142857144,,,,,,,,,,,,,,,,,,,"Burch Smith","12784",572143
"Wikelman Gonzalez","CHW",0.0895254,0.34462,0.362084,5.2264,1.23935,1.23935,0,0,0,5.83696,26.4312,5.72727,3.68434,3.38959,0.942428,3.21551,0,0.502848,5.05341,7.79185,4.95799,1.57157,1.45313,0.191191,0.121656,0.06953530758619308,0.25216,1.5321,0.286226,0.689778,,,5.44503,-0.00992982,-0.0225947,999,0.944847,-0.699033,1.35181,0.944847,0.699033,3.19758,14.500000000000005,2.4166666666666674,15,2.5,,,,,,,,,,,,,,,,,,,"Wikelman Gonzalez","sa3008687",682790
"Joan Adon","WSN",0.549957,1.42295,0.291215,6.10664,9.39533,2.20206,0,0,0,18.4228,85.0752,20.6995,13.5871,12.5002,2.36994,9.41303,0.226887,1.35231,15.2761,7.46274,4.5985,1.62286,1.15777,0.17956,0.110644,0.06891579926013947,0.278556,1.63452,0.323479,0.616743,,,4.93348,-0.0102086,-0.348828,999,4.05289,0.255091,0.939816,4.05289,-0.255091,3.74691,54.00000000000002,3.0000000000000013,64,3.5555555555555554,,,,,,,,,,,,,,,,,,,"Joan Adon","22925",672851
"Lyon Richardson","CIN",0.257642,0.907061,0.364121,4.81554,10.7903,1.06913,0,0.76861,0,14.5838,65.1004,14.5008,8.48172,7.80318,2.20557,7.42661,0.193355,0.734279,13.8276,8.53334,4.58315,1.8619,1.36111,0.212404,0.114079,0.09832444787025452,0.25467,1.50355,0.300569,0.713692,,,4.91499,-0.0109229,0.08663,999,3.40261,-1.34505,1.17635,3.40261,1.34505,3.43154,55.400000000000006,3.693333333333334,57,3.8,,,,,,,,,,,,,,,,,,,"Lyon Richardson","24581",680689
"Jesse Scholtens","CHW",0.0851875,0.601252,0.19699,5.44202,1.61703,0.997667,0.000260185,0,0,5.72148,25.6202,6.56712,3.76043,3.4596,1.00235,2.14352,0.0771903,0.260108,4.07877,6.41599,3.3718,1.90284,1.57672,0.159201,0.0836651,0.07553592324256897,0.282863,1.52245,0.306844,0.677428,,,5.2785,-0.0122967,-0.0363737,999,2.63642,0.343983,1.35653,2.63642,-0.343983,3.19129,15.90000000000001,2.6500000000000017,19,3.1666666666666665,,,,,,,,,,,,,,,,,,,"Jesse Scholtens","19205",669947
"Rolddy Munoz","ATL",0.806465,0.722422,0,4.35329,14.2662,0,0,1.15577,0,15.1508,66.3664,14.8646,7.96567,7.32841,1.78424,6.68059,0,0.732535,14.0519,8.34723,3.96847,2.10339,1.05989,0.211732,0.100662,0.11106943339109421,0.252141,1.42205,0.303367,0.712938,,,4.31037,-0.0130159,-0.00475058,999,1.49862,-0.506047,1.1876,1.49862,0.506047,3.41654,55.400000000000006,3.693333333333334,57,3.8,,,,,,,,,,,,,,,,,,,"Rolddy Munoz","sa3011575",691548
"Steven Okert","HOU",1.09556,1.15153,0,4.36646,22.0791,0.067238,0.18428,2.98741,2.03463,22.0756,95.136,19.9446,11.6416,10.7102,3.45447,9.47603,0.846263,1.47531,23.6302,9.6338,3.86328,2.49368,1.40835,0.248384,0.0996052,0.14877843111753464,0.236916,1.33272,0.288795,0.723186,,,4.54817,-0.0134602,-0.0864981,999,1.15302,-0.853098,1.07875,1.15302,0.853098,3.56166,103.9,4.722727272727273,101,4.590909090909091,,,,,,,,,,,,,,,,,,,"Steven Okert","13580",595345
"Kirby Snead",,0.53012,0.560758,0,4.90408,6.86343,0,0,0.83817,0.329881,6.97599,32.0914,8.38227,4.13174,3.8012,0.62187,3.149,0.22155,0.259966,5.40144,6.96861,4.06265,1.71529,0.802299,0.168315,0.098126,0.0701884850859642,0.292244,1.65299,0.342485,0.694097,,,4.24279,-0.0142122,-0.0673584,999,1.90678,0.991495,1.29037,1.90678,-0.991495,3.27951,23.7,3.3857142857142857,27,3.857142857142857,,,,,,,,,,,,,,,,,,,"Kirby Snead","19179",669912
"Jairo Iriarte","CHW",1.3689,2.5031,1.12063,4.80768,21.6691,3.32271,0,1.25525,0,38.858,171.746,37.4567,22.5625,20.7575,5.02558,18.6618,0.567968,2.55013,35.4628,8.21361,4.32231,1.90028,1.16399,0.206484,0.10866,0.09782461076974869,0.248826,1.44419,0.294707,0.683664,,,4.66019,-0.0143262,-0.101158,999,1.86513,0.16995,0.694418,1.86513,-0.16995,4.07411,138.90000000000003,3.561538461538462,138,3.5384615384615383,,,,,,,,,,,,,,,,,,,"Jairo Iriarte","26907",683568
"Carson Fulmer","PIT",0.458587,1.3409,0.134465,4.40606,13.8979,1.88329,0,1.03203,0.54806,25.977,114.26,24.2123,13.8232,12.7174,3.23307,12.8114,0.683403,1.64275,22.8512,7.91704,4.43862,1.78367,1.12013,0.199994,0.112125,0.08786896616220474,0.242595,1.42525,0.284576,0.713918,,,4.69436,-0.0144033,0.116365,999,1.96729,-0.25887,1.05063,1.96729,0.25887,3.59916,98.1,3.773076923076923,96,3.6923076923076925,,,,,,,,,,,,,,,,,,,"Carson Fulmer","18311",608334
"José Ureña","NYM",0.655178,1.07413,0.172266,4.5327,11.3609,0.515592,0.0441811,0.642097,0,15.3036,66.4652,15.5604,8.3776,7.70739,1.99452,5.6869,0.130845,0.684498,11.3344,6.66575,3.34445,1.99308,1.17297,0.170532,0.0855621,0.08496983349323273,0.258934,1.38838,0.290086,0.697356,,,4.6285,-0.0149043,0.0306608,999,2.60269,-0.859298,1.21636,2.60269,0.859298,3.37818,49.800000000000004,3.3200000000000003,54,3.6,,,,,,,,,,,,,,,,,,,"Jose Urena","11589",570632
"Kade Strowd","BAL",1.14401,1.34452,0,4.33046,18.3072,0,0,1.34862,0,18.8365,82.5764,18.4529,9.85154,9.06342,2.19568,8.50039,0,0.808809,17.2294,8.23213,4.06145,2.0269,1.04908,0.208648,0.10294,0.10570843517780304,0.251857,1.4309,0.301942,0.716173,,,4.33509,-0.0157672,-0.0479559,999,1.50953,-0.27586,1.10528,1.50953,0.27586,3.52629,77.2,4.063157894736842,77,4.052631578947368,,,,,,,,,,,,,,,,,,,"Kade Strowd","sa3011418",669704
"Jaden Hill","COL",1.65576,1.7854,0,4.88716,31.1667,0,0,2.74584,0.936359,34.1553,151.874,35.7513,20.1597,18.5469,4.44434,13.7623,0.490665,2.96874,31.0982,8.19444,3.62641,2.25966,1.17109,0.204763,0.0906167,0.11414595693349838,0.264544,1.44966,0.314325,0.678051,,,4.50663,-0.0165774,0.0189436,750.7899780273438,2.08909,-0.575449,0.731651,2.08909,0.575449,4.02447,131.80000000000004,3.8764705882352954,141,4.147058823529412,,,,,,,,,,,,,,,,,,,"Jaden Hill","30250",677955
"Scott Blewett","MIN",2.39062,1.50808,0,4.59343,21.8983,0,0,1.26364,0.754917,27.5369,121.056,29.2098,15.2764,14.0543,3.50782,10.3644,1.18341,1.34981,23.6427,7.72726,3.38745,2.28114,1.14648,0.195303,0.0856165,0.10968703031539917,0.267141,1.43714,0.312708,0.700967,,,4.38154,-0.0172977,-0.0680283,999,0.980756,-1.05513,0.860355,0.980756,1.05513,3.85286,101.6,3.6285714285714286,107,3.8214285714285716,,,,,,,,,,,,,,,,,,,"Scott Blewett","16427",656240
"Max Rajcic","STL",0.53829,0.531313,0,4.441,6.435,0,0,0.597386,0,6.6,28.3736,6.71067,3.53993,3.25673,0.92872,1.99079,0,0.466159,5.12426,6.98763,2.71471,2.57399,1.26644,0.180599,0.0701633,0.11043620854616165,0.258933,1.3184,0.291081,0.697387,,,4.55976,-0.0177527,-0.0362987,999,0.878113,-1.00601,1.36561,0.878113,1.00601,3.17918,29.3,4.185714285714286,30,4.285714285714286,,,,,,,,,,,,,,,,,,,"Max Rajcic","sa3020746",691008
"Sam Bachman","LAA",1.45509,2.38597,0.292738,4.48601,21.8829,0.400326,0.00273636,2.23428,0,29.392,128.857,28.8152,15.9243,14.6503,3.3167,12.6471,0.741802,1.86403,23.5086,7.19846,3.8726,1.85882,1.01559,0.182439,0.0981479,0.08429130911827087,0.252,1.41066,0.291343,0.693611,,,4.51491,-0.0181176,-0.0796083,999,2.27559,-0.144762,0.933247,2.27559,0.144762,3.75567,113.30000000000001,3.9068965517241385,117,4.0344827586206895,,,,,,,,,,,,,,,,,,,"Sam Bachman","29754",696147
"Alan Rangel","PHI",0.942597,1.10132,0,4.62228,15.3423,0,0,1.28474,0,16.8111,72.0168,16.4157,9.38476,8.63398,2.6082,5.97048,0.354464,0.710235,15.4013,8.24521,3.19635,2.57957,1.39633,0.213856,0.082904,0.13095247745513916,0.25125,1.33163,0.291748,0.693975,,,4.54332,-0.0188797,-0.00424853,999,1.66937,-0.389978,1.16566,1.66937,0.389978,3.44578,60.300000000000004,3.547058823529412,59,3.4705882352941178,,,,,,,,,,,,,,,,,,,"Alan Rangel","sa877578",660604
"Jose E. Hernandez","LAD",0.286906,0.510126,0,4.496,7.91395,0,0.252535,0.58894,0.226468,8.58725,37.3688,8.06867,4.66284,4.28981,1.18329,4.04244,0.384494,0.268793,8.76815,9.18959,4.23674,2.16903,1.24016,0.234638,0.108177,0.1264614462852478,0.244079,1.41036,0.297989,0.712446,,,4.42185,-0.0189549,-0.0321075,999,1.97049,-0.386581,1.32462,1.97049,0.386581,3.23384,43.500000000000014,4.833333333333335,42,4.666666666666667,,,,,,,,,,,,,,,,,,,"Jose E. Hernandez","22318",669796
"Austin Warren","NYM",0.559034,0.166938,0,4.25534,9.18645,0,0,1.04388,0.138661,10.1815,44.0485,9.84733,5.23257,4.81397,1.25683,4.04911,0.207364,0.523978,8.73052,7.71741,3.57925,2.15616,1.11099,0.198202,0.091924,0.10627836734056473,0.249455,1.36487,0.291321,0.713847,,,4.40373,-0.0190032,0.0213759,999,1.04138,-0.638375,1.30919,1.04138,0.638375,3.25441,42.7,4.2700000000000005,44,4.4,,,,,,,,,,,,,,,,,,,"Austin Warren","24937",681810
"Nate Lavender","TBR",0.986595,1.00718,0,4.15949,16.507,0,0,0.846822,0,16.9302,74.1103,14.7381,8.50497,7.82458,2.09496,9.02682,0,1.07836,17.9803,9.55822,4.7986,1.99188,1.11367,0.242616,0.121803,0.12081316858530045,0.230265,1.4037,0.287804,0.732526,,,4.44168,-0.0203243,-0.0151433,999,1.95128,-2.59979,1.15323,1.95128,2.59979,3.46236,72.20000000000002,4.247058823529413,69,4.0588235294117645,,,,,,,,,,,,,,,,,,,"Nate Lavender","sa3017917",681320
"Jacob Barnes","TOR",1.94643,1.42424,0,4.55875,24.447,0,0,2.26172,0.756795,25.6962,110.82,26.2192,14.1476,13.0158,3.54712,8.74234,0.482468,1.08249,21.679,7.59299,3.06198,2.47977,1.24237,0.195623,0.0788878,0.11673568189144135,0.259609,1.36057,0.299227,0.6939,,,4.42072,-0.0210337,-0.0803148,746.3400268554688,1.17432,-0.049789,0.965802,1.17432,0.049789,3.71226,97.6,3.753846153846154,100,3.8461538461538463,,,,,,,,,,,,,,,,,,,"Jacob Barnes","12323",606930
"Elvis Alvarado","ATH",0.754721,0.869284,0,4.52532,13.7456,0,0,1.26079,0,14.5815,64.1672,13.1614,7.96934,7.3318,1.71806,7.49172,0.303923,1.08177,14.5971,9.00962,4.62403,1.94843,1.06042,0.227486,0.116753,0.11073260754346848,0.236743,1.41639,0.291339,0.695084,,,4.45996,-0.0210422,-0.0193904,999,1.73288,0.378237,1.18134,1.73288,-0.378237,3.42488,62.60000000000001,4.173333333333334,59,3.933333333333333,,,,,,,,,,,,,,,,,,,"Elvis Alvarado","sa919291",665660
"Luis Frías","CLE",0.973564,1.02012,0,4.9783,18.3251,0,0,0.810038,0.993547,19.3794,86.093,19.4543,11.6518,10.7196,2.23179,9.45006,0.278184,0.794413,19.1232,8.88098,4.3887,2.0236,1.03647,0.222122,0.109766,0.11235641688108444,0.256489,1.4915,0.316048,0.669228,,,4.27592,-0.0213184,-0.240608,999,3.57636,-1.14161,1.01019,3.57636,1.14161,3.65308,78.6,4.136842105263158,81,4.2631578947368425,,,,,,,,,,,,,,,,,,,"Luis Frias","21997",666818
"Dakota Hudson","LAA",0.70438,0.939856,0.157671,4.97858,12.0438,0.528751,0,0.816379,0,15.6756,70.0125,16.9249,9.42541,8.67138,1.88413,6.47656,0.186667,0.927747,10.7341,6.16288,3.71845,1.65738,1.08175,0.153317,0.0925058,0.06081148236989975,0.27033,1.49285,0.300876,0.673101,,,4.77652,-0.0217989,-0.0113182,999,3.90652,-1.56055,1.1422,3.90652,1.56055,3.47707,54.60000000000001,3.4125000000000005,59,3.6875,,,,,,,,,,,,,,,,,,,"Dakota Hudson","19206",641712
"Luarbert Arias","MIA",1.33941,1.87238,0,4.48461,25.4095,0,0,1.86165,0,26.9525,117.071,27.0144,14.598,13.4302,3.8254,10.0984,0.729687,1.52645,25.5552,8.53341,3.37204,2.53064,1.27738,0.218288,0.0862583,0.1320299506187439,0.256191,1.37697,0.304855,0.708965,,,4.40919,-0.022445,-0.0475367,999,1.22938,0.0973641,0.966364,1.22938,-0.0973641,3.71151,104.40000000000002,3.8666666666666676,107,3.962962962962963,,,,,,,,,,,,,,,,,,,"Luarbert Arias","sa3007599",678215
"Jose Cuas","PHI",0.346582,0.554818,0,4.57658,10.0262,0.060229,0.0979821,1.11356,0.221208,10.5606,47.1499,10.2474,5.83714,5.37017,1.35519,5.05863,0.346635,1.11252,10.0872,8.59658,4.31108,1.99407,1.15493,0.21394,0.107288,0.10665148496627808,0.250065,1.44935,0.301059,0.706171,,,4.67742,-0.02271,-0.0207166,999,1.86581,-0.624113,1.27562,1.86581,0.624113,3.29917,49.10000000000001,4.463636363636365,48,4.363636363636363,,,,,,,,,,,,,,,,,,,"Jose Cuas","17701",621016
"Jacob Latz","TEX",1.63483,2.42478,0,4.21219,40.5412,0,0,6.53019,2.58923,42.5797,186.803,38.4103,21.6611,19.9282,5.77953,22.7526,1.26841,1.73349,43.1212,9.11444,4.80918,1.89522,1.22161,0.230837,0.1218,0.10903727263212204,0.236637,1.43643,0.287707,0.744313,,,4.63079,-0.0227305,0.0177511,999,2.05718,-0.674504,0.72853,2.05718,0.674504,4.02863,184.59999999999997,4.293023255813953,176,4.093023255813954,,,,,,,,,,,,,,,,,,,"Jacob Latz","21306",656641
"Ky Bush","CHW",0.0918982,1.10192,0.163945,4.99864,2.62996,1.31757,0,0,0,7.71015,34.3471,7.75322,4.65462,4.28225,1.18466,3.80995,0.158861,0.347366,5.82363,6.79788,4.44733,1.52853,1.38284,0.169552,0.110925,0.058627478778362274,0.256816,1.49973,0.283354,0.697506,,,5.27088,-0.0227984,-0.0262281,999,2.17057,-2.71812,1.33062,2.17057,2.71812,3.22583,26.100000000000005,3.2625000000000006,27,3.375,,,,,,,,,,,,,,,,,,,"Ky Bush","29823",681066
"Nick Sandlin","TOR",4.51217,3.29278,0,4.01269,57.701,0.195621,0.096641,11.4179,1.90549,57.4657,244.639,48.1009,27.8493,25.6213,8.31582,25.6187,1.50555,3.69383,62.0764,9.7221,4.01228,2.42309,1.30238,0.253747,0.104721,0.14902669936418533,0.223386,1.28285,0.274505,0.738921,,,4.41749,-0.0228608,0.105892,748.9099731445312,2.15892,0.41367,0.475587,2.15892,-0.41367,4.36588,276.59999999999997,4.852631578947368,259,4.543859649122807,,,,,,,,,,,,,,,,,,,"Nick Sandlin","20517",680704
"Devin Sweet","PHI",1.52582,1.43284,0,4.53365,18.2208,0,0,1.53643,0,19.7172,85.0767,18.3374,10.796,9.9323,2.99593,8.12159,0.404824,1.24076,19.87,9.06976,3.70714,2.44656,1.36751,0.233554,0.095462,0.13809184730052948,0.242192,1.34193,0.290292,0.703491,,,4.55076,-0.0238757,-0.0469011,999,1.33685,-0.546206,1.06918,1.33685,0.546206,3.57442,85.3,4.265,82,4.1,,,,,,,,,,,,,,,,,,,"Devin Sweet","25348",682967
"Sam Long","KCR",2.3914,2.42013,0,4.23469,46.6727,0.261605,0.315804,8.57082,0.612464,51.4245,221.674,48.8594,26.3003,24.1963,6.21524,21.308,1.5225,1.86152,46.5446,8.14595,3.7292,2.18437,1.08775,0.209969,0.0961231,0.11384551972150803,0.246137,1.36447,0.292594,0.713679,,,4.27913,-0.0245459,0.0574636,999,1.93019,-0.0023133,0.62641,1.93019,0.0023133,4.16479,237.20000000000002,4.650980392156863,238,4.666666666666667,,,,,,,,,,,,,,,,,,,"Sam Long","25379",669674
"Chasen Shreve","ATL",0.300647,0.26068,0,4.43039,6.51586,0,0,1.57472,0.236961,7.05375,29.9298,6.46601,3.77426,3.47232,1.00089,2.70816,0.0935601,0.229205,6.39631,8.16117,3.45538,2.36187,1.27706,0.213711,0.0904837,0.12322693318128586,0.239549,1.30061,0.278901,0.694708,,,4.4468,-0.0253244,-0.0291686,999,1.48435,-1.35446,1.37369,1.48435,1.35446,3.16842,34.9,4.985714285714286,33,4.714285714285714,,,,,,,,,,,,,,,,,,,"Chasen Shreve","10855",592741
"Vinny Nittoli","MIL",0.282208,1.24653,0,4.40037,11.444,0,0,1.75327,0,14.9057,63.3388,13.4394,7.92157,7.28784,2.57251,5.4595,0.194207,1.06435,15.3681,9.2792,3.29642,2.81493,1.55327,0.242633,0.0861951,0.1564381644129753,0.236547,1.2679,0.279539,0.717595,,,4.66107,-0.0263415,-0.0115274,999,0.897873,-0.956815,1.27278,0.897873,0.956815,3.30296,60.3,4.02,56,3.7333333333333334,,,,,,,,,,,,,,,,,,,"Vinny Nittoli","16754",657697
"Tyler Gilbert","CHW",1.20255,2.38564,0,4.49991,32.1731,0.65993,0,2.93732,0.211495,39.677,171.55,41.785,21.5632,19.8381,5.66582,12.3689,0.565554,1.93575,33.4497,7.58744,2.80567,2.70433,1.28519,0.194985,0.0721012,0.12288407236337662,0.265732,1.36487,0.305759,0.705095,,,4.41835,-0.0269913,-0.0643032,999,4.33853,-1.58879,0.825812,4.33853,1.58879,3.89892,149,3.725,158,3.95,,,,,,,,,,,,,,,,,,,"Tyler Gilbert","17964",656457
"Nick Anderson","STL",2.04783,1.04153,0,4.19994,23.9827,0,0.573357,2.9609,0.704752,25.131,107.424,24.4617,12.7474,11.7276,3.54818,8.95383,0.517099,0.877372,22.2503,7.96838,3.20658,2.48501,1.27069,0.207126,0.0833504,0.12377588450908661,0.250651,1.32966,0.291298,0.726521,,,4.40477,-0.0277748,0.00192497,750.3099975585938,1.21912,0.219364,1.02936,1.21912,-0.219364,3.62752,104.4,4.176,104,4.16,,,,,,,,,,,,,,,,,,,"Nick Anderson","18337",623433
"Albert Abreu","CIN",0.508388,0.50755,0,4.75613,11.6247,0,0,0.779883,0.13273,12.1563,54.0522,11.7666,6.98272,6.42411,1.80459,6.04776,0.195366,0.86305,11.841,8.76657,4.4775,1.95792,1.33604,0.219066,0.111887,0.10717874020338058,0.249602,1.46544,0.29741,0.708508,,,4.85368,-0.0282159,-0.0284387,999,1.41707,-0.850074,1.21625,1.41707,0.850074,3.37833,40.000000000000014,3.3333333333333344,41,3.4166666666666665,,,,,,,,,,,,,,,,,,,"Albert Abreu","17485",656061
"Jay Jackson",,0.715284,0.74385,0,4.42127,13.863,0,0,0.538032,0,14.8704,63.169,14.2342,7.94036,7.30514,2.4239,5.05387,0.33935,0.607932,14.6579,8.87137,3.05874,2.90033,1.46701,0.232043,0.0800055,0.1520371213555336,0.247521,1.29708,0.292151,0.713935,,,4.45631,-0.0284008,-0.0193904,999,1.29966,-0.132594,1.23129,1.29966,0.132594,3.35827,66,4.4,65,4.333333333333333,,,,,,,,,,,,,,,,,,,"Jay Jackson","7432",543351
"Elvin Rodriguez","MIL",0.35469,0.389879,0,4.38611,9.02909,0,0,0.643953,0,10.0808,43.2038,9.63941,5.34001,4.91281,1.61661,3.76967,0.206533,0.459767,9.48916,8.47183,3.36552,2.51724,1.4433,0.219637,0.0872531,0.13238397985696793,0.247327,1.33017,0.287879,0.723954,,,4.62728,-0.0288404,0.0264145,999,1.87895,-1.00126,1.32146,1.87895,1.00126,3.23805,33.4,3.34,34,3.4,,,,,,,,,,,,,,,,,,,"Elvin Rodriguez","20962",660730
"Parker Mushinski","CLE",0.118424,0.0787886,0,4.76764,10.2379,0,0,1.11631,0,11.7194,51.1896,11.2654,6.74804,6.2082,1.3178,4.88533,0.176869,0.935505,9.64892,7.40996,3.75173,1.97508,1.01201,0.188494,0.095436,0.09305760264396667,0.248306,1.37812,0.289156,0.657262,,,4.47167,-0.0291821,-0.0921602,999,1.7184,-0.228399,1.29164,1.7184,0.228399,3.27781,53.90000000000001,4.491666666666668,53,4.416666666666667,,,,,,,,,,,,,,,,,,,"Parker Mushinski","21324",656786
"Kyle Nicolas","PIT",1.92316,2.07767,0,4.32302,45.1829,0,0.285331,5.79941,0,48.8871,217.334,46.0496,25.5241,23.4822,5.34755,25.2545,0.845109,3.33357,49.7347,9.15604,4.64929,1.96934,0.984471,0.22884,0.116201,0.11263860762119293,0.243976,1.45855,0.30451,0.717358,,,4.30815,-0.0311402,0.0348275,999,2.13835,0.169471,0.610028,2.13835,-0.169471,4.18663,221.50000000000003,4.520408163265307,220,4.489795918367347,,,,,,,,,,,,,,,,,,,"Kyle Nicolas","27775",693312
"Zach Agnos","COL",2.28253,2.35808,0,4.72367,24.0388,0,0,1.42082,0,24.6908,106.582,25.3235,14.0859,12.959,4.01244,8.40041,0,1.008,21.5362,7.85013,3.06202,2.56371,1.46256,0.202062,0.0788162,0.12324599921703339,0.2606,1.36585,0.297536,0.6987,,,4.67775,-0.0315525,0.0779437,999,0.562009,1.58301,0.934198,0.562009,-1.58301,3.7544,91.80000000000001,3.6720000000000006,94,3.76,,,,,,,,,,,,,,,,,,,"Zach Agnos","sa3020560",688642
"Sean Newcomb","BOS",0.441978,0.342167,0,4.92306,4.55476,0.17207,0,0,0,7.062,31.5728,6.27638,4.19887,3.86296,0.917316,4.23315,0.226866,0.512874,6.71329,8.5556,5.39484,1.58589,1.16905,0.212629,0.134076,0.07855318486690521,0.233959,1.48818,0.279173,0.684061,,,4.97002,-0.0316572,-0.0181231,750.4000244140625,1.66563,-0.969075,1.31126,1.66563,0.969075,3.25166,22.900000000000013,3.271428571428573,21,3,,,,,,,,,,,,,,,,,,,"Sean Newcomb","16943",656794
"Dylan Dodd","ATL",0.811661,1.08344,0.0954757,4.45082,17.082,0.130565,0,1.20009,0,20.968,90.2849,22.582,11.2711,10.3694,2.86295,6.0354,0.33913,0.650626,17.1035,7.34126,2.59055,2.83387,1.22885,0.189439,0.0668484,0.12259095907211304,0.270123,1.36481,0.30989,0.704868,,,4.2667,-0.0319337,0.0136388,999,3.17533,-1.50718,1.12944,3.17533,1.50718,3.49407,75.7,3.604761904761905,83,3.9523809523809526,,,,,,,,,,,,,,,,,,,"Dylan Dodd","29928",689266
"Luis Patiño","SDP",0.814825,0.836639,0,4.54914,10.2219,0.419311,0,0.809582,0,12.2886,52.9244,11.5141,6.75152,6.2114,1.62961,5.25654,0.254244,0.393897,10.4329,7.64089,3.84982,1.98474,1.1935,0.197128,0.0993218,0.09780596196651459,0.243562,1.36473,0.280719,0.69149,,,4.57189,-0.0320758,-0.0767386,999,1.05415,-1.51049,1.24434,1.05415,1.51049,3.34088,42.000000000000014,3.5000000000000013,43,3.5833333333333335,,,,,,,,,,,,,,,,,,,"Luis Patino","22815",672715
"Ryan Bergert","SDP",0.474339,0.477967,0.0896857,4.51118,7.78949,0.122647,0,0.453767,0,8.62807,37.1091,8.44598,4.70082,4.32475,1.29478,3.16457,0,0.390932,7.31947,7.63499,3.30098,2.31294,1.35059,0.197242,0.0852773,0.11196426302194595,0.251716,1.34567,0.286743,0.705228,,,4.65692,-0.0327621,-0.0321075,999,1.30599,-0.527353,1.33035,1.30599,0.527353,3.2262,38.500000000000014,4.2777777777777795,37,4.111111111111111,,,,,,,,,,,,,,,,,,,"Ryan Bergert","sa3017418",686701
"Justin King","MIA",0.811375,0.844023,0,4.4526,13.3928,0,0,0.820601,0,13.7362,60.6755,12.7204,7.38672,6.79579,1.733,7.22587,0,0.756727,13.7761,9.02613,4.73439,1.9065,1.13547,0.227046,0.11909,0.10795567184686661,0.241407,1.45209,0.295489,0.716867,,,4.54419,-0.0331582,0.0531908,999,1.01909,-0.835112,1.18558,1.01909,0.835112,3.41923,53.20000000000003,3.800000000000002,52,3.7142857142857144,,,,,,,,,,,,,,,,,,,"Justin King","sa3018278",659381
"Tyler Owens","DET",0.81765,0.828643,0,4.51503,13.3189,0,0,0.821988,0,13.6928,59.4166,13.8737,7.4666,6.86928,1.76836,4.91268,0,0.784083,10.9767,7.21472,3.229,2.23435,1.1623,0.184741,0.082682,0.10205872356891632,0.25826,1.37198,0.295433,0.694009,,,4.49021,-0.0335484,0.014246,999,0.937182,-0.817402,1.2277,0.937182,0.817402,3.36307,50.6,3.6142857142857143,52,3.7142857142857144,,,,,,,,,,,,,,,,,,,"Tyler Owens","sa3011201",687074
"Grant Anderson","MIL",1.12627,1.24388,0,4.71919,23.2506,0,0.216589,1.5067,1.6098,26.0046,112.316,25.408,14.8213,13.6356,4.29487,9.76211,1.1313,1.33752,25.9914,8.99542,3.37859,2.66247,1.48642,0.231413,0.0869164,0.14449626207351685,0.251026,1.35246,0.29766,0.697896,,,4.59505,-0.0346008,-0.13527,999,3.22471,-0.919189,0.97816,3.22471,0.919189,3.69579,105.19999999999999,4.046153846153846,105,4.038461538461538,,,,,,,,,,,,,,,,,,,"Grant Anderson","20546",681982
"Mick Abel","PHI",0.791616,0.799277,0,4.62512,14.9949,0,0,0.790152,0,16.3037,71.8647,15.4615,9.10709,8.37852,2.13511,8.04166,0.11664,0.917726,15.3089,8.4508,4.43916,1.90369,1.17862,0.213023,0.1119,0.10112325102090836,0.24579,1.44158,0.293136,0.701768,,,4.63957,-0.0349289,-0.0578361,999,1.37256,-1.06457,1.13925,1.37256,1.06457,3.481,61.80000000000001,3.8625000000000007,61,3.8125,,,,,,,,,,,,,,,,,,,"Mick Abel","sa3014534",690953
"Victor González","LAA",1.36973,1.29925,0,4.41901,20.1104,0.074651,0.122667,1.06134,0.430635,20.8252,91.9112,20.7521,11.1144,10.2252,2.37092,9.086,0.39893,1.47176,16.5141,7.1369,3.92668,1.81754,1.02464,0.179675,0.0988563,0.08081869781017303,0.255086,1.43279,0.294248,0.706055,,,4.58144,-0.0349725,0.00172895,999,0.840541,-0.586986,1.06949,0.840541,0.586986,3.57401,84.20000000000002,4.00952380952381,87,4.142857142857143,,,,,,,,,,,,,,,,,,,"Victor Gonzalez","16408",624647
"Matt Canterino","MIN",0.533691,0.655806,0,4.29086,5.38187,0,0,0,0,6.85414,30.0177,6.87275,3.55195,3.26779,1.12266,2.91759,0,0.281813,6.60012,8.66645,3.83102,2.26218,1.47414,0.219874,0.0971957,0.12267860025167465,0.256271,1.42838,0.301122,0.759057,,,4.77027,-0.0351261,-0.0427599,999,1.48638,-1.25938,1.33985,1.48638,1.25938,3.21354,26.300000000000015,3.7571428571428593,27,3.857142857142857,,,,,,,,,,,,,,,,,,,"Matt Canterino","sa3011530",683764
"Tommy Henry","ARI",1.52403,1.60185,0.404599,4.44577,20.6946,1.10794,0,0.881613,0,27.6895,121.106,27.9031,14.8673,13.6779,3.57973,11.2894,0.456324,1.33675,24.1363,7.84511,3.66944,2.13796,1.16353,0.1993,0.0932197,0.10608004778623581,0.25722,1.41543,0.301168,0.711662,,,4.47176,-0.0354497,0.0472197,999,3.7338,-0.886341,0.941213,3.7338,0.886341,3.74505,101.2,3.6142857142857143,104,3.7142857142857144,,,,,,,,,,,,,,,,,,,"Tommy Henry","26285",674072
"Adam Cimber",,1.25349,1.19608,0,4.91409,18.8582,0,0.353327,2.13659,0.590285,18.7498,81.4461,18.4735,11.1278,10.2376,2.15537,6.34201,0.569979,2.06882,14.4146,6.91908,3.0442,2.27287,1.03459,0.176983,0.0778676,0.09911540150642395,0.252939,1.32351,0.288993,0.627935,,,4.46906,-0.0360091,-0.113244,999,1.17656,1.21092,1.12103,1.17656,-1.21092,3.50529,81.2,4.273684210526316,81,4.2631578947368425,,,,,,,,,,,,,,,,,,,"Adam Cimber","15288",643256
"Geoff Hartlieb","NYY",0.515203,0.467017,0,4.60074,10.3315,0,0,0.790756,0,11.3533,49.4573,11.25,6.30838,5.80371,1.4859,4.61919,0.472168,0.55009,9.67479,7.66944,3.66174,2.09448,1.17791,0.195619,0.0933976,0.10222174972295761,0.254019,1.39776,0.294745,0.693368,,,4.52952,-0.0366311,-0.0278828,749.1400146484375,1.50786,-2.24452,1.26827,1.50786,2.24452,3.30897,46.50000000000001,4.2272727272727275,48,4.363636363636363,,,,,,,,,,,,,,,,,,,"Geoff Hartlieb","19558",664129
"Joe Jacques","LAD",0.304592,0.574896,0,4.31715,9.02646,0.0531832,0.0506775,0.871218,0,9.65197,42.8696,9.89244,5.03249,4.62989,1.06242,3.84402,0.204945,1.04594,7.51242,7.00497,3.58436,1.95431,0.990654,0.175239,0.0896676,0.08557100594043732,0.260467,1.42318,0.300291,0.710582,,,4.56065,-0.0368298,0.0213759,999,1.39405,-1.18542,1.32559,1.39405,1.18542,3.23255,40.7,4.07,42,4.2,,,,,,,,,,,,,,,,,,,"Joe Jacques","25178",682175
"Cody Bolton","SEA",0.780608,0.887442,0,4.363,24.5011,0,0,1.62101,0,26.9455,117.956,26.0854,14.1984,13.0626,3.5648,12.2548,0.306623,1.20436,25.5499,8.53388,4.09321,2.08489,1.19067,0.216606,0.103893,0.11271233856678009,0.249629,1.42288,0.298753,0.723903,,,4.48841,-0.0374519,-0.103675,999,2.77929,-0.957823,1.00355,2.77929,0.957823,3.66193,104.00000000000003,3.851851851851853,104,3.8518518518518516,,,,,,,,,,,,,,,,,,,"Cody Bolton","23265",675989
"Grant Hartwig","NYM",0.889827,0.190256,0,4.60714,9.26444,0,0,0.185594,0.448321,11.9862,53.9134,11.5139,6.66933,6.13578,1.32945,6.06107,0.213123,1.45864,10.5238,7.90198,4.55104,1.7363,0.998239,0.195199,0.112422,0.0827767476439476,0.248178,1.46627,0.294855,0.694019,,,4.73448,-0.0374759,-0.0766404,999,1.55771,0.131652,1.20909,1.55771,-0.131652,3.38789,46.30000000000001,3.8583333333333343,48,4,,,,,,,,,,,,,,,,,,,"Grant Hartwig","29946",701643
"Royber Salinas","ATL",0.445067,0.141329,0,5.29359,4.21247,0,0,0,0,5.84706,26.5969,5.18778,3.73816,3.4391,0.662197,4.3942,0,0,6.17044,9.49775,6.76371,1.40422,1.01928,0.231998,0.165215,0.0667833685874939,0.233655,1.63877,0.294441,0.675204,,,4.78273,-0.0378923,-0.0815697,999,1.02257,1.06151,1.29996,1.02257,-1.06151,3.26672,19.10000000000001,3.183333333333335,17,2.8333333333333335,,,,,,,,,,,,,,,,,,,"Royber Salinas","sa3009243",683690
"Zach Pop","TOR",1.78463,2.16002,0,4.41065,39.9422,0,0.0434322,7.89475,1.562,39.5062,170.304,39.2855,21.0444,19.3609,4.80569,14.0419,1.13504,2.01347,31.1587,7.09834,3.19891,2.21899,1.0948,0.18296,0.0824518,0.10050779581069946,0.25469,1.34985,0.2915,0.692776,,,4.38964,-0.0391172,-0.0673767,999,1.80022,-0.91949,0.82641,1.80022,0.91949,3.89812,179.1,4.4775,181,4.525,,,,,,,,,,,,,,,,,,,"Zach Pop","20185",647315
"Brandon Hughes","CHC",0.0344361,0.373332,0,5.21752,4.93043,0.184189,0.0865084,0.399782,0.243252,5.33627,23.2845,5.23723,3.36257,3.09357,1.07386,2.16561,0.127256,0.353123,5.70924,9.62905,3.65246,2.63632,1.81115,0.245195,0.0930064,0.15218843519687653,0.252205,1.38727,0.297752,0.684857,,,5.0588,-0.0391294,-0.040515,999,2.56676,-0.0562456,1.37962,2.56676,0.0562456,3.1605,17.7,3.54,18,3.6,,,,,,,,,,,,,,,,,,,"Brandon Hughes","23460",676714
"Ryder Ryan","PIT",0.51488,0.272462,0,5.10974,8.04516,0,0,0.624108,0.505857,9.91795,43.9647,10.3097,6.12055,5.6309,1.34203,4.01232,0.120085,0.781464,7.87243,7.1438,3.64096,1.96207,1.21782,0.179063,0.0912623,0.0878002941608429,0.263197,1.44405,0.299356,0.659113,,,4.78807,-0.0396414,-0.0618369,999,1.58356,0.332346,1.2603,1.58356,-0.332346,3.3196,40.7,4.07,42,4.2,,,,,,,,,,,,,,,,,,,"Ryder Ryan","19891",656924
"J.B. Wendelken","SDP",0.465184,0.443893,0,4.35614,12.0737,0,0,0.504115,0,12.599,54.4994,11.919,6.62837,6.0981,1.75302,5.3121,0.240399,0.605208,11.2021,8.00216,3.79466,2.10879,1.25226,0.205546,0.097471,0.1080750972032547,0.245337,1.36765,0.285344,0.717521,,,4.60604,-0.0398316,-0.0236414,999,1.66505,-0.984017,1.27298,1.66505,0.984017,3.30269,48.39999999999999,3.7230769230769223,47,3.6153846153846154,,,,,,,,,,,,,,,,,,,"J.B. Wendelken","14506",605525
"Connor Phillips","CIN",0.914522,1.63547,0.326405,4.76214,19.2423,0.446365,0,1.00238,0,22.547,101.06,21.693,12.9676,11.9302,3.29744,12.4943,0.145035,1.26068,23.6902,9.45631,4.98729,1.89608,1.31622,0.234418,0.123633,0.11078491061925888,0.248474,1.51626,0.30498,0.717586,,,4.79646,-0.0398959,-0.0144617,999,7.48893,-1.87539,0.95454,7.48893,1.87539,3.72728,89.10000000000001,3.8739130434782614,89,3.869565217391304,,,,,,,,,,,,,,,,,,,"Connor Phillips","27649",683175
"Shintaro Fujinami","SEA",1.32869,1.53005,0.002397,4.68237,19.1782,0.190032,0.184947,1.15522,0.738481,19.9398,87.2023,17.0836,11.276,10.3739,2.36237,10.8591,0.25114,1.23484,21.7808,9.83096,4.90136,2.00576,1.06628,0.249773,0.124528,0.12524522095918655,0.227453,1.40136,0.288849,0.676535,,,4.34157,-0.0402978,-0.145676,999,2.92434,-0.794901,1.02712,2.92434,0.794901,3.6305,91.2,4.5600000000000005,86,4.3,,,,,,,,,,,,,,,,,,,"Shintaro Fujinami","31839",660261
"Hogan Harris","ATH",2.42563,2.6615,0.259131,4.45691,32.6042,1.27949,0,2.01049,0,44.8017,196.138,41.9527,24.1156,22.1863,5.64725,21.4633,0.53846,2.35318,40.6613,8.16826,4.31166,1.89446,1.13445,0.20731,0.10943,0.09788017719984055,0.243456,1.41548,0.28811,0.70799,,,4.58475,-0.0405021,0.00279312,750.97998046875,2.92466,-0.793284,0.613236,2.92466,0.793284,4.18235,171,3.8,168,3.7333333333333334,,,,,,,,,,,,,,,,,,,"Hogan Harris","21520",663687
"Kenny Rosenberg",,0.704138,0.73859,0.0118478,5.11553,4.4591,1.03678,0,0,0,18.4461,81.1053,19.6176,11.3963,10.4846,3.32265,7.24071,0.387712,0.568955,14.9194,7.27931,3.5328,2.06049,1.62115,0.183951,0.0892754,0.0946756973862648,0.26765,1.45604,0.295983,0.696279,,,5.16065,-0.0405057,-0.0388925,999,1.28828,0.298085,1.07743,1.28828,-0.298085,3.56343,50.30000000000001,2.794444444444445,57,3.1666666666666665,,,,,,,,,,,,,,,,,,,"Kenny Rosenberg","20009",670046
"Bailey Horn","DET",1.13529,1.16896,0,4.70695,16.797,0,0,1.98802,1.3799,18.2319,81.2509,17.4952,10.3643,9.53517,2.22528,9.99724,0.816332,0.703736,16.8133,8.29976,4.93505,1.6818,1.09849,0.206931,0.123042,0.08388956636190414,0.247983,1.50793,0.296438,0.702633,,,4.66961,-0.0408899,-0.0642495,999,1.62553,-1.97562,1.04956,1.62553,1.97562,3.60059,73.40000000000002,4.077777777777779,73,4.055555555555555,,,,,,,,,,,,,,,,,,,"Bailey Horn","27753",690544
"Paolo Espino",,0.0201604,0.420159,0,6.59178,1.8849,0.860252,0,0,0,5.60263,25.8607,7.54702,4.4603,4.10348,1.24229,1.71892,0.0703739,0.291067,3.34766,5.37764,2.76126,1.94754,1.99559,0.12945,0.0664686,0.06298133730888367,0.316428,1.65385,0.327336,0.638475,,,5.93025,-0.041149,-0.0448847,999,3.1909,-0.0128689,1.32058,3.1909,0.0128689,3.23923,11.300000000000008,1.8833333333333346,17,2.8333333333333335,,,,,,,,,,,,,,,,,,,"Paolo Espino","8246",502179
"Mike Baumann",,1.92673,0.514841,0,4.65792,21.6331,0.269034,0,3.04228,1.13678,25.1065,110.109,23.8477,14.1237,12.9938,2.9998,11.8143,0.49662,1.38667,23.5764,8.45148,4.2351,1.99558,1.07535,0.214119,0.107297,0.10682238638401031,0.246087,1.42043,0.296423,0.684575,,,4.41905,-0.0413099,-0.0550565,999,1.18737,0.365108,0.911198,1.18737,-0.365108,3.78507,106.69999999999999,4.268,107,4.28,,,,,,,,,,,,,,,,,,,"Mike Baumann","20206",657508
"Logan VanWey","HOU",1.74399,1.72747,0,4.29129,31.4507,0,0,0.810811,0,32.248,140.767,29.5508,16.7132,15.3762,3.99155,15.6716,0,1.70283,31.9658,8.92125,4.37374,2.03973,1.11399,0.227084,0.11133,0.11575344949960709,0.239486,1.40233,0.292322,0.719307,,,4.4094,-0.0421068,-0.0782618,999,0.978233,-0.807615,0.861324,0.978233,0.807615,3.85157,123.60000000000002,3.8625000000000007,122,3.8125,,,,,,,,,,,,,,,,,,,"Logan VanWey","sa3019956",701121
"Orlando Ribalta","WSN",1.27051,1.71572,0,4.98357,26.5831,0,0,2.20684,0.703686,25.6681,116.351,25.2874,15.4491,14.2132,3.07627,13.6523,0,2.71724,24.7471,8.67705,4.7869,1.81267,1.07863,0.212693,0.117337,0.09535599499940872,0.25292,1.51704,0.307811,0.678272,,,4.70948,-0.0439215,-0.147037,999,1.84232,-0.226593,0.854414,1.84232,0.226593,3.86078,97.5,3.75,98,3.769230769230769,,,,,,,,,,,,,,,,,,,"Orlando Ribalta","26247",687377
"Anthony Veneziano","MIA",2.18969,2.57008,0,4.53576,44.024,0,0.0535436,7.11887,0,50.9002,226.753,55.112,27.883,25.6524,6.0198,20.893,0.731788,2.62851,45.2571,8.00219,3.69422,2.16614,1.0644,0.199587,0.0921397,0.10744761675596237,0.271178,1.49322,0.323071,0.712103,,,4.31201,-0.0439854,-0.0565215,999,1.6406,0.248813,0.549103,1.6406,-0.248813,4.26786,206.60000000000002,4.0509803921568635,223,4.372549019607843,,,,,,,,,,,,,,,,,,,"Anthony Veneziano","27453",685107
"Eric Cerantola","KCR",0.380435,0.422166,0,4.58586,13.5379,0,0,1.12472,0,13.9089,62.1504,13.0479,7.70342,7.08715,1.60314,7.65153,0,0.976032,13.2946,8.60252,4.95106,1.73751,1.03734,0.213911,0.123113,0.09079733490943909,0.243782,1.48822,0.296304,0.704199,,,4.61406,-0.0442068,-0.072705,999,1.37793,-0.768574,1.19991,1.37793,0.768574,3.40012,48.20000000000003,3.4428571428571453,47,3.357142857142857,,,,,,,,,,,,,,,,,,,"Eric Cerantola","sa3017914",672021
"Mason Englert","TBR",2.02497,1.58115,0,4.6254,29.5568,0.236836,0,1.46097,0.957812,36.7078,156.924,37.0953,20.5058,18.8654,5.81425,11.1935,0.910162,1.81568,32.3689,7.9362,2.74442,2.89176,1.42554,0.206271,0.0713307,0.1349404826760292,0.257758,1.31549,0.295853,0.691999,,,4.52518,-0.044313,-0.177205,999,2.28795,-1.00385,0.814681,2.28795,1.00385,3.91376,132.8,3.5891891891891894,136,3.675675675675676,,,,,,,,,,,,,,,,,,,"Mason Englert","22288",669438
"Chris Devenski","NYM",1.00262,0.88424,0,4.83692,15.0552,0,0,1.60629,1.2599,16.5255,70.4805,15.9722,9.65368,8.88139,2.96213,5.76613,0.180676,0.65303,15.6652,8.53148,3.14031,2.71677,1.61322,0.222263,0.0818116,0.14045140147209167,0.249326,1.31544,0.28635,0.686965,,,4.76612,-0.0443548,-0.117254,999,1.48904,-0.483441,1.15233,1.48904,0.483441,3.46356,66.30000000000001,3.900000000000001,65,3.823529411764706,,,,,,,,,,,,,,,,,,,"Chris Devenski","12763",606965
"Darren McCaughan","MIN",0.34612,0.227444,0.376618,5.88448,4.20191,2.51863,0.286903,0.113171,0,16.2305,73.4801,19.3495,11.5348,10.612,3.19406,5.82309,0.286638,1.07684,12.2723,6.80512,3.22897,2.10752,1.77114,0.167015,0.0792471,0.08776776492595673,0.290619,1.55094,0.316067,0.658801,,,5.48791,-0.0445335,-0.2143,999,2.55426,0.757791,1.07112,2.55426,-0.757791,3.57184,35.1,2.19375,44,2.75,,,,,,,,,,,,,,,,,,,"Darren McCaughan","20038",670766
"Brendon Little","TOR",2.01768,2.36201,0,3.88652,51.189,0,0.0455406,8.98158,5.63267,51.6906,225.025,48.5645,24.2629,22.3218,5.3334,22.9562,1.28575,3.08487,44.0852,7.6758,3.99698,1.9204,0.928613,0.195912,0.102016,0.0938960537314415,0.244062,1.38363,0.289044,0.737782,,,4.31344,-0.044979,0.259349,999,2.48929,-0.168384,0.777288,2.48929,0.168384,3.96362,241.9,4.651923076923077,241,4.634615384615385,,,,,,,,,,,,,,,,,,,"Brendon Little","21574",663893
"Tayler Scott","HOU",4.10651,2.62976,0,3.91428,57.0871,0.229638,0.577295,12.4411,1.76789,61.1104,264.353,54.5391,28.8893,26.5781,7.6563,28.3556,1.57493,3.62728,61.1011,8.99863,4.17606,2.15481,1.12758,0.231134,0.107264,0.12387008219957352,0.234708,1.35648,0.286547,0.748248,,,4.3656,-0.0457967,0.208956,749.9099731445312,2.45794,0.202548,0.510786,2.45794,-0.202548,4.31895,289.0000000000001,4.737704918032788,280,4.590163934426229,,,,,,,,,,,,,,,,,,,"Tayler Scott","13652",605463
"Sammy Peralta","CHW",0.380268,0.0401895,0,5.02015,4.41773,0,0,0.372936,0,6.50513,29.0152,6.50958,3.94405,3.62852,0.920024,3.57569,0,0,5.80718,8.03438,4.94706,1.62407,1.27288,0.200143,0.123235,0.07690754532814026,0.255885,1.55036,0.298711,0.698086,,,4.86868,-0.0472007,-0.0361111,999,1.91785,-1.36438,1.31746,1.91785,1.36438,3.24339,21.3,3.042857142857143,22,3.142857142857143,,,,,,,,,,,,,,,,,,,"Sammy Peralta","25589",671111
"Xzavion Curry","MIA",0.842834,1.62391,0.156648,4.76882,16.9243,0.928901,0,1.80304,0,22.7658,97.3338,23.5384,13.1118,12.0629,3.85459,6.89971,0.330661,0.647319,16.9762,6.71122,2.72766,2.46043,1.52384,0.174412,0.070887,0.10352541506290436,0.262159,1.33701,0.285455,0.691898,,,4.87072,-0.0502743,-0.00771889,999,1.39102,-0.526791,1.09553,1.39102,0.526791,3.53929,76.6,3.3304347826086955,81,3.5217391304347827,,,,,,,,,,,,,,,,,,,"Xzavion Curry","25595",675540
"Jackson Rutledge","WSN",1.02175,1.84312,0.901176,4.69267,19.7332,1.59096,0,0.892788,0,30.3796,134.279,30.0371,17.2176,15.8401,4.03478,13.6828,0.372594,2.15481,26.1826,7.75665,4.05356,1.91354,1.19531,0.194986,0.101898,0.09308818727731705,0.253602,1.43912,0.29473,0.696126,,,4.73331,-0.0524801,-0.0304095,999,2.2919,-0.558651,0.890398,2.2919,0.558651,3.8128,102.80000000000001,3.426666666666667,106,3.533333333333333,,,,,,,,,,,,,,,,,,,"Jackson Rutledge","26215",671131
"Daniel Bard",,0.92656,1.31556,0,4.65943,14.6793,0,0.000983355,1.10146,0.664186,15.4467,68.8758,13.7901,8.69235,7.99696,1.74088,8.89827,0.373706,1.23769,15.0993,8.79761,5.18458,1.69688,1.01432,0.219225,0.129193,0.09003204107284546,0.234765,1.46882,0.287572,0.691122,,,4.64516,-0.0526656,-0.121545,999,2.04026,0.484617,1.12791,2.04026,-0.484617,3.49612,54.00000000000001,3.6000000000000005,53,3.533333333333333,,,,,,,,,,,,,,,,,,,"Daniel Bard","7115",453268
"Kai-Wei Teng","SFG",0.668647,1.04863,0,5.73359,9.84608,0,0,0,0,19.8736,93.0508,22.5171,13.7617,12.6608,2.14889,10.9822,0.347202,1.71947,17.4214,7.88952,4.97344,1.58633,0.973154,0.187225,0.118024,0.06920093297958374,0.28024,1.68562,0.33512,0.647328,,,4.73629,-0.0532154,-0.357333,999,4.5293,0.24462,0.89942,4.5293,-0.24462,3.80077,58.60000000000001,2.9300000000000006,69,3.45,,,,,,,,,,,,,,,,,,,"Kai-Wei Teng","24282",678906
"Triston McKenzie","CLE",4.11337,6.05873,5.07847,4.77135,26.0589,15.3809,0,0.381045,0,90.329,394.381,83.4467,52.0521,47.8879,15.9317,45.2877,0.576934,2.78925,84.6297,8.43215,4.51227,1.86872,1.58736,0.214589,0.114832,0.09975653141736984,0.240964,1.42517,0.274739,0.720495,,,5.18226,-0.053662,0.15963,514.3300170898438,2.46555,-0.0743241,0.674068,2.46555,0.0743241,4.10124,279.4,3.1044444444444443,268,2.977777777777778,,,,,,,,,,,,,,,,,,,"Triston McKenzie","18000",663474
"Kaleb Ort","HOU",2.43135,3.07265,0,4.23649,52.3529,0.141549,0.666062,11.1943,2.04128,55.955,238.141,51.2301,28.6295,26.3392,8.7928,21.8035,1.53241,2.27813,57.9668,9.32359,3.50695,2.6586,1.41427,0.243414,0.0915571,0.15185698866844177,0.239327,1.30522,0.288102,0.731248,,,4.42852,-0.0550969,-0.0583482,999,1.51382,-0.259799,0.580646,1.51382,0.259799,4.2258,264.10000000000014,4.716071428571431,256,4.571428571428571,,,,,,,,,,,,,,,,,,,"Kaleb Ort","20061",672391
"Yunior Marte",,0.766795,0.732267,0,5.39138,23.4401,0,0.460239,1.5602,0.76992,27.3218,124.351,30.7188,17.7901,16.3669,3.59385,12.8956,0.432547,1.23028,24.1422,7.95262,4.24789,1.87213,1.18384,0.194146,0.103703,0.09044262766838074,0.278691,1.59632,0.32883,0.669317,,,4.66027,-0.0558589,-0.379793,999,3.29333,0.159444,0.81308,3.29333,-0.159444,3.91589,84.00000000000003,3.111111111111112,97,3.5925925925925926,,,,,,,,,,,,,,,,,,,"Yunior Marte","14416",628708
"Connor Gillispie","MIA",1.35282,1.46231,0,4.63049,24.1093,0,0.0358796,2.25822,0,32.3534,140.973,31.5178,18.0932,16.6458,4.77932,13.7517,0.520348,1.55524,29.3589,8.16699,3.82542,2.13492,1.3295,0.208258,0.0975485,0.11070998758077621,0.250806,1.39922,0.292135,0.704442,,,4.69134,-0.056395,-0.0783088,999,1.18647,-0.0594407,0.856312,1.18647,0.0594407,3.85825,110.10000000000001,3.4406250000000003,113,3.53125,,,,,,,,,,,,,,,,,,,"Connor Gillispie","26171",687362
"Carlos Vargas","SEA",1.72138,1.91143,0,3.95008,37.3823,0,0,2.81692,0,38.7924,168.191,37.7623,18.5064,17.0259,4.47012,15.2697,0.699536,2.27308,33.5102,7.7745,3.54262,2.19456,1.03709,0.199239,0.0907876,0.10845140367746353,0.250665,1.36707,0.295489,0.738138,,,4.29349,-0.0564512,-0.0153792,999,1.57456,-0.961439,0.90593,1.57456,0.961439,3.79209,169.60000000000002,4.348717948717949,172,4.410256410256411,,,,,,,,,,,,,,,,,,,"Carlos Vargas","22915",672841
"Brandon Bielak","ARI",0.399163,0.522856,0.11068,4.73355,6.40306,0.772015,0,0.425929,0,13.0151,58.8747,14.6799,7.44053,6.84529,1.76763,5.46817,0.134339,0.852682,9.02615,6.24162,3.78126,1.65067,1.22233,0.153311,0.0928781,0.060433052480220795,0.279331,1.54805,0.309201,0.719021,,,5.002,-0.0570082,0.0574116,999,1.85649,0.337631,1.21362,1.85649,-0.337631,3.38184,32.599999999999994,2.507692307692307,39,3,,,,,,,,,,,,,,,,,,,"Brandon Bielak","19866",656232
"Matt Moore","BOS",2.29578,1.6579,0,4.41249,29.5577,0,0.144062,6.05058,0.973893,30.919,134.291,28.6456,16.477,15.1589,4.58169,14.2886,0.968461,1.38199,29.087,8.46674,4.15917,2.03568,1.33365,0.216598,0.106401,0.11019726097583771,0.241491,1.3886,0.283268,0.72446,,,4.73185,-0.05737,0.0874329,999,2.32716,0.700421,0.846174,2.32716,-0.700421,3.87177,129.49999999999997,4.177419354838709,127,4.096774193548387,,,,,,,,,,,,,,,,,,,"Matt Moore","1890",519043
"Michael Petersen","LAA",1.81948,1.33692,0,4.6192,25.3454,0,0,1.68273,0.304915,27.6185,119.02,25.5048,15.4076,14.175,3.95038,11.3724,0.861104,1.77265,26.2786,8.56339,3.70591,2.31074,1.28731,0.220792,0.0955507,0.1252417042851448,0.240897,1.33524,0.28494,0.684908,,,4.5508,-0.0585087,-0.0315503,999,2.51803,-0.279578,0.929966,2.51803,0.279578,3.76005,111.40000000000006,3.978571428571431,109,3.892857142857143,,,,,,,,,,,,,,,,,,,"Michael Petersen","20827",656848
"Shelby Miller","ARI",3.24329,3.61182,0,4.34704,45.5903,0,0.430889,9.01271,2.132,48.8039,207.991,45.1969,25.6223,23.5725,6.47546,18.0721,1.312,2.7027,46.3814,8.55326,3.33271,2.56646,1.19415,0.222997,0.086889,0.13610806316137314,0.241415,1.29639,0.288193,0.694546,,,4.26767,-0.0595061,0.00977494,999,1.38525,-0.150189,0.619219,1.38525,0.150189,4.17437,236.8,4.83265306122449,232,4.73469387755102,,,,,,,,,,,,,,,,,,,"Shelby Miller","10197",571946
"Blake Walston","ARI",1.64681,1.35133,0.194065,4.3815,20.7368,0.265388,0,0.905861,0,28.9239,126.699,28.4122,15.3056,14.0811,3.17611,12.197,0.446056,1.92088,25.8137,8.03222,3.79523,2.1164,0.988284,0.203741,0.0962677,0.10747308284044266,0.252372,1.404,0.3019,0.699718,,,4.27337,-0.0610759,0.04498,999,1.80073,-0.204109,0.924974,1.80073,0.204109,3.7667,118.90000000000002,4.1000000000000005,120,4.137931034482759,,,,,,,,,,,,,,,,,,,"Blake Walston","26270",686796
"Justin Dunn","CHW",0.013232,0.0582901,0.112211,5.06718,5.2855,0.15345,0,0.616951,0,6.63445,28.9649,6.61591,4.06014,3.73532,1.19537,2.90148,0,0.141286,5.81389,7.88687,3.93602,2.00377,1.62159,0.200722,0.100172,0.10054957121610641,0.255222,1.43454,0.286606,0.695735,,,5.13203,-0.0628167,-0.0362235,999,0.727357,0.249569,1.36017,0.727357,-0.249569,3.18644,28.3,4.042857142857143,29,4.142857142857143,,,,,,,,,,,,,,,,,,,"Justin Dunn","19268",643290
"Jeff Brigham","ARI",0.320136,0.467253,0,4.59692,8.42319,0,0,0.586779,0.352842,9.06314,38.9977,7.80911,5.0317,4.62916,1.50421,4.24847,0.16265,0.56635,9.67098,9.60361,4.21887,2.27634,1.49373,0.247989,0.108942,0.13904700428247452,0.228451,1.3304,0.274035,0.705999,,,4.78371,-0.0633257,-0.0208114,999,0.755884,1.04016,1.32062,0.755884,-1.04016,3.23917,30.200000000000006,3.355555555555556,28,3.111111111111111,,,,,,,,,,,,,,,,,,,"Jeff Brigham","16631",656257
"Max Kranick","NYM",0.900976,0.723363,0,4.47111,27.5626,0,0,1.17989,1.63724,32.5752,139.34,31.7226,17.5903,16.183,4.60947,11.2861,0.739587,1.53712,27.3099,7.54529,3.11818,2.41977,1.27352,0.195995,0.0809973,0.1149979829788208,0.250739,1.32029,0.286617,0.69534,,,4.51023,-0.0651064,-0.0835962,750.47998046875,1.17987,0.151187,0.987175,1.17987,-0.151187,3.68377,118.50000000000004,3.590909090909092,119,3.606060606060606,,,,,,,,,,,,,,,,,,,"Max Kranick","22175",668820
"Tanner Gordon","COL",1.10653,2.96795,1.04886,5.71652,23.2804,2.70887,0,0.758918,0,35.0763,155.127,42.4334,24.2167,22.2794,6.65642,9.29304,0.578632,1.32823,26.466,6.79076,2.38444,2.84794,1.70793,0.170609,0.0599061,0.11070310696959496,0.293646,1.47469,0.321207,0.648701,,,5.03285,-0.0656416,-0.135715,999,3.51439,-0.784885,0.707941,3.51439,0.784885,4.05608,89.7,2.5628571428571427,110,3.142857142857143,,,,,,,,,,,,,,,,,,,"Tanner Gordon","27669",685299
"Yerry Rodríguez",,0.430504,0.0504158,0,6.78147,6.5703,0,0,0,0.0730511,7.93175,36.8838,9.12894,6.49625,5.97655,1.25528,4.19965,0.249034,0.473849,7.24305,8.21855,4.76526,1.72468,1.42434,0.196375,0.113861,0.0825132429599762,0.283417,1.68041,0.332054,0.590461,,,5.16516,-0.0670337,-0.166657,999,2.92199,0.442883,1.19119,2.92199,-0.442883,3.41175,25.500000000000007,3.187500000000001,29,3.625,,,,,,,,,,,,,,,,,,,"Yerry Rodriguez","21955",666720
"José Ruiz","PHI",2.93579,2.1641,0,4.35358,51.6199,0,0.260573,5.61413,0.930694,54.2981,234.507,52.3745,28.5497,26.2657,8.01856,21.7138,0.922036,2.4115,52.8196,8.75493,3.59909,2.43254,1.32909,0.225236,0.0925931,0.13264328986406326,0.248949,1.36447,0.296608,0.724418,,,4.47367,-0.0676856,-0.055489,999,1.94658,-0.212704,0.486769,1.94658,0.212704,4.35097,224.00000000000006,4.148148148148149,224,4.148148148148148,,,,,,,,,,,,,,,,,,,"Jose Ruiz","14552",614179
"Will Smith",,0.681939,1.92498,0,4.8397,24.479,0,1.06012,3.03889,1.33423,24.7714,106.101,24.0759,14.479,13.3207,3.89078,8.87524,0.81903,1.06544,21.6138,7.85278,3.22457,2.43529,1.41361,0.203709,0.0836487,0.12006044387817383,0.250372,1.33021,0.285682,0.671617,,,4.66719,-0.0678732,-0.100608,999,1.0358,-0.033244,1.07529,1.0358,0.033244,3.56628,104.4,4.176,104,4.16,,,,,,,,,,,,,,,,,,,"Will Smith","8048",519293
"Jake Diekman","ATL",1.42385,1.52072,0,4.25096,30.5517,0,0.114777,4.31306,1.83415,31.1472,137.616,26.3456,15.991,14.7117,3.54013,18.5428,0.484863,2.08931,35.5254,10.2651,5.35797,1.91585,1.02292,0.258149,0.134743,0.12340524792671204,0.225207,1.44117,0.292684,0.723662,,,4.35013,-0.0683379,0.0442915,999,2.03359,-0.789982,0.859584,2.03359,0.789982,3.85389,137.6,4.438709677419355,128,4.129032258064516,,,,,,,,,,,,,,,,,,,"Jake Diekman","5003",518617
"Angel Chivilli","COL",2.8458,4.17334,0,4.7049,49.196,0,0.935522,10.3903,3.04272,52.5245,229.412,54.3991,29.8457,27.4581,8.34939,19.4817,0.731327,2.68491,47.9493,8.21603,3.33817,2.46124,1.43066,0.209009,0.0849203,0.12408898770809174,0.262486,1.4066,0.305072,0.708054,,,4.67327,-0.0687129,0.136173,745.969970703125,1.92669,-2.0626,0.47645,1.92669,2.0626,4.36473,228.40000000000006,4.309433962264152,236,4.452830188679245,,,,,,,,,,,,,,,,,,,"Angel Chivilli","26790",683409
"Jared Shuster","CHW",2.59749,3.46773,0.146682,4.79991,37.6016,2.65186,0.318955,3.91138,0.874688,56.5253,247.066,57.2936,32.7677,30.1462,7.95991,23.894,0.28052,1.3904,42.4551,6.75974,3.80442,1.77681,1.26738,0.171837,0.0967108,0.07512593269348145,0.258333,1.43631,0.287883,0.691281,,,4.83692,-0.0689948,-0.16715,999,2.68864,-0.404735,0.472615,2.68864,0.404735,4.36985,200.2,3.512280701754386,206,3.6140350877192984,,,,,,,,,,,,,,,,,,,"Jared Shuster","27472",694363
"Will Klein","SEA",0.83746,0.862845,0,4.72985,21.9739,0,0,1.50255,1.88557,22.7776,101.281,20.0954,13.0114,11.9705,2.13834,13.8422,0.316525,1.06079,23.0049,9.08982,5.46938,1.66195,0.84491,0.227139,0.136671,0.09046868979930878,0.232644,1.48995,0.293248,0.67626,,,4.32979,-0.0702592,-0.205668,999,2.49164,-0.286521,0.977888,2.49164,0.286521,3.69615,102.60000000000002,4.460869565217393,98,4.260869565217392,,,,,,,,,,,,,,,,,,,"Will Klein","27787",694361
"Luis González","BAL",1.0433,0.814129,0,4.31866,26.4149,0,0,1.79119,0,27.6305,118.419,26.6557,14.4115,13.2585,4.23508,10.1979,0.603815,1.16076,26.4021,8.59988,3.32175,2.58896,1.37948,0.222955,0.0861174,0.1368374601006508,0.248978,1.3338,0.293374,0.725708,,,4.48125,-0.0705601,0.00743477,999,2.29191,-1.0804,1.02757,2.29191,1.0804,3.62991,114.80000000000005,4.100000000000002,115,4.107142857142857,,,,,,,,,,,,,,,,,,,"Luis Gonzalez","sa550522",593574
"Noah Murdock","ATH",0.894438,1.26933,0,4.68809,29.4053,0,0,4.01196,0,31.6441,141.646,29.6809,17.9167,16.4834,3.20952,17.3658,0.605787,2.51472,29.0477,8.26155,4.93907,1.67269,0.91283,0.205073,0.1226,0.08247222751379013,0.243755,1.48675,0.295743,0.684553,,,4.53388,-0.0717883,-0.136882,999,3.14978,-0.254864,0.84478,3.14978,0.254864,3.87363,135.9,4.246875,135,4.21875,,,,,,,,,,,,,,,,,,,"Noah Murdock","sa919012",668716
"Andrew Wantz","TBR",0.33587,0.0377409,0,4.21154,6.41659,0.242631,0,1.13302,0.262694,8.78104,36.5978,6.94783,4.46638,4.10907,1.63308,3.7394,0.120091,0.357792,8.94458,9.16762,3.83264,2.39198,1.6738,0.244402,0.102175,0.14222651720046997,0.213775,1.21708,0.242428,0.740496,,,4.94673,-0.0720852,0.0711533,999,0.49961,-2.05481,1.36867,0.49961,2.05481,3.17511,33.80000000000001,3.755555555555557,29,3.2222222222222223,,,,,,,,,,,,,,,,,,,"Andrew Wantz","24933",681806
"Dan Altavilla","CHW",0.461139,1.60568,0,4.93723,16.0942,0.608283,0,1.00651,0,15.5771,69.209,15.3208,9.28837,8.5453,2.38226,7.39202,0.202346,1.16681,15.1319,8.74278,4.2709,2.04706,1.3764,0.218641,0.106807,0.11183355003595352,0.25261,1.45809,0.299948,0.69278,,,4.86012,-0.0732679,-0.0285005,999,1.84147,-0.658685,1.14419,1.84147,0.658685,3.47441,64.80000000000001,4.050000000000001,64,4,,,,,,,,,,,,,,,,,,,"Dan Altavilla","16507",656186
"Casey Legumina","SEA",0.781358,0.584958,0,4.80023,9.6206,0,0,0.784875,0,11.2702,48.586,11.2993,6.53374,6.01104,1.74013,3.89455,0.156511,0.595967,9.68039,7.73046,3.11007,2.48563,1.38961,0.199243,0.0801579,0.11908473819494247,0.256246,1.34815,0.292553,0.678816,,,4.65115,-0.0750621,-0.182823,999,2.21981,-0.415042,1.25235,2.21981,0.415042,3.33019,37.20000000000001,3.3818181818181827,38,3.4545454545454546,,,,,,,,,,,,,,,,,,,"Casey Legumina","25921",668984
"Cam Booser","CHW",2.3775,3.42813,0,4.26578,52.5758,0,0.902004,9.87091,2.18957,54.5861,237.033,51.5223,28.1222,25.8724,7.63074,24.4272,1.10785,2.23787,55.9581,9.22622,4.02749,2.29081,1.25814,0.236077,0.103054,0.1330232173204422,0.244915,1.39137,0.299032,0.7328,,,4.39901,-0.0752183,0.0660068,999,2.82233,-0.628931,0.550691,2.82233,0.628931,4.26575,252.40000000000003,4.58909090909091,250,4.545454545454546,,,,,,,,,,,,,,,,,,,"Cam Booser","16061",592155
"Hunter Strickland","TEX",1.42086,1.48707,0,4.40369,35.4876,0,1.03268,3.79826,1.60751,37.1596,158.918,33.6534,19.7632,18.1822,5.25219,15.1151,0.582563,2.0148,31.055,7.52148,3.66085,2.05457,1.27207,0.195416,0.0951127,0.10030311346054077,0.23735,1.3124,0.269255,0.70035,,,4.71542,-0.0752746,-0.0751885,999,1.90899,0.186869,0.924471,1.90899,-0.186869,3.76737,155.9,4.213513513513513,152,4.108108108108108,,,,,,,,,,,,,,,,,,,"Hunter Strickland","7836",519326
"Tyler Zuber","NYM",1.51795,2.06987,0,4.80878,33.1369,0,0.0469644,2.68566,0,37.0089,161.239,34.259,21.4937,19.7742,5.6639,17.871,0.785886,1.41268,37.0684,9.01446,4.34595,2.07422,1.37737,0.229898,0.110836,0.11906205862760544,0.241337,1.40858,0.288191,0.69312,,,4.71597,-0.0754552,-0.177377,999,1.36769,-0.371282,0.711804,1.36769,0.371282,4.05093,140.6,3.8,136,3.675675675675676,,,,,,,,,,,,,,,,,,,"Tyler Zuber","20379",676604
"Justin Anderson","CHW",1.96449,2.71632,0,4.42107,59.0429,0,7.95629,10.4776,3.64047,60.4562,267.195,56.4808,32.2803,29.6979,7.50447,31.3533,1.05233,3.43328,62.478,9.30098,4.66751,1.9927,1.11718,0.233829,0.117343,0.11648651957511902,0.243024,1.45286,0.30153,0.718419,,,4.4395,-0.0782149,-0.0775997,674.8599853515625,4.15484,-0.717178,0.932047,4.15484,0.717178,3.75727,302,5.033333333333333,298,4.966666666666667,,,,,,,,,,,,,,,,,,,"Justin Anderson","16201",605121
"Génesis Cabrera","NYM",1.61564,1.50248,0,4.33496,34.149,0,0.149912,5.50781,1.51528,34.7563,151.467,32.868,18.1965,16.7408,4.92202,15.8276,1.29093,1.63021,31.7549,8.2228,4.09848,2.00631,1.27453,0.209649,0.104495,0.10515416413545609,0.245267,1.40106,0.28712,0.729559,,,4.68706,-0.0783705,0.0232758,999,1.86288,-1.08258,0.849912,1.86288,1.08258,3.86678,145.7,4.162857142857143,144,4.114285714285714,,,,,,,,,,,,,,,,,,,"Genesis Cabrera","17490",650893
"Roansy Contreras","BAL",1.08691,1.26405,0.328582,4.58495,20.9843,0.68707,0.0606505,1.03486,0.194785,27.8766,119.961,26.4579,15.4364,14.2014,4.05298,11.2174,0.735627,1.16435,24.1068,7.78291,3.62155,2.14906,1.30851,0.200956,0.093509,0.10744720697402954,0.245939,1.3515,0.28211,0.694942,,,4.6595,-0.0794202,-0.0422606,748.6900024414062,1.74265,-1.82297,0.993155,1.74265,1.82297,3.67579,106.4,3.8000000000000003,104,3.7142857142857144,,,,,,,,,,,,,,,,,,,"Roansy Contreras","22810",672710
"Yoendrys Gómez","NYY",1.56785,1.2346,0.253752,4.48371,21.9076,0.347012,0,1.64288,0,30.9777,133.879,27.4522,16.7748,15.4328,4.1928,13.5548,0.38729,2.727,30.3389,8.81441,3.93808,2.23825,1.21814,0.226614,0.101246,0.12536822259426117,0.233442,1.32376,0.280012,0.689647,,,4.54404,-0.0798714,-0.0876691,999,1.82972,0.202121,0.917748,1.82972,-0.202121,3.77634,126.99999999999999,4.096774193548387,120,3.870967741935484,,,,,,,,,,,,,,,,,,,"Yoendrys Gomez","22872",672782
"Lake Bachar","MIA",1.92339,3.3217,0,4.61261,48.5271,0,0.358406,12.3354,0,49.7286,218.28,49.9463,27.7028,25.4865,7.651,21.1075,0.893157,2.12669,47.0235,8.51042,3.82007,2.22782,1.3847,0.215428,0.096699,0.1187286302447319,0.256075,1.42883,0.301311,0.718417,,,4.67705,-0.0802714,-0.110215,999,1.9939,-1.72802,0.548495,1.9939,1.72802,4.26867,214.60000000000002,4.292000000000001,219,4.38,,,,,,,,,,,,,,,,,,,"Lake Bachar","19222",669199
"Juan Nuñez","SDP",0,0.435867,0,4.98454,13.3215,0,0,1.40735,0,13.6631,59.6889,13.4625,8.22514,7.56713,2.12411,6.22929,0,0.237505,12.0085,7.91009,4.10329,1.92774,1.39917,0.201185,0.104363,0.0968218743801117,0.25295,1.44124,0.290063,0.685885,,,4.84962,-0.0815465,-0.0726553,999,1.05117,-1.16839,1.23038,1.05117,1.16839,3.3595,55.2,3.942857142857143,54,3.857142857142857,,,,,,,,,,,,,,,,,,,"Juan Nunez","sa3015464",693725
"Jake Eder","CHW",0.624991,0.660056,0.0702407,4.71105,10.2814,0.0960557,0,0.701723,0,11.6812,52.423,11.4969,6.64623,6.11453,1.50324,5.71483,0.166311,1.21889,10.4167,8.02576,4.40309,1.82276,1.1582,0.198706,0.109014,0.08969191461801529,0.25274,1.47346,0.297704,0.69937,,,4.83666,-0.081588,-0.0767386,999,1.44649,-0.874859,1.22435,1.44649,0.874859,3.36753,38.600000000000016,3.216666666666668,37,3.0833333333333335,,,,,,,,,,,,,,,,,,,"Jake Eder","27590",671109
"Chris Stratton","KCR",2.94617,2.7709,0,4.68114,50.9824,0,1.12054,6.78944,1.71342,55.4278,243.278,54.641,31.3364,28.8295,6.25226,24.8889,0.879993,2.45299,46.2386,7.50792,4.0413,1.8578,1.0152,0.190065,0.102307,0.08775832504034042,0.253043,1.43484,0.296055,0.680923,,,4.44432,-0.0848161,-0.241697,999,1.51705,-0.650133,0.48884,1.51705,0.650133,4.34821,234.2,4.258181818181818,241,4.381818181818182,,,,,,,,,,,,,,,,,,,"Chris Stratton","13761",608717
"Jonathan Hernández","TBR",0.901044,0.894905,0,4.76833,17.3312,0.213207,0.275006,1.32712,1.44051,19.4446,86.3843,18.799,11.1979,10.302,2.37437,9.9764,0.607684,1.02499,17.7081,8.19623,4.6176,1.775,1.09898,0.204992,0.115489,0.08950315415859222,0.249381,1.47987,0.297008,0.690634,,,4.62986,-0.0848772,-0.113119,999,1.86916,-0.251991,1.05562,1.86916,0.251991,3.5925,73.6,3.8736842105263154,76,4,,,,,,,,,,,,,,,,,,,"Jonathan Hernandez","17464",642546
"Jackson Kowar","SEA",0.794383,1.60843,0,4.59145,19.9399,0,0,1.28334,0,22.5053,99.0823,21.6629,12.4797,11.4813,2.84998,10.639,0.409459,1.28992,21.548,8.61715,4.25461,2.02537,1.13972,0.217475,0.107376,0.11009971797466278,0.248561,1.4353,0.299782,0.700137,,,4.48798,-0.0859244,-0.0963782,999,1.45307,-0.503118,1.03539,1.45307,0.503118,3.61948,88.10000000000001,3.830434782608696,88,3.8260869565217392,,,,,,,,,,,,,,,,,,,"Jackson Kowar","21549",663804
"Michael Arias","NYY",0.544853,0.151042,0,5.38137,9.13065,0,0,0.891859,0.603145,9.37532,43.7933,9.16871,6.09325,5.60579,1.14883,7.18173,0,0.160738,8.89798,8.54177,6.89422,1.23897,1.10284,0.203181,0.163991,0.039189741015434265,0.251536,1.74399,0.303736,0.695776,,,5.21081,-0.0891498,-0.133588,999,3.74495,-2.61664,1.1818,3.74495,2.61664,3.42427,31.900000000000013,3.544444444444446,33,3.6666666666666665,,,,,,,,,,,,,,,,,,,"Michael Arias","sa3017036",683522
"Kendall Graveman","ARI",2.43459,2.64019,0,3.93594,42.6878,0,1.18255,8.85219,1.81204,44.3198,193.043,40.5433,21.0676,19.3822,5.2093,20.7125,0.753373,2.81712,42.6573,8.66239,4.20608,2.05949,1.05785,0.220972,0.107295,0.1136777400970459,0.239174,1.38213,0.290462,0.744739,,,4.36223,-0.0926678,0.246716,748.2100219726562,1.23475,-1.06301,0.783333,1.23475,1.06301,3.95556,212.50000000000003,4.829545454545455,210,4.7727272727272725,,,,,,,,,,,,,,,,,,,"Kendall Graveman","15514",608665
"Justin Lawrence","PIT",3.41413,3.91697,0,4.61893,53.3164,0,1.31038,7.37213,4.0761,56.9753,255.144,57.0434,31.7832,29.2406,5.78944,28.1042,1.19801,4.19799,51.343,8.11031,4.43942,1.82688,0.914517,0.201232,0.11015,0.09108148515224457,0.255982,1.49446,0.309301,0.692662,,,4.38601,-0.0936872,-0.134679,999,2.83315,-0.0556289,0.519484,2.83315,0.0556289,4.30735,238.79999999999995,4.189473684210525,246,4.315789473684211,,,,,,,,,,,,,,,,,,,"Justin Lawrence","17639",664875
"Deivi García","MIL",1.13018,2.32114,0,5.16318,15.9506,0,0.372165,0,0.705281,20.4641,91.1973,18.56,12.7609,11.74,2.80209,11.9826,0.612903,1.10404,21.8311,9.60119,5.26986,1.8219,1.23234,0.239383,0.131392,0.10799148678779602,0.237612,1.4925,0.294665,0.667992,,,4.7314,-0.0938557,-0.250758,999,1.35139,-1.23719,0.954014,1.35139,1.23719,3.72798,66.69999999999999,3.3349999999999995,66,3.3,,,,,,,,,,,,,,,,,,,"Deivi Garcia","20276",665620
"Chad Kuhl","ATL",0.0614253,0.448785,0,5.35381,4.02252,0.356465,0.0216985,0.0433422,0.109655,7.66711,35.1109,8.06371,4.95752,4.56092,1.10943,4.16098,0.114978,0.57495,6.26088,7.3493,4.88435,1.50466,1.3023,0.178317,0.11851,0.059807389974594116,0.265472,1.59443,0.302298,0.680989,,,5.26748,-0.0951049,-0.0754605,999,3.47168,-2.19663,1.30032,3.47168,2.19663,3.26624,23.100000000000005,2.8875000000000006,24,3,,,,,,,,,,,,,,,,,,,"Chad Kuhl","14975",641771
"Zach Brzykcy","WSN",1.63378,2.06168,0,4.74633,41.6751,0,0,3.28502,0,43.7707,189.335,40.8771,25.0906,23.0833,6.16273,19.1363,0.97033,1.94911,43.5491,8.95444,3.93475,2.27573,1.26716,0.230011,0.101071,0.1289396584033966,0.242955,1.37109,0.292855,0.679623,,,4.45212,-0.0955076,-0.209344,750.719970703125,2.77595,-0.761686,0.640528,2.77595,0.761686,4.14596,182.20000000000002,4.1409090909090915,179,4.068181818181818,,,,,,,,,,,,,,,,,,,"Zach Brzykcy","27783",694350
"Mike Vasil","TBR",1.54088,2.0728,0.121494,4.66162,29.5618,0.166145,0,3.04761,0,36.3576,158.153,37.0851,20.4693,18.8317,5.0821,13.1712,0.759516,2.09638,30.3466,7.51203,3.26041,2.30401,1.25803,0.191881,0.0832812,0.10859985649585724,0.259544,1.38228,0.297822,0.690452,,,4.57407,-0.0971194,-0.128352,999,4.62258,-1.39626,0.805788,4.62258,1.39626,3.92562,135.70000000000005,3.7694444444444457,142,3.9444444444444446,,,,,,,,,,,,,,,,,,,"Mike Vasil","sa3017915",678024
"Matt Bowman","BAL",0.754053,0.486173,0,4.6231,12.279,0.183494,0,1.46684,0,14.0828,61.2792,13.5757,7.86306,7.23402,2.02655,5.95442,0.630557,0.768104,11.7247,7.49297,3.80534,1.96907,1.29513,0.191332,0.0971688,0.09416314959526062,0.248837,1.38681,0.28303,0.698922,,,4.80419,-0.0980892,-0.101767,999,1.76547,0.660392,1.21078,1.76547,-0.660392,3.38562,49.6,3.542857142857143,51,3.642857142857143,,,,,,,,,,,,,,,,,,,"Matt Bowman","13528",621199
"Dany Jiménez","ATL",0.448715,1.20322,0,4.49358,11.0261,0,0.908496,2.47877,0.827084,11.634,49.8958,8.74434,6.31378,5.80868,1.90661,6.73719,0.362249,0.55945,11.8378,9.15772,5.21187,1.75709,1.47495,0.237251,0.135025,0.10222601890563965,0.20527,1.33072,0.236971,0.715544,,,5.14346,-0.0987855,0.036837,999,0.687529,0.174474,1.29257,0.687529,-0.174474,3.27658,53.80000000000002,4.483333333333335,47,3.9166666666666665,,,,,,,,,,,,,,,,,,,"Dany Jimenez","21170",666204
"Gus Varland","CHW",2.56579,2.39959,0,4.53521,54.84,0,3.70483,8.11868,2.36177,59.353,262.121,62.2321,32.5095,29.9087,7.83619,23.8944,1.62799,3.27691,55.5461,8.42273,3.62322,2.32465,1.18824,0.21191,0.0911579,0.12075235694646835,0.264875,1.45109,0.317053,0.713412,,,4.38448,-0.0992381,-0.233286,750.6400146484375,6.96979,-1.84778,0.639395,6.96979,1.84778,4.14747,260.00000000000006,4.40677966101695,274,4.6440677966101696,,,,,,,,,,,,,,,,,,,"Gus Varland","24737",681402
"Christian Roa","MIA",0.898867,1.39319,0,4.81065,9.75015,0,0,0,0,15.7782,73.3932,17.1117,9.1671,8.43373,2.10495,9.29248,0.365742,1.07437,15.6372,8.91952,5.30048,1.68278,1.20067,0.21306,0.126612,0.08644771575927734,0.2715,1.67345,0.331389,0.734829,,,4.88977,-0.100006,-0.0390712,999,4.72788,-0.747025,1.04819,4.72788,0.747025,3.60242,51.60000000000001,3.2250000000000005,56,3.5,,,,,,,,,,,,,,,,,,,"Christian Roa","sa3014477",685005
"James Kaprielian",,0.680282,0.982863,0.487159,5.52441,2.78511,2.13511,0,0,0.0202789,12.1066,55.2189,12.672,8.07754,7.43134,2.33158,6.69545,0.0927407,0.621079,9.10693,6.77003,4.97735,1.36017,1.73328,0.164924,0.121253,0.04367118328809738,0.264538,1.59974,0.28358,0.701096,,,5.97868,-0.100529,-0.0776511,999,2.25947,0.650574,1.14325,2.25947,-0.650574,3.47566,24.400000000000013,2.0333333333333345,28,2.3333333333333335,,,,,,,,,,,,,,,,,,,"James Kaprielian","18331",621076
"Diego Castillo","COL",0.629576,1.57513,0,4.72254,24.038,0,0.673018,1.61529,0.539688,26.2786,118.354,25.0912,14.9881,13.7891,3.32102,15.3885,0.513328,1.40365,21.036,7.2045,5.27033,1.36699,1.1374,0.177738,0.130021,0.04771679639816284,0.247053,1.54041,0.281979,0.711454,,,5.12541,-0.102664,0.0411251,999,2.09913,-0.0933254,0.968132,2.09913,0.0933254,3.70916,97.5,3.75,98,3.769230769230769,,,,,,,,,,,,,,,,,,,"Diego Castillo","17496",650895
"Jimmy Lambert",,0.463219,0.497091,0,4.95289,7.919,0.201015,0.000929829,1.00408,0.0220381,9.20021,41.2458,9.2479,5.50334,5.06308,1.72396,4.76584,0.234167,0.459382,8.93163,8.73727,4.66213,1.87409,1.68645,0.216547,0.115548,0.10099927335977554,0.25674,1.5232,0.296628,0.733643,,,5.36468,-0.104524,-0.13333,999,0.871365,0.430727,1.25542,0.871365,-0.430727,3.3261,25.60000000000001,2.8444444444444454,26,2.888888888888889,,,,,,,,,,,,,,,,,,,"Jimmy Lambert","19541",669424
"Rafael Montero","HOU",1.85917,1.88697,0,4.47158,41.0317,0,1.1134,7.05986,1.6147,42.2458,183.928,40.7288,22.8147,20.9895,5.81078,17.878,0.523744,2.38557,39.2975,8.37189,3.80871,2.19809,1.23792,0.213657,0.0972013,0.11645583808422089,0.248856,1.38728,0.294528,0.709152,,,4.53315,-0.110158,-0.174592,999,1.62932,-0.161537,0.728875,1.62932,0.161537,4.02817,181.4,4.319047619047619,183,4.357142857142857,,,,,,,,,,,,,,,,,,,"Rafael Montero","12760",606160
"Lucas Sims","WSN",2.85668,3.77848,0,4.41783,52.2914,0,0.650588,14.3086,2.78568,52.7307,230.362,45.1216,28.1347,25.8839,7.50366,28.0068,0.739151,3.78757,54.8071,9.3544,4.78016,1.95692,1.28071,0.237917,0.121577,0.11633983999490738,0.227235,1.38683,0.276081,0.718483,,,4.74652,-0.111712,-0.0353849,743.3800048828125,1.35728,-1.7182,0.472888,1.35728,1.7182,4.36948,251.80000000000007,4.7509433962264165,236,4.452830188679245,,,,,,,,,,,,,,,,,,,"Lucas Sims","13470",608371
"Griff McGarry","PHI",0.526529,0.779153,0,4.92507,11.7032,0,0,0.724707,0,12.4807,59.4889,11.4802,7.42368,6.82979,1.42387,10.9713,0,0.718634,13.1971,9.51667,7.91157,1.20288,1.02678,0.221842,0.184426,0.03741618990898132,0.240178,1.79891,0.303104,0.734567,,,5.34472,-0.119841,-0.0687277,999,2.18621,-0.589366,1.10844,2.18621,0.589366,3.52208,41.90000000000001,3.4916666666666676,41,3.4166666666666665,,,,,,,,,,,,,,,,,,,"Griff McGarry","sa3017130",676046
"Eric Orze","TBR",1.09298,1.25946,0,4.43418,20.5716,0,0,1.7812,0,21.3058,93.6437,19.2769,11.4099,10.4971,3.11064,9.65505,0.307108,2.71181,22.0195,9.30148,4.07848,2.28062,1.31399,0.235142,0.103104,0.1320374459028244,0.237175,1.35793,0.287928,0.712943,,,4.73881,-0.119851,-0.00661534,999,1.57138,-1.22377,1.07372,1.57138,1.22377,3.56837,82.1,3.9095238095238094,79,3.761904761904762,,,,,,,,,,,,,,,,,,,"Eric Orze","27626",679358
"Lucas Gilbreath","COL",1.80321,2.22463,0,5.01313,43.3935,0,0.00159798,3.75715,0.336685,44.2575,202.843,45.4468,26.7958,24.6521,6.00608,22.0018,0.686904,6.60543,40.5627,8.24863,4.47417,1.84361,1.22137,0.19997,0.108467,0.09150359779596329,0.260834,1.524,0.308933,0.688563,,,5.03679,-0.13157,-0.0764836,999,2.26338,0.477774,0.528348,2.26338,-0.477774,4.29554,145.8,3.313636363636364,153,3.477272727272727,,,,,,,,,,,,,,,,,,,"Lucas Gilbreath","21290",656458
"Giovanny Gallegos","LAD",1.69317,2.11751,0,4.6855,27.8063,0,0.677831,3.74218,2.11186,29.2225,124.281,28.2383,16.5365,15.2136,5.15772,10.141,0.307913,0.923478,28.6343,8.81885,3.12323,2.82363,1.58848,0.230401,0.0815973,0.14880359917879105,0.24942,1.31335,0.2906,0.701023,,,4.63709,-0.132033,-0.194228,999,1.70602,-0.627161,0.928547,1.70602,0.627161,3.76194,126.30000000000003,4.355172413793104,126,4.344827586206897,,,,,,,,,,,,,,,,,,,"Giovanny Gallegos","14986",606149
"Dylan Covey","ATL",0.811798,0.871212,0,4.78252,12.2822,0,0,0,0.787554,17.5465,77.6764,18.7398,10.1349,9.32408,2.457,6.97985,0.373915,0.896395,12.6448,6.4858,3.58012,1.81162,1.26025,0.162788,0.089858,0.07293029129505157,0.268477,1.46579,0.297683,0.6995,,,4.89218,-0.136249,-0.045997,999,1.74201,-0.161164,1.12212,1.74201,0.161164,3.50385,61.200000000000024,3.4000000000000012,66,3.6666666666666665,,,,,,,,,,,,,,,,,,,"Dylan Covey","14825",592229
"Scott McGough","ARI",0.745134,1.5474,0,4.8253,19.1802,0.13397,0.886315,2.44628,1.43515,20.6322,90.4978,19.9681,12.0237,11.0618,3.10382,9.70506,0.417518,0.78507,19.7204,8.60226,4.23346,2.03197,1.35392,0.21791,0.107241,0.11066897213459015,0.249577,1.4382,0.294915,0.696841,,,4.73584,-0.139417,-0.0820282,999,2.4924,-0.828292,1.06424,2.4924,0.828292,3.58101,86.5,4.119047619047619,86,4.095238095238095,,,,,,,,,,,,,,,,,,,"Scott McGough","12056",543518
"Matt Sauer","LAD",0.414213,0.452729,0,5.13446,15.9201,0,0,1.10156,0,16.9803,75.3392,17.5737,10.5295,9.68716,2.83585,7.00625,0,1.34668,13.1335,6.9611,3.7135,1.87454,1.50308,0.174325,0.0929961,0.08132855594158173,0.262348,1.44756,0.288881,0.681736,,,5.26644,-0.140643,-0.218561,999,2.22296,-2.5157,1.13405,2.22296,2.5157,3.48794,48.10000000000001,2.829411764705883,52,3.0588235294117645,,,,,,,,,,,,,,,,,,,"Matt Sauer","22284",669422
"Owen White","CHW",0.135577,1.60259,0.0466622,5.75303,12.8329,0.0638116,0,0.776645,0,16.1144,72.7879,18.0761,11.1965,10.3008,2.39125,6.9601,0.209029,0.858733,12.3447,6.89461,3.88726,1.77365,1.33553,0.169599,0.0956216,0.07397725433111191,0.278226,1.55365,0.312242,0.638115,,,5.01906,-0.141555,-0.269905,999,2.03097,-0.379949,1.09045,2.03097,0.379949,3.54607,51.000000000000014,3.187500000000001,58,3.625,,,,,,,,,,,,,,,,,,,"Owen White","22273",669391
"Tyler Matzek","NYY",0.843559,0.896935,0,4.71324,25.8077,0,0,3.87257,0,27.5978,119.751,25.5204,15.7095,14.4528,3.97776,12.7604,0.460812,1.16055,25.7996,8.41361,4.16135,2.02184,1.2972,0.215444,0.106558,0.1088859811425209,0.241146,1.3871,0.28326,0.690002,,,4.6838,-0.142241,-0.145311,999,2.18877,-0.136475,0.963219,2.18877,0.136475,3.71571,116.40000000000006,4.157142857142859,114,4.071428571428571,,,,,,,,,,,,,,,,,,,"Tyler Matzek","10058",554431
"Guillo Zuñiga","PHI",0.622009,0.679497,0,5.11858,16.5992,0,0.180587,1.26392,0,18.2144,79.874,17.9226,11.2599,10.3591,3.1217,7.97877,0.815548,0.96875,15.0152,7.41925,3.94243,1.8819,1.54248,0.187986,0.099892,0.08809434622526169,0.252693,1.42203,0.280376,0.680021,,,5.21949,-0.148374,-0.153459,999,0.890728,-0.120947,1.10374,0.890728,0.120947,3.52835,56.500000000000014,3.1388888888888897,58,3.2222222222222223,,,,,,,,,,,,,,,,,,,"Guillo Zuniga","19588",670871
"Dominic Leone",,0.360351,1.17205,0,4.87742,14.6493,0,0.257668,2.03658,1.28955,15.0443,66.2233,14.2086,8.86199,8.15303,2.73616,7.65128,0.571515,0.584639,14.6118,8.7413,4.57726,1.90972,1.63686,0.220645,0.115538,0.10510709136724472,0.245029,1.45304,0.282299,0.720933,,,5.23066,-0.150158,-0.121545,999,2.11316,0.188654,1.17316,2.11316,-0.188654,3.43579,48.699999999999996,3.2466666666666666,47,3.1333333333333333,,,,,,,,,,,,,,,,,,,"Dominic Leone","13763",608678
"Amos Willingham","ATL",1.14942,1.40357,0,4.68321,20.3895,0,0,0.997281,0,22.8392,99.8584,24.1452,12.918,11.8845,3.57673,8.34609,0.652625,0.905038,19.6175,7.73046,3.28885,2.3505,1.40944,0.196453,0.0835792,0.11287403851747513,0.266482,1.42261,0.305111,0.712174,,,4.69962,-0.150286,-0.0813388,999,1.59183,-2.5459,1.01474,1.59183,2.5459,3.64701,75.6,3.28695652173913,80,3.4782608695652173,,,,,,,,,,,,,,,,,,,"Amos Willingham","26128",686294
"Dylan Coleman","BAL",0.39857,0.767944,0,4.92168,14.416,0,0,1.80457,0.359779,14.4519,66.4026,12.4613,8.59029,7.90307,1.74604,10.6958,0.239069,1.19039,15.1079,9.40854,6.66086,1.41251,1.08735,0.22752,0.161075,0.0664452314376831,0.228579,1.60236,0.284509,0.703281,,,5.11371,-0.153068,-0.2064,999,1.49502,-0.131229,1.12002,1.49502,0.131229,3.50664,49.800000000000026,3.557142857142859,46,3.2857142857142856,,,,,,,,,,,,,,,,,,,"Dylan Coleman","22276",669395
"John Curtiss","ARI",0.617151,0.723343,0,5.17319,16.5365,0.195847,0,1.23767,0.325414,17.6851,77.1199,19.2937,11.0493,10.1654,3.33427,5.74192,0.258576,0.620553,13.9146,7.08118,2.92208,2.42334,1.69682,0.180428,0.0744545,0.10597383230924606,0.272675,1.41564,0.29826,0.686693,,,5.12314,-0.155983,-0.141749,999,1.23114,0.300529,1.11396,1.23114,-0.300529,3.51472,57.90000000000001,3.2166666666666672,62,3.4444444444444446,,,,,,,,,,,,,,,,,,,"John Curtiss","16128",595928
"Bryan Shaw","CIN",1.07435,1.34378,0,5.29417,18.3693,0,0.0706201,1.69053,1.79404,18.9931,86.7673,19.9227,12.1441,11.1725,2.91189,10.3897,0.850416,1.18495,15.6299,7.40633,4.92325,1.50436,1.37982,0.180136,0.119743,0.0603933185338974,0.264956,1.59597,0.300275,0.692504,,,5.34194,-0.163655,-0.132549,999,0.815365,-0.661615,0.968696,0.815365,0.661615,3.7084,58.69999999999999,3.089473684210526,63,3.3157894736842106,,,,,,,,,,,,,,,,,,,"Bryan Shaw","8110",543766
"Thaddeus Ward","BAL",1.06666,1.02626,0.0751222,4.93981,14.0269,0.102731,0,1.01582,0,15.848,72.2332,15.4802,9.45483,8.69845,2.083,9.4681,0.358723,1.16727,13.3919,7.60521,5.37689,1.41443,1.18293,0.185398,0.131077,0.05432170629501343,0.251311,1.57422,0.290467,0.703223,,,5.19836,-0.171797,-0.101345,999,1.87421,-1.55394,1.06969,1.87421,1.55394,3.57375,54.80000000000001,3.4250000000000007,54,3.375,,,,,,,,,,,,,,,,,,,"Thaddeus Ward","21513",663658
"Adam Oller","MIA",1.75683,2.41781,0.319717,5.98092,11.0665,4.5782,0,0,0.123051,35.0002,158.684,37.5972,25.2818,23.2592,6.38122,17.4097,0.474017,1.82662,27.2245,7.00055,4.47676,1.56375,1.64088,0.171564,0.109713,0.061851128935813904,0.269615,1.57162,0.29493,0.645172,,,5.62978,-0.179896,-0.304381,999,5.02894,-0.0561361,0.601362,5.02894,0.0561361,4.19818,83.39999999999999,2.3828571428571426,94,2.6857142857142855,,,,,,,,,,,,,,,,,,,"Adam Oller","20132",670124
"John McMillon","PHI",2.3074,1.93805,0,4.44869,22.2303,0,0.163411,3.3733,0.462028,23.8818,107.419,20.7692,12.8312,11.8047,3.47255,16.4886,0,0.665341,26.1141,9.84124,6.21384,1.58376,1.30865,0.243104,0.153498,0.08960607647895813,0.23009,1.56009,0.285053,0.753994,,,5.02467,-0.181295,-0.0359574,999,4.13824,-1.50271,0.854802,4.13824,1.50271,3.86026,99.10000000000002,4.129166666666667,94,3.9166666666666665,,,,,,,,,,,,,,,,,,,"John McMillon","27942",669111
"Connor Brogdon","LAA",0.981536,1.17505,0,4.82791,17.4538,0.0658162,0,1.17588,0.0862869,19.3906,84.4325,18.9471,11.3063,10.4018,3.96546,8.25243,0.203654,0.806244,19.3066,8.96103,3.8303,2.33951,1.84054,0.228664,0.09774,0.13092364370822906,0.251376,1.40272,0.287547,0.73417,,,5.2352,-0.183864,-0.104473,999,1.9777,-0.0679575,1.06034,1.9777,0.0679575,3.58621,56.99999999999999,2.9999999999999996,58,3.0526315789473686,,,,,,,,,,,,,,,,,,,"Connor Brogdon","21205",641401
"George Soriano","MIA",1.08321,1.91716,0,4.7812,31.033,0.0827373,0.273618,3.46327,2.09132,40.4721,177.863,39.0844,23.3701,21.5005,6.07387,17.7885,0.871024,3.21664,38.9658,8.66504,3.95574,2.1905,1.35068,0.219077,0.100012,0.11906477808952332,0.24917,1.40524,0.295215,0.692642,,,4.74891,-0.184485,-0.147538,999,2.48892,-0.350687,0.72287,2.48892,0.350687,4.03617,147.79999999999998,3.6949999999999994,149,3.725,,,,,,,,,,,,,,,,,,,"George Soriano","21863",666277
"Evan Justice","COL",0.927214,1.64076,0,5.46183,31.2239,0,0,1.49724,0,30.2968,143.13,30.7567,19.985,18.3862,3.43251,21.9955,0.366656,2.21408,30.2925,8.9987,6.53399,1.37721,1.01966,0.211643,0.153675,0.05796824395656586,0.258632,1.74118,0.320723,0.683408,,,5.03685,-0.187238,-0.195224,999,3.24727,0.0842567,0.68203,3.24727,-0.0842567,4.09063,96.5,3.216666666666667,103,3.433333333333333,,,,,,,,,,,,,,,,,,,"Evan Justice","30008",687145
"Alex Faedo","TBR",2.90127,3.15995,0.656644,4.32648,40.5228,3.16098,0,9.16078,1.08021,57.04,243.222,51.4496,29.8046,27.4203,9.60614,23.4035,0.792155,2.38284,53.9847,8.51793,3.69271,2.30669,1.5157,0.221956,0.0962229,0.12573353201150894,0.23662,1.31229,0.271984,0.733635,,,4.81917,-0.188488,0.128853,999,1.67754,0.43793,0.512233,1.67754,-0.43793,4.31702,235.19999999999996,4.126315789473684,224,3.9298245614035086,,,,,,,,,,,,,,,,,,,"Alex Faedo","19874",656412
"Jordan Leasure","CHW",1.30983,2.89631,0,4.92264,45.8624,0,3.42818,11.9208,5.15552,47.4073,208.359,45.1802,28.1847,25.9299,7.41812,23.1729,0.82564,2.05048,45.168,8.57488,4.39925,1.94917,1.40829,0.21678,0.111217,0.10556335747241974,0.246704,1.44183,0.289255,0.692944,,,4.89132,-0.197156,-0.360429,741.2899780273438,2.7039,-0.840221,0.731964,2.7039,0.840221,4.02405,222.70000000000005,4.738297872340427,222,4.723404255319149,,,,,,,,,,,,,,,,,,,"Jordan Leasure","29950",673929
"Victor Mederos","LAA",0.823478,2.65053,0.00720685,5.3818,19.2822,0.00985552,0,1.83298,0.891203,23.5328,107.416,25.3287,15.2958,14.0721,3.43153,11.7499,0.328718,1.85647,18.5613,7.09865,4.49369,1.57969,1.31237,0.172799,0.109387,0.06341125816106796,0.270002,1.57561,0.304905,0.674925,,,5.21921,-0.227624,-0.242459,999,4.2116,-1.18358,0.894538,4.2116,1.18358,3.80728,79.70000000000002,3.320833333333334,85,3.5416666666666665,,,,,,,,,,,,,,,,,,,"Victor Mederos","31533",682989
"Roddery Muñoz","STL",0.839008,1.78541,0.559586,5.3422,15.2825,1.94276,0,0.637703,0,26.1223,116.431,26.4546,16.854,15.5056,4.93782,12.4547,0.389131,1.50602,22.2721,7.67345,4.29106,1.78824,1.70124,0.191289,0.106971,0.08431880921125412,0.258167,1.4895,0.285896,0.689308,,,5.52192,-0.232873,-0.235592,999,5.02785,-0.893959,0.875369,5.02785,0.893959,3.83284,69.30000000000001,2.6653846153846157,71,2.730769230769231,,,,,,,,,,,,,,,,,,,"Roddery Munoz","25311",682610
"Michael Mercado","PHI",1.9297,1.7142,0.40058,5.17463,22.2757,0.682327,0,0.7508,0,30.041,133.789,30.5377,18.7743,17.2724,5.38212,14.2608,0.159497,1.57118,26.6036,7.97017,4.27238,1.86551,1.61243,0.198847,0.106591,0.09225578606128693,0.258888,1.49124,0.292604,0.698382,,,5.30543,-0.242732,-0.263803,999,1.94912,0.569885,0.732243,1.94912,-0.569885,4.02368,89.9,2.996666666666667,95,3.1666666666666665,,,,,,,,,,,,,,,,,,,"Michael Mercado","23223",675650
"Brent Honeywell",,0.768688,1.30336,0,4.34161,16.381,0.498979,0.41676,1.36947,0.660328,25.9778,111.935,25.2973,13.6214,12.5317,4.0424,9.6032,0.257246,1.43913,17.9081,6.20427,3.32702,1.86481,1.40049,0.159987,0.0857926,0.07419434934854507,0.250735,1.34347,0.269246,0.72771,,,5.08588,-0.248249,-0.047072,999,0.54901,-0.480685,1.12036,0.54901,0.480685,3.50619,85.19999999999999,3.2769230769230764,85,3.269230769230769,,,,,,,,,,,,,,,,,,,"Brent Honeywell","16466",641703
"Anthony Maldonado","ATH",2.24022,2.66578,0,4.95998,26.2885,0.257579,0.0265463,0,0.436887,32.4961,143.933,33.308,19.4662,17.9089,5.85878,16.0611,3.23336,0,28.4511,7.87971,4.44821,1.77143,1.62263,0.197669,0.111587,0.08608199656009674,0.26048,1.51923,0.293381,0.726384,,,5.24197,-0.255407,-0.238396,999,2.08713,0.594989,0.688252,2.08713,-0.594989,4.08233,85.2,2.6625,90,2.8125,,,,,,,,,,,,,,,,,,,"Anthony Maldonado","26034",687424
"Nick Nastrini","CHW",2.14687,7.61648,2.11329,5.68641,16.7958,11.4542,0,0.296782,0,63.5625,286.869,60.9858,43.6525,40.1603,11.5777,37.9468,0.534562,2.96999,54.6716,7.74111,5.373,1.44074,1.63932,0.19058,0.132279,0.05830107629299164,0.247957,1.55646,0.274942,0.668249,,,5.74532,-0.260491,-0.457875,999,3.76648,-0.337678,0.753502,3.76648,0.337678,3.99533,154.4,2.4125,151,2.359375,,,,,,,,,,,,,,,,,,,"Nick Nastrini","29833",680897
"Steven Wilson","CHW",1.58029,2.62658,0,4.84305,32.1222,0,0.544555,6.27503,1.26708,33.6355,146.601,28.8002,19.6737,18.0998,5.8323,17.8892,1.66736,2.03225,33.2565,8.89859,4.7867,1.85903,1.56057,0.22685,0.122027,0.10482393950223923,0.227347,1.3881,0.262219,0.701266,,,5.22,-0.263493,-0.234672,999,1.59416,0.0671932,0.788478,1.59416,-0.0671932,3.9487,137.4,4.041176470588235,127,3.735294117647059,,,,,,,,,,,,,,,,,,,"Steven Wilson","20353",621051
"Jordan Weems","ATL",1.25567,0.690497,0,5.16368,27.8687,0,0,2.79579,1.09527,31.205,137.151,29.6525,19.4605,17.9036,5.03433,15.0955,0.741722,1.59641,28.9582,8.35198,4.35379,1.91833,1.45198,0.211141,0.110065,0.10107561200857162,0.246162,1.434,0.284713,0.670758,,,5.01252,-0.297973,-0.258021,999,1.63491,0.237275,0.785609,1.63491,-0.237275,3.95252,108.89999999999998,3.512903225806451,109,3.5161290322580645,,,,,,,,,,,,,,,,,,,"Jordan Weems","13190",607179
"Tanner Rainey","PIT",0.420465,1.34281,0,4.96291,34.7061,0,4.46813,1.64867,2.05463,36.6868,163.249,35.5644,21.9895,20.2304,6.43641,18.8902,0.527791,2.03593,33.1833,8.14052,4.63413,1.75664,1.57898,0.203268,0.115714,0.08755414932966232,0.249885,1.48431,0.283613,0.714402,,,5.34942,-0.338342,-0.209411,999,2.27779,0.475421,0.959877,2.27779,-0.475421,3.72016,137.4,3.7135135135135138,138,3.72972972972973,,,,,,,,,,,,,,,,,,,"Tanner Rainey","17610",663432
"Bryce Jarvis","ARI",1.47563,1.79952,0,4.27961,38.2966,0,0.0315156,2.85961,0,47.7112,211.527,46.0546,24.6601,22.6873,5.92843,24.1455,1.53277,2.48761,34.7741,6.55961,4.55467,1.44019,1.11831,0.164395,0.114148,0.05024725943803787,0.249086,1.47135,0.278283,0.735699,,,4.99876,-0.511606,0.0570132,999,2.67887,-1.91249,0.746838,2.67887,1.91249,4.00422,165.80000000000004,3.4541666666666675,166,3.4583333333333335,,,,,,,,,,,,,,,,,,,"Bryce Jarvis","27477",686826