Name,Team,W,L,QS,ERA,G,GS,SV,HLD,BS,IP,TBF,H,R,ER,HR,BB,IBB,HBP,SO,K/9,BB/9,K/BB,HR/9,K%,BB%,K-BB%,AVG,WHIP,BABIP,LOB%,GB%,HR/FB,FIP,WAR,RA9-WAR,ADP,InterSD,InterSK,IntraSD,Vol,Skew,Dim,FPTS,FPTS/IP,SPTS,SPTS/IP,P10,P20,P30,P40,P50,P60,P70,P80,P90,TT10,TT20,TT30,TT40,TT50,TT60,TT70,TT80,TT90,NameASCII,PlayerId,MLBAMID
"Paul Skenes","PIT",12.645,8.37247,12.6644,2.82979,29.225,29.225,0,0,,173.366,697.725,133.08,58.27,54.51,13.0898,49.9891,0.385044,7.42462,211.825,10.9965,2.5951,4.23743,0.679536,0.303594,0.0716459,0.23194822669029236,0.207837,1.05597,0.288858,0.757537,,,2.69787,5.47776,5.27067,11.640000343322754,,,,,,,1027.5,5.9393063583815024,949,5.485549132947977,,,,,,,,,,,,,,,,,,,"Paul Skenes","33677",694973
"Tarik Skubal","DET",13.4709,8.36678,14.3804,2.91991,29.476,29.476,0,0,,183.92,731.205,142.981,64.26,59.67,18.0397,41.4013,0.41538,6.47483,215.822,10.5611,2.02594,5.21292,0.882762,0.295159,0.0566206,0.23853803053498268,0.209241,1.00251,0.277975,0.754884,,,2.8756,5.47334,5.34315,14.359999656677246,,,,,,,1059.4,5.757608695652174,977,5.309782608695652,,,,,,,,,,,,,,,,,,,"Tarik Skubal","22267",669373
"Logan Webb","SFG",13.4735,9.35624,16.4016,3.48987,30.41,30.41,0,0,,196.563,807.149,189.513,82.04,76.22,14.2205,39.9161,0.694302,6.82965,160.175,7.33391,1.82763,4.0128,0.65111,0.198446,0.0494532,0.1489923894405365,0.249227,1.16721,0.299131,0.70346,,,3.19066,4.65433,4.16203,100.69000244140625,,,,,,,970.6000000000001,4.926903553299493,982,4.9847715736040605,,,,,,,,,,,,,,,,,,,"Logan Webb","17995",657277
"Zack Wheeler","PHI",13.7255,8.74784,15.7861,3.41977,30.062,30.062,0,0,,192.092,784.229,160.438,78.37,72.99,21.2188,51.8913,0.376457,8.17384,201.657,9.44815,2.43124,3.88615,0.994155,0.257141,0.0661686,0.19097214192152023,0.22155,1.10535,0.277724,0.73353,,,3.44096,4.61111,4.27039,21.34000015258789,,,,,,,970.5000000000002,5.054687500000001,911,4.744791666666667,,,,,,,,,,,,,,,,,,,"Zack Wheeler","10310",554430
"Logan Gilbert","SEA",13.0934,9.64641,15.8268,3.52993,30.737,30.737,0,0,,194.103,782.537,166.329,81.6,76.13,24.8259,40.1116,0.577504,5.83356,202.91,9.40834,1.85986,5.05863,1.15111,0.259297,0.0512584,0.2080387882888317,0.225809,1.06356,0.278081,0.727152,,,3.44856,4.33028,3.95648,26.260000228881836,,,,,,,964.5000000000001,4.9716494845360835,913,4.706185567010309,,,,,,,,,,,,,,,,,,,"Logan Gilbert","22250",669302
"Garrett Crochet","BOS",10.9744,8.51328,9.34498,3.25989,29.415,29.415,0,0,,152.812,624.068,119.903,59.66,55.35,16.8187,48.5813,0.391625,5.32204,205.907,12.1271,2.86124,4.2384,0.990553,0.329943,0.0778462,0.2520969957113266,0.210295,1.10256,0.296697,0.750833,,,2.9606,4.2577,3.63242,24.09000015258789,,,,,,,861.1000000000001,5.6281045751634,794,5.189542483660131,,,,,,,,,,,,,,,,,,,"Garrett Crochet","27463",676979
"Chris Sale","ATL",11.8428,6.72632,11.705,3.30024,25.789,25.789,0,0,,154.434,634.265,128.86,61.25,56.63,15.777,43.1624,0.329761,8.57143,191.934,11.1854,2.51539,4.44678,0.919441,0.302608,0.068051,0.23455720394849777,0.221207,1.11389,0.301698,0.738804,,,3.01389,4.15192,3.59638,35.029998779296875,,,,,,,835.4000000000002,5.424675324675326,790,5.12987012987013,,,,,,,,,,,,,,,,,,,"Chris Sale","10603",519242
"Cole Ragans","KCR",12.3012,9.07926,13.6902,3.5,29.755,29.755,0,0,,178.457,742.812,145.05,74.36,69.4,18.5373,67.7903,0.465128,6.06398,209.042,10.5425,3.41882,3.08366,0.934878,0.28142,0.0912617,0.19015847891569138,0.216829,1.19267,0.286631,0.74098,,,3.41563,4.141,3.76473,47.290000915527344,,,,,,,902.5,5.070224719101123,839,4.713483146067416,,,,,,,,,,,,,,,,,,,"Cole Ragans","21846",666142
"Justin Steele","CHC",11.7854,8.61919,12.3923,3.41005,28.846,28.846,0,0,,168.2,688.222,149.878,68.88,63.73,15.967,41.5101,0.339265,5.94342,156.926,8.39673,2.22111,3.78042,0.854357,0.228016,0.060315,0.1677010878920555,0.233904,1.13786,0.286211,0.724753,,,3.38099,3.92799,3.64575,118.0999984741211,,,,,,,826.4000000000001,4.919047619047619,802,4.773809523809524,,,,,,,,,,,,,,,,,,,"Justin Steele","17312",657006
"Dylan Cease","SDP",12.1923,9.717,13.9039,3.62997,30.715,30.715,0,0,,182.332,757.464,144.845,78.69,73.54,21.6337,69.2462,0.670138,6.92459,218.018,10.7615,3.41803,3.14844,1.06785,0.287826,0.0914185,0.19640745222568512,0.212603,1.17418,0.278984,0.73666,,,3.57077,3.87726,3.48099,46.90999984741211,,,,,,,907.1999999999998,4.984615384615384,832,4.571428571428571,,,,,,,,,,,,,,,,,,,"Dylan Cease","18525",656302
"Pablo López","MIN",11.8054,10.1989,14.8817,3.80988,30.372,30.372,0,0,,186.195,772.631,171.533,84.73,78.82,22.799,46.8745,0.462144,7.65046,194.235,9.38861,2.26575,4.14372,1.10202,0.251394,0.0606687,0.1907251849770546,0.238868,1.173,0.296831,0.716812,,,3.55045,3.84273,3.09736,70.76000213623047,,,,,,,869.3,4.673655913978495,854,4.591397849462366,,,,,,,,,,,,,,,,,,,"Pablo Lopez","17085",641154
"George Kirby","SEA",10.8248,8.22895,12.0796,3.44005,26.564,26.564,0,0,,158.701,635.457,140.697,65.05,60.66,18.7505,23.4674,0.411194,5.27853,144.001,8.16637,1.33085,6.13622,1.06335,0.226611,0.03693,0.1896805353462696,0.231901,1.03442,0.274679,0.71867,,,3.43108,3.80759,3.48532,60.84000015258789,,,,,,,780.3000000000001,4.9075471698113216,752,4.729559748427673,,,,,,,,,,,,,,,,,,,"George Kirby","25436",669923
"Yoshinobu Yamamoto","LAD",11.7771,6.67549,11.6982,3.49017,25.739,25.739,0,0,,153.56,632.425,137.68,64.12,59.55,15.032,39.7373,0.316686,5.41662,158.231,9.27378,2.32896,3.98193,0.881013,0.250198,0.0628332,0.18736448884010315,0.23444,1.15536,0.296245,0.724534,,,3.26036,3.694,3.25954,60.2400016784668,,,,,,,777.3000000000002,5.0474025974025984,756,4.909090909090909,,,,,,,,,,,,,,,,,,,"Yoshinobu Yamamoto","33825",808967
"Spencer Schwellenbach","ATL",11.9822,7.9099,12.3409,3.64975,28.136,28.136,0,0,,164.625,678.254,151.018,71.94,66.76,18.5559,38.8763,0.46299,6.41985,159.301,8.70895,2.12536,4.09764,1.01445,0.23487,0.0573183,0.17755132168531418,0.238591,1.1535,0.291061,0.719602,,,3.52191,3.59286,3.11457,83.27999877929688,,,,,,,777.6999999999999,4.713333333333333,761,4.612121212121212,,,,,,,,,,,,,,,,,,,"Spencer Schwellenbach","31846",680885
"Michael King","SDP",12.131,10.1718,12.0331,3.69203,30.155,29.297,0,0,,169.858,707.966,146.466,74.62,69.68,19.1607,55.9724,0.597478,7.79556,184.366,9.76869,2.96572,3.29386,1.01524,0.260416,0.0790609,0.1813548356294632,0.227361,1.19181,0.288888,0.727839,,,3.58837,3.58355,3.10736,63.84000015258789,,,,,,,820.6999999999999,4.827647058823529,779,4.58235294117647,,,,,,,,,,,,,,,,,,,"Michael King","19853",650633
"Sonny Gray","STL",10.2727,9.34017,12.9186,3.79008,27.3,27.3,0,0,,164.751,684.626,145.124,74.21,69.38,18.1498,50.0713,0.338417,6.54484,176.173,9.62396,2.73529,3.51844,0.991485,0.257327,0.0731368,0.1841905266046524,0.231086,1.18479,0.292779,0.712578,,,3.49091,3.55789,2.89838,114.16000366210938,,,,,,,803.5999999999999,4.87030303030303,772,4.678787878787879,,,,,,,,,,,,,,,,,,,"Sonny Gray","12768",543243
"Joe Ryan","MIN",10.3636,8.99227,12.2871,3.71977,27.204,27.204,0,0,,160.994,653.144,135.603,71.16,66.54,24.2747,35.4035,0.330949,6.29787,177.845,9.94202,1.97915,5.02338,1.35702,0.272291,0.0542048,0.21808607131242752,0.221776,1.06219,0.271982,0.72869,,,3.69435,3.52851,2.95824,92.91000366210938,,,,,,,775.6,4.817391304347826,726,4.509316770186335,,,,,,,,,,,,,,,,,,,"Joe Ryan","21390",657746
"Framber Valdez","HOU",12.7516,8.78459,15.5174,3.52997,28.687,28.687,0,0,,185.534,771.514,165.378,78.74,72.77,17.025,59.0596,0.408793,9.17416,175.175,8.49749,2.8649,2.96607,0.825859,0.227053,0.0765503,0.150503009557724,0.235152,1.20968,0.290273,0.726299,,,3.57437,3.43658,3.75228,63,,,,,,,884.3000000000002,4.754301075268819,855,4.596774193548387,,,,,,,,,,,,,,,,,,,"Framber Valdez","17295",664285
"Max Fried","NYY",12.1587,7.77914,13.1861,3.34003,27.238,27.238,0,0,,167.792,691.906,143.977,66.73,62.27,15.5814,52.6955,0.390747,6.45153,159.025,8.52975,2.82647,3.01781,0.835751,0.229836,0.0761599,0.15367599576711655,0.227538,1.17212,0.280245,0.743128,,,3.53568,3.41501,3.87596,96.22000122070312,,,,,,,813.0000000000001,4.839285714285715,773,4.601190476190476,,,,,,,,,,,,,,,,,,,"Max Fried","13743",608331
"Tanner Bibee","CLE",10.6114,9.87354,12.9997,3.80026,28.862,28.862,0,0,,170.278,703.941,147.125,77.07,71.9,21.6225,48.6608,0.343778,6.51818,173.716,9.1817,2.57195,3.56993,1.14285,0.246776,0.0691262,0.1776496022939682,0.226777,1.1498,0.276787,0.717254,,,3.74905,3.41412,2.90396,90.63999938964844,,,,,,,785.2,4.618823529411765,744,4.376470588235295,,,,,,,,,,,,,,,,,,,"Tanner Bibee","30134",676440
"Blake Snell","LAD",11.683,7.52952,11.0837,3.64987,27.909,27.909,0,0,,156.507,656.746,121.934,68.33,63.47,18.0728,71.1724,0.329449,4.43142,205.63,11.8248,4.0928,2.88918,1.03929,0.313104,0.108371,0.20473302155733109,0.209819,1.23385,0.290571,0.743583,,,3.48914,3.34479,3.01771,42.97999954223633,,,,,,,810.1999999999998,5.160509554140126,738,4.7006369426751595,,,,,,,,,,,,,,,,,,,"Blake Snell","13543",605483
"Corbin Burnes","ARI",12.2257,9.73391,15.4021,3.95003,30.01,30.01,0,0,,187.495,783.364,169.545,87.87,82.29,21.5442,57.9811,0.437988,7.28365,175.358,8.41743,2.78317,3.02441,1.03415,0.223853,0.0740155,0.14983737468719482,0.236102,1.2135,0.283963,0.707606,,,3.83397,3.3432,2.84335,36.5,,,,,,,826.1999999999998,4.418181818181817,804,4.2994652406417115,,,,,,,,,,,,,,,,,,,"Corbin Burnes","19361",669203
"Tyler Glasnow","LAD",10.5492,5.71158,10.3452,3.39018,22.561,22.561,0,0,,135.444,548.275,107.06,54.72,51.02,16.512,40.0242,0.269217,3.26767,168.337,11.1857,2.65953,4.20589,1.09719,0.307031,0.0730003,0.2340308129787445,0.212007,1.08594,0.282844,0.745068,,,3.22449,3.30688,2.98018,92.86000061035156,,,,,,,718.7,5.323703703703704,661,4.896296296296296,,,,,,,,,,,,,,,,,,,"Tyler Glasnow","14374",607192
"Luis Castillo","SEA",11.5327,10.0534,14.4627,3.87017,29.94,29.94,0,0,,182.085,754.62,160.801,83.96,78.3,23.4201,53.9632,0.541047,6.49084,176.487,8.72332,2.66726,3.27051,1.15759,0.233876,0.0715104,0.1623653694987297,0.231646,1.17947,0.277953,0.718798,,,3.89607,3.24832,2.942,98.77999877929688,,,,,,,817.3000000000001,4.490659340659341,783,4.302197802197802,,,,,,,,,,,,,,,,,,,"Luis Castillo","15689",622491
"Zac Gallen","ARI",11.0779,9.42549,13.2736,3.98976,28.858,28.858,0,0,,171.123,717.045,159.096,81.11,75.86,20.141,49.5756,0.407104,6.50961,169.251,8.90156,2.60737,3.414,1.05929,0.23604,0.0691388,0.16690106689929962,0.240705,1.21943,0.294666,0.706814,,,3.70169,3.16529,2.54395,120.9800033569336,,,,,,,773.0000000000001,4.5204678362573105,762,4.456140350877193,,,,,,,,,,,,,,,,,,,"Zac Gallen","19291",668678
"Freddy Peralta","MIL",10.9299,9.56851,12.169,3.7199,29.42,29.42,0,0,,167.545,689.989,132.447,73.91,69.25,23.1559,57.8963,0.365178,7.8374,188.953,10.15,3.11001,3.26365,1.24387,0.273849,0.083909,0.18994048237800598,0.212168,1.13607,0.265175,0.737269,,,3.88463,3.12906,3.09559,100.02999877929688,,,,,,,797.1000000000001,4.744642857142858,721,4.291666666666667,,,,,,,,,,,,,,,,,,,"Freddy Peralta","18679",642547
"Sandy Alcantara","MIA",9.94271,9.70009,14.309,3.69975,26.447,26.447,0,0,,170.452,707.325,160.014,75.78,70.07,17.9463,43.9323,0.48038,6.71878,138.902,7.33411,2.31966,3.16172,0.947581,0.196376,0.0621106,0.13426537811756134,0.243674,1.19651,0.284235,0.716729,,,3.79688,3.12646,3.01381,152,,,,,,,745.5999999999999,4.385882352941176,741,4.358823529411764,,,,,,,,,,,,,,,,,,,"Sandy Alcantara","18684",645261
"Cristopher Sánchez","PHI",12.3867,9.94164,12.9719,3.82902,29.06,28.993,0,0,,170.691,714.211,167.505,78.5,72.62,16.5457,45.1002,0.372476,5.99953,142.464,7.51168,2.37799,3.15883,0.8724,0.199471,0.0631469,0.13632361590862274,0.252605,1.24556,0.299463,0.707899,,,3.65546,3.12172,2.86248,164.72000122070312,,,,,,,750.5000000000002,4.38888888888889,765,4.473684210526316,,,,,,,,,,,,,,,,,,,"Cristopher Sanchez","20778",650911
"Spencer Strider","ATL",8.53389,5.07659,8.02604,3.30981,19.389,19.389,0,0,,111.541,457.057,89.6127,44.12,41.02,12.5892,34.0603,0.327064,4.18936,147.648,11.9134,2.74825,4.33489,1.01579,0.32304,0.0745209,0.248518705368042,0.213971,1.10877,0.297881,0.750159,,,3.01508,3.09041,2.65653,110.56999969482422,,,,,,,616.9000000000002,5.508035714285716,573,5.116071428571429,,,,,,,,,,,,,,,,,,,"Spencer Strider","27498",675911
"Aaron Nola","PHI",11.8394,10.0824,15.4955,4.13018,30.067,30.067,0,0,,187.488,780.494,175.675,92.6,86.04,27.2573,48.8271,0.371632,6.16696,181.789,8.72645,2.34385,3.72313,1.30843,0.232916,0.0625592,0.17035668343305588,0.242144,1.19742,0.287379,0.70785,,,3.99719,3.05879,2.32138,88.91000366210938,,,,,,,793.0999999999998,4.241176470588234,783,4.18716577540107,,,,,,,,,,,,,,,,,,,"Aaron Nola","16149",605400
"Jacob deGrom","TEX",8.12185,5.68552,7.29029,3.23034,20.306,20.306,0,0,,110.496,437.428,80.5035,42.12,39.66,13.8369,27.8966,0.248385,3.51792,141.771,11.5474,2.2722,5.08204,1.12703,0.324103,0.0637741,0.26032838970422745,0.198278,0.981032,0.266235,0.744482,,,3.08123,3.04937,2.74288,47.43000030517578,,,,,,,619.1999999999999,5.629090909090908,556,5.054545454545455,,,,,,,,,,,,,,,,,,,"Jacob deGrom","10954",594798
"Bailey Ober","MIN",10.6342,9.91302,13.1719,3.93011,28.958,28.958,0,0,,171.087,703.359,148.739,79.91,74.71,26.819,43.1581,0.348705,5.78872,177.634,9.34442,2.27032,4.1159,1.41081,0.252552,0.06136,0.19119157269597054,0.227286,1.12163,0.270958,0.725537,,,3.98605,3.02614,2.64955,80.86000061035156,,,,,,,754.9000000000002,4.414619883040936,713,4.169590643274854,,,,,,,,,,,,,,,,,,,"Bailey Ober","21224",641927
"Hunter Brown","HOU",10.9732,9.40735,12.7431,3.8502,28.893,28.893,0,0,,168.677,704.38,147.654,77.01,72.16,19.5118,57.6153,0.343592,6.83068,169.143,9.02486,3.07415,2.93573,1.04108,0.24013,0.0817958,0.15833445638418198,0.230734,1.21694,0.283955,0.72075,,,3.81094,2.99644,2.83825,95.58999633789062,,,,,,,762.8000000000002,4.513609467455622,728,4.3076923076923075,,,,,,,,,,,,,,,,,,,"Hunter Brown","25880",686613
"Jack Flaherty","DET",9.61005,9.7699,11.8077,3.98003,27.76,27.76,0,0,,159.014,668.667,140.876,75.55,70.32,20.805,52.6357,0.481883,7.88084,178.441,10.0996,2.97912,3.39012,1.17754,0.266861,0.0787173,0.18814398348331451,0.231646,1.21695,0.293641,0.717595,,,3.76474,2.87051,2.29342,140.83999633789062,,,,,,,724.7000000000002,4.557861635220127,695,4.371069182389937,,,,,,,,,,,,,,,,,,,"Jack Flaherty","17479",656427
"Zach Eflin","BAL",11.2976,8.88742,13.2179,3.95015,28.272,28.272,0,0,,169.057,695.727,164.801,79.81,74.2,23.3867,29.5915,0.491728,5.21903,134.194,7.144,1.57535,4.53487,1.24503,0.192882,0.0425332,0.15034927427768707,0.249353,1.14987,0.280954,0.708827,,,3.99503,2.84919,2.51983,193.86000061035156,,,,,,,701.7000000000003,4.152071005917161,709,4.195266272189349,,,,,,,,,,,,,,,,,,,"Zach Eflin","13774",621107
"Bryce Miller","SEA",10.9163,9.78514,12.8794,3.84002,29.378,29.378,0,0,,171.093,701.533,149.771,78.08,73,24.0186,42.0836,0.447991,6.09196,158.413,8.33297,2.21372,3.76423,1.26345,0.225809,0.0599881,0.16582108661532402,0.229233,1.12135,0.267032,0.719052,,,3.98442,2.82391,2.86248,78.70999908447266,,,,,,,752.2,4.398830409356726,715,4.181286549707602,,,,,,,,,,,,,,,,,,,"Bryce Miller","29837",682243
"Jared Jones","PIT",9.76722,11.2392,10.3278,4.16975,31.781,28.37,0,0.6032,,161.686,685.521,150.406,80.26,74.91,20.8122,52.2558,0.685199,7.75768,167.09,9.30079,2.90874,3.19753,1.15848,0.243741,0.0762279,0.16751327365636826,0.240454,1.25343,0.296142,0.705385,,,3.88652,2.81473,2.02454,138.7100067138672,,,,,,,708.5,4.3734567901234565,695,4.290123456790123,,,,,,,,,,,,,,,,,,,"Jared Jones","27863",683003
"Reynaldo López","ATL",10.5048,8.67557,11.0152,4.15021,28.229,28.229,0,0,,155.226,660.603,144.044,76.83,71.58,18.563,56.7808,0.36956,5.18347,162.772,9.43754,3.29215,2.86668,1.07628,0.2464,0.085953,0.16044678539037704,0.24062,1.29376,0.300696,0.709205,,,3.82144,2.7797,1.93295,165.91000366210938,,,,,,,678.9,4.38,668,4.309677419354839,,,,,,,,,,,,,,,,,,,"Reynaldo Lopez","16400",625643
"Tanner Houck","BOS",11.5483,10.0313,11.1158,3.99123,33.298,28.141,0,0.642,,171.466,727.172,163.361,81.57,76.04,17.1205,54.167,0.780455,11.3889,147.862,7.76103,2.84315,2.72973,0.89863,0.203338,0.07449,0.12884782999753952,0.246912,1.26863,0.294463,0.70241,,,3.8868,2.70853,2.37971,221.92999267578125,,,,,,,737.5000000000002,4.312865497076024,739,4.321637426900585,,,,,,,,,,,,,,,,,,,"Tanner Houck","19879",656557
"Mitch Keller","PIT",9.33993,11.7684,14.5791,4.74982,29.705,29.705,0,0,,178.434,772.98,187.86,100.82,94.17,21.795,53.8339,0.364052,9.96158,160.166,8.07858,2.71532,2.97519,1.09931,0.207206,0.0696446,0.13756122440099716,0.264896,1.35453,0.31498,0.667077,,,4.03172,2.70111,0.963985,297.92999267578125,,,,,,,685.8,3.852808988764045,732,4.112359550561798,,,,,,,,,,,,,,,,,,,"Mitch Keller","17594",656605
"MacKenzie Gore","WSN",8.90239,11.6126,11.8861,4.27998,29.883,29.883,0,0,,165.113,706.87,153.457,84.51,78.52,20.4128,63.0034,0.378472,6.30525,173.819,9.47454,3.4342,2.75888,1.11266,0.245899,0.0891301,0.15676908195018768,0.240694,1.31098,0.300102,0.702303,,,3.9275,2.69319,1.74739,206.42999267578125,,,,,,,718.2,4.3527272727272734,706,4.278787878787878,,,,,,,,,,,,,,,,,,,"MacKenzie Gore","22201",669022
"Shota Imanaga","CHC",10.9121,9.27654,13.8249,3.99992,27.895,27.895,0,0,,171.206,704.019,154.252,81.95,76.09,28.7905,39.155,0.385328,5.24881,170.896,8.9837,2.05831,4.3646,1.51347,0.242743,0.0556163,0.18712692707777023,0.233851,1.12967,0.272783,0.727999,,,4.1343,2.62979,2.43898,76.97000122070312,,,,,,,718.3000000000001,4.200584795321638,688,4.023391812865497,,,,,,,,,,,,,,,,,,,"Shota Imanaga","33829",684007
"Brandon Woodruff","MIL",8.24832,6.63325,9.4489,3.60032,20.841,20.841,0,0,,123.889,505.255,100.513,53.11,49.56,16.5351,35.0359,0.291052,4.88341,138.404,10.0544,2.54521,3.95034,1.20121,0.273929,0.0693431,0.2045859917998314,0.216002,1.09412,0.270552,0.733445,,,3.63389,2.6227,2.46215,248,,,,,,,601.8999999999999,4.854032258064515,555,4.475806451612903,,,,,,,,,,,,,,,,,,,"Brandon Woodruff","16162",605540
"Seth Lugo","KCR",12.1922,11.3314,14.6983,4.31555,30.192,29.823,0,0,,182.73,775.609,181.494,94.07,87.62,23.5913,50.8689,0.477682,7.50808,155.826,7.67492,2.50544,3.0633,1.16194,0.200909,0.0655857,0.13532280921936035,0.253048,1.27162,0.2936,0.693771,,,4.09772,2.59233,1.96602,185.02000427246094,,,,,,,723.4,3.9530054644808743,738,4.032786885245901,,,,,,,,,,,,,,,,,,,"Seth Lugo","12447",607625
"Kevin Gausman","TOR",10.517,10.7132,14.8125,4.50015,29.59,29.59,0,0,,180.454,765.418,172.391,96.57,90.23,26.0546,58.2025,0.399271,4.70491,173.813,8.66877,2.9028,2.98635,1.29945,0.227082,0.0760401,0.15104196965694427,0.245392,1.27785,0.291133,0.690426,,,4.16289,2.59189,1.47808,169.83999633789062,,,,,,,724,4.022222222222222,721,4.0055555555555555,,,,,,,,,,,,,,,,,,,"Kevin Gausman","14107",592332
"Bryan Woo","SEA",9.04539,8.0859,9.30302,3.62021,25.153,25.153,0,0,,137.13,557.966,118.099,59,55.16,17.8143,30.8931,0.400385,5.74908,124.307,8.15842,2.02755,4.02379,1.16917,0.222786,0.0553672,0.16741879656910896,0.226537,1.0865,0.264463,0.725439,,,3.84393,2.55427,2.66953,134.1699981689453,,,,,,,622.6000000000001,4.544525547445256,588,4.291970802919708,,,,,,,,,,,,,,,,,,,"Bryan Woo","30279",693433
"Erick Fedde","STL",9.56104,10.7615,12.9039,4.31991,28.994,28.994,0,0,,168.087,707.741,160.36,86.11,80.68,22.3746,48.9912,0.352575,5.60457,144.908,7.75894,2.62317,2.95784,1.19802,0.204748,0.069222,0.1355258896946907,0.245519,1.24549,0.284,0.692262,,,4.14716,2.54836,1.83473,330.260009765625,,,,,,,681.5999999999999,4.057142857142857,679,4.041666666666667,,,,,,,,,,,,,,,,,,,"Erick Fedde","17425",607200
"Shohei Ohtani","LAD",8.71325,4.9706,8.04605,3.37973,19.573,19.573,0,0,,112.083,460.62,88.8447,45.13,42.09,13.1414,38.2588,0.222922,4.9093,133.149,10.6916,3.07209,3.48022,1.05522,0.289065,0.0830593,0.20600567758083344,0.212826,1.13401,0.279181,0.754087,,,3.47022,2.54588,2.54089,1.5299999713897705,,,,,,,574.5000000000002,5.129464285714287,528,4.714285714285714,,,,,,,,,,,,,,,,,,,"Shohei Ohtani","19755",660271
"Kodai Senga","NYM",10.273,9.13273,9.74572,3.96649,29.171,25.898,0,0.6629,,150.753,638.796,126.349,71.15,66.44,18.3095,64.7631,0.589288,6.51417,162.559,9.7048,3.86638,2.51005,1.09308,0.254477,0.101383,0.15309371799230576,0.222634,1.26772,0.279425,0.724939,,,4.00718,2.54583,2.26735,157.57000732421875,,,,,,,682.4000000000001,4.5192052980132456,635,4.2052980132450335,,,,,,,,,,,,,,,,,,,"Kodai Senga","31838",673540
"Michael Wacha","KCR",9.78837,9.67464,12.6045,4.2901,27.618,27.618,0,0,,162.059,687.32,153.459,82.75,77.25,21.4429,51.8645,0.417481,6.11099,142.976,7.94022,2.88031,2.75672,1.19084,0.20802,0.075459,0.13256055116653442,0.24384,1.26697,0.283952,0.699208,,,4.19532,2.49294,1.76193,279.95001220703125,,,,,,,654.7,4.041358024691358,649,4.006172839506172,,,,,,,,,,,,,,,,,,,"Michael Wacha","14078",608379
"Ranger Suárez","PHI",10.264,9.68685,9.28974,3.96709,32.189,26.954,0,0.5949,,157.196,665.209,151.45,74.8,69.29,16.268,51.1058,0.826175,5.69985,134.774,7.71627,2.92598,2.63716,0.931396,0.202604,0.0768267,0.12577743083238602,0.24893,1.28855,0.295569,0.71062,,,3.88121,2.4874,2.21283,264.5,,,,,,,675.4,4.301910828025478,680,4.3312101910828025,,,,,,,,,,,,,,,,,,,"Ranger Suarez","17277",624133
"Nestor Cortes","MIL",8.44929,8.75467,5.99677,3.88147,34.143,22.852,0,0.5961,,142.902,589.32,122.028,66,61.63,21.2333,40.4367,1.16445,4.40998,140.107,8.82399,2.54671,3.46485,1.33728,0.237744,0.0686159,0.16912803798913956,0.224122,1.1369,0.263081,0.72673,,,4.0787,2.44743,2.18428,267.95001220703125,,,,,,,634.7,4.438461538461539,594,4.153846153846154,,,,,,,,,,,,,,,,,,,"Nestor Cortes","17874",641482
"Shane McClanahan","TBR",9.16008,8.54055,8.45895,3.81982,26.285,23.313,0,0.6853,,134.323,555.395,119.922,61.29,57.01,17.7803,38.0335,0.645801,3.25945,141.402,9.47428,2.54834,3.71782,1.19133,0.254596,0.06848,0.1861162781715393,0.233265,1.17594,0.287787,0.726463,,,3.70413,2.4446,2.2209,120.29000091552734,,,,,,,621.1999999999999,4.635820895522388,599,4.470149253731344,,,,,,,,,,,,,,,,,,,"Shane McClanahan","21483",663556
"Robbie Ray","SFG",8.49681,9.14004,10.3504,4.30975,25.747,25.747,0,0,,142.797,603.674,123.107,73.37,68.38,21.0401,55.0173,0.337663,5.00288,167.64,10.5658,3.46755,3.04704,1.32609,0.277699,0.0911374,0.1865619271993637,0.226444,1.2474,0.287534,0.704619,,,3.99495,2.42689,1.58223,150.74000549316406,,,,,,,636.1000000000001,4.448251748251749,598,4.181818181818182,,,,,,,,,,,,,,,,,,,"Robbie Ray","11486",592662
"Grayson Rodriguez","BAL",8.9803,7.21353,10.1567,3.94024,23.011,23.011,0,0,,134.101,561.282,121.675,62.99,58.71,17.4456,40.9828,0.326164,5.05194,138.191,9.2745,2.75051,3.37192,1.17083,0.246206,0.0730165,0.17318961769342422,0.236148,1.21295,0.289839,0.721007,,,3.82654,2.40737,2.04342,133.63999938964844,,,,,,,603.3,4.502238805970149,587,4.380597014925373,,,,,,,,,,,,,,,,,,,"Grayson Rodriguez","24492",680570
"Reese Olson","DET",8.47316,9.20932,9.60976,3.98975,26.106,26.106,0,0,,140.738,591.874,130.261,67.22,62.39,15.9041,44.5977,0.304835,5.52791,125.538,8.02798,2.85196,2.8149,1.01705,0.212103,0.07535,0.1367526575922966,0.240445,1.24244,0.285673,0.705398,,,3.92004,2.39175,2.07527,257.8999938964844,,,,,,,607.6000000000001,4.3092198581560295,596,4.226950354609929,,,,,,,,,,,,,,,,,,,"Reese Olson","24968",681857
"Brayan Bello","BOS",9.85486,9.40681,11.7893,4.23012,27.785,27.785,0,0,,158.038,675.514,156.725,80.15,74.28,18.1047,51.5572,0.326527,7.09535,141.592,8.06345,2.9361,2.74632,1.03103,0.209607,0.0763229,0.13328411430120468,0.254069,1.31793,0.303218,0.700423,,,3.97726,2.37197,1.81534,359.54998779296875,,,,,,,646.5999999999999,4.092405063291139,663,4.19620253164557,,,,,,,,,,,,,,,,,,,"Brayan Bello","23920",678394
"Clay Holmes","NYM",7.91424,7.05622,4.74044,3.52091,40.902,19.893,1,0.6629,,135.093,567.582,121.352,56.88,52.85,10.2236,47.0338,1.02725,8.64905,123.869,8.25223,3.13343,2.63361,0.681105,0.218239,0.0828668,0.13537243008613586,0.237062,1.24644,0.29414,0.723721,,,3.55301,2.35636,2.50787,242.8800048828125,,,,,,,650.4,4.817777777777778,634,4.696296296296296,,,,,,,,,,,,,,,,,,,"Clay Holmes","13649",605280
"Yusei Kikuchi","LAA",10.29,10.5709,12.6984,4.30992,30.163,30.163,0,0,,170.648,719.144,160.568,87.96,81.72,28.6863,51.057,0.39439,5.58714,187.032,9.86411,2.69275,3.66321,1.51292,0.260076,0.0709968,0.1890791952610016,0.242367,1.24013,0.295182,0.72123,,,4.15559,2.34141,1.82027,165.10000610351562,,,,,,,693.1,4.053216374269006,681,3.982456140350877,,,,,,,,,,,,,,,,,,,"Yusei Kikuchi","20633",579328
"Brandon Pfaadt","ARI",9.90182,10.0819,9.69126,4.32248,31.243,26.444,0,0.6241,,155.369,651.095,150.338,79.91,74.62,24.3589,37.1114,0.850765,5.72581,149.332,8.65031,2.14974,4.02389,1.41103,0.229355,0.0569984,0.1723570004105568,0.247162,1.20648,0.289897,0.701283,,,4.10948,2.30281,1.56843,175.9499969482422,,,,,,,634.8,4.095483870967741,636,4.103225806451613,,,,,,,,,,,,,,,,,,,"Brandon Pfaadt","27782",694297
"Gavin Williams","CLE",8.20089,9.1594,9.19978,4.06031,25.82,25.82,0,0,,137.162,580.61,121.435,66.2,61.88,16.1679,50.8732,0.379389,6.26039,135.353,8.88127,3.33809,2.66059,1.06087,0.233121,0.0876203,0.14550112932920456,0.231978,1.25624,0.28301,0.708933,,,3.97485,2.2906,1.92204,227.02999877929688,,,,,,,601.4000000000002,4.389781021897812,576,4.204379562043796,,,,,,,,,,,,,,,,,,,"Gavin Williams","30122",668909
"Hunter Greene","CIN",8.95666,9.07278,11.9966,4.30013,25.368,25.368,0,0,,151.279,640.156,129.708,77.09,72.28,23.1898,56.0861,0.341525,9.29097,173.02,10.2934,3.33672,3.0849,1.37962,0.270278,0.0876132,0.1826643869280815,0.225666,1.22816,0.281371,0.708963,,,4.16833,2.26045,1.67944,94.33999633789062,,,,,,,647.5000000000001,4.288079470198676,607,4.0198675496688745,,,,,,,,,,,,,,,,,,,"Hunter Greene","22182",668881
"Nick Pivetta","SDP",9.94441,9.85856,10.7806,4.20773,26.488,26.205,0,0,,148.27,619.143,129.811,74.08,69.32,24.6525,46.1249,0.462951,5.22634,166.466,10.1045,2.79978,3.60903,1.49641,0.268865,0.0744979,0.19436699897050858,0.228623,1.18659,0.279175,0.720224,,,4.12153,2.24845,1.7965,179.86000061035156,,,,,,,628.7,4.247972972972973,594,4.013513513513513,,,,,,,,,,,,,,,,,,,"Nick Pivetta","15454",601713
"Nathan Eovaldi","TEX",10.1383,8.67163,12.7738,4.17019,26.191,26.191,0,0,,158.928,667.031,144.894,78.82,73.64,22.6379,50.1408,0.32911,6.55033,155.548,8.80862,2.83945,3.10223,1.28197,0.233195,0.0751702,0.15802498161792755,0.237399,1.22719,0.282901,0.711483,,,4.13087,2.24163,1.98151,202.02000427246094,,,,,,,657.7000000000003,4.136477987421386,637,4.0062893081761,,,,,,,,,,,,,,,,,,,"Nathan Eovaldi","9132",543135
"Ryan Pepiot","TBR",9.14619,9.67216,10.5651,4.13025,27.673,27.673,0,0,,150.877,628.375,130.085,73.97,69.24,24.0108,46.6936,0.359512,7.4336,152.669,9.10691,2.78533,3.2696,1.43227,0.242959,0.0743085,0.16865034401416779,0.226532,1.17168,0.266809,0.718121,,,4.28781,2.17585,1.98782,166.92999267578125,,,,,,,628.2,4.160264900662252,587,3.8874172185430464,,,,,,,,,,,,,,,,,,,"Ryan Pepiot","26221",686752
"Clarke Schmidt","NYY",8.60692,8.5877,7.14041,4.0725,28.926,23.703,0,0.6608,,133.768,564.218,122.816,65.01,60.53,17.1784,42.0117,0.655946,7.34081,130.982,8.81255,2.82658,3.11775,1.15577,0.232147,0.07446,0.15768739581108093,0.238541,1.23219,0.288073,0.709045,,,3.98441,2.15957,1.77986,233.91000366210938,,,,,,,581.6999999999998,4.341044776119402,568,4.2388059701492535,,,,,,,,,,,,,,,,,,,"Clarke Schmidt","19899",657376
"Carlos Rodón","NYY",9.78709,9.86484,12.2709,4.43979,28.308,28.308,0,0,,161.724,685.723,140.755,84.99,79.78,26.3113,60.9691,0.388395,6.73638,179.066,9.96511,3.39296,2.937,1.46423,0.261135,0.0889122,0.1722230166196823,0.227753,1.24734,0.277346,0.707959,,,4.32296,2.15595,1.55966,135.69000244140625,,,,,,,666.4,4.11358024691358,626,3.8641975308641974,,,,,,,,,,,,,,,,,,,"Carlos Rodon","16137",607074
"Sean Manaea","NYM",10.0755,9.11343,11.0245,4.23298,25.521,25.196,0,0,,146.535,620.398,130.593,73.84,68.92,21.0855,53.4611,0.372123,5.99535,149.964,9.21062,3.28351,2.80511,1.29505,0.241723,0.0861723,0.1555505245923996,0.23281,1.25604,0.280866,0.7132,,,4.20754,2.13282,1.72136,237.42999267578125,,,,,,,611.9,4.162585034013605,585,3.979591836734694,,,,,,,,,,,,,,,,,,,"Sean Manaea","15873",640455
"Taj Bradley","TBR",9.53818,10.1665,11.7875,4.26001,28.568,28.568,0,0,,160.415,674.316,144.998,81.15,75.93,25.9513,51.8156,0.358772,5.83268,166.885,9.36298,2.90709,3.22074,1.45598,0.247487,0.0768418,0.1706455647945404,0.235132,1.2269,0.280883,0.720727,,,4.26701,2.12675,1.83959,197,,,,,,,647.2,4.045,622,3.8875,,,,,,,,,,,,,,,,,,,"Taj Bradley","22543",671737
"Roki Sasaki","LAD",9.15293,6.71311,9.96742,4.14968,22.704,22.704,0,0,,131.345,555.446,121.764,65.04,60.56,17.7058,42.6502,0.291618,6.45859,133.372,9.13886,2.92247,3.1271,1.21323,0.240116,0.0767855,0.16333048790693283,0.24048,1.25177,0.292907,0.711716,,,4.00974,2.07843,1.64164,97.79000091552734,,,,,,,549.8000000000002,4.196946564885498,540,4.122137404580153,,,,,,,,,,,,,,,,,,,"Roki Sasaki","sa3025686",808963
"Chris Bassitt","TOR",10.2742,10.5732,13.8134,4.44984,29.492,29.492,0,0,,174.485,747.373,164.9,92.24,86.27,24.2354,62.1652,0.720085,10.1892,155.475,8.01947,3.2065,2.501,1.25007,0.208029,0.0831782,0.12485071271657944,0.244289,1.30134,0.283993,0.698085,,,4.43405,2.04194,1.60487,349.7099914550781,,,,,,,657.4000000000001,3.7781609195402304,652,3.7471264367816093,,,,,,,,,,,,,,,,,,,"Chris Bassitt","12304",605135
"Jesús Luzardo","PHI",8.67466,9.18143,7.75364,4.25668,31.012,24.302,0,0.5949,,143.055,606.626,134.267,73.2,67.66,20.3056,47.0877,0.905566,5.35901,142.255,8.94967,2.96242,3.02106,1.27748,0.234502,0.0776223,0.1568795144557953,0.24228,1.26772,0.290999,0.707231,,,4.12278,2.03955,1.50317,246.0500030517578,,,,,,,595.8000000000001,4.166433566433567,587,4.104895104895105,,,,,,,,,,,,,,,,,,,"Jesus Luzardo","19959",666200
"Kumar Rocker","TEX",7.13944,6.9225,4.02405,3.70991,25.75,20.311,0,0.6243,,106.062,438.149,89.8653,46.72,43.72,12.782,32.7304,0.55895,4.5562,112.439,9.54116,2.77737,3.43532,1.08463,0.256624,0.0747015,0.18192235380411148,0.22418,1.15589,0.279651,0.72469,,,3.66757,1.97479,1.85559,299.1199951171875,,,,,,,504.5000000000001,4.759433962264152,475,4.481132075471698,,,,,,,,,,,,,,,,,,,"Kumar Rocker","31843",677958
"Eduardo Rodriguez","ARI",8.55595,8.97128,8.15809,4.34894,27.014,23.546,0,0.6241,,133.067,568.585,129.742,68.99,64.3,16.9946,44.9643,0.658835,4.11179,121.529,8.21966,3.04117,2.7028,1.14943,0.21374,0.0790811,0.13465914875268936,0.249739,1.31292,0.295936,0.700507,,,4.1066,1.96164,1.32658,395.9800109863281,,,,,,,538.1,4.045864661654136,545,4.097744360902255,,,,,,,,,,,,,,,,,,,"Eduardo Rodriguez","13164",593958
"Drew Rasmussen","TBR",6.06573,6.51295,3.02254,3.68709,33.502,16.578,0,0.6853,,105.449,434.033,93.9901,46.23,43.2,11.7149,27.3708,0.919487,3.74723,98.8275,8.43486,2.33608,3.61069,0.99986,0.227696,0.0630615,0.1646343171596527,0.233275,1.1509,0.281406,0.715805,,,3.62161,1.91708,1.77925,241.77999877929688,,,,,,,494,4.704761904761905,478,4.552380952380952,,,,,,,,,,,,,,,,,,,"Drew Rasmussen","25385",656876
"Spencer Arrighetti","HOU",8.44174,9.61577,10.3629,4.52972,26.642,26.642,0,0,,144.923,622.116,131.801,78.05,72.94,21.0762,57.738,0.317167,7.2488,153.153,9.51113,3.58564,2.65256,1.30888,0.246181,0.092809,0.15337245166301727,0.236572,1.30786,0.289175,0.696666,,,4.28876,1.89386,1.20317,202.36000061035156,,,,,,,582.5,4.017241379310345,563,3.882758620689655,,,,,,,,,,,,,,,,,,,"Spencer Arrighetti","29921",681293
"Nick Lodolo","CIN",7.87133,8.76344,10.2442,4.43015,24.014,24.014,0,0,,136.255,585.019,131.603,72.04,67.07,19.1283,44.4842,0.413598,10.6474,141.944,9.37578,2.9383,3.19089,1.26347,0.242632,0.0760389,0.16659299284219742,0.24836,1.29233,0.304962,0.696864,,,4.12185,1.86898,1.24476,243.57000732421875,,,,,,,548.5,4.033088235294118,552,4.0588235294117645,,,,,,,,,,,,,,,,,,,"Nick Lodolo","26378",666157
"Mitchell Parker","WSN",7.85071,11.1595,8.24004,4.494,29.301,25.56,0,0.614,,140.207,602.994,140.422,75.28,70.01,18.8462,47.0649,0.642587,4.08269,121.442,7.79547,3.02114,2.58031,1.20975,0.201399,0.0780521,0.12334644794464111,0.254458,1.33721,0.295404,0.696495,,,4.27598,1.86381,1.16009,507.760009765625,,,,,,,531.3,3.7949999999999995,546,3.9,,,,,,,,,,,,,,,,,,,"Mitchell Parker","27636",680730
"David Festa","MIN",5.29024,7.18202,2.23602,4.063,29.177,17.468,0,0.6191,,103.933,440.97,93.3055,50.25,46.92,12.2839,38.1391,1.0271,4.49281,113.836,9.85755,3.30263,2.98476,1.06372,0.258149,0.0864891,0.17166004329919815,0.234237,1.26471,0.297635,0.710693,,,3.74295,1.86017,1.34079,317.1000061035156,,,,,,,486.2,4.675,470,4.519230769230769,,,,,,,,,,,,,,,,,,,"David Festa","30056",701581
"Jameson Taillon","CHC",9.76703,10.1279,13.0674,4.50022,28.26,28.26,0,0,,166.012,699.481,164.217,88.93,83.01,25.3196,42.1598,0.326509,5.61873,122.246,6.62731,2.28561,2.89958,1.37265,0.174766,0.060273,0.11449338868260384,0.251982,1.24315,0.275516,0.687108,,,4.53987,1.83923,1.40821,350.2200012207031,,,,,,,594.5000000000001,3.58132530120482,605,3.644578313253012,,,,,,,,,,,,,,,,,,,"Jameson Taillon","11674",592791
"David Peterson","NYM",8.98504,8.96874,8.91716,4.31267,27.137,24.279,0,0.6629,,138.151,596.405,134.162,71.05,66.2,15.55,54.2664,0.56012,6.64782,125.304,8.16304,3.53524,2.30905,1.01302,0.210098,0.0909892,0.11910901218652725,0.250541,1.36393,0.30056,0.704305,,,4.1385,1.83662,1.43687,347.7900085449219,,,,,,,547.0000000000001,3.9637681159420297,553,4.007246376811594,,,,,,,,,,,,,,,,,,,"David Peterson","20302",656849
"Miles Mikolas","STL",8.78615,11.3745,13.3317,4.79984,28.743,28.743,0,0,,167.912,716.717,181.956,95.8,89.55,24.9754,35.5889,0.345915,6.68309,110.447,5.91991,1.90755,3.10341,1.33867,0.154101,0.0496555,0.1044459380209446,0.269786,1.29559,0.291232,0.666805,,,4.53983,1.81293,0.843703,596.4299926757812,,,,,,,553.5,3.294642857142857,606,3.607142857142857,,,,,,,,,,,,,,,,,,,"Miles Mikolas","9803",571945
"Andre Pallante","STL",7.52533,9.52089,5.96957,4.19775,33.496,23.008,0,0.6347,,139.832,600.708,138.346,69.67,65.22,10.6638,53.3981,0.931384,6.15169,97.728,6.29006,3.43686,1.83018,0.686352,0.162688,0.0888921,0.07379606366157532,0.255649,1.37125,0.295038,0.690407,,,4.03769,1.79924,1.58735,513.6900024414062,,,,,,,564.9000000000001,4.035000000000001,580,4.142857142857143,,,,,,,,,,,,,,,,,,,"Andre Pallante","26108",669467
"Brady Singer","CIN",9.52065,10.8973,13.5949,4.65981,28.982,28.982,0,0,,170.756,734.253,175.194,94.82,88.41,25.6395,53.2613,0.373706,8.55916,154.225,8.12868,2.80723,2.89562,1.35137,0.210043,0.0725381,0.1375047191977501,0.260538,1.33791,0.303623,0.693994,,,4.39821,1.79421,1.12312,336.9700012207031,,,,,,,612.6000000000001,3.582456140350878,639,3.736842105263158,,,,,,,,,,,,,,,,,,,"Brady Singer","25377",663903
"Yu Darvish","SDP",7.80093,8.23857,10.2344,4.40986,22.923,22.923,0,0,,132.8,560.327,120.058,69.32,65.07,20.6015,43.7807,0.31976,6.28418,130.398,8.83724,2.96706,2.97844,1.39618,0.232718,0.0781341,0.15458400547504425,0.235286,1.23372,0.276834,0.700155,,,4.35034,1.761,1.35952,231.74000549316406,,,,,,,523.9000000000001,3.939097744360903,502,3.774436090225564,,,,,,,,,,,,,,,,,,,"Yu Darvish","13074",506433
"José Berríos","TOR",10.4657,11.1896,15.4457,4.67998,30.118,30.118,0,0,,185.097,793.18,187.83,103.2,96.25,29.0375,54.7114,0.794842,9.61014,153.003,7.43947,2.66024,2.79654,1.4119,0.192898,0.0689773,0.12392044812440872,0.257704,1.31035,0.290394,0.690189,,,4.59517,1.72499,1.1948,248.63999938964844,,,,,,,634.5,3.4297297297297296,659,3.562162162162162,,,,,,,,,,,,,,,,,,,"Jose Berrios","14168",621244
"Matthew Boyd","CHC",6.58163,6.63589,4.78391,3.89641,22.593,18.374,0,0.6254,,100.2,418.91,87.2203,46.66,43.38,13.3901,32.9705,0.522499,4.48302,105.241,9.45281,2.96142,3.19198,1.2027,0.251226,0.0787055,0.17252089828252792,0.228651,1.19951,0.28091,0.724837,,,3.92446,1.71089,1.47313,316.6000061035156,,,,,,,456.90000000000003,4.569,434,4.34,,,,,,,,,,,,,,,,,,,"Matthew Boyd","15440",571510
"José Soriano","LAA",8.82086,8.56065,10.1104,4.08028,25.324,25.324,0,0,,140.836,604.445,129.989,68.3,63.85,14.9696,58.2943,0.496092,7.99413,124.722,7.97028,3.72525,2.13953,0.956621,0.206342,0.0964427,0.10989933460950851,0.241544,1.3369,0.288656,0.717063,,,4.18913,1.70374,1.9706,326.6600036621094,,,,,,,572.9000000000001,4.063120567375887,562,3.9858156028368796,,,,,,,,,,,,,,,,,,,"Jose Soriano","22100",667755
"Kutter Crawford","BOS",7.23047,7.53914,5.19919,4.2826,39.094,18.843,0,0.642,,130.841,549.171,118.865,66.94,62.26,21.0977,38.2669,1.13089,5.56004,125.612,8.64034,2.63222,3.28254,1.45122,0.228731,0.0696811,0.15904957801103592,0.235216,1.20094,0.272611,0.706861,,,4.3475,1.70164,1.2082,390.1000061035156,,,,,,,525.7000000000002,4.012977099236642,506,3.8625954198473282,,,,,,,,,,,,,,,,,,,"Kutter Crawford","20531",676710
"Ryan Weathers","MIA",7.50364,11.4038,8.72651,4.51058,28.521,25.615,0,0.5898,,140.729,608.595,140.571,75.76,70.53,19.6668,50.9679,0.691945,6.0697,128.713,8.23154,3.25953,2.52538,1.25775,0.211492,0.0837467,0.12774523347616196,0.254863,1.36105,0.299879,0.705947,,,4.3699,1.69874,1.12198,335.9100036621094,,,,,,,521.8000000000001,3.7007092198581564,536,3.801418439716312,,,,,,,,,,,,,,,,,,,"Ryan Weathers","23796",677960
"DJ Herz","WSN",6.49546,9.90519,3.71982,4.11051,32.145,23.078,0,0.614,,122.722,525.135,103.414,60.15,56.05,15.3215,56.4338,1.01674,5.75434,132.179,9.69353,4.13865,2.34219,1.12362,0.251704,0.107465,0.14423920214176178,0.223382,1.30252,0.279263,0.720371,,,4.15559,1.6837,1.55874,340.239990234375,,,,,,,539.9000000000001,4.389430894308944,502,4.08130081300813,,,,,,,,,,,,,,,,,,,"DJ Herz","26389",687792
"Justin Verlander","SFG",7.19439,7.55103,9.46861,4.37033,21.015,21.015,0,0,,122.366,517.363,113.043,63.61,59.42,17.7429,39.0652,0.296031,4.67261,102.07,7.50722,2.87324,2.61281,1.30499,0.197289,0.0755083,0.12178052961826324,0.238675,1.24306,0.269351,0.695367,,,4.45549,1.68188,1.17582,349.7900085449219,,,,,,,459.6000000000002,3.7672131147541,448,3.6721311475409837,,,,,,,,,,,,,,,,,,,"Justin Verlander","8700",434378
"Tobias Myers","MIL",7.65628,9.58462,5.39561,4.43061,33.735,23.503,0,0.5961,,136.505,577.302,130.425,72.01,67.2,21.4068,39.9866,1.09333,5.2783,124.259,8.19261,2.63638,3.10752,1.41139,0.215241,0.0692646,0.14597639441490173,0.245143,1.24839,0.28216,0.700657,,,4.37936,1.66869,1.20004,321.69000244140625,,,,,,,534.5000000000002,3.9014598540146004,529,3.8613138686131387,,,,,,,,,,,,,,,,,,,"Tobias Myers","22191",668964
"Merrill Kelly","ARI",8.97092,9.23729,12.3697,4.6199,25.672,25.672,0,0,,153.315,656.143,148.173,84.01,78.7,22.3905,53.8768,0.400586,4.95054,135.456,7.95164,3.16271,2.51418,1.31438,0.206443,0.0821114,0.12433172762393951,0.248065,1.31788,0.286216,0.691492,,,4.44911,1.66104,1.10294,304.0899963378906,,,,,,,569.8,3.7241830065359474,572,3.738562091503268,,,,,,,,,,,,,,,,,,,"Merrill Kelly","11156",518876
"Jordan Hicks","SFG",7.02881,8.602,3.73452,4.19877,32.702,21.632,0,0.6312,,124.022,534.768,118.709,62.03,57.86,11.6517,48.9345,0.938719,7.19205,104.705,7.59824,3.55107,2.13971,0.845537,0.195796,0.0915061,0.10429008305072784,0.248013,1.35173,0.295508,0.697897,,,4.05697,1.62927,1.3924,436.9100036621094,,,,,,,506.5999999999999,4.0854838709677415,510,4.112903225806452,,,,,,,,,,,,,,,,,,,"Jordan Hicks","19618",663855
"Cody Bradford","TEX",4.8701,5.40074,0.915434,3.86162,41.181,13.538,0,0.6243,,103.946,428.033,92.9471,47.83,44.6,14.1504,24.4008,1.5857,3.31675,96.0202,8.31376,2.1127,3.93512,1.22519,0.224329,0.0570068,0.16732202842831612,0.232185,1.12893,0.271577,0.712731,,,3.88865,1.62844,1.3883,329.3299865722656,,,,,,,470.6000000000001,4.525,453,4.355769230769231,,,,,,,,,,,,,,,,,,,"Cody Bradford","27597",674003
"Kyle Harrison","SFG",7.54598,8.84718,9.21858,4.52009,24.29,24.29,0,0.6312,,130.816,561.841,124.816,70.64,65.7,18.3362,47.6459,0.314184,6.37192,123.054,8.46598,3.27799,2.58268,1.26151,0.219019,0.0848031,0.1342158392071724,0.245785,1.31835,0.290583,0.69365,,,4.34612,1.61528,1.03434,391.3399963378906,,,,,,,511.0000000000001,3.900763358778627,509,3.885496183206107,,,,,,,,,,,,,,,,,,,"Kyle Harrison","27758",690986
"Cade Smith","CLE",2.45868,1.58958,0,2.93006,63.398,0,2,14.1354,,79.2475,323.493,57.4523,27.68,25.8,5.92019,28.5015,1.77643,4.37028,102.998,11.6973,3.23687,3.61378,0.672345,0.318394,0.0881056,0.2302888035774231,0.197688,1.08462,0.283607,0.750317,,,2.78264,1.58467,1.37243,366.9700012207031,,,,,,,535.6000000000001,6.7797468354430395,490,6.2025316455696204,,,,,,,,,,,,,,,,,,,"Cade Smith","27867",671922
"Aaron Civale","MIL",8.7002,10.274,7.5064,4.44642,32.19,25.514,0,0.5961,,144.703,612.13,136.466,76.41,71.49,22.8422,43.798,0.783211,6.43819,127.748,7.94547,2.72408,2.91675,1.4207,0.208695,0.0715503,0.1371443048119545,0.242868,1.24575,0.276253,0.700368,,,4.49445,1.57661,1.33889,373.57000732421875,,,,,,,546.5,3.768965517241379,536,3.696551724137931,,,,,,,,,,,,,,,,,,,"Aaron Civale","19479",650644
"Jeffrey Springs","ATH",7.7876,10.3266,7.25085,4.53934,28.674,24.717,0,0.6679,,132.224,560.339,129.402,71.66,66.69,21.9705,38.111,0.583832,3.83168,124.386,8.46651,2.59407,3.26379,1.49545,0.221984,0.0680142,0.1539698764681816,0.249619,1.26689,0.288763,0.700913,,,4.39675,1.5724,0.953552,265.30999755859375,,,,,,,496.8000000000002,3.763636363636365,500,3.787878787878788,,,,,,,,,,,,,,,,,,,"Jeffrey Springs","17677",605488
"Zack Littell","TBR",7.92587,9.59886,6.97367,4.49763,30.101,23.55,0,0.6853,,134.931,566.422,135.432,72.09,67.43,22.3907,28.8503,0.659754,4.76819,110.085,7.34276,1.92434,3.81574,1.49348,0.194352,0.0509342,0.14341739565134048,0.254187,1.21753,0.282371,0.693513,,,4.43946,1.56237,1.11655,402.5,,,,,,,499.4,3.699259259259259,511,3.785185185185185,,,,,,,,,,,,,,,,,,,"Zack Littell","15823",641793
"Max Scherzer","TOR",6.77503,7.05758,6.5782,4.22337,20.855,18.514,0,0.6566,,104.76,436.308,90.6698,52.52,49.16,17.8561,31.9592,0.40958,4.52815,111.334,9.5648,2.74564,3.48364,1.53403,0.255174,0.0732492,0.18192453682422638,0.226776,1.17057,0.269053,0.718106,,,4.30167,1.56048,1.20153,282.6000061035156,,,,,,,434,4.133333333333334,406,3.8666666666666667,,,,,,,,,,,,,,,,,,,"Max Scherzer","3137",453286
"Shane Bieber","CLE",4.58864,4.74067,3.97161,3.77157,16.869,12.442,0,0.6686,,77.0766,317.662,70.8508,34.73,32.3,9.00058,18.4866,0.412994,2.47187,74.5593,8.70606,2.15863,4.03315,1.05097,0.234713,0.0581959,0.17651690170168877,0.238793,1.15907,0.290181,0.711622,,,3.56562,1.54213,1.24145,436.1700134277344,,,,,,,368.5,4.785714285714286,362,4.701298701298701,,,,,,,,,,,,,,,,,,,"Shane Bieber","19427",669456
"Shane Baz","TBR",8.30302,9.74954,7.44668,4.40652,30.024,24.222,0,0.6853,,137.68,584.822,126.349,71.94,67.41,20.4875,47.5952,0.752237,6.77546,125.828,8.22524,3.11125,2.64371,1.33925,0.215156,0.081384,0.13377181440591812,0.238191,1.26339,0.275583,0.702209,,,4.45784,1.5322,1.303,191.24000549316406,,,,,,,538.6,3.902898550724638,521,3.7753623188405796,,,,,,,,,,,,,,,,,,,"Shane Baz","22264",669358
"Emmanuel Clase","CLE",2.55572,1.54446,0,2.69007,64.504,0,37,1.5274,,80.63,319.244,67.0426,25.84,24.1,4.06049,14.1457,1.67383,2.87871,69.0394,7.70625,1.57895,4.8806,0.453235,0.216259,0.0443099,0.17194904386997223,0.221834,1.00692,0.274887,0.733055,,,2.74208,1.51373,1.69554,34.279998779296875,,,,,,,656,8.098765432098766,633,7.814814814814815,,,,,,,,,,,,,,,,,,,"Emmanuel Clase","21032",661403
"Casey Mize","DET",7.06995,8.83055,8.55671,4.39002,23.686,23.686,0,0,,125.446,531.748,124.764,65.94,61.19,16.2574,33.6738,0.270858,6.64062,92.759,6.65491,2.4159,2.75463,1.16637,0.174442,0.0633267,0.11111501604318619,0.253878,1.263,0.283739,0.681748,,,4.33648,1.51236,1.16129,412.3299865722656,,,,,,,466.20000000000005,3.7296000000000005,480,3.84,,,,,,,,,,,,,,,,,,,"Casey Mize","20492",663554
"Dean Kremer","BAL",9.08248,9.13101,11.0633,4.54998,26.544,26.544,0,0,,148.649,635.6,145.055,80.47,75.15,23.1347,49.3506,0.359875,5.53164,124.674,7.54843,2.98794,2.52629,1.4007,0.196152,0.077644,0.11850760132074356,0.249786,1.30782,0.28163,0.703233,,,4.61991,1.4889,1.25179,437.6700134277344,,,,,,,527.7000000000002,3.541610738255035,531,3.563758389261745,,,,,,,,,,,,,,,,,,,"Dean Kremer","19350",665152
"Simeon Woods Richardson","MIN",7.61005,9.88277,7.24044,4.65076,25,24.029,0,0,,121.78,524.254,120.459,67.26,62.93,16.3069,43.0152,0.363066,3.99433,100.621,7.43625,3.17899,2.33919,1.20514,0.191931,0.0820504,0.1098809689283371,0.252405,1.34237,0.289057,0.684094,,,4.41279,1.48172,0.864704,508.7200012207031,,,,,,,455.0000000000002,3.7295081967213135,463,3.7950819672131146,,,,,,,,,,,,,,,,,,,"Simeon Woods Richardson","24494",680573
"Andrew Heaney","PIT",6.74132,10.1486,6.39328,4.76592,29.752,23.647,0,0.6032,,129.526,561.906,130.778,73.82,68.59,19.2232,44.0291,0.795567,6.94078,120.656,8.38369,3.05932,2.74037,1.33571,0.214727,0.0783567,0.1363699585199356,0.255958,1.34959,0.300641,0.682832,,,4.41333,1.46472,0.610673,449.9100036621094,,,,,,,480.69999999999993,3.697692307692307,496,3.8153846153846156,,,,,,,,,,,,,,,,,,,"Andrew Heaney","15423",571760
"Grant Holmes","ATL",5.87655,6.22779,2.11739,4.36618,41.567,16.61,0,0.6159,,114.835,493.207,114.213,60.03,55.71,15.3197,37.1399,1.79162,5.02355,112.565,8.8221,2.91078,3.03084,1.20066,0.228231,0.0753029,0.15292812883853912,0.253219,1.318,0.30602,0.702995,,,4.04179,1.44979,0.878028,288.3800048828125,,,,,,,474.1,4.122608695652174,484,4.208695652173913,,,,,,,,,,,,,,,,,,,"Grant Holmes","16944",656550
"Joey Cantillo","CLE",4.12796,5.50386,1.49925,3.72866,23.707,13.933,0,0.6686,,82.936,349.193,69.1912,36.84,34.36,8.79979,33.7558,0.952369,3.32993,86.8369,9.42331,3.66309,2.5725,0.954931,0.248679,0.096668,0.15201051533222198,0.22169,1.24128,0.278982,0.729438,,,3.79324,1.44581,1.37404,468.5299987792969,,,,,,,391.1,4.712048192771085,365,4.397590361445783,,,,,,,,,,,,,,,,,,,"Joey Cantillo","23335",676282
"Mason Miller","ATH",2.67882,1.68464,0,2.88985,60.244,0,28,2.0655,,75.305,301.236,49.5218,25.82,24.18,8.07429,25.922,1.68148,3.7239,106.241,12.6973,3.09804,4.09849,0.96499,0.352684,0.0860521,0.26663169264793396,0.18234,1.00184,0.263536,0.773682,,,2.91977,1.43747,1.36475,46.310001373291016,,,,,,,596.6,7.954666666666667,541,7.213333333333333,,,,,,,,,,,,,,,,,,,"Mason Miller","31757",695243
"Nick Martinez","CIN",6.81401,9.60759,4.49237,4.71696,38.348,22.046,0,0.6021,,144.398,617.477,147.486,80.86,75.68,22.0587,41.1355,1.14706,6.28919,119.503,7.44833,2.56388,2.9051,1.37487,0.193534,0.0666187,0.12691518664360046,0.258723,1.30626,0.292718,0.683162,,,4.48251,1.41952,0.654919,330.2099914550781,,,,,,,515.8000000000002,3.5819444444444457,537,3.7291666666666665,,,,,,,,,,,,,,,,,,,"Nick Martinez","12730",607259
"Edwin Díaz","NYM",2.47956,1.30562,0,3.25997,61.576,0,34,1.4916,,76.97,312.481,54.0084,29.81,27.88,8.25249,27.2935,1.25202,4.70724,111.324,13.017,3.19139,4.07878,0.964953,0.356259,0.0873445,0.26891497522592545,0.192557,1.05628,0.284369,0.738252,,,2.9149,1.40908,1.05103,39.40999984741211,,,,,,,631.0000000000001,8.194805194805197,581,7.545454545454546,,,,,,,,,,,,,,,,,,,"Edwin Diaz","14710",621242
"Edward Cabrera","MIA",6.59081,10.026,5.50599,4.11927,28.893,23.191,0,0.5898,,123.75,536.479,107.947,61.01,56.64,14.8642,62.2652,0.785737,7.52611,126.849,9.2254,4.52838,2.03724,1.08104,0.236447,0.116063,0.12038477510213852,0.231305,1.37546,0.286432,0.730928,,,4.3698,1.3918,1.54687,410.1700134277344,,,,,,,500.2999999999999,4.034677419354838,473,3.814516129032258,,,,,,,,,,,,,,,,,,,"Edward Cabrera","21690",665795
"Hayden Birdsong","SFG",5.21405,7.40254,0.777635,4.22378,31.997,18.173,0,0.6312,,103.45,443.808,90.001,52.03,48.55,13.101,45.0899,1.28419,5.31502,112.516,9.78875,3.92276,2.49537,1.13977,0.253525,0.101598,0.1519268974661827,0.228776,1.30586,0.28717,0.711446,,,4.09925,1.38749,1.06011,419.8299865722656,,,,,,,448.30000000000007,4.35242718446602,426,4.135922330097087,,,,,,,,,,,,,,,,,,,"Hayden Birdsong","31635",806185
"Landen Roupp","SFG",2.77683,3.67103,-1.37578,3.56942,35.905,7.694,0,0.6312,,72.9447,306.001,61.4501,31,28.93,5.47098,27.9972,1.37953,3.43051,74.0195,9.13261,3.45433,2.64382,0.675015,0.241893,0.0914939,0.15039922297000885,0.223802,1.22624,0.286951,0.71462,,,3.40456,1.37225,1.1594,497.4700012207031,,,,,,,379.1,5.193150684931507,359,4.917808219178082,,,,,,,,,,,,,,,,,,,"Landen Roupp","30076",694738
"Kris Bubic","KCR",4.93279,5.96693,2.37186,4.13597,33.637,14.295,0,0.6444,,97.878,419.923,92.0118,48.33,44.98,10.9584,37.4656,1.27909,4.34904,95.8107,8.80991,3.44501,2.55729,1.00763,0.228163,0.0892204,0.13894236087799072,0.243348,1.32285,0.298717,0.710973,,,3.94583,1.36561,1.07502,334.07000732421875,,,,,,,423.7000000000001,4.323469387755103,420,4.285714285714286,,,,,,,,,,,,,,,,,,,"Kris Bubic","21455",663460
"Jon Gray","TEX",8.5123,9.40256,7.53864,4.61219,30.764,24.514,0,0.6243,,139.951,597.748,134.735,76.6,71.72,21.4621,46.6976,0.824675,6.12637,122.83,7.89896,3.00304,2.63032,1.38019,0.205487,0.0781226,0.127364844083786,0.247255,1.2964,0.282735,0.692487,,,4.5371,1.3553,0.92717,455.92999267578125,,,,,,,517.7,3.6978571428571434,518,3.7,,,,,,,,,,,,,,,,,,,"Jon Gray","14916",592351
"Lucas Giolito","BOS",7.14394,8.15086,6.27014,4.6135,25.935,20.898,0,0.642,,117.516,503.828,110.29,64.62,60.24,18.8548,43.5944,0.736145,4.32339,116.179,8.89761,3.33869,2.665,1.444,0.230593,0.0865264,0.14406614005565643,0.241912,1.30948,0.284955,0.700182,,,4.49829,1.34923,0.772006,375.3599853515625,,,,,,,445.5,3.7754237288135593,435,3.6864406779661016,,,,,,,,,,,,,,,,,,,"Lucas Giolito","15474",608337
"Ryan Walker","SFG",3.18321,1.93774,0,3.36946,65.174,0.043,25,4.9523,,81.4137,337.295,67.9134,32.79,30.48,6.72411,25.7879,1.55881,4.15246,94.693,10.468,2.85076,3.67199,0.743327,0.280742,0.076455,0.20428743213415146,0.220961,1.15093,0.297126,0.722661,,,3.01722,1.34547,0.953965,78.16000366210938,,,,,,,581.5,7.179012345679013,559,6.901234567901234,,,,,,,,,,,,,,,,,,,"Ryan Walker","20423",676254
"Andrew Painter","PHI",3.59626,3.72369,1.94957,3.59472,15.759,10.442,0,0,,61.3901,252.642,52.9415,26.33,24.52,7.18408,16.4285,0.466015,2.56396,66.0563,9.68408,2.40847,4.02084,1.05321,0.261462,0.0650268,0.19643563777208328,0.226585,1.12999,0.285255,0.72565,,,3.46389,1.33669,1.14876,999,,,,,,,302.50000000000006,4.9590163934426235,289,4.737704918032787,,,,,,,,,,,,,,,,,,,"Andrew Painter","sa3017880",691725
"Luis Severino","ATH",8.94644,11.4059,13.5394,4.82006,28.984,28.984,0,0,,169.803,732.851,169.551,97.2,90.94,26.9398,59.8023,0.478971,8.31466,141.211,7.48453,3.16968,2.36129,1.42788,0.192687,0.0816023,0.11108439415693283,0.255066,1.3507,0.287185,0.6896,,,4.7692,1.33076,0.868045,305.42999267578125,,,,,,,561.9,3.3052941176470587,577,3.3941176470588235,,,,,,,,,,,,,,,,,,,"Luis Severino","15890",622663
"Michael Soroka","WSN",4.61424,6.52944,2.61176,4.04391,34.906,13.941,0,0.614,,101.486,429.597,90.8625,48.88,45.6,11.3623,36.9323,1.23808,5.47255,92.4025,8.19446,3.27523,2.50194,1.00764,0.215091,0.0859697,0.12912168353796005,0.234671,1.25924,0.280496,0.705305,,,4.05448,1.32126,1.14794,449.6000061035156,,,,,,,437.5000000000001,4.331683168316832,424,4.198019801980198,,,,,,,,,,,,,,,,,,,"Michael Soroka","18383",647336
"Reid Detmers","LAA",6.27301,7.90824,4.98868,4.54828,25.899,19.224,0,0.6282,,109.604,469.02,100.883,59.3,55.39,17.7445,40.0457,0.971125,5.34432,121.705,9.99367,3.28831,3.03915,1.45707,0.259488,0.0853818,0.17410653084516525,0.238139,1.2858,0.292554,0.703171,,,4.2927,1.31092,0.85279,366.6700134277344,,,,,,,443,4.027272727272727,429,3.9,,,,,,,,,,,,,,,,,,,"Reid Detmers","27468",672282
"Bailey Falter","PIT",5.52508,9.3988,3.67023,4.85107,33.229,21.306,0,0.6032,,123.041,531.726,129.198,70.89,66.32,16.9948,38.4678,1.1339,3.9501,90.0807,6.58907,2.81378,2.34172,1.24311,0.169412,0.0723452,0.09706670790910721,0.264042,1.36268,0.293546,0.672646,,,4.53208,1.29715,0.409822,712.8300170898438,,,,,,,423.70000000000005,3.444715447154472,452,3.6747967479674797,,,,,,,,,,,,,,,,,,,"Bailey Falter","20070",663559
"Bowden Francis","TOR",7.92171,9.30381,7.60393,4.56146,30.901,22.792,0,0.6566,,140.659,592.512,130.147,76.38,71.29,26.6067,39.8985,0.915125,7.3965,130.057,8.32161,2.55289,3.25969,1.70242,0.219501,0.0673379,0.15216264873743057,0.238706,1.20892,0.266475,0.705332,,,4.78499,1.29515,1.06141,247.97000122070312,,,,,,,496.30000000000007,3.5198581560283695,477,3.382978723404255,,,,,,,,,,,,,,,,,,,"Bowden Francis","20548",670102
"Orion Kerkering","PHI",2.2877,1.31603,0,3.08985,58.171,0.172,6,10.5375,,72.4987,296.363,59.517,26.75,24.89,5.10647,20.6286,1.26202,4.07543,79.7569,9.90102,2.56083,3.86633,0.633918,0.269119,0.0696058,0.19951333850622177,0.219087,1.10548,0.291284,0.731481,,,2.90416,1.28894,1.09381,308.5,,,,,,,474.30000000000007,6.587500000000001,454,6.305555555555555,,,,,,,,,,,,,,,,,,,"Orion Kerkering","31776",689147
"Eury Pérez","MIA",4.4766,5.92589,4.15659,3.8693,14.79,14.473,0,0,,72.641,301.097,61.7356,33.64,31.23,10.9169,22.581,0.229268,2.84587,79.9582,9.90658,2.79771,3.54096,1.35256,0.265556,0.0749955,0.19056037813425064,0.223947,1.16073,0.275,0.734092,,,3.96883,1.28268,1.1364,484.7799987792969,,,,,,,325.70000000000005,4.461643835616439,304,4.164383561643835,,,,,,,,,,,,,,,,,,,"Eury Perez","27768",691587
"Aaron Bummer","ATL",2.58344,1.11465,0,2.94041,60.31,0,1,14.2468,,75.3875,315.934,64.3904,26.79,24.63,3.34524,29.5762,1.64289,3.97408,84.7123,10.1132,3.5309,2.8642,0.399366,0.268133,0.0936151,0.1745174452662468,0.228024,1.24645,0.314137,0.752399,,,2.83107,1.28071,1.25858,745.5900268554688,,,,,,,480.70000000000005,6.4093333333333335,465,6.2,,,,,,,,,,,,,,,,,,,"Aaron Bummer","16258",607481
"Luis L. Ortiz","CLE",7.47509,9.44273,7.35581,4.44086,31.489,22.472,0,0.6686,,141.074,605.043,134.425,74.66,69.61,19.1044,50.967,1.08635,6.55097,115.396,7.36185,3.2515,2.26414,1.21879,0.190724,0.0842369,0.10648692399263382,0.245514,1.31415,0.279211,0.697983,,,4.51413,1.27984,1.14688,382.92999267578125,,,,,,,521.3000000000001,3.6971631205673763,518,3.673758865248227,,,,,,,,,,,,,,,,,,,"Luis L. Ortiz","27646",682847
"Tyler Mahle","TEX",7.26992,7.25692,8.34152,4.36016,21.409,21.409,0,0,,117.037,491.84,108.009,60.62,56.7,18.4265,35.0329,0.291669,4.89255,101.82,7.82981,2.69399,2.9064,1.41698,0.207018,0.0712283,0.13578957319259644,0.239003,1.22219,0.270096,0.70299,,,4.49668,1.2775,1.16546,455.92999267578125,,,,,,,447.6000000000002,3.825641025641027,435,3.717948717948718,,,,,,,,,,,,,,,,,,,"Tyler Mahle","16358",641816
"Steven Matz","STL",4.29138,7.188,1.16944,4.53328,30.23,16.278,0,0.6347,,99.7226,428.399,101.008,53.84,50.23,12.5085,32.223,1.20938,3.9373,84.9087,7.66304,2.90814,2.63504,1.1289,0.1982,0.0752172,0.1229827031493187,0.257515,1.33601,0.300178,0.686066,,,4.18204,1.26431,0.657024,627.219970703125,,,,,,,383.5,3.835,397,3.97,,,,,,,,,,,,,,,,,,,"Steven Matz","13361",571927
"Walker Buehler","BOS",8.31733,10.0807,7.43129,4.8055,31.042,25.333,0,0.642,,139.509,603.152,142.544,79.84,74.49,19.2429,47.5351,0.687262,6.08355,106.348,6.86069,3.06658,2.23724,1.2414,0.17632,0.0788111,0.0975085198879242,0.259391,1.36249,0.290844,0.675737,,,4.58803,1.24791,0.631098,259.45001220703125,,,,,,,484.49999999999994,3.4607142857142854,507,3.6214285714285714,,,,,,,,,,,,,,,,,,,"Walker Buehler","19374",621111
"Chris Paddack","MIN",5.20883,6.76176,3.61232,4.47868,31.182,15.313,0,0.6191,,101.119,429.453,103.675,54.04,50.32,14.4217,25.4462,0.886579,3.5919,85.09,7.57335,2.26481,3.34392,1.28359,0.198136,0.0592525,0.1388830840587616,0.258918,1.27692,0.296617,0.689255,,,4.19908,1.23959,0.690915,562.739990234375,,,,,,,391.80000000000007,3.87920792079208,410,4.0594059405940595,,,,,,,,,,,,,,,,,,,"Chris Paddack","20099",663978
"Jake Irvin","WSN",8.08257,11.5315,12.5531,4.72975,28.125,28.125,0,0,,161.685,695.882,160.336,91.23,84.97,25.1045,55.5859,0.456961,7.04992,127.648,7.10535,3.09412,2.29641,1.39741,0.183433,0.0798783,0.1035546362400055,0.253196,1.33545,0.281442,0.68976,,,4.76818,1.23079,0.965883,417.6400146484375,,,,,,,542.3,3.3475308641975308,552,3.4074074074074074,,,,,,,,,,,,,,,,,,,"Jake Irvin","21504",663623
"Frankie Montas","NYM",6.01656,6.34732,5.56889,4.35475,17.816,17.159,0,0,,89.8812,383.278,84.1698,46.64,43.49,12.0866,32.5252,0.403584,3.6993,83.2747,8.33848,3.25682,2.56032,1.21026,0.21727,0.0848605,0.13240912556648254,0.242527,1.29832,0.286394,0.702139,,,4.27072,1.22802,0.877981,490.04998779296875,,,,,,,355,3.9444444444444446,349,3.8777777777777778,,,,,,,,,,,,,,,,,,,"Frankie Montas","14309",593423
"Ryan Feltner","COL",7.26603,12.1776,12.3066,5.4702,28.323,28.323,0,0,,157.996,701.162,175.164,102.43,96.03,22.9478,58.721,0.40847,6.91348,125.772,7.1644,3.34495,2.14186,1.30718,0.179376,0.083748,0.09562826156616211,0.275619,1.48032,0.312681,0.651547,,,4.7088,1.22593,-0.305993,678.030029296875,,,,,,,485.30000000000007,3.0715189873417725,545,3.449367088607595,,,,,,,,,,,,,,,,,,,"Ryan Feltner","21446",663372
"Andrew Abbott","CIN",7.59798,9.53766,10.6363,4.84002,24.886,24.886,0,0,,139.927,602.313,136.999,80.27,75.25,24.3336,49.4982,0.388405,4.32023,124.043,7.97833,3.18369,2.506,1.56512,0.205944,0.0821802,0.12376357614994049,0.249773,1.33282,0.28158,0.696891,,,4.8081,1.22388,0.701904,519.8099975585938,,,,,,,473.59999999999997,3.3828571428571426,477,3.407142857142857,,,,,,,,,,,,,,,,,,,"Andrew Abbott","29911",671096
"Jose Quintana","MIL",8.22664,9.55994,9.31524,4.68944,23.94,23.461,0,0,,130.103,563.089,131.452,72.69,67.79,17.7608,47.5872,0.361608,4.56218,103.193,7.13849,3.29189,2.16851,1.22862,0.183263,0.084511,0.09875162690877914,0.257276,1.37614,0.291528,0.6898,,,4.55732,1.22319,0.764683,495.8999938964844,,,,,,,447,3.4384615384615387,463,3.5615384615384613,,,,,,,,,,,,,,,,,,,"Jose Quintana","11423",500779
"Andrés Muñoz","SEA",2.29434,1.44515,0,2.8298,57.375,0,27,3.6546,,71.7188,289.687,51.4214,24.15,22.55,5.501,24.7318,1.81241,4.00336,86.4069,10.8432,3.1036,3.49375,0.690322,0.298277,0.0853744,0.21290268003940582,0.197053,1.06183,0.271648,0.759705,,,2.956,1.21542,1.41256,61.90999984741211,,,,,,,562.4000000000001,7.811111111111113,518,7.194444444444445,,,,,,,,,,,,,,,,,,,"Andres Munoz","20373",662253
"Charlie Morton","BAL",8.81905,9.23925,11.658,4.7803,25.981,25.981,0,0,,149.545,654.907,141.405,84.75,79.43,22.0954,66.6635,0.630615,10.8778,148.985,8.96629,4.01198,2.23488,1.32976,0.22749,0.101791,0.12569928914308548,0.244914,1.39135,0.29366,0.696184,,,4.65028,1.20338,0.82227,394.8599853515625,,,,,,,536.8,3.5786666666666664,528,3.52,,,,,,,,,,,,,,,,,,,"Charlie Morton","4676",450203
"Alex Cobb","DET",5.44589,6.27491,5.50843,4.24974,16.31,15.791,0,0,,84.8382,360.466,87.1433,43.15,40.06,9.21801,23.5025,0.232509,3.42458,64.1345,6.80366,2.49324,2.72884,0.977886,0.177921,0.0652002,0.11272059381008148,0.261268,1.3042,0.299497,0.690561,,,4.01924,1.19538,0.980463,608.030029296875,,,,,,,339.09999999999997,3.9894117647058818,355,4.176470588235294,,,,,,,,,,,,,,,,,,,"Alex Cobb","6562",502171
"Javier Assad","CHC",6.38873,8.21012,3.90868,4.52061,31.561,20.453,0,0.6254,,120.508,519.408,116.796,64.86,60.53,14.9987,45.8372,0.932498,5.63807,94.5555,7.06177,3.4233,2.06285,1.12016,0.182045,0.0882489,0.09379574656486511,0.2496,1.34957,0.28405,0.690318,,,4.49666,1.17818,0.88066,648.7100219726562,,,,,,,444.7000000000001,3.675206611570249,448,3.7024793388429753,,,,,,,,,,,,,,,,,,,"Javier Assad","21741",665871
"Jackson Jobe","DET",5.90214,7.96202,4.93657,4.51549,24.897,18.921,0,0.5801,,106.354,452.921,101.477,57.23,53.36,15.6894,34.5996,0.651839,4.57955,89.7855,7.59792,2.92792,2.59499,1.32769,0.198237,0.0763921,0.12184450775384903,0.245266,1.27947,0.278289,0.690961,,,4.50098,1.15919,0.816952,259.69000244140625,,,,,,,389.0000000000001,3.669811320754718,386,3.641509433962264,,,,,,,,,,,,,,,,,,,"Jackson Jobe","30203",695549
"Tylor Megill","NYM",3.56256,4.4948,0.179242,4.10524,35.923,10.792,0,0.6629,,85.7197,365.011,76.6689,41.9,39.1,10.4778,33.1187,1.36385,3.65893,89.4927,9.39614,3.47724,2.70218,1.1001,0.245178,0.0907333,0.1544448286294937,0.23358,1.28077,0.289977,0.713714,,,3.95462,1.15327,0.878415,405.07000732421875,,,,,,,384.2,4.467441860465116,371,4.313953488372093,,,,,,,,,,,,,,,,,,,"Tylor Megill","21318",656731
"Félix Bautista","BAL",2.27808,1.28966,0,2.95978,51.839,0,27,3.5134,,64.7988,265.341,42.0676,22.77,21.31,6.07546,29.4826,1.49738,3.39995,93.6701,13.01,4.09489,3.17713,0.843831,0.353018,0.111112,0.24190563708543777,0.180968,1.10419,0.271203,0.773742,,,3.01661,1.14191,1.13321,63.790000915527344,,,,,,,541,8.323076923076924,490,7.538461538461538,,,,,,,,,,,,,,,,,,,"Felix Bautista","20666",642585
"Ryan Helsley","STL",2.4889,1.81256,0,3.35039,60.559,0,33,1.9333,,75.6988,312.95,58.291,30.04,28.18,7.05196,28.5046,1.54839,3.33673,87.5368,10.4074,3.38897,3.07097,0.838424,0.279715,0.0910834,0.1886313483119011,0.207361,1.14659,0.27471,0.737825,,,3.32666,1.12988,0.996358,52.84000015258789,,,,,,,578.5,7.6118421052631575,542,7.131578947368421,,,,,,,,,,,,,,,,,,,"Ryan Helsley","18138",664854
"Max Meyer","MIA",6.51727,10.7263,6.79829,4.60084,28.775,23.675,0,0.5898,,129.459,558.714,131.276,71.19,66.18,18.8596,44.557,0.78339,5.65762,105.922,7.36371,3.0976,2.37723,1.31112,0.189582,0.0797491,0.10983262956142426,0.258163,1.35821,0.292966,0.700283,,,4.58758,1.11821,0.856628,380.0899963378906,,,,,,,443.29999999999984,3.4364341085271306,461,3.5736434108527133,,,,,,,,,,,,,,,,,,,"Max Meyer","27474",676974
"Zebby Matthews","MIN",3.91089,5.2336,1.46886,4.13593,27.264,12.061,0,0.6191,,77.3586,322.195,74.4734,38.2,35.55,11.9229,17.0006,0.84094,2.73581,74.1277,8.62411,1.97787,4.3603,1.38713,0.230071,0.0527649,0.17730582877993584,0.246227,1.18247,0.289039,0.712392,,,4.01903,1.11608,0.832221,395.80999755859375,,,,,,,321.80000000000007,4.17922077922078,321,4.1688311688311686,,,,,,,,,,,,,,,,,,,"Zebby Matthews","31827",805673
"Jhoan Duran","MIN",2.6974,1.72952,0,3.28024,60.098,0,28,5.1077,,75.1225,311.902,63.3066,29.47,27.38,5.91311,25.3066,2.05986,4.32178,83.9236,10.0544,3.03184,3.31627,0.708417,0.26907,0.0811363,0.1879337877035141,0.224274,1.17958,0.298245,0.736209,,,3.13864,1.11023,1.04707,67.76000213623047,,,,,,,558.4000000000001,7.445333333333335,538,7.173333333333333,,,,,,,,,,,,,,,,,,,"Jhoan Duran","21029",661395
"A.J. Puk","ARI",2.54563,1.62621,0,3.4795,59.518,0.213,13,7.1341,,74.1312,307.456,61.3663,30.79,28.66,7.27466,24.0122,1.6808,3.68768,87.1649,10.5824,2.91524,3.63002,0.883189,0.283504,0.0780997,0.20540378987789154,0.219356,1.15172,0.291888,0.725969,,,3.21154,1.10934,0.782094,237.89999389648438,,,,,,,485.9,6.566216216216216,462,6.243243243243243,,,,,,,,,,,,,,,,,,,"A.J. Puk","19343",640462
"Sean Burke","CHW",6.32499,9.9346,6.0239,4.5214,27.091,22.173,0,0.5963,,119.87,517.31,110.507,64.84,60.22,18.831,50.3241,0.632348,5.61766,117.19,8.79876,3.7784,2.3287,1.41386,0.226537,0.0972804,0.1292562186717987,0.23952,1.34171,0.281778,0.71386,,,4.6535,1.10867,0.897061,417.760009765625,,,,,,,435.69999999999993,3.630833333333333,423,3.525,,,,,,,,,,,,,,,,,,,"Sean Burke","29878",680732
"Kyle Freeland","COL",6.83778,11.63,11.9976,5.54016,26.776,26.776,0,0,,151.241,665.983,177.572,100.18,93.1,23.9688,42.2811,0.354796,5.7167,104.508,6.21903,2.51605,2.47174,1.42633,0.156923,0.0634867,0.09343604743480682,0.28734,1.45366,0.31379,0.642378,,,4.79681,1.10704,-0.521377,750.280029296875,,,,,,,425.40000000000003,2.8172185430463577,509,3.370860927152318,,,,,,,,,,,,,,,,,,,"Kyle Freeland","16256",607536
"Jordan Montgomery","ARI",4.47895,6.71742,1.83816,4.80923,30.846,15.59,0,0.6241,,104.443,453.223,111.911,59.73,55.81,12.8511,32.901,1.61367,3.45508,79.3446,6.83723,2.83512,2.41162,1.10739,0.175068,0.0725935,0.1024741381406784,0.268458,1.38652,0.305109,0.670886,,,4.29095,1.09564,0.290188,494.19000244140625,,,,,,,372.50000000000006,3.5817307692307696,405,3.894230769230769,,,,,,,,,,,,,,,,,,,"Jordan Montgomery","16511",656756
"Matt Strahm","PHI",2.23672,1.33056,0,3.32936,56.487,0.433,4,8.3371,,70.0675,284.172,54.5403,27.87,25.92,8.24178,18.986,1.2368,3.61334,84.9685,10.914,2.4387,4.47533,1.05864,0.299004,0.0668116,0.23219244182109833,0.208509,1.04936,0.274993,0.736537,,,3.2379,1.07982,0.878942,515.7100219726562,,,,,,,429.6,6.137142857142858,399,5.7,,,,,,,,,,,,,,,,,,,"Matt Strahm","13799",621381
"Michael McGreevy","STL",1.41709,1.07332,0,3.51007,35.543,4.3,0,0.6347,,62.486,259.512,58.8669,26.12,24.37,4.82095,15.3103,1.68697,2.39513,53.3779,7.68814,2.20517,3.48642,0.694372,0.205685,0.0589962,0.14668916165828705,0.243446,1.1871,0.294355,0.71272,,,3.31103,1.07783,0.89231,455.6400146484375,,,,,,,302.9,4.885483870967741,304,4.903225806451613,,,,,,,,,,,,,,,,,,,"Michael McGreevy","29869",700241
"Ronel Blanco","HOU",10.0842,11.1197,12.2309,4.70541,28.264,27.85,0,0,,160.666,690.469,145.322,89.71,84,27.7948,67.779,0.38923,6.23265,156.416,8.76192,3.79677,2.30773,1.55698,0.226536,0.0981637,0.12837190181016922,0.235738,1.32636,0.271899,0.708378,,,4.85032,1.07678,1.00247,246.39999389648438,,,,,,,560.0000000000001,3.478260869565218,531,3.298136645962733,,,,,,,,,,,,,,,,,,,"Ronel Blanco","19407",669854
"Jonathan Cannon","CHW",7.88619,12.1319,10.4258,4.90705,29.625,26.219,0,0.5963,,152.67,665.596,163.15,89.59,83.24,22.6645,50.7679,0.564438,6.55893,104.49,6.15976,2.9928,2.05819,1.33609,0.156987,0.0762745,0.08071286231279373,0.268221,1.40118,0.292001,0.682417,,,4.85403,1.0702,0.469417,673.3300170898438,,,,,,,463.50000000000006,3.0294117647058827,504,3.2941176470588234,,,,,,,,,,,,,,,,,,,"Jonathan Cannon","31730",686563
"A.J. Minter","NYM",2.09449,1.12023,0,3.34018,51.82,0,2,11.7491,,64.775,264.066,51.3297,25.85,24.04,6.10341,20.0106,1.09229,2.32254,72.6816,10.0986,2.78032,3.63216,0.848023,0.275241,0.0757788,0.1994621679186821,0.212341,1.10135,0.277552,0.724419,,,3.18161,1.06104,0.816161,680.239990234375,,,,,,,412.6,6.347692307692308,385,5.923076923076923,,,,,,,,,,,,,,,,,,,"A.J. Minter","18655",621345
"Luis Gil","NYY",4.9362,5.45374,3.57165,4.24181,19.542,14.596,0,0.6608,,82.3021,353.708,68.4281,41.29,38.79,11.0918,39.8341,0.542599,3.99946,89.5498,9.79256,4.35599,2.24807,1.21293,0.253175,0.112619,0.14055592566728592,0.220826,1.31542,0.274032,0.7222,,,4.34014,1.05309,0.944082,320.57000732421875,,,,,,,346.7,4.228048780487804,319,3.8902439024390243,,,,,,,,,,,,,,,,,,,"Luis Gil","21052",661563
"Griffin Jax","MIN",2.76904,1.8029,0,3.47035,61.576,0.268,7,10.8946,,76.635,316.963,63.929,31.77,29.55,7.67259,23.6875,1.54535,3.64818,86.7894,10.1925,2.78186,3.66393,0.901068,0.273816,0.0747327,0.1990828514099121,0.220728,1.1433,0.28825,0.72646,,,3.27311,1.05281,0.840751,294.1199951171875,,,,,,,474.0000000000001,6.155844155844157,450,5.8441558441558445,,,,,,,,,,,,,,,,,,,"Griffin Jax","20253",643377
"Porter Hodge","CHC",2.45487,1.39232,0,3.16036,56.181,0,10,9.5129,,70.2262,292.835,52.2456,26.37,24.66,4.84243,30.4235,2.20313,4.35537,80.3983,10.3036,3.89899,2.64264,0.620592,0.274551,0.103893,0.17065871506929398,0.202458,1.17718,0.274299,0.741854,,,3.25891,1.04872,1.08994,284.4700012207031,,,,,,,469.3,6.704285714285715,433,6.185714285714286,,,,,,,,,,,,,,,,,,,"Porter Hodge","26413",687863
"Ryne Nelson","ARI",4.00925,5.15971,1.13181,4.43475,36.843,11.368,0,0.6241,,93.2725,397.499,92.2474,49.12,45.96,12.4982,26.7089,1.77494,3.4533,76.8395,7.41436,2.57718,2.87693,1.20597,0.193308,0.0671924,0.12611522525548935,0.251125,1.27536,0.286869,0.688321,,,4.23093,1.04123,0.573949,419.760009765625,,,,,,,369.40000000000003,3.9720430107526887,377,4.053763440860215,,,,,,,,,,,,,,,,,,,"Ryne Nelson","26253",669194
"Devin Williams","NYY",2.25272,1.19462,0,3.16967,55.766,0,31,2.8819,,69.7075,290.068,49.613,26.28,24.55,6.28666,32.1938,1.23023,3.8632,96.2787,12.4306,4.15658,2.99059,0.811677,0.331918,0.110987,0.22093064337968826,0.195318,1.17357,0.286085,0.760584,,,3.12832,1.03602,1.08994,40.86000061035156,,,,,,,565.2,8.074285714285715,523,7.4714285714285715,,,,,,,,,,,,,,,,,,,"Devin Williams","15816",642207
"Kyle Gibson",,6.65272,7.64888,9.44284,4.71988,20.378,20.378,0,0,,119.215,515.97,119.43,66.75,62.52,17.2866,43.9152,0.321619,5.22128,100.323,7.57378,3.31533,2.28447,1.30503,0.194436,0.0851119,0.10932403057813644,0.255831,1.37018,0.292488,0.694211,,,4.60497,1.02915,0.69517,679.1199951171875,,,,,,,415.0999999999999,3.488235294117646,427,3.588235294117647,,,,,,,,,,,,,,,,,,,"Kyle Gibson","10123",502043
"Camilo Doval","SFG",3.02061,1.84948,0,3.39996,61.603,0,9,11.6259,,77.0038,324.386,62.8217,31.18,29.09,5.09017,32.4678,2.27021,4.48691,85.0088,9.93561,3.79475,2.61825,0.594925,0.262061,0.10009,0.16197077929973602,0.218563,1.23747,0.292561,0.727168,,,3.25763,1.00547,0.945758,377.5,,,,,,,499.50000000000006,6.487012987012988,475,6.1688311688311686,,,,,,,,,,,,,,,,,,,"Camilo Doval","21992",666808
"Chris Martin","TEX",2.31223,1.23221,0,3.49064,54.186,0,15,6.2674,,67.7325,274.277,61.5549,28.16,26.27,7.38695,10.8148,1.257,2.66073,69.117,9.18396,1.43702,6.39097,0.981546,0.251997,0.0394301,0.21256672590970993,0.236022,1.06846,0.293915,0.712738,,,3.14024,0.996562,0.769798,283.6700134277344,,,,,,,450.90000000000003,6.630882352941177,444,6.529411764705882,,,,,,,,,,,,,,,,,,,"Chris Martin","11847",455119
"JP Sears","ATH",8.80331,11.8609,13.7537,4.9898,29.528,29.528,0,0,,172.071,736.357,170.527,102.33,95.4,33.3116,50.2076,0.519466,10.1518,136.605,7.14501,2.62606,2.72081,1.74233,0.185515,0.0681838,0.11733144521713257,0.252259,1.28281,0.271133,0.680101,,,5.14774,0.993716,0.507805,485.6199951171875,,,,,,,516.3,3.0017441860465115,525,3.052325581395349,,,,,,,,,,,,,,,,,,,"JP Sears","23429",676664
"Rhett Lowder","CIN",4.61746,7.79579,1.49176,4.75588,32.109,17.548,0,0.6021,,106.485,460.241,108.905,60.1,56.27,14.7358,35.2341,1.21676,5.00779,88.3307,7.46562,2.97794,2.50697,1.24546,0.191923,0.0765557,0.115367092192173,0.259299,1.35361,0.297128,0.68043,,,4.44018,0.987817,0.434839,506.07000732421875,,,,,,,376.5000000000001,3.5518867924528315,395,3.7264150943396226,,,,,,,,,,,,,,,,,,,"Rhett Lowder","33876",695076
"Tyler Anderson","LAA",9.1513,10.9237,13.8393,4.98992,28.432,28.432,0,0,,169.181,735.688,163.664,100.02,93.8,28.135,69.0492,0.609107,6.6329,134.018,7.12941,3.67324,1.9409,1.49671,0.182167,0.0938567,0.08830994367599487,0.247974,1.37553,0.272227,0.686377,,,5.08611,0.980263,0.523421,507.95001220703125,,,,,,,519.8000000000002,3.0757396449704153,521,3.0828402366863905,,,,,,,,,,,,,,,,,,,"Tyler Anderson","12880",542881
"Justin Martinez","ARI",2.63304,1.63512,0,3.28989,61.41,0,19,8.8451,,76.7625,328.423,61.3752,29.98,28.06,4.34631,38.9152,2.79759,5.12844,88.6998,10.3996,4.5626,2.27931,0.509583,0.270078,0.118491,0.15158694982528687,0.215821,1.3065,0.29806,0.746351,,,3.31282,0.978113,1.05117,185.39999389648438,,,,,,,539,7,510,6.623376623376624,,,,,,,,,,,,,,,,,,,"Justin Martinez","24453",679885
"Lance Lynn",,5.62217,6.53391,7.51615,4.60006,17.602,17.602,0,0,,99.5074,427.083,93.6405,54.82,50.86,16.335,36.8151,0.276975,4.59817,93.0709,8.41784,3.32976,2.52806,1.47743,0.217922,0.0862013,0.13172107189893723,0.2428,1.31101,0.279825,0.70302,,,4.67845,0.977742,0.710476,610.4099731445312,,,,,,,358.80000000000007,3.5880000000000005,352,3.52,,,,,,,,,,,,,,,,,,,"Lance Lynn","2520",458681
"Ben Brown","CHC",1.48307,2.06917,-1.34571,3.29492,24.994,4.411,0,0.6254,,47.5824,196.114,37.0493,18.7,17.42,4.48837,16.9241,1.12892,2.14928,55.2647,10.4531,3.20111,3.26545,0.848956,0.281799,0.0862972,0.1955021619796753,0.209271,1.13431,0.277617,0.739644,,,3.27239,0.972098,0.860492,418.69000244140625,,,,,,,266.80000000000007,5.5583333333333345,245,5.104166666666667,,,,,,,,,,,,,,,,,,,"Ben Brown","23590",676962
"Erik Miller","SFG",2.9171,1.70506,0,3.26982,57.913,1.653,1,12.2224,,70.325,295.275,51.0676,27.43,25.55,5.2486,35.4939,1.59254,3.26535,84.5997,10.8268,4.54241,2.3835,0.671701,0.286511,0.120206,0.16630540788173676,0.199082,1.23088,0.274912,0.746483,,,3.38418,0.963991,1.09006,999,,,,,,,432.9,6.184285714285714,394,5.628571428571429,,,,,,,,,,,,,,,,,,,"Erik Miller","26252",669062
"Josh Hader","HOU",2.49242,1.4911,0,3.27953,61.121,0,33,1.5241,,76.4013,311.131,50.5541,29.75,27.84,10.108,31.4446,1.18171,3.82604,107.531,12.6671,3.70414,3.4197,1.19071,0.345613,0.101065,0.24454769492149353,0.18326,1.07326,0.25563,0.77009,,,3.45644,0.963709,0.996358,40.029998779296875,,,,,,,590.8,7.773684210526315,534,7.026315789473684,,,,,,,,,,,,,,,,,,,"Josh Hader","14212",623352
"Alec Marsh","KCR",4.78404,6.75931,2.58057,4.7048,25.605,16.336,0,0.6444,,93.8871,407.284,90.1392,52.58,49.08,13.5903,36.1635,0.888652,5.64456,92.1215,8.83075,3.46663,2.54736,1.30276,0.226185,0.0887919,0.13739310204982758,0.246635,1.34526,0.294686,0.687222,,,4.42176,0.960107,0.429432,660.52001953125,,,,,,,351.4000000000001,3.7382978723404263,350,3.723404255319149,,,,,,,,,,,,,,,,,,,"Alec Marsh","27451",679525
"Paul Blackburn","NYM",4.43112,5.84041,1.86302,4.68393,35.749,13.764,0,0.6629,,97.7641,421.793,98.132,54.48,50.88,12.6515,33.8307,1.41547,4.23772,80.9734,7.45428,3.1144,2.39349,1.16467,0.191974,0.0802069,0.11176746338605881,0.255736,1.34981,0.294659,0.678182,,,4.36045,0.955727,0.445341,652.0900268554688,,,,,,,362.50000000000006,3.698979591836735,373,3.806122448979592,,,,,,,,,,,,,,,,,,,"Paul Blackburn","14739",621112
"Cade Cavalli","WSN",3.11026,5.19328,1.26375,4.19813,20.036,11.55,0,0.614,,69.3308,297.373,61.6909,34.64,32.34,7.49184,29.0059,0.822413,4.05895,65.6453,8.52157,3.76532,2.26317,0.972534,0.220751,0.0975405,0.12321054935455322,0.233405,1.30817,0.283511,0.698891,,,4.10831,0.947198,0.704947,639.0499877929688,,,,,,,300.3,4.352173913043479,291,4.217391304347826,,,,,,,,,,,,,,,,,,,"Cade Cavalli","27473",676917
"Dylan Lee","ATL",2.41245,1.13274,0,3.48942,56.289,0,0,12.498,,70.3613,289.24,61.4185,29.46,27.28,8.20338,17.8828,1.49907,1.86248,77.6095,9.92713,2.28741,4.3399,1.0493,0.268322,0.0618268,0.20649488270282745,0.227902,1.12706,0.289713,0.734943,,,3.31799,0.945458,0.773884,746.8300170898438,,,,,,,405,5.785714285714286,390,5.571428571428571,,,,,,,,,,,,,,,,,,,"Dylan Lee","19996",669276
"Jason Adam","SDP",2.54577,1.66774,0,3.42017,64.06,0,7,11.8412,,80.075,326.295,57.8496,32.44,30.43,8.98699,27.8372,1.63493,5.52025,91.1702,10.247,3.12875,3.27512,1.01009,0.27941,0.0853129,0.1940973997116089,0.197481,1.07008,0.253462,0.72836,,,3.59811,0.941948,1.00451,335.92999267578125,,,,,,,493.49999999999994,6.168749999999999,446,5.575,,,,,,,,,,,,,,,,,,,"Jason Adam","11861",592094
"Germán Márquez","COL",6.15258,9.82574,10.3992,5.33007,23.081,23.081,0,0,,131.368,577.338,146.231,83.49,77.8,20.2362,44.3637,0.339025,4.1554,105.101,7.20043,3.03935,2.36907,1.38638,0.182043,0.0768418,0.10520168393850327,0.276524,1.45085,0.312269,0.660065,,,4.67694,0.935266,-0.109347,632.280029296875,,,,,,,409.80000000000007,3.128244274809161,461,3.519083969465649,,,,,,,,,,,,,,,,,,,"German Marquez","15038",608566
"Michael Lorenzen","KCR",6.36333,9.00145,2.90266,4.60336,38.526,21.456,0,0.6444,,135.058,586.492,129.856,73.92,69.08,17.3731,55.9742,1.24574,6.32551,101.32,6.75173,3.73001,1.81011,1.15771,0.172755,0.0954389,0.07731620967388153,0.247726,1.37593,0.277393,0.692908,,,4.72218,0.924462,0.780084,551.8099975585938,,,,,,,471.9,3.4955555555555553,474,3.511111111111111,,,,,,,,,,,,,,,,,,,"Michael Lorenzen","14843",547179
"Hayden Wesneski","HOU",3.66279,4.85501,0.383478,4.06995,36.612,11.108,0,0.6475,,88.5194,370.999,78.2709,42.82,40.03,12.4941,28.3895,1.33859,4.34034,82.7629,8.41472,2.88644,2.91526,1.27031,0.223081,0.0765218,0.14655913412570953,0.231386,1.20494,0.270673,0.715951,,,4.24068,0.920776,0.949706,400.1400146484375,,,,,,,382.2,4.29438202247191,363,4.078651685393258,,,,,,,,,,,,,,,,,,,"Hayden Wesneski","27581",669713
"Bryan Abreu","HOU",2.64188,1.74329,0,3.64003,68.083,0,5,14.4955,,85.1038,358.075,65.8466,36.79,34.42,8.9142,36.6556,1.05392,5.78005,105.903,11.1996,3.87645,2.88913,0.942705,0.295756,0.102369,0.19338738173246384,0.208614,1.20444,0.283497,0.729955,,,3.53528,0.919323,0.752757,451.4700012207031,,,,,,,510.69999999999993,6.008235294117647,472,5.552941176470588,,,,,,,,,,,,,,,,,,,"Bryan Abreu","16609",650556
"Kyle Hart","SDP",4.17604,5.33624,2.75403,4.42764,26.562,12.68,0,0.6072,,83.6856,358.549,78.1693,44.13,41.17,12.2044,30.0993,0.817007,4.21029,84.2739,9.06326,3.23704,2.79986,1.31252,0.235041,0.0839475,0.15109370648860931,0.241085,1.29375,0.289623,0.703409,,,4.27823,0.91699,0.665844,489.8399963378906,,,,,,,341.2,4.061904761904762,334,3.9761904761904763,,,,,,,,,,,,,,,,,,,"Kyle Hart","19646",606996
"Cade Povich","BAL",5.0391,5.81549,3.39251,4.42894,21.126,15.309,0,0.6344,,85.551,366.173,80.0418,45.08,42.1,12.4098,31.6651,0.803141,3.34722,77.1032,8.11129,3.33118,2.43496,1.30552,0.210565,0.086476,0.12408938258886337,0.241701,1.30574,0.279879,0.706294,,,4.47749,0.916972,0.775782,481.2799987792969,,,,,,,333.79999999999995,3.881395348837209,327,3.802325581395349,,,,,,,,,,,,,,,,,,,"Cade Povich","30055",700249
"Gerrit Cole","NYY",3.53573,2.93422,4.26629,3.9797,9.047,9.047,0,0,,54.2754,224.81,48.0313,25.65,24,7.99237,15.2819,0.141397,1.82589,55.4748,9.19888,2.53406,3.63009,1.3253,0.246763,0.067977,0.1787859871983528,0.231251,1.16652,0.277595,0.722571,,,3.98222,0.914102,0.759174,148.97000122070312,,,,,,,235.40000000000003,4.35925925925926,225,4.166666666666667,,,,,,,,,,,,,,,,,,,"Gerrit Cole","13125",543037
"Keegan Akin","BAL",2.53965,1.64476,0,3.56943,60.39,0.441,1,16.3171,,74.9362,310.415,63.732,31.89,29.72,8.8023,22.4124,1.7675,2.72917,82.4392,9.90112,2.69178,3.67828,1.05717,0.265577,0.0722015,0.19337581098079681,0.223407,1.14957,0.283096,0.734944,,,3.49978,0.905553,0.731861,687.9000244140625,,,,,,,435.9,5.811999999999999,416,5.546666666666667,,,,,,,,,,,,,,,,,,,"Keegan Akin","19362",669211
"Davis Martin","CHW",6.02385,10.5533,8.89559,5.07012,24.768,24.768,0,0,,128.571,563.306,137.09,77.7,72.43,21.1769,44.1578,0.368249,6.68516,104.656,7.32595,3.09105,2.37005,1.48239,0.185789,0.0783903,0.10739851742982864,0.267511,1.40971,0.299803,0.683032,,,4.86605,0.898382,0.232793,619.9099731445312,,,,,,,397.09999999999997,3.0782945736434106,429,3.3255813953488373,,,,,,,,,,,,,,,,,,,"Davis Martin","21448",663436
"Liam Hendriks","BOS",2.17297,1.26436,0,3.78016,49.636,0,17,6.7785,,62.045,254.522,54.5423,27.98,26.06,8.35565,13.6611,1.26482,2.27773,72.5724,10.5271,1.98163,5.31233,1.21204,0.285132,0.0536736,0.23145847395062447,0.228609,1.09926,0.29296,0.71185,,,3.34853,0.895818,0.443515,237.3300018310547,,,,,,,428.4,6.909677419354838,417,6.725806451612903,,,,,,,,,,,,,,,,,,,"Liam Hendriks","3548",521230
"Yariel Rodríguez","TOR",3.69692,5.7736,-0.730844,4.19408,39.095,13.024,0,4.3776,,88.9682,382.423,73.6505,44.24,41.46,11.0144,42.5751,1.60312,5.75688,91.7216,9.27854,4.30688,2.15435,1.11421,0.239844,0.11133,0.12851373106241226,0.22045,1.30637,0.270736,0.714104,,,4.34375,0.894614,0.87758,581.9000244140625,,,,,,,383.9,4.313483146067416,355,3.9887640449438204,,,,,,,,,,,,,,,,,,,"Yariel Rodriguez","33838",684320
"Dustin May","LAD",2.5547,2.8439,-1.6975,3.77884,35.397,6.912,0,0.7135,,69.0211,290.164,62.434,31.19,28.98,6.64436,22.2536,1.22472,4.17732,59.4573,7.75292,2.90176,2.6718,0.86639,0.204909,0.0766932,0.12821567058563232,0.236731,1.22698,0.282291,0.709654,,,3.84388,0.892714,0.894578,379.1400146484375,,,,,,,307.3,4.453623188405797,298,4.318840579710145,,,,,,,,,,,,,,,,,,,"Dustin May","19716",669160
"Tyler Rogers","SFG",3.2601,2.06883,0,3.53996,66.021,0,2,14.1756,,82.5263,340.661,77.3163,35,32.46,6.54202,18.0424,1.29771,4.63681,59.417,6.47979,1.96764,3.29318,0.713448,0.174417,0.052963,0.1214536726474762,0.243147,1.1555,0.280825,0.700218,,,3.5815,0.890775,0.853233,747.3800048828125,,,,,,,442.90000000000003,5.336144578313253,439,5.289156626506024,,,,,,,,,,,,,,,,,,,"Tyler Rogers","15541",643511
"Osvaldo Bido","ATH",4.52098,6.58054,2.8913,4.67818,31.128,14.146,0,0.6679,,94.9793,411.48,87.869,52.69,49.37,14.0059,38.2133,1.0723,6.62397,89.183,8.45076,3.621,2.33382,1.32717,0.216737,0.092868,0.12386921048164368,0.239659,1.32747,0.280365,0.689298,,,4.62178,0.881793,0.408463,445.3399963378906,,,,,,,348.99999999999994,3.673684210526315,340,3.5789473684210527,,,,,,,,,,,,,,,,,,,"Osvaldo Bido","23150",674370
"Ben Lively","CLE",7.74148,10.4797,9.79746,4.92894,24.343,24.297,0,0,,133.057,573.137,133.859,77.88,72.87,22.1108,42.3734,0.293517,7.14781,99.4704,6.7282,2.86614,2.34748,1.49558,0.173554,0.0739324,0.09962201118469238,0.255644,1.32449,0.277957,0.676997,,,4.94814,0.869746,0.474028,528.2100219726562,,,,,,,416.20000000000005,3.129323308270677,430,3.2330827067669174,,,,,,,,,,,,,,,,,,,"Ben Lively","14932",594902
"Jack Leiter","TEX",4.44022,6.09498,0.954236,4.49499,29.714,15.399,0,0.6243,,96.6477,414.906,84.7017,51.65,48.27,14.8484,40.8498,1.15922,5.51294,99.9719,9.30955,3.80401,2.4473,1.38271,0.240951,0.0984557,0.14249510318040848,0.229828,1.29906,0.275313,0.705411,,,4.53406,0.866974,0.658374,486.6000061035156,,,,,,,375.30000000000007,3.8690721649484545,353,3.6391752577319587,,,,,,,,,,,,,,,,,,,"Jack Leiter","30146",683004
"Robert Garcia","TEX",2.63246,1.42673,0,3.57978,61.425,0,9,10.0447,,76.7812,321.136,63.53,32.82,30.54,8.10904,28.5688,2.43453,3.38434,87.565,10.264,3.34872,3.06506,0.950511,0.272673,0.0889616,0.1837109997868538,0.219688,1.1995,0.2864,0.734138,,,3.50702,0.860379,0.736064,494.9800109863281,,,,,,,470.0000000000001,6.103896103896106,446,5.792207792207792,,,,,,,,,,,,,,,,,,,"Robert Garcia","23363",676395
"Tyler Holton","DET",2.62233,1.61713,0,3.26045,59.031,0.909,6,13.3881,,72.6525,295.358,60.62,28.35,26.32,6.89042,18.3918,1.56078,2.85268,62.6132,7.75635,2.27833,3.4044,0.853567,0.211991,0.0622697,0.14972111582756042,0.221149,1.08753,0.262595,0.730363,,,3.55301,0.857943,1.1009,469.739990234375,,,,,,,440.5,6.034246575342466,419,5.739726027397261,,,,,,,,,,,,,,,,,,,"Tyler Holton","26231",663947
"Raisel Iglesias","ATL",2.75602,1.3343,0,3.61007,64.36,0,34,1.4498,,80.45,331.048,71.9143,34.76,32.27,9.9521,18.796,1.52024,3.09341,82.1245,9.18732,2.10272,4.36925,1.11335,0.248074,0.0567774,0.19129707291722298,0.232613,1.12754,0.285433,0.728735,,,3.54928,0.856134,0.690043,52.5,,,,,,,553.8,6.922499999999999,542,6.775,,,,,,,,,,,,,,,,,,,"Raisel Iglesias","17130",628452
"Alex Vesia","LAD",2.89046,1.3326,0,3.44978,56.748,0,1,13.5434,,70.935,293.644,52.5107,29.29,27.19,8.78719,28.7363,1.70741,3.141,88.5035,11.229,3.64596,3.07985,1.11489,0.301397,0.0978609,0.2035365030169487,0.200601,1.14537,0.265835,0.753601,,,3.62969,0.853722,0.828409,712.1199951171875,,,,,,,419.90000000000003,5.914084507042254,381,5.366197183098592,,,,,,,,,,,,,,,,,,,"Alex Vesia","25007",681911
"Aroldis Chapman","BOS",2.68606,1.4152,0,3.41029,59.453,0,12,9.7668,,74.3163,317.385,49.3396,30.17,28.16,6.64403,46.7989,1.38745,4.1235,108.431,13.1314,5.66753,2.31695,0.80462,0.341637,0.147451,0.19418591260910034,0.185165,1.29364,0.282027,0.759683,,,3.46626,0.841963,0.887128,283.1000061035156,,,,,,,497.1,6.717567567567568,442,5.972972972972973,,,,,,,,,,,,,,,,,,,"Aroldis Chapman","10233",547973
"Cal Quantrill","MIA",6.34424,10.7212,8.58232,5.01261,23.873,22.966,0,0,,124.929,550.978,130.635,74.44,69.58,17.3431,50.0644,0.423448,7.50277,89.8407,6.4722,3.60669,1.7945,1.24941,0.163057,0.0908646,0.07219203561544418,0.264759,1.44642,0.293329,0.679325,,,4.91532,0.829908,0.365848,724.3099975585938,,,,,,,381.29999999999995,3.0504,410,3.28,,,,,,,,,,,,,,,,,,,"Cal Quantrill","19312",615698
"Mitch Spence","ATH",6.41179,8.8821,6.65828,4.82762,26.74,20.2,0,0.6679,,121.42,520.662,124.471,69.73,65.13,19.5231,36.0018,0.769774,5.61557,94.6809,7.01802,2.66855,2.6299,1.44711,0.181847,0.0691462,0.11270111799240112,0.259831,1.32163,0.287653,0.681556,,,4.72545,0.828313,0.437717,571.1599731445312,,,,,,,395.0000000000001,3.2644628099173563,413,3.4132231404958677,,,,,,,,,,,,,,,,,,,"Mitch Spence","27707",687765
"Jeremiah Estrada","SDP",2.24488,1.51526,0,3.58054,58.657,0,4,13.1587,,73.3213,307.587,55.1068,31.28,29.17,8.97397,31.8425,2.06493,3.52333,98.1464,12.0472,3.90858,3.08225,1.10153,0.319085,0.103524,0.21556168049573898,0.202434,1.18587,0.279423,0.748387,,,3.52744,0.822945,0.72766,442.1000061035156,,,,,,,446.5,6.116438356164384,408,5.589041095890411,,,,,,,,,,,,,,,,,,,"Jeremiah Estrada","22210",669093
"Tanner Scott","LAD",3.10371,1.46507,0,3.45979,63.264,0,21,7.607,,79.08,337.924,64.8808,32.76,30.4,6.23143,38.5162,1.59583,4.68825,91.3669,10.3984,4.38348,2.37217,0.709192,0.270377,0.113979,0.15639838576316833,0.220145,1.3075,0.29753,0.746116,,,3.51914,0.818273,0.844932,111.66000366210938,,,,,,,528.8000000000001,6.69367088607595,504,6.379746835443038,,,,,,,,,,,,,,,,,,,"Tanner Scott","17586",656945
"Antonio Senzatela","COL",4.80644,9.85117,4.57369,5.52941,28.104,20.682,0,0.5596,,111.104,494.389,134.195,72.95,68.26,14.5961,33.5848,0.824832,4.82508,69.3792,5.62007,2.72054,2.06579,1.18236,0.140333,0.0679318,0.07240130752325058,0.294299,1.51011,0.321497,0.643588,,,4.66256,0.815908,-0.440799,744,,,,,,,313.5000000000001,2.8243243243243255,385,3.4684684684684686,,,,,,,,,,,,,,,,,,,"Antonio Senzatela","15488",622608
"Will Warren","NYY",3.18674,4.46308,0.115276,4.27962,31.655,10.552,0,0.6608,,75.918,325.362,71.7518,38.72,36.1,9.88179,27.3295,1.2257,4.06354,75.0529,8.89744,3.23989,2.74622,1.17148,0.230675,0.0839972,0.14667756110429764,0.244079,1.30511,0.295979,0.708077,,,4.12194,0.814408,0.609636,470.2200012207031,,,,,,,313.2,4.121052631578947,311,4.092105263157895,,,,,,,,,,,,,,,,,,,"Will Warren","30182",701542
"Marcus Stroman","NYY",5.89297,7.28195,4.7834,4.67112,26.701,18.218,0,0,,110.344,477.781,112.931,61.64,57.27,13.8902,39.8609,0.782215,4.43244,77.0569,6.285,3.25118,1.93314,1.13293,0.161281,0.0834293,0.0778515413403511,0.260517,1.38469,0.289136,0.683576,,,4.6105,0.81055,0.528691,521.1400146484375,,,,,,,369.99999999999994,3.3636363636363633,390,3.5454545454545454,,,,,,,,,,,,,,,,,,,"Marcus Stroman","13431",573186
"Ryan Fernandez","STL",2.31008,1.87768,0,3.84008,58.78,0,2,15.643,,73.475,308.076,66.9897,33.52,31.35,7.40061,22.168,1.98002,2.8853,71.6542,8.77697,2.71537,3.23233,0.906505,0.232586,0.0719563,0.16062996536493301,0.236694,1.21344,0.292149,0.70609,,,3.54837,0.794767,0.414844,657.5700073242188,,,,,,,422.90000000000003,5.793150684931508,417,5.712328767123288,,,,,,,,,,,,,,,,,,,"Ryan Fernandez","24862",681676
"Cole Sands","MIN",2.4628,1.75929,0,3.81941,55.632,0.191,4,15.0246,,69.3012,291.727,59.0365,31.6,29.41,7.39942,24.5186,1.25936,3.91781,75.6667,9.82666,3.18417,3.0861,0.960946,0.259375,0.0840462,0.1753285825252533,0.224225,1.20568,0.286515,0.709808,,,3.6018,0.792596,0.406341,683.47998046875,,,,,,,416.1,6.030434782608696,399,5.782608695652174,,,,,,,,,,,,,,,,,,,"Cole Sands","21461",663485
"Luis Garcia","HOU",3.92539,4.81146,2.15319,4.38018,27.006,11.445,1,0.6475,,79.9899,336.188,71.3334,41.64,38.93,13.2548,26.1115,0.815565,2.89733,78.2464,8.80383,2.93791,2.99663,1.49135,0.232746,0.0776693,0.15507656335830688,0.232221,1.21822,0.269284,0.707392,,,4.45221,0.789771,0.585846,497.07000732421875,,,,,,,325.5,4.06875,309,3.8625,,,,,,,,,,,,,,,,,,,"Luis Garcia","23735",677651
"Dedniel Núñez","NYM",1.6457,0.928886,0,3.51003,41.374,0,1,4.3312,,51.7175,214.73,41.2453,21.67,20.17,5.38759,18.5076,1.92676,2.45732,62.135,10.8129,3.22073,3.35727,0.93756,0.289363,0.0861899,0.20317312330007553,0.212862,1.15537,0.284038,0.729414,,,3.33399,0.785873,0.527006,744.4500122070312,,,,,,,298.70000000000005,5.74423076923077,277,5.326923076923077,,,,,,,,,,,,,,,,,,,"Dedniel Nunez","23055",673380
"Tim Herrin","CLE",2.17976,1.55421,0,3.3906,57.25,0,0,13.5658,,71.5625,298.799,58.8507,28.92,26.96,5.68707,27.4828,1.48227,3.24023,72.4958,9.11738,3.45635,2.63787,0.71523,0.242624,0.0919773,0.15064658224582672,0.21953,1.20641,0.279966,0.73258,,,3.46146,0.784779,0.883085,750.0900268554688,,,,,,,415.60000000000014,5.772222222222224,392,5.444444444444445,,,,,,,,,,,,,,,,,,,"Tim Herrin","25139",682120
"Bryan Hudson","MIL",2.52392,1.41852,0,3.24046,52.437,0,2,11.3546,,65.5462,271.264,50.9945,25.27,23.6,5.35128,24.9206,1.42255,3.26041,70.8996,9.73506,3.42178,2.84502,0.734771,0.261368,0.0918683,0.1694992110133171,0.209782,1.15819,0.273587,0.740173,,,3.35429,0.780575,0.97645,999,,,,,,,406.30000000000007,6.156060606060607,377,5.712121212121212,,,,,,,,,,,,,,,,,,,"Bryan Hudson","19924",663542
"Garrett Whitlock","BOS",2.13656,1.47894,-0.199655,3.78807,46.469,0.905,4,13.0361,,58.6605,243.092,54.8283,26.56,24.69,6.25185,13.2647,1.07958,2.58657,55.3163,8.48692,2.03513,4.1702,0.959192,0.227553,0.0545665,0.1729867160320282,0.241279,1.1608,0.293208,0.699911,,,3.47666,0.779189,0.44415,548.5700073242188,,,,,,,353.8,5.996610169491525,351,5.9491525423728815,,,,,,,,,,,,,,,,,,,"Garrett Whitlock","20191",676477
"Lucas Erceg","KCR",2.6058,1.63496,0,3.62988,60.835,0,14,9.9959,,76.0437,327.056,62.6956,32.72,30.67,5.55307,37.3738,1.49626,5.50064,85.1466,10.0774,4.4233,2.27824,0.657222,0.260343,0.114274,0.14606929570436478,0.220618,1.31595,0.295339,0.729718,,,3.56783,0.771835,0.681649,200.77999877929688,,,,,,,475.8,6.260526315789474,453,5.9605263157894735,,,,,,,,,,,,,,,,,,,"Lucas Erceg","19360",668674
"Matt Waldron","SDP",3.99655,5.22638,3.2979,4.66492,19.284,12.566,0,0.6072,,78.7537,336.754,77.3897,43.7,40.82,12.3556,23.841,0.722515,4.12015,65.5388,7.4898,2.72456,2.749,1.41201,0.194619,0.0707965,0.12382274121046066,0.25062,1.28541,0.281656,0.685438,,,4.60678,0.766954,0.437229,576.739990234375,,,,,,,288.8,3.6556962025316455,291,3.6835443037974684,,,,,,,,,,,,,,,,,,,"Matt Waldron","25550",663362
"Jose A. Ferrer","WSN",2.43672,1.75007,0,3.5095,58.039,0,4,11.3365,,72.5488,301.989,66.1019,30.53,28.29,5.47005,20.4159,1.90518,3.29096,58.5849,7.26772,2.53268,2.86958,0.678584,0.193996,0.0676046,0.12639187276363373,0.237535,1.19255,0.283025,0.709967,,,3.51192,0.766707,0.727723,627.52001953125,,,,,,,420.1,5.754794520547946,413,5.657534246575342,,,,,,,,,,,,,,,,,,,"Jose A. Ferrer","24017",678606
"Andrew Nardi","MIA",1.76559,1.49167,0,3.51945,52.556,0,2,0.5898,,65.695,274.532,53.7542,27.75,25.69,7.87444,24.1452,1.47085,3.0324,79.7438,10.9246,3.30782,3.30267,1.07877,0.290472,0.0879506,0.20252148061990738,0.217317,1.18577,0.287222,0.749895,,,3.53809,0.765742,0.660774,748.260009765625,,,,,,,342.60000000000014,5.190909090909093,319,4.833333333333333,,,,,,,,,,,,,,,,,,,"Andrew Nardi","25942",677053
"Clayton Kershaw","LAD",4.22412,3.2428,3.38635,4.08743,10.504,10.242,0,0,,53.8578,226.568,50.9539,26.49,24.46,7.46188,16.4794,0.171954,1.74678,47.8399,7.99436,2.75382,2.90301,1.24693,0.21115,0.0727349,0.1384149119257927,0.244568,1.25206,0.284186,0.718471,,,4.20632,0.76551,0.748498,541.9000244140625,,,,,,,222.9,4.127777777777778,221,4.092592592592593,,,,,,,,,,,,,,,,,,,"Clayton Kershaw","2036",477132
"Joel Payamps","MIL",2.78969,1.83637,0,3.74009,59.697,0,7,13.362,,74.6212,308.213,65.3932,33.31,31.01,9.34399,19.7028,1.78732,3.63949,74.0996,8.93709,2.37634,3.76086,1.12697,0.240417,0.063926,0.1764908879995346,0.229554,1.14037,0.27826,0.719106,,,3.74674,0.760153,0.627337,498.80999755859375,,,,,,,438.29999999999995,5.843999999999999,421,5.613333333333333,,,,,,,,,,,,,,,,,,,"Joel Payamps","14332",606303
"Yuki Matsui","SDP",2.08748,1.38046,0,3.47045,53.547,0,2,10.9561,,66.9337,279.097,51.3124,27.67,25.81,7.0086,27.8326,1.93902,2.58919,76.441,10.2784,3.7424,2.74646,0.942386,0.273887,0.0997237,0.1741633489727974,0.206343,1.18244,0.268141,0.742432,,,3.60714,0.756765,0.715218,731.760009765625,,,,,,,390.0999999999999,5.822388059701491,357,5.3283582089552235,,,,,,,,,,,,,,,,,,,"Yuki Matsui","33826",673513
"J.T. Ginn","ATH",3.31538,5.43859,0.721516,4.34735,24.16,12.309,0,0.6679,,78.2545,335.087,75.4183,40.49,37.8,9.55541,26.8375,1.27066,4.7658,62.2193,7.1558,3.08656,2.31837,1.09896,0.185681,0.0800912,0.1055900901556015,0.248509,1.30671,0.284249,0.694948,,,4.37525,0.756029,0.714077,746.3599853515625,,,,,,,291.20000000000005,3.733333333333334,292,3.7435897435897436,,,,,,,,,,,,,,,,,,,"J.T. Ginn","27889",669372
"Aaron Ashby","MIL",2.1123,2.96871,-1.43189,3.67779,31.722,6.055,0,0.5961,,62.1813,266.227,52.9745,27.28,25.41,4.89862,29.4023,1.4426,3.2641,63.0171,9.12098,4.25563,2.14327,0.709016,0.236705,0.110441,0.1262640282511711,0.226813,1.32478,0.290235,0.729578,,,3.73975,0.751919,0.881209,561.0900268554688,,,,,,,293.49999999999994,4.733870967741934,279,4.5,,,,,,,,,,,,,,,,,,,"Aaron Ashby","23550",676879
"Kevin Kelly","TBR",2.18311,1.29186,0,3.41069,46.78,0,0,0.6853,,58.475,239.589,52.3746,23.78,22.16,4.70908,12.6462,1.22233,3.6611,49.8688,7.6754,1.94641,3.94337,0.724783,0.208143,0.052783,0.15535998344421387,0.234567,1.11194,0.28254,0.705839,,,3.34437,0.750873,0.644166,999,,,,,,,285.50000000000006,4.922413793103449,278,4.793103448275862,,,,,,,,,,,,,,,,,,,"Kevin Kelly","25679",687330
"Martín Pérez","CHW",7.66789,12.0003,10.9443,5.05197,26.333,25.799,0,0,,145.939,641.647,158.838,87.96,81.92,22.1614,52.8268,0.418135,6.24934,98.2879,6.06138,3.25781,1.86057,1.36669,0.153181,0.08233,0.07085058093070984,0.27265,1.45036,0.295758,0.684818,,,5.00801,0.73922,0.295597,686.8099975585938,,,,,,,415.4000000000001,2.8452054794520554,463,3.171232876712329,,,,,,,,,,,,,,,,,,,"Martin Perez","6902",527048
"Trevor Williams","WSN",4.92988,8.46298,2.85134,4.78315,37.174,17.391,0,0.614,,110.168,475.266,111.718,62.89,58.55,17.1991,35.8622,1.18094,4.7613,87.6384,7.15948,2.92971,2.44375,1.40505,0.184398,0.0754571,0.10894127935171127,0.257034,1.33959,0.28659,0.685742,,,4.71123,0.737039,0.314885,523.3599853515625,,,,,,,370.7,3.37,386,3.5090909090909093,,,,,,,,,,,,,,,,,,,"Trevor Williams","16977",592866
"Yimi García","TOR",2.17039,1.57753,0,3.61015,53.928,0,5,14.2488,,67.41,275.668,54.9191,28.94,27.04,9.1927,18.4787,1.73409,3.31436,75.6784,10.1039,2.46711,4.09545,1.22733,0.274527,0.0670323,0.2074951007962227,0.216323,1.08883,0.270564,0.734499,,,3.66385,0.733044,0.610543,549.9500122070312,,,,,,,412.0999999999999,6.150746268656715,388,5.791044776119403,,,,,,,,,,,,,,,,,,,"Yimi Garcia","12095",554340
"Kevin Ginkel","ARI",2.47604,1.73252,0,3.91965,59.387,0,6,13.5422,,74.2337,313.447,66.6376,34.63,32.33,7.73186,25.2513,1.45735,3.54852,76.9511,9.32945,3.06143,3.04742,0.9374,0.2455,0.08056,0.16493970155715942,0.234106,1.23783,0.294582,0.706339,,,3.61117,0.731092,0.365084,589.52001953125,,,,,,,428.00000000000006,5.783783783783784,419,5.662162162162162,,,,,,,,,,,,,,,,,,,"Kevin Ginkel","19876",656464
"Brant Hurter","DET",2.11109,1.51782,0.5743,3.35848,38.548,1.308,0,4.6407,,54.1048,223.899,48.355,21.77,20.19,4.03518,14.5385,1.26866,2.59931,47.2755,7.86399,2.4184,3.25173,0.671227,0.211147,0.0649336,0.14621330797672272,0.233869,1.16244,0.285107,0.718387,,,3.33874,0.728345,0.699235,634.0999755859375,,,,,,,285.6,5.28888888888889,278,5.148148148148148,,,,,,,,,,,,,,,,,,,"Brant Hurter","30133",676428
"David Bednar","PIT",1.95386,1.48401,0,4.06963,57.906,0,23,4.4543,,72.3825,306.075,65.1509,35.06,32.73,7.93458,24.1677,1.75919,3.68727,73.2249,9.10474,3.005,3.02986,0.986582,0.239238,0.07896,0.1602780818939209,0.23417,1.23398,0.290349,0.693754,,,3.72276,0.7243,0.257226,132.89999389648438,,,,,,,458.4000000000001,6.366666666666668,449,6.236111111111111,,,,,,,,,,,,,,,,,,,"David Bednar","19569",670280
"Matthew Liberatore","STL",2.70403,3.06049,0.408215,4.09109,48.352,4.018,1,12.6297,,70.3749,300.155,65.9417,34.25,31.99,6.88736,24.7584,1.59619,3.21013,62.8536,8.03813,3.16627,2.53868,0.8808,0.209404,0.0824854,0.12691837549209595,0.242266,1.28881,0.291705,0.696418,,,3.84476,0.721024,0.471715,681.6900024414062,,,,,,,359.29999999999995,5.132857142857143,358,5.114285714285714,,,,,,,,,,,,,,,,,,,"Matthew Liberatore","22294",669461
"Blake Treinen","LAD",2.57168,1.22198,0,3.52036,51.847,0,6,13.9874,,64.8087,270.323,53.9996,27.28,25.35,6.37022,23.6662,1.05864,3.21643,70.3733,9.77276,3.28652,2.97359,0.884633,0.26033,0.0875476,0.17278265953063965,0.221818,1.19838,0.285724,0.732911,,,3.51696,0.713965,0.711114,481.4800109863281,,,,,,,411.80000000000007,6.3353846153846165,392,6.030769230769231,,,,,,,,,,,,,,,,,,,"Blake Treinen","12572",595014
"Jeff Hoffman","TOR",2.35693,1.84653,0,3.94026,60.465,0,26,3.9399,,75.5813,319.472,60.4274,35.49,33.09,9.91379,31.7124,1.5947,4.17761,95.4991,11.3718,3.77622,3.01141,1.18051,0.298928,0.099265,0.19966278225183487,0.213086,1.21908,0.283515,0.723862,,,3.76916,0.713916,0.473194,98.72000122070312,,,,,,,511.4,6.728947368421053,478,6.2894736842105265,,,,,,,,,,,,,,,,,,,"Jeff Hoffman","17432",656546
"Caleb Ferguson","PIT",1.82884,1.35457,0,3.86052,54.152,0.439,1,10.9216,,67.1413,286.828,60.8946,30.88,28.8,5.56964,25.5074,1.07093,4.4044,66.1054,8.86115,3.41916,2.59162,0.746586,0.23047,0.088929,0.14154121279716492,0.237021,1.28687,0.298664,0.706346,,,3.61225,0.713482,0.402097,999,,,,,,,354.4,5.28955223880597,348,5.1940298507462686,,,,,,,,,,,,,,,,,,,"Caleb Ferguson","19349",657571
"Ryan Pressly","CHC",2.30796,1.48119,0,3.69971,55.639,0,23,5.2818,,69.5488,290.446,64.5832,30.68,28.59,6.5859,19.6882,0.864003,2.74916,65.5655,8.48454,2.54777,3.33018,0.852252,0.22574,0.0677862,0.15795426070690155,0.240974,1.21169,0.29612,0.714065,,,3.4799,0.712832,0.564643,165.42999267578125,,,,,,,460.9,6.584285714285714,457,6.5285714285714285,,,,,,,,,,,,,,,,,,,"Ryan Pressly","7005",519151
"Evan Phillips","LAD",2.45806,1.15513,0,3.56027,49.567,0,4,7.135,,61.9588,256.117,53.1275,26.4,24.51,6.85046,17.7291,1.25139,3.01332,65.6119,9.53066,2.57529,3.70081,0.995084,0.25618,0.0692227,0.18695727735757828,0.225715,1.14361,0.284062,0.725633,,,3.49023,0.712083,0.652455,641.5700073242188,,,,,,,351.8999999999999,5.675806451612902,336,5.419354838709677,,,,,,,,,,,,,,,,,,,"Evan Phillips","17734",623465
"Kyle Wright","KCR",3.7607,4.82167,1.84836,4.47664,25.52,11.329,0,0.6444,,74.9089,324.379,74.9464,39.92,37.26,8.66561,26.996,0.804633,4.59535,62.031,7.45278,3.24346,2.29779,1.04114,0.19123,0.0832237,0.10800671577453613,0.255976,1.36088,0.29844,0.690591,,,4.27936,0.711903,0.493914,696.030029296875,,,,,,,281.3,3.750666666666667,290,3.8666666666666667,,,,,,,,,,,,,,,,,,,"Kyle Wright","19665",657140
"Joe Mantiply","ARI",2.33197,1.64062,0,3.93014,56.504,0.39,1,11.4553,,70.1425,295.118,69.3993,33.02,30.63,6.52298,17.6351,1.93759,2.52533,60.3826,7.7477,2.26277,3.424,0.836965,0.204605,0.0597561,0.1448485404253006,0.2524,1.24082,0.302214,0.693361,,,3.51598,0.709451,0.356556,999,,,,,,,358.5,5.121428571428571,365,5.214285714285714,,,,,,,,,,,,,,,,,,,"Joe Mantiply","14857",573009
"Colin Rea","CHC",5.91352,7.77372,4.63514,4.86907,29.075,18.566,0,0.6254,,116.283,498.822,117.782,67.38,62.91,19.249,34.9273,0.929811,5.35016,89.0415,6.89158,2.70328,2.54934,1.48982,0.178504,0.0700196,0.1084841713309288,0.256861,1.31326,0.28132,0.678506,,,4.82611,0.706272,0.392635,594.8099975585938,,,,,,,379.90000000000003,3.2750000000000004,395,3.4051724137931036,,,,,,,,,,,,,,,,,,,"Colin Rea","12317",607067
"AJ Smith-Shawver","ATL",2.93828,3.6828,-0.601789,4.23827,30.857,9.394,0,0.6159,,68.7167,293.603,58.9358,34.85,32.36,10.0598,29.3828,1.19567,3.29242,74.7579,9.79123,3.84834,2.54428,1.31756,0.254623,0.100077,0.1545460894703865,0.225871,1.28526,0.277532,0.720263,,,4.32032,0.705678,0.559456,474.19000244140625,,,,,,,292.20000000000005,4.234782608695653,273,3.9565217391304346,,,,,,,,,,,,,,,,,,,"AJ Smith-Shawver","29960",700363
"Tony Gonsolin","LAD",4.67902,5.15826,0.873361,4.47898,28.094,14.402,0,0.7135,,91.3668,389.855,86.2562,48.86,45.47,13.6371,31.4939,1.10206,4.13306,74.3854,7.32726,3.10227,2.3619,1.34331,0.190803,0.0807836,0.11001916229724884,0.243505,1.28876,0.272793,0.69827,,,4.64833,0.70519,0.595779,417.54998779296875,,,,,,,324.6,3.5670329670329672,320,3.5164835164835164,,,,,,,,,,,,,,,,,,,"Tony Gonsolin","19388",664062
"Ian Anderson","ATL",4.57165,4.86254,2.84735,4.50849,19.175,13.62,0,0.6159,,76.1564,330.763,76.1033,41.07,38.15,9.2796,30.94,0.59004,2.64201,61.3916,7.25513,3.65643,1.98421,1.09664,0.185606,0.0935413,0.09206454455852509,0.256084,1.40557,0.295015,0.701457,,,4.46115,0.701989,0.566682,560.4000244140625,,,,,,,278.1,3.65921052631579,287,3.776315789473684,,,,,,,,,,,,,,,,,,,"Ian Anderson","19951",666120
"Adrian Morejon","SDP",2.09761,1.48032,0,3.74029,55.632,0,1,11.7577,,69.54,289.929,61.4896,31.04,28.9,7.47209,21.5008,1.41917,2.50071,69.3685,8.9778,2.78267,3.22632,0.967052,0.239261,0.0741589,0.16510164737701416,0.231227,1.19342,0.285676,0.716266,,,3.60371,0.691053,0.564643,647.780029296875,,,,,,,389.29999999999995,5.5614285714285705,375,5.357142857142857,,,,,,,,,,,,,,,,,,,"Adrian Morejon","20039",670970
"Gabe Speier","SEA",1.78821,1.33329,0,3.5203,47.021,0,0,9.8668,,58.7762,242.839,50.3609,24.74,22.99,6.42283,16.8653,1.86825,2.68168,63.1202,9.66517,2.58246,3.74262,0.983483,0.259926,0.0694503,0.19047559797763824,0.225538,1.14376,0.285777,0.729574,,,3.43695,0.687344,0.593889,999,,,,,,,338.8,5.742372881355933,323,5.47457627118644,,,,,,,,,,,,,,,,,,,"Gabe Speier","17170",642100
"Andrew Chafin","DET",1.9891,1.3684,0,3.60038,46.835,0,2,0.5801,,58.5438,246.798,48.5002,25.27,23.42,5.33741,23.8871,1.09785,2.48282,64.6259,9.93502,3.67219,2.70547,0.820526,0.261858,0.0967883,0.16506972908973694,0.220028,1.23647,0.286864,0.725832,,,3.4952,0.682233,0.593889,999,,,,,,,313.70000000000005,5.3169491525423735,296,5.016949152542373,,,,,,,,,,,,,,,,,,,"Andrew Chafin","12988",605177
"Beau Brieske","DET",2.34174,2.37136,-0.939174,3.78355,52.796,2.167,7,10.1605,,64.6535,270.021,54.8676,29.17,27.18,7.26094,21.5279,1.33767,2.94637,59.6646,8.30553,2.99676,2.7715,1.01075,0.220963,0.0797268,0.14123588800430298,0.223451,1.18161,0.266523,0.713051,,,3.91641,0.677736,0.60849,484.54998779296875,,,,,,,371.9,5.7215384615384615,354,5.446153846153846,,,,,,,,,,,,,,,,,,,"Beau Brieske","26079",689225
"Drew Thorpe","CHW",4.61394,6.72074,6.64195,4.57023,16.532,16.532,0,0,,91.0785,389.81,89.2862,49.94,46.25,14.3555,30.799,0.209388,3.41596,64.04,6.32817,3.04343,2.07929,1.41855,0.164285,0.0790101,0.085274837911129,0.251089,1.31848,0.270313,0.70154,,,4.93623,0.675904,0.651044,718.4299926757812,,,,,,,295.80000000000007,3.2505494505494514,299,3.2857142857142856,,,,,,,,,,,,,,,,,,,"Drew Thorpe","31967",689672
"Pierce Johnson","ATL",2.47356,1.29273,0,3.88977,59.547,0,3,12.2567,,74.4337,317.753,64.6382,34.61,32.17,8.36564,31.0729,1.43778,3.50633,86.6943,10.4825,3.75712,2.79003,1.01151,0.272835,0.0977894,0.17504581809043884,0.228263,1.28586,0.29914,0.727401,,,3.69181,0.673948,0.365078,699.2100219726562,,,,,,,412.20000000000005,5.570270270270271,398,5.378378378378378,,,,,,,,,,,,,,,,,,,"Pierce Johnson","13435",572955
"Kyle Hendricks","LAA",6.26885,8.29215,8.41003,5.05972,21.644,21.644,0,0,,116.117,498.853,122.073,69.57,65.28,20.1805,32.224,0.283747,4.75313,75.3636,5.84129,2.49762,2.33874,1.56415,0.151074,0.0645961,0.08647772669792175,0.264298,1.3288,0.278142,0.6722,,,5.08309,0.664437,0.223695,699.9099731445312,,,,,,,334.2000000000001,2.8810344827586216,359,3.0948275862068964,,,,,,,,,,,,,,,,,,,"Kyle Hendricks","12049",543294
"Matt Brash","SEA",1.38376,0.949683,0,3.12062,35.538,0.122,3,0.6186,,44.27,184.144,32.636,16.38,15.35,3.48333,19.4397,0.927774,2.44074,55.7075,11.3252,3.95204,2.86566,0.708154,0.302521,0.105568,0.19695327430963516,0.201129,1.17632,0.282835,0.75628,,,3.1554,0.662758,0.721233,685.530029296875,,,,,,,270.90000000000003,6.156818181818182,249,5.659090909090909,,,,,,,,,,,,,,,,,,,"Matt Brash","25756",666374
"Colin Holderman","PIT",1.95699,1.42383,0,3.82984,56.888,0,2,10.1433,,71.11,303.253,60.5256,32.33,30.26,6.20932,29.821,1.55087,4.81916,71.137,9.00342,3.77427,2.38547,0.78588,0.23458,0.0983369,0.13624295592308044,0.225327,1.27052,0.283982,0.710521,,,3.76228,0.659987,0.514623,701.9500122070312,,,,,,,379.9999999999999,5.352112676056336,364,5.126760563380282,,,,,,,,,,,,,,,,,,,"Colin Holderman","22361",670059
"Ryan Brasier","CHC",2.09884,1.35248,0,3.75992,49.789,0.805,1,13.3277,,61.23,254.408,54.2646,27.5,25.58,6.63485,17.1632,0.914469,2.65451,57.3431,8.42868,2.52276,3.34105,0.975235,0.225398,0.0674633,0.15793517231941223,0.231317,1.16655,0.27917,0.706928,,,3.67309,0.658122,0.445831,749.0900268554688,,,,,,,335.9000000000001,5.506557377049182,325,5.327868852459017,,,,,,,,,,,,,,,,,,,"Ryan Brasier","5615",518489
"José Leclerc","ATH",2.6122,2.07071,0,3.85946,61.563,0,4,12.8673,,76.9538,325.388,58.1725,35.18,33,8.9179,35.941,1.31843,5.24493,88.3461,10.3324,4.20342,2.45808,1.04298,0.27151,0.110456,0.16105400770902634,0.204687,1.22299,0.263481,0.721973,,,3.98253,0.655838,0.52731,584.3599853515625,,,,,,,433.3,5.627272727272727,393,5.103896103896104,,,,,,,,,,,,,,,,,,,"Jose Leclerc","14524",600917
"Bryan King","HOU",1.92491,1.20737,0,3.39029,48.633,0,0,13.1386,,60.7912,255.941,48.3818,24.44,22.9,4.61034,26.6347,1.30962,3.37781,63.3208,9.37449,3.94321,2.37738,0.68255,0.247403,0.104066,0.1433376669883728,0.214146,1.234,0.277039,0.737675,,,3.55026,0.653207,0.808018,999,,,,,,,353.1000000000001,5.788524590163936,328,5.377049180327869,,,,,,,,,,,,,,,,,,,"Bryan King","25890",687911
"Paul Sewald","CLE",1.96505,1.5797,0,3.90046,52.48,0,3,11.9038,,65.6,272.341,54.106,30.47,28.43,9.4795,20.6481,1.49893,3.10885,75.3568,10.3386,2.83282,3.64958,1.30054,0.2767,0.075817,0.20088330656290054,0.217657,1.13954,0.272532,0.720268,,,3.83402,0.640382,0.452004,582.739990234375,,,,,,,378.30000000000007,5.731818181818183,354,5.363636363636363,,,,,,,,,,,,,,,,,,,"Paul Sewald","13892",623149
"Gregory Santos","SEA",1.84367,1.38076,0,3.49972,48.429,0,3,12.7439,,60.5363,252.798,53.5197,25.28,23.54,4.7814,19.6345,1.29097,3.06242,55.0035,8.17744,2.91909,2.80137,0.710856,0.217579,0.0776688,0.1399102509021759,0.232592,1.20844,0.286164,0.720343,,,3.50086,0.638538,0.702948,717.7100219726562,,,,,,,357.5000000000001,5.86065573770492,348,5.704918032786885,,,,,,,,,,,,,,,,,,,"Gregory Santos","21894",666619
"Declan Cronin","MIA",1.92787,1.68235,0,3.60037,58.374,0,1,12.5455,,72.9675,311.401,68.3007,31.57,29.19,5.14552,26.9641,1.92993,4.54987,62.9644,7.76619,3.32582,2.33512,0.634661,0.202197,0.0865896,0.115607351064682,0.244029,1.30558,0.298215,0.723302,,,3.65306,0.638184,0.623153,999,,,,,,,388.90000000000003,5.327397260273973,387,5.301369863013699,,,,,,,,,,,,,,,,,,,"Declan Cronin","25645",686539
"Angel Zerpa","KCR",2.221,1.33657,0,3.50022,50.854,0.128,0,11.8274,,63.4075,264.807,57.3285,26.59,24.66,5.17485,19.2223,1.52781,2.8111,54.0454,7.67115,2.72839,2.8116,0.734514,0.204093,0.0725897,0.1315034180879593,0.236139,1.20728,0.284133,0.720873,,,3.56521,0.633412,0.602173,750.260009765625,,,,,,,346.50000000000006,5.500000000000001,340,5.396825396825397,,,,,,,,,,,,,,,,,,,"Angel Zerpa","22717",672582
"Bryce Elder","ATL",2.64891,2.79605,1.06338,4.16759,14.766,7.842,0,0.6159,,51.8501,222.008,50.5691,25.84,24.01,5.69771,18.2985,0.654121,2.37303,42.9146,7.449,3.1762,2.34525,0.988992,0.193302,0.0824227,0.11087949573993683,0.251167,1.32821,0.293807,0.706636,,,4.13573,0.630038,0.553733,746.47998046875,,,,,,,208.4,4.007692307692308,212,4.076923076923077,,,,,,,,,,,,,,,,,,,"Bryce Elder","27779",693821
"Kenta Maeda","DET",2.2182,3.44076,-0.840881,4.32536,33.46,6.397,0,0.5801,,69.2474,292.104,64.5828,35.77,33.28,10.5925,20.005,1.18364,2.96694,63.084,8.19896,2.60002,3.15342,1.3767,0.215965,0.0684858,0.14747872203588486,0.239967,1.22153,0.276228,0.699813,,,4.32826,0.629442,0.35654,572.3800048828125,,,,,,,267.3,3.873913043478261,263,3.8115942028985508,,,,,,,,,,,,,,,,,,,"Kenta Maeda","18498",628317
"José Alvarado","PHI",2.15468,1.431,0,3.73945,56.742,0,5,12.4836,,70.9275,303.67,59.9567,31.69,29.47,5.53361,33.5633,1.7306,4.02777,75.1118,9.53094,4.25885,2.23791,0.702161,0.247347,0.110526,0.13682115077972412,0.225334,1.31853,0.293491,0.720857,,,3.6527,0.628795,0.514623,582.0700073242188,,,,,,,404.5999999999999,5.698591549295774,386,5.436619718309859,,,,,,,,,,,,,,,,,,,"Jose Alvarado","17780",621237
"Kirby Yates","LAD",2.78943,1.32473,0,3.60045,55.753,0,11,11.1865,,69.6913,292.121,52.4448,29.99,27.88,8.4992,30.906,1.39906,4.17035,88.5252,11.4322,3.99123,2.86434,1.0976,0.303043,0.105799,0.19724483042955399,0.20403,1.196,0.274626,0.746807,,,3.72133,0.616507,0.669118,214.24000549316406,,,,,,,456.40000000000003,6.5200000000000005,418,5.9714285714285715,,,,,,,,,,,,,,,,,,,"Kirby Yates","9073",489446
"Max Lazar","PHI",1.36478,0.87305,0,3.57918,35.445,0,0,0.5949,,44.3063,181.122,40.3585,19.01,17.62,4.92131,8.52748,1.06051,1.64146,43.165,8.76817,1.7322,5.06187,0.999673,0.23832,0.0470815,0.19123860076069832,0.23608,1.10337,0.28842,0.711398,,,3.35052,0.61132,0.405658,999,,,,,,,217.10000000000002,4.9340909090909095,212,4.818181818181818,,,,,,,,,,,,,,,,,,,"Max Lazar","23426",676661
"Landon Knack","LAD",1.47652,0.760482,0,3.9899,30.17,3.846,0,0.7135,,52.648,220.753,45.6586,25.16,23.34,7.53208,17.0149,1.21259,2.4513,56.102,9.59046,2.90864,3.29723,1.28758,0.25414,0.0770767,0.17706285417079926,0.226834,1.19042,0.276976,0.719634,,,4.00434,0.610494,0.499041,614.8599853515625,,,,,,,233.20000000000007,4.400000000000001,220,4.150943396226415,,,,,,,,,,,,,,,,,,,"Landon Knack","27487",689017
"Scott Alexander","COL",1.55946,1.56185,0,4.02931,51.432,0.666,1,8.6183,,63.4575,269.904,66.0785,30.68,28.41,4.3815,17.2574,1.99822,2.56526,43.9098,6.22761,2.44758,2.5444,0.621416,0.162687,0.0639393,0.09874775260686874,0.264228,1.31326,0.305749,0.682055,,,3.6173,0.603066,0.243572,999,,,,,,,314.4000000000001,4.990476190476192,332,5.26984126984127,,,,,,,,,,,,,,,,,,,"Scott Alexander","10591",518397
"Pete Fairbanks","TBR",2.27248,1.55911,0,3.9703,50.505,0,23,6.6422,,63.1312,265.932,54.9287,29.73,27.85,7.0266,22.5937,1.19806,3.28305,67.5558,9.63077,3.22096,2.99003,1.00171,0.254034,0.0849605,0.16907402873039246,0.228817,1.22796,0.289487,0.706099,,,3.70289,0.597263,0.289793,150.02000427246094,,,,,,,438.1,6.953968253968254,425,6.746031746031746,,,,,,,,,,,,,,,,,,,"Pete Fairbanks","17998",664126
"Griffin Canning","NYM",4.15197,5.21755,2.07298,4.60382,30.899,12.433,0,0.6629,,87.9313,377.205,84.3091,48.22,44.98,13.4258,30.9904,1.14547,3.94708,73.1737,7.48952,3.17195,2.36117,1.37417,0.193989,0.0821578,0.11183110624551773,0.246325,1.31124,0.277247,0.6951,,,4.67903,0.590961,0.44836,527.4099731445312,,,,,,,317.9000000000001,3.612500000000001,316,3.590909090909091,,,,,,,,,,,,,,,,,,,"Griffin Canning","19867",656288
"Hunter Harvey","KCR",2.31514,1.63745,0,4.17985,56.069,0,2,14.2062,,70.0863,297.064,67.1961,34.95,32.55,8.28565,20.2497,1.3628,3.39961,69.8811,8.97365,2.60032,3.45098,1.06399,0.235239,0.0681661,0.1670733541250229,0.245767,1.24769,0.301722,0.692138,,,3.7215,0.590941,0.149634,712.6699829101562,,,,,,,382.40000000000003,5.4628571428571435,383,5.4714285714285715,,,,,,,,,,,,,,,,,,,"Hunter Harvey","15507",640451
"Randy Vásquez","SDP",2.90721,4.85318,0.842288,4.85019,20.615,11.34,0,0.6072,,67.6179,295.221,69.237,38.95,36.44,8.83652,24.5589,0.926096,4.09458,51.3064,6.82893,3.26881,2.08912,1.17615,0.17379,0.0831881,0.09060168266296387,0.259735,1.38715,0.292603,0.673577,,,4.61909,0.581611,0.214985,717.02001953125,,,,,,,232.10000000000005,3.413235294117648,242,3.5588235294117645,,,,,,,,,,,,,,,,,,,"Randy Vasquez","24719",681190
"Braxton Ashcraft","PIT",0.790048,0.586102,0,3.96902,23.218,2.946,0,0,,40.544,170.653,36.9234,19.18,17.88,4.47448,12.303,0.999573,1.99279,39.0118,8.65987,2.73104,3.17091,0.99325,0.228602,0.0720937,0.15650852769613266,0.236147,1.21415,0.287486,0.69937,,,3.73456,0.580477,0.41885,999,,,,,,,194.00000000000006,4.731707317073172,189,4.609756097560975,,,,,,,,,,,,,,,,,,,"Braxton Ashcraft","sa3008470",677952
"John Schreiber","KCR",2.3719,1.55148,0,3.83948,55.574,0.179,1,12.4777,,69.2438,295.438,63.3281,31.71,29.54,5.66461,25.4043,1.25409,4.31047,60.5211,7.86626,3.30194,2.38232,0.736261,0.204852,0.0859885,0.11886362731456757,0.238324,1.28145,0.288986,0.705705,,,3.76931,0.578715,0.406341,999,,,,,,,360.99999999999994,5.231884057971014,355,5.144927536231884,,,,,,,,,,,,,,,,,,,"John Schreiber","20020",670167
"Ian Hamilton","NYY",1.90916,1.15891,0,3.7193,48.729,0.236,2,15.0328,,60.6162,258.39,51.2346,26.78,25.05,5.24888,26.4803,1.15922,3.65015,63.7332,9.4628,3.93167,2.40681,0.779327,0.246655,0.102482,0.14417291432619095,0.224457,1.28208,0.288714,0.723852,,,3.68054,0.573293,0.49353,749.719970703125,,,,,,,365.30000000000007,5.9885245901639355,348,5.704918032786885,,,,,,,,,,,,,,,,,,,"Ian Hamilton","19261",641656
"Ryan Thompson","ARI",2.40226,1.76902,0,4.03986,58.208,0,1,12.8674,,72.76,308.621,72.3925,35.03,32.66,6.36665,20.8411,1.77302,3.59595,56.2665,6.95985,2.57792,2.69979,0.787519,0.182316,0.0675297,0.1147862896323204,0.254738,1.28138,0.298017,0.690268,,,3.76495,0.567101,0.311124,748.6900024414062,,,,,,,373.2000000000001,5.112328767123289,381,5.219178082191781,,,,,,,,,,,,,,,,,,,"Ryan Thompson","16647",657044
"Jordan Wicks","CHC",2.5138,3.18525,0.892379,4.2043,16.888,7.877,0,0.6254,,48.1864,204.594,45.7056,24.17,22.51,6.11596,16.2541,0.51069,1.74534,42.9149,8.01542,3.03586,2.64025,1.14231,0.209757,0.0794458,0.13031072169542313,0.244946,1.28584,0.287792,0.707708,,,4.15589,0.565568,0.494458,677.4500122070312,,,,,,,197.80000000000004,4.1208333333333345,198,4.125,,,,,,,,,,,,,,,,,,,"Jordan Wicks","30094",696136
"Fraser Ellard","CHW",2.32185,1.8902,0,3.60024,60.596,0,4,13.8043,,75.745,324.486,65.7132,32.69,30.3,6.33511,33.7287,2.08908,3.83576,75.1031,8.92373,4.00763,2.22668,0.752736,0.231453,0.103945,0.12750771641731262,0.229029,1.31285,0.288968,0.736998,,,3.75851,0.565465,0.681649,748.969970703125,,,,,,,429,5.644736842105263,414,5.447368421052632,,,,,,,,,,,,,,,,,,,"Fraser Ellard","29530",686642
"Jason Foley","DET",2.45001,1.80644,0,3.92967,58.979,0,17,7.3738,,73.7237,311.451,71.8629,34.66,32.19,6.05523,20.7788,1.43493,3.87388,55.1839,6.73671,2.53662,2.65578,0.739207,0.177183,0.0667161,0.11046729236841202,0.250569,1.25661,0.291753,0.68891,,,3.74035,0.564584,0.365084,293.260009765625,,,,,,,434.59999999999997,5.872972972972972,440,5.945945945945946,,,,,,,,,,,,,,,,,,,"Jason Foley","19531",671345
"Angel Perdomo","ATL",1.929,0.927292,0,3.57048,45.251,0,0,6.6522,,56.5638,243.642,42.4947,24.2,22.44,5.65037,31.3028,1.72401,3.69513,76.0834,12.1058,4.98067,2.43056,0.899045,0.312276,0.128479,0.1837969273328781,0.203671,1.30468,0.290318,0.752766,,,3.63112,0.561918,0.589765,999,,,,,,,313.79999999999995,5.505263157894736,282,4.947368421052632,,,,,,,,,,,,,,,,,,,"Angel Perdomo","17759",622780
"Slade Cecconi","CLE",0.972958,0.782483,0,3.93015,26.084,3.436,0,0.6686,,45.296,188.158,40.2025,21.26,19.78,6.20268,11.6031,1.2524,2.28322,44.2488,8.79192,2.30546,3.81352,1.23243,0.235168,0.0616667,0.17350081354379654,0.230688,1.14371,0.274589,0.708356,,,3.9126,0.561713,0.429233,656.5900268554688,,,,,,,205.2,4.56,197,4.377777777777778,,,,,,,,,,,,,,,,,,,"Slade Cecconi","27500",677944
"Fernando Cruz","NYY",2.28026,1.4834,0,4.09957,59.575,0.599,1,13.1911,,73.72,316.947,58.0171,36.06,33.58,10.6029,36.6957,1.4894,4.29703,102.98,12.5722,4.47994,2.80634,1.29444,0.324914,0.115779,0.20913519710302353,0.210242,1.28476,0.292012,0.734365,,,3.91058,0.556779,0.31931,714.9099731445312,,,,,,,401.49999999999994,5.4256756756756745,367,4.95945945945946,,,,,,,,,,,,,,,,,,,"Fernando Cruz","7048",518585
"Ben Joyce","LAA",2.47837,1.87949,0,3.61009,54.756,0.149,11,10.1773,,68.2588,289.194,55.3279,29.24,27.38,6.08122,30.0472,1.46541,4.576,69.9518,9.22324,3.96176,2.32807,0.801816,0.241885,0.1039,0.13798564672470093,0.217338,1.25076,0.275833,0.730342,,,3.79675,0.554531,0.664914,320.3399963378906,,,,,,,416.4000000000001,6.123529411764707,392,5.764705882352941,,,,,,,,,,,,,,,,,,,"Ben Joyce","31461",690829
"David Robertson",,2.30155,2.09846,0,3.40068,39.465,0,4,0,,49.3312,206.599,37.8934,19.96,18.64,4.86412,21.4039,1.07752,2.67183,59.6821,10.8884,3.90494,2.78837,0.88741,0.288878,0.103601,0.1852770373225212,0.207608,1.20202,0.279962,0.74946,,,3.49278,0.553286,0.57323,462.0899963378906,,,,,,,270.3,5.516326530612245,248,5.061224489795919,,,,,,,,,,,,,,,,,,,"David Robertson","8241",502085
"Tony Santillan","CIN",2.25174,1.75902,0,4.1401,54.78,0.277,4,11.0852,,68.1288,294.659,57.7698,33.5,31.34,8.19173,31.599,1.78387,4.53291,82.6708,10.921,4.17432,2.61624,1.08215,0.280564,0.107239,0.17332469671964645,0.223457,1.31176,0.295697,0.717183,,,3.89373,0.547604,0.145358,590.6900024414062,,,,,,,373.00000000000006,5.48529411764706,355,5.220588235294118,,,,,,,,,,,,,,,,,,,"Tony Santillan","19926",663574
"Danny Coulombe","MIN",2.06805,1.48258,0,3.8801,46.873,0,1,6.6865,,58.5913,244.648,52.0922,27.27,25.26,7.19546,17.872,1.09354,2.23413,60.8965,9.3541,2.74526,3.40736,1.10527,0.248914,0.073052,0.17586243897676468,0.231993,1.19411,0.286972,0.712871,,,3.71377,0.547468,0.385132,750.8099975585938,,,,,,,310.3,5.2593220338983055,299,5.067796610169491,,,,,,,,,,,,,,,,,,,"Danny Coulombe","13293",543056
"Edwin Uceta","TBR",2.5611,1.71127,0,3.91014,55.554,0,10,11.1979,,69.4425,292.313,55.7666,32.31,30.17,9.59099,27.6579,2.43007,3.70325,81.0288,10.5016,3.58456,2.92968,1.24303,0.277198,0.0946172,0.18258123099803925,0.213704,1.20135,0.271091,0.730237,,,3.98311,0.546191,0.406341,321.2900085449219,,,,,,,402,5.826086956521739,375,5.434782608695652,,,,,,,,,,,,,,,,,,,"Edwin Uceta","20539",670955
"Patrick Corbin",,4.24603,6.08027,6.54768,5.35,15.06,15.06,0,0,,84.2804,369.679,94.718,53.86,50.1,13.8601,27.2479,0.223844,2.49928,65.5129,6.99588,2.90971,2.40433,1.48007,0.177216,0.073707,0.10350865125656128,0.278638,1.44714,0.310325,0.664048,,,4.80859,0.540762,-0.142497,999,,,,,,,247.40000000000003,2.9452380952380954,283,3.369047619047619,,,,,,,,,,,,,,,,,,,"Patrick Corbin","9323",571578
"Will Vest","DET",2.477,1.85937,0,4.02951,60.392,0.337,2,12.1351,,75.0687,319.951,70.9113,36.2,33.61,7.46152,25.1999,1.20965,4.10462,69.9898,8.39108,3.02122,2.77738,0.894562,0.218751,0.0787618,0.13998964428901672,0.243978,1.28031,0.297614,0.699366,,,3.76505,0.53841,0.31539,720.280029296875,,,,,,,395.29999999999995,5.270666666666666,395,5.266666666666667,,,,,,,,,,,,,,,,,,,"Will Vest","19769",676684
"Spencer Turnbull",,2.74379,3.25156,2.50437,4.41124,9.132,7.511,0,0,,43.3552,186.145,40.8441,22.85,21.25,5.3704,16.1006,0.219763,2.8602,40.0272,8.30914,3.34229,2.48606,1.11483,0.215032,0.086495,0.12853698432445526,0.244306,1.31345,0.291277,0.689812,,,4.24232,0.53769,0.359077,699.9099731445312,,,,,,,173.1,4.025581395348837,173,4.023255813953488,,,,,,,,,,,,,,,,,,,"Spencer Turnbull","16207",605513
"Yennier Cano","BAL",2.44083,1.66475,0,3.78008,59.294,0,4,11.7134,,74.1175,313.731,67.3516,33.35,31.13,6.6796,26.9792,1.75511,3.72818,69.0562,8.38541,3.27606,2.5596,0.811095,0.220113,0.0859949,0.13411805033683777,0.237972,1.27272,0.292695,0.717595,,,3.71756,0.533851,0.573075,686.97998046875,,,,,,,400.3,5.40945945945946,392,5.297297297297297,,,,,,,,,,,,,,,,,,,"Yennier Cano","25911",666974
"Jared Koenig","MIL",2.57058,1.65051,0,3.78022,55.124,1.451,2,11.4917,,67.0912,283.118,57.8389,30.2,28.18,6.75341,25.142,2.12157,3.27092,64.4304,8.64305,3.3727,2.56265,0.90594,0.227574,0.0888041,0.13877023011446,0.227082,1.23684,0.278363,0.717852,,,3.82487,0.530408,0.562922,739.02001953125,,,,,,,356.8999999999999,5.32686567164179,342,5.104477611940299,,,,,,,,,,,,,,,,,,,"Jared Koenig","27517",657649
"Hans Crouse","LAA",2.22578,1.73694,0,3.79997,49.093,0,0,7.0357,,61.3662,257.266,46.846,27.75,25.91,8.50727,25.6537,2.20162,3.03693,76.0806,11.158,3.76238,2.96568,1.24768,0.295727,0.0997165,0.19601067155599594,0.204947,1.18143,0.266264,0.738572,,,3.89172,0.525573,0.389366,999,,,,,,,311.5000000000001,5.1065573770491826,281,4.60655737704918,,,,,,,,,,,,,,,,,,,"Hans Crouse","22192",668968
"Taylor Rogers","CIN",2.3925,1.87187,0,4.15976,58.313,0,5,12.8406,,72.8913,310.428,67.1798,36.1,33.69,9.17717,25.2187,1.5726,3.91281,76.5245,9.44861,3.11379,3.03444,1.13312,0.246513,0.0812383,0.16527431458234787,0.238822,1.26762,0.296544,0.707708,,,3.90249,0.525241,0.20767,543.7899780273438,,,,,,,399.3,5.46986301369863,392,5.36986301369863,,,,,,,,,,,,,,,,,,,"Taylor Rogers","13449",573124
"DL Hall","MIL",1.50922,2.53124,-1.88936,3.8377,26.386,5.162,0,0.5961,,47.6536,204.834,39.3004,21.73,20.32,4.75249,23.5838,1.14083,2.56743,51.2095,9.67158,4.45411,2.17138,0.897569,0.250005,0.115136,0.13486846536397934,0.219945,1.31961,0.281516,0.731881,,,3.96006,0.524914,0.570979,699.5900268554688,,,,,,,217.30000000000004,4.5270833333333345,200,4.166666666666667,,,,,,,,,,,,,,,,,,,"DL Hall","22207",669084
"Kody Funderburk","MIN",1.50048,0.984824,0,3.45033,33.722,0,0,0.6191,,42.1525,178.797,36.5596,17.42,16.16,2.50543,17.1843,0.994894,2.27606,42.5762,9.09045,3.66903,2.47762,0.534935,0.238126,0.0961108,0.14201485365629196,0.229449,1.27499,0.298054,0.723061,,,3.30406,0.522,0.506293,999,,,,,,,210.70000000000005,5.0166666666666675,204,4.857142857142857,,,,,,,,,,,,,,,,,,,"Kody Funderburk","24993",681892
"Yilber Diaz","ARI",1.32441,0.968451,0,4.1301,31.665,3.271,0,0.6241,,56.788,245.794,47.4893,27.86,26.06,6.52886,27.9464,1.713,3.12952,63.2263,10.0204,4.42907,2.26241,1.03472,0.257233,0.113699,0.1435345560312271,0.221171,1.32837,0.282559,0.717633,,,4.07601,0.517084,0.367799,736.1199951171875,,,,,,,250.49999999999994,4.394736842105262,231,4.052631578947368,,,,,,,,,,,,,,,,,,,"Yilber Diaz","29271",700270
"Keaton Winn","SFG",1.06547,0.733751,0,3.93097,22.402,2.426,0,4.2078,,39.952,168.336,37.938,18.8,17.45,3.93216,11.2055,1.10593,1.96538,36.069,8.12528,2.52426,3.21888,0.8858,0.214268,0.066566,0.14770200848579407,0.2445,1.23006,0.295281,0.695338,,,3.62935,0.516917,0.32234,710.1199951171875,,,,,,,197,4.925,197,4.925,,,,,,,,,,,,,,,,,,,"Keaton Winn","23499",676775
"John Brebbia","DET",1.93395,1.47215,0,4.13963,46.525,0.747,0,9.0929,,57.2225,239.803,50.9902,28.32,26.32,8.19246,16.6449,1.07371,2.648,60.5959,9.53057,2.61793,3.6405,1.28852,0.252691,0.0694109,0.1832796409726143,0.231238,1.18197,0.282081,0.699985,,,3.92123,0.515028,0.22936,999,,,,,,,288.79999999999995,5.0666666666666655,279,4.894736842105263,,,,,,,,,,,,,,,,,,,"John Brebbia","12777",605154
"Nick Mears","MIL",2.53126,1.67901,0,3.87027,54.452,0,1,10.9423,,68.065,289.38,53.0876,31.33,29.27,8.05045,32.4421,1.93212,3.60696,82.7212,10.9379,4.28971,2.54981,1.06448,0.285856,0.112109,0.1737474948167801,0.209558,1.25659,0.27705,0.729873,,,3.86229,0.509179,0.456229,743.0700073242188,,,,,,,374.00000000000006,5.500000000000001,343,5.044117647058823,,,,,,,,,,,,,,,,,,,"Nick Mears","25376",683232
"Dane Dunning","TEX",1.87269,1.18297,0,4.30947,45.229,4.912,0,4.9947,,80.634,345.595,74.5422,41.34,38.61,10.1232,29.8383,1.76769,5.22112,73.666,8.22226,3.33041,2.46884,1.1299,0.213157,0.0863388,0.12681801617145538,0.240044,1.2945,0.284101,0.698834,,,4.27578,0.50861,0.433172,739.5,,,,,,,344.4,4.2518518518518515,338,4.172839506172839,,,,,,,,,,,,,,,,,,,"Dane Dunning","19409",641540
"Johan Oviedo","PIT",2.46334,3.86706,1.30653,4.66618,21.024,8.409,0,0.6032,,59.1169,259.113,57.7776,32.76,30.65,6.58829,25.3713,0.770666,3.99421,48.7901,7.42784,3.86255,1.92304,1.00301,0.188297,0.0979163,0.09038054198026657,0.251483,1.40652,0.293569,0.681619,,,4.45485,0.507506,0.215323,744.8400268554688,,,,,,,214.7,3.6389830508474574,219,3.711864406779661,,,,,,,,,,,,,,,,,,,"Johan Oviedo","22487",670912
"Kenley Jansen","LAA",2.41085,1.95216,0,3.99015,53.213,0,20,3.9141,,66.5163,276.971,51.7412,31.46,29.49,9.71659,25.1513,1.7165,3.20328,76.3772,10.3342,3.4031,3.03671,1.31471,0.275759,0.0908083,0.18495026230812073,0.208116,1.156,0.258576,0.717855,,,4.04784,0.501714,0.40211,140.47000122070312,,,,,,,421.59999999999997,6.2925373134328355,389,5.8059701492537314,,,,,,,,,,,,,,,,,,,"Kenley Jansen","3096",445276
"Trent Thornton","SEA",2.18915,1.85239,0,4.08944,58.858,0,2,13.5644,,73.5725,310.137,65.5132,35.85,33.43,9.58832,24.3606,1.22235,3.82431,72.8989,8.9176,2.98,2.99249,1.17292,0.235054,0.078548,0.15650613605976105,0.232356,1.22157,0.280375,0.706654,,,4.02829,0.498628,0.261498,750.6199951171875,,,,,,,381,5.148648648648648,368,4.972972972972973,,,,,,,,,,,,,,,,,,,"Trent Thornton","17948",663423
"Trevor Megill","MIL",2.4341,1.76338,0,4.21064,54.36,0.086,24,2.2011,,67.8425,288.219,59.7952,34.04,31.74,9.37121,24.7018,1.94195,3.45723,78.9933,10.4793,3.27694,3.19788,1.24319,0.274074,0.0857049,0.1883690133690834,0.229928,1.24549,0.293682,0.706905,,,3.87866,0.494639,0.145358,135.07000732421875,,,,,,,438.5,6.448529411764706,425,6.25,,,,,,,,,,,,,,,,,,,"Trevor Megill","17722",656730
"Hoby Milner","TEX",2.27171,1.27694,0,3.76046,53.313,0.162,0,9.2714,,66.4388,275.352,61.5541,29.92,27.76,8.09273,15.7078,1.05293,3.11282,59.794,8.09988,2.12783,3.80664,1.09627,0.217155,0.0570464,0.1601085066795349,0.239948,1.16291,0.283398,0.718041,,,3.79984,0.494373,0.451983,999,,,,,,,327.8000000000001,4.966666666666669,325,4.924242424242424,,,,,,,,,,,,,,,,,,,"Hoby Milner","13346",571948
"Bobby Miller","LAD",1.35964,0.698411,0,3.89973,27.808,4.141,0,0.7135,,47.334,199.768,42.7118,22.08,20.51,5.37335,16.0336,1.0952,2.54217,43.3022,8.23341,3.0486,2.70072,1.02168,0.216762,0.080261,0.13650139421224594,0.235726,1.24108,0.281764,0.715804,,,3.98991,0.494193,0.46947,443.6199951171875,,,,,,,207.5,4.414893617021277,203,4.319148936170213,,,,,,,,,,,,,,,,,,,"Bobby Miller","27483",676272
"Grant Holman","ATH",2.11034,1.62988,0,3.78064,50.163,0,0,0.6679,,62.7038,262.725,53.2965,28.21,26.34,7.22098,21.6609,2.07157,3.59489,62.3264,8.94584,3.10904,2.87737,1.03644,0.237231,0.0824472,0.15478357672691345,0.224436,1.19542,0.274387,0.720876,,,3.88394,0.493299,0.497761,999,,,,,,,292.3,4.63968253968254,274,4.349206349206349,,,,,,,,,,,,,,,,,,,"Grant Holman","30002",680880
"Austin Gomber","COL",6.62029,11.7236,11.7487,5.69,26.735,26.735,0,0,,149.109,656.556,173.717,101,94.27,28.103,42.7493,0.4108,4.13572,102.536,6.18894,2.58028,2.39855,1.69626,0.156173,0.0651114,0.09106148034334183,0.284936,1.45173,0.303975,0.651902,,,5.18461,0.493251,-0.724432,745.6400146484375,,,,,,,370.8000000000002,2.488590604026847,446,2.9932885906040267,,,,,,,,,,,,,,,,,,,"Austin Gomber","16561",596295
"Walter Pennington","TEX",1.40576,0.689917,0,3.2003,32.056,0.064,0,0.6243,,39.99,166.252,32.7054,15.23,14.22,2.76298,14.9362,1.42552,1.80219,40.8799,9.20027,3.36149,2.73696,0.621827,0.245892,0.0898411,0.15605051815509796,0.218746,1.19134,0.282822,0.74044,,,3.27586,0.491598,0.607715,999,,,,,,,208.3,5.2075000000000005,196,4.9,,,,,,,,,,,,,,,,,,,"Walter Pennington","27624",679156
"Shawn Armstrong","TEX",2.36337,1.49547,0,4.32015,57.627,0.629,1,11.2658,,71.2475,302.986,66.9754,36.63,34.2,9.21584,22.2878,1.0177,3.79801,69.3894,8.76529,2.8154,3.11333,1.16415,0.229019,0.0735606,0.15545795857906342,0.241876,1.25286,0.291281,0.689268,,,3.99857,0.489996,0.0545671,999,,,,,,,349.50000000000006,4.922535211267607,347,4.887323943661972,,,,,,,,,,,,,,,,,,,"Shawn Armstrong","12857",542888
"JoJo Romero","STL",2.16523,1.77846,0,3.90007,55.439,0,2,11.8475,,69.2988,294.089,65.106,32.26,30.03,6.75568,23.4519,1.2022,3.33114,62.6122,8.1316,3.04575,2.66982,0.877376,0.212902,0.0797441,0.13315821439027786,0.243564,1.27791,0.294791,0.711731,,,3.78624,0.485077,0.406353,732.4000244140625,,,,,,,361.5,5.239130434782608,360,5.217391304347826,,,,,,,,,,,,,,,,,,,"JoJo Romero","19574",668941
"Brock Burke","LAA",2.48458,2.03273,0,4.0102,56.734,0.25,1,15.721,,70.605,298.471,64.7184,33.77,31.46,8.4877,22.8683,2.00184,3.02387,67.8977,8.6549,2.91502,2.96907,1.08192,0.227485,0.0766182,0.1508670225739479,0.23743,1.24052,0.286609,0.710884,,,3.9061,0.482576,0.306856,999,,,,,,,385,5.422535211267606,378,5.323943661971831,,,,,,,,,,,,,,,,,,,"Brock Burke","17968",656271
"Carmen Mlodzinski","PIT",1.70695,1.34127,0,4.23999,51.276,0.723,1,11.6804,,63.1912,273.043,59.0292,31.87,29.77,6.08531,25.2744,1.40584,3.40523,58.1071,8.27589,3.5997,2.29905,0.866698,0.212813,0.0925654,0.12024722248315811,0.241563,1.3341,0.293853,0.691881,,,3.94085,0.481134,0.140392,749.3300170898438,,,,,,,324,5.142857142857143,322,5.111111111111111,,,,,,,,,,,,,,,,,,,"Carmen Mlodzinski","27572",669387
"Joe Boyle","TBR",1.62408,2.79712,-1.76597,4.09681,27.439,5.52,0,0.6853,,50.7688,222.384,37.4668,24.55,23.11,5.14911,33.5854,1.23071,3.51827,61.8698,10.9679,5.95383,1.84216,0.912804,0.278212,0.151025,0.1271873563528061,0.202217,1.39953,0.273274,0.728379,,,4.24017,0.472473,0.460663,578.3400268554688,,,,,,,233.70000000000005,4.582352941176471,204,4,,,,,,,,,,,,,,,,,,,"Joe Boyle","29608",671212
"Joey Estes","ATH",5.5294,8.64716,4.74876,5.02196,25.597,19.373,0,0.6679,,106.094,452.335,106.519,63.42,59.2,22.1056,26.6935,0.872232,5.4819,78.1543,6.62986,2.26442,2.92784,1.87523,0.17278,0.0590126,0.11376697197556496,0.253519,1.2556,0.263873,0.682468,,,5.31166,0.471153,0.214107,735.8099975585938,,,,,,,299.6000000000001,2.8264150943396236,308,2.9056603773584904,,,,,,,,,,,,,,,,,,,"Joey Estes","26257",683155
"Lance McCullers Jr.","HOU",2.3576,2.89312,1.16105,4.2626,15.877,7.064,0,0.6475,,46.9573,202.567,42.9055,23.85,22.24,5.12141,20.2814,0.445223,3.05177,43.6354,8.36332,3.8872,2.1515,0.981588,0.215412,0.100122,0.11529010534286499,0.239382,1.34563,0.289584,0.702233,,,4.21652,0.471047,0.42295,620.4500122070312,,,,,,,197.5,4.202127659574468,193,4.1063829787234045,,,,,,,,,,,,,,,,,,,"Lance McCullers Jr.","14120",621121
"Louis Varland","MIN",2.33382,2.49862,0.39292,4.40566,40.498,2.964,0,9.2484,,58.4249,250.879,58.3243,30.71,28.6,7.71914,18.314,1.3862,2.55849,55.6474,8.57215,2.82116,3.03852,1.18909,0.22181,0.0729994,0.14881081134080887,0.253577,1.31174,0.30368,0.697664,,,4.05089,0.468153,0.0857623,742.0700073242188,,,,,,,265.00000000000006,4.56896551724138,271,4.672413793103448,,,,,,,,,,,,,,,,,,,"Louis Varland","27691",686973
"Seth Halvorsen","COL",1.76117,1.86234,0,4.3295,58.671,0,11,8.1633,,73.3388,316.431,69.9113,37.96,35.28,7.80409,27.7922,2.17482,4.11782,70.316,8.62906,3.4106,2.53007,0.957704,0.222216,0.08783,0.13438569754362106,0.245716,1.33222,0.300905,0.688465,,,3.93757,0.467551,0.00158078,351.6600036621094,,,,,,,390.80000000000007,5.353424657534248,392,5.36986301369863,,,,,,,,,,,,,,,,,,,"Seth Halvorsen","33294",678020
"Anthony Bender","MIA",1.80809,1.69193,0,3.95983,55.657,0,5,11.7592,,69.5713,297.546,64.373,33.16,30.61,7.79989,25.2314,2.07225,4.24929,69.1415,8.94441,3.26403,2.74029,1.00902,0.232372,0.0847983,0.14757391810417175,0.240139,1.28795,0.296002,0.717351,,,3.90756,0.467442,0.356563,682.9299926757812,,,,,,,377.20000000000005,5.388571428571429,370,5.285714285714286,,,,,,,,,,,,,,,,,,,"Anthony Bender","19742",669622
"Matt Manning","DET",1.15132,2.08352,-1.42536,4.00579,22.547,3.873,0,0.5801,,41.1604,173.882,36.5685,19.71,18.32,4.67583,14.1752,0.875336,1.77504,35.2346,7.70428,3.0995,2.48565,1.0224,0.202635,0.081522,0.12111338973045349,0.231546,1.23283,0.270228,0.702159,,,4.09376,0.463198,0.349558,742.760009765625,,,,,,,171.70000000000005,4.187804878048782,166,4.048780487804878,,,,,,,,,,,,,,,,,,,"Matt Manning","20369",666159
"Brady Basso","ATH",1.89568,2.07306,0.269751,3.96908,32.203,2.777,0,0.6679,,47.0058,197.12,42.1855,22.28,20.73,6.13759,14.722,0.942237,1.8717,46.8146,8.96339,2.81876,3.1799,1.17514,0.237493,0.0746858,0.1628076285123825,0.233681,1.21065,0.282565,0.716705,,,3.93108,0.460128,0.416003,750.5499877929688,,,,,,,211.8,4.506382978723405,204,4.340425531914893,,,,,,,,,,,,,,,,,,,"Brady Basso","25582",669620
"Sean Hjelle","SFG",2.35401,1.76273,0,4.15943,51.359,0,0,12.96,,64.1988,278.25,65.6044,31.86,29.67,5.29802,22.0634,2.0769,4.51919,55.5992,7.79443,3.09306,2.51997,0.742728,0.199818,0.0792935,0.12052406370639801,0.260679,1.36557,0.316121,0.695419,,,3.74941,0.460119,0.136808,749.030029296875,,,,,,,323.5,5.0546875,338,5.28125,,,,,,,,,,,,,,,,,,,"Sean Hjelle","21481",663546
"Ryan Burr","TOR",1.487,1.13934,0,3.8997,38.285,0.879,0,0.6566,,46.7575,197.099,39.3185,21.73,20.26,5.66965,18.0621,0.931862,2.16846,54.5479,10.4995,3.47664,3.02001,1.09131,0.276753,0.0916396,0.1851133555173874,0.222303,1.2272,0.288457,0.721043,,,3.7076,0.459425,0.311665,999,,,,,,,226.6,4.82127659574468,211,4.48936170212766,,,,,,,,,,,,,,,,,,,"Ryan Burr","17536",621114
"Manuel Rodríguez","TBR",2.54247,1.7164,0,4.01951,56.998,0,3,12.8603,,71.2475,305.145,64.6754,34.12,31.82,6.84187,27.8213,1.78185,4.78336,69.2982,8.75377,3.51439,2.49084,0.864266,0.227099,0.0911738,0.13592516630887985,0.237305,1.29824,0.294467,0.704029,,,3.84246,0.456077,0.306856,746.5,,,,,,,376.29999999999995,5.299999999999999,370,5.211267605633803,,,,,,,,,,,,,,,,,,,"Manuel Rodriguez","20794",655889
"Randy Rodríguez","SFG",1.99044,1.34721,0,3.87923,40.847,0.274,0,6.6904,,50.7163,216.504,41.9997,23.46,21.86,4.55228,22.8238,1.28571,2.92163,51.195,9.08496,4.05027,2.24305,0.807838,0.236463,0.10542,0.13104261457920074,0.220173,1.27816,0.277366,0.70767,,,3.83739,0.454265,0.36819,999,,,,,,,258.70000000000005,5.072549019607844,242,4.745098039215686,,,,,,,,,,,,,,,,,,,"Randy Rodriguez","23974",678495
"Caleb Thielbar","CHC",1.9915,1.39888,0,4.05992,48.131,0,1,12.8406,,60.1637,254.743,52.3229,29.15,27.14,7.86454,22.9471,0.994249,2.20025,64.472,9.64448,3.4327,2.80959,1.17647,0.253087,0.0900796,0.16300714015960693,0.227892,1.25109,0.282708,0.717713,,,3.97655,0.452755,0.231603,999,,,,,,,320.40000000000003,5.340000000000001,306,5.1,,,,,,,,,,,,,,,,,,,"Caleb Thielbar","10078",573204
"Nate Pearson","CHC",2.17067,1.4681,0,3.93003,51.073,0.197,2,4.3358,,63.595,268.005,51.6875,29.73,27.77,7.92878,25.707,1.20658,3.37842,66.1835,9.36632,3.63807,2.57453,1.12209,0.246949,0.0959201,0.15102897584438324,0.216339,1.21699,0.265515,0.718985,,,4.07793,0.452559,0.343793,709.030029296875,,,,,,,311.00000000000006,4.859375000000001,287,4.484375,,,,,,,,,,,,,,,,,,,"Nate Pearson","20160",663878
"Domingo Gonzalez","ATL",1.27085,0.601211,0,3.49044,29.704,0,0,0,,37.13,156.246,30.2164,15.46,14.4,3.64469,14.6057,0.903807,2.34462,44.5009,10.7866,3.5403,3.04681,0.883443,0.284814,0.0934792,0.19133444875478745,0.216923,1.20717,0.291517,0.739236,,,3.41507,0.44821,0.443514,999,,,,,,,185.60000000000002,5.0162162162162165,172,4.648648648648648,,,,,,,,,,,,,,,,,,,"Domingo Gonzalez","sa3007495",682445
"Jack Kochanowicz","LAA",4.54412,6.19748,3.64864,4.83814,22.777,14.128,0,0.6282,,91.0205,393.498,99.2396,52.49,48.93,12.8659,24.5759,1.06144,5.19136,52.5244,5.19355,2.43003,2.13723,1.27216,0.133481,0.062455,0.07102582603693008,0.272838,1.3603,0.289514,0.674133,,,4.83104,0.447909,0.345958,693.3800048828125,,,,,,,276.1,3.0340659340659344,306,3.3626373626373627,,,,,,,,,,,,,,,,,,,"Jack Kochanowicz","27688",686799
"Sawyer Gipson-Long","DET",0.900079,0.676565,0,4.12965,21.892,2.779,0,0.5801,,38.226,160.955,35.0608,18.93,17.54,5.14587,11.3021,1.00986,1.67729,40.2709,9.48146,2.661,3.56312,1.21155,0.2502,0.0702192,0.1799803525209427,0.236936,1.21287,0.291686,0.700558,,,3.82815,0.44774,0.24888,721.0900268554688,,,,,,,173.7,4.571052631578947,170,4.473684210526316,,,,,,,,,,,,,,,,,,,"Sawyer Gipson-Long","26048",687830
"Jakob Junis","CLE",1.27224,1.16274,0,4.51993,35.876,4.047,0,11.0314,,63.658,269.341,63.2524,34.33,31.97,9.91159,15.4116,1.15105,3.08522,57.7087,8.15889,2.17891,3.74449,1.40131,0.214259,0.0572198,0.1570390947163105,0.252158,1.23573,0.291123,0.684296,,,4.2492,0.447066,0.177579,626.52001953125,,,,,,,292.8,4.575,296,4.625,,,,,,,,,,,,,,,,,,,"Jakob Junis","13619",596001
"Mike Burrows","PIT",1.27447,1.25983,0.415936,3.99493,25.227,1.611,0,0.6032,,37.0144,156.867,32.2663,17.57,16.43,4.0664,13.732,0.766713,1.96465,36.1856,8.79847,3.33891,2.63514,0.98874,0.230677,0.0875389,0.14313799142837524,0.228563,1.24271,0.279432,0.705323,,,3.91165,0.446375,0.242875,748.5,,,,,,,169.40000000000003,4.578378378378379,161,4.351351351351352,,,,,,,,,,,,,,,,,,,"Mike Burrows","24728",681347
"Tyson Miller","CHC",2.15105,1.51297,0,4.1001,51.628,0,1,12.3083,,64.535,273.242,56.3774,31.49,29.4,8.06337,23.3974,1.1618,3.69262,62.6743,8.7405,3.26298,2.67868,1.12451,0.229372,0.0856288,0.14374369382858276,0.229034,1.23615,0.275427,0.705031,,,4.10776,0.446296,0.29406,750.5999755859375,,,,,,,335,5.153846153846154,319,4.907692307692308,,,,,,,,,,,,,,,,,,,"Tyson Miller","19976",668338
"Gregory Soto","BAL",2.31369,1.58582,0,3.80039,55.908,0,2,11.6777,,69.885,300.322,59.8709,31.61,29.51,6.33367,32.2485,1.63795,4.19994,71.0909,9.15529,4.15305,2.20447,0.815669,0.236715,0.107379,0.12933564186096191,0.226892,1.31816,0.287141,0.72682,,,3.8748,0.445536,0.460459,748.260009765625,,,,,,,380.20000000000005,5.431428571428572,364,5.2,,,,,,,,,,,,,,,,,,,"Gregory Soto","19677",642397
"Carlos Estévez","KCR",2.46478,1.77989,0,4.3005,59.301,0,19,6.1858,,74.1263,317.674,69.6638,38,35.42,9.30103,25.437,1.71159,4.01148,71.892,8.72873,3.08842,2.82628,1.12928,0.226307,0.0800726,0.14623473584651947,0.241698,1.28296,0.291561,0.695678,,,4.04977,0.445215,0.055141,168,,,,,,,430.9000000000001,5.822972972972974,429,5.797297297297297,,,,,,,,,,,,,,,,,,,"Carlos Estevez","14542",608032
"Mason Black","SFG",1.38097,2.36362,-1.45865,4.33942,23.138,4.558,0,0.6312,,42.6624,183.678,39.369,22.09,20.57,5.3654,16.5096,1.08826,2.43853,41.2973,8.71203,3.48284,2.50142,1.13188,0.224836,0.0898833,0.13495244830846786,0.238992,1.30979,0.288003,0.698587,,,4.19783,0.445214,0.290445,999,,,,,,,184.29999999999998,4.286046511627907,179,4.162790697674419,,,,,,,,,,,,,,,,,,,"Mason Black","30171",696131
"Jake Cousins","NYY",1.85077,1.12203,0,3.77955,46.958,0,1,7.1362,,58.6975,250.769,45.1076,26.31,24.65,5.906,29.8978,1.28305,4.35561,71.2912,10.931,4.58418,2.3845,0.905559,0.284291,0.119224,0.165066197514534,0.208334,1.27783,0.281382,0.729661,,,3.79608,0.443508,0.489338,999,,,,,,,318.8,5.403389830508475,290,4.915254237288136,,,,,,,,,,,,,,,,,,,"Jake Cousins","21620",664776
"Evan Reifert","WSN",1.64251,1.20369,0,3.6196,38.948,0,1,0,,48.685,206.406,36.6058,20.99,19.58,4.88454,23.9014,1.31077,3.30698,58.78,10.8662,4.41846,2.45927,0.902966,0.284779,0.115798,0.16898075491189957,0.204276,1.24283,0.274564,0.736316,,,3.73265,0.439931,0.468394,999,,,,,,,246.90000000000003,5.038775510204083,222,4.530612244897959,,,,,,,,,,,,,,,,,,,"Evan Reifert","sa3014860",682126
"Jhony Brito","SDP",1.03935,0.809824,0,4.15036,28.024,2.837,0,0.6072,,50.374,213.841,48.6994,24.97,23.23,5.49563,15.1137,1.2942,2.22938,37.6628,6.72897,2.70026,2.49197,0.981869,0.176126,0.0706773,0.10544833540916443,0.247837,1.26679,0.281753,0.692153,,,4.12227,0.43837,0.294386,999,,,,,,,210.1,4.202,214,4.28,,,,,,,,,,,,,,,,,,,"Jhony Brito","25386",666745
"Angel Chivilli","COL",1.47501,1.54455,0,4.31011,49.196,0,1,5.9321,,61.495,262.021,61.4773,31.7,29.45,7.49306,16.8981,1.45471,2.98291,56.3578,8.24815,2.47309,3.33516,1.09663,0.215089,0.0644912,0.15059754997491837,0.253891,1.2745,0.30279,0.687564,,,3.88747,0.433524,-0.0240078,745.969970703125,,,,,,,287.70000000000005,4.716393442622952,295,4.836065573770492,,,,,,,,,,,,,,,,,,,"Angel Chivilli","26790",683409
"Bryse Wilson","CHW",3.21472,5.82256,1.57262,4.8389,34.806,10.684,0,0.5963,,90.1879,389.935,94.7503,52.26,48.49,14.6027,26.8669,1.22213,4.06027,65.7954,6.56583,2.68109,2.44894,1.45722,0.168734,0.068901,0.0998334288597107,0.263923,1.34849,0.28767,0.685528,,,4.84104,0.427844,0.108475,745.8800048828125,,,,,,,277.5,3.0833333333333335,298,3.311111111111111,,,,,,,,,,,,,,,,,,,"Bryse Wilson","19990",669060
"Mason Montgomery","TBR",2.21337,1.39771,0,3.81062,48.2,0,1,12.4086,,60.25,253.335,50.4167,27.28,25.51,7.33553,22.6138,1.73362,2.57975,66.4317,9.9234,3.37799,2.93766,1.09576,0.262229,0.0892645,0.17296432703733444,0.220989,1.21212,0.27907,0.728967,,,3.7985,0.425096,0.439298,609,,,,,,,334.9,5.581666666666666,316,5.266666666666667,,,,,,,,,,,,,,,,,,,"Mason Montgomery","29770",682254
"Connor Thomas","MIL",1.55556,0.976744,0,3.58922,33.741,0,0,0,,42.1763,176.941,40.1685,18.12,16.82,3.26307,11.7232,1.33714,1.78241,35.5208,7.5798,2.50161,3.02996,0.696308,0.20075,0.0662548,0.13449496030807495,0.245776,1.23035,0.296069,0.713636,,,3.44851,0.424234,0.401449,999,,,,,,,199.90000000000003,4.75952380952381,201,4.785714285714286,,,,,,,,,,,,,,,,,,,"Connor Thomas","sa3010784",671162
"Nic Enright","CLE",1.0072,0.770169,0,3.67078,26.499,0,0,0,,33.1237,135.983,26.9607,14.46,13.51,4.40232,9.30081,0.750032,1.42889,37.1147,10.0844,2.52711,3.99048,1.19615,0.272936,0.0683967,0.20453926175832748,0.215249,1.09473,0.269398,0.724345,,,3.62506,0.41991,0.330419,999,,,,,,,168.80000000000007,5.115151515151517,157,4.757575757575758,,,,,,,,,,,,,,,,,,,"Nic Enright","sa3010299",663671
"Dennis Santana","PIT",1.97228,1.60655,0,4.41053,60.254,0,4,14.4067,,75.3175,328.946,70.0188,39.47,36.91,7.33105,33.8041,2.19155,4.9368,74.2811,8.87616,4.03939,2.1974,0.876018,0.225816,0.102765,0.12305077910423279,0.241273,1.37847,0.300527,0.687829,,,4.00246,0.412611,0.00585267,606.3099975585938,,,,,,,393.9,5.252,391,5.213333333333333,,,,,,,,,,,,,,,,,,,"Dennis Santana","17878",642701
"Quinn Priester","BOS",1.02205,0.610764,0,3.94988,23.476,2.388,0,0.642,,42.176,180.529,39.3629,19.89,18.51,3.64737,15.7941,1.09297,2.43086,35.704,7.61893,3.37034,2.26058,0.778319,0.197775,0.0874883,0.11028633266687393,0.242526,1.30778,0.290482,0.704626,,,3.89398,0.408135,0.32875,684.97998046875,,,,,,,182.20000000000002,4.338095238095239,180,4.285714285714286,,,,,,,,,,,,,,,,,,,"Quinn Priester","25977",682990
"Danny Young","NYM",1.79117,1.06122,0,3.84045,46.532,0,0,10.2094,,58.165,250.08,50.1729,26.64,24.82,5.41222,26.0532,1.63648,4.23336,64.0672,9.91326,4.03126,2.45909,0.837446,0.256187,0.104179,0.15200741589069366,0.228273,1.31051,0.297781,0.722313,,,3.73528,0.405952,0.331024,999,,,,,,,315.70000000000005,5.4431034482758625,303,5.224137931034483,,,,,,,,,,,,,,,,,,,"Danny Young","18439",664849
"Chayce McDermott","BAL",1.51754,2.04374,-0.173906,4.1258,16.29,4.691,0,0.6344,,36.9092,158.587,30.3797,18.06,16.92,4.86877,17.9471,0.716657,1.96409,41.2873,10.0676,4.37625,2.3005,1.18721,0.260346,0.113169,0.14717645943164825,0.219071,1.30934,0.275737,0.729136,,,4.26249,0.404321,0.387716,739.6199951171875,,,,,,,160.3,4.332432432432433,146,3.945945945945946,,,,,,,,,,,,,,,,,,,"Chayce McDermott","29866",694646
"José Suarez","LAA",2.64256,2.96825,0.65478,4.47491,42.023,3.725,2,10.3651,,63.2125,272.753,59.1939,33.73,31.43,8.74869,24.356,1.48784,3.58357,62.8851,8.95339,3.46773,2.58192,1.24561,0.230557,0.0892968,0.14126021414995193,0.241792,1.32173,0.291288,0.698719,,,4.30204,0.404083,0.0952009,999,,,,,,,294.1,4.6682539682539685,290,4.603174603174603,,,,,,,,,,,,,,,,,,,"Jose Suarez","19911",660761
"Hunter Bigge","TBR",2.22962,1.48492,0,3.96968,48.776,0.095,0,7.5384,,60.8512,259.231,47.6533,28.61,26.84,7.67092,29.2191,1.71986,3.29416,74.2216,10.9775,4.32155,2.54018,1.13454,0.286315,0.112715,0.1736002415418625,0.210188,1.26328,0.276074,0.729777,,,3.96874,0.402007,0.285531,668.3800048828125,,,,,,,312.2000000000001,5.118032786885248,285,4.672131147540983,,,,,,,,,,,,,,,,,,,"Hunter Bigge","26259",685801
"Hunter Gaddis","CLE",2.10992,1.77078,0,4.12945,56.088,0.59,1,16.9877,,69.3725,290.733,59.5076,34.1,31.83,10.3817,21.815,1.58239,4.05811,64.5654,8.37636,2.83016,2.95967,1.34687,0.222078,0.0750346,0.14704325795173645,0.224676,1.17226,0.258676,0.70705,,,4.36942,0.396946,0.256621,699.6699829101562,,,,,,,356.6,5.168115942028986,340,4.927536231884058,,,,,,,,,,,,,,,,,,,"Hunter Gaddis","25636",683769
"Chad Green","TOR",2.14584,1.76251,0,4.20947,54.939,0,7,11.631,,68.6738,285.919,61.8993,34.49,32.12,10.6971,18.147,1.54205,2.5449,65.0456,8.52451,2.37825,3.58436,1.40191,0.227496,0.0634691,0.1640271097421646,0.233382,1.1656,0.270218,0.700109,,,4.20104,0.394008,0.199122,494.739990234375,,,,,,,364.09999999999997,5.276811594202898,352,5.101449275362318,,,,,,,,,,,,,,,,,,,"Chad Green","15552",643338
"Tristan Beck","SFG",1.89648,1.52582,0.210232,4.30186,36.413,0.727,0,0.6312,,48.1187,205.994,47.6158,24.73,23,5.50164,14.7384,1.17728,2.08976,41.9294,7.84237,2.75663,2.84491,1.02901,0.203547,0.0715476,0.1319989487528801,0.251714,1.29584,0.297133,0.688434,,,3.95925,0.394002,0.0596561,749.5900268554688,,,,,,,193.60000000000002,4.033333333333334,199,4.145833333333333,,,,,,,,,,,,,,,,,,,"Tristan Beck","21584",663941
"Forrest Whitley","HOU",1.55559,1.0892,0,3.85999,40.253,0,0,10.5059,,50.3162,214.501,39.9561,23.13,21.58,5.50577,23.8155,1.30655,3.26251,57.8408,10.3459,4.25984,2.42871,0.98481,0.269653,0.111028,0.15862591564655304,0.213187,1.26742,0.277655,0.724921,,,3.90436,0.393041,0.31404,999,,,,,,,271.2,5.4239999999999995,251,5.02,,,,,,,,,,,,,,,,,,,"Forrest Whitley","19586",666215
"John King","STL",2.08816,1.78293,0,3.99933,54.063,0,0,9.7742,,67.5788,287.774,70.5389,32.29,30.03,4.87286,18.5996,1.28499,2.96148,42.0933,5.6059,2.47705,2.26313,0.648957,0.146272,0.0646326,0.08163969963788986,0.264972,1.31903,0.299508,0.690609,,,3.81526,0.392813,0.352308,999,,,,,,,315.1,4.633823529411765,333,4.897058823529412,,,,,,,,,,,,,,,,,,,"John King","22051",667463
"Adam Mazur","MIA",1.98739,3.46202,2.24714,4.86816,8.39,7.509,0,0,,39.138,169.69,41.9155,22.7,21.17,5.77446,11.5862,0.177795,1.58242,27.9057,6.41708,2.66431,2.40853,1.32787,0.164451,0.0682787,0.09617266803979874,0.267795,1.367,0.29421,0.678191,,,4.66789,0.389925,0.125063,745.9500122070312,,,,,,,119.60000000000001,3.066666666666667,131,3.358974358974359,,,,,,,,,,,,,,,,,,,"Adam Mazur","31900",800049
"Justin Slaten","BOS",2.48071,1.58251,0,4.24041,57.985,0,5,14.1353,,72.4812,311.156,65.8187,36.68,34.15,9.39404,28.6981,1.47791,3.58344,76.5839,9.50943,3.56344,2.66861,1.16646,0.246127,0.0922306,0.15389683097600937,0.236016,1.30402,0.292513,0.71083,,,4.07429,0.389673,0.0508669,477.80999755859375,,,,,,,386.5000000000001,5.368055555555557,379,5.263888888888889,,,,,,,,,,,,,,,,,,,"Justin Slaten","25648",686580
"Valente Bellozo","MIA",2.30144,4.4581,1.23627,4.68593,21.95,8.808,0,0.5898,,60.5579,260.075,60.4828,33.94,31.53,9.84532,18.5509,0.941758,2.77006,44.6206,6.63142,2.757,2.40531,1.46319,0.171568,0.071329,0.10023915767669678,0.253327,1.30509,0.274774,0.691089,,,4.86256,0.386261,0.247375,748.8400268554688,,,,,,,200.4000000000001,3.2852459016393456,203,3.3278688524590163,,,,,,,,,,,,,,,,,,,"Valente Bellozo","23899",678368
"Abner Uribe","MIL",1.81312,1.11743,0,3.50962,38.158,0,2,6.4382,,47.6975,203.27,37.108,19.85,18.6,3.43151,24.527,1.19178,2.94706,49.3641,9.31447,4.62798,2.01264,0.647489,0.24285,0.120662,0.12218756973743439,0.211086,1.29221,0.273792,0.735252,,,3.75988,0.385676,0.518708,620.9099731445312,,,,,,,270.1000000000001,5.627083333333335,249,5.1875,,,,,,,,,,,,,,,,,,,"Abner Uribe","25327",682842
"Trevor Rogers","BAL",1.62617,2.36661,-0.203169,4.53785,18.234,5.302,0,0.6344,,41.134,178.319,40.1523,22.24,20.74,4.8351,15.9468,1.00296,1.85215,35.5253,7.77284,3.48911,2.22774,1.05791,0.199223,0.0894282,0.10979482531547546,0.250138,1.36381,0.293918,0.68638,,,4.26539,0.38439,0.203734,710.5499877929688,,,,,,,159.90000000000003,3.900000000000001,162,3.951219512195122,,,,,,,,,,,,,,,,,,,"Trevor Rogers","22286",669432
"Bryan Baker","BAL",1.64738,1.15158,0,3.90028,39.228,0,0,4.3983,,49.035,206.755,40.3519,22.7,21.25,5.9637,19.6632,1.05989,2.43457,51.5636,9.4641,3.60903,2.62234,1.09459,0.249395,0.0951038,0.15429097414016724,0.218523,1.22392,0.270497,0.722238,,,3.99638,0.379913,0.259973,999,,,,,,,238.8,4.873469387755102,221,4.510204081632653,,,,,,,,,,,,,,,,,,,"Bryan Baker","19804",641329
"Brenan Hanifee","DET",1.31368,0.932007,0,3.77933,31.079,0.807,0,6.381,,37.84,158.913,35.1908,17.13,15.89,3.36624,10.9422,0.972779,1.97545,30.3347,7.21491,2.60253,2.77227,0.800638,0.190888,0.0688563,0.12203197181224823,0.24104,1.21916,0.283403,0.700213,,,3.74377,0.379259,0.342912,999,,,,,,,198.3,5.218421052631579,196,5.157894736842105,,,,,,,,,,,,,,,,,,,"Brenan Hanifee","22304",669724
"Emerson Hancock","SEA",2.50528,3.90695,0.853117,4.55538,16.871,9.142,0,0.6186,,56.6627,242.137,54.1134,30.69,28.68,8.4941,18.8852,0.790647,2.7681,41.0275,6.51659,2.99962,2.17247,1.34916,0.169439,0.077994,0.0914454460144043,0.245431,1.2883,0.266839,0.692371,,,4.81356,0.379173,0.3512,664.0900268554688,,,,,,,202.99999999999997,3.5614035087719293,201,3.526315789473684,,,,,,,,,,,,,,,,,,,"Emerson Hancock","27470",676106
"Dauri Moreta","PIT",0.934607,0.688866,0,3.89024,27.077,0,0,0.6032,,33.8462,141.884,28.6235,15.66,14.63,4.06577,11.526,0.740879,1.85403,36.3489,9.66548,3.06485,3.15366,1.08112,0.256188,0.0812351,0.17495258897542953,0.222744,1.18623,0.278782,0.710718,,,3.76617,0.376835,0.176154,999,,,,,,,161.00000000000003,4.73529411764706,152,4.470588235294118,,,,,,,,,,,,,,,,,,,"Dauri Moreta","21101",664294
"Anthony DeSclafani",,2.67435,3.46509,2.65999,4.75918,8.501,7.756,0,0,,42.833,182.821,44.3643,24.3,22.65,6.90902,11.5584,0.173752,1.56791,32.4768,6.82397,2.42863,2.8098,1.45171,0.177643,0.0632224,0.11442016065120697,0.261436,1.3056,0.287435,0.683733,,,4.66632,0.375999,0.259625,999,,,,,,,139.7,3.2488372093023252,146,3.395348837209302,,,,,,,,,,,,,,,,,,,"Anthony DeSclafani","13050",543101
"Scott Barlow","CIN",2.24714,1.84677,0,4.3798,55.482,0,1,9.9928,,69.3525,298.119,63.3889,36.07,33.75,8.90282,27.2315,1.45066,3.91693,75.0167,9.73505,3.53388,2.75478,1.15533,0.251633,0.0913442,0.16028908640146255,0.237438,1.30666,0.297655,0.697964,,,4.01935,0.373802,-0.00694534,715,,,,,,,338.1,4.9,330,4.782608695652174,,,,,,,,,,,,,,,,,,,"Scott Barlow","14993",605130
"Trevor McDonald","SFG",1.25243,0.764694,0.0500535,3.40884,25.014,0.008,0,0.6312,,31.5767,132.559,27.5243,12.86,11.96,1.98618,10.9737,0.944522,1.91461,27.7591,7.91192,3.12772,2.52961,0.566101,0.20941,0.0827834,0.12662644684314728,0.23,1.21919,0.283992,0.717802,,,3.45045,0.372657,0.380836,999,,,,,,,160.40000000000003,5.012500000000001,155,4.84375,,,,,,,,,,,,,,,,,,,"Trevor McDonald","26448",686790
"Marc Church","TEX",1.67175,0.965368,0,3.95922,39.335,0,0,12.8863,,49.1688,205.035,40.9695,23.2,21.63,7.17727,16.2418,1.02164,2.43797,57.2883,10.4862,2.97294,3.52722,1.31375,0.279407,0.0792144,0.20019253343343735,0.219846,1.16357,0.277236,0.721142,,,3.87358,0.371978,0.259973,652.6900024414062,,,,,,,281.9,5.753061224489795,266,5.428571428571429,,,,,,,,,,,,,,,,,,,"Marc Church","26353",687847
"Reed Garrett","NYM",2.12446,1.41852,0,4.30945,56.772,0,2,14.3196,,70.965,308.401,62.5258,36.54,33.98,8.99279,33.8568,2.04632,3.62689,83.8645,10.636,4.29383,2.47703,1.14049,0.271934,0.109782,0.16215179860591888,0.230793,1.35817,0.300647,0.714174,,,4.03491,0.370476,-0.0026827,739.7899780273438,,,,,,,370.90000000000003,5.223943661971831,358,5.042253521126761,,,,,,,,,,,,,,,,,,,"Reed Garrett","16866",657585
"Josh Winckowski","BOS",1.81372,1.39465,-0.282193,4.18571,41.377,0.783,0,0.642,,51.5611,221.072,51.189,25.7,23.98,5.10254,16.951,1.30668,2.43546,40.6962,7.10352,2.95881,2.40081,0.890649,0.184085,0.0766765,0.10740882903337479,0.253806,1.32154,0.29564,0.695778,,,4.00238,0.370391,0.168934,999,,,,,,,219.70000000000002,4.2250000000000005,224,4.3076923076923075,,,,,,,,,,,,,,,,,,,"Josh Winckowski","22387",670174
"Luke Weaver","NYY",2.23098,1.50985,0,4.31975,58.911,0.391,4,12.6326,,73.15,311.052,68.0418,37.7,35.11,10.9389,23.2504,1.49934,3.52688,77.334,9.51477,2.86061,3.32613,1.34587,0.248621,0.0747478,0.17387311905622482,0.239353,1.24801,0.291339,0.705368,,,4.0943,0.369176,0.00158078,361.04998779296875,,,,,,,373.1000000000001,5.11095890410959,367,5.027397260273973,,,,,,,,,,,,,,,,,,,"Luke Weaver","16918",596133
"José Buttó","NYM",2.02365,1.53537,-0.259687,4.16264,50.211,0.883,1,15.8367,,62.8952,268.382,53.7075,31.16,29.09,7.86123,26.439,1.74981,3.58391,63.8791,9.14079,3.78329,2.4161,1.1249,0.238016,0.0985125,0.1395030841231346,0.225322,1.27429,0.275157,0.708504,,,4.1921,0.368326,0.244633,662.0900268554688,,,,,,,334.4000000000001,5.3079365079365095,318,5.0476190476190474,,,,,,,,,,,,,,,,,,,"Jose Butto","23313",676130
"Richard Fitts","BOS",1.26634,2.095,-1.4378,4.35532,24.017,4.174,0,0.642,,44.0978,186.782,41.3841,22.94,21.34,6.41145,13.5189,1.03419,1.98141,38.5991,7.87776,2.75909,2.8552,1.30852,0.206653,0.0723778,0.13427511602640152,0.241614,1.24503,0.276964,0.695953,,,4.36045,0.366318,0.21126,605.280029296875,,,,,,,179.20000000000002,4.072727272727273,176,4,,,,,,,,,,,,,,,,,,,"Richard Fitts","30160",690916
"Daysbel Hernández","ATL",1.79174,0.928893,0,3.89084,42.543,0,0,11.1143,,53.1787,230.007,43.1275,24.67,22.99,5.59686,27.9026,1.55527,3.12075,62.8118,10.6303,4.72226,2.25111,0.947215,0.273086,0.121312,0.1517743095755577,0.216739,1.33569,0.287425,0.73361,,,3.92253,0.362877,0.268483,748.5499877929688,,,,,,,283.6,5.350943396226415,264,4.981132075471698,,,,,,,,,,,,,,,,,,,"Daysbel Hernandez","20271",678226
"Alek Jacob","SDP",1.04772,0.727616,0,3.67031,27.444,0,0,0.6072,,34.305,142.604,28.786,15.01,13.99,4.01073,10.7919,0.865823,1.88796,36.8099,9.65716,2.83127,3.41089,1.05222,0.258127,0.0756772,0.1824493631720543,0.22156,1.1537,0.27805,0.723374,,,3.64918,0.361977,0.280225,999,,,,,,,166.00000000000003,4.882352941176471,157,4.617647058823529,,,,,,,,,,,,,,,,,,,"Alek Jacob","29628",689690
"Nick Hernandez","HOU",1.3858,0.958062,0,3.82096,34.898,0,0,0.6475,,43.6225,182.601,32.4613,19.74,18.52,6.00581,18.6106,1.10696,2.75211,51.7913,10.6854,3.83966,2.78289,1.23909,0.28363,0.101919,0.18171100318431854,0.201324,1.17077,0.255753,0.734391,,,4.05091,0.35989,0.301329,999,,,,,,,210.60000000000002,4.786363636363637,184,4.181818181818182,,,,,,,,,,,,,,,,,,,"Nick Hernandez","19281",663321
"Keider Montero","DET",1.41546,2.24394,-0.00488925,4.50316,16.493,4.49,0,0.5801,,37.8934,163.457,36.9358,20.39,18.96,4.97026,13.3955,0.667203,2.02481,32.8427,7.80041,3.18155,2.45177,1.18048,0.200925,0.081951,0.1189739927649498,0.249504,1.32823,0.290005,0.690322,,,4.35901,0.359654,0.216145,720.239990234375,,,,,,,148.5,3.9078947368421053,150,3.9473684210526314,,,,,,,,,,,,,,,,,,,"Keider Montero","22630",672456
"Triston McKenzie","CLE",4.03154,6.7887,1.87568,4.82436,26.059,15.381,0,0.6686,,90.329,390.378,80.027,51.68,48.42,15.5326,41.6177,0.924771,3.68235,81.3454,8.10491,4.14661,1.95459,1.5476,0.208376,0.106609,0.10176733136177063,0.23191,1.34668,0.259849,0.700354,,,5.10532,0.35913,0.271003,514.3300170898438,,,,,,,289.2,3.2133333333333334,270,3,,,,,,,,,,,,,,,,,,,"Triston McKenzie","18000",663474
"Ryan Gusto","HOU",0.914141,1.61025,-1.14117,4.07065,19.929,3.078,0,0,,36.5691,154.645,31.2745,17.71,16.54,4.6755,13.7685,0.845344,1.83858,35.5655,8.753,3.38856,2.5831,1.15068,0.229982,0.0890331,0.14094848930835724,0.224936,1.23172,0.26923,0.709998,,,4.16382,0.358371,0.304199,749.0999755859375,,,,,,,155.70000000000002,4.208108108108108,144,3.891891891891892,,,,,,,,,,,,,,,,,,,"Ryan Gusto","sa3011818",687473
"Dylan Floro","ATH",2.13496,1.85907,0,4.27939,53.503,0,1,0.6679,,66.8788,285.543,68.6198,34.06,31.8,6.67885,18.5649,1.45729,2.79594,49.0185,6.59651,2.49831,2.64039,0.898786,0.171668,0.0650159,0.106651671230793,0.259744,1.30362,0.2971,0.682536,,,3.95702,0.355738,0.0916678,999,,,,,,,271.29999999999995,4.049253731343283,285,4.253731343283582,,,,,,,,,,,,,,,,,,,"Dylan Floro","13394",571670
"Sam Moll","CIN",2.23219,1.72434,0,4.11979,54.195,0,0,10.4306,,67.7438,292.471,60.8435,33.25,31.01,7.37313,29.4106,2.57686,4.18216,70.2823,9.33725,3.9073,2.3897,0.979546,0.240305,0.100559,0.13974622637033463,0.235027,1.33229,0.295053,0.71316,,,3.99407,0.355698,0.248685,999,,,,,,,339.5,4.992647058823529,330,4.852941176470588,,,,,,,,,,,,,,,,,,,"Sam Moll","14874",594580
"Kaleb Ort","HOU",1.97798,1.50935,0,4.30944,52.353,0.142,1,12.0869,,65.2637,278.843,55.7718,33.45,31.25,9.02883,26.8505,1.98296,3.61364,70.7704,9.75937,3.70273,2.63572,1.24509,0.2538,0.0962923,0.15750744938850403,0.224543,1.26598,0.277275,0.702643,,,4.19655,0.352811,0.0873945,999,,,,,,,326.70000000000005,5.026153846153846,310,4.769230769230769,,,,,,,,,,,,,,,,,,,"Kaleb Ort","20061",672391
"Jorge Alcala","MIN",2.4498,1.89647,0,4.26998,56.049,0,0,12.1347,,70.0612,296.677,62.1011,35.66,33.24,10.0721,24.4651,1.21092,3.5777,71.3935,9.17114,3.14276,2.91818,1.29385,0.240644,0.0824637,0.1581801176071167,0.231173,1.23558,0.277979,0.702491,,,4.19813,0.345211,0.0465974,999,,,,,,,339.8,4.854285714285714,326,4.6571428571428575,,,,,,,,,,,,,,,,,,,"Jorge Alcala","19459",660896
"Brusdar Graterol","LAD",1.00391,0.426103,0,3.04096,19.671,0.043,1,0.7135,,24.535,100.399,22.2408,8.93,8.29,1.32635,5.43765,0.543751,1.33558,18.0042,6.60437,1.99466,3.31103,0.486537,0.179328,0.0541606,0.12516701966524124,0.237551,1.12812,0.281506,0.726077,,,3.22981,0.344774,0.419526,999,,,,,,,142.5,5.7,139,5.56,,,,,,,,,,,,,,,,,,,"Brusdar Graterol","20367",660813
"Eduard Bazardo","SEA",0.925988,0.699544,0,3.62088,24.14,0,0,0.6186,,30.175,124.698,24.5209,13,12.14,3.44482,9.91063,0.595022,1.4866,33.0438,9.85566,2.95595,3.33418,1.02745,0.264991,0.0794772,0.18551403284072876,0.216424,1.14106,0.274386,0.723824,,,3.59354,0.338482,0.271826,999,,,,,,,157.1,5.236666666666666,148,4.933333333333334,,,,,,,,,,,,,,,,,,,"Eduard Bazardo","20997",660825
"Colin Poche","WSN",2.02974,1.63331,0,4.04991,48.25,0,3,9.4549,,60.3125,252.816,50.7775,29.16,27.14,8.24823,21.4077,1.16219,2.43183,55.9125,8.34343,3.19452,2.61179,1.23082,0.221159,0.0846772,0.13648197799921036,0.221759,1.19685,0.258041,0.709546,,,4.27604,0.336834,0.231603,749.9500122070312,,,,,,,307,5.116666666666666,290,4.833333333333333,,,,,,,,,,,,,,,,,,,"Colin Poche","19403",621363
"Tanner Banks","PHI",2.07523,1.57403,0,4.39007,57.322,0.379,1,12.5857,,71.1787,306.007,70.0012,37.48,34.72,9.23826,23.4265,1.30909,3.0955,70.3867,8.89985,2.96211,3.00457,1.16811,0.230017,0.0765557,0.1534612625837326,0.250465,1.31258,0.304028,0.695053,,,3.99384,0.336756,-0.0026827,750.2899780273438,,,,,,,351.70000000000005,4.953521126760564,357,5.028169014084507,,,,,,,,,,,,,,,,,,,"Tanner Banks","16990",621383
"John Means","CLE",1.58327,2.08912,1.12132,4.2515,6.302,5.238,0,0,,26.4401,110.641,24.366,13.38,12.49,4.16134,7.3076,0.140854,0.963745,21.8061,7.42263,2.48745,2.98403,1.41649,0.197089,0.066048,0.1310412436723709,0.23802,1.19794,0.264452,0.707745,,,4.50154,0.336101,0.305594,749.0700073242188,,,,,,,100.79999999999998,3.8769230769230765,98,3.769230769230769,,,,,,,,,,,,,,,,,,,"John Means","16269",607644
"Daniel Lynch IV","KCR",2.1691,2.11989,0.616531,4.40403,35.662,2.827,0,4.2957,,53.3988,230.148,52.1102,28.04,26.13,6.46585,19.0734,1.19807,2.37125,45.1478,7.60936,3.21469,2.36706,1.08977,0.196168,0.0828744,0.11329402029514313,0.249685,1.33306,0.290562,0.694393,,,4.25441,0.335554,0.124677,665.5700073242188,,,,,,,226.20000000000005,4.267924528301887,230,4.339622641509434,,,,,,,,,,,,,,,,,,,"Daniel Lynch IV","21537",663738
"Sean Reynolds","SDP",1.30562,0.945959,0,3.88954,34.69,0,0,6.243,,43.3625,185.696,35.0649,20.04,18.74,4.45916,20.709,0.962179,2.58743,48.8808,10.1453,4.2982,2.36037,0.925511,0.263231,0.111521,0.15170957893133163,0.215918,1.28622,0.280634,0.721444,,,3.86055,0.333809,0.247203,999,,,,,,,228,5.3023255813953485,213,4.953488372093023,,,,,,,,,,,,,,,,,,,"Sean Reynolds","22253",669308
"Anthony Banda","LAD",2.2983,1.31268,0,4.32975,49.325,0.585,0,12.6527,,60.925,264.285,58.4508,31.54,29.31,7.19389,24.3728,1.7421,3.26608,60.0631,8.87267,3.60042,2.46435,1.0627,0.227266,0.0922216,0.13504432141780853,0.246996,1.35944,0.302598,0.704908,,,4.09075,0.333217,0.0335394,999,,,,,,,305.50000000000006,5.008196721311476,305,5,,,,,,,,,,,,,,,,,,,"Anthony Banda","14706",607455
"Tommy Kahnle","DET",1.9493,1.40101,0,3.86955,46.331,0,2,9.8394,,57.9137,245.989,50.6601,26.83,24.9,6.16589,22.6624,0.967126,3.21158,56.8482,8.83441,3.52182,2.50848,0.958201,0.231101,0.0921279,0.13897297531366348,0.230153,1.26606,0.283221,0.718694,,,3.92765,0.332942,0.331035,619.5,,,,,,,308.80000000000007,5.324137931034484,298,5.137931034482759,,,,,,,,,,,,,,,,,,,"Tommy Kahnle","11384",592454
"Joey Wentz","PIT",1.62173,1.73662,-0.497023,4.32008,47.319,1.24,0,9.4549,,58.5198,253.564,52.5198,30.11,28.09,6.66093,26.7292,1.43256,2.48924,57.4425,8.83432,4.11079,2.14905,1.02441,0.226541,0.105414,0.12112659215927124,0.234103,1.35423,0.286186,0.702752,,,4.18088,0.32935,0.132416,999,,,,,,,275.7,4.672881355932203,267,4.52542372881356,,,,,,,,,,,,,,,,,,,"Joey Wentz","19962",666214
"Tyler Alexander","MIL",2.18591,2.09613,1.01534,4.43039,29.954,2.923,0,0.5961,,48.8557,205.379,47.1079,25.79,24.05,8.04931,11.9398,0.871352,1.86621,43.1012,7.93992,2.19949,3.60989,1.48281,0.209862,0.0581354,0.1517266407608986,0.245901,1.20861,0.278151,0.696078,,,4.39165,0.320717,0.125622,748.0999755859375,,,,,,,190.00000000000006,3.8775510204081645,189,3.857142857142857,,,,,,,,,,,,,,,,,,,"Tyler Alexander","17735",641302
"Caleb Kilian","CHC",0.597011,0.403095,0,3.91921,14.391,1.692,0,0.6254,,25.398,108.22,23.1971,11.87,11.06,2.17814,9.35355,0.840974,1.37828,21.9987,7.79544,3.31451,2.35191,0.771843,0.203278,0.0864311,0.11684717237949371,0.237949,1.28162,0.286709,0.701009,,,3.81668,0.318409,0.218791,749.4000244140625,,,,,,,118.60000000000001,4.744000000000001,117,4.68,,,,,,,,,,,,,,,,,,,"Caleb Kilian","26213",668873
"Josh Sborz","TEX",1.21577,0.720761,0,4.04113,29.077,0,1,0.5681,,36.3462,153.666,30.6745,17.45,16.32,4.24151,14.3702,0.596333,1.67529,41.378,10.246,3.55834,2.87943,1.05028,0.269273,0.0935163,0.17575696855783463,0.222893,1.23932,0.287314,0.705628,,,3.73105,0.313156,0.18041,999,,,,,,,179.60000000000005,4.988888888888891,171,4.75,,,,,,,,,,,,,,,,,,,"Josh Sborz","18323",622250
"Ian Seymour","TBR",1.01279,1.49342,-0.459339,3.89378,12.788,3.173,0,0,,26.5346,111.245,22.348,12.28,11.48,3.37697,9.46235,0.546964,1.27113,26.6355,9.03423,3.20944,2.81489,1.1454,0.239431,0.0850585,0.1543722301721573,0.222342,1.19883,0.269096,0.72114,,,4.02687,0.313048,0.375783,727.0700073242188,,,,,,,129.7,4.803703703703703,120,4.444444444444445,,,,,,,,,,,,,,,,,,,"Ian Seymour","sa3014512",693855
"Adam Ottavino","BOS",1.64517,1.05763,0,4.31069,38.199,0,1,0.642,,47.7487,203.82,40.0413,24.43,22.87,5.03163,20.664,0.914959,3.57911,51.2191,9.65411,3.89488,2.47867,0.948395,0.251296,0.101383,0.14991214871406555,0.222975,1.27135,0.283878,0.676008,,,3.91419,0.311866,0.102606,999,,,,,,,225.70000000000005,4.702083333333334,211,4.395833333333333,,,,,,,,,,,,,,,,,,,"Adam Ottavino","1247",493603
"Cionel Pérez","BAL",2.25269,1.56576,0,3.85934,54.401,0,1,10.2926,,68.0013,293.198,61.918,31.29,29.16,4.91153,30.5479,1.76508,3.51352,53.7479,7.11356,4.04302,1.75947,0.650044,0.183316,0.104188,0.07912752777338028,0.238939,1.35977,0.284353,0.714757,,,4.02732,0.310761,0.456229,999,,,,,,,328.50000000000006,4.8308823529411775,323,4.75,,,,,,,,,,,,,,,,,,,"Cionel Perez","19614",672335
"Luis Peralta","COL",1.7003,1.78608,0,4.3506,57.079,0,2,11.0148,,71.3487,314.173,65.2531,37.02,34.49,7.23573,36.1435,1.7937,3.88145,77.2328,9.74222,4.55918,2.13684,0.912722,0.245829,0.115044,0.13078567385673523,0.238022,1.42114,0.305871,0.705369,,,4.00285,0.309904,-0.0026827,748.780029296875,,,,,,,358.29999999999995,5.046478873239436,352,4.957746478873239,,,,,,,,,,,,,,,,,,,"Luis Peralta","24203",678821
"Tink Hence","STL",1.17776,1.42996,1.50711,4.39941,3.819,3.819,0,0,,20.9687,89.2118,20.5561,10.98,10.25,2.70156,6.5032,0.0502524,0.80432,18.6895,8.02174,2.79125,2.87389,1.15954,0.209496,0.0728962,0.13659972697496414,0.250977,1.29046,0.295052,0.690777,,,4.10425,0.308404,0.203969,999,,,,,,,77.9,3.7095238095238097,80,3.8095238095238093,,,,,,,,,,,,,,,,,,,"Tink Hence","sa3014709",693311
"Blas Castano","SEA",0.629265,0.5129,0,3.94145,16.771,1.689,0,0,,30.164,127.47,27.1792,14.18,13.21,3.41322,9.91842,0.86402,1.9588,27.1737,8.10779,2.95935,2.73972,1.0184,0.213176,0.0778096,0.13536687195301056,0.235128,1.22986,0.279579,0.709104,,,4.01703,0.307662,0.287741,999,,,,,,,132.89999999999998,4.429999999999999,129,4.3,,,,,,,,,,,,,,,,,,,"Blas Castano","sa3006617",680604
"Sean Guenther","DET",1.54115,1.09864,0,3.84097,36.497,0,0,0.5801,,45.6213,191.19,42.894,20.99,19.47,4.82874,12.3377,1.06389,1.89157,36.7972,7.25923,2.43393,2.98252,0.952597,0.192464,0.0645307,0.12793318182229996,0.242393,1.21066,0.281267,0.70643,,,3.86499,0.305857,0.305575,999,,,,,,,203.10000000000002,4.415217391304348,201,4.369565217391305,,,,,,,,,,,,,,,,,,,"Sean Guenther","20045",674944
"Jake Bloss","TOR",1.67482,2.80231,-0.194405,4.60564,17.877,6.114,0,0.6566,,41.2516,176.275,37.5821,22.52,21.11,6.28456,15.5427,0.62785,1.95048,37.5991,8.20312,3.39101,2.41908,1.37112,0.213298,0.0881731,0.12512470036745071,0.23669,1.28783,0.272394,0.690442,,,4.59626,0.303658,0.125507,731.9099731445312,,,,,,,156.8,3.8243902439024393,153,3.731707317073171,,,,,,,,,,,,,,,,,,,"Jake Bloss","33168",814005
"Calvin Faucher","MIA",1.72134,1.77263,0,4.33024,54.988,0.118,16,5.5739,,68.5875,301.446,66.1161,35.63,33,7.41944,31.5685,2.26493,3.51734,69.9529,9.17917,4.1424,2.21591,0.973574,0.232058,0.104724,0.1273343190550804,0.248221,1.42423,0.310585,0.710842,,,4.06758,0.303295,-0.00694534,303.6700134277344,,,,,,,388.9,5.63623188405797,390,5.6521739130434785,,,,,,,,,,,,,,,,,,,"Calvin Faucher","20116",676534
"Colin Selby","BAL",1.22065,0.821947,0,3.69084,28.876,0.024,0,0.6344,,36.065,152.486,29.6414,15.8,14.79,3.6645,15.0924,1.28989,2.01103,36.916,9.21237,3.76631,2.44599,0.914473,0.242094,0.0989759,0.14311856031417847,0.218946,1.24037,0.274013,0.730587,,,3.86291,0.301403,0.284421,999,,,,,,,166.20000000000005,4.616666666666668,155,4.305555555555555,,,,,,,,,,,,,,,,,,,"Colin Selby","24986",681882
"Jacob Waguespack","TBR",1.57991,1.62791,-0.108077,4.41464,30.49,1.759,0,0.6853,,40.6715,177.045,37.1549,21.33,19.95,4.81386,18.1991,0.861476,2.51336,44.1371,9.76688,4.02719,2.42523,1.06524,0.249299,0.102794,0.14650505036115646,0.237666,1.361,0.301179,0.699872,,,4.06252,0.300693,0.14402,999,,,,,,,174.70000000000005,4.260975609756098,169,4.121951219512195,,,,,,,,,,,,,,,,,,,"Jacob Waguespack","18318",621097
"Mark Leiter Jr.","NYY",2.04126,1.40187,0,4.28983,53.895,0.153,1,11.923,,67.1775,286.833,58.7054,34.41,32.02,10.1863,25.8103,1.30797,4.74486,80.1303,10.7353,3.45789,3.10459,1.36469,0.279362,0.0899836,0.18937819451093674,0.229069,1.2581,0.292352,0.713198,,,4.11659,0.299727,0.0916678,748.1599731445312,,,,,,,339.4,5.065671641791044,325,4.850746268656716,,,,,,,,,,,,,,,,,,,"Mark Leiter Jr.","15551",643410
"Nick Robertson","TOR",1.18837,0.944444,0,4.01048,30.674,0.136,0,0.6566,,38.1725,161.008,34.3602,18.28,17.01,4.55693,12.5765,1.32106,1.79597,37.8571,8.92565,2.96518,3.01016,1.07439,0.235126,0.078111,0.15701542794704437,0.234324,1.22959,0.285962,0.706578,,,3.86444,0.299257,0.184668,999,,,,,,,166.29999999999998,4.376315789473684,160,4.2105263157894735,,,,,,,,,,,,,,,,,,,"Nick Robertson","26226",687798
"Cooper Criswell","BOS",0.887415,1.51697,-1.15012,4.45478,18.596,2.929,0,0.642,,33.6178,144.964,34.4974,17.88,16.64,3.92651,9.69977,0.782274,2.36597,26.5784,7.11545,2.59678,2.74011,1.05119,0.183345,0.0669115,0.11643325537443161,0.259577,1.3147,0.298563,0.680029,,,4.18038,0.29479,0.134482,750.4000244140625,,,,,,,136.00000000000003,4.000000000000001,140,4.117647058823529,,,,,,,,,,,,,,,,,,,"Cooper Criswell","24975",681867
"Carlos Rodriguez","MIL",0.862413,1.15952,-0.199358,3.80428,9.42,2.531,0,0.5961,,20.6294,86.2102,16.6749,9.31,8.72,2.60816,7.68299,0.398579,1.13261,20.2148,8.81913,3.35186,2.63111,1.13787,0.234483,0.0891193,0.14536365866661072,0.215453,1.18074,0.257766,0.726724,,,4.13225,0.292275,0.351554,999,,,,,,,91.3,4.347619047619047,83,3.9523809523809526,,,,,,,,,,,,,,,,,,,"Carlos Rodriguez","30161",692230
"Sam Long","KCR",1.99465,1.32991,0,4.03973,46.673,0.262,0,9.923,,58.0137,248.03,51.7558,27.96,26.04,6.35591,23.1027,1.74509,2.41593,53.5844,8.31285,3.58405,2.3194,0.986028,0.21604,0.0931447,0.12289489805698395,0.232598,1.29036,0.279261,0.711012,,,4.06306,0.291895,0.227332,999,,,,,,,293.20000000000005,5.0551724137931044,285,4.913793103448276,,,,,,,,,,,,,,,,,,,"Sam Long","25379",669674
"Joe Kelly",,1.68068,1.65846,0,3.73111,29.737,0,0,0,,37.1712,159.941,31.128,16.48,15.41,2.89879,18.1827,0.901141,2.55822,39.7633,9.62759,4.40244,2.18688,0.701863,0.248612,0.113684,0.1349286511540413,0.223621,1.32658,0.292416,0.725502,,,3.71477,0.291731,0.338717,999,,,,,,,173.3,4.683783783783784,163,4.405405405405405,,,,,,,,,,,,,,,,,,,"Joe Kelly","9761",523260
"Zach Brzykcy","WSN",1.73095,1.34909,0,3.97015,41.675,0,0,0.614,,52.0938,221.252,43.4114,24.69,22.98,6.43913,21.4662,2.40286,2.89535,54.8292,9.47258,3.70861,2.55421,1.11246,0.247813,0.0970212,0.15079165250062943,0.220485,1.2454,0.272612,0.719398,,,4.07129,0.291465,0.214526,750.719970703125,,,,,,,241.2,4.638461538461538,224,4.3076923076923075,,,,,,,,,,,,,,,,,,,"Zach Brzykcy","27783",694350
"Ronny Henriquez","MIA",1.1822,1.09992,0,3.94027,36.007,0.247,0,6.2522,,44.7,189.539,41.8949,21.16,19.57,5.12819,14.2636,1.29556,2.28023,40.3653,8.12725,2.87186,2.82996,1.03252,0.212966,0.0752542,0.13771221786737442,0.242174,1.25634,0.288364,0.714561,,,3.96217,0.290744,0.251462,999,,,,,,,218.3,4.851111111111111,216,4.8,,,,,,,,,,,,,,,,,,,"Ronny Henriquez","24094",678692
"Ryan Zeferjahn","LAA",2.07804,1.76818,0,4.20042,47.721,0,1,12.1647,,59.6512,256.733,50.8193,29.84,27.84,7.81741,26.2317,1.88466,3.93958,66.9792,10.1056,3.95775,2.55337,1.17947,0.260891,0.102175,0.1587161049246788,0.224307,1.29169,0.283346,0.714164,,,4.14184,0.289756,0.128257,744.260009765625,,,,,,,310,5.166666666666667,293,4.883333333333334,,,,,,,,,,,,,,,,,,,"Ryan Zeferjahn","25420",666171
"Brennan Bernardino","BOS",1.79123,1.18747,0,4.41083,43.059,0.667,0,4.4515,,52.99,230.847,50.4718,27.92,25.97,6.41524,21.3567,1.72923,3.79107,56.1402,9.53505,3.62729,2.62869,1.08959,0.243192,0.0925144,0.1506776511669159,0.245367,1.35551,0.307778,0.698655,,,4.04515,0.287564,0.0153236,999,,,,,,,241.40000000000003,4.554716981132076,240,4.528301886792453,,,,,,,,,,,,,,,,,,,"Brennan Bernardino","16835",657514
"Brandon Young","BAL",0.981095,0.969058,-0.351885,3.93729,22.424,0.968,0,0,,27.7958,117.561,24.2673,13.01,12.16,3.36425,9.94488,0.754226,1.42092,28.9943,9.38807,3.22005,2.9155,1.08931,0.246631,0.084593,0.16203831881284714,0.228515,1.23084,0.283098,0.718664,,,3.8804,0.286081,0.217241,722.780029296875,,,,,,,132.90000000000003,4.746428571428573,126,4.5,,,,,,,,,,,,,,,,,,,"Brandon Young","sa3014926",687064
"Chris Roycroft","STL",1.19549,0.997754,0,3.92001,30.453,0,0,4.4851,,38.0662,164.05,34.5171,17.75,16.58,2.77935,16.4156,1.04437,2.35523,32.8799,7.77378,3.88114,2.00296,0.657122,0.200426,0.100065,0.10036151856184006,0.237592,1.338,0.289526,0.70539,,,3.86748,0.286047,0.184674,999,,,,,,,181.3,4.771052631578947,179,4.7105263157894735,,,,,,,,,,,,,,,,,,,"Chris Roycroft","31261",688297
"Gunnar Hoglund","ATH",1.9103,3.10615,-0.233696,4.54122,26.13,5.679,0,0,,56.9385,240.969,52.6652,30.82,28.73,9.6294,17.6859,1.05384,2.95765,48.8468,7.72098,2.79553,2.7619,1.52207,0.202709,0.0733948,0.12931467592716217,0.239033,1.23556,0.2659,0.695114,,,4.73693,0.285813,0.208,999,,,,,,,195.99999999999994,3.4385964912280693,190,3.3333333333333335,,,,,,,,,,,,,,,,,,,"Gunnar Hoglund","sa3019785",680684
"Stephen Kolek","SDP",1.54909,1.70764,-0.00169535,4.35516,32.361,2.138,0,0.6072,,44.4507,193.219,43.7233,23.08,21.51,4.35859,17.0931,1.01097,2.85117,36.8802,7.46719,3.46087,2.15761,0.882491,0.190872,0.0884648,0.10240757465362549,0.252335,1.36818,0.298136,0.689698,,,4.12786,0.284186,0.101137,732.1699829101562,,,,,,,180.00000000000003,4.090909090909092,186,4.2272727272727275,,,,,,,,,,,,,,,,,,,"Stephen Kolek","21487",663568
"Seranthony Domínguez","BAL",2.49517,1.82017,0,4.0998,60.36,0,5,12.4261,,75.45,320.818,64.8332,36.81,34.37,9.8403,30.0646,1.28151,4.8984,76.4139,9.11497,3.58624,2.54165,1.17379,0.238184,0.0937123,0.14447186142206192,0.226804,1.25776,0.275514,0.71606,,,4.22659,0.282744,0.211944,574.5900268554688,,,,,,,383,5.1066666666666665,365,4.866666666666666,,,,,,,,,,,,,,,,,,,"Seranthony Dominguez","19249",622554
"Nick Sandlin","TOR",2.31145,1.7934,0,3.96028,57.701,0.196,0,12.8942,,71.8812,303.212,56.1218,33.87,31.63,9.53739,31.7294,1.8538,4.79926,77.68,9.72604,3.97272,2.4482,1.19414,0.25619,0.104644,0.15154597908258438,0.210443,1.22217,0.259572,0.724591,,,4.25455,0.28257,0.36082,748.9099731445312,,,,,,,361.20000000000005,5.0166666666666675,327,4.541666666666667,,,,,,,,,,,,,,,,,,,"Nick Sandlin","20517",680704
"Michel Otañez","ATH",2.20592,1.8273,0,4.07989,54.125,0,1,13.1701,,67.6562,297.985,51.7582,32.68,30.67,6.95267,43.4989,1.95955,5.6331,86.5057,11.5075,5.78646,1.98869,0.924881,0.290303,0.145977,0.14432550966739655,0.207987,1.40796,0.288335,0.731696,,,4.12381,0.282334,0.248685,740.9299926757812,,,,,,,365.90000000000003,5.380882352941177,333,4.897058823529412,,,,,,,,,,,,,,,,,,,"Michel Otanez","22533",671305
"George Soriano","MIA",1.066,1.02171,0.260525,4.12284,31.033,0.083,0,3.9322,,40.4721,174.768,37.2976,19.92,18.54,4.32253,16.1489,1.09823,2.69024,38.8864,8.64738,3.59112,2.40799,0.961225,0.222502,0.0924016,0.13010069727897644,0.239195,1.32058,0.292538,0.707385,,,4.02973,0.281554,0.0855052,999,,,,,,,187.60000000000002,4.69,185,4.625,,,,,,,,,,,,,,,,,,,"George Soriano","21863",666277
"Jordan Romano","PHI",1.83314,1.37145,0,4.27068,49.077,0,22,4.86,,61.3462,260.737,55.8298,31.25,29.11,8.45219,21.6919,1.52951,3.08799,61.0534,8.95704,3.18238,2.81458,1.24001,0.234157,0.0831946,0.15096288919448853,0.236611,1.26367,0.284634,0.70441,,,4.17895,0.280023,0.0788461,168.80999755859375,,,,,,,384.4000000000001,6.301639344262297,378,6.19672131147541,,,,,,,,,,,,,,,,,,,"Jordan Romano","16122",605447
"Steven Cruz","KCR",1.23662,0.796794,0,3.78961,28.604,0.485,0,0.6444,,35.1488,150.484,29.1218,15.82,14.8,2.97723,16.4198,0.722668,2.23565,35.6439,9.12678,4.20437,2.17078,0.762334,0.236862,0.109114,0.12774842977523804,0.220908,1.29568,0.2805,0.718374,,,3.83173,0.278797,0.230212,999,,,,,,,168.7,4.819999999999999,158,4.514285714285714,,,,,,,,,,,,,,,,,,,"Steven Cruz","23165",674444
"Caden Dana","LAA",3.5239,4.53673,4.76906,4.99931,11.9,11.9,0,0,,64.7909,279.301,63.4132,38.44,35.99,12.1605,22.6401,0.173116,2.97839,53.8814,7.48458,3.14489,2.37991,1.6892,0.192915,0.0810596,0.11185532808303833,0.249971,1.32817,0.273143,0.689763,,,5.12941,0.277432,0.242696,609.5,,,,,,,199.59999999999997,3.0707692307692303,199,3.0615384615384613,,,,,,,,,,,,,,,,,,,"Caden Dana","31508",702674
"Alexis Díaz","CIN",2.58445,2.07005,0,4.33053,61.683,0,22,4.5154,,77.1038,332.577,63.7509,39.54,37.1,9.95879,36.7108,1.8917,5.72691,82.3006,9.6066,4.2851,2.24186,1.16245,0.247463,0.110383,0.13708017766475677,0.219725,1.30294,0.271841,0.704139,,,4.36196,0.27712,0.0101172,146.30999755859375,,,,,,,445.4000000000001,5.784415584415585,420,5.454545454545454,,,,,,,,,,,,,,,,,,,"Alexis Diaz","21132",664747
"Richard Lovelady","TOR",0.935707,0.672474,0,3.59035,23.503,0,0,0.6566,,29.3787,122.798,25.9685,12.59,11.72,2.55713,9.37895,0.849612,1.42052,26.0146,7.9694,2.87318,2.77372,0.78336,0.211849,0.0763774,0.1354718878865242,0.231866,1.20316,0.280623,0.716376,,,3.62981,0.276556,0.217516,999,,,,,,,136.10000000000002,4.6931034482758625,132,4.551724137931035,,,,,,,,,,,,,,,,,,,"Richard Lovelady","19337",663992
"Eli Morgan","CHC",1.68883,1.24618,0,4.36083,41.161,0,0,6.7538,,51.4512,216.504,47.7978,26.71,24.93,7.57331,14.6692,0.846487,2.30816,46.875,8.1995,2.56597,3.19548,1.32474,0.216509,0.0677548,0.14875409752130508,0.239556,1.2141,0.277261,0.689433,,,4.24779,0.275104,-0.0453129,999,,,,,,,225.2,4.415686274509803,222,4.352941176470588,,,,,,,,,,,,,,,,,,,"Eli Morgan","20203",669212
"Evan Sisk","KCR",0.90451,0.541546,0,3.43859,20.876,0,0,0,,26.095,111.594,21.7003,10.7,9.97,1.66657,12.315,0.854114,1.43847,27.8602,9.6088,4.24736,2.2623,0.57479,0.249656,0.110355,0.13930104672908783,0.221792,1.30352,0.293259,0.735914,,,3.4426,0.275045,0.26347,999,,,,,,,127.60000000000001,4.907692307692308,121,4.653846153846154,,,,,,,,,,,,,,,,,,,"Evan Sisk","sa3007612",681895
"Zach Pop","TOR",1.56563,1.21184,0,3.89004,39.942,0,0,7.2231,,49.9275,211.352,46.8377,23.14,21.58,4.52131,16.0677,1.14817,3.02243,37.3778,6.73778,2.89638,2.32627,0.815018,0.176851,0.0760234,0.10082769393920898,0.243614,1.25993,0.281429,0.702872,,,3.99351,0.273797,0.31404,999,,,,,,,231.3,4.626,230,4.6,,,,,,,,,,,,,,,,,,,"Zach Pop","20185",647315
"Buck Farmer","ATL",1.91115,1.06838,0,4.24056,46,0.14,0,0.6159,,57.325,246.862,51.1808,29.03,27.01,6.86973,24.1139,1.24195,3.53051,56.2701,8.83438,3.78587,2.33351,1.07854,0.227942,0.0976819,0.1302598938345909,0.233471,1.31347,0.283905,0.704427,,,4.2079,0.273225,0.070298,999,,,,,,,235.09999999999994,4.124561403508771,226,3.9649122807017543,,,,,,,,,,,,,,,,,,,"Buck Farmer","14814",571656
"Keegan Thompson","CHC",1.77622,1.47947,-0.38589,4.07361,42.468,0.804,1,0.6254,,52.2952,223.778,43.7231,25.36,23.67,6.39704,23.612,0.930637,3.00274,54.8449,9.4388,4.06363,2.32275,1.10093,0.245086,0.105515,0.13957034051418304,0.22176,1.2876,0.274614,0.719008,,,4.186,0.272208,0.271048,999,,,,,,,234.6,4.5115384615384615,220,4.230769230769231,,,,,,,,,,,,,,,,,,,"Keegan Thompson","19795",624522
"Yosver Zulueta","CIN",1.44517,1.09569,0,4.01965,35.018,0,0,0.6021,,43.7725,190.37,38.2253,20.86,19.55,3.5126,21.798,0.996074,3.25502,45.2231,9.29825,4.48186,2.07464,0.72222,0.237553,0.114503,0.1230500265955925,0.231224,1.37126,0.297755,0.710695,,,3.86045,0.271655,0.197462,999,,,,,,,196.60000000000002,4.468181818181819,187,4.25,,,,,,,,,,,,,,,,,,,"Yosver Zulueta","27765",691172
"Shinnosuke Ogasawara","WSN",1.11784,1.02202,0,4.65063,28.35,9.23,0,0,,38.24,165.989,37.955,21.31,19.76,5.08997,14.1162,0.978728,1.66395,30.324,7.13694,3.32232,2.14818,1.19795,0.182687,0.0850427,0.09764403849840164,0.252681,1.36169,0.286292,0.684415,,,4.54885,0.269079,0.143212,704.4099731445312,,,,,,,132.89999999999998,3.497368421052631,137,3.6052631578947367,,,,,,,,,,,,,,,,,,,"Shinnosuke Ogasawara","sa3058454",829272
"Graham Ashcraft","CIN",1.97634,2.16986,-0.00229436,4.29787,37.954,2.474,0,4.2545,,52.0584,224.342,51.8374,26.62,24.86,5.56449,17.7457,1.20168,3.19397,40.4487,6.99289,3.06793,2.27935,0.962004,0.1803,0.0791013,0.10119851678609848,0.254852,1.33664,0.294004,0.695277,,,4.20877,0.268039,0.121242,722.7899780273438,,,,,,,208.8,4.015384615384615,215,4.134615384615385,,,,,,,,,,,,,,,,,,,"Graham Ashcraft","27552",668933
"Elvis Peguero","MIL",2.29158,1.60678,0,4.07982,50.261,0,0,9.1804,,62.8262,268.22,57.4944,30.52,28.48,6.30017,24.038,1.38995,3.59657,54.408,7.79406,3.4435,2.26342,0.902513,0.202848,0.0896205,0.11322793364524841,0.238977,1.29774,0.284607,0.701566,,,4.05767,0.266231,0.186299,999,,,,,,,304.20000000000005,4.828571428571429,297,4.714285714285714,,,,,,,,,,,,,,,,,,,"Elvis Peguero","21652",665625
"Riley O'Brien","STL",1.63313,1.42187,0,4.17985,42.013,0,0,0.6347,,52.5163,228.557,44.5312,26.07,24.39,5.24834,26.9892,1.47732,3.82736,55.4454,9.50198,4.62528,2.05436,0.899437,0.242589,0.118085,0.12450376898050308,0.2252,1.36187,0.286639,0.708251,,,4.11452,0.266063,0.164931,999,,,,,,,234.70000000000005,4.428301886792454,221,4.169811320754717,,,,,,,,,,,,,,,,,,,"Riley O'Brien","20348",676617
"Andrew Kittredge","BAL",1.6358,1.22054,0,4.19973,40.494,0,2,0.6344,,50.6175,212.815,49.8034,25.32,23.62,6.82984,12.0607,1.25522,2.14667,43.7781,7.78393,2.14445,3.6298,1.21437,0.205709,0.0566723,0.14903708174824715,0.250762,1.22219,0.290362,0.698709,,,4.03286,0.264394,0.160657,681.9500122070312,,,,,,,221.30000000000007,4.339215686274511,224,4.392156862745098,,,,,,,,,,,,,,,,,,,"Andrew Kittredge","12828",552640
"Domingo Germán",,1.64156,2.3287,1.87739,4.86835,7.225,5.298,0,0,,33.2207,143.127,32.3684,19.2,17.97,5.31419,11.7827,0.192822,1.53077,26.6204,7.21188,3.19212,2.25927,1.43969,0.185991,0.0823234,0.10366775840520859,0.249345,1.32903,0.276405,0.679659,,,4.84568,0.263851,0.125776,999,,,,,,,111.50000000000004,3.3787878787878802,112,3.393939393939394,,,,,,,,,,,,,,,,,,,"Domingo German","17149",593334
"Craig Kimbrel",,2.14217,2.23826,0,4.10968,37.93,0,4,0,,47.4125,201.831,37.6378,23.21,21.65,6.51176,21.4589,0.936581,2.95637,58.4015,11.086,4.07341,2.72154,1.23608,0.289358,0.106321,0.18303661048412323,0.212145,1.24644,0.276669,0.718018,,,4.03325,0.263366,0.152111,693.4299926757812,,,,,,,226.90000000000003,4.827659574468086,208,4.425531914893617,,,,,,,,,,,,,,,,,,,"Craig Kimbrel","6655",518886
"Zack Thompson","STL",1.26282,1.25406,-0.133173,4.07403,30.542,0.696,0,0.6347,,38.6816,167.233,33.3552,18.68,17.51,3.94835,18.6223,0.878032,2.14236,41.1341,9.57062,4.33284,2.20886,0.918657,0.245969,0.111356,0.13461345434188843,0.227731,1.34373,0.29005,0.716849,,,3.97706,0.26077,0.190735,999,,,,,,,176.60000000000002,4.528205128205129,166,4.256410256410256,,,,,,,,,,,,,,,,,,,"Zack Thompson","25918",668868
"Ryan Loutos","STL",0.873716,0.73799,0,4.01134,22.58,0,0,0.6347,,28.225,120.544,26.484,13.49,12.58,2.58729,9.9126,0.902408,1.36883,26.3989,8.41771,3.16079,2.66316,0.824999,0.218998,0.0822323,0.13676556944847107,0.242389,1.28952,0.29768,0.698917,,,3.68663,0.256788,0.163383,999,,,,,,,125.70000000000005,4.489285714285716,124,4.428571428571429,,,,,,,,,,,,,,,,,,,"Ryan Loutos","29521",702795
"Omar Cruz","SDP",0.629345,0.398891,0,3.29032,16.207,0.211,0,0,,19.995,83.7509,15.5137,7.83,7.31,1.59197,8.27048,0.476184,1.25984,22.7749,10.2513,3.72265,2.75376,0.716567,0.271937,0.0987509,0.1731858029961586,0.209021,1.18951,0.279252,0.740147,,,3.35336,0.255108,0.251126,749.4299926757812,,,,,,,100.80000000000001,5.040000000000001,93,4.65,,,,,,,,,,,,,,,,,,,"Omar Cruz","sa3006971",678316
"Robert Suarez","SDP",2.1836,1.69055,0,4.15968,58.591,0,26,4.5538,,73.2387,309.998,66.3375,36.3,33.85,9.93427,25.0784,1.70483,3.41301,68.2498,8.38693,3.08178,2.72145,1.22078,0.220162,0.0808987,0.13926352560520172,0.235652,1.24819,0.277408,0.7111,,,4.23313,0.25469,0.20767,94.33999633789062,,,,,,,447.6,6.131506849315069,437,5.986301369863014,,,,,,,,,,,,,,,,,,,"Robert Suarez","30115",663158
"Anderson Pilar","ATL",0.740315,0.35164,0,3.47955,17.216,0,0,0,,21.52,90.2459,18.9155,8.98,8.32,1.84592,6.97824,0.750978,1.2851,20.7519,8.67879,2.91841,2.97381,0.771994,0.229949,0.0773247,0.1526241898536682,0.230726,1.20324,0.28744,0.725617,,,3.50491,0.253764,0.255275,999,,,,,,,106.80000000000001,4.854545454545455,102,4.636363636363637,,,,,,,,,,,,,,,,,,,"Anderson Pilar","sa917899",666768
"Daniel Robert","TEX",1.21995,0.682068,0,3.8401,28.218,0,0,0.6243,,35.2725,147.81,28.4096,16.11,15.05,4.4815,13.3573,0.702029,2.05422,38.5656,9.84025,3.4082,2.88723,1.14348,0.260913,0.090368,0.17054534703493118,0.214576,1.18412,0.267797,0.722876,,,3.94224,0.252353,0.230229,999,,,,,,,174,4.9714285714285715,160,4.571428571428571,,,,,,,,,,,,,,,,,,,"Daniel Robert","21229",642016
"Carlos Vargas","SEA",1.40094,1.13271,0,3.90027,37.382,0,0,4.454,,46.7275,198.862,42.3879,21.75,20.25,4.51465,17.5974,1.30144,2.50425,40.1008,7.72365,3.38937,2.27879,0.869548,0.201651,0.0884904,0.11316060274839401,0.237121,1.28373,0.28233,0.712484,,,3.99669,0.248106,0.255721,999,,,,,,,210.10000000000002,4.470212765957447,203,4.319148936170213,,,,,,,,,,,,,,,,,,,"Carlos Vargas","22915",672841
"James McArthur","KCR",1.22044,0.867194,0,4.15953,29.341,0.105,1,0.6444,,36.545,156.582,34.9724,18.13,16.89,3.83357,12.4492,0.815934,2.22364,33.1579,8.16586,3.06589,2.66345,0.9441,0.21176,0.0795059,0.13225450366735458,0.246442,1.29762,0.296792,0.696513,,,3.92005,0.247301,0.130749,749.719970703125,,,,,,,166.60000000000002,4.502702702702703,166,4.486486486486487,,,,,,,,,,,,,,,,,,,"James McArthur","21527",663704
"Luarbert Arias","MIA",0.861046,0.768862,0,3.79976,25.41,0,0,0,,31.7625,132.941,26.8468,14.45,13.41,4.29545,10.4358,1.26844,1.69652,32.2209,9.1299,2.95701,3.08754,1.21713,0.24237,0.0784992,0.16387035697698593,0.222225,1.17379,0.267537,0.7302,,,4.0416,0.24624,0.276043,999,,,,,,,145.40000000000003,4.543750000000001,136,4.25,,,,,,,,,,,,,,,,,,,"Luarbert Arias","sa3007599",678215
"Cody Bolton","SEA",0.936538,0.736376,0,3.79087,24.501,0,0,0.6186,,30.6262,129.131,25.4269,13.79,12.9,3.26479,12.1543,0.793298,1.5153,30.1147,8.84967,3.57173,2.4777,0.959409,0.233211,0.0941239,0.1390867382287979,0.22022,1.22709,0.27,0.720716,,,3.92471,0.245604,0.221758,999,,,,,,,149.49999999999997,4.822580645161289,138,4.451612903225806,,,,,,,,,,,,,,,,,,,"Cody Bolton","23265",675989
"Kyle Bradish","BAL",0.598361,0.720944,-0.147442,3.52416,6.137,1.803,0,0.6344,,13.7139,57.0998,11.8133,5.75,5.37,1.39616,4.50651,0.25801,0.627186,14.2374,9.34353,2.95748,3.15929,0.916254,0.249342,0.0789233,0.1704183965921402,0.227327,1.19002,0.286716,0.735793,,,3.53664,0.244926,0.234369,672.0999755859375,,,,,,,74.10000000000002,5.2928571428571445,71,5.071428571428571,,,,,,,,,,,,,,,,,,,"Kyle Bradish","24586",680694
"Spencer Bivens","SFG",1.53895,1.16624,0.211364,4.05004,28.368,0.555,0,0.6312,,37.733,160.344,35.0957,18.28,16.98,3.83841,12.9964,1.03209,1.9849,28.9871,6.91395,3.09988,2.23039,0.915531,0.180781,0.0810532,0.09972736984491348,0.241435,1.27454,0.27775,0.697876,,,4.14358,0.23889,0.244062,999,,,,,,,158,4.157894736842105,155,4.078947368421052,,,,,,,,,,,,,,,,,,,"Spencer Bivens","30226",702352
"Logan Allen","CLE",1.84734,2.54381,2.09098,4.84849,6.815,5.917,0,0,,33.3382,144.626,33.6501,19.28,17.96,5.32896,12.2735,0.153093,1.21514,27.2947,7.36848,3.31335,2.22388,1.43861,0.188725,0.0848631,0.10386209189891815,0.256601,1.3775,0.287482,0.692706,,,4.82083,0.236946,0.139575,737.4000244140625,,,,,,,109.30000000000004,3.3121212121212134,115,3.484848484848485,,,,,,,,,,,,,,,,,,,"Logan Allen","27589",671106
"Luke Jackson","TEX",1.94924,1.22017,0,4.24055,47.507,0,1,7.2423,,59.3838,255.836,53.5437,29.97,27.98,6.58616,25.6057,1.07634,3.28326,60.8763,9.2262,3.88072,2.37745,0.998177,0.237951,0.100087,0.1378641501069069,0.235931,1.33285,0.294434,0.703279,,,4.01746,0.234598,0.0745709,750.6199951171875,,,,,,,278.1,4.713559322033898,272,4.610169491525424,,,,,,,,,,,,,,,,,,,"Luke Jackson","11752",592426
"Brent Headrick","NYY",1.13439,0.717979,0,4.01963,29.34,0,0,0.6608,,36.675,155.253,32.3111,17.58,16.38,4.96202,12.9788,0.946611,1.6067,40.4242,9.92005,3.18498,3.11464,1.21767,0.260377,0.0835978,0.17677884548902512,0.229699,1.2349,0.287036,0.722683,,,3.91397,0.234405,0.130749,999,,,,,,,168.10000000000002,4.543243243243244,159,4.297297297297297,,,,,,,,,,,,,,,,,,,"Brent Headrick","27702",687396
"Joe Ross","PHI",1.3284,1.10003,0,4.76952,37.057,4.082,0,6.425,,65.95,287.957,67.055,37.57,34.95,9.10079,24.2206,1.72193,3.89398,55.3445,7.5527,3.30531,2.28502,1.24196,0.192197,0.0841118,0.10808517783880234,0.25806,1.38401,0.296597,0.683847,,,4.56095,0.233848,-0.120195,743.3400268554688,,,,,,,253.5000000000001,3.8409090909090926,263,3.984848484848485,,,,,,,,,,,,,,,,,,,"Joe Ross","12972",605452
"Gordon Graceffo","STL",1.29959,1.34598,0.894794,4.37711,20.01,1.652,0,0.6347,,33.2891,142.351,32.2205,17.33,16.19,4.06596,10.8875,0.628917,1.44951,26.505,7.16585,2.94353,2.43444,1.09927,0.186194,0.0764833,0.10971099883317947,0.247823,1.29496,0.283122,0.688963,,,4.2737,0.232431,0.136928,999,,,,,,,133.80000000000007,4.0545454545454565,135,4.090909090909091,,,,,,,,,,,,,,,,,,,"Gordon Graceffo","29519",700669
"Héctor Neris","ATL",2.16438,1.21346,0,4.26017,52.443,0,3,9.4855,,65.5537,281.995,59.4593,33.48,31.03,8.63674,26.7765,1.13238,3.68674,66.8919,9.18372,3.67619,2.49816,1.18576,0.237209,0.0949536,0.1422557681798935,0.236389,1.3155,0.288759,0.711528,,,4.23253,0.232352,0.141083,737.97998046875,,,,,,,316.30000000000007,4.792424242424244,305,4.621212121212121,,,,,,,,,,,,,,,,,,,"Hector Neris","11804",593576
"Chase Petty","CIN",0.774391,1.40678,-0.329099,4.41689,10.198,2.854,0,0,,21.5174,92.5671,20.9812,11.3,10.56,2.61221,7.51583,0.420568,1.09494,18.5545,7.76074,3.14362,2.46873,1.0926,0.200444,0.0811933,0.11925087869167328,0.249906,1.32437,0.292548,0.692314,,,4.2206,0.23219,0.197032,999,,,,,,,82.30000000000001,3.7409090909090916,82,3.727272727272727,,,,,,,,,,,,,,,,,,,"Chase Petty","sa3017963",695534
"Victor Vodnik","COL",1.6615,1.88171,0,4.62999,57.258,0,5,12.5134,,71.5725,316.614,73.2643,39.51,36.82,6.65861,31.9488,2.02196,3.50143,63.1493,7.94081,4.01745,1.97658,0.837298,0.199452,0.100908,0.09854423999786377,0.260575,1.47002,0.315135,0.685185,,,4.0972,0.230663,-0.256571,671.7899780273438,,,,,,,351.90000000000003,4.8875,364,5.055555555555555,,,,,,,,,,,,,,,,,,,"Victor Vodnik","24614",680767
"Hunter Stratton","PIT",0.712385,0.547572,0,4.06119,20.92,0,0,0.6032,,26.15,112.005,22.9794,12.6,11.8,2.59203,10.6558,0.492275,1.64289,25.0794,8.63153,3.66737,2.3536,0.892096,0.223914,0.0951368,0.12877725064754486,0.230472,1.28624,0.283023,0.701025,,,3.94788,0.229732,0.0555781,999,,,,,,,110.7,4.257692307692308,106,4.076923076923077,,,,,,,,,,,,,,,,,,,"Hunter Stratton","23455",676702
"Phil Maton","STL",2.6146,2.95023,0,4.37071,47.789,0,0,12.492,,59.7363,258.368,55.3601,31.15,29.01,7.21813,23.1789,1.23696,4.9359,58.1977,8.76819,3.49219,2.5108,1.0875,0.225251,0.0897127,0.13553821295499802,0.240431,1.31476,0.292057,0.692481,,,4.20077,0.229706,0.0252448,749.6199951171875,,,,,,,294.9,4.915,289,4.816666666666666,,,,,,,,,,,,,,,,,,,"Phil Maton","18064",664208
"Chase Silseth","LAA",1.29185,1.10838,0,4.27988,29.432,3.367,0,0.6282,,52.13,223.143,45.6649,26.5,24.79,7.27458,21.6812,1.39844,2.89358,50.7848,8.76775,3.74316,2.34234,1.25592,0.227588,0.0971628,0.13042539358139038,0.22997,1.29189,0.273223,0.714571,,,4.44644,0.226975,0.301406,727.8800048828125,,,,,,,210.10000000000005,4.040384615384617,200,3.8461538461538463,,,,,,,,,,,,,,,,,,,"Chase Silseth","30074",681217
"Grant Anderson","MIL",1.08131,0.718871,0,3.84912,23.251,0,0,0.5961,,29.0637,121.945,24.6046,13.34,12.43,3.56125,10.1928,0.830522,1.67538,30.7095,9.50963,3.15634,3.01287,1.10279,0.251831,0.0835851,0.16824570298194885,0.223522,1.19728,0.277595,0.719765,,,3.8712,0.22676,0.217543,999,,,,,,,130.40000000000003,4.496551724137932,123,4.241379310344827,,,,,,,,,,,,,,,,,,,"Grant Anderson","20546",681982
"Patrick Sandoval","BOS",0.698957,0.871426,-0.0168464,3.8338,6.387,2.133,0,0.642,,15.259,65.6708,13.945,7.03,6.5,1.30672,6.71372,0.316439,0.667965,14.7928,8.72501,3.95986,2.20337,0.770723,0.225256,0.102233,0.12302359193563461,0.239239,1.35387,0.29956,0.723804,,,3.79213,0.225062,0.191085,747.3599853515625,,,,,,,72.30000000000001,4.820000000000001,72,4.8,,,,,,,,,,,,,,,,,,,"Patrick Sandoval","19447",663776
"Michael Fulmer","BOS",1.83023,1.1905,0,4.34942,42.825,0,0,7.0625,,53.5312,229.645,50.3352,27.74,25.87,6.92916,19.0206,1.22618,3.05824,50.313,8.45893,3.19787,2.64518,1.16497,0.219091,0.0828263,0.13626423478126526,0.242502,1.29561,0.28875,0.697608,,,4.2068,0.224888,0.0124389,999,,,,,,,245.5,4.546296296296297,241,4.462962962962963,,,,,,,,,,,,,,,,,,,"Michael Fulmer","13218",605242
"Tyler Kinley","COL",1.70819,1.95105,0,4.75985,58.101,0,11,6.6123,,72.6263,316.262,70.2828,41.25,38.41,10.0664,28.2508,1.40708,3.86961,72.6252,8.99987,3.50089,2.57074,1.24745,0.229636,0.0893271,0.140309140086174,0.247351,1.35672,0.298915,0.678389,,,4.2952,0.224819,-0.305482,529.9000244140625,,,,,,,368.20000000000005,5.043835616438357,368,5.041095890410959,,,,,,,,,,,,,,,,,,,"Tyler Kinley","18297",641755
"Justin Wrobleski","LAD",1.38514,1.02495,-0.00279872,4.17126,23.036,1.433,0,0.7135,,31.415,134.524,29.3512,15.67,14.56,3.75191,11.7636,0.664898,1.24832,30.5012,8.73821,3.37012,2.59285,1.07487,0.226734,0.0874461,0.13928836584091187,0.24155,1.30876,0.293372,0.709517,,,4.01983,0.222136,0.0721756,741.6599731445312,,,,,,,131.79999999999998,4.251612903225806,130,4.193548387096774,,,,,,,,,,,,,,,,,,,"Justin Wrobleski","31204",680736
"Sam Hentges","CLE",0.579101,0.462438,0,3.79901,15.901,0,0,0,,19.8762,83.9665,18.0209,9.02,8.39,1.85553,6.94901,0.371633,0.775505,20.4887,9.2773,3.14652,2.94843,0.840185,0.24401,0.0827593,0.16125045716762543,0.236365,1.25627,0.299927,0.712936,,,3.48435,0.220954,0.146433,999,,,,,,,92.60000000000001,4.630000000000001,90,4.5,,,,,,,,,,,,,,,,,,,"Sam Hentges","18548",656529
"Sem Robberse","STL",0.728963,0.721606,-0.199519,3.70105,17.758,0.465,0,0,,21.91,91.7681,19.0846,9.64,9.01,2.0995,7.25657,0.643827,0.906574,20.1189,8.26426,2.98079,2.77251,0.862413,0.219236,0.079075,0.14016100019216537,0.228271,1.20224,0.276691,0.713668,,,3.69341,0.22093,0.150654,999,,,,,,,104.80000000000001,4.763636363636365,100,4.545454545454546,,,,,,,,,,,,,,,,,,,"Sem Robberse","sa3011735",691828
"Alex Lange","DET",1.22177,0.930659,0,4.08048,29.573,0,4,0.5801,,36.9663,160.382,31.0358,17.98,16.76,3.34649,19.0859,0.594266,2.66175,39.6957,9.66453,4.64675,2.07985,0.814754,0.247507,0.119003,0.12850476056337357,0.223868,1.35588,0.289661,0.707396,,,3.9606,0.218155,0.130749,746.1699829101562,,,,,,,194.29999999999998,5.251351351351351,184,4.972972972972973,,,,,,,,,,,,,,,,,,,"Alex Lange","19883",656638
"Jalen Beeks","HOU",1.6428,1.26497,0,4.31067,44.156,0.612,0,0.6475,,54.43,234.102,51.9995,27.97,26.07,6.72084,19.9672,1.09389,2.79321,48.5206,8.02289,3.30158,2.43001,1.11129,0.207263,0.0852928,0.12196991592645645,0.246045,1.32219,0.290061,0.7033,,,4.24329,0.217059,0.0686821,999,,,,,,,211.3,3.912962962962963,212,3.925925925925926,,,,,,,,,,,,,,,,,,,"Jalen Beeks","17192",656222
"Bryan Hoeing","SDP",1.69582,1.58891,-0.317575,4.31487,45.935,0.765,0,9.3505,,56.9843,243.242,56.5659,29.37,27.32,6.79476,17.2475,1.57571,2.68958,45.1842,7.13632,2.72404,2.61976,1.07315,0.185758,0.0709066,0.1148514598608017,0.253312,1.29533,0.290505,0.69118,,,4.18035,0.216565,0.127298,999,,,,,,,253.50000000000006,4.447368421052633,260,4.56140350877193,,,,,,,,,,,,,,,,,,,"Bryan Hoeing","26304",663773
"Tyler Phillips","PHI",1.1797,1.32122,0.149607,4.56132,22.439,1.876,0,0.5949,,32.3393,139.46,33.7554,17.61,16.39,3.91544,9.77019,0.815638,1.38601,25.3085,7.04332,2.71903,2.59038,1.08966,0.181475,0.0700575,0.11141780763864517,0.26309,1.3459,0.301172,0.681201,,,4.21017,0.215974,-0.0298109,999,,,,,,,120.20000000000002,3.7562500000000005,129,4.03125,,,,,,,,,,,,,,,,,,,"Tyler Phillips","20629",663969
"Joe Jiménez","ATL",0.812231,0.419022,0,3.89894,19.316,0,0,0.6159,,24.145,101.732,20.6261,11.27,10.46,3.07302,8.53596,0.371026,1.41961,27.8951,10.3978,3.18176,3.26795,1.14546,0.274202,0.0839063,0.1902952343225479,0.224743,1.20779,0.288663,0.719718,,,3.74738,0.215656,0.154903,999,,,,,,,116.10000000000002,4.837500000000001,111,4.625,,,,,,,,,,,,,,,,,,,"Joe Jimenez","15761",641729
"Michael Kopech","LAD",2.37791,1.25523,0,4.0993,48.459,0,5,9.7752,,60.5737,260.459,48.0466,29.68,27.59,7.72883,30.4417,1.22715,4.2075,68.5267,10.1816,4.52301,2.25108,1.14834,0.2631,0.116877,0.14622262865304947,0.212775,1.29575,0.269586,0.721291,,,4.27866,0.214753,0.182025,483.42999267578125,,,,,,,329.2000000000001,5.396721311475411,302,4.950819672131147,,,,,,,,,,,,,,,,,,,"Michael Kopech","17282",656629
"Blake Walston","ARI",1.04785,0.694454,0.428353,3.91752,20.737,0.265,0,0.6241,,28.9239,123.071,25.9637,13.49,12.59,2.81059,10.8229,0.849431,1.31326,27.0346,8.41211,3.36768,2.4979,0.874547,0.219667,0.0879408,0.13172611594200134,0.234045,1.27184,0.285526,0.709143,,,3.81913,0.214064,0.217605,999,,,,,,,132.10000000000002,4.5551724137931044,128,4.413793103448276,,,,,,,,,,,,,,,,,,,"Blake Walston","26270",686796
"Ryan Yarbrough","TOR",1.45211,1.1499,0.88815,4.23859,27.207,0.704,0,0.6566,,40.5347,170.707,38.2974,20.53,19.09,5.44636,10.7825,0.922739,2.73976,30.879,6.85612,2.39405,2.86381,1.20927,0.180889,0.0631635,0.11772504448890686,0.243646,1.21081,0.271812,0.688696,,,4.3904,0.21142,0.102269,747.1400146484375,,,,,,,167.10000000000002,4.0756097560975615,164,4,,,,,,,,,,,,,,,,,,,"Ryan Yarbrough","16502",642232
"James Karinchak","CHW",0.969506,0.847724,0,3.88858,25.237,0,1,0.5963,,31.5462,135.802,24.0652,14.73,13.63,3.94454,17.155,0.552762,1.87015,39.3952,11.2393,4.89423,2.29643,1.12536,0.290093,0.126323,0.16376976668834686,0.206079,1.30666,0.273985,0.742067,,,4.10364,0.21081,0.171901,722.0499877929688,,,,,,,155.20000000000002,4.8500000000000005,138,4.3125,,,,,,,,,,,,,,,,,,,"James Karinchak","20151",675916
"Trevor Stephan","CLE",0.916318,0.819257,0,4.38042,25.74,0,1,0.6686,,32.175,137.998,29.1433,16.76,15.66,3.87233,11.8712,0.647228,2.44173,33.8795,9.47678,3.32062,2.85392,1.08317,0.245507,0.0860244,0.1594824194908142,0.235625,1.27473,0.294076,0.681436,,,3.95965,0.210538,-0.0344701,999,,,,,,,147.20000000000002,4.6000000000000005,143,4.46875,,,,,,,,,,,,,,,,,,,"Trevor Stephan","19932",663986
"Alek Manoah","TOR",0.818605,1.27507,-0.179572,4.1901,9.48,2.775,0,0.6566,,21.0711,89.7878,17.8873,10.49,9.81,2.77822,8.51525,0.373983,1.5887,20.3378,8.68678,3.63708,2.3884,1.18665,0.226509,0.0948375,0.1316719427704811,0.224478,1.25302,0.267096,0.706814,,,4.38868,0.208671,0.246663,750.739990234375,,,,,,,82.7,3.9380952380952383,77,3.6666666666666665,,,,,,,,,,,,,,,,,,,"Alek Manoah","26410",666201
"Ross Stripling","KCR",0.931828,1.62286,-0.603605,4.80888,14.376,3.24,0,0.6444,,28.7468,123.764,31.483,16.49,15.36,4.00531,6.91793,0.505262,1.00375,18.7943,5.8841,2.16586,2.71676,1.25398,0.151856,0.0558962,0.0959600955247879,0.271775,1.33583,0.295323,0.668149,,,4.4969,0.207182,0.0759058,999,,,,,,,102.80000000000004,3.544827586206898,111,3.8275862068965516,,,,,,,,,,,,,,,,,,,"Ross Stripling","13273",548389
"Drew Rom","STL",0.553268,0.812928,0.256661,4.09333,3.679,1.875,0,0,,12.8184,54.8448,12.5215,6.25,5.83,1.25988,4.3402,0.176961,0.544694,11.5073,8.07945,3.04732,2.65133,0.88458,0.209815,0.079136,0.13067936897277832,0.250631,1.31543,0.30279,0.70286,,,3.79203,0.206447,0.18814,999,,,,,,,59.10000000000001,4.546153846153847,61,4.6923076923076925,,,,,,,,,,,,,,,,,,,"Drew Rom","24602",680723
"Luis Curvelo","TEX",0.856565,0.475567,0,3.77132,19.626,0,0,0,,24.5325,101.32,19.9433,10.99,10.28,3.33394,7.61935,0.529808,1.2629,25.8566,9.48574,2.79524,3.39354,1.22309,0.255196,0.0752006,0.17999554425477982,0.215748,1.12352,0.26261,0.723851,,,3.9114,0.206399,0.209112,999,,,,,,,121.1,4.843999999999999,111,4.44,,,,,,,,,,,,,,,,,,,"Luis Curvelo","sa3008169",681168
"Cristian Mena","ARI",0.452178,0.994724,-0.848573,4.27118,9.854,2.017,0,0.6241,,16.9204,72.961,15.9107,8.62,8.03,2.02701,6.51758,0.539049,0.747508,17.781,9.45778,3.46671,2.72817,1.07817,0.243706,0.0893296,0.1543765813112259,0.242187,1.32551,0.302556,0.704846,,,3.91021,0.206153,0.079413,999,,,,,,,75.60000000000002,4.447058823529413,75,4.411764705882353,,,,,,,,,,,,,,,,,,,"Cristian Mena","27974",691441
"Greg Weissert","BOS",2.2565,1.48538,0,4.42028,52.889,0,0,11.9849,,66.1113,285.161,61.0143,34.83,32.47,8.37376,25.9801,1.83901,4.05588,63.1702,8.59962,3.53678,2.43148,1.13996,0.221525,0.0911068,0.13041777908802032,0.239154,1.31588,0.286743,0.69302,,,4.26503,0.204215,-0.0646739,999,,,,,,,315.4000000000001,4.77878787878788,310,4.696969696969697,,,,,,,,,,,,,,,,,,,"Greg Weissert","20375",669711
"Clayton Beeter","NYY",0.820327,0.507873,0,3.85103,20.81,0.001,0,0.6608,,26.0112,111.111,20.348,11.9,11.13,3.07086,12.7179,0.683753,1.56084,31.639,10.9472,4.40043,2.48776,1.06253,0.28475,0.11446,0.17028971016407013,0.210136,1.27121,0.278113,0.735778,,,3.91536,0.202962,0.15914,750.3400268554688,,,,,,,126.49999999999997,4.865384615384614,114,4.384615384615385,,,,,,,,,,,,,,,,,,,"Clayton Beeter","27494",690925
"Drey Jameson","ARI",1.40701,1.30613,-0.236367,4.42853,33.975,0.662,0,4.1605,,42.312,183.158,41.6333,22.32,20.82,5.03929,15.2922,1.23588,2.30293,38.0261,8.08836,3.25274,2.48663,1.07189,0.207613,0.0834917,0.12412139773368835,0.251464,1.34537,0.298732,0.693907,,,4.16487,0.202863,0.0420978,744.5900268554688,,,,,,,181.10000000000002,4.311904761904763,186,4.428571428571429,,,,,,,,,,,,,,,,,,,"Drey Jameson","26260",686753
"Jairo Iriarte","CHW",0.887169,2.10902,-1.36877,4.30336,21.669,3.323,0,0.5963,,38.858,169.086,34.5981,20,18.58,5.10425,17.8768,1.00568,2.92209,37.6819,8.7276,4.14048,2.10787,1.18221,0.222857,0.105726,0.11713089793920517,0.233319,1.35043,0.279561,0.716427,,,4.5404,0.202818,0.203952,999,,,,,,,153.10000000000002,3.9256410256410263,147,3.769230769230769,,,,,,,,,,,,,,,,,,,"Jairo Iriarte","26907",683568
"Emiliano Teodo","TEX",0.374358,0.693193,-0.78959,3.48705,8.38,1.553,0,0,,13.9631,58.9271,10.4617,5.79,5.41,1.35444,6.81361,0.43487,0.880772,16.0392,10.3381,4.39175,2.35399,0.873011,0.272186,0.115628,0.15655871480703354,0.2042,1.23721,0.269134,0.746813,,,3.78328,0.201169,0.221575,713.1599731445312,,,,,,,73.30000000000003,5.2357142857142875,65,4.642857142857143,,,,,,,,,,,,,,,,,,,"Emiliano Teodo","sa3015158",693713
"Lou Trivino","SFG",1.4981,1.18726,0,4.48015,32.64,0,0,9.72,,40.8,177.398,39.7615,21.82,20.31,4.31257,16.3911,0.894273,2.19933,36.7574,8.10825,3.61568,2.24253,0.951302,0.207204,0.0923974,0.114806167781353,0.250376,1.37629,0.301085,0.685076,,,4.10569,0.200499,-0.0665837,999,,,,,,,210.20000000000005,5.126829268292684,213,5.195121951219512,,,,,,,,,,,,,,,,,,,"Lou Trivino","15043",642152
"Max Kranick","NYM",1.07403,0.689426,0,4.20041,27.563,0,0,6.762,,34.4538,146.201,30.816,17.27,16.08,4.41948,11.9278,1.254,1.80121,31.0381,8.10777,3.11577,2.60217,1.15446,0.212297,0.0815845,0.13071253895759583,0.232622,1.24061,0.272087,0.696833,,,4.22773,0.199808,0.0726789,750.47998046875,,,,,,,169.80000000000004,4.994117647058824,166,4.882352941176471,,,,,,,,,,,,,,,,,,,"Max Kranick","22175",668820
"Eduardo Salazar","WSN",1.53413,1.3545,0,4.38031,38.726,0,0,6.3851,,48.4075,211.505,46.8579,25.31,23.56,4.55114,20.0055,1.62437,3.39414,39.723,7.38536,3.71946,1.9856,0.846156,0.187811,0.0945867,0.0932246670126915,0.249105,1.38126,0.294142,0.686926,,,4.19768,0.197212,-0.000370078,999,,,,,,,206.50000000000006,4.302083333333335,210,4.375,,,,,,,,,,,,,,,,,,,"Eduardo Salazar","23135",674285
"Eric Orze","TBR",0.94362,0.617379,0,3.88839,20.572,0,0,4.8428,,25.715,107.787,21.3474,11.9,11.11,3.41033,9.31331,0.642943,1.35054,28.8647,10.1024,3.25957,3.09929,1.19358,0.267793,0.0864046,0.18138855695724487,0.219796,1.19233,0.276599,0.724736,,,3.88965,0.196418,0.15914,999,,,,,,,148.9,5.726923076923077,139,5.346153846153846,,,,,,,,,,,,,,,,,,,"Eric Orze","27626",679358
"Alex Wood",,2.30288,3.45851,2.02688,5.11965,9.367,7.364,0,0,,40.45,179.251,42.9291,24.72,23.01,5.86422,15.9005,0.273268,2.92459,31.23,6.94857,3.53782,1.96408,1.30477,0.174225,0.0887052,0.08551933616399765,0.267594,1.45438,0.30053,0.673841,,,4.9032,0.194852,-0.0295152,999,,,,,,,115.39999999999999,2.885,127,3.175,,,,,,,,,,,,,,,,,,,"Alex Wood","13781",622072
"Kyle Nelson","ARI",1.16293,0.863858,0,4.20903,28.073,0.173,0,0.6241,,34.875,149.248,31.7015,17.51,16.31,4.22273,13.3631,0.731123,1.71773,34.3858,8.87375,3.44854,2.57319,1.08974,0.230393,0.089536,0.14085703343153,0.236283,1.29217,0.287558,0.703771,,,4.06588,0.194755,0.0232987,999,,,,,,,153.60000000000002,4.388571428571429,150,4.285714285714286,,,,,,,,,,,,,,,,,,,"Kyle Nelson","20515",669459
"Austin Voth",,1.52935,1.42015,0,4.54078,42.14,1.532,0,0,,50.76,217.436,47.3814,27.45,25.61,7.93712,17.8423,1.12363,2.65827,48.8608,8.66326,3.16353,2.73848,1.40729,0.224713,0.0820576,0.14265546202659607,0.240593,1.28494,0.281468,0.698068,,,4.48568,0.19287,0.0566729,999,,,,,,,191.8,3.7607843137254906,186,3.6470588235294117,,,,,,,,,,,,,,,,,,,"Austin Voth","15047",608723
"Ryan Webb","CLE",0.686667,0.522016,0,3.72178,18.544,0.127,0,0,,23.0212,98.3063,19.7393,10.23,9.52,1.83137,10.0566,0.636087,1.16669,23.4222,9.15673,3.93157,2.32903,0.715963,0.238257,0.102299,0.13595793396234512,0.226672,1.29428,0.289634,0.71849,,,3.62838,0.192565,0.20489,999,,,,,,,106.60000000000002,4.634782608695653,102,4.434782608695652,,,,,,,,,,,,,,,,,,,"Ryan Webb","sa3018280",669067
"Carlos Hernández","KCR",1.59911,1.17773,0,4.41975,38.233,0.439,0,0.6444,,47.2425,204.471,42.4437,24.78,23.2,5.83362,20.2182,0.923364,2.58045,45.4933,8.66677,3.8517,2.25012,1.11134,0.222493,0.0988803,0.12361220270395279,0.233627,1.32639,0.280869,0.695147,,,4.29356,0.191341,-0.0538299,999,,,,,,,189.8,4.038297872340426,182,3.872340425531915,,,,,,,,,,,,,,,,,,,"Carlos Hernandez","22713",672578
"Pedro Avila",,1.26924,1.02408,1.81022,4.45111,20.239,0.835,0,0,,37.4873,163.643,35.9647,19.86,18.54,4.09395,15.8919,0.532333,2.32687,34.9708,8.39584,3.81534,2.20055,0.98288,0.213701,0.0971129,0.1165885478258133,0.247309,1.38331,0.299651,0.693692,,,4.17845,0.186324,0.00237647,999,,,,,,,147.00000000000003,3.9729729729729737,149,4.027027027027027,,,,,,,,,,,,,,,,,,,"Pedro Avila","18864",658648
"Allan Winans","NYY",0.883713,1.23618,0.042473,4.39175,9.603,2.793,0,0,,22.5218,95.7292,21.6541,11.77,10.99,3.10731,6.78575,0.394432,1.2971,17.6735,7.06257,2.71167,2.6045,1.24172,0.18462,0.0708849,0.11373509466648102,0.247062,1.26277,0.277374,0.691993,,,4.46729,0.18599,0.15464,999,,,,,,,88.10000000000001,3.830434782608696,88,3.8260869565217392,,,,,,,,,,,,,,,,,,,"Allan Winans","21238",642216
"Derek Law","WSN",2.47663,2.30001,0,4.61995,63.914,0.173,4,12.867,,79.6762,347.65,81.2189,43.9,40.9,9.10477,29.7134,1.64912,4.01686,65.6168,7.41188,3.35634,2.20833,1.02845,0.188744,0.0854692,0.1032746285200119,0.258725,1.39229,0.301483,0.68271,,,4.27495,0.183162,-0.239717,721.8400268554688,,,,,,,372.69999999999993,4.6587499999999995,385,4.8125,,,,,,,,,,,,,,,,,,,"Derek Law","13133",571882
"Scott Effross","NYY",0.917068,0.61354,0,4.19059,24.157,0,0,0.6608,,30.1963,128.333,29.5886,15.13,14.06,3.45072,8.58689,0.857017,1.62319,25.9997,7.74923,2.55932,3.02784,1.02849,0.202596,0.0669109,0.13568485528230667,0.25049,1.26425,0.294768,0.691133,,,3.94439,0.182943,0.0641287,999,,,,,,,130.1,4.336666666666667,134,4.466666666666667,,,,,,,,,,,,,,,,,,,"Scott Effross","18384",664123
"Jonathan Bowlan","KCR",0.832791,0.952021,-0.434568,4.51053,20.856,0.877,0,0.6444,,25.0015,108.079,24.9105,13.45,12.53,3.17731,8.2729,0.750898,1.28743,22.6541,8.15497,2.97807,2.73834,1.14376,0.209606,0.0765447,0.13306105881929398,0.25285,1.32726,0.298995,0.686734,,,4.15354,0.182116,0.0519435,999,,,,,,,106.1,4.244,109,4.36,,,,,,,,,,,,,,,,,,,"Jonathan Bowlan","24607",680742
"Joely Rodríguez","BOS",1.12832,1.18907,0,3.98113,20.346,0,0,0,,25.4325,108.783,23.8705,12.09,11.25,2.19962,9.77798,0.51361,1.11165,22.8044,8.06998,3.46021,2.33222,0.778399,0.209632,0.089885,0.11974672228097916,0.243841,1.32305,0.297311,0.70524,,,3.78204,0.181993,0.10513,999,,,,,,,111,4.44,112,4.48,,,,,,,,,,,,,,,,,,,"Joely Rodriguez","11487",570257
"Ryne Stanek","NYM",2.20718,1.39546,0,4.22054,56.245,0,1,11.9625,,70.3063,300.684,57.5425,35.26,32.97,9.60934,32.5121,1.58469,3.63449,74.2827,9.50902,4.16191,2.28477,1.23011,0.247045,0.108127,0.1389184668660164,0.217521,1.28089,0.265343,0.71532,,,4.37257,0.178453,0.149634,750.2100219726562,,,,,,,334.2,4.774285714285714,310,4.428571428571429,,,,,,,,,,,,,,,,,,,"Ryne Stanek","15947",592773
"Luis Contreras","HOU",1.03899,0.743028,0,4.0601,26.955,0,0,0.6475,,33.6937,143.337,27.4471,16.27,15.2,4.41364,14.4538,1.056,2.15106,37.372,9.9825,3.86078,2.58561,1.17894,0.260729,0.100838,0.15989042073488235,0.216576,1.24358,0.271153,0.717514,,,4.12951,0.177904,0.176154,999,,,,,,,162.20000000000005,4.770588235294119,148,4.352941176470588,,,,,,,,,,,,,,,,,,,"Luis Contreras","25839",664351
"Tom Cosgrove","SDP",1.11616,0.817142,0,3.99933,29.687,0,0,0.6072,,37.1087,157.884,32.3403,17.69,16.49,4.32425,14.4036,1.25089,1.98203,35.9772,8.72557,3.49331,2.49779,1.04876,0.227871,0.0912288,0.1366419792175293,0.228555,1.25965,0.276846,0.714031,,,4.06702,0.176089,0.130749,999,,,,,,,169.40000000000003,4.578378378378379,161,4.351351351351352,,,,,,,,,,,,,,,,,,,"Tom Cosgrove","23443",676680
"Garrett Cleavinger","TBR",2.56735,1.84518,0,4.33046,57.943,0,2,15.3583,,72.4287,313.681,62.597,37.33,34.85,9.42799,33.9409,1.47618,4.43057,80.275,9.97497,4.21749,2.36514,1.17152,0.255913,0.108202,0.14771095663309097,0.227369,1.33287,0.28646,0.710449,,,4.23136,0.175578,0.0508669,738.6599731445312,,,,,,,374.3000000000001,5.198611111111113,359,4.986111111111111,,,,,,,,,,,,,,,,,,,"Garrett Cleavinger","17897",664076
"Robert Stephenson","LAA",1.29826,1.108,0,4.2601,29.543,0,0,0.6282,,36.9287,154.288,31.3528,18.72,17.48,6.58302,11.798,0.742891,1.55472,43.5538,10.6146,2.87533,3.69161,1.60437,0.282288,0.0764674,0.20582084357738495,0.222462,1.16849,0.272799,0.719939,,,4.20984,0.173267,0.0275684,737.4000244140625,,,,,,,157.10000000000002,4.245945945945946,144,3.891891891891892,,,,,,,,,,,,,,,,,,,"Robert Stephenson","13594",596112
"Jacob Lopez","ATH",0.877761,0.693231,0.10232,3.74658,19.067,0.231,0,0.6679,,24.8627,104.339,20.4472,11.08,10.35,2.819,9.52093,0.616943,1.39331,25.6727,9.29321,3.44646,2.69645,1.02044,0.246052,0.0912504,0.15480148792266846,0.218864,1.20535,0.271485,0.725865,,,3.89224,0.168226,0.209153,999,,,,,,,119.1,4.763999999999999,109,4.36,,,,,,,,,,,,,,,,,,,"Jacob Lopez","25098",682052
"Anthony Molina","COL",0.495177,0.57744,0.028084,4.50768,15.934,0.137,0,0.5596,,20.3253,87.5426,22.3439,10.95,10.18,1.9508,4.88645,0.542337,0.792559,14.383,6.36874,2.16371,2.94344,0.863811,0.164297,0.055818,0.10847876965999603,0.272941,1.33973,0.311204,0.664526,,,3.83715,0.167621,-0.0599294,999,,,,,,,80.2,4.01,88,4.4,,,,,,,,,,,,,,,,,,,"Anthony Molina","26952",683627
"Tanner Gordon","COL",0.65595,0.846661,0,5.28949,23.28,2.709,0,0.5596,,41.142,181.188,45.9902,26.01,24.18,6.55264,12.4068,1.26264,1.71813,32.8948,7.19588,2.71405,2.65135,1.43342,0.181551,0.0684748,0.11307583749294281,0.275287,1.4194,0.309035,0.657961,,,4.66786,0.167532,-0.293579,999,,,,,,,125.70000000000005,3.0658536585365863,142,3.4634146341463414,,,,,,,,,,,,,,,,,,,"Tanner Gordon","27669",685299
"Davis Daniel","ATL",0.68925,0.487826,0.125312,4.20052,12.567,0.623,0,0.6159,,17.6121,75.2505,16.6738,8.88,8.22,2.21131,5.89065,0.47458,0.84585,16.6961,8.53192,3.01019,2.83434,1.13001,0.221874,0.0782805,0.14359324425458908,0.243363,1.28119,0.291543,0.702897,,,4.05021,0.166851,0.0914189,745.1199951171875,,,,,,,81.40000000000002,4.522222222222223,81,4.5,,,,,,,,,,,,,,,,,,,"Davis Daniel","27582",669721
"Ethan Small","SFG",0.655575,0.425979,0,3.76247,13.472,0,0,0.6312,,16.84,71.9521,13.8579,7.54,7.04,1.41844,7.91445,0.427222,0.740137,18.0189,9.63005,4.22981,2.27671,0.758072,0.250429,0.109996,0.1404329314827919,0.218933,1.2929,0.283617,0.719295,,,3.66325,0.166749,0.0880809,999,,,,,,,90.10000000000002,5.300000000000002,85,5,,,,,,,,,,,,,,,,,,,"Ethan Small","26364",663629
"Adam Macko","TOR",0.871131,1.24627,0.470306,4.54896,4.226,3.088,0,0,,15.8278,68.2365,15.0477,8.57,8,2.21872,6.10697,0.141501,0.768522,14.7375,8.38006,3.47254,2.41323,1.26161,0.215977,0.0894971,0.1264803782105446,0.245232,1.33655,0.288909,0.69727,,,4.42975,0.166631,0.0832041,999,,,,,,,63.80000000000001,3.9875000000000007,63,3.9375,,,,,,,,,,,,,,,,,,,"Adam Macko","sa3011555",671936
"Luinder Avila","KCR",0.69538,0.44626,0,3.80166,16.174,0,0,0,,20.2175,86.4617,17.8155,9.16,8.54,1.50426,8.17821,0.553278,1.35466,18.0715,8.04468,3.6406,2.20971,0.669634,0.209011,0.0945877,0.11442378163337708,0.231585,1.28571,0.284401,0.704701,,,3.76057,0.16626,0.146433,999,,,,,,,85.60000000000001,4.28,83,4.15,,,,,,,,,,,,,,,,,,,"Luinder Avila","sa3006507",679883
"Adam Cimber",,1.04296,1.13688,0,4.13872,18.858,0,0,0,,23.5725,100.365,22.9096,11.65,10.84,2.46845,6.72487,0.544699,1.76913,19.6236,7.4923,2.56756,2.91806,0.942455,0.195522,0.067004,0.12851770967245102,0.249366,1.25716,0.29294,0.68699,,,3.94385,0.165907,0.051303,999,,,,,,,106.20000000000003,4.425000000000002,107,4.458333333333333,,,,,,,,,,,,,,,,,,,"Adam Cimber","15288",643256
"Tyler Wells","BAL",0.736476,0.674905,-0.0650681,3.9233,14.092,0.785,0,0.6344,,18.7419,77.2143,15.8637,8.75,8.17,2.89101,5.15118,0.378464,0.721103,17.0411,8.18325,2.47364,3.30819,1.38828,0.220698,0.0667128,0.15398556739091873,0.222361,1.12128,0.252338,0.722846,,,4.29325,0.165131,0.145121,999,,,,,,,82.1,4.321052631578947,76,4,,,,,,,,,,,,,,,,,,,"Tyler Wells","20000",669330
"Julian Merryweather","CHC",1.64482,1.27792,0,4.51977,41.434,0,0,9.6304,,51.7925,224.398,49.5189,27.88,26.01,6.88609,20.1046,0.814986,2.92052,50.9293,8.85,3.49357,2.53322,1.1966,0.22696,0.0895933,0.13736645132303238,0.245907,1.34428,0.296974,0.695922,,,4.26192,0.164669,-0.0944215,999,,,,,,,241.70000000000005,4.648076923076924,242,4.653846153846154,,,,,,,,,,,,,,,,,,,"Julian Merryweather","16703",657240
"Austin Adams","BOS",1.00634,0.651175,0,4.29855,23.768,0,0,0.642,,29.71,130.872,24.7474,15.21,14.19,3.13908,15.8426,0.552647,3.32485,36.0725,10.9274,4.79916,2.27694,0.950916,0.275633,0.121054,0.15457867830991745,0.221544,1.3662,0.298076,0.701196,,,4.04716,0.164334,0.0641287,999,,,,,,,139.1,4.636666666666667,130,4.333333333333333,,,,,,,,,,,,,,,,,,,"Austin Adams","13801",613534
"Sixto Sánchez","MIA",0.647966,1.36574,0.122914,4.36779,4.331,3.032,0,0,,14.1353,60.7947,14.8219,7.4,6.86,1.51357,4.22538,0.161563,0.66574,8.9482,5.69736,2.69032,2.11773,0.963699,0.147187,0.0695024,0.07768472284078598,0.265133,1.3475,0.292865,0.688037,,,4.33048,0.162708,0.161183,999,,,,,,,43,3.0714285714285716,47,3.357142857142857,,,,,,,,,,,,,,,,,,,"Sixto Sanchez","19680",664350
"Luis Frías","CLE",0.672852,0.559708,0,4.03907,18.325,0,0,0.6686,,22.9062,98.2792,19.8833,11.01,10.28,2.31667,10.0134,0.457493,1.16288,22.7369,8.93346,3.93432,2.27065,0.910234,0.23135,0.101887,0.12946291267871857,0.228274,1.30518,0.283108,0.708605,,,3.95979,0.162691,0.100865,999,,,,,,,110.60000000000002,4.808695652173914,106,4.608695652173913,,,,,,,,,,,,,,,,,,,"Luis Frias","21997",666818
"Seth Martinez","MIA",1.24411,1.28608,0,4.35939,38.499,0,0,0.5898,,48.1237,208.897,45.6607,25.06,23.31,5.60818,19.307,1.33876,3.36579,39.4442,7.37677,3.61075,2.043,1.04883,0.188822,0.0924234,0.09639808535575867,0.245192,1.35001,0.283715,0.69871,,,4.45558,0.160064,-0.000361822,999,,,,,,,177.80000000000004,3.7041666666666675,178,3.7083333333333335,,,,,,,,,,,,,,,,,,,"Seth Martinez","21045",661527
"Tim Mayza","PIT",1.46234,1.25372,0,4.60924,45.644,0,0,4.4233,,57.055,246.923,62.0419,31.4,29.22,6.11674,16.4925,1.27999,2.36414,40.9904,6.46594,2.60156,2.4854,0.964869,0.166005,0.066792,0.0992131158709526,0.272035,1.37647,0.309049,0.673628,,,4.1148,0.159661,-0.135024,999,,,,,,,230.8,4.049122807017544,251,4.4035087719298245,,,,,,,,,,,,,,,,,,,"Tim Mayza","15042",641835
"José Quijada","LAA",2.27464,1.90859,0,4.17032,51.363,0,1,12.117,,64.2038,276.189,51.8879,31.86,29.75,9.01979,31.435,1.76811,3.96279,73.2146,10.2631,4.40652,2.32908,1.26438,0.265089,0.113817,0.15127166360616684,0.215489,1.29779,0.270364,0.727955,,,4.36612,0.15956,0.136808,999,,,,,,,321.70000000000005,5.026562500000001,297,4.640625,,,,,,,,,,,,,,,,,,,"Jose Quijada","19200",650671
"Yerry De Los Santos","NYY",0.662608,0.411069,0,3.84853,16.875,0,0,0.6608,,21.0938,88.8034,19.1921,9.69,9.02,2.08765,6.73579,0.57296,1.15795,18.0257,7.69097,2.87394,2.67611,0.890732,0.202985,0.0758505,0.1271340474486351,0.237205,1.22918,0.281341,0.705837,,,3.86665,0.159312,0.0965977,999,,,,,,,97.4,4.6380952380952385,95,4.523809523809524,,,,,,,,,,,,,,,,,,,"Yerry De Los Santos","21420",660787
"Brandon Eisert","CHW",0.69596,0.606339,0,3.94144,18.578,0,0,0.5963,,23.2225,98.4502,21.738,10.98,10.17,2.70331,7.56574,0.548926,0.915896,22.4238,8.69046,2.93214,2.96386,1.04768,0.227768,0.0768484,0.15091969817876816,0.241618,1.26187,0.293558,0.71804,,,3.84428,0.157322,0.100861,999,,,,,,,97.10000000000001,4.221739130434783,97,4.217391304347826,,,,,,,,,,,,,,,,,,,"Brandon Eisert","27668",685126
"Jacob Latz","TEX",1.71178,1.02714,0,4.17,40.541,0,0,0.6243,,50.6763,218.027,42.5496,25.11,23.48,6.1896,24.0569,1.3874,2.52404,52.3387,9.29525,4.27245,2.17562,1.09926,0.240056,0.110339,0.1297169253230095,0.222254,1.31435,0.273552,0.716185,,,4.26226,0.156736,0.160657,999,,,,,,,218.8,4.290196078431372,204,4,,,,,,,,,,,,,,,,,,,"Jacob Latz","21306",656641
"Cole Irvin",,1.25701,1.78649,1.25429,5.10891,7.611,3.753,0,0,,26.4949,115.721,29.396,16.09,15.04,4.14999,7.44425,0.289311,1.23796,18.5131,6.28867,2.52872,2.4869,1.4097,0.159981,0.0643295,0.09565125405788422,0.27463,1.39047,0.299211,0.66871,,,4.78832,0.156362,-0.0280893,750.8800048828125,,,,,,,81.79999999999998,3.1461538461538456,92,3.5384615384615383,,,,,,,,,,,,,,,,,,,"Cole Irvin","19244",608344
"Gus Varland","CHW",1.99974,1.99308,0,4.44945,54.84,0,4,10.6555,,68.55,298.907,65.5297,36.51,33.89,8.93419,28.2947,1.79507,4.33339,64.7236,8.49763,3.71485,2.28748,1.17298,0.216534,0.0946606,0.12187343835830688,0.246094,1.3687,0.293817,0.704831,,,4.40035,0.15627,-0.109545,750.6400146484375,,,,,,,326.30000000000007,4.728985507246378,326,4.72463768115942,,,,,,,,,,,,,,,,,,,"Gus Varland","24737",681402
"Carson Ragsdale","SFG",0.837756,0.599914,0,4.16146,17.659,0.392,0,0,,21.5837,92.5102,18.6737,10.73,9.98,2.68318,9.026,0.621102,1.13573,24.099,10.0488,3.76366,2.66995,1.11884,0.260501,0.0975676,0.16293350607156754,0.226765,1.28336,0.287774,0.708747,,,3.96192,0.1538,0.0470276,999,,,,,,,94.5,4.295454545454546,89,4.045454545454546,,,,,,,,,,,,,,,,,,,"Carson Ragsdale","sa3014922",685068
"Prelander Berroa","CHW",0.740742,0.637042,0,3.76002,19.168,0,1,0,,23.96,103.675,18.9184,10.76,10.01,2.42995,13.422,0.641022,1.362,26.4767,9.94534,5.04167,1.97263,0.912754,0.255381,0.129462,0.1259189248085022,0.212826,1.34977,0.274878,0.745734,,,4.12592,0.153797,0.154903,725.219970703125,,,,,,,118.60000000000002,4.941666666666667,109,4.541666666666667,,,,,,,,,,,,,,,,,,,"Prelander Berroa","22932",672860
"Zack Kelly","BOS",1.21005,0.749239,0,4.12961,27.766,0.114,0,0.642,,34.565,149.144,29.8148,17.02,15.86,3.85643,15.9813,1.06295,2.17619,34.9695,9.10533,4.1612,2.18815,1.00413,0.234468,0.107153,0.12731438875198364,0.227617,1.32493,0.281664,0.712331,,,4.16943,0.151159,0.126478,750.4099731445312,,,,,,,151.8,4.337142857142857,143,4.085714285714285,,,,,,,,,,,,,,,,,,,"Zack Kelly","20349",677161
"Brendon Little","TOR",1.98988,1.55882,0,3.9707,51.189,0,0,12.0531,,63.9863,275.7,57.9912,30.27,28.23,5.81814,28.689,1.77662,3.19485,54.5758,7.67637,4.03525,1.90233,0.818352,0.197954,0.104059,0.09389503300189972,0.237848,1.35467,0.284443,0.718283,,,4.13756,0.148518,0.343793,999,,,,,,,311,4.859375,304,4.75,,,,,,,,,,,,,,,,,,,"Brendon Little","21574",663893
"Collin Snider","SEA",1.96292,1.73371,0,4.33059,54.001,0,1,12.1031,,67.5013,292.027,62.3639,34.83,32.48,8.2843,28.2287,2.01181,3.81659,64.6872,8.6248,3.76376,2.29154,1.10455,0.221511,0.0966646,0.12484613806009293,0.239878,1.34209,0.289179,0.705904,,,4.26953,0.14488,0.0423282,735.4000244140625,,,,,,,330.6000000000001,4.861764705882354,323,4.75,,,,,,,,,,,,,,,,,,,"Collin Snider","23307",676092
"Jacob Webb","TEX",2.49024,1.55028,0,4.3606,59.656,0,4,12.464,,74.57,319.165,65.4109,38.68,36.13,10.516,30.212,1.73658,4.05432,74.9626,9.04738,3.64635,2.48122,1.26919,0.234871,0.0946597,0.1402115523815155,0.229594,1.28232,0.275274,0.703863,,,4.36779,0.143656,0.00585267,745.7899780273438,,,,,,,366.70000000000005,4.889333333333334,348,4.64,,,,,,,,,,,,,,,,,,,"Jacob Webb","19274",657097
"Jhonathan Díaz","SEA",0.593207,0.87574,0.175912,4.17241,3.752,2.148,0,0,,12.6186,54.16,11.7977,6.27,5.85,1.34926,4.75706,0.146895,0.84643,10.4688,7.46668,3.39289,2.20068,0.962337,0.193294,0.0878335,0.10546032339334488,0.242968,1.31193,0.2844,0.701275,,,4.22946,0.143415,0.18814,999,,,,,,,54.7,4.207692307692308,54,4.153846153846154,,,,,,,,,,,,,,,,,,,"Jhonathan Diaz","20298",646242
"Justin Topa","MIN",1.5283,1.3561,0,4.7804,37.473,0,0,0.6191,,46.8413,204.21,49.9805,26.76,24.88,5.63296,14.803,1.17463,2.90841,38.6372,7.42369,2.84422,2.61009,1.08231,0.189203,0.072489,0.11671407520771027,0.267993,1.38304,0.311804,0.668282,,,4.21445,0.143207,-0.258026,999,,,,,,,172,3.6595744680851063,185,3.9361702127659575,,,,,,,,,,,,,,,,,,,"Justin Topa","15145",623437
"Jackson Rutledge","WSN",1.15281,1.36322,0.481309,4.57412,19.733,1.591,0,0.614,,30.3796,132.865,28.6233,16.56,15.44,3.75712,13.2652,0.706642,2.00286,27.0058,8.00051,3.92984,2.03584,1.11305,0.203257,0.0998395,0.1034175455570221,0.243401,1.37884,0.286363,0.691497,,,4.50406,0.143175,-0.0334595,999,,,,,,,110.4,3.68,111,3.7,,,,,,,,,,,,,,,,,,,"Jackson Rutledge","26215",671131
"Peter Strzelecki","PIT",0.755643,0.661463,0,4.74118,23.584,0,0,0.6032,,29.48,128.974,28.9303,16.62,15.53,3.55445,11.3547,0.850189,1.89801,28.4841,8.69595,3.46651,2.50856,1.08515,0.220851,0.088039,0.13281243294477463,0.25,1.36652,0.303239,0.670231,,,4.15013,0.142222,-0.1939,999,,,,,,,111.00000000000003,3.8275862068965525,114,3.9310344827586206,,,,,,,,,,,,,,,,,,,"Peter Strzelecki","21367",657265
"Noah Syndergaard",,0.919182,1.36074,1.469,5.49792,3.32,3.32,0,0,,18.6616,80.9011,20.3264,12.08,11.4,2.94651,5.08952,0.0450623,0.831572,12.1863,5.87711,2.45454,2.39438,1.42102,0.150632,0.0629104,0.08772113174200058,0.271091,1.36194,0.290405,0.62637,,,4.86491,0.140739,-0.0107578,999,,,,,,,57.69999999999999,3.0368421052631573,62,3.263157894736842,,,,,,,,,,,,,,,,,,,"Noah Syndergaard","11762",592789
"Josh Walker","TOR",0.892826,0.704708,0,4.10859,23.097,0,0,0.6566,,28.8713,123.135,25.6433,14.17,13.18,3.55892,11.3063,0.855873,1.11011,29.1915,9.09984,3.52449,2.58189,1.10942,0.23707,0.0918205,0.14524968713521957,0.231609,1.27981,0.283251,0.712595,,,4.03697,0.140143,0.113667,999,,,,,,,123.80000000000004,4.268965517241381,119,4.103448275862069,,,,,,,,,,,,,,,,,,,"Josh Walker","23617",677020
"Bradley Blalock","COL",0.748578,2.18287,-0.800442,5.25391,16.624,3.832,0,0.5596,,32.1532,143.029,34.5675,20.14,18.77,4.39918,12.918,0.829409,1.5137,24.6403,6.89706,3.61589,1.90743,1.23137,0.172274,0.0903174,0.08195677399635315,0.268804,1.47685,0.303022,0.661692,,,4.75898,0.139459,-0.142787,999,,,,,,,105.60000000000002,3.3000000000000007,117,3.65625,,,,,,,,,,,,,,,,,,,"Bradley Blalock","26419",687134
"Phil Bickford","CHC",0.589989,0.408992,0,4.09016,14.153,0,0,0,,17.6912,74.4829,15.355,8.63,8.04,2.22128,5.91147,0.419744,1.00617,17.5815,8.94419,3.00732,2.97414,1.13003,0.236048,0.0793668,0.15668121725320816,0.227261,1.20209,0.274979,0.695968,,,3.9842,0.13931,0.0384773,999,,,,,,,84.60000000000002,4.700000000000001,79,4.388888888888889,,,,,,,,,,,,,,,,,,,"Phil Bickford","18519",641360
"Anthony Misiewicz","MIN",1.04187,0.866883,0,4.55885,25.08,0,0,0.6191,,31.35,135.831,31.6881,17.09,15.88,4.24231,10.5299,1.10008,1.11197,30.4617,8.74499,3.02294,2.89287,1.21789,0.224262,0.0775224,0.14674004912376404,0.255161,1.34667,0.306709,0.692637,,,4.09638,0.138236,-0.0877873,999,,,,,,,124.99999999999999,4.032258064516129,131,4.225806451612903,,,,,,,,,,,,,,,,,,,"Anthony Misiewicz","18152",664948
"Chase Shugart","PIT",0.477922,0.389059,0,4.30812,14.54,0,0,0.6032,,18.175,78.3784,17.8628,9.33,8.7,1.8963,6.20119,0.430877,1.00812,16.2906,8.06686,3.07074,2.62701,0.939021,0.207845,0.0791185,0.128726564347744,0.250991,1.32402,0.301356,0.688209,,,3.92019,0.136962,0.038477,999,,,,,,,76.80000000000003,4.266666666666668,79,4.388888888888889,,,,,,,,,,,,,,,,,,,"Chase Shugart","21544",663767
"Tommy Nance","TOR",1.50933,1.29753,0,4.38069,39.882,0.091,0,10.1124,,49.7388,215.001,45.8146,25.98,24.21,5.86223,21.0178,1.31761,2.931,47.1055,8.52353,3.80308,2.24122,1.06074,0.219094,0.0977567,0.12133754789829254,0.239801,1.34367,0.289332,0.696839,,,4.24902,0.136372,0.00390178,999,,,,,,,238.6,4.772,234,4.68,,,,,,,,,,,,,,,,,,,"Tommy Nance","19178",667297
"Angel Bastardo","TOR",0.478398,0.353337,0,3.71048,12.089,0,0,0,,15.1112,63.7989,12.6659,6.69,6.23,1.49446,6.09915,0.462443,0.704523,15.7158,9.36005,3.63255,2.57672,0.890074,0.246333,0.0955996,0.15073372423648834,0.222228,1.24179,0.280796,0.724236,,,3.72285,0.135128,0.0838206,999,,,,,,,75.9,5.0600000000000005,73,4.866666666666666,,,,,,,,,,,,,,,,,,,"Angel Bastardo","sa3009716",682785
"Ryan Borucki","PIT",0.547891,0.4014,0,3.91111,15.993,0.198,0,0.6032,,19.7437,83.914,17.5215,9.22,8.58,1.89458,7.72546,0.335789,1.05672,18.3164,8.34937,3.52158,2.37092,0.863624,0.218276,0.092064,0.1262122094631195,0.23321,1.27873,0.284535,0.709328,,,3.89294,0.134128,0.146433,999,,,,,,,89.60000000000001,4.48,87,4.35,,,,,,,,,,,,,,,,,,,"Ryan Borucki","16350",621366
"John Rooney","MIA",0.808061,0.767154,0,4.06944,25,0,0,0,,31.25,135.493,28.8295,15.2,14.13,3.22982,13.4088,0.981412,1.95836,30.3423,8.73859,3.86175,2.26286,0.930189,0.223939,0.0989631,0.12497639656066895,0.239994,1.35163,0.295766,0.716882,,,4.04343,0.130319,0.117936,999,,,,,,,132.09999999999997,4.261290322580644,131,4.225806451612903,,,,,,,,,,,,,,,,,,,"John Rooney","sa3008417",680701
"Mike Clevinger","CHW",1.20122,1.6279,0.188145,4.46384,22.66,1.966,1,6.1649,,33.0859,141.576,31.0629,17.72,16.41,5.19866,11.3832,0.604439,1.71645,28.5871,7.77623,3.09644,2.51135,1.41414,0.20192,0.080403,0.1215168684720993,0.241778,1.2829,0.273143,0.703085,,,4.66885,0.129101,0.0230259,647.969970703125,,,,,,,150.10000000000005,4.54848484848485,148,4.484848484848484,,,,,,,,,,,,,,,,,,,"Mike Clevinger","12808",605182
"Mike Vasil","TBR",1.33192,0.945911,0,4.24956,29.562,0.166,0,0,,36.745,156.609,33.3242,18.57,17.35,4.82391,13.0492,1.01305,2.12045,33.3965,8.17985,3.19615,2.55928,1.18153,0.213248,0.0833234,0.1299244463443756,0.235608,1.26203,0.276115,0.701753,,,4.29389,0.128163,0.0275684,999,,,,,,,147.5,3.9864864864864864,141,3.810810810810811,,,,,,,,,,,,,,,,,,,"Mike Vasil","sa3017915",678024
"Shawn Dubin","HOU",0.9733,0.732148,0,4.25009,26.01,0.243,0,0.6475,,32.2088,139.835,28.4786,16.29,15.21,3.44502,15.0941,0.660943,2.02212,32.2457,9.01032,4.2177,2.13631,0.962633,0.230598,0.107942,0.12265558540821075,0.232064,1.35282,0.287649,0.704076,,,4.1489,0.12743,0.0684038,999,,,,,,,144.10000000000002,4.503125000000001,138,4.3125,,,,,,,,,,,,,,,,,,,"Shawn Dubin","24977",681869
"Ty Madden","DET",0.770184,0.611694,0,4.28062,18.699,0.197,0,0.5801,,23.1275,99.0357,20.5267,11.83,11,3.04472,9.16471,0.602497,1.22485,23.9758,9.33012,3.56642,2.6161,1.18484,0.242093,0.0925395,0.14955312758684158,0.231558,1.28382,0.283681,0.702409,,,4.15225,0.126685,-0.00232087,999,,,,,,,100.70000000000002,4.378260869565218,98,4.260869565217392,,,,,,,,,,,,,,,,,,,"Ty Madden","30140",680744
"Jesus Tinoco","MIA",1.90623,1.91227,0,4.28007,59.12,0.007,9,10.2388,,73.8913,319.934,67.7525,37.85,35.14,9.92624,31.6561,1.74442,4.29285,73.802,8.98913,3.85573,2.33137,1.20902,0.230679,0.0989457,0.13173304498195648,0.238578,1.34534,0.28876,0.719884,,,4.3748,0.126553,0.055141,440.5299987792969,,,,,,,372.8,5.037837837837838,365,4.9324324324324325,,,,,,,,,,,,,,,,,,,"Jesus Tinoco","16300",622786
"Devin Sweet","PHI",0.683846,0.500036,0,4.20833,18.221,0,0,0.5949,,22.7763,96.9623,19.8181,11.47,10.65,3.41666,8.63282,0.764322,1.14449,25.7843,10.1886,3.41124,2.98678,1.35009,0.265921,0.0890327,0.17688871175050735,0.227311,1.24915,0.282862,0.717476,,,4.14029,0.126328,0.100865,999,,,,,,,107.30000000000001,4.665217391304348,102,4.434782608695652,,,,,,,,,,,,,,,,,,,"Devin Sweet","25348",682967
"Tayler Saucedo","SEA",2.00672,1.70663,0,4.17035,54.781,0,1,11.7398,,68.4762,295.315,63.0847,34.12,31.73,7.70423,28.7004,1.8991,4.11316,63.5644,8.35443,3.77216,2.21476,1.01259,0.215243,0.0971854,0.11805709451436996,0.240321,1.34039,0.289596,0.711922,,,4.21015,0.124481,0.145358,999,,,,,,,323.00000000000006,4.750000000000001,318,4.676470588235294,,,,,,,,,,,,,,,,,,,"Tayler Saucedo","17888",642048
"Cody Poteet","CHC",0.880921,0.821516,0.163796,4.50741,16.723,0.876,0,0.6254,,23.5013,101.728,22.5663,12.65,11.77,2.97964,9.00784,0.441573,1.18505,21.4721,8.22289,3.44962,2.38371,1.14108,0.211074,0.0885486,0.12252546846866608,0.246532,1.34351,0.291976,0.690595,,,4.28854,0.123079,0.00574849,750.530029296875,,,,,,,96.90000000000002,4.0375000000000005,97,4.041666666666667,,,,,,,,,,,,,,,,,,,"Cody Poteet","18769",547001
"Sam Aldegheri","LAA",0.89376,1.16985,0.904362,4.95427,3.194,2.779,0,0,,15.1324,66.1192,15.3379,8.92,8.33,2.4037,5.78155,0.0716768,0.631872,13.3903,7.96391,3.43858,2.31605,1.4296,0.202518,0.0874413,0.1150769516825676,0.256892,1.39565,0.294551,0.687129,,,4.73316,0.120941,0.0334987,750.8800048828125,,,,,,,52.400000000000006,3.4933333333333336,54,3.6,,,,,,,,,,,,,,,,,,,"Sam Aldegheri","26443",691951
"Tyler Gilbert","CHW",1.18235,1.40589,-0.295257,4.43683,32.173,0.66,0,10.1671,,39.677,171.808,38.8221,21.11,19.56,5.38532,14.5556,1.02795,1.69217,35.9612,8.15715,3.30168,2.4706,1.22156,0.209311,0.0847204,0.12459024041891098,0.249563,1.34531,0.292757,0.703947,,,4.34676,0.120838,0.0381308,999,,,,,,,194.1,4.8525,196,4.9,,,,,,,,,,,,,,,,,,,"Tyler Gilbert","17964",656457
"Grant Wolfram","MIL",0.712815,0.465281,0,3.87092,15.401,0,0,0,,19.2512,82.3272,16.0339,8.88,8.28,1.99907,8.81674,0.636711,0.8984,20.6176,9.63878,4.12184,2.33846,0.934571,0.250435,0.107094,0.14334119111299515,0.220816,1.29086,0.280723,0.724229,,,3.88841,0.120603,0.092337,999,,,,,,,86.4,4.5473684210526315,81,4.2631578947368425,,,,,,,,,,,,,,,,,,,"Grant Wolfram","sa3008313",664991
"Chris Flexen","CHC",0.8244,0.905026,-0.04581,4.61765,15.95,1.156,0,0.6254,,21.8098,94.2938,22.0486,11.96,11.19,2.84347,7.36376,0.449324,0.786335,17.4663,7.20763,3.03872,2.37193,1.17338,0.185233,0.0780938,0.10713933408260345,0.255951,1.34859,0.291721,0.68625,,,4.38074,0.118544,-0.000643658,750.8400268554688,,,,,,,82.7,3.7590909090909093,85,3.8636363636363638,,,,,,,,,,,,,,,,,,,"Chris Flexen","13896",623167
"Seth Johnson","PHI",0.52987,0.421432,0,4.64916,14.577,1.936,0,0.5949,,25.282,110.266,23.9373,14.04,13.06,3.41737,10.8764,0.637625,1.32448,23.97,8.53297,3.87181,2.20387,1.21653,0.217384,0.0986374,0.11874649673700333,0.244096,1.37701,0.290331,0.691779,,,4.47525,0.116936,0.00860862,999,,,,,,,101.69999999999999,4.068,102,4.08,,,,,,,,,,,,,,,,,,,"Seth Johnson","26020",686751
"Sean Reid-Foley","NYM",0.936707,0.60172,0,4.17921,24.24,0,0,0.6629,,30.3,130.456,25.3988,15.07,14.07,3.73926,14.5294,0.68289,1.77454,32.9546,9.78849,4.31568,2.26812,1.11067,0.252611,0.111374,0.14123628288507462,0.2225,1.31776,0.279629,0.716515,,,4.20982,0.116112,0.0641287,999,,,,,,,126.80000000000001,4.2266666666666675,117,3.9,,,,,,,,,,,,,,,,,,,"Sean Reid-Foley","17034",656887
"Ben Casparius","LAD",1.19305,0.810601,0.306244,4.4245,18.955,0.905,0,4.4712,,27.1353,117.145,23.5176,14.35,13.34,4.04712,12.317,0.543045,1.45136,29.3733,9.74229,4.08519,2.38478,1.34231,0.250744,0.105143,0.14560052752494812,0.227495,1.32059,0.278325,0.712151,,,4.46261,0.11562,0.0649347,748.8300170898438,,,,,,,123.20000000000002,4.562962962962963,118,4.37037037037037,,,,,,,,,,,,,,,,,,,"Ben Casparius","30085",676508
"Yoendrys Gómez","NYY",1.05472,0.699865,0.504387,4.21561,21.908,0.347,0,4.0526,,30.9777,132.757,26.4964,15.55,14.51,4.10074,13.1288,0.741005,1.97145,31.7074,9.21201,3.81432,2.41511,1.19139,0.238838,0.0988931,0.13994475454092026,0.225201,1.27915,0.273623,0.710515,,,4.30263,0.11556,0.0147749,999,,,,,,,147.6,4.761290322580645,138,4.451612903225806,,,,,,,,,,,,,,,,,,,"Yoendrys Gomez","22872",672782
"Justin Wilson","BOS",2.16252,1.45681,0,4.49938,50.871,0,0,10.2406,,63.5887,276.178,58.4911,34.16,31.79,8.44771,28.3292,1.3229,3.08164,61.8086,8.74805,4.00956,2.1818,1.19564,0.2238,0.102576,0.12122377008199692,0.238966,1.36534,0.286763,0.702198,,,4.43141,0.115552,-0.068924,999,,,,,,,295.40000000000003,4.6156250000000005,287,4.484375,,,,,,,,,,,,,,,,,,,"Justin Wilson","4301",458677
"Jimmy Herget","COL",0.957569,1.10725,0,4.85054,32.614,0.225,1,0.5596,,40.4863,174.724,41.2296,23.44,21.82,6.0589,11.8882,1.41369,2.13865,35.9609,7.99402,2.64272,3.02492,1.34688,0.205815,0.0680397,0.1377752274274826,0.256567,1.312,0.296355,0.664895,,,4.3749,0.115392,-0.221877,999,,,,,,,154.6,3.8649999999999998,161,4.025,,,,,,,,,,,,,,,,,,,"Jimmy Herget","17556",623474
"Noah Murdock","ATH",1.21243,0.987708,0,3.97892,29.405,0,0,0,,36.7562,160.311,30.997,17.39,16.25,3.10896,19.894,0.887563,2.93742,35.7192,8.74608,4.87117,1.79548,0.761248,0.222812,0.124096,0.0987156480550766,0.225466,1.38455,0.282693,0.719856,,,4.18596,0.11507,0.234479,999,,,,,,,159.3,4.305405405405406,149,4.027027027027027,,,,,,,,,,,,,,,,,,,"Noah Murdock","sa919012",668716
"Génesis Cabrera","NYM",1.32952,0.858548,0,4.25055,34.149,0,0,0.6629,,42.6862,182.637,38.0633,21.63,20.16,5.22502,17.1567,1.1875,2.31351,36.6023,7.71726,3.61733,2.13341,1.10165,0.200411,0.0939389,0.1064717024564743,0.233279,1.29362,0.270632,0.70118,,,4.41117,0.114081,0.0403878,999,,,,,,,178.89999999999998,4.160465116279069,171,3.9767441860465116,,,,,,,,,,,,,,,,,,,"Genesis Cabrera","17490",650893
"Kyle Finnegan","WSN",2.18672,1.99737,0,4.5801,55.618,0,21,6.3474,,69.5225,299.805,66.758,38,35.38,9.11727,26.6907,1.64302,3.10579,63.5098,8.22163,3.45523,2.37947,1.18027,0.211837,0.089027,0.12281031906604767,0.247244,1.34415,0.292028,0.687228,,,4.33005,0.113927,-0.158624,227.13999938964844,,,,,,,400.09999999999997,5.715714285714285,400,5.714285714285714,,,,,,,,,,,,,,,,,,,"Kyle Finnegan","15009",640448
"Kolby Allard","CLE",0.526661,0.960723,-0.133037,4.58705,6.805,1.999,0,0.6686,,14.9508,64.0034,14.7251,8.17,7.62,2.26569,4.76507,0.290127,0.529544,13.1718,7.92909,2.86845,2.76424,1.36388,0.205799,0.0744503,0.13134827464818954,0.250815,1.30362,0.287936,0.693713,,,4.43692,0.113802,0.0807967,999,,,,,,,59.400000000000006,3.9600000000000004,61,4.066666666666666,,,,,,,,,,,,,,,,,,,"Kolby Allard","18694",663465
"J.P. France","HOU",0.624393,1.20688,-0.801248,4.56533,13.05,2.349,0,0.6475,,24.0114,103.59,22.2805,13.04,12.18,3.51952,9.61474,0.610167,0.997548,20.7344,7.77171,3.60382,2.15652,1.31919,0.200158,0.0928154,0.10734302550554276,0.239633,1.32834,0.272992,0.699174,,,4.67084,0.113382,0.0630708,999,,,,,,,84.20000000000003,3.5083333333333346,81,3.375,,,,,,,,,,,,,,,,,,,"J.P. France","21212",641585
"Drew Smyly",,1.78003,2.10458,0,4.56968,32.545,1.096,0,0,,39.3112,168.371,37.1119,21.53,19.96,6.31833,13.917,1.13811,1.69881,37.762,8.64531,3.18618,2.71338,1.44653,0.224278,0.0826564,0.14162182807922363,0.242949,1.29807,0.283354,0.699303,,,4.52644,0.111914,-0.120387,999,,,,,,,146.60000000000002,3.7589743589743594,145,3.717948717948718,,,,,,,,,,,,,,,,,,,"Drew Smyly","11760",592767
"José Urquidy","DET",0.778932,1.04022,0.87754,4.84083,2.844,2.399,0,0,,13.9439,59.5109,14.0724,8.01,7.5,2.27752,3.89672,0.056777,0.496403,9.57727,6.18159,2.51511,2.45778,1.47001,0.160933,0.0654791,0.09545397013425827,0.255315,1.28867,0.272633,0.673798,,,4.86131,0.110864,0.056888,999,,,,,,,50.6,3.6142857142857143,52,3.7142857142857144,,,,,,,,,,,,,,,,,,,"Jose Urquidy","18413",664353
"Jonathan Loáisiga","NYY",1.18073,0.797052,0,4.18034,30.675,0,0,0.6608,,38.3438,162.602,38.571,19.16,17.81,4.30138,10.0862,0.746261,2.12481,25.3858,5.95853,2.36741,2.51689,1.00961,0.156122,0.0620298,0.09409255906939507,0.256472,1.26897,0.283916,0.69185,,,4.25608,0.107183,0.0812295,750.3800048828125,,,,,,,148.6,3.9105263157894736,156,4.105263157894737,,,,,,,,,,,,,,,,,,,"Jonathan Loaisiga","19753",642528
"Marco Gonzales",,0.873491,1.19215,0.821428,4.87737,2.893,2.668,0,0,,14.0055,60.6337,14.4071,8.14,7.59,2.18532,4.71097,0.0622889,0.531516,10.1872,6.54633,3.02729,2.16244,1.4043,0.168012,0.0776955,0.09031642228364944,0.260097,1.36504,0.284104,0.683624,,,4.86311,0.106297,0.0696153,999,,,,,,,44.6,3.185714285714286,46,3.2857142857142856,,,,,,,,,,,,,,,,,,,"Marco Gonzales","15467",594835
"Dillon Tate","TOR",1.66815,1.82413,0,4.23093,30.07,0,0,0.6566,,37.5875,160.453,36.8265,19.02,17.67,4.14216,11.1682,0.782915,2.87884,28.1175,6.73249,2.67412,2.51764,0.991805,0.175238,0.0696039,0.10563379526138306,0.251536,1.27688,0.286336,0.686675,,,4.22412,0.104713,0.0812298,999,,,,,,,153.8,4.0473684210526315,156,4.105263157894737,,,,,,,,,,,,,,,,,,,"Dillon Tate","17796",622253
"José Cisnero",,1.03291,1.15017,0,4.23189,18.681,0,0,0,,23.3512,101.316,20.4524,11.75,10.98,2.66256,11.0312,0.470084,1.66367,24.4748,9.43303,4.25164,2.21868,1.0262,0.241569,0.108879,0.13268925249576569,0.230784,1.34826,0.289342,0.710967,,,4.18349,0.103814,-0.00232087,999,,,,,,,90.30000000000001,3.92608695652174,85,3.6956521739130435,,,,,,,,,,,,,,,,,,,"Jose Cisnero","6399",542585
"Tommy Henry","ARI",1.02387,1.05344,-0.03067,4.4757,20.695,1.108,0,0.6241,,27.6895,120.359,26.1041,14.75,13.77,3.37919,11.8954,0.824208,1.26398,25.3052,8.22504,3.86639,2.12731,1.09835,0.210247,0.0988322,0.11141500622034073,0.243508,1.37234,0.289431,0.698841,,,4.35094,0.103575,0.0130608,999,,,,,,,117.70000000000005,4.20357142857143,116,4.142857142857143,,,,,,,,,,,,,,,,,,,"Tommy Henry","26285",674072
"Bruce Zimmermann","MIL",0.272108,0.361613,-0.0822927,4.28424,4.255,0.633,0,0,,8.718,37.0981,8.54813,4.46,4.15,1.13532,2.58599,0.194894,0.359618,7.99773,8.25643,2.66964,3.09271,1.17204,0.215583,0.0697068,0.1458762139081955,0.250293,1.27714,0.296281,0.699251,,,4.0383,0.103379,0.127543,999,,,,,,,37.90000000000001,4.211111111111112,39,4.333333333333333,,,,,,,,,,,,,,,,,,,"Bruce Zimmermann","20370",669145
"Doug Nikhazy","CLE",1.26117,1.01128,0,4.02086,33.86,0.303,0,0,,41.9463,182.366,33.2056,20.01,18.74,4.3696,24.0993,1.1645,2.26116,45.4346,9.74847,5.17075,1.88531,0.937544,0.24914,0.132148,0.11699199676513672,0.212849,1.36615,0.271522,0.728594,,,4.23968,0.102396,0.193195,999,,,,,,,187.8,4.4714285714285715,170,4.0476190476190474,,,,,,,,,,,,,,,,,,,"Doug Nikhazy","sa3018110",680951
"Will Klein","SEA",0.817362,0.682071,0,4.04988,21.974,0,0,0.6186,,27.4675,119.483,22.718,13.2,12.36,2.73033,15.079,0.6498,1.65288,29.1623,9.55532,4.94079,1.93396,0.89462,0.24407,0.126202,0.11786815524101257,0.221097,1.37606,0.282077,0.723983,,,4.16276,0.101656,0.109397,999,,,,,,,114.10000000000001,4.225925925925926,107,3.962962962962963,,,,,,,,,,,,,,,,,,,"Will Klein","27787",694361
"Mason Englert","TBR",1.32761,1.01634,-0.110904,4.3029,29.557,0.237,0,0.6853,,36.7078,154.707,33.8676,18.84,17.55,5.63769,10.6355,0.853334,1.85234,34.439,8.44373,2.60761,3.23811,1.38225,0.222608,0.0687463,0.15386147797107697,0.238137,1.21236,0.276378,0.70098,,,4.30726,0.0993739,0.0275684,999,,,,,,,144.6,3.908108108108108,140,3.7837837837837838,,,,,,,,,,,,,,,,,,,"Mason Englert","22288",669438
"Josh Fleming","SEA",0.514093,0.591392,0.176688,4.02663,7.383,1.008,0,0.6186,,16.9422,71.9914,17.0814,8.18,7.58,1.68336,5.05453,0.427819,0.653342,10.0959,5.3631,2.68506,1.99739,0.894232,0.140237,0.0702101,0.07002680748701096,0.257702,1.30656,0.282511,0.705586,,,4.27706,0.0985435,0.165445,999,,,,,,,63.000000000000014,3.7058823529411775,65,3.823529411764706,,,,,,,,,,,,,,,,,,,"Josh Fleming","20418",676596
"Dylan Dodd","ATL",0.685843,0.396303,0,4.40894,17.082,0.131,0,0.6159,,21.1887,91.0588,21.7964,11.18,10.38,2.60649,6.32166,0.574072,0.720844,18.3847,7.80896,2.68515,2.9082,1.10711,0.201899,0.069424,0.13247495144605637,0.25943,1.32703,0.30448,0.692226,,,4.02743,0.0975921,-0.0065827,999,,,,,,,80.3,3.8238095238095235,85,4.0476190476190474,,,,,,,,,,,,,,,,,,,"Dylan Dodd","29928",689266
"Kyle Nicolas","PIT",1.47124,1.27666,0,4.65945,45.183,0,0,0.6032,,56.4787,249.992,51.6966,31.23,29.24,6.90941,28.986,1.43402,3.70857,57.9757,9.23854,4.61897,2.00013,1.10103,0.23191,0.115947,0.11596239358186722,0.237907,1.42855,0.293855,0.696423,,,4.44049,0.096516,-0.188241,999,,,,,,,214.10000000000008,3.823214285714287,210,3.75,,,,,,,,,,,,,,,,,,,"Kyle Nicolas","27775",693312
"Brooks Raley",,1.04702,1.2504,0,4.56828,19.575,0,1,0,,24.4688,106.052,23.6968,13.35,12.42,3.48122,8.8725,0.50236,1.50509,25.04,9.2101,3.26345,2.8222,1.28045,0.23611,0.0836616,0.15244799107313156,0.247681,1.33106,0.301035,0.693948,,,4.24168,0.093733,-0.0514821,999,,,,,,,100.30000000000001,4.179166666666667,103,4.291666666666667,,,,,,,,,,,,,,,,,,,"Brooks Raley","10061",548384
"Lyon Richardson","CIN",0.558953,0.768228,-0.136944,4.53585,10.79,1.069,0,0.6021,,14.5838,63.4375,14.0942,7.88,7.35,1.81493,5.88296,0.382116,0.759641,13.7118,8.46188,3.63051,2.33077,1.12004,0.216147,0.0927363,0.12341057509183884,0.24816,1.36982,0.297549,0.693794,,,4.27033,0.0918738,0.0306608,999,,,,,,,61.00000000000001,4.066666666666667,60,4,,,,,,,,,,,,,,,,,,,"Lyon Richardson","24581",680689
"Luis García","LAD",0.761919,0.428071,0,4.24156,16.211,0,0,0.7135,,20.2638,86.4741,20.3772,10.29,9.55,2.33878,5.97149,0.313049,1.10428,16.8804,7.49731,2.65219,2.82683,1.03875,0.195208,0.0690552,0.12615245580673218,0.256645,1.30028,0.299745,0.695952,,,4.04838,0.0912838,0.0427525,999,,,,,,,88.4,4.42,91,4.55,,,,,,,,,,,,,,,,,,,"Luis Garcia","6984",472610
"Enoli Paredes","ATL",0.703165,0.357323,0,3.84989,16.495,0,0,0,,20.6187,89.3719,16.6258,9.47,8.82,1.9782,11.4037,0.539128,1.34724,22.1392,9.66369,4.97767,1.94141,0.863478,0.24772,0.127598,0.12012213468551636,0.216987,1.35942,0.278983,0.734738,,,4.12148,0.0907873,0.200782,999,,,,,,,94.60000000000001,4.504761904761905,87,4.142857142857143,,,,,,,,,,,,,,,,,,,"Enoli Paredes","20447",660600
"Justin Hagenman","NYM",0.469485,0.290465,0,4.08192,12.051,0.039,0,0,,15.015,63.0902,13.3894,7.31,6.81,2.08775,4.64233,0.424552,0.720434,14.9104,8.93732,2.78262,3.21184,1.2514,0.236335,0.0735825,0.1627526506781578,0.231942,1.20091,0.277483,0.709631,,,4.05947,0.0907022,0.0838206,999,,,,,,,64.60000000000001,4.3066666666666675,61,4.066666666666666,,,,,,,,,,,,,,,,,,,"Justin Hagenman","sa3008022",663795
"Amos Willingham","ATL",0.833511,0.473552,0,4.35058,20.389,0,0,0.6159,,25.4862,109.558,25.1874,13.26,12.32,3.25681,8.09798,1.1785,1.18857,22.0061,7.77105,2.85965,2.71748,1.15008,0.200863,0.0739153,0.12694817036390305,0.251193,1.30601,0.292377,0.697121,,,4.19393,0.0901691,0.00195089,999,,,,,,,104.1,4.164,107,4.28,,,,,,,,,,,,,,,,,,,"Amos Willingham","26128",686294
"Enyel De Los Santos","ATL",1.38698,0.820013,0,4.55028,34.368,0,0,4.1063,,42.96,186.291,41.3226,23.41,21.72,5.95696,16.2097,1.02104,2.62112,41.2917,8.65049,3.3959,2.54733,1.24797,0.221652,0.0870132,0.1346384808421135,0.246761,1.33921,0.294196,0.693648,,,4.36177,0.0900361,-0.0623215,999,,,,,,,178.79999999999998,4.158139534883721,178,4.1395348837209305,,,,,,,,,,,,,,,,,,,"Enyel De Los Santos","18403",660853
"Roansy Contreras","BAL",1.01635,0.891251,0.0637985,4.37787,20.984,0.687,0,0.6344,,27.8766,118.49,25.1908,14.5,13.56,3.92228,10.0683,0.878228,1.2429,23.1973,7.48929,3.25057,2.304,1.26631,0.195775,0.0849718,0.1108027845621109,0.235035,1.26483,0.26566,0.697365,,,4.54859,0.0881154,0.115854,748.6900024414062,,,,,,,110,3.9285714285714284,105,3.75,,,,,,,,,,,,,,,,,,,"Roansy Contreras","22810",672710
"Brett de Geus","MIA",0.701563,0.727949,0,4.361,22.338,0,0,0.5898,,27.9225,121.994,29.4557,14.59,13.53,2.54038,9.65916,0.839397,1.96147,20.0608,6.46601,3.11335,2.07687,0.818817,0.164441,0.0791773,0.0852634534239769,0.266874,1.40084,0.30665,0.689708,,,4.16085,0.0877453,-0.0429615,999,,,,,,,102.9,3.6750000000000003,109,3.892857142857143,,,,,,,,,,,,,,,,,,,"Brett de Geus","23592",676969
"Jaden Hill","COL",0.906207,1.04735,0,4.75888,31.167,0,0,0.5596,,38.9588,171.346,38.7932,22.15,20.6,4.62831,16.1841,0.968746,2.58986,36.9214,8.52934,3.73874,2.28134,1.0692,0.215478,0.0944524,0.12102600932121277,0.254262,1.41117,0.30773,0.676884,,,4.26115,0.0869092,-0.172977,750.7899780273438,,,,,,,146.70000000000002,3.761538461538462,151,3.871794871794872,,,,,,,,,,,,,,,,,,,"Jaden Hill","30250",677955
"Albert Suárez","BAL",1.86404,1.72119,0,5.24041,49.214,5.789,0,7.8662,,86.85,387.541,88.5847,54.09,50.57,12.98,39.0761,2.42783,5.05252,75.7508,7.84982,4.04934,1.93854,1.34507,0.195465,0.100831,0.09463434666395187,0.257954,1.4699,0.29686,0.671948,,,4.88927,0.0866076,-0.52175,645.2899780273438,,,,,,,304.5000000000001,3.5000000000000013,318,3.6551724137931036,,,,,,,,,,,,,,,,,,,"Albert Suarez","6175",544150
"Keynan Middleton",,0.637024,0.669008,0,4.053,11.245,0,0,0,,14.0562,59.65,11.7574,6.78,6.33,1.73227,5.89916,0.279088,0.715209,15.0956,9.66547,3.77714,2.55894,1.10914,0.253069,0.0988963,0.15417306125164032,0.221689,1.25614,0.276879,0.714089,,,4.03239,0.0858066,0.0299268,999,,,,,,,56.800000000000026,4.057142857142859,53,3.7857142857142856,,,,,,,,,,,,,,,,,,,"Keynan Middleton","15264",641871
"Huascar Brazobán","NYM",1.47675,1.0049,0,4.44975,38.866,0,0,0.6629,,48.5825,212.318,42.4515,25.7,24.02,5.52585,25.1751,1.12444,2.92985,47.8824,8.8703,4.66374,1.90197,1.02367,0.225522,0.118573,0.10694917291402817,0.230448,1.39199,0.282296,0.700055,,,4.40944,0.0855105,-0.0495642,999,,,,,,,195.60000000000002,3.991836734693878,183,3.7346938775510203,,,,,,,,,,,,,,,,,,,"Huascar Brazoban","6107",623211
"Matt Gage","DET",0.48796,0.386934,0,4.25983,12.085,0,0,0,,15.1062,65.5698,14.2725,7.69,7.15,1.56305,6.30992,0.406978,0.712872,14.6933,8.75395,3.75932,2.3286,0.931236,0.224086,0.096232,0.1278538480401039,0.243778,1.36251,0.300525,0.700898,,,3.96095,0.0850505,-0.0193591,999,,,,,,,59.00000000000001,3.933333333333334,58,3.8666666666666667,,,,,,,,,,,,,,,,,,,"Matt Gage","17381",657424
"Matt Barnes",,1.21655,1.45025,0,4.57051,22.401,0,0,0,,28.0012,120.955,26.9185,15.24,14.22,3.54126,10.4525,0.64105,1.54479,24.6779,7.93183,3.35957,2.36096,1.13821,0.204025,0.086416,0.11760903894901276,0.247054,1.33462,0.289541,0.682776,,,4.3333,0.0838091,-0.0429615,999,,,,,,,101.80000000000005,3.6357142857142875,102,3.642857142857143,,,,,,,,,,,,,,,,,,,"Matt Barnes","12863",598264
"Kevin Herget","NYM",0.873851,0.657026,0,4.87988,24.035,0,0,0.6629,,30.0438,130.395,30.4455,17.5,16.29,4.85101,9.75942,0.870878,1.38541,28.7727,8.61924,2.92356,2.9482,1.45318,0.220658,0.0748452,0.1458132639527321,0.255308,1.33821,0.29891,0.679513,,,4.46299,0.0837109,-0.24244,999,,,,,,,111.5,3.716666666666667,114,3.8,,,,,,,,,,,,,,,,,,,"Kevin Herget","15369",643361
"Adrian Houser","TEX",1.01123,1.06669,0.888286,4.7289,6.518,2.464,0,0,,20.9922,91.0593,21.2245,11.84,11.03,2.6695,7.67538,0.203558,1.03761,14.0473,6.02253,3.29067,1.83018,1.1445,0.154266,0.0842899,0.06997602432966232,0.257748,1.3767,0.282724,0.677987,,,4.72648,0.0830172,0.0328594,748.8599853515625,,,,,,,64.9,3.0904761904761906,67,3.1904761904761907,,,,,,,,,,,,,,,,,,,"Adrian Houser","12718",605288
"J.B. Bukauskas","MIL",0.408261,0.273023,0,3.82719,8.842,0,0,0,,11.0525,47.1983,9.48855,5.03,4.7,0.990232,4.87718,0.299579,0.575782,10.8969,8.87329,3.97146,2.23426,0.806341,0.230875,0.103334,0.12754088640213013,0.227296,1.29977,0.284622,0.719273,,,3.83946,0.0813408,0.0753271,999,,,,,,,49.70000000000001,4.518181818181819,46,4.181818181818182,,,,,,,,,,,,,,,,,,,"J.B. Bukauskas","20491",656266
"Jeff Criswell","COL",0.44252,0.508991,0,4.73028,15.008,0,0,0,,18.76,81.9591,17.6067,10.61,9.86,2.68,7.97091,0.739108,0.920091,20.2415,9.71076,3.824,2.53943,1.28571,0.246971,0.0972548,0.1497165709733963,0.240963,1.36341,0.297662,0.685782,,,4.28748,0.0809433,-0.112962,999,,,,,,,69.89999999999999,3.6789473684210523,69,3.6315789473684212,,,,,,,,,,,,,,,,,,,"Jeff Criswell","27608",676105
"Elvis Alvarado","ATH",0.562756,0.47025,0,4.12746,13.746,0,0,0,,17.1825,74.25,14.4599,8.44,7.88,1.89682,8.2388,0.473783,1.25794,18.3134,9.59237,4.31539,2.22283,0.993534,0.246645,0.11096,0.1356852650642395,0.223307,1.32103,0.282043,0.7114,,,4.12804,0.080629,0.0880733,999,,,,,,,73.80000000000001,4.341176470588236,68,4,,,,,,,,,,,,,,,,,,,"Elvis Alvarado","sa919291",665660
"Alan Rangel","PHI",0.550713,0.450434,0,4.71177,15.342,0,0,0,,19.1775,83.3865,18.5642,10.81,10.04,2.77979,7.28329,0.535322,0.861791,19.4151,9.1115,3.41805,2.6657,1.30456,0.232832,0.0873437,0.1454886868596077,0.246728,1.3478,0.297557,0.684898,,,4.30022,0.0801802,-0.112962,999,,,,,,,68.29999999999998,3.594736842105262,70,3.6842105263157894,,,,,,,,,,,,,,,,,,,"Alan Rangel","sa877578",660604
"Taijuan Walker","PHI",1.11923,2.30485,-1.84123,4.7792,29.575,4.152,0,3.9661,,52.5402,228.328,52.4729,29.97,27.9,7.40232,19.4419,1.19425,2.66409,37.5607,6.43405,3.33035,1.93194,1.268,0.164503,0.0851491,0.07935424894094467,0.254449,1.36876,0.279492,0.681458,,,4.83048,0.0738456,-0.0140161,748.969970703125,,,,,,,196.90000000000003,3.715094339622642,200,3.7735849056603774,,,,,,,,,,,,,,,,,,,"Taijuan Walker","11836",592836
"Drew Smith","NYM",0.347798,0.217226,0,4.11359,8.874,0,0,0.6629,,11.0925,47.0022,9.32735,5.43,5.07,1.451,4.31041,0.229992,0.603687,11.5505,9.37156,3.49729,2.67967,1.17729,0.245743,0.0917066,0.15403633564710617,0.221615,1.22946,0.270789,0.707178,,,4.11346,0.072158,0.0753271,999,,,,,,,58.70000000000001,5.336363636363637,55,5,,,,,,,,,,,,,,,,,,,"Drew Smith","17755",622098
"Daniel Bard",,0.838075,0.873785,0,4.04169,14.679,0,0,0,,18.3487,79.1697,14.9837,8.8,8.24,1.87433,9.25932,0.406309,1.36902,18.2162,8.93498,4.54167,1.96734,0.91935,0.23009,0.116955,0.11313506215810776,0.218608,1.32123,0.27057,0.714327,,,4.2466,0.0721417,0.038477,999,,,,,,,75.60000000000002,4.200000000000001,70,3.888888888888889,,,,,,,,,,,,,,,,,,,"Daniel Bard","7115",453268
"Dane Acker","TEX",0.575177,0.803502,0.187154,4.60459,3.048,2.077,0,0,,10.4765,44.9773,9.62101,5.74,5.36,1.66187,4.08943,0.085394,0.543591,9.11479,7.8302,3.51309,2.22886,1.42765,0.202653,0.0909223,0.11173103749752045,0.238473,1.30869,0.269185,0.700155,,,4.81529,0.0719483,0.0118664,999,,,,,,,26.4,2.6399999999999997,27,2.7,,,,,,,,,,,,,,,,,,,"Dane Acker","sa3014924",686769
"Yohan Ramírez","PIT",0.727896,0.583941,0,4.26851,21.675,0,0,0.6032,,27.0938,118.252,24.4094,13.74,12.85,2.72406,12.1661,0.688417,2.96257,24.4842,8.13315,4.04135,2.01248,0.904877,0.207052,0.102884,0.10416800528764725,0.236702,1.34996,0.285655,0.697016,,,4.34131,0.0708975,0.00621606,999,,,,,,,107.5,3.9814814814814814,103,3.814814814814815,,,,,,,,,,,,,,,,,,,"Yohan Ramirez","19444",670990
"Justin Sterner","ATH",1.41644,1.27339,0,4.52993,34.729,0,0,10.6537,,43.4113,185.232,37.2069,23.37,21.85,7.46716,16.8925,1.30328,2.51014,47.3876,9.82437,3.50214,2.80525,1.54809,0.255828,0.0911962,0.16463164240121841,0.224368,1.24621,0.267987,0.70407,,,4.56026,0.0695328,-0.0623411,999,,,,,,,213.90000000000003,4.974418604651164,202,4.6976744186046515,,,,,,,,,,,,,,,,,,,"Justin Sterner","27694",686993
"Mason Thompson","WSN",1.1433,1.01929,0,4.47886,28.743,0,0,0.614,,35.9287,156.058,34.6149,19.22,17.88,3.85775,14.3781,0.919304,2.21182,28.3109,7.09176,3.60166,1.96902,0.966349,0.181413,0.0921335,0.08927938342094421,0.248193,1.36362,0.286649,0.68299,,,4.37161,0.0686607,-0.0259503,999,,,,,,,138.20000000000005,3.8388888888888903,140,3.888888888888889,,,,,,,,,,,,,,,,,,,"Mason Thompson","21850",666168
"Joan Adon","WSN",0.545836,1.23713,-0.451716,4.97319,9.395,2.202,0,0,,18.4228,81.7957,18.5061,10.91,10.18,2.2731,8.32162,0.531261,1.22779,14.9066,7.28227,4.06532,1.79132,1.11047,0.182242,0.101737,0.08050574362277985,0.256153,1.45622,0.294789,0.673185,,,4.70725,0.0681801,-0.0583882,999,,,,,,,62.200000000000024,3.455555555555557,67,3.7222222222222223,,,,,,,,,,,,,,,,,,,"Joan Adon","22925",672851
"Shelby Miller","ARI",1.84348,1.50106,0,4.67945,45.59,0,0,9.6108,,56.9875,247.589,53.1202,31.72,29.63,7.9741,23.4941,1.38841,3.22598,55.5016,8.76534,3.71041,2.36236,1.25934,0.224169,0.0948918,0.12927699834108353,0.240506,1.34441,0.286837,0.685927,,,4.44431,0.0678242,-0.237169,999,,,,,,,259.59999999999997,4.55438596491228,255,4.473684210526316,,,,,,,,,,,,,,,,,,,"Shelby Miller","10197",571946
"Easton Lucas","TOR",0.64311,0.522038,0,4.22792,16.655,0,0,0.6566,,20.8188,89.2045,18.6083,10.49,9.78,2.71766,8.31548,0.699333,0.920493,20.3323,8.7897,3.5948,2.44511,1.17485,0.227929,0.0932182,0.13471078127622604,0.232695,1.29325,0.279181,0.710832,,,4.24113,0.0671277,0.0965977,999,,,,,,,86.1,4.1,83,3.9523809523809526,,,,,,,,,,,,,,,,,,,"Easton Lucas","26058",687922
"Cristian Javier","HOU",0.72333,0.754671,-0.0137133,4.3865,14.21,0.954,0,0.6475,,19.4711,82.25,15.6957,10.13,9.49,3.17837,7.96763,0.365611,1.02361,19.1737,8.86255,3.68282,2.40645,1.46912,0.233115,0.0968709,0.13624438643455505,0.21425,1.21531,0.245888,0.704362,,,4.7044,0.0668263,0.0419502,722.8400268554688,,,,,,,77.1,4.057894736842105,71,3.736842105263158,,,,,,,,,,,,,,,,,,,"Cristian Javier","17606",664299
"Rob Zastryzny","NYY",0.311404,0.227549,0,4.68149,8.393,0.905,0,0,,14.976,65.2222,14.3452,8.35,7.79,2.17005,6.13555,0.367233,0.709808,14.5398,8.73787,3.68723,2.36976,1.30412,0.222927,0.0940715,0.12885571271181107,0.245734,1.36757,0.2922,0.695463,,,4.47973,0.0659906,0.0432501,999,,,,,,,59.00000000000001,3.933333333333334,58,3.8666666666666667,,,,,,,,,,,,,,,,,,,"Rob Zastryzny","15094",642239
"Parker Mushinski","CLE",0.374494,0.305791,0,3.98046,10.238,0,0,0.6686,,12.7975,54.8035,11.8185,6.08,5.66,1.2174,4.90071,0.275794,0.689291,11.279,7.9321,3.44648,2.3015,0.85615,0.205808,0.0894232,0.11638469249010086,0.240148,1.30644,0.288724,0.708579,,,3.95087,0.0644169,0.079577,999,,,,,,,60.7,4.6692307692307695,60,4.615384615384615,,,,,,,,,,,,,,,,,,,"Parker Mushinski","21324",656786
"Roddery Muñoz","STL",0.580169,0.564545,0,4.7901,15.283,1.943,0,0.6347,,26.68,116.78,24.8677,15.2,14.2,3.8267,12.0786,0.701807,1.54623,24.0734,8.1207,4.07449,1.99306,1.29087,0.206143,0.103431,0.10271283984184265,0.241071,1.38479,0.279597,0.688415,,,4.75849,0.063665,0.0215962,999,,,,,,,95.60000000000002,3.5407407407407416,93,3.4444444444444446,,,,,,,,,,,,,,,,,,,"Roddery Munoz","25311",682610
"Chris Devenski","NYM",0.578107,0.393024,0,4.52899,15.055,0,0,0.6629,,18.8188,79.1231,16.7082,10.13,9.47,3.06661,5.97107,0.35864,0.880802,18.6952,8.9409,2.85564,3.13096,1.46659,0.236279,0.0754655,0.16081396490335464,0.231187,1.20514,0.27008,0.682544,,,4.39032,0.0633971,-0.010841,999,,,,,,,80.49999999999999,4.2368421052631575,77,4.052631578947368,,,,,,,,,,,,,,,,,,,"Chris Devenski","12763",606965
"Jefry Yan","COL",0.631394,0.704315,0,4.58014,21.505,0,0,0,,26.8813,120.32,24.2302,14.68,13.68,2.90568,15.9839,0.755818,1.72484,30.4342,10.1895,5.35151,1.90405,0.972839,0.252943,0.132845,0.12009851634502411,0.236135,1.49599,0.307839,0.706413,,,4.28368,0.0633355,-0.0962423,999,,,,,,,106.5,3.9444444444444446,102,3.7777777777777777,,,,,,,,,,,,,,,,,,,"Jefry Yan","sa828460",642376
"Kyle Leahy","STL",1.64997,1.67184,0,4.85996,44.993,0,0,6.8546,,56.2412,248.303,58.0413,32.46,30.37,6.85812,22.9451,1.29003,2.77069,47.3746,7.58112,3.67179,2.0647,1.09747,0.190794,0.0924078,0.09838615357875824,0.260758,1.43998,0.304021,0.679784,,,4.43874,0.0626409,-0.290189,999,,,,,,,221.50000000000006,3.9553571428571437,233,4.160714285714286,,,,,,,,,,,,,,,,,,,"Kyle Leahy","24763",681517
"Tyler Zuber","NYM",1.25756,0.861509,0,4.54984,33.137,0,0,0.6629,,41.4212,179.681,37.0157,22.43,20.94,6.05928,18.1884,1.80552,2.12237,42.1996,9.16912,3.95197,2.32014,1.31656,0.234858,0.101226,0.13363226503133774,0.232262,1.33275,0.278607,0.701484,,,4.50163,0.0617703,-0.0665837,999,,,,,,,161.40000000000003,3.9365853658536594,155,3.7804878048780486,,,,,,,,,,,,,,,,,,,"Tyler Zuber","20379",676604
"Steven Okert","HOU",0.834706,0.650625,0,4.44848,22.079,0.067,0,6.9931,,27.515,117.776,23.3725,14.57,13.6,4.30343,11.5876,0.612541,1.74496,29.7263,9.7233,3.79023,2.56536,1.40763,0.252398,0.0983868,0.15401072800159454,0.223782,1.27058,0.270816,0.704679,,,4.49265,0.0600445,-0.0429615,999,,,,,,,144.20000000000005,5.150000000000001,134,4.785714285714286,,,,,,,,,,,,,,,,,,,"Steven Okert","13580",595345
"Tekoah Roby","STL",0.362949,0.564453,0.442564,4.95401,1.425,1.425,0,0,,7.0125,30.2115,7.24222,4.13,3.86,1.11992,2.13965,0.017848,0.299676,5.57084,7.14974,2.74607,2.60362,1.43733,0.184394,0.0708222,0.11357219517230988,0.260772,1.33788,0.290412,0.672112,,,4.69736,0.0598539,0.0355208,999,,,,,,,27.3,3.9,28,4,,,,,,,,,,,,,,,,,,,"Tekoah Roby","sa3014519",694358
"Ron Marinaccio","SDP",1.09433,0.880289,0,4.4407,29.671,0,0,0.6072,,37.0887,161.153,30.7535,19.55,18.3,4.46038,18.936,0.746043,2.82695,38.9524,9.45223,4.59503,2.05706,1.08236,0.24171,0.117503,0.12420705705881119,0.220628,1.33974,0.27395,0.693739,,,4.38973,0.0595285,-0.0750813,999,,,,,,,160.00000000000003,4.3243243243243255,149,4.027027027027027,,,,,,,,,,,,,,,,,,,"Ron Marinaccio","23488",676760
"Joey Lucchesi","SFG",0.741585,0.8249,-0.143181,4.47586,13.07,1.024,0,0.6312,,17.3732,75.3101,16.9489,9.28,8.64,1.95057,7.08101,0.394877,0.681077,13.4489,6.96705,3.66824,1.89929,1.01047,0.17858,0.0940247,0.08455532044172287,0.250917,1.38316,0.287608,0.692513,,,4.41818,0.0594436,0.0349059,999,,,,,,,63.000000000000014,3.7058823529411775,65,3.823529411764706,,,,,,,,,,,,,,,,,,,"Joey Lucchesi","19320",664192
"Justin Lawrence","PIT",1.68885,1.51404,0,4.76975,53.316,0,1,7.962,,66.645,297.743,67.8375,37.78,35.32,6.11891,31.6856,1.36007,5.1922,56.1262,7.57949,4.27894,1.77135,0.826321,0.188505,0.106419,0.08208627253770828,0.260048,1.49333,0.310737,0.678819,,,4.33576,0.0590841,-0.318046,999,,,,,,,283.19999999999993,4.22686567164179,295,4.402985074626866,,,,,,,,,,,,,,,,,,,"Justin Lawrence","17639",664875
"Giovanny Gallegos","LAD",1.33074,0.753324,0,4.45889,27.806,0,1,0.7135,,34.7575,147.056,32.622,18.54,17.22,5.69654,10.4084,0.521242,1.45211,31.7519,8.22174,2.69512,3.0506,1.47504,0.215917,0.0707787,0.1451386734843254,0.241296,1.23802,0.275461,0.698624,,,4.49376,0.0582018,-0.079312,999,,,,,,,139.39999999999998,3.982857142857142,137,3.914285714285714,,,,,,,,,,,,,,,,,,,"Giovanny Gallegos","14986",606149
"Kelvin Cáceres","LAA",0.427029,0.339794,0,3.87815,9.487,0,0,0,,11.8588,51.1771,9.00404,5.45,5.11,1.26778,6.65158,0.621147,0.838755,13.6512,10.3604,5.04811,2.05233,0.962157,0.266745,0.129972,0.13677333295345306,0.206104,1.32017,0.268921,0.735236,,,4.14884,0.0580403,0.129719,999,,,,,,,57.100000000000016,4.758333333333335,51,4.25,,,,,,,,,,,,,,,,,,,"Kelvin Caceres","24681",680983
"Trevor Gott","SEA",0.421252,0.374234,0,4.34127,11.51,0,0,0.6186,,14.3875,61.2015,13.3689,7.44,6.94,1.9039,4.71152,0.310484,0.819929,13.2641,8.29727,2.94726,2.81525,1.19097,0.216728,0.0769838,0.13974472135305405,0.240145,1.25668,0.283072,0.690266,,,4.19632,0.0580383,0.0299265,999,,,,,,,57.20000000000003,4.085714285714288,56,4,,,,,,,,,,,,,,,,,,,"Trevor Gott","15046",641627
"Josiah Gray","WSN",0.41823,0.825243,0.0101491,4.80808,4.074,1.658,0,0.614,,10.0144,43.3218,9.12397,5.73,5.35,1.62341,4.27124,0.162626,0.510626,8.64786,7.77188,3.83859,2.02467,1.45897,0.199619,0.0985932,0.10102580487728119,0.23674,1.33759,0.265331,0.689167,,,4.97929,0.056984,0.0035894,999,,,,,,,33,3.3,31,3.1,,,,,,,,,,,,,,,,,,,"Josiah Gray","24580",680686
"Bailey Horn","DET",0.699905,0.529973,0,4.17074,16.797,0,0,0.5801,,20.9963,90.8855,18.458,10.47,9.73,2.35879,9.72165,0.78884,0.999258,19.9551,8.55369,4.16717,2.05264,1.01109,0.219563,0.106966,0.11259666830301285,0.230252,1.34213,0.278289,0.711879,,,4.25796,0.0564184,0.0965977,999,,,,,,,95.00000000000001,4.523809523809525,90,4.285714285714286,,,,,,,,,,,,,,,,,,,"Bailey Horn","27753",690544
"Jared Shuster","CHW",1.99443,2.49291,0.801554,4.60944,37.602,2.652,0,0.5963,,56.5253,245.467,55.2819,31.17,28.95,7.95908,22.4622,1.13954,1.82872,41.9808,6.68421,3.57645,1.86895,1.26725,0.171024,0.0915083,0.07951615005731583,0.249945,1.37539,0.27636,0.699296,,,4.80078,0.0552995,0.0362574,999,,,,,,,196.39999999999998,3.445614035087719,197,3.456140350877193,,,,,,,,,,,,,,,,,,,"Jared Shuster","27472",694363
"Darren McCaughan","MIN",0.713317,1.18835,0.617487,5.43421,4.202,2.519,0,0,,16.2305,71.2545,17.7694,10.48,9.8,2.9885,4.94963,0.186408,0.856531,11.9281,6.61426,2.74463,2.40989,1.65716,0.167401,0.0694641,0.09793693572282791,0.271502,1.39977,0.292506,0.660314,,,5.16351,0.0529289,-0.014042,999,,,,,,,40.7,2.54375,47,2.9375,,,,,,,,,,,,,,,,,,,"Darren McCaughan","20038",670766
"Anthony Veneziano","MIA",1.39999,1.40836,0,4.42068,44.024,0,0,9.0835,,55.03,240.873,52.5768,29.08,27.03,6.49651,23.9016,1.62911,2.87906,50.7197,8.29506,3.90905,2.12202,1.06249,0.210566,0.0992293,0.11133693158626556,0.24558,1.38976,0.293737,0.703415,,,4.3178,0.0525667,-0.0367913,999,,,,,,,252.39999999999998,4.589090909090909,254,4.618181818181818,,,,,,,,,,,,,,,,,,,"Anthony Veneziano","27453",685107
"Casey Legumina","SEA",0.360066,0.29756,0,4.07858,9.621,0,0,0.6186,,12.0262,50.8555,10.8435,5.84,5.45,1.56624,3.99954,0.339355,0.575587,11.0708,8.28498,2.99311,2.76802,1.17212,0.217692,0.0786452,0.1390463262796402,0.234299,1.23422,0.275752,0.711684,,,4.15971,0.0525108,0.0256514,999,,,,,,,46.600000000000016,3.8833333333333346,45,3.75,,,,,,,,,,,,,,,,,,,"Casey Legumina","25921",668984
"Cole Sulser","TBR",0.922155,0.680977,0,4.43093,20.709,0.316,0,0.6853,,25.4912,109.361,22.9588,13.39,12.55,3.57519,10.2645,0.47903,1.25587,24.6131,8.68996,3.624,2.39789,1.26227,0.225063,0.0938589,0.13120447844266891,0.234655,1.30332,0.278291,0.702858,,,4.41445,0.0522578,0.00194349,999,,,,,,,97.00000000000001,3.880000000000001,94,3.76,,,,,,,,,,,,,,,,,,,"Cole Sulser","15256",642121
"Jake Bird","COL",1.33202,1.57786,0,4.88989,46.501,0.149,1,10.3019,,57.94,257.276,60.9948,33.84,31.48,5.65027,23.9725,1.26799,4.26097,47.0148,7.30295,3.72372,1.96119,0.877675,0.18274,0.0931781,0.08956227451562881,0.266303,1.46647,0.313784,0.6635,,,4.27322,0.0522348,-0.387703,999,,,,,,,251.80000000000004,4.341379310344828,267,4.603448275862069,,,,,,,,,,,,,,,,,,,"Jake Bird","21267",656234
"Cam Schlittler","NYY",0.348484,0.423041,0.381436,4.67089,1.184,1.184,0,0,,5.9539,25.6423,5.88428,3.31,3.09,0.881888,2.10984,0.0148901,0.301727,4.87859,7.37454,3.18926,2.3123,1.33307,0.190255,0.0822795,0.1079755574464798,0.253297,1.34267,0.286337,0.692971,,,4.66837,0.0519829,0.0728314,999,,,,,,,20.500000000000007,3.416666666666668,21,3.5,,,,,,,,,,,,,,,,,,,"Cam Schlittler","sa3021981",693645
"Connor Seabold","TBR",0.531437,0.610615,0.124432,4.91621,8.4,0.82,0,0,,12.7049,54.9439,12.9008,7.43,6.94,2.10279,3.82084,0.284764,0.725282,10.4977,7.43643,2.70664,2.74748,1.48959,0.191062,0.0695408,0.12152095139026642,0.255979,1.31616,0.285682,0.674395,,,4.73904,0.0517944,0.0306307,999,,,,,,,42.8,3.292307692307692,44,3.3846153846153846,,,,,,,,,,,,,,,,,,,"Connor Seabold","19695",657756
"Dylan Coleman","BAL",0.593593,0.439686,0,4.18036,14.416,0,0,0.6344,,18.02,78.5079,14.8291,8.92,8.37,1.93804,9.68426,0.523277,1.42359,18.6236,9.30148,4.83676,1.92308,0.967945,0.23722,0.123354,0.11386596411466599,0.220016,1.36034,0.275224,0.715288,,,4.34688,0.0504937,0.0384773,999,,,,,,,78.60000000000002,4.366666666666668,73,4.055555555555555,,,,,,,,,,,,,,,,,,,"Dylan Coleman","22276",669395
"Miguel Castro","HOU",1.02665,0.796196,0,4.43919,27.232,0,1,0.6475,,34.04,145.791,30.149,17.93,16.79,4.07115,13.9864,0.612032,2.32621,30.1681,7.97628,3.69793,2.15696,1.07639,0.206926,0.0959343,0.1109921783208847,0.232849,1.29658,0.273814,0.681797,,,4.38642,0.0497891,-0.0302037,999,,,,,,,145.40000000000003,4.276470588235295,139,4.088235294117647,,,,,,,,,,,,,,,,,,,"Miguel Castro","15684",612434
"Grant Hartwig","NYM",0.35757,0.225449,0,4.11917,9.264,0,0,0,,11.58,49.8512,10.4831,5.69,5.3,1.19311,4.73854,0.3599,0.784045,10.351,8.04482,3.6828,2.18443,0.927289,0.207638,0.0950537,0.11258428543806076,0.236486,1.31447,0.283365,0.703375,,,4.14888,0.0494277,0.0256517,999,,,,,,,52.500000000000014,4.375000000000001,49,4.083333333333333,,,,,,,,,,,,,,,,,,,"Grant Hartwig","29946",701643
"Jordan Leasure","CHW",1.73039,1.64189,0,4.32044,45.862,0,3,0.5605,,57.3275,246.401,51.0324,29.64,27.52,8.65004,23.6326,1.90864,3.07543,54.8427,8.6099,3.71014,2.32064,1.35799,0.222575,0.0959109,0.12666372954845428,0.232289,1.30243,0.271333,0.719767,,,4.61237,0.0489636,-0.0325352,741.2899780273438,,,,,,,226.49999999999997,3.9736842105263155,216,3.789473684210526,,,,,,,,,,,,,,,,,,,"Jordan Leasure","29950",673929
"Janson Junk","MIA",0.543546,0.779782,-0.000809967,4.79396,14.424,0.663,0,0.5898,,19.2242,84.0158,20.0635,11.03,10.24,2.77496,6.62384,0.523559,0.851143,14.8778,6.9652,3.10101,2.2461,1.29913,0.177084,0.0788404,0.09824314713478088,0.262128,1.38821,0.293583,0.686653,,,4.66167,0.0487238,-0.0600891,999,,,,,,,61.69999999999999,3.247368421052631,66,3.473684210526316,,,,,,,,,,,,,,,,,,,"Janson Junk","23301",676083
"Adam Oller","MIA",1.27964,2.45846,1.39444,5.43597,11.066,4.578,0,0,,35.0002,156.728,37.1167,22.68,21.14,6.02731,15.5057,0.462531,1.90799,28.1479,7.23799,3.98715,1.81533,1.54987,0.179596,0.0989332,0.08066325634717941,0.266423,1.50349,0.295696,0.677672,,,5.28933,0.047443,-0.188445,999,,,,,,,90.99999999999999,2.5999999999999996,99,2.8285714285714287,,,,,,,,,,,,,,,,,,,"Adam Oller","20132",670124
"Carson Fulmer","PIT",0.524719,1.12852,-0.644608,5.05486,13.898,1.883,0,0,,25.977,116.144,25.7514,15.61,14.59,3.22415,12.8158,0.893658,1.7209,22.6122,7.83424,4.44018,1.7644,1.11704,0.194691,0.110344,0.08434681594371796,0.25344,1.48467,0.297306,0.674153,,,4.71784,0.0447322,-0.13058,999,,,,,,,88.9,3.4192307692307695,92,3.5384615384615383,,,,,,,,,,,,,,,,,,,"Carson Fulmer","18311",608334
"Connor Brogdon","LAA",0.761356,0.676422,0,4.40994,17.454,0.066,0,0.6282,,21.735,92.3072,19.4368,11.38,10.65,3.39257,7.68351,0.509457,1.08317,21.3017,8.82058,3.18158,2.77239,1.40479,0.23077,0.0832385,0.147531159222126,0.232663,1.24777,0.272646,0.703612,,,4.44553,0.044675,0.0470279,999,,,,,,,95.5,4.340909090909091,90,4.090909090909091,,,,,,,,,,,,,,,,,,,"Connor Brogdon","21205",641401
"Huascar Ynoa","MIN",0.506346,0.414373,0,4.51197,12.032,0,0,0.6191,,15.04,65.306,14.4776,8.1,7.54,1.83772,5.9477,0.406339,0.819386,14.3836,8.6072,3.55913,2.41834,1.0997,0.220249,0.0910743,0.1291745901107788,0.247316,1.35807,0.298691,0.690397,,,4.19204,0.0435968,-0.0193591,999,,,,,,,61.00000000000001,4.066666666666667,60,4,,,,,,,,,,,,,,,,,,,"Huascar Ynoa","20468",660623
"Connor Gillispie","MIA",0.802533,0.785222,0,4.2497,24.109,0,0,0.5898,,30.1362,129.39,25.7798,15.31,14.23,4.43061,12.9326,0.889626,1.82902,29.0905,8.68769,3.86224,2.24939,1.32317,0.224827,0.0999503,0.1248769760131836,0.224898,1.28458,0.263221,0.719862,,,4.61662,0.0435374,0.0641287,999,,,,,,,122.20000000000002,4.073333333333334,115,3.8333333333333335,,,,,,,,,,,,,,,,,,,"Connor Gillispie","26171",687362
"Scott Blewett","MIN",0.898057,0.811657,0,4.93853,21.898,0,0,0.6191,,27.3725,120.678,27.6036,16.12,15.02,3.72889,11.1155,0.882156,1.4324,24.9426,8.20105,3.65473,2.24395,1.22605,0.206688,0.0921087,0.11457899957895279,0.255282,1.41452,0.300468,0.674627,,,4.49022,0.0434566,-0.197986,999,,,,,,,95.80000000000003,3.548148148148149,101,3.740740740740741,,,,,,,,,,,,,,,,,,,"Scott Blewett","16427",656240
"Nick Nastrini","CHW",2.71585,5.63546,2.21474,5.34796,16.796,11.454,0,0.5963,,63.5625,283.416,62.4538,40.5,37.77,11.3728,31.8869,0.544452,3.33088,53.9317,7.63635,4.51496,1.69134,1.61031,0.190292,0.112509,0.077782541513443,0.251629,1.48422,0.279294,0.68658,,,5.45771,0.0431141,-0.0810042,999,,,,,,,184.10000000000002,2.8765625000000004,184,2.875,,,,,,,,,,,,,,,,,,,"Nick Nastrini","29833",680897
"Blake Weiman","HOU",0.319758,0.229329,0,4.11404,8.348,0,0,0,,10.435,43.4389,9.55225,5.13,4.77,1.58659,2.65015,0.237532,0.402251,9.76104,8.41872,2.2857,3.68321,1.36841,0.224707,0.0610086,0.16369858756661415,0.236521,1.16937,0.27431,0.708574,,,4.14979,0.0423872,0.0213762,999,,,,,,,34.4,3.44,35,3.5,,,,,,,,,,,,,,,,,,,"Blake Weiman","sa3004211",676620
"Shintaro Fujinami","SEA",0.706171,0.625325,0,4.34169,19.178,0.19,0,0.6186,,23.735,104.282,19.4965,12.19,11.45,2.68148,13.7579,0.547973,1.70329,25.6554,9.72818,5.21681,1.86478,1.01678,0.246019,0.131929,0.11408941447734833,0.219503,1.40107,0.278007,0.71404,,,4.42757,0.0406879,0.051303,999,,,,,,,99.30000000000001,4.1375,89,3.7083333333333335,,,,,,,,,,,,,,,,,,,"Shintaro Fujinami","31839",660261
"Taylor Clarke","KCR",0.427042,0.333272,0,4.62684,10.449,0.054,0,0.6444,,12.9937,55.8544,13.0503,7.17,6.68,1.90693,3.84602,0.235123,0.607258,11.1513,7.72385,2.66391,2.89944,1.32082,0.19965,0.068858,0.1307915300130844,0.253892,1.30034,0.290625,0.683671,,,4.3861,0.0405076,-0.0235992,999,,,,,,,48.8,3.753846153846154,50,3.8461538461538463,,,,,,,,,,,,,,,,,,,"Taylor Clarke","17611",664199
"John Curtiss","ARI",0.667339,0.547557,0,4.71012,16.537,0.196,0,0.6241,,20.4263,87.6975,20.6502,11.46,10.69,2.95278,5.8588,0.598761,0.906741,16.3789,7.2167,2.58144,2.79561,1.30102,0.186766,0.0668069,0.11995910108089447,0.255156,1.29779,0.287295,0.672578,,,4.43568,0.0400372,-0.0599646,999,,,,,,,71.5,3.575,76,3.8,,,,,,,,,,,,,,,,,,,"John Curtiss","16128",595928
"Amir Garrett","TOR",0.521687,0.426029,0,4.20877,13.412,0,0,0,,16.765,72.7332,13.1907,8.38,7.84,2.04506,9.63014,0.382823,0.943465,19.4584,10.4459,5.16977,2.02058,1.09786,0.267531,0.132404,0.13512784242630005,0.212207,1.36122,0.274144,0.723571,,,4.32304,0.0386258,0.0880809,999,,,,,,,72.40000000000002,4.258823529411766,64,3.764705882352941,,,,,,,,,,,,,,,,,,,"Amir Garrett","14375",607237
"Vince Velasquez","CLE",0.473383,0.607463,-0.162725,4.84063,12.508,0.502,0,0.6686,,15.6178,67.8468,14.6376,9,8.4,2.52917,6.30509,0.338691,0.902392,15.0397,8.66689,3.6334,2.38533,1.45748,0.221672,0.0929313,0.12874091416597366,0.241388,1.34095,0.28113,0.686288,,,4.73022,0.0384434,-0.0213086,999,,,,,,,55.5,3.46875,54,3.375,,,,,,,,,,,,,,,,,,,"Vince Velasquez","11189",592826
"Jose E. Hernandez","LAD",0.381467,0.202948,0,4.1577,7.914,0,0,0.7135,,9.8925,42.2967,8.79496,4.93,4.57,1.2587,4.05096,0.295743,0.41135,9.90244,9.00904,3.68548,2.44447,1.14514,0.234118,0.0957748,0.13834336400032043,0.232459,1.29855,0.282539,0.714193,,,4.17181,0.0381676,0.0213762,999,,,,,,,50.300000000000004,5.03,49,4.9,,,,,,,,,,,,,,,,,,,"Jose E. Hernandez","22318",669796
"Wikelman Gonzalez","CHW",0.286107,0.512307,0.335247,4.77985,1.239,1.239,0,0,,5.837,25.6272,5.65188,3.33,3.1,0.851038,2.64234,0.0140816,0.333877,4.78404,7.37645,4.07419,1.81053,1.3122,0.186678,0.103107,0.08357135206460953,0.24952,1.42097,0.282138,0.698913,,,4.95234,0.0380328,0.0728314,999,,,,,,,17.500000000000007,2.916666666666668,18,3,,,,,,,,,,,,,,,,,,,"Wikelman Gonzalez","sa3008687",682790
"Jack O'Loughlin","COL",0.188338,0.234388,-0.0156396,4.51666,6.147,0.093,0,0.5596,,7.7513,34.0544,7.90707,4.18,3.89,0.710788,3.12997,0.200992,0.376645,6.75164,7.8393,3.63419,2.15709,0.825293,0.19826,0.0919108,0.10634933412075043,0.258842,1.4239,0.311724,0.68284,,,3.97368,0.0372168,0.0171011,999,,,,,,,35.10000000000001,4.387500000000001,36,4.5,,,,,,,,,,,,,,,,,,,"Jack O'Loughlin","22690",672552
"Mick Abel","PHI",0.559931,0.420893,0,4.36946,14.995,0,0,0,,18.7437,82.0211,16.1581,9.73,9.1,2.24644,9.73227,0.527073,1.221,19.1835,9.21115,4.67305,1.97112,1.07865,0.233885,0.118656,0.11522909998893738,0.227362,1.38128,0.280263,0.710491,,,4.43072,0.0370689,-0.010841,999,,,,,,,79.4,4.178947368421053,74,3.8947368421052633,,,,,,,,,,,,,,,,,,,"Mick Abel","sa3014534",690953
"Kyle Tyler","PHI",0.650404,0.737341,-0.0293573,4.66709,13.895,0.919,0,0.5949,,18.8597,82.8248,18.6078,10.48,9.78,2.36902,8.23999,0.412684,0.947476,15.7977,7.53881,3.93219,1.9172,1.13052,0.190737,0.099487,0.09124978631734848,0.252695,1.42355,0.292745,0.695579,,,4.5856,0.0369658,0.0419502,999,,,,,,,75.6,3.978947368421052,78,4.105263157894737,,,,,,,,,,,,,,,,,,,"Kyle Tyler","22092",667725
"Brad Keller","CHC",0.43793,0.44217,0.0213705,4.40682,8.304,0.54,0,0.6254,,11.4981,50.4143,11.1586,6.04,5.63,1.12136,5.34474,0.218505,0.600841,8.5787,6.71487,4.18353,1.60507,0.877732,0.170164,0.106016,0.06414752453565598,0.250931,1.43531,0.288686,0.700665,,,4.4934,0.0365743,0.0180115,750.1900024414062,,,,,,,44.50000000000001,4.045454545454546,46,4.181818181818182,,,,,,,,,,,,,,,,,,,"Brad Keller","15734",641745
"Jake Diekman","ATL",1.25914,0.701369,0,4.19953,30.552,0,0,0.6159,,38.19,169.349,32.0165,19.22,17.82,4.14596,23.8939,0.699243,2.59143,43.2883,10.2015,5.63092,1.81169,0.977052,0.255616,0.141093,0.11452315747737885,0.224105,1.46401,0.292054,0.732255,,,4.39132,0.0364865,0.0812295,999,,,,,,,157.8,4.152631578947369,147,3.8684210526315788,,,,,,,,,,,,,,,,,,,"Jake Diekman","5003",518617
"Randy Dobnak","MIN",0.397138,0.348553,0.0499572,4.48106,8.596,0.136,0,0.6191,,11.2875,49.4393,11.3973,6.03,5.62,1.09485,4.59335,0.263843,0.673896,9.34196,7.44874,3.66247,2.0338,0.872969,0.188958,0.0929087,0.0960492417216301,0.25802,1.41667,0.305391,0.688943,,,4.17209,0.0359536,-0.0278557,999,,,,,,,44.50000000000001,4.045454545454546,46,4.181818181818182,,,,,,,,,,,,,,,,,,,"Randy Dobnak","23798",677976
"Austin Warren","NYM",0.352734,0.229627,0,4.2482,9.186,0,0,0.6629,,11.4825,49.1783,10.5108,5.81,5.42,1.34489,4.4909,0.272092,0.627555,10.2356,8.02267,3.51997,2.27919,1.05412,0.208132,0.0913187,0.11681365221738815,0.238558,1.30649,0.282209,0.700649,,,4.24357,0.0351242,-0.0278557,999,,,,,,,49.50000000000001,4.500000000000001,51,4.636363636363637,,,,,,,,,,,,,,,,,,,"Austin Warren","24937",681810
"Austin Davis","SDP",0.327021,0.265297,0,4.3288,8.94,0.108,0,0,,11.04,48.3208,9.51974,5.68,5.31,1.28161,5.6971,0.365715,0.732028,11.7249,9.55838,4.64437,2.05805,1.04479,0.242648,0.117902,0.1247464269399643,0.227247,1.37834,0.285204,0.710507,,,4.29858,0.0346347,-0.0278557,999,,,,,,,46.10000000000001,4.190909090909091,45,4.090909090909091,,,,,,,,,,,,,,,,,,,"Austin Davis","17117",656354
"Nick Anderson","STL",0.900825,0.886314,0,4.77038,23.983,0,1,0.6347,,29.9788,129.529,29.9622,17.03,15.89,4.57993,9.82456,0.560269,1.34913,25.9788,7.79917,2.94946,2.64427,1.37495,0.200563,0.0758481,0.12471518665552139,0.253154,1.32717,0.289102,0.681853,,,4.53753,0.0345664,-0.140906,750.3099975585938,,,,,,,110.5,3.683333333333333,113,3.7666666666666666,,,,,,,,,,,,,,,,,,,"Nick Anderson","18337",623433
"Erik Swanson","TOR",1.93909,1.73044,0,4.60056,50.926,0,3,0.6566,,63.6575,270.191,59.2134,34.89,32.54,11.0536,20.4312,1.13859,2.81241,60.9051,8.61086,2.88859,2.98099,1.56278,0.225415,0.0756174,0.14979733526706696,0.239781,1.25114,0.275216,0.697443,,,4.60571,0.0341759,-0.171324,999,,,,,,,256.9,4.0140625,249,3.890625,,,,,,,,,,,,,,,,,,,"Erik Swanson","16587",657024
"Brent Suter","CIN",2.10808,1.74674,0,4.47996,51.448,0.485,0,6.9838,,63.7038,272.895,62.7841,33.97,31.71,8.93748,21.0001,0.943267,2.73602,50.8514,7.18424,2.96687,2.42149,1.26268,0.186341,0.076953,0.10938796401023865,0.251985,1.31522,0.284347,0.698933,,,4.51165,0.0335431,-0.068924,999,,,,,,,257.1,4.0171875,261,4.078125,,,,,,,,,,,,,,,,,,,"Brent Suter","13942",608718
"Joe La Sorsa","CIN",0.48101,0.367723,0,4.18109,11.486,0,0,0,,14.3575,60.5757,13.9514,7.16,6.67,1.88551,3.82214,0.539355,0.63387,10.9795,6.8825,2.39591,2.87261,1.18193,0.181253,0.0630968,0.11815575510263443,0.248601,1.23793,0.27895,0.701313,,,4.27535,0.0334316,0.0299268,999,,,,,,,49.6,3.542857142857143,51,3.642857142857143,,,,,,,,,,,,,,,,,,,"Joe La Sorsa","25481",686747
"Luis Patiño","SDP",0.381243,0.448849,-0.215746,4.29178,10.222,0.419,0,0.6072,,12.2886,52.8708,10.8327,6.27,5.86,1.516,5.22775,0.34551,0.616495,10.2422,7.50121,3.82873,1.95919,1.1103,0.193721,0.0988779,0.09484262764453888,0.230354,1.30694,0.264167,0.702427,,,4.53005,0.0321725,0.0256514,999,,,,,,,41.600000000000016,3.466666666666668,40,3.3333333333333335,,,,,,,,,,,,,,,,,,,"Luis Patino","22815",672715
"Ben Heller","CHC",0.235073,0.163912,0,4.11536,5.721,0,0,0,,7.15125,30.6742,6.13287,3.51,3.27,0.898564,3.03353,0.198483,0.526176,7.9509,10.0064,3.81777,2.621,1.13086,0.259205,0.0988954,0.16030967980623245,0.226185,1.28179,0.286576,0.715239,,,4.06963,0.0318387,-0.0362987,999,,,,,,,27.900000000000013,3.9857142857142875,26,3.7142857142857144,,,,,,,,,,,,,,,,,,,"Ben Heller","15100",621294
"Mike Baumann",,0.689211,0.706029,0,4.42164,21.633,0.269,0,0,,26.705,117.155,25.2143,14.14,13.12,3.09699,12.5218,0.635984,1.45253,24.5007,8.25712,4.22003,1.95665,1.04373,0.209131,0.106882,0.10224878787994385,0.24437,1.41307,0.292622,0.706463,,,4.40903,0.0316399,0.00621606,999,,,,,,,105.9,3.9222222222222225,104,3.8518518518518516,,,,,,,,,,,,,,,,,,,"Mike Baumann","20206",657508
"JT Chargois","TEX",0.891943,0.551031,0,4.32089,21.286,0.207,0,0.6243,,26.3487,112.332,23.7509,13.55,12.65,3.3698,9.75348,0.554044,1.61464,23.1229,7.89814,3.33152,2.37073,1.15103,0.205844,0.0868272,0.11901713162660599,0.235241,1.27157,0.273678,0.693181,,,4.36828,0.0312757,-0.0472225,999,,,,,,,107.1,4.119230769230769,105,4.038461538461538,,,,,,,,,,,,,,,,,,,"JT Chargois","13767",608638
"Ray Kerr","ATL",0.341056,0.213347,0.136358,4.34059,6.136,0.224,0,0,,8.8951,38.9656,8.27892,4.63,4.29,1.07937,4.14288,0.232655,0.466303,9.93073,10.0478,4.19174,2.39706,1.0921,0.254859,0.106321,0.148537278175354,0.240972,1.39648,0.30838,0.714144,,,4.06562,0.0312415,-0.0320097,999,,,,,,,41.500000000000014,4.6111111111111125,40,4.444444444444445,,,,,,,,,,,,,,,,,,,"Ray Kerr","23809",678061
"Nick Nelson",,0.32795,0.268239,0,4.65102,9.118,0,0,0,,11.3975,50.4373,11.0305,6.31,5.89,1.13097,5.40358,0.223011,0.82868,9.90314,7.81998,4.26692,1.8327,0.893068,0.196346,0.107135,0.0892108753323555,0.24953,1.4419,0.298439,0.681723,,,4.35912,0.0301197,-0.0278557,999,,,,,,,42.50000000000001,3.863636363636364,44,4,,,,,,,,,,,,,,,,,,,"Nick Nelson","20153",656793
"T.J. McFarland","ATH",2.30878,2.0321,0,4.35978,57.768,0,0,12.4683,,72.21,311.629,72.799,37.63,34.98,7.77761,25.0154,2.34566,3.90229,52.5453,6.54907,3.11784,2.10052,0.969374,0.168615,0.0802731,0.08834188431501389,0.257503,1.35458,0.292378,0.692366,,,4.31274,0.0301139,-0.0519006,999,,,,,,,311.6000000000001,4.327777777777779,323,4.486111111111111,,,,,,,,,,,,,,,,,,,"T.J. McFarland","3237",519008
"José Ruiz","PHI",1.87597,1.51642,0,4.66982,51.62,0,0,12.0713,,64.525,280.097,61.4527,35.98,33.48,9.36049,26.064,1.18668,3.41009,61.4002,8.56415,3.63543,2.35574,1.30561,0.219211,0.0930537,0.1261569932103157,0.2452,1.35632,0.289624,0.692586,,,4.51957,0.0300465,-0.220308,999,,,,,,,294.70000000000005,4.533846153846155,291,4.476923076923077,,,,,,,,,,,,,,,,,,,"Jose Ruiz","14552",614179
"Jordan Balazovic","DET",0.207703,0.164715,0,4.25799,5.095,0.056,0,0.5801,,6.29875,27.24,5.8232,3.2,2.98,0.704553,2.61699,0.148158,0.340271,6.10362,8.72118,3.7393,2.33231,1.0067,0.224068,0.0960715,0.1279967725276947,0.239808,1.33998,0.29292,0.703021,,,4.09106,0.02929,0.0128257,999,,,,,,,23.500000000000007,3.916666666666668,24,4,,,,,,,,,,,,,,,,,,,"Jordan Balazovic","21866",666364
"Wade Miley","CIN",1.3131,1.94675,1.48796,5.34178,4.559,4.469,0,0,,22.6947,100.29,24.8968,14.42,13.47,3.69342,8.57937,0.0661375,0.947935,13.4126,5.31902,3.40231,1.56336,1.46469,0.133738,0.0855453,0.04819262772798538,0.274306,1.47507,0.287867,0.673235,,,5.35955,0.0285007,0.0205251,999,,,,,,,52.000000000000014,2.260869565217392,59,2.5652173913043477,,,,,,,,,,,,,,,,,,,"Wade Miley","8779",489119
"Penn Murfee","CHW",0.645205,0.616661,0,4.38114,17.453,0,0,10.4373,,21.8162,94.046,20.4919,11.46,10.62,3.11645,8.11878,0.53332,1.28833,20.6631,8.52428,3.34929,2.5451,1.28565,0.219712,0.0863277,0.13338467478752136,0.242109,1.31144,0.285501,0.707313,,,4.42284,0.0284692,0.0470279,748.5999755859375,,,,,,,128.9,5.859090909090909,126,5.7272727272727275,,,,,,,,,,,,,,,,,,,"Penn Murfee","25174",682171
"Jake Woodford","COL",0.443941,0.784887,0.0191763,5.25829,11.189,0.917,0,0.5596,,15.6781,69.6736,17.4266,9.83,9.16,2.09579,5.46177,0.323794,0.9139,11.4931,6.59758,3.13533,2.10427,1.20309,0.164956,0.0783909,0.08656495809555054,0.275311,1.4599,0.308412,0.654416,,,4.65813,0.0282484,-0.115925,999,,,,,,,57.60000000000001,3.6000000000000005,62,3.875,,,,,,,,,,,,,,,,,,,"Jake Woodford","18674",663765
"Yerry Rodríguez",,0.216037,0.179305,0,4.46027,6.57,0,0,0,,8.2125,35.9086,7.77891,4.36,4.07,0.916345,3.58028,0.217222,0.486884,7.6179,8.34839,3.9236,2.12774,1.00421,0.212147,0.0997055,0.11244169622659683,0.244302,1.38316,0.29444,0.694619,,,4.24754,0.0275834,0.0171008,999,,,,,,,30.100000000000005,3.7625000000000006,31,3.875,,,,,,,,,,,,,,,,,,,"Yerry Rodriguez","21955",666720
"Noah Davis","BOS",0.286151,0.317244,0.327458,5.22181,2.172,0.628,0,0,,6.9114,30.6648,7.081,4.29,4.01,1.06133,2.92636,0.0877925,0.511493,5.49615,7.15706,3.8107,1.87815,1.38206,0.179233,0.0954308,0.08380255848169327,0.260074,1.44795,0.291236,0.670934,,,5.06458,0.026658,0.0227772,999,,,,,,,19.3,2.757142857142857,20,2.857142857142857,,,,,,,,,,,,,,,,,,,"Noah Davis","25862",663562
"Ryan Miller","DET",0.647895,0.537847,0,4.54904,15.875,0,0,0,,19.8438,84.9007,18.725,10.78,10.03,3.03695,6.51964,0.448471,1.12569,18.0734,8.19708,2.95694,2.77215,1.37739,0.212877,0.0767913,0.1360859051346779,0.242378,1.27217,0.279421,0.689025,,,4.4903,0.0259803,-0.0599294,999,,,,,,,73.69999999999999,3.6849999999999996,73,3.65,,,,,,,,,,,,,,,,,,,"Ryan Miller","22187",668943
"Nick Vespi","PHI",0.293329,0.217377,0,4.34615,7.985,0,0,0,,9.98125,43.1336,9.6311,5.19,4.82,1.15753,3.81013,0.282416,0.446578,8.92731,8.04968,3.43556,2.34305,1.04374,0.206969,0.0883334,0.11863579601049423,0.247734,1.34665,0.294303,0.698033,,,4.1647,0.0259564,0.0213762,999,,,,,,,41.7,4.17,43,4.3,,,,,,,,,,,,,,,,,,,"Nick Vespi","21093",663989
"Brandon Bielak","ARI",0.335463,0.511983,-0.0925023,5.27618,6.403,0.772,0,0,,13.0151,58.1073,14.1655,8.15,7.63,1.59059,5.3084,0.282707,0.786464,9.11484,6.30296,3.67078,1.71706,1.0999,0.156862,0.0913552,0.06550706923007965,0.272348,1.49625,0.304425,0.656569,,,4.75944,0.0257799,-0.0589312,999,,,,,,,35.199999999999996,2.7076923076923074,39,3,,,,,,,,,,,,,,,,,,,"Brandon Bielak","19866",656232
"Jake Eder","CHW",0.38016,0.357108,0,4.26274,10.281,0.096,0,0.5963,,12.7312,55.668,11.5829,6.47,6.03,1.39385,6.17144,0.349076,0.731421,12.2983,8.69395,4.36273,1.99278,0.985345,0.220922,0.110861,0.11006103456020355,0.237524,1.39455,0.290509,0.714065,,,4.28436,0.0251969,0.079577,999,,,,,,,59.7,4.592307692307693,59,4.538461538461538,,,,,,,,,,,,,,,,,,,"Jake Eder","27590",671109
"Colten Brewer","NYY",0.713827,0.515877,0,4.56861,19.085,0,0,0.6608,,23.8563,103.787,22.5794,12.98,12.11,3.00985,10.0056,0.478056,1.45891,21.9842,8.29374,3.7747,2.19719,1.1355,0.21182,0.096405,0.11541540920734406,0.244571,1.36589,0.290658,0.691017,,,4.40528,0.0247694,-0.0514559,999,,,,,,,95.90000000000002,3.995833333333334,96,4,,,,,,,,,,,,,,,,,,,"Colten Brewer","12997",605155
"Chris Murphy","BOS",0.174729,0.104575,0,4.08257,4.021,0,0,0.642,,5.02625,21.5968,4.49466,2.45,2.28,0.540428,2.10431,0.141722,0.252347,4.89474,8.76452,3.76798,2.32606,0.96769,0.226642,0.0974364,0.12920605391263962,0.233609,1.3129,0.286436,0.710152,,,4.02319,0.0245496,0.0627816,999,,,,,,,22.300000000000004,4.460000000000001,20,4,,,,,,,,,,,,,,,,,,,"Chris Murphy","26214",669684
"Kirby Snead",,0.250623,0.213877,0,4.20691,6.863,0,0,0,,8.57875,37.1448,8.11255,4.32,4.01,0.785063,3.6004,0.269466,0.44634,7.0838,7.43165,3.7772,1.9675,0.823613,0.190708,0.0969289,0.09377896040678024,0.245106,1.36534,0.290437,0.696537,,,4.11982,0.0241283,0.0711134,999,,,,,,,35.500000000000014,3.944444444444446,34,3.7777777777777777,,,,,,,,,,,,,,,,,,,"Kirby Snead","19179",669912
"Lucas Sims","WSN",2.12883,1.8774,0,4.55069,52.291,0,1,10.7461,,65.3637,284.32,53.3623,35.32,33.05,9.43081,33.7517,1.40629,4.88163,70.0735,9.64848,4.6473,2.07615,1.29854,0.24646,0.11871,0.1277494579553604,0.217196,1.33276,0.264357,0.700763,,,4.67119,0.0239676,-0.118045,743.3800048828125,,,,,,,304.5,4.684615384615385,280,4.3076923076923075,,,,,,,,,,,,,,,,,,,"Lucas Sims","13470",608371
"Joe Jacques","LAD",0.429016,0.233895,0,4.15647,9.026,0.053,0,0.7135,,11.2163,48.8257,10.7774,5.59,5.18,1.01895,4.78655,0.291695,0.736956,9.08632,7.29092,3.84076,1.8983,0.817616,0.186097,0.0980334,0.08806372433900833,0.248887,1.38762,0.293955,0.705499,,,4.20464,0.0239498,-0.0278557,999,,,,,,,44.50000000000001,4.045454545454546,46,4.181818181818182,,,,,,,,,,,,,,,,,,,"Joe Jacques","25178",682175
"Matt Festa","TEX",0.378424,0.246123,0,4.45892,9.091,0,0,0.6243,,11.3638,48.6538,9.84325,6.02,5.63,1.7524,4.62783,0.26106,0.708133,11.95,9.46428,3.6652,2.5822,1.38789,0.245613,0.0951176,0.1504949852824211,0.227233,1.27344,0.273197,0.703219,,,4.47672,0.0239303,-0.0278557,999,,,,,,,40.80000000000001,3.7090909090909103,39,3.5454545454545454,,,,,,,,,,,,,,,,,,,"Matt Festa","19330",670036
"Kendall Graveman","ARI",1.69515,1.41882,0,4.70071,42.688,0,1,6.6153,,53.36,234.312,52.7502,29.84,27.87,6.54194,22.5405,1.11251,3.5204,48.0914,8.11137,3.80181,2.13355,1.1034,0.205245,0.0961988,0.10904651880264282,0.253301,1.411,0.300801,0.687273,,,4.42295,0.0211769,-0.245575,748.2100219726562,,,,,,,216.3,4.081132075471698,222,4.188679245283019,,,,,,,,,,,,,,,,,,,"Kendall Graveman","15514",608665
"Tejay Antone","CIN",0.330341,0.297955,0,4.75801,8.459,0,0,0.6021,,10.5737,46.6902,10.4763,5.99,5.59,1.38189,4.67396,0.269171,0.644172,10.6779,9.08869,3.97831,2.28456,1.17622,0.228698,0.100106,0.1285918578505516,0.25322,1.43281,0.310258,0.693138,,,4.35462,0.0206311,-0.0278218,999,,,,,,,51.10000000000001,4.645454545454546,50,4.545454545454546,,,,,,,,,,,,,,,,,,,"Tejay Antone","16233",622088
"Ky Bush","CHW",0.26913,0.647072,-0.0391825,4.78593,2.63,1.318,0,0,,7.7101,33.8447,7.68171,4.41,4.1,1.12102,3.33889,0.12794,0.333259,5.99238,6.99491,3.89748,1.79472,1.30856,0.177055,0.098653,0.07840195298194885,0.254592,1.42937,0.284515,0.699447,,,4.93103,0.0202531,0.0742461,999,,,,,,,29.100000000000005,3.6375000000000006,30,3.75,,,,,,,,,,,,,,,,,,,"Ky Bush","29823",681066
"Jose Cuas","PHI",0.36376,0.28627,0,4.52258,10.026,0.06,0,0.5949,,12.4575,54.5932,11.6813,6.71,6.26,1.48489,5.54891,0.302008,1.04748,12.2294,8.83519,4.00884,2.20392,1.07277,0.224009,0.101641,0.1223679706454277,0.243376,1.38312,0.297422,0.694341,,,4.3412,0.0202006,-0.0767386,999,,,,,,,52.30000000000001,4.358333333333334,54,4.5,,,,,,,,,,,,,,,,,,,"Jose Cuas","17701",621016
"Brandon Hughes","CHC",0.205862,0.142874,0,4.15676,4.93,0.184,0,0,,5.9325,25.1544,5.11253,2.94,2.74,0.851861,2.25405,0.129196,0.305225,6.01801,9.12972,3.41955,2.66986,1.29233,0.239243,0.0896085,0.14963405579328537,0.226267,1.24173,0.270944,0.716974,,,4.29855,0.0184099,0.0128257,999,,,,,,,25.10000000000001,4.1833333333333345,23,3.8333333333333335,,,,,,,,,,,,,,,,,,,"Brandon Hughes","23460",676714
"Carlos Carrasco","NYY",0.48259,0.945845,-0.319867,5.37877,7.613,1.995,0,0.6608,,15.3604,67.926,16.8511,9.85,9.18,2.60562,5.40075,0.279005,0.782861,12.5512,7.354,3.16442,2.32397,1.52669,0.184777,0.0795093,0.1052677109837532,0.272927,1.44865,0.305793,0.666624,,,4.94518,0.0170122,-0.125917,738,,,,,,,41.89999999999999,2.7933333333333326,48,3.2,,,,,,,,,,,,,,,,,,,"Carlos Carrasco","6632",471911
"Jeff Brigham","ARI",0.328439,0.294542,0,5.04333,8.423,0,0,0.6241,,10.5288,46.527,10.0528,6.32,5.9,1.68284,4.66786,0.250229,0.659217,11.6182,9.93125,3.9901,2.48897,1.4385,0.249708,0.100326,0.1493825539946556,0.244,1.39814,0.30001,0.679407,,,4.55523,0.0155201,-0.0278218,999,,,,,,,40.80000000000001,3.7090909090909103,39,3.5454545454545454,,,,,,,,,,,,,,,,,,,"Jeff Brigham","16631",656257
"Jesse Chavez","TEX",1.05337,0.681401,0,4.50141,25.697,0.089,0,0.6243,,32.01,137.531,30.0101,17.15,16.01,4.57038,11.8601,0.524142,1.55182,29.9331,8.41607,3.3346,2.52386,1.28502,0.217647,0.0862357,0.13141129910945892,0.241786,1.30804,0.283878,0.6969,,,4.40935,0.0149699,-0.0344701,999,,,,,,,119.30000000000001,3.7281250000000004,117,3.65625,,,,,,,,,,,,,,,,,,,"Jesse Chavez","5448",445926
"JT Brubaker","NYY",1.52119,1.73893,-0.00139864,5.09595,31.315,2.304,0,0.6608,,43.3933,190.95,45.3591,26.44,24.57,6.97795,15.6194,0.968095,2.85821,38.4334,7.97128,3.23954,2.46062,1.44726,0.201275,0.0817982,0.11947629600763321,0.262993,1.40525,0.302069,0.674457,,,4.76303,0.0125893,-0.25692,999,,,,,,,138.1,3.211627906976744,147,3.4186046511627906,,,,,,,,,,,,,,,,,,,"JT Brubaker","17578",664141
"Yunior Marte",,0.847734,0.693003,0,4.69044,23.44,0,0,0,,29.3,128.202,28.9959,16.36,15.27,3.56038,12.0241,0.592622,1.69474,23.9503,7.35675,3.69342,1.99185,1.09363,0.186817,0.0937904,0.09302617609500885,0.253277,1.4,0.292455,0.684327,,,4.516,0.0123201,-0.0919981,999,,,,,,,96.00000000000003,3.3103448275862077,99,3.413793103448276,,,,,,,,,,,,,,,,,,,"Yunior Marte","14416",628708
"Christian Roa","MIA",0.316848,0.315968,0,4.29046,9.75,0,0,0,,12.1875,53.745,10.3493,6.24,5.81,1.46736,6.98247,0.391486,0.832318,12.9672,9.57581,5.15628,1.85711,1.08359,0.241273,0.129918,0.11135497689247131,0.225326,1.42209,0.282005,0.726021,,,4.52734,0.0114541,0.0256514,999,,,,,,,52.500000000000014,4.375000000000001,49,4.083333333333333,,,,,,,,,,,,,,,,,,,"Christian Roa","sa3014477",685005
"Elvin Rodriguez","MIL",0.412586,0.309099,0,4.44966,9.029,0,0,0.5961,,11.2863,48.3282,9.847,5.98,5.58,1.84323,4.44271,0.344503,0.667594,11.363,9.06122,3.54275,2.55768,1.46985,0.235122,0.0919278,0.14319410920143127,0.227845,1.26612,0.266689,0.709675,,,4.63436,0.0113645,-0.0278557,999,,,,,,,41.80000000000001,3.800000000000001,40,3.6363636363636362,,,,,,,,,,,,,,,,,,,"Elvin Rodriguez","20962",660730
"Jesse Scholtens","CHW",0.228122,0.497057,0.14382,5.39544,1.617,0.998,0,0,,5.7215,25.3841,6.3809,3.7,3.43,0.985313,2.04134,0.0732864,0.274804,3.94546,6.20626,3.21105,1.93278,1.54991,0.15543,0.0804178,0.07501218467950821,0.276613,1.47203,0.297487,0.670506,,,5.24051,0.00958977,-0.0363737,999,,,,,,,18.500000000000007,3.0833333333333344,19,3.1666666666666665,,,,,,,,,,,,,,,,,,,"Jesse Scholtens","19205",669947
"Clay Helvey","WSN",0.361688,0.319018,0,4.49951,9.185,0,0,0,,11.4812,50.49,10.4357,6.17,5.74,1.35313,5.79482,0.478227,0.681381,11.7669,9.22395,4.54248,2.0306,1.0607,0.233055,0.114772,0.11828341335058212,0.2371,1.41365,0.293993,0.701759,,,4.34104,0.00941147,-0.0278557,999,,,,,,,46.10000000000001,4.190909090909091,45,4.090909090909091,,,,,,,,,,,,,,,,,,,"Clay Helvey","sa3007459",663627
"Tommy Doyle","COL",0.267311,0.314256,0,4.90874,9.226,0,0,0.5596,,11.5325,50.6081,11.8784,6.76,6.29,1.49291,4.4148,0.34231,0.556982,9.98909,7.79552,3.44532,2.26264,1.16507,0.197381,0.087235,0.11014623939990997,0.260283,1.41281,0.304075,0.671204,,,4.41036,0.00865387,-0.0766404,999,,,,,,,54.30000000000001,4.525000000000001,56,4.666666666666667,,,,,,,,,,,,,,,,,,,"Tommy Doyle","21281",656382
"Deivi García","MIL",0.713321,0.557549,0,4.60861,15.951,0,0,0,,19.9387,87.6515,17.0267,10.9,10.21,2.72601,10.6868,0.541855,1.35645,21.3558,9.63965,4.82386,1.99833,1.23047,0.243645,0.121924,0.12172044068574905,0.225196,1.38993,0.27754,0.703579,,,4.61373,0.00812303,-0.0599294,999,,,,,,,72.89999999999999,3.6449999999999996,67,3.35,,,,,,,,,,,,,,,,,,,"Deivi Garcia","20276",665620
"Josh Winder","ARI",0.545161,0.423893,0.827995,4.8913,6.888,0.442,0,0,,14.26,61.9544,14.5864,8.29,7.75,2.02231,4.82331,0.27747,0.659065,12.0422,7.60026,3.04416,2.49667,1.27635,0.194372,0.0778525,0.11651930958032608,0.258294,1.36113,0.296269,0.670731,,,4.47452,0.00806355,-0.0720623,999,,,,,,,46,3.2857142857142856,50,3.5714285714285716,,,,,,,,,,,,,,,,,,,"Josh Winder","24606",680739
"Jackson Kowar","SEA",0.702082,0.689489,0,4.74824,19.94,0,0,0.6186,,24.925,110.065,23.7907,14.09,13.15,3.24124,11.758,0.656394,1.57007,24.2731,8.76462,4.2456,2.0644,1.17036,0.220535,0.106828,0.11370741575956345,0.245933,1.42623,0.296862,0.691971,,,4.51348,0.00755221,-0.100434,999,,,,,,,95.69999999999999,3.8279999999999994,96,3.84,,,,,,,,,,,,,,,,,,,"Jackson Kowar","21549",663804
"Joel Kuhnel","PHI",0.336086,0.282787,0,4.81371,9.453,0,0,0,,11.8162,51.239,13.0064,6.78,6.32,1.48925,3.16967,0.277273,0.585043,7.74511,5.89917,2.41422,2.44351,1.13431,0.151157,0.0618605,0.08929608762264252,0.27391,1.36897,0.301104,0.666809,,,4.44728,0.00685991,-0.0766404,999,,,,,,,46.70000000000002,3.891666666666668,51,4.25,,,,,,,,,,,,,,,,,,,"Joel Kuhnel","19995",669270
"Connor Phillips","CIN",0.768313,0.677575,0,4.73845,19.242,0.446,0,0.6021,,23.495,104.578,21.1513,13.2,12.37,3.0132,13.0721,0.708449,1.5401,25.1788,9.64499,5.00741,1.92614,1.15424,0.240765,0.124998,0.1157662644982338,0.235103,1.45663,0.29362,0.700666,,,4.55617,0.00578554,-0.104667,999,,,,,,,87.70000000000002,3.8130434782608704,85,3.6956521739130435,,,,,,,,,,,,,,,,,,,"Connor Phillips","27649",683175
"Trevor Richards","CHC",0.901076,0.687059,0,4.56022,22.322,0.202,0,0.6254,,27.65,120.033,24.7769,15.02,14.01,4.12745,12.6203,0.46109,1.28552,28.7098,9.34497,4.10786,2.2749,1.34347,0.239183,0.10514,0.13404317945241928,0.233465,1.35252,0.281751,0.707718,,,4.53916,0.00510626,-0.0429615,999,,,,,,,113.00000000000006,4.035714285714287,108,3.857142857142857,,,,,,,,,,,,,,,,,,,"Trevor Richards","19309",670950
"Steven Wilson","CHW",1.23319,1.18356,0,4.39101,32.122,0,1,0.5963,,40.1525,172.273,33.5552,21.03,19.59,6.69679,17.6826,1.0008,2.42463,39.4947,8.85255,3.96347,2.23354,1.50106,0.229256,0.102643,0.12661327421665192,0.220517,1.27608,0.253442,0.721599,,,4.86975,0.00455318,-0.0174247,999,,,,,,,148.5,3.7125,136,3.4,,,,,,,,,,,,,,,,,,,"Steven Wilson","20353",621051
"Rafael Montero","HOU",1.45646,1.28248,0,4.96062,41.032,0,1,4.4894,,51.29,224.473,51.073,30.19,28.27,6.84983,20.2595,0.824495,3.18209,46.6014,8.17729,3.55499,2.30023,1.20196,0.207604,0.0902536,0.11735040694475174,0.254055,1.39077,0.299656,0.666353,,,4.45659,0.00390289,-0.351375,999,,,,,,,204.70000000000007,4.01372549019608,210,4.117647058823529,,,,,,,,,,,,,,,,,,,"Rafael Montero","12760",606160
"Kai-Wei Teng","SFG",0.448137,0.363936,0,4.68007,9.846,0,0,0,,12.3075,55.3262,11.5382,6.84,6.4,1.18507,6.9188,0.410133,1.05621,11.5184,8.42299,5.05945,1.6648,0.866594,0.208192,0.125055,0.08313684165477753,0.243673,1.49965,0.298812,0.691574,,,4.49039,0.00346,-0.0767386,999,,,,,,,45.30000000000001,3.775000000000001,47,3.9166666666666665,,,,,,,,,,,,,,,,,,,"Kai-Wei Teng","24282",678906
"Nabil Crismatt","PHI",0.196854,0.165418,0,4.86364,5.581,0,0,0,,6.97625,30.2922,7.35432,4.05,3.77,1.0259,2.11657,0.131259,0.380871,6.03276,7.78282,2.73057,2.85026,1.32351,0.199153,0.0698717,0.12928076833486557,0.264594,1.35759,0.305189,0.674691,,,4.42268,0.00199848,-0.0362987,999,,,,,,,27.3,3.9,28,4,,,,,,,,,,,,,,,,,,,"Nabil Crismatt","17732",622503
"Owen White","CHW",0.481727,0.497577,-0.00697704,4.45688,12.833,0.064,0,0.5963,,16.1144,70.1218,15.4865,8.57,7.98,2.08459,6.51589,0.405729,0.988287,13.0053,7.26357,3.63917,1.99594,1.16426,0.185468,0.0929224,0.09254525601863861,0.247318,1.36538,0.28198,0.703857,,,4.63111,0.00146084,-0.0683674,999,,,,,,,60.80000000000001,3.8000000000000007,60,3.75,,,,,,,,,,,,,,,,,,,"Owen White","22273",669391
"Chasen Shreve","ATL",0.270322,0.153827,0,4.36464,6.516,0,0,0,,8.145,35.0368,7.59959,4.26,3.95,1.2011,3.13798,0.128361,0.357447,7.41582,8.19427,3.46738,2.36325,1.32718,0.211658,0.0895625,0.12209577858448029,0.240941,1.3183,0.279112,0.715277,,,4.55002,0.000848471,0.0171008,999,,,,,,,31.100000000000005,3.8875000000000006,32,4,,,,,,,,,,,,,,,,,,,"Chasen Shreve","10855",592741
"Jacob Barnes","TOR",0.89819,0.842863,0,4.83888,24.447,0,0,0,,30.5588,132.923,30.7316,17.6,16.43,4.23283,11.0074,0.65971,1.48905,25.8624,7.61685,3.24185,2.34954,1.24663,0.194567,0.0828109,0.11175636947154999,0.255191,1.36586,0.293353,0.674029,,,4.50133,0.000372076,-0.189608,746.3400268554688,,,,,,,115.6,3.729032258064516,119,3.838709677419355,,,,,,,,,,,,,,,,,,,"Jacob Barnes","12323",606930
"Matt Sauer","LAD",0.754939,0.441153,0,4.56784,15.92,0,0,0.7135,,19.9,86.273,18.7409,10.88,10.1,2.83018,7.81314,0.582692,1.23958,17.2365,7.7954,3.53358,2.20609,1.27998,0.19979,0.090563,0.10922718793153763,0.242694,1.33438,0.278386,0.693794,,,4.64776,0.000314601,-0.0599294,999,,,,,,,72.69999999999999,3.6349999999999993,72,3.6,,,,,,,,,,,,,,,,,,,"Matt Sauer","22284",669422
"Ryder Ryan","PIT",0.25816,0.229208,0,4.86861,8.045,0,0,0,,10.0562,44.1757,10.0551,5.83,5.44,1.23843,4.06362,0.228394,0.697939,8.45158,7.56388,3.6368,2.07981,1.10835,0.191317,0.0919878,0.09932967275381088,0.255114,1.40397,0.296617,0.669259,,,4.50705,0.000132227,-0.0808135,999,,,,,,,36.7,3.6700000000000004,38,3.8,,,,,,,,,,,,,,,,,,,"Ryder Ryan","19891",656924
"Drew Pomeranz","SEA",0.457676,0.414338,0,4.39875,12.489,0,0,0.6186,,15.6112,67.8882,13.5255,8.21,7.63,2.19877,7.93118,0.365113,0.697658,16.492,9.50777,4.57238,2.07939,1.26761,0.242929,0.116827,0.12610207498073578,0.228242,1.37444,0.279199,0.720774,,,4.54282,-0.000470714,0.0342022,999,,,,,,,66.4,4.15,63,3.9375,,,,,,,,,,,,,,,,,,,"Drew Pomeranz","11426",519141
"Hogan Harris","ATH",1.59812,1.67385,0.297073,4.55809,32.604,1.279,0,4.7201,,44.8017,195.947,40.5511,24.29,22.69,6.01903,21.6593,1.00596,2.60281,42.8208,8.60207,4.35103,1.97702,1.20913,0.218533,0.110537,0.10799607634544373,0.236195,1.38857,0.281103,0.705053,,,4.62607,-0.000995434,0.00279312,750.97998046875,,,,,,,183.6,4.08,178,3.9555555555555557,,,,,,,,,,,,,,,,,,,"Hogan Harris","21520",663687
"Shaun Anderson","LAA",0.246258,0.253335,0,5.00306,5.977,0.091,0,0.6282,,7.3575,32.1903,7.57453,4.37,4.09,1.14353,2.6165,0.197519,0.352129,6.18519,7.56598,3.20061,2.36392,1.39881,0.192144,0.0812822,0.11086224019527435,0.259209,1.38512,0.293747,0.677645,,,4.71611,-0.0010646,-0.0362987,999,,,,,,,25.7,3.6714285714285713,29,4.142857142857143,,,,,,,,,,,,,,,,,,,"Shaun Anderson","19453",641312
"Josh Staumont","CIN",0.82877,0.720598,0,4.72965,20.536,0,1,0.6021,,25.67,112.861,23.4121,14.38,13.49,3.32023,12.7473,0.446412,1.59697,24.8661,8.71813,4.46924,1.9507,1.16408,0.220325,0.112947,0.1073780506849289,0.237646,1.40862,0.285678,0.691166,,,4.58695,-0.0012953,-0.0472225,999,,,,,,,109.7,4.219230769230769,105,4.038461538461538,,,,,,,,,,,,,,,,,,,"Josh Staumont","18335",622251
"Michael Mercado","PHI",0.985454,0.913874,0.16857,4.70657,22.276,0.682,0,0.5949,,30.041,130.096,27.8064,16.87,15.71,5.01444,12.2783,0.685609,1.48457,28.7325,8.608,3.67846,2.34011,1.50228,0.220857,0.0943791,0.12647807598114014,0.239025,1.33433,0.275979,0.702103,,,4.79796,-0.00225486,-0.0830755,999,,,,,,,110.7,3.69,108,3.6,,,,,,,,,,,,,,,,,,,"Michael Mercado","23223",675650
"Tyler Jay","MIL",0.327021,0.256074,0,4.65074,7.493,0,0,0,,9.36625,40.9351,9.35038,5.19,4.84,1.16397,3.69361,0.26972,0.477948,7.90698,7.59779,3.54918,2.14072,1.11845,0.193159,0.0902309,0.10292808711528778,0.254339,1.39266,0.295618,0.688075,,,4.42977,-0.00266956,-0.0320655,999,,,,,,,34.90000000000001,3.877777777777779,36,4,,,,,,,,,,,,,,,,,,,"Tyler Jay","17952",664079
"Tyler Ferguson","ATH",2.33209,2.12209,0,4.54982,58.441,0,2,13.5532,,73.0512,322.865,61.5957,39.43,36.93,9.34335,41.7098,2.06692,6.12509,82.5976,10.1761,5.1387,1.98029,1.15111,0.255827,0.129187,0.12664054334163666,0.22396,1.41415,0.285393,0.707959,,,4.53228,-0.00330552,-0.10104,750.030029296875,,,,,,,356.3,4.88082191780822,336,4.602739726027397,,,,,,,,,,,,,,,,,,,"Tyler Ferguson","19481",621053
"Alex Faedo","TBR",2.33284,2.60183,0.110541,4.87395,40.523,3.161,0,10.7422,,57.04,245.328,53.5802,33.04,30.89,10.6119,20.5361,1.08495,2.68642,53.939,8.51072,3.24027,2.62655,1.67439,0.219865,0.0837089,0.13615647703409195,0.241238,1.29937,0.272721,0.693158,,,4.91516,-0.00546787,-0.177175,999,,,,,,,226.09999999999994,3.9666666666666655,222,3.8947368421052633,,,,,,,,,,,,,,,,,,,"Alex Faedo","19874",656412
"Alex Speas","MIN",0.349912,0.281685,0,4.44302,8.135,0,0,0.6191,,10.1687,45.4801,8.12767,5.33,5.02,1.11911,7.06384,0.24441,0.730042,11.8861,10.52,6.25195,1.68267,0.990487,0.261348,0.155317,0.10603031516075134,0.215667,1.49394,0.283966,0.723794,,,4.55877,-0.00570558,0.0213762,999,,,,,,,44.900000000000006,4.49,41,4.1,,,,,,,,,,,,,,,,,,,"Alex Speas","21859",666208
"Tayler Scott","HOU",2.0588,1.74209,0,4.78041,57.087,0.23,1,15.9592,,71.0713,311.422,66.6782,40.36,37.75,9.89508,32.0091,1.62823,4.65675,72.399,9.16814,4.05342,2.26183,1.25305,0.232479,0.102784,0.12969527393579483,0.242682,1.38857,0.295036,0.687545,,,4.48678,-0.00773053,-0.309714,749.9099731445312,,,,,,,330.2,4.650704225352112,327,4.605633802816901,,,,,,,,,,,,,,,,,,,"Tayler Scott","13652",605463
"Kenny Rosenberg",,0.695048,0.645835,1.44186,5.2011,4.459,1.037,0,0,,18.4461,80.5748,18.8688,11.41,10.66,3.46814,6.8001,0.27489,0.750527,15.2348,7.43316,3.31783,2.24037,1.69213,0.189076,0.0843949,0.10468105226755142,0.258391,1.39156,0.283511,0.685079,,,5.18686,-0.00838459,-0.0471887,999,,,,,,,52.90000000000001,2.9388888888888896,57,3.1666666666666665,,,,,,,,,,,,,,,,,,,"Kenny Rosenberg","20009",670046
"José Ureña","NYM",0.51989,0.497284,0.0284905,4.8518,11.361,0.516,0,0.6629,,15.3036,67.0029,15.5257,8.86,8.25,2.0289,6.14896,0.341419,0.768409,10.4472,6.14395,3.61619,1.69901,1.19319,0.155921,0.0917716,0.0641496554017067,0.258394,1.41631,0.283491,0.680394,,,4.88068,-0.0085896,-0.071073,999,,,,,,,47.800000000000004,3.186666666666667,52,3.466666666666667,,,,,,,,,,,,,,,,,,,"Jose Urena","11589",570632
"Victor González","LAA",0.860104,0.772269,0,4.42026,20.11,0.075,0,0.6282,,25.0438,108.724,24.5597,13.2,12.3,2.77963,9.89706,0.581016,1.39524,19.1566,6.88433,3.55672,1.93558,0.99892,0.176194,0.0910289,0.08516524732112885,0.25207,1.37586,0.288494,0.695455,,,4.43222,-0.0111376,0.00195089,999,,,,,,,92.1,3.6839999999999997,95,3.8,,,,,,,,,,,,,,,,,,,"Victor Gonzalez","16408",624647
"Vinny Nittoli","MIL",0.508655,0.400701,0,4.71234,11.444,0,0,0,,14.305,61.4558,13.0598,8.02,7.49,2.54484,5.32058,0.408171,0.818483,14.9879,9.42965,3.34744,2.81697,1.60108,0.243881,0.0865756,0.15730541199445724,0.236091,1.28489,0.278292,0.699194,,,4.67114,-0.0136333,-0.072529,999,,,,,,,44.90000000000002,3.2071428571428586,43,3.0714285714285716,,,,,,,,,,,,,,,,,,,"Vinny Nittoli","16754",657697
"Geoff Hartlieb","NYY",0.383624,0.286528,0,4.71777,10.332,0,0,0.6608,,12.915,56.8361,12.5559,7.25,6.77,1.68081,5.67835,0.409361,0.82742,11.1736,7.78648,3.95704,1.96775,1.1713,0.196593,0.0999075,0.09668596088886261,0.249471,1.41187,0.29019,0.691655,,,4.63924,-0.0142129,-0.0235992,749.1400146484375,,,,,,,42.8,3.292307692307692,44,3.3846153846153846,,,,,,,,,,,,,,,,,,,"Geoff Hartlieb","19558",664129
"Sean Newcomb","BOS",0.276598,0.198885,0.179837,4.61342,4.555,0.172,0,0.642,,7.062,31.1297,6.19887,3.87,3.62,0.89448,3.95642,0.133015,0.424871,6.93121,8.83331,5.04217,1.75189,1.13995,0.222656,0.127095,0.09556099772453308,0.231748,1.43802,0.280319,0.705973,,,4.71133,-0.0142436,-0.0362235,750.4000244140625,,,,,,,29.900000000000013,4.271428571428573,28,4,,,,,,,,,,,,,,,,,,,"Sean Newcomb","16943",656794
"James Kaprielian",,0.602328,0.968941,0.644193,5.68698,2.785,2.135,0,0,,12.1066,53.6116,12.4924,8.15,7.65,2.38349,5.05487,0.0822049,0.588065,9.0642,6.73829,3.75777,1.79316,1.77188,0.169072,0.0942869,0.0747847631573677,0.260428,1.44939,0.276797,0.661295,,,5.62677,-0.014287,-0.0610736,999,,,,,,,33.000000000000014,2.7500000000000013,34,2.8333333333333335,,,,,,,,,,,,,,,,,,,"James Kaprielian","18331",621076
"Ian Gibaut","CIN",0.405825,0.382935,0,5.08041,10.459,0,0,0,,13.0737,57.6845,13.2872,7.89,7.38,1.92476,5.35465,0.290415,0.786236,11.9667,8.23793,3.68615,2.23483,1.32501,0.207451,0.0928264,0.11462479084730148,0.257786,1.4259,0.301775,0.674217,,,4.65886,-0.0167277,-0.125196,999,,,,,,,43.8,3.369230769230769,45,3.4615384615384617,,,,,,,,,,,,,,,,,,,"Ian Gibaut","17871",664139
"Dakota Hudson","LAA",0.580049,0.674728,-0.0545775,4.70795,12.044,0.529,0,0.6282,,15.6756,69.1651,15.7571,8.77,8.2,1.72707,6.87319,0.387873,0.995982,10.0649,5.77868,3.94618,1.46437,0.99158,0.14552,0.0993737,0.04614649713039398,0.257065,1.44366,0.283412,0.685732,,,4.82062,-0.0176198,-0.0183084,999,,,,,,,52.20000000000001,3.2625000000000006,54,3.375,,,,,,,,,,,,,,,,,,,"Dakota Hudson","19206",641712
"Wandy Peralta","SDP",1.76114,1.36338,0,4.11039,47.032,0,1,4.2097,,58.79,253.579,54.7632,28.86,26.85,6.12237,24.5968,1.32594,3.41996,42.94,6.57356,3.76546,1.74575,0.937257,0.169335,0.0969986,0.07233673334121704,0.242785,1.34989,0.275585,0.713391,,,4.48918,-0.0194195,0.177751,999,,,,,,,242.8,4.115254237288136,240,4.067796610169491,,,,,,,,,,,,,,,,,,,"Wandy Peralta","14295",593974
"Xzavion Curry","MIA",0.659056,0.988671,-0.0048712,4.95744,16.924,0.929,0,0.5898,,22.7658,98.853,23.2272,13.48,12.54,3.89748,7.32218,0.599082,0.958618,16.9875,6.71568,2.89468,2.32001,1.54079,0.171846,0.0740714,0.09777507185935974,0.256449,1.3419,0.277378,0.680247,,,4.9909,-0.0196363,-0.049778,999,,,,,,,75.2,3.2695652173913046,77,3.347826086956522,,,,,,,,,,,,,,,,,,,"Xzavion Curry","25595",675540
"Hunter Strickland","TEX",1.95609,2.33505,0,4.73941,35.488,0,1,0.6243,,44.36,192.552,40.6021,25.07,23.36,6.28627,18.7255,0.886262,2.69442,37.6758,7.64387,3.79914,2.012,1.27539,0.195666,0.0972494,0.09841620177030563,0.237256,1.33741,0.269843,0.678009,,,4.75868,-0.0226597,-0.213438,999,,,,,,,164.20000000000002,3.7318181818181824,161,3.659090909090909,,,,,,,,,,,,,,,,,,,"Hunter Strickland","7836",519326
"Andrew Wantz","TBR",0.340717,0.316031,0.0544389,4.79672,6.417,0.243,0,0,,8.781,37.8687,7.89778,5.01,4.68,1.60552,3.56748,0.191804,0.476514,8.72955,8.94726,3.65646,2.44698,1.64556,0.230521,0.0942066,0.13631466776132584,0.233491,1.30569,0.267874,0.700324,,,4.93673,-0.023865,-0.0320097,999,,,,,,,27.200000000000006,3.022222222222223,25,2.7777777777777777,,,,,,,,,,,,,,,,,,,"Andrew Wantz","24933",681806
"Evan Justice","COL",0.916416,1.05457,0,4.80092,31.224,0,0,0.5596,,39.03,175.122,36.3614,22.35,20.82,4.14527,22.648,0.883245,2.60604,37.8373,8.72498,5.22245,1.67067,0.955865,0.216063,0.129327,0.08673560619354248,0.242623,1.5119,0.298615,0.689009,,,4.54942,-0.0240051,-0.172977,999,,,,,,,147.80000000000004,3.789743589743591,145,3.717948717948718,,,,,,,,,,,,,,,,,,,"Evan Justice","30008",687145
"Carson Spiers","CIN",1.92221,2.1126,1.33266,5.11465,30.285,2.461,0,0.6021,,50.0093,219.671,51.8688,30.42,28.42,8.39297,18.1189,1.07003,2.76302,43.6094,7.84823,3.2608,2.40684,1.51045,0.198521,0.0824821,0.11603923887014389,0.260924,1.3995,0.296184,0.679419,,,4.85688,-0.029894,-0.270694,744.1199951171875,,,,,,,165.40000000000003,3.3080000000000007,175,3.5,,,,,,,,,,,,,,,,,,,"Carson Spiers","27685",686730
"Jay Jackson",,0.728318,0.949629,0,5.05865,13.863,0,0,0,,17.3288,75.9157,16.8063,10.46,9.74,3.09313,7.11024,0.44666,0.912531,18.2631,9.48528,3.69283,2.56856,1.60647,0.240571,0.0936597,0.14691124111413956,0.247542,1.38017,0.294675,0.687044,,,4.76802,-0.0304572,-0.11716,999,,,,,,,56.7,3.335294117647059,58,3.411764705882353,,,,,,,,,,,,,,,,,,,"Jay Jackson","7432",543351
"Guillo Zuñiga","PHI",0.607331,0.500328,0,4.80173,16.599,0,0,0.5949,,20.7488,90.3194,19.8684,11.87,11.07,3.2498,8.21301,0.946858,1.13496,18.0546,7.83139,3.56248,2.1983,1.40964,0.199897,0.0909329,0.10896441340446472,0.245375,1.3534,0.278522,0.688918,,,4.81391,-0.040179,-0.10883,999,,,,,,,79.5,3.7857142857142856,79,3.761904761904762,,,,,,,,,,,,,,,,,,,"Guillo Zuniga","19588",670871
"Jonathan Hernández","TBR",0.740211,0.590954,0,4.79916,17.331,0.213,0,0.6853,,21.3975,94.3577,20.9842,12.2,11.41,2.64263,9.75268,0.577041,1.29323,18.7165,7.87234,4.10208,1.91911,1.11152,0.198357,0.103359,0.09499805420637131,0.251875,1.43647,0.296058,0.685606,,,4.57127,-0.0412804,-0.10883,999,,,,,,,72.9,3.4714285714285715,75,3.5714285714285716,,,,,,,,,,,,,,,,,,,"Jonathan Hernandez","17464",642546
"Alex Young","CIN",0.497985,0.439797,0,4.79808,12.485,0,0,0.6021,,15.6062,68.027,15.7,8.93,8.32,2.32988,6.01437,0.35604,0.74833,13.1412,7.57845,3.46844,2.18497,1.34363,0.193177,0.0884115,0.10476531833410263,0.256267,1.39139,0.291968,0.692825,,,4.72317,-0.0420915,-0.0683084,999,,,,,,,61.20000000000001,3.8250000000000006,63,3.9375,,,,,,,,,,,,,,,,,,,"Alex Young","18333",622065
"Dan Altavilla","CHW",0.576346,0.631403,0,4.97947,16.094,0.608,0,0.5963,,19.3575,86.3581,18.4881,11.51,10.71,2.92623,10.0347,0.472888,1.24442,17.6191,8.19174,4.66547,1.75582,1.36051,0.204023,0.116198,0.08782513439655304,0.246249,1.47347,0.285363,0.696501,,,5.05929,-0.0421794,-0.166761,999,,,,,,,63.89999999999999,3.3631578947368417,63,3.3157894736842106,,,,,,,,,,,,,,,,,,,"Dan Altavilla","16507",656186
"Lucas Gilbreath","COL",1.23986,1.5091,0,5.03074,43.394,0,0,0.5596,,54.2425,242.63,55.9531,32.52,30.32,6.50756,25.0867,1.29573,3.15152,48.0475,7.97212,4.16242,1.91526,1.07974,0.198028,0.103395,0.09463322162628174,0.260985,1.49403,0.30935,0.674549,,,4.5163,-0.0432627,-0.497021,999,,,,,,,183.9,3.4055555555555554,195,3.611111111111111,,,,,,,,,,,,,,,,,,,"Lucas Gilbreath","21290",656458
"Brock Stewart","MIN",1.89144,1.80583,0,5.15042,46.915,0,1,11.7925,,58.6437,261.585,57.1697,36.14,33.56,9.58287,27.8607,1.61956,3.72005,64.2679,9.86314,4.27576,2.30676,1.47067,0.245686,0.106507,0.13917912542819977,0.248559,1.44995,0.304744,0.68269,,,4.71454,-0.0443618,-0.537434,999,,,,,,,250.40000000000003,4.24406779661017,250,4.237288135593221,,,,,,,,,,,,,,,,,,,"Brock Stewart","16727",592779
"Dany Jiménez","ATL",0.453903,0.278039,0,4.70161,11.026,0,1,0,,13.7825,60.3655,12.0324,7.74,7.2,2.2823,7.13198,0.356984,0.795155,14.2456,9.30242,4.6572,1.99743,1.49034,0.23599,0.118147,0.11784299463033676,0.229457,1.39048,0.27151,0.715402,,,4.97747,-0.0451138,-0.072529,999,,,,,,,56.800000000000026,4.057142857142859,53,3.7857142857142856,,,,,,,,,,,,,,,,,,,"Dany Jimenez","21170",666204
"Paolo Espino",,0.224719,0.44062,0.183088,6.44165,1.885,0.86,0,0,,5.6026,25.2549,6.75116,4.27,4.01,1.3109,1.85093,0.0669679,0.231353,3.24211,5.20812,2.97333,1.75161,2.10582,0.128375,0.0732899,0.055085450410842896,0.291342,1.53538,0.292179,0.640195,,,6.16586,-0.046453,-0.0363737,999,,,,,,,13.90000000000001,2.316666666666668,17,2.8333333333333335,,,,,,,,,,,,,,,,,,,"Paolo Espino","8246",502179
"Michael Tonkin","MIN",1.87396,1.73266,0,5.0298,45.807,0,0,4.21,,57.2588,252.025,56.2098,34.36,32,8.92566,23.9801,1.00653,3.85701,57.0051,8.96013,3.76923,2.37718,1.40295,0.226188,0.0951497,0.13103803992271423,0.250726,1.40048,0.298779,0.677016,,,4.66031,-0.0467272,-0.440438,750.8800048828125,,,,,,,211.49999999999997,3.710526315789473,214,3.754385964912281,,,,,,,,,,,,,,,,,,,"Michael Tonkin","10315",543859
"Will Smith",,1.33536,1.59349,0,4.77961,24.479,0,1,0,,30.5987,132.298,29.0561,17.46,16.25,4.95094,11.5509,0.800729,1.36225,27.3565,8.04637,3.39748,2.36834,1.45622,0.206779,0.08731,0.11946950852870941,0.243381,1.32708,0.276824,0.687351,,,4.74787,-0.047176,-0.0877512,999,,,,,,,112.49999999999997,3.629032258064515,110,3.5483870967741935,,,,,,,,,,,,,,,,,,,"Will Smith","8048",519293
"Matt Bowman","BAL",0.476015,0.405354,0,4.89286,12.279,0.183,0,0.6344,,15.12,66.485,15.2603,8.8,8.22,2.11977,6.18839,0.477749,0.841871,12.626,7.51547,3.68357,2.04027,1.26177,0.189907,0.0930796,0.0968276783823967,0.256671,1.41856,0.293912,0.684415,,,4.71382,-0.0504615,-0.12122,999,,,,,,,56.400000000000006,3.7600000000000002,58,3.8666666666666667,,,,,,,,,,,,,,,,,,,"Matt Bowman","13528",621199
"Sam Bachman","LAA",1.07505,1.01207,0.22538,4.52266,21.883,0.4,0,0.6282,,29.392,128.228,27.3118,15.78,14.77,3.62368,13.3142,0.753621,1.93053,24.3981,7.47084,4.07689,1.83248,1.10959,0.190271,0.103832,0.086438849568367,0.241733,1.38221,0.278811,0.698847,,,4.66505,-0.0509052,-0.0919558,999,,,,,,,102.20000000000003,3.524137931034484,100,3.4482758620689653,,,,,,,,,,,,,,,,,,,"Sam Bachman","29754",696147
"Lake Bachar","MIA",1.53535,1.67331,0,4.69001,48.527,0,0,10.3239,,60.6587,267.487,55.6499,34.1,31.61,9.52233,29.5588,2.1016,3.74828,63.5732,9.43242,4.38566,2.15074,1.41284,0.237669,0.110506,0.12716317921876907,0.237638,1.40472,0.286357,0.711053,,,4.75842,-0.0513955,-0.228746,999,,,,,,,248.8000000000001,4.078688524590166,241,3.9508196721311477,,,,,,,,,,,,,,,,,,,"Lake Bachar","19222",669199
"Chad Kuhl","ATL",0.311143,0.250669,0.342363,5.32926,4.023,0.356,0,0,,7.6671,34.4297,8.07551,4.89,4.54,1.17407,3.6002,0.126316,0.47052,6.39647,7.50847,4.22609,1.7767,1.37818,0.185784,0.104567,0.08121669292449951,0.266001,1.52283,0.302849,0.676406,,,5.08143,-0.0532923,-0.0840592,999,,,,,,,26.100000000000005,3.2625000000000006,27,3.375,,,,,,,,,,,,,,,,,,,"Chad Kuhl","14975",641771
"J.B. Wendelken","SDP",0.430973,0.388507,0,4.87792,12.074,0,0,0.6072,,15.0925,65.9613,14.7451,8.78,8.18,2.39112,6.19897,0.428058,0.761657,12.813,7.64069,3.69659,2.06696,1.42588,0.19425,0.0939789,0.10027153789997101,0.249915,1.38772,0.282077,0.691278,,,4.91175,-0.0590357,-0.12122,999,,,,,,,56.400000000000006,3.7600000000000002,58,3.8666666666666667,,,,,,,,,,,,,,,,,,,"J.B. Wendelken","14506",605525
"Burch Smith","PIT",0.359873,0.369981,0,5.50783,11.752,0,0,0,,14.69,66.1837,15.8899,9.6,8.99,2.07101,6.51889,0.268245,0.889004,11.4496,7.01473,3.99387,1.75637,1.26883,0.172997,0.0984968,0.07450030744075775,0.270347,1.52544,0.305354,0.656545,,,4.95325,-0.0638324,-0.221788,999,,,,,,,42.800000000000004,2.8533333333333335,47,3.1333333333333333,,,,,,,,,,,,,,,,,,,"Burch Smith","12784",572143
"Emilio Pagán","CIN",2.31591,1.97409,0,4.69983,56.434,0.226,2,11.2156,,70.26,298.792,64.8775,39.3,36.69,13.6563,23.1458,1.23389,2.73308,71.8765,9.20706,2.96488,3.10538,1.74931,0.240557,0.0774645,0.16309209913015366,0.237722,1.25282,0.273354,0.707113,,,4.75223,-0.0655656,-0.260811,736.4000244140625,,,,,,,296.8,4.24,288,4.114285714285714,,,,,,,,,,,,,,,,,,,"Emilio Pagan","14771",641941
"Thaddeus Ward","BAL",0.557512,0.463869,0,4.70037,14.027,0.103,0,0.6344,,17.405,77.6938,16.0366,9.74,9.09,2.07987,9.82091,0.623526,1.35009,15.0026,7.75774,5.07832,1.52762,1.07548,0.193099,0.126405,0.06669381260871887,0.241069,1.48563,0.282294,0.702419,,,4.92149,-0.0697701,-0.11716,999,,,,,,,60.600000000000016,3.5647058823529423,60,3.5294117647058822,,,,,,,,,,,,,,,,,,,"Thaddeus Ward","21513",663658
"Justin Dunn","CHW",0.192758,0.28661,-0.0393059,5.53479,5.286,0.153,0,0.5963,,6.6344,30.0199,6.72593,4.39,4.08,1.13276,3.43609,0.170366,0.45621,5.2525,7.12536,4.66128,1.52863,1.53666,0.174967,0.11446,0.06050697714090347,0.257426,1.53172,0.283309,0.67303,,,5.56274,-0.0702822,-0.0362235,999,,,,,,,26.3,3.757142857142857,27,3.857142857142857,,,,,,,,,,,,,,,,,,,"Justin Dunn","19268",643290
"Tyler Matzek","NYY",0.966714,0.708027,0,4.72877,25.808,0,0,0.6608,,32.26,141.76,29.9464,18.19,16.95,4.46497,15.2624,0.795085,2.00817,29.8704,8.33335,4.25795,1.95713,1.24565,0.210712,0.107664,0.10304810851812363,0.240555,1.40139,0.282645,0.69354,,,4.71996,-0.0749053,-0.136735,999,,,,,,,122.60000000000002,3.8312500000000007,121,3.78125,,,,,,,,,,,,,,,,,,,"Tyler Matzek","10058",554431
"Tim Hill","NYY",2.11685,1.46391,0,4.28019,55.663,0,0,11.4476,,69.5788,301.184,74.8162,35.64,33.09,6.37977,21.0996,1.56176,3.96469,33.4618,4.32827,2.72923,1.5859,0.825222,0.111101,0.0700557,0.04104527086019516,0.270956,1.37852,0.289644,0.692952,,,4.47732,-0.0782545,0.0465974,999,,,,,,,284.2,4.06,307,4.385714285714286,,,,,,,,,,,,,,,,,,,"Tim Hill","16814",657612
"Jimmy Lambert",,0.271027,0.332781,0,5.55999,7.919,0.201,0,0,,9.6475,43.6825,9.95555,6.42,5.96,1.74777,4.92531,0.271833,0.517168,8.72974,8.14384,4.59474,1.77243,1.63047,0.199846,0.112753,0.08709297329187393,0.260344,1.54246,0.295643,0.680462,,,5.40425,-0.0828496,-0.0808135,999,,,,,,,23.4,2.34,24,2.4,,,,,,,,,,,,,,,,,,,"Jimmy Lambert","19541",669424
"Justin Anderson","CHW",2.06577,2.29843,0,4.89975,59.043,0,8,10.3946,,73.8037,333.053,70.9186,43.12,40.18,9.54188,42.0853,1.45519,5.41136,76.1753,9.2892,5.13209,1.81002,1.16359,0.228719,0.126362,0.1023562103509903,0.248353,1.53114,0.307131,0.701327,,,4.71361,-0.0877669,-0.45605,674.8599853515625,,,,,,,331,4.472972972972973,331,4.472972972972973,,,,,,,,,,,,,,,,,,,"Justin Anderson","16201",605121
"Dylan Covey","ATL",0.46253,0.333589,0,5.35809,12.282,0,0,0,,15.3525,68.9018,17.5115,9.86,9.14,2.16644,6.2086,0.427152,0.7952,10.7852,6.32256,3.63963,1.73714,1.27002,0.15653,0.0901079,0.06642242521047592,0.282909,1.54503,0.313508,0.669988,,,4.96454,-0.0887155,-0.221788,999,,,,,,,40.60000000000001,2.7066666666666674,50,3.3333333333333335,,,,,,,,,,,,,,,,,,,"Dylan Covey","14825",592229
"Gerson Garabito","TEX",0.935854,0.653562,0,4.85109,22.976,0.238,0,0.6243,,28.4225,125.394,25.5964,16.39,15.32,4.12179,14.4692,0.929598,1.91581,26.4473,8.37454,4.58169,1.82783,1.30517,0.210913,0.11539,0.09552329033613205,0.23481,1.40964,0.273771,0.69035,,,4.92016,-0.0894304,-0.145129,999,,,,,,,98.40000000000006,3.5142857142857165,96,3.4285714285714284,,,,,,,,,,,,,,,,,,,"Gerson Garabito","19835",642520
"Dominic Leone",,0.522698,0.560882,0,4.92976,14.649,0,0,0,,18.3113,80.7956,18.2278,10.82,10.03,2.97434,7.9833,0.512681,0.940162,16.3909,8.05614,3.9238,2.05315,1.46189,0.202869,0.0988086,0.10405989736318588,0.253615,1.43142,0.290505,0.698104,,,4.94981,-0.0896531,-0.16578,999,,,,,,,54.500000000000014,3.0277777777777786,56,3.111111111111111,,,,,,,,,,,,,,,,,,,"Dominic Leone","13763",608678
"Matt Moore","BOS",1.23354,0.898479,0,4.93998,29.558,0,0,0.642,,36.9475,163.09,34.7379,21.76,20.28,5.60355,17.9974,1.06699,1.97405,34.4286,8.38643,4.38397,1.91298,1.36496,0.211102,0.110353,0.10074961930513382,0.242722,1.4273,0.282621,0.690022,,,4.89605,-0.0933141,-0.278805,999,,,,,,,121,3.27027027027027,119,3.2162162162162162,,,,,,,,,,,,,,,,,,,"Matt Moore","1890",519043
"Dietrich Enns","DET",0.499077,0.48239,0,5.35783,12.985,0.138,0,0.5801,,16.0588,71.7344,16.5544,10.26,9.56,2.45274,7.32982,0.446732,0.71192,13.0193,7.29657,4.10794,1.77621,1.37462,0.181493,0.10218,0.07931327074766159,0.259911,1.4873,0.292441,0.666209,,,5.03289,-0.0967134,-0.169729,999,,,,,,,55.60000000000001,3.4750000000000005,60,3.75,,,,,,,,,,,,,,,,,,,"Dietrich Enns","13932",608650
"Michael Kelly","ATH",0.673776,0.732619,0,5.3813,17.902,0,0,0.6679,,22.3775,99.7614,22.8439,14.31,13.38,3.83312,9.72858,0.616118,1.40101,20.5311,8.25741,3.91273,2.11039,1.54164,0.205803,0.0975185,0.10828398168087006,0.257739,1.45559,0.295806,0.671263,,,5.05038,-0.112155,-0.258572,999,,,,,,,66.80000000000001,3.036363636363637,71,3.227272727272727,,,,,,,,,,,,,,,,,,,"Michael Kelly","12791",547184
"Jorge López","WSN",2.29106,2.15049,0,4.71031,58.819,0,7,11.808,,73.5238,321.2,73.2149,41.35,38.48,9.99415,28.1418,2.0357,5.42301,62.3383,7.63079,3.44483,2.21515,1.22338,0.194079,0.0876147,0.10646464675664902,0.254541,1.37856,0.293637,0.686852,,,4.6074,-0.114339,-0.252374,533.0700073242188,,,,,,,342.8,4.632432432432433,348,4.702702702702703,,,,,,,,,,,,,,,,,,,"Jorge Lopez","14527",605347
"Chris Stratton","KCR",2.01321,1.70241,0,5.06014,50.982,0,1,6.959,,63.7275,282.65,66.4944,38.33,35.83,8.37701,26.1285,1.03261,3.2035,50.673,7.15636,3.69004,1.93937,1.18305,0.179278,0.0924412,0.08683673292398453,0.262494,1.45342,0.29916,0.671152,,,4.66585,-0.118633,-0.476674,999,,,,,,,251.60000000000005,3.931250000000001,264,4.125,,,,,,,,,,,,,,,,,,,"Chris Stratton","13761",608717
"Brent Honeywell",,1.01449,0.714731,0.790127,5.221,16.381,0.499,0,0,,25.9778,114.138,27.7721,16.21,15.07,4.33257,9.14936,0.403297,1.34377,18.6823,6.47248,3.16979,2.04192,1.50102,0.163682,0.0801604,0.08352109789848328,0.267954,1.42127,0.290704,0.671232,,,5.10807,-0.137291,-0.249439,999,,,,,,,78.39999999999999,3.015384615384615,86,3.3076923076923075,,,,,,,,,,,,,,,,,,,"Brent Honeywell","16466",641703
"Diego Castillo","COL",0.692096,0.864276,0,5.20875,24.038,0,1,3.7309,,30.0475,133.984,31.1245,18.7,17.39,4.04561,13.508,1.22234,1.81851,23.2425,6.96172,4.046,1.72064,1.21177,0.173472,0.100818,0.07265397161245346,0.262306,1.4854,0.296368,0.665472,,,4.89999,-0.138719,-0.343328,999,,,,,,,111.20000000000002,3.7066666666666674,117,3.9,,,,,,,,,,,,,,,,,,,"Diego Castillo","17496",650895
"Victor Mederos","LAA",0.803303,0.82386,0,5.06974,19.282,0.01,0,0.6282,,24.09,107.02,23.24,14.5,13.57,3.60372,11.6829,0.686055,1.79497,20.2434,7.56291,4.36473,1.73274,1.34634,0.189155,0.109165,0.07998927682638168,0.248443,1.44969,0.281744,0.68355,,,5.10899,-0.144395,-0.153384,999,,,,,,,70.60000000000004,2.941666666666668,70,2.9166666666666665,,,,,,,,,,,,,,,,,,,"Victor Mederos","31533",682989
"Albert Abreu","CIN",0.445605,0.451744,0,5.51845,11.625,0,0,0.6021,,14.5312,65.8656,14.3545,9.49,8.91,2.32929,8.16099,0.310248,1.15086,13.0805,8.10146,5.05455,1.60281,1.44265,0.198593,0.123904,0.07468976825475693,0.25382,1.54945,0.292271,0.67649,,,5.37244,-0.149953,-0.12122,999,,,,,,,53.00000000000001,3.5333333333333337,52,3.466666666666667,,,,,,,,,,,,,,,,,,,"Albert Abreu","17485",656061
"Luis González","BAL",0.989861,0.922088,0,5.29881,26.415,0,0,0,,33.0187,147.042,33.9293,20.88,19.44,5.9787,14.0758,0.974751,1.47548,33.0339,9.00413,3.83669,2.34685,1.62963,0.224656,0.0957266,0.1289295107126236,0.258036,1.45388,0.30224,0.684374,,,4.93242,-0.150009,-0.387616,999,,,,,,,103.00000000000003,3.121212121212122,108,3.272727272727273,,,,,,,,,,,,,,,,,,,"Luis Gonzalez","sa550522",593574
"Jordan Weems","ATL",1.09289,0.719789,0,5.07919,27.869,0,0,0,,34.8363,154.708,35.107,21.14,19.66,5.42375,15.5349,1.01756,1.85895,30.904,7.9841,4.01346,1.98933,1.40123,0.199757,0.100414,0.09934280067682266,0.255669,1.45371,0.293932,0.685315,,,4.91415,-0.15092,-0.282847,999,,,,,,,114.5,3.2714285714285714,118,3.3714285714285714,,,,,,,,,,,,,,,,,,,"Jordan Weems","13190",607179
"Scott McGough","ARI",0.721558,0.70518,0,5.51927,19.18,0.134,1,0.6241,,23.8075,107.479,25.0528,15.63,14.6,3.84876,11.3907,0.616172,1.41156,21.7394,8.21818,4.30606,1.90851,1.45495,0.202267,0.105981,0.09628532826900482,0.264614,1.53076,0.306911,0.670209,,,5.05504,-0.154158,-0.354789,999,,,,,,,80.40000000000003,3.3500000000000014,85,3.5416666666666665,,,,,,,,,,,,,,,,,,,"Scott McGough","12056",543518
"Michael Petersen","LAA",1.06715,1.06291,0,4.99128,25.345,0,0,0.6282,,31.6812,140.906,28.2818,18.75,17.57,4.8315,17.2736,1.08619,2.46873,31.5503,8.96279,4.90709,1.8265,1.37253,0.22391,0.12259,0.1013203114271164,0.233418,1.43793,0.276596,0.691016,,,5.02676,-0.15586,-0.238276,999,,,,,,,113.50000000000001,3.5468750000000004,106,3.3125,,,,,,,,,,,,,,,,,,,"Michael Petersen","20827",656848
"Bryan Shaw","CIN",0.70789,0.699359,0,5.38168,18.369,0,0,0.6021,,22.9613,103.843,23.1969,14.64,13.73,3.38397,12.3053,0.703336,1.57556,19.1996,7.52556,4.82326,1.56027,1.3264,0.18489,0.118499,0.06639093160629272,0.257851,1.54618,0.294053,0.678123,,,5.22365,-0.19035,-0.306596,999,,,,,,,73.50000000000001,3.195652173913044,76,3.3043478260869565,,,,,,,,,,,,,,,,,,,"Bryan Shaw","8110",543766
"Bryce Jarvis","ARI",1.50073,1.3315,0,5.11936,38.297,0,0,0.6241,,47.8713,213.631,48.788,29.15,27.23,6.65046,22.143,1.69382,2.67815,38.4383,7.22656,4.16298,1.73591,1.25032,0.179928,0.103651,0.07627752423286438,0.258397,1.4817,0.293189,0.678039,,,4.92208,-0.258468,-0.40808,999,,,,,,,146.70000000000002,3.0562500000000004,154,3.2083333333333335,,,,,,,,,,,,,,,,,,,"Bryce Jarvis","27477",686826
"Tanner Rainey","PIT",1.09178,1.09636,0,5.48101,34.706,0,4,0.6032,,43.3825,194.242,43.3703,28.21,26.42,7.50112,20.6492,0.81841,2.75863,37.9223,7.86724,4.28382,1.8365,1.55616,0.195232,0.106306,0.08892527222633362,0.253873,1.4757,0.286013,0.669112,,,5.2847,-0.296601,-0.569248,999,,,,,,,136,3.1627906976744184,139,3.2325581395348837,,,,,,,,,,,,,,,,,,,"Tanner Rainey","17610",663432
"Tomoyuki Sugano","BAL",7.04595,10.0644,9.34604,5.92198,25.372,22.708,0,0,,130.122,577.175,150.67,91.5,85.62,27.3761,39.7209,0.515409,7.3243,78.0388,5.39762,2.74733,1.96468,1.89349,0.135208,0.0688194,0.06638877093791962,0.284212,1.46317,0.290297,0.650321,,,5.78669,-0.324242,-1.00755,342.1600036621094,,,,,,,252.29999999999995,1.9407692307692304,314,2.4153846153846152,,,,,,,,,,,,,,,,,,,"Tomoyuki Sugano","sa3025685",608372
"Cam Booser","CHW",1.87282,2.021,0,4.99026,52.576,0,1,6.4401,,65.72,299.347,59.2905,38.99,36.44,9.36872,44.9307,1.58995,3.95049,68.4694,9.37651,6.15302,1.52389,1.283,0.228729,0.150096,0.07863350212574005,0.236721,1.58584,0.289188,0.716,,,5.16736,-0.522847,-0.472612,999,,,,,,,242.3000000000001,3.6712121212121227,231,3.5,,,,,,,,,,,,,,,,,,,"Cam Booser","16061",592155