Name,Team,W,L,QS,ERA,G,GS,SV,HLD,BS,IP,TBF,H,R,ER,HR,BB,IBB,HBP,SO,K/9,BB/9,K/BB,HR/9,K%,BB%,K-BB%,AVG,WHIP,BABIP,LOB%,GB%,HR/FB,FIP,WAR,RA9-WAR,ADP,InterSD,InterSK,IntraSD,Vol,Skew,Dim,FPTS,FPTS/IP,SPTS,SPTS/IP,P10,P20,P30,P40,P50,P60,P70,P80,P90,TT10,TT20,TT30,TT40,TT50,TT60,TT70,TT80,TT90,NameASCII,PlayerId,MLBAMID
"Tarik Skubal","DET",15,8,,2.74165,32,32,0,0,,198,781,157,65,60,16,39,,6,227,10.3339,1.79262,5.76471,0.738137,0.29037,0.0503704,0.24000000208616257,0.213836,0.995899,0.286385,0.757979,,,2.62166,6.05148,6.02335,14.359999656677246,,,,,,,1179.2,5.955555555555556,1101,5.5606060606060606,,,,,,,,,,,,,,,,,,,"Tarik Skubal","22267",669373
"Zack Wheeler","PHI",15,8,,3.27832,32,32,0,0,,203,823,168,80,74,20,54,,8,213,9.42516,2.40751,3.91489,0.870803,0.25879,0.0661041,0.19268635660409927,0.2207,1.09277,0.280702,0.731272,,,3.25185,4.84722,4.91383,21.34000015258789,,,,,,,1059.4,5.218719211822661,995,4.901477832512315,,,,,,,,,,,,,,,,,,,"Zack Wheeler","10310",554430
"Chris Sale","ATL",14,6,,2.98486,31,31,0,0,,178,732,151,64,59,17,46,,10,218,11.031,2.33598,4.72222,0.843547,0.297723,0.0630473,0.23467601090669632,0.223909,1.11031,0.305233,0.765832,,,2.8853,4.72553,5.04865,35.029998779296875,,,,,,,983.5000000000001,5.525280898876405,937,5.264044943820225,,,,,,,,,,,,,,,,,,,"Chris Sale","10603",519242
"Logan Webb","SFG",13,9,,3.21921,32,32,0,0,,198,813,185,77,71,14,43,,5,166,7.54216,1.93153,3.90476,0.643843,0.204234,0.0523039,0.15193027257919312,0.242064,1.14972,0.292388,0.725414,,,3.14093,4.44734,4.67208,100.69000244140625,,,,,,,1000,5.05050505050505,996,5.03030303030303,,,,,,,,,,,,,,,,,,,"Logan Webb","17995",657277
"Garrett Crochet","BOS",13,6,,2.93333,31,31,0,0,,143,593,120,51,47,12,46,,3,179,11.2667,2.86667,3.93023,0.733333,0.302326,0.0769231,0.22540250420570374,0.220273,1.15556,0.306306,0.768137,,,2.74426,4.19874,4.20774,24.09000015258789,,,,,,,809.6000000000001,5.661538461538463,770,5.384615384615385,,,,,,,,,,,,,,,,,,,"Garrett Crochet","27463",676979
"Yoshinobu Yamamoto","LAD",13,7,,3.33562,28,28,0,0,,167,648,129,67,62,18,36,,3,172,9.26561,1.91489,4.83871,0.988332,0.265487,0.0548673,0.2106194645166397,0.210923,0.981469,0.263014,0.704809,,,3.23511,3.96035,3.72239,60.2400016784668,,,,,,,905.9999999999999,5.425149700598801,828,4.958083832335329,,,,,,,,,,,,,,,,,,,"Yoshinobu Yamamoto","33825",808967
"Corbin Burnes","ARI",14,7,,2.97193,31,31,0,0,,186,754,155,67,62,16,52,,7,184,8.86626,2.52614,3.5098,0.792515,0.243537,0.0693878,0.17414966970682144,0.223043,1.11172,0.280083,0.762806,,,3.29857,3.85564,5.30502,36.5,,,,,,,967.6000000000001,5.2021505376344095,913,4.908602150537634,,,,,,,,,,,,,,,,,,,"Corbin Burnes","19361",669203
"Paul Skenes","PIT",8,6,,3.24533,31,31,0,0,,159,642,130,63,57,17,44,,4,186,10.4894,2.49195,4.2093,0.98519,0.289137,0.0686901,0.22044726461172104,0.219344,1.09466,0.288714,0.745554,,,3.16648,3.79706,3.93269,11.640000343322754,,,,,,,857.5000000000002,5.39308176100629,802,5.044025157232705,,,,,,,,,,,,,,,,,,,"Paul Skenes","33677",694973
"Sandy Alcantara","MIA",11,9,,3.49015,29,29,0,0,,191,781,176,80,74,18,44,,7,163,7.66688,2.05976,3.72222,0.858233,0.208398,0.0559876,0.1524105742573738,0.241265,1.15067,0.287611,0.71875,,,3.50342,3.77275,4.27613,152,,,,,,,907.4,4.750785340314136,894,4.680628272251309,,,,,,,,,,,,,,,,,,,"Sandy Alcantara","18684",645261
"Aaron Nola","PHI",11,9,,3.82979,31,31,0,0,,188,770,173,86,80,24,41,,5,185,8.83797,1.96399,4.5,1.1293,0.24,0.0533333,0.18666666001081467,0.239716,1.14021,0.290837,0.707014,,,3.57019,3.75897,3.23486,88.91000366210938,,,,,,,878.2,4.671276595744681,860,4.574468085106383,,,,,,,,,,,,,,,,,,,"Aaron Nola","16149",605400
"Nick Martinez","CIN",12,9,,3.525,49,23,0,1,,183,760,177,78,72,17,44,,6,157,7.725,2.175,3.55172,0.825,0.206827,0.0582329,0.14859439432621002,0.249462,1.20833,0.299145,0.725309,,,3.46648,3.71942,3.74673,330.2099914550781,,,,,,,852.9000000000001,4.660655737704919,862,4.7103825136612025,,,,,,,,,,,,,,,,,,,"Nick Martinez","12730",607259
"Max Fried","NYY",13,9,,3.42963,29,29,0,0,,176,720,152,72,67,16,52,,5,159,8.13153,2.65519,3.0625,0.829748,0.22039,0.071964,0.14842578023672104,0.229642,1.16165,0.278761,0.72619,,,3.53526,3.64747,3.76822,96.22000122070312,,,,,,,857.4000000000001,4.8715909090909095,819,4.653409090909091,,,,,,,,,,,,,,,,,,,"Max Fried","13743",608331
"Dylan Cease","SDP",13,9,,3.43199,32,32,0,0,,178,736,143,73,68,19,67,,5,210,10.6033,3.38076,3.13636,0.97325,0.284732,0.090784,0.1939477100968361,0.214939,1.17814,0.283721,0.748337,,,3.42829,3.61759,3.61019,46.90999984741211,,,,,,,915.7,5.144382022471911,847,4.758426966292135,,,,,,,,,,,,,,,,,,,"Dylan Cease","18525",656302
"Michael King","SDP",14,8,,3.26786,31,31,0,0,,177,743,151,70,64,18,62,,7,195,9.91071,3.16071,3.13559,0.910714,0.262784,0.0838068,0.17897724360227585,0.224138,1.20238,0.288991,0.763187,,,3.45815,3.53354,3.88893,63.84000015258789,,,,,,,878.7999999999998,4.9649717514124285,834,4.711864406779661,,,,,,,,,,,,,,,,,,,"Michael King","19853",650633
"Cole Ragans","KCR",11,8,,3.51248,31,31,0,0,,175,733,150,74,68,18,65,,6,195,10.0192,3.33973,3,0.921305,0.265244,0.0884146,0.1768292635679245,0.22597,1.22841,0.292804,0.742925,,,3.47998,3.51268,3.81846,47.290000915527344,,,,,,,860.5999999999999,4.917714285714285,818,4.674285714285714,,,,,,,,,,,,,,,,,,,"Cole Ragans","21846",666142
"Logan Gilbert","SEA",12,8,,3.28571,32,32,0,0,,191,767,164,76,70,23,44,,4,192,9.04762,2.04762,4.4186,1.09524,0.25066,0.0567282,0.19393141195178032,0.227848,1.08466,0.279116,0.752315,,,3.48394,3.49046,3.76383,26.260000228881836,,,,,,,944.1,4.942931937172775,896,4.69109947643979,,,,,,,,,,,,,,,,,,,"Logan Gilbert","22250",669302
"Pablo López","MIN",13,10,,3.77586,32,32,0,0,,188,778,172,85,79,24,46,,9,197,9.41379,2.22414,4.23256,1.13793,0.252778,0.0597222,0.19305556267499924,0.237668,1.16092,0.294624,0.718458,,,3.59751,3.48065,3.07335,70.76000213623047,,,,,,,877.8,4.669148936170212,857,4.558510638297872,,,,,,,,,,,,,,,,,,,"Pablo Lopez","17085",641154
"Blake Snell","LAD",10,6,,3.38346,29,29,0,0,,149,619,112,61,56,16,67,,2,197,11.9098,4.06015,2.93333,0.947368,0.318841,0.108696,0.21014491468667984,0.204082,1.20301,0.286667,0.754986,,,3.28678,3.42947,3.17537,42.97999954223633,,,,,,,801.6000000000001,5.3798657718120815,724,4.859060402684563,,,,,,,,,,,,,,,,,,,"Blake Snell","13543",605483
"Reynaldo López","ATL",11,5,,3.19835,31,31,0,0,,166,681,140,63,59,16,55,,3,179,9.66942,2.97521,3.25,0.892562,0.262097,0.0806452,0.18145160377025604,0.22467,1.17355,0.288462,0.766773,,,3.3483,3.42127,4.31858,165.91000366210938,,,,,,,851.6000000000001,5.130120481927712,806,4.855421686746988,,,,,,,,,,,,,,,,,,,"Reynaldo Lopez","16400",625643
"Sonny Gray","STL",13,8,,3.42685,31,31,0,0,,177,723,153,73,67,20,49,,6,185,9.37876,2.46493,3.80488,1.02204,0.255319,0.0671031,0.18821600824594498,0.228319,1.1356,0.285714,0.738714,,,3.48044,3.39707,3.73708,114.16000366210938,,,,,,,871,4.9209039548022595,830,4.6892655367231635,,,,,,,,,,,,,,,,,,,"Sonny Gray","12768",543243
"George Kirby","SEA",12,8,,3.32372,28,28,0,0,,159,647,150,63,59,17,23,,6,149,8.41316,1.29833,6.48,0.986728,0.229787,0.035461,0.194326251745224,0.24184,1.08482,0.292089,0.737299,,,3.25881,3.35423,3.16293,60.84000015258789,,,,,,,788.5000000000002,4.959119496855347,785,4.937106918238993,,,,,,,,,,,,,,,,,,,"George Kirby","25436",669923
"Hunter Greene","CIN",9,8,,3.61633,29,29,0,0,,167,674,121,72,67,18,57,,19,186,10.0324,3.09138,3.24528,0.991575,0.275641,0.0849359,0.19070512056350708,0.202532,1.06935,0.260989,0.694051,,,3.74976,3.29316,3.79701,94.33999633789062,,,,,,,843.7999999999998,5.052694610778442,745,4.461077844311378,,,,,,,,,,,,,,,,,,,"Hunter Greene","22182",668881
"Kevin Gausman","TOR",14,10,,3.65089,32,32,0,0,,188,788,179,82,76,23,52,,2,183,8.74001,2.48924,3.51111,1.10633,0.232012,0.0660793,0.16593245416879654,0.24448,1.22926,0.296053,0.75,,,3.68891,3.2929,3.34021,169.83999633789062,,,,,,,846.9000000000002,4.5047872340425545,845,4.49468085106383,,,,,,,,,,,,,,,,,,,"Kevin Gausman","14107",592332
"Spencer Strider","ATL",10,6,,3.29356,23,23,0,0,,128,519,99,51,47,14,39,,6,172,12.1718,2.72076,4.47368,1.00239,0.332031,0.0742187,0.2578125074505806,0.209402,1.08194,0.295775,0.738832,,,2.95964,3.27133,3.06105,110.56999969482422,,,,,,,726.6,5.6765625,667,5.2109375,,,,,,,,,,,,,,,,,,,"Spencer Strider","27498",675911
"Tyler Glasnow","LAD",10,6,,3.41956,24,24,0,0,,137,543,107,56,52,18,39,,0,168,11.059,2.54648,4.34286,1.16411,0.308943,0.0711382,0.23780490458011627,0.212254,1.0671,0.280277,0.739051,,,3.23924,3.23906,2.93389,92.86000061035156,,,,,,,733.2000000000003,5.35182481751825,670,4.890510948905109,,,,,,,,,,,,,,,,,,,"Tyler Glasnow","14374",607192
"Justin Steele","CHC",9,6,,3.3448,29,29,0,0,,162,668,146,65,60,16,43,,6,151,8.42395,2.41569,3.48718,0.867171,0.226667,0.065,0.16166666895151138,0.235612,1.16999,0.288177,0.744681,,,3.45554,3.1163,3.5401,118.0999984741211,,,,,,,777.4,4.798765432098765,757,4.672839506172839,,,,,,,,,,,,,,,,,,,"Justin Steele","17312",657006
"Shane McClanahan","TBR",11,7,,3.25203,34,26,0,1,,159,638,134,62,57,19,40,,1,170,9.5935,2.27642,4.21429,1.05691,0.265766,0.0630631,0.20270269364118576,0.224096,1.09304,0.28169,0.758755,,,3.34715,3.09579,3.29659,120.29000091552734,,,,,,,815.5000000000001,5.128930817610064,769,4.836477987421383,,,,,,,,,,,,,,,,,,,"Shane McClanahan","21483",663556
"Clay Holmes","NYM",16,11,,3.65854,49,23,0,1,,173,758,178,77,70,13,53,,8,150,7.80488,2.76423,2.82353,0.650406,0.197938,0.0701031,0.12783505767583847,0.255605,1.33695,0.309942,0.723684,,,3.42845,3.07054,2.48961,242.8800048828125,,,,,,,778.5,4.5,817,4.722543352601156,,,,,,,,,,,,,,,,,,,"Clay Holmes","13649",605280
"Framber Valdez","HOU",14,8,,3.26316,29,29,0,0,,178,738,153,70,65,17,58,,9,165,8.31579,2.94737,2.82143,0.842105,0.222849,0.0789845,0.14386460185050964,0.228261,1.18713,0.278723,0.753045,,,3.67525,3.06899,4.00863,63,,,,,,,839.3000000000002,4.715168539325844,798,4.48314606741573,,,,,,,,,,,,,,,,,,,"Framber Valdez","17295",664285
"Jacob deGrom","TEX",6,2,,3.13346,26,26,0,0,,112,434,84,41,39,15,24,,2,149,12.0116,1.91489,6.27273,1.21857,0.343284,0.0547264,0.28855719417333603,0.206349,0.967118,0.283186,0.771144,,,2.95371,3.03184,2.92264,47.43000030517578,,,,,,,645.9000000000002,5.7669642857142875,585,5.223214285714286,,,,,,,,,,,,,,,,,,,"Jacob deGrom","10954",594798
"Tanner Houck","BOS",11,8,,3.81503,41,29,0,1,,178,750,165,81,75,16,54,,15,161,8.15029,2.71676,3,0.809249,0.214939,0.0716463,0.14329268783330917,0.241611,1.22672,0.294785,0.700117,,,3.68029,3.00392,3.14529,221.92999267578125,,,,,,,810.4000000000001,4.5528089887640455,801,4.5,,,,,,,,,,,,,,,,,,,"Tanner Houck","19879",656557
"Ranger Suárez","PHI",11,9,,3.64447,40,28,0,1,,164,690,153,72,66,16,51,,5,147,8.0302,2.77968,2.88889,0.864791,0.212418,0.0735294,0.1388888955116272,0.241563,1.24228,0.291169,0.724907,,,3.64006,2.94217,2.92001,264.5,,,,,,,749.0000000000002,4.5670731707317085,742,4.524390243902439,,,,,,,,,,,,,,,,,,,"Ranger Suarez","17277",624133
"Cristopher Sánchez","PHI",10,9,,3.87399,29,29,0,0,,172,721,167,80,74,19,45,,5,145,7.57954,2.35808,3.21429,1.01061,0.200893,0.0625,0.1383928656578064,0.2496,1.23518,0.292373,0.711806,,,3.8215,2.93021,2.81905,164.72000122070312,,,,,,,744.8999999999999,4.330813953488371,753,4.377906976744186,,,,,,,,,,,,,,,,,,,"Cristopher Sanchez","20778",650911
"Luis Castillo","SEA",13,10,,3.48214,31,31,0,0,,178,730,154,74,69,21,51,,6,181,9.16071,2.57143,3.5625,1.07143,0.248547,0.0697674,0.17877908051013947,0.228707,1.14881,0.282167,0.745455,,,3.64267,2.90424,3.13618,98.77999877929688,,,,,,,849.5000000000001,4.77247191011236,808,4.53932584269663,,,,,,,,,,,,,,,,,,,"Luis Castillo","15689",622491
"Joe Ryan","MIN",10,8,,3.77206,28,28,0,0,,156,631,134,71,65,21,36,,8,166,9.59559,2.05147,4.67742,1.19118,0.263636,0.0563636,0.2072727158665657,0.228516,1.08824,0.283668,0.700326,,,3.59295,2.89576,2.49933,92.91000366210938,,,,,,,747.7000000000002,4.792948717948719,707,4.532051282051282,,,,,,,,,,,,,,,,,,,"Joe Ryan","21390",657746
"Brandon Woodruff","MIL",9,7,,3.44444,26,26,0,0,,150,613,126,63,57,20,44,,6,172,10.3333,2.66667,3.875,1.22222,0.280967,0.0725075,0.20845921337604523,0.223684,1.1358,0.285,0.75718,,,3.63562,2.77443,3.17338,248,,,,,,,730.4,4.8693333333333335,684,4.56,,,,,,,,,,,,,,,,,,,"Brandon Woodruff","16162",605540
"Shota Imanaga","CHC",10,8,,3.49342,29,29,0,0,,164,674,149,69,64,22,38,,5,165,9.05921,2.07237,4.37143,1.18421,0.245192,0.0560897,0.18910257518291473,0.236301,1.13816,0.287105,0.751724,,,3.65332,2.75872,3.22251,76.97000122070312,,,,,,,756.6,4.613414634146341,735,4.4817073170731705,,,,,,,,,,,,,,,,,,,"Shota Imanaga","33829",684007
"Spencer Schwellenbach","ATL",12,8,,3.61963,29,29,0,0,,158,650,147,69,64,19,33,,8,152,8.65031,1.90184,4.54839,1.10429,0.234219,0.051495,0.1827242635190487,0.241135,1.13838,0.291358,0.726375,,,3.61638,2.73689,3.11428,83.27999877929688,,,,,,,734.3,4.647468354430379,724,4.582278481012659,,,,,,,,,,,,,,,,,,,"Spencer Schwellenbach","31846",680885
"Zach Eflin","BAL",12,9,,3.75252,29,29,0,0,,172,708,173,78,72,22,29,,5,141,7.384,1.51311,4.88,1.14997,0.199673,0.0409165,0.15875614061951637,0.256014,1.17014,0.294785,0.725916,,,3.77173,2.70942,2.62307,193.86000061035156,,,,,,,732.3999999999999,4.25813953488372,754,4.383720930232558,,,,,,,,,,,,,,,,,,,"Zach Eflin","13774",621107
"Seth Lugo","KCR",12,10,,3.80834,31,31,0,0,,186,777,180,85,78,22,51,,7,156,7.56067,2.46422,3.06818,1.06409,0.200594,0.0653789,0.13521545380353928,0.250401,1.24456,0.292111,0.726644,,,3.95677,2.68226,3.38794,185.02000427246094,,,,,,,775.8000000000002,4.170967741935485,782,4.204301075268817,,,,,,,,,,,,,,,,,,,"Seth Lugo","12447",607625
"Tanner Bibee","CLE",10,8,,3.48097,29,29,0,0,,161,665,142,67,62,20,45,,6,164,9.15159,2.52651,3.62222,1.12289,0.246596,0.0680787,0.1785173863172531,0.231148,1.16032,0.283372,0.753165,,,3.70921,2.68192,3.22441,90.63999938964844,,,,,,,751.2,4.665838509316771,720,4.472049689440993,,,,,,,,,,,,,,,,,,,"Tanner Bibee","30134",676440
"Hunter Brown","HOU",12,9,,3.72,29,29,0,0,,165,699,148,74,68,19,59,,5,168,9.18,3.24,2.83333,1.02,0.240566,0.0849057,0.15566039830446243,0.233969,1.26,0.289926,0.738499,,,3.77981,2.63839,2.69314,95.58999633789062,,,,,,,746.5,4.524242424242424,722,4.375757575757576,,,,,,,,,,,,,,,,,,,"Hunter Brown","25880",686613
"Carlos Rodón","NYY",12,11,,4.04494,31,31,0,0,,166,691,143,81,75,24,54,,8,182,9.87442,2.91474,3.38775,1.30866,0.263911,0.0779014,0.18600951880216599,0.226876,1.18308,0.280519,0.708502,,,3.97282,2.59307,2.1383,135.69000244140625,,,,,,,739.4000000000001,4.45421686746988,696,4.192771084337349,,,,,,,,,,,,,,,,,,,"Carlos Rodon","16137",607074
"Roki Sasaki","LAD",11,7,,3.66467,24,24,0,0,,131,530,112,58,53,18,36,,9,160,10.994,2.47904,4.43478,1.23952,0.301775,0.0680473,0.23372782766819,0.231392,1.13174,0.306905,0.733418,,,3.5557,2.5928,2.30993,97.79000091552734,,,,,,,641.8000000000002,4.899236641221376,606,4.625954198473282,,,,,,,,,,,,,,,,,,,"Roki Sasaki","sa3025686",808963
"Zac Gallen","ARI",12,8,,3.45083,29,29,0,0,,168,694,146,70,65,19,53,,6,162,8.68275,2.83859,3.05882,1.00186,0.234234,0.0765766,0.1576576679944992,0.229885,1.1812,0.28046,0.747889,,,3.74162,2.56175,3.71557,120.9800033569336,,,,,,,776.9,4.624404761904762,740,4.404761904761905,,,,,,,,,,,,,,,,,,,"Zac Gallen","19291",668678
"MacKenzie Gore","WSN",10,10,,3.98065,31,31,0,0,,159,689,150,76,70,19,60,,7,168,9.51624,3.42087,2.78182,1.05736,0.244019,0.0877193,0.15629985183477402,0.240283,1.31997,0.300505,0.729665,,,3.84374,2.53144,2.31218,206.42999267578125,,,,,,,687.9000000000001,4.326415094339623,683,4.29559748427673,,,,,,,,,,,,,,,,,,,"MacKenzie Gore","22201",669022
"Drew Rasmussen","TBR",10,5,,2.93351,43,19,0,1,,122,491,104,43,40,10,29,,3,120,8.80052,2.11213,4.16667,0.704042,0.243506,0.0584416,0.18506493046879768,0.225694,1.08214,0.285024,0.75067,,,3.01003,2.51008,2.62045,241.77999877929688,,,,,,,657.4000000000002,5.388524590163936,628,5.147540983606557,,,,,,,,,,,,,,,,,,,"Drew Rasmussen","25385",656876
"Freddy Peralta","MIL",10,9,,3.7617,31,31,0,0,,164,680,130,74,69,22,63,,8,185,10.1061,3.42483,2.95082,1.17904,0.271493,0.092006,0.1794871911406517,0.213805,1.1728,0.26972,0.7314,,,3.91508,2.49469,2.91104,100.02999877929688,,,,,,,762,4.646341463414634,691,4.213414634146342,,,,,,,,,,,,,,,,,,,"Freddy Peralta","18679",642547
"Mitch Keller","PIT",11,11,,4.01786,31,31,0,0,,178,762,173,86,80,21,52,,13,161,8.14286,2.625,3.10204,1.07143,0.211699,0.0682451,0.14345403015613556,0.248097,1.2619,0.294845,0.711957,,,3.99386,2.48855,2.76025,297.92999267578125,,,,,,,736.1000000000001,4.1353932584269675,744,4.179775280898877,,,,,,,,,,,,,,,,,,,"Mitch Keller","17594",656605
"Brayan Bello","BOS",11,11,,4.09889,28,28,0,0,,150,650,147,74,68,15,55,,6,139,8.3149,3.27911,2.53571,0.878334,0.213534,0.0842105,0.129323311150074,0.248756,1.34027,0.302691,0.702703,,,3.79758,2.48161,2.26287,359.54998779296875,,,,,,,638.3,4.255333333333333,650,4.333333333333333,,,,,,,,,,,,,,,,,,,"Brayan Bello","23920",678394
"Yusei Kikuchi","LAA",9,9,,4.09091,31,31,0,0,,162,694,157,79,74,25,53,,5,182,10.1329,2.95804,3.42553,1.38462,0.262643,0.0766721,0.18597064167261124,0.247331,1.3007,0.308707,0.747423,,,3.98466,2.48032,2.23154,165.10000610351562,,,,,,,673.0999999999999,4.154938271604938,675,4.166666666666667,,,,,,,,,,,,,,,,,,,"Yusei Kikuchi","20633",579328
"Nathan Eovaldi","TEX",9,10,,4.19624,29,29,0,0,,168,694,155,84,78,23,44,,6,155,8.32985,2.37996,3.5,1.25261,0.223529,0.0638655,0.1596638634800911,0.240942,1.18998,0.283208,0.692308,,,4.02243,2.42141,1.95248,202.02000427246094,,,,,,,717.3000000000002,4.269642857142858,701,4.1726190476190474,,,,,,,,,,,,,,,,,,,"Nathan Eovaldi","9132",543135
"Bailey Ober","MIN",9,9,,3.91555,29,29,0,0,,163,660,145,77,71,25,39,,5,167,9.21305,2.13052,4.32432,1.38196,0.252366,0.0583596,0.1940063238143921,0.234797,1.12604,0.281863,0.716292,,,3.92144,2.39257,2.3111,80.86000061035156,,,,,,,723.7,4.439877300613497,692,4.245398773006135,,,,,,,,,,,,,,,,,,,"Bailey Ober","21224",641927
"Clarke Schmidt","NYY",8,8,,3.90566,32,26,0,1,,139,591,124,66,61,16,46,,9,142,9.16981,2.9717,3.08571,1.01887,0.240535,0.077951,0.16258352249860764,0.230958,1.21698,0.285714,0.7041,,,3.78912,2.37048,1.91192,233.91000366210938,,,,,,,632.4000000000002,4.549640287769786,610,4.388489208633094,,,,,,,,,,,,,,,,,,,"Clarke Schmidt","19899",657376
"Jared Jones","PIT",8,9,,3.88589,36,28,0,1,,151,627,135,71,65,19,45,,7,152,9.09021,2.70625,3.35897,1.11025,0.243043,0.0723562,0.17068646103143692,0.234818,1.19507,0.288184,0.708899,,,3.791,2.35121,2.43783,138.7100067138672,,,,,,,684.7,4.534437086092716,660,4.370860927152318,,,,,,,,,,,,,,,,,,,"Jared Jones","27863",683003
"Bryce Miller","SEA",11,8,,3.62949,31,31,0,0,,168,685,148,73,68,21,44,,6,156,8.33648,2.32514,3.58537,1.13422,0.227907,0.0635659,0.16434109210968018,0.232441,1.13422,0.276102,0.730263,,,3.84071,2.33892,2.59803,78.70999908447266,,,,,,,762.1000000000001,4.536309523809525,729,4.339285714285714,,,,,,,,,,,,,,,,,,,"Bryce Miller","29837",682243
"Jack Flaherty","DET",12,8,,3.85809,29,29,0,0,,158,664,139,73,68,22,51,,8,177,10.1109,2.92683,3.45455,1.26386,0.267135,0.0773287,0.18980666995048523,0.22973,1.20473,0.288184,0.733138,,,3.87601,2.32547,2.37481,140.83999633789062,,,,,,,714.1999999999999,4.520253164556961,681,4.310126582278481,,,,,,,,,,,,,,,,,,,"Jack Flaherty","17479",656427
"Grayson Rodriguez","BAL",9,8,,3.77157,24,24,0,0,,134,561,120,61,56,17,40,,6,144,9.61381,2.66228,3.61111,1.10929,0.255906,0.0708661,0.18503939360380173,0.233405,1.19145,0.291925,0.725806,,,3.64306,2.31716,2.018,133.63999938964844,,,,,,,620.4999999999999,4.630597014925372,599,4.470149253731344,,,,,,,,,,,,,,,,,,,"Grayson Rodriguez","24492",680570
"Kodai Senga","NYM",10,8,,3.5141,34,26,0,1,,157,658,126,66,61,17,71,,5,170,9.69631,4.03471,2.40323,0.976139,0.257785,0.107266,0.15051903575658798,0.216797,1.2509,0.275862,0.756579,,,3.85339,2.28198,2.85022,157.57000732421875,,,,,,,741.1,4.720382165605096,680,4.3312101910828025,,,,,,,,,,,,,,,,,,,"Kodai Senga","31838",673540
"Nestor Cortes","MIL",10,6,,3.53635,44,21,0,1,,145,589,127,62,57,19,36,,3,144,8.95874,2.23969,4,1.17878,0.245161,0.0612903,0.18387096002697945,0.231433,1.12639,0.280098,0.743056,,,3.68383,2.23922,2.55132,267.95001220703125,,,,,,,684.0999999999999,4.717931034482758,653,4.503448275862069,,,,,,,,,,,,,,,,,,,"Nestor Cortes","17874",641482
"Jhoan Duran","MIN",10,3,,2.36066,65,0,22,5,,65,265,50,18,17,3,19,,4,81,11.2131,2.65574,4.22222,0.442623,0.305221,0.0722892,0.2329317182302475,0.207048,1.06557,0.297297,0.789474,,,2.39599,2.19533,2.45783,67.76000213623047,,,,,,,537.1,8.263076923076923,509,7.8307692307692305,,,,,,,,,,,,,,,,,,,"Jhoan Duran","21029",661395
"Brandon Pfaadt","ARI",9,7,,3.84181,32,23,0,1,,138,574,130,64,59,17,31,,6,138,8.98305,2.0339,4.41667,1.12994,0.239819,0.0542986,0.18552033603191376,0.241935,1.16761,0.294785,0.708861,,,3.61218,2.18734,2.20094,175.9499969482422,,,,,,,643.1,4.660144927536232,638,4.6231884057971016,,,,,,,,,,,,,,,,,,,"Brandon Pfaadt","27782",694297
"Brady Singer","CIN",8,11,,4.83685,29,29,0,0,,163,704,165,95,87,25,50,,10,158,8.7524,2.76392,3.16667,1.38196,0.224852,0.0710059,0.1538461521267891,0.255663,1.31798,0.303167,0.667053,,,4.33091,2.16282,1.26544,336.9700012207031,,,,,,,605.7,3.715950920245399,626,3.8404907975460123,,,,,,,,,,,,,,,,,,,"Brady Singer","25377",663903
"Walker Buehler","BOS",8,6,,3.91947,39,26,0,1,,144,610,142,68,63,17,40,,5,127,7.9129,2.51438,3.14706,1.03533,0.208171,0.0661479,0.14202333986759186,0.252101,1.26541,0.298592,0.721726,,,3.84027,2.12425,2.26697,259.45001220703125,,,,,,,610.3000000000002,4.238194444444446,622,4.319444444444445,,,,,,,,,,,,,,,,,,,"Walker Buehler","19374",621111
"José Soriano","LAA",9,7,,4.03789,26,26,0,0,,144,621,123,70,65,13,63,,17,139,8.70389,3.94816,2.20455,0.807577,0.224018,0.101617,0.12240185588598251,0.228117,1.29611,0.284133,0.689949,,,4.07376,2.05943,2.00656,326.6600036621094,,,,,,,623.9000000000001,4.33263888888889,589,4.090277777777778,,,,,,,,,,,,,,,,,,,"Jose Soriano","22100",667755
"Yu Darvish","SDP",11,10,,4.03448,29,29,0,0,,161,665,144,78,72,22,43,,10,151,8.4569,2.40517,3.51613,1.24138,0.227557,0.0647182,0.16283922642469406,0.235828,1.16379,0.278481,0.701599,,,4.06303,2.05895,1.94551,231.74000549316406,,,,,,,689.4000000000002,4.281987577639753,662,4.111801242236025,,,,,,,,,,,,,,,,,,,"Yu Darvish","13074",506433
"Bryan Woo","SEA",7,5,,3.53649,26,26,0,0,,124,498,109,53,49,15,25,,7,115,8.29992,1.80433,4.6,1.0826,0.23,0.05,0.18000000715255737,0.232906,1.07458,0.278106,0.716814,,,3.65565,2.00276,2.01698,134.1699981689453,,,,,,,583.6999999999999,4.707258064516129,559,4.508064516129032,,,,,,,,,,,,,,,,,,,"Bryan Woo","30279",693433
"Emmanuel Clase","CLE",6,1,,2.15493,66,0,34,2,,66,253,50,17,16,4,13,,1,65,8.87324,1.77465,5,0.507042,0.257353,0.0514706,0.20588232949376106,0.210117,0.957746,0.273224,0.801282,,,2.56085,1.99968,2.68757,34.279998779296875,,,,,,,575.2,8.715151515151517,544,8.242424242424242,,,,,,,,,,,,,,,,,,,"Emmanuel Clase","21032",661403
"Chris Bassitt","TOR",11,11,,4.04034,31,31,0,0,,175,752,166,86,79,22,60,,14,158,8.13923,3.10345,2.62264,1.11256,0.210606,0.080303,0.1303030401468277,0.245378,1.29473,0.290618,0.719258,,,4.23349,1.96081,2.07182,349.7099914550781,,,,,,,686.8000000000001,3.924571428571429,683,3.902857142857143,,,,,,,,,,,,,,,,,,,"Chris Bassitt","12304",605135
"Nick Lodolo","CIN",7,9,,4.59981,24,24,0,0,,126,547,113,69,64,16,43,,21,137,9.80714,3.03761,3.22857,1.12825,0.251111,0.0777778,0.17333333939313889,0.233668,1.23433,0.294118,0.64663,,,4.12116,1.95984,1.39503,243.57000732421875,,,,,,,523.8000000000002,4.157142857142858,504,4,,,,,,,,,,,,,,,,,,,"Nick Lodolo","26378",666157
"Eduardo Rodriguez","ARI",11,8,,3.67521,32,24,0,1,,141,599,137,62,58,16,44,,3,130,8.2906,2.82051,2.93939,1.02564,0.217489,0.073991,0.1434977650642395,0.248175,1.28205,0.298013,0.752961,,,3.80276,1.94046,2.69369,395.9800109863281,,,,,,,613.4000000000001,4.350354609929079,620,4.397163120567376,,,,,,,,,,,,,,,,,,,"Eduardo Rodriguez","13164",593958
"Reese Olson","DET",6,7,,3.94669,26,26,0,0,,125,526,111,59,55,13,44,,4,116,8.3577,3.17283,2.63415,0.928633,0.219959,0.0835031,0.1364562138915062,0.233184,1.24678,0.282209,0.702028,,,3.81136,1.93474,1.74564,257.8999938964844,,,,,,,564.5,4.516,544,4.352,,,,,,,,,,,,,,,,,,,"Reese Olson","24968",681857
"José Berríos","TOR",13,12,,4.0578,32,32,0,0,,193,814,185,94,87,28,53,,12,165,7.69942,2.44509,3.14894,1.30058,0.203018,0.0644719,0.1385459527373314,0.247392,1.23121,0.283133,0.724719,,,4.33989,1.93264,2.37354,248.63999938964844,,,,,,,737.8000000000002,3.8227979274611408,736,3.8134715025906734,,,,,,,,,,,,,,,,,,,"Jose Berrios","14168",621244
"Germán Márquez","COL",8,10,,4.59266,28,28,0,0,,146,627,147,81,75,18,51,,3,119,7.33214,3.14235,2.33333,1.12802,0.190377,0.08159,0.10878660529851913,0.256293,1.35184,0.295181,0.677321,,,4.26764,1.92927,1.98468,632.280029296875,,,,,,,552.8000000000002,3.786301369863015,572,3.9178082191780823,,,,,,,,,,,,,,,,,,,"German Marquez","15038",608566
"Edwin Díaz","NYM",7,4,,2.94545,65,0,36,1,,65,262,44,22,21,6,22,,5,96,13.2545,3.10909,4.26316,0.818182,0.364865,0.0855856,0.27927926927804947,0.18593,1.01818,0.283186,0.755102,,,2.65739,1.87724,1.77295,39.40999984741211,,,,,,,587.8000000000001,9.043076923076924,542,8.338461538461539,,,,,,,,,,,,,,,,,,,"Edwin Diaz","14710",621242
"Jesús Luzardo","PHI",10,8,,4.36413,40,26,0,1,,154,647,138,80,75,23,54,,6,160,9.30467,3.129,2.97368,1.31747,0.246725,0.0829694,0.16375543922185898,0.235577,1.24428,0.285714,0.695423,,,4.15459,1.86555,1.48585,246.0500030517578,,,,,,,641.9000000000001,4.168181818181819,615,3.9935064935064934,,,,,,,,,,,,,,,,,,,"Jesus Luzardo","19959",666200
"Max Scherzer","TOR",8,6,,3.60671,27,21,0,1,,119,482,103,51,48,17,29,,6,122,9.22647,2.1808,4.23077,1.25815,0.252874,0.0597701,0.19310345500707626,0.230198,1.10904,0.27957,0.744898,,,3.80022,1.84059,2.14729,282.6000061035156,,,,,,,546.6999999999998,4.594117647058822,517,4.34453781512605,,,,,,,,,,,,,,,,,,,"Max Scherzer","3137",453286
"Mason Miller","ATH",3,1,,2.8125,67,0,30,2,,67,264,44,23,21,6,23,,3,97,13.0781,3.09375,4.22727,0.84375,0.369048,0.0873016,0.2817460224032402,0.185022,1,0.28125,0.755396,,,2.65085,1.83966,1.69281,46.310001373291016,,,,,,,581.6,8.680597014925374,531,7.925373134328358,,,,,,,,,,,,,,,,,,,"Mason Miller","31757",695243
"David Peterson","NYM",8,8,,4.08771,32,26,0,1,,141,614,133,69,64,14,57,,8,132,8.45732,3.66484,2.30769,0.91621,0.21544,0.0933573,0.12208259850740433,0.242972,1.35474,0.29589,0.710594,,,3.99655,1.83727,1.57814,347.7900085449219,,,,,,,598.4000000000001,4.2439716312056746,596,4.226950354609929,,,,,,,,,,,,,,,,,,,"David Peterson","20302",656849
"Taj Bradley","TBR",10,10,,4.07299,29,29,0,0,,148,621,134,72,67,21,48,,4,149,9.06569,2.89051,3.13636,1.24818,0.24,0.0765217,0.16347825527191162,0.235294,1.22628,0.283784,0.714286,,,4.0059,1.82905,1.62231,197,,,,,,,630.5000000000001,4.260135135135136,609,4.114864864864865,,,,,,,,,,,,,,,,,,,"Taj Bradley","22543",671737
"Ryan Feltner","COL",6,9,,4.66423,31,31,0,0,,162,704,165,91,84,22,58,,7,140,7.75182,3.21898,2.40816,1.24818,0.198319,0.0823529,0.11596637964248657,0.257407,1.37226,0.297767,0.687732,,,4.45115,1.81766,2.09968,678.030029296875,,,,,,,584.1999999999999,3.6061728395061725,609,3.759259259259259,,,,,,,,,,,,,,,,,,,"Ryan Feltner","21446",663372
"Devin Williams","NYY",7,3,,2.64108,63,0,31,3,,63,250,40,20,18,4,28,,3,87,12.3928,4.06321,3.05,0.609481,0.346591,0.113636,0.23295454680919647,0.181818,1.08352,0.277778,0.776256,,,2.78273,1.80373,1.99078,40.86000061035156,,,,,,,561,8.904761904761905,511,8.11111111111111,,,,,,,,,,,,,,,,,,,"Devin Williams","15816",642207
"Sean Manaea","NYM",9,8,,4.3125,28,28,0,0,,155,654,141,81,74,23,51,,8,156,9.0625,2.9375,3.08511,1.3125,0.239274,0.0775578,0.16171617060899734,0.237319,1.23611,0.284974,0.693136,,,4.17342,1.78774,1.26836,237.42999267578125,,,,,,,632.5,4.080645161290323,611,3.9419354838709677,,,,,,,,,,,,,,,,,,,"Sean Manaea","15873",640455
"Nick Pivetta","SDP",10,9,,4.19549,28,28,0,0,,154,641,139,78,72,26,49,,3,167,9.74436,2.8421,3.42857,1.48872,0.26087,0.076087,0.18478260934352875,0.236686,1.21804,0.28739,0.724085,,,4.16648,1.78698,1.50288,179.86000061035156,,,,,,,636.4000000000002,4.132467532467534,610,3.961038961038961,,,,,,,,,,,,,,,,,,,"Nick Pivetta","15454",601713
"Marcus Stroman","NYY",9,10,,4.33577,29,29,0,0,,159,681,156,82,76,19,56,,6,117,6.63504,3.15328,2.10417,1.05109,0.171769,0.0816327,0.09013605862855911,0.252336,1.33577,0.284689,0.697385,,,4.37086,1.77722,1.59388,521.1400146484375,,,,,,,585.3000000000001,3.6811320754716985,596,3.748427672955975,,,,,,,,,,,,,,,,,,,"Marcus Stroman","13431",573186
"Michael Wacha","KCR",9,8,,4.07098,28,28,0,0,,151,635,147,74,68,20,44,,4,125,7.45303,2.63048,2.83333,1.18998,0.19702,0.0695364,0.12748344242572784,0.250896,1.26653,0.288095,0.720721,,,4.18944,1.77518,2.23543,279.95001220703125,,,,,,,595.2,3.941721854304636,601,3.980132450331126,,,,,,,,,,,,,,,,,,,"Michael Wacha","14078",608379
"Matthew Boyd","CHC",8,4,,3.61809,33,23,0,1,,114,472,99,50,46,13,34,,6,119,9.34673,2.71357,3.44444,1.05528,0.251012,0.0728745,0.1781376525759697,0.230088,1.17253,0.286624,0.730897,,,3.66899,1.74779,1.93227,316.6000061035156,,,,,,,548.3,4.809649122807017,523,4.587719298245614,,,,,,,,,,,,,,,,,,,"Matthew Boyd","15440",571510
"Andrés Muñoz","SEA",8,3,,2.62436,64,0,26,4,,64,259,44,20,19,4,24,,4,87,12.1955,3.39623,3.59091,0.617496,0.334746,0.0932203,0.24152542650699615,0.190476,1.06346,0.283465,0.780142,,,2.68621,1.71284,1.86064,61.90999984741211,,,,,,,546,8.53125,504,7.875,,,,,,,,,,,,,,,,,,,"Andres Munoz","20373",662253
"Kumar Rocker","TEX",3,3,,3.81729,29,23,0,1,,97,402,87,44,41,13,27,,2,101,9.39641,2.49592,3.76471,1.17455,0.25098,0.0666667,0.18431373685598373,0.232068,1.17455,0.284849,0.723684,,,3.65588,1.71055,1.52949,299.1199951171875,,,,,,,450.7000000000001,4.646391752577321,435,4.484536082474227,,,,,,,,,,,,,,,,,,,"Kumar Rocker","31843",677958
"Tyler Mahle","TEX",6,6,,4.22449,24,24,0,0,,125,521,113,64,59,17,41,,4,116,8.35714,2.93878,2.84375,1.19388,0.223587,0.0786241,0.14496314525604248,0.236559,1.22449,0.279851,0.687623,,,4.10526,1.68399,1.2988,455.92999267578125,,,,,,,519.0999999999999,4.152799999999999,501,4.008,,,,,,,,,,,,,,,,,,,"Tyler Mahle","16358",641816
"Andre Pallante","STL",8,8,,3.82328,39,23,0,1,,142,615,138,65,60,11,57,,5,105,6.65251,3.59388,1.85106,0.68819,0.170254,0.0919765,0.07827787846326828,0.25,1.37638,0.291209,0.722892,,,3.98211,1.67588,2.02874,513.6900024414062,,,,,,,584.7,4.1176056338028175,595,4.190140845070423,,,,,,,,,,,,,,,,,,,"Andre Pallante","26108",669467
"Ryan Pepiot","TBR",10,7,,3.86777,29,29,0,0,,145,606,123,67,62,19,54,,10,153,9.52066,3.34711,2.84444,1.19008,0.252465,0.0887574,0.16370806097984314,0.226872,1.22314,0.280645,0.732484,,,4.08384,1.65991,1.97133,166.92999267578125,,,,,,,633.5,4.36896551724138,592,4.082758620689655,,,,,,,,,,,,,,,,,,,"Ryan Pepiot","26221",686752
"Tanner Scott","LAD",9,4,,2.92467,66,0,25,8,,66,274,49,23,21,4,29,,3,81,11.034,3.98818,2.76667,0.531758,0.295374,0.106762,0.18861211091279984,0.201613,1.18168,0.285714,0.752688,,,2.94491,1.65263,1.76342,111.66000366210938,,,,,,,534.8000000000001,8.103030303030303,501,7.590909090909091,,,,,,,,,,,,,,,,,,,"Tanner Scott","17586",656945
"Félix Bautista","BAL",6,2,,2.56167,60,0,26,4,,60,232,40,18,17,6,20,,1,83,12.4668,3.074,4.05556,0.85389,0.357843,0.0882353,0.26960786432027817,0.189189,1.00569,0.280374,0.804348,,,2.71107,1.64609,1.98788,63.790000915527344,,,,,,,515.2,8.586666666666668,471,7.85,,,,,,,,,,,,,,,,,,,"Felix Bautista","20666",642585
"Reid Detmers","LAA",6,8,,4.29139,26,18,0,1,,108,458,97,56,51,14,38,,6,118,9.89404,3.15894,3.13208,1.19205,0.258567,0.0825545,0.17601245641708374,0.234079,1.25166,0.293671,0.689441,,,3.90158,1.64051,1.15154,366.6700134277344,,,,,,,482.8,4.470370370370371,466,4.314814814814815,,,,,,,,,,,,,,,,,,,"Reid Detmers","27468",672282
"Ryan Helsley","STL",7,3,,2.77147,66,0,35,2,,66,262,48,22,20,5,24,,0,80,10.94,3.20908,3.40909,0.729335,0.306122,0.0897959,0.2163265347480774,0.201794,1.0859,0.27972,0.766667,,,2.85854,1.63019,1.93303,52.84000015258789,,,,,,,573.1000000000001,8.683333333333335,536,8.121212121212121,,,,,,,,,,,,,,,,,,,"Ryan Helsley","18138",664854
"Gavin Williams","CLE",8,7,,3.84615,26,26,0,0,,119,499,103,55,51,14,46,,6,118,8.97436,3.50427,2.56098,1.02564,0.23702,0.0925508,0.14446952939033508,0.229219,1.25356,0.282143,0.720486,,,3.9642,1.62405,1.78311,227.02999877929688,,,,,,,520.5999999999999,4.374789915966386,493,4.142857142857143,,,,,,,,,,,,,,,,,,,"Gavin Williams","30122",668909
"Cade Smith","CLE",5,2,,2.92467,68,0,2,14,,68,279,50,24,22,5,23,,5,86,11.4328,3.05761,3.73913,0.664697,0.309353,0.0827338,0.2266186997294426,0.2,1.07829,0.283019,0.742424,,,2.82675,1.62153,1.59885,366.9700012207031,,,,,,,465.70000000000005,6.848529411764707,429,6.3088235294117645,,,,,,,,,,,,,,,,,,,"Cade Smith","27867",671922
"Jeff Hoffman","TOR",4,2,,2.66886,65,0,26,4,,65,257,46,20,19,5,21,,3,80,11.1203,2.9654,3.75,0.741351,0.3125,0.0833333,0.2291666716337204,0.198157,1.03789,0.277372,0.785714,,,2.90289,1.62061,2.11279,98.72000122070312,,,,,,,533.9,8.213846153846154,494,7.6,,,,,,,,,,,,,,,,,,,"Jeff Hoffman","17432",656546
"Jeffrey Springs","ATH",7,4,,3.55263,34,26,0,1,,112,464,104,47,44,15,31,,1,113,9.11842,2.48684,3.66667,1.18421,0.243671,0.0664557,0.17721519619226456,0.241497,1.21053,0.294686,0.769231,,,3.71911,1.61659,1.89237,265.30999755859375,,,,,,,507.9000000000002,4.534821428571431,499,4.455357142857143,,,,,,,,,,,,,,,,,,,"Jeffrey Springs","17677",605488
"Mitchell Parker","WSN",7,8,,4.31835,35,26,0,1,,139,602,136,72,67,17,53,,2,124,8.0198,3.42727,2.34,1.09672,0.205624,0.0878735,0.11775044351816177,0.249516,1.36329,0.294271,0.708812,,,4.15658,1.60791,1.37409,507.760009765625,,,,,,,552.9000000000001,3.9776978417266196,561,4.0359712230215825,,,,,,,,,,,,,,,,,,,"Mitchell Parker","27636",680730
"Jon Gray","TEX",5,8,,4.45714,29,19,0,1,,115,488,109,62,57,14,35,,4,105,8.22857,2.74286,3,1.11429,0.216216,0.0720721,0.14414415508508682,0.242647,1.24762,0.287625,0.664894,,,3.976,1.58318,0.864828,455.92999267578125,,,,,,,492.4,4.281739130434782,490,4.260869565217392,,,,,,,,,,,,,,,,,,,"Jon Gray","14916",592351
"Bowden Francis","TOR",12,9,,3.92062,36,26,0,1,,155,633,135,73,67,22,42,,12,142,8.27686,2.4395,3.39286,1.30687,0.224586,0.0661938,0.15839242935180664,0.232558,1.1423,0.270758,0.71134,,,4.26038,1.58266,1.95236,247.97000122070312,,,,,,,651.4,4.20258064516129,615,3.967741935483871,,,,,,,,,,,,,,,,,,,"Bowden Francis","20548",670102
"Erick Fedde","STL",9,10,,4.20796,29,29,0,0,,161,686,160,81,75,24,50,,3,145,8.10188,2.82624,2.86667,1.31891,0.210784,0.0735294,0.13725491613149643,0.253546,1.31193,0.294686,0.7314,,,4.27604,1.57885,1.82531,330.260009765625,,,,,,,611.2,3.7962732919254663,624,3.875776397515528,,,,,,,,,,,,,,,,,,,"Erick Fedde","17425",607200
"Jameson Taillon","CHC",10,9,,4.15003,29,29,0,0,,163,679,162,81,75,24,39,,4,129,7.12319,2.16793,3.28571,1.30076,0.190083,0.0578512,0.13223141431808472,0.254417,1.23193,0.286047,0.715241,,,4.26765,1.56698,1.8567,350.2200012207031,,,,,,,618.8,3.796319018404908,632,3.8773006134969323,,,,,,,,,,,,,,,,,,,"Jameson Taillon","11674",592791
"Josh Hader","HOU",9,4,,3.03371,68,0,33,2,,68,272,46,25,23,8,25,,3,98,13.0016,3.32263,3.91304,1.01124,0.361446,0.0923695,0.26907631009817123,0.188341,1.04334,0.277778,0.76087,,,2.98991,1.55493,1.54345,40.029998779296875,,,,,,,570.2,8.38529411764706,521,7.661764705882353,,,,,,,,,,,,,,,,,,,"Josh Hader","14212",623352
"Dean Kremer","BAL",9,8,,3.95383,26,26,0,0,,134,566,127,64,59,17,45,,4,119,7.97468,3.01564,2.64444,1.13924,0.209507,0.0792253,0.13028168678283691,0.244701,1.28071,0.287206,0.728745,,,4.13446,1.542,1.69487,437.6700134277344,,,,,,,543.3,4.054477611940298,540,4.029850746268656,,,,,,,,,,,,,,,,,,,"Dean Kremer","19350",665152
"Gregory Santos","SEA",2,1,,2.55773,62,0,5,13,,62,265,54,19,18,2,18,,4,69,10.071,2.55773,3.9375,0.319716,0.261411,0.06639,0.19502076506614685,0.221719,1.15453,0.301282,0.771704,,,2.456,1.53482,1.48469,717.7100219726562,,,,,,,442.79999999999995,7.141935483870967,433,6.983870967741935,,,,,,,,,,,,,,,,,,,"Gregory Santos","21894",666619
"Lucas Giolito","BOS",8,9,,4.41537,33,23,0,1,,136,584,132,72,67,20,48,,4,138,9.1251,3.16435,2.88372,1.32461,0.23619,0.0819048,0.1542857140302658,0.248954,1.32461,0.300595,0.709064,,,4.20491,1.49979,1.43128,375.3599853515625,,,,,,,541.2,3.979411764705883,544,4,,,,,,,,,,,,,,,,,,,"Lucas Giolito","15474",608337
"Alex Cobb","DET",4,5,,3.99057,18,18,0,0,,90,391,92,43,40,8,30,,3,73,7.30189,2.9717,2.45714,0.764151,0.186551,0.0759219,0.11062906682491302,0.257683,1.35849,0.304878,0.707763,,,3.72308,1.48725,1.20181,608.030029296875,,,,,,,375.40000000000003,4.171111111111111,393,4.366666666666666,,,,,,,,,,,,,,,,,,,"Alex Cobb","6562",502171
"Andrew Abbott","CIN",8,9,,4.458,24,24,0,0,,130,554,125,70,64,21,48,,3,122,8.46375,3.29505,2.56863,1.42139,0.220911,0.0860034,0.13490724563598633,0.248609,1.32807,0.290155,0.713359,,,4.50173,1.48693,1.55331,519.8099975585938,,,,,,,469.70000000000005,3.6130769230769233,468,3.6,,,,,,,,,,,,,,,,,,,"Andrew Abbott","29911",671096
"Shohei Ohtani","LAD",9,5,,3.76869,21,21,0,0,,124,507,94,56,52,17,48,,10,134,9.69093,3.4995,2.76923,1.25623,0.264059,0.0953545,0.16870415955781937,0.209945,1.14656,0.258333,0.733753,,,4.23328,1.48398,2.06759,1.5299999713897705,,,,,,,558.0999999999999,4.5008064516129025,493,3.975806451612903,,,,,,,,,,,,,,,,,,,"Shohei Ohtani","19755",660271
"Grant Holmes","ATL",6,4,,3.71134,57,13,0,1,,122,520,113,54,50,13,40,,6,124,9.17526,2.98969,3.06897,0.927835,0.238606,0.077748,0.1608579084277153,0.238235,1.26002,0.297521,0.728953,,,3.60176,1.46066,1.51899,288.3800048828125,,,,,,,563.1000000000001,4.615573770491804,555,4.549180327868853,,,,,,,,,,,,,,,,,,,"Grant Holmes","16944",656550
"Orion Kerkering","PHI",5,3,,3.13636,63,0,5,11,,63,262,51,24,22,5,18,,6,73,10.3636,2.59091,4,0.681818,0.277372,0.0693431,0.20802920311689377,0.212851,1.09091,0.285714,0.723077,,,2.98466,1.45725,1.34579,308.5,,,,,,,415.1,6.5888888888888895,393,6.238095238095238,,,,,,,,,,,,,,,,,,,"Orion Kerkering","31776",689147
"Luis Severino","ATH",8,9,,4.3659,31,31,0,0,,171,729,167,90,83,22,54,,9,144,7.60915,2.86902,2.65217,1.18503,0.198052,0.0746753,0.12337663024663925,0.25089,1.29591,0.289786,0.69202,,,4.30993,1.45092,1.16821,305.42999267578125,,,,,,,659.6000000000001,3.8573099415204686,668,3.9064327485380117,,,,,,,,,,,,,,,,,,,"Luis Severino","15890",622663
"Martín Pérez","CHW",5,7,,4.44009,24,24,0,0,,132,583,143,70,65,15,47,,5,97,6.6249,3.24197,2.04348,1.05717,0.166372,0.0814159,0.08495575934648514,0.270428,1.44871,0.306173,0.713415,,,4.41942,1.44129,1.16328,686.8099975585938,,,,,,,458.50000000000017,3.47348484848485,503,3.8106060606060606,,,,,,,,,,,,,,,,,,,"Martin Perez","6902",527048
"Shane Bieber","CLE",5,4,,3.63025,21,15,0,1,,93,387,88,41,37,11,25,,2,86,8.31933,2.42017,3.4375,1.05882,0.221328,0.0643863,0.15694165974855423,0.244589,1.21849,0.292899,0.741627,,,3.72951,1.43939,1.543,436.1700134277344,,,,,,,419.1000000000001,4.506451612903227,417,4.483870967741935,,,,,,,,,,,,,,,,,,,"Shane Bieber","19427",669456
"Raisel Iglesias","ATL",6,4,,2.82723,68,0,32,1,,68,271,56,23,21,7,15,,2,77,10.2094,2.04188,5,0.942408,0.285088,0.0570175,0.22807016223669052,0.220657,1.04712,0.288732,0.794574,,,3.04432,1.43635,2.03805,52.5,,,,,,,538.5,7.919117647058823,516,7.588235294117647,,,,,,,,,,,,,,,,,,,"Raisel Iglesias","17130",628452
"Zack Littell","TBR",8,7,,3.99388,33,23,0,1,,132,552,132,64,59,19,28,,4,114,7.78118,1.92808,4.03571,1.30834,0.206581,0.0511883,0.1553930565714836,0.254369,1.21653,0.292428,0.725076,,,4.06166,1.43261,1.36864,402.5,,,,,,,535.9000000000001,4.0598484848484855,549,4.159090909090909,,,,,,,,,,,,,,,,,,,"Zack Littell","15823",641793
"Tobias Myers","MIL",8,7,,4.02085,42,23,0,1,,138,583,130,67,62,20,43,,5,126,8.24274,2.81459,2.92857,1.27327,0.216931,0.0740741,0.1428571492433548,0.242308,1.25093,0.283069,0.72843,,,4.22381,1.39926,1.68053,321.69000244140625,,,,,,,549.2,3.9797101449275365,542,3.927536231884058,,,,,,,,,,,,,,,,,,,"Tobias Myers","22191",668964
"Luis Garcia","HOU",8,6,,3.79239,26,18,0,1,,103,430,93,47,44,14,33,,1,103,8.97225,2.86742,3.12903,1.20247,0.239506,0.0765432,0.16296295821666718,0.235925,1.22302,0.285171,0.744048,,,3.89618,1.39925,1.5057,497.07000732421875,,,,,,,456.2,4.429126213592233,441,4.281553398058253,,,,,,,,,,,,,,,,,,,"Luis Garcia","23735",677651
"Robbie Ray","SFG",9,8,,3.90582,28,28,0,0,,141,589,129,66,61,22,45,,5,149,9.55679,2.90859,3.28571,1.41274,0.253863,0.0772627,0.17660043388605118,0.23913,1.2373,0.29078,0.753176,,,4.16371,1.39844,2.08034,150.74000549316406,,,,,,,585.4000000000001,4.15177304964539,567,4.0212765957446805,,,,,,,,,,,,,,,,,,,"Robbie Ray","11486",592662
"Kris Bubic","KCR",6,5,,4.00228,45,18,0,1,,110,473,104,53,49,13,39,,4,110,9.03079,3.1813,2.83871,1.02623,0.232804,0.0820106,0.15079365670681,0.241279,1.29989,0.296748,0.72,,,3.80502,1.39126,1.32986,334.07000732421875,,,,,,,478.70000000000005,4.3518181818181825,476,4.327272727272727,,,,,,,,,,,,,,,,,,,"Kris Bubic","21455",663460
"Merrill Kelly","ARI",8,7,,3.86861,26,26,0,0,,145,606,140,67,62,20,42,,2,120,7.44526,2.62774,2.83333,1.24088,0.198444,0.0700389,0.1284046620130539,0.25,1.2571,0.285714,0.746951,,,4.22893,1.37916,2.49795,304.0899963378906,,,,,,,571,3.9379310344827587,573,3.9517241379310346,,,,,,,,,,,,,,,,,,,"Merrill Kelly","11156",518876
"Aaron Bummer","ATL",6,2,,2.95938,61,0,1,14,,61,265,52,21,20,2,25,,4,73,10.793,3.65571,2.95238,0.348162,0.275556,0.0933333,0.18222220987081528,0.218905,1.25725,0.306569,0.755627,,,2.66358,1.36276,1.40825,745.5900268554688,,,,,,,411.6000000000001,6.747540983606559,399,6.540983606557377,,,,,,,,,,,,,,,,,,,"Aaron Bummer","16258",607481
"Ronel Blanco","HOU",10,9,,3.94113,28,28,0,0,,158,663,139,75,69,24,66,,2,158,8.98062,3.74731,2.39655,1.35678,0.238422,0.0994854,0.13893654197454453,0.23327,1.29218,0.278237,0.756972,,,4.42276,1.35972,2.13374,246.39999389648438,,,,,,,624.6,3.9531645569620255,590,3.7341772151898733,,,,,,,,,,,,,,,,,,,"Ronel Blanco","19407",669854
"Ryan Walker","SFG",7,4,,3.02945,68,0,28,5,,68,280,54,25,23,6,21,,6,81,10.7293,2.777,3.86364,0.757363,0.289116,0.0748299,0.214285708963871,0.214286,1.10799,0.291429,0.750708,,,3.05428,1.34881,1.59625,78.16000366210938,,,,,,,530.0000000000001,7.794117647058825,503,7.397058823529412,,,,,,,,,,,,,,,,,,,"Ryan Walker","20423",676254
"Will Warren","NYY",5,6,,4.41537,40,18,0,1,,112,481,104,60,55,14,38,,6,106,8.53639,3.09076,2.7619,1.10384,0.220952,0.08,0.14095237851142883,0.239496,1.27555,0.286957,0.674074,,,4.06591,1.33959,0.710896,470.2200012207031,,,,,,,470.20000000000016,4.198214285714287,462,4.125,,,,,,,,,,,,,,,,,,,"Will Warren","30182",701542
"Tyler Anderson","LAA",9,12,,4.4909,29,29,0,0,,166,713,165,90,83,25,59,,7,137,7.40391,3.21645,2.30189,1.33513,0.191824,0.0833333,0.10849056392908096,0.254766,1.34862,0.288684,0.70922,,,4.64322,1.33515,1.37537,507.95001220703125,,,,,,,567.9000000000001,3.421084337349398,581,3.5,,,,,,,,,,,,,,,,,,,"Tyler Anderson","12880",542881
"Griffin Jax","MIN",7,4,,3.20548,70,0,8,11,,70,283,57,27,25,8,19,,3,83,10.726,2.46575,4.35,0.986301,0.294915,0.0677966,0.22711864858865738,0.216912,1.08219,0.288136,0.752212,,,3.15278,1.33435,1.32436,294.1199951171875,,,,,,,455.40000000000003,6.505714285714286,430,6.142857142857143,,,,,,,,,,,,,,,,,,,"Griffin Jax","20253",643377
"Spencer Arrighetti","HOU",9,8,,4.24084,26,26,0,0,,136,585,120,69,64,19,58,,8,146,9.69334,3.83695,2.52632,1.27898,0.249567,0.0987868,0.15077988803386688,0.230469,1.3089,0.283668,0.721024,,,4.31831,1.32879,1.37107,202.36000061035156,,,,,,,554.7,4.078676470588236,527,3.875,,,,,,,,,,,,,,,,,,,"Spencer Arrighetti","29921",681293
"Miles Mikolas","STL",9,12,,4.62857,31,31,0,0,,172,728,186,96,89,26,34,,6,117,6.10714,1.8,3.39286,1.35,0.160744,0.0473773,0.11336716637015343,0.270609,1.27857,0.294118,0.675134,,,4.46648,1.31853,0.993211,596.4299926757812,,,,,,,583.4,3.391860465116279,636,3.697674418604651,,,,,,,,,,,,,,,,,,,"Miles Mikolas","9803",571945
"Chris Martin","TEX",4,1,,3.40426,58,0,19,6,,58,239,55,23,22,5,10,,3,56,8.7234,1.48936,5.85714,0.851064,0.235632,0.0402299,0.19540230929851532,0.242424,1.11111,0.3,0.724638,,,3.09556,1.30602,1.10194,283.6700134277344,,,,,,,416.70000000000005,7.184482758620691,417,7.189655172413793,,,,,,,,,,,,,,,,,,,"Chris Martin","11847",455119
"Davis Martin","CHW",6,7,,4.45997,24,24,0,0,,110,479,109,59,54,14,42,,7,99,8.11944,3.43075,2.36667,1.14358,0.206395,0.0872093,0.11918604373931885,0.252427,1.3723,0.298246,0.702128,,,4.34818,1.28644,0.901311,619.9099731445312,,,,,,,409.4,3.7218181818181817,419,3.809090909090909,,,,,,,,,,,,,,,,,,,"Davis Martin","21448",663436
"Chris Paddack","MIN",6,4,,4.32,44,16,0,1,,109,469,113,57,52,15,29,,1,102,8.4,2.4,3.5,1.2,0.216718,0.0619195,0.1547987498342991,0.258278,1.30667,0.306306,0.702381,,,3.87315,1.2764,0.726428,562.739990234375,,,,,,,446.3,4.0944954128440365,468,4.293577981651376,,,,,,,,,,,,,,,,,,,"Chris Paddack","20099",663978
"Jonathan Cannon","CHW",7,10,,4.7075,32,26,0,1,,149,640,154,84,78,20,48,,6,108,6.50378,2.91122,2.23404,1.23882,0.168,0.0752,0.09279999881982803,0.262238,1.35582,0.290828,0.680473,,,4.60488,1.27271,0.751096,673.3300170898438,,,,,,,514.2000000000002,3.451006711409397,543,3.6442953020134228,,,,,,,,,,,,,,,,,,,"Jonathan Cannon","31730",686563
"Robert Garcia","TEX",6,4,,3.51955,64,0,8,10,,64,268,52,27,25,6,23,,2,76,10.7263,3.18436,3.36842,0.837989,0.284444,0.0844444,0.19999998062849045,0.215686,1.17318,0.288889,0.714286,,,3.16648,1.27162,0.893169,494.9800109863281,,,,,,,421.59999999999997,6.5874999999999995,399,6.234375,,,,,,,,,,,,,,,,,,,"Robert Garcia","23363",676395
"Justin Martinez","ARI",5,3,,3.10757,67,0,17,9,,67,289,51,25,23,4,36,,4,85,11.3546,4.9004,2.31707,0.478088,0.292308,0.126154,0.16615384817123413,0.203571,1.30146,0.292818,0.757576,,,3.12664,1.26849,1.6602,185.39999389648438,,,,,,,484.9999999999999,7.238805970149252,454,6.776119402985074,,,,,,,,,,,,,,,,,,,"Justin Martinez","24453",679885
"Ryan Weathers","MIA",6,8,,4.42623,26,26,0,0,,126,546,125,67,62,16,47,,6,109,7.81099,3.38476,2.30769,1.12825,0.199557,0.0864745,0.11308203637599945,0.253071,1.36933,0.296053,0.702746,,,4.33331,1.26794,1.3391,335.9100036621094,,,,,,,469.60000000000014,3.726984126984128,481,3.8174603174603177,,,,,,,,,,,,,,,,,,,"Ryan Weathers","23796",677960
"Justin Verlander","SFG",8,9,,4.15385,24,24,0,0,,135,575,138,67,62,16,40,,5,102,6.76923,2.69231,2.51429,1.07692,0.177062,0.0704225,0.10663985460996628,0.259825,1.31624,0.294944,0.714286,,,4.21776,1.25515,1.58944,349.7900085449219,,,,,,,512.4000000000001,3.795555555555556,536,3.9703703703703703,,,,,,,,,,,,,,,,,,,"Justin Verlander","8700",434378
"Bryan Abreu","HOU",4,1,,3,72,0,2,14,,72,298,53,26,24,7,30,,4,94,11.75,3.75,3.13333,0.875,0.315436,0.100671,0.21476510167121887,0.200758,1.15278,0.282209,0.778689,,,3.23592,1.24447,1.59285,451.4700012207031,,,,,,,460.90000000000003,6.4013888888888895,421,5.847222222222222,,,,,,,,,,,,,,,,,,,"Bryan Abreu","16609",650556
"Luis L. Ortiz","CLE",8,7,,3.9905,31,23,0,1,,149,634,138,72,66,20,53,,7,129,7.76722,3.20665,2.42222,1.2114,0.203358,0.0839552,0.11940299719572067,0.241237,1.28266,0.278552,0.730825,,,4.40163,1.21742,1.81087,382.92999267578125,,,,,,,579.8000000000002,3.891275167785236,567,3.8053691275167787,,,,,,,,,,,,,,,,,,,"Luis L. Ortiz","27646",682847
"Clayton Kershaw","LAD",5,3,,3.70588,13,13,0,0,,65,268,60,29,27,8,17,,2,60,8.36471,2.32941,3.59091,1.05882,0.225071,0.0626781,0.16239317506551743,0.24159,1.18824,0.289916,0.724138,,,3.68413,1.18703,1.12153,541.9000244140625,,,,,,,289.6,4.455384615384616,284,4.369230769230769,,,,,,,,,,,,,,,,,,,"Clayton Kershaw","2036",477132
"Simeon Woods Richardson","MIN",4,5,,4.35938,24,24,0,0,,114,492,111,60,55,14,45,,3,99,7.80469,3.51562,2.22,1.125,0.201452,0.0907441,0.11070779711008072,0.248996,1.35938,0.291105,0.705805,,,4.29929,1.18046,0.979078,508.7200012207031,,,,,,,436.79999999999984,3.8315789473684196,442,3.8771929824561404,,,,,,,,,,,,,,,,,,,"Simeon Woods Richardson","24494",680573
"Jordan Montgomery","ARI",7,5,,3.93369,40,16,0,1,,116,500,119,55,51,12,38,,3,94,7.25697,2.91635,2.48837,0.94951,0.187063,0.0751748,0.11188812553882599,0.258555,1.34891,0.301235,0.727729,,,3.96527,1.17433,1.47214,494.19000244140625,,,,,,,470.4000000000001,4.0551724137931044,493,4.25,,,,,,,,,,,,,,,,,,,"Jordan Montgomery","16511",656756
"Jose Quintana","MIL",7,7,,4.27007,24,24,0,0,,127,555,126,65,60,15,53,,5,101,7.16058,3.74453,1.91228,1.05109,0.182274,0.0953177,0.08695652335882187,0.253731,1.40876,0.291971,0.720985,,,4.45115,1.16301,1.45223,495.8999938964844,,,,,,,455.70000000000016,3.588188976377954,468,3.6850393700787403,,,,,,,,,,,,,,,,,,,"Jose Quintana","11423",500779
"Aroldis Chapman","BOS",6,4,,3.33333,63,0,10,10,,63,271,45,26,23,6,37,,2,97,13.8596,5.26316,2.63333,0.877193,0.357466,0.135747,0.22171945869922638,0.195767,1.30604,0.304762,0.766667,,,3.22496,1.15807,1.17018,283.1000061035156,,,,,,,442.4000000000001,7.022222222222224,404,6.412698412698413,,,,,,,,,,,,,,,,,,,"Aroldis Chapman","10233",547973
"Jake Irvin","WSN",8,11,,4.54894,29,29,0,0,,157,665,153,85,79,24,49,,8,130,7.42802,2.8215,2.63265,1.38196,0.195159,0.0741301,0.12102875113487244,0.251656,1.28599,0.283814,0.692951,,,4.60602,1.15171,1.26485,417.6400146484375,,,,,,,557.8,3.5528662420382164,562,3.5796178343949046,,,,,,,,,,,,,,,,,,,"Jake Irvin","21504",663623
"Lance McCullers Jr.","HOU",6,5,,3.46988,39,13,0,1,,98,414,84,41,38,9,41,,5,98,9,3.79518,2.37143,0.86747,0.235795,0.0994318,0.13636363297700882,0.226837,1.27711,0.283784,0.748945,,,3.82913,1.1495,1.48539,620.4500122070312,,,,,,,458.1,4.674489795918368,435,4.438775510204081,,,,,,,,,,,,,,,,,,,"Lance McCullers Jr.","14120",621121
"Jordan Hicks","SFG",7,7,,4.06086,40,21,0,1,,128,561,118,62,58,12,60,,9,122,8.59391,4.24974,2.02222,0.849948,0.217184,0.107399,0.10978519916534424,0.239782,1.39559,0.29588,0.722591,,,4.12136,1.13587,1.51863,436.9100036621094,,,,,,,533.8,4.1703125,525,4.1015625,,,,,,,,,,,,,,,,,,,"Jordan Hicks","19618",663855
"Shane Baz","TBR",7,6,,4.12607,36,24,0,1,,128,540,116,63,59,16,46,,7,116,8.16619,3.26648,2.5,1.11748,0.214447,0.0857788,0.1286681592464447,0.238095,1.2703,0.281787,0.705575,,,4.22665,1.13433,1.20341,191.24000549316406,,,,,,,525.8000000000001,4.1078125000000005,509,3.9765625,,,,,,,,,,,,,,,,,,,"Shane Baz","22264",669358
"Zebby Matthews","MIN",6,5,,4.04742,40,15,0,1,,99,419,100,48,44,15,20,,3,93,8.4628,1.83974,4.6,1.32461,0.22158,0.0481696,0.17341039702296257,0.253061,1.21832,0.296919,0.726979,,,3.91055,1.12971,0.952806,395.80999755859375,,,,,,,409.1,4.132323232323232,421,4.252525252525253,,,,,,,,,,,,,,,,,,,"Zebby Matthews","31827",805673
"Kyle Freeland","COL",8,10,,4.95763,28,28,0,0,,148,650,168,88,81,24,41,,5,104,6.33051,2.51695,2.51515,1.44915,0.159923,0.0635838,0.09633911401033401,0.278008,1.41525,0.302632,0.690883,,,4.7936,1.12221,1.48062,750.280029296875,,,,,,,433.2,2.927027027027027,498,3.364864864864865,,,,,,,,,,,,,,,,,,,"Kyle Freeland","16256",607536
"Charlie Morton","BAL",8,9,,4.38878,28,28,0,0,,153,663,143,81,74,21,61,,14,150,8.83768,3.60721,2.45,1.26253,0.226154,0.0923077,0.13384615629911423,0.243056,1.33601,0.291667,0.709261,,,4.50917,1.11335,1.1088,394.8599853515625,,,,,,,577.1000000000001,3.771895424836602,567,3.7058823529411766,,,,,,,,,,,,,,,,,,,"Charlie Morton","4676",450203
"Aaron Civale","MIL",7,7,,4.27944,39,24,0,1,,143,602,136,73,68,23,44,,6,129,8.16386,2.76518,2.95238,1.44843,0.215278,0.0729167,0.1423611268401146,0.246212,1.25823,0.282723,0.72238,,,4.49786,1.09902,1.50517,373.57000732421875,,,,,,,533.7,3.7321678321678324,528,3.6923076923076925,,,,,,,,,,,,,,,,,,,"Aaron Civale","19479",650644
"Antonio Senzatela","COL",5,8,,5.04359,39,24,0,1,,130,585,152,79,73,16,40,,5,79,5.49191,2.80199,1.96,1.1208,0.135359,0.0690608,0.06629833579063416,0.281437,1.48194,0.305455,0.666667,,,4.61106,1.0894,0.996948,744,,,,,,,397.00000000000006,3.053846153846154,469,3.6076923076923078,,,,,,,,,,,,,,,,,,,"Antonio Senzatela","15488",622608
"Steven Matz","STL",5,5,,4.10564,40,18,0,1,,109,477,113,54,50,13,35,,4,96,7.88716,2.91717,2.7037,1.08043,0.200549,0.0741758,0.12637364119291306,0.257485,1.35654,0.302789,0.727273,,,4.05483,1.08766,1.06681,627.219970703125,,,,,,,431.90000000000003,3.9623853211009177,455,4.174311926605505,,,,,,,,,,,,,,,,,,,"Steven Matz","13361",571927
"Max Meyer","MIA",6,7,,4.36634,32,24,0,1,,120,518,122,63,58,17,43,,4,104,7.84158,3.20792,2.44444,1.24752,0.200913,0.0821918,0.11872145533561707,0.258145,1.37624,0.299663,0.720268,,,4.3843,1.06106,1.25061,380.0899963378906,,,,,,,432.7,3.6058333333333334,450,3.75,,,,,,,,,,,,,,,,,,,"Max Meyer","27474",676974
"José Alvarado","PHI",4,2,,3.33333,61,0,4,12,,61,256,49,25,23,4,27,,1,70,10.3175,3.96825,2.6,0.634921,0.273109,0.105042,0.16806720942258835,0.216981,1.2522,0.293706,0.733945,,,3.16648,1.05646,0.890867,582.0700073242188,,,,,,,398.80000000000007,6.537704918032788,377,6.180327868852459,,,,,,,,,,,,,,,,,,,"Jose Alvarado","17780",621237
"Casey Mize","DET",4,4,,4.33019,23,23,0,0,,112,478,111,58,54,15,32,,6,88,7.04717,2.54717,2.76667,1.18868,0.184035,0.0665189,0.11751662939786911,0.253012,1.27358,0.286164,0.693241,,,4.33629,1.05493,1.02846,412.3299865722656,,,,,,,417.70000000000005,3.729464285714286,427,3.8125,,,,,,,,,,,,,,,,,,,"Casey Mize","20492",663554
"Luis Gil","NYY",6,6,,4.13715,26,16,0,1,,90,382,72,45,41,11,45,,4,101,10.1733,4.47626,2.27273,1.15298,0.265018,0.116608,0.1484098881483078,0.216599,1.30369,0.275229,0.717158,,,4.19888,1.05475,0.930787,320.57000732421875,,,,,,,402.50000000000006,4.472222222222223,366,4.066666666666666,,,,,,,,,,,,,,,,,,,"Luis Gil","21052",661563
"Trevor Megill","MIL",3,2,,3.40426,64,0,28,2,,64,272,56,26,24,8,23,,2,77,10.8511,3.19149,3.4,1.06383,0.283333,0.0833333,0.20000002533197403,0.22561,1.22931,0.296296,0.777778,,,3.42653,1.0403,1.20597,135.07000732421875,,,,,,,456.6,7.134375,443,6.921875,,,,,,,,,,,,,,,,,,,"Trevor Megill","17722",656730
"Kutter Crawford","BOS",8,8,,4.38727,51,16,0,1,,125,519,118,66,61,19,35,,5,118,8.46987,2.49831,3.39024,1.40149,0.226754,0.0668842,0.159869484603405,0.245583,1.21869,0.287129,0.690122,,,4.2633,1.01885,1.0173,390.1000061035156,,,,,,,504.49999999999994,4.036,498,3.984,,,,,,,,,,,,,,,,,,,"Kutter Crawford","20531",676710
"Quinn Mathews","STL",4,4,,4.04893,28,16,0,1,,94,403,85,46,42,11,34,,6,91,8.66614,3.26756,2.65217,1.06551,0.224678,0.0847145,0.13996316492557526,0.235174,1.27072,0.284091,0.707143,,,4.05835,1.01615,1.06062,394.4800109863281,,,,,,,405.29999999999995,4.311702127659574,393,4.180851063829787,,,,,,,,,,,,,,,,,,,"Quinn Mathews","sa3023407",687273
"David Festa","MIN",4,4,,4.08333,30,15,0,1,,80,344,73,39,36,10,30,,3,84,9.5,3.41667,2.78049,1.08333,0.24569,0.0883621,0.1573275923728943,0.236277,1.2963,0.294521,0.714286,,,3.87018,1.01533,0.799973,317.1000061035156,,,,,,,352.2,4.4025,343,4.2875,,,,,,,,,,,,,,,,,,,"David Festa","30056",701581
"Brock Stewart","MIN",2,0,,3,60,0,1,12,,60,251,47,22,20,4,24,,2,78,11.6667,3.66667,3.18182,0.666667,0.309735,0.0973451,0.21238939464092255,0.207921,1.18519,0.296875,0.753425,,,2.87018,1.01372,0.920819,999,,,,,,,403.59999999999997,6.726666666666666,379,6.316666666666666,,,,,,,,,,,,,,,,,,,"Brock Stewart","16727",592779
"Sean Burke","CHW",5,9,,4.60714,32,24,0,1,,105,461,98,58,54,14,50,,5,104,8.89286,4.28571,2.075,1.17857,0.225543,0.108696,0.11684782058000565,0.240741,1.40476,0.291304,0.701754,,,4.4641,1.01164,0.697159,417.760009765625,,,,,,,396.99999999999994,3.7809523809523804,390,3.7142857142857144,,,,,,,,,,,,,,,,,,,"Sean Burke","29878",680732
"Kyle Gibson",,6,7,,4.46763,21,21,0,0,,117,512,119,63,58,15,46,,4,98,7.51079,3.56115,2.10909,1.16547,0.190789,0.0904605,0.1003289446234703,0.257299,1.41007,0.297101,0.708431,,,4.47583,0.993744,0.964986,679.1199951171875,,,,,,,417.9000000000002,3.5717948717948738,436,3.7264957264957266,,,,,,,,,,,,,,,,,,,"Kyle Gibson","10123",502043
"A.J. Puk","ARI",7,4,,3.15069,64,0,17,7,,64,267,52,24,22,7,22,,4,81,11.3699,3.15069,3.6087,0.958904,0.30292,0.0839416,0.21897811442613602,0.214575,1.15677,0.292994,0.770393,,,3.2578,0.989336,1.45995,237.89999389648438,,,,,,,449.3,7.0203125,426,6.65625,,,,,,,,,,,,,,,,,,,"A.J. Puk","19343",640462
"Austin Gomber","COL",6,10,,5.06377,26,26,0,0,,143,614,156,87,80,25,40,,2,102,6.4141,2.49812,2.56757,1.55289,0.165794,0.0645724,0.10122164338827133,0.273408,1.37284,0.295673,0.676393,,,4.8619,0.983275,1.25638,745.6400146484375,,,,,,,423.1,2.958741258741259,468,3.272727272727273,,,,,,,,,,,,,,,,,,,"Austin Gomber","16561",596295
"Edward Cabrera","MIA",6,7,,4.30089,33,23,0,1,,116,497,100,59,55,15,55,,7,122,9.47788,4.30089,2.2037,1.19469,0.245361,0.11134,0.1340206265449524,0.231132,1.34513,0.286207,0.717557,,,4.40542,0.977861,1.36892,410.1700134277344,,,,,,,475.9000000000001,4.102586206896553,447,3.853448275862069,,,,,,,,,,,,,,,,,,,"Edward Cabrera","21690",665795
"Pete Fairbanks","TBR",5,3,,3.37748,60,0,22,7,,60,249,50,24,23,5,23,,1,66,9.93377,3.37748,2.94118,0.794702,0.265957,0.0904255,0.17553191632032394,0.223529,1.21413,0.293103,0.748988,,,3.29893,0.969739,0.95198,150.02000427246094,,,,,,,450.5,7.508333333333334,433,7.216666666666667,,,,,,,,,,,,,,,,,,,"Pete Fairbanks","17998",664126
"Eury Pérez","MIA",4,4,,3.77067,15,15,0,0,,66,272,59,30,28,9,20,,1,69,9.42668,2.77839,3.39286,1.28997,0.254692,0.075067,0.17962466180324554,0.236152,1.20176,0.289362,0.748899,,,3.92723,0.969729,1.21895,484.7799987792969,,,,,,,299.30000000000007,4.534848484848486,288,4.363636363636363,,,,,,,,,,,,,,,,,,,"Eury Perez","27768",691587
"Blake Treinen","LAD",8,4,,3.13043,59,0,6,14,,59,237,47,22,21,5,18,,3,63,9.58696,2.73913,3.5,0.782609,0.264865,0.0756757,0.18918918818235397,0.218935,1.1087,0.284483,0.748899,,,3.20996,0.964751,1.0682,481.4800109863281,,,,,,,401.90000000000003,6.811864406779661,379,6.423728813559322,,,,,,,,,,,,,,,,,,,"Blake Treinen","12572",595014
"Cade Povich","BAL",6,6,,4.24466,26,18,0,1,,97,417,92,49,46,12,37,,4,90,8.35667,3.44878,2.42308,1.12749,0.215753,0.0890411,0.12671233713626862,0.244782,1.33382,0.291667,0.712468,,,4.19817,0.960308,0.859653,481.2799987792969,,,,,,,392.00000000000006,4.041237113402063,390,4.020618556701031,,,,,,,,,,,,,,,,,,,"Cade Povich","30055",700249
"Ryan Pressly","CHC",4,2,,3.35294,61,0,25,5,,61,254,55,25,23,6,18,,1,62,9.17647,2.64706,3.46667,0.882353,0.245283,0.0707547,0.1745283007621765,0.234694,1.19608,0.294964,0.740741,,,3.34295,0.959167,0.995076,165.42999267578125,,,,,,,446.60000000000014,7.321311475409838,439,7.19672131147541,,,,,,,,,,,,,,,,,,,"Ryan Pressly","7005",519151
"Rhett Lowder","CIN",5,7,,4.76866,42,18,0,1,,109,468,112,63,58,15,33,,5,84,6.91791,2.75373,2.5122,1.27612,0.179443,0.0714286,0.10801394283771515,0.259962,1.32836,0.291358,0.667107,,,4.52469,0.958113,0.680502,506.07000732421875,,,,,,,388.90000000000003,3.567889908256881,408,3.743119266055046,,,,,,,,,,,,,,,,,,,"Rhett Lowder","33876",695076
"Fernando Cruz","NYY",5,3,,3.14136,61,0,0,13,,61,263,47,23,21,5,29,,3,85,12.5654,4.24084,2.96296,0.78534,0.323887,0.109312,0.21457489579916,0.202765,1.23909,0.295455,0.765625,,,3.07922,0.956319,0.885005,714.9099731445312,,,,,,,393.7000000000001,6.454098360655739,366,6,,,,,,,,,,,,,,,,,,,"Fernando Cruz","7048",518585
"David Bednar","PIT",5,4,,3.6,64,0,26,4,,64,266,55,28,26,6,22,,2,68,9.6,3.15,3.04762,0.9,0.257028,0.0843373,0.17269078642129898,0.230088,1.21667,0.294872,0.727554,,,3.48315,0.950239,0.990944,132.89999389648438,,,,,,,466.79999999999995,7.293749999999999,452,7.0625,,,,,,,,,,,,,,,,,,,"David Bednar","19569",670280
"Jeremiah Estrada","SDP",5,2,,3.26194,63,0,4,13,,63,262,47,25,23,7,27,,1,87,12.4547,3.85502,3.23077,1.03789,0.333333,0.103175,0.23015876859426498,0.2,1.16969,0.283582,0.767974,,,3.23238,0.942186,0.880117,442.1000061035156,,,,,,,419.90000000000003,6.665079365079365,386,6.126984126984127,,,,,,,,,,,,,,,,,,,"Jeremiah Estrada","22210",669093
"Ben Lively","CLE",9,10,,4.22434,24,24,0,0,,126,543,128,64,59,17,42,,6,98,7.01671,3.00716,2.33333,1.21718,0.181146,0.077634,0.10351202636957169,0.257607,1.34447,0.291005,0.723141,,,4.51095,0.93614,1.28239,528.2100219726562,,,,,,,442.50000000000006,3.5119047619047623,461,3.6587301587301586,,,,,,,,,,,,,,,,,,,"Ben Lively","14932",594902
"Jason Foley","DET",4,3,,3.37684,63,0,13,7,,63,265,60,26,24,4,17,,2,49,7.04731,2.49592,2.82353,0.587276,0.186047,0.0658915,0.12015503644943237,0.242678,1.22349,0.28877,0.720461,,,3.37855,0.930803,0.919956,293.260009765625,,,,,,,395,6.26984126984127,397,6.301587301587301,,,,,,,,,,,,,,,,,,,"Jason Foley","19531",671345
"Landen Roupp","SFG",4,4,,3.92308,49,15,0,1,,104,441,94,49,45,11,42,,3,98,8.53846,3.69231,2.3125,0.923077,0.222892,0.0963855,0.1265060231089592,0.238255,1.32051,0.291667,0.718954,,,3.91007,0.930476,1.03724,497.4700012207031,,,,,,,454.9,4.374038461538461,442,4.25,,,,,,,,,,,,,,,,,,,"Landen Roupp","30076",694738
"Keegan Akin","BAL",3,2,,3.47143,70,0,2,16,,70,285,61,29,27,9,18,,1,81,10.4143,2.31429,4.5,1.15714,0.284211,0.0631579,0.2210526391863823,0.229323,1.12857,0.295455,0.753012,,,3.33791,0.910677,0.8021,687.9000244140625,,,,,,,427.69999999999993,6.109999999999999,412,5.885714285714286,,,,,,,,,,,,,,,,,,,"Keegan Akin","19362",669211
"Ian Hamilton","NYY",4,3,,3.39623,60,0,1,15,,60,255,49,24,23,5,25,,3,68,10.1887,3.77358,2.7,0.754717,0.26601,0.0985222,0.16748769581317902,0.21547,1.2369,0.284553,0.749064,,,3.37612,0.887742,0.878315,749.719970703125,,,,,,,372.1,6.201666666666667,352,5.866666666666666,,,,,,,,,,,,,,,,,,,"Ian Hamilton","19261",641656
"Mitch Spence","ATH",6,7,,4.39024,29,19,0,1,,119,514,122,63,58,16,36,,5,95,7.18403,2.72727,2.63415,1.19734,0.185249,0.0703259,0.11492280662059784,0.257463,1.32299,0.292683,0.702211,,,4.34165,0.879305,0.777033,571.1599731445312,,,,,,,437.59999999999997,3.6773109243697477,458,3.8487394957983194,,,,,,,,,,,,,,,,,,,"Mitch Spence","27707",687765
"Carlos Estévez","KCR",6,4,,3.61377,64,0,21,6,,64,262,54,28,26,6,22,,1,62,8.77629,3.09751,2.83333,0.860421,0.238318,0.0841122,0.15420560538768768,0.225641,1.18547,0.280576,0.709091,,,3.54889,0.878323,0.98755,168,,,,,,,443.4,6.928125,426,6.65625,,,,,,,,,,,,,,,,,,,"Carlos Estevez","14542",608032
"Bailey Falter","PIT",6,8,,4.36754,43,19,0,1,,120,509,123,63,58,16,34,,3,86,6.44391,2.57757,2.5,1.21718,0.169173,0.0676692,0.10150375217199326,0.261663,1.31265,0.290155,0.701133,,,4.42344,0.867072,1.00898,712.8300170898438,,,,,,,436.40000000000003,3.636666666666667,457,3.808333333333333,,,,,,,,,,,,,,,,,,,"Bailey Falter","20070",663559
"Andrew Heaney","PIT",7,8,,4.75134,35,23,0,1,,128,549,124,73,67,22,40,,10,125,8.81408,2.82326,3.12195,1.51492,0.228164,0.0730838,0.15508020669221878,0.24902,1.28539,0.291667,0.677843,,,4.56663,0.864388,0.787845,449.9100036621094,,,,,,,458.20000000000005,3.5796875000000004,458,3.578125,,,,,,,,,,,,,,,,,,,"Andrew Heaney","15423",571760
"Cade Cavalli","WSN",5,5,,4.26112,29,15,0,1,,82,359,75,42,39,8,36,,7,79,8.65136,4.00287,2.16129,0.903874,0.218954,0.101307,0.11764705926179886,0.237918,1.36298,0.292308,0.692488,,,4.14209,0.858745,0.7333,639.0499877929688,,,,,,,346.4000000000001,4.22439024390244,339,4.134146341463414,,,,,,,,,,,,,,,,,,,"Cade Cavalli","27473",676917
"Colin Rea","CHC",6,6,,4.45739,31,19,0,1,,125,528,126,67,62,18,33,,6,96,6.94829,2.3598,2.94444,1.311,0.182444,0.0619621,0.1204819306731224,0.258364,1.27458,0.288835,0.687075,,,4.45563,0.837375,0.788192,594.8099975585938,,,,,,,455,3.64,470,3.76,,,,,,,,,,,,,,,,,,,"Colin Rea","12317",607067
"Lucas Erceg","KCR",5,4,,3.5,67,0,11,10,,67,289,56,29,26,5,30,,7,74,10,4,2.5,0.666667,0.257511,0.103004,0.15450642257928848,0.221675,1.27778,0.294964,0.725552,,,3.57389,0.830637,1.00594,200.77999877929688,,,,,,,420.69999999999993,6.27910447761194,402,6,,,,,,,,,,,,,,,,,,,"Lucas Erceg","19360",668674
"Alexis Díaz","CIN",5,4,,3.81729,65,0,25,5,,65,267,48,30,28,5,31,,6,68,9.39641,4.25775,2.2069,0.734095,0.253968,0.115079,0.1388888731598854,0.207373,1.20718,0.27027,0.686567,,,3.85163,0.828426,0.939832,146.30999755859375,,,,,,,464.7,7.149230769230769,430,6.615384615384615,,,,,,,,,,,,,,,,,,,"Alexis Diaz","21132",664747
"Lance Lynn",,5,7,,4.43914,19,19,0,0,,106,461,106,57,52,16,39,,5,97,8.23389,3.29356,2.5,1.36038,0.211009,0.0844037,0.12660550326108932,0.25355,1.36038,0.295265,0.720222,,,4.54277,0.822347,0.881929,610.4099731445312,,,,,,,374.0000000000001,3.528301886792454,384,3.6226415094339623,,,,,,,,,,,,,,,,,,,"Lance Lynn","2520",458681
"Kyle Harrison","SFG",5,5,,4.20561,38,16,0,1,,101,434,92,51,47,13,38,,7,103,9.09941,3.36449,2.70455,1.14698,0.236111,0.0873016,0.1488095000386238,0.236726,1.28292,0.289308,0.707692,,,4.12655,0.81831,0.846234,391.3399963378906,,,,,,,423.3000000000001,4.191089108910893,411,4.069306930693069,,,,,,,,,,,,,,,,,,,"Kyle Harrison","27758",690986
"DJ Herz","WSN",5,8,,4.42897,34,19,0,1,,96,420,82,51,47,12,51,,7,105,9.86072,4.76323,2.07018,1.08635,0.248945,0.120253,0.12869198620319366,0.227384,1.39276,0.28777,0.705615,,,4.35497,0.816458,0.724602,340.239990234375,,,,,,,389.6000000000001,4.0583333333333345,364,3.7916666666666665,,,,,,,,,,,,,,,,,,,"DJ Herz","26389",687792
"Dylan Lee","ATL",4,2,,3.10345,62,0,0,12,,62,252,53,24,21,7,16,,0,74,10.7069,2.32759,4.6,1.08621,0.292373,0.0635593,0.2288135588169098,0.226244,1.12069,0.296552,0.778986,,,3.132,0.806293,0.90959,746.8300170898438,,,,,,,382.8999999999999,6.175806451612902,367,5.919354838709677,,,,,,,,,,,,,,,,,,,"Dylan Lee","19996",669276
"Alec Marsh","KCR",6,8,,4.54617,38,16,0,1,,103,447,97,56,52,14,39,,8,99,8.66614,3.40963,2.54167,1.20758,0.221416,0.0871143,0.13430126011371613,0.243408,1.32597,0.29096,0.686546,,,4.35827,0.795602,0.756852,660.52001953125,,,,,,,398.8,3.8718446601941747,394,3.825242718446602,,,,,,,,,,,,,,,,,,,"Alec Marsh","27451",679525
"Javier Assad","CHC",6,5,,4.1316,45,21,0,1,,135,584,129,67,62,17,54,,6,110,7.29916,3.58072,2.03846,1.10176,0.187611,0.0920354,0.09557521343231201,0.246548,1.35425,0.283117,0.72445,,,4.46717,0.794958,1.27727,648.7100219726562,,,,,,,498.5,3.6925925925925926,498,3.688888888888889,,,,,,,,,,,,,,,,,,,"Javier Assad","21741",665871
"Anthony Bender","MIA",4,4,,3.68421,60,0,5,12,,60,255,53,27,25,5,22,,5,64,9.64912,3.33333,2.89474,0.701754,0.252294,0.087156,0.16513758897781372,0.230769,1.24756,0.301471,0.702055,,,3.3809,0.793204,0.644939,682.9299926757812,,,,,,,364.7,6.078333333333333,355,5.916666666666667,,,,,,,,,,,,,,,,,,,"Anthony Bender","19742",669622
"Ben Joyce","LAA",2,2,,3.58047,62,0,7,10,,62,263,49,27,25,6,27,,7,72,10.4159,3.90597,2.66667,0.813743,0.27234,0.102128,0.1702127605676651,0.214634,1.22966,0.286765,0.721311,,,3.65473,0.784601,0.809348,320.3399963378906,,,,,,,374.5999999999999,6.041935483870966,349,5.629032258064516,,,,,,,,,,,,,,,,,,,"Ben Joyce","31461",690829
"Frankie Montas","NYM",5,7,,4.64692,19,19,0,0,,98,428,94,55,51,14,40,,4,93,8.54214,3.69021,2.31481,1.29841,0.21815,0.0942408,0.12390924245119095,0.245136,1.36674,0.289189,0.691004,,,4.48766,0.784058,0.416421,490.04998779296875,,,,,,,362.6,3.7,362,3.693877551020408,,,,,,,,,,,,,,,,,,,"Frankie Montas","14309",593423
"A.J. Minter","NYM",6,3,,3.39623,57,0,2,12,,57,231,47,24,22,6,18,,1,62,9.84906,2.88679,3.41176,1.01887,0.269767,0.0790698,0.19069766998291016,0.22335,1.15094,0.285714,0.741445,,,3.46837,0.77601,0.732378,680.239990234375,,,,,,,350.79999999999995,6.15438596491228,332,5.824561403508772,,,,,,,,,,,,,,,,,,,"A.J. Minter","18655",621345
"Tyler Holton","DET",4,3,,3.2413,72,0,6,13,,72,284,60,28,26,7,17,,3,62,7.77911,2.16086,3.6,0.864346,0.218845,0.0607903,0.15805470570921898,0.22549,1.06843,0.269911,0.732648,,,3.51462,0.772948,1.11333,469.739990234375,,,,,,,436.70000000000005,6.065277777777778,415,5.763888888888889,,,,,,,,,,,,,,,,,,,"Tyler Holton","26231",663947
"Will Vest","DET",3,3,,3.375,68,0,2,12,,68,285,61,28,26,5,21,,2,65,8.57812,2.8125,3.05,0.703125,0.227612,0.0746269,0.152985081076622,0.231707,1.20312,0.288889,0.728571,,,3.3071,0.772748,0.702803,720.280029296875,,,,,,,402.1,5.913235294117648,394,5.794117647058823,,,,,,,,,,,,,,,,,,,"Will Vest","19769",676684
"Ian Anderson","ATL",5,4,,4.11371,30,15,0,1,,84,364,81,41,38,9,36,,1,74,7.92642,3.81271,2.07895,1.00334,0.203085,0.0976864,0.10539845377206802,0.248571,1.39353,0.295019,0.72973,,,4.15868,0.756198,0.975015,560.4000244140625,,,,,,,341.29999999999995,4.063095238095237,344,4.095238095238095,,,,,,,,,,,,,,,,,,,"Ian Anderson","19951",666120
"Kevin Ginkel","ARI",6,3,,3.10832,61,0,3,14,,61,253,53,23,21,6,19,,2,64,9.46625,2.82575,3.35,0.847724,0.253788,0.0757576,0.17803029716014862,0.227273,1.17739,0.289941,0.765766,,,3.32347,0.749754,1.1713,589.52001953125,,,,,,,375.8000000000001,6.1606557377049205,363,5.950819672131147,,,,,,,,,,,,,,,,,,,"Kevin Ginkel","19876",656464
"Hunter Harvey","KCR",3,3,,3.46154,60,0,2,14,,60,248,53,25,23,6,18,,2,60,9,2.76923,3.25,0.865385,0.24186,0.0744186,0.16744185984134674,0.233503,1.19231,0.292857,0.727273,,,3.45494,0.735832,0.88375,712.6699829101562,,,,,,,358.4,5.973333333333333,348,5.8,,,,,,,,,,,,,,,,,,,"Hunter Harvey","15507",640451
"Joey Cantillo","CLE",5,5,,4.0814,32,16,0,1,,88,379,77,43,40,11,42,,3,91,9.31395,4.2907,2.17073,1.15116,0.239247,0.110215,0.12903226166963577,0.231707,1.36047,0.285088,0.738189,,,4.29439,0.70717,0.893474,468.5299987792969,,,,,,,366.7000000000001,4.167045454545455,348,3.9545454545454546,,,,,,,,,,,,,,,,,,,"Joey Cantillo","23335",676282
"Dustin May","LAD",4,4,,3.5809,50,6,0,1,,78,314,64,33,31,8,25,,6,79,9.07162,2.86472,3.16667,0.954907,0.25,0.0789474,0.17105263471603394,0.226277,1.14058,0.284211,0.721925,,,3.72351,0.704652,0.810515,379.1400146484375,,,,,,,381.4000000000001,4.889743589743591,355,4.551282051282051,,,,,,,,,,,,,,,,,,,"Dustin May","19716",669160
"Camilo Doval","SFG",6,4,,3.46154,62,0,10,12,,62,265,49,26,24,5,31,,4,76,11.0769,4.43077,2.5,0.692308,0.28777,0.115108,0.17266187816858292,0.210744,1.27692,0.292994,0.736842,,,3.36648,0.70202,0.745162,377.5,,,,,,,414.9,6.691935483870967,390,6.290322580645161,,,,,,,,,,,,,,,,,,,"Camilo Doval","21992",666808
"Kenley Jansen","LAA",4,4,,3.72671,60,0,26,4,,60,247,52,27,25,7,22,,1,66,9.87578,3.35404,2.94444,1.11801,0.266332,0.0904523,0.17587938159704208,0.233333,1.24224,0.297521,0.736434,,,3.76689,0.70012,0.70751,140.47000122070312,,,,,,,431.7,7.194999999999999,418,6.966666666666667,,,,,,,,,,,,,,,,,,,"Kenley Jansen","3096",445276
"Luke Weaver","NYY",3,3,,4.08602,68,0,6,13,,68,286,61,33,31,9,22,,2,72,9.56989,2.90323,3.2963,1.1828,0.252841,0.0767045,0.17613635957241058,0.232919,1.21864,0.288288,0.704388,,,3.82359,0.695247,0.319082,361.04998779296875,,,,,,,387.9,5.704411764705882,377,5.544117647058823,,,,,,,,,,,,,,,,,,,"Luke Weaver","16918",596133
"Yariel Rodríguez","TOR",5,4,,3.98671,61,11,0,4,,95,407,81,45,42,11,41,,5,97,9.16943,3.88704,2.35897,0.996678,0.238961,0.101299,0.13766233623027802,0.225806,1.28461,0.280335,0.715686,,,4.03027,0.69385,0.603693,581.9000244140625,,,,,,,429.1,4.516842105263158,404,4.252631578947368,,,,,,,,,,,,,,,,,,,"Yariel Rodriguez","33838",684320
"Michael Soroka","WSN",7,10,,4.61287,53,15,0,1,,126,548,120,70,65,18,50,,10,118,8.44057,3.53326,2.38889,1.2759,0.21608,0.0904523,0.12562814354896545,0.24507,1.34133,0.289062,0.687023,,,4.54053,0.683298,0.521592,449.6000061035156,,,,,,,459.0000000000001,3.6428571428571437,456,3.619047619047619,,,,,,,,,,,,,,,,,,,"Michael Soroka","18383",647336
"Drew Thorpe","CHW",4,6,,4.67647,15,15,0,0,,74,316,74,42,39,11,26,,1,59,7.14706,3.17647,2.25,1.32353,0.186636,0.0829493,0.10368664562702179,0.256927,1.35294,0.289037,0.692308,,,4.57824,0.6805,0.378469,718.4299926757812,,,,,,,256.9,3.471621621621621,264,3.5675675675675675,,,,,,,,,,,,,,,,,,,"Drew Thorpe","31967",689672
"Dennis Santana","PIT",3,2,,3.79254,65,0,2,14,,65,274,57,29,27,5,25,,3,63,8.75203,3.50081,2.5,0.729335,0.230769,0.0923077,0.13846153020858765,0.23176,1.26418,0.291667,0.704225,,,3.58787,0.67629,0.727831,606.3099975585938,,,,,,,379.3,5.835384615384616,368,5.661538461538462,,,,,,,,,,,,,,,,,,,"Dennis Santana","17878",642701
"Cody Bradford","TEX",5,5,,4.22625,45,8,0,1,,77,320,73,40,36,11,17,,2,69,7.97225,1.92102,4.15,1.24867,0.21447,0.0516796,0.1627906933426857,0.244505,1.16329,0.283582,0.671806,,,3.93489,0.673889,0.347523,329.3299865722656,,,,,,,329.7,4.281818181818181,327,4.246753246753247,,,,,,,,,,,,,,,,,,,"Cody Bradford","27597",674003
"Brock Burke","LAA",3,3,,3.71429,66,0,1,16,,66,280,61,29,27,7,22,,2,66,9,3,3,1,0.235955,0.0786517,0.1573033630847931,0.237705,1.25397,0.293103,0.736994,,,3.70616,0.669001,0.700143,999,,,,,,,372.70000000000005,5.646969696969697,368,5.575757575757576,,,,,,,,,,,,,,,,,,,"Brock Burke","17968",656271
"Jordan Romano","PHI",6,4,,3.77358,59,0,22,5,,59,246,51,27,25,7,21,,2,66,10,3.20755,3.11765,1.13208,0.266332,0.0854271,0.18090452998876572,0.227778,1.21593,0.289256,0.725806,,,3.77445,0.667985,0.649358,168.80999755859375,,,,,,,410.9,6.964406779661017,397,6.728813559322034,,,,,,,,,,,,,,,,,,,"Jordan Romano","16122",605447
"Yennier Cano","BAL",4,2,,3.27014,62,0,3,12,,62,260,55,24,23,5,21,,2,60,8.67299,2.98578,2.90476,0.7109,0.230189,0.0792453,0.15094339102506638,0.231405,1.21643,0.289773,0.742857,,,3.35605,0.657872,0.766989,686.97998046875,,,,,,,368.29999999999995,5.9403225806451605,359,5.790322580645161,,,,,,,,,,,,,,,,,,,"Yennier Cano","25911",666974
"Pierce Johnson","ATL",6,5,,3.65112,64,0,2,12,,64,277,57,29,26,8,27,,1,79,11.1359,3.83367,2.90476,1.09533,0.286385,0.0985915,0.18779342621564865,0.230366,1.31846,0.306452,0.759717,,,3.61273,0.657544,0.721832,699.2100219726562,,,,,,,359.00000000000006,5.609375000000001,348,5.4375,,,,,,,,,,,,,,,,,,,"Pierce Johnson","13435",572955
"Kyle Wright","KCR",6,6,,4.32231,35,11,0,1,,87,372,84,45,42,10,30,,6,70,7.29989,3.07364,2.375,1.05656,0.188586,0.0794045,0.10918114334344864,0.25,1.3127,0.288809,0.687732,,,4.31909,0.649056,0.706334,696.030029296875,,,,,,,338.4000000000001,3.889655172413794,341,3.9195402298850577,,,,,,,,,,,,,,,,,,,"Kyle Wright","19665",657140
"Alex Vesia","LAD",5,3,,3.32263,58,0,0,14,,58,236,42,23,21,7,25,,2,75,11.7014,3.90048,3,1.01124,0.318898,0.106299,0.21259842813014984,0.2,1.1557,0.277372,0.755627,,,3.4233,0.647546,0.722117,712.1199951171875,,,,,,,358.90000000000003,6.18793103448276,324,5.586206896551724,,,,,,,,,,,,,,,,,,,"Alex Vesia","25007",681911
"Garrett Whitlock","BOS",4,4,,3.61446,66,0,2,13,,66,272,62,28,27,8,15,,2,65,8.91566,2.04819,4.35294,1.08434,0.24026,0.0551948,0.18506493419408798,0.242215,1.16466,0.296117,0.739247,,,3.51454,0.644113,0.786782,548.5700073242188,,,,,,,369.8000000000001,5.603030303030305,367,5.5606060606060606,,,,,,,,,,,,,,,,,,,"Garrett Whitlock","20191",676477
"Caleb Ferguson","PIT",3,3,,3.29068,60,0,1,11,,60,262,54,24,22,3,23,,5,64,9.54296,3.45521,2.7619,0.493601,0.242678,0.0878661,0.15481171756982803,0.230047,1.27971,0.302632,0.729483,,,3.18476,0.638556,0.65966,999,,,,,,,359.70000000000005,5.995000000000001,354,5.9,,,,,,,,,,,,,,,,,,,"Caleb Ferguson","19349",657571
"JP Sears","ATH",10,11,,4.47964,31,31,0,0,,175,741,172,94,87,29,50,,11,145,7.44667,2.55979,2.90909,1.5126,0.195719,0.0672783,0.12844037264585495,0.253333,1.26697,0.282511,0.70802,,,4.74373,0.637197,1.00221,485.6199951171875,,,,,,,598.0999999999999,3.4177142857142853,605,3.4571428571428573,,,,,,,,,,,,,,,,,,,"JP Sears","23429",676664
"Edwin Uceta","TBR",3,2,,3.77811,65,0,9,11,,65,272,54,29,27,7,24,,4,72,9.98501,3.37331,2.96,0.944528,0.265233,0.0896057,0.17562724649906158,0.22,1.1994,0.284024,0.712251,,,3.61626,0.636383,0.501715,321.2900085449219,,,,,,,403.5,6.207692307692308,383,5.892307692307693,,,,,,,,,,,,,,,,,,,"Edwin Uceta","20539",670955
"Cole Sands","MIN",5,4,,3.6155,64,0,1,15,,64,268,56,28,26,7,20,,5,71,9.94261,2.84075,3.5,1.033,0.263699,0.0753425,0.1883561685681343,0.230189,1.19082,0.294444,0.738162,,,3.61124,0.635263,0.610701,683.47998046875,,,,,,,373.9,5.8421875,361,5.640625,,,,,,,,,,,,,,,,,,,"Cole Sands","21461",663485
"Jason Adam","SDP",5,2,,3.2459,67,0,4,12,,67,268,48,26,24,8,23,,8,77,10.3279,3.09836,3.33333,1.03279,0.286885,0.0860656,0.2008196860551834,0.203704,1.06557,0.266187,0.742754,,,3.74025,0.614664,1.18889,335.92999267578125,,,,,,,401.59999999999997,5.994029850746268,360,5.373134328358209,,,,,,,,,,,,,,,,,,,"Jason Adam","11861",592094
"Kirby Yates","LAD",6,3,,3.48162,60,0,9,11,,60,245,43,26,23,6,30,,5,72,10.793,4.52611,2.38462,0.870406,0.293839,0.123223,0.17061611264944077,0.20442,1.21857,0.280702,0.732143,,,3.76609,0.611763,0.734264,214.24000549316406,,,,,,,386.4,6.4399999999999995,350,5.833333333333333,,,,,,,,,,,,,,,,,,,"Kirby Yates","9073",489446
"Ryne Nelson","ARI",6,5,,4.00574,55,10,0,1,,101,425,100,48,45,13,27,,3,82,7.30079,2.45513,2.97368,1.16296,0.192177,0.0646259,0.12755102664232254,0.252747,1.26346,0.289157,0.722812,,,4.12843,0.603256,0.885744,419.760009765625,,,,,,,405.5000000000001,4.014851485148516,414,4.099009900990099,,,,,,,,,,,,,,,,,,,"Ryne Nelson","26253",669194
"Tomoyuki Sugano","BAL",0,0,,4.88489,32,26,0,1,,110,492,112,63,60,17,42,,6,99,8.1207,3.43272,2.36567,1.40106,0.201136,0.0850226,0.11611294746398926,0.251039,1.39859,0.287754,0.694948,,,4.68817,0.599294,0.214155,342.1600036621094,,,,,,,371.7,3.379090909090909,387,3.518181818181818,,,,,,,,,,,,,,,,,,,"Tomoyuki Sugano","sa3025685",608372
"Chase Dollander","COL",3,4,,5,19,19,0,0,,95,424,95,57,53,15,38,,11,88,8.33333,3.58333,2.32558,1.41667,0.208333,0.0895833,0.11875000596046448,0.252358,1.38889,0.29316,0.673534,,,4.91648,0.597789,0.904627,999,,,,,,,300.5,3.163157894736842,309,3.2526315789473683,,,,,,,,,,,,,,,,,,,"Chase Dollander","sa3023361",801403
"Reed Garrett","NYM",8,6,,3.70588,66,0,0,14,,66,289,56,30,27,6,32,,1,80,10.9412,4.41176,2.48,0.882353,0.278027,0.112108,0.16591928899288177,0.218274,1.33333,0.292308,0.737705,,,3.53903,0.585576,0.354954,739.7899780273438,,,,,,,386.0000000000001,5.84848484848485,369,5.590909090909091,,,,,,,,,,,,,,,,,,,"Reed Garrett","16866",657585
"Spencer Turnbull",,2,2,,4.38596,10,10,0,0,,54,232,49,28,26,6,21,,5,50,8.42105,3.50877,2.4,1.05263,0.217195,0.0904977,0.1266968473792076,0.239796,1.30604,0.288732,0.682594,,,4.27759,0.577742,0.553417,699.9099731445312,,,,,,,220.4,4.0814814814814815,214,3.962962962962963,,,,,,,,,,,,,,,,,,,"Spencer Turnbull","16207",605513
"Tim Herrin","CLE",4,3,,3.30144,62,0,0,14,,62,262,51,25,23,5,26,,3,65,9.47368,3.73206,2.53846,0.717703,0.249057,0.0981132,0.15094340592622757,0.220339,1.24402,0.284848,0.746479,,,3.48546,0.572667,0.695746,750.0900268554688,,,,,,,363.69999999999993,5.866129032258064,344,5.548387096774194,,,,,,,,,,,,,,,,,,,"Tim Herrin","25139",682120
"Jack Leiter","TEX",5,9,,5.11254,41,23,0,1,,126,555,116,77,71,20,58,,9,128,9.16399,4.14791,2.2093,1.44695,0.230583,0.104369,0.12621358782052994,0.237569,1.38264,0.281746,0.666667,,,4.82779,0.570478,0.00369759,486.6000061035156,,,,,,,443.80000000000007,3.5222222222222226,429,3.4047619047619047,,,,,,,,,,,,,,,,,,,"Jack Leiter","30146",683004
"Tylor Megill","NYM",5,5,,4.37121,51,10,0,1,,89,387,84,47,43,12,36,,4,90,9.05464,3.59063,2.52174,1.17086,0.232,0.092,0.14000000804662704,0.240535,1.33565,0.292453,0.699248,,,4.17255,0.570026,0.237133,405.07000732421875,,,,,,,356.6,4.006741573033708,353,3.966292134831461,,,,,,,,,,,,,,,,,,,"Tylor Megill","21318",656731
"AJ Smith-Shawver","ATL",5,5,,4.11429,50,13,0,1,,89,378,81,44,41,12,37,,2,90,9.08571,3.68571,2.46512,1.2,0.238739,0.0968468,0.14189189672470093,0.238095,1.31429,0.290323,0.726351,,,4.16648,0.569211,0.711405,474.19000244140625,,,,,,,367.4,4.128089887640449,356,4,,,,,,,,,,,,,,,,,,,"AJ Smith-Shawver","29960",700363
"David Robertson",,4,3,,3.70497,54,0,0,0,,54,227,44,24,22,6,23,,3,66,10.9605,3.85935,2.84,0.926244,0.289796,0.102041,0.18775508552789688,0.21659,1.23499,0.292857,0.72327,,,3.50953,0.565778,0.472671,462.0899963378906,,,,,,,265.4,4.9148148148148145,246,4.555555555555555,,,,,,,,,,,,,,,,,,,"David Robertson","8241",502085
"Johan Oviedo","PIT",4,6,,4.26618,32,10,0,1,,76,329,71,39,36,9,31,,6,69,8.20419,3.60985,2.27273,1.06655,0.21097,0.092827,0.11814345419406891,0.241706,1.3309,0.288026,0.704225,,,4.30595,0.564535,0.658372,744.8400268554688,,,,,,,298.1,3.922368421052632,294,3.8684210526315788,,,,,,,,,,,,,,,,,,,"Johan Oviedo","22487",670912
"Michael Lorenzen","KCR",7,8,,4.45405,56,21,0,1,,144,611,136,77,71,19,59,,5,106,6.64572,3.67635,1.80769,1.20189,0.174074,0.0962963,0.07777778804302216,0.247934,1.35114,0.276139,0.701754,,,4.74543,0.560653,1.1356,551.8099975585938,,,,,,,502.30000000000007,3.488194444444445,497,3.451388888888889,,,,,,,,,,,,,,,,,,,"Michael Lorenzen","14843",547179
"Tyler Rogers","SFG",4,3,,3.49922,70,0,1,14,,70,287,70,29,27,7,12,,4,49,6.2986,1.53966,4.09091,0.839813,0.170455,0.0416667,0.12878789380192757,0.257028,1.16641,0.292929,0.720721,,,3.6797,0.557166,1.04231,747.3800048828125,,,,,,,360.9,5.155714285714286,370,5.285714285714286,,,,,,,,,,,,,,,,,,,"Tyler Rogers","15541",643511
"Jesus Tinoco","MIA",2,1,,3.83305,64,0,6,10,,64,271,58,29,27,7,25,,2,63,8.89267,3.52641,2.52174,0.919932,0.232932,0.0923695,0.1405622437596321,0.236607,1.29472,0.29375,0.724852,,,3.7968,0.557099,0.781493,440.5299987792969,,,,,,,351.7,5.4953125,344,5.375,,,,,,,,,,,,,,,,,,,"Jesus Tinoco","16300",622786
"Calvin Faucher","MIA",2,4,,3.90566,63,0,22,6,,63,282,59,30,27,6,31,,2,68,9.67924,4.41509,2.19231,0.849057,0.240506,0.109705,0.13080167770385742,0.239234,1.43396,0.306122,0.73913,,,3.82686,0.555289,0.607022,303.6700134277344,,,,,,,410.0000000000001,6.50793650793651,408,6.476190476190476,,,,,,,,,,,,,,,,,,,"Calvin Faucher","20116",676534
"Hayden Wesneski","HOU",5,6,,4.4,41,13,0,1,,97,407,90,51,47,15,32,,4,90,8.4,3,2.8,1.4,0.221053,0.0789474,0.14210526645183563,0.242775,1.26667,0.282258,0.699153,,,4.45537,0.550914,0.454347,400.1400146484375,,,,,,,375.30000000000007,3.8690721649484545,366,3.7731958762886597,,,,,,,,,,,,,,,,,,,"Hayden Wesneski","27581",669713
"Hayden Birdsong","SFG",6,7,,4.48839,35,19,0,1,,99,429,88,54,49,13,47,,8,102,9.28633,4.25623,2.18182,1.16079,0.238095,0.109127,0.1289682537317276,0.234091,1.35856,0.288525,0.693431,,,4.43045,0.550031,0.552851,419.8299865722656,,,,,,,386.90000000000003,3.9080808080808085,369,3.727272727272727,,,,,,,,,,,,,,,,,,,"Hayden Birdsong","31635",806185
"Michael McGreevy","STL",5,4,,3.99217,46,8,0,1,,84,353,85,40,37,10,22,,1,59,6.34051,2.40704,2.63415,1.05675,0.166924,0.0633694,0.1035548597574234,0.256623,1.27854,0.286611,0.714286,,,4.12538,0.544942,0.673283,455.6400146484375,,,,,,,330.6,3.935714285714286,343,4.083333333333333,,,,,,,,,,,,,,,,,,,"Michael McGreevy","29869",700241
"Ryan Fernandez","STL",4,3,,3.70675,65,0,1,16,,65,276,59,29,27,6,25,,1,64,8.89621,3.41021,2.6087,0.889621,0.232558,0.0891473,0.14341086149215698,0.235043,1.28501,0.291667,0.732759,,,3.66071,0.54341,0.578646,657.5700073242188,,,,,,,372.80000000000007,5.735384615384617,366,5.630769230769231,,,,,,,,,,,,,,,,,,,"Ryan Fernandez","24862",681676
"Ryan Brasier","CHC",3,1,,3.48668,58,0,2,13,,58,232,51,24,22,6,17,,1,52,8.06295,2.61501,3.08333,0.871671,0.224242,0.0727273,0.1515151634812355,0.236842,1.16223,0.288288,0.731132,,,3.5781,0.53466,0.719536,749.0900268554688,,,,,,,334.80000000000007,5.77241379310345,324,5.586206896551724,,,,,,,,,,,,,,,,,,,"Ryan Brasier","5615",518489
"Tanner Banks","PHI",3,2,,3.8009,68,0,0,13,,68,287,64,31,29,7,21,,2,67,8.82353,2.71493,3.25,0.950226,0.232143,0.0714286,0.1607142984867096,0.24031,1.2368,0.295699,0.720222,,,3.57372,0.530958,0.387363,750.2899780273438,,,,,,,367.70000000000005,5.407352941176471,366,5.382352941176471,,,,,,,,,,,,,,,,,,,"Tanner Banks","16990",621383
"Seranthony Domínguez","BAL",6,3,,3.69643,63,0,2,12,,63,262,53,28,26,7,27,,1,68,9.64286,3.85714,2.5,0.964286,0.257511,0.103004,0.15450643002986908,0.225962,1.26786,0.288732,0.734824,,,3.75577,0.524304,0.563493,574.5900268554688,,,,,,,352.3,5.592063492063493,334,5.301587301587301,,,,,,,,,,,,,,,,,,,"Seranthony Dominguez","19249",622554
"Adrian Morejon","SDP",3,3,,3.58852,61,0,1,12,,61,261,55,26,24,7,20,,1,64,9.47368,3.01435,3.14286,1.00478,0.246269,0.0783582,0.16791044920682907,0.231707,1.24402,0.289017,0.747801,,,3.5652,0.522129,0.509025,647.780029296875,,,,,,,340.30000000000007,5.578688524590165,332,5.442622950819672,,,,,,,,,,,,,,,,,,,"Adrian Morejon","20039",670970
"Stephen Kolek","SDP",5,5,,4.39024,41,8,0,1,,82,362,80,44,40,8,31,,8,67,7.36012,3.35725,2.19231,0.903874,0.186275,0.0849673,0.10130719095468521,0.249084,1.34864,0.291866,0.67696,,,4.25687,0.521663,0.29719,732.1699829101562,,,,,,,321.4000000000001,3.9195121951219525,327,3.9878048780487805,,,,,,,,,,,,,,,,,,,"Stephen Kolek","21487",663568
"Gregory Soto","BAL",6,3,,3.6,61,0,1,12,,61,263,51,27,24,4,27,,4,70,10.3091,3.92727,2.625,0.654545,0.265823,0.101266,0.16455695033073425,0.220096,1.27273,0.295775,0.714286,,,3.3483,0.521051,0.303527,748.260009765625,,,,,,,369.60000000000014,6.059016393442625,353,5.786885245901639,,,,,,,,,,,,,,,,,,,"Gregory Soto","19677",642397
"Colin Holderman","PIT",5,3,,3.92727,62,0,7,10,,62,265,54,29,27,6,26,,5,62,9,3.76364,2.3913,0.818182,0.234043,0.0978723,0.13617021590471268,0.230769,1.29091,0.290541,0.703125,,,3.82103,0.520233,0.627327,701.9500122070312,,,,,,,350.5999999999999,5.654838709677418,338,5.451612903225806,,,,,,,,,,,,,,,,,,,"Colin Holderman","22361",670059
"Tony Gonsolin","LAD",6,5,,4.33333,46,13,0,1,,95,386,83,49,46,14,32,,4,78,7.44444,3,2.48148,1.33333,0.20303,0.0818182,0.12121212482452393,0.236667,1.20988,0.266968,0.689655,,,4.5492,0.507143,0.595386,417.54998779296875,,,,,,,366.99999999999994,3.8631578947368417,345,3.6315789473684212,,,,,,,,,,,,,,,,,,,"Tony Gonsolin","19388",664062
"John Schreiber","KCR",4,2,,3.74322,61,0,1,12,,61,261,55,28,25,4,24,,3,56,8.30018,3.58047,2.31818,0.650995,0.21519,0.092827,0.12236285954713821,0.235849,1.30199,0.292994,0.707831,,,3.61856,0.506951,0.481757,999,,,,,,,343.2000000000001,5.626229508196723,337,5.524590163934426,,,,,,,,,,,,,,,,,,,"John Schreiber","20020",670167
"Paul Blackburn","NYM",5,5,,4.64835,48,13,0,1,,100,436,103,56,52,13,35,,3,78,7.02198,3.16484,2.21875,1.18681,0.178392,0.080402,0.09798994660377502,0.258953,1.38462,0.292857,0.686813,,,4.47417,0.506838,0.233167,652.0900268554688,,,,,,,358.3,3.583,377,3.77,,,,,,,,,,,,,,,,,,,"Paul Blackburn","14739",621112
"Bubba Chandler","PIT",4,6,,4.5,15,15,0,0,,68,296,67,36,34,9,27,,4,59,7.77273,3.51818,2.2093,1.22727,0.197917,0.0895833,0.10833331942558289,0.251163,1.37273,0.290625,0.707692,,,4.57557,0.505066,0.737082,305.57000732421875,,,,,,,243.30000000000007,3.5779411764705893,248,3.6470588235294117,,,,,,,,,,,,,,,,,,,"Bubba Chandler","sa3017428",696149
"José Buttó","NYM",4,2,,3.50649,63,0,1,16,,63,263,49,26,25,6,27,,4,70,10,3.8961,2.56667,0.909091,0.266436,0.103806,0.16262975335121155,0.211765,1.21212,0.274854,0.74124,,,3.72925,0.50479,0.755926,662.0900268554688,,,,,,,381,6.0476190476190474,353,5.603174603174603,,,,,,,,,,,,,,,,,,,"Jose Butto","23313",676130
"Matt Waldron","SDP",4,5,,4.55531,19,11,0,1,,70,297,70,38,35,11,20,,4,58,7.48373,2.53796,2.94872,1.36659,0.195246,0.0662139,0.12903226166963577,0.254144,1.27983,0.287469,0.684282,,,4.47523,0.499334,0.335881,576.739990234375,,,,,,,248.7,3.5528571428571425,255,3.642857142857143,,,,,,,,,,,,,,,,,,,"Matt Waldron","25550",663362
"Bryan Hudson","MIL",4,3,,3.51562,60,0,1,11,,60,247,48,25,23,7,22,,3,65,9.70312,3.23438,3,0.984375,0.262357,0.0874525,0.1749049425125122,0.21519,1.15625,0.273292,0.732087,,,3.65085,0.493442,0.675087,999,,,,,,,337.09999999999997,5.618333333333333,313,5.216666666666667,,,,,,,,,,,,,,,,,,,"Bryan Hudson","19924",663542
"Matt Strahm","PHI",5,3,,3.23438,56,0,3,8,,56,221,44,22,20,7,13,,4,66,10.5469,2.10938,5,1.125,0.296443,0.0592885,0.23715414851903915,0.213675,1.01562,0.278146,0.743494,,,3.33835,0.486659,0.530441,515.7100219726562,,,,,,,341.9000000000001,6.1053571428571445,317,5.660714285714286,,,,,,,,,,,,,,,,,,,"Matt Strahm","13799",621381
"Osvaldo Bido","ATH",6,6,,4.39252,38,13,0,1,,92,402,84,49,45,11,39,,10,85,8.31776,3.83178,2.17073,1.02804,0.212411,0.097852,0.11455848067998886,0.23913,1.33956,0.287313,0.68662,,,4.39182,0.484555,0.349881,445.3399963378906,,,,,,,354.1,3.848913043478261,344,3.739130434782609,,,,,,,,,,,,,,,,,,,"Osvaldo Bido","23150",674370
"Cal Quantrill","MIA",7,9,,4.78936,26,26,0,0,,139,613,146,80,74,20,54,,9,98,6.31929,3.45898,1.82692,1.26386,0.159396,0.0872483,0.07214765250682831,0.265421,1.43385,0.292162,0.692951,,,4.94032,0.480821,0.886835,724.3099975585938,,,,,,,410.0000000000001,2.949640287769785,442,3.179856115107914,,,,,,,,,,,,,,,,,,,"Cal Quantrill","19312",615698
"Robert Suarez","SDP",6,5,,3.75712,65,0,25,5,,65,266,56,30,27,7,22,,2,62,8.5389,3.074,2.77778,1.02467,0.231481,0.0833333,0.14814813435077667,0.229592,1.19545,0.278571,0.714286,,,3.88754,0.472878,0.464892,94.33999633789062,,,,,,,446.29999999999995,6.866153846153845,431,6.630769230769231,,,,,,,,,,,,,,,,,,,"Robert Suarez","30115",663158
"Joe Mantiply","ARI",5,4,,3.3996,59,0,0,11,,59,247,56,25,22,5,16,,1,52,7.87276,2.50497,3.14286,0.715706,0.208531,0.0663507,0.14218009263277054,0.244898,1.2326,0.297297,0.72695,,,3.34541,0.469077,0.51495,999,,,,,,,326.5,5.533898305084746,327,5.5423728813559325,,,,,,,,,,,,,,,,,,,"Joe Mantiply","14857",573009
"Scott Barlow","CIN",4,3,,3.5506,55,0,1,10,,55,233,44,24,22,6,25,,3,65,10.6518,4.1681,2.55556,0.926244,0.279352,0.109312,0.17004048079252243,0.21659,1.2693,0.288732,0.746951,,,3.68106,0.453065,0.514984,715,,,,,,,309.79999999999995,5.632727272727272,288,5.236363636363636,,,,,,,,,,,,,,,,,,,"Scott Barlow","14993",605130
"Nick Mears","MIL",4,2,,3.85714,59,0,0,11,,59,256,48,28,25,6,29,,1,73,11.2041,4.40816,2.54167,0.918367,0.286385,0.112676,0.17370891571044922,0.212766,1.30612,0.286885,0.719298,,,3.53383,0.450443,0.240083,743.0700073242188,,,,,,,338,5.728813559322034,317,5.372881355932203,,,,,,,,,,,,,,,,,,,"Nick Mears","25376",683232
"Bryse Wilson","CHW",4,6,,4.70474,43,11,0,1,,100,427,104,56,52,15,30,,4,71,6.36012,2.70087,2.35484,1.394,0.165533,0.0702948,0.095238097012043,0.263547,1.33591,0.287066,0.692042,,,4.78313,0.446973,0.350085,745.8800048828125,,,,,,,329.1,3.2910000000000004,349,3.49,,,,,,,,,,,,,,,,,,,"Bryse Wilson","19990",669060
"Alex Wood",,3,4,,4.78854,11,11,0,0,,60,266,61,35,32,8,21,,6,52,7.73533,3.19236,2.42308,1.22783,0.195652,0.0807453,0.11490684002637863,0.256055,1.36426,0.296296,0.674419,,,4.57166,0.446326,0.231542,999,,,,,,,210.00000000000003,3.5000000000000004,219,3.65,,,,,,,,,,,,,,,,,,,"Alex Wood","13781",622072
"Justin Slaten","BOS",5,5,,3.94881,64,0,4,14,,64,275,61,30,28,8,23,,1,68,9.54296,3.29068,2.9,1.15174,0.246809,0.0851064,0.16170214116573334,0.242991,1.31627,0.302013,0.73955,,,3.86118,0.445209,0.584505,477.80999755859375,,,,,,,356.6,5.571875,356,5.5625,,,,,,,,,,,,,,,,,,,"Justin Slaten","25648",686580
"Derek Law","WSN",5,4,,3.82138,72,0,5,13,,72,311,71,33,31,7,26,,2,61,7.64275,3.29429,2.32,0.922401,0.19661,0.0847458,0.11186440289020538,0.25,1.347,0.295566,0.742092,,,3.98639,0.432866,0.682129,721.8400268554688,,,,,,,377.1,5.237500000000001,384,5.333333333333333,,,,,,,,,,,,,,,,,,,"Derek Law","13133",571882
"Trevor Williams","WSN",5,6,,4.62077,55,15,0,1,,111,487,119,62,57,17,38,,4,88,7.14119,3.04551,2.34483,1.36523,0.180851,0.0771277,0.10372340679168701,0.267442,1.4119,0.30038,0.710117,,,4.67173,0.42356,0.362476,523.3599853515625,,,,,,,356.9000000000001,3.215315315315316,388,3.4954954954954953,,,,,,,,,,,,,,,,,,,"Trevor Williams","16977",592866
"Declan Cronin","MIA",3,3,,3.87692,67,0,1,13,,67,295,66,31,29,5,26,,5,59,7.89231,3.46154,2.28,0.692308,0.199301,0.0874126,0.11188811808824539,0.25,1.36923,0.304124,0.719512,,,3.79725,0.414325,0.506554,999,,,,,,,344.69999999999993,5.144776119402984,352,5.253731343283582,,,,,,,,,,,,,,,,,,,"Declan Cronin","25645",686539
"Erik Miller","SFG",4,3,,3.76884,61,0,1,12,,61,265,48,28,26,5,35,,2,76,11.1558,5.12563,2.17647,0.753769,0.285714,0.131274,0.15444016456604004,0.210762,1.35678,0.291667,0.72973,,,3.58524,0.414141,0.347603,999,,,,,,,359.1000000000001,5.886885245901641,334,5.475409836065574,,,,,,,,,,,,,,,,,,,"Erik Miller","26252",669062
"José Quijada","LAA",3,5,,4.03361,62,0,0,12,,62,264,49,30,28,5,33,,3,71,10.3361,4.78992,2.15789,0.756303,0.269737,0.125,0.14473682641983032,0.21374,1.31653,0.287356,0.700935,,,3.7267,0.405418,0.197811,999,,,,,,,351.9,5.675806451612903,327,5.274193548387097,,,,,,,,,,,,,,,,,,,"Jose Quijada","19200",650671
"José Leclerc","ATH",4,4,,3.98637,64,0,3,13,,64,274,51,31,28,7,33,,3,76,10.7325,4.59966,2.33333,0.919932,0.278884,0.119522,0.1593625620007515,0.215596,1.31175,0.288732,0.714286,,,3.7968,0.404707,0.126989,584.3599853515625,,,,,,,365.9,5.7171875,340,5.3125,,,,,,,,,,,,,,,,,,,"Jose Leclerc","14524",600917
"Yimi García","TOR",4,4,,3.6933,61,0,3,14,,61,254,53,28,25,8,20,,4,66,9.71922,2.91577,3.33333,1.16631,0.259067,0.0777202,0.18134715408086777,0.228571,1.1879,0.285714,0.729614,,,3.85762,0.404113,0.392884,549.9500122070312,,,,,,,346.2000000000001,5.675409836065575,332,5.442622950819672,,,,,,,,,,,,,,,,,,,"Yimi Garcia","12095",554340
"Randy Vásquez","SDP",4,4,,4.33307,25,10,0,1,,62,270,62,32,30,7,21,,5,47,6.81926,2.98343,2.28571,1.06551,0.174229,0.076225,0.09800362586975098,0.252505,1.32597,0.286082,0.693878,,,4.42141,0.402817,0.416821,717.02001953125,,,,,,,231.49999999999994,3.7338709677419346,239,3.8548387096774195,,,,,,,,,,,,,,,,,,,"Randy Vasquez","24719",681190
"Caleb Thielbar","CHC",5,5,,3.74134,66,0,0,13,,66,280,59,29,27,8,23,,2,72,9.76905,3.11778,3.13333,1.03926,0.255435,0.0815217,0.17391306906938553,0.232143,1.24711,0.293103,0.744681,,,3.60528,0.386456,0.386517,999,,,,,,,357.60000000000014,5.418181818181821,347,5.257575757575758,,,,,,,,,,,,,,,,,,,"Caleb Thielbar","10078",573204
"Joel Payamps","MIL",6,4,,3.50847,61,0,2,13,,61,252,52,26,24,7,21,,3,60,8.84746,3.05085,2.9,1.0678,0.237705,0.0819672,0.1557377204298973,0.226244,1.18644,0.275641,0.747508,,,3.91224,0.384156,0.759165,498.80999755859375,,,,,,,340.1000000000001,5.5754098360655755,324,5.311475409836065,,,,,,,,,,,,,,,,,,,"Joel Payamps","14332",606303
"Caden Dana","LAA",4,5,,4.8629,13,13,0,0,,67,289,66,39,36,11,25,,4,57,7.69355,3.33871,2.30435,1.45161,0.197761,0.0858209,0.11194029450416565,0.253112,1.35484,0.286517,0.685714,,,4.86003,0.383457,0.294572,609.5,,,,,,,215.89999999999995,3.222388059701492,219,3.2686567164179103,,,,,,,,,,,,,,,,,,,"Caden Dana","31508",702674
"Jacob Webb","TEX",3,4,,4.15631,61,0,0,12,,61,259,51,30,28,7,27,,2,65,9.59147,3.99645,2.4,0.959147,0.251046,0.104603,0.14644349366426468,0.221698,1.27886,0.280822,0.691824,,,3.8592,0.381717,0.150617,745.7899780273438,,,,,,,323.70000000000005,5.306557377049181,305,5,,,,,,,,,,,,,,,,,,,"Jacob Webb","19274",657097
"Ryan Thompson","ARI",7,5,,3.41772,63,0,0,13,,63,261,60,26,24,6,17,,2,50,7.16094,2.44123,2.93333,0.813743,0.19214,0.0655022,0.1266375631093979,0.25,1.22966,0.294479,0.737705,,,3.67281,0.381333,0.769419,748.6900024414062,,,,,,,331.40000000000003,5.260317460317461,332,5.26984126984127,,,,,,,,,,,,,,,,,,,"Ryan Thompson","16647",657044
"Andrew Painter","PHI",3,3,,4.7093,19,11,0,1,,54,236,50,31,28,9,23,,3,58,9.52326,3.87209,2.45946,1.46512,0.243968,0.0991957,0.14477211982011795,0.237952,1.34884,0.286344,0.695021,,,4.59671,0.379452,0.257945,999,,,,,,,200.90000000000003,3.720370370370371,195,3.611111111111111,,,,,,,,,,,,,,,,,,,"Andrew Painter","sa3017880",691725
"Liam Hendriks","BOS",5,5,,4.05836,61,0,20,7,,61,257,57,29,28,10,21,,2,71,10.504,3.10345,3.38462,1.43236,0.27673,0.081761,0.1949685513973236,0.241379,1.27321,0.305263,0.757576,,,4.01529,0.370783,0.646418,237.3300018310547,,,,,,,381.2000000000001,6.249180327868854,376,6.163934426229508,,,,,,,,,,,,,,,,,,,"Liam Hendriks","3548",521230
"Kyle Hendricks","LAA",5,9,,5.38393,24,24,0,0,,122,536,139,78,73,22,37,,5,86,6.34821,2.73214,2.32353,1.60714,0.159919,0.0688259,0.09109310805797577,0.281319,1.44643,0.303371,0.671642,,,5.12184,0.364265,-0.119135,699.9099731445312,,,,,,,316.8000000000002,2.5967213114754113,370,3.0327868852459017,,,,,,,,,,,,,,,,,,,"Kyle Hendricks","12049",543294
"Jackson Jobe","DET",3,4,,4.61994,29,19,0,1,,88,378,87,49,45,13,33,,3,68,7.01876,3.37611,2.07895,1.33268,0.181193,0.087156,0.09403670579195023,0.253165,1.36229,0.282392,0.700855,,,4.74595,0.360174,0.417385,259.69000244140625,,,,,,,297.1000000000001,3.3761363636363644,303,3.4431818181818183,,,,,,,,,,,,,,,,,,,"Jackson Jobe","30203",695549
"Jared Koenig","MIL",5,5,,3.92279,62,0,2,11,,62,266,57,29,27,7,23,,3,58,8.40598,3.36239,2.5,1.00872,0.217391,0.0869565,0.1304347887635231,0.237942,1.29514,0.286344,0.722101,,,4.02576,0.344114,0.534298,739.02001953125,,,,,,,316.49999999999994,5.104838709677418,311,5.016129032258065,,,,,,,,,,,,,,,,,,,"Jared Koenig","27517",657649
"Aaron Ashby","MIL",4,4,,4.19417,42,5,0,1,,65,288,59,33,30,6,34,,4,64,8.91262,4.80583,1.85455,0.873786,0.221739,0.119565,0.10217390954494476,0.235589,1.4466,0.292683,0.718519,,,4.22473,0.34299,0.350286,561.0900268554688,,,,,,,271.79999999999995,4.1815384615384605,265,4.076923076923077,,,,,,,,,,,,,,,,,,,"Aaron Ashby","23550",676879
"Jose A. Ferrer","WSN",2,4,,4.07547,62,0,3,11,,62,266,61,30,28,6,19,,4,49,7.13208,2.71698,2.625,0.849057,0.185022,0.0704846,0.11453744769096375,0.25,1.28302,0.291925,0.688525,,,3.88346,0.337511,0.243102,627.52001953125,,,,,,,314.4,5.070967741935483,320,5.161290322580645,,,,,,,,,,,,,,,,,,,"Jose A. Ferrer","24017",678606
"Jack Kochanowicz","LAA",5,7,,4.97421,25,15,0,1,,92,403,102,55,51,13,25,,8,49,4.84156,2.45394,1.97297,1.26013,0.122689,0.0621849,0.06050420552492142,0.274725,1.37804,0.288546,0.660848,,,4.99404,0.33704,0.213975,693.3800048828125,,,,,,,258.7000000000001,2.8119565217391314,294,3.1956521739130435,,,,,,,,,,,,,,,,,,,"Jack Kochanowicz","27688",686799
"J.T. Ginn","ATH",4,5,,4.59103,30,13,0,1,,83,364,84,46,42,10,28,,7,61,6.64908,3.08707,2.15385,1.10818,0.168,0.078,0.08999999612569809,0.257206,1.36324,0.288952,0.679468,,,4.58249,0.330224,0.294068,746.3599853515625,,,,,,,293.80000000000007,3.539759036144579,306,3.6867469879518073,,,,,,,,,,,,,,,,,,,"J.T. Ginn","27889",669372
"Bryce Elder","ATL",2,2,,4.15862,14,5,0,1,,36,155,35,18,17,4,12,,1,31,7.63448,3.10345,2.46,0.993103,0.197749,0.0803859,0.117363341152668,0.250883,1.32414,0.295082,0.707547,,,4.06303,0.329482,0.423715,746.47998046875,,,,,,,153.20000000000005,4.255555555555556,155,4.305555555555555,,,,,,,,,,,,,,,,,,,"Bryce Elder","27779",693821
"Noah Schultz","CHW",1,1,,4.63107,8,8,0,0,,32,140,31,18,17,4,11,,4,30,8.21359,2.97087,2.76471,1.2233,0.211236,0.0764045,0.13483145833015442,0.246231,1.28155,0.289655,0.66726,,,4.47716,0.329036,0.178419,999,,,,,,,122.00000000000003,3.812500000000001,123,3.84375,,,,,,,,,,,,,,,,,,,"Noah Schultz","sa3020949",702273
"Tayler Scott","HOU",6,3,,3.61257,65,0,1,16,,65,278,57,28,26,7,28,,3,67,9.26702,3.9267,2.36,0.942408,0.240816,0.102041,0.13877549022436142,0.230415,1.3089,0.289474,0.750751,,,3.93437,0.326498,0.645092,749.9099731445312,,,,,,,356.7,5.487692307692307,344,5.292307692307692,,,,,,,,,,,,,,,,,,,"Tayler Scott","13652",605463
"Hoby Milner","TEX",2,3,,4.0395,54,0,0,9,,54,226,50,26,24,6,14,,3,49,8.24057,2.26212,3.64286,0.969479,0.218884,0.0600858,0.15879828855395317,0.240741,1.18492,0.289308,0.677083,,,3.65122,0.324276,0.122886,999,,,,,,,278.8,5.162962962962963,275,5.092592592592593,,,,,,,,,,,,,,,,,,,"Hoby Milner","13346",571948
"Ben Brown","CHC",3,2,,3.74026,33,3,0,1,,46,191,38,21,19,5,18,,2,49,9.58442,3.50649,2.73333,0.935065,0.25387,0.0928793,0.16099072247743607,0.22069,1.22078,0.28,0.71256,,,3.67297,0.32211,0.311446,418.69000244140625,,,,,,,222.10000000000002,4.828260869565218,207,4.5,,,,,,,,,,,,,,,,,,,"Ben Brown","23590",676962
"Greg Weissert","BOS",3,3,,3.8806,60,0,0,12,,60,259,57,28,26,6,23,,3,59,8.80597,3.43284,2.56522,0.895522,0.226923,0.0884615,0.13846153020858765,0.24359,1.3267,0.301775,0.726257,,,3.79666,0.311718,0.361623,999,,,,,,,310,5.166666666666667,310,5.166666666666667,,,,,,,,,,,,,,,,,,,"Greg Weissert","20375",669711
"Wade Miley","CIN",2,4,,5.07803,10,10,0,0,,50,218,55,31,28,7,19,,1,31,5.5102,3.34934,1.64516,1.29652,0.140496,0.0853995,0.05509641021490097,0.275758,1.46459,0.29588,0.674905,,,5.00321,0.310064,0.216813,999,,,,,,,142.89999999999998,2.8579999999999997,161,3.22,,,,,,,,,,,,,,,,,,,"Wade Miley","8779",489119
"JoJo Romero","STL",5,4,,3.6,60,0,0,12,,60,251,53,26,24,7,20,,3,60,9,2.94545,3.05556,0.981818,0.23913,0.0782609,0.1608695685863495,0.23445,1.21818,0.290541,0.733788,,,3.73012,0.293327,0.407395,732.4000244140625,,,,,,,319.09999999999997,5.3183333333333325,308,5.133333333333334,,,,,,,,,,,,,,,,,,,"JoJo Romero","19574",668941
"José Suarez","LAA",3,4,,4.4217,62,2,0,10,,70,303,67,37,34,9,26,,4,67,8.65916,3.40839,2.54054,1.10542,0.221698,0.0872642,0.13443396240472794,0.246073,1.34084,0.297101,0.691769,,,4.12861,0.289736,0.0756295,999,,,,,,,317.1,4.53,317,4.5285714285714285,,,,,,,,,,,,,,,,,,,"Jose Suarez","19911",660761
"Dedniel Núñez","NYM",3,2,,3.51129,49,0,0,4,,49,204,41,21,19,5,18,,0,56,10.3491,3.32649,3.11111,0.924025,0.275862,0.0886699,0.18719211965799332,0.221622,1.2115,0.290323,0.730769,,,3.31022,0.280349,0.183562,744.4500122070312,,,,,,,268.5,5.479591836734694,254,5.183673469387755,,,,,,,,,,,,,,,,,,,"Dedniel Nunez","23055",673380
"Chad Green","TOR",6,5,,3.78,63,0,5,12,,63,256,55,29,26,9,19,,1,59,8.46,2.7,3.13333,1.26,0.231527,0.0738916,0.15763548016548157,0.235294,1.18,0.278195,0.731707,,,4.06648,0.27625,0.468405,494.739990234375,,,,,,,343.50000000000006,5.452380952380953,329,5.222222222222222,,,,,,,,,,,,,,,,,,,"Chad Green","15552",643338
"Shane Smith","CHW",3,6,,4.68869,57,6,1,4,,81,355,79,45,42,11,30,,8,75,8.34816,3.31639,2.51724,1.25794,0.210983,0.083815,0.12716762721538544,0.249191,1.34689,0.293333,0.684327,,,4.53878,0.275468,0.00710233,663.260009765625,,,,,,,315.69999999999993,3.89753086419753,319,3.9382716049382718,,,,,,,,,,,,,,,,,,,"Shane Smith","sa3020469",681343
"Matthew Liberatore","STL",5,4,,4.14706,67,3,2,13,,80,344,75,40,37,9,30,,5,73,8.20588,3.35294,2.44737,1.05882,0.211845,0.0865604,0.12528473883867264,0.243038,1.31373,0.289655,0.708191,,,4.16648,0.272573,0.352308,681.6900024414062,,,,,,,389.29999999999995,4.866249999999999,386,4.825,,,,,,,,,,,,,,,,,,,"Matthew Liberatore","22294",669461
"Cionel Pérez","BAL",2,2,,3.66667,59,0,0,10,,59,257,54,26,24,3,27,,3,51,7.83333,4.16667,1.88,0.5,0.2,0.106383,0.0936170294880867,0.236715,1.37037,0.292994,0.716332,,,3.70352,0.267829,0.260479,999,,,,,,,311.30000000000007,5.276271186440679,308,5.220338983050848,,,,,,,,,,,,,,,,,,,"Cionel Perez","19614",672335
"Manuel Rodríguez","TBR",4,4,,3.74322,61,0,2,13,,61,259,54,28,25,6,23,,6,58,8.62568,3.41772,2.52381,0.813743,0.225532,0.0893617,0.13617021590471268,0.23445,1.26582,0.291391,0.714286,,,3.83556,0.266379,0.239332,746.5,,,,,,,328.20000000000005,5.38032786885246,318,5.213114754098361,,,,,,,,,,,,,,,,,,,"Manuel Rodriguez","20794",655889
"Elvis Peguero","MIL",6,4,,3.81356,56,0,0,9,,56,242,50,26,24,5,23,,3,52,8.38983,3.66102,2.29167,0.762712,0.215686,0.0941176,0.12156862020492554,0.232456,1.30508,0.285714,0.714286,,,3.77665,0.264181,0.236237,999,,,,,,,284.9000000000001,5.087500000000001,277,4.946428571428571,,,,,,,,,,,,,,,,,,,"Elvis Peguero","21652",665625
"Trent Thornton","SEA",3,3,,3.62903,67,0,0,14,,67,280,62,29,27,9,18,,3,66,8.85484,2.46774,3.58824,1.16129,0.235521,0.0656371,0.16988418996334076,0.238494,1.19355,0.288235,0.748408,,,3.8439,0.260134,0.376964,750.6199951171875,,,,,,,348.9,5.207462686567164,343,5.119402985074627,,,,,,,,,,,,,,,,,,,"Trent Thornton","17948",663423
"Yuki Matsui","SDP",3,2,,3.68715,58,0,0,11,,58,245,46,26,24,6,27,,2,67,10.3911,4.18994,2.48,1.00559,0.273128,0.110132,0.1629955768585205,0.215,1.26629,0.280303,0.738255,,,3.81825,0.259588,0.269002,731.760009765625,,,,,,,326.80000000000007,5.634482758620691,303,5.224137931034483,,,,,,,,,,,,,,,,,,,"Yuki Matsui","33826",673513
"Tyson Miller","CHC",4,3,,3.7558,62,0,1,12,,62,259,55,28,26,7,20,,4,57,8.34621,2.92117,2.85714,0.973725,0.222222,0.0777778,0.14444443583488464,0.232653,1.20556,0.280899,0.718475,,,3.87745,0.256536,0.383732,750.5999755859375,,,,,,,324.69999999999993,5.237096774193548,314,5.064516129032258,,,,,,,,,,,,,,,,,,,"Tyson Miller","19976",668338
"Braxton Ashcraft","PIT",2,2,,4,31,3,0,1,,42,176,43,20,19,5,9,,1,34,7.33333,2,3.66667,1.11111,0.19242,0.0524781,0.13994169235229492,0.256966,1.24691,0.295547,0.712644,,,3.88253,0.255967,0.241674,999,,,,,,,179.5,4.273809523809524,187,4.4523809523809526,,,,,,,,,,,,,,,,,,,"Braxton Ashcraft","sa3008470",677952
"Jordan Wicks","CHC",2,2,,4.27046,20,6,0,1,,41,177,40,21,20,5,14,,1,36,7.79359,3.09609,2.51724,1.17438,0.201657,0.0801105,0.12154696136713028,0.245455,1.30486,0.284553,0.708245,,,4.26968,0.255739,0.244623,677.4500122070312,,,,,,,168.90000000000003,4.119512195121952,171,4.170731707317073,,,,,,,,,,,,,,,,,,,"Jordan Wicks","30094",696136
"Patrick Corbin",,3,5,,5.41453,13,13,0,0,,68,310,81,44,41,11,24,,1,53,7.0653,3.16948,2.22917,1.51871,0.172303,0.0772947,0.09500805288553238,0.285965,1.54806,0.318182,0.682327,,,4.91263,0.255117,-0.145472,999,,,,,,,188.30000000000004,2.769117647058824,228,3.3529411764705883,,,,,,,,,,,,,,,,,,,"Patrick Corbin","9323",571578
"Kyle Hart","SDP",0,0,,4.90942,39,11,0,1,,73,335,74,43,40,11,30,,4,67,8.26022,3.66039,2.25665,1.35638,0.200766,0.0889661,0.11179951578378677,0.245186,1.41343,0.281821,0.686998,,,4.68683,0.250619,0.00391398,489.8399963378906,,,,,,,248.50000000000003,3.4041095890410964,258,3.5342465753424657,,,,,,,,,,,,,,,,,,,"Kyle Hart","19646",606996
"Kenta Maeda","DET",3,5,,4.87899,54,8,0,1,,89,384,91,53,48,15,28,,3,79,7.92836,2.788,2.84375,1.48112,0.204955,0.0720721,0.13288287818431854,0.256724,1.32623,0.292359,0.671378,,,4.56048,0.250378,-0.105902,572.3800048828125,,,,,,,306.5,3.443820224719101,319,3.5842696629213484,,,,,,,,,,,,,,,,,,,"Kenta Maeda","18498",628317
"Julian Merryweather","CHC",3,3,,3.78947,56,0,0,10,,56,243,49,25,24,6,24,,3,63,10.1842,3.78947,2.6875,0.947368,0.260606,0.0969697,0.16363635659217834,0.22449,1.28947,0.29,0.737327,,,3.6928,0.245732,0.252823,999,,,,,,,298.20000000000005,5.325000000000001,287,5.125,,,,,,,,,,,,,,,,,,,"Julian Merryweather","16703",657240
"Daniel Lynch IV","KCR",3,4,,4.5,55,5,0,4,,77,332,79,41,38,10,25,,3,62,7.24219,2.95312,2.45238,1.19531,0.185252,0.0755396,0.10971223562955856,0.259332,1.35938,0.29563,0.699068,,,4.38523,0.243414,0.30128,665.5700073242188,,,,,,,297.4000000000001,3.8623376623376635,311,4.038961038961039,,,,,,,,,,,,,,,,,,,"Daniel Lynch IV","21537",663738
"Louis Varland","MIN",4,4,,4.32283,58,2,1,9,,65,278,64,34,31,9,19,,3,61,8.43307,2.69291,3.13158,1.20472,0.21875,0.0698529,0.14889707416296005,0.251497,1.29134,0.29863,0.699001,,,4.04837,0.243051,0.0166528,742.0700073242188,,,,,,,300.9,4.629230769230769,305,4.6923076923076925,,,,,,,,,,,,,,,,,,,"Louis Varland","27691",686973
"Gabe Speier","SEA",3,1,,3.68182,58,0,0,10,,58,244,51,25,24,7,18,,4,62,9.61364,2.86364,3.35714,1.02273,0.254054,0.0756757,0.17837835848331451,0.232143,1.20455,0.293103,0.73913,,,3.66648,0.241785,0.224738,999,,,,,,,308.5,5.318965517241379,297,5.120689655172414,,,,,,,,,,,,,,,,,,,"Gabe Speier","17170",642100
"Logan Allen","CLE",2,2,,4.26316,6,6,0,0,,33,142,32,17,16,5,13,,1,28,7.78195,3.45113,2.2549,1.28571,0.199653,0.0885417,0.1111111044883728,0.25144,1.36842,0.289406,0.733591,,,4.5349,0.236648,0.311444,737.4000244140625,,,,,,,113.50000000000004,3.439393939393941,114,3.4545454545454546,,,,,,,,,,,,,,,,,,,"Logan Allen","27589",671106
"Shinnosuke Ogasawara","WSN",0,0,,4.91632,45,10,0,0,,74,340,74,44,40,11,31,,4,68,8.29951,3.72449,2.22836,1.34381,0.200664,0.0900499,0.11061399430036545,0.243566,1.41761,0.28018,0.684812,,,4.68645,0.236135,0.124007,704.4099731445312,,,,,,,250.9,3.3905405405405404,258,3.4864864864864864,,,,,,,,,,,,,,,,,,,"Shinnosuke Ogasawara","sa3058454",829272
"Adam Mazur","MIA",2,3,,4.71545,6,6,0,0,,31,135,33,18,16,4,10,,1,23,6.82927,2.92683,2.33333,1.30081,0.173913,0.0745342,0.09937887638807297,0.267416,1.40018,0.298551,0.693816,,,4.55763,0.234936,0.18253,745.9500122070312,,,,,,,107.39999999999999,3.464516129032258,116,3.7419354838709675,,,,,,,,,,,,,,,,,,,"Adam Mazur","31900",800049
"Porter Hodge","CHC",4,4,,3.96871,63,0,11,10,,63,272,52,30,28,6,30,,5,68,9.72973,4.35277,2.23529,0.896159,0.25,0.111842,0.1381578966975212,0.219697,1.30868,0.281768,0.705596,,,4.00574,0.234627,0.33286,284.4700012207031,,,,,,,383.2000000000001,6.082539682539684,363,5.761904761904762,,,,,,,,,,,,,,,,,,,"Porter Hodge","26413",687863
"Garrett Cleavinger","TBR",6,6,,4,63,0,3,15,,63,272,52,30,28,7,29,,6,74,10.5,4.16667,2.52,1,0.270386,0.107296,0.16309011727571487,0.221675,1.2963,0.291045,0.714286,,,3.94426,0.234333,0.164654,738.6599731445312,,,,,,,362.90000000000003,5.760317460317461,342,5.428571428571429,,,,,,,,,,,,,,,,,,,"Garrett Cleavinger","17897",664076
"Sam Moll","CIN",4,4,,4.27646,63,0,0,10,,63,268,54,33,30,7,27,,5,63,8.94168,3.88769,2.3,0.971922,0.233503,0.101523,0.13197968900203705,0.231214,1.2959,0.286885,0.679245,,,4.1384,0.234066,0.135434,999,,,,,,,309.70000000000005,4.915873015873016,294,4.666666666666667,,,,,,,,,,,,,,,,,,,"Sam Moll","14874",594580
"Scott Alexander","COL",4,4,,3.92252,56,0,0,9,,56,236,54,26,24,5,18,,3,42,6.75545,2.83293,2.38462,0.871671,0.178161,0.0747126,0.1034482792019844,0.251572,1.28329,0.290323,0.7173,,,4.01394,0.233481,0.453984,999,,,,,,,269.5,4.8125,272,4.857142857142857,,,,,,,,,,,,,,,,,,,"Scott Alexander","10591",518397
"Tony Santillan","CIN",4,6,,4.47761,58,0,1,11,,58,252,50,31,29,8,28,,5,67,10.4478,4.32836,2.41379,1.19403,0.267176,0.110687,0.1564885675907135,0.22807,1.34328,0.293333,0.702006,,,4.26101,0.233388,0.135197,590.6900024414062,,,,,,,284.80000000000007,4.910344827586208,270,4.655172413793103,,,,,,,,,,,,,,,,,,,"Tony Santillan","19926",663574
"Carmen Mlodzinski","PIT",4,5,,3.91304,61,0,1,12,,61,262,57,29,27,6,24,,3,53,7.82609,3.53436,2.21429,0.88359,0.202614,0.0915033,0.1111111044883728,0.243636,1.3324,0.291262,0.715962,,,4.00799,0.232806,0.381778,749.3300170898438,,,,,,,307.4000000000001,5.039344262295083,305,5,,,,,,,,,,,,,,,,,,,"Carmen Mlodzinski","27572",669387
"Penn Murfee","CHW",3,4,,4.26637,58,0,1,10,,58,249,54,30,27,7,22,,4,56,8.73589,3.45372,2.52941,1.0158,0.226316,0.0894737,0.13684210926294327,0.241176,1.30926,0.295082,0.686275,,,4.04684,0.232319,-0.00295876,748.5999755859375,,,,,,,281.70000000000005,4.856896551724139,278,4.793103448275862,,,,,,,,,,,,,,,,,,,"Penn Murfee","25174",682171
"Adrian Houser","TEX",1,2,,4.80987,5,5,0,0,,27,118,27,16,14,3,11,,1,19,6.19733,3.5149,1.76316,1.01747,0.158768,0.0900474,0.06872037798166275,0.255263,1.38746,0.284768,0.660535,,,4.55394,0.229408,0.0657665,748.8599853515625,,,,,,,94.7,3.5074074074074075,98,3.6296296296296298,,,,,,,,,,,,,,,,,,,"Adrian Houser","12718",605288
"Quinn Priester","BOS",3,4,,4.38655,39,3,0,1,,52,227,53,28,26,6,18,,3,42,7.18487,3.02521,2.375,0.983193,0.183752,0.0773694,0.10638298094272614,0.2569,1.35294,0.297521,0.686275,,,4.14967,0.224157,0.134334,684.97998046875,,,,,,,198.2,3.8115384615384613,207,3.980769230769231,,,,,,,,,,,,,,,,,,,"Quinn Priester","25977",682990
"Chayce McDermott","BAL",2,2,,4.26804,28,5,0,1,,47,205,42,24,22,6,24,,2,49,9.46392,4.54639,2.08163,1.1134,0.241135,0.115839,0.1252955123782158,0.232432,1.39175,0.289062,0.71912,,,4.31081,0.222391,0.221724,739.6199951171875,,,,,,,188.8,4.017021276595745,181,3.851063829787234,,,,,,,,,,,,,,,,,,,"Chayce McDermott","29866",694646
"Brandon Sproat","NYM",1,1,,4.26912,5,5,0,0,,22,94,21,11,10,3,8,,1,19,7.84124,3.485,2.25,1.13262,0.201342,0.0894855,0.11185681074857712,0.242574,1.33591,0.282392,0.709516,,,4.30878,0.219856,0.23161,999,,,,,,,82.30000000000001,3.7409090909090916,82,3.727272727272727,,,,,,,,,,,,,,,,,,,"Brandon Sproat","sa3023499",687075
"Victor Vodnik","COL",3,5,,4.5,65,0,4,13,,65,289,63,36,32,7,32,,2,61,8.4375,4.5,1.875,0.984375,0.210526,0.112281,0.09824561327695847,0.247012,1.46875,0.298913,0.700713,,,4.3071,0.218303,0.295661,671.7899780273438,,,,,,,323.09999999999997,4.97076923076923,326,5.015384615384615,,,,,,,,,,,,,,,,,,,"Victor Vodnik","24614",680767
"Evan Phillips","LAD",3,2,,3.11958,50,0,0,7,,50,199,38,19,17,4,16,,2,55,9.98267,2.80763,3.55556,0.779896,0.278261,0.0782609,0.19999998807907104,0.209524,1.07452,0.276596,0.727273,,,3.11449,0.217107,0.189413,641.5700073242188,,,,,,,306,6.12,282,5.64,,,,,,,,,,,,,,,,,,,"Evan Phillips","17734",623465
"Beau Brieske","DET",3,4,,4.13543,66,0,10,10,,66,279,60,33,30,8,24,,2,61,8.27086,3.26481,2.53333,1.08827,0.217143,0.0857143,0.1314285695552826,0.236593,1.26965,0.281385,0.703297,,,4.09756,0.214946,0.123164,484.54998779296875,,,,,,,368.0000000000001,5.575757575757578,360,5.454545454545454,,,,,,,,,,,,,,,,,,,"Beau Brieske","26079",689225
"John King","STL",4,3,,3.58209,56,0,0,10,,56,239,59,24,22,5,14,,2,36,5.8209,2.23881,2.6,0.746269,0.151751,0.0583658,0.09338520839810371,0.2625,1.29353,0.295918,0.732394,,,3.79666,0.208285,0.347661,999,,,,,,,263.5,4.705357142857143,279,4.982142857142857,,,,,,,,,,,,,,,,,,,"John King","22051",667463
"Kyle Bradish","BAL",1,1,,3.33076,14,2,0,1,,21,85,18,8,8,2,7,,1,21,8.95143,2.84503,3.14634,0.832691,0.241573,0.076779,0.16479400545358658,0.226337,1.16423,0.284058,0.737705,,,3.4903,0.203749,0.173382,672.0999755859375,,,,,,,106.00000000000001,5.047619047619048,101,4.809523809523809,,,,,,,,,,,,,,,,,,,"Kyle Bradish","24586",680694
"Shawn Armstrong","TEX",2,3,,4.36266,58,0,0,11,,58,251,57,30,28,7,19,,3,55,8.56373,2.90844,2.94444,1.13106,0.219917,0.0746888,0.14522822201251984,0.25,1.31059,0.3,0.696203,,,4.02824,0.200332,-0.0157075,999,,,,,,,282.90000000000003,4.877586206896552,287,4.948275862068965,,,,,,,,,,,,,,,,,,,"Shawn Armstrong","12857",542888
"Taylor Rogers","CIN",4,4,,4.68,62,0,4,13,,62,272,58,35,32,10,26,,5,73,10.62,3.78,2.80952,1.44,0.269406,0.0958904,0.17351599037647247,0.242268,1.36,0.307087,0.704225,,,4.38648,0.199823,-0.0334588,543.7899780273438,,,,,,,309.99999999999994,4.999999999999999,305,4.919354838709677,,,,,,,,,,,,,,,,,,,"Taylor Rogers","13449",573124
"Slade Cecconi","CLE",3,4,,4.37121,44,3,0,1,,59,246,57,31,28,9,14,,3,51,7.80572,2.1856,3.57143,1.32697,0.206612,0.0578512,0.148760337382555,0.248889,1.21422,0.285285,0.679862,,,4.23326,0.193562,0.143595,656.5900268554688,,,,,,,232.70000000000005,3.9440677966101703,233,3.9491525423728815,,,,,,,,,,,,,,,,,,,"Slade Cecconi","27500",677944
"Dane Dunning","TEX",4,5,,4.62511,63,3,0,5,,78,338,76,43,40,11,28,,5,69,7.96125,3.1845,2.5,1.21314,0.203884,0.0815534,0.12233011424541473,0.248927,1.33109,0.289855,0.678466,,,4.38805,0.191224,-0.0180652,739.5,,,,,,,303.30000000000007,3.8884615384615393,306,3.923076923076923,,,,,,,,,,,,,,,,,,,"Dane Dunning","19409",641540
"DL Hall","MIL",2,2,,4.13793,31,3,0,1,,41,180,37,20,19,5,19,,3,44,9.65517,4.25287,2.27027,1.03448,0.243478,0.107246,0.13623187690973282,0.231023,1.36654,0.290476,0.720339,,,4.12433,0.188245,0.225192,699.5900268554688,,,,,,,171.70000000000005,4.187804878048782,166,4.048780487804878,,,,,,,,,,,,,,,,,,,"DL Hall","22207",669084
"Trevor Rogers","BAL",2,2,,4.28891,22,3,0,1,,35,153,35,18,17,4,13,,1,30,7.70663,3.41772,2.2549,1.00521,0.196246,0.0870307,0.10921501368284225,0.25283,1.37751,0.2975,0.707317,,,4.1568,0.185751,0.1411,710.5499877929688,,,,,,,140.8,4.022857142857143,145,4.142857142857143,,,,,,,,,,,,,,,,,,,"Trevor Rogers","22286",669432
"Paul Sewald","CLE",4,3,,3.66167,59,0,1,12,,59,238,48,27,24,9,19,,3,67,10.2141,2.89079,3.53333,1.34904,0.281915,0.0797872,0.20212765783071518,0.222222,1.1349,0.279279,0.740741,,,3.93736,0.185696,0.249255,582.739990234375,,,,,,,322.1,5.459322033898306,299,5.067796610169491,,,,,,,,,,,,,,,,,,,"Paul Sewald","13892",623149
"Anthony DeSclafani",,2,2,,4.77361,6,6,0,0,,35,154,38,20,19,6,11,,1,27,6.98577,2.67788,2.6087,1.51358,0.178571,0.0684524,0.1101190522313118,0.270096,1.38422,0.298319,0.709459,,,4.77062,0.185508,0.175833,999,,,,,,,104.39999999999999,2.9828571428571427,115,3.2857142857142856,,,,,,,,,,,,,,,,,,,"Anthony DeSclafani","13050",543101
"Nick Nastrini","CHW",3,6,,5.25,23,13,0,1,,69,312,68,44,40,10,39,,3,62,8.08333,5.08333,1.59016,1.33333,0.199179,0.125257,0.07392196357250214,0.251781,1.5463,0.292208,0.684647,,,5.12944,0.177043,-0.0670103,999,,,,,,,212.8,3.084057971014493,217,3.1449275362318843,,,,,,,,,,,,,,,,,,,"Nick Nastrini","29833",680897
"Matt Brash","SEA",4,2,,3.11367,50,0,0,1,,50,214,40,19,17,4,23,,2,65,11.7133,4.15157,2.82143,0.741351,0.303846,0.107692,0.19615386426448822,0.209607,1.25206,0.296552,0.768116,,,3.16648,0.176448,0.149192,685.530029296875,,,,,,,275.8,5.516,257,5.14,,,,,,,,,,,,,,,,,,,"Matt Brash","25756",666374
"Griffin Canning","NYM",5,6,,5.01429,45,11,0,1,,97,419,95,58,54,17,37,,3,85,7.90714,3.40714,2.32075,1.54286,0.203642,0.0877483,0.11589404940605164,0.250916,1.35714,0.283208,0.677749,,,4.88077,0.167105,-0.0943845,527.4099731445312,,,,,,,315.70000000000005,3.2546391752577324,318,3.2783505154639174,,,,,,,,,,,,,,,,,,,"Griffin Canning","19867",656288
"Mason Adams","CHW",1,2,,4.9185,5,5,0,0,,26,113,28,15,14,4,7,,2,19,6.47172,2.5024,2.58621,1.38063,0.164474,0.0635965,0.10087718814611435,0.268585,1.35187,0.294479,0.666105,,,4.84433,0.165665,0.109663,999,,,,,,,81.39999999999999,3.1307692307692303,89,3.423076923076923,,,,,,,,,,,,,,,,,,,"Mason Adams","sa3020388",690279
"Danny Coulombe","MIN",3,3,,3.25581,54,0,0,7,,54,219,47,21,20,6,15,,1,54,9.06977,2.55814,3.54545,0.930233,0.248408,0.0700637,0.17834393680095673,0.234483,1.16279,0.294118,0.761421,,,3.42488,0.164987,0.18461,750.8099975585938,,,,,,,291.6,5.4,280,5.185185185185185,,,,,,,,,,,,,,,,,,,"Danny Coulombe","13293",543056
"Jonathan Loáisiga","NYY",5,3,,3.23467,40,0,0,1,,40,164,36,15,14,3,10,,2,33,7.42072,2.2833,3.25,0.570825,0.201031,0.0618557,0.13917523995041847,0.233333,1.14165,0.282609,0.722892,,,3.2299,0.164817,0.15766,750.3800048828125,,,,,,,199.50000000000003,4.987500000000001,195,4.875,,,,,,,,,,,,,,,,,,,"Jonathan Loaisiga","19753",642528
"Joe Kelly",,2,2,,4.21875,27,0,0,0,,27,118,23,14,13,3,14,,3,31,10.4062,4.5,2.3125,0.84375,0.264286,0.114286,0.14999999850988388,0.22314,1.34375,0.296296,0.695876,,,3.85398,0.164739,0.00864393,999,,,,,,,114.10000000000001,4.225925925925926,107,3.962962962962963,,,,,,,,,,,,,,,,,,,"Joe Kelly","9761",523260
"Mark Leiter Jr.","NYY",4,5,,4.18941,58,0,0,12,,58,246,48,29,27,8,23,,6,69,10.6902,3.61156,2.96,1.30016,0.280303,0.094697,0.18560605496168137,0.223176,1.23596,0.286667,0.714286,,,4.16166,0.160899,0.0677476,748.1599731445312,,,,,,,305.00000000000006,5.2586206896551735,285,4.913793103448276,,,,,,,,,,,,,,,,,,,"Mark Leiter Jr.","15551",643410
"Richard Fitts","BOS",3,3,,4.48931,33,3,0,1,,46,199,49,25,23,6,13,,1,34,6.55582,2.49406,2.62857,1.2114,0.169742,0.0645756,0.10516604781150818,0.264414,1.33017,0.294416,0.693481,,,4.3858,0.153587,0.129266,605.280029296875,,,,,,,169.20000000000002,3.678260869565218,182,3.9565217391304346,,,,,,,,,,,,,,,,,,,"Richard Fitts","30160",690916
"Patrick Sandoval","BOS",1,1,,3.88303,8,2,0,1,,14,63,14,7,6,1,6,,1,14,8.54267,3.71045,2.30233,0.776606,0.217582,0.0945055,0.1230769231915474,0.245098,1.37104,0.303333,0.720859,,,3.74174,0.149915,0.120407,747.3599853515625,,,,,,,65.90000000000003,4.70714285714286,68,4.857142857142857,,,,,,,,,,,,,,,,,,,"Patrick Sandoval","19447",663776
"Michel Otañez","ATH",3,3,,4.05,52,0,1,13,,52,231,42,25,23,5,30,,5,66,11.4,5.25,2.17143,0.9,0.285714,0.131579,0.1541353464126587,0.213333,1.38333,0.293706,0.723861,,,3.98315,0.142907,0.107663,740.9299926757812,,,,,,,298.09999999999997,5.732692307692307,279,5.365384615384615,,,,,,,,,,,,,,,,,,,"Michel Otanez","22533",671305
"Chase Silseth","LAA",3,3,,4.32911,47,3,0,1,,58,248,54,30,28,8,23,,3,55,8.5443,3.64557,2.34375,1.25316,0.221239,0.0943953,0.12684366106987,0.244224,1.34177,0.290323,0.717439,,,4.44496,0.141375,0.15672,727.8800048828125,,,,,,,226.40000000000006,3.90344827586207,222,3.8275862068965516,,,,,,,,,,,,,,,,,,,"Chase Silseth","30074",681217
"Kyle Finnegan","WSN",5,5,,4.11864,64,0,22,6,,64,272,61,31,29,9,24,,1,60,8.38983,3.35593,2.5,1.22034,0.219124,0.0876494,0.131474107503891,0.245614,1.32203,0.290909,0.733533,,,4.23428,0.14119,0.393162,227.13999938964844,,,,,,,383.30000000000007,5.989062500000001,382,5.96875,,,,,,,,,,,,,,,,,,,"Kyle Finnegan","15009",640448
"Jorge Alcala","MIN",3,4,,4.05,63,0,0,12,,63,257,54,30,28,8,24,,2,65,9.3,3.45,2.69565,1.2,0.253061,0.0938775,0.15918365865945816,0.231818,1.23333,0.286667,0.71656,,,4.08315,0.140387,0.181566,999,,,,,,,327.4000000000001,5.196825396825398,311,4.936507936507937,,,,,,,,,,,,,,,,,,,"Jorge Alcala","19459",660896
"Tim Hill","NYY",2,2,,4.32692,63,0,0,11,,63,277,68,33,30,5,18,,5,34,4.84615,2.59615,1.86667,0.692308,0.122271,0.0655022,0.05676855146884918,0.266667,1.36538,0.292135,0.672783,,,4.18571,0.14031,-0.049691,999,,,,,,,270.90000000000003,4.300000000000001,293,4.650793650793651,,,,,,,,,,,,,,,,,,,"Tim Hill","16814",657612
"Bryan Baker","BAL",3,3,,3.92789,52,0,0,4,,52,219,45,25,23,5,22,,2,51,8.88046,3.75712,2.36364,0.85389,0.234234,0.0990991,0.13513512909412384,0.232323,1.29032,0.29078,0.704918,,,3.79267,0.139991,0.0424241,999,,,,,,,252.3,4.851923076923077,241,4.634615384615385,,,,,,,,,,,,,,,,,,,"Bryan Baker","19804",641329
"Carson Whisenhunt","SFG",1,1,,4.24779,14,3,0,1,,25,108,24,13,12,3,10,,1,23,8.40708,3.53982,2.375,1.06195,0.213004,0.0896861,0.1233183816075325,0.246883,1.36677,0.295918,0.711948,,,4.1596,0.138492,0.143044,999,,,,,,,102.69999999999999,4.108,103,4.12,,,,,,,,,,,,,,,,,,,"Carson Whisenhunt","sa3020529",687931
"Josh Sborz","TEX",3,2,,3.70709,38,0,3,1,,38,160,33,17,16,3,15,,0,42,9.88558,3.50114,2.82353,0.823799,0.26087,0.0923913,0.16847826540470123,0.227545,1.25858,0.295652,0.728745,,,3.32666,0.137873,0.0628716,999,,,,,,,216.5,5.697368421052632,209,5.5,,,,,,,,,,,,,,,,,,,"Josh Sborz","18323",622250
"Carlos Carrasco","NYY",2,4,,5.03038,19,6,0,1,,44,201,50,27,25,8,16,,2,37,7.54556,3.28068,2.3,1.53098,0.185484,0.0806452,0.10483869910240173,0.275148,1.49453,0.309804,0.705996,,,4.94048,0.13637,-0.0306163,738,,,,,,,121.20000000000002,2.754545454545455,140,3.1818181818181817,,,,,,,,,,,,,,,,,,,"Carlos Carrasco","6632",471911
"Marc Church","TEX",4,5,,4.46953,60,0,4,13,,60,260,56,33,30,8,24,,3,61,9.14221,3.65688,2.5,1.21896,0.234375,0.09375,0.1406249925494194,0.238372,1.33183,0.289256,0.6917,,,4.25,0.133555,-0.247433,652.6900024414062,,,,,,,313,5.216666666666667,309,5.15,,,,,,,,,,,,,,,,,,,"Marc Church","26353",687847
"Ryne Stanek","NYM",5,3,,3.90533,58,0,0,12,,58,246,48,27,25,7,29,,2,65,10.1183,4.43787,2.28,1.06509,0.265116,0.116279,0.14883720129728317,0.223404,1.3215,0.288,0.733788,,,4.05405,0.133424,0.187051,750.2100219726562,,,,,,,303.3,5.229310344827587,284,4.896551724137931,,,,,,,,,,,,,,,,,,,"Ryne Stanek","15947",592773
"Robby Snelling","MIA",1,2,,4.77585,5,5,0,0,,22,98,24,13,12,3,9,,0,16,6.66972,3.54071,1.88372,1.23513,0.16701,0.0886598,0.0783505067229271,0.268182,1.47301,0.299419,0.7,,,4.70353,0.131046,0.107373,999,,,,,,,68.5,3.1136363636363638,76,3.4545454545454546,,,,,,,,,,,,,,,,,,,"Robby Snelling","sa3020707",702281
"Bobby Miller","LAD",3,2,,4.3616,40,2,0,1,,46,196,42,24,22,6,16,,3,42,8.13607,3.18733,2.55263,1.0904,0.213187,0.0835165,0.12967032939195633,0.238443,1.26747,0.282392,0.679117,,,4.16368,0.130648,0.0602628,443.6199951171875,,,,,,,188.40000000000003,4.095652173913044,183,3.9782608695652173,,,,,,,,,,,,,,,,,,,"Bobby Miller","27483",676272
"José Ruiz","PHI",2,3,,4.44634,62,0,0,12,,62,267,58,33,31,8,25,,2,62,9.046,3.67973,2.45833,1.22658,0.233202,0.0948617,0.13833990693092346,0.242291,1.34583,0.29375,0.707965,,,4.25677,0.129562,-0.0335403,999,,,,,,,300.59999999999997,4.848387096774193,297,4.790322580645161,,,,,,,,,,,,,,,,,,,"Jose Ruiz","14552",614179
"Keaton Winn","SFG",3,5,,4.43662,52,2,0,4,,58,249,56,31,29,7,18,,4,51,7.85916,2.78873,2.81818,1.01408,0.202614,0.0718954,0.13071895390748978,0.247312,1.28169,0.291866,0.66416,,,4.02563,0.127914,0.00398596,710.1199951171875,,,,,,,249.50000000000003,4.301724137931035,251,4.327586206896552,,,,,,,,,,,,,,,,,,,"Keaton Winn","23499",676775
"Tommy Kahnle","DET",1,1,,3.86005,58,0,2,10,,58,241,47,27,25,7,26,,3,60,9.34537,4.06321,2.3,1.0158,0.25,0.108696,0.14130434393882751,0.222222,1.26411,0.279279,0.714286,,,4.04684,0.125328,0.207568,619.5,,,,,,,303.90000000000003,5.239655172413793,282,4.862068965517241,,,,,,,,,,,,,,,,,,,"Tommy Kahnle","11384",592454
"Dylan Floro","ATH",3,3,,3.33333,38,0,0,1,,38,161,38,15,14,2,11,,1,29,6.8254,2.53968,2.6875,0.47619,0.179167,0.0666667,0.11250001192092896,0.251121,1.26984,0.299435,0.722714,,,3.23703,0.124862,0.106881,999,,,,,,,183.79999999999995,4.836842105263156,190,5,,,,,,,,,,,,,,,,,,,"Dylan Floro","13394",571670
"Carlos Rodriguez","MIL",2,2,,4.58105,15,3,0,1,,30,128,28,16,15,4,12,,2,27,8.10493,3.59436,2.2549,1.2686,0.207957,0.0922242,0.11573237925767899,0.241379,1.33125,0.280556,0.690608,,,4.60736,0.12395,0.100663,999,,,,,,,116.00000000000001,3.866666666666667,114,3.8,,,,,,,,,,,,,,,,,,,"Carlos Rodriguez","30161",692230
"Nic Enright","CLE",3,3,,3.58314,46,0,0,1,,46,191,41,19,18,5,13,,1,48,9.48478,2.52927,3.75,1.05386,0.254237,0.0677966,0.18644068390130997,0.231707,1.17096,0.289474,0.744186,,,3.49435,0.122809,0.118541,999,,,,,,,230.30000000000004,5.006521739130435,223,4.8478260869565215,,,,,,,,,,,,,,,,,,,"Nic Enright","sa3010299",663671
"Joely Rodríguez","BOS",2,1,,4.30034,25,0,0,0,,25,111,26,13,12,3,9,,1,22,7.98635,3.37884,2.36364,0.921502,0.2,0.0846154,0.11538461595773697,0.262712,1.43345,0.314607,0.714286,,,3.95146,0.121693,0.00381176,999,,,,,,,94.5,3.78,100,4,,,,,,,,,,,,,,,,,,,"Joely Rodriguez","11487",570257
"Daysbel Hernández","ATL",6,3,,3.80769,58,0,0,11,,58,252,49,27,25,7,29,,4,69,10.7308,4.5,2.38462,1.03846,0.274336,0.115044,0.15929202735424042,0.22449,1.34615,0.296875,0.746753,,,4.01263,0.119926,0.297964,748.5499877929688,,,,,,,298.70000000000005,5.15,282,4.862068965517241,,,,,,,,,,,,,,,,,,,"Daysbel Hernandez","20271",678226
"Brusdar Graterol","LAD",2,1,,3.074,28,0,0,1,,28,113,24,10,10,2,6,,2,22,7.17268,2.04934,3.5,0.512334,0.198113,0.0566038,0.14150943234562874,0.233503,1.10057,0.282895,0.724907,,,3.16648,0.116559,0.126597,999,,,,,,,144.20000000000002,5.15,138,4.928571428571429,,,,,,,,,,,,,,,,,,,"Brusdar Graterol","20367",660813
"Allan Winans","NYY",1,1,,4.51253,2,2,0,0,,10,43,10,5,5,1,3,,1,8,7.18663,2.33983,3.07143,1.25348,0.188184,0.0612691,0.12691466510295868,0.251185,1.2442,0.283489,0.672566,,,4.35497,0.113506,0.116332,999,,,,,,,39.7,3.97,41,4.1,,,,,,,,,,,,,,,,,,,"Allan Winans","21238",642216
"Erik Sabrowski","CLE",5,4,,3.61974,50,0,0,4,,50,217,42,22,20,5,27,,1,59,10.5302,4.77148,2.2069,0.987203,0.270042,0.122363,0.14767931401729584,0.222222,1.37112,0.291971,0.765766,,,3.89774,0.108007,0.165882,999,,,,,,,249.3,4.986000000000001,235,4.7,,,,,,,,,,,,,,,,,,,"Erik Sabrowski","24978",681870
"Justin Topa","MIN",3,2,,3.79391,48,0,0,1,,48,206,46,21,20,3,16,,4,40,7.58782,2.95082,2.57143,0.632318,0.196721,0.0765027,0.12021858245134354,0.248485,1.28806,0.301587,0.708661,,,3.65828,0.107671,0.0900265,999,,,,,,,222.70000000000007,4.639583333333335,225,4.6875,,,,,,,,,,,,,,,,,,,"Justin Topa","15145",623437
"Robert Stephenson","LAA",2,1,,3.825,32,0,0,1,,32,130,26,14,14,5,10,,1,42,11.925,2.7,4.41667,1.35,0.325153,0.0736196,0.25153376907110214,0.22,1.125,0.296703,0.737705,,,3.44148,0.107412,0.0704202,737.4000244140625,,,,,,,162.70000000000002,5.0843750000000005,150,4.6875,,,,,,,,,,,,,,,,,,,"Robert Stephenson","13594",596112
"Ryan Burr","TOR",3,2,,3.42495,44,0,0,1,,44,184,38,18,17,6,15,,1,50,10.2748,3.0444,3.375,1.14165,0.272727,0.0808081,0.19191920012235641,0.226519,1.20507,0.289256,0.781893,,,3.61045,0.107223,0.118343,999,,,,,,,209,4.75,198,4.5,,,,,,,,,,,,,,,,,,,"Ryan Burr","17536",621114
"Angel Zerpa","KCR",3,2,,4.07355,59,0,0,12,,59,255,58,29,27,7,20,,3,48,7.38331,3.05516,2.41667,1.01839,0.190164,0.0786885,0.1114754006266594,0.251799,1.32956,0.292453,0.71256,,,4.14243,0.106759,0.211141,750.260009765625,,,,,,,274.7,4.65593220338983,279,4.728813559322034,,,,,,,,,,,,,,,,,,,"Angel Zerpa","22717",672582
"Craig Kimbrel",,4,3,,4.06571,34,0,0,0,,34,145,27,17,15,4,17,,3,42,11.0883,4.62012,2.4,1.10883,0.288462,0.120192,0.16826923191547394,0.217877,1.31417,0.292035,0.719424,,,4.0905,0.105794,0.0822572,693.4299926757812,,,,,,,156.20000000000005,4.594117647058825,142,4.176470588235294,,,,,,,,,,,,,,,,,,,"Craig Kimbrel","6655",518886
"Landon Knack","LAD",2,2,,4.30543,38,2,0,1,,44,186,41,23,21,6,15,,1,41,8.44526,2.98068,2.83333,1.32475,0.222222,0.0784314,0.1437908336520195,0.242857,1.26955,0.284768,0.709343,,,4.27964,0.10459,0.0603006,614.8599853515625,,,,,,,183.20000000000002,4.163636363636364,180,4.090909090909091,,,,,,,,,,,,,,,,,,,"Landon Knack","27487",689017
"Kevin Kelly","TBR",2,2,,3.40611,41,0,0,1,,41,168,36,17,16,4,9,,5,38,8.25328,1.96507,4.2,0.786026,0.224199,0.0533808,0.1708185113966465,0.232558,1.0917,0.285714,0.705706,,,3.47216,0.103862,0.0881254,999,,,,,,,198.60000000000005,4.843902439024392,191,4.658536585365853,,,,,,,,,,,,,,,,,,,"Kevin Kelly","25679",687330
"Sawyer Gipson-Long","DET",3,3,,4.28049,30,2,0,1,,36,153,35,18,17,5,11,,2,32,8.01219,2.63415,3.04167,1.20732,0.20977,0.0689655,0.14080459624528885,0.246875,1.2561,0.288136,0.696347,,,4.15428,0.102379,0.0834057,721.0900268554688,,,,,,,142.90000000000003,3.9694444444444454,144,4,,,,,,,,,,,,,,,,,,,"Sawyer Gipson-Long","26048",687830
"Forrest Whitley","HOU",3,3,,4.10188,59,0,0,11,,59,259,52,28,27,6,27,,5,62,9.41019,4.10188,2.29412,0.965147,0.237805,0.103659,0.13414634764194489,0.229167,1.34048,0.287129,0.720721,,,4.07801,0.101719,0.133073,999,,,,,,,299.6,5.077966101694916,289,4.898305084745763,,,,,,,,,,,,,,,,,,,"Forrest Whitley","19586",666215
"Graham Ashcraft","CIN",3,4,,4.72779,53,0,0,4,,53,231,54,30,28,6,18,,4,42,7.13467,3.0086,2.37143,1.03152,0.181619,0.0765864,0.10503282397985458,0.257831,1.35626,0.296875,0.662939,,,4.27441,0.100149,-0.0368174,722.7899780273438,,,,,,,212.00000000000003,4.000000000000001,221,4.169811320754717,,,,,,,,,,,,,,,,,,,"Graham Ashcraft","27552",668933
"Joe Jiménez","ATL",1,1,,3.26194,25,0,0,1,,25,102,20,10,9,2,8,,1,30,10.972,2.81713,3.89474,0.889621,0.298387,0.0766129,0.2217741757631302,0.216814,1.12026,0.294521,0.738255,,,3.10058,0.0985908,0.0881107,999,,,,,,,145.4,5.816,136,5.44,,,,,,,,,,,,,,,,,,,"Joe Jimenez","15761",641729
"Justin Wilson","BOS",3,3,,4.46064,58,0,0,10,,58,262,63,30,29,8,20,,2,59,9.18367,3.14869,2.91667,1.31195,0.225806,0.0774194,0.1483871042728424,0.260563,1.42857,0.313726,0.738095,,,4.15773,0.095499,0.0982348,999,,,,,,,259.00000000000006,4.465517241379311,278,4.793103448275862,,,,,,,,,,,,,,,,,,,"Justin Wilson","4301",458677
"Cooper Criswell","BOS",1,1,,4.52936,18,2,0,1,,24,106,26,13,12,3,7,,3,18,6.62628,2.43243,2.72414,1.00652,0.169165,0.0620985,0.10706639289855957,0.264637,1.32339,0.300595,0.670927,,,4.2662,0.0938199,0.00359393,750.4000244140625,,,,,,,83.10000000000002,3.462500000000001,91,3.7916666666666665,,,,,,,,,,,,,,,,,,,"Cooper Criswell","24975",681867
"Ryan Gusto","HOU",2,2,,4.4739,21,3,0,1,,36,156,36,19,18,5,13,,1,29,7.15824,3.28086,2.18182,1.26761,0.182857,0.0838095,0.09904761612415314,0.254202,1.36703,0.286501,0.708215,,,4.62464,0.0933664,0.0585889,749.0999755859375,,,,,,,131.30000000000004,3.6472222222222235,135,3.75,,,,,,,,,,,,,,,,,,,"Ryan Gusto","sa3011818",687473
"Fraser Ellard","CHW",3,6,,4.44241,63,0,2,14,,63,280,58,33,31,7,32,,6,63,9.04936,4.60695,1.96429,0.987203,0.226337,0.115226,0.1111111044883728,0.238095,1.42596,0.295302,0.704023,,,4.39134,0.092813,-0.0345173,748.969970703125,,,,,,,307.3,4.877777777777778,302,4.7936507936507935,,,,,,,,,,,,,,,,,,,"Fraser Ellard","29530",686642
"Jorge López","WSN",3,4,,4.30622,60,0,7,12,,60,263,59,31,29,7,22,,6,53,7.89474,3.30144,2.3913,1.00478,0.2,0.0836364,0.11636362969875336,0.252033,1.35566,0.298913,0.704787,,,4.25101,0.0909783,0.0463795,533.0700073242188,,,,,,,309.5,5.158333333333333,314,5.233333333333333,,,,,,,,,,,,,,,,,,,"Jorge Lopez","14527",605347
"Valente Bellozo","MIA",2,3,,4.78149,21,6,0,1,,50,218,55,29,27,8,17,,1,36,6.40103,3.00771,2.12821,1.4653,0.163386,0.0767717,0.08661416918039322,0.272532,1.42245,0.296703,0.710187,,,4.94026,0.0903809,0.20255,748.8400268554688,,,,,,,150.60000000000002,3.0120000000000005,168,3.36,,,,,,,,,,,,,,,,,,,"Valente Bellozo","23899",678368
"Chase Petty","CIN",1,2,,5.15586,21,3,0,1,,33,144,35,20,19,5,12,,1,24,6.59646,3.41196,1.93333,1.36479,0.166348,0.0860421,0.08030592650175095,0.265823,1.44061,0.292683,0.665295,,,4.91037,0.0900915,0.0567212,999,,,,,,,104.70000000000005,3.172727272727274,113,3.4242424242424243,,,,,,,,,,,,,,,,,,,"Chase Petty","sa3017963",695534
"Joe Rock","TBR",1,1,,4.23783,19,2,0,1,,26,114,27,14,12,3,8,,1,22,7.47007,2.72945,2.73684,1.14924,0.192237,0.0702403,0.12199629098176956,0.255533,1.31684,0.29443,0.708275,,,4.21995,0.0867931,0.00701364,999,,,,,,,106.3,4.088461538461538,112,4.3076923076923075,,,,,,,,,,,,,,,,,,,"Joe Rock","sa3017755",697812
"Keider Montero","DET",2,2,,4.54545,17,3,0,1,,30,129,29,16,15,4,11,,2,24,7.34266,3.21678,2.28261,1.25874,0.188172,0.0824373,0.10573476552963257,0.251984,1.34421,0.286089,0.696888,,,4.6117,0.0848661,0.0416188,720.239990234375,,,,,,,110.4,3.68,111,3.7,,,,,,,,,,,,,,,,,,,"Keider Montero","22630",672456
"Brennan Bernardino","BOS",3,2,,4.09938,52,0,0,4,,52,227,48,26,24,5,20,,6,52,8.9441,3.54037,2.52632,0.931677,0.227488,0.0900474,0.1374407634139061,0.241935,1.32505,0.300752,0.701754,,,4.07745,0.0834563,0.0969517,999,,,,,,,240.5,4.625,237,4.5576923076923075,,,,,,,,,,,,,,,,,,,"Brennan Bernardino","16835",657514
"Alex Lange","DET",3,3,,3.77358,39,0,0,1,,39,171,30,18,16,2,23,,3,46,10.566,5.28302,2,0.566038,0.267943,0.133971,0.13397130370140076,0.20904,1.36268,0.288136,0.707237,,,3.64866,0.0834046,0.0406744,746.1699829101562,,,,,,,204,5.230769230769231,187,4.794871794871795,,,,,,,,,,,,,,,,,,,"Alex Lange","19883",656638
"Andrew Nardi","MIA",2,2,,3.73585,39,0,0,1,,39,166,33,18,16,5,15,,2,49,11.3774,3.56604,3.19048,1.18868,0.297778,0.0933333,0.20444443821907043,0.223881,1.24528,0.299213,0.747331,,,3.71365,0.0809068,0.0712519,748.260009765625,,,,,,,192.3,4.930769230769231,181,4.641025641025641,,,,,,,,,,,,,,,,,,,"Andrew Nardi","25942",677053
"Gus Varland","CHW",2,3,,4.5234,60,0,3,11,,60,269,60,32,30,7,25,,5,56,8.42288,3.7435,2.25,1.09185,0.208494,0.0926641,0.11583010852336884,0.252174,1.42114,0.301775,0.706371,,,4.37965,0.0804208,-0.0929462,750.6400146484375,,,,,,,282.9,4.715,290,4.833333333333333,,,,,,,,,,,,,,,,,,,"Gus Varland","24737",681402
"John Brebbia","DET",4,3,,4.42953,57,0,0,9,,57,245,55,31,28,9,19,,3,64,10.0671,3.02013,3.33333,1.4094,0.260417,0.078125,0.1822916641831398,0.245714,1.29754,0.305085,0.705394,,,4.10608,0.079652,-0.153923,999,,,,,,,266.09999999999997,4.668421052631579,266,4.666666666666667,,,,,,,,,,,,,,,,,,,"John Brebbia","12777",605154
"Abner Uribe","MIL",2,2,,3.6933,54,0,0,6,,54,229,38,24,22,5,33,,3,64,10.6911,5.44276,1.96429,0.777538,0.280612,0.142857,0.13775508105754852,0.2,1.31749,0.273585,0.722022,,,3.92242,0.079089,0.109876,620.9099731445312,,,,,,,283.3,5.246296296296297,249,4.611111111111111,,,,,,,,,,,,,,,,,,,"Abner Uribe","25327",682842
"Danny Young","NYM",4,3,,4.32494,56,0,0,10,,56,249,46,29,27,5,28,,10,64,10.2975,4.53089,2.27273,0.823799,0.257732,0.113402,0.14432991296052933,0.219512,1.32723,0.290909,0.667939,,,4.12758,0.0787715,-0.065687,999,,,,,,,287.30000000000007,5.130357142857144,269,4.803571428571429,,,,,,,,,,,,,,,,,,,"Danny Young","18439",664849
"Alek Manoah","TOR",1,1,,4.16238,10,2,0,1,,16,69,14,8,8,2,6,,2,15,8.23227,3.4224,2.40541,1.10997,0.214976,0.089372,0.12560386955738068,0.230978,1.25385,0.273408,0.693916,,,4.35867,0.0771569,0.0859783,750.739990234375,,,,,,,67.4,4.2125,64,4,,,,,,,,,,,,,,,,,,,"Alek Manoah","26410",666201
"Jakob Junis","CLE",3,3,,4.62162,62,2,0,11,,70,296,71,39,36,11,17,,3,64,8.14865,2.18919,3.72222,1.45946,0.214744,0.0576923,0.15705127641558647,0.257732,1.25676,0.29717,0.682415,,,4.31513,0.0767241,-0.180095,626.52001953125,,,,,,,310.1,4.430000000000001,319,4.557142857142857,,,,,,,,,,,,,,,,,,,"Jakob Junis","13619",596001
"Thomas Harrington","PIT",0,0,,4.35094,2,2,0,0,,8,35,8,4,4,1,2,,0,6,7.09042,2.41719,2.93333,1.28917,0.1841,0.0627615,0.12133891135454178,0.261851,1.30707,0.294985,0.711974,,,4.39298,0.0755755,0.110275,635.0700073242188,,,,,,,32.10000000000001,4.012500000000001,33,4.125,,,,,,,,,,,,,,,,,,,"Thomas Harrington","sa3020752",802419
"Brant Hurter","DET",3,3,,4.1021,60,0,0,5,,60,252,57,30,27,7,14,,5,48,7.21969,2.13309,3.38462,1.06655,0.190889,0.0563991,0.1344902403652668,0.246479,1.19417,0.283077,0.682624,,,4.05983,0.0742642,0.0101226,634.0999755859375,,,,,,,268.7,4.4783333333333335,268,4.466666666666667,,,,,,,,,,,,,,,,,,,"Brant Hurter","30133",676428
"Eduard Bazardo","SEA",2,1,,3.65112,34,0,0,1,,34,142,30,15,14,3,11,,1,34,9.12779,2.92089,3.125,0.912779,0.242718,0.0776699,0.1650485247373581,0.228723,1.19675,0.285714,0.711538,,,3.55188,0.0727781,0.0317426,999,,,,,,,172.70000000000002,5.079411764705883,167,4.911764705882353,,,,,,,,,,,,,,,,,,,"Eduard Bazardo","20997",660825
"Brady Basso","ATH",3,3,,4.19417,46,2,0,1,,52,219,51,26,24,8,14,,2,46,7.95146,2.4466,3.25,1.31068,0.209195,0.0643678,0.14482758939266205,0.25,1.25243,0.288591,0.712963,,,4.19561,0.0719939,0.0494732,750.5499877929688,,,,,,,201.79999999999998,3.8807692307692303,204,3.923076923076923,,,,,,,,,,,,,,,,,,,"Brady Basso","25582",669620
"JT Brubaker","NYY",3,3,,4.81095,45,3,0,1,,57,248,57,33,31,10,19,,4,53,8.33116,3.05085,2.73077,1.52542,0.213855,0.0783133,0.13554216176271439,0.252492,1.32986,0.290323,0.692124,,,4.73102,0.0706268,-0.0666849,999,,,,,,,191.59999999999997,3.361403508771929,196,3.43859649122807,,,,,,,,,,,,,,,,,,,"JT Brubaker","17578",664141
"Scott Effross","NYY",3,2,,3.75921,26,0,0,1,,26,107,24,11,11,3,7,,1,22,7.51843,2.43243,3.09091,0.884521,0.202381,0.0654762,0.1369047611951828,0.237179,1.17936,0.279661,0.707547,,,3.65788,0.0694425,0.0629577,999,,,,,,,117.1,4.503846153846154,115,4.423076923076923,,,,,,,,,,,,,,,,,,,"Scott Effross","18384",664123
"Caleb Kilian","CHC",1,1,,4.4836,18,2,0,1,,24,105,24,13,12,3,9,,1,18,6.88943,3.28068,2.1,0.984204,0.175,0.0833333,0.09166666120290756,0.254601,1.37303,0.291339,0.687251,,,4.29649,0.0693216,0.0544992,749.4000244140625,,,,,,,88.30000000000001,3.679166666666667,91,3.7916666666666665,,,,,,,,,,,,,,,,,,,"Caleb Kilian","26213",668873
"Hans Crouse","LAA",4,5,,4.23146,56,0,0,7,,56,240,46,28,26,7,29,,2,68,10.9042,4.71971,2.31034,1.13924,0.2827,0.122363,0.16033755242824554,0.218447,1.33816,0.287879,0.716511,,,4.07064,0.0688726,0.0154958,999,,,,,,,279.70000000000005,4.994642857142858,260,4.642857142857143,,,,,,,,,,,,,,,,,,,"Hans Crouse","22192",668968
"Ian Seymour","TBR",1,2,,4.5,18,3,0,1,,31,133,30,17,15,4,11,,3,27,7.95536,3.21429,2.475,1.28571,0.204124,0.0824742,0.12164948135614395,0.248276,1.32143,0.2875,0.692675,,,4.59505,0.0687017,0.0241879,727.0700073242188,,,,,,,118.19999999999999,3.8129032258064512,119,3.838709677419355,,,,,,,,,,,,,,,,,,,"Ian Seymour","sa3014512",693855
"Brooks Raley",,1,1,,3.92371,20,0,0,0,,20,86,17,9,9,2,9,,2,21,9.3188,3.92371,2.375,0.980926,0.242038,0.101911,0.14012738317251205,0.231884,1.3079,0.291667,0.731132,,,4.06566,0.068501,0.162346,999,,,,,,,88.2,4.41,83,4.15,,,,,,,,,,,,,,,,,,,"Brooks Raley","10061",548384
"Brenan Hanifee","DET",2,2,,3.97403,55,0,0,6,,55,234,55,26,24,6,14,,2,41,6.77922,2.33766,2.9,0.935065,0.17737,0.0611621,0.11620794609189034,0.253289,1.25974,0.289916,0.699301,,,3.90674,0.0679852,0.0379002,999,,,,,,,248.2,4.512727272727273,255,4.636363636363637,,,,,,,,,,,,,,,,,,,"Brenan Hanifee","22304",669724
"Travis Adams","MIN",1,1,,4.54206,14,2,0,1,,20,87,21,11,10,3,7,,1,15,6.81308,2.94393,2.31429,1.17757,0.174194,0.0752688,0.09892472624778748,0.262295,1.37383,0.295181,0.698587,,,4.41882,0.0674741,0.0580889,999,,,,,,,66.5,3.325,71,3.55,,,,,,,,,,,,,,,,,,,"Travis Adams","sa3017991",701519
"J.P. France","HOU",1,2,,4.24974,18,2,0,1,,25,111,25,13,12,3,11,,1,23,8.3106,3.87198,2.14634,1.2277,0.210024,0.097852,0.11217183619737625,0.25,1.41658,0.294545,0.736301,,,4.44665,0.0653845,0.0428616,999,,,,,,,97.1,3.884,100,4,,,,,,,,,,,,,,,,,,,"J.P. France","21212",641585
"Jhonathan Díaz","SEA",0,0,,4.33944,2,2,0,0,,9,38,8,4,4,1,3,,1,7,7.46384,3.55834,2.09756,0.954677,0.188596,0.0899123,0.09868420660495758,0.245658,1.35005,0.287582,0.690209,,,4.4201,0.0644094,0.129087,999,,,,,,,35.500000000000014,3.944444444444446,34,3.7777777777777777,,,,,,,,,,,,,,,,,,,"Jhonathan Diaz","20298",646242
"Craig Yoho","MIL",3,3,,3.76364,49,0,0,1,,49,207,39,22,20,6,20,,4,57,10.4727,3.6,2.90909,1.14545,0.275862,0.0948276,0.18103447556495667,0.214634,1.2,0.276119,0.729537,,,3.96648,0.0643711,0.0928019,999,,,,,,,233.4,4.763265306122449,213,4.346938775510204,,,,,,,,,,,,,,,,,,,"Craig Yoho","sa3023032",684974
"Kody Funderburk","MIN",2,2,,4.13115,50,0,0,1,,50,219,46,25,23,5,21,,4,51,9.14754,3.83607,2.38462,0.885246,0.23221,0.0973783,0.13483145087957382,0.237288,1.34426,0.297619,0.706522,,,3.93697,0.0638859,-0.00456092,999,,,,,,,219.9,4.398,216,4.32,,,,,,,,,,,,,,,,,,,"Kody Funderburk","24993",681892
"Richard Lovelady","TOR",3,3,,3.65571,26,0,0,1,,26,109,24,12,11,3,7,,2,23,7.83366,2.26306,3.46154,0.870406,0.207373,0.0599078,0.14746543020009995,0.238806,1.17988,0.284768,0.703704,,,3.61135,0.063278,0.0265258,999,,,,,,,116.1,4.4653846153846155,114,4.384615384615385,,,,,,,,,,,,,,,,,,,"Richard Lovelady","19337",663992
"Connor Thomas","MIL",3,3,,4.12004,50,0,0,4,,50,214,51,25,23,6,13,,3,36,6.40895,2.38047,2.69231,1.00712,0.166667,0.0619048,0.10476190969347954,0.257069,1.28179,0.288961,0.696203,,,4.14308,0.0624922,0.0490364,999,,,,,,,203.6,4.072,212,4.24,,,,,,,,,,,,,,,,,,,"Connor Thomas","sa3010784",671162
"Luke Little","CHC",3,2,,3.65112,50,0,0,1,,50,213,37,22,20,4,27,,5,58,10.4057,4.92901,2.11111,0.730223,0.271429,0.128571,0.1428571343421936,0.202247,1.27789,0.273504,0.714286,,,3.85613,0.0623275,0.0875871,999,,,,,,,248.60000000000002,4.972,222,4.44,,,,,,,,,,,,,,,,,,,"Luke Little","28036",681432
"Cam Schlittler","NYY",1,1,,4.61762,2,2,0,0,,8,35,7,4,4,1,3,,1,7,8.18974,3.65924,2.2381,1.30687,0.205689,0.0919037,0.11378555744886398,0.243243,1.36496,0.281879,0.7,,,4.68632,0.061877,0.0930594,999,,,,,,,30.700000000000006,3.837500000000001,29,3.625,,,,,,,,,,,,,,,,,,,"Cam Schlittler","sa3021981",693645
"Matt Manning","DET",1,1,,4.33735,26,2,0,1,,32,136,31,17,15,4,11,,1,25,7.09748,3.05586,2.32258,1.18291,0.186047,0.0801034,0.10594315081834793,0.248588,1.3034,0.281482,0.694716,,,4.38225,0.061123,0.0527308,742.760009765625,,,,,,,125.00000000000003,3.906250000000001,126,3.9375,,,,,,,,,,,,,,,,,,,"Matt Manning","20369",666159
"Joe Ross","PHI",3,3,,4.73684,56,2,0,6,,63,276,63,35,33,8,25,,3,53,7.57895,3.55263,2.13333,1.18421,0.191045,0.0895522,0.10149252414703369,0.255814,1.40789,0.295154,0.688172,,,4.5349,0.0609779,-0.0387877,743.3400268554688,,,,,,,250.00000000000006,3.9682539682539693,257,4.079365079365079,,,,,,,,,,,,,,,,,,,"Joe Ross","12972",605452
"Ross Stripling","KCR",1,1,,4.96999,14,2,0,1,,20,88,23,12,11,3,5,,0,14,6.15846,2.37695,2.59091,1.29652,0.157895,0.0609418,0.09695291519165039,0.275148,1.38055,0.301115,0.661914,,,4.49901,0.0589324,-0.00800303,999,,,,,,,68.3,3.415,78,3.9,,,,,,,,,,,,,,,,,,,"Ross Stripling","13273",548389
"Colton Gordon","HOU",1,1,,4.27441,11,2,0,1,,17,74,17,9,8,2,6,,1,15,7.83641,3.16623,2.475,1.26649,0.201629,0.0814664,0.12016292661428452,0.249438,1.32806,0.287879,0.723173,,,4.46815,0.0585461,0.06898,999,,,,,,,70.00000000000001,4.11764705882353,72,4.235294117647059,,,,,,,,,,,,,,,,,,,"Colton Gordon","sa3019426",676467
"Tink Hence","STL",0,0,,4.19453,2,2,0,0,,6,28,6,3,3,1,2,,0,5,7.56839,3.1003,2.44118,1.18541,0.19715,0.0807601,0.11638954281806946,0.246753,1.30699,0.283737,0.712996,,,4.2911,0.0576653,0.0699435,999,,,,,,,20.500000000000007,3.416666666666668,21,3.5,,,,,,,,,,,,,,,,,,,"Tink Hence","sa3014709",693311
"Josh Winckowski","BOS",2,2,,4.04011,42,0,0,1,,42,182,43,20,19,4,13,,2,34,7.39255,2.83668,2.60606,0.945559,0.189845,0.0728477,0.11699779331684113,0.257212,1.33715,0.30094,0.714286,,,3.94967,0.0571443,0.0651936,999,,,,,,,176.8,4.20952380952381,185,4.404761904761905,,,,,,,,,,,,,,,,,,,"Josh Winckowski","22387",670174
"Josh Staumont","CIN",2,1,,4.21488,28,0,0,1,,28,121,23,14,13,2,15,,1,28,8.92562,4.95868,1.8,0.743802,0.229299,0.127389,0.10191082954406738,0.220588,1.37741,0.278351,0.69869,,,3.99293,0.0562354,0.0342943,999,,,,,,,134.80000000000007,4.814285714285717,126,4.5,,,,,,,,,,,,,,,,,,,"Josh Staumont","18335",622251
"Jacob Waguespack","TBR",2,2,,4.30986,38,2,0,1,,44,194,44,23,21,6,17,,2,41,8.3662,3.5493,2.35714,1.14085,0.212219,0.0900322,0.12218650430440903,0.250896,1.38028,0.29902,0.714286,,,4.30732,0.0555062,0.0213411,999,,,,,,,166.4,3.7818181818181817,171,3.8863636363636362,,,,,,,,,,,,,,,,,,,"Jacob Waguespack","18318",621097
"Jairo Iriarte","CHW",1,2,,4.99091,20,3,0,1,,34,152,33,20,19,5,16,,4,30,8.01818,4.33636,1.84906,1.22727,0.197183,0.10664,0.09054325520992279,0.251163,1.46364,0.293375,0.678571,,,4.98466,0.0555002,0.00908869,999,,,,,,,108.30000000000003,3.1852941176470595,109,3.2058823529411766,,,,,,,,,,,,,,,,,,,"Jairo Iriarte","26907",683568
"Adam Ottavino","BOS",3,2,,3.96,44,0,0,1,,44,188,37,21,19,4,19,,5,48,9.72,3.96,2.45455,0.9,0.252336,0.102804,0.14953270554542542,0.225806,1.28,0.291339,0.701754,,,3.98648,0.0543148,0.0668845,999,,,,,,,208.20000000000005,4.731818181818183,196,4.454545454545454,,,,,,,,,,,,,,,,,,,"Adam Ottavino","1247",493603
"Bradley Blalock","COL",2,3,,5.06796,27,3,0,1,,39,172,42,24,22,6,15,,1,29,6.64078,3.49515,1.9,1.39806,0.166302,0.0875274,0.07877460867166519,0.268116,1.46602,0.295031,0.684292,,,4.9626,0.054181,0.111519,999,,,,,,,119.60000000000001,3.066666666666667,131,3.358974358974359,,,,,,,,,,,,,,,,,,,"Bradley Blalock","26419",687134
"Joey Estes","ATH",5,8,,4.88798,30,16,0,1,,101,426,101,59,55,18,25,,8,75,6.65988,2.26069,2.94595,1.58859,0.175806,0.0596774,0.11612902954220772,0.257443,1.24915,0.277523,0.663957,,,4.97911,0.0526931,0.0301923,735.8099975585938,,,,,,,318.4000000000001,3.1524752475247535,326,3.227722772277228,,,,,,,,,,,,,,,,,,,"Joey Estes","26257",683155
"Michael Tonkin","MIN",3,2,,4.24658,51,0,0,4,,51,217,47,26,24,6,19,,5,50,8.90411,3.28767,2.70833,1.09589,0.232975,0.0860215,0.14695340394973755,0.240964,1.27854,0.295455,0.686813,,,4.1406,0.0522907,-0.0107087,750.8800048828125,,,,,,,225.40000000000003,4.419607843137255,221,4.333333333333333,,,,,,,,,,,,,,,,,,,"Michael Tonkin","10315",543859
"Emerson Hancock","SEA",3,4,,4.57143,23,10,0,1,,62,268,63,34,31,9,21,,3,44,6.35714,3.07143,2.06977,1.35714,0.163303,0.0788991,0.08440367132425308,0.258586,1.35714,0.281654,0.706371,,,4.90457,0.052243,0.111822,664.0900268554688,,,,,,,204.29999999999995,3.29516129032258,213,3.435483870967742,,,,,,,,,,,,,,,,,,,"Emerson Hancock","27470",676106
"Josh Walker","TOR",2,1,,3.95794,39,0,0,1,,39,169,36,19,17,4,16,,1,39,8.94837,3.61377,2.47619,1.0325,0.230089,0.0929204,0.13716814666986465,0.235294,1.31931,0.287671,0.726073,,,3.9313,0.051751,0.00815497,999,,,,,,,176.80000000000004,4.533333333333334,174,4.461538461538462,,,,,,,,,,,,,,,,,,,"Josh Walker","23617",677020
"Cristian Mena","ARI",1,1,,4.09091,14,2,0,1,,20,87,19,10,9,3,8,,1,18,7.93636,3.6,2.20455,1.14545,0.202929,0.0920502,0.11087866127490997,0.247086,1.36364,0.289308,0.736196,,,4.39375,0.0510036,0.112546,999,,,,,,,74.69999999999999,3.7349999999999994,74,3.7,,,,,,,,,,,,,,,,,,,"Cristian Mena","27974",691441
"Jake Bloss","TOR",2,2,,4.72669,18,5,0,1,,33,143,33,19,17,5,13,,1,26,7.23473,3.56913,2.02703,1.44695,0.184275,0.0909091,0.09336608648300171,0.255435,1.40407,0.284173,0.709091,,,4.90281,0.0496869,0.0980066,731.9099731445312,,,,,,,110.90000000000005,3.360606060606062,114,3.4545454545454546,,,,,,,,,,,,,,,,,,,"Jake Bloss","33168",814005
"Jack Dreyer","LAD",3,2,,4.13002,35,0,0,1,,35,149,32,17,16,5,13,,0,35,9.12046,3.2696,2.78947,1.20459,0.237668,0.0852018,0.15246637910604477,0.235294,1.28107,0.284722,0.716783,,,3.96954,0.0494685,0.0151253,999,,,,,,,149.3,4.265714285714286,145,4.142857142857143,,,,,,,,,,,,,,,,,,,"Jack Dreyer","sa3018789",676263
"Keynan Middleton",,1,0,,3.92371,18,0,0,0,,18,77,16,8,8,2,7,,0,19,9.56403,3.67847,2.6,1.22616,0.25,0.0961538,0.1538461595773697,0.235714,1.3079,0.291667,0.756098,,,4.12016,0.0492769,0.157557,999,,,,,,,84.00000000000003,4.666666666666668,81,4.5,,,,,,,,,,,,,,,,,,,"Keynan Middleton","15264",641871
"Huascar Brazobán","NYM",2,2,,4.16667,44,0,0,1,,44,191,37,22,20,4,22,,2,46,9.33333,4.5,2.07407,0.833333,0.239316,0.115385,0.12393162399530411,0.22549,1.35185,0.286713,0.69697,,,3.96278,0.0491289,-0.0141311,999,,,,,,,204.20000000000005,4.6409090909090915,192,4.363636363636363,,,,,,,,,,,,,,,,,,,"Huascar Brazoban","6107",623211
"Seth Halvorsen","COL",5,7,,4.61101,63,0,10,8,,63,276,61,35,32,8,26,,5,59,8.36812,3.75712,2.22727,1.19545,0.212121,0.0952381,0.11688312143087387,0.24878,1.3852,0.295302,0.696203,,,4.51373,0.0487496,0.327754,351.6600036621094,,,,,,,316.20000000000005,5.01904761904762,318,5.0476190476190474,,,,,,,,,,,,,,,,,,,"Seth Halvorsen","33294",678020
"Carlos Hernández","KCR",2,3,,4.26112,48,0,0,1,,48,206,43,25,23,5,21,,1,45,8.39311,4.00287,2.09677,0.903874,0.217391,0.103679,0.1137123629450798,0.236842,1.34864,0.28866,0.688836,,,4.02731,0.0485684,0.00196288,999,,,,,,,209.90000000000003,4.372916666666668,203,4.229166666666667,,,,,,,,,,,,,,,,,,,"Carlos Hernandez","22713",672578
"Mason Barnett","ATH",0,1,,4.48859,2,2,0,0,,8,36,8,4,4,1,3,,1,7,7.98817,3.49958,2.28261,1.21724,0.20428,0.0894942,0.11478600651025772,0.245652,1.34404,0.286136,0.695461,,,4.51897,0.0485069,0.0764917,999,,,,,,,28.100000000000005,3.5125000000000006,29,3.625,,,,,,,,,,,,,,,,,,,"Mason Barnett","sa3020622",686930
"Anthony Banda","LAD",3,2,,4.32836,57,0,0,13,,57,251,56,29,27,8,23,,3,55,8.65672,3.58209,2.41667,1.19403,0.218045,0.0902256,0.12781953811645508,0.246862,1.37645,0.294798,0.724234,,,4.31076,0.0484741,0.0201466,999,,,,,,,261.79999999999995,4.5929824561403505,265,4.649122807017544,,,,,,,,,,,,,,,,,,,"Anthony Banda","14706",607455
"Sean Reid-Foley","NYM",1,1,,3.89049,22,0,0,1,,22,96,18,10,10,2,13,,0,26,10.634,5.18732,2.05,0.778098,0.271523,0.13245,0.13907285034656525,0.21374,1.38329,0.287356,0.730594,,,3.65639,0.0480063,0.0250234,999,,,,,,,108.40000000000002,4.927272727272729,101,4.590909090909091,,,,,,,,,,,,,,,,,,,"Sean Reid-Foley","17034",656887
"Brent Suter","CIN",2,2,,4.32836,58,0,0,7,,58,247,61,30,28,8,17,,2,44,6.86567,2.68657,2.55556,1.19403,0.178988,0.0700389,0.10894941538572311,0.265823,1.34328,0.300546,0.716332,,,4.36051,0.0472623,0.0419584,999,,,,,,,231.20000000000007,3.9862068965517254,245,4.224137931034483,,,,,,,,,,,,,,,,,,,"Brent Suter","13942",608718
"Angel Perdomo","ATL",3,5,,4.00593,54,0,0,7,,54,229,42,26,24,6,27,,6,71,11.7507,4.54006,2.58824,1.06825,0.307692,0.118881,0.18881117552518845,0.213115,1.27596,0.297297,0.721925,,,3.96767,0.0470347,0.054629,999,,,,,,,287.6,5.325925925925926,263,4.87037037037037,,,,,,,,,,,,,,,,,,,"Angel Perdomo","17759",622780
"Tanner Gordon","COL",2,3,,5.05102,28,2,0,1,,34,147,39,20,19,5,9,,1,23,6.15306,2.29592,2.68,1.46939,0.155814,0.0581395,0.0976744256913662,0.280397,1.40816,0.303125,0.683391,,,4.74811,0.0466337,0.031251,999,,,,,,,108.70000000000002,3.1970588235294124,125,3.676470588235294,,,,,,,,,,,,,,,,,,,"Tanner Gordon","27669",685299
"Michael Fulmer","BOS",3,3,,4.46475,55,0,0,7,,55,243,52,30,27,6,26,,3,55,8.9295,4.22976,2.11111,0.939948,0.224852,0.106509,0.11834319680929184,0.241611,1.40992,0.299065,0.681818,,,4.10643,0.045315,-0.0271385,999,,,,,,,249,4.527272727272727,248,4.509090909090909,,,,,,,,,,,,,,,,,,,"Michael Fulmer","13218",605242
"Trevor Stephan","CLE",3,3,,3.78,39,0,0,1,,39,167,35,18,16,5,15,,2,41,9.54,3.42,2.78947,1.08,0.247664,0.088785,0.15887851268053055,0.234375,1.28,0.293233,0.73741,,,3.92648,0.045076,0.0403787,999,,,,,,,171.10000000000002,4.387179487179488,165,4.230769230769231,,,,,,,,,,,,,,,,,,,"Trevor Stephan","19932",663986
"Joe Boyle","TBR",4,5,,4.6,49,5,0,1,,63,286,52,35,32,7,44,,4,73,10.3,6.2,1.66129,1,0.253695,0.152709,0.10098522901535034,0.218935,1.51111,0.284444,0.704918,,,4.5887,0.0450565,-0.066767,578.3400268554688,,,,,,,250.90000000000003,3.982539682539683,230,3.6507936507936507,,,,,,,,,,,,,,,,,,,"Joe Boyle","29608",671212
"Max Lazar","PHI",2,2,,4.35754,43,0,0,1,,43,183,42,22,21,6,12,,1,35,7.3743,2.51397,2.93333,1.17318,0.192982,0.0657895,0.12719297409057617,0.25,1.26629,0.285714,0.687285,,,4.1162,0.0442866,-0.000274237,999,,,,,,,170.2,3.9581395348837205,172,4,,,,,,,,,,,,,,,,,,,"Max Lazar","23426",676661
"Jake Cousins","NYY",2,2,,4,54,0,0,7,,54,227,41,26,24,7,25,,7,67,11.2,4.2,2.66667,1.2,0.296296,0.111111,0.18518515676259995,0.209877,1.22222,0.28,0.708154,,,4.21092,0.0439062,0.0318702,999,,,,,,,272.9,5.053703703703703,245,4.537037037037037,,,,,,,,,,,,,,,,,,,"Jake Cousins","21620",664776
"Mason Thompson","WSN",3,3,,4.24318,42,0,0,1,,42,183,42,22,20,4,16,,2,35,7.59305,3.34988,2.26667,0.8933,0.193182,0.0852273,0.10795453935861588,0.251572,1.36476,0.297521,0.688259,,,4.03497,0.0438163,-0.0225783,999,,,,,,,172.40000000000003,4.104761904761905,178,4.238095238095238,,,,,,,,,,,,,,,,,,,"Mason Thompson","21850",666168
"Tayler Saucedo","SEA",3,1,,3.95122,61,0,0,12,,61,265,54,28,27,6,27,,6,60,8.78049,3.95122,2.22222,0.878049,0.224719,0.101124,0.12359552085399628,0.230769,1.31707,0.285714,0.72314,,,4.09331,0.0436762,0.124384,999,,,,,,,306.20000000000005,5.019672131147542,296,4.852459016393443,,,,,,,,,,,,,,,,,,,"Tayler Saucedo","17888",642048
"Tim Mayza","PIT",2,2,,4.04711,55,0,0,4,,55,238,58,27,25,6,19,,1,40,6.55246,3.08351,2.125,0.963597,0.168317,0.0792079,0.0891089141368866,0.264865,1.39186,0.30137,0.724138,,,4.19432,0.0435177,0.110446,999,,,,,,,218.39999999999998,3.9709090909090903,233,4.236363636363636,,,,,,,,,,,,,,,,,,,"Tim Mayza","15042",641835
"Andrew Walters","CLE",3,2,,3.83607,56,0,0,7,,56,233,45,26,24,6,27,,3,62,9.88525,4.27869,2.31034,1.03279,0.26378,0.114173,0.14960628747940063,0.220721,1.27869,0.283784,0.733138,,,4.03533,0.0434687,0.0531088,750.0900268554688,,,,,,,285.6000000000001,5.100000000000001,264,4.714285714285714,,,,,,,,,,,,,,,,,,,"Andrew Walters","33834",689958
"James Karinchak","CHW",2,3,,4.27646,40,0,0,1,,40,172,32,21,19,5,22,,2,50,11.2743,5.054,2.23077,1.16631,0.291457,0.130653,0.16080403327941895,0.216374,1.36069,0.28972,0.714286,,,4.16,0.0424956,-0.0273486,722.0499877929688,,,,,,,183.3,4.5825000000000005,167,4.175,,,,,,,,,,,,,,,,,,,"James Karinchak","20151",675916
"Drue Hackenberg","ATL",0,0,,4.63177,2,2,0,0,,8,34,7,4,4,1,4,,1,7,7.82609,4.23248,1.84906,1.03815,0.192913,0.104331,0.08858265727758408,0.248307,1.44632,0.292169,0.690608,,,4.65716,0.0419917,0.104561,999,,,,,,,27.700000000000006,3.462500000000001,26,3.25,,,,,,,,,,,,,,,,,,,"Drue Hackenberg","sa3023304",802357
"Carson Palmquist","COL",0,1,,4.95575,2,2,0,0,,7,31,7,4,4,1,3,,1,6,8.49557,4.0708,2.08696,1.41593,0.211454,0.101322,0.11013215035200119,0.253133,1.44543,0.296167,0.690209,,,4.94622,0.0414694,0.0845643,999,,,,,,,21.3,3.042857142857143,22,3.142857142857143,,,,,,,,,,,,,,,,,,,"Carson Palmquist","sa3020473",687223
"Luke Jackson","TEX",4,2,,3.99577,58,0,0,7,,58,251,53,28,26,7,27,,2,63,9.70402,4.18605,2.31818,1.14165,0.24878,0.107317,0.14146341383457184,0.237569,1.37421,0.298387,0.742049,,,4.18128,0.0414155,0.0317171,750.6199951171875,,,,,,,272.3,4.694827586206896,266,4.586206896551724,,,,,,,,,,,,,,,,,,,"Luke Jackson","11752",592426
"Luis García","LAD",1,1,,3.85714,16,0,0,1,,16,71,17,8,7,1,5,,1,14,7.89796,2.93878,2.6875,0.734694,0.198157,0.0737327,0.12442396581172943,0.257576,1.36735,0.311258,0.716612,,,3.63587,0.0408194,-0.000273587,999,,,,,,,75.9,4.74375,81,5.0625,,,,,,,,,,,,,,,,,,,"Luis Garcia","6984",472610
"Emilio Pagán","CIN",4,5,,4.65838,64,0,4,11,,64,262,60,36,33,12,20,,1,64,8.9441,2.79503,3.2,1.67702,0.242424,0.0757576,0.1666666641831398,0.247253,1.24224,0.288,0.696203,,,4.59505,0.0404727,-0.0156694,736.4000244140625,,,,,,,299,4.671875,293,4.578125,,,,,,,,,,,,,,,,,,,"Emilio Pagan","14771",641941
"Andrew Kittredge","BAL",3,3,,3.61257,39,0,0,1,,39,159,37,17,16,5,10,,1,35,8.16754,2.19895,3.71429,1.25654,0.222222,0.0598291,0.16239316016435623,0.246575,1.18674,0.289308,0.757042,,,3.95182,0.039687,0.0646397,681.9500122070312,,,,,,,171.90000000000003,4.407692307692309,171,4.384615384615385,,,,,,,,,,,,,,,,,,,"Andrew Kittredge","12828",552640
"Nate Pearson","CHC",2,3,,4.09781,52,0,0,4,,52,222,46,25,24,7,21,,3,57,9.86509,3.6425,2.70833,1.21417,0.256917,0.0948617,0.1620553359389305,0.230089,1.28162,0.287582,0.725309,,,4.09397,0.0389462,0.0627798,709.030029296875,,,,,,,237.10000000000005,4.559615384615386,227,4.365384615384615,,,,,,,,,,,,,,,,,,,"Nate Pearson","20160",663878
"Nick Robertson","TOR",2,1,,4.08284,46,0,0,1,,46,201,44,23,21,5,17,,3,44,8.69822,3.37278,2.57895,1.06509,0.220721,0.0855856,0.13513512164354324,0.24,1.3215,0.289655,0.716724,,,4.07378,0.0384567,-0.0089805,999,,,,,,,196.50000000000003,4.271739130434783,197,4.282608695652174,,,,,,,,,,,,,,,,,,,"Nick Robertson","26226",687798
"Eli Morgan","CHC",2,2,,3.85911,54,0,0,7,,54,222,49,25,23,7,15,,2,50,8.40735,2.48086,3.38889,1.24043,0.227612,0.0671642,0.16044777631759644,0.237903,1.17917,0.280899,0.729814,,,4.00875,0.0382849,0.055018,999,,,,,,,263.1,4.872222222222223,256,4.7407407407407405,,,,,,,,,,,,,,,,,,,"Eli Morgan","20203",669212
"Carson Spiers","CIN",2,3,,5.16328,38,2,0,1,,46,205,49,29,27,8,16,,3,40,7.70521,3.17741,2.425,1.50927,0.193613,0.0798403,0.11377245932817459,0.264901,1.41218,0.299703,0.674663,,,4.90523,0.0382099,-0.00981271,744.1199951171875,,,,,,,141.6,3.0782608695652174,153,3.3260869565217392,,,,,,,,,,,,,,,,,,,"Carson Spiers","27685",686730
"Sean Hjelle","SFG",4,3,,4.16129,66,0,0,13,,66,288,68,33,31,7,20,,6,54,7.35484,2.70968,2.71429,0.967742,0.187192,0.0689655,0.11822659522294998,0.259459,1.33333,0.302817,0.709091,,,4.09121,0.0380638,0.0639948,749.030029296875,,,,,,,307.50000000000006,4.65909090909091,321,4.863636363636363,,,,,,,,,,,,,,,,,,,"Sean Hjelle","21481",663546
"Jonathan Pintaro","NYM",0,1,,4.84615,2,2,0,0,,7,33,7,4,4,1,3,,1,6,7.06154,3.6,1.96154,1.10769,0.175258,0.0893471,0.08591066300868988,0.251938,1.4,0.286432,0.66416,,,4.72033,0.0375975,0.0218434,999,,,,,,,21.3,3.042857142857143,22,3.142857142857143,,,,,,,,,,,,,,,,,,,"Jonathan Pintaro","sa3024197",702752
"Joey Wentz","PIT",3,3,,4.48399,57,0,0,9,,57,251,55,30,28,7,25,,1,57,8.96797,3.95018,2.27027,1.17438,0.226415,0.0997305,0.12668464332818985,0.246988,1.41163,0.299578,0.714286,,,4.25782,0.0364585,0.0338851,999,,,,,,,264.69999999999993,4.643859649122806,266,4.666666666666667,,,,,,,,,,,,,,,,,,,"Joey Wentz","19962",666214
"Brandon Eisert","CHW",1,1,,4.13969,25,0,0,1,,25,107,24,12,11,3,9,,1,23,8.27939,3.21976,2.57143,1.07325,0.214286,0.0833333,0.1309523954987526,0.244541,1.31175,0.291667,0.714286,,,4.05234,0.0355319,0.0177476,999,,,,,,,105.69999999999999,4.228,106,4.24,,,,,,,,,,,,,,,,,,,"Brandon Eisert","27668",685126
"Sean Guenther","DET",3,3,,4.11864,44,0,0,1,,44,187,44,22,20,5,11,,2,35,7.16949,2.28814,3.13333,1.0678,0.187251,0.059761,0.12749003246426582,0.253219,1.25424,0.290503,0.700935,,,4.03089,0.0353499,-0.00751406,999,,,,,,,184.70000000000002,4.197727272727273,190,4.318181818181818,,,,,,,,,,,,,,,,,,,"Sean Guenther","20045",674944
"Chase Lee","DET",1,1,,3.6961,18,0,0,1,,18,77,16,8,7,2,6,,1,18,8.87064,2.95688,3,0.924025,0.231884,0.0772947,0.15458936244249344,0.234043,1.23203,0.288889,0.716981,,,3.70036,0.0352343,0.0285251,999,,,,,,,86.00000000000003,4.7777777777777795,83,4.611111111111111,,,,,,,,,,,,,,,,,,,"Chase Lee","sa3016946",695445
"Cody Poteet","CHC",2,2,,3.87374,35,0,0,1,,35,145,32,16,15,4,12,,1,32,8.13486,2.96987,2.73913,1.033,0.217993,0.0795848,0.13840829581022263,0.238636,1.23386,0.284974,0.721925,,,3.92688,0.0349008,0.0421524,750.530029296875,,,,,,,155.60000000000002,4.445714285714287,152,4.3428571428571425,,,,,,,,,,,,,,,,,,,"Cody Poteet","18769",547001
"Nick Sandlin","TOR",4,4,,3.87931,60,0,0,13,,60,248,48,28,26,8,26,,4,65,9.77586,3.87931,2.52,1.24138,0.2625,0.104167,0.15833335369825363,0.218009,1.22414,0.271429,0.735786,,,4.28717,0.0345836,0.266747,748.9099731445312,,,,,,,312.8,5.213333333333334,288,4.8,,,,,,,,,,,,,,,,,,,"Nick Sandlin","20517",680704
"Adam Macko","TOR",0,0,,4.71951,2,2,0,0,,7,31,7,4,4,1,3,,1,6,7.90244,4.06098,1.94595,1.20732,0.19726,0.10137,0.09589042514562607,0.246875,1.41463,0.28692,0.695825,,,4.80063,0.0340689,0.0254223,999,,,,,,,21.3,3.042857142857143,22,3.142857142857143,,,,,,,,,,,,,,,,,,,"Adam Macko","sa3011555",671936
"Drew Pomeranz","SEA",0,1,,3.9823,15,0,0,1,,15,64,13,7,7,1,7,,0,16,9.55752,3.9823,2.4,0.79646,0.25,0.104167,0.1458333358168602,0.232558,1.32743,0.3,0.735294,,,3.52046,0.0338002,0.00128234,999,,,,,,,79.9,5.326666666666667,77,5.133333333333334,,,,,,,,,,,,,,,,,,,"Drew Pomeranz","11426",519141
"Nate Lavender","TBR",2,2,,3.88636,22,0,0,1,,22,96,18,10,10,2,11,,2,26,10.6364,4.5,2.36364,0.818182,0.272251,0.115183,0.15706805884838104,0.212121,1.29545,0.284404,0.700389,,,3.75739,0.0333866,0.0186224,999,,,,,,,108.40000000000002,4.927272727272729,101,4.590909090909091,,,,,,,,,,,,,,,,,,,"Nate Lavender","sa3017917",681320
"Andrew Chafin","DET",3,3,,4.14,43,0,0,1,,43,186,37,22,20,5,22,,1,48,10.08,4.5,2.24,1.08,0.259259,0.115741,0.14351850748062134,0.226316,1.36,0.289062,0.721476,,,4.04648,0.0322124,-0.0230593,999,,,,,,,191.5,4.453488372093023,181,4.209302325581396,,,,,,,,,,,,,,,,,,,"Andrew Chafin","12988",605177
"Brendon Little","TOR",3,2,,4.09781,59,0,0,12,,59,259,55,29,27,6,27,,3,51,7.7403,4.09781,1.88889,0.910624,0.196154,0.103846,0.0923076793551445,0.23913,1.3828,0.283237,0.720109,,,4.27946,0.0301839,0.0781866,999,,,,,,,279.8,4.742372881355933,277,4.694915254237288,,,,,,,,,,,,,,,,,,,"Brendon Little","21574",663893
"Sam Aldegheri","LAA",0,1,,5.04,2,2,0,0,,8,34,8,5,4,1,3,,0,7,7.74,4.05,1.91111,1.44,0.193694,0.101351,0.09234234690666199,0.256997,1.46,0.292096,0.687702,,,5.05648,0.0287031,0.00178415,750.8800048828125,,,,,,,31.100000000000005,3.8875000000000006,32,4,,,,,,,,,,,,,,,,,,,"Sam Aldegheri","26443",691951
"Hurston Waldrep","ATL",1,1,,4.59574,14,2,0,1,,20,88,20,11,10,3,9,,0,18,8.1383,4.21277,1.93182,1.24468,0.202381,0.104762,0.09761904925107956,0.251337,1.46809,0.293478,0.717863,,,4.62393,0.0278821,0.0795335,704.9299926757812,,,,,,,72.1,3.6049999999999995,74,3.7,,,,,,,,,,,,,,,,,,,"Hurston Waldrep","33527",694462
"Wilking Rodríguez","NYY",0,1,,4.25197,16,0,0,1,,16,71,14,8,8,1,9,,0,15,8.50394,4.96063,1.71429,0.708661,0.214286,0.125,0.0892857015132904,0.22449,1.41732,0.277778,0.722892,,,3.95388,0.0267903,0.000208378,999,,,,,,,76.70000000000002,4.793750000000001,74,4.625,,,,,,,,,,,,,,,,,,,"Wilking Rodriguez","8801",516853
"Erik Swanson","TOR",2,2,,3.90597,42,0,0,1,,42,177,39,20,18,6,14,,1,42,8.95118,3.09222,2.89474,1.30199,0.236052,0.0815451,0.15450644493103027,0.239437,1.26582,0.286667,0.748299,,,4.14297,0.0251172,0.0233655,999,,,,,,,178.6,4.252380952380952,175,4.166666666666667,,,,,,,,,,,,,,,,,,,"Erik Swanson","16587",657024
"Shawn Dubin","HOU",1,1,,4.05253,24,0,0,1,,24,106,22,12,11,2,12,,1,25,9.45591,4.5591,2.07407,0.844278,0.237288,0.114407,0.12288135290145874,0.23301,1.40713,0.296552,0.720588,,,3.97323,0.0250964,-0.00542383,999,,,,,,,110.80000000000003,4.616666666666668,109,4.541666666666667,,,,,,,,,,,,,,,,,,,"Shawn Dubin","24977",681869
"Dane Acker","TEX",0,0,,5.07692,2,2,0,0,,7,31,7,4,4,1,3,,0,6,7.61538,4.03846,1.88571,1.38462,0.190751,0.101156,0.08959536999464035,0.251634,1.4359,0.285088,0.672269,,,5.01263,0.0243562,0.0306455,999,,,,,,,24.3,3.4714285714285715,25,3.5714285714285716,,,,,,,,,,,,,,,,,,,"Dane Acker","sa3014924",686769
"Tyler Matzek","NYY",1,1,,3.99478,38,0,0,1,,38,164,35,18,17,4,19,,1,35,8.22454,4.46475,1.84211,0.939948,0.212121,0.115152,0.09696969389915466,0.241379,1.40992,0.292453,0.743802,,,4.26309,0.0242723,0.0316808,999,,,,,,,155,4.078947368421052,152,4,,,,,,,,,,,,,,,,,,,"Tyler Matzek","10058",554431
"Michael Kelly","ATH",1,1,,4.04255,20,0,0,1,,20,87,19,10,9,2,8,,1,18,8.29787,3.40426,2.4375,0.851064,0.213115,0.0874317,0.12568306177854538,0.242424,1.32388,0.295082,0.694444,,,3.82842,0.0232734,-0.0122811,999,,,,,,,87,4.35,87,4.35,,,,,,,,,,,,,,,,,,,"Michael Kelly","12791",547184
"Drey Jameson","ARI",3,3,,3.87209,50,0,0,4,,50,214,48,23,22,6,17,,3,44,7.95349,3.03488,2.62069,1.04651,0.206522,0.0788044,0.12771738320589066,0.248503,1.30233,0.294355,0.734694,,,4.09671,0.0231035,0.167191,744.5900268554688,,,,,,,215.39999999999998,4.308,216,4.32,,,,,,,,,,,,,,,,,,,"Drey Jameson","26260",686753
"Jack Neely","CHC",1,1,,4.16667,28,0,0,1,,28,119,24,14,13,4,11,,1,30,9.66667,3.5,2.7619,1.16667,0.252174,0.0913043,0.1608695536851883,0.227053,1.25926,0.28169,0.704467,,,3.98129,0.022556,-0.004413,999,,,,,,,123.60000000000005,4.414285714285716,116,4.142857142857143,,,,,,,,,,,,,,,,,,,"Jack Neely","30106",680891
"Gunnar Hoglund","ATH",4,6,,4.80787,41,8,0,1,,74,317,77,43,39,12,21,,4,52,6.32615,2.53046,2.5,1.43393,0.163755,0.0655022,0.0982532799243927,0.265403,1.33083,0.287879,0.676819,,,4.84408,0.0225041,-0.0650151,999,,,,,,,232.8,3.1459459459459462,247,3.3378378378378377,,,,,,,,,,,,,,,,,,,"Gunnar Hoglund","sa3019785",680684
"Andrew Saalfrank","ARI",2,2,,3.6933,26,0,0,1,,26,113,23,12,11,2,13,,1,26,8.94168,4.66523,1.91667,0.777538,0.227723,0.118812,0.10891088843345642,0.231638,1.40389,0.291339,0.740741,,,3.92242,0.0222614,0.0438671,999,,,,,,,122.00000000000001,4.6923076923076925,118,4.538461538461538,,,,,,,,,,,,,,,,,,,"Andrew Saalfrank","26203",685314
"Jalen Beeks","HOU",3,3,,4.14226,48,0,0,1,,48,212,49,24,22,5,19,,3,40,7.53138,3.64017,2.06897,0.878661,0.189274,0.0914827,0.09779180586338043,0.257042,1.42259,0.304147,0.715835,,,4.14277,0.0219454,-0.0108477,999,,,,,,,184.30000000000004,3.839583333333334,193,4.020833333333333,,,,,,,,,,,,,,,,,,,"Jalen Beeks","17192",656222
"Collin Snider","SEA",5,3,,4.12698,65,0,3,12,,65,284,61,32,30,7,29,,3,61,8.4127,3.96825,2.12,0.952381,0.21371,0.100806,0.11290322989225388,0.240909,1.37566,0.291925,0.718391,,,4.15413,0.0207487,-0.069689,735.4000244140625,,,,,,,325.29999999999995,5.004615384615384,323,4.969230769230769,,,,,,,,,,,,,,,,,,,"Collin Snider","23307",676092
"Hunter Stratton","PIT",1,1,,4.05882,15,0,0,1,,15,65,14,7,7,1,6,,1,14,8.64706,3.52941,2.45,0.882353,0.222727,0.0909091,0.13181819021701813,0.239796,1.31373,0.295775,0.7,,,3.93119,0.0200932,0.0249974,999,,,,,,,73.30000000000001,4.886666666666668,73,4.866666666666666,,,,,,,,,,,,,,,,,,,"Hunter Stratton","23455",676702
"Mike Burrows","PIT",1,2,,4.54297,32,2,0,1,,36,156,35,20,18,5,14,,1,30,7.36698,3.43793,2.14286,1.22783,0.191083,0.089172,0.10191082954406738,0.250883,1.35061,0.286385,0.694118,,,4.57166,0.0189241,-0.0248583,748.5,,,,,,,132.90000000000003,3.6916666666666678,134,3.7222222222222223,,,,,,,,,,,,,,,,,,,"Mike Burrows","24728",681347
"Dillon Tate","TOR",1,1,,4.14365,35,0,0,1,,35,148,33,17,16,3,11,,4,26,6.62983,2.81768,2.35294,0.828729,0.173913,0.073913,0.10000001639127731,0.246377,1.2523,0.283951,0.672131,,,4.16095,0.0187678,0.00893771,999,,,,,,,147.3,4.208571428571429,147,4.2,,,,,,,,,,,,,,,,,,,"Dillon Tate","17796",622253
"Logan Evans","SEA",1,1,,4.51441,10,2,0,1,,15,65,15,8,7,2,5,,1,11,6.72359,3.26574,2.05882,1.15261,0.171569,0.0833333,0.0882352963089943,0.253406,1.35539,0.284211,0.689655,,,4.64994,0.0173977,-0.00357045,999,,,,,,,55.400000000000006,3.693333333333334,57,3.8,,,,,,,,,,,,,,,,,,,"Logan Evans","sa3023077",688138
"Seth Martinez","MIA",2,2,,3.87931,44,0,0,1,,44,189,42,20,19,5,17,,3,36,7.44828,3.41379,2.18182,0.931034,0.192771,0.0883534,0.10441765934228897,0.246637,1.32759,0.289941,0.728863,,,4.20096,0.0173414,0.0897242,999,,,,,,,170.90000000000003,3.8840909090909097,171,3.8863636363636362,,,,,,,,,,,,,,,,,,,"Seth Martinez","21045",661527
"Wikelman Gonzalez","CHW",0,0,,5.27621,2,2,0,0,,6,29,6,4,4,1,4,,1,6,8.21871,5.07328,1.62,1.31905,0.2025,0.125,0.07750000059604645,0.250729,1.53326,0.293173,0.679117,,,5.17324,0.0167162,-0.0278822,999,,,,,,,13.500000000000005,2.250000000000001,14,2.3333333333333335,,,,,,,,,,,,,,,,,,,"Wikelman Gonzalez","sa3008687",682790
"Franco Aleman","CLE",2,2,,3.95122,22,0,0,1,,22,95,20,10,10,3,8,,2,23,9.43902,3.29268,2.86667,1.09756,0.242938,0.0847458,0.15819209814071655,0.234177,1.26829,0.290909,0.733333,,,4.04453,0.0163722,0.0276523,999,,,,,,,93.9,4.2681818181818185,91,4.136363636363637,,,,,,,,,,,,,,,,,,,"Franco Aleman","sa3018178",680916
"Hagen Danner","SEA",1,1,,3.75979,26,0,0,1,,26,110,24,12,11,3,9,,1,26,8.9295,3.05483,2.92308,1.17493,0.234568,0.0802469,0.15432097762823105,0.236486,1.25326,0.285714,0.756098,,,3.97588,0.016225,0.00665152,999,,,,,,,119.1,4.5807692307692305,117,4.5,,,,,,,,,,,,,,,,,,,"Hagen Danner","22116",668470
"Ryan Loutos","STL",2,1,,4.13969,35,0,0,1,,35,153,35,17,16,4,14,,1,29,7.51278,3.52641,2.13043,0.919932,0.190661,0.0894942,0.10116731375455856,0.25,1.3799,0.293785,0.716253,,,4.10345,0.0161714,0.0164144,999,,,,,,,135.8,3.8800000000000003,140,4,,,,,,,,,,,,,,,,,,,"Ryan Loutos","29521",702795
"Patrick Monteverde","MIA",2,3,,4.60381,26,2,0,1,,32,141,35,18,16,4,11,,1,23,6.58977,3.15948,2.08571,1.26379,0.166287,0.0797267,0.08656036853790283,0.27,1.4343,0.300319,0.713128,,,4.70108,0.0161598,0.0962875,999,,,,,,,110.60000000000002,3.4562500000000007,122,3.8125,,,,,,,,,,,,,,,,,,,"Patrick Monteverde","sa3016940",687287
"Max Kranick","NYM",2,2,,4.36765,51,0,0,7,,51,220,50,27,25,6,17,,2,42,7.41176,3.04412,2.43478,1.05882,0.190476,0.0782313,0.11224490404129028,0.25,1.32353,0.289216,0.685279,,,4.19589,0.0157907,-0.0642248,750.47998046875,,,,,,,228.60000000000002,4.482352941176471,232,4.549019607843137,,,,,,,,,,,,,,,,,,,"Max Kranick","22175",668820
"Anthony Molina","COL",1,1,,4.80305,22,0,0,1,,22,97,24,13,12,3,7,,1,15,5.94663,2.7446,2.16667,1.02922,0.150289,0.0693642,0.080924853682518,0.26875,1.39771,0.297297,0.667351,,,4.32277,0.0156919,-0.008394,999,,,,,,,73.5,3.340909090909091,81,3.6818181818181817,,,,,,,,,,,,,,,,,,,"Anthony Molina","26952",683627
"Walter Pennington","TEX",3,3,,4.43478,42,0,0,1,,42,183,40,23,21,5,18,,2,38,8.21739,3.91304,2.1,1.04348,0.209302,0.0996678,0.10963456332683563,0.242537,1.37681,0.28934,0.692124,,,4.28242,0.0156223,-0.0616314,999,,,,,,,165.3,3.935714285714286,165,3.9285714285714284,,,,,,,,,,,,,,,,,,,"Walter Pennington","27624",679156
"Jake Bird","COL",2,4,,4.57143,61,0,1,10,,61,271,61,34,31,7,26,,6,50,7.42857,3.85714,1.92593,1,0.185714,0.0964286,0.089285708963871,0.255061,1.42857,0.297872,0.685786,,,4.53156,0.0148696,0.155483,999,,,,,,,255.70000000000007,4.191803278688526,263,4.311475409836065,,,,,,,,,,,,,,,,,,,"Jake Bird","21267",656234
"Mason Black","SFG",3,3,,4.40617,40,2,0,1,,45,196,45,24,22,6,16,,3,39,7.75159,3.26383,2.375,1.14234,0.196687,0.0828157,0.11387164145708084,0.252874,1.35993,0.294479,0.705521,,,4.39948,0.0142995,-0.00529981,999,,,,,,,167.2,3.7155555555555555,172,3.8222222222222224,,,,,,,,,,,,,,,,,,,"Mason Black","30171",696131
"Brandon Young","BAL",2,1,,4.16129,34,0,0,1,,34,146,34,17,16,4,11,,1,30,8.03226,2.80645,2.86207,1.16129,0.20802,0.0726817,0.13533834367990494,0.251366,1.30108,0.295203,0.71977,,,4.12347,0.0142072,-0.013479,722.780029296875,,,,,,,142.00000000000003,4.176470588235295,146,4.294117647058823,,,,,,,,,,,,,,,,,,,"Brandon Young","sa3014926",687064
"Tristan Beck","SFG",2,2,,4.02632,46,0,0,1,,46,197,46,22,21,5,14,,2,39,7.57895,2.72368,2.78261,1.06579,0.196319,0.0705521,0.12576686590909958,0.253333,1.30263,0.295154,0.717593,,,4.04806,0.0141595,0.0287239,749.5900268554688,,,,,,,193.30000000000004,4.202173913043479,199,4.326086956521739,,,,,,,,,,,,,,,,,,,"Tristan Beck","21584",663941
"Zach Maxwell","CIN",2,3,,4.72795,33,0,0,1,,33,145,28,19,17,4,19,,1,37,10.1313,5.23452,1.93548,1.18199,0.255319,0.131915,0.12340424954891205,0.227723,1.44465,0.288889,0.699405,,,4.4798,0.0141588,-0.0319742,999,,,,,,,140.20000000000005,4.24848484848485,131,3.9696969696969697,,,,,,,,,,,,,,,,,,,"Zach Maxwell","sa3020255",687209
"Brent Headrick","NYY",2,2,,4.375,44,0,0,1,,44,190,43,23,21,7,16,,2,44,9,3.25,2.76923,1.375,0.231511,0.0836013,0.1479099616408348,0.248227,1.33333,0.296482,0.719603,,,4.36092,0.0137348,-0.030494,999,,,,,,,165.7,3.7659090909090907,167,3.7954545454545454,,,,,,,,,,,,,,,,,,,"Brent Headrick","27702",687396
"James McArthur","KCR",1,2,,4.1791,20,0,0,1,,20,87,20,10,9,2,7,,2,18,8.0597,2.98507,2.7,1.04478,0.205323,0.0760456,0.1292775645852089,0.247899,1.31012,0.293785,0.708093,,,4.12834,0.0132906,0.0132655,749.719970703125,,,,,,,84.4,4.220000000000001,87,4.35,,,,,,,,,,,,,,,,,,,"James McArthur","21527",663704
"Daniel Palencia","CHC",1,1,,4.11335,40,0,0,1,,40,174,34,20,18,4,20,,3,45,10.0366,4.60695,2.17857,0.987203,0.256303,0.117647,0.13865545392036438,0.223301,1.35283,0.28777,0.716463,,,4.11712,0.0131245,-0.00630429,999,,,,,,,183.4,4.585,173,4.325,,,,,,,,,,,,,,,,,,,"Daniel Palencia","27914",694037
"Bryan Hoeing","SDP",3,3,,4.34118,56,0,0,9,,56,238,55,29,27,7,16,,2,43,6.88235,2.54118,2.70833,1.16471,0.180055,0.066482,0.11357340216636658,0.251497,1.27059,0.282946,0.691145,,,4.27236,0.0130526,-0.06945,999,,,,,,,253.30000000000007,4.523214285714287,257,4.589285714285714,,,,,,,,,,,,,,,,,,,"Bryan Hoeing","26304",663773
"Kyle Amendt","ARI",2,1,,3.61702,14,0,0,1,,14,61,12,6,6,2,8,,0,17,10.8511,4.89362,2.21739,1.06383,0.278689,0.125683,0.153005450963974,0.21875,1.37116,0.288462,0.784314,,,3.92298,0.0119589,0.0377852,999,,,,,,,61.800000000000026,4.414285714285716,58,4.142857142857143,,,,,,,,,,,,,,,,,,,"Kyle Amendt","sa3022904",694900
"Tyler Alexander","MIL",3,3,,4.61739,49,2,0,1,,57,238,59,32,29,10,12,,2,45,7.12174,1.87826,3.79167,1.64348,0.188406,0.0496894,0.13871635496616364,0.263736,1.25217,0.28863,0.69808,,,4.68822,0.0119298,0.0646083,748.0999755859375,,,,,,,197.4,3.463157894736842,207,3.6315789473684212,,,,,,,,,,,,,,,,,,,"Tyler Alexander","17735",641302
"Jesse Chavez","TEX",1,1,,4.21053,26,0,0,1,,26,110,25,13,12,4,9,,1,23,8.07018,3.15789,2.55556,1.22807,0.211009,0.0825688,0.12844037264585495,0.251256,1.32554,0.294521,0.721649,,,4.2581,0.0118086,0.000245026,999,,,,,,,98.19999999999999,3.7769230769230764,98,3.769230769230769,,,,,,,,,,,,,,,,,,,"Jesse Chavez","5448",445926
"Miguel Castro","HOU",2,2,,4.18605,22,0,0,1,,22,94,19,11,10,3,9,,2,21,8.7907,3.55814,2.47059,1.04651,0.229508,0.0928962,0.13661202788352966,0.233129,1.27907,0.284483,0.6875,,,4.11997,0.0117974,-0.00497184,999,,,,,,,89.5,4.068181818181818,84,3.8181818181818183,,,,,,,,,,,,,,,,,,,"Miguel Castro","15684",612434
"Trevor Gott","SEA",1,1,,4.0806,10,0,0,1,,10,43,9,5,5,1,4,,1,9,8.38791,3.1738,2.64286,0.906801,0.218935,0.0828402,0.13609466701745987,0.24183,1.28463,0.294643,0.704846,,,3.82139,0.0117525,-0.0101818,999,,,,,,,45.300000000000004,4.53,44,4.4,,,,,,,,,,,,,,,,,,,"Trevor Gott","15046",641627
"Gordon Graceffo","STL",3,3,,4.41673,42,2,0,1,,48,207,49,26,24,6,16,,2,33,6.22687,2.96862,2.09756,1.15849,0.161351,0.0769231,0.08442776650190353,0.258197,1.34352,0.284974,0.698479,,,4.54218,0.0116135,0.0628119,999,,,,,,,170.00000000000003,3.5416666666666674,178,3.7083333333333335,,,,,,,,,,,,,,,,,,,"Gordon Graceffo","29519",700669
"Daniel Robert","TEX",2,2,,4.60976,33,0,0,1,,33,143,30,19,17,4,14,,2,33,9,3.95122,2.27778,1.09756,0.230337,0.101124,0.12921347469091415,0.235669,1.34146,0.288288,0.666667,,,4.28843,0.0116045,-0.0770541,999,,,,,,,139.00000000000006,4.212121212121214,135,4.090909090909091,,,,,,,,,,,,,,,,,,,"Daniel Robert","21229",642016
"Noah Cameron","KCR",2,2,,4.34822,32,0,0,1,,32,138,32,17,15,4,10,,1,28,7.79398,2.70738,2.87879,1.23063,0.201271,0.0699153,0.13135593384504318,0.252874,1.30356,0.292308,0.704918,,,4.22391,0.0107686,-0.00862628,618.5,,,,,,,131.40000000000003,4.106250000000001,135,4.21875,,,,,,,,,,,,,,,,,,,"Noah Cameron","sa3018097",702070
"Hunter Bigge","TBR",3,1,,4.14044,55,0,0,8,,55,241,48,28,25,7,29,,1,63,10.2421,4.79419,2.13636,1.08959,0.259668,0.121547,0.13812153786420822,0.227848,1.40436,0.292453,0.72549,,,4.135,0.00994759,-0.0506324,668.3800048828125,,,,,,,264.09999999999997,4.801818181818181,252,4.581818181818182,,,,,,,,,,,,,,,,,,,"Hunter Bigge","26259",685801
"Giovanny Gallegos","LAD",2,2,,4.56954,24,0,0,1,,24,102,22,13,12,4,8,,1,24,9.13907,3.17881,2.875,1.39073,0.239583,0.0833333,0.15625,0.24,1.28035,0.286885,0.684647,,,4.27023,0.00944458,-0.0317202,999,,,,,,,96.20000000000003,4.008333333333335,93,3.875,,,,,,,,,,,,,,,,,,,"Giovanny Gallegos","14986",606149
"Yilber Diaz","ARI",4,3,,4.19945,42,2,0,1,,48,212,45,24,23,6,23,,3,47,8.64593,4.19945,2.05882,1.15279,0.219207,0.106472,0.11273486167192459,0.241706,1.39982,0.290429,0.734633,,,4.47481,0.00939943,0.126917,736.1199951171875,,,,,,,184.40000000000003,3.8416666666666672,182,3.7916666666666665,,,,,,,,,,,,,,,,,,,"Yilber Diaz","29271",700270
"Colin Selby","BAL",2,2,,4.2,48,0,0,1,,48,212,44,25,22,5,23,,3,50,9.4,4.4,2.13636,1,0.236181,0.110553,0.12562815099954605,0.235632,1.4,0.295082,0.714286,,,4.1887,0.00913925,-0.0508525,999,,,,,,,205.30000000000004,4.2770833333333345,201,4.1875,,,,,,,,,,,,,,,,,,,"Colin Selby","24986",681882
"Mason Fluharty","TOR",1,2,,4.14286,22,0,0,1,,22,94,20,11,10,3,8,,1,21,8.57143,3.28571,2.6087,1.14286,0.222222,0.0851852,0.13703703880310059,0.238683,1.28571,0.285714,0.716332,,,4.19823,0.00898023,-0.00429502,999,,,,,,,92.9,4.222727272727273,90,4.090909090909091,,,,,,,,,,,,,,,,,,,"Mason Fluharty","sa3020261",689254
"Mason Montgomery","TBR",2,2,,4.16586,60,0,1,12,,60,259,56,30,28,8,23,,3,57,8.59209,3.47155,2.475,1.12825,0.221477,0.0894855,0.13199105113744736,0.241294,1.32112,0.289655,0.715488,,,4.18866,0.00865443,-0.0323459,609,,,,,,,289,4.816666666666666,285,4.75,,,,,,,,,,,,,,,,,,,"Mason Montgomery","29770",682254
"Luis Frías","CLE",1,1,,4.36742,13,0,0,1,,13,57,12,7,6,1,6,,0,13,9.04679,4.36742,2.07143,0.935875,0.227451,0.109804,0.11764705926179886,0.24,1.42114,0.298137,0.706522,,,4.06769,0.00862581,-0.0180166,999,,,,,,,64.7,4.976923076923077,64,4.923076923076923,,,,,,,,,,,,,,,,,,,"Luis Frias","21997",666818
"Bryan King","HOU",1,1,,3.88235,62,0,0,13,,62,271,56,29,27,7,28,,5,62,9,4.05882,2.21739,1.05882,0.2287,0.103139,0.12556052207946777,0.234694,1.35294,0.28777,0.742574,,,4.28413,0.00780743,0.262623,999,,,,,,,304.0999999999999,4.904838709677418,296,4.774193548387097,,,,,,,,,,,,,,,,,,,"Bryan King","25890",687911
"Matt Festa","TEX",0,1,,4.23529,8,0,0,1,,8,34,7,4,4,1,3,,0,8,8.64706,3.52941,2.45,1.05882,0.225806,0.0921659,0.13364055752754211,0.237113,1.29412,0.28777,0.694444,,,4.12726,0.00717597,0.0000753927,999,,,,,,,39.7,4.9625,38,4.75,,,,,,,,,,,,,,,,,,,"Matt Festa","19330",670036
"Matt Barnes",,1,3,,4.66667,24,0,0,0,,24,107,23,13,12,3,11,,2,22,8.33333,4,2.08333,1,0.208333,0.1,0.10833331942558289,0.245283,1.40741,0.294872,0.680473,,,4.31463,0.00695335,-0.0550895,999,,,,,,,85.90000000000002,3.5791666666666675,86,3.5833333333333335,,,,,,,,,,,,,,,,,,,"Matt Barnes","12863",598264
"Trevor Richards","CHC",1,1,,4.24958,19,0,0,1,,19,79,16,10,9,3,9,,0,21,10.0169,4.09781,2.44444,1.21417,0.266129,0.108871,0.1572580486536026,0.222727,1.28162,0.280822,0.709877,,,4.11083,0.0066537,-0.0187971,999,,,,,,,81.1,4.268421052631578,75,3.9473684210526314,,,,,,,,,,,,,,,,,,,"Trevor Richards","19309",670950
"Cam Booser","CHW",3,5,,4.59574,54,0,0,6,,54,236,53,30,28,8,23,,1,54,9,3.82979,2.35,1.34043,0.229268,0.097561,0.1317073106765747,0.25,1.40426,0.3,0.711744,,,4.44308,0.00657814,-0.0877222,999,,,,,,,223.40000000000003,4.137037037037038,226,4.185185185185185,,,,,,,,,,,,,,,,,,,"Cam Booser","16061",592155
"Ronny Henriquez","MIA",2,2,,4.32,53,0,0,6,,53,231,53,28,25,6,19,,3,45,7.56,3.24,2.33333,1.08,0.192661,0.0825688,0.11009174585342407,0.253378,1.36,0.294643,0.704698,,,4.28648,0.00533629,-0.00995646,999,,,,,,,228.60000000000002,4.313207547169812,235,4.433962264150943,,,,,,,,,,,,,,,,,,,"Ronny Henriquez","24094",678692
"Phil Maton","STL",3,2,,4.24084,62,0,1,12,,62,265,54,31,29,8,24,,8,63,9.10995,3.4555,2.63636,1.09948,0.236735,0.0897959,0.1469387784600258,0.231481,1.25654,0.284768,0.691318,,,4.2485,0.0053191,0.102657,749.6199951171875,,,,,,,303,4.887096774193548,289,4.661290322580645,,,,,,,,,,,,,,,,,,,"Phil Maton","18064",664208
"Yerry De Los Santos","NYY",1,2,,4.27788,34,0,0,1,,34,145,33,17,16,4,12,,1,27,7.07495,3.12614,2.26316,1.15174,0.184549,0.0815451,0.10300428420305252,0.25,1.31627,0.283951,0.707395,,,4.40962,0.00509296,0.000442802,999,,,,,,,135.60000000000002,3.9882352941176475,137,4.029411764705882,,,,,,,,,,,,,,,,,,,"Yerry De Los Santos","21420",660787
"Bennett Sousa","HOU",2,2,,4.03448,36,0,0,1,,36,155,32,17,16,5,15,,1,37,9.31034,3.72414,2.5,1.24138,0.24,0.096,0.14400000125169754,0.232143,1.31034,0.282051,0.740741,,,4.23545,0.00490454,0.0234962,999,,,,,,,151.70000000000005,4.21388888888889,145,4.027777777777778,,,,,,,,,,,,,,,,,,,"Bennett Sousa","21345",656986
"Davis Daniel","ATL",1,1,,4.1811,13,0,0,1,,13,55,13,7,6,2,4,,1,11,7.58268,2.55118,2.97222,1.13386,0.198148,0.0666667,0.13148149102926254,0.253012,1.27559,0.293333,0.702006,,,4.11136,0.00476233,-0.00945118,745.1199951171875,,,,,,,48.8,3.753846153846154,50,3.8461538461538463,,,,,,,,,,,,,,,,,,,"Davis Daniel","27582",669721
"Clayton Beeter","NYY",1,1,,4.32911,28,0,0,1,,28,121,24,15,13,4,13,,1,30,9.56962,4.21519,2.27027,1.25316,0.246334,0.108504,0.13782991468906403,0.226667,1.32911,0.278049,0.714286,,,4.40699,0.0044404,-0.030671,750.3400268554688,,,,,,,117.60000000000005,4.200000000000002,110,3.9285714285714284,,,,,,,,,,,,,,,,,,,"Clayton Beeter","27494",690925
"Huascar Ynoa","MIN",1,1,,4.5,18,0,0,1,,18,78,17,10,9,2,7,,1,17,8.57812,3.65625,2.34615,1.125,0.218638,0.09319,0.12544802576303482,0.244,1.35938,0.292818,0.686016,,,4.2446,0.00391309,-0.0328204,999,,,,,,,78.40000000000002,4.355555555555557,78,4.333333333333333,,,,,,,,,,,,,,,,,,,"Huascar Ynoa","20468",660623
"Kevin Herget","NYM",2,2,,4.27119,33,0,0,1,,33,140,32,17,16,4,10,,1,28,7.62712,2.74576,2.77778,1.22034,0.199203,0.0717131,0.12749004364013672,0.251082,1.28814,0.289017,0.709877,,,4.25123,0.00391234,-0.026565,999,,,,,,,138.80000000000007,4.206060606060608,140,4.242424242424242,,,,,,,,,,,,,,,,,,,"Kevin Herget","15369",643361
"Kyle Nelson","ARI",3,2,,3.89313,35,0,0,1,,35,150,32,16,15,4,13,,2,35,8.9313,3.43511,2.6,1.14504,0.232143,0.0892857,0.142857164144516,0.238411,1.29771,0.28972,0.75,,,4.1334,0.00375343,0.063763,999,,,,,,,155.60000000000002,4.445714285714287,152,4.3428571428571425,,,,,,,,,,,,,,,,,,,"Kyle Nelson","20515",669459
"Jordan Balazovic","DET",0,0,,4.23529,6,0,0,1,,6,26,6,3,3,1,3,,0,5,8.15294,3.81176,2.13889,0.952941,0.207547,0.097035,0.11051211506128311,0.240964,1.36471,0.288618,0.705996,,,4.10766,0.00321785,-0.00102464,999,,,,,,,21.500000000000007,3.5833333333333344,22,3.6666666666666665,,,,,,,,,,,,,,,,,,,"Jordan Balazovic","21866",666364
"Colten Brewer","NYY",1,1,,4.78125,24,0,0,1,,24,106,22,14,13,3,10,,2,22,8.4375,3.9375,2.14286,1.125,0.211268,0.0985916,0.11267605423927307,0.238095,1.375,0.282609,0.677083,,,4.41648,0.00304675,-0.0615301,999,,,,,,,95.50000000000001,3.9791666666666674,93,3.875,,,,,,,,,,,,,,,,,,,"Colten Brewer","12997",605155
"Dauri Moreta","PIT",2,2,,4.15094,33,0,0,1,,33,138,29,17,15,5,13,,1,35,9.43396,3.58491,2.63158,1.32075,0.251256,0.0954774,0.15577886998653412,0.235955,1.27883,0.289256,0.722656,,,4.29856,0.00255714,0.00666358,999,,,,,,,139.30000000000004,4.2212121212121225,132,4,,,,,,,,,,,,,,,,,,,"Dauri Moreta","21101",664294
"Alex Young","CIN",0,0,,4.78723,11,0,0,1,,11,49,11,6,6,2,4,,0,10,8.23404,3.44681,2.38889,1.34043,0.206731,0.0865385,0.12019230425357819,0.260638,1.42553,0.304348,0.699301,,,4.54946,0.0022452,-0.00103749,999,,,,,,,40.20000000000001,3.6545454545454557,41,3.727272727272727,,,,,,,,,,,,,,,,,,,"Alex Young","18333",622065
"Evan Sisk","KCR",2,3,,4.26945,36,0,0,1,,36,159,33,18,17,3,18,,3,33,8.36812,4.61101,1.81481,0.85389,0.2103,0.11588,0.09442058205604553,0.237624,1.42315,0.290541,0.705882,,,4.305,0.00211071,0.0238778,999,,,,,,,150.70000000000005,4.186111111111113,148,4.111111111111111,,,,,,,,,,,,,,,,,,,"Evan Sisk","sa3007612",681895
"Ty Madden","DET",1,1,,4.32769,21,0,0,1,,21,91,20,11,10,3,8,,1,19,8.01425,3.36598,2.38095,1.12199,0.205761,0.0864198,0.11934157460927963,0.245455,1.33571,0.288344,0.705521,,,4.23505,0.00197148,-0.0192872,999,,,,,,,81.5,3.880952380952381,81,3.857142857142857,,,,,,,,,,,,,,,,,,,"Ty Madden","30140",680744
"Josiah Gray","WSN",1,1,,4.91495,10,2,0,1,,17,72,16,10,9,3,7,,1,15,8.21844,3.70636,2.21739,1.61146,0.211618,0.0954357,0.11618257313966751,0.246512,1.36079,0.279221,0.693548,,,5.06442,0.00170561,0.0305488,999,,,,,,,57.300000000000004,3.370588235294118,56,3.2941176470588234,,,,,,,,,,,,,,,,,,,"Josiah Gray","24580",680686
"Tyler Stuart","WSN",1,1,,4.36414,18,0,0,1,,18,78,18,9,9,2,6,,1,14,7.24611,2.79963,2.58824,1.15279,0.186047,0.0718816,0.11416490375995636,0.256351,1.32662,0.293051,0.701754,,,4.31927,0.00128144,0.00359036,999,,,,,,,72.80000000000003,4.044444444444446,75,4.166666666666667,,,,,,,,,,,,,,,,,,,"Tyler Stuart","sa3020264",701603
"Alex Faedo","TBR",3,3,,4.19214,57,0,0,11,,57,241,51,29,27,7,22,,2,54,8.51528,3.40611,2.5,1.17904,0.224138,0.0896552,0.1344827562570572,0.236641,1.28093,0.281915,0.702918,,,4.19996,0.00118582,-0.06939,999,,,,,,,283.0999999999999,4.966666666666665,274,4.807017543859649,,,,,,,,,,,,,,,,,,,"Alex Faedo","19874",656412
"Jimmy Herget","COL",3,3,,4.69565,48,0,0,1,,48,212,51,27,25,7,16,,3,43,8.02174,2.93478,2.73333,1.36957,0.20197,0.0738916,0.12807881832122803,0.264865,1.3913,0.306569,0.701107,,,4.53605,0.00068623,0.0187766,999,,,,,,,169.50000000000003,3.5312500000000004,182,3.7916666666666665,,,,,,,,,,,,,,,,,,,"Jimmy Herget","17556",623474
"Ethan Roberts","CHC",1,2,,4.14044,38,0,0,1,,38,166,35,19,17,5,15,,4,38,8.93462,3.48668,2.5625,1.08959,0.227778,0.0888889,0.1388889029622078,0.2375,1.30751,0.289474,0.702128,,,4.20764,0.000400382,-0.00598908,999,,,,,,,151.7,3.9921052631578946,148,3.8947368421052633,,,,,,,,,,,,,,,,,,,"Ethan Roberts","24930",681799
"Andrew Morris","MIN",1,1,,4.34483,13,0,0,1,,13,56,14,7,6,2,4,,0,9,6.51724,2.48276,2.625,1.16379,0.169014,0.0643863,0.10462778061628342,0.261905,1.31897,0.292011,0.69697,,,4.30441,0.000154852,-0.0167959,999,,,,,,,45.199999999999996,3.4769230769230766,49,3.769230769230769,,,,,,,,,,,,,,,,,,,"Andrew Morris","sa3020569",702193
"Randy Rodríguez","SFG",3,3,,4.13115,53,0,0,7,,53,234,48,26,24,5,26,,4,54,9.14754,4.42623,2.06667,0.885246,0.230483,0.111524,0.11895909905433655,0.235043,1.39344,0.295181,0.718016,,,4.13369,0.000124889,0.0125049,999,,,,,,,251.90000000000003,4.752830188679246,246,4.6415094339622645,,,,,,,,,,,,,,,,,,,"Randy Rodriguez","23974",678495
"Ethan Small","SFG",0,1,,4.13476,10,0,0,1,,10,44,9,5,5,1,5,,0,9,8.54518,4.13476,2.06667,0.964778,0.216028,0.10453,0.11149825155735016,0.243137,1.40888,0.295699,0.729927,,,4.13126,0.000110364,-0.000613923,999,,,,,,,45.300000000000004,4.53,44,4.4,,,,,,,,,,,,,,,,,,,"Ethan Small","26364",663629
"Peter Strzelecki","PIT",1,1,,4.41176,26,0,0,1,,26,114,25,14,13,3,11,,2,24,8.29412,3.70588,2.2381,1.05882,0.210762,0.0941704,0.1165919303894043,0.247475,1.37255,0.296552,0.698052,,,4.32334,-0.00019185,-0.0129582,999,,,,,,,103.5,3.980769230769231,104,4,,,,,,,,,,,,,,,,,,,"Peter Strzelecki","21367",657265
"Jhony Brito","SDP",2,1,,4.19318,24,0,0,1,,24,102,24,12,11,3,7,,1,17,6.54545,2.55682,2.56,1.125,0.171123,0.0668449,0.1042780801653862,0.254335,1.28409,0.284133,0.706967,,,4.29148,-0.000555643,-0.0083771,999,,,,,,,92.30000000000001,3.8458333333333337,95,3.9583333333333335,,,,,,,,,,,,,,,,,,,"Jhony Brito","25386",666745
"Anthony Misiewicz","MIN",2,2,,4.5,39,0,0,1,,39,171,41,21,20,6,14,,1,37,8.4375,3.1875,2.64706,1.3125,0.21327,0.0805687,0.13270141929388046,0.259067,1.39583,0.304965,0.716783,,,4.31231,-0.000593754,-0.0503877,999,,,,,,,141.20000000000002,3.620512820512821,150,3.8461538461538463,,,,,,,,,,,,,,,,,,,"Anthony Misiewicz","18152",664948
"Hayden Harris","ATL",2,1,,4.26637,17,0,0,1,,17,75,16,9,8,2,8,,1,19,10.158,4.26637,2.38095,1.21896,0.255102,0.107143,0.1479591801762581,0.236994,1.39955,0.299145,0.727612,,,4.22743,-0.00068648,-0.007682,999,,,,,,,74.60000000000002,4.388235294117648,74,4.352941176470588,,,,,,,,,,,,,,,,,,,"Hayden Harris","sa3019913",802686
"Gavin Hollowell","CHC",0,0,,4.31655,6,0,0,1,,6,26,5,3,3,1,3,,1,6,9.28058,3.88489,2.38889,1.07914,0.237569,0.0994475,0.13812155276536942,0.232704,1.31894,0.288288,0.6875,,,4.24562,-0.000735234,-0.000945644,999,,,,,,,23.10000000000001,3.8500000000000014,21,3.5,,,,,,,,,,,,,,,,,,,"Gavin Hollowell","25427",668970
"Logan Henderson","MIL",1,1,,4.34483,10,0,0,1,,10,42,9,5,5,2,3,,0,10,9.10345,2.68966,3.38462,1.55172,0.241096,0.0712329,0.1698630154132843,0.238095,1.21839,0.27897,0.717647,,,4.38487,-0.00113714,0.00316437,644.4000244140625,,,,,,,41.00000000000001,4.1000000000000005,39,3.9,,,,,,,,,,,,,,,,,,,"Logan Henderson","sa3020080",701656
"Keegan Thompson","CHC",1,1,,4.01538,22,0,0,1,,22,93,18,10,10,3,10,,1,23,9.27692,4.15385,2.23333,1.10769,0.243636,0.109091,0.1345454752445221,0.22314,1.29231,0.275449,0.728022,,,4.22802,-0.00133938,0.0283183,999,,,,,,,96.10000000000001,4.368181818181818,88,4,,,,,,,,,,,,,,,,,,,"Keegan Thompson","19795",624522
"Albert Abreu","CIN",0,0,,4.9558,14,0,0,1,,14,66,14,8,8,2,6,,1,13,8.52408,4.09091,2.08366,1.27191,0.200103,0.0960341,0.10406855493783951,0.234528,1.44149,0.271053,0.672727,,,4.68429,-0.00154021,-0.0118189,999,,,,,,,51.60000000000003,3.6857142857142877,53,3.7857142857142856,,,,,,,,,,,,,,,,,,,"Albert Abreu","17485",656061
"Yohan Ramírez","PIT",1,1,,4.47684,17,0,0,1,,17,76,15,9,8,1,8,,3,16,8.49057,4.01372,2.11538,0.77187,0.212355,0.100386,0.11196912080049515,0.235294,1.33791,0.291925,0.661972,,,4.35001,-0.00167714,-0.00385553,999,,,,,,,77.50000000000001,4.558823529411765,75,4.411764705882353,,,,,,,,,,,,,,,,,,,"Yohan Ramirez","19444",670990
"Andrew Misiaszek","CLE",2,2,,4.0806,30,0,0,1,,30,131,27,14,14,4,14,,2,32,9.52141,4.3073,2.21053,1.1335,0.242775,0.109827,0.13294799625873566,0.236842,1.38539,0.295238,0.75,,,4.27479,-0.00168722,0.0261906,999,,,,,,,122.60000000000001,4.086666666666667,118,3.933333333333333,,,,,,,,,,,,,,,,,,,"Andrew Misiaszek","sa3010118",667280
"Alek Jacob","SDP",2,2,,4.06452,48,0,0,1,,48,206,43,23,22,6,18,,4,46,8.56452,3.33871,2.56522,1.16129,0.221804,0.0864662,0.13533833622932434,0.235294,1.27419,0.280702,0.722714,,,4.29551,-0.00177888,0.0153229,999,,,,,,,199.60000000000002,4.158333333333334,192,4,,,,,,,,,,,,,,,,,,,"Alek Jacob","29628",689690
"Parker Mushinski","CLE",0,0,,4.23529,12,0,0,1,,12,53,11,6,6,1,5,,1,10,7.76471,3.88235,2,0.882353,0.195556,0.0977778,0.09777777642011642,0.242424,1.37255,0.288591,0.698413,,,4.30373,-0.00187948,-0.00214726,999,,,,,,,53.90000000000001,4.491666666666668,53,4.416666666666667,,,,,,,,,,,,,,,,,,,"Parker Mushinski","21324",656786
"Luis Contreras","HOU",3,2,,4.25051,43,0,0,1,,43,185,38,22,20,5,19,,4,43,9.05544,3.8809,2.33333,1.10883,0.233333,0.1,0.13333332538604736,0.232432,1.31417,0.284615,0.701439,,,4.29584,-0.00312438,-0.0254845,999,,,,,,,178.89999999999998,4.160465116279069,171,3.9767441860465116,,,,,,,,,,,,,,,,,,,"Luis Contreras","25839",664351
"Alex Speas","MIN",1,1,,4.4186,10,0,0,1,,10,45,8,5,5,1,7,,1,11,9.76744,6.27907,1.55556,0.697674,0.24,0.154286,0.08571426570415497,0.222222,1.52455,0.292929,0.693431,,,4.40679,-0.00339355,-0.000912184,999,,,,,,,42.900000000000006,4.290000000000001,39,3.9,,,,,,,,,,,,,,,,,,,"Alex Speas","21859",666208
"Tommy Doyle","COL",1,1,,4.96403,11,0,0,1,,11,49,11,7,6,2,5,,0,9,7.55396,3.88489,1.94444,1.29496,0.190217,0.0978261,0.09239130467176437,0.259036,1.46283,0.296,0.684411,,,4.65329,-0.00405805,-0.0177289,999,,,,,,,35.2,3.2,36,3.272727272727273,,,,,,,,,,,,,,,,,,,"Tommy Doyle","21281",656382
"JT Chargois","TEX",1,1,,3.99577,12,0,0,1,,12,50,10,6,5,2,5,,1,11,7.99154,3.8055,2.1,1.14165,0.212121,0.10101,0.1111111119389534,0.234286,1.28964,0.275591,0.722433,,,4.4984,-0.00427933,0.000113089,999,,,,,,,46.20000000000002,3.8500000000000014,42,3.5,,,,,,,,,,,,,,,,,,,"JT Chargois","13767",608638
"Zack Kelly","BOS",2,2,,4.44444,26,0,0,1,,26,113,23,14,13,3,13,,2,28,9.52381,4.60317,2.06897,1.11111,0.243902,0.117886,0.126016266644001,0.234742,1.3933,0.294521,0.708092,,,4.40105,-0.00470241,-0.00748388,750.4099731445312,,,,,,,110.7,4.257692307692308,106,4.076923076923077,,,,,,,,,,,,,,,,,,,"Zack Kelly","20349",677161
"Shaun Anderson","LAA",0,0,,4.8375,6,0,0,1,,6,27,7,3,3,1,2,,0,4,6.3,2.7,2.33333,1.35,0.157303,0.0674157,0.08988763391971588,0.281818,1.4625,0.30916,0.708583,,,4.69148,-0.00508113,0.00166027,999,,,,,,,19.90000000000001,3.316666666666668,23,3.8333333333333335,,,,,,,,,,,,,,,,,,,"Shaun Anderson","19453",641312
"Jake Woodford","COL",0,1,,4.79187,9,0,0,1,,9,40,10,5,5,1,3,,1,6,6.44724,3.04937,2.11429,1.21975,0.162281,0.0767544,0.08552631735801697,0.268116,1.41336,0.297546,0.688291,,,4.71537,-0.00514357,0.00522471,999,,,,,,,32.30000000000001,3.5888888888888903,36,4,,,,,,,,,,,,,,,,,,,"Jake Woodford","18674",663765
"Grant Wolfram","MIL",1,1,,4.47514,18,0,0,1,,18,80,17,10,9,2,9,,1,18,8.78453,4.30939,2.03846,1.16022,0.220833,0.108333,0.11249999701976776,0.240566,1.41805,0.289474,0.714286,,,4.4372,-0.00524738,-0.0249701,999,,,,,,,74.40000000000002,4.133333333333335,74,4.111111111111111,,,,,,,,,,,,,,,,,,,"Grant Wolfram","sa3008313",664991
"Tyler Wells","BAL",1,0,,4.35655,10,0,0,1,,10,41,9,5,5,2,3,,0,9,7.75679,2.65643,2.92,1.38135,0.212209,0.0726744,0.13953488320112228,0.242902,1.20425,0.277056,0.692124,,,4.39434,-0.00524949,-0.0039644,999,,,,,,,39,3.9,37,3.7,,,,,,,,,,,,,,,,,,,"Tyler Wells","20000",669330
"Jonathan Hernández","TBR",1,1,,4.55312,26,0,0,1,,26,116,24,14,13,3,13,,1,24,8.34739,4.55312,1.83333,0.910624,0.208333,0.113636,0.09469696879386902,0.237069,1.43339,0.28655,0.691906,,,4.24574,-0.00544526,-0.0485067,999,,,,,,,103.1,3.965384615384615,101,3.8846153846153846,,,,,,,,,,,,,,,,,,,"Jonathan Hernandez","17464",642546
"Jack Dashwood","LAA",2,2,,4.52424,42,0,0,1,,42,180,43,23,21,7,12,,2,37,7.91741,2.58528,3.0625,1.45422,0.205021,0.0669456,0.1380752995610237,0.257919,1.31059,0.294479,0.71192,,,4.47707,-0.00554817,-0.0494262,999,,,,,,,148.90000000000003,3.545238095238096,155,3.6904761904761907,,,,,,,,,,,,,,,,,,,"Jack Dashwood","sa3015035",669081
"Randy Dobnak","MIN",0,1,,4.5,8,0,0,1,,8,36,8,4,4,1,3,,0,6,7.06035,3.56897,1.97826,1.08621,0.176357,0.0891473,0.0872092992067337,0.262931,1.44828,0.300836,0.707547,,,4.51131,-0.00557856,-0.000729748,999,,,,,,,33.10000000000001,4.137500000000001,34,4.25,,,,,,,,,,,,,,,,,,,"Randy Dobnak","23798",677976
"Connor Brogdon","LAA",2,2,,4.66523,38,0,0,1,,38,164,35,21,20,6,16,,2,39,9.33045,3.88769,2.4,1.36069,0.24,0.1,0.14000001549720764,0.241573,1.36069,0.292683,0.695489,,,4.48397,-0.00589559,-0.0505097,999,,,,,,,144.39999999999998,3.7999999999999994,140,3.6842105263157894,,,,,,,,,,,,,,,,,,,"Connor Brogdon","21205",641401
"Josh Fleming","SEA",1,1,,4.39024,14,0,0,1,,14,61,15,7,7,1,4,,0,8,5.16499,2.5825,2,0.903874,0.130719,0.0653595,0.06535947322845459,0.271127,1.39168,0.295359,0.688073,,,4.27121,-0.00595706,-0.0142545,999,,,,,,,60.30000000000001,4.307142857142858,65,4.642857142857143,,,,,,,,,,,,,,,,,,,"Josh Fleming","20418",676596
"Lucas Gilbreath","COL",2,3,,4.84848,46,0,0,1,,46,208,43,26,25,5,25,,5,42,8.18182,4.84848,1.6875,0.909091,0.201493,0.119403,0.08208954334259033,0.243478,1.48148,0.294118,0.678392,,,4.58062,-0.0060483,0.0145883,999,,,,,,,165.10000000000002,3.5891304347826094,163,3.5434782608695654,,,,,,,,,,,,,,,,,,,"Lucas Gilbreath","21290",656458
"Chris Murphy","BOS",0,0,,4.73118,8,0,0,1,,8,36,8,5,4,1,4,,0,7,7.41935,3.97849,1.86486,1.07527,0.185484,0.0994624,0.08602149039506912,0.257576,1.45759,0.298805,0.685185,,,4.57628,-0.00620855,-0.0225372,999,,,,,,,32.10000000000001,4.012500000000001,33,4.125,,,,,,,,,,,,,,,,,,,"Chris Murphy","26214",669684
"Gabriel Hughes","COL",0,0,,4.9558,18,0,0,1,,18,85,18,11,10,3,8,,1,17,8.52408,4.09091,2.08366,1.27191,0.200103,0.096034,0.1040685623884201,0.234528,1.44149,0.271053,0.672727,,,4.68429,-0.00626272,-0.0167261,999,,,,,,,60.500000000000014,3.361111111111112,62,3.4444444444444446,,,,,,,,,,,,,,,,,,,"Gabriel Hughes","sa3020661",687312
"Justin King","MIA",0,0,,4.6789,6,0,0,1,,6,27,6,3,3,1,3,,1,6,9.63303,5.22936,1.84211,1.10092,0.238095,0.129252,0.10884352028369904,0.24,1.49847,0.302326,0.714286,,,4.63437,-0.0065317,0.00398268,999,,,,,,,20.500000000000007,3.416666666666668,21,3.5,,,,,,,,,,,,,,,,,,,"Justin King","sa3018278",659381
"Jose E. Hernandez","LAD",0,0,,4.9558,8,0,0,1,,8,38,8,5,4,1,4,,1,8,8.52408,4.09091,2.08366,1.2719,0.200103,0.096034,0.1040685623884201,0.234528,1.44149,0.271053,0.672727,,,4.68429,-0.00701276,-0.0312435,999,,,,,,,31.100000000000005,3.8875000000000006,32,4,,,,,,,,,,,,,,,,,,,"Jose E. Hernandez","22318",669796
"Kendall Graveman","ARI",4,3,,3.61522,53,0,0,7,,53,230,46,24,21,6,25,,4,53,8.94292,4.18605,2.13636,0.951374,0.229268,0.107317,0.12195121496915817,0.22905,1.33192,0.283465,0.75,,,4.20242,-0.00726964,0.10356,748.2100219726562,,,,,,,245.80000000000004,4.637735849056605,234,4.415094339622642,,,,,,,,,,,,,,,,,,,"Kendall Graveman","15514",608665
"Taylor Clarke","KCR",0,1,,4.80663,8,0,0,1,,8,36,9,5,4,1,3,,0,6,7.12707,2.98343,2.38889,1.32597,0.177686,0.0743802,0.10330579429864883,0.27027,1.43646,0.304094,0.703593,,,4.60294,-0.00767263,-0.0243376,999,,,,,,,30.500000000000007,3.812500000000001,34,4.25,,,,,,,,,,,,,,,,,,,"Taylor Clarke","17611",664199
"Zach Penrod","BOS",1,1,,4.52188,14,0,0,1,,14,62,13,8,7,2,7,,1,14,9.18963,4.52188,2.03226,1.16694,0.229927,0.113139,0.11678831279277802,0.242678,1.44246,0.297619,0.706941,,,4.5117,-0.00779688,-0.0175725,999,,,,,,,53.20000000000003,3.800000000000002,52,3.7142857142857144,,,,,,,,,,,,,,,,,,,"Zach Penrod","25368",683068
"Alex Cornwell","STL",0,0,,4.5,8,0,0,1,,8,35,9,4,4,1,2,,0,6,6.2,2.6,2.38462,1.2,0.157761,0.0661578,0.09160305559635162,0.267218,1.36667,0.294118,0.696799,,,4.52204,-0.00796247,0.000165841,999,,,,,,,33.50000000000001,4.187500000000001,37,4.625,,,,,,,,,,,,,,,,,,,"Alex Cornwell","sa3017501",676498
"Blas Castano","SEA",1,2,,4.5,23,2,0,1,,29,125,29,15,14,4,10,,3,21,6.52941,3.08824,2.11429,1.14706,0.165179,0.078125,0.0870535746216774,0.258065,1.36275,0.287975,0.695364,,,4.69589,-0.00833366,0.0280378,999,,,,,,,97.00000000000003,3.3448275862068977,100,3.4482758620689653,,,,,,,,,,,,,,,,,,,"Blas Castano","sa3006617",680604
"Ryan Johnson","LAA",0,0,,4.9558,12,0,0,0,,12,57,12,7,7,2,5,,1,11,8.52408,4.09091,2.08366,1.27191,0.200103,0.096034,0.10406854748725891,0.234528,1.44149,0.271053,0.672727,,,4.68429,-0.00838001,-0.0271205,999,,,,,,,37.000000000000014,3.0833333333333344,38,3.1666666666666665,,,,,,,,,,,,,,,,,,,"Ryan Johnson","sa3034809",696270
"Austin Warren","NYM",0,0,,4.4665,10,0,0,1,,10,43,9,5,5,1,4,,1,9,7.81638,3.79653,2.05882,1.11663,0.201149,0.0977012,0.1034482792019844,0.24026,1.33995,0.280702,0.680851,,,4.53124,-0.00845533,-0.00321161,999,,,,,,,45.300000000000004,4.53,44,4.4,,,,,,,,,,,,,,,,,,,"Austin Warren","24937",681810
"Chad Patrick","MIL",1,1,,4.44926,24,0,0,1,,24,103,23,13,12,4,8,,1,21,7.72767,2.88812,2.67568,1.32697,0.200811,0.0750507,0.12576062977313995,0.248337,1.29228,0.283582,0.694888,,,4.45876,-0.00875391,-0.0231042,999,,,,,,,87.60000000000004,3.6500000000000017,87,3.625,,,,,,,,,,,,,,,,,,,"Chad Patrick","sa3017933",694477
"Justin Hagenman","NYM",1,1,,4.55556,12,0,0,1,,12,51,12,7,6,2,4,,1,10,7.66667,2.88889,2.65385,1.33333,0.199422,0.0751445,0.12427745759487152,0.25,1.2963,0.285106,0.69161,,,4.49981,-0.00885061,-0.0356142,999,,,,,,,42.000000000000014,3.5000000000000013,43,3.5833333333333335,,,,,,,,,,,,,,,,,,,"Justin Hagenman","sa3008022",663795
"Anderson Pilar","ATL",0,0,,4.39024,8,0,0,1,,8,35,8,4,4,1,3,,1,7,7.5985,3.0394,2.5,1.18199,0.192308,0.0769231,0.11538462340831757,0.257143,1.35084,0.297468,0.707395,,,4.53609,-0.00894361,0.00355938,999,,,,,,,32.10000000000001,4.012500000000001,33,4.125,,,,,,,,,,,,,,,,,,,"Anderson Pilar","sa917899",666768
"Edgardo Henriquez","LAD",1,0,,4.52611,20,0,0,1,,20,87,17,11,10,3,10,,2,22,9.92263,4.52611,2.19231,1.21857,0.252212,0.115044,0.13716812431812286,0.225641,1.35397,0.282443,0.697674,,,4.52044,-0.00902344,-0.0316313,999,,,,,,,78.89999999999999,3.9449999999999994,73,3.65,,,,,,,,,,,,,,,,,,,"Edgardo Henriquez","26944",683618
"Anthony Hoopii-Tuionetoa","CHW",1,1,,4.86486,14,0,0,1,,14,62,14,8,8,2,6,,0,12,7.73956,3.75921,2.05882,1.32678,0.194444,0.0944444,0.09999998658895493,0.259259,1.44963,0.297521,0.6917,,,4.68982,-0.00972223,-0.0295603,999,,,,,,,52.6,3.757142857142857,54,3.857142857142857,,,,,,,,,,,,,,,,,,,"Anthony Hoopii-Tuionetoa","sa3015298",681896
"Jack O'Loughlin","COL",0,0,,4.90151,8,0,0,1,,8,36,9,5,4,1,3,,0,6,6.67439,3.75435,1.77778,1.25145,0.164948,0.0927835,0.07216493785381317,0.268012,1.49479,0.298893,0.695187,,,4.91619,-0.00980412,-0.0104391,999,,,,,,,30.500000000000007,3.812500000000001,34,4.25,,,,,,,,,,,,,,,,,,,"Jack O'Loughlin","22690",672552
"Tejay Antone","CIN",0,1,,5.22581,8,0,0,1,,8,35,8,5,5,1,4,,1,7,8.12903,4.06452,2,1.45161,0.205882,0.102941,0.10294117033481598,0.258333,1.45161,0.298851,0.684211,,,5.00519,-0.0100907,-0.019056,999,,,,,,,29.100000000000005,3.6375000000000006,30,3.75,,,,,,,,,,,,,,,,,,,"Tejay Antone","16233",622088
"Cody Bolton","SEA",1,2,,4.09091,41,0,0,1,,41,180,38,20,19,4,19,,2,39,8.50909,4.09091,2.08,0.981818,0.215768,0.103734,0.11203321069478989,0.239437,1.38182,0.290323,0.724852,,,4.22102,-0.0101489,-0.0252194,999,,,,,,,174.40000000000003,4.253658536585367,172,4.195121951219512,,,,,,,,,,,,,,,,,,,"Cody Bolton","23265",675989
"Nick Frasso","LAD",0,0,,4.9558,12,0,0,1,,12,57,12,7,7,2,5,,1,11,8.52408,4.09091,2.08366,1.27191,0.200103,0.096034,0.10406854748725891,0.234528,1.44149,0.271053,0.672727,,,4.68429,-0.0105191,-0.0314131,999,,,,,,,41.000000000000014,3.416666666666668,42,3.5,,,,,,,,,,,,,,,,,,,"Nick Frasso","sa3014492",693308
"Zach Pop","TOR",3,3,,4.44241,55,0,0,7,,55,238,53,29,27,6,20,,4,42,6.91042,3.29068,2.1,0.987203,0.177215,0.0843882,0.09282699972391129,0.248826,1.33455,0.284848,0.681115,,,4.37306,-0.0105217,-0.0578949,999,,,,,,,235.39999999999998,4.279999999999999,237,4.3090909090909095,,,,,,,,,,,,,,,,,,,"Zach Pop","20185",647315
"Zack Thompson","STL",2,2,,4.27184,32,0,0,1,,32,141,30,17,15,4,15,,2,31,8.83495,4.27184,2.06818,1.06796,0.223039,0.107843,0.11519607156515121,0.239554,1.40237,0.291829,0.715532,,,4.33153,-0.0106676,-0.0306026,999,,,,,,,124.60000000000002,3.8937500000000007,123,3.84375,,,,,,,,,,,,,,,,,,,"Zack Thompson","25918",668868
"Eric Orze","TBR",4,3,,4.15631,53,0,0,5,,53,230,47,26,24,7,24,,3,56,9.43162,4.15631,2.26923,1.11901,0.241803,0.106557,0.1352458968758583,0.232558,1.34991,0.288591,0.725075,,,4.2322,-0.0107586,-0.00443481,999,,,,,,,234.90000000000003,4.432075471698114,225,4.245283018867925,,,,,,,,,,,,,,,,,,,"Eric Orze","27626",679358
"Geoff Hartlieb","NYY",1,1,,4.86034,18,0,0,1,,18,79,17,10,10,2,8,,1,15,7.5419,3.85475,1.95652,1.17318,0.190678,0.0974576,0.09322033822536469,0.247619,1.39665,0.28481,0.674847,,,4.63762,-0.0109542,-0.0307535,749.1400146484375,,,,,,,71.40000000000002,3.9666666666666677,71,3.9444444444444446,,,,,,,,,,,,,,,,,,,"Geoff Hartlieb","19558",664129
"Jefry Yan","COL",0,0,,4.9558,33,0,0,1,,33,156,33,20,18,5,15,,2,31,8.52408,4.09091,2.08366,1.27191,0.200103,0.096034,0.1040685623884201,0.234528,1.44149,0.271053,0.672727,,,4.68429,-0.0114816,-0.0261507,999,,,,,,,111.90000000000005,3.3909090909090924,115,3.484848484848485,,,,,,,,,,,,,,,,,,,"Jefry Yan","sa828460",642376
"Justin Dunn","CHW",0,0,,4.9558,21,0,0,1,,21,99,21,13,12,3,10,,1,20,8.52408,4.09091,2.08366,1.27191,0.200103,0.096034,0.1040685623884201,0.234528,1.44149,0.271053,0.672727,,,4.68429,-0.0116041,-0.0748694,999,,,,,,,74.9,3.566666666666667,77,3.6666666666666665,,,,,,,,,,,,,,,,,,,"Justin Dunn","19268",643290
"Cory Lewis","MIN",1,1,,4.64244,9,0,0,1,,9,39,9,5,5,1,4,,0,8,7.91325,3.79836,2.08333,1.37163,0.201613,0.0967742,0.10483871400356293,0.256716,1.43025,0.295547,0.712909,,,4.69051,-0.0117863,-0.0164102,999,,,,,,,38.90000000000001,4.322222222222224,40,4.444444444444445,,,,,,,,,,,,,,,,,,,"Cory Lewis","sa3020702",675375
"Colin Poche","WSN",3,5,,4.19878,56,0,0,9,,56,231,50,28,26,8,20,,1,50,8.03245,3.286,2.44444,1.27789,0.216749,0.0886699,0.12807882577180862,0.23913,1.25761,0.278196,0.708812,,,4.38352,-0.0118561,0.0768367,749.9500122070312,,,,,,,259.0000000000001,4.625000000000002,249,4.446428571428571,,,,,,,,,,,,,,,,,,,"Colin Poche","19403",621363
"Cristian Javier","HOU",1,1,,4.07276,13,0,0,1,,13,54,11,6,6,2,5,,1,13,8.86424,3.75333,2.3617,1.35759,0.23517,0.0995763,0.1355932280421257,0.230952,1.27773,0.273973,0.740433,,,4.54181,-0.0119747,0.0128915,722.8400268554688,,,,,,,54.99999999999999,4.23076923076923,51,3.923076923076923,,,,,,,,,,,,,,,,,,,"Cristian Javier","17606",664299
"Josh Simpson","MIA",2,2,,4.35835,41,0,0,1,,41,183,37,22,20,5,22,,4,46,10.0242,4.79419,2.09091,1.08959,0.25,0.119565,0.1304347738623619,0.234177,1.42857,0.299065,0.711538,,,4.40135,-0.0120042,-0.0178937,999,,,,,,,163.70000000000005,3.9926829268292696,158,3.8536585365853657,,,,,,,,,,,,,,,,,,,"Josh Simpson","sa1053035",681006
"Bailey Horn","DET",1,1,,4.5,8,0,0,1,,8,36,8,4,4,1,4,,0,7,8.16667,4.66667,1.75,1.16667,0.203319,0.116183,0.08713692426681519,0.246445,1.48148,0.290323,0.726496,,,4.70352,-0.0121979,-0.00136619,999,,,,,,,32.10000000000001,4.012500000000001,33,4.125,,,,,,,,,,,,,,,,,,,"Bailey Horn","27753",690544
"Juan Nuñez","SDP",0,0,,4.9558,10,0,0,1,,10,47,10,6,6,1,5,,1,9,8.52408,4.09091,2.08366,1.27191,0.200103,0.096034,0.1040685623884201,0.234528,1.44149,0.271053,0.672727,,,4.68429,-0.0124527,-0.0352592,999,,,,,,,39.7,3.97,41,4.1,,,,,,,,,,,,,,,,,,,"Juan Nunez","sa3015464",693725
"Jose Cuas","PHI",0,1,,4.77551,10,0,0,1,,10,45,10,6,5,1,5,,1,10,9,4.22449,2.13043,1.28571,0.221719,0.104072,0.11764705181121826,0.244792,1.42857,0.294118,0.697674,,,4.79913,-0.0125737,-0.0269929,999,,,,,,,41.7,4.17,43,4.3,,,,,,,,,,,,,,,,,,,"Jose Cuas","17701",621016
"Cole Sulser","TBR",2,1,,4.37086,28,0,0,1,,28,121,27,15,14,4,12,,0,27,8.54305,3.97351,2.15,1.19205,0.219388,0.102041,0.11734693497419357,0.244318,1.39073,0.291339,0.714286,,,4.31438,-0.0126279,-0.0497681,999,,,,,,,109.80000000000005,3.9214285714285735,110,3.9285714285714284,,,,,,,,,,,,,,,,,,,"Cole Sulser","15256",642121
"Chris Flexen","CHC",0,1,,4.95905,8,0,0,1,,8,36,9,5,4,1,3,,0,6,6.96947,3.41772,2.03922,1.27327,0.174204,0.0854271,0.08877722918987274,0.270718,1.47431,0.304762,0.688448,,,4.66313,-0.0126384,-0.0326212,750.8400268554688,,,,,,,30.500000000000007,3.812500000000001,34,4.25,,,,,,,,,,,,,,,,,,,"Chris Flexen","13896",623167
"Blake Weiman","HOU",1,1,,4.4,12,0,0,1,,12,51,12,6,6,2,3,,1,10,7.2,2.6,2.76923,1.4,0.186529,0.0673575,0.11917099356651306,0.258427,1.31111,0.288889,0.711382,,,4.5887,-0.0129896,-0.00271191,999,,,,,,,45.000000000000014,3.7500000000000013,46,3.8333333333333335,,,,,,,,,,,,,,,,,,,"Blake Weiman","sa3004211",676620
"Francis Pena","SDP",2,2,,4.44023,22,0,0,1,,22,96,22,12,11,3,8,,1,18,7.34345,3.074,2.38889,1.19545,0.187773,0.0786026,0.10917031764984131,0.25,1.32827,0.28481,0.697674,,,4.4568,-0.0130374,-0.0395862,999,,,,,,,81.7,3.713636363636364,84,3.8181818181818183,,,,,,,,,,,,,,,,,,,"Francis Pena","sa3019374",800212
"Nick Anderson","STL",3,2,,4.29708,39,0,0,1,,39,168,38,20,19,5,14,,1,34,7.87798,3.34218,2.35714,1.19363,0.203704,0.0864198,0.11728395521640778,0.251701,1.35279,0.293578,0.727273,,,4.33359,-0.0132808,-0.0148471,750.3099975585938,,,,,,,155.3,3.9820512820512826,157,4.0256410256410255,,,,,,,,,,,,,,,,,,,"Nick Anderson","18337",623433
"Sam Long","KCR",3,3,,4.29984,56,0,0,10,,56,240,54,29,27,7,22,,1,49,7.85832,3.55848,2.20833,1.18616,0.203846,0.0923077,0.11153846234083176,0.246809,1.35091,0.287356,0.720339,,,4.36912,-0.0135536,0.0677189,999,,,,,,,256.9000000000001,4.587500000000001,258,4.607142857142857,,,,,,,,,,,,,,,,,,,"Sam Long","25379",669674
"Josh Ekness","MIA",0,0,,4.9558,12,0,0,1,,12,57,12,7,7,2,5,,1,11,8.52408,4.09091,2.08366,1.27191,0.200103,0.096034,0.10406854748725891,0.234528,1.44149,0.271053,0.672727,,,4.68429,-0.0135744,-0.0220019,999,,,,,,,41.000000000000014,3.416666666666668,42,3.5,,,,,,,,,,,,,,,,,,,"Josh Ekness","sa3023204",694795
"Janson Junk","MIA",1,1,,4.60227,21,0,0,1,,21,91,23,12,11,3,6,,0,15,6.23864,2.65909,2.34615,1.22727,0.159686,0.0680628,0.09162303805351257,0.268362,1.375,0.295374,0.690979,,,4.50739,-0.0137622,-0.0310516,999,,,,,,,74.7,3.5571428571428574,82,3.9047619047619047,,,,,,,,,,,,,,,,,,,"Janson Junk","23301",676083
"Sem Robberse","STL",1,1,,4.41,20,0,0,1,,20,86,20,11,10,3,7,,1,16,7.02,3.15,2.22857,1.17,0.180556,0.0810185,0.09953703731298447,0.253807,1.35,0.287129,0.702055,,,4.43648,-0.0139661,-0.0308056,999,,,,,,,71.1,3.5549999999999997,73,3.65,,,,,,,,,,,,,,,,,,,"Sem Robberse","sa3011735",691828
"Michael Petersen","LAA",2,3,,4.42953,46,0,0,1,,46,198,43,25,23,6,19,,3,41,8.05369,3.62416,2.22222,1.20805,0.208333,0.09375,0.1145833358168602,0.245614,1.34228,0.288,0.697674,,,4.53113,-0.0143777,-0.0483386,999,,,,,,,174.8,3.8000000000000003,172,3.739130434782609,,,,,,,,,,,,,,,,,,,"Michael Petersen","20827",656848
"Connor Phillips","CIN",1,2,,5.14563,22,0,0,1,,22,100,22,14,13,3,12,,2,22,8.93204,4.75728,1.87755,1.26214,0.218527,0.11639,0.10213776677846909,0.249315,1.51025,0.3,0.681445,,,4.81697,-0.0144627,-0.0595468,999,,,,,,,74.7,3.3954545454545455,77,3.5,,,,,,,,,,,,,,,,,,,"Connor Phillips","27649",683175
"Vince Velasquez","CLE",0,0,,4.9558,11,0,0,1,,11,52,11,7,6,2,5,,1,10,8.52408,4.09091,2.08366,1.2719,0.200103,0.096034,0.10406854003667831,0.234528,1.44149,0.271053,0.672727,,,4.68429,-0.0147716,-0.0486802,999,,,,,,,34.2,3.1090909090909093,35,3.1818181818181817,,,,,,,,,,,,,,,,,,,"Vince Velasquez","11189",592826
"Enyel De Los Santos","ATL",2,2,,3.91935,50,0,0,4,,50,208,44,23,22,7,18,,3,51,9.14516,3.19355,2.86364,1.30645,0.244186,0.0852713,0.1589147225022316,0.237069,1.24194,0.2875,0.745342,,,4.27938,-0.0151843,0.161922,999,,,,,,,224.49999999999997,4.489999999999999,214,4.28,,,,,,,,,,,,,,,,,,,"Enyel De Los Santos","18403",660853
"Joey Lucchesi","SFG",0,1,,4.60381,8,0,0,1,,8,35,9,4,4,1,3,,0,5,5.95787,3.61083,1.65,1.08325,0.149321,0.0904977,0.05882353335618973,0.27,1.48445,0.298137,0.708841,,,4.67099,-0.0152288,-0.000491138,999,,,,,,,28.500000000000007,3.562500000000001,32,4,,,,,,,,,,,,,,,,,,,"Joey Lucchesi","19320",664192
"Chris Stratton","KCR",3,3,,4.52424,54,0,0,7,,54,236,52,29,27,6,24,,2,44,7.2711,4.0395,1.8,0.969479,0.185185,0.102881,0.08230452984571457,0.25,1.41831,0.290909,0.694051,,,4.40526,-0.0153582,-0.0238595,999,,,,,,,228.60000000000002,4.233333333333333,230,4.2592592592592595,,,,,,,,,,,,,,,,,,,"Chris Stratton","13761",608717
"Matt Krook","ATH",1,1,,4.5468,16,0,0,1,,16,72,14,9,8,2,10,,1,16,9.22734,5.48291,1.68293,0.936107,0.228477,0.135762,0.09271521866321564,0.232558,1.50074,0.291209,0.701754,,,4.42948,-0.0155264,-0.0419392,999,,,,,,,60.40000000000001,3.775000000000001,57,3.5625,,,,,,,,,,,,,,,,,,,"Matt Krook","19315",640454
"Roansy Contreras","BAL",1,1,,4.5,28,0,0,1,,28,119,25,15,14,4,10,,1,26,8.25,3.32143,2.48387,1.28571,0.216292,0.0870787,0.12921347469091415,0.236025,1.27381,0.274678,0.687361,,,4.40457,-0.0156933,-0.042886,748.6900024414062,,,,,,,116.00000000000006,4.142857142857145,111,3.9642857142857144,,,,,,,,,,,,,,,,,,,"Roansy Contreras","22810",672710
"Dietrich Enns","DET",0,0,,4.9558,12,0,0,1,,12,57,12,7,7,2,5,,1,11,8.52408,4.09091,2.08366,1.27191,0.200103,0.096034,0.10406854748725891,0.234528,1.44149,0.271053,0.672727,,,4.68429,-0.0159564,-0.033305,999,,,,,,,41.000000000000014,3.416666666666668,42,3.5,,,,,,,,,,,,,,,,,,,"Dietrich Enns","13932",608650
"Zach Agnos","COL",3,4,,4.65839,31,0,0,1,,31,133,31,17,16,5,10,,1,27,7.82609,2.98137,2.625,1.49068,0.201923,0.0769231,0.1250000074505806,0.257895,1.34576,0.292857,0.70632,,,4.69857,-0.0160181,0.024061,999,,,,,,,112.29999999999998,3.62258064516129,115,3.7096774193548385,,,,,,,,,,,,,,,,,,,"Zach Agnos","sa3020560",688642
"Joe Jacques","LAD",0,1,,4.75687,10,0,0,1,,10,45,10,6,5,1,4,,1,8,6.84989,3.42495,2,1.14165,0.170616,0.0853081,0.08530806005001068,0.258065,1.39535,0.291667,0.677083,,,4.87895,-0.0165526,-0.0313383,999,,,,,,,40.7,4.07,42,4.2,,,,,,,,,,,,,,,,,,,"Joe Jacques","25178",682175
"Luis Patiño","SDP",1,1,,4.64088,12,0,0,1,,12,51,11,7,6,2,5,,0,10,7.45856,3.48066,2.14286,1.32597,0.193133,0.0901287,0.10300429165363312,0.247619,1.34438,0.280255,0.695793,,,4.69502,-0.0169238,-0.0359995,999,,,,,,,44.600000000000016,3.716666666666668,43,3.5833333333333335,,,,,,,,,,,,,,,,,,,"Luis Patino","22815",672715
"Max Rajcic","STL",1,1,,4.62303,10,0,0,1,,10,43,10,6,5,1,3,,1,7,6.26346,2.75891,2.27027,1.26761,0.16,0.0704762,0.0895238071680069,0.2625,1.35046,0.287599,0.689655,,,4.72406,-0.0169488,-0.0308914,999,,,,,,,41.7,4.17,43,4.3,,,,,,,,,,,,,,,,,,,"Max Rajcic","sa3020746",691008
"Carson Ragsdale","SFG",1,2,,4.39471,28,0,0,1,,28,124,28,15,14,4,11,,2,27,8.78942,3.5707,2.46154,1.19023,0.221198,0.0898618,0.13133641332387924,0.249357,1.38352,0.3,0.713073,,,4.30585,-0.0170889,-0.0331245,999,,,,,,,104.20000000000006,3.7214285714285738,107,3.8214285714285716,,,,,,,,,,,,,,,,,,,"Carson Ragsdale","sa3014922",685068
"Lenny Torres Jr.","CIN",0,1,,5.89165,6,0,0,1,,6,28,6,4,4,1,4,,1,6,8.73589,5.89165,1.48276,1.42212,0.205742,0.138756,0.06698563694953918,0.25,1.64786,0.293651,0.664557,,,5.51411,-0.017311,-0.0214193,999,,,,,,,17.500000000000007,2.916666666666668,18,3,,,,,,,,,,,,,,,,,,,"Lenny Torres Jr.","sa3008329",678013
"Justin Lawrence","PIT",4,5,,4.66775,66,0,0,8,,66,296,64,37,34,6,32,,6,59,8.02269,4.37601,1.83333,0.875203,0.198556,0.108303,0.09025270491838455,0.248963,1.45867,0.3,0.67402,,,4.39825,-0.0173988,-0.0766543,999,,,,,,,284.20000000000005,4.306060606060607,288,4.363636363636363,,,,,,,,,,,,,,,,,,,"Justin Lawrence","17639",664875
"Dylan Dodd","ATL",1,1,,4.54369,26,0,0,1,,26,113,28,14,13,4,7,,1,20,6.99029,2.53398,2.75862,1.31068,0.179372,0.0650224,0.11434977501630783,0.26506,1.34951,0.296875,0.70339,,,4.4092,-0.0175675,-0.0189024,999,,,,,,,90.39999999999999,3.4769230769230766,98,3.769230769230769,,,,,,,,,,,,,,,,,,,"Dylan Dodd","29928",689266
"Luis Curvelo","TEX",0,0,,4.8474,13,0,0,1,,13,56,13,7,7,2,5,,1,11,7.91741,3.2316,2.45,1.45422,0.20332,0.0829875,0.12033195793628693,0.248848,1.32855,0.283019,0.684039,,,4.80023,-0.0178142,-0.0153953,999,,,,,,,45.8,3.523076923076923,47,3.6153846153846154,,,,,,,,,,,,,,,,,,,"Luis Curvelo","sa3008169",681168
"Braydon Fisher","TOR",1,1,,4.5,18,0,0,1,,18,80,16,10,9,2,10,,1,18,9,4.98214,1.80645,1.125,0.224,0.124,0.10000000149011612,0.236111,1.46429,0.287582,0.720222,,,4.61291,-0.0181944,-0.0348825,999,,,,,,,74.00000000000003,4.1111111111111125,71,3.9444444444444446,,,,,,,,,,,,,,,,,,,"Braydon Fisher","sa3007929",680755
"Chase Shugart","PIT",1,1,,4.60882,19,0,0,1,,19,84,20,11,10,2,7,,1,14,6.78521,3.32859,2.03846,1.1522,0.170968,0.083871,0.08709678053855896,0.264286,1.42248,0.298165,0.697941,,,4.60318,-0.0182969,-0.0324696,999,,,,,,,72,3.789473684210526,77,4.052631578947368,,,,,,,,,,,,,,,,,,,"Chase Shugart","21544",663767
"Yosver Zulueta","CIN",2,2,,4.91172,46,0,0,1,,46,207,43,27,25,6,24,,6,47,9.10112,4.62279,1.96875,1.1557,0.225,0.114286,0.11071427911520004,0.241667,1.44462,0.295858,0.672589,,,4.73951,-0.0187838,-0.0593937,999,,,,,,,162.8,3.539130434782609,160,3.4782608695652173,,,,,,,,,,,,,,,,,,,"Yosver Zulueta","27765",691172
"Jacob Wallace","KCR",1,1,,4.92453,9,0,0,1,,9,41,8,5,5,1,6,,1,8,8.32076,5.60377,1.48485,1.01887,0.20332,0.136929,0.06639005243778229,0.241379,1.54717,0.290541,0.692935,,,4.94006,-0.0189393,-0.00892905,999,,,,,,,32.500000000000014,3.6111111111111125,31,3.4444444444444446,,,,,,,,,,,,,,,,,,,"Jacob Wallace","sa3010374",686608
"Lyon Richardson","CIN",0,0,,5.36082,10,0,0,1,,10,45,10,6,6,2,5,,1,9,8.04124,4.63917,1.73333,1.4433,0.198473,0.114504,0.08396946638822556,0.25731,1.52348,0.296,0.679012,,,5.21688,-0.0193841,-0.0166584,999,,,,,,,27.4,2.7399999999999998,28,2.8,,,,,,,,,,,,,,,,,,,"Lyon Richardson","24581",680689
"Shintaro Fujinami","SEA",2,2,,4.40135,28,0,0,1,,28,125,24,15,14,3,17,,2,30,9.71332,5.46374,1.77778,0.910624,0.241509,0.135849,0.10566037893295288,0.226667,1.46712,0.290323,0.712468,,,4.34692,-0.0194222,-0.0614304,999,,,,,,,114.90000000000003,4.1035714285714295,108,3.857142857142857,,,,,,,,,,,,,,,,,,,"Shintaro Fujinami","31839",660261
"Nick Hernandez","HOU",3,2,,4.39024,44,0,0,1,,44,187,39,23,21,7,17,,2,45,9.28705,3.54597,2.61905,1.35084,0.242291,0.092511,0.14977973699569702,0.231527,1.2758,0.278571,0.704225,,,4.40475,-0.0197469,-0.0414496,999,,,,,,,175.1,3.9795454545454545,166,3.772727272727273,,,,,,,,,,,,,,,,,,,"Nick Hernandez","19281",663321
"Luis Guerrero","BOS",3,3,,4.40135,50,0,0,1,,50,220,45,26,24,6,25,,5,51,9.25801,4.55312,2.03333,1.06239,0.233716,0.114943,0.1187739446759224,0.235556,1.39966,0.292994,0.710383,,,4.46496,-0.0199084,0.0127961,748.9099731445312,,,,,,,195.2,3.904,188,3.76,,,,,,,,,,,,,,,,,,,"Luis Guerrero","31184",692285
"Easton Lucas","TOR",1,2,,4.42857,32,0,0,1,,32,141,31,17,16,4,14,,2,28,7.85714,3.85714,2.03704,1.14286,0.197842,0.0971223,0.10071942955255508,0.245968,1.39683,0.286487,0.703125,,,4.49981,-0.0199937,-0.0376757,999,,,,,,,119.00000000000003,3.718750000000001,120,3.75,,,,,,,,,,,,,,,,,,,"Easton Lucas","26058",687922
"Patrick Murphy","TEX",0,0,,4.9558,24,0,0,1,,24,114,24,15,13,3,11,,2,23,8.52408,4.09091,2.08366,1.27191,0.200103,0.096034,0.10406854748725891,0.234528,1.44149,0.271053,0.672727,,,4.68429,-0.0205409,-0.0922594,999,,,,,,,89.30000000000001,3.7208333333333337,92,3.8333333333333335,,,,,,,,,,,,,,,,,,,"Patrick Murphy","19712",641907
"Steven Cruz","KCR",2,2,,4.39024,44,0,0,1,,44,194,40,23,21,5,22,,3,42,8.61163,4.5591,1.88889,1.01313,0.217021,0.114894,0.10212766379117966,0.240196,1.42589,0.292517,0.710059,,,4.46104,-0.0209005,-0.000685988,999,,,,,,,173.10000000000002,3.9340909090909095,168,3.8181818181818183,,,,,,,,,,,,,,,,,,,"Steven Cruz","23165",674444
"Evan Reifert","WSN",0,1,,4.86486,13,0,0,1,,13,58,11,8,7,2,7,,2,14,9.97297,5.10811,1.95238,1.21622,0.246988,0.126506,0.12048192322254181,0.228571,1.43243,0.287234,0.673913,,,4.81513,-0.020968,-0.0435139,999,,,,,,,47.99999999999999,3.6923076923076916,44,3.3846153846153846,,,,,,,,,,,,,,,,,,,"Evan Reifert","sa3014860",682126
"Tyler Mattison","DET",0,0,,4.9558,16,0,0,1,,16,76,16,10,9,2,7,,1,15,8.52408,4.09091,2.08366,1.2719,0.200103,0.096034,0.1040685623884201,0.234528,1.44149,0.271053,0.672727,,,4.68429,-0.0212752,-0.0650407,999,,,,,,,62.20000000000001,3.8875000000000006,64,4,,,,,,,,,,,,,,,,,,,"Tyler Mattison","sa3018117",694331
"Will Klein","SEA",1,1,,4.41509,22,0,0,1,,22,99,20,12,11,2,13,,1,23,9.33962,5.26415,1.77419,1.01887,0.230126,0.129707,0.10041840374469757,0.23301,1.49057,0.289655,0.72238,,,4.43063,-0.0217743,-0.0552948,999,,,,,,,94.20000000000002,4.281818181818182,92,4.181818181818182,,,,,,,,,,,,,,,,,,,"Will Klein","27787",694361
"Drew Smith","NYM",1,1,,4.35835,14,0,0,1,,14,60,13,7,7,2,6,,1,15,9.37046,3.92252,2.38889,1.52542,0.244318,0.102273,0.14204544574022293,0.237179,1.33172,0.283019,0.730088,,,4.74033,-0.0218732,-0.00449625,999,,,,,,,58.20000000000003,4.157142857142859,57,4.071428571428571,,,,,,,,,,,,,,,,,,,"Drew Smith","17755",622098
"Carson Seymour","SFG",1,2,,4.37121,26,0,0,1,,26,115,27,14,13,3,9,,2,20,6.79098,3.20035,2.12195,1.01474,0.170588,0.0803922,0.09019608795642853,0.261905,1.40503,0.298343,0.702364,,,4.37203,-0.021979,-0.0329949,999,,,,,,,96.3,3.7038461538461536,102,3.923076923076923,,,,,,,,,,,,,,,,,,,"Carson Seymour","sa3017868",693313
"Jake Eder","CHW",1,1,,5.08696,12,0,0,1,,12,55,12,7,7,2,6,,1,10,7.72826,4.5,1.71739,1.27174,0.188995,0.110048,0.07894736528396606,0.258242,1.52174,0.297794,0.689655,,,5.04691,-0.0224383,-0.0297107,999,,,,,,,36.000000000000014,3.0000000000000013,37,3.0833333333333335,,,,,,,,,,,,,,,,,,,"Jake Eder","27590",671109
"Andre Granillo","STL",1,1,,4.63122,14,0,0,1,,14,62,13,8,7,2,7,,0,13,8.49057,4.78559,1.77419,1.23499,0.213178,0.120155,0.09302324801683426,0.243363,1.47513,0.288344,0.721925,,,4.71022,-0.0230584,-0.0308778,999,,,,,,,54.20000000000003,3.8714285714285737,53,3.7857142857142856,,,,,,,,,,,,,,,,,,,"Andre Granillo","sa3016913",701552
"Eric Cerantola","KCR",0,0,,5,10,0,0,1,,10,46,9,6,6,1,6,,1,10,8.57143,5.42857,1.57895,1.14286,0.208333,0.131944,0.0763888955116272,0.241803,1.53968,0.289773,0.687646,,,5.00775,-0.0233351,-0.023066,999,,,,,,,41.300000000000004,4.130000000000001,40,4,,,,,,,,,,,,,,,,,,,"Eric Cerantola","sa3017914",672021
"Jared Shuster","CHW",2,3,,4.76636,44,0,0,1,,44,192,46,25,23,6,18,,0,33,6.72897,3.64486,1.84615,1.21495,0.171429,0.0928572,0.07857142388820648,0.262467,1.44341,0.293919,0.695364,,,4.64104,-0.0234666,-0.0885253,999,,,,,,,148.20000000000002,3.3681818181818186,158,3.590909090909091,,,,,,,,,,,,,,,,,,,"Jared Shuster","27472",694363
"Matt Bowman","BAL",1,1,,4.70019,15,0,0,1,,15,66,15,8,8,2,6,,1,12,7.31141,3.82979,1.90909,1.21857,0.185841,0.0973451,0.08849557489156723,0.257426,1.43133,0.294118,0.700935,,,4.69453,-0.0234688,-0.0218425,999,,,,,,,54.400000000000006,3.626666666666667,56,3.7333333333333334,,,,,,,,,,,,,,,,,,,"Matt Bowman","13528",621199
"J.B. Wendelken","SDP",0,0,,4.9558,19,0,0,1,,19,90,19,11,10,3,9,,1,18,8.52408,4.09091,2.08366,1.2719,0.200103,0.0960341,0.10406855493783951,0.234528,1.44149,0.271053,0.672727,,,4.68429,-0.0236602,-0.0543649,999,,,,,,,64.29999999999998,3.3842105263157887,66,3.473684210526316,,,,,,,,,,,,,,,,,,,"J.B. Wendelken","14506",605525
"Mason Englert","TBR",2,2,,4.3962,46,0,0,1,,46,197,44,24,22,6,14,,3,40,7.81547,2.80868,2.78261,1.22117,0.203175,0.0730159,0.13015873730182648,0.247387,1.27544,0.286385,0.6875,,,4.33337,-0.0238176,-0.0610934,999,,,,,,,185.20000000000002,4.026086956521739,185,4.021739130434782,,,,,,,,,,,,,,,,,,,"Mason Englert","22288",669438
"Devin Sweet","PHI",2,3,,4.94506,24,0,0,1,,24,105,22,14,13,4,11,,2,24,9.18367,3.95604,2.32143,1.41287,0.233813,0.100719,0.13309351354837418,0.240816,1.36578,0.288235,0.671233,,,4.72064,-0.0238994,-0.0526606,999,,,,,,,84.20000000000003,3.5083333333333346,81,3.375,,,,,,,,,,,,,,,,,,,"Devin Sweet","25348",682967
"Joey Gerber","TBR",1,1,,4.65517,19,0,0,1,,19,85,18,10,10,3,9,,0,18,8.37931,4.34483,1.92857,1.24138,0.209302,0.108527,0.10077518969774246,0.243478,1.44828,0.285714,0.714286,,,4.54579,-0.0240004,-0.0280321,999,,,,,,,69.89999999999999,3.6789473684210523,69,3.6315789473684212,,,,,,,,,,,,,,,,,,,"Joey Gerber","24591",680702
"Alan Rangel","PHI",1,2,,5.08235,22,0,0,1,,22,96,23,13,12,3,8,,1,18,7.2,3.17647,2.26667,1.37647,0.182796,0.0806452,0.10215054452419281,0.260355,1.38824,0.291829,0.661323,,,4.75471,-0.0244067,-0.0533267,999,,,,,,,79.10000000000001,3.5954545454545457,84,3.8181818181818183,,,,,,,,,,,,,,,,,,,"Alan Rangel","sa877578",660604
"Ryan Bergert","SDP",1,2,,4.87035,19,2,0,1,,24,106,25,14,13,4,10,,1,18,6.7982,3.5513,1.91429,1.42052,0.172237,0.0899743,0.08226220309734344,0.259259,1.42052,0.285185,0.695489,,,4.99286,-0.024713,-0.0324971,999,,,,,,,70.40000000000003,2.933333333333335,75,3.125,,,,,,,,,,,,,,,,,,,"Ryan Bergert","sa3017418",686701
"Elvin Rodriguez","MIL",0,0,,4.9558,25,0,0,1,,25,118,25,15,14,4,11,,2,24,8.52408,4.09091,2.08366,1.27191,0.200103,0.096034,0.10406855493783951,0.234528,1.44149,0.271053,0.672727,,,4.68429,-0.0250595,-0.0684936,999,,,,,,,83.80000000000001,3.3520000000000003,86,3.44,,,,,,,,,,,,,,,,,,,"Elvin Rodriguez","20962",660730
"Zach Brzykcy","WSN",2,3,,4.53089,37,0,0,1,,37,163,34,20,19,5,18,,3,38,9.26773,4.32494,2.14286,1.2357,0.234375,0.109375,0.1250000074505806,0.238095,1.39588,0.290598,0.703422,,,4.53948,-0.0251034,-0.0389935,750.719970703125,,,,,,,140.9,3.808108108108108,137,3.7027027027027026,,,,,,,,,,,,,,,,,,,"Zach Brzykcy","27783",694350
"Buck Farmer","ATL",1,2,,4.57377,40,0,0,1,,40,174,37,22,20,5,18,,3,40,9,3.98361,2.25926,1.18033,0.230189,0.101887,0.12830188870429993,0.239316,1.36066,0.290909,0.682451,,,4.39599,-0.0251829,-0.0430903,999,,,,,,,159.3,3.9825000000000004,156,3.9,,,,,,,,,,,,,,,,,,,"Buck Farmer","14814",571656
"Rodolfo Martinez","BAL",0,0,,4.9558,18,0,0,0,,18,85,18,11,10,3,8,,1,17,8.52408,4.09091,2.08366,1.27191,0.200103,0.096034,0.1040685623884201,0.234528,1.44149,0.271053,0.672727,,,4.68429,-0.0251978,-0.0703281,999,,,,,,,56.500000000000014,3.1388888888888897,58,3.2222222222222223,,,,,,,,,,,,,,,,,,,"Rodolfo Martinez","sa206642",650869
"Blake Walston","ARI",2,2,,4.15385,32,0,0,1,,32,141,32,16,15,3,14,,2,26,7.18269,3.80769,1.88636,0.951923,0.181223,0.0960699,0.08515284210443497,0.252451,1.41346,0.292994,0.721884,,,4.38763,-0.0253294,0.0164236,999,,,,,,,124.7,3.896875,129,4.03125,,,,,,,,,,,,,,,,,,,"Blake Walston","26270",686796
"Connor Prielipp","MIN",0,0,,4.9558,22,0,0,1,,22,104,22,13,12,3,10,,2,21,8.52408,4.09091,2.08366,1.2719,0.200103,0.096034,0.10406854003667831,0.234528,1.44149,0.271053,0.672727,,,4.68429,-0.025534,-0.0641922,999,,,,,,,78.7,3.5772727272727276,81,3.6818181818181817,,,,,,,,,,,,,,,,,,,"Connor Prielipp","sa3020808",687570
"Diego Castillo","COL",0,0,,4.9558,50,0,0,4,,50,237,49,30,28,7,23,,4,47,8.52408,4.09091,2.08366,1.27191,0.200103,0.096034,0.10406855493783951,0.234528,1.44149,0.271053,0.672727,,,4.68429,-0.025664,-0.0296823,999,,,,,,,185.49999999999997,3.7099999999999995,188,3.76,,,,,,,,,,,,,,,,,,,"Diego Castillo","17496",650895
"Dakota Hudson","LAA",1,1,,5.13274,15,0,0,1,,15,67,16,9,9,2,7,,1,9,5.57522,3.9823,1.4,1.06195,0.137856,0.0984683,0.03938731551170349,0.268473,1.51426,0.293051,0.663265,,,4.96589,-0.0263686,-0.0414531,999,,,,,,,42.800000000000004,2.8533333333333335,47,3.1333333333333333,,,,,,,,,,,,,,,,,,,"Dakota Hudson","19206",641712
"Angel Bastardo","TOR",1,1,,4.55172,15,0,0,1,,15,65,14,8,8,2,6,,1,12,7.44828,3.82759,1.94595,1.34483,0.191489,0.0984043,0.09308512508869171,0.247024,1.37931,0.278884,0.707269,,,4.83315,-0.026405,-0.0186401,999,,,,,,,57.00000000000001,3.8000000000000003,56,3.7333333333333334,,,,,,,,,,,,,,,,,,,"Angel Bastardo","sa3009716",682785
"Joel Peguero","SFG",1,1,,4.5666,14,0,0,1,,14,63,15,8,7,1,6,,1,10,6.27907,3.99577,1.57143,0.951374,0.154206,0.0981308,0.05607476830482483,0.263158,1.50106,0.296053,0.703125,,,4.66754,-0.0264795,-0.0321771,999,,,,,,,55.30000000000001,3.9500000000000006,60,4.285714285714286,,,,,,,,,,,,,,,,,,,"Joel Peguero","sa917689",666711
"Bradgley Rodriguez","SDP",0,1,,4.47684,26,0,0,1,,26,115,23,14,13,3,13,,2,25,8.49057,4.47684,1.89655,1.08062,0.214008,0.11284,0.10116732865571976,0.233184,1.38937,0.279503,0.702247,,,4.59015,-0.0273194,-0.0410002,999,,,,,,,104.7,4.026923076923077,100,3.8461538461538463,,,,,,,,,,,,,,,,,,,"Bradgley Rodriguez","sa3016035",699134
"Owen White","CHW",0,1,,5.72727,11,0,0,1,,11,50,12,8,7,2,4,,1,8,6.44318,3.68182,1.75,1.43182,0.158291,0.0904523,0.06783919781446457,0.272472,1.51136,0.297491,0.634921,,,5.23466,-0.0273357,-0.0751301,999,,,,,,,30.600000000000005,2.781818181818182,34,3.090909090909091,,,,,,,,,,,,,,,,,,,"Owen White","22273",669391
"Kade Strowd","BAL",2,2,,4.59574,26,0,0,1,,26,116,25,14,13,3,12,,2,24,8.42553,4.21277,2,1.14894,0.209524,0.104762,0.10476190596818924,0.248649,1.44681,0.296296,0.704698,,,4.54946,-0.027634,-0.0420862,999,,,,,,,100.5,3.8653846153846154,101,3.8846153846153846,,,,,,,,,,,,,,,,,,,"Kade Strowd","sa3011418",669704
"Chris Devenski","NYM",1,1,,4.83221,19,0,0,1,,19,82,19,11,10,3,7,,0,18,8.65772,3.22148,2.6875,1.61074,0.223958,0.0833333,0.140625,0.251429,1.34228,0.290323,0.696721,,,4.7101,-0.0277192,-0.0537591,999,,,,,,,73.29999999999998,3.857894736842104,75,3.9473684210526314,,,,,,,,,,,,,,,,,,,"Chris Devenski","12763",606965
"Tommy Nance","TOR",4,3,,4.22819,56,0,0,10,,56,242,54,29,26,8,20,,4,50,8.05369,3.22148,2.5,1.20805,0.207254,0.0829016,0.1243523359298706,0.247126,1.31991,0.289062,0.711462,,,4.3969,-0.0282024,-0.0481468,999,,,,,,,243.6000000000001,4.350000000000002,244,4.357142857142857,,,,,,,,,,,,,,,,,,,"Tommy Nance","19178",667297
"Scott McGough","ARI",1,1,,4.71971,16,0,0,1,,16,71,16,9,8,2,8,,0,15,8.30018,4.23146,1.96154,1.30199,0.208163,0.106122,0.10204081237316132,0.256881,1.48282,0.301887,0.720339,,,4.66738,-0.028414,-0.0220779,999,,,,,,,62.20000000000001,3.8875000000000006,64,4,,,,,,,,,,,,,,,,,,,"Scott McGough","12056",543518
"Griff McGarry","PHI",1,1,,5.04,16,0,0,1,,16,74,14,10,9,2,12,,1,17,9.72,6.66,1.45946,1.08,0.233766,0.160173,0.07359308004379272,0.230366,1.62,0.290076,0.702479,,,4.96648,-0.0290218,-0.0552724,999,,,,,,,56.40000000000001,3.525000000000001,53,3.3125,,,,,,,,,,,,,,,,,,,"Griff McGarry","sa3017130",676046
"Tommy Henry","ARI",2,1,,4.27903,28,0,0,1,,28,122,28,14,13,3,11,,1,23,7.36555,3.57755,2.05882,1.12237,0.187835,0.0912343,0.09660108387470245,0.252485,1.38737,0.290576,0.719794,,,4.46032,-0.0293377,0.0143706,999,,,,,,,111.50000000000001,3.9821428571428577,115,4.107142857142857,,,,,,,,,,,,,,,,,,,"Tommy Henry","26285",674072
"Michael Darrell-Hicks","LAA",1,1,,4.95652,17,0,0,1,,17,74,17,10,9,3,5,,2,14,7.30435,2.86957,2.54545,1.43478,0.18543,0.0728477,0.11258277297019958,0.261993,1.34783,0.294118,0.670103,,,4.96358,-0.0297545,-0.0409405,999,,,,,,,55.7,3.2764705882352945,57,3.3529411764705883,,,,,,,,,,,,,,,,,,,"Michael Darrell-Hicks","sa3020438",690382
"Jonathan Heasley","CHW",1,1,,5.23132,23,0,0,1,,23,101,24,14,13,4,8,,1,18,6.9395,3.30961,2.09677,1.3879,0.175202,0.083558,0.09164419025182724,0.264881,1.42349,0.294574,0.658153,,,4.87466,-0.0299861,-0.0747519,999,,,,,,,71.6,3.1130434782608694,76,3.3043478260869565,,,,,,,,,,,,,,,,,,,"Jonathan Heasley","22224",669169
"Brett de Geus","MIA",1,2,,5.10638,28,0,0,1,,28,130,31,17,16,3,11,,3,19,5.95745,3.61702,1.64706,0.851064,0.142857,0.0867347,0.056122444570064545,0.270115,1.513,0.302817,0.650685,,,4.6322,-0.0302743,-0.071156,999,,,,,,,89.70000000000002,3.203571428571429,101,3.607142857142857,,,,,,,,,,,,,,,,,,,"Brett de Geus","23592",676969
"Yoendrys Gómez","NYY",2,2,,4.59527,46,0,0,4,,46,200,42,25,23,6,20,,3,44,8.51806,3.92279,2.17143,1.23288,0.217143,0.1,0.11714286357164383,0.236246,1.34496,0.279279,0.691145,,,4.58616,-0.0304894,-0.0815382,999,,,,,,,192.40000000000003,4.182608695652175,187,4.065217391304348,,,,,,,,,,,,,,,,,,,"Yoendrys Gomez","22872",672782
"Casey Lawrence","SEA",1,1,,4.88085,11,0,0,1,,11,48,13,6,6,2,3,,0,7,5.47247,2.21857,2.46667,1.47905,0.139623,0.0566038,0.08301886916160583,0.280808,1.38866,0.296758,0.695035,,,4.94955,-0.0309694,-0.0276474,999,,,,,,,32.000000000000014,2.9090909090909105,38,3.4545454545454546,,,,,,,,,,,,,,,,,,,"Casey Lawrence","11121",596271
"Hunter Gaddis","CLE",4,4,,3.91304,65,0,0,17,,65,272,59,30,28,9,20,,5,57,7.92642,2.80936,2.82143,1.20401,0.210667,0.0746667,0.13599999994039536,0.241176,1.22631,0.281125,0.729614,,,4.31475,-0.0311725,0.401791,699.6699829101562,,,,,,,323.9,4.983076923076923,315,4.846153846153846,,,,,,,,,,,,,,,,,,,"Hunter Gaddis","25636",683769
"Tyler Owens","DET",2,2,,4.58491,32,0,0,1,,32,141,33,18,16,4,11,,2,25,7.13208,3.22641,2.21053,1.18868,0.180258,0.0815451,0.09871245175600052,0.255924,1.37736,0.290123,0.696203,,,4.54384,-0.0311843,-0.0680782,999,,,,,,,116.80000000000003,3.650000000000001,123,3.84375,,,,,,,,,,,,,,,,,,,"Tyler Owens","sa3011201",687074
"Kyle Nicolas","PIT",2,2,,4.48231,44,0,0,1,,44,196,42,24,22,5,22,,3,43,8.7287,4.60026,1.89744,1.0616,0.217647,0.114706,0.10294117778539658,0.244068,1.45478,0.29717,0.711382,,,4.52952,-0.0313236,-0.0311525,999,,,,,,,169.90000000000003,3.861363636363637,170,3.8636363636363638,,,,,,,,,,,,,,,,,,,"Kyle Nicolas","27775",693312
"Gerson Garabito","TEX",1,1,,4.9004,21,0,0,1,,21,92,20,12,11,3,8,,2,18,7.6494,3.46614,2.2069,1.31474,0.193353,0.0876133,0.10574017465114594,0.248299,1.35458,0.283105,0.669746,,,4.83979,-0.0315586,-0.0462367,999,,,,,,,76.5,3.642857142857143,76,3.619047619047619,,,,,,,,,,,,,,,,,,,"Gerson Garabito","19835",642520
"Matt Svanson","STL",1,2,,4.55312,24,0,0,1,,24,106,25,13,12,3,8,,2,17,6.52614,3.18718,2.04762,1.06239,0.163498,0.0798479,0.08365019410848618,0.258475,1.3828,0.290323,0.692521,,,4.61673,-0.0317648,-0.030743,999,,,,,,,83.70000000000002,3.4875000000000007,89,3.7083333333333335,,,,,,,,,,,,,,,,,,,"Matt Svanson","sa3017070",694335
"John Rooney","MIA",1,2,,4.82412,26,0,0,1,,26,118,26,15,14,3,12,,3,23,7.98995,4.22111,1.89286,1.05528,0.195572,0.103321,0.09225092828273773,0.254237,1.47404,0.301136,0.677749,,,4.67402,-0.0318164,-0.042705,999,,,,,,,92.9,3.5730769230769233,96,3.6923076923076925,,,,,,,,,,,,,,,,,,,"John Rooney","sa3008417",680701
"Xzavion Curry","MIA",1,1,,4.73196,18,0,0,1,,18,77,19,10,9,3,5,,1,13,6.58763,2.69072,2.44828,1.48454,0.171084,0.0698795,0.10120481997728348,0.266319,1.35052,0.290541,0.699816,,,4.83658,-0.0319798,-0.0180816,999,,,,,,,58.90000000000001,3.272222222222223,63,3.5,,,,,,,,,,,,,,,,,,,"Xzavion Curry","25595",675540
"Ryan Yarbrough","TOR",1,1,,4.4,24,0,0,1,,24,102,24,13,12,3,7,,2,18,6.6,2.5,2.64,1.3,0.172324,0.0652741,0.1070496141910553,0.255014,1.26667,0.281482,0.688935,,,4.71092,-0.0322734,-0.0360881,747.1400146484375,,,,,,,91.30000000000001,3.804166666666667,94,3.9166666666666665,,,,,,,,,,,,,,,,,,,"Ryan Yarbrough","16502",642232
"Grant Anderson","MIL",1,2,,4.55696,34,0,0,1,,34,149,32,18,17,6,14,,2,35,9.27667,3.58047,2.59091,1.46474,0.235537,0.0909091,0.1446281000971794,0.240741,1.33816,0.286667,0.716612,,,4.63122,-0.0322802,-0.0199687,999,,,,,,,120.60000000000001,3.547058823529412,118,3.4705882352941178,,,,,,,,,,,,,,,,,,,"Grant Anderson","20546",681982
"Andry Lara","WSN",1,2,,4.86486,21,0,0,1,,21,92,22,12,11,3,7,,1,15,6.51264,3.13862,2.075,1.33391,0.164683,0.0793651,0.085317462682724,0.265217,1.41238,0.291667,0.68741,,,4.79682,-0.0325709,-0.0420744,999,,,,,,,71.3,3.395238095238095,76,3.619047619047619,,,,,,,,,,,,,,,,,,,"Andry Lara","sa3014716",691251
"Scott Blewett","MIN",2,3,,4.54075,42,0,0,1,,42,185,44,23,21,5,16,,2,33,6.98577,3.37646,2.06897,1.16429,0.176471,0.0852941,0.09117647260427475,0.262987,1.42303,0.298319,0.708333,,,4.53776,-0.0330884,-0.0662267,999,,,,,,,150.9,3.592857142857143,161,3.8333333333333335,,,,,,,,,,,,,,,,,,,"Scott Blewett","16427",656240
"Ryan Borucki","PIT",2,2,,4.5,37,0,0,1,,37,165,34,20,18,5,18,,5,39,9.375,4.5,2.08333,1.125,0.233645,0.11215,0.1214953362941742,0.23913,1.41667,0.296875,0.704698,,,4.58315,-0.0331052,-0.0207472,999,,,,,,,136.9,3.7,133,3.5945945945945947,,,,,,,,,,,,,,,,,,,"Ryan Borucki","16350",621366
"Grant Holman","ATH",2,3,,4.33333,48,0,0,1,,48,210,45,25,23,6,20,,3,45,8.5,3.66667,2.31818,1.16667,0.216102,0.0932203,0.12288135290145874,0.241706,1.35185,0.287582,0.712025,,,4.35167,-0.0333789,-0.0616971,999,,,,,,,189.40000000000003,3.945833333333334,187,3.8958333333333335,,,,,,,,,,,,,,,,,,,"Grant Holman","30002",680880
"John McMillon","PHI",4,5,,4.7482,40,0,0,1,,40,178,35,23,21,6,25,,1,46,10.3597,5.61151,1.84615,1.29496,0.258065,0.139785,0.11827956140041351,0.226415,1.48681,0.285714,0.708955,,,4.67727,-0.0340458,-0.0776465,999,,,,,,,149.2,3.7299999999999995,140,3.5,,,,,,,,,,,,,,,,,,,"John McMillon","27942",669111
"Victor González","LAA",2,2,,4.68085,22,0,0,1,,22,97,22,12,11,3,10,,2,16,6.38298,4.04255,1.57895,1.06383,0.16129,0.102151,0.059139788150787354,0.257669,1.44208,0.289062,0.685185,,,4.91589,-0.0350287,-0.0244414,999,,,,,,,68.7,3.122727272727273,71,3.227272727272727,,,,,,,,,,,,,,,,,,,"Victor Gonzalez","16408",624647
"Tom Cosgrove","SDP",2,3,,4.40426,46,0,0,1,,46,198,40,24,23,6,20,,5,44,8.61702,3.82979,2.25,1.14894,0.222772,0.0990099,0.12376236915588379,0.231638,1.29787,0.277778,0.684411,,,4.50691,-0.0351839,-0.0480239,999,,,,,,,179.60000000000002,3.904347826086957,169,3.6739130434782608,,,,,,,,,,,,,,,,,,,"Tom Cosgrove","23443",676680
"Tanner Dodson","ATH",1,1,,5.19553,9,0,0,1,,9,42,9,6,5,1,5,,1,6,6.36871,5.36313,1.1875,1.00559,0.151394,0.12749,0.023904383182525635,0.261682,1.63873,0.294118,0.678392,,,5.27076,-0.0352748,-0.0532975,999,,,,,,,28.900000000000013,3.2111111111111126,30,3.3333333333333335,,,,,,,,,,,,,,,,,,,"Tanner Dodson","sa3007008",663541
"Jordan Leasure","CHW",2,4,,4.82927,48,0,2,1,,48,208,46,28,26,7,23,,1,46,8.56098,4.39024,1.95,1.31707,0.219101,0.11236,0.10674156248569489,0.248408,1.43902,0.294643,0.6917,,,4.70307,-0.0354318,-0.118843,741.2899780273438,,,,,,,183.50000000000003,3.8229166666666674,183,3.8125,,,,,,,,,,,,,,,,,,,"Jordan Leasure","29950",673929
"Logan VanWey","HOU",2,2,,4.35484,32,0,0,1,,32,142,29,17,15,4,17,,3,33,9.14516,4.64516,1.96875,1.16129,0.229091,0.116364,0.11272726953029633,0.235294,1.41935,0.287425,0.729167,,,4.60196,-0.0360985,-0.0387166,999,,,,,,,122.20000000000002,3.8187500000000005,118,3.6875,,,,,,,,,,,,,,,,,,,"Logan VanWey","sa3019956",701121
"Austin Adams","BOS",1,1,,4.75,22,0,0,1,,22,101,17,13,12,2,13,,7,29,11.75,5.5,2.13636,1,0.283133,0.13253,0.15060240030288696,0.212121,1.38889,0.296296,0.653153,,,4.83315,-0.0361985,-0.040141,999,,,,,,,96.00000000000001,4.363636363636364,86,3.909090909090909,,,,,,,,,,,,,,,,,,,"Austin Adams","13801",613534
"Matt Pushard","MIA",1,1,,4.59184,22,0,0,1,,22,97,22,12,11,3,9,,1,18,7.34694,3.67347,2,1.28571,0.186047,0.0930233,0.09302325546741486,0.260417,1.42857,0.296552,0.714286,,,4.79913,-0.036287,-0.0154493,999,,,,,,,78.7,3.5772727272727276,81,3.6818181818181817,,,,,,,,,,,,,,,,,,,"Matt Pushard","sa3019955",690155
"Justin Wrobleski","LAD",2,2,,4.68667,40,0,0,1,,40,173,40,23,21,6,14,,1,34,7.70521,3.17741,2.425,1.42983,0.198364,0.0817996,0.11656441539525986,0.253363,1.3504,0.287009,0.696401,,,4.65809,-0.0365738,-0.0943686,741.6599731445312,,,,,,,145.2,3.63,149,3.725,,,,,,,,,,,,,,,,,,,"Justin Wrobleski","31204",680736
"Tyler Gilbert","CHW",3,4,,4.85757,62,0,0,10,,62,267,64,36,33,9,20,,3,50,7.28636,2.83358,2.57143,1.34933,0.188153,0.0731707,0.11498257517814636,0.262357,1.34933,0.296482,0.671053,,,4.57578,-0.0376851,-0.290069,999,,,,,,,252.69999999999996,4.075806451612903,264,4.258064516129032,,,,,,,,,,,,,,,,,,,"Tyler Gilbert","17964",656457
"Mick Abel","PHI",1,1,,5.1282,18,0,0,1,,18,81,18,11,10,3,10,,1,16,7.77778,4.78632,1.625,1.28205,0.191579,0.117895,0.0736842229962349,0.251816,1.51947,0.289902,0.683453,,,5.05632,-0.0380155,-0.0546354,999,,,,,,,52.500000000000014,2.9166666666666674,54,3,,,,,,,,,,,,,,,,,,,"Mick Abel","sa3014534",690953
"Jacob Lopez","ATH",2,2,,4.33735,30,0,0,1,,30,131,28,16,14,4,13,,2,29,8.57612,3.94304,2.175,1.18291,0.218045,0.100251,0.11779448390007019,0.241477,1.36911,0.288538,0.711645,,,4.51369,-0.0380266,-0.0506116,999,,,,,,,117.00000000000001,3.9000000000000004,115,3.8333333333333335,,,,,,,,,,,,,,,,,,,"Jacob Lopez","25098",682052
"Antonio Jimenez","SFG",1,1,,4.61538,24,0,0,1,,24,107,25,13,12,3,9,,1,18,6.78733,3.52941,1.92308,1.08597,0.169492,0.0881356,0.08135593682527542,0.260377,1.43288,0.294686,0.692124,,,4.58428,-0.0383334,-0.0328643,999,,,,,,,85.70000000000002,3.570833333333334,91,3.7916666666666665,,,,,,,,,,,,,,,,,,,"Antonio Jimenez","sa3008074",682607
"Kyle Leahy","STL",3,3,,4.39286,54,0,0,7,,54,235,55,28,26,6,21,,2,41,6.85714,3.42857,2,1.07143,0.174863,0.0874317,0.08743169158697128,0.256798,1.39286,0.291829,0.708738,,,4.44029,-0.0384231,-0.0301777,999,,,,,,,223.8,4.144444444444445,233,4.314814814814815,,,,,,,,,,,,,,,,,,,"Kyle Leahy","24763",681517
"Ryan Webb","CLE",1,1,,4.51231,20,0,0,1,,20,89,20,11,10,3,9,,1,17,7.46582,3.93801,1.89583,1.23063,0.185714,0.0979592,0.08775510638952255,0.25576,1.44941,0.292683,0.724638,,,4.81643,-0.03853,-0.0349311,999,,,,,,,67.1,3.3549999999999995,69,3.45,,,,,,,,,,,,,,,,,,,"Ryan Webb","sa3018280",669067
"Sean Reynolds","SDP",1,2,,4.35,53,0,1,6,,53,238,48,27,26,6,29,,4,54,9.15,4.95,1.84848,1.05,0.226766,0.122677,0.10408923774957657,0.232759,1.45,0.286585,0.725389,,,4.49981,-0.0392461,-0.0344991,999,,,,,,,231.60000000000002,4.369811320754717,225,4.245283018867925,,,,,,,,,,,,,,,,,,,"Sean Reynolds","22253",669308
"Tyler Phillips","PHI",1,2,,4.97238,30,0,0,1,,30,132,32,18,17,4,10,,1,22,6.46409,3.12549,2.06818,1.34964,0.162791,0.078712,0.08407871425151825,0.268102,1.42857,0.294264,0.680052,,,4.81605,-0.0394104,-0.0809786,999,,,,,,,104.60000000000001,3.486666666666667,113,3.7666666666666666,,,,,,,,,,,,,,,,,,,"Tyler Phillips","20629",663969
"Michael Arias","NYY",1,1,,5.33773,12,0,0,1,,12,55,11,8,7,2,8,,1,11,8.4514,5.63427,1.5,1.4827,0.205036,0.136691,0.0683453232049942,0.244726,1.58155,0.282353,0.695122,,,5.45643,-0.0397028,-0.0612903,999,,,,,,,34.60000000000001,2.883333333333334,33,2.75,,,,,,,,,,,,,,,,,,,"Michael Arias","sa3017036",683522
"Bryan Shaw","CIN",1,1,,5.61201,13,0,0,1,,13,59,14,9,8,2,7,,1,10,7.06697,4.98845,1.41667,1.45497,0.171717,0.121212,0.05050504207611084,0.269006,1.61663,0.3,0.681063,,,5.56833,-0.039746,-0.0558658,999,,,,,,,35.199999999999996,2.7076923076923074,39,3,,,,,,,,,,,,,,,,,,,"Bryan Shaw","8110",543766
"Sean Newcomb","BOS",0,1,,5.33333,11,0,0,1,,11,51,11,7,7,2,7,,1,10,8,5.66667,1.41176,1.33333,0.193548,0.137097,0.056451618671417236,0.257143,1.62963,0.298701,0.703125,,,5.42574,-0.0400013,-0.0346159,750.4000244140625,,,,,,,28.200000000000003,2.563636363636364,29,2.6363636363636362,,,,,,,,,,,,,,,,,,,"Sean Newcomb","16943",656794
"Jackson Kowar","SEA",2,3,,4.64062,35,0,0,1,,35,158,34,20,18,4,17,,3,35,9,4.35938,2.06452,1.125,0.221453,0.107266,0.1141868606209755,0.245059,1.45312,0.298343,0.696822,,,4.47898,-0.0406193,-0.117698,999,,,,,,,135.4,3.8685714285714288,137,3.914285714285714,,,,,,,,,,,,,,,,,,,"Jackson Kowar","21549",663804
"Guillo Zuñiga","PHI",1,1,,5.1963,15,0,0,1,,15,66,15,9,9,2,7,,1,12,7.27483,4.15704,1.75,1.45497,0.183246,0.104712,0.07853402942419052,0.255952,1.45497,0.285714,0.676692,,,5.245,-0.0410493,-0.0404893,999,,,,,,,51.400000000000006,3.426666666666667,53,3.533333333333333,,,,,,,,,,,,,,,,,,,"Guillo Zuniga","19588",670871
"Luinder Avila","KCR",1,1,,5.06064,18,0,0,1,,18,81,19,11,10,2,8,,1,12,6.15215,4.16759,1.47619,1.09151,0.151589,0.102689,0.048899754881858826,0.261111,1.49945,0.289199,0.671642,,,4.99669,-0.0413296,-0.0474097,999,,,,,,,60.200000000000024,3.344444444444446,65,3.611111111111111,,,,,,,,,,,,,,,,,,,"Luinder Avila","sa3006507",679883
"Dan Altavilla","CHW",1,1,,5.13514,18,0,0,1,,18,82,19,11,10,3,9,,1,17,8.37838,4.32432,1.9375,1.62162,0.203947,0.105263,0.09868421405553818,0.266667,1.56156,0.306122,0.711009,,,5.17849,-0.0414217,-0.0598258,999,,,,,,,54.90000000000001,3.0500000000000007,59,3.2777777777777777,,,,,,,,,,,,,,,,,,,"Dan Altavilla","16507",656186
"Luis González","BAL",0,0,,4.9558,30,0,0,1,,30,142,30,18,17,4,14,,2,28,8.52408,4.09091,2.08366,1.27191,0.200103,0.0960341,0.10406855493783951,0.234528,1.44149,0.271053,0.672727,,,4.68429,-0.0419963,-0.106765,999,,,,,,,106.80000000000001,3.5600000000000005,110,3.6666666666666665,,,,,,,,,,,,,,,,,,,"Luis Gonzalez","sa550522",593574
"Luarbert Arias","MIA",3,3,,4.59638,33,0,0,1,,33,144,33,18,17,5,13,,3,29,8.00659,3.41021,2.34783,1.33443,0.203774,0.0867925,0.116981141269207,0.253165,1.36738,0.293103,0.696023,,,4.69861,-0.0431454,-0.0231739,999,,,,,,,110.90000000000005,3.360606060606062,114,3.4545454545454546,,,,,,,,,,,,,,,,,,,"Luarbert Arias","sa3007599",678215
"Amos Willingham","ATL",3,3,,4.42373,43,0,0,1,,43,191,44,23,21,6,16,,2,36,7.62712,3.35593,2.27273,1.22034,0.19084,0.0839695,0.10687023401260376,0.257384,1.40678,0.296089,0.724234,,,4.50546,-0.043486,-0.0265863,999,,,,,,,151.99999999999997,3.5348837209302317,159,3.697674418604651,,,,,,,,,,,,,,,,,,,"Amos Willingham","26128",686294
"Mike Vasil","TBR",3,3,,4.38843,48,0,0,1,,48,208,48,25,23,6,16,,3,36,6.84298,2.97521,2.3,1.1157,0.175238,0.0761905,0.09904763102531433,0.255765,1.33884,0.289189,0.695035,,,4.44747,-0.0440885,-0.0623501,999,,,,,,,175.60000000000002,3.6583333333333337,181,3.7708333333333335,,,,,,,,,,,,,,,,,,,"Mike Vasil","sa3017915",678024
"Rolddy Munoz","ATL",1,1,,4.62012,20,0,0,1,,20,90,20,11,10,3,9,,2,18,8.31622,4.25051,1.95652,1.29363,0.205479,0.105023,0.1004565954208374,0.25,1.45791,0.292857,0.718954,,,4.85026,-0.0441762,-0.0215452,999,,,,,,,66.1,3.3049999999999997,68,3.4,,,,,,,,,,,,,,,,,,,"Rolddy Munoz","sa3011575",691548
"Brandyn Garcia","SEA",1,1,,4.60177,18,0,0,1,,18,79,17,10,9,2,7,,3,15,7.34513,3.53982,2.075,1.15044,0.184855,0.0890869,0.09576836973428726,0.249364,1.35693,0.286195,0.684474,,,4.8479,-0.0442633,-0.0511947,999,,,,,,,68.40000000000002,3.800000000000001,68,3.7777777777777777,,,,,,,,,,,,,,,,,,,"Brandyn Garcia","sa3022951",805299
"Trevor McDonald","SFG",2,2,,4.37722,40,0,0,1,,40,177,41,21,19,4,14,,5,30,6.72598,3.09609,2.17241,0.960854,0.168449,0.0775401,0.09090910106897354,0.256716,1.36418,0.292776,0.693359,,,4.44762,-0.0445376,-0.0338877,999,,,,,,,147.20000000000002,3.6800000000000006,155,3.875,,,,,,,,,,,,,,,,,,,"Trevor McDonald","26448",686790
"Juan Mejia","COL",1,2,,5.32544,21,0,0,1,,21,98,22,13,12,3,11,,3,19,7.98817,4.7929,1.66667,1.2426,0.190678,0.114407,0.07627119868993759,0.257426,1.55819,0.3,0.679191,,,5.19804,-0.0449353,-0.0240235,999,,,,,,,61.3,2.919047619047619,66,3.142857142857143,,,,,,,,,,,,,,,,,,,"Juan Mejia","sa3003159",675848
"Domingo Gonzalez","ATL",2,2,,4.5,35,0,0,1,,35,155,32,19,18,5,16,,5,35,9,4.06452,2.21429,1.16129,0.226277,0.10219,0.12408759444952011,0.239496,1.37097,0.291667,0.691057,,,4.58583,-0.0451881,-0.0301179,999,,,,,,,125.3,3.58,121,3.4571428571428573,,,,,,,,,,,,,,,,,,,"Domingo Gonzalez","sa3007495",682445
"Shelby Miller","ARI",5,6,,4.33962,56,0,0,10,,56,230,47,29,27,7,21,,4,52,8.30189,3.39623,2.44444,1.13208,0.22449,0.0918367,0.13265307247638702,0.228571,1.21593,0.272,0.665323,,,4.27759,-0.0452004,0.0469207,999,,,,,,,275.1000000000001,4.912500000000001,258,4.607142857142857,,,,,,,,,,,,,,,,,,,"Shelby Miller","10197",571946
"José Ureña","NYM",1,1,,5.17241,17,0,0,1,,17,75,18,11,10,3,7,,1,12,6.10345,3.62069,1.68571,1.34483,0.154047,0.0913838,0.06266319006681442,0.263768,1.44828,0.285714,0.667903,,,5.06303,-0.0452827,-0.0844601,999,,,,,,,46.10000000000001,2.7117647058823535,50,2.9411764705882355,,,,,,,,,,,,,,,,,,,"Jose Urena","11589",570632
"Kyle Tyler","PHI",2,3,,4.9075,48,0,0,1,,48,213,50,29,26,7,20,,2,38,7.09834,3.68062,1.92857,1.22687,0.177632,0.0921053,0.08552630245685577,0.260976,1.45083,0.295238,0.680062,,,4.70494,-0.0452859,-0.135617,999,,,,,,,153.10000000000002,3.1895833333333337,163,3.3958333333333335,,,,,,,,,,,,,,,,,,,"Kyle Tyler","22092",667725
"Thaddeus Ward","BAL",1,1,,5.09072,13,0,0,1,,13,60,13,8,7,2,7,,2,10,7.01174,4.89861,1.43137,1.15261,0.169767,0.118605,0.05116279423236847,0.258152,1.55816,0.293286,0.688855,,,5.25826,-0.0455314,-0.0525318,999,,,,,,,34.8,2.6769230769230767,36,2.769230769230769,,,,,,,,,,,,,,,,,,,"Thaddeus Ward","21513",663658
"Steven Okert","HOU",4,2,,4.13567,54,0,0,7,,54,228,46,27,25,8,22,,5,58,9.64989,3.74179,2.57895,1.37856,0.253886,0.0984456,0.15544041246175766,0.229412,1.26915,0.280702,0.726141,,,4.52315,-0.0462724,-0.0122036,999,,,,,,,244.60000000000005,4.529629629629631,229,4.2407407407407405,,,,,,,,,,,,,,,,,,,"Steven Okert","13580",595345
"Angel Chivilli","COL",3,4,,4.82412,53,0,0,6,,53,229,52,31,28,9,19,,4,49,8.29146,3.16583,2.61905,1.50754,0.213178,0.0813953,0.13178294897079468,0.25431,1.34003,0.293413,0.681818,,,4.80802,-0.0462963,-0.0115806,745.969970703125,,,,,,,199.30000000000007,3.7603773584905675,201,3.792452830188679,,,,,,,,,,,,,,,,,,,"Angel Chivilli","26790",683409
"Dylan Coleman","BAL",1,1,,4.56954,21,0,0,1,,21,95,17,12,11,2,14,,3,23,9.7351,6.15894,1.58065,0.993378,0.240196,0.151961,0.08823530375957489,0.221557,1.5011,0.283186,0.704918,,,4.88833,-0.0468916,-0.0558687,999,,,,,,,85.60000000000001,4.076190476190477,78,3.7142857142857144,,,,,,,,,,,,,,,,,,,"Dylan Coleman","22276",669395
"Matt Sauer","LAD",1,1,,4.9925,22,0,0,1,,22,98,22,13,12,3,9,,2,18,7.28636,3.77811,1.92857,1.34933,0.181208,0.0939597,0.08724833279848099,0.257576,1.43928,0.29,0.682927,,,5.02555,-0.0472016,-0.0627551,999,,,,,,,75.7,3.440909090909091,78,3.5454545454545454,,,,,,,,,,,,,,,,,,,"Matt Sauer","22284",669422
"Hunter Strickland","TEX",1,1,,4.71204,22,0,0,1,,22,95,22,12,12,3,10,,1,18,7.3822,3.9267,1.88,1.41361,0.190283,0.101215,0.08906882256269455,0.255708,1.41361,0.288344,0.716374,,,5.03384,-0.0473308,-0.0308115,999,,,,,,,75.7,3.440909090909091,78,3.5454545454545454,,,,,,,,,,,,,,,,,,,"Hunter Strickland","7836",519326
"Brad Keller","CHC",2,2,,4.69806,26,0,0,1,,26,115,26,15,14,3,11,,1,20,7.09314,3.96111,1.7907,1.19754,0.177829,0.0993072,0.07852194458246231,0.255814,1.45343,0.289562,0.702746,,,4.7325,-0.0473432,-0.0670562,750.1900024414062,,,,,,,95.9,3.6884615384615387,99,3.8076923076923075,,,,,,,,,,,,,,,,,,,"Brad Keller","15734",641745
"Jeff Brigham","ARI",1,1,,4.275,20,0,0,1,,20,87,18,10,10,3,10,,2,20,9,4.5,2,1.35,0.229885,0.114943,0.1149425283074379,0.238411,1.4,0.285714,0.735294,,,4.84148,-0.04772,0.0102647,999,,,,,,,72.3,3.6149999999999998,69,3.45,,,,,,,,,,,,,,,,,,,"Jeff Brigham","16631",656257
"Chris Roycroft","STL",4,4,,4.19214,53,0,0,4,,53,234,51,27,25,5,25,,3,44,7.46725,4.19214,1.78125,0.917031,0.188119,0.105611,0.08250825107097626,0.247191,1.42649,0.29064,0.714286,,,4.40374,-0.0481049,-0.000241721,999,,,,,,,218.10000000000005,4.115094339622642,220,4.150943396226415,,,,,,,,,,,,,,,,,,,"Chris Roycroft","31261",688297
"Sam Bachman","LAA",2,3,,4.79452,36,0,0,1,,36,162,37,21,19,4,16,,3,28,6.9863,4.10959,1.7,1.09589,0.172297,0.101351,0.07094594836235046,0.257692,1.47641,0.293532,0.687646,,,4.84076,-0.0483473,-0.0813615,999,,,,,,,124.00000000000004,3.4444444444444455,131,3.638888888888889,,,,,,,,,,,,,,,,,,,"Sam Bachman","29754",696147
"Michael Kopech","LAD",4,4,,4.23292,53,0,3,10,,53,224,42,27,25,8,26,,3,62,10.4815,4.43449,2.36364,1.41097,0.275132,0.116402,0.158730149269104,0.215805,1.28779,0.270142,0.733753,,,4.52146,-0.0491593,0.00931813,483.42999267578125,,,,,,,276.6000000000001,5.218867924528303,253,4.773584905660377,,,,,,,,,,,,,,,,,,,"Michael Kopech","17282",656629
"John Curtiss","ARI",1,2,,4.98845,22,0,0,1,,22,97,24,13,12,4,8,,1,17,7.06698,3.11778,2.26667,1.45497,0.178947,0.0789474,0.10000000149011612,0.270115,1.43187,0.300752,0.689655,,,4.8062,-0.0497755,-0.0491582,999,,,,,,,62.20000000000001,2.8272727272727276,69,3.1363636363636362,,,,,,,,,,,,,,,,,,,"John Curtiss","16128",595928
"Jacob Latz","TEX",3,3,,4.71204,48,0,0,1,,48,214,45,27,25,7,25,,2,47,8.79581,4.71204,1.86667,1.25654,0.219608,0.117647,0.10196078568696976,0.242152,1.46597,0.289308,0.714286,,,4.70226,-0.0500079,-0.0924812,999,,,,,,,169.10000000000002,3.522916666666667,166,3.4583333333333335,,,,,,,,,,,,,,,,,,,"Jacob Latz","21306",656641
"Ron Marinaccio","SDP",2,1,,4.13969,40,0,0,1,,40,170,33,20,18,5,19,,5,42,9.35264,4.29302,2.17857,1.22658,0.24498,0.11245,0.13253013044595718,0.224299,1.29472,0.275862,0.725309,,,4.64859,-0.0500479,-0.0139618,999,,,,,,,164.7,4.1175,151,3.775,,,,,,,,,,,,,,,,,,,"Ron Marinaccio","23488",676760
"Génesis Cabrera","NYM",2,2,,4.47761,47,0,0,1,,47,203,43,25,23,6,22,,2,43,8.20895,4.1791,1.96429,1.19403,0.210728,0.10728,0.10344827175140381,0.23913,1.37645,0.281437,0.710306,,,4.60927,-0.0523265,-0.0629306,999,,,,,,,180.2,3.8340425531914892,175,3.723404255319149,,,,,,,,,,,,,,,,,,,"Genesis Cabrera","17490",650893
"Albert Suárez","BAL",4,4,,4.58491,64,2,0,8,,71,309,76,39,36,11,24,,1,57,7.30189,3.0566,2.38889,1.4434,0.185745,0.0777538,0.10799136757850647,0.268235,1.41509,0.301242,0.729002,,,4.70422,-0.0533198,-0.0787666,645.2899780273438,,,,,,,263.5,3.711267605633803,283,3.9859154929577465,,,,,,,,,,,,,,,,,,,"Albert Suarez","6175",544150
"Elvis Alvarado","ATH",2,2,,4.70455,22,0,0,1,,22,100,21,12,12,3,11,,2,20,8.38636,4.5,1.86364,1.22727,0.20603,0.110553,0.0954773798584938,0.242775,1.45455,0.285714,0.701439,,,4.8483,-0.053768,-0.0456676,999,,,,,,,76.30000000000001,3.4681818181818187,76,3.4545454545454546,,,,,,,,,,,,,,,,,,,"Elvis Alvarado","sa919291",665660
"Matt Moore","BOS",2,2,,4.70825,28,0,0,1,,28,122,27,16,15,5,13,,1,26,8.32998,4.16499,2,1.44869,0.212963,0.106481,0.10648148506879807,0.251309,1.42857,0.291971,0.719064,,,4.91698,-0.0539921,-0.035145,999,,,,,,,89.50000000000004,3.196428571428573,89,3.1785714285714284,,,,,,,,,,,,,,,,,,,"Matt Moore","1890",519043
"Doug Nikhazy","CLE",1,1,,4.51354,27,0,0,1,,27,121,25,15,14,4,15,,1,25,8.21464,5.05517,1.625,1.17352,0.203579,0.12528,0.07829979062080383,0.242894,1.50451,0.286219,0.728376,,,4.84151,-0.0543414,-0.0518394,999,,,,,,,91.60000000000002,3.3925925925925933,89,3.2962962962962963,,,,,,,,,,,,,,,,,,,"Doug Nikhazy","sa3018110",680951
"Eiberson Castellano","MIN",2,2,,4.7539,36,0,0,1,,36,162,36,21,19,5,14,,5,34,8.42737,3.56543,2.36364,1.29652,0.208556,0.0882353,0.1203208640217781,0.251515,1.39256,0.295833,0.685484,,,4.75111,-0.0545838,-0.0966169,999,,,,,,,126.30000000000004,3.5083333333333346,130,3.611111111111111,,,,,,,,,,,,,,,,,,,"Eiberson Castellano","sa3015414",682769
"Jackson Rutledge","WSN",1,2,,5.03106,28,0,0,1,,28,126,29,17,16,4,12,,2,22,6.94765,3.91304,1.77551,1.19787,0.171598,0.0966469,0.0749506875872612,0.258929,1.46406,0.291907,0.673611,,,4.92336,-0.0554013,-0.0866872,999,,,,,,,88.6,3.164285714285714,94,3.357142857142857,,,,,,,,,,,,,,,,,,,"Jackson Rutledge","26215",671131
"Tyler Zuber","NYM",2,2,,4.98741,30,0,0,1,,30,132,28,18,17,5,16,,1,29,8.84131,4.76071,1.85714,1.3602,0.222857,0.12,0.10285715758800507,0.24183,1.46096,0.287037,0.685484,,,4.82895,-0.0559626,-0.10479,999,,,,,,,98.7,3.29,96,3.2,,,,,,,,,,,,,,,,,,,"Tyler Zuber","20379",676604
"Wandy Peralta","SDP",3,3,,4.02685,52,0,0,4,,52,220,47,26,23,6,22,,3,42,7.24832,3.8255,1.89474,1.00671,0.190476,0.100529,0.08994708210229874,0.239521,1.31991,0.277778,0.711538,,,4.48639,-0.0567139,-0.00667733,999,,,,,,,213.8,4.111538461538462,207,3.980769230769231,,,,,,,,,,,,,,,,,,,"Wandy Peralta","14295",593974
"Garrett McDaniels","LAA",0,0,,4.9558,52,0,0,4,,52,246,51,31,29,7,24,,4,49,8.52408,4.09091,2.08366,1.2719,0.200103,0.096034,0.10406854748725891,0.234528,1.44149,0.271053,0.672727,,,4.68429,-0.057059,-0.205873,999,,,,,,,196.10000000000005,3.771153846153847,199,3.826923076923077,,,,,,,,,,,,,,,,,,,"Garrett McDaniels","sa3020619",680729
"Jonathan Bowlan","KCR",3,4,,4.74725,40,0,0,1,,40,177,43,23,21,6,14,,2,30,6.72527,3.16484,2.125,1.28571,0.168734,0.0794045,0.0893300250172615,0.265027,1.41758,0.294737,0.694946,,,4.7489,-0.0582292,-0.0627309,999,,,,,,,126.39999999999999,3.1599999999999997,138,3.45,,,,,,,,,,,,,,,,,,,"Jonathan Bowlan","24607",680742
"Seth Johnson","PHI",1,2,,5.51724,20,0,0,1,,20,92,22,13,12,3,10,,1,16,7.01149,4.36782,1.60526,1.49425,0.169916,0.10585,0.06406684964895248,0.266458,1.57088,0.293878,0.677481,,,5.2993,-0.0583204,-0.0841378,999,,,,,,,56.89999999999999,2.8449999999999998,64,3.2,,,,,,,,,,,,,,,,,,,"Seth Johnson","26020",686751
"Ryan Cusick","ATH",1,1,,5.34247,13,0,0,1,,13,59,13,8,8,2,7,,1,10,7.12329,5.06849,1.40541,1.36986,0.173333,0.123333,0.050000011920928955,0.258687,1.58295,0.28934,0.688889,,,5.43436,-0.058342,-0.05595,999,,,,,,,37.8,2.9076923076923076,39,3,,,,,,,,,,,,,,,,,,,"Ryan Cusick","sa3017385",680743
"Riley O'Brien","STL",3,3,,4.43787,48,0,0,1,,48,214,44,26,24,6,26,,5,48,9.05325,4.7929,1.88889,1.06509,0.225664,0.119469,0.10619468986988068,0.237113,1.43984,0.291971,0.712074,,,4.5866,-0.0585189,-0.061486,999,,,,,,,174.00000000000003,3.6250000000000004,169,3.5208333333333335,,,,,,,,,,,,,,,,,,,"Riley O'Brien","20348",676617
"Omar Cruz","SDP",2,3,,4.60296,38,0,0,1,,38,167,35,21,19,5,17,,4,34,8.11575,3.99731,2.0303,1.21131,0.204893,0.100917,0.10397554188966751,0.241259,1.37281,0.282297,0.693182,,,4.76809,-0.0630975,-0.0770415,749.4299926757812,,,,,,,137.7,3.6236842105263154,134,3.526315789473684,,,,,,,,,,,,,,,,,,,"Omar Cruz","sa3006971",678316
"Justin Anderson","CHW",2,3,,4.63588,62,0,5,10,,62,276,59,34,32,9,31,,3,65,9.43162,4.47602,2.10714,1.27886,0.23506,0.111554,0.12350597977638245,0.245455,1.45648,0.300654,0.720339,,,4.56968,-0.06334,-0.251688,674.8599853515625,,,,,,,287.69999999999993,4.64032258064516,286,4.612903225806452,,,,,,,,,,,,,,,,,,,"Justin Anderson","16201",605121
"Emiliano Teodo","TEX",1,2,,5.18072,28,0,0,1,,28,126,26,17,16,4,16,,2,27,8.55422,5.06024,1.69048,1.3253,0.21131,0.125,0.0863095372915268,0.238754,1.48594,0.280193,0.679916,,,5.06742,-0.063375,-0.0923492,713.1599731445312,,,,,,,94.40000000000006,3.3714285714285737,92,3.2857142857142856,,,,,,,,,,,,,,,,,,,"Emiliano Teodo","sa3015158",693713
"Kolby Allard","CLE",2,2,,4.9185,36,0,0,1,,36,157,38,21,20,6,12,,1,30,7.50719,2.93384,2.55882,1.55321,0.19163,0.0748899,0.11674009263515472,0.263158,1.38063,0.29393,0.690236,,,4.77722,-0.0645004,-0.100253,999,,,,,,,118.80000000000003,3.3000000000000007,127,3.5277777777777777,,,,,,,,,,,,,,,,,,,"Kolby Allard","18694",663465
"Tyler Kinley","COL",3,4,,4.92901,64,0,17,7,,64,280,62,38,35,10,29,,3,68,9.4929,4.01623,2.36364,1.46045,0.240741,0.101852,0.1388889104127884,0.25,1.41988,0.30303,0.697279,,,4.62693,-0.0649233,0.0273105,529.9000244140625,,,,,,,342.40000000000003,5.3500000000000005,343,5.359375,,,,,,,,,,,,,,,,,,,"Tyler Kinley","18297",641755
"Troy Taylor","SEA",3,3,,4.15631,56,0,0,7,,56,241,50,28,26,8,23,,5,57,9.1119,3.67673,2.47826,1.27886,0.235537,0.0950413,0.14049585908651352,0.233645,1.29663,0.281879,0.728155,,,4.48087,-0.0653641,-0.0570181,999,,,,,,,244.0000000000001,4.357142857142859,234,4.178571428571429,,,,,,,,,,,,,,,,,,,"Troy Taylor","31883",700187
"Victor Mederos","LAA",1,2,,5.30507,23,0,0,1,,23,105,24,15,14,3,11,,3,17,6.70114,4.18821,1.6,1.303,0.162528,0.10158,0.06094808131456375,0.263566,1.52017,0.292359,0.66719,,,5.29678,-0.0655719,-0.099624,999,,,,,,,66.9,2.9086956521739133,72,3.130434782608696,,,,,,,,,,,,,,,,,,,"Victor Mederos","31533",682989
"Andrew Moore","CIN",1,3,,5.54415,32,0,0,1,,32,149,30,21,20,5,22,,4,35,9.79466,6.09856,1.60606,1.29363,0.23348,0.145374,0.08810572326183319,0.239362,1.60164,0.296875,0.674487,,,5.26094,-0.0665287,-0.104755,999,,,,,,,93.30000000000001,2.9156250000000004,91,2.84375,,,,,,,,,,,,,,,,,,,"Andrew Moore","sa3016795",681097
"T.J. McFarland","ATH",4,2,,4.3125,60,0,0,12,,60,261,62,31,29,6,20,,4,42,6.375,3,2.125,0.9375,0.162679,0.076555,0.08612439781427383,0.263158,1.375,0.298013,0.694915,,,4.29148,-0.0672002,-0.116204,999,,,,,,,269,4.483333333333333,282,4.7,,,,,,,,,,,,,,,,,,,"T.J. McFarland","3237",519008
"Eduardo Salazar","WSN",2,3,,4.70735,52,0,0,6,,52,234,54,29,27,6,22,,5,38,6.6127,3.81071,1.73529,1.00872,0.163435,0.0941828,0.06925207376480103,0.260188,1.45704,0.294821,0.689655,,,4.72314,-0.0676822,-0.0822524,999,,,,,,,189.6,3.646153846153846,201,3.8653846153846154,,,,,,,,,,,,,,,,,,,"Eduardo Salazar","23135",674285
"Orlando Ribalta","WSN",2,5,,5.054,48,0,0,1,,48,218,48,29,27,6,26,,2,44,8.16415,4.85961,1.68,1.16631,0.2,0.119048,0.08095238357782364,0.251366,1.53348,0.296296,0.686901,,,4.78635,-0.0727474,-0.144248,999,,,,,,,164.60000000000002,3.429166666666667,170,3.5416666666666665,,,,,,,,,,,,,,,,,,,"Orlando Ribalta","26247",687377
"Jaden Hill","COL",2,3,,5.32544,34,0,0,1,,34,154,35,21,20,5,14,,5,30,7.81065,3.72781,2.09524,1.42012,0.19214,0.091703,0.10043668001890182,0.26,1.43984,0.297297,0.66343,,,5.19804,-0.0727524,-0.0376072,750.7899780273438,,,,,,,106.10000000000002,3.120588235294118,112,3.2941176470588234,,,,,,,,,,,,,,,,,,,"Jaden Hill","30250",677955
"Bryce Jarvis","ARI",2,2,,4.2503,48,0,0,1,,48,211,46,24,23,5,23,,2,36,6.80047,4.2503,1.6,0.956316,0.172043,0.107527,0.06451613456010818,0.25,1.44038,0.286274,0.722121,,,4.59505,-0.073048,0.0246354,999,,,,,,,175.10000000000005,3.6479166666666676,176,3.6666666666666665,,,,,,,,,,,,,,,,,,,"Bryce Jarvis","27477",686826
"Rafael Montero","HOU",2,3,,4.43532,52,0,0,4,,52,230,50,28,26,6,23,,3,46,7.94661,4.06571,1.95455,1.10883,0.2,0.102326,0.0976744219660759,0.247368,1.41684,0.29078,0.709571,,,4.54225,-0.0764988,-0.100902,999,,,,,,,211,4.0576923076923075,212,4.076923076923077,,,,,,,,,,,,,,,,,,,"Rafael Montero","12760",606160
"Roddery Muñoz","STL",1,2,,4.84047,26,0,0,1,,26,114,26,15,14,4,12,,1,22,7.6299,4.02005,1.89796,1.47675,0.192946,0.10166,0.0912863090634346,0.252927,1.43118,0.28481,0.705615,,,5.10814,-0.0784707,-0.0617703,999,,,,,,,84.6,3.253846153846154,87,3.3461538461538463,,,,,,,,,,,,,,,,,,,"Roddery Munoz","25311",682610
"Will Smith",,1,2,,4.7482,27,0,0,0,,27,115,27,16,14,4,10,,1,23,7.55396,3.23741,2.33333,1.29496,0.196629,0.0842697,0.11235956102609634,0.254658,1.34293,0.291667,0.672269,,,4.58135,-0.0824674,-0.216454,999,,,,,,,93.40000000000002,3.45925925925926,96,3.5555555555555554,,,,,,,,,,,,,,,,,,,"Will Smith","8048",519293
"Michael Mercado","PHI",2,2,,5.27197,36,0,0,1,,36,160,36,23,21,6,17,,2,32,7.90795,4.14226,1.90909,1.50628,0.197492,0.103448,0.09404388070106506,0.255319,1.46444,0.289855,0.680272,,,5.13301,-0.0851794,-0.139423,999,,,,,,,110.00000000000003,3.0555555555555562,113,3.138888888888889,,,,,,,,,,,,,,,,,,,"Michael Mercado","23223",675650
"Héctor Neris","ATL",6,5,,3.9779,56,0,0,9,,56,237,50,27,25,8,24,,3,59,9.44751,3.81215,2.47826,1.32597,0.247826,0.1,0.14782609045505524,0.235294,1.30755,0.28777,0.752508,,,4.41878,-0.085198,0.180314,737.97998046875,,,,,,,259.0000000000001,4.625000000000002,249,4.446428571428571,,,,,,,,,,,,,,,,,,,"Hector Neris","11804",593576
"Connor Gillispie","MIA",2,3,,4.69806,48,0,0,1,,48,212,50,27,25,7,20,,3,38,7.18526,3.68475,1.95,1.28966,0.180556,0.0925926,0.08796296268701553,0.261658,1.44319,0.295918,0.708402,,,4.84509,-0.086666,-0.0581807,999,,,,,,,150.10000000000002,3.1270833333333337,160,3.3333333333333335,,,,,,,,,,,,,,,,,,,"Connor Gillispie","26171",687362
"Casey Legumina","SEA",2,3,,5.0339,48,0,0,1,,48,213,50,29,27,7,18,,2,41,7.77966,3.35593,2.31818,1.37288,0.194656,0.0839695,0.1106870099902153,0.261603,1.42373,0.299435,0.672269,,,4.6919,-0.0917299,-0.212554,999,,,,,,,165.10000000000002,3.4395833333333337,175,3.6458333333333335,,,,,,,,,,,,,,,,,,,"Casey Legumina","25921",668984
"Tanner Rainey","PIT",0,1,,5.04878,42,0,0,1,,42,187,41,26,24,6,23,,2,39,8.34146,4.82927,1.72727,1.31707,0.20765,0.120219,0.08743170648813248,0.251572,1.5122,0.295652,0.690298,,,4.97136,-0.0929603,-0.12183,999,,,,,,,137.4,3.2714285714285714,139,3.3095238095238093,,,,,,,,,,,,,,,,,,,"Tanner Rainey","17610",663432
"Jake Diekman","ATL",2,2,,4.73684,46,0,0,1,,46,206,38,27,24,6,31,,4,54,10.6579,6.15789,1.73077,1.18421,0.264706,0.152941,0.11176468431949615,0.219858,1.5,0.285714,0.7,,,4.79806,-0.0932871,-0.100967,999,,,,,,,174.8,3.8000000000000003,159,3.4565217391304346,,,,,,,,,,,,,,,,,,,"Jake Diekman","5003",518617
"Spencer Bivens","SFG",2,3,,4.55696,42,0,0,1,,42,184,44,23,21,6,15,,3,31,6.60759,3.18987,2.07143,1.25316,0.16763,0.0809249,0.08670520782470703,0.265176,1.40506,0.295082,0.711297,,,4.76142,-0.0933478,-0.0653308,999,,,,,,,134.6,3.2047619047619045,144,3.4285714285714284,,,,,,,,,,,,,,,,,,,"Spencer Bivens","30226",702352
"George Soriano","MIA",1,2,,4.56716,50,0,0,4,,50,222,48,28,25,7,22,,5,48,8.59701,4.02985,2.13333,1.20896,0.215488,0.10101,0.11447810381650925,0.246154,1.40299,0.294118,0.700246,,,4.65902,-0.0943873,-0.0721167,999,,,,,,,190.09999999999997,3.801999999999999,190,3.8,,,,,,,,,,,,,,,,,,,"George Soriano","21863",666277
"Steven Wilson","CHW",2,2,,5.12035,37,0,0,1,,37,160,33,23,21,6,20,,2,37,9.05908,4.92341,1.84,1.57549,0.232323,0.126263,0.10606062412261963,0.241176,1.4442,0.284483,0.693431,,,5.26714,-0.0958776,-0.134809,999,,,,,,,126.2,3.410810810810811,119,3.2162162162162162,,,,,,,,,,,,,,,,,,,"Steven Wilson","20353",621051
"Brad Lord","WSN",1,2,,5.55678,25,2,0,1,,32,142,37,21,20,5,9,,4,16,4.66373,2.48071,1.88,1.48842,0.115764,0.0615764,0.05418719723820686,0.283019,1.4333,0.291262,0.633028,,,5.4377,-0.0990376,-0.138665,999,,,,,,,76.10000000000001,2.3781250000000003,92,2.875,,,,,,,,,,,,,,,,,,,"Brad Lord","sa3020812",695418
"Kaleb Ort","HOU",3,3,,4.23983,60,0,0,12,,60,258,55,31,28,9,26,,3,62,9.25054,3.85439,2.4,1.34904,0.238806,0.0995025,0.13930348306894302,0.240223,1.34904,0.290323,0.733083,,,4.47269,-0.0992992,-0.052215,999,,,,,,,275.3,4.588333333333334,268,4.466666666666667,,,,,,,,,,,,,,,,,,,"Kaleb Ort","20061",672391
"Drew Smyly",,3,3,,4.46449,33,0,0,0,,33,143,33,18,16,5,12,,1,31,8.32018,3.2469,2.5625,1.42052,0.212987,0.0831169,0.12987013161182404,0.252149,1.35287,0.29249,0.717131,,,4.587,-0.103126,-0.0898427,999,,,,,,,119.90000000000005,3.6333333333333346,123,3.727272727272727,,,,,,,,,,,,,,,,,,,"Drew Smyly","11760",592767
"Jacob Misiorowski","MIL",1,2,,4.94624,36,0,0,1,,36,163,31,22,20,5,21,,7,38,9.46237,5.16129,1.83333,1.29032,0.232804,0.126984,0.10582010447978973,0.226115,1.42174,0.275701,0.675147,,,5.22144,-0.10575,-0.110752,999,,,,,,,120.30000000000004,3.3416666666666677,111,3.0833333333333335,,,,,,,,,,,,,,,,,,,"Jacob Misiorowski","sa3020644",694819
"Carlos Vargas","SEA",3,3,,4.23529,54,0,0,4,,54,238,54,28,25,6,22,,3,43,7.23529,3.70588,1.95238,1.05882,0.182222,0.0933333,0.08888889849185944,0.253731,1.41176,0.292208,0.72327,,,4.49981,-0.107473,-0.122103,999,,,,,,,212.4,3.9333333333333336,219,4.055555555555555,,,,,,,,,,,,,,,,,,,"Carlos Vargas","22915",672841
"Hogan Harris","ATH",3,4,,4.56812,55,2,0,5,,61,271,58,34,31,8,30,,4,54,7.9341,4.32769,1.83333,1.12199,0.199597,0.108871,0.09072580188512802,0.245977,1.43366,0.28882,0.700141,,,4.65357,-0.115641,-0.189699,750.97998046875,,,,,,,228.2000000000001,3.740983606557379,227,3.721311475409836,,,,,,,,,,,,,,,,,,,"Hogan Harris","21520",663687
"Ryan Zeferjahn","LAA",2,3,,4.71971,61,0,1,12,,61,271,55,34,32,8,31,,7,62,9.11392,4.55696,2,1.13924,0.227642,0.113821,0.11382114142179489,0.235849,1.41049,0.288591,0.68915,,,4.63122,-0.117179,-0.202797,744.260009765625,,,,,,,273.0000000000001,4.475409836065576,264,4.327868852459017,,,,,,,,,,,,,,,,,,,"Ryan Zeferjahn","25420",666171
"Taijuan Walker","PHI",3,5,,5.13158,53,3,0,4,,67,294,70,41,38,11,25,,3,47,6.23684,3.31579,1.88095,1.42105,0.158635,0.0843374,0.07429718971252441,0.263858,1.41228,0.285311,0.670103,,,5.06999,-0.118761,-0.276669,748.969970703125,,,,,,,204.49999999999994,3.0522388059701484,218,3.253731343283582,,,,,,,,,,,,,,,,,,,"Taijuan Walker","11836",592836
"Ben Casparius","LAD",3,3,,4.9186,47,0,0,4,,47,208,45,28,26,7,22,,3,44,8.47674,4.2907,1.97561,1.36047,0.212598,0.107612,0.10498686879873276,0.244776,1.43023,0.286307,0.687023,,,4.85253,-0.119598,-0.213865,748.8300170898438,,,,,,,173.70000000000005,3.695744680851065,173,3.6808510638297873,,,,,,,,,,,,,,,,,,,"Ben Casparius","30085",676508
"Lake Bachar","MIA",3,4,,4.58771,58,0,1,10,,58,256,59,32,30,9,23,,2,54,8.36582,3.64318,2.2963,1.34933,0.210884,0.0918367,0.1190476268529892,0.256604,1.42429,0.300518,0.716049,,,4.56078,-0.119898,-0.0719087,999,,,,,,,243.10000000000005,4.1913793103448285,251,4.327586206896552,,,,,,,,,,,,,,,,,,,"Lake Bachar","19222",669199
"Anthony Veneziano","MIA",3,3,,4.46872,56,0,0,9,,56,249,59,30,28,7,22,,3,45,7.23933,3.57498,2.025,1.16187,0.181208,0.0894855,0.09172259271144867,0.264339,1.44985,0.302932,0.719875,,,4.6064,-0.122327,-0.00284021,999,,,,,,,225.90000000000006,4.033928571428572,240,4.285714285714286,,,,,,,,,,,,,,,,,,,"Anthony Veneziano","27453",685107
"Adam Cimber",,1,2,,4.81395,24,0,0,0,,24,104,24,14,13,3,8,,4,17,6.27907,2.93023,2.14286,1.04651,0.16129,0.0752688,0.08602150529623032,0.260606,1.32558,0.292308,0.64,,,4.74788,-0.123228,-0.167518,999,,,,,,,76.30000000000001,3.179166666666667,79,3.2916666666666665,,,,,,,,,,,,,,,,,,,"Adam Cimber","15288",643256
"Evan Justice","COL",3,4,,5.57276,42,0,0,1,,42,205,42,29,26,5,31,,8,42,8.91641,6.68731,1.33333,1.11455,0.202532,0.151899,0.05063290894031525,0.25,1.73375,0.304348,0.674603,,,5.58134,-0.14181,-0.128787,999,,,,,,,111.10000000000001,2.6452380952380956,116,2.761904761904762,,,,,,,,,,,,,,,,,,,"Evan Justice","30008",687145
"Tyler Ferguson","ATH",4,4,,4.387,62,0,0,14,,62,269,53,33,30,7,30,,6,65,9.4387,4.387,2.15152,1.06352,0.241497,0.112245,0.12925168871879578,0.228346,1.34417,0.285714,0.689223,,,4.37771,-0.14829,-0.243149,750.030029296875,,,,,,,312.8999999999999,5.046774193548385,297,4.790322580645161,,,,,,,,,,,,,,,,,,,"Tyler Ferguson","19481",621053
"Lou Trivino","SFG",4,6,,4.77454,56,0,0,10,,56,251,55,33,30,7,25,,3,53,8.59416,4.05836,2.11765,1.19363,0.213018,0.100592,0.1124260351061821,0.246667,1.43236,0.293578,0.680851,,,4.49274,-0.158919,-0.32211,999,,,,,,,247.30000000000007,4.4160714285714295,251,4.482142857142857,,,,,,,,,,,,,,,,,,,"Lou Trivino","15043",642152
"Cole Henry","WSN",1,4,,5.21053,50,0,0,4,,50,222,49,32,29,7,24,,5,42,7.57895,4.26316,1.77778,1.18421,0.189349,0.106509,0.08284024149179459,0.251701,1.44737,0.290909,0.645833,,,4.92964,-0.163322,-0.318643,999,,,,,,,169.49999999999997,3.3899999999999992,172,3.44,,,,,,,,,,,,,,,,,,,"Cole Henry","sa3014446",669371
"Justin Sterner","ATH",4,4,,4.33962,58,0,0,11,,58,252,55,30,28,9,23,,4,56,8.67924,3.58491,2.42105,1.32075,0.222222,0.0917874,0.1304348036646843,0.243243,1.34172,0.287879,0.719557,,,4.52916,-0.171201,-0.105723,999,,,,,,,250.50000000000006,4.31896551724138,248,4.275862068965517,,,,,,,,,,,,,,,,,,,"Justin Sterner","27694",686993
"Lucas Sims","WSN",4,5,,4.56389,58,0,1,11,,58,249,48,32,29,7,33,,6,60,9.31034,5.11156,1.82143,1.09533,0.240566,0.132075,0.10849055647850037,0.22905,1.39959,0.286885,0.693069,,,4.68778,-0.173121,-0.150529,743.3800048828125,,,,,,,270.3,4.660344827586207,251,4.327586206896552,,,,,,,,,,,,,,,,,,,"Lucas Sims","13470",608371
"Luis Mey","CIN",2,4,,6.27907,42,0,0,1,,42,202,43,31,29,7,31,,5,37,7.95349,6.69767,1.1875,1.46512,0.183575,0.154589,0.028985515236854553,0.258824,1.76744,0.296,0.664653,,,6.09671,-0.198572,-0.234772,750.219970703125,,,,,,,82.90000000000002,1.9738095238095243,89,2.119047619047619,,,,,,,,,,,,,,,,,,,"Luis Mey","sa3010130",682825
"Noah Murdock","ATH",1,1,,5.11545,59,0,0,8,,59,271,57,37,34,7,35,,7,50,7.67318,5.27531,1.45455,1.11901,0.185328,0.127413,0.05791507661342621,0.246575,1.54529,0.286585,0.673575,,,5.20911,-0.218582,-0.27584,999,,,,,,,208.3,3.5305084745762714,210,3.559322033898305,,,,,,,,,,,,,,,,,,,"Noah Murdock","sa919012",668716
"Triston McKenzie","CLE",6,8,,4.77089,44,18,0,1,,114,504,108,65,60,20,63,,2,106,8.4097,5.01348,1.67742,1.61725,0.210953,0.125761,0.0851927101612091,0.247086,1.50943,0.281967,0.742857,,,5.35875,-0.247295,0.293045,514.3300170898438,,,,,,,337.7999999999999,2.9631578947368413,331,2.9035087719298245,,,,,,,,,,,,,,,,,,,"Triston McKenzie","18000",663474
"Daniel Bard",,2,3,,5.04202,30,0,0,0,,30,134,28,18,17,4,18,,3,29,8.57143,5.54622,1.54545,1.2605,0.2125,0.1375,0.07500000298023224,0.246269,1.54062,0.294737,0.6875,,,5.26732,-0.347554,-0.265359,999,,,,,,,95.00000000000001,3.166666666666667,93,3.1,,,,,,,,,,,,,,,,,,,"Daniel Bard","7115",453268
"Mike Clevinger","CHW",3,5,,4.92,64,0,19,6,,64,278,65,38,35,10,23,,5,53,7.44,3.24,2.2963,1.44,0.190184,0.0828221,0.10736195743083954,0.259386,1.37333,0.292237,0.684455,,,4.91315,-0.432139,-0.720072,647.969970703125,,,,,,,322.6,5.040625,331,5.171875,,,,,,,,,,,,,,,,,,,"Mike Clevinger","12808",605182
"Luis Peralta","COL",2,5,,5.08772,62,0,1,11,,62,284,59,37,35,10,35,,7,63,9.12281,5.08772,1.7931,1.40351,0.221277,0.123404,0.09787233918905258,0.245,1.52047,0.292857,0.703593,,,5.21326,-0.43795,-0.0133723,748.780029296875,,,,,,,231.39999999999995,3.7322580645161283,229,3.693548387096774,,,,,,,,,,,,,,,,,,,"Luis Peralta","24203",678821