Name,Team,W,L,QS,ERA,G,GS,SV,HLD,BS,IP,TBF,H,R,ER,HR,BB,IBB,HBP,SO,K/9,BB/9,K/BB,HR/9,K%,BB%,K-BB%,AVG,WHIP,BABIP,LOB%,GB%,HR/FB,FIP,WAR,RA9-WAR,ADP,InterSD,InterSK,IntraSD,Vol,Skew,Dim,FPTS,FPTS/IP,SPTS,SPTS/IP,P10,P20,P30,P40,P50,P60,P70,P80,P90,TT10,TT20,TT30,TT40,TT50,TT60,TT70,TT80,TT90,NameASCII,PlayerId,MLBAMID
Tarik Skubal,DET,14.1226,6.58254,18.0855,2.71504,29.3624,29.3624,0.0,0.0,0.0,188.109,737.06,145.126,61.6813,56.7468,18.3213,38.1489,0.651058,6.39,227.722,10.8953,1.82522,5.9693,0.876576,0.30896,0.0517581,0.25720173865556717,0.209561,0.974302,0.28401,0.771409,,,2.69044,5.87479,5.79059,6.909999847412109,3.88616,-1.08285,2.00138,3.88616,1.08285,2.3315,1116.8,5.940425531914894,1030.0,5.4787234042553195,,,,,,,,,,,,,,,,,,,Tigers,22267,669373
Paul Skenes,PIT,12.0792,7.81797,17.5104,2.75463,29.8894,29.8894,0.0,0.0,0.0,185.012,736.217,145.588,61.5506,56.6266,15.2896,45.7863,0.840491,6.45867,221.405,10.7703,2.2273,4.83561,0.743771,0.300733,0.0621913,0.23854131251573563,0.212856,1.03439,0.291313,0.763808,,,2.66323,5.68735,5.90476,9.65999984741211,1.98979,-0.293224,1.76763,1.98979,0.293224,2.64317,1090.9,5.896756756756758,1016.0,5.491891891891892,,,,,,,,,,,,,,,,,,,Pirates,33677,694973
Garrett Crochet,BOS,13.907,8.03575,16.7828,3.04663,29.2127,29.2127,0.0,0.0,0.711651,183.03,732.962,147.928,67.3461,61.9584,19.5571,47.2536,1.81026,5.16165,224.474,11.0379,2.32356,4.75041,0.961665,0.306256,0.0644694,0.24178698658943176,0.217367,1.06639,0.294082,0.761826,,,2.93047,5.08044,5.13163,12.100000381469727,4.82318,-1.39789,1.45789,4.82318,1.39789,3.05615,1015.4000000000001,5.548633879781422,947.0,5.174863387978142,,,,,,,,,,,,,,,,,,,Red Sox,27463,676979
Logan Webb,SFG,13.3933,9.59452,17.0925,3.28557,30.1864,30.1864,0.0,0.178555,0.0,195.373,805.589,187.71,77.5254,71.3234,15.2494,44.3554,0.903914,5.76421,186.864,8.60803,2.04327,4.21287,0.702477,0.231959,0.0550596,0.17689963802695274,0.248467,1.18781,0.311662,0.733403,,,3.00653,4.99577,4.50282,57.72999954223633,4.1883,-0.71369,1.20691,4.1883,0.71369,3.39078,993.7,5.095897435897436,1004.0,5.148717948717949,,,,,,,,,,,,,,,,,,,Giants,17995,657277
Cristopher Sánchez,PHI,12.0359,7.51073,16.6006,3.18784,29.3485,29.3485,0.0,0.0,0.0,187.877,768.312,169.822,72.3337,66.547,16.1792,45.8617,2.18224,5.90546,182.553,8.74494,2.19694,3.98051,0.775042,0.237603,0.0596915,0.17791112884879112,0.237001,1.148,0.296715,0.74262,,,3.13793,4.59012,4.94353,25.170000076293945,3.27703,-0.690162,1.12803,3.27703,0.690162,3.49596,962.4000000000001,5.119148936170213,942.0,5.01063829787234,,,,,,,,,,,,,,,,,,,Phillies,20778,650911
Chris Sale,ATL,11.119,6.26736,13.9468,3.17956,25.5804,25.5804,0.0,0.0,0.0,156.965,637.423,129.84,60.2754,55.4534,16.6555,41.2279,0.661834,8.95363,192.844,11.0572,2.36391,4.67753,0.954986,0.302538,0.064679,0.23785853385925293,0.221101,1.08984,0.299633,0.749863,,,3.01649,3.89035,4.05492,39.209999084472656,3.2704,-0.239956,1.11401,3.2704,0.239956,3.51466,850.7,5.418471337579618,800.0,5.095541401273885,,,,,,,,,,,,,,,,,,,Braves,10603,519242
Yoshinobu Yamamoto,LAD,12.284,6.67439,13.7786,3.24567,26.4979,26.4979,0.0,0.0,0.0,161.159,654.263,131.9,63.1725,58.1187,15.84,47.299,0.733026,4.98304,175.038,9.77506,2.64143,3.70066,0.884594,0.267534,0.0722935,0.19524051249027252,0.219109,1.11194,0.282312,0.738914,,,3.21389,3.79017,3.8721,26.639999389648438,3.67138,-0.487686,1.03676,3.67138,0.487686,3.61765,845.4000000000001,5.2509316770186345,791.0,4.913043478260869,,,,,,,,,,,,,,,,,,,Dodgers,33825,808967
Cole Ragans,KCR,10.3476,7.95616,13.086,3.42957,26.4515,26.4515,0.0,0.0,0.0,155.757,638.345,124.847,64.5145,59.3534,16.8533,55.2197,1.77417,5.02562,193.3,11.1693,3.19072,3.50056,0.973819,0.302814,0.0865044,0.21630945801734924,0.21596,1.15607,0.293502,0.738483,,,3.22007,3.78889,3.30477,47.779998779296875,3.41829,-0.414945,0.937625,3.41829,0.414945,3.74983,826.3000000000002,5.296794871794873,765.0,4.903846153846154,,,,,,,,,,,,,,,,,,,Royals,21846,666142
Jesús Luzardo,PHI,11.9909,9.19924,14.5012,3.64242,29.3425,29.3425,0.0,0.0,0.0,176.054,722.843,151.388,77.4474,71.2516,21.5216,53.9551,0.822905,5.18052,193.948,9.9147,2.75821,3.59461,1.1002,0.268312,0.0746429,0.1936693638563156,0.228095,1.16636,0.289728,0.729946,,,3.52872,3.63558,3.55802,71.11000061035156,2.76067,-0.432337,1.01107,2.76067,0.432337,3.6519,850.2000000000002,4.830681818181819,805.0,4.573863636363637,,,,,,,,,,,,,,,,,,,Phillies,19959,666200
Max Fried,NYY,14.1563,8.2592,15.9064,3.32101,28.6966,28.6966,0.0,0.0,0.0,180.199,743.228,158.892,72.2757,66.4936,16.5386,52.8469,0.856422,7.10997,170.998,8.54047,2.63943,3.23573,0.826016,0.230075,0.0711046,0.15897050499916077,0.232546,1.17503,0.287157,0.739525,,,3.42857,3.62998,4.1517,50.09000015258789,2.04246,-2.32592,1.16065,2.04246,2.32592,3.45246,871.5000000000001,4.841666666666668,841.0,4.6722222222222225,,,,,,,,,,,,,,,,,,,Yankees,13743,608331
Framber Valdez,DET,12.7327,9.59454,15.7946,3.48816,28.534,28.534,0.0,0.0,0.0,185.144,774.194,166.218,77.9967,71.757,15.7802,61.1463,0.718134,8.06001,172.813,8.40057,2.97237,2.82623,0.767085,0.223217,0.0789806,0.14423636347055435,0.235774,1.22804,0.291323,0.727656,,,3.49774,3.60668,3.7138,81.8499984741211,3.44928,-2.57062,1.11695,3.44928,2.57062,3.51073,879.6,4.754594594594595,856.0,4.627027027027027,,,,,,,,,,,,,,,,,,,Tigers,17295,664285
Dylan Cease,TOR,10.6146,9.39551,12.5499,3.70073,29.0857,29.0857,0.0,0.0,0.0,168.955,702.87,141.657,75.514,69.4729,20.5197,64.3004,1.46695,5.25431,199.856,10.6461,3.4252,3.10816,1.09306,0.284343,0.0914826,0.19286008179187775,0.223675,1.21901,0.293353,0.736013,,,3.58324,3.57782,2.80158,74.2699966430664,5.58958,-1.03199,1.07575,5.58958,1.03199,3.56567,816.1000000000001,4.828994082840238,765.0,4.5266272189349115,,,,,,,,,,,,,,,,,,,Blue Jays,18525,656302
Hunter Brown,HOU,12.1047,8.62765,15.8108,3.4903,29.3352,29.3352,0.0,0.0,0.0,178.999,739.05,153.058,75.4542,69.4179,19.6932,58.1741,1.49845,6.93109,193.909,9.74967,2.92497,3.33325,0.990168,0.262376,0.0787147,0.18366120010614395,0.227107,1.18007,0.289707,0.739283,,,3.48994,3.56918,3.57488,36.400001525878906,2.60879,0.672009,1.02702,2.60879,-0.672009,3.63063,873.8000000000002,4.881564245810057,828.0,4.625698324022347,,,,,,,,,,,,,,,,,,,Astros,25880,686613
Sonny Gray,BOS,11.7757,8.56318,13.3655,3.8102,28.1308,28.1308,0.0,0.0,0.0,167.845,692.903,155.666,77.2368,71.0579,20.7491,43.6638,0.649588,5.14478,177.361,9.51027,2.3413,4.06196,1.11259,0.255968,0.0630158,0.192951999604702,0.241683,1.18759,0.302516,0.717009,,,3.50121,3.46665,3.01245,137.82000732421875,1.95518,-1.96807,0.965702,1.95518,1.96807,3.7124,786.3000000000001,4.680357142857143,774.0,4.607142857142857,,,,,,,,,,,,,,,,,,,Red Sox,12768,543243
Jacob deGrom,TEX,10.1409,6.82087,12.1365,3.43702,26.091,26.091,0.0,0.0,0.0,157.865,630.593,130.789,65.5293,60.287,21.6064,35.9289,0.565692,4.48877,177.637,10.1272,2.04834,4.94411,1.2318,0.281698,0.0569765,0.22472138702869415,0.221611,1.05608,0.279289,0.741478,,,3.432,3.46022,3.1155,49.970001220703125,2.61609,-1.11547,1.10963,2.61609,1.11547,3.5205,793.9999999999999,5.025316455696202,740.0,4.6835443037974684,,,,,,,,,,,,,,,,,,,Rangers,10954,594798
Bryan Woo,SEA,13.3607,8.47416,15.3874,3.40834,29.2891,29.2891,0.0,0.0,0.0,183.483,733.937,151.866,75.5282,69.486,24.2056,38.2443,0.926561,7.02454,185.211,9.08474,1.87591,4.84283,1.18731,0.252352,0.0521084,0.20024395734071732,0.220522,1.03612,0.266375,0.733455,,,3.57146,3.41639,3.19729,34.900001525878906,3.59387,0.153807,1.3798,3.59387,-0.153807,3.16027,898.8,4.911475409836065,838.0,4.579234972677596,,,,,,,,,,,,,,,,,,,Mariners,30279,693433
Logan Gilbert,SEA,10.5284,7.92361,13.5913,3.42756,28.4223,28.4223,0.0,0.0,0.0,167.796,669.531,138.219,69.4603,63.9035,22.1207,37.3679,1.12842,5.65809,187.772,10.0714,2.00429,5.02495,1.18648,0.280453,0.0558121,0.22464074939489365,0.220619,1.04643,0.278672,0.733841,,,3.3801,3.33564,3.02359,37.11000061035156,4.44377,1.29696,1.22158,4.44377,-1.29696,3.37123,860.8,5.123809523809523,801.0,4.767857142857143,,,,,,,,,,,,,,,,,,,Mariners,22250,669302
Ranger Suarez,BOS,11.113,8.83017,13.5775,3.67876,27.0272,27.0272,0.0,0.0,0.0,164.76,689.703,158.202,73.2019,67.3457,16.764,46.6862,0.824058,5.36414,148.453,8.10923,2.55024,3.17979,0.915735,0.215241,0.0676903,0.14755096286535263,0.248101,1.24356,0.29938,0.72587,,,3.60357,3.28225,3.23549,183.5800018310547,2.7574,0.912501,0.852169,2.7574,-0.912501,3.86377,741.1000000000001,4.491515151515152,744.0,4.509090909090909,,,,,,,,,,,,,,,,,,,Red Sox,17277,624133
Joe Ryan,MIN,11.1823,9.57509,13.3956,3.82088,27.9883,27.9883,0.0,0.0,0.0,168.145,682.622,146.612,77.5917,71.3844,25.2751,38.5193,0.567605,8.19108,185.148,9.91014,2.06176,4.80664,1.35286,0.271231,0.0564284,0.21480268239974976,0.230553,1.10102,0.28517,0.718145,,,3.72041,3.15778,2.63477,78.80999755859375,2.16153,0.602669,1.11417,2.16153,-0.602669,3.51444,782.5,4.657738095238095,744.0,4.428571428571429,,,,,,,,,,,,,,,,,,,Twins,21390,657746
George Kirby,SEA,11.8582,8.89216,13.5774,3.61756,28.0713,28.0713,0.0,0.0,0.0,165.969,672.986,152.095,72.5125,66.7115,20.2156,31.4265,0.648011,6.67413,162.396,8.80625,1.70416,5.1675,1.09623,0.241307,0.0466971,0.19461004436016083,0.239563,1.10576,0.291592,0.715174,,,3.45033,3.13154,2.43445,64.55999755859375,3.2075,-0.818844,0.954892,3.2075,0.818844,3.72681,797.2,4.802409638554217,780.0,4.698795180722891,,,,,,,,,,,,,,,,,,,Mariners,25436,669923
Kevin Gausman,TOR,11.3847,9.9562,13.785,3.91473,28.9773,28.9773,0.0,0.17477,0.0,178.417,736.729,162.642,84.3545,77.6061,23.7054,51.0534,1.07021,3.83991,174.841,8.8196,2.57531,3.42467,1.19579,0.237321,0.0692974,0.16802314668893814,0.238535,1.19773,0.28748,0.716538,,,3.82547,3.09821,2.52837,113.30000305175781,2.81995,-0.318076,0.993855,2.81995,0.318076,3.67486,783.2,4.4,763.0,4.286516853932584,,,,,,,,,,,,,,,,,,,Blue Jays,14107,592332
Zack Wheeler,PHI,9.28805,5.40289,12.2827,3.29589,20.8072,20.8072,0.0,0.0,0.0,129.846,524.347,106.343,51.6858,47.5509,15.184,34.7443,0.542026,5.62291,149.89,10.3893,2.40823,4.31409,1.05245,0.28586,0.0662619,0.219598226249218,0.219726,1.08658,0.285849,0.746071,,,3.27926,2.9769,3.16348,111.97000122070312,3.246,0.445368,0.88266,3.246,-0.445368,3.82312,678.9,5.222307692307692,632.0,4.861538461538461,,,,,,,,,,,,,,,,,,,Phillies,10310,554430
Kyle Bradish,BAL,8.40782,7.01377,10.5972,3.61355,25.1341,25.1341,0.0,0.0,0.0,140.218,580.198,121.073,61.1938,56.2983,15.819,44.7414,0.544908,6.34963,151.429,9.71957,2.87176,3.38453,1.01535,0.260995,0.077114,0.18388090282678604,0.228825,1.18255,0.29087,0.728211,,,3.53496,2.97614,2.47636,72.91000366210938,2.61166,-0.675167,0.570918,2.61166,0.675167,4.23878,673.6,4.811428571428571,641.0,4.578571428571428,,,,,,,,,,,,,,,,,,,Orioles,24586,680694
Nathan Eovaldi,TEX,10.6939,7.86382,13.0263,3.66207,24.9383,24.9383,0.0,0.171145,0.0,153.48,625.268,134.997,67.8811,62.4506,18.1334,37.3238,0.951864,6.32,148.886,8.73061,2.18865,3.98904,1.06334,0.238116,0.0596925,0.17842328920960426,0.232104,1.12276,0.281868,0.710794,,,3.58401,2.91219,2.56447,133.5399932861328,4.30407,0.447909,0.792229,4.30407,-0.447909,3.94369,728.8,4.7633986928104575,700.0,4.57516339869281,,,,,,,,,,,,,,,,,,,Rangers,9132,543135
Freddy Peralta,NYM,12.0936,8.63062,12.3829,3.76374,28.5053,28.5053,0.0,0.0,0.0,164.772,683.465,135.776,74.8987,68.9068,21.8766,60.6981,0.632965,7.50313,183.615,10.0292,3.31538,3.02505,1.19492,0.268653,0.0888094,0.17984379082918167,0.220679,1.19239,0.277957,0.733058,,,3.87415,2.89263,2.81417,56.34000015258789,3.23918,-0.205011,1.0162,3.23918,0.205011,3.64506,757.8000000000001,4.592727272727273,700.0,4.242424242424242,,,,,,,,,,,,,,,,,,,Mets,18679,642547
Drew Rasmussen,TBR,9.62134,7.69568,10.1558,3.61934,28.422,28.422,0.0521839,0.0,0.0,152.689,625.319,136.915,66.7434,61.4039,17.0515,39.0169,0.807625,5.06157,139.663,8.23218,2.29978,3.57955,1.00507,0.223347,0.0623951,0.16095149144530296,0.235556,1.15222,0.282346,0.718063,,,3.62357,2.805,2.88188,133.2100067138672,3.33397,0.585423,0.624852,3.33397,-0.585423,4.16686,714.9000000000001,4.672549019607843,692.0,4.522875816993464,,,,,,,,,,,,,,,,,,,Rays,25385,656876
Michael King,SDP,10.0594,8.36659,11.0972,3.7336,27.3939,27.3939,0.0,0.0,0.651199,156.377,654.802,137.953,70.5132,64.8722,20.2429,54.8758,1.65667,6.9164,163.21,9.39328,3.15828,2.97417,1.16504,0.249251,0.0838053,0.16544608026742935,0.232631,1.2331,0.287408,0.74361,,,3.91603,2.78855,2.65122,130.10000610351562,2.72649,-0.0162849,0.788047,2.72649,0.0162849,3.94927,689.6000000000001,4.420512820512822,660.0,4.230769230769231,,,,,,,,,,,,,,,,,,,Padres,19853,650633
Chase Burns,CIN,7.10526,7.33856,9.17561,3.59238,27.7352,22.4234,0.0,0.398567,0.0,124.704,511.595,106.083,54.1043,49.776,16.6012,39.2624,0.80312,3.36141,147.253,10.6274,2.83361,3.75048,1.19812,0.287831,0.0767451,0.21108552068471909,0.226205,1.16553,0.293272,0.747243,,,3.52952,2.75063,2.70539,107.87999725341797,4.43285,0.436002,0.582613,4.43285,-0.436002,4.22318,608.3,4.8664,572.0,4.576,,,,,,,,,,,,,,,,,,,Reds,35333,695505
José Soriano,LAA,10.0772,10.0913,13.0415,3.76585,29.4639,29.4639,0.0,0.0,0.200373,170.877,733.091,153.351,77.717,71.4997,14.6008,73.4131,1.32248,9.07567,158.646,8.35578,3.86663,2.161,0.769018,0.216406,0.100142,0.11626439541578293,0.235706,1.32706,0.290663,0.722397,,,3.83731,2.74974,2.86399,324.8699951171875,2.05034,-0.411102,1.25013,2.05034,0.411102,3.33316,755.1000000000001,4.415789473684211,732.0,4.280701754385965,,,,,,,,,,,,,,,,,,,Angels,22100,667755
Brandon Woodruff,MIL,9.62623,7.28845,10.7044,3.73996,24.4441,24.4441,0.0,0.0,0.0,141.709,577.411,121.179,64.008,58.8873,20.1401,38.2427,0.479737,5.61565,150.238,9.54168,2.42881,3.92855,1.27911,0.260193,0.0662313,0.193961501121521,0.227117,1.12499,0.27821,0.727097,,,3.79085,2.74145,2.5076,143.6199951171875,2.15555,-0.507305,0.730404,2.15555,0.507305,4.02613,658.1999999999999,4.635211267605634,618.0,4.352112676056338,,,,,,,,,,,,,,,,,,,Brewers,16162,605540
Jack Flaherty,DET,10.1181,9.8909,11.8015,4.04894,28.083,28.083,0.0,0.0,0.0,159.068,668.012,143.674,77.7849,71.5621,21.5148,54.6383,1.08827,6.81059,175.26,9.91608,3.09141,3.20763,1.2173,0.26236,0.0817925,0.18056746572256088,0.236866,1.24671,0.298103,0.716608,,,3.84879,2.62187,2.01617,210.27000427246094,2.79037,-0.566148,1.0504,2.79037,0.566148,3.59947,695.6,4.374842767295598,673.0,4.232704402515723,,,,,,,,,,,,,,,,,,,Tigers,17479,656427
Eury Pérez,MIA,8.70826,8.55591,9.27341,3.90319,26.7756,26.7756,0.0,0.0,0.0,144.395,593.084,120.088,68.0678,62.6224,20.1346,47.9826,0.614019,4.82316,160.763,10.0202,2.99071,3.35044,1.25497,0.271062,0.0809036,0.19015871733427048,0.222272,1.16397,0.278128,0.714908,,,3.81827,2.61252,2.36176,78.7699966430664,2.58658,-0.497262,0.713997,2.58658,0.497262,4.048,670.6000000000001,4.656944444444445,623.0,4.326388888888889,,,,,,,,,,,,,,,,,,,Marlins,27768,691587
MacKenzie Gore,TEX,9.72606,9.84712,11.8921,3.91498,28.0546,28.0546,0.0,0.0,0.0,158.235,667.261,139.926,74.8173,68.8319,20.4298,60.3572,0.663782,6.51298,178.143,10.1323,3.43296,2.95148,1.162,0.266977,0.0904552,0.17652137577533722,0.233059,1.26574,0.29739,0.730807,,,3.82975,2.60133,2.13371,165.22999572753906,4.65184,-1.51446,1.03277,4.65184,1.51446,3.62297,714.2,4.520253164556962,685.0,4.3354430379746836,,,,,,,,,,,,,,,,,,,Rangers,22201,669022
Nick Pivetta,SDP,10.2258,8.89926,13.2476,3.92129,27.5853,27.5853,0.0,0.0,0.0,166.514,681.967,142.889,78.8589,72.5502,25.9187,49.918,1.06564,4.60346,181.366,9.8027,2.69804,3.63327,1.40089,0.265945,0.0731971,0.19274765253067017,0.227731,1.1579,0.278393,0.728005,,,3.96255,2.56461,2.52159,96.02999877929688,1.63051,1.51976,0.970434,1.63051,-1.51976,3.70609,741.2,4.438323353293414,694.0,4.155688622754491,,,,,,,,,,,,,,,,,,,Padres,15454,601713
Kris Bubic,KCR,8.61248,7.87458,10.3684,3.75263,29.2598,23.8822,0.0122239,0.531966,1.34552,137.905,578.342,127.287,62.5007,57.5007,14.7074,45.1146,1.80314,4.6362,133.932,8.7407,2.94428,2.9687,0.959842,0.231579,0.0780068,0.15357230603694916,0.240805,1.25015,0.296301,0.723932,,,3.66148,2.53695,2.26726,191.69000244140625,2.02507,0.121285,0.527569,2.02507,-0.121285,4.29657,628.5,4.554347826086956,617.0,4.471014492753623,,,,,,,,,,,,,,,,,,,Royals,21455,663460
Matthew Boyd,CHC,10.6427,8.69392,12.2519,3.89045,26.8229,26.8229,0.0,0.0,0.0,159.476,662.348,146.241,74.9315,68.937,21.0553,45.0807,0.916748,6.95142,146.027,8.24104,2.54413,3.23924,1.18826,0.220469,0.068062,0.15240737050771713,0.239615,1.19969,0.282438,0.719149,,,3.99897,2.50296,2.42337,213.2100067138672,4.14201,3.78179,0.737018,4.14201,-3.78179,4.01731,674.7000000000002,4.243396226415095,658.0,4.138364779874214,,,,,,,,,,,,,,,,,,,Cubs,15440,571510
Spencer Strider,ATL,10.6664,8.81345,11.1496,3.95175,26.2807,26.2807,0.0,0.0,0.0,155.858,651.189,134.814,74.3855,68.4346,21.0038,55.9056,0.685797,6.9223,180.649,10.4316,3.22826,3.23133,1.21286,0.277414,0.0858515,0.1915629357099533,0.229135,1.22367,0.294305,0.721164,,,3.77825,2.48446,2.45836,115.12999725341797,2.63507,-0.0984794,1.01879,2.63507,0.0984794,3.64162,718.1000000000001,4.603205128205129,680.0,4.358974358974359,,,,,,,,,,,,,,,,,,,Braves,27498,675911
Blake Snell,LAD,8.89334,5.72783,10.234,3.44442,20.9116,20.9116,0.0,0.0,0.0,122.06,505.638,95.4465,50.776,46.7139,12.9806,52.1363,0.930426,2.86088,150.015,11.0612,3.84424,2.87736,0.957115,0.296685,0.10311,0.19357451796531677,0.211802,1.2091,0.286693,0.748063,,,3.41131,2.4802,2.56466,173.24000549316406,2.24607,0.714297,0.652321,2.24607,-0.714297,4.13024,630.9000000000002,5.171311475409838,576.0,4.721311475409836,,,,,,,,,,,,,,,,,,,Dodgers,13543,605483
Sandy Alcantara,MIA,10.4164,10.954,12.3378,4.15725,28.3499,28.3499,0.0,0.0,0.0,176.905,745.681,172.05,88.8209,81.7152,20.6526,51.2708,0.9123,7.12738,148.659,7.56299,2.60839,2.89948,1.0507,0.19936,0.068757,0.13060270249843597,0.250334,1.26238,0.29229,0.691847,,,3.96248,2.47916,2.34813,145.1699981689453,2.57959,0.519054,1.06806,2.57959,-0.519054,3.57592,728.3,4.114689265536723,736.0,4.15819209039548,,,,,,,,,,,,,,,,,,,Marlins,18684,645261
Aaron Nola,PHI,9.99025,9.94218,12.3274,4.1624,27.3222,27.3222,0.0,0.0,0.0,164.522,686.512,158.096,82.7062,76.0897,25.1375,44.9134,0.66963,5.19791,162.065,8.86557,2.45694,3.60838,1.37512,0.23607,0.0654226,0.17064733058214188,0.248422,1.23393,0.295991,0.716872,,,4.06505,2.46719,2.20792,207.3300018310547,3.72778,-0.368656,1.02239,3.72778,0.368656,3.63682,676.7,4.1012121212121215,674.0,4.084848484848485,,,,,,,,,,,,,,,,,,,Phillies,16149,605400
Shohei Ohtani,LAD,7.74775,4.99907,8.05819,3.36813,21.7066,21.7066,0.0,0.0,0.0,113.27,459.855,91.1184,46.0757,42.3896,13.5834,34.5441,0.522335,4.57841,134.401,10.679,2.74475,3.89071,1.07929,0.292268,0.0751194,0.21714817732572556,0.216571,1.10941,0.284273,0.746273,,,3.35718,2.464,2.50699,1.2599999904632568,2.33674,0.507256,0.739539,2.33674,-0.507256,4.01395,575.4,5.092035398230088,531.0,4.699115044247788,,,,,,,,,,,,,,,,,,,Dodgers,19755,660271
Tanner Bibee,CLE,10.8523,9.79565,12.056,3.98731,28.6725,28.6725,0.0,0.0,0.0,174.513,729.012,161.477,84.0385,77.3154,23.8242,51.8822,0.993481,7.81863,163.637,8.43909,2.67567,3.15401,1.22866,0.224464,0.0711678,0.15329652279615402,0.241259,1.2226,0.285676,0.718427,,,4.06081,2.44721,2.2847,187.92999267578125,3.0859,-1.57198,0.956837,3.0859,1.57198,3.72422,729.1999999999999,4.166857142857142,711.0,4.062857142857143,,,,,,,,,,,,,,,,,,,Guardians,30134,676440
Andrew Abbott,CIN,9.83484,9.14268,10.9292,4.11123,27.776,27.776,0.0,0.0,0.0,164.614,690.336,155.54,81.7349,75.1961,26.3058,50.9183,0.819469,4.11611,150.507,8.22872,2.78388,2.95585,1.43823,0.21802,0.0737588,0.1442611739039421,0.244829,1.2542,0.281871,0.735267,,,4.38694,2.4355,2.57268,221.39999389648438,4.27468,-0.164469,0.923057,4.27468,0.164469,3.76926,632.6,3.833939393939394,624.0,3.7818181818181817,,,,,,,,,,,,,,,,,,,Reds,29911,671096
Nick Lodolo,CIN,8.97412,8.26519,11.5342,4.02449,26.7104,26.7104,0.0,0.0,0.0,152.709,640.632,141.85,74.2243,68.2863,22.1904,39.16,1.09115,13.4288,155.111,9.14152,2.30792,3.96094,1.3078,0.242121,0.0611272,0.18099406361579895,0.241224,1.18532,0.291325,0.712174,,,4.02585,2.4309,2.58954,124.63999938964844,2.15493,0.213372,0.745716,2.15493,-0.213372,4.00571,646.4000000000001,4.2248366013071905,633.0,4.137254901960785,,,,,,,,,,,,,,,,,,,Reds,26378,666157
Tyler Glasnow,LAD,7.95843,5.75423,10.7328,3.68779,22.4504,22.4504,0.0,0.0,0.0,129.272,531.569,103.645,57.5759,52.9698,15.8124,48.3339,0.459247,3.40841,151.233,10.5289,3.36504,3.12892,1.10087,0.284503,0.0909269,0.1935756653547287,0.216005,1.17565,0.280812,0.727064,,,3.5863,2.3517,2.2687,115.36000061035156,2.68913,-0.75118,0.554107,2.68913,0.75118,4.26119,636.4,4.933333333333334,586.0,4.542635658914729,,,,,,,,,,,,,,,,,,,Dodgers,14374,607192
Brady Singer,CIN,10.6951,11.2132,12.0368,4.40138,29.009,29.009,0.0,0.0,0.0,167.062,711.751,162.691,88.8046,81.7003,23.8909,53.3784,0.63547,9.53177,155.443,8.37407,2.87561,2.9121,1.28706,0.218395,0.0749959,0.14339955151081085,0.250741,1.29335,0.295629,0.696874,,,4.26302,2.34883,2.01323,382.760009765625,2.53919,0.0497797,1.41861,2.53919,-0.0497797,3.10852,637.8,3.8191616766467065,644.0,3.856287425149701,,,,,,,,,,,,,,,,,,,Reds,25377,663903
Nolan McLean,NYM,10.6713,7.8637,11.296,3.70072,25.8443,25.8443,0.0,0.0,0.0,152.817,645.146,134.305,68.3013,62.8372,16.1538,57.5324,0.802488,8.60973,150.855,8.88444,3.3883,2.62209,0.95136,0.233831,0.0891774,0.14465394616127014,0.231958,1.25534,0.286778,0.730023,,,3.83346,2.34477,2.77591,87.9000015258789,3.35331,1.45557,0.8442,3.35331,-1.45557,3.8744,688.0000000000001,4.496732026143792,658.0,4.300653594771242,,,,,,,,,,,,,,,,,,,Mets,33703,690997
Mitch Keller,PIT,9.42663,11.4366,13.3563,4.31628,29.7247,29.7247,0.0,0.0,0.0,176.418,751.03,174.993,91.9648,84.6076,22.3628,52.5555,0.880715,10.1065,154.826,7.89848,2.68113,2.94595,1.14084,0.206151,0.0699779,0.13617338985204697,0.254214,1.28983,0.298584,0.690905,,,4.09337,2.34072,2.03219,520.1900024414062,2.13591,-0.17979,1.25546,2.13591,0.17979,3.32605,697.8000000000002,3.9647727272727282,715.0,4.0625,,,,,,,,,,,,,,,,,,,Pirates,17594,656605
Trevor Rogers,BAL,9.10583,8.28879,11.0472,4.02747,26.2807,26.2807,0.0,0.0,0.0,151.873,640.847,144.852,73.8724,67.9626,18.0663,48.8902,1.2175,5.15461,132.209,7.83473,2.89724,2.70421,1.07061,0.206304,0.07629,0.1300138533115387,0.24685,1.27569,0.290442,0.711608,,,4.00809,2.33786,1.85479,147.14999389648438,4.12682,1.23309,0.715877,4.12682,-1.23309,4.0455,628.4,4.13421052631579,628.0,4.131578947368421,,,,,,,,,,,,,,,,,,,Orioles,22286,669432
David Peterson,NYM,9.39754,7.38864,12.789,3.95366,27.624,27.624,0.0,0.0,0.0,160.617,690.394,154.581,76.6939,70.5584,15.6665,61.6423,1.80602,7.36294,143.457,8.03843,3.45406,2.32724,0.877853,0.207789,0.0892857,0.11850380152463913,0.248767,1.3462,0.300508,0.718149,,,3.90571,2.33281,2.34298,464.20001220703125,3.78412,-0.0832707,1.17181,3.78412,0.0832707,3.43758,670.6000000000001,4.165217391304349,676.0,4.198757763975156,,,,,,,,,,,,,,,,,,,Mets,20302,656849
Emmet Sheehan,LAD,9.20874,5.66671,8.39868,3.91178,33.3486,23.17,0.0,0.312734,0.0,133.57,548.176,111.176,63.1035,58.0552,18.8866,42.8662,0.901073,5.44361,151.585,10.2139,2.88834,3.53624,1.27259,0.276527,0.078198,0.19832906872034073,0.222412,1.15327,0.280181,0.712681,,,3.78861,2.28553,1.955,110.31999969482422,2.17761,-0.0677398,0.692087,2.17761,0.0677398,4.07722,629.2999999999998,4.696268656716417,583.0,4.350746268656716,,,,,,,,,,,,,,,,,,,Dodgers,29839,686218
Luis Castillo,SEA,10.8914,9.72836,13.7536,3.8977,28.3783,28.3783,0.0,0.0,0.0,172.222,712.635,156.931,81.0712,74.5855,24.0067,48.0649,1.09062,6.47291,160.089,8.36597,2.51178,3.33069,1.25454,0.224644,0.0674468,0.15719755738973618,0.238462,1.1903,0.28043,0.723071,,,4.03817,2.25322,1.92583,170.66000366210938,2.26612,1.21872,0.840622,2.26612,-1.21872,3.87917,727.3999999999999,4.229069767441859,706.0,4.104651162790698,,,,,,,,,,,,,,,,,,,Mariners,15689,622491
Yusei Kikuchi,LAA,8.31477,9.98764,11.6264,4.2371,29.3528,29.3528,0.0,0.0,0.0,167.937,715.316,161.299,85.9379,79.0628,25.6115,60.264,1.59441,5.0575,170.382,9.13102,3.22964,2.82725,1.37256,0.23819,0.0842481,0.15394237637519836,0.248154,1.31932,0.298869,0.730318,,,4.25551,2.16312,1.84263,499.2300109863281,4.02475,-0.0917292,1.30197,4.02475,0.0917292,3.26404,649.8000000000001,3.8678571428571433,647.0,3.8511904761904763,,,,,,,,,,,,,,,,,,,Angels,20633,579328
Merrill Kelly,ARI,10.3105,7.75264,12.2563,4.06861,26.2672,26.2672,0.0,0.0,0.0,158.21,661.074,150.317,77.7408,71.5216,20.7823,46.5584,1.0235,3.80703,142.702,8.11781,2.64854,3.06501,1.18223,0.215864,0.0704285,0.14543575048446655,0.246135,1.24439,0.289642,0.710063,,,3.99388,2.12153,2.21489,282.7799987792969,2.60471,0.37299,0.855723,2.60471,-0.37299,3.85904,653.9000000000001,4.138607594936709,650.0,4.113924050632911,,,,,,,,,,,,,,,,,,,Diamondbacks,11156,518876
Casey Mize,DET,9.08831,8.52094,9.61487,4.11903,26.4988,26.4988,0.0,0.0,0.0,145.804,613.044,144.212,72.5329,66.7302,19.5628,39.1802,0.929025,5.36106,127.179,7.85033,2.41846,3.24601,1.20754,0.207455,0.0639108,0.14354411512613297,0.25367,1.2578,0.295546,0.710618,,,4.05131,2.11483,1.70931,285.510009765625,2.81735,1.24785,0.675989,2.81735,-1.24785,4.09868,582.0000000000001,3.9863013698630145,592.0,4.054794520547945,,,,,,,,,,,,,,,,,,,Tigers,20492,663554
Shane McClanahan,TBR,6.96463,5.48616,8.76257,3.67411,18.6581,18.6581,0.0,0.0,0.0,109.326,448.311,95.3962,48.5117,44.6307,13.6499,33.0993,0.671558,2.688,116.266,9.5713,2.72482,3.51264,1.12369,0.259342,0.0738311,0.1855110228061676,0.23125,1.17534,0.289257,0.731209,,,3.61332,2.08173,1.91749,186.52000427246094,5.23338,-1.41328,0.432011,5.23338,1.41328,4.42399,511.39999999999986,4.691743119266054,487.0,4.467889908256881,,,,,,,,,,,,,,,,,,,Rays,21483,663556
Clay Holmes,NYM,10.8487,8.98755,9.01121,3.86262,28.5812,26.8768,0.464203,0.283741,4.96201,150.433,648.684,145.158,70.1769,64.5627,13.7008,56.5719,1.59269,8.90085,124.593,7.45406,3.38455,2.20238,0.819682,0.19207,0.0872103,0.10485956072807312,0.248894,1.341,0.295463,0.720645,,,3.96835,2.07975,2.34277,335.8500061035156,3.44055,0.23281,1.14882,3.44055,-0.23281,3.46824,612.8,4.085333333333333,620.0,4.133333333333334,,,,,,,,,,,,,,,,,,,Mets,13649,605280
Cody Ponce,TOR,7.92133,7.54771,9.19935,4.05066,32.9382,21.8739,0.154214,0.840165,0.519752,136.559,575.112,127.582,66.8062,61.4617,18.3941,44.2088,1.48456,5.93351,139.343,9.18349,2.9136,3.15194,1.21227,0.242289,0.07687,0.16541942209005356,0.243027,1.25799,0.297327,0.71888,,,3.94697,2.07037,1.57473,252.82000732421875,3.25729,-1.16093,0.574849,3.25729,1.16093,4.23354,591.6000000000001,4.318248175182482,583.0,4.255474452554744,,,,,,,,,,,,,,,,,,,Blue Jays,17920,664074
Michael Wacha,KCR,10.1387,10.3586,11.4854,4.35561,27.5151,27.5151,0.0,0.0,0.0,163.457,692.415,163.081,85.9848,79.106,22.1047,48.4878,0.651695,5.18588,126.049,6.94031,2.66976,2.5996,1.21709,0.182043,0.0700272,0.11201561242341995,0.255316,1.29434,0.287362,0.695285,,,4.33597,2.0663,1.54995,613.75,4.53041,0.723776,1.15261,4.53041,-0.723776,3.46318,604.8,3.7104294478527606,622.0,3.815950920245399,,,,,,,,,,,,,,,,,,,Royals,14078,608379
Braxton Ashcraft,PIT,6.83075,7.09066,6.45747,3.85487,36.4219,22.4598,0.0,1.46465,1.40968,133.301,565.534,129.535,62.0601,57.0953,13.5833,42.3531,1.54408,5.57632,120.121,8.11012,2.85953,2.83617,0.917099,0.212402,0.0748904,0.13751167058944702,0.250259,1.28948,0.302037,0.718435,,,3.73626,2.05834,2.14531,240.6199951171875,2.70952,0.406592,0.445281,2.70952,-0.406592,4.40629,574.0,4.315789473684211,583.0,4.383458646616542,,,,,,,,,,,,,,,,,,,Pirates,23793,677952
Bubba Chandler,PIT,8.62073,7.67228,9.24381,4.1619,31.4304,25.1274,0.0235566,0.317006,0.0,143.394,610.341,134.018,72.0764,66.3103,17.6266,50.8064,0.968854,7.99668,135.931,8.53158,3.18882,2.67547,1.10631,0.222713,0.0832426,0.13947050273418427,0.242989,1.28893,0.292455,0.704027,,,4.06748,2.05332,1.86065,151.10000610351562,4.03418,0.346967,0.781716,4.03418,-0.346967,3.95771,583.4000000000001,4.079720279720281,576.0,4.027972027972028,,,,,,,,,,,,,,,,,,,Pirates,29868,696149
Ryan Pepiot,TBR,11.0072,10.2437,12.0914,4.03186,29.604,29.604,0.0,0.0,0.0,167.039,695.105,143.291,81.338,74.831,25.1948,58.0064,0.969344,7.72311,170.846,9.2051,3.12536,2.94529,1.35749,0.245784,0.0834499,0.1623343750834465,0.227672,1.20509,0.27253,0.72254,,,4.23086,2.04273,2.31249,123.6500015258789,3.6202,0.375,1.02364,3.6202,-0.375,3.63515,700.5,4.1946107784431135,654.0,3.9161676646706587,,,,,,,,,,,,,,,,,,,Rays,26221,686752
Robbie Ray,SFG,9.34909,10.2495,12.0286,4.22223,28.5986,28.5986,0.0,0.0,0.0,169.965,719.788,151.584,86.6704,79.7368,24.0772,66.8005,0.553978,6.80549,175.799,9.3089,3.53722,2.6317,1.27494,0.244237,0.0928058,0.15143097937107086,0.234584,1.28488,0.285693,0.713215,,,4.20727,2.02586,1.88771,167.32000732421875,1.82892,0.71157,1.2762,1.82892,-0.71157,3.2984,697.5999999999999,4.103529411764705,668.0,3.929411764705882,,,,,,,,,,,,,,,,,,,Giants,11486,592662
Shane Baz,BAL,9.21526,9.20757,11.5445,4.15124,27.6309,27.6309,0.0,0.0,0.0,156.842,661.454,144.134,78.634,72.3432,22.1555,52.6264,0.724134,7.8124,154.817,8.88378,3.01984,2.94181,1.27134,0.234055,0.0795618,0.1544935405254364,0.239817,1.25451,0.287655,0.712709,,,4.15338,2.01361,1.64863,188.74000549316406,3.01718,-1.76,0.91142,3.01718,1.7609,3.78477,643.8,4.100636942675159,626.0,3.9872611464968153,,,,,,,,,,,,,,,,,,,Orioles,22264,669358
Zac Gallen,ARI,12.0381,10.4646,12.7564,4.195,29.0054,29.0054,0.0,0.0,0.0,175.505,740.161,166.512,88.9184,81.8049,22.8102,56.9738,0.892672,5.95581,166.307,8.52831,2.92165,2.91901,1.16972,0.22469,0.0769748,0.14771531522274017,0.245871,1.27339,0.294401,0.702512,,,4.00524,2.00749,2.25197,222.77000427246094,4.12863,0.223476,1.3986,4.12863,-0.223476,3.1352,728.3,4.1380681818181815,724.0,4.113636363636363,,,,,,,,,,,,,,,,,,,Diamondbacks,19291,668678
Bailey Ober,MIN,8.30181,9.37969,11.1828,4.41335,27.1857,27.1857,0.0,0.0,0.0,157.999,656.484,153.406,84.2157,77.4785,27.1455,37.4901,0.556839,5.80947,143.326,8.16419,2.13552,3.82304,1.54627,0.218324,0.0571074,0.16121666878461838,0.25018,1.20821,0.285198,0.697749,,,4.37652,2.0049,1.38582,471.4100036621094,2.10586,-0.406684,1.04567,2.10586,0.406684,3.60578,596.3,3.774050632911392,596.0,3.7721518987341773,,,,,,,,,,,,,,,,,,,Twins,21224,641927
Shota Imanaga,CHC,10.2375,7.62385,11.9901,3.98878,25.506,25.506,0.0,0.0,0.0,154.412,628.604,141.586,74.3861,68.4352,27.6664,32.7384,0.705044,3.96819,141.457,8.24491,1.90818,4.32083,1.61255,0.225034,0.0520812,0.1729528158903122,0.239208,1.12896,0.269459,0.737055,,,4.34533,1.98539,2.20491,159.80999755859375,3.4768,0.78654,0.894539,3.4768,-0.78654,3.80728,597.0000000000002,3.876623376623378,577.0,3.7467532467532467,,,,,,,,,,,,,,,,,,,Cubs,33829,684007
Gavin Williams,CLE,9.86712,8.99446,11.4046,3.96751,28.4842,28.4842,0.0,0.0,0.0,163.007,693.579,143.318,78.1079,71.8592,20.5069,69.8623,0.83591,6.04824,166.028,9.16679,3.85725,2.37651,1.13223,0.239379,0.100727,0.1386515200138092,0.23203,1.30779,0.284855,0.732216,,,4.13059,1.94452,2.15332,144.27000427246094,2.37244,1.45425,1.15758,2.37244,-1.45425,3.45656,680.1000000000001,4.17239263803681,646.0,3.96319018404908,,,,,,,,,,,,,,,,,,,Guardians,30122,668909
Edward Cabrera,CHC,8.54487,7.24643,8.8581,3.98166,24.3021,24.3021,0.0,0.0,0.0,135.236,569.977,116.072,65.0318,59.8293,16.4507,53.1608,0.515578,7.20766,144.36,9.60722,3.53786,2.71554,1.0948,0.253274,0.0932682,0.1600056290626526,0.227767,1.25139,0.285613,0.71272,,,3.92075,1.93268,1.9192,174.9600067138672,2.04572,-1.14356,0.616089,2.04572,1.14356,4.17855,608.6,4.508148148148148,575.0,4.2592592592592595,,,,,,,,,,,,,,,,,,,Cubs,21690,665795
Chris Bassitt,BAL,10.5685,9.76086,11.7094,4.25586,31.7038,28.7132,0.0,0.312003,0.0,167.365,718.83,164.481,86.0245,79.1426,22.5433,56.2731,0.964626,11.0427,152.302,8.18998,3.02606,2.70648,1.21226,0.211875,0.0782843,0.133590467274189,0.25246,1.319,0.29777,0.712126,,,4.27281,1.89434,1.51696,361.8500061035156,2.41622,0.915139,1.35271,2.41622,-0.915139,3.19639,629.5000000000001,3.769461077844312,639.0,3.8263473053892216,,,,,,,,,,,,,,,,,,,Orioles,12304,605135
Jack Leiter,TEX,9.66028,10.2362,9.63291,4.28737,29.298,29.298,0.0,0.0,0.0,163.287,693.028,145.003,84.5498,77.7858,23.853,64.5687,0.774331,7.30476,157.164,8.66251,3.55888,2.43406,1.31472,0.226779,0.093169,0.1336095929145813,0.233441,1.28346,0.275255,0.709636,,,4.42968,1.88128,1.40933,231.6999969482422,2.85926,0.168668,1.18098,2.85926,-0.168668,3.42535,632.0,3.8773006134969323,601.0,3.687116564417178,,,,,,,,,,,,,,,,,,,Rangers,30146,683004
Reid Detmers,LAA,7.25348,8.4217,8.36472,4.27095,31.4051,23.2026,0.0346319,0.463069,0.814091,136.675,579.9,125.104,70.4988,64.8589,18.8459,50.8154,2.71587,6.25752,148.959,9.80891,3.34618,2.93137,1.241,0.25687,0.0876278,0.16924194246530533,0.239284,1.28714,0.2993,0.704989,,,4.00068,1.85815,1.4266,342.760009765625,4.97666,-0.975717,0.832227,4.97666,0.975717,3.89036,582.1000000000001,4.248905109489052,565.0,4.124087591240876,,,,,,,,,,,,,,,,,,,Angels,27468,672282
Cam Schlittler,NYY,8.27457,7.57445,9.31891,3.9065,23.5044,23.5044,0.0,0.0,0.0,131.735,557.256,117.433,62.1526,57.1804,16.3237,50.009,0.683192,6.46408,131.263,8.96777,3.41656,2.6248,1.11522,0.235553,0.0897415,0.14581184834241867,0.2345,1.27105,0.286271,0.728199,,,4.03922,1.84925,2.03923,118.30000305175781,3.61416,0.769067,0.530754,3.61416,-0.769067,4.29233,569.8000000000002,4.316666666666668,546.0,4.136363636363637,,,,,,,,,,,,,,,,,,,Yankees,32095,693645
Joe Musgrove,SDP,7.19704,6.80176,9.34182,3.96203,20.7884,20.7884,0.0,0.0,0.0,120.559,503.343,113.476,57.6882,53.0731,16.261,30.9198,0.960612,8.16533,114.78,8.56857,2.30823,3.71218,1.21392,0.228035,0.0614288,0.1666058637201786,0.244425,1.19772,0.291747,0.712877,,,3.95705,1.82122,1.74726,355.7900085449219,2.2468,-0.146377,0.333323,2.2468,0.146377,4.55557,517.8000000000002,4.279338842975208,510.0,4.214876033057851,,,,,,,,,,,,,,,,,,,Padres,12970,605397
Brayan Bello,BOS,10.0675,9.47157,11.1822,4.23249,26.9106,26.9106,0.0,0.0,0.0,155.925,670.545,153.609,79.704,73.3277,18.1676,54.0504,0.60385,8.31087,127.779,7.3754,3.1198,2.36406,1.04864,0.190559,0.0806067,0.10995251685380936,0.25257,1.33179,0.293012,0.702184,,,4.21069,1.80845,1.93145,424.6099853515625,3.05986,-0.408832,1.15411,3.05986,0.408832,3.46119,602.6000000000001,3.8628205128205138,616.0,3.948717948717949,,,,,,,,,,,,,,,,,,,Red Sox,23920,678394
Carlos Rodón,NYY,10.5258,8.33844,10.6013,4.04332,23.5576,23.5576,0.0,0.0,0.0,139.92,583.817,119.785,68.3261,62.86,20.2782,50.8085,0.510817,6.0569,148.188,9.53181,3.26814,2.91659,1.30435,0.253826,0.0870282,0.16679736971855164,0.227317,1.21922,0.277575,0.71916,,,4.12026,1.78755,1.92875,201.44000244140625,2.20632,0.805653,0.821768,2.20632,-0.805653,3.90431,603.0,4.307142857142857,565.0,4.035714285714286,,,,,,,,,,,,,,,,,,,Yankees,16137,607074
Kodai Senga,NYM,9.16555,7.05196,8.04613,3.94167,29.7395,23.433,0.0,0.335137,0.0,134.734,572.748,116.538,64.1396,59.0084,16.2629,58.3647,0.622831,5.7705,140.091,9.35787,3.89867,2.40027,1.08634,0.244594,0.101903,0.14269153028726578,0.22913,1.29814,0.284664,0.72806,,,4.05281,1.76966,1.94527,227.25,3.75161,-0.349555,0.778853,3.75161,0.349555,3.96153,586.0,4.340740740740741,555.0,4.111111111111111,,,,,,,,,,,,,,,,,,,Mets,31838,673540
Taj Bradley,MIN,7.31125,8.49061,9.65077,4.39619,30.2241,24.4745,0.0,0.317582,0.0,139.111,591.045,132.694,73.8597,67.9509,19.6087,49.1322,1.12155,4.40614,134.74,8.71718,3.17868,2.74239,1.26861,0.227968,0.0831276,0.14484068006277084,0.246869,1.30706,0.295139,0.699382,,,4.18501,1.76806,1.14141,503.44000244140625,3.00774,-0.510876,0.876541,3.00774,0.510876,3.83128,547.8000000000002,3.9410071942446057,546.0,3.9280575539568345,,,,,,,,,,,,,,,,,,,Twins,22543,671737
Jacob Misiorowski,MIL,8.8308,7.39301,8.92896,4.06362,30.2974,25.3725,0.0,0.332007,0.0,138.955,590.089,113.713,68.1959,62.7402,17.9058,63.393,0.886234,8.62181,157.183,10.1806,4.1059,2.4795,1.15974,0.266372,0.10743,0.15894199907779694,0.219493,1.27455,0.279334,0.716336,,,4.10274,1.76795,1.83559,115.66000366210938,2.93924,0.357011,0.845308,2.93924,-0.357011,3.87292,608.8000000000002,4.379856115107915,559.0,4.0215827338129495,,,,,,,,,,,,,,,,,,,Brewers,31623,694819
Foster Griffin,WSN,6.58051,7.15126,9.34449,4.15405,28.1658,22.1144,0.0,0.299825,0.0,129.878,549.931,124.252,65.1596,59.9468,16.1828,41.8318,1.21093,5.90175,117.877,8.16833,2.89876,2.81787,1.12139,0.214348,0.0760673,0.13828051090240479,0.247416,1.27876,0.293555,0.703657,,,4.04232,1.76553,1.60432,999.0,3.99938,-1.16373,0.398487,3.99938,1.16373,4.46868,534.8000000000001,4.113846153846154,534.0,4.107692307692307,,,,,,,,,,,,,,,,,,,Nationals,16432,656492
Shane Smith,CHW,7.93908,9.32263,9.88397,4.11436,28.0037,28.0037,0.0,0.0,0.0,157.119,665.626,140.131,78.0728,71.827,21.499,57.8063,1.12284,9.53946,154.018,8.82241,3.31123,2.66439,1.2315,0.231389,0.086845,0.14454367756843567,0.234222,1.25979,0.28061,0.714164,,,4.23932,1.7459,1.98294,247.1300048828125,3.86118,1.65659,0.802729,3.86118,-1.65659,3.92969,643.5,4.098726114649682,616.0,3.9235668789808917,,,,,,,,,,,,,,,,,,,White Sox,31687,681343
Tyler Mahle,SFG,7.49014,7.61817,8.54642,4.01112,22.9018,22.9018,0.0,0.0,0.0,129.709,546.175,124.439,62.8357,57.8088,15.8917,40.5928,0.435965,3.6901,107.462,7.45639,2.81657,2.64733,1.10266,0.196755,0.0743219,0.12243260443210602,0.247939,1.27232,0.286753,0.715742,,,4.0951,1.72901,1.80576,325.2799987792969,2.56997,3.99206,0.345585,2.56997,-3.99206,4.53922,521.8000000000001,4.0138461538461545,521.0,4.007692307692308,,,,,,,,,,,,,,,,,,,Giants,16358,641816
Tatsuya Imai,HOU,7.60003,7.22556,10.8386,4.25048,25.9535,25.9535,0.0,0.0,0.0,151.102,646.054,135.627,77.567,71.3617,19.8875,62.6995,1.07754,7.94017,149.758,8.91997,3.73454,2.3885,1.18455,0.231804,0.09705,0.13475428521633148,0.235704,1.31254,0.285236,0.708334,,,4.26643,1.72682,1.44783,999.0,6.75218,0.52222,0.985893,6.75218,-0.52222,3.68548,604.8000000000001,4.005298013245033,582.0,3.8543046357615895,,,,,,,,,,,,,,,,,,,Astros,sa3062955,837227
Michael McGreevy,STL,8.18141,7.97698,9.63582,4.13498,27.8881,23.5613,0.0,0.330332,0.0,137.698,580.494,142.687,68.7657,63.2644,15.686,32.7807,0.788874,4.32404,94.1196,6.15169,2.14256,2.87119,1.02524,0.162137,0.0564704,0.10566668957471848,0.262588,1.27429,0.292911,0.695095,,,4.05739,1.72359,1.65336,717.6599731445312,2.47593,-0.853177,0.503193,2.47593,0.853177,4.32908,529.6000000000001,3.8376811594202906,559.0,4.050724637681159,,,,,,,,,,,,,,,,,,,Cardinals,29869,700241
Gerrit Cole,NYY,7.38395,5.23304,8.70428,3.9562,18.6492,18.6492,0.0,0.0,0.0,112.68,465.997,100.582,53.8388,49.5317,15.8995,33.8001,0.549607,4.07934,114.149,9.11729,2.69968,3.37717,1.26992,0.244956,0.0725329,0.1724230870604515,0.234941,1.1926,0.284104,0.718349,,,3.95191,1.70761,1.6491,235.33999633789062,1.72936,-0.24414,0.351454,1.72936,0.24414,4.53139,490.80000000000007,4.343362831858408,471.0,4.168141592920354,,,,,,,,,,,,,,,,,,,Yankees,13125,543037
Brandon Pfaadt,ARI,9.99013,9.70391,10.8711,4.48242,27.7881,27.7881,0.0,0.0,0.0,162.719,686.49,168.203,88.0888,81.0417,24.0026,37.8085,1.1201,6.96557,142.808,7.89873,2.09119,3.77714,1.32759,0.208027,0.0550752,0.15295156463980675,0.262115,1.26606,0.303641,0.683976,,,4.12297,1.70517,1.52972,599.9199829101562,4.07511,-1.00849,1.28873,4.07511,1.00849,3.28169,625.2,3.8355828220858896,654.0,4.012269938650307,,,,,,,,,,,,,,,,,,,Diamondbacks,27782,694297
Trey Yesavage,TOR,6.59673,5.2761,6.93011,3.82572,25.1541,19.5333,0.0,0.310511,0.0,108.277,453.633,89.7338,50.0289,46.0266,13.1747,45.1991,0.721572,3.61254,121.17,10.0716,3.75694,2.6808,1.09508,0.267109,0.0996381,0.16747137159109116,0.221663,1.24618,0.283052,0.728863,,,3.83119,1.69844,1.58409,189.4199981689453,2.66327,-0.516763,0.294358,2.66327,0.516763,4.60752,500.30000000000007,4.632407407407408,466.0,4.314814814814815,,,,,,,,,,,,,,,,,,,Blue Jays,35456,702056
Matthew Liberatore,STL,7.75306,9.70587,9.90132,4.35243,27.5174,27.5174,0.0,0.0,0.560571,151.182,643.002,151.027,79.4698,73.1122,19.8398,46.4729,1.31037,5.54784,124.405,7.40591,2.76657,2.67693,1.18108,0.193475,0.0722748,0.12119989097118378,0.255552,1.30637,0.293656,0.695423,,,4.22766,1.69101,1.50261,430.6000061035156,3.22806,-1.05945,0.870251,3.22806,1.05945,3.83966,570.8000000000001,3.780132450331126,587.0,3.8874172185430464,,,,,,,,,,,,,,,,,,,Cardinals,22294,669461
Sean Manaea,NYM,7.10227,6.53455,7.71834,4.13227,35.5233,20.2185,0.0,0.389703,0.0525406,125.528,521.077,110.592,62.647,57.6352,18.0614,38.3059,0.627669,6.89168,131.817,9.45089,2.74642,3.44117,1.29494,0.25297,0.0735129,0.17945756018161774,0.232396,1.18617,0.283836,0.697756,,,3.98559,1.67949,1.37643,393.4100036621094,3.29026,-0.410273,0.546582,3.29026,0.410273,4.27122,551.4000000000001,4.376190476190477,525.0,4.166666666666667,,,,,,,,,,,,,,,,,,,Mets,15873,640455
Cade Horton,CHC,9.40982,6.76695,7.75436,3.91354,23.1167,23.1167,0.0,0.0,0.0,127.873,535.077,116.366,60.439,55.6039,16.3008,40.3533,0.663148,5.29978,110.5,7.77726,2.84016,2.73831,1.14729,0.206512,0.0754159,0.13109637796878815,0.237762,1.22559,0.275949,0.719057,,,4.13511,1.67,1.99026,179.8300018310547,5.83398,0.700611,0.518251,5.83398,-0.700611,4.309,535.8000000000001,4.1859375000000005,519.0,4.0546875,,,,,,,,,,,,,,,,,,,Cubs,31872,690990
Grayson Rodriguez,LAA,6.51183,6.15333,7.51799,3.98137,17.0165,17.0165,0.0,0.0,0.0,96.7937,406.835,89.0248,46.5424,42.819,12.6474,32.546,0.471765,3.59465,102.093,9.49274,3.02617,3.13689,1.17597,0.250944,0.079998,0.17094653844833374,0.240157,1.25598,0.298403,0.722368,,,3.8444,1.66378,1.3355,369.8800048828125,3.4133,-0.957394,0.166911,3.4133,0.957394,4.77745,419.5000000000001,4.324742268041239,409.0,4.216494845360825,,,,,,,,,,,,,,,,,,,Angels,24492,680570
Cade Cavalli,WSN,6.95967,8.41327,9.01149,4.22935,24.1062,24.1062,0.0,0.0,0.0,135.463,585.361,134.568,69.1931,63.6576,15.6674,48.4008,0.607997,8.19574,114.11,7.58133,3.2157,2.3576,1.04093,0.194939,0.0826854,0.11225377023220062,0.254495,1.3507,0.298006,0.706531,,,4.20736,1.66143,1.58319,308.5400085449219,3.7527,-0.359455,0.746691,3.7527,0.359455,4.00441,511.20000000000005,3.786666666666667,527.0,3.903703703703704,,,,,,,,,,,,,,,,,,,Nationals,27473,676917
Landen Roupp,SFG,6.82689,7.18206,7.55951,4.07375,26.8268,22.6017,0.0,0.310011,0.0,120.686,518.545,114.851,59.3771,54.627,12.7491,48.2729,1.02557,4.22645,112.345,8.37799,3.5999,2.32728,0.950752,0.216654,0.093093,0.1235605999827385,0.246437,1.35164,0.299461,0.71414,,,3.9517,1.64848,1.60235,693.1199951171875,2.90831,-3.24846,0.61061,2.90831,3.24846,4.18585,504.5000000000001,4.169421487603307,504.0,4.1652892561983474,,,,,,,,,,,,,,,,,,,Giants,30076,694738
Reynaldo López,ATL,8.01178,7.04631,8.62731,3.95468,29.0483,22.6302,0.0,0.530609,1.73846,130.311,550.406,122.024,62.2389,57.2598,16.4126,45.4341,1.38525,3.74288,128.262,8.8585,3.13793,2.82304,1.13354,0.233032,0.0825466,0.15048564970493317,0.243449,1.28506,0.296199,0.728258,,,3.93606,1.62376,1.94771,298.8900146484375,3.54416,-0.616734,0.540145,3.54416,0.616734,4.27981,561.0,4.315384615384615,555.0,4.269230769230769,,,,,,,,,,,,,,,,,,,Braves,16400,625643
Ryne Nelson,ARI,8.7669,7.2684,11.2218,4.21743,31.7922,27.1189,0.0376905,0.368369,0.0774313,157.221,661.26,155.683,80.0806,73.6742,21.1529,43.077,0.920304,4.98811,129.9,7.43605,2.46591,3.01554,1.21088,0.196443,0.0651438,0.13129957765340805,0.253888,1.26421,0.291101,0.701638,,,4.14888,1.6215,1.89133,253.55999755859375,2.27037,1.1021,0.787608,2.27037,-1.1021,3.94986,613.9,3.9101910828025477,628.0,4.0,,,,,,,,,,,,,,,,,,,Diamondbacks,26253,669194
Jameson Taillon,CHC,9.79021,8.73328,10.7866,4.38199,24.973,24.973,0.0,0.0,0.0,145.518,606.617,145.065,77.0121,70.8512,23.7886,34.3157,0.525803,3.77778,113.021,6.99008,2.12235,3.29355,1.47127,0.186313,0.056569,0.12974397093057632,0.25516,1.2327,0.280918,0.700786,,,4.49229,1.61899,1.39138,499.30999755859375,4.2057,1.02287,0.936236,4.2057,-1.02287,3.75168,520.2,3.5630136986301375,530.0,3.6301369863013697,,,,,,,,,,,,,,,,,,,Cubs,11674,592791
Braxton Garrett,MIA,5.25848,5.43163,6.38343,4.01618,23.2926,17.2727,0.0,0.612735,0.0,100.393,419.899,98.6813,48.6951,44.7995,12.2358,23.5037,1.20379,5.5708,89.8407,8.05404,2.10706,3.8224,1.09691,0.213958,0.0559748,0.15798336640000343,0.252496,1.21707,0.299381,0.699538,,,3.7986,1.60939,1.39062,585.5800170898438,2.41617,-0.181861,0.297565,2.41617,0.181861,4.60325,429.0,4.29,438.0,4.38,,,,,,,,,,,,,,,,,,,Marlins,21844,666129
Dustin May,STL,7.72114,9.5701,9.6098,4.29871,28.7235,23.995,0.0,0.281626,0.0,142.606,610.651,133.483,74.0362,68.1133,17.5451,53.0288,1.72639,9.15673,127.535,8.04886,3.34671,2.40501,1.10729,0.208851,0.0868398,0.12201067060232162,0.243376,1.30789,0.287413,0.694515,,,4.25412,1.60528,1.44775,436.5899963378906,2.77341,-0.217879,0.799947,2.77341,0.217879,3.9334,561.0,3.923076923076923,551.0,3.8531468531468533,,,,,,,,,,,,,,,,,,,Cardinals,19716,669160
Adrian Houser,SFG,7.47825,7.58072,9.18953,4.34443,24.8885,24.8885,0.00546948,0.0,0.0,141.039,611.36,147.214,74.0017,68.0816,15.3126,47.1233,1.15554,6.59927,101.972,6.50703,3.00704,2.16393,0.977127,0.166795,0.0770794,0.08971542119979858,0.263996,1.3779,0.299536,0.695985,,,4.24325,1.59828,1.37996,742.5399780273438,2.14149,-0.790073,0.954162,2.14149,0.790073,3.72778,518.7,3.6787234042553196,552.0,3.9148936170212765,,,,,,,,,,,,,,,,,,,Giants,12718,605288
Joey Cantillo,CLE,6.85722,7.37478,6.53555,3.9083,40.0867,20.2295,0.00728733,0.713737,0.0,129.192,548.979,114.132,60.9806,56.1021,15.3198,55.1966,1.06101,3.70256,135.301,9.4256,3.84521,2.45125,1.06724,0.246459,0.100544,0.14591513574123383,0.232885,1.31068,0.291088,0.732671,,,3.94984,1.59695,1.56569,271.2799987792969,1.97045,-0.652357,0.624886,1.97045,0.652357,4.16682,570.6999999999999,4.424031007751937,547.0,4.24031007751938,,,,,,,,,,,,,,,,,,,Guardians,23335,676282
Steven Matz,TBR,5.83553,6.48091,6.4137,4.12082,30.4351,19.5132,0.170874,0.514368,0.957906,119.246,503.029,119.347,59.3471,54.5993,16.2187,32.2539,0.930366,4.42078,98.9373,7.46718,2.43433,3.06745,1.22409,0.196683,0.0641194,0.13256345689296722,0.255916,1.27133,0.293648,0.715731,,,4.16656,1.58889,1.4072,723.3800048828125,2.89002,-0.835495,0.121852,2.89002,0.835495,4.83753,468.4,3.9361344537815124,481.0,4.042016806722689,,,,,,,,,,,,,,,,,,,Rays,13361,571927
Noah Cameron,KCR,9.09264,8.31071,10.6347,4.24051,25.8601,25.8601,0.0,0.0,0.0,150.764,639.965,146.598,77.212,71.035,21.2843,49.4883,1.10026,5.15633,127.392,7.60482,2.95426,2.57419,1.27059,0.199061,0.0773297,0.12173156440258026,0.250458,1.30062,0.286993,0.714869,,,4.36782,1.57376,1.70479,294.2099914550781,4.23182,2.72888,0.903371,4.23182,-2.72888,3.79551,568.9000000000001,3.7675496688741728,574.0,3.801324503311258,,,,,,,,,,,,,,,,,,,Royals,30184,702070
Simeon Woods Richardson,MIN,7.0091,7.48574,7.27451,4.58011,29.9286,25.844,0.0,0.313924,0.0,139.046,596.75,134.572,76.914,70.7609,19.9395,53.1974,0.554227,4.35557,125.196,8.10349,3.44329,2.35342,1.29061,0.209796,0.0891452,0.12065054476261139,0.249579,1.35041,0.2909,0.693478,,,4.44032,1.55964,0.868097,667.6799926757812,3.59371,-0.881896,1.06741,3.59371,0.881896,3.57678,510.60000000000014,3.6733812949640297,514.0,3.697841726618705,,,,,,,,,,,,,,,,,,,Twins,24494,680573
Shane Bieber,TOR,5.88096,4.59346,6.52287,3.71346,19.2471,15.4123,0.0,0.250888,0.0,93.3251,383.88,87.2224,41.855,38.5066,12.0192,22.3946,0.304592,2.68712,87.3521,8.42398,2.15966,3.9006,1.15909,0.22755,0.0583374,0.16921311616897583,0.243096,1.17457,0.289882,0.730272,,,3.74365,1.55375,1.47428,456.92999267578125,1.23034,-0.938125,0.533115,1.23034,0.938125,4.28918,413.40000000000003,4.445161290322581,408.0,4.387096774193548,,,,,,,,,,,,,,,,,,,Blue Jays,19427,669456
Chad Patrick,MIL,6.70838,8.27036,8.51997,4.33641,25.8705,25.8705,0.0,0.0760984,0.0,140.432,595.242,133.637,73.5474,67.6636,22.0789,47.3012,1.07061,5.64619,132.589,8.49736,3.03143,2.80308,1.41499,0.222748,0.0794655,0.14328286051750183,0.246429,1.28844,0.287798,0.715807,,,4.4218,1.54667,1.34089,290.1700134277344,1.95528,0.601952,0.736467,1.95528,-0.601952,4.01804,524.0,3.742857142857143,521.0,3.7214285714285715,,,,,,,,,,,,,,,,,,,Brewers,30113,694477
Justin Verlander,DET,6.96918,7.94429,8.88296,4.40549,23.2994,23.2994,0.0,0.0,0.0,131.441,558.954,129.007,69.9352,64.3404,19.2195,41.8542,0.611165,5.5986,110.204,7.54587,2.86582,2.63305,1.31599,0.197162,0.0748795,0.12228222191333771,0.252212,1.2999,0.287343,0.701099,,,4.44221,1.54436,1.07852,672.3599853515625,1.57682,-1.33366,0.635636,1.57682,1.33366,4.15249,476.30000000000007,3.6358778625954202,484.0,3.6946564885496183,,,,,,,,,,,,,,,,,,,Tigers,8700,434378
Zebby Matthews,MIN,5.74928,6.2773,5.83774,4.0975,27.8287,18.044,0.0,0.336311,0.0,105.274,439.302,102.741,52.0968,47.9291,15.4647,27.1985,0.734436,2.72478,103.97,8.88851,2.32522,3.82265,1.32209,0.236672,0.061913,0.1747586615383625,0.250968,1.23429,0.301011,0.718842,,,3.92232,1.53496,1.20266,446.739990234375,4.86801,-1.82233,0.18848,4.86801,1.82233,4.74869,442.7,4.2161904761904765,448.0,4.266666666666667,,,,,,,,,,,,,,,,,,,Twins,31827,805673
Parker Messick,CLE,7.12584,6.76958,8.90787,4.00581,23.0586,22.7838,0.0,0.227462,0.0,123.161,522.46,118.04,59.5843,54.8175,15.2987,40.4332,0.661349,5.58959,111.946,8.18051,2.95467,2.76867,1.11796,0.214268,0.0773902,0.13687758892774582,0.247755,1.28672,0.294225,0.721527,,,4.05312,1.51777,1.50499,297.5799865722656,1.8995,0.0718316,0.354897,1.8995,-0.0718316,4.5268,504.90000000000003,4.104878048780488,506.0,4.1138211382113825,,,,,,,,,,,,,,,,,,,Guardians,31986,800048
Jeffrey Springs,ATH,9.5868,9.83787,10.817,4.561,27.9385,27.9385,0.0,0.0,0.297004,160.814,682.773,159.347,88.5837,81.497,26.8954,51.0389,0.627559,4.41733,137.489,7.69459,2.8564,2.69381,1.50521,0.201368,0.0747524,0.12661610543727875,0.254014,1.30825,0.286115,0.70515,,,4.63395,1.5093,1.12968,719.739990234375,2.91567,-0.396412,1.38154,2.91567,0.396412,3.15795,554.9000000000001,3.4465838509316775,563.0,3.4968944099378882,,,,,,,,,,,,,,,,,,,Athletics,17677,605488
Bryce Miller,SEA,8.502,7.8863,8.77068,4.17516,24.6854,24.6854,0.0,0.0,0.0,140.917,585.352,128.842,71.0566,65.3721,21.3101,41.1307,0.71485,4.93786,126.297,8.06629,2.62692,3.07062,1.36103,0.215762,0.0702666,0.14549581706523895,0.238912,1.20619,0.274541,0.705844,,,4.28932,1.5049,1.08205,333.2699890136719,3.44584,0.927915,0.633327,3.44584,-0.927915,4.15556,563.7000000000002,3.997872340425533,546.0,3.872340425531915,,,,,,,,,,,,,,,,,,,Mariners,29837,682243
Eduardo Rodriguez,ARI,8.06925,8.4436,7.99328,4.40829,26.5468,23.3745,0.0,0.3183,0.0,130.897,562.885,132.236,69.6901,64.1149,17.9314,46.534,1.11053,3.20364,117.121,8.0528,3.1995,2.5169,1.23289,0.208073,0.0826704,0.12540258467197418,0.257696,1.36573,0.302318,0.709851,,,4.26639,1.49303,1.25621,739.72998046875,2.29797,-0.11055,0.974725,2.29797,0.11055,3.70037,488.8000000000001,3.7312977099236653,505.0,3.854961832061069,,,,,,,,,,,,,,,,,,,Diamondbacks,13164,593958
Seth Lugo,KCR,8.96918,8.9736,12.0945,4.41383,26.3617,26.3617,0.0,0.0,0.304196,156.473,667.835,155.238,83.4113,76.7384,23.4167,51.4893,1.14675,6.30447,132.898,7.64399,2.96156,2.58107,1.34688,0.198998,0.0770988,0.12189877033233643,0.254471,1.32117,0.290529,0.70894,,,4.49002,1.46964,1.4144,500.989990234375,4.33425,0.692396,1.16275,4.33425,-0.692396,3.44967,563.5000000000001,3.612179487179488,576.0,3.6923076923076925,,,,,,,,,,,,,,,,,,,Royals,12447,607625
Kyle Freeland,COL,6.60736,12.1878,10.4412,5.12144,27.6644,27.6644,0.0,0.0,0.0,159.084,694.379,183.839,98.3982,90.5263,26.113,41.9576,1.13817,5.64945,116.846,6.61047,2.37371,2.78487,1.47732,0.168275,0.0604247,0.10785006359219551,0.28424,1.41936,0.313064,0.673216,,,4.69782,1.46483,1.37712,999.0,2.98923,1.87138,1.95259,2.98923,-1.87138,2.39655,468.4000000000002,2.9459119496855357,547.0,3.440251572327044,,,,,,,,,,,,,,,,,,,Rockies,16256,607536
Luis Severino,ATH,8.91261,10.4025,11.3323,4.60848,27.5895,27.5895,0.0,0.0,0.0,166.208,715.734,168.681,92.508,85.1074,24.282,52.8934,0.933258,10.4939,134.004,7.25618,2.86413,2.53347,1.31484,0.187226,0.0739009,0.11332491785287857,0.258576,1.33312,0.292271,0.688063,,,4.56599,1.44768,1.04495,647.3699951171875,3.43433,0.554573,1.46506,3.43433,-0.554573,3.04658,572.8000000000001,3.4506024096385546,597.0,3.5963855421686746,,,,,,,,,,,,,,,,,,,Athletics,15890,622663
Zach Eflin,BAL,9.05798,8.86139,10.1949,4.42106,29.148,25.2403,0.0,0.3002,0.0,145.569,609.024,153.287,77.7255,71.5075,23.6263,27.8036,0.880517,4.63021,113.46,7.01481,1.719,4.08075,1.46073,0.186298,0.0456527,0.14064478501677513,0.265851,1.24402,0.295016,0.698347,,,4.35466,1.41668,1.02385,420.67999267578125,2.09315,-2.48916,0.897022,2.09315,2.48916,3.80397,514.4000000000001,3.523287671232877,545.0,3.732876712328767,,,,,,,,,,,,,,,,,,,Orioles,13774,621107
Mike Burrows,HOU,6.57288,7.499,7.26301,4.12086,28.7885,24.3189,0.0,0.317465,0.0,129.892,547.275,118.705,64.6456,59.4739,19.505,45.4542,1.36635,5.1309,125.853,8.72015,3.14945,2.76878,1.35147,0.229963,0.0830555,0.14690705388784409,0.238992,1.26382,0.282354,0.727161,,,4.31777,1.40188,1.41472,240.85000610351562,1.23497,1.55537,0.416249,1.23497,-1.55537,4.445,508.6,3.9123076923076923,492.0,3.7846153846153845,,,,,,,,,,,,,,,,,,,Astros,24728,681347
Zack Littell,WSN,7.58473,8.61063,10.4841,4.49321,26.2079,25.3035,0.0,0.255934,0.255423,144.351,605.238,149.631,78.333,72.0664,24.0254,30.2174,1.52007,5.33023,108.241,6.74865,1.884,3.58209,1.49794,0.178841,0.0499264,0.12891428917646408,0.262652,1.24591,0.287147,0.694298,,,4.53791,1.39638,1.23714,708.6199951171875,3.57341,0.569075,0.820309,3.57341,-0.569075,3.90625,491.4000000000001,3.4125000000000005,519.0,3.6041666666666665,,,,,,,,,,,,,,,,,,,Nationals,15823,641793
Max Meyer,MIA,6.26913,7.69423,8.13505,4.31609,27.2707,22.5868,0.0,0.305122,0.0,127.695,543.912,125.327,66.5633,61.2382,17.8164,42.2185,0.768629,4.77346,117.264,8.26481,2.97557,2.77755,1.2557,0.215594,0.0776201,0.13797378540039062,0.252208,1.31207,0.297122,0.708138,,,4.21631,1.37828,1.39006,290.510009765625,3.83663,-0.385188,0.56478,3.83663,0.385188,4.24696,493.80000000000007,3.8578125000000005,499.0,3.8984375,,,,,,,,,,,,,,,,,,,Marlins,27474,676974
Mason Miller,SDP,3.14224,2.1273,0.0520727,2.48056,59.683,0.0712106,33.8318,1.65893,3.86644,64.3725,253.133,38.9434,19.285,17.7422,5.70634,24.62,1.53614,2.24579,98.6516,13.7926,3.44216,4.00696,0.797811,0.389722,0.0972612,0.2924609035253525,0.172112,0.987432,0.272637,0.79674,,,2.47456,1.36738,1.50034,28.079999923706055,2.58465,-0.665835,2.17955,2.58465,0.665835,2.09393,593.4000000000001,9.271875000000001,537.0,8.390625,,,,,,,,,,,,,,,,,,,Padres,31757,695243
Jacob Lopez,ATH,8.05938,7.68569,8.91541,4.29581,23.2616,23.2616,0.0,0.0,0.0,126.425,538.332,112.365,65.5913,60.344,18.9039,50.2656,0.582456,7.80585,129.393,9.21131,3.57834,2.57419,1.34575,0.240359,0.0933729,0.1469862163066864,0.233966,1.28638,0.28154,0.712659,,,4.41004,1.36503,1.24589,423.0,2.81097,-0.0916043,0.702063,2.81097,0.0916043,4.06392,491.50000000000006,3.900793650793651,467.0,3.7063492063492065,,,,,,,,,,,,,,,,,,,Athletics,25098,682052
Hunter Greene,CIN,4.10982,3.29995,5.40247,3.69052,11.3652,11.3652,0.0,0.0,0.0,66.3599,271.593,53.4232,29.5776,27.2114,9.77111,21.3059,0.233901,3.78041,79.0446,10.7204,2.8896,3.70998,1.3252,0.291041,0.0784482,0.21259299665689468,0.216721,1.12612,0.276821,0.739587,,,3.80111,1.3638,1.3143,403.07000732421875,1.06488,0.416738,0.7636,1.06488,-0.416738,3.98187,310.6000000000001,4.706060606060607,283.0,4.287878787878788,,,,,,,,,,,,,,,,,,,Reds,22182,668881
Quinn Priester,MIL,7.42259,6.56159,7.79769,4.14214,20.2502,20.2502,0.0,0.0,0.0,117.439,499.409,114.286,58.7501,54.0501,14.2666,38.2435,0.520811,4.88027,96.5514,7.39923,2.9308,2.52465,1.09332,0.193331,0.0765775,0.11675368994474411,0.25047,1.29879,0.289519,0.707468,,,4.1717,1.33617,1.40867,561.9299926757812,2.35339,0.454229,0.397067,2.35339,-0.454229,4.47058,462.20000000000016,3.950427350427352,468.0,4.0,,,,,,,,,,,,,,,,,,,Brewers,25977,682990
Rhett Lowder,CIN,5.73566,6.72573,6.07816,4.41895,27.2377,19.3061,0.0,0.678359,0.0,113.948,488.292,115.456,60.8129,55.9479,15.3699,36.3041,0.996109,4.94314,89.9686,7.10603,2.86742,2.4782,1.21397,0.184252,0.0743491,0.10990254580974579,0.258265,1.33184,0.292901,0.698293,,,4.39547,1.33473,1.262,551.0700073242188,5.02807,0.946246,0.407232,5.02807,-0.946246,4.45702,421.1,3.6938596491228073,436.0,3.824561403508772,,,,,,,,,,,,,,,,,,,Reds,33876,695076
Nick Martinez,TBR,8.60872,8.6362,9.9603,4.40416,37.668,21.8208,0.0,0.724907,0.765498,141.367,597.68,142.81,75.1934,69.1779,20.0364,37.7864,1.1417,5.70677,109.281,6.95731,2.40564,2.89208,1.2756,0.182843,0.0632218,0.11962077021598816,0.257692,1.2775,0.288968,0.690961,,,4.35459,1.33399,1.09901,737.22998046875,3.1852,1.0192,0.816637,3.1852,-1.0192,3.91115,515.6000000000001,3.6567375886524833,535.0,3.7943262411347516,,,,,,,,,,,,,,,,,,,Rays,12730,607259
Cade Smith,CLE,4.89624,3.67679,0.0,2.9352,66.4702,0.0,31.5573,3.11067,4.94376,68.3668,273.909,51.8824,24.2355,22.2967,5.57694,19.5774,1.51671,3.50151,88.3038,11.6246,2.57723,4.51049,0.734165,0.322384,0.0714744,0.25090988725423813,0.206843,1.04524,0.295035,0.741913,,,2.62509,1.31535,1.12139,39.65999984741211,2.0477,0.405722,1.91369,2.0477,-0.405722,2.44841,570.2,8.38529411764706,538.0,7.911764705882353,,,,,,,,,,,,,,,,,,,Guardians,27867,671922
Andre Pallante,STL,7.04516,9.00419,8.3819,4.39206,27.9266,22.9677,0.0,0.402991,0.810716,129.742,565.848,133.425,68.8209,63.3152,12.7058,50.4687,1.38293,4.40359,89.7994,6.22922,3.50092,1.77931,0.881381,0.158699,0.0891913,0.06950777024030685,0.261118,1.41737,0.295539,0.692769,,,4.29277,1.29362,1.13996,999.0,2.83321,-0.480333,0.984961,2.83321,0.480333,3.68672,474.3,3.6484615384615386,499.0,3.8384615384615386,,,,,,,,,,,,,,,,,,,Cardinals,26108,669467
Ryan Weathers,NYY,7.18869,6.68152,7.46741,3.99334,30.7528,21.1302,0.0,0.338864,0.0,122.085,512.602,111.412,58.8798,54.1694,17.2613,41.0835,1.06623,4.84108,117.714,8.6778,3.02865,2.86524,1.27249,0.22964,0.0801469,0.1494930163025856,0.238734,1.2491,0.28384,0.729493,,,4.17329,1.2901,1.60079,231.5800018310547,3.80004,-0.0456134,0.292049,3.80004,0.0456134,4.6106,503.10000000000014,4.123770491803279,487.0,3.9918032786885247,,,,,,,,,,,,,,,,,,,Yankees,23796,677960
Grant Holmes,ATL,6.56126,7.15347,8.12618,4.21086,31.7952,22.0977,0.0,0.786533,1.00547,132.23,566.854,125.526,67.2469,61.8671,17.4951,50.5973,1.62129,5.94108,131.473,8.94843,3.4438,2.59842,1.19077,0.231934,0.0892597,0.14267423003911972,0.245976,1.33194,0.298965,0.718039,,,4.14932,1.28615,1.51889,379.44000244140625,2.70865,-0.765463,0.732861,2.70865,0.765463,4.02285,535.1000000000001,4.05378787878788,534.0,4.045454545454546,,,,,,,,,,,,,,,,,,,Braves,16944,656550
Will Warren,NYY,6.86763,7.63467,6.56877,4.28637,33.8084,20.8177,0.0,0.465647,0.0,121.498,517.733,115.622,62.8965,57.8648,17.0433,43.6508,0.855915,4.90143,121.018,8.96447,3.23345,2.77241,1.26249,0.233746,0.0843114,0.14943471550941467,0.246435,1.31092,0.297715,0.711726,,,4.16547,1.27712,1.10081,292.92999267578125,3.09299,-0.24062,0.575675,3.09299,0.24062,4.23243,479.70000000000005,3.9644628099173556,479.0,3.958677685950413,,,,,,,,,,,,,,,,,,,Yankees,30182,701542
Justin Steele,CHC,5.51089,3.56462,5.98962,3.64546,13.4165,12.9662,0.0,0.179112,0.0,72.7358,299.867,66.2525,32.0236,29.4617,8.40291,19.2997,0.355691,2.65317,68.6244,8.49127,2.38806,3.55571,1.03974,0.22885,0.0643611,0.1644885018467903,0.238392,1.1762,0.287971,0.725436,,,3.65548,1.27063,1.37185,598.5700073242188,2.28975,0.121757,0.682268,2.28975,-0.121757,4.09031,342.20000000000005,4.687671232876713,333.0,4.561643835616438,,,,,,,,,,,,,,,,,,,Cubs,17312,657006
Ian Seymour,TBR,6.31501,6.52706,5.88162,4.07451,36.1073,15.3262,0.0,2.57855,0.163964,107.575,448.856,97.487,52.9367,48.7017,14.3251,32.7663,1.57753,5.55905,104.462,8.73959,2.74131,3.1881,1.19847,0.23273,0.0729997,0.15973081439733505,0.237466,1.21081,0.285052,0.701614,,,3.99293,1.27021,1.19513,497.3999938964844,2.20644,1.0386,0.273778,2.20644,-1.0386,4.63496,477.8,4.424074074074074,461.0,4.268518518518518,,,,,,,,,,,,,,,,,,,Rays,27932,693855
Jared Jones,PIT,4.91374,5.04011,6.24779,3.99975,17.5069,14.8148,0.0,0.47697,0.0,81.9905,343.806,74.3834,39.6065,36.438,10.6531,27.1188,0.735303,3.67254,84.8388,9.31264,2.97679,3.12841,1.16938,0.246764,0.0788782,0.1678854003548622,0.237636,1.23797,0.292982,0.714831,,,3.88141,1.2449,1.20319,711.6099853515625,2.83948,-0.293,0.316473,2.83948,0.293,4.57804,356.1,4.342682926829268,344.0,4.195121951219512,,,,,,,,,,,,,,,,,,,Pirates,27863,683003
Grant Taylor,CHW,3.86531,4.329,0.657932,3.4377,66.3521,2.4337,6.39309,14.68,2.44577,80.088,333.197,66.1952,33.2511,30.591,6.67494,31.252,1.61277,2.59313,95.6318,10.7468,3.51199,3.06002,0.750106,0.287013,0.0937945,0.1932186856865883,0.221129,1.21675,0.302064,0.728655,,,3.09825,1.20921,1.01467,508.010009765625,5.18561,-1.50148,0.709128,5.18561,1.50148,4.0545,514.3,6.428749999999999,489.0,6.1125,,,,,,,,,,,,,,,,,,,White Sox,33927,691799
Roki Sasaki,LAD,6.35365,5.3329,6.75924,4.17785,30.2129,17.6737,0.267741,1.26313,0.413589,106.538,456.666,97.2994,53.7558,49.4553,13.1167,43.1897,0.878121,6.15258,102.088,8.62409,3.64855,2.36371,1.10806,0.22355,0.0945761,0.12897392362356186,0.238875,1.31868,0.288179,0.710197,,,4.20864,1.20293,1.13944,278.4599914550781,1.4202,0.718928,0.310818,1.4202,-0.718928,4.58558,440.7000000000001,4.1186915887850475,427.0,3.9906542056074765,,,,,,,,,,,,,,,,,,,Dodgers,35323,808963
Logan Henderson,MIL,5.65282,4.98036,5.20003,4.07333,24.1415,13.873,0.0,0.410968,0.0,83.6038,346.611,75.2229,41.1287,37.8384,12.6883,25.386,0.673122,2.7147,83.9818,9.04069,2.73282,3.30819,1.3659,0.242294,0.0732407,0.16905362159013748,0.236171,1.2034,0.281891,0.717966,,,4.10741,1.20114,1.04608,375.2300109863281,2.30989,-0.571025,0.375707,2.30989,0.571025,4.49906,350.70000000000005,4.175000000000001,335.0,3.988095238095238,,,,,,,,,,,,,,,,,,,Brewers,31475,701656
Spencer Schwellenbach,ATL,4.28439,3.00091,5.5649,3.6191,10.6889,10.4997,0.0,0.0,0.0,62.7698,254.462,57.1805,27.436,25.2411,7.32739,12.8651,0.5083,2.23089,60.7801,8.71472,1.8446,4.72443,1.05061,0.238857,0.0505578,0.18829935044050217,0.238883,1.11591,0.291098,0.712686,,,3.43757,1.20091,1.28748,742.510009765625,2.76619,-0.664736,0.894992,2.76619,0.664736,3.80668,308.90000000000003,4.9031746031746035,301.0,4.777777777777778,,,,,,,,,,,,,,,,,,,Braves,31846,680885
Cristian Javier,HOU,7.73504,8.6862,8.71155,4.68958,24.9555,24.9555,0.0,0.0,0.0,137.779,590.816,126.658,78.0345,71.7918,21.8642,57.9783,0.468223,5.24362,124.868,8.15666,3.78726,2.15371,1.42821,0.211349,0.0981326,0.11321636289358139,0.240066,1.34009,0.275148,0.6921,,,4.76211,1.12512,0.65374,475.04998779296875,4.71438,1.04435,1.17768,4.71438,-1.04435,3.42976,481.40000000000003,3.4884057971014495,465.0,3.369565217391304,,,,,,,,,,,,,,,,,,,Astros,17606,664299
Jhoan Duran,PHI,4.95366,3.85237,0.0,2.8873,64.4064,0.0,32.9576,2.04215,4.34575,65.6461,267.662,53.1852,22.8913,21.06,4.86301,19.9764,2.3434,3.46999,75.6312,10.3689,2.73873,3.78604,0.666712,0.282562,0.0746328,0.20792964100837708,0.21778,1.11448,0.295149,0.757614,,,2.86544,1.12267,1.25732,41.56999969482422,3.0275,-0.250041,2.0584,3.0275,0.250041,2.25547,545.1000000000001,8.259090909090911,521.0,7.893939393939394,,,,,,,,,,,,,,,,,,,Phillies,21029,661395
Slade Cecconi,CLE,7.16321,9.47671,9.76451,4.58834,26.6254,26.6254,0.0,0.0,0.0,151.441,637.987,152.976,83.9207,77.207,25.3512,38.4128,1.03671,5.90404,125.327,7.44808,2.28283,3.26265,1.5066,0.196442,0.0602094,0.13623253256082535,0.257679,1.26379,0.288098,0.689354,,,4.53411,1.10874,0.797088,610.5499877929688,3.1956,-0.327689,1.02931,3.1956,0.327689,3.62759,530.1000000000001,3.510596026490067,548.0,3.629139072847682,,,,,,,,,,,,,,,,,,,Guardians,27500,677944
Robby Snelling,MIA,5.21507,5.55265,6.71976,4.1009,15.8272,15.4131,0.0,0.202521,0.0,83.2153,356.541,82.0472,41.2147,37.9175,9.8184,29.6148,0.315127,2.7221,72.9091,7.88535,3.20294,2.46191,1.06189,0.20449,0.0830616,0.12142867594957352,0.253073,1.34184,0.299113,0.719465,,,4.08246,1.10754,1.16466,999.0,2.22663,-0.858208,0.28076,2.22663,0.858208,4.62565,325.00000000000006,3.9156626506024104,332.0,4.0,,,,,,,,,,,,,,,,,,,Marlins,sa3020707,702281
Griffin Jax,TBR,3.5135,4.0307,0.0,3.09656,62.3287,0.108699,18.5618,11.6519,5.21494,63.1288,254.031,50.0734,23.6089,21.7202,6.12817,17.4291,1.72007,2.33795,80.0895,11.418,2.4848,4.59515,0.873667,0.315274,0.0686102,0.24666406214237213,0.213748,1.06928,0.296834,0.74493,,,2.79913,1.0999,0.919849,149.92999267578125,2.37537,-1.02644,1.39852,2.37537,1.02644,3.1353,508.4000000000001,8.069841269841271,483.0,7.666666666666667,,,,,,,,,,,,,,,,,,,Rays,20253,643377
Hunter Barco,PIT,4.54093,3.80662,4.15605,4.07393,32.5209,10.7963,0.0,0.643241,0.0,83.1477,356.005,76.4427,40.9104,37.6376,8.97739,33.4206,0.825656,4.18216,76.5445,8.28526,3.61748,2.29034,0.971723,0.215009,0.0938766,0.12113280594348907,0.240082,1.3213,0.289699,0.7087,,,4.05429,1.08001,0.95996,999.0,1.83158,0.1133,0.251649,1.83158,-0.1133,4.66447,352.9,4.251807228915663,345.0,4.156626506024097,,,,,,,,,,,,,,,,,,,Pirates,33174,682995
Dean Kremer,BAL,7.08736,6.50646,6.60504,4.39572,29.3122,17.5519,0.0,0.500893,0.0,109.588,462.92,107.539,58.1787,53.5244,16.4446,33.1899,0.428151,3.28806,94.1621,7.7331,2.72573,2.83707,1.35052,0.203409,0.0716969,0.13171223551034927,0.252178,1.28416,0.288425,0.701323,,,4.36601,1.06146,0.761701,999.0,1.87443,0.69036,0.441131,1.87443,-0.69036,4.41182,420.40000000000003,3.8218181818181822,426.0,3.8727272727272726,,,,,,,,,,,,,,,,,,,Orioles,19350,665152
Chris Paddack,MIA,5.47233,7.4126,6.26615,4.83352,27.5121,21.4661,0.0356481,0.396245,0.0,121.649,517.834,129.225,71.0134,65.3323,20.0537,31.2954,0.745516,3.31666,94.9431,7.02423,2.31534,3.03377,1.48364,0.183346,0.0604351,0.12291135638952255,0.267423,1.31954,0.296479,0.675804,,,4.57081,1.0564,0.591205,748.2899780273438,2.84518,-0.382808,0.83449,2.84518,0.382808,3.88735,409.4000000000002,3.3557377049180346,438.0,3.5901639344262297,,,,,,,,,,,,,,,,,,,Marlins,20099,663978
Aaron Civale,ATH,6.27622,7.47719,6.81862,4.67077,22.3523,22.3523,0.0342304,0.0,0.0,122.877,526.2,122.808,69.3153,63.7701,20.2377,39.6363,0.787514,6.18391,106.241,7.78151,2.90312,2.6804,1.48229,0.201902,0.0753255,0.1265767738223076,0.255647,1.322,0.289826,0.694414,,,4.66568,1.02824,0.764418,748.3699951171875,2.28255,-1.16012,0.785888,2.28255,1.16012,3.95215,418.40000000000003,3.401626016260163,429.0,3.4878048780487805,,,,,,,,,,,,,,,,,,,Athletics,19479,650644
Edwin Díaz,LAD,4.85425,2.94148,0.0,3.05032,61.975,0.0,36.0925,1.51103,5.1565,64.904,261.388,46.6674,23.9104,21.9976,6.57934,22.0797,0.72762,4.0147,88.5365,12.277,3.06171,4.00986,0.912333,0.338716,0.0844708,0.25424516201019287,0.198336,1.05921,0.285979,0.753102,,,2.93086,1.0197,1.02886,32.95000076293945,1.73877,-0.328966,2.16506,1.73877,0.328966,2.11325,560.6999999999999,8.626153846153844,522.0,8.03076923076923,,,,,,,,,,,,,,,,,,,Dodgers,14710,621242
Carmen Mlodzinski,PIT,4.33811,4.83898,1.81341,3.85909,40.6889,8.5735,0.0,2.53813,2.27862,84.1446,356.835,80.4635,39.2176,36.0802,8.66704,28.2326,0.780338,3.2782,73.8876,7.90292,3.01972,2.6171,0.927016,0.207064,0.0791194,0.1279442384839058,0.247333,1.29178,0.295739,0.71952,,,3.84141,1.01773,1.11396,745.1500244140625,1.79707,0.4114,0.420896,1.79707,-0.4114,4.43881,369.9,4.4035714285714285,370.0,4.404761904761905,,,,,,,,,,,,,,,,,,,Pirates,27572,669387
Kumar Rocker,TEX,4.70545,5.92326,4.72121,4.29845,26.821,15.5563,0.0,0.649674,0.0,91.5851,389.41,88.6752,47.5452,43.7416,11.8796,30.1768,0.662028,4.04491,81.0273,7.96249,2.96546,2.68508,1.1674,0.208077,0.0774938,0.13058337569236755,0.249657,1.29772,0.292799,0.697578,,,4.17291,1.01638,0.679863,731.97998046875,2.58166,-1.4177,0.108567,2.58166,1.4177,4.85524,365.80000000000007,3.97608695652174,368.0,4.0,,,,,,,,,,,,,,,,,,,Rangers,31843,677958
Anthony Kay,CHW,5.70361,8.638,8.53326,4.42299,31.6139,20.7907,0.0,0.287947,0.981388,126.435,549.004,124.91,67.5385,62.1354,16.3902,50.2946,2.24714,5.8748,104.11,7.41084,3.58013,2.06999,1.16671,0.189634,0.0916108,0.0980229377746582,0.253451,1.38573,0.291457,0.707127,,,4.5063,0.994253,0.924707,717.8099975585938,4.05551,-0.830582,0.773106,4.05551,0.830582,3.96919,450.60000000000014,3.5761904761904773,462.0,3.6666666666666665,,,,,,,,,,,,,,,,,,,White Sox,20387,641743
Bryan Abreu,HOU,3.16822,2.60671,0.0,3.13023,64.7288,0.0,12.0112,20.35,4.33828,67.3706,278.355,50.5261,25.4692,23.4317,6.67766,27.8125,0.720472,3.81843,90.1968,12.0493,3.71545,3.24303,0.892065,0.324035,0.0999173,0.22411784529685974,0.204788,1.1628,0.292617,0.766335,,,3.15456,0.992693,0.976828,183.08999633789062,0.593366,-0.148267,1.07897,0.593366,0.148267,3.56137,501.0999999999999,7.479104477611939,468.0,6.985074626865671,,,,,,,,,,,,,,,,,,,Astros,16609,650556
Jose Quintana,COL,7.13489,8.67849,7.5704,5.05764,22.117,22.117,0.0,0.0,0.0,127.594,567.903,142.114,77.9375,71.7025,18.5967,49.2906,0.575266,5.20064,89.1454,6.288,3.47679,1.80857,1.31175,0.156973,0.0867942,0.07017887383699417,0.276804,1.50011,0.304478,0.686144,,,4.91375,0.990608,1.18641,999.0,9.09535,0.417754,1.64037,9.09535,-0.417754,2.81283,360.3,2.81484375,409.0,3.1953125,,,,,,,,,,,,,,,,,,,Rockies,11423,500779
Brandon Sproat,MIL,4.83515,4.78198,5.35166,4.22162,27.9741,13.596,0.0,0.801948,0.0,87.9991,377.176,82.5674,44.867,41.2776,10.0101,33.4369,0.80253,5.09448,74.2674,7.5956,3.41972,2.22112,1.02378,0.196904,0.0886506,0.10825303196907043,0.243817,1.31824,0.285246,0.697492,,,4.23959,0.984794,0.849078,567.6099853515625,1.52663,0.172103,0.174081,1.52663,-0.172103,4.76789,350.40000000000003,3.9818181818181824,348.0,3.9545454545454546,,,,,,,,,,,,,,,,,,,Brewers,33850,687075
Davis Martin,CHW,7.17066,10.28,9.40315,4.60643,26.6361,26.6361,0.0,0.0,0.0,151.082,653.898,152.871,84.0517,77.3276,22.0975,53.8494,1.62088,7.52938,117.329,6.98935,3.20783,2.17884,1.31636,0.179431,0.0823514,0.09707911312580109,0.258002,1.36827,0.288624,0.697838,,,4.70214,0.965321,1.0074,999.0,2.52665,-0.257484,1.22076,2.52665,0.257484,3.37232,497.00000000000006,3.2913907284768213,517.0,3.423841059602649,,,,,,,,,,,,,,,,,,,White Sox,21448,663436
Max Scherzer,TOR,5.51863,5.55596,5.72199,4.57761,24.4628,15.4473,0.0,0.380568,0.0,90.5619,378.15,87.1217,50.0672,46.0619,16.0979,24.4214,0.316763,3.70033,87.7551,8.72107,2.42699,3.59337,1.5998,0.232064,0.0645812,0.16748305410146713,0.248899,1.23168,0.288509,0.690693,,,4.43953,0.964697,0.469135,574.8900146484375,2.20188,0.170479,0.447535,2.20188,-0.170479,4.40329,342.3999999999999,3.7626373626373617,339.0,3.7252747252747254,,,,,,,,,,,,,,,,,,,Blue Jays,3137,453286
Aroldis Chapman,BOS,4.01439,3.27813,0.0,3.06136,56.0259,0.0,28.5398,2.43326,3.83731,55.665,227.092,39.4096,20.581,18.9345,5.0387,23.797,0.724893,1.90071,76.3291,12.341,3.84754,3.2075,0.814665,0.336115,0.10479,0.23132462799549103,0.195683,1.13548,0.28636,0.759106,,,2.95438,0.940207,0.906789,63.970001220703125,1.60088,-0.750533,1.85384,1.60088,0.750533,2.52821,478.5000000000001,8.54464285714286,442.0,7.892857142857143,,,,,,,,,,,,,,,,,,,Red Sox,10233,547973
Kyle Harrison,MIL,4.73605,4.35813,4.06812,4.31573,26.0642,16.514,0.0,1.39562,0.0,97.1454,416.024,89.9852,50.6344,46.5837,13.7875,38.5414,1.05147,4.8043,97.5487,9.03736,3.57065,2.53101,1.27733,0.234479,0.0926422,0.14183635264635086,0.241455,1.32303,0.291563,0.71314,,,4.31045,0.93799,0.862815,475.17999267578125,2.69783,-1.00488,0.204438,2.69783,1.00488,4.72742,379.60000000000014,3.9134020618556713,371.0,3.8247422680412373,,,,,,,,,,,,,,,,,,,Brewers,27758,690986
Michael Lorenzen,COL,5.91451,10.8185,8.65075,5.1689,24.7809,24.7809,0.0,0.0658457,0.0,141.951,624.489,154.115,88.6151,81.5259,24.4741,51.4944,0.65218,5.80006,113.233,7.17919,3.26484,2.19894,1.55171,0.181321,0.0824584,0.09886260330677032,0.271715,1.44845,0.301851,0.682798,,,4.99198,0.936607,1.10217,999.0,3.88776,0.795402,1.78571,3.88776,-0.795402,2.61905,410.19999999999993,2.8887323943661967,453.0,3.1901408450704225,,,,,,,,,,,,,,,,,,,Rockies,14843,547179
Johan Oviedo,BOS,5.07162,4.5141,4.67334,4.27937,30.6204,14.4823,0.0,0.730184,0.0,93.3076,401.352,83.9417,48.2244,44.3664,12.2078,40.3446,0.953896,5.54086,89.0597,8.59027,3.89145,2.20747,1.1775,0.221899,0.100522,0.1213773712515831,0.236145,1.33201,0.282196,0.709563,,,4.40232,0.934902,0.939181,523.4600219726562,1.48764,2.69872,0.149665,1.48764,-2.69872,4.80045,366.20000000000005,3.937634408602151,353.0,3.795698924731183,,,,,,,,,,,,,,,,,,,Red Sox,22487,670912
Miles Mikolas,WSN,7.27441,9.63855,8.78133,4.85948,25.765,25.765,0.0,0.0,0.0,143.31,609.996,155.679,84.1075,77.3789,24.0936,32.5546,0.684791,4.73132,95.0707,5.97054,2.04447,2.92035,1.51311,0.155855,0.0533685,0.10248599946498871,0.271829,1.31348,0.290127,0.673945,,,4.77448,0.923092,0.60561,999.0,2.79636,1.07544,1.19976,2.79636,-1.07544,3.40032,433.4,3.0307692307692307,479.0,3.3496503496503496,,,,,,,,,,,,,,,,,,,Nationals,9803,571945
Jacob Latz,TEX,3.74288,3.59912,4.81122,4.22852,40.5631,12.1428,0.0063938,2.4212,1.24041,101.857,437.979,91.046,52.0176,47.8562,12.8373,47.295,2.0782,3.23347,95.8028,8.46503,4.17893,2.02564,1.13429,0.218738,0.107985,0.11075373739004135,0.234987,1.35819,0.280508,0.717158,,,4.38065,0.913292,0.669981,729.1799926757812,3.71642,1.66144,0.357281,3.71642,-1.66144,4.52363,408.30000000000007,4.002941176470589,391.0,3.8333333333333335,,,,,,,,,,,,,,,,,,,Rangers,21306,656641
Jeremiah Estrada,SDP,3.81806,3.04352,0.0,3.38652,64.8338,0.0,3.03157,21.7545,2.23849,66.1381,271.391,50.4891,27.0505,24.8865,8.30377,26.0851,1.71972,2.35476,86.959,11.8333,3.54964,3.33366,1.12997,0.32042,0.0961165,0.2243032604455948,0.207816,1.15779,0.285638,0.762502,,,3.42772,0.884809,0.770438,620.1300048828125,2.48903,-0.816718,0.771047,2.48903,0.816718,3.97194,453.0000000000001,6.863636363636365,419.0,6.348484848484849,,,,,,,,,,,,,,,,,,,Padres,22210,669093
Devin Williams,NYM,4.33897,4.12624,0.0,3.17902,61.9998,0.0,31.1434,3.19606,3.82829,62.8987,257.452,45.6337,24.1493,22.2174,5.49082,26.1704,1.13042,3.13386,81.4591,11.6557,3.74465,3.11264,0.785665,0.316405,0.101652,0.21475375443696976,0.200019,1.14158,0.284303,0.743248,,,3.07751,0.881145,0.919849,59.619998931884766,2.50325,-1.04339,1.94997,2.50325,1.04339,2.40004,527.1,8.366666666666667,492.0,7.809523809523809,,,,,,,,,,,,,,,,,,,Mets,15816,642207
Patrick Sandoval,BOS,3.4815,4.36845,3.63145,4.11911,31.8446,8.56267,0.0,0.587872,0.0,70.662,306.647,67.8572,35.1528,32.3405,6.94108,30.5136,0.814762,2.65,66.78,8.50556,3.88641,2.18854,0.884064,0.217775,0.099507,0.11826769262552261,0.248122,1.39213,0.304943,0.713093,,,3.92997,0.872496,0.779304,999.0,4.29076,-0.185942,0.411057,4.29076,0.185942,4.45192,298.49999999999994,4.204225352112675,300.0,4.225352112676056,,,,,,,,,,,,,,,,,,,Red Sox,19447,663776
Kyle Leahy,STL,4.8036,5.8454,5.29395,4.45669,42.0893,15.3936,0.0132661,1.86189,3.4546,114.013,492.925,114.525,61.3671,56.4577,14.3165,42.4684,1.18501,4.15368,93.3663,7.3702,3.35239,2.19849,1.13012,0.189413,0.086156,0.10325703769922256,0.256609,1.37698,0.295933,0.698256,,,4.35647,0.87238,0.694242,734.7899780273438,6.68984,-1.6964,0.537484,6.68984,1.6964,4.28335,428.39999999999986,3.757894736842104,444.0,3.8947368421052633,,,,,,,,,,,,,,,,,,,Cardinals,24763,681517
Luis Morales,ATH,6.51821,6.77767,6.90999,4.5421,25.8892,19.752,0.0,0.307377,0.0,113.123,485.292,107.007,62.055,57.0906,17.2869,44.7213,0.810629,4.37594,99.8719,7.94575,3.558,2.23321,1.37534,0.205797,0.0921534,0.11364398896694183,0.24532,1.34127,0.281223,0.703174,,,4.65806,0.858959,0.771944,733.9500122070312,2.33413,-0.386051,0.619076,2.33413,0.386051,4.17456,401.90000000000003,3.5566371681415934,397.0,3.5132743362831858,,,,,,,,,,,,,,,,,,,Athletics,32227,806960
Connelly Early,BOS,3.0914,2.76039,2.57642,3.74956,15.5397,7.14423,0.0,0.801715,0.213832,46.1161,194.477,40.8754,20.8835,19.2128,4.44836,17.0033,0.433507,2.39989,47.0007,9.17264,3.31836,2.76421,0.86814,0.241678,0.0874312,0.15424689650535583,0.233476,1.25507,0.29466,0.716254,,,3.61299,0.856204,0.735626,273.70001220703125,2.31056,0.352673,0.83289,2.31056,-0.352673,3.88948,225.60000000000005,4.9043478260869575,219.0,4.760869565217392,,,,,,,,,,,,,,,,,,,Red Sox,33666,813349
Logan Allen,CLE,5.68939,6.74009,5.71615,4.50616,23.1489,18.3398,0.0,0.296319,0.0,105.019,456.85,107.011,57.1537,52.5814,15.0548,40.276,0.768731,3.95805,85.2765,7.30809,3.4516,2.1173,1.29017,0.186662,0.0881601,0.09850164502859116,0.259347,1.40248,0.294462,0.714151,,,4.6383,0.850609,0.636449,999.0,1.88773,0.568026,0.592709,1.88773,-0.568026,4.20972,352.3,3.355238095238095,368.0,3.5047619047619047,,,,,,,,,,,,,,,,,,,Guardians,27589,671106
Abner Uribe,MIL,3.51599,2.60072,0.0,3.17809,64.1353,0.0,17.8847,15.2157,3.34955,66.3462,276.664,51.5348,25.4655,23.4283,5.03379,28.7879,1.94633,3.59762,77.3575,10.4937,3.90514,2.68715,0.682843,0.279608,0.104054,0.17555460333824158,0.210968,1.21066,0.287244,0.748644,,,3.25392,0.850385,0.991267,166.99000549316406,1.9851,-1.0338,1.32761,1.9851,1.0338,3.22985,496.7000000000001,7.525757575757577,470.0,7.121212121212121,,,,,,,,,,,,,,,,,,,Brewers,25327,682842
Garrett Whitlock,BOS,4.27677,3.11234,0.0,3.34859,57.4936,0.0,5.11528,19.2017,2.14628,63.9766,261.898,54.9697,25.8734,23.8035,6.25723,17.9192,0.899511,2.83438,70.8951,9.97326,2.52081,3.95638,0.880244,0.270697,0.0684204,0.2022765651345253,0.227953,1.13931,0.297041,0.733142,,,3.1635,0.850077,0.834999,627.6599731445312,1.84012,-2.38228,0.867865,1.84012,2.38228,3.84285,436.79999999999995,6.824999999999999,422.0,6.59375,,,,,,,,,,,,,,,,,,,Red Sox,20191,676477
Ryan Feltner,COL,3.51641,6.21376,5.9161,5.16498,27.1994,17.2667,0.0,0.507713,0.0,101.751,450.475,108.933,63.4714,58.3937,14.6294,41.5982,0.430686,3.84802,83.6873,7.40223,3.6794,2.0118,1.29399,0.185776,0.092343,0.09343277662992477,0.268951,1.4794,0.307466,0.669433,,,4.69921,0.844335,0.762752,999.0,2.35987,-0.616,0.994035,2.35987,0.615584,3.67462,320.9000000000001,3.14607843137255,349.0,3.4215686274509802,,,,,,,,,,,,,,,,,,,Rockies,21446,663372
Andrew Painter,PHI,5.60355,6.39852,6.57458,4.66441,26.1031,18.4733,0.0,1.17808,0.487758,104.852,452.835,106.235,59.067,54.3416,15.7071,38.334,0.702401,3.14573,88.452,7.59227,3.29039,2.3074,1.34822,0.195329,0.0846533,0.1106761172413826,0.258255,1.37878,0.29469,0.697525,,,4.58219,0.840678,0.707013,999.0,2.66542,1.39398,0.598443,2.66542,-1.39398,4.20208,361.6,3.443809523809524,374.0,3.5619047619047617,,,,,,,,,,,,,,,,,,,Phillies,sa3017880,691725
Lucas Giolito,,5.84809,6.16271,6.5135,4.6077,20.0426,17.9747,0.0,0.0,0.0,104.106,447.882,101.43,57.9336,53.2989,16.3101,40.2318,0.600728,3.27143,94.0164,8.12774,3.47805,2.33687,1.41001,0.209913,0.0898266,0.12008653581142426,0.25083,1.36075,0.289473,0.70462,,,4.61927,0.840174,0.656048,726.6300048828125,3.65309,0.785346,0.551328,3.65309,-0.785346,4.2649,369.19999999999993,3.5499999999999994,371.0,3.5673076923076925,,,,,,,,,,,,,,,,,,,,15474,608337
Janson Junk,MIA,4.39144,4.50547,3.85236,4.58144,37.9027,10.5823,0.00436174,1.09801,0.0,89.2223,378.281,95.5118,49.368,45.4186,12.0143,20.2406,0.314275,2.89134,65.8639,6.6438,2.0417,3.25406,1.2119,0.174114,0.0535067,0.12060718238353729,0.268935,1.29735,0.301141,0.671007,,,4.18704,0.837045,0.463093,999.0,6.40528,-1.90049,0.32663,6.40528,1.90049,4.56449,328.4,3.689887640449438,356.0,4.0,,,,,,,,,,,,,,,,,,,Marlins,23301,676083
Ben Brown,CHC,3.16052,3.57516,1.65356,3.78375,38.1409,2.68644,0.00215052,3.35785,0.0509701,61.4548,254.535,53.6028,28.0833,25.8366,7.12885,19.7601,0.789278,2.15367,68.0817,9.9705,2.89385,3.44541,1.04401,0.267475,0.0776322,0.18984250724315643,0.230429,1.19377,0.29524,0.714387,,,3.49724,0.831297,0.580693,734.8499755859375,3.48412,-0.261392,0.740638,3.48412,0.261392,4.01248,306.9000000000001,5.031147540983608,296.0,4.852459016393443,,,,,,,,,,,,,,,,,,,Cubs,23590,676962
Bryce Elder,ATL,6.40286,7.06818,7.14395,4.64574,23.4442,18.8359,0.0,0.67883,0.0,110.754,480.97,116.033,62.1418,57.1705,14.8212,38.1339,0.925149,4.50885,90.8104,7.37936,3.09881,2.38136,1.20439,0.188807,0.0792855,0.10952147096395493,0.264717,1.39197,0.304217,0.689753,,,4.39001,0.82207,0.762036,736.989990234375,3.2963,-1.08315,0.757663,3.2963,1.08315,3.98978,392.30000000000007,3.5342342342342348,417.0,3.7567567567567566,,,,,,,,,,,,,,,,,,,Braves,27779,693821
Michael Soroka,ARI,4.85696,5.4357,3.5399,4.20435,36.159,10.8793,1.59137,1.50889,0.349907,89.3914,379.688,80.5108,45.3905,41.7592,10.9719,32.3905,0.725321,6.65732,89.7851,9.03964,3.2611,2.77196,1.10466,0.236471,0.0853082,0.151162751019001,0.236352,1.263,0.289887,0.692131,,,4.03241,0.814451,0.86112,712.2899780273438,3.7164,-1.04405,0.176674,3.7164,1.04405,4.76443,393.69999999999993,4.4235955056179765,383.0,4.303370786516854,,,,,,,,,,,,,,,,,,,Diamondbacks,18383,647336
David Bednar,NYY,4.07409,4.10444,0.0,3.34591,60.4127,0.0,32.2197,1.76031,4.33457,61.5345,250.384,48.7283,24.8658,22.8765,6.67442,20.3808,1.73373,2.20977,73.3127,10.7227,2.98088,3.59714,0.976196,0.2928,0.0813981,0.21140239387750626,0.213914,1.12309,0.28452,0.740289,,,3.26374,0.800414,0.761596,63.720001220703125,2.15682,-1.28953,2.06859,2.15682,1.28953,2.24188,493.29999999999995,7.9564516129032254,467.0,7.532258064516129,,,,,,,,,,,,,,,,,,,Yankees,19569,670280
Hunter Dobbins,STL,4.08635,4.57216,4.29727,4.37267,23.7633,12.056,0.0,0.584201,0.877427,78.5467,337.251,79.459,41.4805,38.1621,9.38392,25.8584,1.04762,3.36298,58.8102,6.73856,2.96289,2.27432,1.07522,0.174381,0.076674,0.09770694375038147,0.257959,1.34082,0.292179,0.692525,,,4.30686,0.797967,0.687428,999.0,1.85693,0.558818,0.309348,1.85693,-0.558818,4.58754,303.5,3.8417721518987342,313.0,3.962025316455696,,,,,,,,,,,,,,,,,,,Cardinals,30240,690928
Brad Lord,WSN,4.44535,6.05543,4.77929,4.22075,48.4478,9.62373,2.13627,6.8296,0.0,94.74,403.115,92.0478,48.294,44.4304,11.0962,31.2146,1.02574,4.15957,78.0704,7.41644,2.96529,2.50109,1.0541,0.193668,0.0774334,0.11623416841030121,0.250306,1.30106,0.290592,0.695906,,,4.12977,0.784367,0.760293,999.0,2.36509,0.397769,0.249709,2.36509,-0.397769,4.66706,417.50000000000006,4.394736842105264,421.0,4.431578947368421,,,,,,,,,,,,,,,,,,,Nationals,31972,695418
Andrés Muñoz,SEA,3.65925,3.15743,0.0,2.90923,60.7029,0.0,33.9686,2.18756,5.26758,62.2277,254.44,45.0329,21.8641,20.1149,4.93051,24.7921,1.96065,3.53283,76.6975,11.0928,3.58568,3.09363,0.7131,0.301436,0.0974377,0.20399849861860275,0.199159,1.12209,0.27755,0.762225,,,3.06565,0.772178,0.87599,41.310001373291016,1.34779,2.99233,2.19846,1.34779,-2.99233,2.06872,525.3,8.47258064516129,490.0,7.903225806451613,,,,,,,,,,,,,,,,,,,Mariners,20373,662253
Adrian Morejon,SDP,5.40829,4.22563,0.0,3.41879,62.4241,0.0,2.37289,16.127,2.23442,64.5843,266.523,56.5712,26.6666,24.5333,5.94297,20.237,1.45829,1.77416,64.3491,8.96723,2.82009,3.17977,0.82817,0.24144,0.0759299,0.1655096933245659,0.231364,1.18927,0.290601,0.732122,,,3.3611,0.764957,0.716448,734.6699829101562,1.54978,-0.447183,0.757164,1.54978,0.447183,3.99045,395.00000000000006,6.0769230769230775,383.0,5.892307692307693,,,,,,,,,,,,,,,,,,,Padres,20039,670970
Hunter Harvey,CHC,2.93414,2.1675,0.0,3.34835,49.3953,0.0,3.50355,15.6874,2.72989,51.7601,210.567,43.4804,20.9312,19.2567,5.35133,14.7269,0.881325,2.02965,55.4355,9.63909,2.56071,3.76423,0.930485,0.263268,0.0699393,0.19332841783761978,0.224345,1.12456,0.286634,0.735004,,,3.30836,0.764409,0.635517,748.3200073242188,1.72939,-0.0800641,1.04927,1.72939,0.0800641,3.60097,354.5,6.8173076923076925,338.0,6.5,,,,,,,,,,,,,,,,,,,Cubs,15507,640451
Will Vest,DET,4.27876,3.64284,0.0,3.34668,61.6112,0.0626617,7.61433,15.358,4.37212,64.4547,266.901,56.5485,26.0519,23.9677,5.54838,20.3806,1.17182,2.40896,65.349,9.12488,2.8458,3.20644,0.774737,0.244844,0.0763599,0.16848363727331161,0.23165,1.19354,0.294434,0.735631,,,3.28717,0.764282,0.731748,486.8299865722656,0.990446,-0.555176,0.901441,0.990446,0.555176,3.79808,415.59999999999997,6.4937499999999995,406.0,6.34375,,,,,,,,,,,,,,,,,,,Tigers,19769,676684
J.T. Ginn,ATH,3.52803,4.16155,2.59266,4.23729,26.4494,10.2503,0.0,1.32707,0.0,71.1003,304.816,68.5894,36.3856,33.4748,8.94199,25.1096,1.10474,4.21505,66.8531,8.46237,3.17841,2.66245,1.13189,0.219323,0.0823762,0.13694649934768677,0.248971,1.31784,0.298691,0.706002,,,4.12688,0.75793,0.650299,748.1199951171875,2.93692,-0.517229,0.355888,2.93692,0.517229,4.52548,286.29999999999995,4.032394366197183,289.0,4.070422535211268,,,,,,,,,,,,,,,,,,,Athletics,27889,669372
Mick Abel,MIN,6.49928,7.73748,7.15916,4.73411,33.0359,21.4472,0.0,0.520198,3.44574,122.299,534.934,118.973,69.9245,64.3306,16.5803,54.9785,0.597348,5.09248,110.079,8.10078,4.04588,2.00223,1.22015,0.205781,0.102776,0.10300519317388535,0.250543,1.42235,0.294062,0.690114,,,4.57095,0.753496,0.431675,310.04998779296875,1.48761,-0.525426,1.12846,1.48761,0.525426,3.49539,428.3000000000002,3.5106557377049197,433.0,3.5491803278688523,,,,,,,,,,,,,,,,,,,Twins,27756,690953
Randy Vásquez,SDP,5.9484,7.77823,6.89893,4.81129,28.5057,23.4401,0.0,0.301085,0.0,127.715,557.591,132.667,74.212,68.275,18.6926,46.0062,1.1527,7.26587,88.228,6.21736,3.24202,1.91774,1.31725,0.158231,0.0825089,0.07572180777788162,0.263062,1.399,0.286802,0.684976,,,4.90755,0.751569,0.513436,723.8599853515625,2.18515,1.46556,1.02633,2.18515,-1.46556,3.63156,384.7,3.00546875,410.0,3.203125,,,,,,,,,,,,,,,,,,,Padres,24719,681190
José Berríos,TOR,5.14021,4.94173,5.85989,4.31382,29.558,11.8994,0.0,0.601633,0.0,86.8298,368.429,84.5867,45.2377,41.6187,13.0952,26.4269,0.777448,4.52381,74.1799,7.68883,2.73917,2.80699,1.35734,0.201341,0.0717286,0.12961283326148987,0.250644,1.27852,0.285734,0.709708,,,4.45646,0.747217,0.62475,712.5599975585938,2.50808,-0.484471,0.222945,2.50808,0.484471,4.70274,321.9000000000001,3.700000000000001,325.0,3.735632183908046,,,,,,,,,,,,,,,,,,,Blue Jays,14168,621244
Orion Kerkering,PHI,5.17307,3.98079,0.0,3.505,61.8611,0.0783716,1.49224,15.9884,4.14777,62.3104,260.509,53.0984,26.3766,24.2665,5.96336,22.4012,1.42794,3.68565,66.4798,9.60222,3.23559,2.96769,0.861337,0.255192,0.0859902,0.16920218616724014,0.226508,1.21167,0.290995,0.731532,,,3.50144,0.746634,0.732414,999.0,1.59423,0.340884,0.688914,1.59423,-0.340884,4.08145,370.19999999999993,5.970967741935483,355.0,5.725806451612903,,,,,,,,,,,,,,,,,,,Phillies,31776,689147
Luis Gil,NYY,6.23319,5.07685,5.45978,4.25377,36.8964,13.2115,0.0,0.320746,0.0,97.0894,416.052,82.0118,49.8788,45.8885,13.3047,47.2778,1.22552,4.23204,96.4234,8.93826,4.38256,2.03951,1.23332,0.231758,0.113634,0.11812365055084229,0.224972,1.33166,0.269637,0.717591,,,4.52193,0.74136,0.778752,351.6099853515625,2.53854,-0.0563673,0.28792,2.53854,0.0563673,4.61611,383.7000000000001,3.9556701030927846,355.0,3.6597938144329896,,,,,,,,,,,,,,,,,,,Yankees,21052,661563
Drew Anderson,DET,4.63292,4.24726,2.68715,3.93718,44.7343,4.3934,0.0,4.68941,0.0,74.2332,315.531,64.0188,35.2983,32.4744,8.75767,31.5445,1.41053,3.9494,84.4232,10.2354,3.82444,2.67632,1.06178,0.267559,0.0999726,0.16758619993925095,0.228608,1.28734,0.295741,0.723448,,,3.82869,0.73815,0.575527,999.0,2.39809,-0.801819,0.311445,2.39809,0.801819,4.58474,350.5000000000001,4.736486486486488,333.0,4.5,,,,,,,,,,,,,,,,,,,Tigers,15130,623454
Matt Strahm,KCR,3.83273,3.0378,0.0,3.51798,60.6953,0.120238,2.97605,18.8085,3.34214,62.7693,256.535,52.2734,26.6692,24.5357,7.67023,18.6723,1.23075,2.93071,68.3748,9.80373,2.67727,3.66183,1.09977,0.266532,0.0727865,0.19374551624059677,0.222504,1.13026,0.280723,0.7354,,,3.57759,0.735743,0.608262,717.4500122070312,1.65595,0.712632,0.864728,1.65595,-0.712632,3.84703,393.6000000000001,6.2476190476190485,372.0,5.904761904761905,,,,,,,,,,,,,,,,,,,Royals,13799,621381
Sean Burke,CHW,6.95283,9.08406,8.16829,4.79022,25.9203,25.9203,0.0,0.0,0.0,143.257,623.957,138.369,82.8783,76.2481,23.9877,62.845,0.680388,5.8644,134.278,8.43591,3.94819,2.13666,1.507,0.215204,0.10072,0.11448418349027634,0.249203,1.40457,0.288128,0.705929,,,4.87614,0.731514,0.619746,999.0,1.33343,-0.777313,1.51699,1.33343,0.777313,2.97735,465.2,3.2531468531468533,464.0,3.2447552447552446,,,,,,,,,,,,,,,,,,,White Sox,29878,680732
Robert Gasser,MIL,3.62455,3.726,2.58629,4.01434,30.0003,7.96301,0.0,1.94723,0.0,66.6074,282.344,61.4566,32.2929,29.7094,8.68059,21.5384,0.637023,5.52134,60.5841,8.18614,2.91027,2.81284,1.17292,0.214576,0.0762842,0.13829147815704346,0.240738,1.24603,0.283713,0.715705,,,4.22899,0.71041,0.752674,748.3699951171875,2.66079,0.105967,0.588431,2.66079,-0.105967,4.21543,272.5,4.067164179104478,264.0,3.9402985074626864,,,,,,,,,,,,,,,,,,,Brewers,29812,688107
José Alvarado,PHI,4.44446,2.98092,0.0,3.51651,55.3669,0.0,4.07596,13.3671,3.45429,56.2151,234.633,48.3417,23.8745,21.9646,5.49963,20.992,1.15065,2.1773,63.4223,10.1539,3.36081,3.02126,0.880487,0.270305,0.0894676,0.18083716928958893,0.228606,1.23336,0.300559,0.737564,,,3.387,0.703174,0.609254,748.3800048828125,2.0194,-1.25633,0.737213,2.0194,1.25633,4.01705,357.1000000000001,6.376785714285716,344.0,6.142857142857143,,,,,,,,,,,,,,,,,,,Phillies,17780,621237
Joe Boyle,TBR,3.83075,4.23149,3.34919,4.12852,24.8303,11.0879,0.0,0.747959,0.0,73.3508,316.775,59.7137,36.5737,33.6478,8.15026,39.5699,0.944527,4.04018,80.1438,9.83349,4.85515,2.02537,1.00002,0.252999,0.124915,0.1280844584107399,0.2186,1.35354,0.278917,0.71364,,,4.17802,0.695972,0.698912,748.1500244140625,2.37403,-2.07219,0.289125,2.37403,2.07219,4.6145,317.80000000000007,4.353424657534248,293.0,4.013698630136986,,,,,,,,,,,,,,,,,,,Rays,29608,671212
Matt Brash,SEA,3.11154,3.03499,0.0,3.17709,59.0691,0.0692121,4.11859,19.4401,2.15065,60.421,251.496,49.1606,23.1839,21.3292,5.03747,23.596,1.51044,2.91477,71.5132,10.6522,3.51473,3.03074,0.750355,0.284351,0.0938222,0.19052842259407043,0.218506,1.20416,0.297256,0.754483,,,3.16812,0.693173,0.655819,737.1400146484375,1.54263,0.0727782,0.942421,1.54263,-0.0727782,3.74344,414.1,6.901666666666667,394.0,6.566666666666666,,,,,,,,,,,,,,,,,,,Mariners,25756,666374
Trevor Megill,MIL,4.23717,3.32454,0.0,3.44951,60.1567,0.0,18.6314,8.43081,5.65329,62.2284,255.7,50.4704,25.9248,23.8508,7.11514,22.0167,2.25297,2.13667,74.5049,10.7755,3.18424,3.38402,1.02905,0.291377,0.0861037,0.2052730768918991,0.217971,1.16486,0.289178,0.744688,,,3.3914,0.688968,0.669288,139.99000549316406,2.00639,2.31467,1.28179,2.00639,-2.31467,3.29094,447.69999999999993,7.220967741935483,424.0,6.838709677419355,,,,,,,,,,,,,,,,,,,Brewers,17722,656730
Andrew Alvarez,WSN,2.77043,3.60909,3.62515,4.24773,27.9157,10.1352,0.0,1.10481,0.0,71.7615,310.136,70.0629,36.8144,33.8693,7.80217,27.9782,0.300077,3.26894,53.4784,6.70701,3.5089,1.91143,0.978512,0.172435,0.0902127,0.08222237229347229,0.251222,1.36621,0.286114,0.702801,,,4.36439,0.680629,0.633466,999.0,2.58426,0.265652,0.476907,2.58426,-0.265652,4.36412,269.4000000000001,3.741666666666668,273.0,3.7916666666666665,,,,,,,,,,,,,,,,,,,Nationals,29914,674841
Pete Fairbanks,MIA,3.29515,3.71292,0.0,3.53032,57.8787,0.0,26.2832,3.44361,5.04529,59.5091,247.067,50.8318,25.3727,23.3429,6.05657,20.8989,0.842699,2.1653,60.9711,9.22112,3.1607,2.91742,0.915981,0.246779,0.084588,0.16219118982553482,0.226924,1.20537,0.285237,0.732916,,,3.57181,0.67398,0.718517,112.08999633789062,1.61631,-0.160661,1.84129,1.61631,0.160661,2.54495,432.6,7.21,417.0,6.95,,,,,,,,,,,,,,,,,,,Marlins,17998,664126
David Festa,MIN,2.46889,3.01774,1.72254,4.20129,19.3292,6.78501,1.37236,0.562874,0.0,48.2211,203.396,44.5056,24.4675,22.5101,6.4272,16.4906,0.429486,2.07644,49.3241,9.20587,3.07782,2.99104,1.19958,0.242503,0.0810764,0.1614263504743576,0.240794,1.26493,0.295004,0.702501,,,3.97723,0.671902,0.451789,999.0,2.15668,-0.54462,0.759457,2.15668,0.54462,3.98739,217.40000000000003,4.529166666666668,215.0,4.479166666666667,,,,,,,,,,,,,,,,,,,Twins,30056,701581
Cody Bradford,TEX,3.94397,3.74068,3.17496,4.22687,26.8255,7.29776,0.0,0.938302,0.0,61.9642,255.381,59.1259,31.6322,29.1016,9.05929,14.086,0.750335,1.85323,54.3789,7.89827,2.04593,3.86049,1.31582,0.212932,0.0551569,0.15777558460831642,0.246932,1.18152,0.284464,0.68694,,,4.05229,0.671358,0.34305,999.0,1.4642,0.768574,0.705994,1.4642,-0.768574,4.05867,258.69999999999993,4.172580645161289,257.0,4.145161290322581,,,,,,,,,,,,,,,,,,,Rangers,27597,674003
Jose A. Ferrer,SEA,3.93749,2.63286,0.0,3.3743,62.0702,0.0,3.06606,18.4642,4.01663,64.6646,266.528,57.409,26.3524,24.2442,4.94674,17.5866,1.21909,3.35896,60.0437,8.35687,2.44769,3.41418,0.688487,0.225281,0.0659838,0.1592969298362732,0.233766,1.15976,0.290501,0.714604,,,3.24427,0.67033,0.589401,999.0,3.13604,-1.80981,0.925542,3.13604,1.80981,3.76594,415.3,6.389230769230769,404.0,6.2153846153846155,,,,,,,,,,,,,,,,,,,Mariners,24017,678606
Ryan Walker,SFG,4.04457,4.07356,0.0,3.52306,59.1824,0.17547,25.6179,3.65777,4.35555,61.0802,255.924,54.5962,25.989,23.9099,5.36527,19.1193,1.20382,4.24885,63.6792,9.38295,2.81717,3.33063,0.790558,0.24882,0.0747067,0.17411373555660248,0.234765,1.20686,0.301085,0.720898,,,3.33969,0.668761,0.603745,146.77000427246094,2.70277,-0.127627,1.73863,2.70277,0.127627,2.68183,451.9000000000001,7.4081967213114766,445.0,7.295081967213115,,,,,,,,,,,,,,,,,,,Giants,20423,676254
Lance McCullers Jr.,HOU,4.47664,4.76308,4.75826,4.5864,22.6142,14.7928,0.0,0.380316,0.0,82.2678,363.543,77.0668,45.5692,41.9237,10.5858,41.8874,0.372328,5.18988,79.1084,8.65437,4.58243,1.8886,1.15808,0.217604,0.11522,0.10238390415906906,0.243523,1.44594,0.293162,0.704717,,,4.60146,0.666463,0.337542,999.0,3.12265,-1.49637,0.436681,3.12265,1.49637,4.41776,288.30000000000007,3.515853658536586,284.0,3.4634146341463414,,,,,,,,,,,,,,,,,,,Astros,14120,621121
Richard Fitts,STL,4.74153,6.72824,5.66772,4.42558,26.8303,18.6163,0.0,0.494264,0.0,105.528,451.482,105.956,56.4036,51.8913,15.5398,34.2182,0.736751,4.22205,82.7821,7.06012,2.91832,2.41924,1.32532,0.183356,0.0757909,0.10756559669971466,0.256526,1.32831,0.287291,0.707412,,,4.57338,0.659196,0.917165,745.6400146484375,2.0282,-0.362968,0.253792,2.0282,0.362968,4.66161,364.0000000000001,3.4339622641509444,374.0,3.5283018867924527,,,,,,,,,,,,,,,,,,,Cardinals,30160,690916
Gabe Speier,SEA,3.05792,2.8322,0.0,3.35094,60.8196,0.0,1.61376,19.2484,3.39364,58.0072,234.135,45.8484,23.4757,21.5976,6.31957,16.5651,1.71338,2.92103,68.6793,10.6558,2.57012,4.14603,0.980501,0.293332,0.07075,0.22258175909519196,0.213597,1.07596,0.283055,0.726911,,,3.19123,0.654925,0.548046,748.239990234375,2.43226,-0.278033,1.04541,2.43226,0.278033,3.60612,399.80000000000007,6.8931034482758635,376.0,6.482758620689655,,,,,,,,,,,,,,,,,,,Mariners,17170,642100
Aaron Ashby,MIL,4.10517,3.87866,0.180215,3.6317,56.2051,1.59746,0.724217,12.164,1.33033,72.6859,312.185,63.778,31.8808,29.3303,5.89333,33.0026,0.772867,3.88813,74.6806,9.24699,4.0864,2.26287,0.729716,0.239219,0.105715,0.13350436836481094,0.231672,1.33149,0.297271,0.733083,,,3.65689,0.644153,0.759,999.0,2.79729,0.0762448,0.582098,2.79729,-0.0762448,4.22387,392.0000000000001,5.369863013698632,379.0,5.191780821917808,,,,,,,,,,,,,,,,,,,Brewers,23550,676879
Josh Hader,HOU,3.75174,2.77698,0.0,3.24694,45.9665,0.0,22.8101,1.59424,2.492,48.271,193.814,33.8004,18.9291,17.4148,6.3815,17.6289,0.763646,1.91627,65.0319,12.125,3.28686,3.68894,1.18981,0.335537,0.0909577,0.24457981437444687,0.193955,1.06543,0.266576,0.764796,,,3.37402,0.639913,0.584687,123.93000030517578,2.03931,0.230116,1.62594,2.03931,-0.230116,2.83208,386.0,8.041666666666666,355.0,7.395833333333333,,,,,,,,,,,,,,,,,,,Astros,14212,623352
Chris Martin,TEX,3.0424,3.18506,0.0,3.47362,50.4721,0.0,10.1476,14.3738,2.72964,51.4919,210.184,47.5851,21.6018,19.8737,5.81696,10.8611,1.59199,1.91207,50.6198,8.84758,1.89836,4.66065,1.01672,0.240836,0.0516742,0.18916131183505058,0.241046,1.13506,0.296282,0.732457,,,3.38179,0.637753,0.411101,673.489990234375,1.13276,-1.29422,1.17911,1.13276,1.29422,3.42785,347.8,6.8196078431372555,346.0,6.784313725490196,,,,,,,,,,,,,,,,,,,Rangers,11847,455119
Robert Suarez,ATL,4.47495,4.51973,0.0,3.59269,63.4996,0.0,10.6721,15.1442,4.81657,65.3821,267.826,56.4253,28.3693,26.0998,7.5895,19.414,1.89555,2.22739,68.2732,9.39797,2.67238,3.51671,1.04471,0.254916,0.0724871,0.18242884427309036,0.229199,1.15994,0.286726,0.727911,,,3.54872,0.631632,0.660358,213.7100067138672,1.65159,0.498397,0.927211,1.65159,-0.498397,3.76372,425.0,6.538461538461538,409.0,6.292307692307692,,,,,,,,,,,,,,,,,,,Braves,30115,663158
Chase Dollander,COL,4.35391,9.22948,5.90975,5.46358,21.6959,21.6959,0.0,0.0,0.0,113.695,507.897,119.408,75.0219,69.0201,18.6421,51.017,0.610386,6.61952,97.2791,7.70054,4.03847,1.9068,1.4757,0.191533,0.100448,0.09108559787273407,0.265198,1.49897,0.301389,0.661026,,,5.07629,0.625318,0.580766,740.0700073242188,2.85106,-0.402121,1.54349,2.85106,0.402121,2.94201,320.4999999999999,2.811403508771929,343.0,3.008771929824561,,,,,,,,,,,,,,,,,,,Rockies,33482,801403
Griffin Canning,SDP,6.08645,6.17842,4.89203,4.46525,26.4556,16.972,0.0,0.957405,0.0,100.271,431.165,97.9425,54.0745,49.7486,15.0153,38.2433,0.904729,3.15747,88.2709,7.92288,3.43258,2.30814,1.34772,0.204727,0.0886977,0.11602890491485596,0.251287,1.35817,0.289472,0.712992,,,4.55986,0.624078,0.729701,999.0,1.50806,-0.696793,0.432554,1.50806,0.696793,4.42326,357.7,3.577,362.0,3.62,,,,,,,,,,,,,,,,,,,Padres,19867,656288
Garrett Cleavinger,TBR,3.73483,3.55948,0.0,3.36581,62.294,0.0,7.55814,17.6057,4.06662,61.7869,254.767,47.303,25.1163,23.107,7.11527,22.5553,0.841869,4.21244,75.1785,10.9507,3.28545,3.33307,1.03642,0.295087,0.088533,0.20655398815870285,0.20747,1.13063,0.275814,0.746984,,,3.4984,0.611888,0.761436,504.3299865722656,1.94168,-0.320462,0.923624,1.94168,0.320462,3.7685,431.49999999999994,6.959677419354838,400.0,6.451612903225806,,,,,,,,,,,,,,,,,,,Rays,17897,664076
Ryan Weiss,HOU,4.58199,4.61246,3.66467,4.30063,34.7588,8.43249,0.0,1.00803,0.0,77.6088,332.519,72.1159,40.31,37.0852,10.3228,30.4001,1.14271,4.16112,76.3502,8.85404,3.52538,2.51151,1.19709,0.229612,0.0914237,0.13818801939487457,0.242034,1.32093,0.292464,0.706372,,,4.23268,0.60706,0.46224,999.0,1.51776,-1.02293,0.154819,1.51776,1.02293,4.79357,321.00000000000006,4.115384615384616,314.0,4.0256410256410255,,,,,,,,,,,,,,,,,,,Astros,sa3007778,680802
Jeff Hoffman,TOR,4.31473,3.82804,0.0,3.56613,60.0161,0.0,26.5629,3.05364,4.72224,60.8579,250.636,48.5082,26.211,24.1142,8.14499,21.7719,1.38214,3.25922,72.4441,10.7134,3.21975,3.32741,1.20453,0.289041,0.0868668,0.20217447727918625,0.215014,1.15482,0.278337,0.748492,,,3.72816,0.601275,0.54701,100.37999725341797,1.71039,-1.09182,1.72467,1.71039,1.09182,2.70044,441.60000000000014,7.239344262295084,417.0,6.836065573770492,,,,,,,,,,,,,,,,,,,Blue Jays,17432,656546
Ryan Helsley,BAL,4.03059,3.51551,0.0,3.54158,60.0225,0.0,29.1414,1.37574,6.94948,62.5708,259.955,52.5576,26.7632,24.6222,7.1085,23.3537,1.84837,1.96249,70.4941,10.1397,3.35913,3.01854,1.02247,0.271179,0.0898376,0.1813409999012947,0.223994,1.21321,0.289418,0.745126,,,3.57257,0.596029,0.52542,85.5,2.32172,-2.51247,1.91097,2.32172,2.51247,2.45204,456.3,7.242857142857143,438.0,6.9523809523809526,,,,,,,,,,,,,,,,,,,Orioles,18138,664854
Tanner Scott,LAD,4.2341,3.67334,0.0,3.54239,61.6644,0.0,5.01078,18.9367,6.14929,63.28,264.962,52.0852,27.0728,24.9069,6.86943,25.6263,1.76634,3.10545,71.0437,10.1042,3.64469,2.7723,0.977004,0.268128,0.0967168,0.17141136527061462,0.220485,1.22806,0.285603,0.743656,,,3.66311,0.5873,0.608218,712.219970703125,1.48709,1.04602,0.709673,1.48709,-1.04602,4.05377,400.90000000000003,6.363492063492064,380.0,6.031746031746032,,,,,,,,,,,,,,,,,,,Dodgers,17586,656945
Tomoyuki Sugano,COL,6.05374,8.40846,6.31506,5.28413,20.2442,20.2442,0.0,0.0,0.0,114.792,501.475,134.353,73.2579,67.3972,21.8782,28.0341,1.05287,5.04366,73.6167,5.77175,2.19795,2.62597,1.71531,0.1468,0.0559034,0.09089697897434235,0.286835,1.41462,0.301619,0.676463,,,5.19466,0.584397,0.813593,999.0,5.68399,0.328275,1.25905,5.68399,-0.328275,3.32127,281.0,2.4434782608695653,338.0,2.9391304347826086,,,,,,,,,,,,,,,,,,,Rockies,35321,608372
Alex Vesia,LAD,3.92822,3.08453,0.0,3.55702,60.9686,0.0,2.21309,21.9612,3.01313,60.8057,251.173,46.7179,26.1216,24.0319,8.18174,24.6462,1.95598,2.86465,75.4496,11.1675,3.64794,3.06131,1.211,0.300388,0.0981243,0.2022642120718956,0.208877,1.17364,0.275197,0.755178,,,3.76001,0.584309,0.603651,745.52001953125,1.36598,0.762413,0.727952,1.36598,-0.762413,4.0294,394.8000000000001,6.472131147540986,365.0,5.983606557377049,,,,,,,,,,,,,,,,,,,Dodgers,25007,681911
Aaron Bummer,ATL,3.35926,2.61936,0.0,3.69634,56.1962,0.126249,0.170354,9.10566,1.14401,59.7987,255.156,55.085,26.6952,24.5596,4.40425,21.5583,2.11149,4.49899,60.7472,9.14276,3.24462,2.81782,0.662862,0.238078,0.0844903,0.15358805656433105,0.240442,1.28169,0.309127,0.708711,,,3.36813,0.577193,0.491627,999.0,1.71455,-1.03082,0.694516,1.71455,1.03082,4.07398,331.8,5.53,328.0,5.466666666666667,,,,,,,,,,,,,,,,,,,Braves,16258,607481
Colin Rea,CHC,5.14519,4.49829,4.02086,4.30686,36.4706,8.44466,0.111874,0.701452,0.0,81.8535,346.753,81.8845,42.5763,39.1702,11.9539,23.0588,0.389199,3.61619,66.7369,7.33789,2.53537,2.89421,1.31437,0.192462,0.066499,0.12596318870782852,0.255827,1.28209,0.289703,0.707046,,,4.38068,0.571964,0.467347,748.02001953125,1.80033,0.456591,0.300779,1.80033,-0.456591,4.59896,303.00000000000006,3.695121951219513,311.0,3.792682926829268,,,,,,,,,,,,,,,,,,,Cubs,12317,607067
Fernando Cruz,NYY,3.40882,3.58869,0.0,3.65539,56.6828,0.0652986,1.79669,18.9544,1.85877,58.0183,242.957,44.6629,25.6135,23.5644,7.0837,26.681,0.995095,2.77965,77.7476,12.0605,4.13884,2.91397,1.09885,0.320006,0.109818,0.2101881131529808,0.209198,1.22968,0.29207,0.744471,,,3.5656,0.557434,0.441857,999.0,2.86705,-1.00371,0.659787,2.86705,1.00371,4.12028,378.1,6.51896551724138,351.0,6.051724137931035,,,,,,,,,,,,,,,,,,,Yankees,7048,518585
Bryan King,HOU,3.69451,3.09649,0.0,3.61391,62.1054,0.0,0.682041,19.5483,1.72217,63.3135,261.961,56.4677,27.634,25.4232,7.3185,17.7833,0.781378,3.46769,62.8328,8.93167,2.52789,3.53325,1.04032,0.239856,0.0678853,0.17197047919034958,0.234588,1.17275,0.288166,0.728333,,,3.65995,0.55227,0.445447,748.25,1.50751,1.60759,0.816889,1.50751,-1.60759,3.91081,382.5,6.071428571428571,372.0,5.904761904761905,,,,,,,,,,,,,,,,,,,Astros,25890,687911
Louis Varland,TOR,3.47512,3.08604,0.251481,3.7754,56.98,0.343906,4.2212,15.7641,1.79726,64.0876,266.797,59.012,29.2218,26.8841,7.94587,18.8152,1.03337,2.43886,64.2589,9.02405,2.64228,3.41526,1.11586,0.240853,0.0705227,0.1703304424881935,0.240333,1.21439,0.294604,0.728684,,,3.73652,0.551318,0.393625,748.3800048828125,3.40493,-0.798934,0.746404,3.40493,0.798934,4.00479,370.80000000000007,5.793750000000001,365.0,5.703125,,,,,,,,,,,,,,,,,,,Blue Jays,27691,686973
Spencer Arrighetti,HOU,5.02869,7.04596,5.35536,4.59758,25.0018,15.3841,0.0,0.609275,0.0,93.1962,402.946,86.0237,51.7484,47.6086,13.9705,40.4127,0.675167,5.30861,92.3995,8.92306,3.90267,2.2864,1.34914,0.22931,0.100293,0.12901698797941208,0.240811,1.35667,0.287231,0.698817,,,4.57277,0.546466,0.380641,726.3300170898438,3.0646,3.9241,0.375954,3.0646,-3.9241,4.49873,345.4,3.713978494623656,336.0,3.6129032258064515,,,,,,,,,,,,,,,,,,,Astros,29921,681293
Kutter Crawford,BOS,4.20023,3.98336,2.60804,4.28277,35.9037,5.95985,0.0,1.21064,0.0,68.8955,285.919,63.0705,35.6357,32.7848,10.7195,19.5845,0.504831,2.77809,67.2259,8.78189,2.55838,3.4326,1.40032,0.235122,0.0684967,0.16662530601024628,0.239305,1.19972,0.282047,0.695062,,,4.18005,0.540383,0.448296,999.0,1.45616,-0.508146,0.546498,1.45616,0.508146,4.27134,280.5,4.065217391304348,271.0,3.927536231884058,,,,,,,,,,,,,,,,,,,Red Sox,20531,676710
Alex Cobb,,2.45412,2.08658,2.04953,3.96665,11.7455,6.90148,0.0,0.683692,0.0,42.8999,180.666,40.9866,20.5518,18.9077,4.85118,13.2671,0.225094,1.57312,33.8539,7.10224,2.78332,2.55171,1.01773,0.187385,0.0734347,0.11394978314638138,0.247167,1.26466,0.284261,0.71008,,,4.0647,0.540109,0.526666,999.0,3.04502,0.489035,0.925437,3.04502,-0.489035,3.76608,177.1,4.118604651162791,177.0,4.116279069767442,,,,,,,,,,,,,,,,,,,,6562,502171
Daniel Palencia,CHC,3.29321,3.30204,0.0,3.71287,61.0749,0.0,29.5759,2.89184,3.74689,63.4732,266.754,53.0394,28.4623,26.1854,6.71368,25.8232,1.02778,3.34185,70.1422,9.94561,3.66153,2.71624,0.951947,0.262948,0.0968056,0.1661420464515686,0.223241,1.24245,0.288216,0.725565,,,3.67849,0.539479,0.504884,93.69999694824219,2.37366,-0.732709,1.99293,2.37366,0.732709,2.34276,457.3,7.258730158730159,439.0,6.968253968253968,,,,,,,,,,,,,,,,,,,Cubs,27914,694037
Raisel Iglesias,ATL,3.88083,3.5061,0.0,3.63421,60.9244,0.0,26.2518,4.23737,4.06201,62.3021,253.832,54.6249,27.3452,25.1576,7.7315,16.4093,1.42611,2.15734,65.8992,9.51963,2.37044,4.01598,1.11687,0.259617,0.0646461,0.1949710100889206,0.232184,1.14016,0.290119,0.725608,,,3.52695,0.538159,0.599912,100.79000091552734,1.7478,1.27457,1.77431,1.7478,-1.27457,2.63425,441.4,7.119354838709677,430.0,6.935483870967742,,,,,,,,,,,,,,,,,,,Braves,17130,628452
Trevor McDonald,SFG,2.70011,3.11344,2.74688,4.14143,22.4523,7.67941,0.0,1.71074,0.0,59.9794,258.407,59.5154,30.0001,27.6001,6.64413,20.8178,0.60013,3.53333,47.8827,7.18486,3.12374,2.30008,0.99696,0.1853,0.0805622,0.10473751276731491,0.254279,1.33935,0.2945,0.708604,,,4.19653,0.537816,0.582646,748.3699951171875,4.16916,-1.47873,0.623318,4.16916,1.47873,4.16891,230.89999999999998,3.848333333333333,238.0,3.966666666666667,,,,,,,,,,,,,,,,,,,Giants,26448,686790
Camilo Doval,NYY,3.95993,3.32979,0.0,3.64761,60.3669,0.0,4.58381,15.6754,4.38276,61.5448,262.687,50.55,27.1125,24.9435,5.19724,29.8111,1.56212,3.23029,68.5517,10.0247,4.35943,2.29953,0.760019,0.260964,0.113486,0.1474781483411789,0.220122,1.30573,0.290916,0.728585,,,3.61584,0.52123,0.554272,672.6599731445312,1.9415,-2.29979,0.668045,1.9415,2.29979,4.10927,392.69999999999993,6.333870967741935,373.0,6.016129032258065,,,,,,,,,,,,,,,,,,,Yankees,21992,666808
Dylan Lee,ATL,3.15724,3.00486,0.0,3.58923,62.4384,0.0,1.64804,16.8406,3.4062,64.0839,260.711,55.9045,27.7792,25.5569,8.87741,17.5446,1.4885,1.32528,70.1853,9.85689,2.46398,4.0004,1.24675,0.269207,0.0672951,0.20191217213869095,0.231162,1.14614,0.288903,0.748433,,,3.62895,0.521138,0.606103,999.0,1.03827,1.89899,0.866236,1.03827,-1.89899,3.84502,378.30000000000007,5.910937500000001,364.0,5.6875,,,,,,,,,,,,,,,,,,,Braves,19996,669276
Lucas Erceg,KCR,4.5617,4.72452,0.0,3.72312,59.6788,0.0,6.46811,18.4331,4.33611,62.4801,264.755,56.1835,28.0943,25.8467,5.60152,22.6926,1.6479,4.0703,59.9732,8.63889,3.26877,2.64286,0.806875,0.226523,0.0857116,0.14081180840730667,0.236073,1.26242,0.29337,0.714895,,,3.6659,0.516069,0.451009,507.3999938964844,0.995434,0.891747,0.740776,0.995434,-0.891747,4.0123,380.4,6.135483870967741,373.0,6.016129032258065,,,,,,,,,,,,,,,,,,,Royals,19360,668674
Jared Koenig,MIL,4.68263,3.35311,0.0,3.52031,59.4699,0.199397,1.53466,18.2912,2.20356,62.1544,259.786,54.8598,26.4254,24.3114,6.57489,21.0027,1.47778,3.05377,62.9183,9.11061,3.04121,2.99572,0.952048,0.242193,0.0808464,0.161346897482872,0.232724,1.22055,0.29046,0.741656,,,3.64687,0.515246,0.669349,748.27001953125,0.802378,-0.137927,0.724499,0.802378,0.137927,4.034,365.69999999999993,5.898387096774193,355.0,5.725806451612903,,,,,,,,,,,,,,,,,,,Brewers,27517,657649
Robert Garcia,TEX,3.50248,4.10054,0.0,3.64685,61.8897,0.0,17.8831,8.09346,4.79692,61.1682,254.631,53.2025,26.9409,24.7857,6.91244,21.603,1.57624,2.07239,65.8542,9.68948,3.17857,3.04838,1.01706,0.258626,0.0848403,0.1737852543592453,0.230358,1.22295,0.292624,0.73493,,,3.61217,0.507079,0.419184,232.4600067138672,2.24988,-0.617706,1.3223,2.24988,0.617706,3.23693,409.50000000000006,6.713114754098362,396.0,6.491803278688525,,,,,,,,,,,,,,,,,,,Rangers,23363,676395
Corbin Burnes,ARI,2.3897,1.76813,3.06452,3.59475,5.99457,5.86515,0.0,0.0,0.0,35.34,147.317,31.6774,15.3428,14.1154,3.91922,11.3417,0.226758,1.45853,33.9123,8.6364,2.88839,2.99004,0.998102,0.230199,0.0769886,0.15321074426174164,0.23549,1.21729,0.287098,0.737401,,,3.74425,0.506917,0.73069,739.77001953125,1.16593,-0.602544,1.05048,1.16593,0.602544,3.59936,158.60000000000002,4.531428571428572,155.0,4.428571428571429,,,,,,,,,,,,,,,,,,,Diamondbacks,19361,669203
Caleb Thielbar,CHC,3.68744,3.15191,0.0,3.73664,61.3947,0.0,1.5221,18.6427,1.60048,59.2484,243.818,51.105,26.7379,24.5989,7.53394,18.8993,1.08991,1.40091,60.9269,9.25497,2.87085,3.22377,1.14443,0.249887,0.0775138,0.17237310111522675,0.22864,1.18154,0.281001,0.727694,,,3.75942,0.50482,0.392549,999.0,1.64558,-1.68545,0.776586,1.64558,1.68545,3.96455,353.6,5.993220338983051,339.0,5.745762711864407,,,,,,,,,,,,,,,,,,,Cubs,10078,573204
Stephen Kolek,KCR,3.44274,3.02468,2.94442,4.29645,25.8836,7.07974,0.0,1.7125,0.526741,59.9921,259.656,62.8358,31.1296,28.6392,6.13783,18.5986,0.721373,3.64459,43.348,6.50306,2.79015,2.33072,0.920796,0.166944,0.0716278,0.09531628340482712,0.264669,1.35742,0.301702,0.690607,,,4.13236,0.50317,0.425016,999.0,0.994253,1.16768,0.55923,0.994253,-1.16768,4.25436,231.39999999999998,3.8566666666666665,247.0,4.116666666666666,,,,,,,,,,,,,,,,,,,Royals,21487,663568
Jonah Tong,NYM,2.21065,2.16944,1.56156,3.82003,11.1375,4.90007,0.0,0.683751,0.0,30.9817,130.353,25.9872,14.2936,13.1501,3.38825,13.1333,0.288555,1.07611,34.4525,10.0083,3.81516,2.62329,0.984267,0.264301,0.100752,0.1635492518544197,0.22375,1.2627,0.288609,0.722197,,,3.70872,0.502235,0.476614,711.9500122070312,2.14454,-0.53687,0.990772,2.14454,0.53687,3.67897,154.89999999999998,4.9967741935483865,146.0,4.709677419354839,,,,,,,,,,,,,,,,,,,Mets,32157,804636
Payton Tolle,BOS,2.55022,2.52206,2.11528,4.15813,20.5564,6.03844,0.0,0.922242,0.0,47.5381,199.535,43.4362,23.8731,21.9633,6.98867,16.2426,0.484016,1.51995,48.0946,9.10537,3.07508,2.96102,1.32311,0.241034,0.0814025,0.15963177382946014,0.23896,1.25539,0.287694,0.717626,,,4.14383,0.501922,0.495486,663.4400024414062,2.83586,0.476296,0.764754,2.83586,-0.476296,3.98033,203.3,4.235416666666667,195.0,4.0625,,,,,,,,,,,,,,,,,,,Red Sox,35466,801139
Matt Svanson,STL,3.26923,2.7433,0.0,3.67316,56.9522,0.0,6.20404,11.6714,1.32748,63.7533,269.264,58.1238,28.2822,26.0196,5.70007,23.1248,0.999588,3.55054,59.7194,8.43054,3.26451,2.58248,0.804674,0.221788,0.0858817,0.1359061375260353,0.239598,1.27442,0.295897,0.722909,,,3.67924,0.501028,0.559,552.8699951171875,5.29164,3.2554,0.83253,5.29164,-3.2554,3.88996,365.99999999999994,5.718749999999999,359.0,5.609375,,,,,,,,,,,,,,,,,,,Cardinals,29629,694335
Ryan Johnson,LAA,2.41345,3.22772,1.94634,4.50687,22.9064,5.17974,0.193425,1.42676,0.831211,47.8637,205.582,48.9863,26.0526,23.9684,6.94,16.1529,1.93554,1.1592,43.9,8.25469,3.03729,2.71778,1.30496,0.21354,0.0785716,0.13496876507997513,0.260192,1.36093,0.305947,0.705239,,,4.27078,0.497328,0.180716,999.0,2.91927,-2.95215,0.630819,2.91927,2.95215,4.15891,182.70000000000002,3.8062500000000004,190.0,3.9583333333333335,,,,,,,,,,,,,,,,,,,Angels,35325,696270
Cole Sands,MIN,3.64185,3.11682,0.0,3.99376,61.763,0.205083,5.83329,12.3803,2.27124,66.0205,276.343,60.8404,31.8442,29.2967,7.55018,20.1663,1.23899,3.56599,64.4275,8.78284,2.74909,3.19481,1.02925,0.233143,0.0729756,0.1601678654551506,0.240846,1.22699,0.295019,0.697969,,,3.74849,0.494897,0.232344,731.3499755859375,1.70725,-2.93276,0.710476,1.70725,2.93276,4.0527,365.4000000000001,5.536363636363638,360.0,5.454545454545454,,,,,,,,,,,,,,,,,,,Twins,21461,663485
Edwin Uceta,TBR,4.01814,3.12866,0.0,3.68955,55.7625,0.0,9.3907,14.2488,2.06608,59.8416,247.688,48.2932,26.6653,24.5321,7.64672,21.6096,1.7227,3.66764,71.0185,10.681,3.25002,3.28644,1.15004,0.286726,0.0872453,0.19948094338178635,0.217135,1.16813,0.282768,0.730395,,,3.68997,0.492631,0.446491,564.739990234375,1.951,0.657133,0.868342,1.951,-0.657133,3.84221,385.8,6.430000000000001,361.0,6.016666666666667,,,,,,,,,,,,,,,,,,,Rays,20539,670955
Patrick Corbin,,3.5373,5.03697,3.73155,4.8834,13.785,12.404,0.0,0.0,0.0,69.3532,301.372,74.3446,40.9033,37.631,10.6192,23.1563,0.518862,2.05383,55.4447,7.1951,3.00501,2.39437,1.37806,0.183974,0.0768362,0.10713797807693481,0.269206,1.40586,0.303312,0.684919,,,4.61726,0.489805,0.183679,999.0,3.16298,-0.418901,0.343986,3.16298,0.418901,4.54135,217.9,3.1579710144927535,237.0,3.4347826086956523,,,,,,,,,,,,,,,,,,,,9323,571578
Jon Gray,,2.65543,2.8322,2.31356,4.64599,9.36515,7.93344,0.0,0.0,1.57245,47.1195,200.797,46.7574,26.4392,24.3241,7.41616,15.3669,0.279928,1.5554,40.3666,7.71018,2.93515,2.62685,1.41651,0.201032,0.0765296,0.12450197339057922,0.254289,1.31844,0.289078,0.689678,,,4.54525,0.48864,0.316003,999.0,2.9329,-1.46875,0.664675,2.9329,1.46875,4.11377,168.50000000000006,3.5851063829787244,173.0,3.6808510638297873,,,,,,,,,,,,,,,,,,,,14916,592351
Gregory Soto,PIT,2.51249,3.31305,0.0,3.84113,61.0536,0.0,4.13211,17.2295,2.1554,59.1729,253.621,52.8893,27.4506,25.2545,5.16934,23.7575,1.21047,4.78089,63.2596,9.62156,3.61343,2.66272,0.786238,0.249426,0.0936732,0.15575236827135086,0.234977,1.2953,0.304621,0.70878,,,3.57955,0.486819,0.475789,732.1500244140625,2.99676,-2.43565,0.759053,2.99676,2.43565,3.98793,364.3,6.1745762711864405,357.0,6.0508474576271185,,,,,,,,,,,,,,,,,,,Pirates,19677,642397
Tyler Holton,DET,4.01609,3.37921,0.0,3.60054,61.3271,0.532763,1.12325,14.993,1.69083,67.5749,275.857,60.8091,29.3848,27.034,8.19564,16.3258,1.04315,2.07968,56.5362,7.52981,2.17436,3.463,1.09154,0.204947,0.0591819,0.1457652747631073,0.236196,1.14147,0.273004,0.727222,,,3.85563,0.470139,0.686511,999.0,2.34837,1.50786,0.904823,2.34837,-1.50786,3.79357,371.20000000000005,5.458823529411766,361.0,5.3088235294117645,,,,,,,,,,,,,,,,,,,Tigers,26231,663947
Jordan Montgomery,TEX,2.59019,2.78869,2.73623,4.50624,14.4005,6.91164,0.00108571,0.512278,0.0,46.994,201.859,48.4081,25.5756,23.5296,6.05706,15.0925,0.406442,1.60576,36.8446,7.05625,2.89042,2.44126,1.16001,0.182527,0.0747674,0.10775912553071976,0.261439,1.35125,0.297704,0.689286,,,4.30863,0.465845,0.174884,999.0,1.79637,-1.14503,0.687558,1.79637,1.14503,4.08326,176.2,3.7489361702127657,184.0,3.9148936170212765,,,,,,,,,,,,,,,,,,,Rangers,16511,656756
Emilio Pagán,CIN,3.04384,3.48353,0.0,4.05598,62.7456,0.0703035,26.4119,4.49423,4.74489,64.6577,266.633,55.1485,31.6727,29.1389,10.37,21.8338,0.76728,2.11986,70.5976,9.82681,3.03915,3.23341,1.44345,0.264775,0.0818872,0.18288760632276535,0.227249,1.19061,0.276903,0.725368,,,4.1478,0.464779,0.390183,112.62999725341797,1.3444,1.11034,1.82321,1.3444,-1.11034,2.56906,431.0,6.630769230769231,411.0,6.323076923076923,,,,,,,,,,,,,,,,,,,Reds,14771,641941
Tyler Rogers,TOR,3.85749,3.49196,0.0,3.68981,65.6347,0.0,3.10833,22.5355,2.65078,66.1853,274.21,65.8347,29.4941,27.1346,6.50298,12.8214,0.908515,2.95502,45.3204,6.16275,1.74348,3.53475,0.884288,0.165276,0.0467575,0.11851850524544716,0.254745,1.18842,0.287167,0.706839,,,3.75804,0.464725,0.500679,745.4000244140625,2.84922,-0.249778,0.912421,2.84922,0.249778,3.78344,379.70000000000005,5.753030303030304,388.0,5.878787878787879,,,,,,,,,,,,,,,,,,,Blue Jays,15541,643511
Bryan Baker,TBR,3.2212,3.00452,0.0,3.87979,60.8299,0.0,2.44914,16.3693,3.30972,62.4052,258.321,52.7744,29.2415,26.9021,8.27009,21.9025,0.97309,2.04531,68.5904,9.89203,3.15876,3.13162,1.1927,0.265524,0.0847879,0.18073562532663345,0.225172,1.19665,0.282544,0.720069,,,3.81094,0.460998,0.348002,999.0,1.54429,-1.25818,0.709966,1.54429,1.25818,4.05338,362.59999999999997,5.848387096774193,346.0,5.580645161290323,,,,,,,,,,,,,,,,,,,Rays,19804,641329
Jimmy Herget,COL,2.84577,3.0936,0.425981,4.49451,61.6999,0.582538,1.34503,9.25155,1.73968,70.2889,301.164,70.5712,38.1539,35.1016,10.07,22.1708,1.68494,3.8808,64.8658,8.30561,2.83882,2.92573,1.28939,0.215384,0.0736172,0.14176678657531738,0.256518,1.31944,0.30224,0.694116,,,4.2638,0.456477,0.415966,999.0,1.98443,0.0565262,0.428752,1.98443,-0.0565262,4.42833,303.4,4.334285714285714,313.0,4.4714285714285715,,,,,,,,,,,,,,,,,,,Rockies,17556,623474
Jason Adam,SDP,3.72672,2.42737,0.0,3.41447,50.4967,0.0,1.32042,20.6576,2.88002,52.0402,215.265,42.0913,21.4602,19.7433,5.57917,18.3703,1.435,3.36673,55.5675,9.61001,3.17702,3.02485,0.96488,0.258135,0.085338,0.1727965772151947,0.217494,1.16182,0.275809,0.740758,,,3.64639,0.455598,0.635432,999.0,2.30632,2.03256,0.91982,2.30632,-2.03256,3.77357,339.8,6.5346153846153845,320.0,6.153846153846154,,,,,,,,,,,,,,,,,,,Padres,11861,592094
Kevin Ginkel,ARI,3.6488,3.54558,0.0,3.93829,55.893,0.0,12.5485,12.4568,3.33576,57.6459,242.749,52.135,27.4186,25.2252,5.82935,20.3936,0.796551,2.56121,58.9312,9.20067,3.18397,2.88969,0.91011,0.242766,0.0840111,0.15875473618507385,0.237199,1.25817,0.298681,0.700819,,,3.59976,0.453799,0.397463,537.0700073242188,2.64882,-2.52887,1.04325,2.64882,2.52887,3.609,382.2000000000001,6.589655172413795,374.0,6.448275862068965,,,,,,,,,,,,,,,,,,,Diamondbacks,19876,656464
Drew Pomeranz,LAA,2.668,2.78822,0.321372,3.80391,54.9922,0.452543,3.44675,12.1992,2.18616,55.052,229.902,47.9954,25.2914,23.2681,7.22484,18.6701,1.10568,3.23584,59.669,9.75481,3.05223,3.19596,1.18113,0.259541,0.0812093,0.17833218723535538,0.230752,1.21096,0.288944,0.731628,,,3.86722,0.453503,0.375932,739.7899780273438,2.31213,-0.199109,0.837475,2.31213,0.199109,3.88337,313.09999999999997,5.692727272727272,301.0,5.472727272727273,,,,,,,,,,,,,,,,,,,Angels,11426,519141
JoJo Romero,STL,3.97496,3.5657,0.0,3.56933,60.9808,0.0,11.9088,17.7552,3.36299,61.2218,258.975,55.0525,26.3914,24.2801,5.50194,23.8551,2.02076,2.52557,57.4383,8.44381,3.50686,2.4078,0.808822,0.22179,0.0921134,0.12967707961797714,0.236688,1.28888,0.292067,0.737537,,,3.71974,0.447409,0.603651,468.8399963378906,1.97297,-0.378556,1.05095,1.97297,0.378556,3.59873,399.60000000000014,6.55081967213115,392.0,6.426229508196721,,,,,,,,,,,,,,,,,,,Cardinals,19574,668941
Troy Melton,DET,2.77212,2.61678,2.3222,3.90853,27.9812,4.02128,0.0,2.36318,0.0,50.3491,210.119,46.5997,23.7671,21.8657,6.7618,15.806,0.383589,1.28578,45.2797,8.09383,2.82535,2.86472,1.20868,0.215495,0.075224,0.14027128368616104,0.241415,1.23946,0.282566,0.729869,,,4.10078,0.444269,0.415839,742.5599975585938,3.28015,1.31359,0.836959,3.28015,-1.31359,3.88405,208.7,4.1739999999999995,206.0,4.12,,,,,,,,,,,,,,,,,,,Tigers,31807,675512
Steven Okert,HOU,3.32987,2.65679,0.0,3.96822,61.2687,0.0919101,0.508004,11.6927,3.07555,61.9272,257.087,51.5933,29.6788,27.3045,8.73193,22.1717,1.65887,3.11392,68.925,10.017,3.22226,3.10869,1.26903,0.2681,0.086242,0.18185783177614212,0.222575,1.19116,0.27806,0.716379,,,3.96711,0.44207,0.183294,999.0,1.29652,0.536855,0.674465,1.29652,-0.536855,4.10071,328.9,5.304838709677419,309.0,4.983870967741935,,,,,,,,,,,,,,,,,,,Astros,13580,595345
Shawn Armstrong,CLE,3.06707,2.71558,0.0,3.80455,62.449,0.391035,2.52201,16.0453,2.32278,65.7582,273.324,58.3595,30.2151,27.7978,7.61399,20.0277,0.720857,3.58063,65.1542,8.91733,2.74109,3.2532,1.04209,0.238377,0.0732746,0.16510221362113953,0.233704,1.19205,0.286782,0.711263,,,3.7358,0.441188,0.377694,748.25,0.892286,1.00935,0.772758,0.892286,-1.00935,3.96966,376.2000000000001,5.700000000000002,363.0,5.5,,,,,,,,,,,,,,,,,,,Guardians,12857,542888
A.J. Minter,NYM,2.99975,2.46372,0.0,3.41907,45.9869,0.0,0.950698,16.594,2.48898,46.5124,191.307,38.1051,19.2064,17.6699,5.03623,16.5372,0.778357,1.31394,51.5414,9.97311,3.19989,3.11671,0.974495,0.269417,0.0864429,0.18297428637742996,0.219681,1.17479,0.282934,0.744583,,,3.47787,0.440601,0.572269,999.0,1.72921,-0.884701,0.970744,1.72921,0.884701,3.70567,310.5,6.6063829787234045,293.0,6.23404255319149,,,,,,,,,,,,,,,,,,,Mets,18655,621345
Phil Maton,CHC,3.62845,3.21015,0.0,3.70187,61.8291,0.0,5.4226,19.38,3.19331,62.19,260.635,51.4103,27.8042,25.5799,6.53092,23.0948,1.33415,5.15721,67.0354,9.70123,3.34223,2.90262,0.94514,0.2572,0.0886098,0.16859063506126404,0.221231,1.19803,0.282586,0.714498,,,3.70737,0.440113,0.450968,740.0599975585938,1.83938,0.100299,0.77827,1.83938,-0.100299,3.96231,391.0999999999999,6.308064516129031,370.0,5.967741935483871,,,,,,,,,,,,,,,,,,,Cubs,18064,664208
Andrew Nardi,MIA,2.63106,2.24021,0.0,3.80686,51.2851,0.0,0.468675,7.83417,3.55784,50.4709,210.762,42.1997,23.2048,21.3484,6.20689,19.709,1.02787,1.98316,60.701,10.8242,3.51452,3.07986,1.10682,0.288007,0.093513,0.19449423253536224,0.223196,1.22662,0.294631,0.727256,,,3.61787,0.439484,0.37883,999.0,2.17188,-1.8044,0.785847,2.17188,1.8044,3.9522,275.0,5.5,260.0,5.2,,,,,,,,,,,,,,,,,,,Marlins,25942,677053
Graham Ashcraft,CIN,4.59741,3.25714,0.191644,4.01104,53.5524,0.262077,1.90302,15.7235,2.53622,61.4198,262.638,60.2896,29.7533,27.3731,6.34853,20.7576,0.490255,2.85953,54.0152,7.91498,3.04167,2.60218,0.930266,0.205664,0.079035,0.12662862986326218,0.252235,1.31956,0.301924,0.710843,,,3.87353,0.431615,0.36924,999.0,2.11964,-1.18,0.56086,2.11964,1.18,4.25219,331.6000000000001,5.4360655737704935,337.0,5.524590163934426,,,,,,,,,,,,,,,,,,,Reds,27552,668933
Tanner Banks,PHI,3.18454,2.31221,0.0,3.91282,54.8445,0.132163,0.335842,10.5919,2.39827,58.2627,241.637,54.2491,27.5328,25.3302,7.51387,15.8406,1.20007,2.00305,54.6727,8.44544,2.44694,3.45142,1.16069,0.226259,0.0655553,0.16070398688316345,0.242407,1.20299,0.28919,0.714398,,,3.85371,0.427253,0.313791,999.0,1.20516,-0.619889,0.775948,1.20516,0.619889,3.9654,290.4000000000001,5.0068965517241395,286.0,4.931034482758621,,,,,,,,,,,,,,,,,,,Phillies,16990,621383
Hurston Waldrep,ATL,3.4101,2.96565,3.54988,4.41776,9.41334,9.14351,0.0,0.0,0.0,50.8234,222.008,48.6562,27.1166,24.9473,5.72727,23.255,0.475327,2.20098,44.0006,7.7918,4.11809,1.89209,1.01421,0.198193,0.104749,0.09344490617513657,0.247549,1.41493,0.292383,0.701088,,,4.37121,0.413782,0.517532,748.3699951171875,1.20082,0.422943,0.535732,1.20082,-0.422943,4.28569,189.20000000000002,3.7098039215686276,190.0,3.7254901960784315,,,,,,,,,,,,,,,,,,,Braves,33527,694462
Brooks Raley,NYM,3.09726,2.35492,0.0,3.75582,54.357,0.0,1.72111,15.6141,1.98898,53.9545,224.983,46.7261,24.4739,22.5159,6.16435,17.8036,0.753022,3.44592,52.7835,8.80467,2.96977,2.96476,1.02826,0.234611,0.0791331,0.15547768026590347,0.229349,1.196,0.28015,0.716568,,,3.84533,0.413335,0.432712,999.0,2.19412,2.76688,0.85582,2.19412,-2.76688,3.85891,320.6,5.937037037037038,309.0,5.722222222222222,,,,,,,,,,,,,,,,,,,Mets,10061,548384
Tyler Wells,BAL,3.77688,3.71502,3.28273,4.27523,40.8329,4.4892,0.285157,4.84759,0.310292,68.2538,280.508,62.7451,35.2416,32.4223,11.4761,17.3464,0.313356,1.79769,62.0554,8.18267,2.2873,3.57743,1.51325,0.221225,0.0618391,0.15938610956072807,0.240068,1.17344,0.272951,0.700506,,,4.34401,0.407455,0.190465,748.25,2.41962,0.683449,0.674001,2.41962,-0.683449,4.10133,291.1,4.280882352941177,284.0,4.176470588235294,,,,,,,,,,,,,,,,,,,Orioles,20000,669330
Tommy Nance,TOR,2.40859,2.72332,0.0,3.77937,50.3753,0.0,0.0,7.79302,0.966291,53.4348,224.366,49.8719,24.39,22.4388,5.69221,16.345,1.23108,2.65374,50.3719,8.48412,2.75299,3.08179,0.958736,0.224508,0.0728499,0.15165797621011734,0.242843,1.23921,0.295906,0.718085,,,3.70127,0.40487,0.327564,999.0,1.43857,-1.73712,0.859193,1.43857,1.73712,3.85441,263.40000000000003,4.969811320754718,262.0,4.943396226415095,,,,,,,,,,,,,,,,,,,Blue Jays,19178,667297
Braydon Fisher,TOR,3.2492,2.2144,0.0,3.73472,47.3742,0.0877679,0.957469,7.09764,1.33803,48.8429,204.723,39.8671,22.0307,20.2683,5.77914,20.4785,1.21842,2.2448,54.7304,10.0849,3.77345,2.67258,1.06489,0.267338,0.10003,0.16730844229459763,0.21905,1.23551,0.280582,0.733231,,,3.82793,0.40376,0.322571,999.0,1.68645,1.58994,0.787811,1.68645,-1.58994,3.94959,261.8,5.342857142857143,244.0,4.979591836734694,,,,,,,,,,,,,,,,,,,Blue Jays,24609,680755
Sean Newcomb,CHW,2.89291,3.41701,0.721131,3.97431,56.7421,1.77178,0.38965,6.94545,0.0,71.5144,307.658,65.5606,34.3261,31.58,7.6734,30.3746,1.77648,3.61613,68.5177,8.62287,3.82261,2.25576,0.965689,0.222707,0.0987284,0.12397885322570801,0.239563,1.34148,0.293135,0.723176,,,4.03972,0.401788,0.481855,999.0,1.70772,-0.334344,0.514025,1.70772,0.334344,4.31463,326.80000000000007,4.53888888888889,320.0,4.444444444444445,,,,,,,,,,,,,,,,,,,White Sox,16943,656794
Tobias Myers,NYM,3.21337,3.06973,0.954395,4.00807,39.6684,4.20413,0.0,5.17163,0.451383,63.2643,267.063,61.8871,30.6241,28.1742,8.43762,18.6008,0.36937,2.47639,54.2461,7.71707,2.64616,2.91633,1.20034,0.203121,0.0696495,0.13347125798463821,0.251588,1.27225,0.291592,0.726081,,,4.15354,0.400754,0.421337,999.0,2.22049,-0.431917,0.638353,2.22049,0.431917,4.14886,271.6000000000001,4.311111111111113,276.0,4.380952380952381,,,,,,,,,,,,,,,,,,,Mets,22191,668964
Brant Hurter,DET,3.0659,2.56178,0.0,3.64032,41.9999,0.0819218,0.150856,6.35478,0.872722,49.7346,209.713,45.6422,21.8659,20.1166,4.59936,15.7695,1.32128,3.57343,44.7779,8.10304,2.85367,2.83952,0.832303,0.21352,0.0751959,0.1383243128657341,0.239756,1.23479,0.2911,0.719373,,,3.70345,0.400678,0.395958,999.0,1.45789,0.550342,0.898713,1.45789,-0.550342,3.80172,242.9,4.8580000000000005,239.0,4.78,,,,,,,,,,,,,,,,,,,Tigers,30133,676428
Dennis Santana,PIT,3.57465,3.27231,0.0,3.9391,61.9168,0.0,23.7337,4.98391,3.24098,64.6324,271.668,59.1912,30.748,28.2881,6.8492,22.0857,0.801382,3.07064,59.8582,8.3352,3.07541,2.71027,0.953744,0.220335,0.0812965,0.13903890550136566,0.240115,1.25752,0.291104,0.704845,,,3.82817,0.400199,0.398225,149.39999389648438,2.11844,0.0375655,1.67687,2.11844,-0.0375655,2.76417,426.5,6.561538461538461,419.0,6.446153846153846,,,,,,,,,,,,,,,,,,,Pirates,17878,642701
Kyle Finnegan,DET,4.05193,4.37206,0.0,3.90191,59.9505,0.0,5.94904,13.9717,5.26379,62.0995,260.498,56.6974,29.2641,26.923,7.04208,21.3445,1.75088,1.75304,58.6273,8.49678,3.09342,2.74672,1.0206,0.225059,0.0819372,0.14312167465686798,0.238826,1.25672,0.289146,0.715395,,,3.83699,0.391555,0.312314,637.8200073242188,1.44054,2.05398,0.725229,1.44054,-2.05398,4.03303,359.49999999999994,5.798387096774193,354.0,5.709677419354839,,,,,,,,,,,,,,,,,,,Tigers,15009,640448
Jack Dreyer,LAD,2.44673,1.82852,0.0,3.86578,45.4308,0.0809989,0.458335,10.0143,2.05494,48.1367,200.104,42.2581,22.4742,20.6762,5.70239,16.4744,1.67526,1.29358,47.0948,8.80519,3.08018,2.85866,1.06616,0.235352,0.0823294,0.15302222967147827,0.23176,1.22012,0.282199,0.714462,,,3.82578,0.391521,0.315942,999.0,2.34334,1.383,0.886242,2.34334,-1.383,3.81834,255.20000000000005,5.316666666666667,245.0,5.104166666666667,,,,,,,,,,,,,,,,,,,Dodgers,30249,676263
Brusdar Graterol,LAD,2.36677,1.11931,0.0,3.50633,35.6364,0.0,0.114623,2.93524,1.10598,37.0077,152.937,33.4027,15.6717,14.4179,3.01741,10.3794,0.797178,1.46269,31.1035,7.56414,2.52419,2.99667,0.733812,0.203375,0.0678669,0.13550759851932526,0.236739,1.18305,0.284043,0.710618,,,3.47413,0.390971,0.342444,999.0,1.46821,-1.38404,1.1195,1.46821,1.38404,3.50733,192.10000000000002,5.191891891891893,187.0,5.054054054054054,,,,,,,,,,,,,,,,,,,Dodgers,20367,660813
Charlie Morton,,3.31805,3.89886,2.49098,4.84824,10.8549,10.7271,0.0,0.0,0.0,57.1175,252.595,55.2951,33.4444,30.7688,8.36623,26.4845,0.498789,4.60348,58.245,9.17766,4.17315,2.19921,1.31826,0.230587,0.10485,0.1257370412349701,0.249631,1.43178,0.30297,0.689844,,,4.63266,0.389246,0.254283,999.0,1.21759,0.0865367,0.309354,1.21759,-0.0865367,4.58753,203.39999999999998,3.5684210526315785,204.0,3.5789473684210527,,,,,,,,,,,,,,,,,,,,4676,450203
Connor Prielipp,MIN,2.40658,2.77219,1.38467,4.17331,28.5918,4.01462,0.0,1.47291,0.0,46.702,201.744,45.423,23.5389,21.6558,5.38628,18.1844,0.722954,2.23339,43.4979,8.38254,3.50433,2.39205,1.038,0.21561,0.090136,0.12547383457422256,0.250505,1.36198,0.302297,0.71466,,,4.08326,0.385036,0.25009,999.0,1.27952,-0.826795,0.710805,1.27952,0.826795,4.05226,199.3,4.240425531914894,200.0,4.25531914893617,,,,,,,,,,,,,,,,,,,Twins,sa3020808,687570
Germán Márquez,SDP,4.05986,6.51944,4.78631,5.20137,20.1787,17.164,0.0,0.279822,0.0,94.7653,414.65,104.121,59.5302,54.7677,15.6483,34.122,0.839773,3.28243,70.0919,6.65673,3.24062,2.05416,1.48614,0.169039,0.082291,0.0867476537823677,0.276004,1.4588,0.303504,0.676604,,,4.98663,0.384575,-0.0854787,745.6300048828125,4.08202,-0.26874,0.836666,4.08202,0.26874,3.88445,264.80000000000007,2.787368421052632,296.0,3.1157894736842104,,,,,,,,,,,,,,,,,,,Padres,15038,608566
Brandon Williamson,CIN,3.6003,4.18896,3.63886,4.7225,29.0516,9.39971,0.0,0.767764,0.0,75.4011,325.152,74.4702,43.005,39.5646,12.2953,27.7618,0.480156,3.50255,64.1502,7.65708,3.3137,2.31074,1.46758,0.197293,0.0853811,0.1119120791554451,0.253397,1.35584,0.285938,0.696635,,,4.79733,0.381967,0.38212,999.0,2.99276,-1.58398,0.286799,2.99276,1.58398,4.6176,250.99999999999997,3.3466666666666662,255.0,3.4,,,,,,,,,,,,,,,,,,,Reds,25463,682227
Justin Slaten,BOS,4.09872,3.53566,0.0,3.99127,55.4844,0.0,1.61992,14.0534,3.43822,59.8531,250.901,55.0499,28.8514,26.5433,7.11063,19.5157,1.58685,2.16298,55.7337,8.38057,2.93454,2.85584,1.06921,0.222134,0.0777824,0.14435165375471115,0.240159,1.24581,0.288134,0.707532,,,3.9038,0.381789,0.318765,999.0,1.53344,0.536284,0.63506,1.53344,-0.536284,4.15325,326.9,5.448333333333333,321.0,5.35,,,,,,,,,,,,,,,,,,,Red Sox,25648,686580
Kody Funderburk,MIN,3.49629,3.1115,0.0,3.86819,56.7855,0.0,2.90541,13.6068,2.54826,60.7854,261.888,56.2793,28.3973,26.1255,5.17392,24.9266,1.24599,3.94901,57.8664,8.56781,3.69068,2.32147,0.766061,0.220958,0.0951803,0.12577810883522034,0.241529,1.33595,0.300669,0.713993,,,3.76284,0.381648,0.377003,748.2999877929688,3.45982,-3.23417,0.648992,3.45982,3.23417,4.13468,344.30000000000007,5.644262295081968,340.0,5.573770491803279,,,,,,,,,,,,,,,,,,,Twins,24993,681892
Keaton Winn,SFG,2.27249,2.76188,0.659995,4.09393,33.4081,1.9489,0.0987002,0.92409,1.23662,45.6983,194.609,44.8508,22.5949,20.7873,5.01077,14.5237,0.573769,2.25275,40.5263,7.98141,2.86036,2.79035,0.986841,0.208244,0.0746301,0.13361423462629318,0.252208,1.29927,0.301144,0.702445,,,3.88827,0.380053,0.218148,999.0,2.22865,-0.576284,0.818577,2.22865,0.576284,3.90856,196.90000000000003,4.280434782608697,200.0,4.3478260869565215,,,,,,,,,,,,,,,,,,,Giants,23499,676775
Justin Topa,MIN,2.74471,3.62798,0.0,3.9989,58.6493,0.121354,5.21704,13.1608,3.041,61.5281,262.302,61.1597,29.7155,27.3383,5.84886,19.3533,1.77229,3.2941,51.1968,7.48878,2.83089,2.64538,0.855539,0.195183,0.0737825,0.12140020728111267,0.2552,1.30856,0.302893,0.702354,,,3.81099,0.37742,0.224489,999.0,2.14036,1.55668,0.800381,2.14036,-1.55668,3.93283,339.4,5.474193548387096,345.0,5.564516129032258,,,,,,,,,,,,,,,,,,,Twins,15145,623437
Andrew Kittredge,BAL,3.65332,3.34567,0.0,3.71953,55.4432,0.0,4.59118,16.9952,2.72818,56.985,234.414,52.0806,25.5987,23.5508,7.4509,14.7467,1.16179,1.76064,56.6281,8.94364,2.32904,3.84006,1.17677,0.241573,0.0629086,0.17866423726081848,0.239004,1.17272,0.290127,0.731054,,,3.71647,0.369933,0.30944,745.4000244140625,1.45642,0.158135,0.861382,1.45642,-0.158135,3.85149,356.49999999999994,6.25438596491228,350.0,6.140350877192983,,,,,,,,,,,,,,,,,,,Orioles,12828,552640
Bennett Sousa,HOU,2.8564,1.55637,0.0,3.63009,40.7263,0.0,0.969591,5.69567,1.61282,43.5674,180.001,36.8059,19.1006,17.5726,5.19873,15.0075,0.641116,1.40626,47.0322,9.71576,3.1002,3.13392,1.07394,0.261289,0.0833746,0.1779145523905754,0.224993,1.18927,0.283839,0.734537,,,3.65755,0.368726,0.369394,999.0,2.98574,2.13866,0.944716,2.98574,-2.13866,3.74038,242.90000000000003,5.520454545454546,230.0,5.2272727272727275,,,,,,,,,,,,,,,,,,,Astros,21345,656986
Erik Miller,SFG,3.35678,3.06833,0.0,3.53843,58.5712,0.382103,2.20726,13.6411,2.35229,58.3573,252.136,48.4747,24.9388,22.9437,5.06606,31.0233,2.62867,2.6246,62.7407,9.67601,4.78448,2.02237,0.7813,0.248837,0.123042,0.12579511106014252,0.221865,1.36226,0.288083,0.753523,,,3.84321,0.367435,0.545089,999.0,1.70025,-1.04449,0.743679,1.70025,1.04449,4.00843,332.90000000000003,5.739655172413793,315.0,5.431034482758621,,,,,,,,,,,,,,,,,,,Giants,26252,669062
Matt Gage,SFG,2.26194,2.1427,0.0,3.94696,49.5153,0.0858175,0.303198,5.83166,0.995804,51.837,220.565,50.3751,24.71,22.7332,5.22058,17.2556,1.37367,2.08813,44.6559,7.7532,2.99594,2.5879,0.906403,0.202462,0.0782339,0.12422776967287064,0.250347,1.30468,0.298356,0.711529,,,3.84095,0.365318,0.22227,999.0,1.77883,-1.82365,0.803366,1.77883,1.82365,3.92885,250.3,4.813461538461539,252.0,4.846153846153846,,,,,,,,,,,,,,,,,,,Giants,17381,657424
Sam Hentges,SFG,1.32875,1.4412,0.0,3.54498,33.1877,0.0,0.217319,3.66674,0.912784,33.4337,139.972,30.2082,14.3142,13.1691,3.07589,11.299,0.60643,1.17305,33.7537,9.08613,3.04156,2.98733,0.827997,0.241146,0.0807228,0.1604226976633072,0.236926,1.24148,0.29924,0.730974,,,3.4311,0.364998,0.333354,999.0,1.25411,0.975667,1.12425,1.25411,-0.975667,3.50101,177.30000000000004,5.372727272727274,174.0,5.2727272727272725,,,,,,,,,,,,,,,,,,,Giants,18548,656529
Paul Blackburn,NYY,3.39621,3.02335,1.33092,4.4405,41.6236,2.88835,0.00836043,6.88663,0.0,59.1881,252.142,58.63,31.7422,29.2028,7.93134,19.0219,0.628986,2.25255,50.1784,7.63,2.89243,2.63792,1.20602,0.199008,0.0754414,0.12356703728437424,0.253955,1.31195,0.293467,0.689874,,,4.25993,0.364301,0.0450725,999.0,3.16165,-0.481262,0.514186,3.16165,0.481262,4.31442,249.80000000000004,4.233898305084747,256.0,4.338983050847458,,,,,,,,,,,,,,,,,,,Yankees,14739,621112
Brendon Little,TOR,2.75594,2.41561,0.0,3.56363,51.8832,0.0,0.351306,15.809,2.49338,51.234,221.498,42.9602,22.0506,20.2866,4.15883,27.3282,1.66118,2.11924,54.8862,9.64157,4.8006,2.00841,0.730559,0.247795,0.123379,0.12441625446081161,0.223691,1.37191,0.291726,0.748266,,,3.77211,0.358891,0.429749,748.3099975585938,2.53588,-2.62571,0.792032,2.53588,2.62571,3.94396,303.40000000000003,5.949019607843138,290.0,5.686274509803922,,,,,,,,,,,,,,,,,,,Blue Jays,21574,663893
Luis Garcia,,2.88905,2.32723,0.224802,4.09921,36.0987,3.16398,0.479958,8.9489,1.86939,47.5664,202.534,44.6541,23.5489,21.665,6.25542,16.9991,0.204687,2.4625,44.1064,8.34532,3.21638,2.59463,1.18358,0.217773,0.0839319,0.1338406428694725,0.243915,1.29615,0.289341,0.720368,,,4.21767,0.358572,0.26056,999.0,2.18048,-0.718675,0.746041,2.18048,0.718675,4.00528,231.40000000000003,4.820833333333334,229.0,4.770833333333333,,,,,,,,,,,,,,,,,,,,23735,677651
Taylor Rogers,MIN,2.68211,3.26402,0.0,4.03534,56.914,0.0,15.7707,9.3476,3.87338,57.4265,245.737,51.7206,27.9874,25.7484,6.75363,23.7389,1.43803,3.21392,58.8595,9.22459,3.7204,2.47946,1.05844,0.239523,0.0966028,0.14291983097791672,0.2364,1.31402,0.293574,0.719227,,,4.02212,0.356121,0.163314,420.3399963378906,1.56961,-1.11894,1.27761,1.56961,1.11894,3.29652,353.49999999999994,6.201754385964911,347.0,6.087719298245614,,,,,,,,,,,,,,,,,,,Twins,13449,573124
Angel Zerpa,MIL,3.4643,2.52895,0.0,3.72033,56.9473,0.178999,0.0245238,12.2525,2.33581,58.7793,248.004,54.8143,26.4104,24.2976,6.10992,19.6154,0.90242,2.52616,54.4097,8.33095,3.00341,2.77383,0.935521,0.219391,0.0790932,0.1402975246310234,0.242689,1.26626,0.294567,0.728937,,,3.76519,0.355128,0.506542,999.0,2.69983,-0.966016,0.737361,2.69983,0.966016,4.01685,306.8,5.2,304.0,5.1525423728813555,,,,,,,,,,,,,,,,,,,Brewers,22717,672582
Tanner Gordon,COL,2.79603,4.86447,2.92197,5.39481,25.5587,8.52756,0.0,0.742987,0.0,64.3041,280.124,75.0834,41.8972,38.5454,12.1801,15.9205,0.675285,1.99481,47.9207,6.70698,2.22823,3.01,1.70472,0.17107,0.0568339,0.11423598602414131,0.28635,1.41521,0.311237,0.664037,,,4.94288,0.354789,0.153183,999.0,3.38764,-1.2163,0.515508,3.38764,1.2163,4.31266,177.0,2.765625,210.0,3.28125,,,,,,,,,,,,,,,,,,,Rockies,27669,685299
Eric Lauer,TOR,4.09257,3.84929,1.75263,4.23745,40.2889,3.61967,0.0,2.18716,0.0,65.2631,275.083,61.6669,33.3997,30.7277,10.3736,21.3774,0.669953,2.12321,62.5274,8.62273,2.94802,2.92492,1.43055,0.227303,0.0777126,0.14959081262350082,0.245116,1.27245,0.287066,0.724514,,,4.3656,0.353413,0.262646,731.9000244140625,1.17185,-0.22381,0.442715,1.17185,0.22381,4.40971,261.8,4.027692307692308,260.0,4.0,,,,,,,,,,,,,,,,,,,Blue Jays,19316,641778
Jake Irvin,WSN,5.44913,7.19911,6.41636,4.86806,26.5558,17.4648,0.0,0.467521,0.0,106.98,460.851,110.019,62.8968,57.865,17.6944,35.3185,0.497147,4.20123,80.5658,6.77782,2.97127,2.28112,1.48859,0.174819,0.0766375,0.09818199276924133,0.261123,1.35855,0.285773,0.683785,,,4.88737,0.352744,0.318551,999.0,2.02431,-0.230138,0.701173,2.02431,0.230138,4.0651,329.4000000000001,3.078504672897197,346.0,3.2336448598130842,,,,,,,,,,,,,,,,,,,Nationals,21504,663623
Danny Coulombe,BOS,2.2746,1.87214,0.0,3.77633,49.9732,0.105433,0.396169,10.0236,2.51928,47.8897,201.103,42.6925,21.8415,20.0942,5.58079,17.4715,0.605426,1.57979,46.3524,8.7111,3.28346,2.65303,1.04881,0.230491,0.0868786,0.14361262321472168,0.234508,1.2563,0.285215,0.732032,,,3.90773,0.352501,0.374705,999.0,1.20832,0.51732,0.889917,1.20832,-0.51732,3.81344,244.60000000000002,5.095833333333334,237.0,4.9375,,,,,,,,,,,,,,,,,,,Red Sox,13293,543056
Brad Keller,PHI,3.85311,3.57398,0.30121,3.80243,56.6759,0.411911,4.46911,17.5676,2.44001,64.5391,273.605,58.4986,29.6383,27.2673,7.16538,24.0432,0.664854,3.255,59.8806,8.35037,3.35283,2.49054,0.999215,0.218857,0.0878754,0.13098208606243134,0.237502,1.27894,0.28636,0.729599,,,3.99172,0.351507,0.490694,745.4600219726562,2.37784,1.41368,0.690746,2.37784,-1.41368,4.079,375.09999999999997,5.77076923076923,365.0,5.615384615384615,,,,,,,,,,,,,,,,,,,Phillies,15734,641745
Sawyer Gipson-Long,DET,1.6272,1.97741,0.807613,4.14644,20.9383,3.05864,0.0,2.46177,0.0,35.6263,148.044,33.3237,17.8409,16.4136,4.82104,9.55614,0.238241,1.49147,32.2204,8.13959,2.41409,3.3717,1.2179,0.217641,0.0645494,0.15309156477451324,0.243245,1.2036,0.285155,0.693017,,,4.01582,0.351317,0.225092,999.0,1.72155,-0.384363,1.03843,1.72155,0.384363,3.61543,158.10000000000002,4.3916666666666675,154.0,4.277777777777778,,,,,,,,,,,,,,,,,,,Tigers,26048,687830
Tyler Anderson,LAA,3.15759,4.98081,3.71312,4.85471,14.8864,12.5123,0.0,0.150111,0.0,71.5251,312.098,72.3906,41.9364,38.5815,11.55,28.8697,0.884619,2.69933,55.5619,6.99135,3.63268,1.92457,1.45334,0.178027,0.0925023,0.08552498370409012,0.258051,1.41573,0.285079,0.697188,,,5.00488,0.34467,0.267994,999.0,2.28512,0.753617,0.351994,2.28512,-0.753617,4.53067,214.00000000000006,2.972222222222223,220.0,3.0555555555555554,,,,,,,,,,,,,,,,,,,Angels,12880,542881
Luke Weaver,NYM,3.80014,3.75061,0.129722,3.9227,58.6068,0.207802,5.22703,18.5011,2.69593,65.5738,271.329,57.4026,31.066,28.5807,9.34148,20.8199,1.1554,2.3962,70.4543,9.66984,2.85752,3.38399,1.28212,0.259664,0.0767331,0.18293097615242004,0.231357,1.19289,0.28554,0.723877,,,3.90036,0.341758,0.357238,731.97998046875,1.24261,-1.95501,0.692026,1.24261,1.95501,4.0773,401.50000000000006,6.083333333333334,385.0,5.833333333333333,,,,,,,,,,,,,,,,,,,Mets,16918,596133
Marcus Stroman,,3.31209,3.42461,2.35764,4.77817,11.6089,9.56479,0.0013367,0.0,0.0316472,53.57,235.548,56.5449,30.9138,28.4407,6.79919,20.8723,0.226796,2.24227,38.0472,6.39211,3.50664,1.82286,1.14229,0.161526,0.0886117,0.072914719581604,0.266177,1.44516,0.296835,0.684897,,,4.6591,0.339043,0.24409,999.0,2.47838,-1.05368,0.502258,2.47838,1.05368,4.33032,172.3,3.190740740740741,186.0,3.4444444444444446,,,,,,,,,,,,,,,,,,,,13431,573186
Justin Wrobleski,LAD,2.81364,2.73033,1.0852,4.29078,29.0312,3.75184,0.0711664,2.8673,0.0,53.0121,224.428,50.5994,27.4714,25.2737,7.17288,17.6664,0.661786,1.89728,48.0975,8.16563,2.99927,2.72254,1.21776,0.214311,0.0787174,0.1355936974287033,0.24699,1.28774,0.290296,0.700649,,,4.18666,0.334531,0.306519,661.4299926757812,1.20564,-0.548945,0.658686,1.20564,0.548945,4.12175,221.50000000000003,4.179245283018869,222.0,4.188679245283019,,,,,,,,,,,,,,,,,,,Dodgers,31204,680736
Mark Leiter Jr.,ATH,4.06403,4.47705,0.0,4.14917,61.0556,0.0,6.88553,15.0848,3.98089,60.864,260.686,56.3268,30.4994,28.0595,8.04368,23.2708,1.00041,3.98316,65.2905,9.65454,3.44107,2.80568,1.18942,0.250456,0.0892675,0.16118869930505753,0.241298,1.30779,0.301585,0.718478,,,4.05109,0.334039,0.191704,725.989990234375,2.93314,-3.27677,0.647395,2.93314,3.27677,4.13681,351.4000000000001,5.760655737704919,345.0,5.655737704918033,,,,,,,,,,,,,,,,,,,Athletics,15551,643410
Yimi García,TOR,2.43458,2.67891,0.0,3.77558,49.9426,0.0,4.62099,12.111,3.97444,51.15,212.345,42.339,23.3238,21.4579,6.39761,18.6194,1.62259,2.53978,56.1649,9.88239,3.27613,3.01648,1.12568,0.264499,0.0876846,0.1768142729997635,0.221455,1.19176,0.279432,0.723718,,,3.80604,0.329428,0.325045,999.0,1.49145,-0.70112,0.933822,1.49145,0.70112,3.7549,313.40000000000003,6.145098039215687,296.0,5.803921568627451,,,,,,,,,,,,,,,,,,,Blue Jays,12095,554340
Erik Sabrowski,CLE,2.42863,2.78453,0.0,3.74487,57.1126,0.0,2.21334,17.241,1.12622,58.7647,252.733,45.89,26.578,24.4518,6.1687,32.7453,0.779936,3.09245,70.0494,10.7283,5.01504,2.13922,0.944756,0.277167,0.129565,0.14760276675224304,0.211577,1.33814,0.282358,0.743685,,,3.94527,0.328504,0.318511,999.0,2.22603,0.765677,0.703979,2.22603,-0.765677,4.06136,353.20000000000005,5.986440677966103,327.0,5.5423728813559325,,,,,,,,,,,,,,,,,,,Guardians,24978,681870
Carson Whisenhunt,SFG,2.4552,2.29757,1.81285,4.38844,12.7459,6.00542,0.0,0.594246,0.0,38.4474,166.158,38.4568,20.3773,18.7471,5.10147,14.2715,0.35031,1.5479,30.6495,7.17462,3.34075,2.1476,1.19418,0.18446,0.0858909,0.098568856716156,0.255801,1.37144,0.29109,0.709666,,,4.50007,0.328461,0.293844,999.0,1.09534,-0.70582,0.806258,1.09534,0.70582,3.92499,138.89999999999998,3.655263157894736,143.0,3.763157894736842,,,,,,,,,,,,,,,,,,,Giants,31676,687931
Eduard Bazardo,SEA,3.36736,2.55474,0.0,3.73201,59.0038,0.0,0.797576,11.2718,1.15167,62.7138,259.092,53.0386,28.2667,26.0054,7.69029,21.086,1.10072,2.47012,63.6025,9.12754,3.02603,3.01634,1.10363,0.245483,0.0813842,0.16409838199615479,0.225183,1.18195,0.276105,0.723788,,,3.82776,0.328088,0.259711,999.0,0.785353,-0.218207,0.783855,0.785353,0.218207,3.95486,338.00000000000006,5.365079365079366,319.0,5.063492063492063,,,,,,,,,,,,,,,,,,,Mariners,20997,660825
Gage Jump,ATH,2.18644,2.42755,2.42876,4.44369,6.92061,6.92061,0.0,0.0,0.0,36.9311,158.582,36.3735,19.8201,18.2345,5.39261,13.258,0.275916,1.4807,31.85,7.76176,3.23093,2.40233,1.31416,0.200843,0.0836034,0.11723961681127548,0.252869,1.34389,0.290626,0.708414,,,4.50579,0.327884,0.304026,999.0,0.560602,0.531937,0.832272,0.560602,-0.531937,3.8903,140.70000000000002,3.802702702702703,142.0,3.8378378378378377,,,,,,,,,,,,,,,,,,,Athletics,sa3034986,695611
Blake Treinen,LAD,3.85127,3.75781,0.0,3.9234,52.7905,0.0,0.733169,13.954,3.75335,53.4445,227.412,47.2383,25.3242,23.2983,6.34418,21.9886,2.5214,2.66151,58.1151,9.78653,3.70286,2.64296,1.06835,0.25555,0.0966907,0.15885932743549347,0.232974,1.2953,0.295686,0.727528,,,3.88722,0.326684,0.275919,999.0,2.80912,-1.8101,0.601899,2.80912,1.8101,4.19747,298.20000000000005,5.626415094339624,289.0,5.452830188679245,,,,,,,,,,,,,,,,,,,Dodgers,12572,595014
Tyler Kinley,ATL,3.43487,3.09934,0.0,4.148,58.2405,0.0,1.76715,12.6807,2.39326,59.2931,250.265,51.6354,29.7038,27.3275,7.57248,24.1644,1.55468,2.39642,62.689,9.51546,3.66788,2.59427,1.14941,0.25049,0.0965553,0.15393488854169846,0.23082,1.27839,0.287162,0.707012,,,4.02473,0.321327,0.132692,999.0,1.20648,-0.51934,0.547507,1.20648,0.51934,4.26999,313.00000000000006,5.305084745762713,301.0,5.101694915254237,,,,,,,,,,,,,,,,,,,Braves,18297,641755
Hoby Milner,CHC,2.98275,2.49898,0.0,3.89516,59.171,0.0,0.178268,13.3033,1.5972,60.2317,253.956,58.3199,28.3348,26.068,6.4438,17.7624,1.50789,2.59913,51.0919,7.6343,2.65411,2.8764,0.962851,0.201184,0.069943,0.1312413215637207,0.249663,1.26316,0.294653,0.712001,,,3.84357,0.321039,0.343413,999.0,1.94683,-2.49612,0.736037,1.94683,2.49612,4.01862,310.4,5.173333333333333,313.0,5.216666666666667,,,,,,,,,,,,,,,,,,,Cubs,13346,571948
Caleb Ferguson,CIN,2.45221,2.99217,0.0,4.13588,49.2778,0.0513114,0.358272,8.90966,2.56925,48.7975,209.592,45.6628,24.3745,22.4245,5.15207,18.7516,1.18022,3.17693,46.4217,8.56182,3.45846,2.47561,0.950225,0.221486,0.0894672,0.13201883435249331,0.243322,1.32003,0.297676,0.69998,,,3.95319,0.316275,0.306116,999.0,2.02053,-2.82028,0.723125,2.02053,2.82028,4.03583,243.50000000000003,4.969387755102042,242.0,4.938775510204081,,,,,,,,,,,,,,,,,,,Reds,19349,657571
A.J. Puk,ARI,1.95207,1.80245,0.0,3.50967,28.4866,0.0527131,4.27908,4.65883,1.79253,30.3967,125.6,25.5535,12.8844,11.8536,3.63724,9.96516,0.563568,1.62638,34.8368,10.3146,2.95053,3.49586,1.07693,0.277364,0.0793408,0.19802334904670715,0.224137,1.1685,0.290151,0.7439,,,3.54259,0.313023,0.303771,748.280029296875,2.21352,-0.634975,1.16843,2.21352,0.634975,3.4421,179.20000000000002,5.973333333333334,172.0,5.733333333333333,,,,,,,,,,,,,,,,,,,Diamondbacks,19343,640462
Jonathan Cannon,CHW,3.76004,6.61,3.99964,4.93808,30.4384,13.123,0.0257534,0.522744,0.0,93.3605,407.311,98.2001,55.679,51.2247,14.9386,33.1348,1.02647,4.2973,70.5236,6.79851,3.19422,2.12838,1.44008,0.173144,0.0813502,0.09179400652647018,0.265492,1.40675,0.292745,0.68516,,,4.9073,0.309029,0.00171269,999.0,2.1921,-0.343528,0.55444,2.1921,0.343528,4.26075,283.90000000000003,3.0526881720430112,305.0,3.2795698924731185,,,,,,,,,,,,,,,,,,,White Sox,31730,686563
Tony Santillan,CIN,2.78389,3.27859,0.0,4.14873,64.539,0.0,4.99277,19.7497,2.75802,65.5078,281.567,57.9314,32.823,30.1971,8.75544,29.079,1.93995,3.92907,68.3829,9.39501,3.99511,2.35162,1.20289,0.242865,0.103276,0.13958976417779922,0.233069,1.32825,0.286873,0.724888,,,4.29651,0.30694,0.346725,712.5800170898438,1.52702,0.757031,0.632414,1.52702,-0.757031,4.15678,368.90000000000003,5.58939393939394,355.0,5.378787878787879,,,,,,,,,,,,,,,,,,,Reds,19926,663574
Kenley Jansen,DET,3.58833,3.08508,0.0,3.96815,54.8145,0.0,22.1497,2.10287,3.44013,56.0065,232.359,47.701,26.8408,24.6936,7.49251,19.7826,1.35709,1.95683,56.9076,9.1448,3.17897,2.87665,1.20401,0.244912,0.0851379,0.15977439284324646,0.22648,1.20492,0.274987,0.713105,,,4.00656,0.306584,0.198712,133.66000366210938,2.03801,1.64896,1.59969,2.03801,-1.64896,2.86708,369.50000000000006,6.5982142857142865,355.0,6.339285714285714,,,,,,,,,,,,,,,,,,,Tigers,3096,445276
Riley O'Brien,STL,2.98514,3.06097,0.0,3.76994,59.0663,0.0,14.3263,11.9373,4.92814,62.2194,268.589,54.6953,28.3289,26.0626,5.61478,27.7373,1.48359,5.05443,62.8627,9.09306,4.01219,2.26636,0.812175,0.234048,0.10327,0.13077747076749802,0.231959,1.32487,0.293333,0.725524,,,3.8687,0.303988,0.451031,262.739990234375,1.80289,-0.359285,1.181,1.80289,0.359285,3.42534,387.0,6.241935483870968,377.0,6.080645161290323,,,,,,,,,,,,,,,,,,,Cardinals,20348,676617
Mason Englert,TBR,2.58663,2.49323,0.0,4.11862,52.5446,0.0,0.242598,8.37,0.842143,60.5822,254.348,57.5501,30.1347,27.7239,8.03055,18.0786,1.04429,2.42508,55.7259,8.27855,2.68574,3.08242,1.19301,0.219093,0.0710784,0.14801471680402756,0.246104,1.24836,0.291141,0.706583,,,4.03402,0.303398,0.191712,999.0,1.18823,-0.721852,0.690768,1.18823,0.721852,4.07898,286.2000000000001,4.691803278688527,285.0,4.672131147540983,,,,,,,,,,,,,,,,,,,Rays,22288,669438
Kyle Hurt,LAD,1.60245,1.82444,1.32566,4.17972,18.4401,3.64579,0.0,1.0822,0.0,35.6465,152.635,32.607,17.9943,16.5547,4.65202,14.9848,0.290925,1.31167,36.0826,9.1101,3.78335,2.40795,1.17454,0.236398,0.0981742,0.13822384923696518,0.239162,1.3351,0.292405,0.720503,,,4.17873,0.302221,0.294685,999.0,2.10359,-0.35579,0.900438,2.10359,0.35579,3.79942,147.10000000000002,4.086111111111112,143.0,3.9722222222222223,,,,,,,,,,,,,,,,,,,Dodgers,27514,669165
Clarke Schmidt,NYY,1.40855,1.34668,0.899949,3.89793,11.0867,2.98996,0.0,0.651438,0.0,25.1138,105.363,22.2712,11.8227,10.8769,3.19722,8.67626,0.279002,1.33499,24.6147,8.82115,3.1093,2.83702,1.14578,0.233617,0.082346,0.1512710452079773,0.233567,1.23229,0.282408,0.72247,,,4.02581,0.299968,0.271994,999.0,0.953761,-0.452014,1.1414,0.953761,0.452014,3.47813,114.89999999999999,4.596,110.0,4.4,,,,,,,,,,,,,,,,,,,Yankees,19899,657376
Thomas White,MIA,1.33709,1.63404,2.52867,4.22423,5.55981,5.55981,0.0,0.0,0.0,29.5166,129.445,26.446,15.0586,13.8539,3.49072,15.7612,0.113823,1.34465,29.7791,9.08005,4.8058,1.88939,1.06437,0.230052,0.12176,0.10829228907823563,0.235412,1.42995,0.290318,0.727452,,,4.39337,0.299033,0.40653,999.0,0.906766,0.891499,0.940919,0.906766,-0.891499,3.74544,126.5,4.216666666666667,120.0,4.0,,,,,,,,,,,,,,,,,,,Marlins,sa3023268,806258
Yennier Cano,BAL,3.25916,3.73784,0.0,3.85318,56.9553,0.0,1.63259,16.7544,4.34202,56.42,240.546,53.122,26.2556,24.1552,5.99497,20.8662,1.00958,2.3753,52.4661,8.36927,3.32853,2.5144,0.956304,0.218113,0.0867452,0.13136736303567886,0.244459,1.31138,0.296689,0.727683,,,3.89244,0.296932,0.255976,999.0,2.58822,-4.02141,0.701996,2.58822,4.02141,4.06401,315.80000000000007,5.639285714285715,315.0,5.625,,,,,,,,,,,,,,,,,,,Orioles,25911,666974
Ben Joyce,LAA,2.11955,1.84275,0.0,3.69591,41.873,0.0,9.88321,9.03143,4.948,44.3663,187.69,36.5128,19.8036,18.2193,4.57016,19.3837,0.37612,2.68791,48.6169,9.86226,3.9321,2.50814,0.927087,0.259027,0.103275,0.15575245022773743,0.220463,1.25989,0.284107,0.729174,,,3.7751,0.296805,0.30078,737.5700073242188,3.01847,-0.674655,1.14955,3.01847,0.674655,3.46727,285.90000000000003,6.497727272727274,273.0,6.204545454545454,,,,,,,,,,,,,,,,,,,Angels,31461,690829
Jakob Junis,TEX,2.93001,2.29923,0.219341,4.00973,52.9499,0.299954,0.225328,6.75246,1.27617,60.715,252.759,57.6443,29.4023,27.0501,8.03588,15.6083,1.19284,2.8256,52.666,7.80688,2.31368,3.37423,1.19119,0.208365,0.0617518,0.1466130055487156,0.246001,1.2065,0.285725,0.707237,,,4.03172,0.294313,0.208729,999.0,1.17028,0.765543,0.776805,1.17028,-0.765543,3.96426,279.2000000000001,4.577049180327871,278.0,4.557377049180328,,,,,,,,,,,,,,,,,,,Rangers,13619,596001
John Schreiber,KCR,3.02467,2.99316,0.0,4.08955,62.4447,0.0,0.95732,17.9657,2.97106,61.2805,260.583,57.0581,30.2669,27.8456,7.22678,22.2988,1.12753,2.90022,56.5226,8.30122,3.27493,2.53478,1.06137,0.216908,0.0855727,0.1313350424170494,0.242404,1.29498,0.290333,0.708989,,,4.05713,0.294082,0.191704,999.0,1.30002,-1.06992,0.601893,1.30002,1.06992,4.19748,333.1000000000001,5.460655737704919,330.0,5.409836065573771,,,,,,,,,,,,,,,,,,,Royals,20020,670167
Erick Fedde,CHW,4.66904,6.90345,5.73906,5.00302,22.3266,17.3055,0.0,0.297702,0.0,100.805,439.368,104.139,60.9092,56.0364,15.7153,39.5422,0.968132,3.10036,72.041,6.43194,3.53039,1.82188,1.40309,0.163965,0.089998,0.07396713644266129,0.262496,1.42534,0.286189,0.680245,,,5.00157,0.293617,0.148937,999.0,2.49306,2.47803,0.766509,2.49306,-2.47803,3.97799,295.20000000000016,2.9227722772277245,312.0,3.089108910891089,,,,,,,,,,,,,,,,,,,White Sox,17425,607200
Juan Mejia,COL,2.51259,3.20411,0.0,4.54735,60.8228,0.0,3.10963,13.7745,2.66105,64.3624,282.036,61.4277,35.3476,32.5198,7.93168,29.1743,1.60066,4.68983,65.5908,9.17177,4.07954,2.24824,1.10911,0.232562,0.103442,0.1291198581457138,0.247521,1.40769,0.306305,0.695044,,,4.27746,0.290407,0.308709,999.0,2.53103,-1.87037,0.520368,2.53103,1.87037,4.30618,317.6,4.9625,317.0,4.953125,,,,,,,,,,,,,,,,,,,Rockies,23237,675848
Luis García,NYM,2.778,2.25985,0.0,3.93323,54.2224,0.0,0.0595143,11.7408,2.14687,56.0875,239.984,53.2557,26.6431,24.5117,5.4136,21.0135,1.91798,2.5005,50.3259,8.07546,3.3719,2.39493,0.868686,0.209705,0.087562,0.12214277684688568,0.246019,1.32417,0.297654,0.714139,,,3.85307,0.290231,0.231472,999.0,1.96998,-0.843457,0.695481,1.96998,0.843457,4.07269,291.1000000000001,5.198214285714287,291.0,5.196428571428571,,,,,,,,,,,,,,,,,,,Mets,6984,472610
Dietrich Enns,BAL,3.12911,2.72531,0.198518,4.18768,49.7676,0.271477,0.311205,9.87365,0.918908,59.1761,252.635,58.8691,29.9288,27.5345,7.85485,19.298,2.37063,2.26606,54.7403,8.32537,2.935,2.83658,1.19463,0.216677,0.0763866,0.14029043912887573,0.254766,1.32092,0.302798,0.718149,,,4.10385,0.288042,-0.00356917,999.0,2.00414,-0.548169,0.54834,2.00414,0.548169,4.26888,271.80000000000007,4.60677966101695,278.0,4.711864406779661,,,,,,,,,,,,,,,,,,,Orioles,13932,608650
Pierce Johnson,CIN,3.44588,3.68883,0.0,4.17935,57.8084,0.0,1.40331,12.7888,2.9674,58.3915,248.213,53.3094,29.4732,27.1154,8.49109,22.9241,1.36946,2.06043,63.2841,9.7541,3.53333,2.7606,1.30875,0.254959,0.0923563,0.16260240972042084,0.23881,1.30556,0.295921,0.7267,,,4.14161,0.28478,0.304691,999.0,1.46191,0.156644,0.50019,1.46191,-0.156644,4.33308,301.00000000000006,5.1896551724137945,294.0,5.068965517241379,,,,,,,,,,,,,,,,,,,Reds,13435,572955
Didier Fuentes,ATL,2.31599,4.29951,0.36181,4.63225,23.5429,5.52468,0.0,1.28531,0.0,43.0655,184.741,42.8651,24.093,22.1656,6.78459,14.2517,0.405217,2.30361,40.319,8.42602,2.97838,2.82907,1.41787,0.218246,0.0771442,0.14110177010297775,0.254868,1.32628,0.297984,0.693509,,,4.46399,0.283695,0.150797,640.469970703125,2.61722,-1.60089,0.704262,2.61722,1.60089,4.06098,156.3,3.6348837209302327,160.0,3.7209302325581395,,,,,,,,,,,,,,,,,,,Braves,30661,800311
Brenan Hanifee,DET,2.36495,2.59275,0.0,3.91768,50.1517,0.0,0.176202,10.1869,1.3856,55.1859,234.012,55.774,26.1112,24.0223,5.33801,15.4164,1.13619,2.23109,41.0745,6.69864,2.51418,2.66434,0.870551,0.175523,0.0658785,0.1096440926194191,0.257777,1.29001,0.296765,0.707489,,,3.86336,0.283619,0.2487,999.0,0.977989,-1.49008,0.833446,0.977989,1.49008,3.88874,270.9,4.925454545454545,281.0,5.109090909090909,,,,,,,,,,,,,,,,,,,Tigers,22304,669724
Martín Pérez,ATL,1.25389,1.98699,2.27585,4.59085,7.05273,6.55896,0.0,0.0,0.0,35.0423,151.973,35.9835,19.4292,17.8749,4.76038,12.967,0.17117,1.04917,26.9842,6.93041,3.33033,2.08099,1.22262,0.177559,0.0853242,0.0922350138425827,0.260832,1.3969,0.29397,0.698133,,,4.56098,0.279244,0.308435,999.0,1.06919,0.320712,0.892073,1.06919,-0.320712,3.81057,115.9,3.3114285714285714,122.0,3.4857142857142858,,,,,,,,,,,,,,,,,,,Braves,6902,527048
Justin Martinez,ARI,0.961983,1.73621,0.0,3.41997,21.6277,0.0,1.79977,2.7726,0.835529,22.7932,98.0713,17.5152,9.41451,8.66135,1.46098,12.7541,0.957692,1.47371,27.752,10.958,5.036,2.17593,0.576873,0.282977,0.130049,0.1529284119606018,0.208903,1.32799,0.293868,0.738904,,,3.40593,0.276783,0.331705,999.0,1.55595,-0.776044,1.19169,1.55595,0.776044,3.41108,147.10000000000002,6.395652173913044,138.0,6.0,,,,,,,,,,,,,,,,,,,Diamondbacks,24453,679885
Jovani Morán,BOS,2.34352,1.80085,0.0,3.87244,42.1378,0.0,0.0,5.57025,1.44334,44.9422,192.695,39.7807,21.0188,19.3373,4.39821,20.4565,0.811388,1.67607,47.0442,9.42095,4.09656,2.29972,0.880774,0.244138,0.10616,0.13797850906848907,0.233233,1.34033,0.297032,0.725196,,,3.79122,0.274717,0.313911,999.0,1.93204,-1.16769,0.790705,1.93204,1.16769,3.94573,231.8,5.151111111111112,225.0,5.0,,,,,,,,,,,,,,,,,,,Red Sox,20422,663558
Jordan Wicks,CHC,0.999621,1.62858,0.534069,4.02729,14.8193,2.34419,0.192422,0.96672,0.273963,25.5597,108.468,24.9375,12.4319,11.4374,2.97748,8.31394,0.127696,0.837714,22.7329,8.00464,2.92748,2.73431,1.04842,0.209582,0.0766489,0.13293299823999405,0.251092,1.30094,0.298347,0.715867,,,3.94487,0.272566,0.275817,999.0,1.45741,0.347631,1.13489,1.45741,-0.347631,3.48681,113.5,4.365384615384615,114.0,4.384615384615385,,,,,,,,,,,,,,,,,,,Cubs,30094,696136
Seranthony Domínguez,CHW,3.19053,4.20337,0.0,3.91855,59.3479,0.0,21.9094,5.92927,5.14982,59.3227,252.262,49.3369,28.0747,25.8288,7.37758,27.5881,1.09621,2.70755,64.3001,9.75513,4.18546,2.33072,1.11927,0.254894,0.109363,0.1455313116312027,0.222273,1.29672,0.279192,0.733527,,,4.11613,0.27186,0.289705,195.25,1.79699,-1.83889,1.57563,1.79699,1.83889,2.89916,392.1,6.645762711864407,373.0,6.322033898305085,,,,,,,,,,,,,,,,,,,White Sox,19249,622554
Taijuan Walker,PHI,5.42091,6.85739,4.68795,5.06757,36.1883,16.4101,0.0233075,1.79498,0.979826,109.968,481.758,116.514,67.3033,61.919,18.2078,40.7279,0.576429,4.50859,76.8776,6.29181,3.33325,1.88759,1.49016,0.159577,0.0845401,0.07503709942102432,0.266916,1.42989,0.287921,0.682642,,,5.12349,0.27054,0.105873,999.0,2.03737,-0.596317,1.0066,2.03737,0.596317,3.65787,312.40000000000003,2.8400000000000003,340.0,3.090909090909091,,,,,,,,,,,,,,,,,,,Phillies,11836,592836
River Ryan,LAD,1.8134,1.87229,1.65024,4.48401,12.1698,6.80794,0.0,0.61033,0.0,40.4731,175.222,39.4434,21.9181,20.1647,5.56456,15.9786,0.373858,2.02321,33.9051,7.53946,3.55315,2.12191,1.23739,0.193498,0.0911904,0.10230757296085358,0.25088,1.36935,0.287717,0.703395,,,4.58139,0.269883,0.239913,663.52001953125,1.96111,0.184762,0.794285,1.96111,-0.184762,3.94095,138.79999999999998,3.4699999999999998,140.0,3.5,,,,,,,,,,,,,,,,,,,Dodgers,29514,689981
Anthony Bender,MIA,3.26364,3.41157,0.0,3.88091,59.2742,0.0,2.02174,16.8017,3.3803,59.6333,253.525,54.3474,27.9506,25.7146,6.15554,22.5559,1.47281,3.08866,55.8494,8.42893,3.4042,2.47604,0.92901,0.220292,0.0889693,0.1313222497701645,0.238491,1.2896,0.290531,0.716882,,,3.89406,0.268967,0.414217,999.0,1.60749,0.0129659,0.682159,1.60749,-0.0129659,4.09045,341.79999999999995,5.696666666666666,334.0,5.566666666666666,,,,,,,,,,,,,,,,,,,Marlins,19742,669622
Sam Moll,CIN,2.62932,1.85474,0.0,4.29269,43.7373,0.0,0.0,5.31078,1.50655,42.2368,181.326,38.2606,21.8973,20.1455,5.14797,17.8053,1.32737,2.3508,41.7625,8.89894,3.79403,2.34551,1.09695,0.230318,0.098195,0.13212259858846664,0.237393,1.32742,0.289802,0.699334,,,4.17373,0.265612,0.12347,999.0,1.27718,-1.59122,0.730796,1.27718,1.59122,4.02561,194.5,4.630952380952381,189.0,4.5,,,,,,,,,,,,,,,,,,,Reds,14874,594580
Pierson Ohl,COL,1.38422,2.51227,0.0,4.58644,17.3653,1.40967,0.0,1.83754,0.635467,32.6827,138.354,34.9052,18.1035,16.6552,4.55233,7.50917,0.514546,0.83332,27.2259,7.49736,2.06784,3.62569,1.2536,0.196784,0.054275,0.14250939339399338,0.268477,1.29776,0.308987,0.674532,,,4.04559,0.265519,0.242134,999.0,1.25384,-3.05163,0.967601,1.25384,3.05163,3.70986,126.70000000000005,3.8393939393939407,135.0,4.090909090909091,,,,,,,,,,,,,,,,,,,Rockies,30179,701487
Christian Scott,NYM,1.5857,1.43776,1.43781,4.02674,18.9659,2.71247,0.0,0.761822,0.0,31.5811,131.722,28.6667,15.3586,14.1299,4.42153,9.59499,0.386176,1.5594,30.24,8.6178,2.73438,3.15165,1.26005,0.229574,0.0728426,0.1567314937710762,0.237764,1.21154,0.282228,0.714126,,,4.09973,0.263982,0.331319,748.3599853515625,1.8334,-0.624121,1.07312,1.8334,0.624121,3.56917,140.20000000000002,4.3812500000000005,136.0,4.25,,,,,,,,,,,,,,,,,,,Mets,30107,681035
Luis Medina,ATH,3.71013,4.03736,2.38544,4.54286,34.1248,6.09219,0.0,1.41472,0.0,66.7849,292.145,63.6737,36.6418,33.7105,8.63359,30.3699,1.5355,3.75774,61.3258,8.26433,4.09268,2.01929,1.16347,0.209915,0.103955,0.10596053302288055,0.24678,1.40816,0.292676,0.700393,,,4.51222,0.262641,0.145402,999.0,3.06129,-1.11732,0.290693,3.06129,1.11732,4.61241,242.69999999999996,3.622388059701492,242.0,3.611940298507463,,,,,,,,,,,,,,,,,,,Athletics,21649,665622
Mason Montgomery,PIT,2.46975,2.60908,0.0,3.98375,56.6397,0.0,1.60683,11.7098,2.18941,59.2043,254.168,53.2798,28.4849,26.2061,6.69818,26.1427,0.814975,2.46068,63.5253,9.65686,3.9741,2.42995,1.01823,0.249935,0.102856,0.14707868546247482,0.236207,1.3415,0.299867,0.727212,,,3.90933,0.261346,0.375356,999.0,3.60711,-1.34149,0.628938,3.60711,1.34149,4.16142,314.7,5.3338983050847455,306.0,5.186440677966102,,,,,,,,,,,,,,,,,,,Pirates,29770,682254
Jordan Romano,LAA,2.67581,3.87755,0.0,4.40476,56.981,0.0,5.31155,12.4518,2.62383,57.2454,243.26,51.8408,30.4531,28.0169,8.42448,21.7405,1.61289,3.16598,60.2811,9.47727,3.418,2.77276,1.32448,0.247805,0.0893715,0.15843382477760315,0.237417,1.28537,0.290123,0.698013,,,4.24746,0.260643,-0.0287257,712.4600219726562,4.03751,-3.48072,0.712792,4.03751,3.48072,4.04961,306.2,5.371929824561403,299.0,5.245614035087719,,,,,,,,,,,,,,,,,,,Angels,16122,605447
George Klassen,LAA,1.81006,2.67954,2.01917,4.60722,15.6923,5.15494,0.0,0.573008,0.0,38.7948,169.756,37.6311,21.5865,19.8596,5.23574,17.3994,0.516788,1.8328,36.3411,8.43076,4.03647,2.08864,1.21464,0.214078,0.102496,0.11158182471990585,0.250001,1.4185,0.297349,0.701125,,,4.50333,0.259858,0.103482,999.0,1.34165,0.0960538,0.731843,1.34165,-0.0960538,4.02421,147.3,3.7769230769230773,149.0,3.8205128205128207,,,,,,,,,,,,,,,,,,,Angels,sa3023440,691946
Victor Vodnik,COL,3.50181,3.77775,0.0,4.36559,58.7279,0.0,16.7285,7.30979,3.70589,62.3546,275.709,61.6436,32.8762,30.2461,6.58358,30.5172,1.50311,2.07731,60.0989,8.67442,4.40473,1.96934,0.950246,0.217979,0.110686,0.10729286074638367,0.253557,1.47801,0.312074,0.714757,,,4.14825,0.259364,0.380473,516.6599731445312,3.39704,-3.13719,1.36981,3.39704,3.13719,3.17359,345.49999999999994,5.572580645161289,353.0,5.693548387096774,,,,,,,,,,,,,,,,,,,Rockies,24614,680767
Ryan Bergert,KCR,1.63195,2.24749,1.88822,4.60601,18.6913,7.85864,0.0,1.0943,0.0,51.0763,220.799,49.5505,28.4128,26.1398,7.26339,20.732,0.683864,1.88402,43.5731,7.67788,3.65312,2.10173,1.27986,0.197343,0.0938954,0.10344772785902023,0.250024,1.37603,0.286992,0.696508,,,4.60599,0.259274,0.264065,999.0,1.99049,0.323972,0.643452,1.99049,-0.323972,4.14206,184.30000000000007,3.61372549019608,187.0,3.6666666666666665,,,,,,,,,,,,,,,,,,,Royals,29863,686701
Carlos Estévez,KCR,3.64054,3.93352,0.0,4.17582,60.7653,0.0,28.2324,1.88764,5.1335,62.4979,263.566,57.1909,31.5193,28.9978,8.33004,21.789,2.52935,2.7174,56.6085,8.1519,3.13772,2.59803,1.19957,0.214779,0.0826699,0.13210921734571457,0.239233,1.26372,0.280614,0.705022,,,4.23266,0.258795,0.0405948,119.05000305175781,2.71055,1.22889,1.97355,2.71055,-1.22889,2.3686,399.2,6.438709677419355,393.0,6.338709677419355,,,,,,,,,,,,,,,,,,,Royals,14542,608032
Justin Lawrence,PIT,2.69205,3.26899,0.0,4.0382,53.1334,0.0,1.0367,11.8386,3.0492,56.6768,247.074,51.1375,27.6416,25.4302,5.13419,26.7728,2.37601,4.23408,55.2806,8.7783,4.25139,2.06481,0.815284,0.223741,0.108359,0.11538201570510864,0.236674,1.37464,0.295552,0.710789,,,4.00328,0.257833,0.267466,999.0,2.0671,-1.44349,0.620441,2.0671,1.44349,4.17275,297.69999999999993,5.222807017543858,290.0,5.087719298245614,,,,,,,,,,,,,,,,,,,Pirates,17639,664875
JP Sears,SDP,2.96532,2.90822,2.27069,4.47645,19.1136,5.673,0.0,0.646011,0.0,45.1244,189.749,43.6817,24.3958,22.4441,7.74183,12.3237,0.47733,2.43125,39.4506,7.86836,2.45794,3.2012,1.5441,0.20791,0.0649474,0.14296220242977142,0.249619,1.24113,0.281217,0.699841,,,4.59792,0.255492,0.264963,999.0,1.92595,1.33668,0.77902,1.92595,-1.33668,3.96131,160.20000000000002,3.5600000000000005,161.0,3.577777777777778,,,,,,,,,,,,,,,,,,,Padres,23429,676664
Jordan Leasure,CHW,3.2721,4.38652,0.0,4.07985,61.133,0.106985,7.13917,15.0021,4.51623,61.6313,259.747,51.2946,30.3679,27.9385,9.23303,26.2559,1.15602,2.32075,68.8647,10.0563,3.83415,2.62282,1.3483,0.265122,0.101083,0.16403945535421371,0.221891,1.2583,0.274782,0.730107,,,4.23896,0.254344,0.245275,711.5,2.77242,-2.03575,0.729348,2.77242,2.03575,4.02754,364.5,5.879032258064516,342.0,5.516129032258065,,,,,,,,,,,,,,,,,,,White Sox,29950,673929
Yoendrys Gómez,TBR,3.30444,2.43877,0.771566,4.28627,36.8619,3.86773,0.004836,1.98632,0.0,56.3565,240.279,49.7102,29.1738,26.8399,7.80574,23.1579,0.698175,3.41305,56.1213,8.96244,3.69826,2.42342,1.24656,0.233568,0.0963793,0.13718832284212112,0.232608,1.29298,0.279772,0.705429,,,4.35851,0.253841,0.238166,999.0,2.43934,-0.54635,0.538733,2.43934,0.54635,4.28169,228.0000000000001,4.071428571428574,218.0,3.892857142857143,,,,,,,,,,,,,,,,,,,Rays,22872,672782
Kai-Wei Teng,HOU,2.47985,2.82054,0.971005,4.46073,30.251,3.33967,0.0,2.33654,0.0,46.7051,203.491,42.3695,25.1617,23.1488,5.41245,20.4562,0.365308,4.75382,47.1768,9.09089,3.94187,2.30624,1.04297,0.231837,0.100526,0.1313108578324318,0.237655,1.34515,0.294028,0.681722,,,4.24076,0.251637,0.0731315,999.0,2.44124,-0.859687,0.625745,2.44124,0.859687,4.16567,204.10000000000002,4.342553191489362,197.0,4.191489361702128,,,,,,,,,,,,,,,,,,,Astros,24282,678906
Ryan Gusto,MIA,2.52142,2.87276,0.775252,4.6544,28.9344,3.64752,0.0,1.32073,0.0,47.4527,204.581,47.9224,26.6744,24.5404,6.98246,16.6439,0.334618,1.92772,41.6894,7.90691,3.15672,2.50479,1.32431,0.203779,0.0813557,0.12242326885461807,0.257634,1.36064,0.298096,0.691573,,,4.46505,0.251014,0.0265001,999.0,2.37065,-1.2572,0.614154,2.37065,1.2572,4.18113,167.90000000000003,3.5723404255319156,175.0,3.723404255319149,,,,,,,,,,,,,,,,,,,Marlins,26440,687473
Josh Sborz,TEX,2.12679,2.57035,0.0,4.15208,39.9628,0.0,0.0,6.15493,1.53936,42.0278,178.001,37.8829,21.0752,19.3892,5.04088,16.4131,0.671094,1.40405,43.0284,9.21426,3.51477,2.62158,1.07947,0.241731,0.0922079,0.14952296763658524,0.236496,1.29191,0.292933,0.703253,,,3.91857,0.25091,0.0355072,999.0,1.32646,-1.60968,0.818576,1.32646,1.60968,3.90857,209.5,4.988095238095238,204.0,4.857142857142857,,,,,,,,,,,,,,,,,,,Rangers,18323,622250
José Urquidy,PIT,3.19216,4.17231,2.87569,4.794,29.1521,9.65891,0.0,0.564679,0.0,74.4605,320.538,76.5788,43.1115,39.6626,11.1092,24.4722,0.360623,2.80671,58.1085,7.02354,2.95795,2.37447,1.34276,0.181284,0.0763474,0.10493696480989456,0.26113,1.35711,0.292221,0.67767,,,4.61296,0.249219,0.22556,999.0,1.86044,-0.0288221,0.351541,1.86044,0.0288221,4.53128,251.10000000000002,3.3932432432432433,266.0,3.5945945945945947,,,,,,,,,,,,,,,,,,,Pirates,18413,664353
Quinn Mathews,STL,1.98995,2.64468,3.31837,4.41647,7.6905,7.6905,0.0,0.0,0.0,40.4646,181.534,37.7406,21.5834,19.8568,4.52948,24.1786,0.157394,1.86283,35.7682,7.95544,5.37773,1.47933,1.00743,0.197033,0.133191,0.06384235620498657,0.242717,1.53021,0.288304,0.725752,,,4.75312,0.246405,0.291093,999.0,3.01263,-1.6036,0.710285,3.01263,1.6036,4.05295,129.7,3.2424999999999997,129.0,3.225,,,,,,,,,,,,,,,,,,,Cardinals,sa3023407,687273
Clayton Beeter,WSN,2.50077,3.43121,0.0,3.94748,59.0269,0.0,15.203,10.9683,4.37228,63.0877,271.199,51.876,30.077,27.6708,7.01949,33.0339,0.907141,2.61817,71.2574,10.1655,4.71256,2.1571,1.00139,0.26275,0.121807,0.1409429833292961,0.220236,1.3459,0.28522,0.730301,,,4.01795,0.246314,0.332938,309.7799987792969,2.99389,-1.00411,1.217,2.99389,1.00411,3.37734,397.90000000000003,6.3158730158730165,377.0,5.984126984126984,,,,,,,,,,,,,,,,,,,Nationals,27494,690925
Justin Wilson,,1.56835,1.50071,0.0,3.74216,30.6277,0.0,0.0354648,3.32601,1.72845,30.0939,126.788,27.0917,13.601,12.5129,3.51534,10.9809,0.863054,1.14228,32.0522,9.58566,3.28399,2.91891,1.05131,0.252801,0.0866082,0.16619300842285156,0.236268,1.26513,0.298068,0.738184,,,3.73209,0.245163,0.171692,999.0,1.41643,-0.639637,1.0689,1.41643,0.639637,3.5748,142.60000000000002,4.753333333333334,138.0,4.6,,,,,,,,,,,,,,,,,,,,4301,458677
Hunter Gaddis,CLE,2.89037,2.84006,0.110926,3.81068,58.512,0.151694,4.30329,22.2438,2.87032,62.0682,257.569,54.9496,28.5654,26.2802,8.57027,19.0272,1.18108,2.97422,60.2382,8.73464,2.75897,3.1659,1.2427,0.233872,0.073872,0.1599995121359825,0.233264,1.19186,0.278121,0.732696,,,4.05254,0.244881,0.268876,999.0,1.58648,0.781676,0.849036,1.58648,-0.781676,3.86795,367.09999999999997,5.920967741935483,355.0,5.725806451612903,,,,,,,,,,,,,,,,,,,Guardians,25636,683769
Keider Montero,DET,2.68844,3.1864,2.2766,4.49169,23.5651,4.50896,0.0,0.726117,0.0,50.3997,216.538,50.5273,27.3406,25.1533,7.3976,17.4993,0.216969,1.84778,42.4239,7.57574,3.1249,2.42431,1.32101,0.195919,0.0808143,0.11510499566793442,0.256236,1.34974,0.292665,0.705498,,,4.51138,0.244557,0.16495,999.0,1.52716,-0.953906,0.617479,1.52716,0.953906,4.17669,182.29999999999998,3.6459999999999995,190.0,3.8,,,,,,,,,,,,,,,,,,,Tigers,22630,672456
Brock Stewart,LAD,1.41185,1.19029,0.0,3.9176,30.25,0.0,0.349049,7.11611,2.01542,30.3413,127.693,25.5941,14.3557,13.2072,3.92684,12.0892,0.921895,1.71648,35.0132,10.3858,3.58597,2.89624,1.1648,0.274199,0.094674,0.17952487617731094,0.224732,1.24198,0.2891,0.724782,,,3.87471,0.239768,0.171701,999.0,1.61074,-0.762199,1.05164,1.61074,0.762199,3.59782,161.20000000000002,5.373333333333334,154.0,5.133333333333334,,,,,,,,,,,,,,,,,,,Dodgers,16727,592779
Alek Manoah,LAA,2.84068,4.24769,4.27982,4.82841,12.3905,12.3905,0.0,0.0,0.0,68.0231,300.491,66.6995,39.6671,36.4937,10.9455,30.6614,0.34912,5.18267,58.0618,7.68204,4.05676,1.89364,1.44818,0.193223,0.102038,0.09118518978357315,0.252032,1.43129,0.284984,0.703264,,,5.10065,0.232121,0.237799,748.3400268554688,2.86037,-0.935418,0.344125,2.86037,0.935418,4.54117,201.70000000000005,2.966176470588236,205.0,3.014705882352941,,,,,,,,,,,,,,,,,,,Angels,26410,666201
Spencer Bivens,SFG,2.98307,3.18677,0.0,4.13928,57.7004,0.0662896,0.363529,8.56815,0.0,67.1658,287.568,67.6016,33.577,30.8909,7.372,21.0654,1.28034,3.44797,50.8492,6.81363,2.82269,2.41388,0.987824,0.176825,0.0732536,0.10357165336608887,0.256987,1.32012,0.294043,0.70316,,,4.14276,0.231478,0.103185,999.0,1.37742,-0.200877,0.575788,1.37742,0.200877,4.23228,298.8999999999999,4.461194029850745,310.0,4.626865671641791,,,,,,,,,,,,,,,,,,,Giants,30226,702352
Jack Perkins,ATH,1.69448,1.46609,0.591919,3.901,22.7565,1.07423,0.0851959,1.19988,0.0,30.6766,130.109,25.9134,14.4529,13.2966,3.28881,13.0215,0.477347,1.90519,31.7605,9.318,3.82029,2.43908,0.964881,0.244107,0.100082,0.14402545243501663,0.224977,1.2692,0.282337,0.713127,,,3.91793,0.230738,0.283106,999.0,1.10014,0.495228,1.03356,1.10014,-0.495228,3.62192,147.89999999999998,4.7709677419354835,139.0,4.483870967741935,,,,,,,,,,,,,,,,,,,Athletics,31468,678022
Shane Drohan,MIL,1.99453,1.72852,0.920955,4.15792,20.9913,2.08894,0.0,1.10418,0.0,33.2746,141.47,29.6781,16.7093,15.3726,4.13542,13.5867,0.646476,1.37673,33.5173,9.06565,3.67487,2.46693,1.11853,0.236921,0.0960388,0.14088193327188492,0.234596,1.30024,0.287467,0.708614,,,4.08529,0.229596,0.1444,999.0,1.41167,-1.03247,0.927778,1.41167,1.03247,3.76296,144.00000000000006,4.363636363636365,140.0,4.242424242424242,,,,,,,,,,,,,,,,,,,Brewers,sa3014447,675660
Brock Burke,CIN,3.3783,2.46448,0.0,4.22217,58.3331,0.098187,0.3804,11.8322,2.37044,59.5029,252.476,57.5128,30.342,27.9146,8.07406,19.5437,2.20359,2.2657,54.3231,8.21653,2.95604,2.77957,1.22123,0.215162,0.0774082,0.13775349408388138,0.249333,1.295,0.293808,0.710457,,,4.17281,0.228922,0.315213,999.0,1.70003,-1.61902,0.553161,1.70003,1.61902,4.26245,284.8,4.746666666666667,286.0,4.766666666666667,,,,,,,,,,,,,,,,,,,Reds,17968,656271
Tyler Alexander,TEX,3.65318,3.44686,0.498423,4.63627,50.5989,1.99812,0.514322,5.28382,0.942041,68.4681,288.748,68.9591,38.3378,35.2708,10.6028,18.288,1.79761,2.25913,56.8027,7.4666,2.40392,3.10602,1.39372,0.19672,0.0633353,0.13338512182235718,0.257117,1.27427,0.290625,0.675513,,,4.38934,0.228005,-0.242672,999.0,1.9963,-0.619769,0.481773,1.9963,0.619769,4.35764,267.5,3.9338235294117645,276.0,4.0588235294117645,,,,,,,,,,,,,,,,,,,Rangers,17735,641302
Cade Povich,BAL,0.766486,1.35842,0.848022,4.25027,11.3537,2.72814,0.0,0.53282,0.0,22.5988,96.0559,21.4361,11.6003,10.6723,3.10241,8.08541,0.44506,0.771935,22.2337,8.85463,3.22003,2.74986,1.23554,0.231467,0.084174,0.14729275554418564,0.245831,1.30633,0.296363,0.711775,,,4.12793,0.225664,0.116995,999.0,1.63109,-1.18069,1.1391,1.63109,1.18069,3.4812,99.70000000000002,4.334782608695653,97.0,4.217391304347826,,,,,,,,,,,,,,,,,,,Orioles,30055,700249
Ryan Thompson,ARI,3.81186,3.30667,0.0,3.97086,60.3508,0.0,5.69581,17.9542,4.03672,61.2407,259.939,60.5601,29.3694,27.0198,6.06249,18.3849,1.66915,2.78324,50.3584,7.40073,2.70186,2.73912,0.89095,0.193732,0.0707278,0.12300414592027664,0.253633,1.28909,0.298863,0.703625,,,3.81442,0.222403,0.356877,999.0,2.65623,-1.96427,0.767975,2.65623,1.96427,3.97603,358.0000000000001,5.868852459016395,366.0,6.0,,,,,,,,,,,,,,,,,,,Diamondbacks,16647,657044
Javier Assad,CHC,3.05533,2.70538,1.23309,4.0983,35.3724,3.58451,0.0,2.29766,0.0,57.4688,246.093,54.6403,28.445,26.1694,6.91494,21.3638,0.566391,2.85442,47.4101,7.42473,3.34572,2.21917,1.08293,0.192651,0.0868121,0.10583902895450592,0.246266,1.32253,0.284843,0.717082,,,4.31367,0.220386,0.406054,999.0,0.984849,-0.35412,0.640399,0.984849,0.35412,4.14614,222.69999999999993,3.9070175438596477,224.0,3.9298245614035086,,,,,,,,,,,,,,,,,,,Cubs,21741,665871
Gavin Stone,LAD,1.58508,1.0659,0.922427,4.48819,10.3022,2.5869,0.0,0.570596,0.0,23.9678,102.083,24.0557,12.9918,11.9525,3.26946,7.47325,0.267164,0.807957,20.903,7.84914,2.80623,2.79704,1.22769,0.204764,0.0732074,0.13155648112297058,0.256452,1.31547,0.298526,0.687791,,,4.20076,0.217945,0.117318,999.0,1.37489,-0.325461,1.05181,1.37489,0.325461,3.59759,100.30000000000001,4.179166666666667,103.0,4.291666666666667,,,,,,,,,,,,,,,,,,,Dodgers,27792,694813
Philip Abner,ARI,1.61571,1.57311,0.0,4.1628,34.4748,0.0,0.0167186,2.6089,0.811033,35.142,150.54,33.7503,17.6678,16.2544,3.74631,13.2016,0.397899,1.32487,32.6472,8.36106,3.38096,2.47298,0.959443,0.216867,0.0876946,0.12917231023311615,0.248139,1.33606,0.301184,0.702138,,,3.90308,0.215106,0.0674569,999.0,3.31192,-3.39556,0.929601,3.31192,3.39556,3.76053,157.4,4.497142857142857,159.0,4.542857142857143,,,,,,,,,,,,,,,,,,,Diamondbacks,33821,691769
Kevin Kelly,TBR,2.09137,2.56158,0.0,3.94319,36.1041,0.0,0.0406813,3.52233,1.8806,37.3531,155.489,35.4391,17.7887,16.3656,4.40896,9.06696,0.71154,2.28582,32.4737,7.82433,2.18463,3.58154,1.06231,0.208848,0.0583124,0.1505357027053833,0.245872,1.1915,0.289315,0.696972,,,3.84264,0.214814,0.136448,999.0,1.51258,-2.58029,1.04255,1.51258,2.58029,3.60994,180.60000000000002,4.881081081081081,180.0,4.864864864864865,,,,,,,,,,,,,,,,,,,Rays,25679,687330
DJ Herz,WSN,1.29262,1.70413,0.497431,4.01533,18.9849,1.75777,0.149948,1.48426,0.0,28.6176,122.584,24.254,13.8779,12.7677,3.53861,13.929,0.311368,1.12374,32.0429,10.0772,4.38056,2.30044,1.11286,0.261395,0.113628,0.14776673913002014,0.225553,1.33425,0.287915,0.731443,,,4.08121,0.213337,0.241275,999.0,1.23572,-0.980245,1.01495,1.23572,0.980245,3.64673,126.00000000000003,4.344827586206898,116.0,4.0,,,,,,,,,,,,,,,,,,,Nationals,26389,687792
JT Brubaker,SFG,2.36876,2.54102,0.218359,4.24014,46.5608,0.29861,0.0,5.9329,0.0,55.1489,236.43,52.6932,28.2414,25.9821,6.47258,20.5071,1.02109,2.74664,47.0289,7.67486,3.34665,2.29329,1.05629,0.198912,0.0867365,0.11217585951089859,0.247181,1.32732,0.289467,0.700963,,,4.22032,0.208879,0.0755526,999.0,2.03146,-0.566665,0.658221,2.03146,0.566665,4.12237,241.39999999999998,4.389090909090909,243.0,4.418181818181818,,,,,,,,,,,,,,,,,,,Giants,17578,664141
Coleman Crow,MIL,0.986724,0.69541,0.408388,3.72565,12.9212,0.558479,0.0,0.621318,0.0,16.3095,67.1732,14.1322,7.33859,6.7515,1.81632,4.86414,0.345804,0.716233,17.0704,9.41985,2.68415,3.50943,1.00229,0.254124,0.0724118,0.18171244114637375,0.229445,1.16474,0.288386,0.708527,,,3.51605,0.207511,0.189796,999.0,1.23314,-0.120389,1.28103,1.23314,0.120389,3.29195,77.4,4.8375,74.0,4.625,,,,,,,,,,,,,,,,,,,Brewers,sa3015142,689441
Grant Wolfram,BAL,2.37506,2.62807,0.0,4.31603,35.4302,0.0,0.0,3.80137,0.0,38.6562,167.749,36.9099,20.1499,18.5379,4.19855,16.6802,1.05425,1.66901,36.1602,8.41886,3.88352,2.16784,0.977513,0.215561,0.0994358,0.11612559109926224,0.247055,1.38633,0.299992,0.700874,,,4.10027,0.207452,-0.0200609,999.0,1.9565,-1.025,0.766616,1.9565,1.025,3.97785,174.20000000000005,4.466666666666668,174.0,4.461538461538462,,,,,,,,,,,,,,,,,,,Orioles,21623,664991
Mitchell Parker,WSN,2.51868,2.96707,2.27351,4.62957,24.5841,3.97363,0.00151528,0.60699,0.0,46.4,198.735,47.0405,25.9435,23.868,6.58705,15.5071,0.198786,1.16301,36.224,7.02621,3.00784,2.33596,1.27766,0.182273,0.0780292,0.10424408316612244,0.258373,1.34801,0.290502,0.686424,,,4.49708,0.205113,0.0529863,999.0,2.33182,-0.696983,0.683679,2.33182,0.696983,4.08843,157.10000000000008,3.4152173913043495,164.0,3.5652173913043477,,,,,,,,,,,,,,,,,,,Nationals,27636,680730
Keegan Akin,BAL,3.60958,3.16157,0.0,4.01209,61.1898,0.212188,2.18466,16.227,3.0171,64.5787,272.119,58.2486,31.2917,28.7884,8.83528,23.8994,1.70977,2.04742,65.2061,9.08744,3.33073,2.72836,1.23133,0.239623,0.0878267,0.15179650485515594,0.236617,1.27206,0.287068,0.728824,,,4.09965,0.203823,0.210802,999.0,1.42842,-2.07407,0.551134,1.42842,2.07407,4.26515,345.5,5.315384615384615,334.0,5.138461538461539,,,,,,,,,,,,,,,,,,,Orioles,19362,669211
Ryan Fernandez,STL,2.62572,2.28503,0.0,4.14407,39.9064,0.0,0.169885,4.20887,0.951744,42.5333,183.199,38.4042,21.2876,19.5846,4.4967,19.581,1.5593,1.44237,42.7328,9.04221,4.14333,2.18235,0.951497,0.233258,0.106884,0.12637438625097275,0.236806,1.36329,0.294985,0.709959,,,3.98299,0.203504,0.150263,999.0,1.34991,-0.17037,0.729411,1.34991,0.17037,4.02745,209.2,4.865116279069767,202.0,4.6976744186046515,,,,,,,,,,,,,,,,,,,Cardinals,24862,681676
Zak Kent,MIN,2.08442,2.0006,0.0,4.26024,38.8369,0.0,0.0138302,3.14294,1.01867,43.6375,189.371,40.5036,22.4524,20.6562,4.7068,19.9259,0.770903,1.95661,41.1623,8.4895,4.10961,2.06577,0.970753,0.217363,0.105221,0.11214140802621841,0.241829,1.38481,0.294334,0.705369,,,4.15516,0.203377,0.0864793,999.0,1.38631,-2.31093,0.733164,1.38631,2.31093,4.02245,185.50000000000003,4.215909090909092,183.0,4.159090909090909,,,,,,,,,,,,,,,,,,,Twins,25703,687849
Gordon Graceffo,STL,2.90205,2.8643,0.0,4.3405,47.1731,0.0,0.0190665,2.69231,0.914576,56.8332,242.364,57.0214,29.7928,27.4094,6.25179,18.0529,0.803831,1.90523,46.3363,7.33772,2.85883,2.56669,0.990021,0.191184,0.0744867,0.11669764667749405,0.256384,1.32096,0.298965,0.682754,,,3.98807,0.201969,-0.0218531,999.0,3.18663,-2.19264,0.598264,3.18663,2.19264,4.20232,243.79999999999995,4.27719298245614,251.0,4.4035087719298245,,,,,,,,,,,,,,,,,,,Cardinals,29519,700669
Greg Weissert,BOS,3.67235,3.46306,0.0,4.13417,60.363,0.0,1.11791,14.2964,3.88842,61.6007,262.438,59.1197,30.757,28.2964,7.69604,21.3728,1.57359,2.6878,54.7463,7.99856,3.12261,2.5615,1.12441,0.208606,0.0814393,0.1271672323346138,0.248009,1.30668,0.292287,0.713381,,,4.15359,0.200385,0.226532,999.0,1.56735,0.554349,0.547498,1.56735,-0.554349,4.27,306.0,4.935483870967742,305.0,4.919354838709677,,,,,,,,,,,,,,,,,,,Red Sox,20375,669711
Walker Buehler,SDP,3.64784,4.52768,3.25837,4.93975,22.949,10.6332,0.0,0.409852,0.0,68.7083,301.859,70.7708,40.9906,37.7113,10.6664,27.4129,0.64724,3.73451,55.3139,7.24549,3.59078,2.01781,1.39718,0.183244,0.0908134,0.09243051707744598,0.261425,1.42899,0.293577,0.686999,,,4.90315,0.199774,0.0739133,742.8099975585938,2.40153,-0.628862,0.361219,2.40153,0.628862,4.51837,207.70000000000002,3.010144927536232,219.0,3.1739130434782608,,,,,,,,,,,,,,,,,,,Padres,19374,621111
Spencer Turnbull,,1.54021,1.93034,1.31506,4.86305,6.36243,4.97546,0.0,0.0,0.0,28.7757,127.095,29.7123,16.9007,15.5486,3.90507,12.0826,0.177053,1.56311,22.1863,6.93906,3.77899,1.83622,1.22136,0.174564,0.095067,0.07949694991111755,0.261899,1.45244,0.295419,0.685266,,,4.77994,0.199145,0.0974682,999.0,0.936899,-1.84061,0.8926,0.936899,1.84061,3.80987,89.40000000000003,3.0827586206896562,95.0,3.2758620689655173,,,,,,,,,,,,,,,,,,,,16207,605513
Calvin Faucher,MIA,3.10406,3.71147,0.0,4.06255,61.1542,0.0776675,5.82628,13.7763,2.68422,62.9195,271.162,58.7064,30.8712,28.4015,7.00522,26.3867,1.26111,3.02134,62.0781,8.87964,3.77435,2.35263,1.00203,0.228933,0.0973097,0.13162372261285782,0.242835,1.35241,0.29942,0.720214,,,4.01143,0.198107,0.273616,999.0,0.961352,-1.11269,0.697513,0.961352,1.11269,4.06998,349.70000000000005,5.5507936507936515,347.0,5.507936507936508,,,,,,,,,,,,,,,,,,,Marlins,20116,676534
Josh White,MIA,2.57895,2.23907,0.0,3.98971,36.9383,0.0,0.0,1.69179,0.0,39.4348,167.107,34.6056,19.0016,17.4815,4.65295,16.0771,0.988934,1.66895,40.9195,9.33883,3.66919,2.5452,1.06192,0.24487,0.0962084,0.14866138994693756,0.231691,1.28523,0.288593,0.717277,,,3.94375,0.197237,0.188561,999.0,0.603637,0.307298,0.847693,0.603637,-0.307298,3.86974,172.10000000000002,4.412820512820513,166.0,4.256410256410256,,,,,,,,,,,,,,,,,,,Marlins,sa3019953,687985
Josiah Gray,WSN,3.69495,6.33658,4.34438,5.37013,15.4862,15.4862,0.0,0.0,0.0,87.8877,386.007,89.1932,57.001,52.4409,15.7028,37.0506,0.764879,4.00975,75.7849,7.76064,3.79411,2.04545,1.60802,0.196331,0.0959843,0.10034637153148651,0.258571,1.43642,0.28995,0.664137,,,5.13482,0.19577,-0.115915,999.0,8.71482,-1.87198,0.815282,8.71482,1.87198,3.91296,252.00000000000003,2.8636363636363638,261.0,2.965909090909091,,,,,,,,,,,,,,,,,,,Nationals,24580,680686
Isaac Mattson,PIT,3.26871,3.62702,0.0,4.21987,57.7781,0.0,2.04024,14.2004,3.24399,62.3975,268.331,55.9246,31.8006,29.2566,7.49355,27.5629,1.46288,3.2667,58.8076,8.48221,3.97558,2.13358,1.08084,0.219161,0.10272,0.11644113808870316,0.235471,1.33799,0.282891,0.708073,,,4.29367,0.193132,0.136601,999.0,2.06112,1.13467,0.516537,2.06112,-1.13467,4.31128,318.0999999999999,5.130645161290321,310.0,5.0,,,,,,,,,,,,,,,,,,,Pirates,20385,676755
Nick Mears,KCR,3.27624,3.52016,0.0,4.21525,57.5432,0.0,0.216026,13.7037,3.3908,58.3083,247.163,53.2081,29.6841,27.3093,7.38195,22.1341,1.06967,2.14368,56.6012,8.7365,3.41644,2.55719,1.13942,0.229003,0.0895527,0.13945070654153824,0.238724,1.29213,0.288392,0.702352,,,4.08862,0.190587,0.0313886,999.0,1.43714,0.19171,0.549585,1.43714,-0.19171,4.26722,303.3,5.229310344827587,297.0,5.120689655172414,,,,,,,,,,,,,,,,,,,Royals,25376,683232
Huascar Brazobán,NYM,2.4257,2.02769,0.0,4.04044,46.0145,0.171068,0.421197,8.94204,2.43006,50.3488,215.711,44.5716,24.569,22.6035,5.41783,21.8048,1.06417,2.81915,47.3769,8.46876,3.89768,2.17277,0.968454,0.219632,0.101084,0.11854800581932068,0.233253,1.31833,0.283124,0.711114,,,4.11927,0.190123,0.115166,999.0,1.21519,-1.49939,0.739252,1.21519,1.49939,4.01433,246.5,4.93,240.0,4.8,,,,,,,,,,,,,,,,,,,Mets,6107,623211
Carlos Rodriguez,MIL,1.21156,2.23737,0.328688,4.36881,22.826,1.85742,0.0,0.889018,0.0,31.9057,135.883,29.1712,16.8345,15.4878,4.37715,12.4629,0.445886,1.40287,29.6927,8.37575,3.51554,2.3825,1.23471,0.218517,0.0917179,0.1267995685338974,0.239075,1.30491,0.28192,0.698459,,,4.36108,0.187929,0.0803604,999.0,1.40568,0.0878454,0.989725,1.40568,-0.0878454,3.68037,137.20000000000002,4.2875000000000005,133.0,4.15625,,,,,,,,,,,,,,,,,,,Brewers,30161,692230
Kirby Yates,LAA,3.1015,3.41787,0.0,3.99116,55.5739,0.0,12.7627,9.46986,2.08438,56.0576,236.865,45.2499,27.0211,24.8595,8.03744,25.9077,0.997045,2.76451,66.1918,10.627,4.15946,2.55491,1.2904,0.279449,0.109378,0.17007189244031906,0.217346,1.26937,0.277781,0.736772,,,4.17192,0.187637,0.224197,268.6199951171875,1.49261,0.679731,1.04528,1.49261,-0.679731,3.60629,345.0000000000001,6.160714285714287,322.0,5.75,,,,,,,,,,,,,,,,,,,Angels,9073,489446
José Suarez,ATL,2.78707,2.39255,0.871724,4.16009,31.4314,1.78,0.0561929,2.94415,0.0,46.5145,197.998,44.83,23.3701,21.5005,5.97467,16.0374,1.05866,1.77372,43.7845,8.47179,3.10304,2.73016,1.15603,0.221136,0.0809975,0.14013856649398804,0.248797,1.30857,0.297906,0.714195,,,4.07108,0.187274,0.317316,999.0,3.85188,-1.82408,0.728905,3.85188,1.82408,4.02813,203.0,4.319148936170213,203.0,4.319148936170213,,,,,,,,,,,,,,,,,,,Braves,19911,660761
Drew Thorpe,CHW,2.16061,2.6986,2.30213,4.77215,7.99701,7.19224,0.0,0.0,0.0,39.4474,169.483,38.9862,22.7354,20.9166,6.22622,14.4759,0.269468,1.22893,30.1257,6.87324,3.30271,2.08109,1.42052,0.177751,0.0854124,0.09233838319778442,0.253522,1.35528,0.278983,0.686701,,,4.85398,0.186894,0.122086,999.0,1.58471,0.696093,0.77655,1.58471,-0.696093,3.9646,128.4,3.2923076923076926,132.0,3.3846153846153846,,,,,,,,,,,,,,,,,,,White Sox,31967,689672
Cristian Mena,ARI,1.05034,1.31295,0.848542,4.12081,12.0255,2.29083,0.0,0.663515,1.32108,21.9868,94.2935,20.9558,10.9425,10.0671,2.65993,8.56073,0.124707,0.795276,20.3871,8.34518,3.50421,2.38147,1.08881,0.216209,0.0907881,0.12542100250720978,0.246721,1.34247,0.295618,0.720131,,,4.12995,0.186181,0.184078,999.0,1.29674,-0.52891,1.13002,1.29674,0.52891,3.49331,85.30000000000001,3.877272727272728,85.0,3.8636363636363638,,,,,,,,,,,,,,,,,,,Diamondbacks,27974,691441
Eric Orze,MIN,2.40178,3.0593,0.0,4.30416,55.8278,0.0,0.60022,7.33577,1.48542,60.1703,261.406,55.2684,31.2781,28.7758,7.35075,27.0364,1.18188,4.15967,58.2419,8.71157,4.04398,2.15421,1.09949,0.222803,0.103427,0.11937600374221802,0.240078,1.36786,0.291085,0.708569,,,4.34277,0.18431,0.0155692,999.0,2.25756,-0.85467,0.520447,2.25756,0.85467,4.30607,270.9,4.515,265.0,4.416666666666667,,,,,,,,,,,,,,,,,,,Twins,27626,679358
Emerson Hancock,SEA,3.46309,3.23901,2.72007,4.41257,31.4116,7.34531,0.0,0.635169,0.0,66.1905,283.632,65.4494,35.2742,32.4523,9.32307,22.0028,0.278494,3.56512,51.4548,6.99636,2.99175,2.33855,1.26767,0.181414,0.0775753,0.103838711977005,0.253617,1.32122,0.284492,0.701318,,,4.5703,0.184305,0.0431073,734.530029296875,1.7732,-0.38805,0.46005,1.7732,0.38805,4.3866,236.7000000000001,3.5863636363636378,241.0,3.6515151515151514,,,,,,,,,,,,,,,,,,,Mariners,27470,676106
PJ Poulin,WSN,3.66954,3.36819,0.0,3.99266,56.9472,0.0,2.14561,11.5961,2.66853,58.0629,250.428,53.3289,27.9982,25.7584,6.39027,25.155,1.01366,3.00212,55.9079,8.66596,3.89914,2.22253,0.990519,0.223249,0.100448,0.12280097603797913,0.239927,1.35171,0.293416,0.726021,,,4.09494,0.179938,0.267598,999.0,2.70636,-2.49489,0.591332,2.70636,2.49489,4.21156,303.6,5.23448275862069,298.0,5.137931034482759,,,,,,,,,,,,,,,,,,,Nationals,23394,676571
Kendry Rojas,MIN,1.50572,1.47597,0.584505,4.20913,22.5147,0.960841,0.0,0.872767,0.0,28.3972,122.475,27.4777,14.4357,13.2808,3.14363,11.2136,0.630141,1.14738,26.5128,8.40276,3.55397,2.36433,0.996318,0.216476,0.0915589,0.12491665035486221,0.24954,1.36251,0.302448,0.707363,,,4.01285,0.1792,0.106884,999.0,1.78033,-0.135789,0.995418,1.78033,0.135789,3.67278,122.10000000000004,4.360714285714287,123.0,4.392857142857143,,,,,,,,,,,,,,,,,,,Twins,sa3016746,696070
Jalen Beeks,TEX,3.18542,2.68519,0.0,4.03313,51.8893,0.165845,0.827393,10.5574,3.007,53.4387,227.863,49.7334,26.0296,23.9472,6.16439,20.5177,1.23188,2.10554,47.5557,8.00922,3.45553,2.31779,1.03819,0.208703,0.0900438,0.11865927278995514,0.242319,1.31461,0.287547,0.717638,,,4.12497,0.178197,0.097125,999.0,0.915954,-0.963534,0.683575,0.915954,0.963534,4.08857,264.40000000000003,4.988679245283019,263.0,4.962264150943396,,,,,,,,,,,,,,,,,,,Rangers,17192,656222
Blade Tidwell,SFG,1.49262,1.71821,0.776652,4.52641,14.4405,3.10663,0.0,0.731485,0.0,29.4492,128.314,29.0329,16.0989,14.811,4.02574,12.0557,0.181815,1.52829,25.3791,7.75613,3.68437,2.10514,1.23031,0.197789,0.093955,0.10383377969264984,0.253054,1.39524,0.29308,0.704877,,,4.57248,0.176606,0.0818033,999.0,1.31256,-2.97478,0.937414,1.31256,2.97478,3.75011,102.00000000000003,3.5172413793103456,105.0,3.6206896551724137,,,,,,,,,,,,,,,,,,,Giants,31701,694918
Ian Hamilton,ATL,1.20817,1.04577,0.0,3.89687,28.8985,0.074607,0.0498904,3.76427,0.806128,30.7742,131.638,27.3363,14.4835,13.3248,3.19115,13.6193,0.565612,1.1296,31.6619,9.25962,3.983,2.32478,0.933262,0.240523,0.10346,0.1370624229311943,0.233865,1.33084,0.294323,0.725503,,,3.86327,0.172984,0.248898,999.0,1.73098,-0.624702,1.03594,1.73098,0.624702,3.61874,157.29999999999995,5.074193548387095,151.0,4.870967741935484,,,,,,,,,,,,,,,,,,,Braves,19261,641656
José Buttó,SFG,3.45003,3.53612,0.246933,3.97642,54.1069,0.337686,2.18657,12.2652,2.34121,61.7914,264.77,55.9017,29.6749,27.3009,6.62736,26.1421,1.37308,2.91293,56.6872,8.25657,3.80764,2.16843,0.965285,0.2141,0.0987353,0.11536488682031631,0.237158,1.32775,0.285814,0.719693,,,4.10528,0.171774,0.245295,999.0,1.39662,-0.430153,0.605459,1.39662,0.430153,4.19272,312.0999999999999,5.033870967741934,304.0,4.903225806451613,,,,,,,,,,,,,,,,,,,Giants,23313,676130
Jason Foley,SFG,1.01167,0.932474,0.0,3.61138,18.0541,0.0,0.0346985,1.20579,0.936862,18.3504,77.2466,17.9753,8.00365,7.36336,1.61898,5.08984,0.456791,0.781925,15.3708,7.53866,2.49633,3.0199,0.794031,0.198984,0.0658908,0.13309288024902344,0.251843,1.25693,0.30075,0.724159,,,3.56675,0.171026,0.144237,999.0,0.736153,2.29957,1.26716,0.736153,-2.29957,3.31045,77.80000000000003,4.322222222222224,80.0,4.444444444444445,,,,,,,,,,,,,,,,,,,Giants,19531,671345
Tim Herrin,CLE,3.4586,3.18564,0.0,3.84118,53.5666,0.0,0.18023,12.3099,2.52321,52.0242,224.39,44.8589,24.1346,22.2038,5.21603,24.9756,1.32065,3.16524,53.2936,9.2196,4.32069,2.13383,0.902354,0.237504,0.111304,0.12619992345571518,0.228581,1.34235,0.28781,0.730824,,,4.01249,0.169828,0.259336,999.0,1.35485,-0.726383,0.659574,1.35485,0.726383,4.12057,276.3,5.313461538461539,265.0,5.096153846153846,,,,,,,,,,,,,,,,,,,Guardians,25139,682120
Luke Little,CHC,0.830798,0.627415,0.0,3.5755,19.0485,0.0,0.0,0.921019,0.0,19.6746,85.492,15.3503,8.49596,7.81628,1.49324,11.3381,0.338005,1.55049,21.932,10.0326,5.18654,1.93436,0.683073,0.256538,0.132622,0.12391628324985504,0.211427,1.35649,0.281773,0.739595,,,3.85759,0.169212,0.252415,999.0,1.3534,0.371862,1.19619,1.3534,-0.371862,3.40508,105.69999999999999,5.284999999999999,96.0,4.8,,,,,,,,,,,,,,,,,,,Cubs,28036,681432
Brent Headrick,NYY,1.95988,1.74575,0.0,3.9739,42.3587,0.0,0.211721,5.36359,0.778043,47.6054,198.984,42.5731,22.8477,21.0199,6.87835,15.902,1.09669,1.97724,49.3984,9.33897,3.00634,3.10642,1.30038,0.248253,0.079916,0.16833695024251938,0.235074,1.22833,0.285951,0.72939,,,4.06485,0.168514,0.21309,999.0,1.2907,0.0273521,0.877852,1.2907,-0.0273521,3.82953,221.3,4.610416666666667,213.0,4.4375,,,,,,,,,,,,,,,,,,,Yankees,27702,687396
Andrew Chafin,,1.3892,1.91692,0.0,3.98084,32.4205,0.0,0.497603,3.32159,1.1645,31.9679,138.405,28.3491,15.3694,14.1399,3.41591,15.944,0.526185,1.08587,34.1726,9.62072,4.48875,2.1433,0.96169,0.246902,0.115197,0.13170500844717026,0.233565,1.38555,0.297578,0.732044,,,3.98446,0.166091,0.176292,999.0,1.74992,-0.596021,0.961518,1.74992,0.596021,3.71798,156.10000000000002,4.878125000000001,150.0,4.6875,,,,,,,,,,,,,,,,,,,,12988,605177
Félix Bautista,BAL,0.609965,0.404209,0.0,3.21561,9.75158,0.0,0.0599373,0.544661,0.165017,10.0201,41.3051,7.05619,3.89139,3.58008,0.919144,4.8019,0.150416,0.288546,13.8241,12.4168,4.31304,2.87889,0.82557,0.334683,0.116254,0.2184290662407875,0.194843,1.18343,0.285824,0.753617,,,3.09241,0.166064,0.113679,999.0,0.659081,-0.0483859,1.34907,0.659081,0.0483859,3.20125,60.5,6.05,54.0,5.4,,,,,,,,,,,,,,,,,,,Orioles,20666,642585
Ricky Tiedemann,TOR,0.793375,1.14218,0.709495,4.21217,9.49824,2.21612,0.0,0.752323,0.0,17.606,76.7203,15.9454,8.95644,8.23993,2.07992,8.60295,0.240542,0.938551,18.5905,9.50328,4.39775,2.16094,1.06324,0.242315,0.112134,0.13018129765987396,0.237358,1.39432,0.298129,0.720632,,,4.18492,0.165845,0.128678,999.0,0.804211,-0.64677,1.15798,0.804211,0.64677,3.45602,79.00000000000003,4.38888888888889,76.0,4.222222222222222,,,,,,,,,,,,,,,,,,,Blue Jays,sa3018096,694357
Evan Sisk,PIT,1.3186,1.90429,0.0,3.9218,35.4843,0.0,0.0,2.69435,0.382086,36.4475,158.213,34.3964,17.2633,15.8822,3.34784,15.7803,0.588967,1.97371,34.7281,8.57542,3.89665,2.20072,0.826682,0.219503,0.0997413,0.11976128071546555,0.244886,1.37669,0.30326,0.723536,,,3.88492,0.163698,0.237538,999.0,4.06027,-2.41779,0.954763,4.06027,2.41779,3.72698,169.1,4.697222222222222,169.0,4.694444444444445,,,,,,,,,,,,,,,,,,,Pirates,24995,681895
Evan Phillips,LAD,1.17312,0.774311,0.0,3.46991,19.2016,0.0,0.55348,3.08155,1.30525,19.2858,79.1657,16.2599,8.08213,7.43556,2.18669,6.05239,0.305417,0.731666,20.4398,9.53851,2.82443,3.37714,1.02045,0.25819,0.0764522,0.18173758685588837,0.224641,1.15693,0.282849,0.739194,,,3.54474,0.163527,0.198208,999.0,0.76535,1.93087,1.27569,0.76535,-1.93087,3.29908,110.4,5.810526315789474,105.0,5.526315789473684,,,,,,,,,,,,,,,,,,,Dodgers,17734,623465
Cole Sulser,TBR,3.11229,2.26415,0.0,4.06467,48.1713,0.0,0.16729,6.45391,0.58895,52.6437,221.34,48.582,25.8429,23.7755,6.75977,17.7,1.39349,1.86429,47.582,8.13464,3.02601,2.68824,1.15565,0.214973,0.0799678,0.13500486314296722,0.240773,1.25907,0.283669,0.711726,,,4.11163,0.161647,0.173288,999.0,2.46098,2.31978,0.73047,2.46098,-2.31978,4.02604,238.70000000000002,4.503773584905661,234.0,4.415094339622642,,,,,,,,,,,,,,,,,,,Rays,15256,642121
Ryne Stanek,STL,3.29242,4.0773,0.0,4.24333,56.601,0.0,3.04589,12.0674,3.98738,56.0347,241.854,50.0843,28.7167,26.4193,7.26507,26.341,0.934121,2.04909,57.0516,9.16333,4.23075,2.16589,1.16688,0.235893,0.108913,0.1269799843430519,0.234626,1.36389,0.287093,0.720085,,,4.30428,0.160806,0.0267848,748.1400146484375,2.85999,-1.89883,0.568025,2.85999,1.89883,4.24263,291.30000000000007,5.201785714285715,282.0,5.035714285714286,,,,,,,,,,,,,,,,,,,Cardinals,15947,592773
Jake Bird,NYY,2.82838,2.58883,0.0,4.04499,48.5181,0.0601668,0.184213,9.95942,3.54631,52.4863,225.603,46.8274,25.6409,23.5896,5.83183,22.2597,1.81295,3.78126,53.2565,9.13207,3.81695,2.3925,1.0,0.236062,0.0986676,0.13739490509033203,0.23465,1.31629,0.291837,0.713139,,,4.03868,0.159577,0.119773,999.0,3.03211,-2.34224,0.653695,3.03211,2.34224,4.12841,256.8,4.938461538461539,250.0,4.8076923076923075,,,,,,,,,,,,,,,,,,,Yankees,21267,656234
Matt Festa,CLE,3.60949,3.31027,0.0,4.19946,56.3171,0.0,0.97604,12.2359,1.91962,57.6481,243.478,51.591,29.2381,26.899,7.35782,20.6888,1.44311,3.44226,56.194,8.77299,3.22993,2.71615,1.1487,0.230797,0.084972,0.14582500606775284,0.235203,1.25381,0.283919,0.694458,,,4.10059,0.15892,0.0557895,999.0,1.41836,0.0197243,0.598988,1.41836,-0.0197243,4.20135,300.90000000000003,5.18793103448276,292.0,5.0344827586206895,,,,,,,,,,,,,,,,,,,Guardians,19330,670036
Justin Bruihl,STL,2.32329,2.9307,0.0,4.13072,47.8664,0.0,0.166699,8.71193,2.20143,48.4718,208.987,45.87,24.1816,22.247,5.08193,18.6205,4.0458,3.44355,43.7001,8.11402,3.45737,2.34688,0.943587,0.209104,0.089099,0.12000542879104614,0.245395,1.33048,0.295264,0.702543,,,4.06056,0.158624,0.110559,999.0,4.05025,-3.3905,0.744666,4.05025,3.3905,4.00711,232.10000000000005,4.835416666666668,233.0,4.854166666666667,,,,,,,,,,,,,,,,,,,Cardinals,23779,677865
Cody Laweryson,MIN,1.48115,2.44363,0.0,4.24727,32.1001,0.0,0.439866,2.36402,0.0,36.4946,155.839,35.4006,18.7201,17.2225,4.67318,12.4965,0.76323,1.48543,31.3778,7.73814,3.08179,2.51093,1.15246,0.201348,0.0801886,0.12115909159183502,0.249551,1.31244,0.290413,0.705532,,,4.22959,0.156875,-0.0314948,999.0,1.78275,0.673008,0.952473,1.78275,-0.673008,3.73004,144.90000000000003,4.025000000000001,146.0,4.055555555555555,,,,,,,,,,,,,,,,,,,Twins,26429,689520
Scott Barlow,ATH,3.16833,3.09428,0.0,4.29687,55.8695,0.0773247,5.24213,12.0995,3.43214,56.0764,244.788,48.4898,29.1006,26.7726,6.55275,29.6441,1.47748,3.47189,59.4369,9.53934,4.75775,2.00501,1.05169,0.242809,0.121101,0.1217082291841507,0.22908,1.39335,0.287866,0.711039,,,4.30604,0.156682,0.0267868,999.0,2.15098,-0.76109,0.647942,2.15098,0.76109,4.13608,295.50000000000006,5.276785714285715,281.0,5.017857142857143,,,,,,,,,,,,,,,,,,,Athletics,14993,605130
Ryan Brasier,,1.60467,1.21427,0.22194,4.03218,33.0133,0.303507,0.0,1.67585,0.696295,34.6064,144.12,32.3137,16.8526,15.5043,4.18008,9.9891,0.407706,1.11275,30.3898,7.90341,2.59784,3.0423,1.0871,0.210865,0.069311,0.14155356585979462,0.242927,1.2224,0.28577,0.69821,,,3.91149,0.154534,0.131846,999.0,1.0814,0.271772,1.05601,1.0814,-0.271772,3.59199,161.60000000000002,4.617142857142857,158.0,4.514285714285714,,,,,,,,,,,,,,,,,,,,5615,518489
Ronel Blanco,HOU,1.07151,1.12133,0.9056,4.08869,9.98872,2.08321,0.0,0.449645,0.380153,19.2971,81.2029,16.9609,9.52898,8.76666,2.76353,7.80068,0.069185,0.286726,19.6747,9.17609,3.63817,2.52217,1.28889,0.24229,0.0960641,0.1462261900305748,0.231974,1.28318,0.280152,0.72909,,,4.21503,0.154497,0.0782751,999.0,0.74338,-0.537071,1.1737,0.74338,0.537071,3.43506,75.49999999999999,3.973684210526315,72.0,3.789473684210526,,,,,,,,,,,,,,,,,,,Astros,19407,669854
Brandon Eisert,CHW,2.66841,3.53764,0.0,4.16981,56.0585,0.0644899,0.314063,7.62213,1.35657,58.38,248.375,54.8239,29.4002,27.0482,7.72317,21.262,2.10554,2.40346,55.468,8.55107,3.2778,2.60879,1.19062,0.223323,0.0856043,0.1377190202474594,0.243977,1.30329,0.291612,0.715232,,,4.17079,0.152483,0.133593,999.0,2.37322,-3.40086,0.607488,2.37322,3.40086,4.19002,260.80000000000007,4.496551724137932,259.0,4.4655172413793105,,,,,,,,,,,,,,,,,,,White Sox,27668,685126
Jaden Hill,COL,1.87054,2.35605,0.0,4.45688,37.2707,0.0,0.129932,2.78268,2.27971,39.1021,170.233,38.1825,21.0475,19.3637,4.87468,15.2362,0.558419,3.02716,37.9409,8.73273,3.50687,2.49018,1.12199,0.222876,0.0895022,0.13337427377700806,0.251251,1.36613,0.305145,0.694748,,,4.21638,0.150175,0.217584,999.0,2.35111,-2.57983,0.776931,2.35111,2.57983,3.96409,162.3,4.161538461538462,164.0,4.205128205128205,,,,,,,,,,,,,,,,,,,Rockies,30250,677955
Austin Warren,NYM,2.89202,2.14256,0.0,4.17153,33.597,0.0,0.0,2.87862,0.0,37.8106,160.841,35.156,19.0493,17.5254,4.91689,13.9451,0.508652,1.71127,34.3139,8.16767,3.31933,2.46064,1.17036,0.21334,0.0867011,0.12663882970809937,0.242146,1.29861,0.285398,0.711833,,,4.25284,0.149887,0.0875263,999.0,1.12581,-0.934593,0.844172,1.12581,0.934593,3.87444,160.7,4.228947368421053,157.0,4.131578947368421,,,,,,,,,,,,,,,,,,,Mets,24937,681810
Jason Alexander,HOU,2.18669,2.41943,2.32438,4.61002,18.6339,5.42904,0.101693,0.868696,0.0,43.2577,187.748,44.7661,24.0844,22.1577,6.21738,14.9842,0.476646,2.11748,33.5473,6.97969,3.11753,2.23885,1.29356,0.178683,0.0798101,0.09887269139289856,0.262333,1.38126,0.294531,0.6987,,,4.6386,0.14811,0.0743676,999.0,1.41319,-0.969684,0.724007,1.41319,0.969684,4.03466,148.39999999999998,3.451162790697674,158.0,3.6744186046511627,,,,,,,,,,,,,,,,,,,Astros,19666,669920
Austin Gomber,TEX,0.670974,1.82342,0.803412,5.08189,6.6265,4.33475,0.0,0.0,0.0,24.8655,106.147,26.4746,15.2613,14.0404,4.4254,6.83617,0.21334,0.477266,17.8267,6.45232,2.47433,2.6077,1.60176,0.167944,0.0644031,0.1035408303141594,0.267872,1.33964,0.28792,0.665658,,,4.8973,0.14527,-0.0144519,999.0,7.22231,-2.20493,1.06823,7.22231,2.20493,3.5757,83.20000000000002,3.3280000000000007,88.0,3.52,,,,,,,,,,,,,,,,,,,Rangers,16561,596295
Mason Fluharty,TOR,2.42104,1.69575,0.0,4.0075,38.6955,0.0,0.235833,3.22378,1.64171,39.3135,166.628,34.0549,19.0276,17.5054,4.84223,16.4496,1.58542,1.72136,40.3521,9.23775,3.76579,2.45307,1.10853,0.242168,0.0987204,0.1434478610754013,0.229392,1.28466,0.282896,0.719876,,,4.07013,0.142896,0.101317,999.0,1.68865,-1.83819,0.862817,1.68865,1.83819,3.84958,176.70000000000002,4.5307692307692315,168.0,4.3076923076923075,,,,,,,,,,,,,,,,,,,Blue Jays,31553,689254
Yaramil Hiraldo,BAL,0.917795,0.917629,0.0,4.19381,27.3284,0.0,0.0,2.36984,0.900886,29.4465,123.467,26.3618,14.9147,13.7215,4.3207,10.6152,0.319242,0.801099,30.2015,9.23074,3.2444,2.84513,1.32057,0.244611,0.0859754,0.15863560885190964,0.235265,1.25573,0.284294,0.713344,,,4.15444,0.142347,-0.028298,999.0,1.78939,-1.57976,1.07888,1.78939,1.57976,3.56149,129.80000000000004,4.475862068965519,125.0,4.310344827586207,,,,,,,,,,,,,,,,,,,Orioles,25215,682274
Brennan Bernardino,COL,3.06015,3.22692,0.0,4.47485,55.7357,0.362053,0.568012,8.84739,1.90461,55.4997,245.456,55.3934,29.9943,27.5948,6.42479,24.6817,2.82956,3.8768,50.8374,8.24395,4.00245,2.05972,1.04186,0.207114,0.100554,0.10655983537435532,0.25539,1.4428,0.306753,0.704565,,,4.35177,0.142334,0.272286,999.0,3.05563,-0.677217,0.474205,3.05563,0.677217,4.36773,246.2,4.4763636363636365,253.0,4.6,,,,,,,,,,,,,,,,,,,Rockies,16835,657514
Hayden Wesneski,HOU,1.50816,1.3286,0.897042,4.20331,14.9672,1.95341,0.0,0.565613,0.0569986,23.8607,99.1449,21.7388,12.1128,11.1438,3.72144,7.12531,0.170165,0.846237,22.9343,8.65057,2.68759,3.2187,1.40369,0.231321,0.0718677,0.15945296734571457,0.238434,1.20969,0.279263,0.708179,,,4.2426,0.141723,0.135091,999.0,1.031,-1.78553,1.12912,1.031,1.78553,3.4945,97.20000000000003,4.050000000000002,94.0,3.9166666666666665,,,,,,,,,,,,,,,,,,,Astros,27581,669713
JR Ritchie,ATL,1.39338,1.30271,1.52667,4.55811,4.266,4.03553,0.0,0.0778777,0.0,22.5209,98.3878,22.0524,12.3977,11.4058,2.97592,9.60244,0.0869046,1.19722,18.5845,7.4269,3.83742,1.93539,1.18927,0.18889,0.0975979,0.09129199385643005,0.251774,1.40558,0.288917,0.700553,,,4.64116,0.141712,0.25101,999.0,0.737146,-0.528716,1.04258,0.737146,0.528716,3.60989,81.10000000000001,3.5260869565217394,81.0,3.5217391304347827,,,,,,,,,,,,,,,,,,,Braves,sa3020395,702275
Bryan Hudson,NYM,1.1342,0.919454,0.0,3.88798,22.6621,0.0,0.0,2.14028,0.383787,24.9012,106.262,21.959,11.6927,10.7573,2.57487,10.663,1.0387,1.17772,24.0277,8.68429,3.85392,2.25337,0.93063,0.226117,0.100346,0.12577074766159058,0.232563,1.31006,0.285821,0.721273,,,3.97606,0.139496,0.108839,999.0,1.97261,-0.70252,1.12715,1.97261,0.70252,3.49714,110.89999999999999,4.436,106.0,4.24,,,,,,,,,,,,,,,,,,,Mets,19924,663542
Dauri Moreta,,1.23069,1.09234,0.0,3.93132,24.6281,0.0,0.0429402,2.86656,1.3179,24.8636,103.858,20.172,11.8052,10.8607,3.18885,10.2643,0.780524,1.0685,27.4736,9.94474,3.71542,2.67661,1.15429,0.26453,0.0988302,0.1657000035047531,0.218017,1.22413,0.27453,0.717358,,,3.95989,0.138463,0.108831,999.0,1.03087,0.664233,1.13537,1.03087,-0.664233,3.48617,129.1,5.164,119.0,4.76,,,,,,,,,,,,,,,,,,,,21101,664294
Joe Jiménez,ATL,0.638437,0.711048,0.0,3.81858,16.6429,0.0,0.00291821,1.31617,0.66289,17.077,71.0041,14.6516,7.87561,7.24556,2.05936,5.80138,0.247222,0.85687,19.3491,10.1974,3.05746,3.33525,1.08533,0.272507,0.0817049,0.19080185890197754,0.227701,1.19769,0.29327,0.715849,,,3.60643,0.135943,0.103587,999.0,2.36222,1.38609,1.27162,2.36222,-1.38609,3.3045,83.20000000000002,4.894117647058825,80.0,4.705882352941177,,,,,,,,,,,,,,,,,,,Braves,15761,641729
Ty Johnson,TBR,0.705496,0.621343,0.971582,4.19879,2.24846,2.24846,0.0,0.0,0.0,11.7545,49.9311,10.4232,5.96071,5.48385,1.62658,4.38806,0.0444683,0.914191,11.6331,8.90705,3.35977,2.65109,1.24541,0.232983,0.0878823,0.14510118961334229,0.233553,1.26005,0.280423,0.706121,,,4.30797,0.132714,0.147641,999.0,0.976813,-0.0334265,1.28872,0.976813,0.0334265,3.28171,47.20000000000002,3.933333333333335,43.0,3.5833333333333335,,,,,,,,,,,,,,,,,,,Rays,sa3023410,694494
McCade Brown,COL,1.54481,2.57822,1.7758,5.23699,12.6459,6.02999,0.0,0.580728,0.0,36.3932,161.6,37.0409,23.0182,21.1768,6.14201,16.0381,0.357852,2.61686,33.6454,8.32048,3.9662,2.09785,1.51891,0.208202,0.0992455,0.10895644873380661,0.259127,1.45849,0.29953,0.675823,,,5.01791,0.1306,0.171588,999.0,1.89136,-1.75285,0.68404,1.89136,1.75285,4.08795,111.40000000000002,3.094444444444445,117.0,3.25,,,,,,,,,,,,,,,,,,,Rockies,30004,685326
Cade Gibson,MIA,3.00704,3.78659,0.0,4.01817,54.4778,0.0993073,0.0258322,6.87561,2.82419,60.6865,263.265,58.8436,29.4503,27.0943,5.55102,23.6867,1.85021,4.13683,48.551,7.20026,3.51282,2.04971,0.823233,0.184419,0.089973,0.09444581717252731,0.249929,1.35994,0.293883,0.710015,,,4.09963,0.130581,0.367358,999.0,2.55363,0.688966,0.627378,2.55363,-0.688966,4.1635,266.20000000000005,4.363934426229509,269.0,4.409836065573771,,,,,,,,,,,,,,,,,,,Marlins,31815,806188
Kyle Wright,CHC,0.777347,0.887929,0.500041,4.62892,6.47886,1.75262,0.0,0.0,0.0,16.5772,72.1979,16.1735,9.26747,8.52607,2.02449,6.8491,0.0906889,0.935592,14.672,7.96562,3.71847,2.14218,1.09912,0.203219,0.0948657,0.10835342854261398,0.251089,1.38881,0.296521,0.681341,,,4.36142,0.12906,0.109716,999.0,2.98572,-0.0169284,1.16531,2.98572,0.0169284,3.44626,65.60000000000002,3.858823529411766,65.0,3.823529411764706,,,,,,,,,,,,,,,,,,,Cubs,19665,657140
Noah Schultz,CHW,1.06702,1.53134,1.7918,4.61762,4.21971,4.21971,0.0,0.0,0.0,22.0756,99.0065,22.3287,12.3112,11.3263,2.72352,10.9505,0.0857439,1.48743,18.1342,7.39313,4.46441,1.65601,1.11035,0.183162,0.110604,0.07255775481462479,0.25793,1.50751,0.298355,0.711593,,,4.78633,0.128066,0.17014,999.0,6.08836,-2.22279,1.02556,6.08836,2.22279,3.63259,68.7,3.122727272727273,71.0,3.227272727272727,,,,,,,,,,,,,,,,,,,White Sox,sa3020949,702273
Ryan Yarbrough,NYY,2.82938,2.48324,1.07873,4.27737,39.0117,2.46593,0.161162,5.29086,0.891941,58.8341,248.457,55.9888,30.3931,27.9617,8.51241,17.373,0.661395,3.88808,47.6465,7.28861,2.65759,2.74257,1.30217,0.19177,0.0699234,0.12184618413448334,0.246434,1.24693,0.277579,0.699309,,,4.48047,0.126457,0.210302,999.0,1.65598,0.754044,0.702083,1.65598,-0.754044,4.06389,233.30000000000004,3.954237288135594,231.0,3.9152542372881354,,,,,,,,,,,,,,,,,,,Yankees,16502,642232
Manuel Rodríguez,TBR,0.590794,0.682297,0.0,3.71093,11.7829,0.0,0.0228949,2.27288,0.100208,12.1429,51.1096,11.1959,5.4422,5.00682,1.11546,3.87732,0.229459,0.700583,11.2078,8.30692,2.87378,2.8906,0.826751,0.219289,0.075863,0.14342623203992844,0.240608,1.24132,0.294676,0.712797,,,3.61436,0.125683,0.130638,999.0,1.12858,0.606469,1.33182,1.12858,-0.606469,3.22425,62.90000000000001,5.241666666666668,62.0,5.166666666666667,,,,,,,,,,,,,,,,,,,Rays,20794,655889
Zack Kelly,BOS,2.41295,2.57445,0.0,4.32435,49.3239,0.0,0.169048,8.36501,1.81042,53.4442,230.568,48.7816,27.912,25.6791,6.43296,23.2683,1.48636,2.99515,51.4239,8.65978,3.91838,2.21004,1.08331,0.223032,0.100917,0.12211419641971588,0.238769,1.34813,0.289173,0.700115,,,4.24977,0.125042,0.0448967,999.0,1.27818,-1.02823,0.593492,1.27818,1.02823,4.20868,247.00000000000003,4.660377358490567,243.0,4.584905660377358,,,,,,,,,,,,,,,,,,,Red Sox,20349,677161
DL Hall,MIL,2.54647,2.3168,0.00993788,4.04051,45.624,0.211169,0.164929,5.1622,0.545291,54.7858,235.021,48.8634,26.7346,24.5958,6.09053,24.3487,0.744096,2.38235,51.8551,8.51856,3.99992,2.12968,1.00053,0.22064,0.103602,0.117037832736969,0.234593,1.33633,0.284499,0.718517,,,4.15109,0.124998,0.187558,999.0,1.30176,-0.863083,0.663753,1.30176,0.863083,4.115,251.79999999999998,4.578181818181818,243.0,4.418181818181818,,,,,,,,,,,,,,,,,,,Brewers,22207,669084
Wandy Peralta,SDP,3.28693,2.38743,0.0,3.8237,55.8963,0.0821762,0.357132,8.35069,2.71051,56.1184,240.471,51.3484,25.9155,23.8422,5.61316,22.9881,1.19579,2.83024,48.0359,7.70376,3.68671,2.0896,0.900211,0.199757,0.0955959,0.10416141152381897,0.239216,1.32464,0.284063,0.728376,,,4.1037,0.124821,0.334227,999.0,1.09322,-1.09598,0.720905,1.09322,1.09598,4.03879,258.0,4.607142857142857,252.0,4.5,,,,,,,,,,,,,,,,,,,Padres,14295,593974
Colin Selby,BAL,1.58582,1.92517,0.0,4.00805,34.6237,0.0,0.0,2.06073,1.05466,37.0126,157.555,33.1154,17.9165,16.4832,4.32973,15.0055,0.635609,1.72711,37.4301,9.10152,3.64874,2.49443,1.05282,0.237569,0.0952398,0.14232925325632095,0.235157,1.30012,0.290581,0.718139,,,3.98955,0.124441,0.0828727,999.0,1.34451,-1.75982,0.942803,1.34451,1.75982,3.74293,169.8,4.58918918918919,164.0,4.4324324324324325,,,,,,,,,,,,,,,,,,,Orioles,24986,681882
Tanner Houck,BOS,0.878074,1.1647,0.526339,4.89282,5.55886,2.16183,0.0,0.0,0.0,16.5586,72.2722,17.1726,9.78482,9.00203,2.09393,5.69059,0.180776,1.22348,13.4829,7.3283,3.09297,2.36934,1.1381,0.186558,0.0787383,0.10781943053007126,0.262746,1.38074,0.302898,0.656159,,,4.4032,0.124115,0.0366395,999.0,1.68062,-0.0240302,1.15147,1.68062,0.0240302,3.4647,62.000000000000014,3.6470588235294126,64.0,3.764705882352941,,,,,,,,,,,,,,,,,,,Red Sox,19879,656557
Nick Raquet,STL,2.35973,1.69935,0.0,4.17296,25.5866,0.0,0.0,0.922444,0.691717,27.4931,117.698,26.9551,13.856,12.7475,3.1434,9.49316,0.487285,1.245,21.9421,7.18284,3.10763,2.31135,1.02901,0.186426,0.0806568,0.10576967149972916,0.252011,1.32572,0.290831,0.704961,,,4.19702,0.123664,0.0110949,999.0,0.968433,0.798528,1.00777,0.968433,-0.798528,3.6563,110.7,4.1000000000000005,114.0,4.222222222222222,,,,,,,,,,,,,,,,,,,Cardinals,20333,675919
Robert Stephenson,LAA,1.15963,1.22416,0.0,4.00628,21.8097,0.0,1.63242,2.78051,1.5821,22.1053,91.2806,19.0678,10.6957,9.84001,3.29217,7.11766,0.843828,0.962612,24.2103,9.85702,2.8979,3.40144,1.34038,0.265229,0.0779757,0.18725350499153137,0.229179,1.18458,0.283235,0.717903,,,3.9774,0.123068,0.0479088,663.5,2.31636,1.02778,1.20055,2.31636,-1.02778,3.39926,122.5,5.568181818181818,117.0,5.318181818181818,,,,,,,,,,,,,,,,,,,Angels,13594,596112
Gregory Santos,SFG,1.23965,1.52255,0.0,3.878,28.0108,0.0,0.834305,2.35717,2.81087,29.1311,126.636,27.7309,13.6438,12.5523,2.31185,12.6115,2.21014,1.5218,24.6679,7.62111,3.89631,1.95598,0.714242,0.194794,0.099589,0.09520535916090012,0.246492,1.38486,0.297221,0.719527,,,3.92873,0.122348,0.118037,999.0,1.23888,-1.15844,1.07698,1.23888,1.15844,3.56402,135.20000000000005,4.662068965517243,137.0,4.724137931034483,,,,,,,,,,,,,,,,,,,Giants,21894,666619
Jack Kochanowicz,LAA,2.73021,4.20046,3.15523,5.00298,28.1002,9.54844,0.0,0.766315,0.0,70.0479,313.926,77.3263,42.3246,38.9387,9.23349,27.6837,1.94686,5.07681,43.5927,5.60095,3.5569,1.57467,1.18635,0.138863,0.0881854,0.05067761242389679,0.275021,1.49912,0.298209,0.680748,,,5.00716,0.121242,-0.034271,999.0,1.261,-0.721013,0.497275,1.261,0.721013,4.33697,200.10000000000002,2.858571428571429,226.0,3.2285714285714286,,,,,,,,,,,,,,,,,,,Angels,27688,686799
Ryan Borucki,SFG,1.92013,2.06631,0.0,3.91475,34.9313,0.0,0.0,3.90315,2.34084,35.6473,153.003,32.5906,16.8539,15.5056,3.77959,14.6901,0.68006,1.98841,33.8335,8.54205,3.70887,2.30314,0.954245,0.22113,0.0960121,0.1251174807548523,0.239066,1.32635,0.291871,0.724632,,,4.01889,0.120788,0.185485,999.0,1.68037,-0.568791,0.947008,1.68037,0.568791,3.73732,164.40000000000003,4.566666666666667,161.0,4.472222222222222,,,,,,,,,,,,,,,,,,,Giants,16350,621366
Jacob Webb,CHC,3.03917,3.13185,0.0,4.19321,51.1687,0.0,0.213929,8.71072,1.58653,53.1984,225.372,47.3069,26.9411,24.7858,7.18111,20.7985,1.47482,2.45941,49.6365,8.3974,3.51865,2.38654,1.21488,0.220242,0.0922853,0.12795693427324295,0.23406,1.28021,0.276164,0.709095,,,4.33546,0.119082,0.0709444,999.0,1.60064,0.741842,0.661952,1.60064,-0.741842,4.1174,250.90000000000003,4.733962264150944,241.0,4.547169811320755,,,,,,,,,,,,,,,,,,,Cubs,19274,657097
Liam Hendriks,,1.51164,1.66107,0.0,4.26103,21.7293,0.0,1.02402,2.38901,1.80127,22.4489,94.8449,20.2319,11.5526,10.6284,3.07651,8.4088,0.313129,0.877935,22.8235,9.15019,3.37118,2.71424,1.23341,0.24064,0.0886584,0.15198180079460144,0.23647,1.27582,0.287562,0.702245,,,4.1244,0.11898,-0.0513104,745.739990234375,2.20806,-1.21973,1.10574,2.20806,1.21973,3.52568,105.9,4.8136363636363635,103.0,4.681818181818182,,,,,,,,,,,,,,,,,,,,3548,521230
Luis Gastelum,STL,0.880389,1.32065,0.0,3.97707,18.5701,0.0,0.0,0.642448,0.0,19.6603,83.1922,18.6796,9.44331,8.68784,2.24302,6.52433,0.490297,0.776623,18.1407,8.30432,2.98667,2.78046,1.0268,0.218057,0.0784248,0.1396324634552002,0.246137,1.28197,0.296114,0.714323,,,3.88694,0.116721,0.148822,999.0,0.578189,-1.11035,1.20942,0.578189,1.11035,3.38745,90.0,4.5,90.0,4.5,,,,,,,,,,,,,,,,,,,Cardinals,sa3020964,703725
Ty Madden,DET,0.70617,1.04375,0.688563,4.41993,11.4089,1.97266,0.0,0.536062,0.0,19.8764,85.7749,19.2439,10.6102,9.76139,2.61989,7.93257,0.243316,0.758024,17.7922,8.05626,3.59185,2.24293,1.18628,0.207429,0.0924812,0.11494757980108261,0.249647,1.36727,0.293336,0.704688,,,4.37006,0.116277,0.0371989,999.0,1.32882,-0.536149,1.14829,1.32882,0.536149,3.46895,74.69999999999999,3.7349999999999994,74.0,3.7,,,,,,,,,,,,,,,,,,,Tigers,30140,680744
Mitch Bratt,ARI,0.467875,0.557047,0.631189,4.29885,2.8934,2.28329,0.0,0.0,0.0,11.9773,50.4749,12.3285,6.21843,5.72096,1.73484,2.99899,0.100013,0.293493,9.96423,7.48734,2.2535,3.32253,1.30359,0.19741,0.0594154,0.13799437507987022,0.261294,1.27971,0.298553,0.706198,,,4.17893,0.115615,0.149528,999.0,0.875925,0.460022,1.30792,0.875925,-0.460022,3.2561,44.000000000000014,3.666666666666668,45.0,3.75,,,,,,,,,,,,,,,,,,,Diamondbacks,sa3017719,683352
David Morgan,SDP,2.41651,2.37452,0.0,3.99014,52.7103,0.216088,0.0,7.64558,1.53957,56.6389,242.93,50.5534,27.2943,25.1108,6.6506,24.4463,1.30499,3.11106,56.6314,8.99882,3.88455,2.31657,1.05679,0.233118,0.100631,0.13248740881681442,0.234725,1.32417,0.288662,0.726232,,,4.12151,0.115528,0.285136,999.0,2.07927,-0.899699,0.661281,2.07927,0.899699,4.11829,268.0999999999999,4.7035087719298225,259.0,4.543859649122807,,,,,,,,,,,,,,,,,,,Padres,31616,688158
Justin Hagenman,NYM,0.829313,0.984518,0.0,4.07645,18.3203,0.0914214,0.195704,1.39383,0.0,21.6047,89.5383,20.413,10.6365,9.78559,3.15984,5.28669,0.320996,0.969071,19.6721,8.19494,2.20231,3.72106,1.31631,0.219706,0.0590439,0.16066205129027367,0.245106,1.18954,0.285409,0.707992,,,4.08405,0.115279,0.0506732,999.0,1.31957,-0.623474,1.23389,1.31957,0.623474,3.35481,99.9,4.540909090909091,97.0,4.409090909090909,,,,,,,,,,,,,,,,,,,Mets,21546,663795
Brady Basso,ATH,1.73752,1.49419,0.0120592,4.01692,27.5475,0.0692859,0.0183826,1.86677,0.369017,31.1448,131.908,29.4616,15.1094,13.9007,3.75068,10.782,1.07381,1.03276,27.835,8.04356,3.11572,2.58161,1.08385,0.211019,0.0817392,0.12927953898906708,0.245323,1.29215,0.290495,0.71827,,,4.05129,0.115261,0.122644,999.0,1.21204,-0.679455,1.02596,1.21204,0.679455,3.63205,132.79999999999998,4.283870967741935,131.0,4.225806451612903,,,,,,,,,,,,,,,,,,,Athletics,25582,669620
Tristan Beck,SFG,1.21459,0.890822,0.0,4.06861,21.449,0.0475239,0.126693,1.15632,0.0,26.5341,112.519,25.3329,13.0383,11.9952,3.17178,8.81474,0.412079,1.15683,22.6252,7.67417,2.98984,2.56675,1.07582,0.20108,0.0783402,0.12273953855037689,0.247037,1.28694,0.288744,0.710582,,,4.11114,0.114621,0.113457,999.0,1.15039,-0.210637,1.11745,1.15039,0.210637,3.51007,117.9,4.366666666666667,116.0,4.296296296296297,,,,,,,,,,,,,,,,,,,Giants,21584,663941
Kohl Drake,ARI,1.21614,1.33927,0.858642,4.46633,3.69885,3.05486,0.0,0.0,0.0,15.3661,66.3829,15.1703,8.28866,7.62557,2.04642,6.06287,0.124074,0.434317,13.4936,7.90326,3.55105,2.22561,1.1986,0.203269,0.0913318,0.11193734407424927,0.253321,1.38182,0.295945,0.704725,,,4.37864,0.11414,0.140967,999.0,1.32045,-0.889544,1.16653,1.32045,0.889544,3.44463,55.400000000000006,3.693333333333334,57.0,3.8,,,,,,,,,,,,,,,,,,,Diamondbacks,sa3021723,684442
Yerry De los Santos,NYY,1.41646,1.53024,0.0,4.03708,34.216,0.0,0.0560228,2.2925,0.0,37.4526,161.244,36.3114,18.2608,16.7999,3.75564,14.2848,0.872767,1.66079,30.2437,7.26768,3.43269,2.1172,0.902494,0.187565,0.0885912,0.09897374361753464,0.249909,1.35094,0.292507,0.713204,,,4.10096,0.113244,0.136452,999.0,1.79557,-2.43431,0.967278,1.79557,2.43431,3.7103,151.00000000000003,4.081081081081082,153.0,4.135135135135135,,,,,,,,,,,,,,,,,,,Yankees,21420,660787
Yohan Ramírez,PIT,2.41178,2.68394,0.0,4.25106,45.3291,0.0,0.183951,6.31578,1.9578,49.627,217.159,46.0738,25.4791,23.4408,5.12796,20.6912,1.2923,5.97989,49.6107,8.99705,3.75242,2.39767,0.929971,0.228453,0.0952813,0.13317164033651352,0.241872,1.34534,0.301628,0.69288,,,4.09138,0.111811,0.190723,999.0,2.22874,-1.87013,0.646631,2.22874,1.87013,4.13783,231.9,4.638,228.0,4.56,,,,,,,,,,,,,,,,,,,Pirates,19444,670990
Paul Sewald,ARI,2.20774,2.64764,0.0,4.46855,52.0265,0.0,12.0041,8.66431,4.60003,53.0027,222.334,48.6318,28.6045,26.3161,8.20764,17.1178,1.018,2.34703,53.1247,9.02071,2.90665,3.10348,1.39368,0.23894,0.0769912,0.16194922477006912,0.239719,1.24049,0.285608,0.68459,,,4.24535,0.111408,-0.0727618,416.3399963378906,1.29813,-2.09817,1.1526,1.29813,2.09817,3.4632,311.4000000000001,5.875471698113209,306.0,5.773584905660377,,,,,,,,,,,,,,,,,,,Diamondbacks,13892,623149
Wade Miley,,1.43803,1.83757,1.28019,4.88649,6.45472,5.30756,0.0,0.0,0.0,28.7869,126.111,30.2979,16.9888,15.6297,4.0888,10.6622,0.114823,1.38117,19.1856,5.99824,3.33346,1.7994,1.27833,0.152133,0.0845463,0.06758655607700348,0.265613,1.42287,0.288668,0.680313,,,4.90376,0.110047,0.0974682,999.0,1.10959,-0.122381,0.938012,1.10959,0.122381,3.74932,89.40000000000003,3.0827586206896562,95.0,3.2758620689655173,,,,,,,,,,,,,,,,,,,,8779,489119
Ron Marinaccio,SDP,2.20291,1.32951,0.0,4.23969,34.9851,0.0,0.0,1.92217,1.85318,38.6735,166.944,34.8756,19.8024,18.2182,4.80007,16.9903,0.517683,2.53835,36.9407,8.59674,3.95395,2.17421,1.11706,0.221276,0.101773,0.11950289458036423,0.23658,1.34112,0.284605,0.710222,,,4.35317,0.109317,0.0387145,999.0,1.23956,0.795646,0.817145,1.23956,-0.795646,3.91047,158.10000000000002,4.0538461538461545,152.0,3.8974358974358974,,,,,,,,,,,,,,,,,,,Padres,23488,676760
James McArthur,KCR,1.38067,1.11735,0.0,4.21753,22.3153,0.0,0.399175,2.52975,1.4741,23.5332,100.33,23.2512,11.987,11.028,2.80254,7.37882,0.475052,1.21794,20.9121,7.9976,2.82194,2.83407,1.0718,0.208434,0.0735459,0.13488838821649551,0.253466,1.30157,0.300635,0.698073,,,4.00196,0.108576,0.0552798,999.0,1.23168,-0.108222,1.10872,1.23168,0.108222,3.52171,110.90000000000002,4.6208333333333345,111.0,4.625,,,,,,,,,,,,,,,,,,,Royals,21527,663704
Mitch Farris,LAA,0.842888,1.77973,1.2526,4.89321,4.52922,4.37499,0.0,0.048804,0.0,22.2522,96.9862,21.8094,13.1503,12.0983,3.46873,9.79474,0.123088,0.62815,19.59,7.92327,3.96152,2.00006,1.40294,0.201988,0.100991,0.10099662840366364,0.251948,1.42027,0.288809,0.689916,,,4.80608,0.107956,0.0592307,999.0,1.54849,-1.4011,1.03822,1.54849,1.4011,3.61571,75.7,3.440909090909091,78.0,3.5454545454545454,,,,,,,,,,,,,,,,,,,Angels,33628,815083
Chase Silseth,LAA,2.23215,2.55563,0.0,4.192,44.9885,0.0,0.0,5.16578,0.439121,51.9596,223.874,46.9746,26.3061,24.2016,6.4286,23.1435,1.39206,2.55293,50.7668,8.79338,4.00871,2.19357,1.11351,0.226765,0.103377,0.12338794022798538,0.237033,1.34947,0.287597,0.716842,,,4.27309,0.107887,0.113239,999.0,2.17948,-2.97666,0.652159,2.17948,2.97666,4.13045,232.8,4.476923076923077,226.0,4.346153846153846,,,,,,,,,,,,,,,,,,,Angels,30074,681217
Tink Hence,STL,0.425898,0.61479,0.519632,4.37406,4.12986,2.29329,0.0,0.0,0.584893,13.0636,56.4193,12.5264,6.90109,6.349,1.67841,5.51534,0.120182,0.362423,11.4162,7.86506,3.79972,2.0699,1.15632,0.202346,0.0977563,0.10458990186452866,0.247844,1.38107,0.289691,0.70996,,,4.40739,0.107493,0.0875627,999.0,1.22337,1.07509,1.26243,1.22337,-1.07509,3.31676,41.8,3.215384615384615,43.0,3.3076923076923075,,,,,,,,,,,,,,,,,,,Cardinals,sa3014709,693311
Cal Quantrill,TEX,0.825112,1.7499,0.853581,5.13886,5.54265,4.09269,0.0,0.0,0.0,21.6328,94.0047,22.7242,13.4261,12.352,3.48194,7.44883,0.0657656,0.880077,16.105,6.70022,3.09897,2.16208,1.44861,0.171321,0.0792389,0.09208203852176666,0.265235,1.39478,0.291157,0.661978,,,4.89367,0.106711,0.0158935,999.0,2.22016,-1.51539,1.06356,2.22016,1.51539,3.58192,74.10000000000001,3.3681818181818186,79.0,3.590909090909091,,,,,,,,,,,,,,,,,,,Rangers,19312,615698
John King,MIA,1.97181,1.85375,0.0,4.0531,43.7664,0.0,0.0182391,4.19065,2.32327,45.2234,195.193,48.9361,22.1371,20.3661,4.45752,13.4134,0.603684,1.24308,29.5905,5.88887,2.66943,2.20604,0.8871,0.151597,0.0687187,0.08287780731916428,0.27106,1.3787,0.303633,0.716685,,,4.08014,0.106308,0.209817,999.0,2.68836,-3.56909,0.878563,2.68836,3.56909,3.82858,190.4,4.231111111111111,207.0,4.6,,,,,,,,,,,,,,,,,,,Marlins,22051,667463
Tanner McDougal,CHW,1.28967,1.97512,1.696,4.7121,11.991,4.6071,0.0,0.391201,0.0,30.6974,135.896,30.4913,17.4697,16.0721,4.27016,14.3293,0.320035,1.74628,26.362,7.72892,4.20114,1.83972,1.25194,0.193986,0.105443,0.08854293823242188,0.254474,1.46008,0.293997,0.704151,,,4.797,0.105489,0.161476,999.0,1.72403,2.34444,0.875015,1.72403,-2.34444,3.83331,106.19999999999999,3.4258064516129028,107.0,3.4516129032258065,,,,,,,,,,,,,,,,,,,White Sox,sa3017471,701780
Kyle Backhus,PHI,1.71372,3.03201,0.0,4.30609,39.94,0.0,0.405579,7.4955,2.08884,38.6483,166.207,36.6436,20.0994,18.4914,4.53975,14.6295,0.697835,2.46703,35.7644,8.32842,3.40675,2.44468,1.05717,0.21518,0.0880198,0.12716040015220642,0.245748,1.32666,0.295056,0.694022,,,4.13848,0.102029,0.0934041,999.0,1.6393,-1.98844,0.869296,1.6393,1.98844,3.84094,179.90000000000003,4.612820512820513,179.0,4.589743589743589,,,,,,,,,,,,,,,,,,,Phillies,29615,679775
Anthony Banda,MIN,2.83879,2.32412,0.183407,4.27123,52.0024,0.250813,1.66596,9.42467,1.83963,54.4464,235.902,50.2184,28.0861,25.8392,6.56777,24.6114,2.5268,2.63318,52.8319,8.73312,4.06827,2.14664,1.08565,0.223957,0.104329,0.11962790042161942,0.240674,1.37438,0.292451,0.712177,,,4.26379,0.101213,0.00378654,999.0,1.77465,-0.936188,0.579784,1.77465,0.936188,4.22695,251.5,4.657407407407407,247.0,4.574074074074074,,,,,,,,,,,,,,,,,,,Twins,14706,607455
Brandon Walter,HOU,0.215132,0.0694033,0.259543,4.05623,1.03544,0.988364,0.0,0.0,0.0,6.04947,24.5192,5.54135,2.96353,2.72645,0.82619,1.10563,0.0351384,0.28993,5.26615,7.83464,1.64489,4.76302,1.22915,0.214776,0.0450924,0.16968386247754097,0.23964,1.09877,0.276852,0.6709,,,3.86162,0.100956,0.0676997,999.0,1.14707,-1.59842,1.41953,1.14707,1.59842,3.10729,23.500000000000007,3.916666666666668,24.0,4.0,,,,,,,,,,,,,,,,,,,Astros,26056,687888
Justin Sterner,ATH,3.24914,3.55022,0.0,4.21981,60.5568,0.0257879,8.86701,14.8732,3.75274,65.2638,276.137,59.2212,33.2609,30.6001,10.142,23.3449,2.7434,3.85244,65.2936,9.00412,3.21931,2.79691,1.39861,0.236454,0.0845412,0.1519126296043396,0.237894,1.26512,0.282871,0.721182,,,4.40462,0.0988067,0.0985776,528.9500122070312,1.53223,-0.855973,0.81572,1.53223,0.855973,3.91237,358.6,5.516923076923077,349.0,5.369230769230769,,,,,,,,,,,,,,,,,,,Athletics,27694,686993
Julian Fernández,WSN,2.15516,1.6954,0.0,4.0615,32.5283,0.0,0.114314,3.2284,1.32152,34.5213,145.816,31.5441,16.9333,15.5787,4.50933,12.5844,0.548786,1.23017,34.1656,8.90726,3.28088,2.7149,1.17562,0.234307,0.0863038,0.14800279587507248,0.238969,1.2783,0.289681,0.719155,,,4.0544,0.0987539,0.150933,999.0,1.77147,-0.154344,0.939194,1.77147,0.154344,3.74774,152.3,4.351428571428571,148.0,4.228571428571429,,,,,,,,,,,,,,,,,,,Nationals,18341,642759
Andre Granillo,WSN,2.38423,1.56409,0.0,4.39002,34.5779,0.0,2.04692,1.97222,0.481539,38.8942,165.832,35.1224,20.6215,18.9718,5.40405,16.1001,0.713895,1.43913,37.2212,8.61288,3.72552,2.31186,1.25048,0.224451,0.097087,0.1273644044995308,0.236845,1.31697,0.281244,0.700944,,,4.38026,0.0985979,-0.0407681,999.0,1.91568,0.0955514,0.833327,1.91568,-0.0955514,3.8889,177.10000000000002,4.541025641025642,171.0,4.384615384615385,,,,,,,,,,,,,,,,,,,Nationals,29542,701552
J.P. France,HOU,1.47675,1.3532,0.0,4.37743,11.6311,1.2427,0.0,0.848478,0.0,19.4541,83.5639,17.0603,10.2849,9.46213,1.84207,9.45667,0.0,0.435368,17.2648,7.98716,4.3749,1.82568,0.85219,0.206606,0.113167,0.09343921393156052,0.231571,1.36305,0.2789,0.678084,,,4.11659,0.0972795,0.0320375,999.0,1.92923,-0.568891,1.10463,1.92923,0.568891,3.52716,82.8,4.3578947368421055,80.0,4.2105263157894735,,,,,,,,,,,,,,,,,,,Astros,21212,641585
Andrew Morris,MIN,1.01036,1.00699,0.242261,4.06775,15.3237,0.331297,0.0,0.732119,0.0,18.0577,75.9384,17.8111,8.87127,8.16157,2.16297,4.86678,0.445371,0.712688,15.1402,7.54593,2.42562,3.11093,1.07803,0.199375,0.0640885,0.13528632372617722,0.253146,1.25586,0.294938,0.702637,,,3.94236,0.0963126,0.0353779,999.0,0.857645,-0.947136,1.23007,0.857645,0.947136,3.35991,77.80000000000003,4.322222222222224,80.0,4.444444444444445,,,,,,,,,,,,,,,,,,,Twins,sa3020569,702193
Bradgley Rodriguez,SDP,3.58699,1.61327,0.0,4.10803,40.6734,0.0,0.0,3.77764,1.33101,43.2544,189.21,39.0359,21.4602,19.7434,4.64801,19.8739,3.5153,4.42984,39.2403,8.16478,4.13519,1.97446,0.967119,0.20739,0.105036,0.10235383361577988,0.236716,1.36194,0.284156,0.714653,,,4.40333,0.0960263,0.150261,999.0,2.16312,1.09827,0.711977,2.16312,-1.09827,4.0507,177.29999999999998,4.123255813953488,172.0,4.0,,,,,,,,,,,,,,,,,,,Padres,29107,699134
Steven Cruz,KCR,1.79502,1.78812,0.0,4.15351,34.9891,0.0862136,0.0,4.03669,0.98667,36.2683,155.6,33.268,18.1933,16.7379,4.12747,15.1405,0.615431,1.65122,32.9124,8.16722,3.75713,2.17379,1.02423,0.211518,0.0973038,0.11421467363834381,0.239668,1.33473,0.28634,0.708776,,,4.18861,0.0950997,0.0829196,999.0,1.33456,0.956125,0.910818,1.33456,-0.956125,3.78558,162.40000000000003,4.511111111111112,159.0,4.416666666666667,,,,,,,,,,,,,,,,,,,Royals,23165,674444
Kyle Nicolas,CIN,1.77624,2.02234,0.0,4.38091,33.5591,0.0,0.1007,2.15331,1.79452,36.7716,161.551,33.9881,19.4557,17.8992,4.54906,18.6158,0.518599,1.94173,37.0732,9.07379,4.55629,1.99149,1.1134,0.229483,0.115232,0.11425066739320755,0.241061,1.43056,0.296252,0.716947,,,4.40416,0.0926592,0.14576,999.0,1.52587,-0.947237,0.779671,1.52587,0.947237,3.96044,142.9,3.8621621621621625,139.0,3.7567567567567566,,,,,,,,,,,,,,,,,,,Reds,27775,693312
Cooper Criswell,SEA,2.52715,2.17325,1.5567,4.01657,30.9227,3.27893,0.0473042,2.4545,0.0428087,51.0201,218.646,49.5629,24.7495,22.7695,6.02809,17.7447,0.434265,2.86966,41.1265,7.25475,3.13018,2.31768,1.06336,0.188096,0.0811572,0.10693924129009247,0.250278,1.31924,0.288545,0.722938,,,4.27107,0.0925808,0.130756,999.0,2.63674,-0.214636,0.77758,2.63674,0.214636,3.96323,200.60000000000002,3.9333333333333336,204.0,4.0,,,,,,,,,,,,,,,,,,,Mariners,24975,681867
Jordan Hicks,CHW,2.4061,3.59296,0.298871,4.29839,51.8436,0.47167,1.4267,8.02286,1.31649,58.6348,257.346,55.9568,30.439,28.0039,5.79436,26.4054,0.854686,4.35635,53.1374,8.1562,4.05303,2.01237,0.889391,0.206483,0.102607,0.10387608408927917,0.246958,1.40466,0.299205,0.699301,,,4.18122,0.0924802,0.0847624,999.0,3.7331,-0.91653,0.575259,3.7331,0.91653,4.23299,270.20000000000005,4.579661016949153,270.0,4.576271186440678,,,,,,,,,,,,,,,,,,,White Sox,19618,663855
Sean Guenther,DET,0.621166,0.724619,0.0,3.94423,11.5303,0.10267,0.0,1.85347,0.184149,12.4409,52.9368,12.2902,5.92631,5.4522,1.2632,3.85085,0.170833,0.592709,9.81896,7.10324,2.78579,2.54981,0.913824,0.185485,0.0727444,0.11274039000272751,0.253441,1.29742,0.294752,0.71071,,,3.94813,0.0907596,0.020484,999.0,0.991273,-1.06188,1.31107,0.991273,1.06188,3.25191,58.30000000000001,4.858333333333334,60.0,5.0,,,,,,,,,,,,,,,,,,,Tigers,20045,674944
Luinder Avila,KCR,1.68707,1.6382,0.0,4.09084,23.9923,0.0,0.0,1.13569,0.0,27.7043,119.806,25.8252,13.6877,12.5927,2.67094,11.8613,0.440545,1.49994,25.1489,8.16986,3.85326,2.12025,0.867681,0.209914,0.0990044,0.11090952157974243,0.242616,1.36031,0.29449,0.706946,,,4.01977,0.0891161,0.0644931,999.0,2.22201,-0.867514,1.01436,2.22201,0.867514,3.64752,117.70000000000005,4.20357142857143,116.0,4.142857142857143,,,,,,,,,,,,,,,,,,,Royals,24452,679883
Mason Barnett,ATH,1.16872,1.02372,1.05957,4.69575,18.228,3.29614,0.0,0.733065,0.0,32.3148,141.442,31.7848,18.3263,16.8602,4.41026,14.2548,0.252891,1.36614,27.288,7.59999,3.97011,1.9143,1.2283,0.192927,0.100782,0.0921454131603241,0.25262,1.42473,0.29084,0.695174,,,4.67066,0.0886043,0.0307159,999.0,1.99616,-1.47968,0.885338,1.99616,1.47968,3.81955,117.40000000000002,3.6687500000000006,121.0,3.78125,,,,,,,,,,,,,,,,,,,Athletics,31741,686930
Angel Bastardo,TOR,1.21443,1.12896,0.0,4.1677,19.6311,0.375576,0.0,1.51817,0.0,22.8061,98.1496,21.0598,11.4793,10.561,2.6895,9.86654,0.514548,0.857452,22.1209,8.72959,3.89364,2.24201,1.06136,0.225379,0.100526,0.12485390156507492,0.240888,1.35605,0.293384,0.715988,,,4.13897,0.0884494,0.0811039,999.0,1.73512,-0.518077,1.0891,1.73512,0.518077,3.54786,97.70000000000002,4.247826086956523,95.0,4.130434782608695,,,,,,,,,,,,,,,,,,,Blue Jays,sa3009716,682785
Austin Peterson,CLE,1.19217,1.61629,0.931023,4.53231,13.0202,2.72255,0.0,1.02898,0.0,25.7766,109.65,27.1303,14.1096,12.9808,4.06975,6.58197,0.329125,0.928306,18.9792,6.62669,2.29813,2.88352,1.42097,0.173089,0.0600269,0.11306188628077507,0.265618,1.30786,0.291569,0.69973,,,4.58914,0.0871977,0.0774882,999.0,0.57272,-1.7984,1.08422,0.57272,1.7984,3.55438,90.99999999999999,3.4999999999999996,96.0,3.6923076923076925,,,,,,,,,,,,,,,,,,,Guardians,sa3020868,804926
Mitch Spence,KCR,1.25623,1.37483,0.0550261,4.50924,22.3422,0.557207,0.00203631,1.33249,0.0,27.3898,118.097,28.9075,14.9163,13.723,3.65113,8.28325,0.544636,1.20136,21.9994,7.22876,2.72178,2.65589,1.19972,0.186283,0.0701396,0.116143599152565,0.266154,1.35783,0.304435,0.694357,,,4.30052,0.0866737,-0.0386064,999.0,1.53809,-0.443061,1.01938,1.53809,0.443061,3.64083,96.20000000000002,3.5629629629629638,104.0,3.8518518518518516,,,,,,,,,,,,,,,,,,,Royals,27707,687765
Dax Fulton,MIA,0.871522,1.1486,0.301353,4.34318,12.7289,1.03564,0.0,0.59204,0.0,17.3615,76.3188,16.9614,9.10678,8.37824,1.70531,8.10007,0.371897,0.735373,15.0726,7.81347,4.19899,1.8608,0.884013,0.197495,0.106135,0.09136058390140533,0.251343,1.44351,0.300878,0.703655,,,4.20245,0.0858487,0.0601333,999.0,1.31035,1.12608,1.15299,1.31035,-1.12608,3.46269,64.00000000000001,3.764705882352942,66.0,3.8823529411764706,,,,,,,,,,,,,,,,,,,Marlins,sa3014535,690978
Trevor Williams,WSN,0.875503,1.57494,0.385383,4.60026,15.7924,1.74235,0.0,0.524996,0.0,22.7237,97.7381,24.1352,12.625,11.615,3.36089,6.69683,0.190235,0.780184,18.4813,7.31977,2.65236,2.75972,1.33112,0.18909,0.068518,0.12057241797447205,0.267393,1.35682,0.303634,0.696874,,,4.41838,0.0843613,0.0098936,999.0,1.58703,-1.7196,1.09815,1.58703,1.7196,3.5358,86.9,3.7782608695652176,92.0,4.0,,,,,,,,,,,,,,,,,,,Nationals,16977,592866
Dylan Dodd,ATL,1.57236,1.62882,0.0,4.18323,34.6981,0.0,0.0,1.84813,0.694856,38.3265,161.696,38.6624,19.3633,17.8143,5.01494,10.3792,0.639063,1.12454,32.9636,7.74066,2.43729,3.17593,1.17763,0.203861,0.0641896,0.13967175781726837,0.257419,1.27958,0.299851,0.706278,,,4.01647,0.0843083,0.118069,999.0,1.47968,0.111438,0.956374,1.47968,-0.111438,3.72483,159.29999999999998,4.192105263157894,166.0,4.368421052631579,,,,,,,,,,,,,,,,,,,Braves,29928,689266
Pedro Avila,CLE,1.51152,1.24161,0.300674,4.59394,21.5876,0.821733,0.00325931,2.74189,0.0,30.5273,133.574,28.8953,16.9373,15.5823,3.41249,13.981,0.57641,1.86347,28.3821,8.36756,4.12186,2.03004,1.00607,0.212482,0.104669,0.10781322419643402,0.245438,1.40453,0.296536,0.680836,,,4.28597,0.0842179,-0.0661385,999.0,0.552426,0.40273,0.889892,0.552426,-0.40273,3.81348,137.09999999999997,4.422580645161289,136.0,4.387096774193548,,,,,,,,,,,,,,,,,,,Guardians,18864,658648
Tony Gonsolin,,0.714991,0.745656,0.0560836,4.62424,2.51303,2.18775,0.0,0.0,0.0,12.0482,51.6242,10.9681,6.7287,6.1904,1.87773,4.98456,0.0699349,0.611364,11.366,8.4904,3.72347,2.28024,1.40267,0.220168,0.0965546,0.12361295521259308,0.238291,1.32408,0.277277,0.692291,,,4.66784,0.0840548,0.036864,999.0,1.88854,-0.307711,1.24917,1.88854,0.307711,3.33445,39.600000000000016,3.300000000000001,38.0,3.1666666666666665,,,,,,,,,,,,,,,,,,,,19388,664062
Dane Dunning,SEA,0.654914,0.702405,0.517938,4.41065,6.41482,1.92233,0.00763818,0.240534,0.0,14.3275,61.5183,14.0367,7.63211,7.02154,1.87695,4.93532,0.299699,0.853138,12.4437,7.81664,3.10018,2.52135,1.17903,0.202276,0.0802252,0.12205091118812561,0.251871,1.32417,0.293649,0.693816,,,4.31317,0.0832039,-0.0352886,999.0,1.47841,-1.23438,1.2437,1.47841,1.23438,3.34174,48.6,3.4714285714285715,50.0,3.5714285714285716,,,,,,,,,,,,,,,,,,,Mariners,19409,641540
Reiver Sanmartin,SFG,1.48464,1.13725,0.0,4.01111,22.0163,0.0,0.0,1.6058,0.0,23.9249,103.008,24.5923,11.59,10.6628,2.34219,7.78249,1.03894,1.01162,18.1259,6.81853,2.92759,2.32906,0.881079,0.175966,0.0755523,0.10041333734989166,0.261027,1.35318,0.301714,0.714358,,,3.99529,0.083068,0.0552798,999.0,1.11119,0.411442,1.11567,1.11119,-0.411442,3.51244,105.00000000000003,4.375000000000001,111.0,4.625,,,,,,,,,,,,,,,,,,,Giants,19754,665665
Jonathan Loáisiga,ARI,2.0979,2.25163,0.0,3.87285,49.1769,0.0,1.45794,9.87341,5.35621,51.3159,219.47,50.814,24.0023,22.0821,5.68863,16.7127,1.8346,2.61434,43.1713,7.57155,2.93114,2.58314,0.997696,0.196707,0.0761501,0.12055651843547821,0.253888,1.3159,0.298283,0.730733,,,4.02357,0.0824487,0.323288,999.0,3.10849,-1.62477,0.859037,3.10849,1.62477,3.85462,242.00000000000003,4.745098039215687,248.0,4.862745098039215,,,,,,,,,,,,,,,,,,,Diamondbacks,19753,642528
Hayden Harris,ATL,1.87963,1.83388,0.0,3.97006,37.9114,0.0,0.0,3.01502,0.0,38.7951,165.094,33.6835,18.6013,17.1132,4.57932,16.6701,0.457054,1.84668,40.4955,9.39449,3.86726,2.42923,1.06235,0.245288,0.100973,0.14431451261043549,0.229801,1.29794,0.286734,0.722587,,,4.01387,0.0812386,0.171882,999.0,0.660181,-0.769036,0.899989,0.660181,0.769036,3.80001,173.70000000000002,4.453846153846154,165.0,4.230769230769231,,,,,,,,,,,,,,,,,,,Braves,31913,802686
AJ Blubaugh,HOU,2.33326,2.3142,0.76417,4.44766,27.1331,2.41539,0.0,1.55771,0.43141,39.0635,167.944,36.5688,20.9833,19.3046,5.64188,16.1641,0.588552,1.53624,36.3314,8.37053,3.72411,2.24766,1.29986,0.21633,0.096247,0.12008323520421982,0.243397,1.34993,0.285646,0.708156,,,4.51194,0.0807246,0.00649574,748.3300170898438,1.58941,0.108986,0.767065,1.58941,-0.108986,3.97725,144.60000000000002,3.7076923076923083,143.0,3.6666666666666665,,,,,,,,,,,,,,,,,,,Astros,31764,805123
Brandon Young,BAL,0.786596,1.33964,0.720789,4.52579,12.344,2.02172,0.0,0.488986,0.0,19.9045,84.6749,20.0445,10.8797,10.0093,3.03716,6.09459,0.144505,0.61361,17.4622,7.89569,2.75572,2.8652,1.37328,0.206227,0.0719763,0.13425016403198242,0.257091,1.31322,0.295949,0.697188,,,4.37522,0.0807155,0.0127225,999.0,1.03655,-0.90757,1.15824,1.03655,0.90757,3.45568,72.1,3.6049999999999995,74.0,3.7,,,,,,,,,,,,,,,,,,,Orioles,27819,687064
Sammy Peralta,MIL,0.77913,0.97133,0.0,4.21165,12.4814,0.0,0.0,0.968507,1.03885,14.7784,62.7201,14.2149,7.5171,6.91573,1.78859,5.07089,0.641754,0.429038,12.6449,7.70067,3.08814,2.49362,1.08924,0.201608,0.0808495,0.12075871974229813,0.248425,1.30499,0.290425,0.701279,,,4.1137,0.0806465,-0.0139138,999.0,1.62077,-1.66503,1.24967,1.62077,1.66503,3.33377,65.0,4.333333333333333,64.0,4.266666666666667,,,,,,,,,,,,,,,,,,,Brewers,25589,671111
Seth Halvorsen,COL,2.4513,3.27887,0.0,4.63593,46.2038,0.0,4.26805,4.83565,3.95237,48.1501,212.095,48.0899,26.959,24.8023,6.34304,21.7497,1.03712,2.1385,43.3619,8.10501,4.06535,1.99368,1.18561,0.204446,0.102547,0.10189901292324066,0.255516,1.45045,0.301417,0.703429,,,4.53493,0.0804669,0.1643,703.469970703125,4.03581,0.856222,0.724995,4.03581,-0.856222,4.03334,210.60000000000002,4.3875,216.0,4.5,,,,,,,,,,,,,,,,,,,Rockies,33294,678020
Jonathan Bowlan,PHI,2.91398,2.36478,0.0,4.18608,48.1742,0.0310364,0.167324,6.68701,2.02228,53.6148,227.264,50.3844,27.1058,24.9373,7.73516,18.906,0.392398,1.95503,50.9663,8.55542,3.17363,2.69578,1.29846,0.22426,0.0831893,0.1410706490278244,0.244107,1.29238,0.288752,0.721584,,,4.27675,0.0796087,0.19868,999.0,1.85395,-1.06336,0.645633,1.85395,1.06336,4.13916,238.20000000000005,4.411111111111112,233.0,4.314814814814815,,,,,,,,,,,,,,,,,,,Phillies,24607,680742
Gabriel Hughes,COL,0.907323,1.44032,0.576266,5.02233,14.824,1.5978,0.0,0.710821,0.0,21.4326,94.2487,23.5576,13.0002,11.9602,3.10821,7.52712,0.411543,0.795126,16.0332,6.73268,3.1608,2.13006,1.3052,0.170116,0.0798645,0.0902513936161995,0.27416,1.45035,0.306197,0.676482,,,4.68918,0.0791634,0.057353,999.0,1.06619,0.259652,1.04425,1.06619,-0.259652,3.60767,65.1,3.0999999999999996,75.0,3.5714285714285716,,,,,,,,,,,,,,,,,,,Rockies,sa3020661,687312
Rob Zastryzny,MIL,2.81299,1.87021,0.0,4.09598,44.6528,0.380784,0.0330385,3.91757,2.11008,43.6897,185.979,40.3337,21.6125,19.8835,5.84693,16.5454,2.00676,1.96255,40.0043,8.24081,3.40833,2.41785,1.20446,0.215101,0.088964,0.12613742798566818,0.24084,1.30189,0.283563,0.724257,,,4.31449,0.0761437,0.109018,999.0,1.04916,-0.410528,0.789405,1.04916,0.410528,3.94746,186.8,4.245454545454546,181.0,4.113636363636363,,,,,,,,,,,,,,,,,,,Brewers,15094,642239
Yariel Rodríguez,TOR,1.36862,1.31023,0.00673543,4.04067,23.4046,0.00921085,0.106843,3.53029,0.346702,25.1671,108.156,21.7834,12.2816,11.2991,3.06799,11.7219,0.602582,1.41406,25.1357,8.98875,4.19188,2.14433,1.09714,0.232403,0.10838,0.12402236461639404,0.229251,1.33131,0.280103,0.726586,,,4.28825,0.0750699,0.083626,999.0,1.08276,-0.0679711,1.07145,1.08276,0.0679711,3.5714,117.89999999999999,4.715999999999999,113.0,4.52,,,,,,,,,,,,,,,,,,,Blue Jays,33838,684320
Porter Hodge,CHC,1.71594,1.71347,0.0,4.04957,28.2564,0.0,0.32709,4.70118,1.62547,29.9833,129.213,25.1694,14.6642,13.491,3.54703,15.5226,0.679471,1.26927,32.7834,9.8405,4.65939,2.11197,1.0647,0.253716,0.120132,0.13358403742313385,0.223886,1.35716,0.284167,0.728537,,,4.16639,0.0733859,0.0690997,999.0,1.77496,-1.01418,0.95452,1.77496,1.01418,3.72731,142.8,4.760000000000001,133.0,4.433333333333334,,,,,,,,,,,,,,,,,,,Cubs,26413,687863
Bailey Falter,KCR,3.69623,3.47245,1.67664,4.64421,39.352,5.40225,0.0,2.07269,0.0,68.9995,294.767,69.818,38.7015,35.6054,10.7985,22.5501,0.248079,1.61049,51.0864,6.66349,2.94134,2.26546,1.40852,0.173311,0.0765016,0.0968095138669014,0.258005,1.33868,0.282766,0.694712,,,4.73935,0.0732094,-0.00527688,999.0,1.3391,0.215271,0.39813,1.3391,-0.215271,4.46916,228.3,3.3086956521739133,237.0,3.4347826086956523,,,,,,,,,,,,,,,,,,,Royals,20070,663559
Ryan Watson,BOS,1.11184,1.30597,0.0,4.32006,24.4953,0.0,0.0,1.91435,0.0,25.7935,110.868,25.7786,13.4577,12.3811,3.20074,9.00254,0.642189,1.02785,22.3423,7.79578,3.14121,2.48178,1.11682,0.201521,0.0812005,0.12032092362642288,0.255644,1.34844,0.29986,0.703742,,,4.18254,0.0728912,0.0949997,999.0,1.02239,0.636863,1.06509,1.02239,-0.636863,3.57988,109.9,4.226923076923077,113.0,4.346153846153846,,,,,,,,,,,,,,,,,,,Red Sox,sa3015070,670245
Richard Lovelady,NYM,0.957805,1.42518,0.0,4.0961,28.3344,0.0,0.0445738,1.96994,0.761915,29.6961,126.228,27.2533,14.6906,13.5154,3.34167,10.0968,0.657276,2.46209,26.4162,8.00594,3.06003,2.61629,1.01276,0.209274,0.0799886,0.12928499281406403,0.23976,1.25774,0.284963,0.693549,,,4.08765,0.0723369,0.0690997,999.0,1.49169,-1.673,1.11321,1.49169,1.673,3.51571,138.89999999999998,4.629999999999999,135.0,4.5,,,,,,,,,,,,,,,,,,,Mets,19337,663992
Adbert Alzolay,NYM,2.02694,2.54934,0.0,4.12079,38.0479,0.0,0.171538,1.90718,2.29164,39.4458,165.776,36.1683,19.6314,18.0609,5.66059,12.7003,0.859221,2.11995,37.2986,8.51009,2.89773,2.93682,1.29153,0.224994,0.0766115,0.14838260412216187,0.239596,1.23888,0.282488,0.714082,,,4.23668,0.0723261,0.0387112,999.0,1.07904,-1.23922,0.934298,1.07904,1.23922,3.75427,158.20000000000002,4.056410256410257,154.0,3.948717948717949,,,,,,,,,,,,,,,,,,,Mets,17859,640470
Joel Payamps,ATL,2.42851,2.59169,0.0,4.1935,51.8311,0.0,0.352332,9.98228,0.977787,51.6622,218.154,49.2625,26.1649,24.0717,6.76624,16.2087,1.48463,2.34625,47.5527,8.2841,2.82369,2.93378,1.17874,0.217977,0.0742991,0.1436782404780388,0.246807,1.26729,0.292512,0.701918,,,4.07433,0.0718598,0.161565,999.0,1.57924,-2.825,0.747212,1.57924,2.825,4.00372,253.30000000000004,4.871153846153847,251.0,4.826923076923077,,,,,,,,,,,,,,,,,,,Braves,14332,606303
Chris Roycroft,STL,2.11984,2.63531,0.0,4.44549,39.6554,0.0,0.171764,3.86438,1.77115,43.345,191.632,43.0991,23.2717,21.41,4.23628,20.2685,1.12084,2.1307,34.7949,7.22469,4.20847,1.7167,0.879604,0.181571,0.105767,0.07580383867025375,0.254673,1.46193,0.298481,0.698087,,,4.35048,0.0715647,-0.0540286,999.0,3.35854,-3.19523,0.706132,3.35854,3.19523,4.05849,177.2,4.120930232558139,183.0,4.255813953488372,,,,,,,,,,,,,,,,,,,Cardinals,31261,688297
Michael Fulmer,SFG,0.481022,0.426715,0.0,3.9998,9.12664,0.0,0.0,0.855952,0.199384,9.76879,41.4637,8.85394,4.71899,4.34147,1.17417,3.86678,0.174756,0.315766,9.80413,9.03256,3.56246,2.53548,1.08176,0.236451,0.093257,0.14319417625665665,0.237491,1.30218,0.291975,0.722381,,,3.9749,0.0711756,0.0230332,999.0,0.871006,-0.673712,1.32621,0.871006,0.673712,3.23172,50.300000000000004,5.03,49.0,4.9,,,,,,,,,,,,,,,,,,,Giants,13218,605242
Trey Gibson,BAL,0.0996332,0.721805,0.600499,4.42986,1.46274,1.46274,0.0,0.0,0.0,7.29587,31.8696,7.23741,3.90334,3.59107,0.896729,2.82901,0.0279821,0.5722,6.40896,7.90593,3.48979,2.26544,1.10618,0.201099,0.0887682,0.11233126372098923,0.254226,1.37974,0.299616,0.699475,,,4.37463,0.0710547,0.0260711,999.0,0.642719,-0.0608013,1.36292,0.642719,0.0608013,3.18277,21.3,3.042857142857143,22.0,3.142857142857143,,,,,,,,,,,,,,,,,,,Orioles,sa3023250,694346
Chase Lee,TOR,1.04319,0.726552,0.0,4.0108,17.2715,0.0,0.0,1.05342,0.440208,19.0161,80.048,17.7722,9.21132,8.47441,2.58143,6.03706,0.473977,0.901888,18.3892,8.70329,2.85724,3.04605,1.22175,0.229727,0.075418,0.1543087735772133,0.243092,1.25206,0.291355,0.722841,,,4.06052,0.0701454,0.0760597,999.0,1.80531,-1.56887,1.2065,1.80531,1.56887,3.39134,75.89999999999999,3.994736842105263,75.0,3.9473684210526314,,,,,,,,,,,,,,,,,,,Blue Jays,29574,695445
Tyler Uberstine,BOS,0.0984004,0.596538,0.465698,4.73107,2.11926,1.63205,0.0,0.0,0.0,8.42847,36.2719,8.64331,4.81591,4.43063,1.29067,2.88739,0.0324141,0.214356,7.10357,7.58526,3.08319,2.4602,1.37819,0.195842,0.0796041,0.11623819172382355,0.260575,1.36807,0.296766,0.690555,,,4.54426,0.0701386,0.0128078,999.0,0.690617,-0.232277,1.34053,0.690617,0.232277,3.21263,28.500000000000007,3.562500000000001,32.0,4.0,,,,,,,,,,,,,,,,,,,Red Sox,sa3017643,700413
Alex Lange,KCR,2.25471,2.39824,0.0,4.00522,44.2509,0.0,0.182075,5.2727,2.05285,44.157,193.595,38.7595,21.3597,19.651,4.45954,23.7731,0.589732,2.56529,45.8236,9.33968,4.84539,1.92754,0.908934,0.236699,0.122798,0.11390015482902527,0.231737,1.41614,0.293229,0.731452,,,4.16197,0.0689722,0.203864,999.0,2.19726,-3.93489,0.737598,2.19726,3.93489,4.01654,206.00000000000003,4.6818181818181825,199.0,4.5227272727272725,,,,,,,,,,,,,,,,,,,Royals,19883,656638
Carson Seymour,SFG,1.19379,1.70108,0.567722,4.23742,12.8806,1.98185,0.0,0.92002,0.0,24.9421,108.572,24.9678,12.7645,11.7434,3.1612,9.71684,0.139827,1.30547,20.129,7.26327,3.50618,2.07156,1.14067,0.185399,0.089497,0.09590162336826324,0.25595,1.3906,0.293655,0.724416,,,4.49446,0.067774,0.125599,999.0,1.10753,-1.53892,1.07028,1.10753,1.53892,3.57296,94.1,3.764,97.0,3.88,,,,,,,,,,,,,,,,,,,Giants,30084,693313
Nestor Cortes,,1.13738,0.85262,0.441713,4.51448,2.4797,2.4797,0.0,0.0,0.0,13.7112,57.2972,12.511,7.47569,6.87764,2.59072,4.41545,0.0498781,0.471328,11.8847,7.80113,2.8983,2.69162,1.70055,0.207422,0.0770623,0.13036011159420013,0.238711,1.2345,0.261507,0.710612,,,4.92712,0.0667182,0.172249,999.0,1.84422,0.120971,1.23871,1.84422,-0.120971,3.34839,44.90000000000002,3.2071428571428586,43.0,3.0714285714285716,,,,,,,,,,,,,,,,,,,,17874,641482
Welinton Herrera,COL,0.715241,1.29376,0.0,4.48319,16.0759,0.0,0.0,0.916953,0.0,16.7963,74.0027,16.8536,9.09436,8.36681,2.08227,7.32741,0.432712,0.944331,16.3339,8.7522,3.92625,2.22915,1.11575,0.22072,0.0990154,0.1217045709490776,0.256403,1.43966,0.312193,0.709432,,,4.27925,0.0654008,0.108678,999.0,0.377939,0.533196,1.14932,0.377939,-0.533196,3.46758,69.00000000000001,4.058823529411765,71.0,4.176470588235294,,,,,,,,,,,,,,,,,,,Rockies,sa3016061,700327
Grant Anderson,MIL,2.63493,3.25058,0.0,4.25576,52.7727,0.0,0.323894,7.90431,2.15677,56.109,239.55,51.5611,28.8389,26.5318,7.70504,22.0831,1.86599,2.62857,55.4226,8.8899,3.54217,2.50973,1.23591,0.231361,0.0921857,0.13917574286460876,0.24,1.31252,0.289077,0.712811,,,4.26607,0.0645792,0.0364234,999.0,1.30635,-0.0529288,0.587869,1.30635,0.0529288,4.21617,247.80000000000013,4.4250000000000025,243.0,4.339285714285714,,,,,,,,,,,,,,,,,,,Brewers,20546,681982
Anthony Nunez,BAL,1.30179,1.22871,0.0,4.07059,16.4322,0.0,0.0,0.62534,0.0,17.1069,73.2175,14.9466,8.41003,7.73723,2.01597,7.39215,0.432513,1.09773,17.996,9.46778,3.88905,2.43447,1.06061,0.245788,0.100962,0.14482662826776505,0.230916,1.30584,0.289176,0.713694,,,4.05203,0.0644626,0.0664459,999.0,0.544575,1.37888,1.17062,0.544575,-1.37888,3.43917,78.20000000000002,4.600000000000001,75.0,4.411764705882353,,,,,,,,,,,,,,,,,,,Orioles,sa3010171,689296
Braden Nett,ATH,0.933273,1.56281,1.08886,4.73719,10.4476,2.57862,0.0,0.570902,0.0,21.3348,95.2947,21.4514,12.2061,11.2296,2.64605,10.6423,0.296325,1.11683,17.709,7.47047,4.48941,1.66402,1.11623,0.185834,0.111678,0.07415622472763062,0.256794,1.50429,0.297645,0.700532,,,4.74087,0.0632679,0.0397448,999.0,1.40213,-1.26485,1.03484,1.40213,1.26485,3.62021,67.9,3.2333333333333334,70.0,3.3333333333333335,,,,,,,,,,,,,,,,,,,Athletics,sa3020336,804556
Matt Pushard,STL,2.74963,3.28472,0.0,4.29907,46.2839,0.0,0.0259414,3.93597,0.0,49.3427,212.268,47.4518,25.6193,23.5697,6.11639,19.2298,1.24915,1.99931,43.1702,7.87415,3.50747,2.24496,1.11562,0.203376,0.090592,0.11278371512889862,0.248388,1.3514,0.291603,0.706526,,,4.28749,0.0626358,-0.0402656,999.0,2.03975,-0.91228,0.65339,2.03975,0.91228,4.12881,205.60000000000002,4.195918367346939,206.0,4.204081632653061,,,,,,,,,,,,,,,,,,,Cardinals,sa3019955,690155
Zach McCambley,MIA,1.67597,1.93619,0.0,4.39774,36.6063,0.0,0.0,3.75357,0.0,38.0988,164.966,35.7587,20.2353,18.6165,4.90231,16.279,0.936263,2.06138,36.6744,8.66352,3.84555,2.25287,1.15806,0.222314,0.0986805,0.12363370507955551,0.243877,1.36586,0.293732,0.70399,,,4.32684,0.0618944,0.0397496,999.0,1.21827,1.0452,0.816613,1.21827,-1.0452,3.91118,162.1,4.265789473684211,161.0,4.2368421052631575,,,,,,,,,,,,,,,,,,,Marlins,sa3014478,685112
Matt Waldron,SDP,0.680442,1.48548,0.807382,4.92859,3.82838,2.97166,0.0,0.0297818,0.0,16.4615,71.1628,17.0045,9.79851,9.01463,2.63382,5.67889,0.0921733,0.57659,12.6792,6.93212,3.10483,2.23269,1.43999,0.178172,0.0798014,0.09837022423744202,0.261981,1.37797,0.289764,0.678293,,,4.81468,0.0599627,-0.0104196,999.0,1.69832,-0.581949,1.17178,1.69832,0.581949,3.43762,42.3,2.64375,46.0,2.875,,,,,,,,,,,,,,,,,,,Padres,25550,663362
Edgardo Henriquez,LAD,2.36236,1.9466,0.0,4.22249,38.9555,0.0,0.266817,6.10828,2.60652,39.6652,170.868,35.4743,20.2278,18.6096,5.11707,18.1548,0.363475,1.81357,40.529,9.19599,4.1193,2.23241,1.16106,0.237194,0.10625,0.13094411045312881,0.235085,1.35204,0.288419,0.718845,,,4.27893,0.0597835,0.0921329,999.0,1.38545,-0.52772,0.771722,1.38545,0.52772,3.97104,189.5,4.7375,181.0,4.525,,,,,,,,,,,,,,,,,,,Dodgers,26944,683618
Caden Dana,LAA,3.13849,4.89227,3.88332,5.09939,12.6178,12.2444,0.0,0.143366,0.0,66.3058,290.451,65.1105,40.8356,37.5688,11.9723,29.1264,0.337146,3.26426,57.1231,7.75359,3.95346,1.96122,1.62506,0.19667,0.10028,0.09639061987400055,0.252307,1.42125,0.281207,0.689266,,,5.22494,0.0593164,0.0125443,999.0,2.14405,-1.45876,0.382611,2.14405,1.45876,4.48985,189.80000000000007,2.875757575757577,192.0,2.909090909090909,,,,,,,,,,,,,,,,,,,Angels,31508,702674
Caleb Kilian,SFG,1.78933,1.78597,0.0,4.31879,23.605,0.0,0.0,2.49052,0.0,26.8795,115.845,27.174,14.0202,12.8985,2.98424,8.98222,0.524436,1.46945,20.6752,6.92263,3.00749,2.30179,0.999206,0.178473,0.0775365,0.10093636810779572,0.257834,1.34512,0.295958,0.692222,,,4.20658,0.0593013,0.0111001,999.0,1.48157,-1.24372,1.02659,1.48157,1.24372,3.63122,112.7,4.174074074074074,116.0,4.296296296296297,,,,,,,,,,,,,,,,,,,Giants,26213,668873
Yuki Matsui,SDP,2.11003,1.89258,0.0,4.13862,43.3573,0.0,0.192498,3.56114,2.2097,44.859,191.429,39.1884,22.422,20.6283,5.97923,20.4246,1.24629,1.27594,45.1363,9.05564,4.09775,2.2099,1.1996,0.235787,0.106696,0.1290910840034485,0.230889,1.3289,0.27998,0.72579,,,4.30678,0.0588348,0.154866,999.0,1.13184,-0.631737,0.766708,1.13184,0.631737,3.97772,200.79999999999998,4.462222222222222,190.0,4.222222222222222,,,,,,,,,,,,,,,,,,,Padres,33826,673513
Danny Young,ATL,0.435162,0.346042,0.0,4.00648,14.4641,0.0,0.0,2.41703,0.0,14.5139,63.0092,12.9292,7.02292,6.46109,1.37559,6.44874,0.222558,1.39568,15.4541,9.58299,3.99882,2.39645,0.852996,0.245268,0.102346,0.14292151480913162,0.234374,1.33513,0.301385,0.707938,,,3.85911,0.0582152,0.097404,999.0,0.966575,-2.16724,1.26078,0.966575,2.16724,3.31896,81.9,5.46,79.0,5.266666666666667,,,,,,,,,,,,,,,,,,,Braves,18439,664849
Easton McGee,MIL,1.57623,0.930964,0.0,4.17481,25.9833,0.0,0.0,0.972562,0.336377,30.4697,129.164,28.7742,15.363,14.1339,3.55931,10.4752,1.05176,1.24762,25.5822,7.55634,3.0941,2.44218,1.05133,0.19806,0.0810997,0.11696009337902069,0.24501,1.28814,0.285561,0.697081,,,4.12875,0.0563523,0.0743308,999.0,1.32319,-0.514884,1.03721,1.32319,0.514884,3.61705,120.4,4.013333333333334,121.0,4.033333333333333,,,,,,,,,,,,,,,,,,,Brewers,22176,668834
Hunter Stratton,ATL,1.16968,0.984018,0.0,4.23172,19.6326,0.0,0.0379767,1.48383,1.66092,20.8991,89.5582,20.1051,10.6811,9.82657,2.60124,7.30387,0.252426,1.33278,18.9547,8.16267,3.14534,2.59516,1.1202,0.211647,0.0815545,0.13009264320135117,0.248452,1.31149,0.294849,0.703823,,,4.17904,0.0560819,0.0146856,999.0,0.563766,0.0643583,1.1404,0.563766,-0.0643583,3.47946,84.5,4.023809523809524,84.0,4.0,,,,,,,,,,,,,,,,,,,Braves,23455,676702
Ethan Roberts,CHC,1.50266,1.59867,0.0,4.30266,30.7576,0.0,0.0,1.35743,0.0,32.7091,140.547,30.0652,16.9971,15.6374,4.54857,13.3433,0.536818,1.95436,30.9953,8.52844,3.67145,2.32291,1.25155,0.220534,0.0949389,0.1255953684449196,0.240044,1.32711,0.284451,0.713041,,,4.45079,0.0559189,0.0249024,999.0,1.21668,-1.10437,0.946346,1.21668,1.10437,3.7382,125.70000000000005,3.8090909090909104,121.0,3.6666666666666665,,,,,,,,,,,,,,,,,,,Cubs,24930,681799
Jake Bennett,BOS,0.882683,0.877331,0.0,4.41067,14.695,0.0,0.0,0.544895,0.0,17.5293,75.2363,17.8699,9.33769,8.59067,1.99372,5.61047,0.442655,0.74565,13.4983,6.93035,2.88056,2.4059,1.02363,0.179411,0.0745713,0.10484007000923157,0.259435,1.33949,0.297373,0.68358,,,4.16143,0.0547584,0.0657727,999.0,0.957983,-0.33195,1.19454,0.957983,0.33195,3.40728,70.80000000000003,3.933333333333335,73.0,4.055555555555555,,,,,,,,,,,,,,,,,,,Red Sox,sa3020737,687562
Cionel Pérez,WSN,1.99369,1.97768,0.0,4.33328,49.2044,0.0,1.55913,9.91019,2.48512,49.6698,220.348,47.4239,25.9943,23.9148,4.14192,25.606,1.37611,2.77875,42.8757,7.76893,4.63972,1.67444,0.750503,0.194582,0.116207,0.07837472856044769,0.247047,1.47031,0.298609,0.699609,,,4.20717,0.0545054,0.0412175,999.0,4.44903,-3.16606,0.696523,4.44903,3.16606,4.0713,247.60000000000002,4.952000000000001,247.0,4.94,,,,,,,,,,,,,,,,,,,Nationals,19614,672335
Joey Lucchesi,,0.856838,1.19512,0.0227666,4.15576,19.777,0.339397,0.0,1.49429,0.0,22.9826,99.4392,22.8882,11.535,10.6122,2.47437,8.70209,0.38459,0.969503,17.733,6.94425,3.40774,2.03779,0.968962,0.17833,0.0875117,0.09081850945949554,0.254971,1.37453,0.293469,0.713045,,,4.25405,0.0544321,0.00190274,999.0,0.978856,0.0920663,1.14208,0.978856,-0.0920663,3.47723,95.80000000000003,4.165217391304349,99.0,4.304347826086956,,,,,,,,,,,,,,,,,,,,19320,664192
Ryan Lambert,NYM,0.609659,1.33961,0.0,4.16941,20.8046,0.0,0.0,1.11006,0.0,21.449,92.3938,18.3037,10.8007,9.9366,2.65561,10.6472,0.542064,1.02641,23.6514,9.92416,4.46756,2.22138,1.11429,0.255985,0.115237,0.14074823260307312,0.226755,1.34976,0.287579,0.719304,,,4.17205,0.054357,-0.00270655,999.0,1.22103,-0.515239,1.13594,1.22103,0.515239,3.48541,87.7,4.1761904761904765,82.0,3.9047619047619047,,,,,,,,,,,,,,,,,,,Mets,sa3025613,822038
Connor Phillips,CIN,2.98703,2.56571,0.0,4.35286,48.6761,0.0,2.78015,6.55481,0.5301,53.7957,232.021,45.9076,28.2808,26.0183,7.40502,26.2408,0.450494,3.32744,57.5936,9.63538,4.39008,2.19481,1.23886,0.248225,0.113096,0.13512877374887466,0.226757,1.34116,0.280111,0.710046,,,4.43232,0.0541574,0.18648,999.0,2.20685,-2.55751,0.573787,2.20685,2.55751,4.23495,265.9,4.924074074074074,251.0,4.648148148148148,,,,,,,,,,,,,,,,,,,Reds,27649,683175
Nate Pearson,HOU,2.10197,2.09991,0.0,4.49767,39.1555,0.0,0.0376267,2.57768,0.987791,42.4481,183.876,38.9602,23.0577,21.213,5.80783,19.2594,1.26592,2.13194,41.3184,8.76048,4.08345,2.14536,1.2314,0.224709,0.104742,0.11996699869632721,0.239778,1.37155,0.287387,0.701994,,,4.47887,0.0540243,-0.152891,999.0,1.52128,-0.53502,0.698197,1.52128,0.53502,4.06907,166.6,3.9666666666666663,163.0,3.880952380952381,,,,,,,,,,,,,,,,,,,Astros,20160,663878
Sean Sullivan,COL,0.0807575,0.805696,0.562817,5.29296,1.52214,1.52214,0.0,0.0,0.0,7.7334,33.6357,8.60983,4.94354,4.54806,1.39406,2.3376,0.0299835,0.184077,5.77387,6.71954,2.72045,2.47001,1.62239,0.171659,0.0694975,0.10216166079044342,0.276719,1.4156,0.301334,0.667414,,,4.96358,0.0525036,0.063128,999.0,0.587143,-0.725456,1.33051,0.587143,0.725456,3.22599,29.500000000000007,3.687500000000001,33.0,4.125,,,,,,,,,,,,,,,,,,,Rockies,sa3023162,807743
Brent Suter,LAA,2.07929,2.67098,0.0,4.36523,55.2856,0.246721,0.170906,8.75417,0.913259,61.5136,261.839,62.3368,32.4301,29.8357,8.30547,18.1619,0.947941,2.33595,48.2646,7.06155,2.65725,2.65747,1.21517,0.184329,0.0693627,0.1149665117263794,0.258293,1.30863,0.292423,0.697951,,,4.32081,0.052109,0.0330492,999.0,2.50329,-1.51847,0.639387,2.50329,1.51847,4.14748,271.2,4.374193548387097,278.0,4.483870967741935,,,,,,,,,,,,,,,,,,,Angels,13942,608718
Pete Hansen,STL,0.117293,0.522311,0.494927,4.7168,1.54707,1.54707,0.0,0.0,0.0,7.88462,34.3354,8.51425,4.49157,4.13224,1.10577,2.67357,0.055955,0.20336,5.2608,6.005,3.05179,1.9677,1.26219,0.153218,0.0778663,0.07535138726234436,0.27065,1.41894,0.295254,0.694651,,,4.7185,0.0520279,0.0984272,999.0,0.850198,1.10369,1.34928,0.850198,-1.10369,3.20096,24.500000000000007,3.062500000000001,28.0,3.5,,,,,,,,,,,,,,,,,,,Cardinals,sa3020798,677337
Paxton Schultz,WSN,1.62068,2.24901,0.0,4.37193,30.7572,0.0756691,0.0113121,1.64138,0.0,36.3658,155.821,34.5889,19.2015,17.6654,5.18449,14.0988,0.621469,1.30896,33.6807,8.33547,3.48925,2.3889,1.28309,0.21615,0.0904809,0.1256687343120575,0.246336,1.33883,0.289561,0.711721,,,4.40722,0.051695,0.00130199,999.0,2.31282,-3.74552,0.877921,2.31282,3.74552,3.82944,144.90000000000003,4.025000000000001,146.0,4.055555555555555,,,,,,,,,,,,,,,,,,,Nationals,25501,687606
Tim Mayza,PHI,0.712699,0.860762,0.0,4.15021,21.2453,0.0,0.0,1.86963,0.489829,21.2683,91.595,21.5262,10.6604,9.80753,2.48768,7.29176,0.454961,0.886343,17.3011,7.32125,3.08562,2.3727,1.0527,0.188887,0.0796087,0.10927873849868774,0.258056,1.35497,0.299216,0.716694,,,4.18232,0.0501518,0.027223,999.0,1.08999,-2.23506,1.1745,1.08999,2.23506,3.434,91.60000000000001,4.361904761904762,97.0,4.619047619047619,,,,,,,,,,,,,,,,,,,Phillies,15042,641835
Osvaldo Bido,NYY,1.03697,0.954658,0.372999,4.51891,13.6627,0.510084,0.00166504,0.408859,0.0,17.7736,76.5508,16.608,9.70014,8.92413,2.67533,7.00795,0.367619,1.21372,16.6855,8.449,3.54861,2.38093,1.35471,0.217966,0.0915464,0.12641941010951996,0.243059,1.32871,0.284524,0.700325,,,4.60212,0.0496665,-0.0103294,999.0,1.35836,-1.30049,1.15243,1.35836,1.30049,3.46342,62.10000000000001,3.4500000000000006,61.0,3.388888888888889,,,,,,,,,,,,,,,,,,,Yankees,23150,674370
Travis Adams,MIN,2.54402,3.15805,0.402335,4.71991,34.0667,2.3986,0.0172746,2.95396,1.41872,50.5503,219.717,52.0152,28.8156,26.5104,6.63067,18.3111,0.717633,2.28886,40.4905,7.20895,3.26012,2.21126,1.18053,0.184285,0.0833396,0.1009455993771553,0.26123,1.39121,0.298591,0.68002,,,4.4609,0.0491153,-0.134223,999.0,3.29603,-3.69064,0.566663,3.29603,3.69064,4.24445,188.10000000000008,3.6882352941176486,196.0,3.843137254901961,,,,,,,,,,,,,,,,,,,Twins,30180,701519
José Leclerc,,1.59813,1.40781,0.0,4.16715,25.4016,0.0,0.0305089,1.08813,3.32894,26.4581,113.224,22.9923,13.3158,12.2505,3.53881,12.0635,0.370134,1.17495,28.0299,9.53468,4.10352,2.32353,1.20376,0.247562,0.106546,0.14101679623126984,0.229956,1.32495,0.284338,0.722223,,,4.25615,0.04903,0.0598864,999.0,0.823277,0.541681,1.01287,0.823277,-0.541681,3.64951,104.39999999999999,4.015384615384615,99.0,3.8076923076923075,,,,,,,,,,,,,,,,,,,,14524,600917
Peyton Gray,TEX,1.27463,1.69825,0.0,4.22757,15.3985,0.0,0.0,0.3426,0.0,17.1569,73.3577,16.285,8.75987,8.05908,2.26891,6.56772,0.430612,0.5786,16.3531,8.57837,3.44524,2.48992,1.1902,0.222923,0.08953,0.13339266926050186,0.245954,1.33198,0.29452,0.716236,,,4.1976,0.04801,-0.0377593,999.0,0.511027,-0.49904,1.16331,0.511027,0.49904,3.44892,67.60000000000002,3.9764705882352955,67.0,3.9411764705882355,,,,,,,,,,,,,,,,,,,Rangers,sa3008046,682608
Elvis Alvarado,ATH,2.9221,3.19505,0.0,4.20469,55.9477,0.0,2.87519,11.4304,2.20484,60.1946,260.511,52.8908,30.5676,28.1222,7.6405,29.5361,1.3488,3.38981,61.9337,9.26002,4.41609,2.09688,1.14237,0.237739,0.113377,0.12436151504516602,0.2324,1.36934,0.286374,0.722977,,,4.36842,0.0471859,0.0359982,748.3099975585938,2.03362,0.110294,0.555483,2.03362,-0.110294,4.25936,291.8,4.863333333333333,280.0,4.666666666666667,,,,,,,,,,,,,,,,,,,Athletics,21662,665660
Codi Heuer,CLE,0.50112,0.175156,0.0,3.9911,7.09912,0.0,0.0179404,1.02391,0.0,7.83521,33.1948,7.20679,3.7767,3.47457,0.97944,2.94553,0.120372,0.241989,7.59288,8.72164,3.38341,2.57777,1.12504,0.228737,0.0887346,0.14000259339809418,0.240168,1.29573,0.290523,0.726061,,,4.04251,0.0471184,0.00769597,999.0,0.845518,0.611576,1.34994,0.845518,-0.611576,3.20008,39.7,4.9625,38.0,4.75,,,,,,,,,,,,,,,,,,,Guardians,23293,676051
Enyel De Los Santos,HOU,3.24833,2.73967,0.0,4.33312,54.0579,0.0,0.0522842,8.28272,1.88222,55.8845,237.291,51.1018,29.2457,26.906,8.21183,20.7042,1.44803,2.86111,53.6308,8.63705,3.33435,2.59033,1.32249,0.226013,0.0872526,0.13876021653413773,0.2391,1.2849,0.282388,0.7057,,,4.39109,0.0468966,-0.0318912,999.0,1.65179,-2.64887,0.56664,1.65179,2.64887,4.24448,251.40000000000012,4.4892857142857165,244.0,4.357142857142857,,,,,,,,,,,,,,,,,,,Astros,18403,660853
Tim Hill,NYY,3.19668,3.08741,0.0,4.07089,60.7553,0.0,0.906733,13.7503,2.29031,62.2097,266.994,65.4121,30.5856,28.1387,6.11136,17.9278,1.70177,2.62366,36.3798,5.26314,2.59366,2.02924,0.884143,0.136257,0.0671471,0.06911017000675201,0.265426,1.33966,0.29076,0.705423,,,4.23372,0.0467581,0.142806,999.0,1.55597,1.07362,0.726121,1.55597,-1.07362,4.03184,285.99999999999994,4.612903225806451,302.0,4.870967741935484,,,,,,,,,,,,,,,,,,,Yankees,16814,657612
Carson Spiers,CIN,0.211161,0.258204,0.0836979,5.46023,1.44983,0.625814,0.0,0.0,0.0,6.39199,28.6101,7.25994,4.21519,3.87797,1.14674,2.39157,0.0260604,0.357884,5.44139,7.66154,3.36736,2.27524,1.61462,0.190191,0.0835918,0.10659947246313095,0.280733,1.50994,0.317198,0.675649,,,5.05522,0.0457661,-0.00108014,999.0,1.05966,-0.453663,1.32064,1.05966,0.453663,3.23914,17.90000000000001,2.9833333333333347,21.0,3.5,,,,,,,,,,,,,,,,,,,Reds,27685,686730
Dylan Ross,NYM,0.679954,0.615991,0.0,4.0127,21.9887,0.0,0.0,0.988483,1.50765,22.9592,99.3497,19.3633,11.1266,10.2365,2.63328,12.3084,0.579493,0.866702,24.3117,9.53017,4.82489,1.97521,1.03224,0.244708,0.12389,0.1208186000585556,0.224698,1.37948,0.28246,0.734143,,,4.22988,0.0444294,0.104236,999.0,1.34008,-0.881113,1.12237,1.34008,0.881113,3.50351,96.9,4.21304347826087,89.0,3.869565217391304,,,,,,,,,,,,,,,,,,,Mets,sa3025659,697811
Joe Mantiply,TOR,0.567451,0.309394,0.0,4.18575,9.89738,0.0303329,0.00127884,1.20789,0.298405,9.62261,40.6098,9.809,4.86447,4.47532,1.26056,2.54591,0.417862,0.253071,8.26722,7.7323,2.38118,3.24726,1.17899,0.203577,0.0626919,0.14088504761457443,0.259423,1.28395,0.302246,0.707303,,,3.99246,0.0436659,0.012659,999.0,1.29986,-2.10182,1.32772,1.29986,2.10182,3.22971,46.7,4.67,48.0,4.8,,,,,,,,,,,,,,,,,,,Blue Jays,14857,573009
Alan Rangel,PHI,0.996686,0.980415,0.704954,4.59741,13.0891,2.11959,0.0855998,0.946135,0.335843,23.526,100.541,23.5126,13.0627,12.0176,3.89979,8.21733,0.158236,0.350669,19.4758,7.45057,3.14358,2.37009,1.49188,0.19371,0.0817308,0.11197876930236816,0.255646,1.34872,0.28591,0.710587,,,4.72697,0.0422088,0.102746,999.0,0.924664,0.498648,1.08127,0.924664,-0.498648,3.5583,84.00000000000003,3.5000000000000013,86.0,3.5833333333333335,,,,,,,,,,,,,,,,,,,Phillies,19524,660604
Griff McGarry,WSN,1.43682,2.14917,0.0,4.28745,36.8169,0.0,0.0,4.89109,0.0,42.2998,185.746,34.9967,21.9032,20.151,4.59374,25.2697,1.00437,2.38728,46.3794,9.86798,5.37656,1.83537,0.977395,0.249692,0.136044,0.11364759504795074,0.221373,1.42474,0.283832,0.712605,,,4.31554,0.041821,0.0184044,999.0,2.06009,-0.453193,0.734549,2.06009,0.453193,4.0206,189.3,4.507142857142857,176.0,4.190476190476191,,,,,,,,,,,,,,,,,,,Nationals,sa3017130,676046
Luis Curvelo,TEX,1.83132,2.13994,0.0,4.56129,34.5719,0.0,0.506322,4.04375,3.04162,36.4756,157.378,33.8553,20.0937,18.4862,5.01571,15.5614,1.04513,1.81738,32.945,8.12885,3.83962,2.1171,1.23758,0.209336,0.0988791,0.11045733839273453,0.241825,1.35479,0.282634,0.691667,,,4.54568,0.0417124,-0.177752,999.0,2.05126,-0.431635,0.834922,2.05126,0.431635,3.88677,149.50000000000003,4.152777777777779,148.0,4.111111111111111,,,,,,,,,,,,,,,,,,,Rangers,24710,681168
Elmer Rodríguez,NYY,0.110332,0.137347,0.172692,3.92278,5.74747,0.2938,0.0,0.8203,0.0,6.93212,29.3493,6.35142,3.2842,3.02146,0.74697,2.68996,0.172031,0.135462,6.4852,8.41977,3.49239,2.41089,0.969795,0.220966,0.0916533,0.12931282073259354,0.239461,1.30427,0.290511,0.720042,,,3.88765,0.040801,0.0676246,999.0,0.801505,-0.504874,1.39156,0.801505,0.504874,3.14459,30.9,4.414285714285714,29.0,4.142857142857143,,,,,,,,,,,,,,,,,,,Yankees,sa3019459,695684
John Klein,MIN,1.49611,2.05862,0.266072,4.53884,23.6936,1.28679,0.0,1.54969,0.0,30.297,131.4,30.3922,16.6079,15.2792,4.12738,10.8078,0.6021,2.03624,26.122,7.7598,3.21057,2.41696,1.22608,0.198797,0.0822511,0.11654625833034515,0.256352,1.35987,0.297426,0.694268,,,4.45355,0.0402753,-0.091147,999.0,0.755024,-0.607219,0.944697,0.755024,0.607219,3.7404,115.80000000000001,3.8600000000000003,119.0,3.966666666666667,,,,,,,,,,,,,,,,,,,Twins,sa3020405,804619
John Brebbia,,1.55379,2.12228,0.0,5.07702,34.4747,0.0,0.711551,5.16644,2.63956,35.231,153.566,36.4861,21.6025,19.8743,6.24766,12.7114,0.631775,1.84612,34.3748,8.78128,3.2472,2.70426,1.59601,0.223844,0.0827747,0.14106940478086472,0.262474,1.39642,0.307345,0.682187,,,4.72869,0.0402037,-0.0863169,999.0,1.8752,-1.6489,0.768113,1.8752,1.6489,3.97585,139.6,3.9885714285714284,145.0,4.142857142857143,,,,,,,,,,,,,,,,,,,,12777,605154
Jonathan Pintaro,NYM,0.714813,1.12456,0.334936,4.10973,14.5499,1.43038,0.0,0.462735,0.0,19.4318,84.7398,18.1247,9.64488,8.87329,2.29197,9.06606,0.163287,1.00235,18.2134,8.43565,4.19902,2.00896,1.06154,0.214933,0.106987,0.10794568806886673,0.242727,1.39929,0.292301,0.731628,,,4.34831,0.0397298,0.0427204,999.0,1.41731,-1.635,1.16382,1.41731,1.635,3.44825,75.2,3.9578947368421056,75.0,3.9473684210526314,,,,,,,,,,,,,,,,,,,Mets,33980,702752
Franco Aleman,CLE,0.801534,1.13908,0.0,4.11242,14.7801,0.0,0.0,0.943392,0.0,15.4855,66.8703,13.8397,7.69117,7.07587,1.8647,7.24739,0.39087,0.720475,16.3968,9.52962,4.2121,2.26244,1.08374,0.245203,0.10838,0.13682282716035843,0.234959,1.36173,0.294652,0.725024,,,4.12646,0.0393146,-0.0376117,999.0,0.676147,-2.86285,1.2047,0.676147,2.86285,3.39373,62.00000000000001,4.133333333333334,61.0,4.066666666666666,,,,,,,,,,,,,,,,,,,Guardians,sa3018178,680916
Jean Cabrera,PHI,0.16352,1.02055,0.615,4.97339,2.03013,2.03,0.0,0.0,0.0,10.2232,45.2608,10.5969,6.14057,5.64933,1.492,4.26815,0.0727395,0.646186,7.31496,6.43973,3.75747,1.71385,1.31348,0.161618,0.0943014,0.06731679290533066,0.262649,1.45406,0.288684,0.682868,,,5.04345,0.0392605,0.0393465,999.0,0.886614,0.710722,1.2896,0.886614,-0.710722,3.28053,32.1,3.21,36.0,3.6,,,,,,,,,,,,,,,,,,,Phillies,sa3015433,691893
Miguel Ullola,HOU,1.44934,1.40089,0.0,3.97852,12.7776,0.0174212,0.0,0.0,0.0,14.01,60.0049,10.2533,6.73178,6.19324,1.53202,8.13182,0.292935,0.850613,16.3472,10.5014,5.22386,2.01028,0.984165,0.272432,0.135519,0.1369124948978424,0.200957,1.31228,0.26314,0.717558,,,4.14649,0.0391009,0.0179296,999.0,0.540954,-0.0404301,1.18975,0.540954,0.0404301,3.41367,58.00000000000003,4.142857142857145,49.0,3.5,,,,,,,,,,,,,,,,,,,Astros,sa3016504,699044
Adam Macko,TOR,0.462645,0.894482,0.290727,4.33121,8.51094,0.559638,0.0,0.302357,0.0,11.2676,49.4287,10.6088,5.89399,5.42247,1.42226,5.4442,0.26642,0.587108,10.5224,8.4048,4.34857,1.93277,1.13603,0.21288,0.110142,0.102737657725811,0.244458,1.42471,0.292075,0.722453,,,4.51418,0.0385538,0.00457723,999.0,1.33505,-0.0853025,1.27056,1.33505,0.0853025,3.30591,44.50000000000001,4.045454545454546,46.0,4.181818181818182,,,,,,,,,,,,,,,,,,,Blue Jays,sa3011555,671936
Kervin Castro,NYY,1.5221,1.42924,0.0,4.30969,24.5781,0.0,0.0,1.51607,0.0,25.9552,111.419,23.3829,13.5095,12.4287,3.10837,11.4451,0.641452,1.06187,24.2404,8.40539,3.96861,2.11797,1.07783,0.21756,0.102721,0.11483868956565857,0.2364,1.34185,0.283307,0.699511,,,4.26974,0.0384657,-0.0421408,999.0,1.30973,1.02266,1.02358,1.30973,-1.02266,3.63523,115.7,4.45,111.0,4.269230769230769,,,,,,,,,,,,,,,,,,,Yankees,21656,665645
Carlos Hernández,CLE,0.509546,0.52352,0.0,4.35822,13.6867,0.0,0.0,0.826492,0.55298,14.4076,61.9374,13.1618,7.58351,6.97683,1.89899,6.21867,0.300722,0.630759,14.1061,8.81165,3.88462,2.26834,1.18624,0.227747,0.100403,0.1273447945713997,0.238924,1.34516,0.288179,0.705481,,,4.31666,0.0382681,-0.0903041,999.0,0.776642,-0.492044,1.23852,0.776642,0.492044,3.34864,56.20000000000003,4.014285714285717,55.0,3.9285714285714284,,,,,,,,,,,,,,,,,,,Guardians,22713,672578
Brody Hopkins,TBR,0.0792164,0.441742,0.469456,4.62708,1.35901,1.35901,0.0,0.0,0.0,6.52976,29.036,6.30568,3.649,3.35708,0.86787,3.10854,0.0254533,0.620228,5.71491,7.8769,4.28451,1.83846,1.19619,0.196821,0.107058,0.08976361155509949,0.249165,1.44174,0.290412,0.703144,,,4.82567,0.03825,0.036766,999.0,0.586673,-1.02275,1.36058,0.586673,1.02275,3.1859,23.9,3.414285714285714,22.0,3.142857142857143,,,,,,,,,,,,,,,,,,,Rays,sa3023515,811315
Chase Shugart,PHI,1.88318,1.53746,0.0,4.51125,29.9032,0.0,0.190545,2.29152,1.45697,33.3978,143.868,32.3852,18.1964,16.7407,4.59695,12.8896,0.805673,1.40539,27.3581,7.37242,3.47347,2.12249,1.23878,0.190161,0.0895934,0.10056772828102112,0.249938,1.35562,0.284664,0.697195,,,4.57024,0.0377722,-0.0284365,999.0,1.21823,0.695955,0.896648,1.21823,-0.695955,3.80447,119.50000000000004,3.6212121212121224,120.0,3.6363636363636362,,,,,,,,,,,,,,,,,,,Phillies,21544,663767
Jhony Brito,SDP,0.872596,0.859723,0.0,4.19608,15.785,0.0,0.0,0.958971,1.2686,17.4847,74.2646,17.1327,8.86077,8.15191,2.1557,5.52853,0.360201,0.722949,14.0418,7.22779,2.84573,2.53987,1.10961,0.189077,0.0744437,0.11463361978530884,0.251902,1.29606,0.289043,0.702554,,,4.20436,0.0377656,-0.0118916,999.0,1.03582,-1.58251,1.22458,1.03582,1.58251,3.36723,68.00000000000001,4.000000000000001,70.0,4.117647058823529,,,,,,,,,,,,,,,,,,,Padres,25386,666745
Mason Black,KCR,1.74289,2.60903,1.1236,4.87439,23.4748,2.54756,0.0,0.698969,0.0,39.3808,172.615,39.4741,23.1833,21.3286,6.07234,16.6767,0.262937,1.86588,32.6081,7.45217,3.81125,1.95531,1.38776,0.188907,0.0966122,0.09229440242052078,0.256205,1.42584,0.289464,0.691875,,,4.89619,0.0376727,-0.0971467,999.0,2.29568,-0.8056,0.715942,2.29568,0.8056,4.04541,126.4,3.241025641025641,130.0,3.3333333333333335,,,,,,,,,,,,,,,,,,,Royals,30171,696131
Ryan Webb,CLE,0.122352,0.703146,0.427351,4.71249,1.34783,1.34783,0.0,0.0,0.0,6.94088,30.4665,6.9586,3.95034,3.63431,0.949965,2.85126,0.0498433,0.45866,5.40555,7.00919,3.69713,1.89585,1.23179,0.177426,0.0935867,0.0838395282626152,0.25624,1.41334,0.288862,0.690988,,,4.7874,0.0374172,0.027076,999.0,0.972912,0.348369,1.35734,0.972912,-0.348369,3.19021,22.3,3.185714285714286,23.0,3.2857142857142856,,,,,,,,,,,,,,,,,,,Guardians,sa3018280,669067
Colin Holderman,CLE,1.76024,2.41093,0.0,4.23211,37.4349,0.0,0.0544759,4.43602,2.36789,38.4343,166.981,36.0258,19.6447,18.0731,4.37646,16.614,0.990732,2.49717,36.105,8.45457,3.89043,2.17317,1.02482,0.216223,0.0994965,0.11672621220350266,0.243632,1.36961,0.294719,0.709377,,,4.22837,0.0372129,-0.0675739,999.0,2.44094,-3.21419,0.841235,2.44094,3.21419,3.87835,169.4,4.457894736842105,169.0,4.447368421052632,,,,,,,,,,,,,,,,,,,Guardians,22361,670059
Spencer Miles,TOR,0.484419,0.587314,0.0,4.23448,9.85684,0.0,0.0,0.35474,0.0,10.2801,43.6933,9.62392,5.25733,4.83675,1.39342,4.1544,0.0,0.0,10.0667,8.8132,3.6371,2.42314,1.21991,0.230395,0.0950809,0.1353137269616127,0.243404,1.34029,0.293121,0.720436,,,4.15111,0.0370968,0.012659,999.0,1.10029,-1.22999,1.30258,1.10029,1.22999,3.26323,43.7,4.37,45.0,4.5,,,,,,,,,,,,,,,,,,,Blue Jays,sa3020475,693686
Brycen Mautz,STL,0.630723,0.727346,0.0,4.11678,12.2017,0.243962,0.0,1.07105,0.0,13.4963,57.5839,12.9916,6.71029,6.17347,1.64811,4.59391,0.335854,0.724233,11.8162,7.87966,3.06345,2.57215,1.09904,0.2052,0.0797777,0.12542251497507095,0.248568,1.30299,0.292347,0.711814,,,4.15374,0.0363547,-0.0210645,999.0,1.1187,-1.54386,1.27926,1.1187,1.54386,3.29432,47.8,3.6769230769230767,49.0,3.769230769230769,,,,,,,,,,,,,,,,,,,Cardinals,sa3020710,802408
Doug Nikhazy,CLE,1.22889,2.46465,0.800925,4.63042,16.8092,2.20542,0.0,0.642203,0.0,25.4941,111.919,24.5428,14.2571,13.1165,3.65258,12.4897,0.231052,0.698771,22.504,7.94444,4.40916,1.8018,1.28944,0.201074,0.111596,0.08947814255952835,0.248583,1.45259,0.287847,0.713541,,,4.78418,0.0349374,-0.0312667,999.0,2.96389,-1.8717,0.969134,2.96389,1.8717,3.70782,81.80000000000001,3.2720000000000002,84.0,3.36,,,,,,,,,,,,,,,,,,,Guardians,30142,680951
Joe Rock,TBR,0.777295,1.21383,0.535662,4.22791,11.1351,1.89047,0.0,0.665472,0.266745,20.4974,89.0305,20.6886,10.4663,9.62901,2.89108,7.17402,0.134019,1.52046,16.6206,7.29777,3.14997,2.31677,1.26942,0.186684,0.0805794,0.10610461235046387,0.257526,1.35933,0.292605,0.730474,,,4.61954,0.0337251,0.15133,999.0,3.19634,-2.1131,1.16918,3.19634,2.1131,3.44109,67.5,3.375,72.0,3.6,,,,,,,,,,,,,,,,,,,Rays,30016,697812
Colton Gordon,HOU,1.51616,1.4373,0.266028,4.35599,21.417,0.363799,0.0914104,0.952689,0.0,27.1529,114.878,27.0007,14.2847,13.142,4.36735,7.81756,0.674215,1.04491,24.0741,7.97953,2.59118,3.07949,1.44759,0.209562,0.068051,0.14151152968406677,0.254686,1.2823,0.291764,0.715355,,,4.43204,0.0334134,-0.0171852,999.0,1.54795,-0.416884,1.04945,1.54795,0.416884,3.60074,105.40000000000002,3.9037037037037043,108.0,4.0,,,,,,,,,,,,,,,,,,,Astros,31312,676467
Joel Kuhnel,ATH,0.832013,0.779528,0.0,4.12918,10.4428,0.0,0.0,0.897517,0.0,10.868,46.8224,11.5632,5.4198,4.98622,1.15649,2.85933,0.291996,0.774035,7.54609,6.24906,2.36786,2.63911,0.957714,0.161164,0.0610675,0.1000964306294918,0.267734,1.32706,0.301762,0.703149,,,4.13277,0.0333834,0.0767047,999.0,0.32496,0.339144,1.30251,0.32496,-0.339144,3.26332,45.900000000000006,4.172727272727273,50.0,4.545454545454546,,,,,,,,,,,,,,,,,,,Athletics,19995,669270
Lou Trivino,PHI,0.799208,1.20635,0.0,4.5111,18.9776,0.0213922,0.0,1.45056,0.517514,19.6757,85.4861,19.0566,10.7197,9.86212,2.60914,7.99846,0.381319,1.17481,17.0457,7.797,3.65864,2.13112,1.19346,0.199397,0.0935645,0.10583291202783585,0.249717,1.37505,0.290293,0.698025,,,4.52503,0.0329797,-0.0262871,999.0,1.12607,0.024511,1.13675,1.12607,-0.024511,3.48433,72.69999999999999,3.6349999999999993,72.0,3.6,,,,,,,,,,,,,,,,,,,Phillies,15043,642152
Hagen Smith,CHW,0.88372,1.25505,0.990046,4.83574,3.97907,3.94926,0.0,0.0,0.0,20.7619,94.4674,18.0079,12.1255,11.1555,2.74069,14.8442,0.0815817,1.19816,20.5594,8.91221,6.43474,1.38501,1.18805,0.217635,0.157135,0.060499340295791626,0.229619,1.58232,0.276956,0.714337,,,5.18876,0.03286,0.108986,999.0,3.75662,-2.04506,0.98547,3.75662,2.04506,3.68604,65.7,3.1285714285714286,60.0,2.857142857142857,,,,,,,,,,,,,,,,,,,White Sox,sa3025544,696146
Riley Martin,CHC,0.755008,0.748635,0.0,4.09225,15.0139,0.0,0.0,0.851462,0.0,16.2218,70.6835,14.003,8.01735,7.37596,1.66394,8.74719,0.414284,0.727928,16.2358,9.00776,4.85302,1.85612,0.923171,0.229697,0.123751,0.10594556480646133,0.228775,1.40244,0.284909,0.721467,,,4.21917,0.0328526,0.0368532,999.0,0.665566,-1.35469,1.1942,0.665566,1.35469,3.40774,63.40000000000001,3.962500000000001,60.0,3.75,,,,,,,,,,,,,,,,,,,Cubs,sa3017601,702303
Chris Murphy,CHW,2.30905,2.11013,0.0,4.18461,40.544,0.0,0.464663,5.52605,2.31928,48.1745,209.398,43.9237,24.3468,22.399,5.50579,22.3609,1.11753,2.92538,43.8295,8.18826,4.17748,1.9601,1.0286,0.209312,0.106787,0.10252545773983002,0.238571,1.37593,0.285049,0.715949,,,4.37594,0.0317142,0.11056,999.0,2.15711,0.304037,0.705895,2.15711,-0.304037,4.05881,204.00000000000003,4.250000000000001,199.0,4.145833333333333,,,,,,,,,,,,,,,,,,,White Sox,26214,669684
Scott Effross,DET,0.818818,1.05257,0.0,4.42199,13.3802,0.0,0.0294184,0.797852,0.634336,13.8459,59.9744,14.6784,7.3945,6.80294,1.491,4.59525,0.534782,0.409096,9.70677,6.30951,2.98696,2.11235,0.96917,0.161849,0.0766202,0.0852283388376236,0.267026,1.39201,0.301274,0.691202,,,4.21723,0.0312357,0.0238982,999.0,2.32245,-1.8919,1.23568,2.32245,1.8919,3.35243,61.30000000000001,4.378571428571429,66.0,4.714285714285714,,,,,,,,,,,,,,,,,,,Tigers,18384,664123
AJ Smith-Shawver,ATL,0.207659,0.207237,0.0338864,3.98517,6.82833,0.430129,0.0,0.804275,0.0,8.56943,36.1178,7.53128,4.12447,3.79451,1.11693,3.40739,0.115924,0.242099,9.47861,9.95486,3.5786,2.78178,1.17305,0.262436,0.0943411,0.16809479147195816,0.231958,1.27648,0.293257,0.726851,,,3.89498,0.0311751,0.0789176,999.0,0.85803,-0.158971,1.35917,0.85803,0.158971,3.18777,46.500000000000014,5.166666666666668,45.0,5.0,,,,,,,,,,,,,,,,,,,Braves,29960,700363
Nolan Hoffman,PHI,0.896699,0.869917,0.0,4.49296,14.1498,0.0,0.0,0.924688,0.0,14.752,64.3743,13.9099,8.00486,7.36447,1.52917,6.67683,0.233936,0.859163,13.4815,8.22487,4.07344,2.01914,0.932926,0.209424,0.103719,0.10570462048053741,0.244728,1.39552,0.295994,0.682097,,,4.18748,0.031026,0.00518709,999.0,1.09794,0.749617,1.18734,1.09794,-0.749617,3.41687,56.00000000000001,3.733333333333334,55.0,3.6666666666666665,,,,,,,,,,,,,,,,,,,Phillies,23381,676510
Jhonathan Díaz,SEA,0.0107263,0.0391664,0.239338,4.22653,3.776,0.538499,0.0,0.0,0.0,5.76942,24.2236,5.48044,2.945,2.7094,0.721651,1.79129,0.0,0.162858,4.52022,7.05131,2.79432,2.52344,1.12574,0.186604,0.0739481,0.11265574395656586,0.246097,1.26039,0.279475,0.691014,,,4.21037,0.0305735,0.0254995,999.0,0.751685,-2.29646,1.41516,0.751685,2.29646,3.11313,23.10000000000001,3.8500000000000014,21.0,3.5,,,,,,,,,,,,,,,,,,,Mariners,20298,646242
Henry Baez,ATH,0.427422,0.330805,0.269208,4.23856,9.9215,0.368147,0.0,0.5991,0.0,12.4405,53.9933,12.3593,6.36834,5.85888,1.28838,4.58598,0.283809,0.846015,10.0491,7.26996,3.31769,2.19127,0.932067,0.186118,0.0849362,0.10118196904659271,0.25451,1.36211,0.297416,0.698538,,,4.17582,0.0305477,0.0276399,999.0,1.19399,-0.0134718,1.28968,1.19399,0.0134718,3.28043,51.30000000000001,4.275000000000001,53.0,4.416666666666667,,,,,,,,,,,,,,,,,,,Athletics,sa3016584,692013
Héctor Neris,KCR,1.09471,1.26842,0.0,4.53027,14.9102,0.0,0.0206234,1.53927,0.657579,15.1031,65.1759,13.6374,8.26343,7.60236,2.13055,6.86582,0.332718,0.722665,15.5045,9.23918,4.09136,2.25821,1.2696,0.237887,0.105343,0.1325438767671585,0.236811,1.35755,0.288013,0.6986,,,4.42319,0.0301147,-0.0164892,999.0,1.1572,-0.671699,1.16428,1.1572,0.671699,3.44762,66.0,4.4,65.0,4.333333333333333,,,,,,,,,,,,,,,,,,,Royals,11804,593576
Thomas Harrington,PIT,0.773805,1.32573,0.735259,4.79635,8.37076,2.19598,0.0688011,0.483717,0.0,17.826,76.8104,18.439,10.3261,9.49998,2.80966,5.73037,0.199139,0.767273,14.2807,7.21001,2.89314,2.4921,1.41854,0.185921,0.0746041,0.11131695657968521,0.262242,1.35585,0.29366,0.684098,,,4.67542,0.0299452,0.0818165,999.0,1.62214,-2.45819,1.15969,1.62214,2.45819,3.45374,56.500000000000014,3.1388888888888897,58.0,3.2222222222222223,,,,,,,,,,,,,,,,,,,Pirates,31989,802419
Derek Law,ARI,0.861557,0.867318,0.0,4.1685,17.7115,0.0,0.000836756,0.963248,0.735954,18.5859,79.976,18.4034,9.35691,8.60835,2.03834,6.66931,0.29234,0.818403,15.6033,7.55571,3.22954,2.33957,0.987043,0.1951,0.0833914,0.11170823127031326,0.253881,1.34902,0.298378,0.707312,,,4.09043,0.0298564,0.114486,999.0,0.874144,0.598559,1.19035,0.874144,-0.598559,3.41287,81.2,4.273684210526316,81.0,4.2631578947368425,,,,,,,,,,,,,,,,,,,Diamondbacks,13133,571882
Gus Varland,WSN,1.2402,1.47149,0.0,4.34843,27.9638,0.0,0.255615,2.4519,1.23045,29.3192,127.591,28.4177,15.3976,14.1658,3.6419,12.4127,0.746673,1.44182,27.1842,8.34464,3.81027,2.19004,1.11794,0.213057,0.0972849,0.11577241867780685,0.249856,1.39262,0.298827,0.71177,,,4.3132,0.029637,0.0320249,999.0,1.8909,-2.06513,0.973696,1.8909,2.06513,3.70174,115.60000000000004,3.9862068965517254,116.0,4.0,,,,,,,,,,,,,,,,,,,Nationals,24737,681402
Jose Corniell,TEX,0.73178,1.3911,0.0584412,4.19183,13.4895,0.131649,0.0414399,0.892057,0.0,16.0758,67.2972,14.6224,8.13854,7.48746,2.24766,4.97588,0.263333,0.9183,14.9803,8.38666,2.78573,3.01058,1.25834,0.222599,0.0739388,0.1486598253250122,0.238138,1.21912,0.28013,0.696575,,,4.18899,0.0287359,0.0135301,999.0,2.39842,3.46227,1.26235,2.39842,-3.46227,3.31686,70.80000000000001,4.425000000000001,70.0,4.375,,,,,,,,,,,,,,,,,,,Rangers,27984,692030
Julian Merryweather,MIN,0.492856,0.70341,0.0,4.27352,11.1447,0.0,0.0,0.918589,0.612459,11.5163,49.8851,10.5826,5.94386,5.46835,1.37041,5.48174,0.500095,0.30833,11.9392,9.33053,4.28399,2.178,1.07098,0.239335,0.109887,0.1294473111629486,0.239996,1.39493,0.29924,0.715443,,,4.11697,0.0281113,0.0235852,999.0,0.881384,-1.61157,1.26578,0.881384,1.61157,3.31229,60.90000000000001,5.075000000000001,60.0,5.0,,,,,,,,,,,,,,,,,,,Twins,16703,657240
Bryce Montes de Oca,WSN,0.0811886,0.390943,0.0,3.9158,5.52076,0.0,0.0,0.651147,0.0,5.72099,24.9454,4.71763,2.70559,2.48914,0.593816,3.08585,0.141262,0.493805,6.75992,10.6344,4.85452,2.19062,0.934164,0.270989,0.123704,0.14728441834449768,0.220804,1.36401,0.294307,0.731181,,,3.9984,0.0275648,0.01714,999.0,0.974504,-0.97609,1.38838,0.974504,0.97609,3.14883,28.10000000000001,4.6833333333333345,26.0,4.333333333333333,,,,,,,,,,,,,,,,,,,Nationals,21319,656755
Chase Petty,CIN,2.05138,4.39862,1.26268,5.11838,25.5387,3.78945,0.0,0.91155,0.0,42.9223,192.419,45.0855,26.5329,24.4103,6.91509,20.0037,0.330337,2.42555,34.0382,7.13716,4.1944,1.70159,1.44996,0.176896,0.103959,0.07293722778558731,0.265225,1.51644,0.295812,0.69586,,,5.21116,0.0270986,-0.0979773,999.0,4.28238,-2.08205,0.575961,4.28238,2.08205,4.23205,121.1,2.816279069767442,130.0,3.0232558139534884,,,,,,,,,,,,,,,,,,,Reds,30170,695534
Yosver Zulueta,SEA,1.25269,0.735423,0.0,3.89816,22.0495,0.0,0.0,0.846776,0.507178,24.4578,105.098,20.8162,11.5145,10.5934,2.36462,11.6137,0.337496,1.49584,24.2352,8.91807,4.27363,2.08677,0.870133,0.230596,0.110504,0.12009204179048538,0.226291,1.32595,0.282183,0.718261,,,4.01822,0.0265288,-0.0481274,999.0,1.28369,-1.06906,1.10883,1.28369,1.06906,3.52155,111.40000000000003,4.641666666666668,107.0,4.458333333333333,,,,,,,,,,,,,,,,,,,Mariners,27765,691172
Ben Kudrna,KCR,0.577709,0.910078,0.49826,4.90282,6.53265,1.60417,0.0,0.684287,0.0,12.2912,54.5529,12.7601,7.27797,6.69573,1.64056,5.39614,0.171439,0.629121,9.39359,6.87827,3.95122,1.7408,1.20127,0.172192,0.0989159,0.0732765942811966,0.262946,1.47717,0.296574,0.685918,,,4.81243,0.0245945,0.00639093,999.0,0.319182,-2.0949,1.21778,0.319182,2.0949,3.3763,34.40000000000002,2.8666666666666685,38.0,3.1666666666666665,,,,,,,,,,,,,,,,,,,Royals,sa3018253,695667
Shawn Dubin,ARI,0.911547,0.24156,0.0,4.53739,16.7164,0.242257,0.100824,2.88304,0.245252,22.2083,97.2831,21.5039,12.17,11.1964,2.45152,9.86609,0.188097,1.28683,19.8167,8.03078,3.99827,2.00856,0.993485,0.203701,0.101416,0.10228490829467773,0.249668,1.41253,0.298337,0.687238,,,4.29214,0.0241646,-0.0263749,999.0,1.26631,-2.11618,1.07113,1.26631,2.11618,3.57183,100.00000000000001,4.545454545454546,103.0,4.681818181818182,,,,,,,,,,,,,,,,,,,Diamondbacks,24977,681869
Evan Reifert,TBR,0.66563,0.872696,0.0,4.12412,9.01265,0.0,0.0,1.02167,0.0,9.37241,40.8695,8.02065,4.66823,4.29478,1.04845,4.82187,0.236171,0.753298,10.3431,9.93217,4.63028,2.14505,1.00679,0.253077,0.117982,0.13509522378444672,0.22725,1.37025,0.29169,0.718638,,,4.16679,0.0238341,-0.0302225,999.0,0.666694,-0.449111,1.29063,0.666694,0.449111,3.27916,39.500000000000014,4.38888888888889,38.0,4.222222222222222,,,,,,,,,,,,,,,,,,,Rays,sa3014860,682126
Daniel Lynch IV,KCR,2.86756,2.30184,0.315238,4.2316,48.3854,0.431095,0.177845,7.40339,2.26897,55.8122,239.371,55.3157,28.5235,26.2416,7.04278,18.9161,0.725584,2.72562,42.8581,6.91108,3.05032,2.26569,1.13568,0.179045,0.0790244,0.10002025961875916,0.254057,1.33003,0.287632,0.710066,,,4.40305,0.0224595,0.0268057,999.0,1.8761,0.772087,0.655542,1.8761,-0.772087,4.12594,233.30000000000007,4.1660714285714295,237.0,4.232142857142857,,,,,,,,,,,,,,,,,,,Royals,21537,663738
Tyler Phillips,MIA,2.71645,3.29359,0.0158273,4.32186,56.741,0.0216441,2.2501,12.0516,0.798179,65.4155,281.293,66.7833,34.1445,31.413,7.70632,21.7485,0.971415,2.40254,48.5973,6.68611,2.9922,2.23451,1.06025,0.172764,0.0773159,0.09544768929481506,0.259714,1.35338,0.294151,0.699578,,,4.28839,0.0216382,0.0799348,999.0,1.7014,-2.3548,0.600877,1.7014,2.3548,4.19883,292.40000000000003,4.498461538461539,305.0,4.6923076923076925,,,,,,,,,,,,,,,,,,,Marlins,20629,663969
Ben Casparius,LAD,3.13372,2.57874,0.0933323,4.43938,45.6673,0.127634,0.00745108,8.28722,0.0,53.8077,230.295,50.9412,28.8494,26.5414,7.8372,20.3058,0.702368,2.46705,51.1207,8.55056,3.3964,2.51754,1.31087,0.22198,0.0881734,0.13380630314350128,0.245474,1.3241,0.290138,0.703404,,,4.39817,0.0216284,-0.079628,999.0,1.26682,0.820732,0.533105,1.26682,-0.820732,4.28919,236.60000000000005,4.381481481481482,234.0,4.333333333333333,,,,,,,,,,,,,,,,,,,Dodgers,30085,676508
Kyle Hart,SDP,2.19751,2.20989,0.951051,4.38529,30.3108,1.30058,0.0,2.35892,0.0,40.5074,173.492,38.2267,21.4537,19.7374,5.52757,15.3232,0.613617,2.06584,35.8943,7.97507,3.40454,2.34248,1.22813,0.206893,0.0883222,0.11857085675001144,0.244881,1.32198,0.285131,0.700618,,,4.4247,0.0211192,0.103621,999.0,1.60406,-0.752623,0.805404,1.60406,0.752623,3.92613,159.8,3.8975609756097565,156.0,3.8048780487804876,,,,,,,,,,,,,,,,,,,Padres,19646,606996
Drew Sommers,DET,0.623731,1.38226,0.0,4.1565,16.1058,0.0,0.0,0.680632,0.188357,16.1375,70.5424,15.7338,8.10089,7.45282,1.61832,6.27107,0.18185,1.57748,13.6767,7.62759,3.49742,2.18092,0.902552,0.193879,0.0888979,0.10498107969760895,0.250962,1.36358,0.297801,0.704383,,,4.20287,0.020904,0.027312,999.0,1.31105,-2.75994,1.23167,1.31105,2.75994,3.35777,60.20000000000001,3.7625000000000006,62.0,3.875,,,,,,,,,,,,,,,,,,,Tigers,32026,805427
Taylor Clarke,ARI,2.39826,2.52988,0.0,4.27875,55.3786,0.0738465,0.69169,8.72909,1.42003,59.1208,249.2,58.4387,30.5511,28.107,8.55366,16.5811,0.881557,2.13854,49.7068,7.5669,2.52415,2.9978,1.30213,0.199466,0.0665373,0.13292837888002396,0.253552,1.26892,0.289659,0.705352,,,4.28436,0.0208967,0.047657,999.0,1.10297,-0.862417,0.693876,1.10297,0.862417,4.07483,259.1,4.391525423728814,262.0,4.440677966101695,,,,,,,,,,,,,,,,,,,Diamondbacks,17611,664199
Jared Lyons,CIN,0.0658671,0.699113,0.3742,5.38423,1.28978,1.28978,0.0,0.0,0.0,6.40282,28.42,6.90861,4.16356,3.83048,1.13955,2.76651,0.0252261,0.112636,4.85422,6.82324,3.88869,1.75464,1.60178,0.170803,0.0973438,0.0734594315290451,0.270493,1.51107,0.295137,0.682144,,,5.28155,0.019858,-0.00108014,999.0,0.532534,-1.06127,1.33807,0.532534,1.06127,3.21591,14.90000000000001,2.4833333333333347,18.0,3.0,,,,,,,,,,,,,,,,,,,Reds,sa3020483,805723
Jhancarlos Lara,ATL,0.936429,0.903894,0.0,4.14467,11.2117,0.0,0.0,1.09016,0.0,11.5912,51.3616,10.0336,5.80213,5.33796,1.13481,6.70242,0.298877,0.89521,12.8621,9.98678,5.20411,1.91902,0.881123,0.250422,0.130495,0.119927316904068,0.229266,1.44385,0.298947,0.721838,,,4.15498,0.0192752,0.037285,999.0,0.320508,-1.18153,1.22094,0.320508,1.18153,3.37209,56.500000000000014,4.708333333333335,53.0,4.416666666666667,,,,,,,,,,,,,,,,,,,Braves,sa3019367,702910
Landon Knack,LAD,0.904573,1.20991,0.818696,4.86509,11.7988,2.42708,0.00374691,0.549939,0.0,22.0344,95.33,21.423,12.9468,11.911,3.79826,8.91424,0.123216,0.872845,19.8983,8.12752,3.64105,2.23219,1.55141,0.208731,0.0935093,0.11522145569324493,0.250435,1.37681,0.284975,0.695071,,,4.90247,0.0189509,-0.0414659,999.0,1.11011,-0.661285,1.05614,1.11011,0.661285,3.59182,73.0,3.3181818181818183,72.0,3.272727272727273,,,,,,,,,,,,,,,,,,,Dodgers,27487,689017
Jackson Jobe,DET,0.576941,0.409703,0.236395,4.49911,2.96075,1.10381,0.0,0.0,0.0,8.68286,37.6782,7.79235,4.71801,4.34057,1.1817,4.23652,0.0797233,0.382199,7.0238,7.28035,4.39126,1.65792,1.22486,0.186416,0.11244,0.0739760622382164,0.235707,1.38536,0.26598,0.704695,,,4.88233,0.0186563,0.0288801,999.0,1.26735,0.930406,1.30894,1.26735,-0.930406,3.25475,35.500000000000014,3.944444444444446,34.0,3.7777777777777777,,,,,,,,,,,,,,,,,,,Tigers,30203,695549
Kolby Allard,CLE,1.26324,1.20178,0.132094,4.38758,20.278,0.180642,0.0,1.67372,0.0,24.421,104.425,25.3443,12.9407,11.9054,3.48576,7.42634,0.598823,0.589394,18.8863,6.96029,2.73687,2.54316,1.28463,0.18086,0.0711165,0.10974384844303131,0.262882,1.3419,0.295237,0.71099,,,4.42867,0.0178648,-0.0808182,999.0,1.34641,1.96145,1.0846,1.34641,-1.96145,3.55386,97.70000000000002,4.070833333333334,103.0,4.291666666666667,,,,,,,,,,,,,,,,,,,Guardians,18694,663465
Nick Sandlin,LAA,1.54006,1.94516,0.0,4.32096,30.7736,0.0,0.0401074,4.97975,2.12189,30.5054,131.23,26.6426,15.9194,14.6459,4.5819,13.789,0.555125,2.02794,30.7701,9.07809,4.06818,2.23149,1.3518,0.234474,0.105075,0.12939872592687607,0.230845,1.32539,0.275547,0.720588,,,4.62587,0.0177015,0.0165171,999.0,1.13574,-1.14794,0.955744,1.13574,1.14794,3.72567,131.7,4.248387096774193,124.0,4.0,,,,,,,,,,,,,,,,,,,Angels,20517,680704
Keegan Thompson,COL,1.82898,2.49773,0.165569,4.73622,38.5811,0.22642,0.248525,3.80097,0.0,43.354,189.959,42.4069,24.7988,22.8149,6.29265,18.9145,0.630852,2.47729,41.5067,8.61652,3.92653,2.19444,1.30631,0.218504,0.0995717,0.11893211305141449,0.251573,1.41444,0.299039,0.695514,,,4.58751,0.017475,-0.112703,999.0,1.27533,1.42598,0.646119,1.27533,-1.42598,4.13851,172.2,4.004651162790697,174.0,4.046511627906977,,,,,,,,,,,,,,,,,,,Rockies,19795,624522
Julian Aguiar,CIN,1.10824,1.25188,0.418821,4.82138,21.9298,1.76753,0.0,0.881787,0.0,31.9259,137.625,32.3969,18.5902,17.103,5.21393,10.4746,0.745893,1.84883,24.4462,6.89146,2.95283,2.33385,1.46982,0.17763,0.0761101,0.10151941329240799,0.258552,1.34285,0.284219,0.682596,,,4.88478,0.0174682,-0.0148736,999.0,1.98273,-0.796034,0.953679,1.98273,0.796034,3.72843,108.10000000000001,3.3781250000000003,111.0,3.46875,,,,,,,,,,,,,,,,,,,Reds,30031,687924
Sam Aldegheri,LAA,1.23572,2.19751,1.05407,5.23861,6.72244,4.4361,0.0,0.0,1.14185,26.9008,121.095,28.0383,17.0196,15.6581,4.30303,12.6107,0.19207,2.16489,20.5836,6.88651,4.21905,1.63224,1.43963,0.169979,0.104138,0.06584043800830841,0.263717,1.51107,0.29147,0.68244,,,5.33206,0.0170445,-0.0506995,999.0,1.60224,-0.27311,0.87588,1.60224,0.27311,3.83216,74.80000000000003,2.7703703703703715,80.0,2.962962962962963,,,,,,,,,,,,,,,,,,,Angels,26443,691951
Matt Bowman,MIN,0.875449,1.12407,0.0,4.68499,18.5168,0.0,0.0,1.22885,0.0,20.4101,88.7273,21.0739,11.5484,10.6246,2.82156,7.18097,0.584594,1.07909,16.3236,7.19803,3.16651,2.27318,1.24419,0.183975,0.080933,0.1030421331524849,0.261894,1.38436,0.297647,0.687375,,,4.54685,0.0152061,-0.164042,999.0,1.37948,-2.73518,1.11181,1.37948,2.73518,3.51759,68.5,3.425,73.0,3.65,,,,,,,,,,,,,,,,,,,Twins,13528,621199
Trent Harris,SFG,0.0,0.0,0.0,4.78421,5.72052,0.0,0.0,0.0,0.0,5.6316,23.7609,5.16107,3.25396,2.99364,0.741,2.21188,0.0,0.0,5.187,8.28947,3.53487,2.34506,1.18421,0.2183,0.0930893,0.1252104938030243,0.239503,1.30921,0.282956,0.65014,,,4.18185,0.0148629,0.0138199,999.0,0.0,0.0,1.3913,0.0,0.0,3.14493,23.10000000000001,3.8500000000000014,21.0,3.5,,,,,,,,,,,,,,,,,,,Giants,sa3022526,805345
Marco Raya,MIN,0.952005,0.952974,0.0,4.51668,21.2906,0.0,0.0,1.27527,0.0,22.0818,97.3076,21.4832,12.0455,11.0818,2.48824,10.2905,0.487666,1.27586,20.0518,8.17263,4.19415,1.94858,1.01414,0.206066,0.105752,0.10031411051750183,0.250558,1.43891,0.300547,0.697353,,,4.35526,0.0146355,-0.0588846,999.0,2.07367,-1.17336,1.05652,2.07367,1.17336,3.59131,94.60000000000002,4.300000000000001,95.0,4.318181818181818,,,,,,,,,,,,,,,,,,,Twins,sa3014550,694397
Tyler Samaniego,BOS,1.66266,1.46887,0.0,4.39838,21.3248,0.0,0.0,1.05741,0.0,22.4239,97.9459,22.5226,11.9117,10.9588,2.70344,8.99558,0.575871,1.174,18.9545,7.60751,3.61044,2.10709,1.08505,0.19352,0.0918423,0.10167774558067322,0.256591,1.40556,0.299753,0.706963,,,4.37241,0.0145441,-0.018655,999.0,0.706272,0.769195,1.03895,0.706272,-0.769195,3.61473,78.10000000000001,3.5500000000000003,83.0,3.772727272727273,,,,,,,,,,,,,,,,,,,Red Sox,sa3017876,701719
Michel Otañez,TEX,0.890445,0.746535,0.0,4.26149,16.7791,0.0,0.0306134,1.44195,0.579046,17.2997,75.8657,14.3305,8.90371,8.19142,1.99949,9.87084,0.263726,1.32213,19.9448,10.3761,5.1352,2.02058,1.04021,0.262896,0.130109,0.13278673589229584,0.221584,1.39894,0.28859,0.714773,,,4.27288,0.0145043,-0.0377913,999.0,1.12642,-2.02268,1.13677,1.12642,2.02268,3.48431,75.80000000000001,4.458823529411766,70.0,4.117647058823529,,,,,,,,,,,,,,,,,,,Rangers,22533,671305
Bryse Wilson,PHI,0.941765,1.20208,0.635563,5.03896,9.28015,2.20774,0.0,0.431273,0.0242491,19.0251,82.9093,20.9808,11.5781,10.6518,3.17031,5.68033,0.184235,0.885209,13.5277,6.3994,2.68714,2.38149,1.49975,0.163162,0.0685126,0.09464962035417557,0.274821,1.40137,0.298605,0.678723,,,4.91465,0.0133392,-0.0644359,999.0,0.725385,-0.344925,1.10535,0.725385,0.344925,3.5262,56.09999999999999,2.9526315789473676,63.0,3.3157894736842106,,,,,,,,,,,,,,,,,,,Phillies,19990,669060
Craig Yoho,MIL,2.0889,1.12757,0.0,4.05291,29.1404,0.0,0.0,1.11593,0.694824,30.7909,132.212,26.3369,15.0716,13.8659,3.63165,14.1739,0.34467,2.09962,30.734,8.98337,4.14294,2.16836,1.06151,0.23246,0.107206,0.12525460124015808,0.227162,1.31567,0.278343,0.718084,,,4.25767,0.0129095,0.128114,999.0,1.70217,-2.14071,0.959193,1.70217,2.14071,3.72108,130.6,4.212903225806452,121.0,3.903225806451613,,,,,,,,,,,,,,,,,,,Brewers,33248,684974
Kade Strowd,ARI,2.06413,2.04519,0.0,4.06233,34.4127,0.0,0.327673,4.45958,1.02191,35.6836,155.675,33.8141,17.5071,16.1065,3.52433,16.2568,0.547879,1.76439,32.8308,8.28048,4.10023,2.01951,0.888896,0.210894,0.104428,0.10646580904722214,0.245647,1.40319,0.299016,0.721447,,,4.09407,0.0127079,0.121186,999.0,2.52584,0.88167,0.876949,2.52584,-0.88167,3.83073,156.80000000000004,4.355555555555557,156.0,4.333333333333333,,,,,,,,,,,,,,,,,,,Diamondbacks,26191,669704
Marco Gonzales,SDP,0.119538,0.442075,0.29931,5.2758,1.27934,1.27934,0.0,0.0,0.0,6.28079,27.3419,6.67944,4.00196,3.6818,1.06537,2.183,0.0515327,0.202355,4.1755,5.98324,3.1281,1.91274,1.52661,0.152714,0.0798407,0.07287352532148361,0.267643,1.41104,0.284751,0.659413,,,5.14999,0.0122099,-0.0213501,999.0,0.985296,0.303726,1.35754,0.985296,-0.303726,3.18994,15.90000000000001,2.6500000000000017,19.0,3.1666666666666665,,,,,,,,,,,,,,,,,,,Padres,15467,594835
Collin Snider,CHC,0.602452,0.701724,0.0,4.52414,9.80172,0.0,0.0,1.06307,0.303021,10.1962,44.1446,10.1985,5.57113,5.12544,1.38162,3.71803,0.278365,0.557143,8.43394,7.4445,3.28185,2.26839,1.21954,0.191053,0.084224,0.1068287119269371,0.255798,1.36488,0.29337,0.696481,,,4.50023,0.0113367,-0.0785266,999.0,0.661047,-0.232709,1.28808,0.661047,0.232709,3.28255,40.7,4.07,42.0,4.2,,,,,,,,,,,,,,,,,,,Cubs,23307,676092
Trent Thornton,CHC,0.867417,1.12873,0.0,4.27076,21.3213,0.0,0.00100612,1.80276,0.457894,22.8007,97.0769,22.0789,11.7604,10.8196,3.14838,7.4671,0.531828,1.18099,19.5963,7.73515,2.94745,2.62435,1.24275,0.201864,0.0769194,0.12494413554668427,0.24968,1.29584,0.288205,0.70751,,,4.34917,0.0107306,0.00189882,999.0,0.952811,0.9892,1.15276,0.952811,-0.9892,3.46299,100.10000000000001,4.352173913043479,100.0,4.3478260869565215,,,,,,,,,,,,,,,,,,,Cubs,17948,663423
Jedixson Paez,CHW,1.12403,1.70888,0.0,4.35718,33.212,0.0,0.0,3.21394,0.0,37.4566,159.9,38.2139,19.7108,18.1339,5.28625,11.1712,0.797746,1.51577,30.1685,7.24884,2.68421,2.70055,1.27017,0.188672,0.0698641,0.11880765855312347,0.259583,1.31847,0.294634,0.706796,,,4.37511,0.0105782,-0.0677573,999.0,2.13718,1.92202,0.956742,2.13718,-1.92202,3.72434,146.5,3.9594594594594597,153.0,4.135135135135135,,,,,,,,,,,,,,,,,,,White Sox,sa3016264,699151
Yoniel Curet,PHI,0.111355,0.855508,0.350109,5.12448,2.20834,1.41,0.0,0.0,0.0,7.26428,32.5579,7.01275,4.49585,4.13619,1.06599,3.80282,0.0671509,0.603312,6.37418,7.89722,4.71146,1.67617,1.3207,0.19578,0.116802,0.07897789776325226,0.249105,1.48887,0.287122,0.677849,,,5.10751,0.0103966,0.0346302,999.0,0.94173,1.35463,1.32275,0.94173,-1.35463,3.23634,18.3,2.6142857142857143,19.0,2.7142857142857144,,,,,,,,,,,,,,,,,,,Phillies,sa3015446,692414
Craig Kimbrel,NYM,0.888202,0.901594,0.0,4.15493,13.2812,0.0,0.343598,1.00416,0.81367,13.5341,58.068,11.0484,6.79146,6.24815,1.818,6.8631,0.191059,0.772136,15.7981,10.5055,4.56386,2.30189,1.20894,0.272062,0.118191,0.15387143194675446,0.219073,1.32344,0.281273,0.723665,,,4.23927,0.00968094,0.0322465,999.0,1.24098,2.63618,1.22507,1.24098,-2.63618,3.36657,62.40000000000003,4.457142857142859,56.0,4.0,,,,,,,,,,,,,,,,,,,Mets,6655,518886
Michael Kopech,,1.81831,1.94286,0.0,4.40145,29.7912,0.230894,0.297399,3.67093,0.730119,31.5575,138.131,26.153,16.7752,15.4332,4.02007,18.5711,0.315233,1.57414,34.2133,9.75741,5.29637,1.84228,1.1465,0.247688,0.134446,0.1132417768239975,0.221663,1.41723,0.277522,0.714879,,,4.53797,0.00942007,-0.0283737,999.0,1.42698,-1.4851,0.839944,1.42698,1.4851,3.88008,141.00000000000003,4.406250000000001,129.0,4.03125,,,,,,,,,,,,,,,,,,,,17282,656629
Tucker Davidson,PHI,0.280387,0.366626,0.0,4.47575,5.56139,0.0,0.0,0.66511,0.0,5.85555,25.2961,5.86041,3.16522,2.912,0.730955,2.22726,0.111413,0.168828,4.79186,7.36511,3.42331,2.15145,1.12348,0.18943,0.0880476,0.10138285160064697,0.255912,1.3812,0.295182,0.696804,,,4.34885,0.00829795,0.0220741,999.0,0.794718,0.846123,1.37026,0.794718,-0.846123,3.17298,24.500000000000007,4.083333333333335,25.0,4.166666666666667,,,,,,,,,,,,,,,,,,,Phillies,19871,656353
Trevor Stephan,CLE,0.786502,1.09226,0.0,4.36962,14.4068,0.0,0.0,0.762538,1.50256,14.9639,64.3485,14.2027,7.89694,7.26518,2.04775,5.64147,0.296682,0.959369,14.4349,8.68181,3.39305,2.55871,1.23161,0.224323,0.0876706,0.13665266335010529,0.245944,1.32614,0.294558,0.703717,,,4.3082,0.00807111,-0.0375944,999.0,0.543897,-0.716637,1.21684,0.543897,0.716637,3.37754,61.00000000000001,4.066666666666667,60.0,4.0,,,,,,,,,,,,,,,,,,,Guardians,19932,663986
Tayler Saucedo,LAA,0.849558,0.961975,0.0,4.45415,21.8599,0.0,0.0308479,1.21691,0.535626,21.9587,96.2775,21.313,11.8125,10.8675,2.50623,9.68286,0.507079,1.38191,19.5585,8.01628,3.96863,2.01991,1.02721,0.203147,0.100572,0.10257505625486374,0.250115,1.41155,0.29782,0.697904,,,4.34916,0.00684766,-0.0538444,999.0,1.41464,-1.72794,1.08763,1.41464,1.72794,3.54983,82.30000000000001,3.7409090909090916,82.0,3.727272727272727,,,,,,,,,,,,,,,,,,,Angels,17888,642048
Bryan Hoeing,SDP,0.216604,0.291459,0.0,4.40732,5.71214,0.115826,0.0,0.579932,0.0,7.1291,30.5514,7.17374,3.79471,3.49114,0.832333,2.39197,0.0504572,0.240003,5.50808,6.95357,3.0197,2.30273,1.05076,0.180289,0.0782934,0.10199550539255142,0.256944,1.34178,0.293869,0.686987,,,4.21523,0.00674877,-0.0347235,999.0,0.720701,0.105701,1.36856,0.720701,-0.105701,3.17526,31.3,4.4714285714285715,32.0,4.571428571428571,,,,,,,,,,,,,,,,,,,Padres,26304,663773
Beau Brieske,DET,2.01578,2.74481,0.0,4.51874,39.2784,0.402211,0.180817,6.16311,1.43056,42.8186,185.187,40.3914,23.3679,21.4984,5.79207,18.8116,1.01723,1.38237,37.2424,7.82796,3.954,1.97976,1.21743,0.201107,0.101582,0.09952511638402939,0.244806,1.38265,0.283697,0.701356,,,4.56895,0.00643796,-0.0805953,999.0,1.74573,-0.626638,0.725243,1.74573,0.626638,4.03301,178.39999999999998,4.148837209302325,175.0,4.069767441860465,,,,,,,,,,,,,,,,,,,Tigers,26079,689225
Juan Morillo,ARI,1.59986,1.93851,0.0,4.28312,46.986,0.0,0.0290378,4.33398,0.837537,46.562,205.999,44.9054,24.0859,22.159,4.59281,23.5366,0.775224,2.06177,42.3359,8.18313,4.54941,1.79872,0.887746,0.205515,0.114256,0.09125883877277374,0.24892,1.46991,0.30203,0.715282,,,4.24827,0.00575766,0.107838,999.0,2.91026,-2.98829,0.710024,2.91026,2.98829,4.0533,191.3,4.070212765957447,192.0,4.085106382978723,,,,,,,,,,,,,,,,,,,Diamondbacks,21924,666661
Garrett Hawkins,SDP,1.65321,1.6636,0.0,4.24299,21.2514,0.0,0.0,1.31214,0.0,22.1742,94.693,19.8116,11.3629,10.4539,3.12173,9.52163,0.560631,0.832828,22.0318,8.94219,3.86461,2.31387,1.26704,0.232666,0.100553,0.13211292028427124,0.234905,1.32285,0.281994,0.719883,,,4.37902,0.00530721,0.0506731,999.0,0.504627,0.175854,1.06892,0.504627,-0.175854,3.57477,88.9,4.040909090909091,86.0,3.909090909090909,,,,,,,,,,,,,,,,,,,Padres,sa3017383,678184
Chen Zhong-Ao Zhuang,ATH,0.127227,0.438795,0.0,4.35255,5.65722,0.0,0.0,0.538969,0.0,6.36455,26.695,6.47182,3.34565,3.078,1.00134,1.60339,0.156539,0.0989418,5.28238,7.46972,2.26732,3.29451,1.41597,0.197879,0.0600632,0.13781581073999405,0.258949,1.26878,0.2924,0.708724,,,4.3229,0.00526004,0.0138199,999.0,1.78374,-1.34002,1.39353,1.78374,1.34002,3.14196,24.500000000000007,4.083333333333335,25.0,4.166666666666667,,,,,,,,,,,,,,,,,,,Athletics,sa3018174,800018
Ronan Kopp,LAD,0.735965,0.668054,0.0,4.32186,12.0645,0.0,0.0,0.915175,0.0,12.5264,55.505,10.6386,6.53835,6.01528,1.41304,7.76207,0.2634,0.652363,14.0852,10.1199,5.57689,1.81461,1.01524,0.253764,0.139845,0.11391948163509369,0.225918,1.46894,0.292018,0.722325,,,4.36793,0.00477148,-0.0210645,999.0,1.2145,1.07573,1.20274,1.2145,-1.07573,3.39634,60.300000000000004,4.638461538461539,57.0,4.384615384615385,,,,,,,,,,,,,,,,,,,Dodgers,sa3017751,691947
Luke Jackson,,1.59309,1.97513,0.0,4.39702,30.9983,0.0,1.19985,3.69717,1.27599,32.5258,140.618,29.4127,17.2726,15.8908,3.63451,14.8492,1.31956,1.70597,28.7735,7.96172,4.10882,1.93772,1.00568,0.204622,0.1056,0.09902230650186539,0.237079,1.36082,0.281253,0.688968,,,4.34547,0.00438524,0.0249024,999.0,0.835953,0.409522,0.943538,0.835953,-0.409522,3.74195,147.60000000000005,4.472727272727274,141.0,4.2727272727272725,,,,,,,,,,,,,,,,,,,,11752,592426
Cole Irvin,LAD,0.191757,0.630506,0.0225269,5.33005,1.72166,1.72166,0.00121963,0.0,0.0,9.13638,39.8478,10.338,5.88132,5.41081,1.73478,2.49553,0.0842308,0.427365,5.81988,5.73301,2.45828,2.33212,1.70889,0.146053,0.0626267,0.08342622220516205,0.279974,1.40466,0.292923,0.668172,,,5.28929,0.00395265,-0.0345589,999.0,0.753035,-0.0284013,1.30647,0.753035,0.0284013,3.25804,22.000000000000007,2.444444444444445,25.0,2.7777777777777777,,,,,,,,,,,,,,,,,,,Dodgers,19244,608344
Lake Bachar,MIA,2.92188,2.76268,0.0,4.29767,45.9452,0.0988078,0.50541,6.70922,1.78796,50.2608,215.869,46.3063,26.0875,24.0005,7.2134,21.1253,1.32128,2.1784,49.8866,8.93299,3.78281,2.36147,1.29167,0.231097,0.0978615,0.13323526084423065,0.240471,1.34163,0.288582,0.721125,,,4.40674,0.00385918,0.0768967,999.0,0.915851,1.14196,0.599172,0.915851,-1.14196,4.2011,228.29999999999998,4.566,223.0,4.46,,,,,,,,,,,,,,,,,,,Marlins,19222,669199
Carlos Lagrange,NYY,0.843772,0.803168,0.0,4.21366,8.92641,0.262482,0.0,0.92479,0.0,10.0504,43.8076,8.53532,5.11463,4.70546,1.25005,5.24979,0.252844,0.77577,10.9717,9.82497,4.70111,2.08993,1.1194,0.250452,0.119837,0.13061410933732986,0.225909,1.37159,0.285023,0.720437,,,4.36732,0.0037409,0.0230332,999.0,0.601618,-1.22186,1.26465,0.601618,1.22186,3.3138,46.300000000000004,4.630000000000001,45.0,4.5,,,,,,,,,,,,,,,,,,,Yankees,sa3019390,801739
Jeff Criswell,COL,0.567978,0.580729,0.0,4.6993,8.91729,0.0,0.0,0.600474,0.0,9.70834,42.4212,9.68155,5.50995,5.06915,1.53842,4.17817,0.108186,0.310181,9.54281,8.84655,3.87332,2.28397,1.42617,0.224954,0.0984925,0.1264614537358284,0.255229,1.42761,0.303264,0.713294,,,4.61622,0.00204814,0.00074121,999.0,1.29826,0.0469965,1.26468,1.29826,-0.0469965,3.31376,35.4,3.54,36.0,3.6,,,,,,,,,,,,,,,,,,,Rockies,27608,676105
Peter Lambert,HOU,0.624234,0.632632,0.0,4.57948,12.4572,0.0,0.0,0.98229,0.0,13.9902,60.4297,13.3935,7.73768,7.11867,1.87864,5.86057,0.256733,0.463981,12.9818,8.35127,3.77013,2.21511,1.20854,0.214825,0.0969816,0.11784356832504272,0.247546,1.37625,0.293412,0.692758,,,4.38117,0.00175109,-0.085142,999.0,1.28516,-1.85918,1.21739,1.28516,1.85918,3.37681,57.20000000000003,4.085714285714288,56.0,4.0,,,,,,,,,,,,,,,,,,,Astros,17969,663567
Luis Perales,WSN,0.86407,1.18974,0.184708,4.18649,15.4721,0.252592,0.0,0.768024,0.0,16.9147,73.4901,14.7617,8.55234,7.86815,2.07898,8.74716,0.425615,0.759348,17.0987,9.09791,4.6542,1.95477,1.10618,0.232667,0.119025,0.11364209651947021,0.230711,1.38985,0.28306,0.726105,,,4.39728,0.00122067,-0.00220021,999.0,0.722607,-0.895669,1.17172,0.722607,0.895669,3.43771,70.20000000000002,4.129411764705884,67.0,3.9411764705882355,,,,,,,,,,,,,,,,,,,Nationals,sa3014677,691384
Nick Burdi,NYM,0.368381,0.121354,0.0,3.92425,7.68391,0.0,0.0,1.18053,0.0,7.82059,33.5967,6.326,3.70652,3.40999,0.983413,4.06606,0.0784231,0.446732,8.64119,9.94435,4.67926,2.1252,1.13172,0.257203,0.121026,0.13617780059576035,0.217508,1.32881,0.274552,0.741579,,,4.29111,0.000833481,0.0184266,999.0,1.26254,-0.0276858,1.34855,1.26254,0.0276858,3.20194,41.300000000000004,5.1625000000000005,37.0,4.625,,,,,,,,,,,,,,,,,,,Mets,16074,595897
Dylan Smith,DET,1.40456,1.11079,0.0,4.06039,18.9005,0.0,0.0,0.912746,0.0,22.1512,95.1413,19.9986,10.8626,9.99362,2.57871,9.24205,0.262931,1.44052,19.0969,7.75902,3.75503,2.0663,1.04772,0.200721,0.0971403,0.10358081012964249,0.236786,1.32005,0.277462,0.717039,,,4.37106,0.000350355,0.0375545,999.0,1.56179,0.801695,1.1301,1.56179,-0.801695,3.4932,85.9,3.9045454545454548,83.0,3.772727272727273,,,,,,,,,,,,,,,,,,,Tigers,30145,681916
Will Klein,LAD,2.90566,2.64443,0.0,4.32255,47.3526,0.0,0.211238,8.23287,1.19195,50.2805,223.661,44.2447,26.2488,24.1489,5.29764,30.2683,0.691016,2.8321,54.7996,9.8089,5.4179,1.81046,0.948256,0.245012,0.135331,0.1096806675195694,0.232181,1.48195,0.298528,0.719327,,,4.30003,0.000181526,0.0129919,999.0,3.26856,-1.47956,0.511602,3.26856,1.47956,4.31786,237.1,4.742,228.0,4.56,,,,,,,,,,,,,,,,,,,Dodgers,27787,694361
Zach Franklin,CHW,0.100525,0.607442,0.0,4.34824,7.15065,0.0,0.0,0.667197,0.0,7.41,32.1439,6.81029,3.89136,3.58005,0.969723,3.22917,0.187848,0.541347,7.27834,8.84008,3.92206,2.25394,1.1778,0.22643,0.10046,0.12597006559371948,0.240024,1.35485,0.29021,0.708155,,,4.39847,0.0001463,-0.0347674,999.0,0.689319,-0.995729,1.36224,0.689319,0.995729,3.18367,27.300000000000015,3.900000000000002,28.0,4.0,,,,,,,,,,,,,,,,,,,White Sox,sa3022735,702103
Max Lazar,PHI,1.58392,1.42048,0.0,4.43718,35.2211,0.0,0.0616798,2.14783,1.12688,38.3619,162.625,38.1698,20.5578,18.9132,5.29717,11.7101,0.55228,1.11164,29.9266,7.02101,2.74729,2.55562,1.24276,0.184022,0.0720071,0.11201535910367966,0.2548,1.30025,0.286899,0.69052,,,4.3727,9.83638e-05,-0.0598782,999.0,1.69163,-0.473113,0.920667,1.69163,0.473113,3.77244,149.89999999999998,3.9447368421052627,154.0,4.052631578947368,,,,,,,,,,,,,,,,,,,Phillies,23426,676661
Jose Espada,BAL,0.597011,0.610567,0.0,4.42681,11.1047,0.0,0.0,1.22389,0.0,12.7095,55.1566,11.6844,6.79498,6.25138,1.91396,6.10141,0.187501,0.386218,12.928,9.15473,4.32061,2.11885,1.35534,0.234387,0.11062,0.12376701086759567,0.24008,1.39942,0.288836,0.727568,,,4.58983,-0.000735653,-0.0413726,999.0,1.05451,1.27404,1.23217,1.05451,-1.27404,3.35711,52.39999999999999,4.03076923076923,51.0,3.923076923076923,,,,,,,,,,,,,,,,,,,Orioles,21131,664744
RJ Petit,COL,0.8621,1.53009,0.0,4.76709,18.7027,0.0,0.0,1.64062,0.0,18.9104,83.2459,19.7051,10.8874,10.0164,2.76462,7.39158,0.48906,1.11996,16.4934,7.84969,3.51787,2.23138,1.31576,0.198129,0.0887921,0.10933676362037659,0.263669,1.4329,0.305365,0.697888,,,4.6416,-0.00131749,0.037086,999.0,0.878661,-0.211004,1.09764,0.878661,0.211004,3.53648,67.69999999999999,3.5631578947368414,72.0,3.789473684210526,,,,,,,,,,,,,,,,,,,Rockies,sa3017848,696275
Riley Cornelio,WSN,0.642664,0.933619,0.625588,5.02884,6.71811,1.66513,0.0,0.353271,0.0,13.0202,57.8468,13.6996,7.90779,7.27516,1.93912,5.689,0.197084,0.569381,9.77904,6.75959,3.93243,1.71894,1.34038,0.169051,0.098346,0.07070458680391312,0.265556,1.48912,0.294969,0.688553,,,5.01112,-0.00133253,-0.0265361,999.0,0.788912,0.111745,1.19162,0.788912,-0.111745,3.41117,34.199999999999996,2.6307692307692303,38.0,2.923076923076923,,,,,,,,,,,,,,,,,,,Nationals,sa3020830,683000
Tom Cosgrove,HOU,0.536075,0.375163,0.0,4.51866,8.75632,0.0,0.0,0.750345,0.0,9.18113,40.1518,8.60146,5.01043,4.6096,1.18612,4.22358,0.198748,0.609639,8.19803,8.0363,4.14026,1.94101,1.16272,0.204176,0.10519,0.0989856868982315,0.24354,1.39689,0.285927,0.699953,,,4.60806,-0.00162919,-0.0401321,999.0,0.898135,1.37752,1.29591,0.898135,-1.37752,3.27212,35.90000000000001,3.9888888888888903,37.0,4.111111111111111,,,,,,,,,,,,,,,,,,,Astros,23443,676680
Joey Gerber,NYM,0.440736,0.473167,0.0,4.31034,11.6336,0.0,0.0,1.23137,0.0,12.8209,54.155,11.8729,6.67423,6.14029,1.86074,4.58564,0.22869,0.387521,11.9955,8.42059,3.21901,2.61589,1.3062,0.221504,0.0846762,0.1368275284767151,0.241408,1.28372,0.283426,0.70627,,,4.31431,-0.00205099,-0.0210645,999.0,1.09868,-0.165172,1.28918,1.09868,0.165172,3.28109,53.39999999999999,4.107692307692307,52.0,4.0,,,,,,,,,,,,,,,,,,,Mets,24591,680702
Tate Kuehner,MIL,0.657568,0.628092,0.0,4.20384,8.4895,0.0,0.0,0.666259,0.0,8.8299,38.6943,8.21242,4.48303,4.12438,1.0183,4.19367,0.224311,0.593254,8.13871,8.2955,4.27446,1.94071,1.03792,0.210333,0.108379,0.10195402055978775,0.242201,1.40501,0.290667,0.72156,,,4.41729,-0.00232224,0.0737859,999.0,0.56207,-0.98989,1.30167,0.56207,0.98989,3.26444,38.500000000000014,4.2777777777777795,37.0,4.111111111111111,,,,,,,,,,,,,,,,,,,Brewers,sa3023099,804249
Tyson Neighbors,BAL,0.629393,0.946746,0.0,4.40426,13.2183,0.0,0.0,1.15771,0.0,13.718,59.2896,12.5303,7.29679,6.71305,1.8691,5.97868,0.349258,0.86134,13.702,8.98952,3.92246,2.29181,1.22627,0.231103,0.100839,0.13026419281959534,0.238902,1.34925,0.28909,0.705513,,,4.4046,-0.00315103,0.0115478,999.0,0.774021,-0.389529,1.23231,0.774021,0.389529,3.35692,56.20000000000003,4.014285714285717,55.0,3.9285714285714284,,,,,,,,,,,,,,,,,,,Orioles,sa3025569,695695
Hunter Bigge,TBR,1.66977,2.04443,0.0,4.15489,44.887,0.0,0.348549,6.62858,2.05359,47.5378,202.089,42.5644,23.8544,21.946,6.85497,19.0603,0.676651,2.12947,47.7149,9.03354,3.60856,2.50337,1.2978,0.236108,0.0943163,0.1417921483516693,0.235293,1.29633,0.282669,0.725965,,,4.33953,-0.00317365,0.11056,999.0,2.43332,1.06428,0.805794,2.43332,-1.06428,3.92561,218.3,4.547916666666667,210.0,4.375,,,,,,,,,,,,,,,,,,,Rays,26259,685801
Drey Jameson,ARI,1.34016,1.81073,0.0,4.10325,25.8677,0.0,0.383142,2.29423,2.0405,28.4936,123.176,27.2256,14.1203,12.9907,3.17285,11.8846,0.226139,1.1495,25.9256,8.18885,3.75386,2.18145,1.00218,0.210476,0.0964843,0.11399133503437042,0.247186,1.37259,0.296788,0.720829,,,4.13529,-0.00366264,0.0942567,999.0,1.32451,-0.539172,1.02732,1.32451,0.539172,3.63024,121.10000000000004,4.325000000000001,122.0,4.357142857142857,,,,,,,,,,,,,,,,,,,Diamondbacks,26260,686753
Alex Carrillo,NYM,0.900559,1.67371,0.0,4.35354,18.5627,0.0,0.0,0.885489,0.0,20.0826,86.7211,17.5617,10.5592,9.71448,2.9809,9.3728,0.226742,1.34631,20.5794,9.22265,4.20042,2.19565,1.33589,0.237306,0.10808,0.1292257234454155,0.231068,1.34118,0.278038,0.719437,,,4.61653,-0.00366319,-0.0558626,999.0,0.72736,-1.22843,1.12772,0.72736,1.22843,3.49638,80.3,4.015,77.0,3.85,,,,,,,,,,,,,,,,,,,Mets,26463,692024
Hogan Harris,ATH,2.73616,2.98764,0.175157,4.23867,53.4665,0.239531,11.4523,11.0061,2.45843,62.5296,271.453,57.2997,32.0099,29.4491,7.46936,29.1914,1.70957,2.8417,60.0066,8.63686,4.20157,2.05563,1.07508,0.221057,0.107537,0.11351960897445679,0.239327,1.3832,0.289806,0.716537,,,4.30558,-0.00367849,0.0939743,631.4199829101562,1.3969,-1.26954,1.02241,1.3969,1.26954,3.63679,354.90000000000003,5.633333333333334,347.0,5.507936507936508,,,,,,,,,,,,,,,,,,,Athletics,21520,663687
Daison Acosta,SDP,0.200766,0.20157,0.0,4.29716,8.55703,0.0,0.0,1.27599,0.0,8.95558,38.9822,7.91932,4.64777,4.27595,1.1497,4.64352,0.356439,0.358632,9.14481,9.19017,4.66655,1.96937,1.1554,0.234589,0.119119,0.11547040939331055,0.233058,1.40279,0.285812,0.722622,,,4.43744,-0.00378055,-0.0302225,999.0,1.34234,0.355873,1.32393,1.34234,-0.355873,3.23476,40.500000000000014,4.500000000000002,39.0,4.333333333333333,,,,,,,,,,,,,,,,,,,Padres,sa944989,670897
Gunnar Hoglund,ATH,1.79671,2.38143,1.70084,4.89098,17.473,4.68535,0.0,0.4957,0.469991,40.2666,173.373,41.4938,23.7854,21.8826,6.95019,12.9535,0.430787,1.75007,31.3376,7.00429,2.89524,2.41924,1.55344,0.180753,0.0747146,0.10603804886341095,0.261511,1.35217,0.286951,0.685688,,,4.91795,-0.00393969,-0.0398395,999.0,1.12571,-1.4418,0.774366,1.12571,1.4418,3.96751,120.30000000000001,3.0075000000000003,126.0,3.15,,,,,,,,,,,,,,,,,,,Athletics,31318,680684
Josh Fleming,TOR,0.433678,0.244379,0.0,4.38499,5.58896,0.0,0.00574834,0.0,0.189404,9.93737,43.1131,10.5124,5.26271,4.84169,1.06567,3.2846,0.119105,0.398336,5.56846,5.0432,2.97477,1.69532,0.965144,0.129159,0.0761857,0.052973613142967224,0.266609,1.3884,0.288046,0.69356,,,4.52037,-0.00406254,0.0126627,999.0,0.709063,-0.468487,1.32612,0.709063,0.468487,3.23184,36.1,3.6100000000000003,40.0,4.0,,,,,,,,,,,,,,,,,,,Blue Jays,20418,676596
Grant Holman,ARI,1.44675,1.44119,0.0,4.33198,18.216,0.118198,0.0,1.43169,1.57385,18.4797,80.3304,17.9908,9.66834,8.89487,2.14364,7.58608,0.364303,0.977486,15.9747,7.77997,3.69457,2.10578,1.04399,0.198862,0.094436,0.10442585498094559,0.250684,1.38405,0.295388,0.704672,,,4.30445,-0.00411622,-0.039817,999.0,1.00348,1.31095,1.11938,1.00348,-1.31095,3.5075,70.80000000000003,3.933333333333335,73.0,4.055555555555555,,,,,,,,,,,,,,,,,,,Diamondbacks,30002,680880
Tyler Gilbert,CHW,1.74845,2.0497,0.0,4.39794,34.0858,0.319648,0.0372215,2.71733,0.528558,36.6302,157.615,35.0629,19.4562,17.8997,5.06766,14.4513,1.04582,1.50657,32.8527,8.07188,3.55067,2.27334,1.24512,0.208437,0.0916875,0.11674951761960983,0.24752,1.35173,0.289149,0.708589,,,4.44683,-0.00467849,0.0341098,999.0,1.44436,-1.2607,0.859458,1.44436,1.2607,3.85406,151.3,4.08918918918919,150.0,4.054054054054054,,,,,,,,,,,,,,,,,,,White Sox,17964,656457
Sauryn Lao,,0.126865,0.173583,0.0,4.04053,4.35513,0.0,0.00053871,0.0222892,0.0,5.44973,23.1629,4.99095,2.6594,2.44664,0.723807,1.81781,0.0,0.49543,4.5045,7.439,3.00204,2.47798,1.19534,0.194471,0.0784794,0.11599123477935791,0.239378,1.24938,0.273161,0.715972,,,4.48203,-0.00544137,-0.0361354,999.0,0.289913,-0.787875,1.41344,0.289913,0.787875,3.11541,15.7,3.1399999999999997,16.0,3.2,,,,,,,,,,,,,,,,,,,,21922,666659
Victor Mederos,LAA,1.06739,1.92773,0.123711,4.86531,18.8031,0.525779,0.0,0.891956,1.37872,23.7073,105.03,23.9059,13.9304,12.8159,3.22328,10.0255,0.351839,2.11075,18.8644,7.1615,3.80598,1.88164,1.22365,0.179609,0.0954533,0.08415576070547104,0.257346,1.43127,0.292101,0.679873,,,4.84695,-0.00563029,-0.0981482,999.0,1.10753,-1.70218,1.01074,1.10753,1.70218,3.65234,84.30000000000001,3.5125000000000006,87.0,3.625,,,,,,,,,,,,,,,,,,,Angels,31533,682989
Riley Gowens,CHW,0.562546,0.785266,0.0,4.44185,10.583,0.0,0.0,0.822876,0.0,10.9668,46.9986,10.4624,5.8832,5.41254,1.62721,3.92555,0.273746,0.69731,10.3129,8.46337,3.22154,2.62712,1.33539,0.21943,0.0835248,0.13590507209300995,0.246895,1.31195,0.29029,0.7023,,,4.44787,-0.00591898,-0.0256552,999.0,0.92296,-1.77524,1.28761,0.92296,1.77524,3.28319,39.80000000000001,3.618181818181819,38.0,3.4545454545454546,,,,,,,,,,,,,,,,,,,White Sox,sa3022948,803035
Scott Alexander,SFG,1.02463,1.19768,0.0,4.23254,26.3427,0.126448,0.0,3.2254,1.34823,24.6131,105.368,24.2036,12.5816,11.5751,2.6593,8.4519,0.81194,1.08882,16.799,6.1427,3.09051,1.9876,0.972396,0.159431,0.0802129,0.07921817898750305,0.252574,1.32675,0.282106,0.693818,,,4.33755,-0.00593574,0.00648933,999.0,1.45388,-0.150931,1.14232,1.45388,0.150931,3.47691,104.69999999999999,4.188,105.0,4.2,,,,,,,,,,,,,,,,,,,Giants,10591,518397
Walbert Urena,LAA,1.40577,1.75266,0.402414,4.78916,23.2869,0.55031,0.0,0.853293,0.0,26.7016,119.427,27.3852,15.4443,14.2087,3.05735,12.9689,0.693067,1.37143,20.9773,7.07056,4.37128,1.6175,1.03051,0.175649,0.108593,0.06705619394779205,0.260596,1.5113,0.30015,0.690525,,,4.66359,-0.00596681,-0.043605,999.0,1.24684,-1.16472,0.913038,1.24684,1.16472,3.78262,96.7,3.5814814814814815,100.0,3.7037037037037037,,,,,,,,,,,,,,,,,,,Angels,sa3018298,700712
Emiliano Teodo,TEX,0.78549,0.775147,0.0,4.45414,12.6613,0.0,0.0,1.03371,0.0,12.9432,57.4859,11.4892,6.96268,6.40567,1.44799,7.55793,0.31954,0.773962,13.1239,9.12558,5.25536,1.73644,1.00685,0.228297,0.131474,0.09682241082191467,0.233738,1.47159,0.290357,0.710016,,,4.49274,-0.00638621,-0.0411358,999.0,1.76247,-0.950399,1.19426,1.76247,0.950399,3.40765,58.300000000000004,4.484615384615385,55.0,4.230769230769231,,,,,,,,,,,,,,,,,,,Rangers,sa3015158,693713
Eric Cerantola,KCR,0.645727,0.827146,0.0,4.4976,11.6252,0.0,0.0,0.964329,0.0,12.4236,54.9124,11.3693,6.74834,6.20847,1.42391,6.57539,0.253556,0.815061,12.1868,8.82847,4.7634,1.8534,1.03152,0.221932,0.119743,0.10218847543001175,0.239244,1.44441,0.293278,0.701912,,,4.44784,-0.00645273,-0.0740491,999.0,1.07364,0.669531,1.22071,1.07364,-0.669531,3.37239,51.90000000000001,4.325000000000001,51.0,4.25,,,,,,,,,,,,,,,,,,,Royals,sa3017914,672021
Jake Bloss,TOR,0.863825,0.844895,0.149878,4.55616,11.7046,0.3008,0.0,0.834565,0.0,13.22,57.0071,13.0393,7.27445,6.69249,1.92615,5.2385,0.232989,0.259039,11.5533,7.86534,3.5663,2.20546,1.3113,0.202665,0.0918921,0.11077246814966202,0.253144,1.38259,0.292221,0.706195,,,4.52893,-0.00658364,-0.0352643,999.0,0.858047,-1.28761,1.21633,0.858047,1.28761,3.37823,50.8,3.9076923076923076,52.0,4.0,,,,,,,,,,,,,,,,,,,Blue Jays,33168,814005
Jake Eder,WSN,0.868393,1.38152,0.0,4.59752,15.0739,0.000152138,0.0,0.978945,0.0,17.489,76.2102,17.1078,9.71086,8.93399,2.26397,6.93693,0.482567,1.27243,14.4447,7.43338,3.56981,2.08229,1.16506,0.189538,0.0910237,0.09851422905921936,0.251583,1.37485,0.289398,0.686647,,,4.57434,-0.00752627,-0.10296,999.0,1.20035,-1.54416,1.16068,1.20035,1.54416,3.45242,65.00000000000001,3.8235294117647065,67.0,3.9411764705882355,,,,,,,,,,,,,,,,,,,Nationals,27590,671109
Drew Smith,,1.00878,1.51184,0.0,4.40157,30.0273,0.0,0.152861,2.85151,0.434346,30.449,131.31,27.9373,16.1864,14.8915,4.40124,13.4823,0.636093,1.28325,31.1331,9.20218,3.98504,2.30918,1.3009,0.237097,0.102676,0.13442088663578033,0.239715,1.36029,0.290534,0.715675,,,4.42407,-0.0080641,-0.0329785,999.0,1.35286,-0.769502,0.966321,1.35286,0.769502,3.71157,132.0,4.4,130.0,4.333333333333333,,,,,,,,,,,,,,,,,,,,17755,622098
Angel Perdomo,LAA,0.716179,0.631641,0.0,4.39267,10.6005,0.0,0.0,0.377505,0.0,10.9994,47.8184,8.96528,5.83534,5.36851,1.36993,5.67832,0.24081,1.16659,11.879,9.71975,4.64616,2.092,1.12092,0.24842,0.118748,0.12967194616794586,0.218807,1.33131,0.273958,0.692163,,,4.46119,-0.0103091,-0.0269222,999.0,0.925019,-0.923919,1.26166,0.925019,0.923919,3.31779,48.70000000000001,4.427272727272729,45.0,4.090909090909091,,,,,,,,,,,,,,,,,,,Angels,17759,622780
Jorge Alcala,TOR,0.840695,0.879274,0.0,4.7751,17.5582,0.0,0.0,1.36575,0.861064,18.7942,80.3522,17.1783,10.8386,9.97155,3.21976,7.65973,0.349427,0.823136,18.6439,8.92804,3.66803,2.43402,1.54185,0.232027,0.0953268,0.13670020550489426,0.239022,1.32158,0.27914,0.688595,,,4.73231,-0.010342,-0.130617,999.0,1.10167,-0.678389,1.1285,1.10167,0.678389,3.49533,74.49999999999999,3.9210526315789465,71.0,3.736842105263158,,,,,,,,,,,,,,,,,,,Blue Jays,19459,660896
Joel Peguero,SFG,2.07352,1.72757,0.0,4.32616,41.7011,0.0,2.67042,6.00426,0.587262,44.2414,193.388,43.9346,23.1154,21.2661,4.83022,18.8939,1.25003,1.91606,36.3559,7.39585,3.84358,1.92421,0.982609,0.187994,0.0976995,0.09029466658830643,0.254577,1.42013,0.297615,0.708326,,,4.32206,-0.0108122,-0.000807737,999.0,3.07302,3.12821,0.807763,3.07302,-3.12821,3.92298,197.70000000000002,4.493181818181818,203.0,4.613636363636363,,,,,,,,,,,,,,,,,,,Giants,21951,666711
A.J. Causey,ATH,0.5947,0.828212,0.0,4.48407,8.17598,0.0,0.0,0.592558,0.0,8.47986,36.8109,8.39096,4.59231,4.22492,1.14136,3.22662,0.215341,0.516938,7.15319,7.59195,3.42453,2.21693,1.21137,0.194323,0.0876538,0.10666868090629578,0.253754,1.37002,0.292643,0.701148,,,4.52218,-0.0110233,-0.0829403,999.0,0.350439,-0.552531,1.31152,0.350439,0.552531,3.25131,32.10000000000001,4.012500000000001,33.0,4.125,,,,,,,,,,,,,,,,,,,Athletics,sa3028661,822067
Duncan Davitt,CHW,0.467886,1.25504,0.200638,4.42291,14.4725,0.274377,0.0,1.06647,0.0,16.773,71.6732,16.7904,8.95959,8.24282,2.45751,5.35417,0.417596,0.719249,13.9684,7.49512,2.87293,2.60888,1.31865,0.19489,0.0747025,0.12018728256225586,0.255953,1.32026,0.291475,0.704927,,,4.46055,-0.0115486,-0.0118762,999.0,1.14203,-0.73612,1.23298,1.14203,0.73612,3.35603,71.00000000000001,4.176470588235295,73.0,4.294117647058823,,,,,,,,,,,,,,,,,,,White Sox,sa3020394,701474
Yunior Marte,CIN,0.330974,0.424364,0.0,4.91199,7.39321,0.0,0.0,0.439559,0.253135,7.71079,34.0726,7.85889,4.57431,4.20837,1.09265,3.37024,0.156862,0.405058,6.50297,7.59024,3.93373,1.92953,1.27533,0.190856,0.0989135,0.09194284677505493,0.259392,1.45629,0.29805,0.686104,,,4.7594,-0.0115751,-0.0543636,999.0,1.22827,-1.01968,1.3122,1.22827,1.01968,3.25041,31.100000000000005,3.8875000000000006,32.0,4.0,,,,,,,,,,,,,,,,,,,Reds,14416,628708
Chayce McDermott,BAL,0.416814,1.09099,0.242868,4.69095,9.11948,0.577191,0.0,0.233621,0.0,12.5568,55.8206,11.4684,7.11392,6.54481,1.75348,7.10883,0.184794,0.703175,12.3525,8.85356,5.09521,1.73762,1.2568,0.221289,0.127351,0.09393732249736786,0.238882,1.47946,0.286553,0.711019,,,4.84945,-0.0116909,0.0086993,999.0,2.3248,-1.75959,1.21566,2.3248,1.75959,3.37912,42.99999999999999,3.307692307692307,39.0,3.0,,,,,,,,,,,,,,,,,,,Orioles,29866,694646
James Karinchak,ATL,1.15515,1.10882,0.0,4.46378,19.7174,0.0,0.0,1.36012,0.0,20.7278,90.2011,17.7743,11.1744,10.2805,2.79288,11.2122,0.348054,0.896778,23.7709,10.3213,4.86834,2.12009,1.21267,0.263532,0.124302,0.1392294019460678,0.227606,1.39844,0.29074,0.71031,,,4.34572,-0.0126236,0.0146856,999.0,0.69878,0.734139,1.0449,0.69878,-0.734139,3.60681,87.7,4.1761904761904765,82.0,3.9047619047619047,,,,,,,,,,,,,,,,,,,Braves,20151,675916
Josh Staumont,CIN,0.688045,0.653077,0.0,4.77434,9.58589,0.0,0.0,0.759732,0.0,9.99549,44.2765,9.31426,5.76351,5.30243,1.38264,5.27533,0.157108,0.600002,9.75813,8.78628,4.74994,1.84977,1.24494,0.220391,0.119145,0.10124560445547104,0.242552,1.45962,0.290958,0.697499,,,4.74427,-0.0128588,-0.0440996,999.0,0.81121,0.0739857,1.24145,0.81121,-0.0739857,3.34474,44.300000000000004,4.430000000000001,43.0,4.3,,,,,,,,,,,,,,,,,,,Reds,18335,622251
Vince Velasquez,CHC,0.109803,0.425356,0.0,4.50044,5.739,0.0,0.0,0.707079,0.0,6.10352,26.4767,5.7027,3.31746,3.05206,0.901791,2.81266,0.114075,0.200074,5.93462,8.75095,4.14743,2.10997,1.32974,0.224145,0.106231,0.11791371554136276,0.243041,1.39515,0.288732,0.71667,,,4.59204,-0.0129983,0.0138199,999.0,0.906336,0.21196,1.3701,0.906336,-0.21196,3.1732,23.500000000000007,3.916666666666668,24.0,4.0,,,,,,,,,,,,,,,,,,,Cubs,11189,592826
Shinnosuke Ogasawara,WSN,0.180851,0.178806,0.0,4.59813,6.13935,0.0540689,0.0,0.921535,0.0,7.11334,30.6526,7.49105,3.95025,3.63423,0.974831,2.23413,0.115836,0.227595,5.25795,6.65251,2.82668,2.35347,1.23338,0.171534,0.0728855,0.09864818304777145,0.265726,1.36717,0.296757,0.690747,,,4.47657,-0.0132733,-0.0305768,999.0,1.45152,-3.66675,1.36322,1.45152,3.66675,3.18237,29.3,4.185714285714286,30.0,4.285714285714286,,,,,,,,,,,,,,,,,,,Nationals,35324,829272
Lazaro Estrada,TOR,0.638228,1.29717,0.0293669,4.45241,14.7482,0.0401598,0.0,0.517325,0.226825,19.1461,81.7573,18.6073,10.2954,9.47181,2.93505,6.29268,0.301108,1.14215,17.6519,8.29764,2.958,2.80515,1.37968,0.215906,0.0769678,0.13893865793943405,0.250359,1.30053,0.291656,0.702449,,,4.44905,-0.013837,-0.027688,999.0,1.59329,-0.616758,1.18443,1.59329,0.616758,3.42076,73.29999999999998,3.857894736842104,75.0,3.9473684210526314,,,,,,,,,,,,,,,,,,,Blue Jays,24914,681751
Blake Walston,ARI,0.729377,0.509197,0.160013,4.85256,4.98368,0.821362,0.0,0.523859,0.0,9.45174,42.5607,9.51353,5.53927,5.09613,1.28555,4.77908,0.0,0.76351,8.61405,8.20235,4.55067,1.80245,1.22411,0.202395,0.112289,0.09010596573352814,0.256997,1.51217,0.303409,0.700669,,,4.83977,-0.0141541,-0.067808,999.0,1.01307,-0.774025,1.23945,1.01307,0.774025,3.3474,32.30000000000001,3.5888888888888903,36.0,4.0,,,,,,,,,,,,,,,,,,,Diamondbacks,26270,686796
Adisyn Coffey,CHW,0.101636,0.773672,0.0,4.5137,7.62736,0.0,0.0,0.889596,0.0,7.904,34.2546,7.63418,4.30873,3.96403,1.10768,3.49426,0.20203,0.125518,6.98626,7.955,3.97879,1.99935,1.26127,0.203951,0.102009,0.101942278444767,0.249199,1.40795,0.289541,0.712041,,,4.5631,-0.0147191,0.0184266,999.0,0.565408,-1.04624,1.34636,0.565408,1.04624,3.20486,35.10000000000001,4.387500000000001,36.0,4.5,,,,,,,,,,,,,,,,,,,White Sox,sa3014738,676249
Albert Suárez,BAL,1.20687,0.853127,0.0711252,4.36379,17.9821,0.0972652,0.0,0.725589,0.587222,21.2586,91.2012,21.3918,11.2039,10.3076,2.9204,6.95439,0.753019,0.992445,17.9992,7.6201,2.9442,2.58818,1.23637,0.197357,0.0762533,0.1211036741733551,0.256945,1.3334,0.296326,0.706678,,,4.34911,-0.0153175,-0.034847,999.0,1.43627,-0.267753,1.12043,1.43627,0.267753,3.50609,79.9,3.804761904761905,82.0,3.9047619047619047,,,,,,,,,,,,,,,,,,,Orioles,6175,544150
T.J. McFarland,,0.781796,1.16465,0.0,4.51908,25.9982,0.0,0.0,2.36986,0.66647,21.4604,93.6058,22.7203,11.7127,10.7757,2.34403,7.19474,0.427131,1.24105,14.6883,6.15995,3.01731,2.04154,0.983032,0.156917,0.0768621,0.08005477488040924,0.266764,1.39396,0.299045,0.68344,,,4.36545,-0.0155151,-0.104455,999.0,0.790212,-0.350049,1.13473,0.790212,0.350049,3.48703,85.00000000000001,4.047619047619048,93.0,4.428571428571429,,,,,,,,,,,,,,,,,,,,3237,519008
Tommy Kahnle,BOS,1.37372,2.50805,0.0,4.38506,40.6123,0.0,0.844943,6.17954,1.51771,40.3217,175.714,37.6611,21.3543,19.6459,4.95892,18.9312,0.491422,1.78525,35.3973,7.90084,4.22554,1.86978,1.10686,0.201448,0.107739,0.09370923042297363,0.242979,1.40352,0.285257,0.709732,,,4.51953,-0.0155162,0.0469532,744.5599975585938,2.11416,0.938043,0.83417,2.11416,-0.938043,3.88777,171.7,4.2924999999999995,171.0,4.275,,,,,,,,,,,,,,,,,,,Red Sox,11384,592454
Wilber Dotel,PIT,0.736169,0.726751,0.137015,4.56101,10.6084,0.187371,0.0,0.783151,0.0,11.7455,51.1579,11.6203,6.47,5.9524,1.5309,4.67446,0.263176,0.683609,10.0661,7.71316,3.5818,2.15343,1.17305,0.196766,0.0913732,0.10539301484823227,0.253719,1.38731,0.294987,0.694256,,,4.48404,-0.0160237,0.045773,999.0,0.906004,0.957424,1.247,0.906004,-0.957424,3.33734,39.000000000000014,3.2500000000000013,40.0,3.3333333333333335,,,,,,,,,,,,,,,,,,,Pirates,sa3015163,696062
Seth Martinez,BOS,0.632201,0.591223,0.0,4.66249,11.0705,0.0,0.0345455,0.628647,0.0,11.7917,51.4858,11.8272,6.63993,6.10873,1.6576,4.68909,0.226856,0.655793,9.72085,7.41945,3.57895,2.07308,1.26516,0.188806,0.0910754,0.09773103892803192,0.256327,1.40067,0.292544,0.695731,,,4.67366,-0.0161727,-0.0548846,999.0,0.909138,1.61681,1.24866,0.909138,-1.61681,3.33511,39.000000000000014,3.2500000000000013,40.0,3.3333333333333335,,,,,,,,,,,,,,,,,,,Red Sox,21045,661527
Jose Franco,CIN,0.791685,0.787595,0.0,4.74757,12.5384,0.000297265,0.0,1.0067,0.0,13.0282,56.6752,12.4581,7.47005,6.87245,2.07636,5.61317,0.286544,0.69202,12.4887,8.62736,3.87764,2.2249,1.43438,0.220356,0.0990409,0.12131502479314804,0.247332,1.3871,0.289953,0.699088,,,4.74172,-0.0163594,0.0197606,999.0,1.01257,-0.649535,1.20323,1.01257,0.649535,3.39569,47.39999999999999,3.6461538461538456,46.0,3.5384615384615383,,,,,,,,,,,,,,,,,,,Reds,sa3008714,683742
Tejay Antone,CIN,0.471294,0.803182,0.0,5.00979,12.7508,0.0,0.0,0.513643,0.0,13.5156,59.6962,13.7272,8.17757,7.52336,1.93903,5.81328,0.266597,0.825372,11.7476,7.8227,3.87105,2.02082,1.29119,0.19679,0.0973812,0.09940854460000992,0.258723,1.44577,0.299413,0.675325,,,4.73537,-0.0166458,-0.0232749,999.0,1.57864,-1.22949,1.19658,1.57864,1.22949,3.40456,49.6,3.542857142857143,51.0,3.642857142857143,,,,,,,,,,,,,,,,,,,Reds,16233,622088
Shane Murphy,CHW,0.599399,1.24579,0.0,4.43583,14.2999,0.0,0.0,0.980538,0.0,15.5989,65.6501,15.7826,8.35679,7.68825,2.33859,4.20462,0.387506,0.270043,11.3059,6.52307,2.42591,2.68892,1.34928,0.172214,0.0640459,0.10816824436187744,0.257989,1.28132,0.282847,0.695883,,,4.49509,-0.017122,0.0368532,999.0,0.77784,-1.64896,1.26239,0.77784,1.64896,3.31682,66.20000000000002,4.137500000000001,68.0,4.25,,,,,,,,,,,,,,,,,,,White Sox,sa3020389,690294
Cade Winquest,NYY,1.53995,1.55212,0.0,4.63917,25.8692,0.0,0.0191241,1.7271,0.0,30.2102,131.101,30.2519,16.9264,15.5723,3.85774,11.1851,0.766137,1.7523,24.587,7.32479,3.33217,2.1982,1.14927,0.187543,0.0853164,0.10222642868757248,0.256017,1.37162,0.294188,0.680167,,,4.45219,-0.0175649,-0.134386,999.0,1.52358,-0.900006,0.934726,1.52358,0.900006,3.7537,113.80000000000001,3.793333333333334,117.0,3.9,,,,,,,,,,,,,,,,,,,Yankees,sa3020805,685464
Francis Peña,SDP,0.596809,0.549854,0.0,4.37552,6.58202,0.0,0.0,0.731805,0.0,6.82075,30.1577,6.74618,3.60439,3.31604,0.789914,3.10061,0.174687,0.462525,5.38982,7.11189,4.09127,1.73831,1.04229,0.178721,0.102813,0.07590779662132263,0.253668,1.44365,0.291762,0.714159,,,4.62745,-0.01796,-0.0347674,999.0,0.457917,0.386953,1.32977,0.457917,-0.386953,3.22698,26.3,3.757142857142857,27.0,3.857142857142857,,,,,,,,,,,,,,,,,,,Padres,sa3019374,800212
Alexander Alberto,TBR,0.267505,0.341815,0.0,4.82377,10.8298,0.0,0.0,1.25419,0.0,11.3339,49.2027,11.8413,6.60293,6.07469,1.58261,3.75001,0.0,0.629662,8.77392,6.96716,2.97779,2.33971,1.25671,0.178322,0.0762155,0.10210630297660828,0.26418,1.37564,0.297644,0.671996,,,4.56139,-0.0200263,-0.126583,999.0,1.00682,-0.569973,1.28488,1.00682,0.569973,3.28682,32.60000000000001,2.9636363636363643,36.0,3.272727272727273,,,,,,,,,,,,,,,,,,,Rays,sa3015986,693739
Chad Green,,1.24328,1.38508,0.0,4.57623,27.4159,0.0,0.455131,1.14661,0.579502,28.4442,121.024,27.8464,15.7207,14.463,4.76673,9.31009,0.882087,1.09514,24.8537,7.86393,2.9458,2.66954,1.50824,0.205361,0.0769275,0.12843357771635056,0.251733,1.3063,0.284939,0.703205,,,4.6636,-0.0200337,-0.139031,999.0,1.1264,1.15204,1.02273,1.1264,-1.15204,3.63636,96.90000000000005,3.4607142857142876,99.0,3.5357142857142856,,,,,,,,,,,,,,,,,,,,15552,643338
Jackson Rutledge,WSN,1.92157,1.86231,0.0,4.64501,33.2729,0.056615,0.891035,2.62688,0.532326,37.9368,164.696,37.136,21.2822,19.5797,5.56521,14.541,0.496485,2.62259,33.1392,7.86184,3.44965,2.27903,1.32027,0.201215,0.0882899,0.11292511224746704,0.251715,1.36219,0.290099,0.692589,,,4.65239,-0.020909,-0.0940857,999.0,3.4508,-2.73861,0.808849,3.4508,2.73861,3.92154,140.2,3.689473684210526,141.0,3.710526315789474,,,,,,,,,,,,,,,,,,,Nationals,26215,671131
Jaden Woods,PIT,0.499885,0.517577,0.0,5.01039,8.69575,0.0,0.0,0.891602,0.0,8.96128,39.6788,8.80111,5.42265,4.98884,1.01986,4.30254,0.0,0.497849,7.38325,7.41515,4.32113,1.71602,1.02426,0.186075,0.108434,0.07764112204313278,0.252337,1.46225,0.293906,0.657854,,,4.57386,-0.0212096,-0.0154657,999.0,0.364706,0.107683,1.27438,0.364706,-0.107683,3.30083,36.90000000000001,4.100000000000001,38.0,4.222222222222222,,,,,,,,,,,,,,,,,,,Pirates,sa3023064,692243
Zach Pop,PHI,0.802366,1.21236,0.0,4.58904,18.0706,0.0,0.00141604,1.74611,0.293683,18.341,79.7517,18.8542,10.1652,9.35197,2.3349,6.51344,0.347006,1.01164,14.0962,6.91704,3.19616,2.16417,1.14574,0.176751,0.0816715,0.09507949650287628,0.261042,1.3831,0.296068,0.687931,,,4.48383,-0.0222237,-0.033613,999.0,1.5941,-0.645826,1.15946,1.5941,0.645826,3.45406,71.20000000000002,3.9555555555555566,76.0,4.222222222222222,,,,,,,,,,,,,,,,,,,Phillies,20185,647315
Tyler Mattison,DET,0.666721,0.678232,0.0,4.62807,8.61437,0.0,0.0,0.730254,0.0,8.9091,39.0341,8.44834,4.9797,4.58132,1.23119,4.50563,0.229626,0.154683,8.27917,8.36364,4.5516,1.83752,1.24375,0.212101,0.115428,0.09667288511991501,0.245778,1.45402,0.290271,0.710067,,,4.64237,-0.0226904,-0.0359051,999.0,0.412004,-1.85449,1.27272,0.412004,1.85449,3.30304,38.500000000000014,4.2777777777777795,37.0,4.111111111111111,,,,,,,,,,,,,,,,,,,Tigers,sa3018117,694331
Casey Lawrence,SEA,0.135464,0.674142,0.40146,5.27455,1.6119,1.359,0.0,0.0349807,0.0,7.58212,32.9866,8.7449,4.82999,4.44359,1.41755,1.92865,0.0737299,0.249054,3.8641,4.5867,2.28931,2.00353,1.68263,0.117142,0.0584678,0.05867390334606171,0.283844,1.40773,0.287041,0.672525,,,5.40798,-0.0227767,-0.0526412,999.0,0.761274,-0.810256,1.34465,0.761274,0.810256,3.20713,25.500000000000007,3.187500000000001,29.0,3.625,,,,,,,,,,,,,,,,,,,Mariners,11121,596271
Mike Clevinger,PIT,1.28688,1.93941,1.31028,4.79451,17.5923,2.32764,0.0,0.422695,0.0,28.3514,123.203,28.6282,16.4168,15.1035,4.05576,10.8432,0.431492,1.22929,22.5189,7.14852,3.44213,2.07677,1.28748,0.182779,0.0880109,0.09476780891418457,0.257609,1.39222,0.290606,0.682224,,,4.68372,-0.02417,0.0158923,747.8300170898438,1.83908,-0.871059,0.952901,1.83908,0.871059,3.72947,92.6,3.307142857142857,98.0,3.5,,,,,,,,,,,,,,,,,,,Pirates,12808,605182
Alex Hoppe,SEA,0.44533,0.789378,0.0,4.28695,11.0611,0.0,0.0,0.687559,0.0,11.6536,51.1432,11.2344,6.03363,5.55094,1.30183,5.51348,0.297092,0.48333,10.1293,7.8228,4.25802,1.83719,1.00539,0.198058,0.107805,0.09025315940380096,0.248844,1.43714,0.294601,0.717857,,,4.39274,-0.0255355,-0.0240637,999.0,0.780208,-1.47768,1.27157,0.780208,1.47768,3.30458,53.90000000000001,4.491666666666668,53.0,4.416666666666667,,,,,,,,,,,,,,,,,,,Mariners,sa3020836,695380
Casey Legumina,SEA,2.96817,3.20761,0.0,4.27059,44.9532,0.0245679,0.0250244,3.47547,0.969436,47.5696,203.451,43.8054,24.5351,22.5723,6.3206,19.0299,1.09115,2.18783,45.169,8.54582,3.60039,2.37358,1.19583,0.222015,0.0935357,0.12847890704870224,0.240381,1.32091,0.286705,0.709441,,,4.30149,-0.0258458,-0.205833,999.0,1.85503,-1.80963,0.664412,1.85503,1.80963,4.11412,206.00000000000003,4.291666666666667,201.0,4.1875,,,,,,,,,,,,,,,,,,,Mariners,25921,668984
Jesse Scholtens,TBR,1.3032,1.32569,0.108945,4.40343,23.4847,0.464696,0.0188963,0.867859,0.0,30.6251,130.118,29.7249,16.2869,14.9839,4.56827,10.2044,0.533577,1.0696,27.6249,8.11832,2.99885,2.70715,1.34251,0.212307,0.0784246,0.13388216495513916,0.250117,1.30381,0.290323,0.705034,,,4.37464,-0.0259447,0.020314,999.0,1.91801,-1.0008,1.0006,1.91801,1.0008,3.66587,116.89999999999998,3.770967741935483,117.0,3.774193548387097,,,,,,,,,,,,,,,,,,,Rays,19205,669947
David Sandlin,CHW,0.814933,0.860664,0.0,4.45943,15.1686,0.0,0.0,1.04697,0.0,15.7556,67.5088,15.5707,8.48566,7.80681,2.41253,5.38525,0.394633,0.703882,13.6865,7.81808,3.07618,2.54149,1.3781,0.202737,0.0797711,0.12296608835458755,0.253514,1.33006,0.290336,0.70941,,,4.54779,-0.0266552,0.0368532,999.0,0.70553,-1.38514,1.20846,0.70553,1.38514,3.38872,66.20000000000002,4.137500000000001,68.0,4.25,,,,,,,,,,,,,,,,,,,White Sox,sa3020606,689818
Daysbel Hernández,ATL,1.98352,1.98567,0.0,4.2383,27.567,0.0,0.0152732,3.75342,1.00587,29.0332,128.181,25.6504,14.8613,13.6724,3.29168,16.5658,0.717337,1.47771,30.2043,9.36304,5.13522,1.8233,1.02039,0.235639,0.129238,0.10640127956867218,0.232895,1.45407,0.291733,0.727373,,,4.39279,-0.0277696,0.0395155,999.0,1.26417,-0.534969,0.880289,1.26417,0.534969,3.82628,132.10000000000002,4.5551724137931044,128.0,4.413793103448276,,,,,,,,,,,,,,,,,,,Braves,20271,678226
Juan Burgos,ARI,1.0724,1.19062,0.0,4.50367,21.9585,0.0,0.0,1.87785,1.51752,23.2237,101.527,22.9753,12.6318,11.6213,2.78034,9.52732,0.81274,1.44376,19.429,7.52942,3.69218,2.03929,1.07748,0.191367,0.0938401,0.09752700477838516,0.253713,1.39955,0.295477,0.694535,,,4.43552,-0.0286043,-0.0730589,999.0,1.004,0.86002,1.06182,1.004,-0.86002,3.58424,86.50000000000001,3.760869565217392,89.0,3.869565217391304,,,,,,,,,,,,,,,,,,,Diamondbacks,27271,686228
Domingo Gonzalez,SEA,0.81082,0.79761,0.0,4.30435,14.8466,0.0,0.0,1.04497,0.0,15.3936,66.5137,13.9864,8.00233,7.36214,1.92247,6.84163,0.347675,0.890433,14.5068,8.48152,4.00003,2.12037,1.12399,0.218102,0.10286,0.11524119973182678,0.237939,1.35304,0.284847,0.707174,,,4.38077,-0.0298353,-0.084851,999.0,0.985724,1.09309,1.20781,0.985724,-1.09309,3.38959,60.00000000000001,4.000000000000001,59.0,3.933333333333333,,,,,,,,,,,,,,,,,,,Mariners,sa3007495,682445
Mike Vasil,CHW,0.580694,0.567007,0.0,4.4593,9.8062,0.0964229,0.232017,0.411426,0.265616,13.6179,59.2254,12.7161,7.33408,6.74735,1.58109,6.0348,0.403888,0.846431,10.9667,7.24784,3.98837,1.81724,1.04493,0.185169,0.101895,0.08327323198318481,0.242933,1.37694,0.279801,0.690365,,,4.54978,-0.0301134,0.0322466,999.0,3.07104,-1.17666,1.24946,3.07104,1.17666,3.33406,46.2,3.3000000000000003,45.0,3.2142857142857144,,,,,,,,,,,,,,,,,,,White Sox,30105,678024
Taylor Rashi,ARI,0.956194,1.11262,0.0,4.11115,12.5817,0.0,0.168424,0.0,1.30114,21.5757,94.3485,20.931,10.7126,9.85563,2.58667,9.84718,0.379931,0.785088,19.2043,8.01082,4.10762,1.95023,1.07899,0.203547,0.10437,0.09917629510164261,0.250023,1.42652,0.296234,0.738876,,,4.39187,-0.0305722,0.0740746,999.0,1.64196,-0.181205,1.11734,1.64196,0.181205,3.51022,76.30000000000001,3.4681818181818187,76.0,3.4545454545454546,,,,,,,,,,,,,,,,,,,Diamondbacks,26344,688497
Robby Ahlstrom,TEX,0.116751,0.144716,0.0,4.82421,6.48326,0.0,0.0,0.764546,0.0,6.7184,29.6568,6.58939,3.91437,3.60122,0.949194,3.38458,0.175453,0.132318,5.68696,7.61827,4.534,1.68026,1.27154,0.191759,0.114125,0.07763398438692093,0.252081,1.48458,0.289185,0.700929,,,4.84928,-0.0312728,-0.0460075,999.0,0.577017,-0.90437,1.34402,0.577017,0.90437,3.20797,28.3,4.042857142857143,29.0,4.142857142857143,,,,,,,,,,,,,,,,,,,Rangers,sa3018193,695239
Tanner Rainey,DET,0.121235,0.263831,0.0,4.58924,10.8164,0.0,0.0,0.836855,0.174215,11.1909,49.2845,10.0249,6.20262,5.70641,1.46754,6.00235,0.15033,0.691827,10.8866,8.7553,4.82725,1.81373,1.18023,0.220893,0.12179,0.0991034209728241,0.235379,1.43217,0.283016,0.70313,,,4.68884,-0.0313275,-0.0325309,999.0,1.05337,-1.26986,1.28005,1.05337,1.26986,3.29327,48.10000000000001,4.372727272727274,47.0,4.2727272727272725,,,,,,,,,,,,,,,,,,,Tigers,17610,663432
Andrew Walters,CLE,1.31033,1.1526,0.0,4.17971,24.6446,0.0,0.0,0.955326,0.0,24.7757,106.109,21.1181,12.5067,11.5062,3.51977,11.9525,0.23356,0.941187,26.9815,9.80124,4.34186,2.25738,1.27859,0.25428,0.112644,0.14163612574338913,0.226552,1.3348,0.280611,0.730696,,,4.36518,-0.0314137,-0.0280474,999.0,0.60582,0.337927,1.04369,0.60582,-0.337927,3.60842,100.20000000000002,4.008000000000001,92.0,3.68,,,,,,,,,,,,,,,,,,,Guardians,33834,689958
Tyler Schweitzer,CHW,0.819945,0.828184,0.0,4.57113,12.3468,0.0,0.0,0.822876,0.0,12.7946,55.3964,13.2103,7.0635,6.49842,1.76935,4.7471,0.324897,0.206679,9.4643,6.6574,3.33921,1.9937,1.2446,0.170847,0.0856933,0.08515363186597824,0.261888,1.40352,0.291795,0.703727,,,4.615,-0.0315063,-0.0210645,999.0,0.597914,-1.33637,1.23285,0.597914,1.33637,3.3562,44.8,3.446153846153846,46.0,3.5384615384615383,,,,,,,,,,,,,,,,,,,White Sox,sa3020712,805326
Jake Miller,CLE,0.70726,0.682122,0.0,4.62774,9.61312,0.0,0.0,0.973728,0.0,9.96202,43.36,10.2453,5.56783,5.1224,1.37193,3.7841,0.20138,0.341129,7.64121,6.90331,3.41867,2.01929,1.23944,0.176227,0.0872716,0.08895551413297653,0.261129,1.40829,0.293611,0.698802,,,4.63366,-0.0317678,-0.0939211,999.0,0.852579,1.82317,1.27463,0.852579,-1.82317,3.30049,43.7,4.37,45.0,4.5,,,,,,,,,,,,,,,,,,,Guardians,sa3018171,681313
Michael Darrell-Hicks,PIT,0.283849,0.43078,0.0,4.67197,7.04523,0.0,0.0,0.586522,0.820978,7.85555,35.0114,8.38277,4.43248,4.07788,1.00786,3.13033,0.130276,0.638618,6.30618,7.22491,3.58638,2.01454,1.1547,0.180118,0.089409,0.09070908278226852,0.268314,1.4656,0.308208,0.700907,,,4.63684,-0.0335849,0.0305163,999.0,3.28748,-1.75579,1.32271,3.28748,1.75579,3.23639,30.100000000000005,3.7625000000000006,31.0,3.875,,,,,,,,,,,,,,,,,,,Pirates,31501,690382
Brandon Waddell,NYM,1.14896,1.06891,0.0,4.52936,8.18349,0.243094,0.0,0.215484,0.0,16.0675,69.2733,15.2069,8.78932,8.08617,2.0286,6.57032,0.245229,0.739677,13.0476,7.30841,3.68028,1.98583,1.13629,0.188349,0.0948463,0.09350251406431198,0.245418,1.35536,0.281064,0.685842,,,4.51722,-0.0337345,-0.064541,999.0,1.50425,-0.395277,1.17418,1.50425,0.395277,3.43442,56.80000000000001,3.5500000000000007,56.0,3.5,,,,,,,,,,,,,,,,,,,Mets,18347,663399
Eric Torres,BAL,0.0710915,0.114181,0.0,5.09524,5.29148,0.0,0.0,0.83519,0.0,5.4834,24.6549,5.4032,3.37431,3.10436,0.79816,3.11146,0.146045,0.183509,5.06382,8.31133,5.10689,1.62747,1.31003,0.205388,0.126201,0.07918757200241089,0.25296,1.55281,0.297139,0.694902,,,4.98314,-0.0338305,-0.0477704,999.0,0.619989,-1.2267,1.35114,0.619989,1.2267,3.19847,16.7,3.34,17.0,3.4,,,,,,,,,,,,,,,,,,,Orioles,sa3017262,701539
Carson Palmquist,COL,0.612366,1.6817,0.322362,5.27563,17.2922,1.22905,0.0,1.00658,0.0,24.0542,106.984,23.7314,15.3262,14.1001,4.04548,11.7271,0.388971,1.52779,22.7337,8.50593,4.38774,1.93857,1.51364,0.212496,0.109615,0.1028810366988182,0.253192,1.47411,0.29404,0.675697,,,5.08442,-0.0343385,0.00568654,999.0,2.22323,-2.34678,0.954408,2.22323,2.34678,3.72746,74.00000000000003,3.0833333333333344,76.0,3.1666666666666665,,,,,,,,,,,,,,,,,,,Rockies,31612,687223
Guillo Zuñiga,SEA,0.0908618,0.369877,0.0,4.49948,5.5972,0.0,0.00542609,0.667199,0.0,5.85555,25.4708,5.51272,3.182,2.92744,0.830365,2.49764,0.184487,0.420769,5.18959,7.97642,3.83889,2.07779,1.27628,0.203747,0.0980591,0.10568761825561523,0.244441,1.368,0.283223,0.705092,,,4.70131,-0.0344832,-0.0120388,999.0,0.98717,0.305806,1.38264,0.98717,-0.305806,3.15648,24.500000000000007,4.083333333333335,25.0,4.166666666666667,,,,,,,,,,,,,,,,,,,Mariners,19588,670871
Konnor Pilkington,DET,1.03632,1.27357,0.0,4.23627,23.4212,0.16435,0.279478,1.653,0.587119,24.8259,108.641,22.1603,12.7016,11.6855,3.0108,13.2612,0.295984,0.975834,24.1625,8.75949,4.80752,1.82204,1.09149,0.222407,0.122065,0.10034231841564178,0.23474,1.4268,0.284834,0.728053,,,4.4856,-0.035118,-0.00872369,999.0,1.9096,0.387961,1.04051,1.9096,-0.387961,3.61265,104.89999999999999,4.196,100.0,4.0,,,,,,,,,,,,,,,,,,,Tigers,21453,663455
Gavin Hollowell,CHC,0.721475,1.31457,0.0,4.41084,18.608,0.0,0.0,0.828791,0.401382,20.3747,89.124,18.7159,10.8538,9.98552,2.55557,10.029,0.379359,1.08868,19.8178,8.75399,4.43005,1.97605,1.12886,0.222362,0.112529,0.10983335971832275,0.239928,1.41081,0.290481,0.710891,,,4.45736,-0.0354836,-0.0558626,999.0,2.01137,-0.546057,1.11164,2.01137,0.546057,3.51781,72.69999999999999,3.6349999999999993,72.0,3.6,,,,,,,,,,,,,,,,,,,Cubs,25427,668970
Cole Wilcox,SEA,0.911078,0.896618,0.0,4.31407,17.3481,0.0,0.0,1.11036,0.0,18.9388,81.6502,18.3953,9.86756,9.07816,2.1525,7.327,0.311206,0.81591,15.4411,7.33782,3.4819,2.10742,1.0229,0.189113,0.0897366,0.09937597066164017,0.250251,1.35818,0.290498,0.698176,,,4.27191,-0.0357723,-0.0928262,999.0,1.42979,-1.49617,1.16965,1.42979,1.49617,3.44046,79.2,4.1684210526315795,79.0,4.157894736842105,,,,,,,,,,,,,,,,,,,Mariners,27481,677961
Michael Petersen,MIA,0.900892,1.1734,0.0,4.50317,27.3235,0.0,0.0,2.16338,1.20784,29.4044,127.147,28.2773,15.9919,14.7125,4.29208,11.9088,1.36674,1.39441,27.497,8.4162,3.645,2.30897,1.31371,0.216261,0.0936612,0.1226000040769577,0.248386,1.36667,0.292307,0.707905,,,4.51971,-0.0358857,-0.0473407,999.0,4.03854,-2.49371,0.988296,4.03854,2.49371,3.68227,115.60000000000004,3.9862068965517254,116.0,4.0,,,,,,,,,,,,,,,,,,,Marlins,20827,656848
Joel Hurtado,LAA,0.0875505,0.58416,0.113277,4.99313,6.25895,0.154909,0.0,0.411011,0.0,7.01929,31.3669,7.57468,4.23288,3.89425,0.936195,2.86503,0.180923,0.501098,4.78733,6.13822,3.67349,1.67095,1.20037,0.152623,0.0913391,0.061284229159355164,0.270517,1.48729,0.297994,0.6799,,,4.94362,-0.0362096,-0.035487,999.0,0.839487,-0.877078,1.34409,0.839487,0.877078,3.20788,16.7,2.3857142857142857,20.0,2.857142857142857,,,,,,,,,,,,,,,,,,,Angels,sa3019774,805871
Angel Chivilli,NYY,0.776975,1.35067,0.0,4.60611,19.1469,0.0,0.0150321,0.93254,0.930305,21.1041,91.0297,20.9652,11.7401,10.8009,3.04183,7.55929,0.350446,1.09226,18.0329,7.69027,3.22371,2.38553,1.29721,0.198099,0.083042,0.1150573194026947,0.254499,1.35161,0.292371,0.691685,,,4.52977,-0.0373795,-0.104219,999.0,1.67746,-1.29625,1.12274,1.67746,1.29625,3.50302,76.9,3.661904761904762,79.0,3.761904761904762,,,,,,,,,,,,,,,,,,,Yankees,26790,683409
Cole Winn,TEX,2.60388,3.14456,0.0,4.38315,55.7778,0.0,3.64858,11.57,1.25119,63.4078,274.506,58.5303,33.5659,30.8807,7.49754,28.2952,1.61506,3.77125,55.1859,7.83299,4.01618,1.95036,1.06419,0.201037,0.103077,0.09796001762151718,0.241422,1.36932,0.2839,0.697764,,,4.44879,-0.0382268,-0.207172,999.0,2.53974,1.22462,0.613143,2.53974,-1.22462,4.18248,308.70000000000005,4.9,306.0,4.857142857142857,,,,,,,,,,,,,,,,,,,Rangers,22113,668390
Valente Bellozo,COL,0.159382,0.869895,0.0063137,5.137,11.9798,0.474257,0.0,0.882087,0.0305966,14.896,64.8027,16.4848,9.24165,8.50232,2.73468,4.49621,0.258912,0.474327,10.7781,6.51199,2.71656,2.39715,1.65226,0.166321,0.0693831,0.09693830460309982,0.275517,1.4085,0.296854,0.684412,,,5.07567,-0.0387207,0.00111836,999.0,0.837433,1.15696,1.21784,0.837433,-1.15696,3.37621,46.49999999999999,3.0999999999999996,50.0,3.3333333333333335,,,,,,,,,,,,,,,,,,,Rockies,23899,678368
Josh Ekness,MIA,0.494475,0.989171,0.0,4.62095,12.1616,0.0,0.0,0.972007,0.0,12.9558,57.2677,12.3124,7.23046,6.65202,1.6079,5.99316,0.335859,1.26071,11.4928,7.98365,4.16326,1.91764,1.11696,0.200685,0.104652,0.09603303670883179,0.24618,1.41292,0.289991,0.689844,,,4.65406,-0.0390713,-0.00401654,999.0,0.583831,0.117846,1.23404,0.583831,-0.117846,3.35462,45.39999999999999,3.4923076923076914,44.0,3.3846153846153846,,,,,,,,,,,,,,,,,,,Marlins,sa3023204,694795
Corbin Martin,CHC,0.730564,0.651521,0.0,4.68751,8.8002,0.0518889,0.0549213,0.816324,0.0,9.46225,41.7982,9.13617,5.35681,4.92827,1.26149,4.74119,0.152584,0.38564,8.49426,8.07929,4.50957,1.79159,1.19986,0.203221,0.113431,0.08979019522666931,0.249137,1.4666,0.29257,0.703522,,,4.69833,-0.0392814,-0.0302225,999.0,0.905356,-1.27819,1.25697,0.905356,1.27819,3.32404,35.90000000000001,3.9888888888888903,37.0,4.111111111111111,,,,,,,,,,,,,,,,,,,Cubs,19884,656686
Sam Benschoter,CIN,0.513508,0.519037,0.0,4.76477,5.5823,0.0,0.0,0.0,0.0,7.65666,32.9593,8.37963,4.40607,4.05358,1.46073,2.29877,0.0,0.0,5.39642,6.34321,2.70209,2.34752,1.71701,0.16373,0.0697459,0.09398411959409714,0.273304,1.39466,0.290669,0.726521,,,5.10635,-0.0412861,0.042046,999.0,0.63036,0.978953,1.32328,0.63036,-0.978953,3.23563,30.100000000000005,3.7625000000000006,31.0,3.875,,,,,,,,,,,,,,,,,,,Reds,sa3017639,680397
Chris Devenski,PIT,0.494251,0.876518,0.0,4.59771,13.1,0.076382,0.0,0.897421,1.40856,14.2719,61.2633,14.4819,7.9249,7.29091,2.1491,4.52671,0.168037,0.723391,11.7442,7.406,2.85458,2.59442,1.35524,0.191701,0.0738894,0.11781113594770432,0.258545,1.33189,0.292803,0.692738,,,4.55051,-0.0414124,-0.0460468,999.0,0.733949,-0.0982182,1.24729,0.733949,0.0982182,3.33695,52.6,3.757142857142857,54.0,3.857142857142857,,,,,,,,,,,,,,,,,,,Pirates,12763,606965
Connor Seabold,DET,0.814939,1.18722,0.0,4.80443,17.0145,0.26994,0.0,0.0,0.0,19.3032,83.412,19.6703,11.2006,10.3045,3.02667,6.44114,0.277548,1.1284,16.1272,7.51925,3.00315,2.50379,1.41117,0.193344,0.0772207,0.11612368375062943,0.259357,1.3527,0.293598,0.681668,,,4.67897,-0.041685,-0.130546,999.0,2.05079,-3.69908,1.13032,2.05079,3.69908,3.4929,62.69999999999999,3.2999999999999994,67.0,3.526315789473684,,,,,,,,,,,,,,,,,,,Tigers,19695,657756
Alek Jacob,SDP,0.943775,1.14686,0.0,4.64167,25.9832,0.0,0.0,2.21327,0.612996,28.9706,126.182,27.7589,16.2406,14.9413,4.17562,11.9265,0.444425,2.19205,25.2127,7.83257,3.70507,2.11401,1.2972,0.199812,0.094518,0.10529439151287079,0.247707,1.36985,0.285252,0.692822,,,4.73031,-0.0425726,-0.0860406,999.0,2.00627,0.132117,0.985262,2.00627,-0.132117,3.68632,108.60000000000004,3.744827586206898,109.0,3.7586206896551726,,,,,,,,,,,,,,,,,,,Padres,29628,689690
Génesis Cabrera,PHI,0.601598,1.12206,0.0,4.61223,19.1446,0.0,0.00608061,1.21574,0.732521,19.9971,86.6947,18.9932,11.139,10.2479,2.97143,8.5117,0.554985,0.998327,17.898,8.05531,3.83083,2.10276,1.33734,0.206449,0.0981802,0.10826896876096725,0.246075,1.37545,0.284502,0.701049,,,4.7035,-0.0430484,-0.0262871,999.0,1.03238,-0.295928,1.13453,1.03238,0.295928,3.4873,71.69999999999999,3.5849999999999995,71.0,3.55,,,,,,,,,,,,,,,,,,,Phillies,17490,650893
Jack Neely,CHC,0.601242,0.425439,0.0,4.60537,13.0696,0.0,0.0,1.15626,0.0,13.5085,59.0866,12.3234,7.5135,6.91242,1.93043,6.7471,0.240567,0.706254,13.3241,8.87713,4.49523,1.97479,1.28614,0.225501,0.11419,0.11131129413843155,0.238672,1.41174,0.285689,0.706077,,,4.67545,-0.0434643,-0.0694943,999.0,1.09778,-1.71331,1.20842,1.09778,1.71331,3.38877,53.800000000000026,3.8428571428571447,50.0,3.5714285714285716,,,,,,,,,,,,,,,,,,,Cubs,30106,680891
Jorge López,,1.45361,0.869813,0.0,4.67349,25.2139,0.0,0.329195,1.77566,1.51294,25.7438,110.586,24.8424,14.5306,13.3682,3.32166,8.91969,0.445946,1.90948,20.9077,7.3093,3.11831,2.34399,1.16125,0.189063,0.0806583,0.10840430110692978,0.24903,1.31147,0.284939,0.660608,,,4.45016,-0.044022,-0.143545,999.0,0.486513,-0.356617,1.03893,0.486513,0.356617,3.61475,107.5,4.134615384615385,108.0,4.153846153846154,,,,,,,,,,,,,,,,,,,,14527,605347
Kevin Herget,NYM,0.134512,0.0405937,0.0,4.04971,2.96351,0.0,0.0228724,0.0,0.0,5.47072,23.2286,5.09964,2.67571,2.46165,0.987284,2.01374,0.111249,0.195467,3.77491,6.21018,3.31284,1.87458,1.6242,0.162511,0.086692,0.07581884413957596,0.242616,1.30026,0.252955,0.774304,,,5.31264,-0.0448663,-0.0390159,999.0,0.673227,-1.54681,1.41233,0.673227,1.54681,3.11689,13.7,2.7399999999999998,14.0,2.8,,,,,,,,,,,,,,,,,,,Mets,15369,643361
Colin Poche,DET,1.00951,1.08664,0.0,4.6858,15.5019,0.0,0.0262975,1.41779,0.459079,15.4003,66.7846,14.2818,8.71531,8.01809,2.22835,7.26655,0.300652,0.421288,13.8921,8.11858,4.2466,1.91178,1.30225,0.208013,0.108806,0.09920718520879745,0.241669,1.39922,0.280468,0.696364,,,4.70964,-0.0458486,-0.127755,999.0,0.968591,1.08535,1.15695,0.968591,-1.08535,3.45739,61.00000000000001,4.066666666666667,60.0,4.0,,,,,,,,,,,,,,,,,,,Tigers,19403,621363
Karson Milbrandt,MIA,0.143905,0.792571,0.0,4.65674,10.583,0.0,0.0,0.830893,0.0,10.9668,48.7525,10.6397,6.16782,5.67439,1.39239,5.47231,0.282653,0.727087,9.43679,7.74439,4.4909,1.72446,1.14267,0.193565,0.112247,0.08131849765777588,0.250033,1.46916,0.291493,0.702141,,,4.76055,-0.0462937,-0.0110848,999.0,0.880715,-0.975034,1.27921,0.880715,0.975034,3.29438,44.50000000000001,4.045454545454546,46.0,4.181818181818182,,,,,,,,,,,,,,,,,,,Marlins,sa3020659,703596
Brandyn Garcia,ARI,1.98115,2.45433,0.0,4.21775,30.6062,0.0,0.0111484,2.33692,0.386143,33.0828,146.24,31.8679,16.8521,15.5039,3.17651,15.5298,0.371223,2.57113,29.4596,8.01433,4.2248,1.89697,0.864151,0.201447,0.106194,0.095253124833107,0.248698,1.4327,0.300425,0.711181,,,4.24381,-0.0463034,0.0607279,999.0,3.80494,-3.87625,0.874698,3.80494,3.87625,3.83374,133.10000000000002,4.033333333333334,135.0,4.090909090909091,,,,,,,,,,,,,,,,,,,Diamondbacks,33568,805299
Andrew Hoffmann,ARI,2.86574,3.12015,0.0,4.27801,46.1805,0.0,0.21923,7.46342,6.29802,50.2168,216.588,48.7628,25.9454,23.8698,6.18332,19.7273,0.90738,1.96679,45.8315,8.21407,3.53559,2.32325,1.10819,0.211607,0.0910823,0.12052503228187561,0.250202,1.36389,0.298011,0.711052,,,4.20654,-0.0483091,0.0676347,999.0,3.23372,-4.00208,0.618592,3.23372,4.00208,4.17521,222.79999999999998,4.4559999999999995,226.0,4.52,,,,,,,,,,,,,,,,,,,Diamondbacks,29633,694851
Eduarniel Núñez,ATH,2.11244,1.83173,0.0,4.48724,33.1766,0.0,0.0,1.12714,0.46342,35.6104,158.494,31.9957,19.2986,17.7547,4.23337,20.0587,0.59066,2.8135,34.8943,8.81903,5.06954,1.73961,1.06992,0.220162,0.126558,0.09360373020172119,0.235918,1.46177,0.28771,0.710111,,,4.64766,-0.0485873,-0.0191847,999.0,1.57843,0.133386,0.742678,1.57843,-0.133386,4.00976,139.00000000000006,3.8611111111111125,133.0,3.6944444444444446,,,,,,,,,,,,,,,,,,,Athletics,23162,674384
Scott Blewett,STL,0.759085,0.912561,0.0,4.51568,17.355,0.0660905,0.0,0.802416,0.0,19.834,85.7072,19.9288,10.8169,9.95156,2.64668,7.25313,0.460634,0.808288,15.232,6.91175,3.29122,2.10006,1.20097,0.177721,0.0846268,0.09309424459934235,0.256663,1.37047,0.289157,0.697078,,,4.55326,-0.0489283,-0.0558177,999.0,1.4638,-2.22144,1.15418,1.4638,2.22144,3.4611,69.1,3.4549999999999996,71.0,3.55,,,,,,,,,,,,,,,,,,,Cardinals,16427,656240
Rafael Montero,NYY,1.11315,1.463,0.0,4.40696,30.5105,0.0,0.0,2.13008,1.45835,31.2903,135.971,28.5256,16.654,15.3217,4.00635,15.0271,0.593811,1.36312,29.1607,8.38747,4.32224,1.94054,1.15234,0.214463,0.110518,0.10394586622714996,0.238547,1.39189,0.283744,0.708909,,,4.50719,-0.0492311,-0.081538,999.0,0.87304,-0.470031,0.944065,0.87304,0.470031,3.74125,122.79999999999998,3.9612903225806444,121.0,3.903225806451613,,,,,,,,,,,,,,,,,,,Yankees,12760,606160
Tyler Ferguson,ATH,2.36998,2.38537,0.0,4.3282,41.2768,0.0,0.395733,6.12597,2.16841,43.5951,190.056,38.346,22.7884,20.9654,5.38537,21.9267,1.13812,2.9216,43.138,8.90563,4.52667,1.96737,1.11179,0.226975,0.11537,0.11160526424646378,0.232108,1.38256,0.282477,0.710829,,,4.47196,-0.0493351,-0.000803879,999.0,1.71468,0.0085521,0.689895,1.71468,-0.0085521,4.08014,200.3,4.552272727272728,190.0,4.318181818181818,,,,,,,,,,,,,,,,,,,Athletics,19481,621053
Tyson Miller,CHW,0.238395,0.380918,0.0,5.03282,5.88173,0.0,0.000400523,0.234055,0.0600932,6.23869,27.5853,6.23521,3.79206,3.48869,0.997431,2.82721,0.118836,0.407638,5.10603,7.36601,4.07856,1.80603,1.4389,0.1851,0.10249,0.08261004090309143,0.256061,1.45261,0.287048,0.687497,,,5.1322,-0.0493928,-0.0872269,999.0,1.43218,0.568302,1.3429,1.43218,-0.568302,3.20946,17.500000000000007,2.916666666666668,18.0,3.0,,,,,,,,,,,,,,,,,,,White Sox,19976,668338
Ky Bush,CHW,1.11983,1.53624,0.0466594,4.76658,7.60485,1.63161,0.0,0.0117806,0.0,16.0144,72.0221,15.4794,9.21906,8.48153,2.16273,9.26935,0.222874,0.671547,12.093,6.79622,5.20933,1.30462,1.21545,0.167907,0.128701,0.03920555114746094,0.249341,1.54541,0.278443,0.714965,,,5.24276,-0.0496351,0.035459,999.0,3.26258,-0.95557,1.10693,3.26258,0.95557,3.52409,48.80000000000001,3.0500000000000007,48.0,3.0,,,,,,,,,,,,,,,,,,,White Sox,29823,681066
Joe Ross,ARI,1.07208,1.15918,0.00859044,4.44523,19.3026,0.443082,0.0,0.693119,0.693702,21.8418,94.8342,22.091,11.7261,10.788,2.75668,8.03537,0.49239,1.14825,17.7269,7.30444,3.31101,2.20611,1.1359,0.186925,0.0847307,0.10219419747591019,0.257921,1.3793,0.29669,0.700511,,,4.41406,-0.0499234,-0.0263997,999.0,0.466995,-1.54405,1.10022,0.466995,1.54405,3.53304,81.7,3.713636363636364,84.0,3.8181818181818183,,,,,,,,,,,,,,,,,,,Diamondbacks,12972,605452
Zach Brzykcy,MIA,0.379355,0.465525,0.0,4.93099,7.90355,0.0,0.0,0.384452,0.172039,8.03432,35.7282,7.82454,4.78468,4.4019,1.16847,4.09307,0.155439,0.430702,7.49496,8.39581,4.58504,1.83113,1.30892,0.209777,0.114561,0.09521577507257462,0.250751,1.48334,0.295287,0.693747,,,4.84923,-0.0506443,-0.0712038,999.0,1.85341,-1.96193,1.29211,1.85341,1.96193,3.27719,28.100000000000005,3.5125000000000006,29.0,3.625,,,,,,,,,,,,,,,,,,,Marlins,27783,694350
Dale Stanavich,MIA,0.0,0.207784,0.0,4.57317,5.83137,0.0,0.0,0.80657,0.0,5.89574,27.089,6.10328,3.25631,2.9958,0.846768,3.50161,0.0,0.327541,5.34266,8.15571,5.3453,1.52577,1.29261,0.197226,0.129263,0.06796285510063171,0.262395,1.62912,0.30793,0.754041,,,5.1383,-0.0507015,0.0212693,999.0,0.224739,0.107683,1.35399,0.224739,-0.107683,3.19469,18.500000000000007,3.0833333333333344,19.0,3.1666666666666665,,,,,,,,,,,,,,,,,,,Marlins,sa3019833,689359
Joe La Sorsa,PIT,0.299637,0.482456,0.0,4.65482,7.04961,0.0,0.0,0.433268,0.0,7.60291,33.125,8.09075,4.27417,3.93224,1.11381,2.55546,0.167182,0.354354,5.15708,6.10474,3.02505,2.01806,1.31848,0.155685,0.0771459,0.07853947579860687,0.267771,1.40028,0.291382,0.701235,,,4.83117,-0.0511175,0.0305163,999.0,1.47844,-0.555512,1.34405,1.47844,0.555512,3.20793,27.100000000000005,3.3875000000000006,28.0,3.5,,,,,,,,,,,,,,,,,,,Pirates,25481,686747
Josh Simpson,SEA,1.49097,1.22366,0.0,4.2486,21.6841,0.0,0.0,1.72959,1.16211,22.4146,97.9093,19.8818,11.5013,10.5812,2.46175,11.5112,0.797074,1.28988,22.0345,8.84741,4.62203,1.91418,0.988451,0.225051,0.11757,0.1074805036187172,0.233606,1.40056,0.287403,0.711777,,,4.31012,-0.0513494,-0.153541,999.0,1.28381,-0.862854,1.04358,1.28381,0.862854,3.60855,99.20000000000002,4.50909090909091,97.0,4.409090909090909,,,,,,,,,,,,,,,,,,,Mariners,25957,681006
Randy Dobnak,SEA,0.481578,0.77491,0.226,4.2292,8.46411,0.353878,0.0,0.57008,0.0,11.4255,49.7873,11.1862,5.83586,5.36899,1.32194,4.67664,0.263654,0.67613,8.75566,6.89691,3.68384,1.87221,1.0413,0.175861,0.0939325,0.08192882686853409,0.251746,1.38837,0.287112,0.715593,,,4.51207,-0.0515522,-0.076515,999.0,1.67417,-1.27183,1.2956,1.67417,1.27183,3.27253,44.50000000000001,4.045454545454546,46.0,4.181818181818182,,,,,,,,,,,,,,,,,,,Mariners,23798,677976
Enmanuel De Jesus,DET,0.760648,0.891626,0.0,4.61597,29.8104,0.0,0.0,1.3157,0.0,31.2021,137.471,31.4528,17.3947,16.0031,3.7403,13.4063,0.697549,1.81338,24.7896,7.15036,3.86694,1.8491,1.07886,0.180326,0.0975211,0.08280536532402039,0.257281,1.4377,0.295692,0.693149,,,4.56785,-0.052154,-0.10095,999.0,2.43062,-2.21372,0.950736,2.43062,2.21372,3.73235,108.6,3.5032258064516126,112.0,3.6129032258064515,,,,,,,,,,,,,,,,,,,Tigers,18554,646241
Sam Bachman,LAA,2.33432,3.82709,0.0,4.47349,41.606,0.0,0.562591,4.6661,2.80449,44.5113,196.52,43.3366,24.0484,22.1245,4.98427,20.9926,0.859847,2.6628,37.8947,7.66216,4.24462,1.80515,1.0078,0.192829,0.106822,0.08600716292858124,0.250697,1.44523,0.295051,0.702353,,,4.48249,-0.0527988,-0.054749,999.0,2.16113,-2.71503,0.670615,2.16113,2.71503,4.10585,188.7,4.193333333333333,189.0,4.2,,,,,,,,,,,,,,,,,,,Angels,29754,696147
Luis Mey,CIN,1.88255,1.74807,0.0,4.60749,29.1424,0.0,0.278618,2.2043,1.63934,29.6746,133.448,27.3103,16.5127,15.1917,3.63329,17.8723,0.537157,1.91177,27.4625,8.32907,5.42048,1.53659,1.10194,0.205792,0.133928,0.07186456024646759,0.240273,1.5226,0.286759,0.71503,,,4.87602,-0.0534393,-0.0361246,999.0,1.88969,0.276837,0.827053,1.88969,-0.276837,3.89726,104.60000000000001,3.486666666666667,100.0,3.3333333333333335,,,,,,,,,,,,,,,,,,,Reds,25620,682825
Prelander Berroa,CHW,1.12761,1.69487,0.0,4.42876,26.9206,0.0,0.0,1.44858,0.0,28.3171,125.421,25.453,15.1461,13.9344,3.53018,16.3749,0.670136,1.19028,28.9741,9.20879,5.20443,1.76942,1.12199,0.231014,0.13056,0.10045470297336578,0.235991,1.47712,0.29094,0.723366,,,4.5703,-0.0537737,-0.0375572,999.0,1.90947,-0.351964,0.920401,1.90947,0.351964,3.7728,104.00000000000006,3.714285714285716,99.0,3.5357142857142856,,,,,,,,,,,,,,,,,,,White Sox,22932,672860
Cameron Foster,BAL,1.50375,1.43954,0.0,4.53326,20.6311,0.0,0.0,1.18898,0.0,22.1845,96.1217,22.0276,12.1459,11.1743,3.29817,8.79272,0.5631,0.744389,19.4821,7.90364,3.5671,2.21571,1.33803,0.202681,0.0914749,0.11120650172233582,0.254405,1.38927,0.293544,0.712684,,,4.60117,-0.0539904,-0.0860584,999.0,0.540739,-0.651432,1.04001,0.540739,0.651432,3.61332,80.7,3.6681818181818184,83.0,3.772727272727273,,,,,,,,,,,,,,,,,,,Orioles,sa3020735,671382
Austin Love,STL,0.64136,1.24099,0.0,4.60224,17.1733,0.0,0.0,1.05426,0.0,18.0169,78.8158,17.5586,10.0143,9.21313,2.44286,8.01013,0.463346,0.817766,15.3118,7.64872,4.0013,1.91156,1.22028,0.194274,0.101631,0.09264277666807175,0.25088,1.41915,0.289389,0.702272,,,4.66798,-0.0543773,-0.0604212,999.0,0.444586,-1.48316,1.15027,0.444586,1.48316,3.4663,68.80000000000003,3.8222222222222237,71.0,3.9444444444444446,,,,,,,,,,,,,,,,,,,Cardinals,sa3017609,676153
Ryder Ryan,LAD,0.635259,0.572268,0.0,4.85997,7.47976,0.0,0.0,0.734334,0.0,7.82672,34.7701,8.10589,4.59391,4.2264,1.17273,3.31595,0.1302,0.572517,6.10065,7.01518,3.81303,1.83979,1.34853,0.175457,0.0953678,0.08008883893489838,0.262483,1.45934,0.293675,0.698151,,,5.01454,-0.0552411,-0.0828068,999.0,0.707942,1.2783,1.29336,0.707942,-1.2783,3.27552,30.100000000000005,3.7625000000000006,31.0,3.875,,,,,,,,,,,,,,,,,,,Dodgers,19891,656924
Jayden Murray,HOU,1.04146,1.05974,0.0,4.44417,24.0625,0.101838,0.0,2.37428,0.271547,25.9031,112.59,24.6882,13.9031,12.7909,3.32298,10.9988,0.405083,1.52484,21.9283,7.61896,3.82153,1.99369,1.15457,0.194762,0.0976894,0.09707306325435638,0.246719,1.37771,0.285574,0.701918,,,4.56019,-0.0557779,-0.0701184,999.0,2.2816,-0.797984,1.04307,2.2816,0.797984,3.60924,103.5,3.980769230769231,104.0,4.0,,,,,,,,,,,,,,,,,,,Astros,26482,681151
William Kempner,MIA,0.645985,1.743,0.0,4.70893,17.8776,0.0,0.0,1.20745,0.0,18.8612,83.8483,17.5706,10.7266,9.86847,2.35618,10.0898,0.488927,1.30166,18.1289,8.65056,4.81456,1.79675,1.1243,0.216211,0.120334,0.09587655961513519,0.242498,1.46652,0.292745,0.695099,,,4.64866,-0.0559628,-0.0824732,999.0,0.906937,-1.3693,1.09471,0.906937,1.3693,3.54039,76.2,4.010526315789474,76.0,4.0,,,,,,,,,,,,,,,,,,,Marlins,sa3020527,687531
Gavin Collyer,TEX,0.510786,1.26982,0.0,4.92185,14.4707,0.0,0.0,0.851906,0.0,15.1708,67.5606,14.0093,9.01793,8.2965,2.01509,8.21598,0.362472,1.18817,14.6879,8.71354,4.87409,1.78773,1.19544,0.217404,0.121609,0.0957949161529541,0.240891,1.46501,0.289343,0.680646,,,4.7852,-0.0563683,-0.142837,999.0,1.58227,1.1356,1.15309,1.58227,-1.1356,3.46255,57.00000000000001,3.8000000000000003,56.0,3.7333333333333334,,,,,,,,,,,,,,,,,,,Rangers,sa3011742,686560
Isaiah Campbell,ARI,1.47741,1.79683,0.0,4.91249,15.4131,0.0,0.0,0.261167,1.01178,17.7912,78.387,19.0056,10.5555,9.71102,2.23003,6.58973,0.263071,1.01935,13.0376,6.5953,3.33353,1.97847,1.1281,0.166323,0.0840666,0.0822567492723465,0.268524,1.43865,0.302205,0.669233,,,4.58205,-0.0589608,-0.139128,999.0,2.33653,-0.883707,1.0808,2.33653,0.883707,3.55893,61.200000000000024,3.4000000000000012,66.0,3.6666666666666665,,,,,,,,,,,,,,,,,,,Diamondbacks,25551,663462
Rolddy Muñoz,ATL,0.598838,0.79313,0.0,4.56347,14.2777,0.0,0.0,0.780665,0.0,15.6949,69.7353,15.0464,8.65018,7.95816,1.77443,7.59438,0.298553,1.42218,14.1631,8.12156,4.35487,1.86494,1.01752,0.203097,0.108903,0.0941944569349289,0.247806,1.44256,0.296374,0.694097,,,4.52355,-0.0607924,-0.0510704,999.0,1.04353,-0.066072,1.17718,1.04353,0.066072,3.43042,59.80000000000001,3.7375000000000007,59.0,3.6875,,,,,,,,,,,,,,,,,,,Braves,27407,691548
Samy Natera Jr.,LAA,0.880698,0.948238,0.0,4.76232,17.6365,0.0,0.0,1.25709,0.0,18.2762,81.1793,16.84,10.5117,9.6708,2.60172,10.2508,0.472306,0.904712,18.6025,9.16069,5.04794,1.81474,1.2812,0.229153,0.126273,0.10287997126579285,0.24049,1.4823,0.291651,0.707045,,,4.7812,-0.0608759,-0.163294,999.0,1.00586,-1.26079,1.06825,1.00586,1.26079,3.57566,61.10000000000001,3.394444444444445,60.0,3.3333333333333335,,,,,,,,,,,,,,,,,,,Angels,sa3020862,696519
Seth Johnson,PHI,0.934947,1.37058,0.0384987,4.87691,14.9369,0.310787,0.0,0.937475,0.0,17.5881,77.5387,17.4686,10.3594,9.53062,2.4588,8.40695,0.290891,0.481832,15.7458,8.05727,4.30192,1.87295,1.25819,0.20307,0.108423,0.09464726597070694,0.254459,1.4712,0.297546,0.691661,,,4.67818,-0.0609451,-0.03357,999.0,1.03039,0.217454,1.08829,1.03039,-0.217454,3.54895,76.40000000000002,4.244444444444445,76.0,4.222222222222222,,,,,,,,,,,,,,,,,,,Phillies,26020,686751
Robinson Ortiz,SEA,1.12733,1.71333,0.0,4.16319,23.002,0.0,0.0,1.05779,0.0,23.992,104.235,21.2201,12.0632,11.0981,2.74421,11.9435,0.61265,1.2547,22.1042,8.29184,4.4803,1.85073,1.02942,0.212061,0.114582,0.09747891873121262,0.233093,1.38228,0.27914,0.719617,,,4.42977,-0.0615347,-0.0481419,999.0,0.72872,-0.525248,1.07815,0.72872,0.525248,3.56246,95.10000000000002,3.962500000000001,90.0,3.75,,,,,,,,,,,,,,,,,,,Mariners,sa3004006,673662
Peyton Pallette,CLE,1.59135,1.98319,0.0,4.46505,38.583,0.0,0.0,4.08908,0.616958,41.5272,180.151,38.9342,22.3939,20.6023,5.66776,18.03,1.05953,2.34223,39.3775,8.5341,3.90756,2.184,1.22835,0.218581,0.100083,0.11849801987409592,0.243676,1.37173,0.289946,0.705095,,,4.48467,-0.0620686,-0.0637265,999.0,1.28596,-1.61179,0.766373,1.28596,1.61179,3.97817,169.6,4.038095238095238,166.0,3.9523809523809526,,,,,,,,,,,,,,,,,,,Guardians,sa3020742,688883
Ryan Harbin,PIT,0.693499,1.10427,0.0,4.57873,19.4862,0.0,0.0,1.15092,0.0,20.4726,92.42,19.574,11.3211,10.4154,2.23206,11.9671,0.534485,1.30346,19.0087,8.35644,5.26088,1.58841,0.981238,0.205678,0.129486,0.07619133591651917,0.247305,1.54065,0.299471,0.711566,,,4.64012,-0.0621344,-0.0233356,999.0,0.721172,-1.65484,1.05506,0.721172,1.65484,3.59326,74.4,3.72,77.0,3.85,,,,,,,,,,,,,,,,,,,Pirates,sa3011733,689877
Triston McKenzie,SDP,0.621079,0.619861,0.107484,4.79458,7.58983,0.280082,0.0,0.431189,0.0,9.01341,39.1699,8.29926,5.21927,4.80173,1.50662,4.40973,0.0680877,0.231866,8.70799,8.69503,4.40317,1.97472,1.50438,0.222313,0.11258,0.10973375290632248,0.240361,1.41001,0.279375,0.706596,,,4.9208,-0.0627876,-0.0301972,999.0,1.12245,-1.31394,1.27325,1.12245,1.31394,3.30234,27.200000000000006,3.022222222222223,25.0,2.7777777777777777,,,,,,,,,,,,,,,,,,,Padres,18000,663474
George Soriano,STL,2.18249,1.71385,0.0,4.53381,35.7186,0.0,0.054642,3.98889,1.35065,41.909,181.508,39.6317,22.9478,21.1119,5.52292,17.2724,1.03788,2.64832,38.3143,8.22803,3.70927,2.21824,1.18605,0.211089,0.0951608,0.11592831462621689,0.245265,1.3578,0.289672,0.690563,,,4.44587,-0.0640228,-0.107079,999.0,3.89805,-3.73882,0.724154,3.89805,3.73882,4.03446,165.0,3.9285714285714284,164.0,3.9047619047619047,,,,,,,,,,,,,,,,,,,Cardinals,21863,666277
Michael Tonkin,MIN,1.34223,1.07554,0.0,4.60442,23.0225,0.0,0.0344796,1.24373,1.30458,27.2947,116.228,24.5868,15.1783,13.964,4.08703,9.8278,0.432206,2.38574,25.1975,8.30849,3.24056,2.5639,1.34764,0.216794,0.0845563,0.13223790377378464,0.236379,1.26085,0.274318,0.670423,,,4.5778,-0.0642068,-0.0905619,999.0,0.915512,-0.654844,1.03946,0.915512,0.654844,3.61405,103.60000000000002,3.837037037037038,101.0,3.740740740740741,,,,,,,,,,,,,,,,,,,Twins,10315,543859
Alexis Díaz,TEX,1.23109,1.24501,0.0,4.77923,28.11,0.0,1.28988,1.72879,0.32697,29.1242,128.118,25.2196,16.8105,15.4657,4.086,15.1503,0.536384,2.99635,28.8513,8.91566,4.68177,1.90434,1.26266,0.225194,0.118253,0.1069406196475029,0.229329,1.38613,0.274342,0.679934,,,4.84695,-0.0642734,-0.23506,748.2100219726562,1.44716,2.18489,0.934975,1.44716,-2.18489,3.75337,117.40000000000003,4.048275862068967,110.0,3.793103448275862,,,,,,,,,,,,,,,,,,,Rangers,21132,664747
Ryan Loutos,SEA,0.719541,0.573805,0.0,4.48609,14.8752,0.0,0.0,1.04292,0.482178,15.4362,67.2111,15.0068,8.36331,7.69425,1.95921,6.5094,0.252628,0.775512,12.7822,7.45257,3.79527,1.96365,1.14231,0.190179,0.0968501,0.09332922101020813,0.250422,1.39388,0.288761,0.700617,,,4.54482,-0.0645859,-0.084851,999.0,1.12314,-1.27357,1.20172,1.12314,1.27357,3.3977,53.400000000000006,3.5600000000000005,55.0,3.6666666666666665,,,,,,,,,,,,,,,,,,,Mariners,29521,702795
Bailey Horn,DET,1.97509,1.78856,0.0,4.33203,29.6222,0.0,0.0,2.6441,1.07544,31.4066,137.39,29.7884,16.4317,15.1172,3.91855,15.1313,0.818689,1.07672,28.2603,8.09838,4.33608,1.86767,1.12292,0.205695,0.110134,0.0955604538321495,0.245816,1.43026,0.290664,0.722427,,,4.5057,-0.0653514,0.00149636,999.0,1.78873,-0.750792,0.876808,1.78873,0.750792,3.83092,122.19999999999999,3.9419354838709673,123.0,3.967741935483871,,,,,,,,,,,,,,,,,,,Tigers,27753,690544
Blas Castaño,SEA,0.103986,0.449718,0.0,4.45443,7.83853,0.0,0.0,0.693428,0.0,9.56492,42.0145,9.68572,5.14569,4.73403,1.22532,3.56664,0.161629,0.928234,7.1642,6.74107,3.35599,2.00867,1.15295,0.170517,0.0848907,0.08562646806240082,0.258151,1.38552,0.290435,0.702673,,,4.7123,-0.0702486,-0.0200328,999.0,0.974707,-0.0596257,1.33876,0.974707,0.0596257,3.21498,38.7,3.87,40.0,4.0,,,,,,,,,,,,,,,,,,,Mariners,26117,680604
Joey Estes,ATH,1.39462,1.97877,0.153486,4.99765,19.596,0.883741,0.0,0.759734,0.0,26.6461,113.424,27.0185,16.0831,14.7964,5.01772,7.24249,0.6002,1.6231,20.7645,7.01343,2.44622,2.86704,1.69479,0.183069,0.063853,0.11921634525060654,0.258405,1.28578,0.279281,0.667417,,,5.02277,-0.0719617,-0.135001,999.0,1.53194,-0.383431,1.02045,1.53194,0.383431,3.6394,87.10000000000001,3.2259259259259263,89.0,3.2962962962962963,,,,,,,,,,,,,,,,,,,Athletics,26257,683155
Garrett Acton,MIA,0.832441,0.785352,0.0,4.53875,20.0733,0.0,0.0,0.858988,0.0,20.2491,87.2394,18.5338,11.0997,10.2117,3.01592,8.96484,0.761847,0.815711,19.3408,8.59626,3.98454,2.1574,1.34046,0.221698,0.102761,0.11893609166145325,0.239273,1.35802,0.281621,0.704531,,,4.61012,-0.0728016,-0.0292253,999.0,1.32488,-0.352888,1.11736,1.32488,0.352888,3.51018,73.69999999999999,3.6849999999999996,73.0,3.65,,,,,,,,,,,,,,,,,,,Marlins,27583,670183
Ryan Rolison,CHC,0.667488,0.819112,0.0,4.64833,20.3494,0.524037,0.0,1.0952,0.0,23.605,102.885,24.3679,13.2517,12.1915,3.38358,9.14938,0.400727,0.677627,17.6145,6.71598,3.48843,1.92521,1.29008,0.171205,0.0889278,0.08227736502885818,0.261856,1.41992,0.291204,0.704149,,,4.75507,-0.0728143,0.00332619,999.0,1.89117,-3.10757,1.07943,1.89117,3.10757,3.56076,88.30000000000001,3.679166666666667,91.0,3.7916666666666665,,,,,,,,,,,,,,,,,,,Cubs,22200,669020
Bradley Blalock,MIA,0.573792,1.13549,0.189445,5.10354,13.0422,0.608515,0.0,0.726029,0.0,16.4905,73.0759,17.7464,10.1643,9.35112,2.42028,6.69309,0.358031,0.648897,11.7166,6.39453,3.65287,1.75055,1.32091,0.160334,0.091591,0.0687435194849968,0.269974,1.48204,0.297036,0.678123,,,4.95778,-0.0734111,-0.0950131,999.0,1.29041,-0.422762,1.13867,1.29041,0.422762,3.48177,51.000000000000014,3.187500000000001,58.0,3.625,,,,,,,,,,,,,,,,,,,Marlins,26419,687134
Nick Hernandez,ATH,0.100116,0.0760742,0.0,5.43938,9.65473,0.0,0.0509004,0.0,0.0,11.878,54.2311,13.1116,7.803,7.17876,2.03216,5.96071,0.142027,0.593805,12.8849,9.76294,4.51645,2.16164,1.53978,0.237593,0.109913,0.12767944484949112,0.275012,1.60569,0.338206,0.694466,,,4.84517,-0.0735098,-0.173955,999.0,1.90479,-0.875504,1.17479,1.90479,0.875504,3.43361,35.40000000000002,2.9500000000000015,39.0,3.25,,,,,,,,,,,,,,,,,,,Athletics,19281,663321
Kyle Keller,BOS,0.599395,0.551876,0.0,5.05475,15.5638,0.0,0.0,0.948354,0.0,16.3076,72.3763,16.2294,9.9554,9.15896,2.55377,7.85019,0.373638,0.841709,15.7241,8.678,4.33245,2.00302,1.4094,0.217255,0.108464,0.10879138112068176,0.254841,1.47659,0.301182,0.68884,,,4.84149,-0.0736486,-0.138465,999.0,1.38725,-0.529899,1.11288,1.38725,0.529899,3.51616,48.9,3.05625,50.0,3.125,,,,,,,,,,,,,,,,,,,Red Sox,18890,664918
Jairo Iriarte,CHW,0.0600971,0.631615,0.0,4.4308,11.607,0.0,0.0,0.586632,0.0,12.5069,55.5275,11.1023,6.69269,6.15728,1.58548,7.20024,0.223726,0.829984,11.2724,8.11168,5.18133,1.56556,1.14092,0.203006,0.12967,0.07333627343177795,0.233746,1.4634,0.27474,0.721877,,,4.90673,-0.07413,-0.0210645,999.0,2.38058,-0.920075,1.27206,2.38058,0.920075,3.30392,44.99999999999999,3.461538461538461,41.0,3.1538461538461537,,,,,,,,,,,,,,,,,,,White Sox,26907,683568
Bobby Miller,LAD,0.786036,0.963735,0.00592137,4.82319,14.9766,0.365965,0.0,0.614764,0.0,19.1731,84.3019,18.4834,11.1685,10.2751,2.71112,8.91765,0.832592,1.10712,18.0572,8.47621,4.18601,2.02489,1.27262,0.214197,0.105782,0.10841500759124756,0.248844,1.42914,0.294761,0.687658,,,4.65833,-0.0765685,-0.108588,999.0,1.88924,-0.641039,1.08568,1.88924,0.641039,3.55243,66.89999999999999,3.521052631578947,66.0,3.473684210526316,,,,,,,,,,,,,,,,,,,Dodgers,27483,676272
Troy Taylor,SEA,0.905198,1.07678,0.0,4.44194,21.0185,0.0,0.00301934,0.980326,0.485465,21.1929,92.8673,19.6873,11.3693,10.4597,2.70972,10.0941,0.196211,1.41461,18.8585,8.00864,4.28668,1.86826,1.15074,0.203069,0.108694,0.09437484294176102,0.241982,1.40526,0.283952,0.708492,,,4.64676,-0.0771342,-0.0969328,999.0,1.15794,-1.19894,1.09776,1.15794,1.19894,3.53633,75.5,3.5952380952380953,75.0,3.5714285714285716,,,,,,,,,,,,,,,,,,,Mariners,31883,700187
Shaun Anderson,LAA,0.83087,0.972579,0.100386,5.08028,12.2769,0.13728,0.0,0.771987,0.213712,14.4983,63.3016,16.3512,8.89556,8.18391,2.42546,4.33343,0.217784,0.427074,10.2974,6.39223,2.69004,2.37626,1.50564,0.162671,0.0684568,0.09421456605195999,0.279311,1.4267,0.303934,0.681883,,,4.8745,-0.0771911,-0.171157,999.0,2.42749,-1.52098,1.17264,2.42749,1.52098,3.43648,49.4,3.5285714285714285,56.0,4.0,,,,,,,,,,,,,,,,,,,Angels,19453,641312
Logan Gillaspie,SDP,0.601743,0.547258,0.0,4.61073,13.9955,0.0,0.0,0.416207,0.363551,16.7418,72.9591,17.2023,9.3227,8.57688,2.40535,6.11409,0.226454,0.924102,13.0262,7.0026,3.28679,2.13052,1.29306,0.178541,0.0838016,0.09473981708288193,0.260954,1.39271,0.293071,0.701477,,,4.70795,-0.0780041,-0.0118762,999.0,1.16957,-0.695251,1.19004,1.16957,0.695251,3.41328,62.000000000000014,3.6470588235294126,64.0,3.764705882352941,,,,,,,,,,,,,,,,,,,Padres,22461,670810
Nick Anderson,ATH,1.79895,1.64693,0.0,4.64124,32.7389,0.0,0.493938,3.25624,1.42292,34.3522,148.648,34.0381,19.2557,17.7152,5.39755,13.384,0.553441,1.26113,30.3391,7.94861,3.5065,2.26682,1.41411,0.204101,0.0900382,0.11406230926513672,0.25401,1.38047,0.291458,0.706536,,,4.69036,-0.0800126,-0.12542,999.0,2.39513,-1.47217,0.843118,2.39513,1.47217,3.87584,131.70000000000002,3.8735294117647063,135.0,3.9705882352941178,,,,,,,,,,,,,,,,,,,Athletics,18337,623433
Anthony Molina,ATL,0.990427,0.339575,0.0,5.22295,9.92598,0.0443239,0.0,0.199757,0.0754948,16.6295,72.8861,18.4129,10.4897,9.65057,2.43675,5.42821,0.223997,0.653046,12.6609,6.85218,2.93778,2.33243,1.31879,0.173709,0.0744752,0.09923340380191803,0.275623,1.43366,0.308974,0.653529,,,4.61441,-0.0818839,-0.09758,999.0,2.96672,-1.43222,1.10801,2.96672,1.43222,3.52265,62.40000000000002,3.670588235294119,67.0,3.9411764705882355,,,,,,,,,,,,,,,,,,,Braves,26952,683627
Miguel Castro,,1.20066,1.10423,0.0,4.80588,17.416,0.0,0.0820796,0.757881,0.583905,18.0718,78.5096,16.423,10.4892,9.65008,2.41017,7.98636,0.21387,1.51144,14.915,7.42788,3.97733,1.86756,1.2003,0.189977,0.101725,0.08825189620256424,0.237974,1.35069,0.271111,0.661757,,,4.79494,-0.0835172,-0.0624519,999.0,0.832239,-1.98286,1.1236,0.832239,1.98286,3.50187,71.00000000000003,3.944444444444446,68.0,3.7777777777777777,,,,,,,,,,,,,,,,,,,,15684,612434
Jackson Kowar,BAL,1.17623,1.32945,0.0,4.76194,24.0789,0.0,0.0,1.18267,0.0,25.9666,114.368,24.973,14.9337,13.739,3.81372,12.2069,0.414192,1.62515,23.4006,8.11062,4.2309,1.917,1.32183,0.204608,0.106734,0.09787440299987793,0.248399,1.43183,0.288582,0.69867,,,4.84014,-0.0890762,-0.186367,999.0,1.03866,0.743571,0.956698,1.03866,-0.743571,3.7244,86.19999999999999,3.315384615384615,86.0,3.3076923076923075,,,,,,,,,,,,,,,,,,,Orioles,21549,663804
Zach Maxwell,CIN,1.36764,1.88247,0.0,4.5936,34.8469,0.0,0.0,1.59832,0.0,37.122,162.42,34.1148,20.5947,18.9471,5.68011,19.2508,0.42497,1.02902,37.2119,9.02179,4.66723,1.93301,1.37711,0.22911,0.118525,0.11058475822210312,0.240008,1.43757,0.286501,0.721613,,,4.75835,-0.0929856,-0.0477588,999.0,1.55809,1.0112,0.766172,1.55809,-1.0112,3.97844,133.6,3.610810810810811,129.0,3.4864864864864864,,,,,,,,,,,,,,,,,,,Reds,31610,687209
Connor Brogdon,CLE,2.54607,2.53762,0.0,4.69256,44.2793,0.0,0.0,4.91012,1.33164,47.0391,201.717,44.3608,26.6587,24.526,7.8916,18.7135,1.44943,1.75864,45.9151,8.78493,3.58045,2.45358,1.5099,0.227621,0.0927711,0.13485028594732285,0.244757,1.34089,0.286172,0.699949,,,4.66954,-0.0932766,-0.317712,999.0,2.26079,-1.08253,0.595625,2.26079,1.08253,4.20583,183.99999999999997,3.914893617021276,180.0,3.8297872340425534,,,,,,,,,,,,,,,,,,,Guardians,21205,641401
Paul Gervase,LAD,1.35946,1.21799,0.0,4.59078,20.015,0.0,0.0,0.813613,0.550363,21.8748,94.5676,19.3263,12.1283,11.1581,3.34329,10.5821,0.266885,1.00343,22.2123,9.13884,4.35382,2.09904,1.37553,0.234883,0.1119,0.12298276275396347,0.232897,1.36725,0.278321,0.704781,,,4.68005,-0.0941614,-0.0512777,999.0,0.757556,-0.629885,1.03477,0.757556,0.629885,3.62031,88.5,4.0227272727272725,83.0,3.772727272727273,,,,,,,,,,,,,,,,,,,Dodgers,31571,801434
Steven Wilson,TBR,1.6954,2.44915,0.0,4.63236,42.7373,0.0,0.310879,5.62861,1.9325,43.2281,185.361,38.5517,24.1845,22.2498,7.04771,18.7852,1.46549,2.23036,41.4717,8.63432,3.91104,2.20768,1.46732,0.223735,0.101344,0.12239088863134384,0.234577,1.32638,0.271994,0.698384,,,4.79432,-0.0946154,-0.155669,999.0,1.81615,-1.45761,0.751179,1.81615,1.45761,3.99843,173.70000000000002,4.039534883720931,167.0,3.883720930232558,,,,,,,,,,,,,,,,,,,Rays,20353,621051
Cam Sanders,PIT,1.51907,1.55178,0.0,4.74033,31.3538,0.0,0.0166857,2.45488,0.393316,33.6974,150.577,30.9132,19.2919,17.7485,4.22105,19.4978,0.612702,2.1062,31.5285,8.42072,5.20754,1.61702,1.12737,0.209385,0.129488,0.07989715039730072,0.239688,1.49599,0.286325,0.699282,,,4.81565,-0.0961594,-0.0693998,999.0,2.24856,-0.648355,0.770223,2.24856,0.648355,3.97304,130.80000000000004,3.8470588235294128,127.0,3.735294117647059,,,,,,,,,,,,,,,,,,,Pirates,23479,676742
Yovanny Cruz,NYY,0.820695,0.827125,0.0,4.98233,12.3468,0.0,0.0,0.840925,0.0,12.7946,57.1545,12.1694,7.6989,7.08299,1.88299,6.91876,0.337067,0.834052,11.5552,8.12821,4.8668,1.67013,1.32454,0.202175,0.121054,0.08112189918756485,0.246336,1.49189,0.286025,0.692274,,,5.05992,-0.0964204,-0.122111,999.0,0.387213,-1.07316,1.16908,0.387213,1.07316,3.44123,44.39999999999999,3.415384615384615,43.0,3.3076923076923075,,,,,,,,,,,,,,,,,,,Yankees,sa3002951,672442
Lyon Richardson,CIN,1.4466,0.915923,0.0,4.88422,17.7595,0.169322,0.0,0.823145,0.0494306,22.3392,99.5054,22.3404,13.1775,12.1233,3.14491,11.0911,0.911586,1.06683,18.5891,7.48918,4.46839,1.67604,1.26702,0.186815,0.111463,0.07535272091627121,0.255764,1.49654,0.292554,0.697726,,,4.93375,-0.0965754,-0.0777024,999.0,1.35513,-1.29159,0.969506,1.35513,1.29159,3.70733,74.7,3.3954545454545455,77.0,3.5,,,,,,,,,,,,,,,,,,,Reds,24581,680689
Tyler Zuber,MIA,0.778315,1.29822,0.0,5.34805,16.095,0.0,0.00730566,1.77041,0.0,19.8656,88.2834,19.4693,12.8312,11.8047,3.05552,10.1748,0.802043,0.830224,19.8782,9.00569,4.60964,1.95366,1.38428,0.225164,0.115252,0.10991158336400986,0.251938,1.49223,0.302032,0.662802,,,4.79532,-0.099268,-0.226555,999.0,1.78535,-0.951128,0.997397,1.78535,0.951128,3.67014,76.69999999999999,3.8349999999999995,76.0,3.8,,,,,,,,,,,,,,,,,,,Marlins,20379,676604
Logan VanWey,HOU,0.439463,0.587145,0.0,4.93238,15.02,0.0,0.0,1.64128,1.61951,18.5956,84.6727,18.8529,11.0774,10.1912,2.3554,10.8305,0.303461,1.30022,17.481,8.46054,5.24181,1.61405,1.13998,0.206454,0.12791,0.07854339480400085,0.259889,1.59626,0.313012,0.705152,,,4.85869,-0.100773,-0.130055,999.0,1.88127,-0.217886,1.05625,1.88127,0.217886,3.59167,72.6,3.8210526315789473,75.0,3.9473684210526314,,,,,,,,,,,,,,,,,,,Astros,31884,701121
Andry Lara,WSN,0.426712,0.122674,0.0,4.92689,17.336,0.0,0.0,0.0,0.0,25.4371,112.725,26.6744,15.136,13.9251,3.24144,10.8325,0.374451,1.19643,19.5732,6.92528,3.8327,1.80689,1.14686,0.173637,0.0960968,0.077539823949337,0.264899,1.47449,0.300878,0.678546,,,4.67144,-0.103161,-0.180316,999.0,2.18055,-1.52281,1.01258,2.18055,1.52281,3.64989,81.89999999999999,3.276,90.0,3.6,,,,,,,,,,,,,,,,,,,Nationals,27967,691251
Carter Baumler,TEX,1.5617,2.08134,0.0,4.64175,37.9006,0.0,0.426177,4.81731,0.872746,41.4665,181.895,39.675,23.246,21.3863,5.48094,19.8629,1.06873,1.68927,36.0266,7.8193,4.31108,1.81377,1.1896,0.198063,0.1092,0.08886304497718811,0.247439,1.4358,0.287744,0.699743,,,4.67506,-0.103703,-0.225368,999.0,1.9122,0.399563,0.730069,1.9122,-0.399563,4.02658,163.90000000000003,3.997560975609757,166.0,4.048780487804878,,,,,,,,,,,,,,,,,,,Rangers,sa3014480,691945
Ty Adcock,SDP,0.721808,1.32923,0.0,4.45907,20.2553,0.0,0.0,0.927402,0.0,21.8057,93.1115,20.572,11.7431,10.8037,3.64199,8.29874,0.351497,0.786269,20.0221,8.26384,3.42519,2.41266,1.50318,0.215033,0.0891268,0.1259063109755516,0.244828,1.324,0.280473,0.720497,,,4.7199,-0.104004,-0.0512777,999.0,1.30673,-1.03182,1.13396,1.30673,1.03182,3.48805,76.00000000000003,3.454545454545456,75.0,3.409090909090909,,,,,,,,,,,,,,,,,,,Padres,25651,686654
Tayron Guerrero,BOS,0.618955,1.09044,0.0,5.07299,22.5765,0.0,0.0,0.641259,0.0,23.7762,106.533,25.3621,14.5672,13.4018,3.19115,10.6841,0.618207,1.29774,18.6973,7.0775,4.04425,1.75002,1.20794,0.175508,0.100289,0.07521862536668777,0.268238,1.51606,0.305123,0.680176,,,4.81899,-0.104395,-0.207607,999.0,1.5602,-2.08863,0.987239,1.5602,2.08863,3.68368,81.70000000000002,3.4041666666666672,87.0,3.625,,,,,,,,,,,,,,,,,,,Red Sox,11691,594027
Kendall Graveman,,1.12419,1.09929,0.0,4.80995,24.9287,0.0,0.33023,2.02956,0.602043,25.2197,111.203,24.1399,14.6504,13.4784,3.22245,12.0809,0.284179,1.59252,20.3871,7.27541,4.31124,1.68754,1.14998,0.183332,0.108639,0.0746937170624733,0.247515,1.43621,0.282976,0.680253,,,4.80597,-0.105234,-0.196317,999.0,0.506259,0.308715,0.990277,0.506259,-0.308715,3.67963,91.69999999999999,3.6679999999999997,92.0,3.68,,,,,,,,,,,,,,,,,,,,15514,608665
Dylan Ray,ARI,0.978008,0.50141,0.0,5.36121,2.86026,0.0,0.0,0.0,0.0,14.326,63.583,16.0282,9.27594,8.53386,1.976,5.86606,0.0,0.0,8.99732,5.65237,3.68523,1.53379,1.24138,0.141505,0.0922584,0.04924675077199936,0.277704,1.52829,0.300624,0.659684,,,4.90057,-0.106135,-0.146094,999.0,0.31671,4.58732,1.12796,0.31671,-4.58732,3.49606,37.4,2.6714285714285713,44.0,3.142857142857143,,,,,,,,,,,,,,,,,,,Diamondbacks,sa3020392,691009
Marc Church,TEX,1.20289,1.36485,0.0,4.71669,23.6558,0.0,0.014489,2.26005,2.23477,24.8954,109.949,23.3398,14.1816,13.0471,3.31792,13.3593,0.242057,0.804104,22.8405,8.25713,4.82957,1.7097,1.19947,0.207737,0.121505,0.08623245358467102,0.243668,1.47413,0.287559,0.702486,,,4.73954,-0.109107,-0.134935,999.0,2.60632,-2.92246,0.954444,2.60632,2.92246,3.72741,100.3,4.012,98.0,3.92,,,,,,,,,,,,,,,,,,,Rangers,26353,687847
Carlos Vargas,SEA,2.71364,2.80173,0.0,4.09758,51.2582,0.0,0.155572,10.2537,2.70736,53.5959,230.909,52.498,26.5234,24.4015,6.10965,19.4495,1.51179,2.99707,42.2804,7.09987,3.26602,2.17386,1.02595,0.183105,0.0842302,0.09887433052062988,0.251835,1.34241,0.289797,0.716537,,,4.29575,-0.116857,-0.108309,999.0,1.75161,-0.976964,0.706477,1.75161,0.976964,4.05803,248.60000000000002,4.6037037037037045,250.0,4.62962962962963,,,,,,,,,,,,,,,,,,,Mariners,22915,672841
Antonio Senzatela,COL,2.56091,4.8303,1.4775,5.48944,39.3413,5.87844,0.0,4.17224,0.0,74.9374,337.297,90.9088,49.6817,45.7072,12.3652,25.1718,1.0523,3.14844,47.2289,5.6722,3.02314,1.87626,1.48506,0.140022,0.0746281,0.06539367884397507,0.294226,1.54903,0.314952,0.672263,,,5.1535,-0.117222,-0.0775002,999.0,3.24774,0.472207,0.736212,3.24774,-0.472207,4.01838,196.79999999999998,2.6239999999999997,245.0,3.2666666666666666,,,,,,,,,,,,,,,,,,,Rockies,15488,622608
Brandan Bidois,PIT,2.16729,2.85867,0.0,4.59688,41.251,0.0,0.0,3.79087,0.0,43.5089,190.695,41.0005,24.1552,22.2228,5.776,21.2822,1.12985,1.80137,40.1042,8.29574,4.40232,1.8844,1.19479,0.210306,0.111604,0.09870219975709915,0.244617,1.4315,0.289363,0.703508,,,4.60909,-0.121201,-0.0314796,999.0,1.03114,0.526121,0.635653,1.03114,-0.526121,4.15246,172.20000000000002,3.913636363636364,169.0,3.840909090909091,,,,,,,,,,,,,,,,,,,Pirates,sa3015277,684049
Dom Hamel,NYY,1.06771,1.03088,0.134781,4.47029,30.0592,0.509632,0.0,1.19861,0.0,34.1445,151.457,32.4884,18.4343,16.9595,4.42108,14.4864,0.486767,5.12168,30.6062,8.06736,3.81842,2.11275,1.16533,0.202079,0.0956472,0.10643135756254196,0.246406,1.37577,0.289887,0.699776,,,4.74845,-0.121575,0.0262312,999.0,1.60291,-1.14549,0.918803,1.60291,1.14549,3.77493,128.20000000000005,3.770588235294119,127.0,3.735294117647059,,,,,,,,,,,,,,,,,,,Yankees,30153,687589
Ken Waldichuk,WSN,1.57893,2.45619,0.319306,4.60739,28.6579,0.940488,0.0,2.13523,0.0,36.4671,161.572,34.4197,20.292,18.6687,5.4125,19.0577,0.432617,1.97572,35.3189,8.71663,4.70339,1.85326,1.33579,0.218595,0.117951,0.10064366459846497,0.244912,1.46646,0.290631,0.722994,,,4.85792,-0.129159,-0.0451439,999.0,7.76015,-2.59527,0.749472,7.76015,2.59527,4.0007,131.50000000000003,3.6527777777777786,130.0,3.611111111111111,,,,,,,,,,,,,,,,,,,Nationals,27681,686610
Christian Roa,HOU,1.42059,1.4112,0.0,4.46232,25.8934,0.0,0.0,0.473875,0.0,28.3594,125.148,26.032,15.2837,14.061,3.77238,15.02,0.458245,1.56983,27.1888,8.6285,4.76666,1.81018,1.19718,0.217254,0.120018,0.09723585098981857,0.239798,1.44756,0.286863,0.720375,,,4.70191,-0.129656,-0.0675837,999.0,0.756463,1.56283,0.918578,0.756463,-1.56283,3.77523,93.40000000000006,3.335714285714288,91.0,3.25,,,,,,,,,,,,,,,,,,,Astros,27662,685005
Ryan Zeferjahn,LAA,3.01455,3.43914,0.0,4.40034,57.8139,0.0271184,0.814407,13.5631,2.66358,60.2277,263.354,51.6487,32.0075,29.4469,8.61625,32.1436,1.97682,4.29903,66.1557,9.88584,4.80331,2.05813,1.28755,0.251204,0.122055,0.12914970517158508,0.227616,1.39126,0.282849,0.721945,,,4.61332,-0.130785,-0.0730172,999.0,2.66752,-1.07048,0.387473,2.66752,1.07048,4.48337,283.1,4.718333333333334,268.0,4.466666666666667,,,,,,,,,,,,,,,,,,,Angels,25420,666171
Luis Guerrero,TBR,0.754175,1.07852,0.0,4.70151,18.2328,0.0,0.0,1.13783,0.0,20.3339,89.5042,18.2882,11.5459,10.6222,2.75901,10.998,0.361726,1.04627,17.9499,7.94483,4.86785,1.6321,1.22117,0.200549,0.122877,0.07767124474048615,0.236099,1.44027,0.273638,0.69779,,,4.91051,-0.133454,-0.156888,999.0,1.37265,0.170361,1.08446,1.37265,-0.170361,3.55405,68.3,3.415,65.0,3.25,,,,,,,,,,,,,,,,,,,Rays,31184,692285
Dan Altavilla,MIN,1.34707,2.36771,0.0,4.71528,37.051,0.0,0.0161037,1.89247,0.816752,38.0736,168.951,36.4706,21.6821,19.9475,4.90409,18.7382,0.50295,2.9474,32.4058,7.66021,4.42942,1.72939,1.15925,0.191806,0.11091,0.0808967798948288,0.247653,1.45006,0.287086,0.693517,,,4.81605,-0.139536,-0.230904,999.0,1.55863,-0.972938,0.76833,1.55863,0.972938,3.97556,132.1,3.4763157894736842,131.0,3.4473684210526314,,,,,,,,,,,,,,,,,,,Twins,16507,656186
Eli Morgan,KCR,1.30556,1.39117,0.0,4.77754,24.308,0.0,0.0,1.10018,1.6863,26.3926,113.406,26.1939,15.2285,14.0102,4.34485,9.48005,1.17284,0.929783,22.17,7.56005,3.23274,2.33859,1.48161,0.195492,0.0835937,0.11189781129360199,0.254318,1.35166,0.285677,0.690932,,,4.7785,-0.14003,-0.143496,999.0,0.723789,0.121257,0.995429,0.723789,-0.121257,3.67276,93.6,3.5999999999999996,96.0,3.6923076923076925,,,,,,,,,,,,,,,,,,,Royals,20203,669212
Thomas Hatch,ARI,0.568326,0.366537,0.0,5.80908,4.43419,0.245786,0.0,0.352404,0.0,10.6258,48.7147,12.2764,7.45483,6.85845,1.71366,4.98066,0.354568,0.536598,7.41276,6.27858,4.2186,1.48831,1.45146,0.152167,0.102241,0.049925513565540314,0.284192,1.62407,0.310021,0.659729,,,5.39415,-0.141418,-0.110503,999.0,1.71481,-2.31673,1.17852,1.71481,2.31673,3.42865,21.600000000000005,1.963636363636364,25.0,2.272727272727273,,,,,,,,,,,,,,,,,,,Diamondbacks,19264,641672
Hunter Strickland,,0.981448,1.24816,0.0,4.80117,24.3334,0.0,0.00869894,1.24961,1.12924,25.7,112.675,24.9737,14.9022,13.71,3.69119,11.8204,0.870624,1.09402,20.5439,7.19437,4.13944,1.73801,1.29264,0.182329,0.104907,0.07742179930210114,0.250337,1.43168,0.281793,0.692204,,,4.91105,-0.154815,-0.143496,999.0,1.89325,0.728108,0.992307,1.89325,-0.728108,3.67692,85.19999999999999,3.2769230769230764,85.0,3.269230769230769,,,,,,,,,,,,,,,,,,,,7836,519326
Scott McGough,,1.14147,1.21165,0.0,5.07986,23.0722,0.140595,0.0984904,1.62402,0.860302,26.1417,113.932,24.8759,16.0382,14.7551,4.59741,11.626,0.428727,1.35747,23.5077,8.09318,4.00258,2.02199,1.58279,0.206332,0.102044,0.1042877584695816,0.246423,1.39631,0.278386,0.680638,,,5.11288,-0.157259,-0.244099,999.0,0.785022,-3.92004,0.945666,0.785022,3.92004,3.73911,82.9,3.1884615384615387,82.0,3.1538461538461537,,,,,,,,,,,,,,,,,,,,12056,543518
Roddery Muñoz,HOU,2.44068,2.82532,0.010034,4.7549,39.7634,0.697256,0.0,6.94898,0.0,47.9608,208.657,43.9363,27.5421,25.3387,7.61255,23.0561,0.713237,2.09867,47.6677,8.945,4.32654,2.06747,1.42852,0.22845,0.110497,0.11795257031917572,0.239432,1.39682,0.283288,0.700282,,,4.78423,-0.16774,-0.295719,999.0,1.76276,-2.34283,0.521,1.76276,2.34283,4.30533,191.40000000000006,3.987500000000001,185.0,3.8541666666666665,,,,,,,,,,,,,,,,,,,Astros,25311,682610
Luis Peralta,COL,0.805251,2.2415,0.0,5.28458,26.0859,0.0,0.0,1.03916,1.95216,26.1583,120.603,26.9298,16.6952,15.3596,3.80496,15.7296,0.376122,1.82294,24.3827,8.38906,5.41192,1.55011,1.30913,0.202173,0.130425,0.07174775004386902,0.261326,1.63082,0.308896,0.695487,,,5.1749,-0.176887,-0.122353,999.0,6.31911,-2.30671,0.834742,6.31911,2.30671,3.88701,70.99999999999999,2.7307692307692304,76.0,2.923076923076923,,,,,,,,,,,,,,,,,,,Rockies,24203,678821
Kaleb Ort,LAA,1.72315,1.7028,0.0,4.62289,36.0022,0.0,0.0673628,2.52094,0.0,37.0019,158.748,32.3259,20.6589,19.0062,6.19141,17.1889,0.921236,1.55755,36.8503,8.96313,4.18088,2.14384,1.50594,0.232131,0.108278,0.12385270744562149,0.230897,1.33817,0.26954,0.706443,,,4.83849,-0.177093,-0.173345,999.0,2.0647,-0.825838,0.80583,2.0647,0.825838,3.92556,145.8,3.9405405405405407,136.0,3.675675675675676,,,,,,,,,,,,,,,,,,,Angels,20061,672391
Jayvien Sandridge,LAA,0.792812,1.04045,0.0,4.63346,17.4719,0.0,0.0,0.749284,0.0,17.6266,80.6054,15.8167,9.86377,9.07467,2.6987,10.8515,0.345103,2.64398,18.8495,9.62443,5.5407,1.73704,1.37794,0.233849,0.134625,0.09922432899475098,0.235683,1.51295,0.287916,0.734138,,,5.28363,-0.180417,-0.0624519,999.0,1.05935,0.669809,1.08036,1.05935,-0.669809,3.55952,54.70000000000001,3.0388888888888896,51.0,2.8333333333333335,,,,,,,,,,,,,,,,,,,Angels,25158,682144
Yilber Díaz,ARI,0.745904,1.29273,0.11841,4.57803,16.9854,0.473168,0.0183518,1.34475,0.248106,20.94,95.4822,19.717,11.5778,10.6515,2.54144,13.9522,0.331634,0.877721,19.9512,8.57505,5.99665,1.42997,1.09231,0.208953,0.146123,0.06282913684844971,0.244469,1.60789,0.295317,0.733662,,,4.93198,-0.197217,-0.0796135,999.0,5.4918,-2.65565,1.01888,5.4918,2.65565,3.6415,65.5,3.119047619047619,65.0,3.0952380952380953,,,,,,,,,,,,,,,,,,,Diamondbacks,29271,700270
Cole Henry,WSN,2.07385,3.09754,0.0,4.71847,62.0679,0.0,11.6721,12.5021,1.43382,62.2452,276.27,56.9701,35.4713,32.6336,8.6175,32.7786,0.867307,5.54996,58.8298,8.50617,4.73945,1.79476,1.246,0.212943,0.118647,0.0942961648106575,0.239429,1.44186,0.283603,0.698693,,,4.89196,-0.201565,-0.227981,734.9199829101562,3.58657,-1.04367,1.1061,3.58657,1.04367,3.52519,312.9,5.046774193548386,306.0,4.935483870967742,,,,,,,,,,,,,,,,,,,Nationals,27570,669371
Rico Garcia,BAL,1.51113,2.24367,0.0,4.4123,47.4103,0.0379604,0.171421,11.9782,0.879813,50.7656,220.088,47.2402,27.0523,24.8881,8.42346,23.2849,1.19912,1.83539,50.8724,9.01893,4.12807,2.18478,1.49336,0.231145,0.105798,0.1253475770354271,0.242297,1.38923,0.286107,0.740186,,,4.77248,-0.203906,-0.11442,999.0,3.81816,-2.36156,0.647529,3.81816,2.36156,4.13663,231.8,4.545098039215686,226.0,4.431372549019608,,,,,,,,,,,,,,,,,,,Orioles,20023,670329
Orlando Ribalta,WSN,1.12101,1.74204,0.0,4.89987,38.8358,0.0,0.0,4.33057,0.846057,40.7997,182.276,39.6589,24.1441,22.2126,6.24765,21.5634,0.681726,2.32651,37.6339,8.30165,4.75667,1.74527,1.37817,0.206466,0.118301,0.08816558867692947,0.250394,1.50056,0.29179,0.70658,,,5.03763,-0.231535,-0.236676,999.0,4.07977,-3.47413,0.674111,4.07977,3.47413,4.10119,145.60000000000002,3.5512195121951224,147.0,3.5853658536585367,,,,,,,,,,,,,,,,,,,Nationals,26247,687377
Wikelman González,CHW,2.03329,2.38932,0.0,4.61719,38.8129,0.0,0.022554,1.88946,0.283388,43.5526,195.214,38.6668,24.2863,22.3434,5.14066,27.2164,0.718586,2.59308,42.3534,8.75218,5.62417,1.55617,1.0623,0.216958,0.139418,0.07754048705101013,0.233771,1.51273,0.284335,0.708801,,,4.77798,-0.236614,-0.102537,999.0,4.03713,-1.1377,0.598304,4.03713,1.1377,4.20226,164.70000000000002,3.7431818181818186,157.0,3.5681818181818183,,,,,,,,,,,,,,,,,,,White Sox,26641,682790
Michael Kelly,ATH,3.79549,4.12559,0.0,4.49664,55.9689,0.0,2.89779,10.817,2.76129,58.6835,255.62,56.8581,31.8694,29.3199,8.34325,25.3237,2.02635,2.90989,50.5871,7.75829,3.88378,1.99762,1.27956,0.1979,0.099068,0.09883183985948563,0.250051,1.40043,0.287998,0.713638,,,4.70268,-0.26628,-0.119082,999.0,2.76027,0.47644,0.531446,2.76027,-0.47644,4.29141,267.00000000000006,4.525423728813561,268.0,4.5423728813559325,,,,,,,,,,,,,,,,,,,Athletics,12791,547184
Zach Agnos,COL,2.61519,3.6832,0.0,5.10327,53.4619,0.0,4.43448,7.53113,2.39514,55.9129,246.389,57.5705,34.4611,31.7042,8.88078,24.0748,0.963207,2.03748,44.1249,7.10256,3.87519,1.83283,1.42949,0.179086,0.0977104,0.08137591183185577,0.261355,1.46022,0.291082,0.681732,,,5.02266,-0.275791,-0.0314687,742.8200073242188,3.11207,-1.13163,0.698848,3.11207,1.13163,4.0682,214.90000000000003,3.837500000000001,225.0,4.017857142857143,,,,,,,,,,,,,,,,,,,Rockies,31552,688642
Lucas Sims,CHW,1.04551,1.79449,0.0,5.36744,26.5512,0.0,0.034459,1.34842,1.60647,26.3813,120.554,23.8274,17.1014,15.7333,3.85129,16.5158,0.389461,3.44157,25.3723,8.65578,5.63438,1.53624,1.31387,0.210464,0.136999,0.07346482574939728,0.23686,1.52924,0.279882,0.664974,,,5.37894,-0.314678,-0.344865,999.0,2.05811,0.269295,0.837639,2.05811,-0.269295,3.88315,74.79999999999998,2.8769230769230765,72.0,2.769230769230769,,,,,,,,,,,,,,,,,,,White Sox,13470,608371
