Name,Team,W,L,QS,ERA,G,GS,SV,HLD,BS,IP,TBF,H,R,ER,HR,BB,IBB,HBP,SO,K/9,BB/9,K/BB,HR/9,K%,BB%,K-BB%,AVG,WHIP,BABIP,LOB%,GB%,HR/FB,FIP,WAR,RA9-WAR,ADP,InterSD,InterSK,IntraSD,Vol,Skew,Dim,FPTS,FPTS/IP,SPTS,SPTS/IP,P10,P20,P30,P40,P50,P60,P70,P80,P90,TT10,TT20,TT30,TT40,TT50,TT60,TT70,TT80,TT90,NameASCII,PlayerId,MLBAMID
Tarik Skubal,DET,14,7,22,2.67008,32,32,0,0,,200.0,790,156,65,59,19,40,,7,245,10.9994,1.81286,6.06746,0.84838,0.310011,0.051094,0.2589167356491089,0.210329,0.981068,0.286727,0.775254,,,2.62291,6.33694,6.18165,6.909999847412109,,,,,,,1189.6999999999998,5.948499999999999,1102.0,5.51,,,,,,,,,,,,,,,,,,,Tigers,22267,669373
Garrett Crochet,BOS,15,8,21,2.90087,32,32,0,0,,197.0,796,162,69,64,20,52,,5,245,11.1845,2.36141,4.73637,0.894352,0.307723,0.0649701,0.24275241047143936,0.218914,1.08324,0.299672,0.774824,,,2.80782,5.79882,5.89967,12.100000381469727,,,,,,,1109.6000000000001,5.632487309644671,1044.0,5.299492385786802,,,,,,,,,,,,,,,,,,,Red Sox,27463,676979
Paul Skenes,PIT,13,8,21,2.83954,32,32,0,0,,189.0,761,152,65,60,17,49,,6,223,10.6196,2.35013,4.51874,0.808429,0.293319,0.0649116,0.22840722650289536,0.21602,1.06669,0.291031,0.769121,,,2.82402,5.41046,5.83595,9.65999984741211,,,,,,,1075.3000000000002,5.689417989417991,1005.0,5.317460317460317,,,,,,,,,,,,,,,,,,,Pirates,33677,694973
Cristopher Sánchez,PHI,12,8,20,3.21366,32,32,0,0,,200.0,820,183,78,71,18,49,,7,193,8.68925,2.20901,3.93354,0.802798,0.235321,0.0598241,0.17549655959010124,0.239395,1.16081,0.298363,0.743038,,,3.20115,4.78491,5.15656,25.170000076293945,,,,,,,1000.8,5.004,984.0,4.92,,,,,,,,,,,,,,,,,,,Phillies,20778,650911
Logan Webb,SFG,14,9,20,3.18546,32,32,0,0,,202.0,836,191,79,72,16,45,,6,191,8.49747,2.00803,4.23175,0.711908,0.228464,0.053988,0.17447569966316223,0.243484,1.16829,0.302969,0.736241,,,3.0274,4.53355,4.54127,57.72999954223633,,,,,,,1030.4,5.100990099009901,1031.0,5.103960396039604,,,,,,,,,,,,,,,,,,,Giants,17995,657277
Cole Ragans,KCR,11,8,17,3.40402,29,29,0,0,,163.0,674,132,67,62,17,58,,5,202,11.1476,3.19613,3.48785,0.955779,0.299196,0.0857823,0.2134132906794548,0.215568,1.16468,0.291774,0.741911,,,3.19172,4.06331,3.7084,47.779998779296875,,,,,,,868.9000000000001,5.330674846625768,809.0,4.96319018404908,,,,,,,,,,,,,,,,,,,Royals,21846,666142
Chris Sale,ATL,12,6,18,3.14743,28,28,0,0,,165.0,676,138,62,58,18,44,,10,200,10.9041,2.40856,4.52723,0.95341,0.296231,0.0654332,0.23079778999090195,0.221802,1.10266,0.297921,0.760099,,,3.06445,3.98855,4.38289,39.209999084472656,,,,,,,878.8,5.326060606060606,829.0,5.024242424242424,,,,,,,,,,,,,,,,,,,Braves,10603,519242
Max Fried,NYY,14,9,19,3.32423,31,31,0,0,,189.0,779,169,76,70,17,54,,7,176,8.37269,2.5782,3.2475,0.812211,0.22524,0.069358,0.15588213503360748,0.234676,1.1798,0.288245,0.736716,,,3.4185,3.90625,3.96213,50.09000015258789,,,,,,,919.1000000000003,4.862962962962964,893.0,4.724867724867725,,,,,,,,,,,,,,,,,,,Yankees,13743,608331
Hunter Brown,HOU,13,8,19,3.34491,31,31,0,0,,183.0,759,157,74,68,19,60,,7,197,9.6701,2.96264,3.26401,0.939784,0.259231,0.079421,0.17981024086475372,0.227437,1.18849,0.290415,0.7517,,,3.44336,3.77621,3.97855,36.400001525878906,,,,,,,905.3,4.946994535519125,861.0,4.704918032786885,,,,,,,,,,,,,,,,,,,Astros,25880,686613
Sonny Gray,BOS,12,10,17,3.71624,31,31,0,0,,178.0,746,169,80,74,21,47,,5,186,9.38232,2.38648,3.93145,1.0792,0.249291,0.0634094,0.18588153272867203,0.24418,1.21453,0.304322,0.733264,,,3.49041,3.71257,3.37465,137.82000732421875,,,,,,,835.5000000000001,4.693820224719102,833.0,4.679775280898877,,,,,,,,,,,,,,,,,,,Red Sox,12768,543243
Jacob deGrom,TEX,11,8,17,3.50261,29,29,0,0,,169.0,679,143,71,66,23,40,,4,188,10.0277,2.11064,4.75102,1.22894,0.27658,0.0582149,0.2183653935790062,0.224972,1.08298,0.28243,0.741819,,,3.45295,3.67638,3.30617,49.970001220703125,,,,,,,839.9000000000003,4.969822485207103,790.0,4.674556213017752,,,,,,,,,,,,,,,,,,,Rangers,10954,594798
Dylan Cease,TOR,12,9,18,3.57182,31,31,0,0,,173.0,727,144,74,69,20,65,,5,203,10.5316,3.38948,3.10713,1.05402,0.279228,0.0898669,0.18936119228601456,0.220084,1.20985,0.286598,0.747311,,,3.53149,3.66095,3.17456,74.2699966430664,,,,,,,855.8000000000001,4.946820809248555,801.0,4.630057803468208,,,,,,,,,,,,,,,,,,,Blue Jays,18525,656302
Framber Valdez,DET,13,10,19,3.41289,31,31,0,0,,195.0,813,177,81,74,17,65,,8,180,8.33084,2.98441,2.79145,0.778979,0.221844,0.0794727,0.14237145334482193,0.239273,1.24021,0.295154,0.738184,,,3.53443,3.63877,3.96998,81.8499984741211,,,,,,,914.7,4.690769230769231,895.0,4.589743589743589,,,,,,,,,,,,,,,,,,,Tigers,17295,664285
Yoshinobu Yamamoto,LAD,12,7,16,3.37887,26,26,0,0,,155.0,627,129,63,58,17,43,,5,165,9.54056,2.51996,3.786,0.968098,0.262612,0.0693642,0.1932482346892357,0.223427,1.11225,0.283379,0.731436,,,3.34838,3.63173,3.56908,26.639999389648438,,,,,,,788.5000000000001,5.087096774193549,740.0,4.774193548387097,,,,,,,,,,,,,,,,,,,Dodgers,33825,808967
Bryan Woo,SEA,13,10,19,3.46564,32,32,0,0,,195.0,788,169,81,75,25,43,,9,197,9.09243,1.96479,4.62768,1.15706,0.250354,0.0540993,0.19625499844551086,0.228605,1.08086,0.278631,0.737266,,,3.57267,3.54819,3.31511,34.900001525878906,,,,,,,934.1,4.7902564102564105,888.0,4.553846153846154,,,,,,,,,,,,,,,,,,,Mariners,30279,693433
Zack Wheeler,PHI,11,7,16,3.31356,26,26,0,0,,157.0,638,132,63,58,18,41,,7,171,9.80986,2.36121,4.1546,1.00665,0.268123,0.0645366,0.2035868987441063,0.224828,1.10712,0.286793,0.744472,,,3.33275,3.54258,3.84767,111.97000122070312,,,,,,,795.1999999999998,5.064968152866241,749.0,4.770700636942675,,,,,,,,,,,,,,,,,,,Phillies,10310,554430
Jesús Luzardo,PHI,12,10,17,3.77541,31,31,0,0,,179.0,742,157,81,75,23,56,,5,197,9.94118,2.8036,3.54586,1.16939,0.265918,0.074994,0.19092395901679993,0.230968,1.1925,0.291127,0.730107,,,3.63356,3.53164,3.38879,71.11000061035156,,,,,,,844.5000000000002,4.717877094972068,807.0,4.5083798882681565,,,,,,,,,,,,,,,,,,,Phillies,19959,666200
Ranger Suarez,BOS,12,9,17,3.61521,29,29,0,0,,169.0,713,166,74,68,17,49,,5,149,7.9406,2.60116,3.05272,0.886565,0.209137,0.0685085,0.14062867313623428,0.25126,1.26898,0.30193,0.735009,,,3.60665,3.37203,3.41206,183.5800018310547,,,,,,,745.9000000000002,4.413609467455623,760.0,4.497041420118343,,,,,,,,,,,,,,,,,,,Red Sox,17277,624133
George Kirby,SEA,12,9,18,3.52265,31,31,0,0,,173.0,711,160,74,68,21,32,,7,170,8.83224,1.67937,5.25926,1.07605,0.239357,0.0455115,0.1938452608883381,0.2389,1.1118,0.290653,0.726732,,,3.40844,3.27046,2.6915,64.55999755859375,,,,,,,828.9000000000001,4.791329479768787,815.0,4.710982658959537,,,,,,,,,,,,,,,,,,,Mariners,25436,669923
Joe Ryan,MIN,11,10,16,3.79112,29,29,0,0,,167.0,685,147,76,70,24,40,,9,183,9.83017,2.13674,4.60054,1.31384,0.266837,0.0580012,0.20883584395051003,0.231313,1.11719,0.286059,0.729336,,,3.71811,3.14343,2.7826,78.80999755859375,,,,,,,777.3999999999999,4.65508982035928,742.0,4.4431137724550895,,,,,,,,,,,,,,,,,,,Twins,21390,657746
Shane McClanahan,TBR,9,7,14,3.33461,24,24,0,0,,139.0,565,119,56,51,16,39,,3,150,9.7338,2.5384,3.83462,1.04085,0.265426,0.0692183,0.19620771706104279,0.228185,1.14212,0.289433,0.755933,,,3.39202,3.12985,3.08784,186.52000427246094,,,,,,,696.4000000000002,5.010071942446045,661.0,4.755395683453237,,,,,,,,,,,,,,,,,,,Rays,21483,663556
Aaron Nola,PHI,11,10,16,4.11556,31,31,0,0,,180.0,752,172,89,82,26,45,,5,177,8.86395,2.25832,3.92503,1.3038,0.235797,0.0600751,0.1757214143872261,0.246051,1.20938,0.294181,0.711895,,,3.89305,3.10879,2.62576,207.3300018310547,,,,,,,769.0,4.272222222222222,766.0,4.2555555555555555,,,,,,,,,,,,,,,,,,,Phillies,16149,605400
Kyle Bradish,BAL,9,7,16,3.61837,28,28,0,0,,146.0,608,130,64,59,16,46,,7,154,9.51636,2.84575,3.34406,0.99243,0.253572,0.0758275,0.17774461954832077,0.233477,1.20492,0.295,0.732712,,,3.54419,3.07464,2.52938,72.91000366210938,,,,,,,694.6000000000001,4.757534246575343,671.0,4.595890410958904,,,,,,,,,,,,,,,,,,,Orioles,24586,680694
Logan Gilbert,SEA,10,7,17,3.41138,29,29,0,0,,163.0,661,139,67,62,21,39,,5,178,9.82404,2.14365,4.58285,1.15354,0.2696,0.058828,0.210771806538105,0.224683,1.08688,0.281723,0.745576,,,3.43279,3.05621,2.85463,37.11000061035156,,,,,,,810.5000000000001,4.97239263803681,766.0,4.699386503067485,,,,,,,,,,,,,,,,,,,Mariners,22250,669302
Kevin Gausman,TOR,12,10,17,3.87709,31,31,0,0,,182.0,763,171,85,78,24,53,,3,177,8.75562,2.60049,3.36691,1.19279,0.231941,0.0688882,0.16305243968963623,0.242434,1.23131,0.291127,0.731784,,,3.83421,3.04343,2.57431,113.30000305175781,,,,,,,792.9999999999999,4.357142857142857,784.0,4.3076923076923075,,,,,,,,,,,,,,,,,,,Blue Jays,14107,592332
Nathan Eovaldi,TEX,10,10,16,3.77603,29,29,0,0,,173.0,715,160,79,73,22,45,,7,164,8.50125,2.3363,3.63877,1.12281,0.228634,0.0628327,0.16580135375261307,0.241192,1.184,0.289381,0.720748,,,3.76409,2.94696,2.69193,133.5399932861328,,,,,,,765.5999999999999,4.4254335260115605,751.0,4.341040462427745,,,,,,,,,,,,,,,,,,,Rangers,9132,543135
Brandon Woodruff,MIL,10,8,15,3.74704,28,28,0,0,,151.0,622,133,67,63,21,41,,6,160,9.52697,2.43758,3.90838,1.26391,0.2569,0.0657306,0.1911693438887596,0.231875,1.15412,0.284581,0.738459,,,3.77729,2.94556,2.78627,143.6199951171875,,,,,,,692.3000000000002,4.584768211920531,661.0,4.377483443708609,,,,,,,,,,,,,,,,,,,Brewers,16162,605540
Michael King,SDP,10,9,16,3.68222,29,29,0,0,,161.0,681,143,72,66,20,58,,7,170,9.47416,3.25672,2.90911,1.11873,0.249413,0.0857351,0.16367773711681366,0.231782,1.24564,0.288118,0.748994,,,3.86874,2.90611,2.6919,130.10000610351562,,,,,,,718.6000000000001,4.463354037267082,690.0,4.285714285714286,,,,,,,,,,,,,,,,,,,Padres,19853,650633
MacKenzie Gore,TEX,11,9,16,3.82335,29,29,0,0,,160.0,677,139,73,68,19,60,,8,182,10.2513,3.36223,3.04898,1.09722,0.268995,0.0882246,0.18077003955841064,0.228299,1.24403,0.293335,0.733164,,,3.7069,2.88293,2.49541,165.22999572753906,,,,,,,748.9,4.680625,713.0,4.45625,,,,,,,,,,,,,,,,,,,Rangers,22201,669022
Drew Rasmussen,TBR,10,8,17,3.64192,31,31,0,0,,160.0,656,147,70,65,18,42,,5,144,8.07854,2.33943,3.45321,1.03877,0.219035,0.0634294,0.15560603141784668,0.241882,1.18045,0.288296,0.72867,,,3.71755,2.87898,2.94086,133.2100067138672,,,,,,,727.3999999999999,4.546249999999999,713.0,4.45625,,,,,,,,,,,,,,,,,,,Rays,25385,656876
José Soriano,LAA,11,10,17,3.86123,31,31,0,0,,176.0,758,163,82,76,15,76,,10,164,8.38825,3.9078,2.14654,0.756463,0.216587,0.1009,0.11568617820739746,0.242634,1.35855,0.300797,0.717253,,,3.84459,2.87579,2.82705,324.8699951171875,,,,,,,764.1000000000001,4.341477272727274,755.0,4.2897727272727275,,,,,,,,,,,,,,,,,,,Angels,22100,667755
Sandy Alcantara,MIA,11,11,16,4.07549,31,31,0,0,,188.0,790,182,92,85,21,54,,7,156,7.47385,2.58806,2.88782,1.0117,0.197593,0.068423,0.12917032092809677,0.250332,1.25779,0.292478,0.696585,,,3.91644,2.7225,2.74169,145.1699981689453,,,,,,,788.7,4.195212765957447,796.0,4.23404255319149,,,,,,,,,,,,,,,,,,,Marlins,18684,645261
Andrew Abbott,CIN,9,9,15,4.17706,29,29,0,0,,166.0,701,160,83,77,25,51,,4,151,8.17532,2.75621,2.96615,1.34503,0.214965,0.0724728,0.14249218255281448,0.247835,1.2711,0.287589,0.728097,,,4.25882,2.67955,2.53158,221.39999389648438,,,,,,,641.9000000000001,3.8668674698795185,642.0,3.8674698795180724,,,,,,,,,,,,,,,,,,,Reds,29911,671096
Spencer Strider,ATL,11,9,14,3.84433,26,26,0,0,,149.0,625,128,69,64,19,52,,7,176,10.6152,3.12523,3.3966,1.14966,0.281572,0.082898,0.1986735835671425,0.226441,1.20637,0.294102,0.725625,,,3.62124,2.65688,2.5269,115.12999725341797,,,,,,,711.1000000000001,4.772483221476511,673.0,4.516778523489933,,,,,,,,,,,,,,,,,,,Braves,27498,675911
Tyler Glasnow,LAD,8,6,13,3.67997,24,24,0,0,,134.0,551,111,60,55,17,49,,3,156,10.5024,3.31985,3.16352,1.12619,0.283432,0.089594,0.19383838772773743,0.222273,1.19768,0.288781,0.736203,,,3.59314,2.64735,2.47373,115.36000061035156,,,,,,,649.8999999999999,4.849999999999999,605.0,4.514925373134329,,,,,,,,,,,,,,,,,,,Dodgers,14374,607192
Freddy Peralta,NYM,11,9,16,3.82895,29,29,0,0,,162.0,680,137,75,69,21,61,,7,177,9.82688,3.37456,2.91205,1.1885,0.260627,0.0894994,0.17112728208303452,0.223658,1.21817,0.279304,0.733558,,,3.92603,2.63472,2.40603,56.34000015258789,,,,,,,734.3,4.532716049382715,687.0,4.2407407407407405,,,,,,,,,,,,,,,,,,,Mets,18679,642547
Nick Pivetta,SDP,10,10,16,3.91746,29,29,0,0,,173.0,714,150,81,75,27,52,,5,190,9.86033,2.72047,3.6245,1.41505,0.266023,0.0733958,0.19262703508138657,0.228836,1.16924,0.27989,0.740957,,,3.97739,2.55255,2.494,96.02999877929688,,,,,,,767.0999999999999,4.434104046242774,723.0,4.179190751445087,,,,,,,,,,,,,,,,,,,Padres,15454,601713
Tanner Bibee,CLE,11,11,17,3.90538,31,31,0,0,,182.0,764,170,85,79,24,54,,8,170,8.42212,2.68451,3.1373,1.21035,0.222654,0.0709698,0.1516839787364006,0.242477,1.23434,0.287289,0.731241,,,4.03932,2.54369,2.57852,187.92999267578125,,,,,,,763.5999999999999,4.195604395604395,752.0,4.131868131868132,,,,,,,,,,,,,,,,,,,Guardians,30134,676440
Kris Bubic,KCR,10,8,12,3.7457,34,24,0,1,,145.0,614,136,65,60,16,49,,5,140,8.7126,3.05393,2.85292,0.967036,0.228332,0.0800345,0.14829746633768082,0.24326,1.28048,0.298455,0.735741,,,3.70831,2.52584,2.51073,191.69000244140625,,,,,,,644.6,4.445517241379311,639.0,4.406896551724138,,,,,,,,,,,,,,,,,,,Royals,21455,663460
Jack Flaherty,DET,11,10,15,4.01345,29,29,0,0,,160.0,684,145,77,71,21,58,,7,176,9.86979,3.26598,3.022,1.1938,0.256914,0.0850147,0.1718997210264206,0.234552,1.26825,0.293734,0.727361,,,3.89187,2.4857,2.1116,210.27000427246094,,,,,,,705.7,4.4106250000000005,684.0,4.275,,,,,,,,,,,,,,,,,,,Tigers,17479,656427
Blake Snell,LAD,9,6,13,3.54767,23,23,0,0,,121.0,507,97,51,48,14,54,,3,150,11.1824,4.00081,2.79503,1.03123,0.296282,0.106003,0.1902788281440735,0.21461,1.2441,0.289192,0.755238,,,3.5434,2.46147,2.57943,173.24000549316406,,,,,,,600.0,4.958677685950414,552.0,4.56198347107438,,,,,,,,,,,,,,,,,,,Dodgers,13543,605483
Matthew Boyd,CHC,11,9,16,3.88663,29,29,0,0,,167.0,698,156,78,72,22,49,,7,149,8.01174,2.61542,3.06327,1.16513,0.212945,0.0695155,0.14342934638261795,0.24288,1.22512,0.284675,0.727142,,,4.03597,2.41879,2.59724,213.2100067138672,,,,,,,689.5999999999998,4.129341317365268,679.0,4.065868263473054,,,,,,,,,,,,,,,,,,,Cubs,15440,571510
Nick Lodolo,CIN,9,9,14,4.13432,28,28,0,0,,153.0,646,142,76,70,21,42,,16,156,9.17378,2.47764,3.70263,1.24791,0.24102,0.0650943,0.17592569440603256,0.240844,1.20193,0.292985,0.701598,,,4.04409,2.39393,2.38284,124.63999938964844,,,,,,,642.7,4.200653594771242,630.0,4.117647058823529,,,,,,,,,,,,,,,,,,,Reds,26378,666157
Brady Singer,CIN,10,12,15,4.37873,31,31,0,0,,171.0,731,166,89,83,25,55,,10,162,8.53189,2.88909,2.95314,1.31382,0.221008,0.0748383,0.14617004245519638,0.249867,1.29735,0.295137,0.707983,,,4.28272,2.36108,2.26186,382.760009765625,,,,,,,655.3000000000001,3.8321637426900588,659.0,3.853801169590643,,,,,,,,,,,,,,,,,,,Reds,25377,663903
Mitch Keller,PIT,10,11,16,4.19155,31,31,0,0,,175.0,751,174,88,82,22,53,,11,152,7.80435,2.71492,2.87461,1.10871,0.202551,0.070462,0.13208889961242676,0.253923,1.29642,0.297746,0.706033,,,4.09297,2.33873,2.37919,520.1900024414062,,,,,,,684.0000000000001,3.9085714285714293,701.0,4.005714285714285,,,,,,,,,,,,,,,,,,,Pirates,17594,656605
Luis Castillo,SEA,11,10,17,3.81809,31,31,0,0,,179.0,749,166,83,76,24,51,,7,167,8.38541,2.54521,3.29459,1.22555,0.223271,0.0677692,0.15550219267606735,0.240314,1.20875,0.283562,0.735423,,,4.00172,2.33692,2.06071,170.66000366210938,,,,,,,757.8000000000001,4.233519553072626,743.0,4.150837988826815,,,,,,,,,,,,,,,,,,,Mariners,15689,622491
Yusei Kikuchi,LAA,9,10,15,4.21022,31,31,0,0,,169.0,728,165,86,79,25,63,,5,173,9.20555,3.32333,2.76998,1.33083,0.238078,0.0859493,0.15212827920913696,0.249592,1.34217,0.302513,0.73761,,,4.20651,2.32423,1.96082,499.2300109863281,,,,,,,656.1000000000001,3.88224852071006,662.0,3.9171597633136095,,,,,,,,,,,,,,,,,,,Angels,20633,579328
Emmet Sheehan,LAD,9,7,11,3.96641,42,24,0,1,,144.0,602,123,68,64,21,51,,6,164,10.2212,3.15857,3.23604,1.29103,0.272571,0.0842299,0.1883411705493927,0.225019,1.19971,0.282939,0.727641,,,3.91253,2.31323,1.94663,110.31999969482422,,,,,,,648.5000000000002,4.503472222222224,608.0,4.222222222222222,,,,,,,,,,,,,,,,,,,Dodgers,29839,686218
Shohei Ohtani,LAD,8,5,13,3.51369,23,23,0,0,,116.0,471,91,49,45,15,40,,6,138,10.7119,3.12118,3.43199,1.18038,0.292259,0.0851573,0.20710164308547974,0.213943,1.13312,0.278318,0.745999,,,3.6509,2.30643,2.4577,1.2599999904632568,,,,,,,575.3000000000001,4.95948275862069,523.0,4.508620689655173,,,,,,,,,,,,,,,,,,,Dodgers,19755,660271
Mason Miller,SDP,4,2,0,2.4332,66,0,32,2,,66.0,259,39,19,18,6,24,,2,106,14.5015,3.33213,4.35202,0.812601,0.410282,0.094274,0.31600795686244965,0.168198,0.962737,0.275778,0.803518,,,2.30015,2.30407,2.3939,28.079999923706055,,,,,,,615.2000000000002,9.321212121212124,554.0,8.393939393939394,,,,,,,,,,,,,,,,,,,Padres,31757,695243
Carlos Rodón,NYY,11,9,15,3.99707,28,28,0,0,,155.0,655,136,74,69,21,56,,6,163,9.4493,3.26637,2.8929,1.19623,0.248606,0.0859367,0.16266974061727524,0.230242,1.24211,0.283141,0.72229,,,3.97737,2.30232,1.97265,201.44000244140625,,,,,,,675.1,4.355483870967742,642.0,4.141935483870967,,,,,,,,,,,,,,,,,,,Yankees,16137,607074
Ryan Pepiot,TBR,11,11,16,4.05135,31,31,0,0,,169.0,707,148,82,76,24,61,,8,173,9.21044,3.2259,2.85515,1.2988,0.244737,0.0857178,0.15901964157819748,0.231345,1.23153,0.279623,0.726537,,,4.1871,2.29156,2.25648,123.6500015258789,,,,,,,709.6000000000001,4.198816568047338,672.0,3.9763313609467454,,,,,,,,,,,,,,,,,,,Rays,26221,686752
Chase Burns,CIN,7,6,10,3.74151,27,19,0,1,,107.0,444,94,48,44,14,31,,2,123,10.3953,2.63393,3.94669,1.21604,0.277996,0.0704378,0.20755796134471893,0.228193,1.17012,0.290533,0.733229,,,3.51038,2.28013,1.96995,107.87999725341797,,,,,,,526.2000000000002,4.917757009345796,504.0,4.710280373831775,,,,,,,,,,,,,,,,,,,Reds,35333,695505
David Peterson,NYM,9,8,16,3.85039,29,29,0,0,,163.0,705,156,76,70,16,64,,8,146,8.07553,3.51937,2.2946,0.860979,0.207526,0.0904413,0.11708491295576096,0.246765,1.3501,0.298383,0.726776,,,3.8957,2.27276,2.36323,464.20001220703125,,,,,,,679.8000000000001,4.170552147239264,683.0,4.190184049079755,,,,,,,,,,,,,,,,,,,Mets,20302,656849
Eury Pérez,MIA,8,9,14,4.03983,28,28,0,0,,135.0,561,117,65,61,19,46,,4,145,9.65075,3.09105,3.12216,1.25957,0.25858,0.0828209,0.17575911432504654,0.228543,1.20554,0.282101,0.717336,,,3.93428,2.25522,2.07607,78.7699966430664,,,,,,,601.0999999999999,4.452592592592592,568.0,4.207407407407407,,,,,,,,,,,,,,,,,,,Marlins,27768,691587
Joe Musgrove,SDP,9,9,15,3.89062,28,28,0,0,,158.0,665,150,73,68,20,41,,13,145,8.28216,2.34456,3.53251,1.15834,0.218101,0.0617412,0.15636006370186806,0.246016,1.21474,0.291726,0.723471,,,3.98959,2.252,2.38484,355.7900085449219,,,,,,,661.2,4.184810126582279,658.0,4.1645569620253164,,,,,,,,,,,,,,,,,,,Padres,12970,605397
Steven Matz,TBR,7,7,11,3.95062,35,23,0,1,,136.0,576,135,64,60,17,37,,5,120,7.98031,2.44979,3.25755,1.14303,0.209057,0.0641761,0.14488080143928528,0.25343,1.26957,0.297889,0.729829,,,3.93061,2.22586,1.76975,723.3800048828125,,,,,,,564.3000000000001,4.149264705882353,577.0,4.242647058823529,,,,,,,,,,,,,,,,,,,Rays,13361,571927
Reid Detmers,LAA,9,9,11,4.07394,36,24,0,1,,147.0,621,131,72,66,19,53,,7,161,9.85703,3.26973,3.01463,1.16503,0.259027,0.0859235,0.1731039136648178,0.23313,1.25298,0.293349,0.71468,,,3.86349,2.19395,1.84251,342.760009765625,,,,,,,659.4999999999999,4.486394557823129,634.0,4.312925170068027,,,,,,,,,,,,,,,,,,,Angels,27468,672282
Merrill Kelly,ARI,11,9,16,3.93965,29,29,0,0,,169.0,713,165,80,74,22,51,,3,151,8.01846,2.6972,2.97288,1.18752,0.211724,0.0712185,0.14050592482089996,0.250567,1.27389,0.29397,0.735856,,,4.02861,2.19063,2.71374,282.7799987792969,,,,,,,691.0,4.088757396449704,699.0,4.136094674556213,,,,,,,,,,,,,,,,,,,Diamondbacks,11156,518876
Trevor Rogers,BAL,9,8,14,4.08202,28,28,0,0,,151.0,643,149,74,68,18,49,,5,130,7.73771,2.91578,2.65373,1.10237,0.201968,0.0761072,0.12586095184087753,0.252908,1.31024,0.296072,0.718786,,,4.07942,2.18779,1.7822,147.14999389648438,,,,,,,606.6000000000001,4.017218543046359,619.0,4.099337748344371,,,,,,,,,,,,,,,,,,,Orioles,22286,669432
Jhoan Duran,PHI,7,3,0,2.67176,70,0,29,3,,70.0,285,55,23,21,4,22,,4,84,10.8314,2.83506,3.82054,0.534399,0.296015,0.0774799,0.2185349240899086,0.21195,1.09868,0.297504,0.756815,,,2.60467,2.14219,2.28625,41.56999969482422,,,,,,,572.8,8.182857142857141,545.0,7.785714285714286,,,,,,,,,,,,,,,,,,,Phillies,21029,661395
Michael Wacha,KCR,10,11,14,4.30972,29,29,0,0,,164.0,696,165,84,79,22,48,,5,128,7.01425,2.64236,2.65454,1.23079,0.184028,0.0693259,0.11470252275466919,0.256834,1.29813,0.289732,0.709201,,,4.32561,2.14188,1.99017,613.75,,,,,,,611.0,3.725609756097561,631.0,3.847560975609756,,,,,,,,,,,,,,,,,,,Royals,14078,608379
Bailey Ober,MIN,8,9,14,4.31511,28,28,0,0,,155.0,648,153,80,74,25,37,,6,140,8.11714,2.12842,3.8137,1.47614,0.215544,0.0565185,0.15902578830718994,0.252157,1.22275,0.288976,0.712752,,,4.28258,2.13316,1.60117,471.4100036621094,,,,,,,592.7,3.823870967741936,601.0,3.8774193548387097,,,,,,,,,,,,,,,,,,,Twins,21224,641927
Clay Holmes,NYM,10,9,15,3.8907,28,28,0,0,,153.0,663,152,72,66,13,57,,9,125,7.36554,3.36504,2.18884,0.784434,0.188444,0.0860932,0.10235107690095901,0.254192,1.36808,0.301778,0.718541,,,3.92658,2.1142,2.1455,335.8500061035156,,,,,,,629.0999999999999,4.1117647058823525,648.0,4.235294117647059,,,,,,,,,,,,,,,,,,,Mets,13649,605280
Zac Gallen,ARI,13,11,16,4.03076,31,31,0,0,,182.0,769,174,88,81,23,59,,6,170,8.40591,2.92017,2.87857,1.13572,0.220607,0.0766376,0.14396914094686508,0.246801,1.28069,0.294934,0.721892,,,3.98532,2.10789,2.73075,222.77000427246094,,,,,,,756.5000000000001,4.156593406593407,756.0,4.153846153846154,,,,,,,,,,,,,,,,,,,Diamondbacks,19291,668678
Casey Mize,DET,9,9,14,4.05084,28,28,0,0,,145.0,616,143,71,65,19,41,,5,129,8.01931,2.51974,3.1826,1.20124,0.210053,0.0660006,0.14405284821987152,0.251254,1.26742,0.29391,0.721561,,,4.02382,2.08826,1.79437,285.510009765625,,,,,,,587.5,4.051724137931035,598.0,4.124137931034483,,,,,,,,,,,,,,,,,,,Tigers,20492,663554
Gerrit Cole,NYY,8,7,12,3.92855,23,23,0,0,,136.0,564,122,64,59,19,39,,5,135,8.9406,2.60819,3.42789,1.29114,0.239165,0.0697701,0.1693943664431572,0.234559,1.18771,0.280339,0.727047,,,3.99002,2.05956,1.8321,235.33999633789062,,,,,,,593.5,4.363970588235294,571.0,4.198529411764706,,,,,,,,,,,,,,,,,,,Yankees,13125,543037
Gavin Williams,CLE,10,9,17,3.85348,31,31,0,0,,168.0,716,149,78,72,21,71,,6,172,9.20706,3.80132,2.42207,1.12109,0.24053,0.0993078,0.14122238010168076,0.233724,1.30968,0.287955,0.745819,,,4.07864,2.05845,2.42619,144.27000427246094,,,,,,,710.5000000000001,4.229166666666667,680.0,4.0476190476190474,,,,,,,,,,,,,,,,,,,Guardians,30122,668909
Cody Ponce,TOR,9,8,11,4.05071,44,23,0,1,,154.0,648,146,75,69,21,46,,6,151,8.8208,2.68009,3.29123,1.22864,0.232381,0.070606,0.16177497804164886,0.244297,1.24564,0.29361,0.718898,,,3.96271,2.05322,1.57438,252.82000732421875,,,,,,,651.7000000000002,4.231818181818183,647.0,4.201298701298701,,,,,,,,,,,,,,,,,,,Blue Jays,17920,664074
Braxton Ashcraft,PIT,8,9,11,3.83595,45,23,0,1,,149.0,635,146,69,64,16,45,,7,132,7.93898,2.72418,2.91427,0.973049,0.207205,0.0711002,0.13610470294952393,0.250649,1.28277,0.298624,0.727682,,,3.81751,2.03027,2.36691,240.6199951171875,,,,,,,638.2000000000002,4.283221476510068,649.0,4.355704697986577,,,,,,,,,,,,,,,,,,,Pirates,23793,677952
Shane Smith,CHW,8,10,15,4.18418,29,29,0,0,,160.0,675,145,80,74,21,60,,11,150,8.46573,3.37787,2.50623,1.16534,0.222172,0.0886479,0.13352429866790771,0.239422,1.28256,0.286028,0.710356,,,4.27073,2.0147,1.9079,247.1300048828125,,,,,,,635.7,3.9731250000000005,614.0,3.8375,,,,,,,,,,,,,,,,,,,White Sox,31687,681343
Brandon Pfaadt,ARI,10,10,14,4.2179,29,29,0,0,,162.0,687,166,82,76,22,37,,7,144,8.00097,2.06292,3.87847,1.22619,0.209901,0.0541196,0.15578140690922737,0.258017,1.25106,0.301725,0.703395,,,3.95316,2.00647,2.05637,599.9199829101562,,,,,,,652.5999999999998,4.028395061728394,680.0,4.197530864197531,,,,,,,,,,,,,,,,,,,Diamondbacks,27782,694297
Jeffrey Springs,ATH,10,10,14,4.37671,29,29,0,0,,162.0,687,161,84,79,25,51,,4,138,7.69724,2.83419,2.71585,1.41991,0.201084,0.0740409,0.12704335153102875,0.254869,1.31287,0.289465,0.725277,,,4.48837,1.99913,1.8604,719.739990234375,,,,,,,583.6999999999999,3.603086419753086,596.0,3.6790123456790123,,,,,,,,,,,,,,,,,,,Athletics,17677,605488
Luis Severino,ATH,9,11,14,4.48405,29,29,0,0,,171.0,736,173,92,85,23,54,,11,137,7.20477,2.83854,2.5382,1.21033,0.185938,0.0732559,0.11268210411071777,0.258057,1.3284,0.293771,0.692854,,,4.42187,1.99265,1.63177,647.3699951171875,,,,,,,611.7,3.5771929824561406,635.0,3.7134502923976607,,,,,,,,,,,,,,,,,,,Athletics,15890,622663
Griffin Jax,TBR,5,3,0,2.83134,68,0,12,12,,68.0,275,53,23,21,6,19,,2,88,11.6707,2.52563,4.62092,0.832091,0.320172,0.0692876,0.25088459998369217,0.20974,1.06425,0.294493,0.768874,,,2.68541,1.98608,1.94043,149.92999267578125,,,,,,,512.6000000000001,7.538235294117649,483.0,7.102941176470588,,,,,,,,,,,,,,,,,,,Rays,20253,643377
Jack Leiter,TEX,9,9,14,4.28529,28,28,0,0,,148.0,631,133,76,71,19,61,,6,141,8.57732,3.69319,2.32247,1.18306,0.223788,0.0963575,0.12743017077445984,0.235467,1.30743,0.280934,0.709747,,,4.2846,1.96639,1.41704,231.6999969482422,,,,,,,596.7,4.031756756756757,574.0,3.8783783783783785,,,,,,,,,,,,,,,,,,,Rangers,30146,683004
Nolan McLean,NYM,10,8,14,3.81869,26,26,0,0,,145.0,624,132,67,62,15,56,,10,140,8.70058,3.49414,2.49005,0.936218,0.225143,0.0904168,0.13472570478916168,0.236263,1.29395,0.290178,0.724439,,,3.93504,1.95474,2.16623,87.9000015258789,,,,,,,627.3,4.3262068965517235,612.0,4.220689655172414,,,,,,,,,,,,,,,,,,,Mets,33703,690997
Reynaldo López,ATL,9,8,12,3.82488,36,24,0,1,,144.0,603,131,66,61,17,50,,4,145,9.04743,3.12375,2.89634,1.07277,0.240139,0.0829112,0.15722786635160446,0.238313,1.25565,0.293662,0.733444,,,3.79529,1.94743,2.38905,298.8900146484375,,,,,,,647.9000000000001,4.499305555555556,631.0,4.381944444444445,,,,,,,,,,,,,,,,,,,Braves,16400,625643
Grayson Rodriguez,LAA,6,7,11,3.94795,21,21,0,0,,113.0,479,104,54,50,15,38,,4,119,9.44074,3.01452,3.13176,1.18412,0.248404,0.0793177,0.16908612847328186,0.239099,1.25532,0.295565,0.727112,,,3.86805,1.94365,1.67062,369.8800048828125,,,,,,,493.30000000000007,4.365486725663717,482.0,4.265486725663717,,,,,,,,,,,,,,,,,,,Angels,24492,680570
Foster Griffin,WSN,7,8,11,4.11999,35,23,0,1,,141.0,596,139,69,64,18,40,,6,126,8.07137,2.58717,3.11977,1.15541,0.21158,0.0678191,0.1437608078122139,0.253288,1.27689,0.298858,0.713534,,,4.00752,1.9344,1.76039,999.0,,,,,,,578.6000000000001,4.1035460992907815,589.0,4.177304964539007,,,,,,,,,,,,,,,,,,,Nationals,16432,656492
Brayan Bello,BOS,9,10,14,4.22073,28,28,0,0,,153.0,660,154,78,72,17,54,,8,127,7.49194,3.18249,2.35411,0.995802,0.192502,0.0817729,0.11072941869497299,0.256979,1.36008,0.301273,0.706893,,,4.1319,1.9246,1.95627,424.6099853515625,,,,,,,590.7,3.8607843137254907,612.0,4.0,,,,,,,,,,,,,,,,,,,Red Sox,23920,678394
Shane Bieber,TOR,7,6,10,3.69885,31,19,0,1,,121.0,501,116,54,50,15,28,,3,111,8.24075,2.08999,3.94296,1.12,0.220766,0.05599,0.16477644443511963,0.246693,1.1918,0.293062,0.734687,,,3.69493,1.89755,1.87534,456.92999267578125,,,,,,,542.3000000000001,4.481818181818182,543.0,4.487603305785124,,,,,,,,,,,,,,,,,,,Blue Jays,19427,669456
Chris Bassitt,BAL,11,10,14,4.1807,37,29,0,1,,174.0,748,170,87,81,23,60,,12,158,8.18272,3.0986,2.64078,1.20546,0.210953,0.0798828,0.1310698613524437,0.251857,1.32637,0.296945,0.722901,,,4.28973,1.87594,1.78262,361.8500061035156,,,,,,,666.7000000000003,3.8316091954023004,675.0,3.8793103448275863,,,,,,,,,,,,,,,,,,,Orioles,12304,605135
Bubba Chandler,PIT,9,9,12,4.11168,38,26,0,1,,149.0,641,140,73,68,18,57,,10,137,8.33172,3.4638,2.40537,1.07129,0.214577,0.0892075,0.12536951154470444,0.244058,1.32786,0.292285,0.717651,,,4.1825,1.86499,1.95658,151.10000610351562,,,,,,,594.2000000000002,3.987919463087249,588.0,3.946308724832215,,,,,,,,,,,,,,,,,,,Pirates,29868,696149
Edward Cabrera,CHC,9,7,14,3.91999,26,26,0,0,,139.0,583,118,66,60,17,55,,8,148,9.59629,3.58851,2.67417,1.08423,0.25355,0.0948144,0.15873514115810394,0.226797,1.24935,0.284787,0.71826,,,3.93291,1.85564,2.04894,174.9600067138672,,,,,,,619.7,4.458273381294965,581.0,4.179856115107913,,,,,,,,,,,,,,,,,,,Cubs,21690,665795
Cade Smith,CLE,6,3,0,2.84865,70,0,30,3,,70.0,285,53,24,22,6,22,,4,91,11.6798,2.84149,4.11045,0.761812,0.319045,0.077618,0.24142692238092422,0.203414,1.06707,0.288454,0.760315,,,2.76179,1.85031,1.86163,39.65999984741211,,,,,,,572.4000000000001,8.177142857142858,538.0,7.685714285714286,,,,,,,,,,,,,,,,,,,Guardians,27867,671922
Cade Cavalli,WSN,7,9,13,4.19419,26,26,0,0,,137.0,594,135,70,64,15,48,,10,117,7.68955,3.17389,2.42275,0.994407,0.197471,0.0815068,0.1159638911485672,0.251685,1.33425,0.296779,0.701799,,,4.14254,1.83862,1.66008,308.5400085449219,,,,,,,538.3000000000002,3.929197080291972,550.0,4.014598540145985,,,,,,,,,,,,,,,,,,,Nationals,27473,676917
Taj Bradley,MIN,7,8,11,4.25296,34,24,0,1,,141.0,598,134,72,67,19,49,,4,134,8.53712,3.15596,2.70508,1.20575,0.223214,0.0825165,0.14069712162017822,0.245224,1.29942,0.292414,0.709949,,,4.12157,1.8331,1.41268,503.44000244140625,,,,,,,574.3000000000001,4.073049645390071,571.0,4.049645390070922,,,,,,,,,,,,,,,,,,,Twins,22543,671737
Shota Imanaga,CHC,9,8,13,4.03903,26,26,0,0,,148.0,611,141,71,66,26,33,,4,135,8.20709,2.00197,4.09952,1.56448,0.221075,0.0539271,0.16714776679873466,0.24614,1.17598,0.279641,0.743818,,,4.32372,1.81523,2.10004,159.80999755859375,,,,,,,567.8000000000001,3.836486486486487,561.0,3.7905405405405403,,,,,,,,,,,,,,,,,,,Cubs,33829,684007
Shane Baz,BAL,9,9,14,4.28183,28,28,0,0,,152.0,645,142,77,72,22,54,,8,149,8.84515,3.20851,2.75678,1.27762,0.23077,0.0837098,0.14705974608659744,0.243651,1.29482,0.2921,0.714721,,,4.23805,1.79474,1.53418,188.74000549316406,,,,,,,597.0,3.9276315789473686,586.0,3.8552631578947367,,,,,,,,,,,,,,,,,,,Orioles,22264,669358
Hunter Greene,CIN,5,4,8,3.73024,15,15,0,0,,83.0,339,65,37,34,11,27,,6,98,10.6177,2.91897,3.6375,1.21538,0.288378,0.0792794,0.20909908413887024,0.213526,1.11261,0.274824,0.724586,,,3.72891,1.77987,1.72351,403.07000732421875,,,,,,,406.9000000000001,4.902409638554218,369.0,4.445783132530121,,,,,,,,,,,,,,,,,,,Reds,22182,668881
Tatsuya Imai,HOU,9,9,13,4.36724,26,26,0,0,,153.0,663,150,80,74,20,62,,7,145,8.54949,3.65456,2.33941,1.162,0.219247,0.093719,0.12552791833877563,0.253133,1.38799,0.304573,0.71576,,,4.27465,1.76119,1.39469,999.0,,,,,,,579.2,3.78562091503268,588.0,3.843137254901961,,,,,,,,,,,,,,,,,,,Astros,sa3062955,837227
Jacob Misiorowski,MIL,9,8,12,3.98735,32,24,0,1,,135.0,579,112,65,60,17,62,,9,156,10.3467,4.11604,2.51374,1.1331,0.269032,0.107025,0.16200760751962662,0.220327,1.2832,0.283064,0.727961,,,4.0472,1.75775,1.84976,115.66000366210938,,,,,,,601.7,4.457037037037037,557.0,4.125925925925926,,,,,,,,,,,,,,,,,,,Brewers,31623,694819
Edwin Díaz,LAD,5,2,0,2.98138,66,0,36,3,,66.0,268,47,24,22,7,23,,4,93,12.6745,3.18242,3.98265,0.912122,0.34695,0.0871153,0.25983423739671707,0.19684,1.06973,0.288833,0.761701,,,2.89876,1.73475,1.7274,32.95000076293945,,,,,,,577.1,8.743939393939394,536.0,8.121212121212121,,,,,,,,,,,,,,,,,,,Dodgers,14710,621242
Justin Verlander,DET,8,8,13,4.30858,26,26,0,0,,141.0,602,140,72,67,20,44,,6,116,7.433,2.82741,2.62891,1.2708,0.193292,0.0735255,0.11976616084575653,0.253063,1.30603,0.288131,0.714849,,,4.37884,1.70694,1.44131,672.3599853515625,,,,,,,515.4000000000001,3.655319148936171,527.0,3.7375886524822697,,,,,,,,,,,,,,,,,,,Tigers,8700,434378
Trey Yesavage,TOR,6,5,10,3.79166,35,21,0,1,,118.0,495,99,54,50,14,49,,3,129,9.82959,3.74641,2.62374,1.03869,0.26007,0.0991219,0.16094812005758286,0.223512,1.2555,0.284167,0.730235,,,3.78544,1.69548,1.65252,189.4199981689453,,,,,,,549.6,4.657627118644068,514.0,4.3559322033898304,,,,,,,,,,,,,,,,,,,Blue Jays,35456,702056
Ryne Nelson,ARI,9,8,13,4.09298,38,28,0,1,,167.0,702,165,82,76,22,46,,5,138,7.42623,2.50809,2.96091,1.19197,0.196076,0.0662216,0.12985488027334213,0.253875,1.26838,0.291506,0.718384,,,4.1362,1.69264,2.24566,253.55999755859375,,,,,,,663.1999999999998,3.971257485029939,676.0,4.047904191616767,,,,,,,,,,,,,,,,,,,Diamondbacks,26253,669194
Dustin May,STL,9,11,12,4.18529,36,26,0,1,,163.0,692,150,82,76,19,59,,12,148,8.16379,3.27671,2.49146,1.07567,0.213213,0.0855775,0.1276353970170021,0.241982,1.28814,0.28815,0.702286,,,4.18175,1.68765,1.81778,436.5899963378906,,,,,,,669.5,4.107361963190184,655.0,4.0184049079754605,,,,,,,,,,,,,,,,,,,Cardinals,19716,669160
Jacob Lopez,ATH,8,8,11,4.16977,23,23,0,0,,122.0,523,110,61,56,17,49,,7,127,9.36607,3.61315,2.59222,1.26657,0.242732,0.0936389,0.14909351617097855,0.23583,1.30395,0.28795,0.727394,,,4.2647,1.6855,1.62947,423.0,,,,,,,493.70000000000016,4.0467213114754115,475.0,3.8934426229508197,,,,,,,,,,,,,,,,,,,Athletics,25098,682052
Nick Martinez,TBR,9,10,9,4.32401,47,21,0,1,,147.0,626,150,76,71,19,41,,6,114,6.94819,2.47263,2.81004,1.13579,0.181664,0.0646483,0.11701607704162598,0.25902,1.29464,0.294047,0.695578,,,4.16812,1.67775,1.17224,737.22998046875,,,,,,,555.0999999999999,3.7761904761904757,579.0,3.938775510204082,,,,,,,,,,,,,,,,,,,Rays,12730,607259
Aroldis Chapman,BOS,5,3,0,2.96417,62,0,31,2,,62.0,255,45,22,20,5,28,,2,88,12.7572,4.0507,3.14939,0.786612,0.344339,0.109335,0.23500367999076843,0.197727,1.16977,0.296161,0.778208,,,2.86648,1.67717,1.74328,63.970001220703125,,,,,,,529.3,8.537096774193548,494.0,7.967741935483871,,,,,,,,,,,,,,,,,,,Red Sox,10233,547973
Mike Burrows,HOU,7,7,12,4.11238,34,26,0,1,,137.0,580,127,68,63,20,46,,5,135,8.87896,3.05059,2.91057,1.30245,0.233245,0.0801372,0.15310756117105484,0.240589,1.26584,0.287426,0.727126,,,4.17472,1.67316,1.52085,240.85000610351562,,,,,,,558.6000000000001,4.077372262773723,546.0,3.9854014598540144,,,,,,,,,,,,,,,,,,,Astros,24728,681347
Simeon Woods Richardson,MIN,7,8,12,4.38483,34,26,0,1,,143.0,613,138,75,70,20,53,,4,130,8.1484,3.33983,2.43976,1.27657,0.211285,0.0866006,0.12468438595533371,0.2487,1.33738,0.290489,0.714493,,,4.36755,1.66959,1.25929,667.6799926757812,,,,,,,546.4000000000001,3.8209790209790215,548.0,3.832167832167832,,,,,,,,,,,,,,,,,,,Twins,24494,680573
Cam Schlittler,NYY,8,7,12,4.03426,23,23,0,0,,121.0,515,110,59,54,16,45,,6,119,8.87119,3.33417,2.66069,1.17529,0.231112,0.0868616,0.14424997568130493,0.237176,1.28329,0.286277,0.724168,,,4.1102,1.65543,1.4124,118.30000305175781,,,,,,,497.60000000000014,4.112396694214877,482.0,3.9834710743801653,,,,,,,,,,,,,,,,,,,Yankees,32095,693645
Kyle Freeland,COL,8,12,12,5.01579,29,29,0,0,,160.0,700,185,95,89,25,42,,6,119,6.68734,2.35397,2.84087,1.42826,0.169354,0.0596134,0.10974051430821419,0.283153,1.41925,0.313475,0.685973,,,4.60874,1.64083,1.71901,999.0,,,,,,,489.5,3.059375,569.0,3.55625,,,,,,,,,,,,,,,,,,,Rockies,16256,607536
Noah Cameron,KCR,8,8,13,4.19678,26,26,0,0,,142.0,604,140,71,66,19,46,,5,120,7.57877,2.91502,2.5999,1.22211,0.19798,0.0761493,0.12183114141225815,0.253949,1.3125,0.292555,0.721253,,,4.29752,1.62923,1.89871,294.2099914550781,,,,,,,540.0999999999999,3.803521126760563,550.0,3.8732394366197185,,,,,,,,,,,,,,,,,,,Royals,30184,702070
Bryce Miller,SEA,8,8,13,4.11319,26,26,0,0,,141.0,590,131,69,64,20,42,,5,125,7.98356,2.67438,2.9852,1.26393,0.211969,0.0710066,0.140962116420269,0.241426,1.22665,0.279558,0.714841,,,4.19123,1.6001,1.22993,333.2699890136719,,,,,,,565.8000000000001,4.012765957446809,554.0,3.9290780141843973,,,,,,,,,,,,,,,,,,,Mariners,29837,682243
Braxton Garrett,MIA,6,6,9,3.88272,27,19,0,1,,112.0,472,111,52,48,14,27,,7,97,7.82453,2.20768,3.54423,1.10585,0.206232,0.0581881,0.14804400503635406,0.25338,1.2348,0.29751,0.722369,,,3.92485,1.59484,1.7128,585.5800170898438,,,,,,,464.0000000000001,4.142857142857144,474.0,4.232142857142857,,,,,,,,,,,,,,,,,,,Marlins,21844,666129
Seth Lugo,KCR,9,10,14,4.39093,28,28,0,0,,160.0,687,161,84,78,23,53,,6,135,7.58332,2.97955,2.54512,1.31946,0.196127,0.0770598,0.11906683444976807,0.257248,1.34102,0.293976,0.718456,,,4.46633,1.59454,1.74225,500.989990234375,,,,,,,575.5,3.596875,594.0,3.7125,,,,,,,,,,,,,,,,,,,Royals,12447,607625
Grant Taylor,CHW,5,5,1,3.46357,79,3,5,15,,91.0,382,78,38,35,9,33,,2,102,10.087,3.21526,3.13723,0.865697,0.268002,0.0854261,0.18257545679807663,0.223521,1.2083,0.291395,0.734175,,,3.26759,1.57783,1.28023,508.010009765625,,,,,,,543.8999999999999,5.976923076923075,522.0,5.736263736263736,,,,,,,,,,,,,,,,,,,White Sox,33927,691799
Kumar Rocker,TEX,7,8,10,4.221,39,23,0,1,,128.0,548,127,65,60,16,40,,5,114,8.02636,2.79368,2.87304,1.14213,0.207851,0.0723453,0.135505810379982,0.251495,1.30124,0.29576,0.705469,,,4.05394,1.5503,1.11747,731.97998046875,,,,,,,517.2,4.040625,529.0,4.1328125,,,,,,,,,,,,,,,,,,,Rangers,31843,677958
Matthew Liberatore,STL,9,10,14,4.22187,28,28,0,0,,150.0,643,149,76,70,19,48,,6,125,7.49616,2.90416,2.58118,1.12403,0.194606,0.0753943,0.11921188235282898,0.252978,1.31329,0.292671,0.708836,,,4.18548,1.53981,1.63472,430.6000061035156,,,,,,,576.9,3.8459999999999996,591.0,3.94,,,,,,,,,,,,,,,,,,,Cardinals,22294,669461
Zach Eflin,BAL,9,10,12,4.34901,36,26,0,1,,156.0,655,165,81,75,24,30,,5,120,6.90504,1.72771,3.99664,1.40706,0.183054,0.045802,0.13725218921899796,0.266546,1.24964,0.296052,0.706875,,,4.30262,1.53792,1.25853,420.67999267578125,,,,,,,569.2,3.648717948717949,607.0,3.891025641025641,,,,,,,,,,,,,,,,,,,Orioles,13774,621107
Michael McGreevy,STL,8,8,11,3.98595,31,23,0,1,,135.0,567,139,65,60,15,32,,4,94,6.28989,2.15656,2.91664,1.02538,0.166013,0.0569192,0.10909353569149971,0.262424,1.27458,0.29416,0.712454,,,4.01625,1.5131,1.72973,717.6599731445312,,,,,,,537.1,3.9785185185185186,564.0,4.177777777777778,,,,,,,,,,,,,,,,,,,Cardinals,29869,700241
Roki Sasaki,LAD,7,6,8,4.16364,38,18,0,1,,113.0,483,105,56,52,15,40,,7,118,9.41283,3.19644,2.94478,1.21561,0.244237,0.082939,0.16129843145608902,0.240981,1.28676,0.296668,0.717305,,,4.04826,1.51073,1.25984,278.4599914550781,,,,,,,477.70000000000005,4.227433628318584,469.0,4.150442477876106,,,,,,,,,,,,,,,,,,,Dodgers,35323,808963
Max Meyer,MIA,8,9,11,4.23521,34,24,0,1,,137.0,586,135,70,64,18,45,,5,123,8.109,2.98158,2.7197,1.19071,0.210412,0.0773659,0.13304612785577774,0.252545,1.32063,0.297153,0.713435,,,4.14688,1.50556,1.56358,290.510009765625,,,,,,,541.4000000000002,3.9518248175182498,551.0,4.021897810218978,,,,,,,,,,,,,,,,,,,Marlins,27474,676974
Chad Patrick,MIL,8,9,12,4.42134,26,26,0,0,,141.0,602,134,74,69,23,46,,6,132,8.41261,2.92794,2.87322,1.449,0.219606,0.0764322,0.14317409694194794,0.244573,1.27632,0.282884,0.713967,,,4.46276,1.49985,1.41018,290.1700134277344,,,,,,,520.1000000000001,3.6886524822695046,514.0,3.645390070921986,,,,,,,,,,,,,,,,,,,Brewers,30113,694477
Eduardo Rodriguez,ARI,8,8,11,4.21846,31,23,0,1,,132.0,569,133,67,62,18,46,,3,118,8.05033,3.15744,2.54964,1.22486,0.207816,0.081508,0.1263078674674034,0.255442,1.35515,0.299271,0.729262,,,4.23284,1.49979,1.55119,739.72998046875,,,,,,,502.6000000000002,3.807575757575759,519.0,3.9318181818181817,,,,,,,,,,,,,,,,,,,Diamondbacks,13164,593958
Robbie Ray,SFG,10,10,16,4.12036,31,31,0,0,,174.0,741,161,85,80,25,65,,6,176,9.11108,3.35075,2.71912,1.31126,0.237299,0.0872707,0.15002835541963577,0.240168,1.29854,0.289242,0.737378,,,4.23304,1.492,2.06338,167.32000732421875,,,,,,,700.5000000000001,4.025862068965518,684.0,3.9310344827586206,,,,,,,,,,,,,,,,,,,Giants,11486,592662
Zebby Matthews,MIN,6,6,7,3.97788,32,16,0,1,,101.0,425,99,48,44,14,25,,2,100,8.93616,2.2065,4.04992,1.26828,0.235404,0.0581256,0.1772788129746914,0.248822,1.22774,0.29898,0.729094,,,3.78816,1.49123,1.27247,446.739990234375,,,,,,,440.80000000000007,4.364356435643565,446.0,4.415841584158416,,,,,,,,,,,,,,,,,,,Twins,31827,805673
Bryan Abreu,HOU,4,2,0,2.96789,68,0,5,13,,68.0,281,50,24,22,6,28,,4,91,12.0214,3.7604,3.19686,0.849214,0.322784,0.100969,0.22181463986635208,0.201851,1.15809,0.288699,0.778635,,,3.10252,1.49026,1.63676,183.08999633789062,,,,,,,462.4000000000001,6.800000000000002,425.0,6.25,,,,,,,,,,,,,,,,,,,Astros,16609,650556
Kodai Senga,NYM,8,7,11,3.8701,35,23,0,1,,132.0,566,117,62,57,16,58,,5,132,8.94271,3.96375,2.25613,1.06646,0.232658,0.103123,0.12953515350818634,0.233681,1.32748,0.286361,0.742932,,,4.11257,1.48906,1.73095,227.25,,,,,,,554.8000000000002,4.203030303030304,531.0,4.0227272727272725,,,,,,,,,,,,,,,,,,,Mets,31838,673540
Davis Martin,CHW,7,10,13,4.53767,28,28,0,0,,150.0,648,153,82,76,21,51,,7,117,7.04351,3.0732,2.29191,1.25582,0.181109,0.079021,0.10208814591169357,0.260272,1.36495,0.293649,0.70227,,,4.55046,1.4848,1.08273,999.0,,,,,,,513.9000000000001,3.4260000000000006,537.0,3.58,,,,,,,,,,,,,,,,,,,White Sox,21448,663436
Spencer Schwellenbach,ATL,5,4,8,3.51726,13,13,0,0,,79.0,321,73,33,31,10,16,,3,77,8.79614,1.85911,4.73136,1.08621,0.240158,0.0507588,0.18939953669905663,0.240934,1.12791,0.293709,0.733409,,,3.48611,1.47657,1.72694,742.510009765625,,,,,,,368.8,4.668354430379747,362.0,4.582278481012659,,,,,,,,,,,,,,,,,,,Braves,31846,680885
Joey Cantillo,CLE,8,7,10,3.8046,54,21,0,1,,144.0,615,127,66,61,18,63,,4,154,9.5901,3.94888,2.42856,1.1137,0.249614,0.102783,0.14683152735233307,0.231878,1.32002,0.2901,0.754276,,,4.0177,1.45986,1.6836,271.2799987792969,,,,,,,625.0000000000002,4.3402777777777795,597.0,4.145833333333333,,,,,,,,,,,,,,,,,,,Guardians,23335,676282
Jared Jones,PIT,6,6,9,3.93509,24,18,0,1,,102.0,434,94,48,45,12,36,,5,100,8.83855,3.16355,2.79387,1.07378,0.231284,0.0827828,0.14850152283906937,0.239861,1.27335,0.292696,0.722531,,,3.93062,1.45294,1.53834,711.6099853515625,,,,,,,443.80000000000007,4.350980392156863,435.0,4.264705882352941,,,,,,,,,,,,,,,,,,,Pirates,27863,683003
Jameson Taillon,CHC,9,9,12,4.39238,26,26,0,0,,141.0,593,143,74,69,23,33,,4,110,6.98776,2.12254,3.29217,1.46634,0.184969,0.0561844,0.1287841759622097,0.258125,1.25184,0.284668,0.71118,,,4.48484,1.45209,1.34712,499.30999755859375,,,,,,,497.7000000000001,3.529787234042554,515.0,3.652482269503546,,,,,,,,,,,,,,,,,,,Cubs,11674,592791
Zack Littell,WSN,7,10,12,4.62292,26,26,0,0,,151.0,637,160,83,78,26,32,,6,113,6.76331,1.87982,3.59786,1.5378,0.177976,0.0494672,0.12850863486528397,0.267292,1.2711,0.292088,0.698203,,,4.5984,1.42336,1.23747,708.6199951171875,,,,,,,493.60000000000014,3.2688741721854315,529.0,3.5033112582781456,,,,,,,,,,,,,,,,,,,Nationals,15823,641793
Quinn Priester,MIL,7,7,11,4.12433,21,21,0,0,,122.0,520,119,61,56,14,41,,5,102,7.53302,3.06199,2.46017,1.07045,0.19589,0.0796244,0.11626525223255157,0.250581,1.31435,0.29172,0.712363,,,4.1634,1.41,1.52772,561.9299926757812,,,,,,,487.20000000000016,3.993442622950821,494.0,4.049180327868853,,,,,,,,,,,,,,,,,,,Brewers,25977,682990
Cade Horton,CHC,8,8,12,4.122,24,24,0,0,,127.0,535,119,63,58,17,41,,5,111,7.86507,2.86932,2.74109,1.22624,0.208007,0.0758845,0.13212202489376068,0.242876,1.25169,0.281412,0.715996,,,4.23952,1.39654,1.58765,179.8300018310547,,,,,,,505.3000000000002,3.9787401574803165,498.0,3.921259842519685,,,,,,,,,,,,,,,,,,,Cubs,31872,690990
Aaron Civale,ATH,7,8,11,4.63835,24,24,0,0,,130.0,555,128,71,67,21,41,,7,113,7.81463,2.86617,2.7265,1.43582,0.202616,0.0743134,0.12830231338739395,0.251547,1.30348,0.285831,0.696086,,,4.58127,1.38618,1.13977,748.3699951171875,,,,,,,452.90000000000003,3.4838461538461543,459.0,3.5307692307692307,,,,,,,,,,,,,,,,,,,Athletics,19479,650644
Will Warren,NYY,7,8,9,4.24617,43,21,0,1,,132.0,566,124,67,62,18,47,,5,130,8.86333,3.21981,2.75274,1.22836,0.22918,0.0832552,0.14592517912387848,0.242292,1.30224,0.290979,0.711181,,,4.13676,1.37826,1.01825,292.92999267578125,,,,,,,541.0000000000002,4.09848484848485,534.0,4.045454545454546,,,,,,,,,,,,,,,,,,,Yankees,30182,701542
Anthony Kay,CHW,7,9,9,4.4024,41,21,0,1,,140.0,606,143,74,68,19,52,,5,115,7.40207,3.37594,2.1926,1.19104,0.189726,0.0865305,0.10319595783948898,0.260936,1.39853,0.300298,0.714592,,,4.44902,1.36213,0.98892,717.8099975585938,,,,,,,493.49999999999994,3.5249999999999995,516.0,3.6857142857142855,,,,,,,,,,,,,,,,,,,White Sox,20387,641743
Parker Messick,CLE,7,8,12,4.0351,24,24,0,0,,129.0,554,125,62,58,17,44,,7,119,8.32263,3.07133,2.70978,1.18647,0.21546,0.0795121,0.13594792783260345,0.247996,1.30736,0.293854,0.733453,,,4.18831,1.36137,1.64213,297.5799865722656,,,,,,,505.4999999999999,3.9186046511627897,509.0,3.945736434108527,,,,,,,,,,,,,,,,,,,Guardians,31986,800048
Josh Hader,HOU,5,3,0,3.20784,61,0,29,3,,61.0,247,43,24,22,8,23,,2,85,12.5726,3.45389,3.64013,1.14837,0.344974,0.0947697,0.2502047121524811,0.195001,1.09122,0.275678,0.771115,,,3.26455,1.35827,1.18549,123.93000030517578,,,,,,,493.2000000000001,8.085245901639347,453.0,7.426229508196721,,,,,,,,,,,,,,,,,,,Astros,14212,623352
Justin Steele,CHC,5,4,8,3.57682,15,15,0,0,,81.0,336,75,35,32,9,22,,3,76,8.44846,2.47759,3.40995,1.01254,0.226228,0.0663436,0.15988454222679138,0.240746,1.19986,0.291143,0.737671,,,3.64715,1.35088,1.56341,598.5700073242188,,,,,,,370.69999999999993,4.576543209876542,365.0,4.506172839506172,,,,,,,,,,,,,,,,,,,Cubs,17312,657006
Grant Holmes,ATL,9,8,11,4.19913,38,24,0,1,,155.0,669,150,79,72,20,60,,8,147,8.52864,3.4707,2.45733,1.17036,0.219407,0.0892867,0.1301201432943344,0.249906,1.35612,0.299545,0.723396,,,4.23725,1.34911,1.80203,379.44000244140625,,,,,,,605.0,3.903225806451613,609.0,3.9290322580645163,,,,,,,,,,,,,,,,,,,Braves,16944,656550
David Bednar,NYY,5,4,0,3.23884,65,0,33,2,,65.0,267,51,25,23,7,22,,2,81,11.199,3.00168,3.73091,1.02537,0.302694,0.0811314,0.22156257182359695,0.211017,1.12335,0.283431,0.75973,,,3.23124,1.33966,1.26408,63.720001220703125,,,,,,,525.3,8.081538461538461,497.0,7.6461538461538465,,,,,,,,,,,,,,,,,,,Yankees,19569,670280
Abner Uribe,MIL,4,2,0,3.11934,72,0,19,7,,72.0,299,54,27,25,6,33,,4,87,10.8276,4.12923,2.62219,0.714824,0.289406,0.110368,0.17903782427310944,0.205635,1.2068,0.283893,0.755098,,,3.32004,1.32814,1.71349,166.99000549316406,,,,,,,504.60000000000014,7.0083333333333355,468.0,6.5,,,,,,,,,,,,,,,,,,,Brewers,25327,682842
Devin Williams,NYM,5,4,0,3.12376,64,0,32,3,,64.0,262,46,24,22,6,27,,3,85,11.931,3.76656,3.16762,0.80867,0.323888,0.10225,0.22163861989974976,0.197652,1.13528,0.283557,0.747458,,,3.05153,1.32714,1.39939,59.619998931884766,,,,,,,532.1999999999999,8.315624999999999,494.0,7.71875,,,,,,,,,,,,,,,,,,,Mets,15816,642207
Landen Roupp,SFG,8,8,11,3.94652,33,23,0,1,,128.0,552,122,61,56,14,50,,4,120,8.40412,3.48816,2.40932,0.962594,0.216641,0.0899176,0.12672311067581177,0.244964,1.34029,0.296918,0.728149,,,3.92135,1.31404,1.54497,693.1199951171875,,,,,,,539.8,4.2171875,540.0,4.21875,,,,,,,,,,,,,,,,,,,Giants,30076,694738
Garrett Whitlock,BOS,5,3,0,3.32084,70,0,3,14,,70.0,289,61,28,26,7,19,,3,79,10.1035,2.46471,4.09924,0.925162,0.272157,0.0663921,0.20576507598161697,0.230069,1.15022,0.2994,0.745936,,,3.17337,1.30964,1.3827,627.6599731445312,,,,,,,436.29999999999995,6.232857142857142,422.0,6.0285714285714285,,,,,,,,,,,,,,,,,,,Red Sox,20191,676477
Andre Pallante,STL,8,9,12,4.25206,24,24,0,0,,133.0,578,138,68,63,13,51,,4,93,6.30808,3.46643,1.81976,0.852967,0.161115,0.0885366,0.07257887721061707,0.263481,1.42145,0.300095,0.70398,,,4.21707,1.30396,1.38631,999.0,,,,,,,486.50000000000006,3.6578947368421058,517.0,3.887218045112782,,,,,,,,,,,,,,,,,,,Cardinals,26108,669467
Tyler Mahle,SFG,8,8,13,4.05149,26,26,0,0,,137.0,576,135,66,62,18,42,,3,113,7.4185,2.73667,2.71077,1.16537,0.195906,0.0722696,0.1236366555094719,0.253456,1.28796,0.291792,0.725098,,,4.14683,1.30175,1.69732,325.2799987792969,,,,,,,532.4000000000002,3.886131386861315,542.0,3.9562043795620436,,,,,,,,,,,,,,,,,,,Giants,16358,641816
Pete Fairbanks,MIA,4,3,0,3.37916,62,0,27,4,,62.0,256,53,25,23,6,22,,2,65,9.36667,3.19579,2.93094,0.814196,0.252032,0.0859901,0.166041761636734,0.226528,1.20389,0.289906,0.735935,,,3.37689,1.26013,1.27291,112.08999633789062,,,,,,,456.2,7.358064516129032,441.0,7.112903225806452,,,,,,,,,,,,,,,,,,,Marlins,17998,664126
Andrés Muñoz,SEA,4,2,0,2.85771,64,0,28,3,,64.0,261,46,22,20,5,25,,4,82,11.5539,3.5047,3.29669,0.746047,0.314556,0.0954156,0.2191401794552803,0.199643,1.11523,0.283362,0.764756,,,2.98214,1.25762,1.46758,41.310001373291016,,,,,,,521.5,8.1484375,484.0,7.5625,,,,,,,,,,,,,,,,,,,Mariners,20373,662253
Sean Manaea,NYM,7,7,8,4.16831,48,18,0,1,,127.0,532,115,63,59,19,40,,7,131,9.27849,2.82976,3.2789,1.32604,0.245432,0.074852,0.17058001458644867,0.237136,1.22293,0.286921,0.712098,,,4.09669,1.25612,1.09567,393.4100036621094,,,,,,,532.1000000000001,4.18976377952756,513.0,4.039370078740157,,,,,,,,,,,,,,,,,,,Mets,15873,640455
Robby Snelling,MIA,6,6,9,4.02902,18,18,0,0,,95.0,407,93,46,42,11,33,,3,82,7.76262,3.14315,2.46969,1.0774,0.200665,0.0812513,0.11941413581371307,0.251423,1.33474,0.29474,0.728674,,,4.10209,1.25341,1.43497,999.0,,,,,,,381.90000000000003,4.0200000000000005,388.0,4.08421052631579,,,,,,,,,,,,,,,,,,,Marlins,sa3020707,702281
Slade Cecconi,CLE,8,10,13,4.4537,28,28,0,0,,155.0,655,157,82,77,25,40,,6,130,7.54482,2.31077,3.26507,1.45816,0.197758,0.0605677,0.13719023019075394,0.257953,1.27406,0.290575,0.708133,,,4.45073,1.24313,1.20211,610.5499877929688,,,,,,,553.3,3.5696774193548384,572.0,3.6903225806451614,,,,,,,,,,,,,,,,,,,Guardians,27500,677944
Jose Quintana,COL,8,10,11,4.86183,26,26,0,0,,144.0,637,157,84,78,20,57,,6,102,6.39641,3.5538,1.79988,1.26514,0.160485,0.0891647,0.07132081687450409,0.273107,1.48524,0.30237,0.701763,,,4.8493,1.2273,1.68244,999.0,,,,,,,426.40000000000015,2.961111111111112,475.0,3.298611111111111,,,,,,,,,,,,,,,,,,,Rockies,11423,500779
José Alvarado,PHI,5,3,0,3.30414,64,0,3,12,,64.0,269,53,25,23,6,26,,2,75,10.519,3.71266,2.83327,0.834873,0.278154,0.0981741,0.17997991293668747,0.220809,1.24291,0.295153,0.760962,,,3.32719,1.22606,1.38149,748.3800048828125,,,,,,,390.99999999999994,6.109374999999999,371.0,5.796875,,,,,,,,,,,,,,,,,,,Phillies,17780,621237
Adrian Houser,SFG,8,9,13,4.22678,26,26,0,0,,147.0,636,154,75,69,16,49,,7,105,6.43259,2.9884,2.15252,0.96645,0.164561,0.0764504,0.08811083436012268,0.264425,1.3802,0.299438,0.706873,,,4.23974,1.21571,1.40749,742.5399780273438,,,,,,,532.6,3.6231292517006803,569.0,3.870748299319728,,,,,,,,,,,,,,,,,,,Giants,12718,605288
Ryan Weathers,NYY,7,7,8,4.14383,37,19,0,1,,118.0,504,110,59,54,15,43,,4,111,8.43073,3.24685,2.59659,1.17888,0.22001,0.0847304,0.13527966290712357,0.240426,1.2886,0.285466,0.713134,,,4.16024,1.2126,1.02085,231.5800018310547,,,,,,,487.70000000000005,4.1330508474576275,480.0,4.067796610169491,,,,,,,,,,,,,,,,,,,Yankees,23796,677960
Carmen Mlodzinski,PIT,7,7,5,3.81189,61,11,0,4,,113.0,481,109,52,48,11,39,,4,98,7.84508,3.10187,2.52915,0.884666,0.204157,0.0807217,0.1234356239438057,0.248679,1.31097,0.297693,0.727533,,,3.82113,1.20235,1.29913,745.1500244140625,,,,,,,500.5000000000001,4.42920353982301,505.0,4.469026548672566,,,,,,,,,,,,,,,,,,,Pirates,27572,669387
Will Vest,DET,4,4,0,3.29622,68,0,5,12,,68.0,282,60,27,25,6,21,,2,69,9.19535,2.79536,3.28951,0.747259,0.246137,0.0748249,0.17131206393241882,0.231399,1.19147,0.295281,0.736036,,,3.20383,1.2002,1.17418,486.8299865722656,,,,,,,415.4000000000001,6.108823529411766,404.0,5.9411764705882355,,,,,,,,,,,,,,,,,,,Tigers,19769,676684
Cristian Javier,HOU,8,10,12,4.67171,28,28,0,0,,148.0,635,137,82,77,24,63,,5,138,8.42002,3.84705,2.1887,1.47367,0.217377,0.099318,0.11805896461009979,0.2413,1.35413,0.278336,0.709611,,,4.78313,1.1922,0.88243,475.04998779296875,,,,,,,515.8,3.4851351351351347,500.0,3.3783783783783785,,,,,,,,,,,,,,,,,,,Astros,17606,664299
Trevor Megill,MIL,5,3,0,3.27805,66,0,11,9,,66.0,274,54,26,24,7,23,,2,82,11.1341,3.19473,3.48514,1.00563,0.298003,0.0855068,0.21249669790267944,0.216315,1.17004,0.290739,0.77003,,,3.26368,1.17704,1.2777,139.99000549316406,,,,,,,441.9000000000001,6.695454545454547,419.0,6.348484848484849,,,,,,,,,,,,,,,,,,,Brewers,17722,656730
Max Scherzer,TOR,6,6,8,4.22309,38,18,0,1,,114.0,474,107,57,53,20,30,,5,112,8.87958,2.41382,3.67865,1.55289,0.236144,0.064193,0.1719505786895752,0.243085,1.20869,0.283394,0.728197,,,4.33216,1.16307,0.990451,574.8900146484375,,,,,,,442.3999999999999,3.880701754385964,433.0,3.7982456140350878,,,,,,,,,,,,,,,,,,,Blue Jays,3137,453286
Logan Henderson,MIL,6,6,6,4.14973,31,15,0,1,,91.0,382,83,45,42,14,28,,3,91,9.033,2.75448,3.27938,1.39292,0.238943,0.0728624,0.1660810187458992,0.236996,1.22089,0.281329,0.725155,,,4.16074,1.14272,0.989454,375.2300109863281,,,,,,,378.40000000000003,4.158241758241759,366.0,4.021978021978022,,,,,,,,,,,,,,,,,,,Brewers,31475,701656
Luis Morales,ATH,7,8,8,4.45696,33,19,0,1,,119.0,509,114,63,59,17,47,,4,105,7.99658,3.57102,2.2393,1.30422,0.207184,0.0925217,0.11466218531131744,0.248099,1.35339,0.287597,0.71233,,,4.54022,1.13824,1.05402,733.9500122070312,,,,,,,436.0999999999999,3.6647058823529406,435.0,3.6554621848739495,,,,,,,,,,,,,,,,,,,Athletics,32227,806960
Ryan Helsley,BAL,4,3,0,3.3801,64,0,26,3,,64.0,266,53,26,24,7,23,,2,75,10.5537,3.29382,3.20409,0.980938,0.282379,0.0881306,0.1942482739686966,0.222074,1.20152,0.292867,0.755767,,,3.37753,1.13161,1.06145,85.5,,,,,,,466.7,7.2921875,446.0,6.96875,,,,,,,,,,,,,,,,,,,Orioles,18138,664854
Rhett Lowder,CIN,6,8,9,4.64649,31,21,0,1,,119.0,511,123,66,61,17,38,,6,91,6.92719,2.86203,2.42038,1.30815,0.178768,0.0738595,0.10490822792053223,0.262948,1.35359,0.294455,0.690765,,,4.58674,1.13122,1.00905,551.0700073242188,,,,,,,405.6999999999999,3.4092436974789906,428.0,3.596638655462185,,,,,,,,,,,,,,,,,,,Reds,33876,695076
Sean Burke,CHW,7,10,12,4.73177,26,26,0,0,,141.0,616,136,79,74,22,63,,6,132,8.45412,4.00701,2.10983,1.43358,0.214913,0.101862,0.1130504235625267,0.248281,1.4099,0.289002,0.713312,,,4.78335,1.12845,0.829517,999.0,,,,,,,476.20000000000005,3.3773049645390074,476.0,3.375886524822695,,,,,,,,,,,,,,,,,,,White Sox,29878,680732
Adrian Morejon,SDP,6,5,0,3.39159,68,0,3,13,,68.0,282,59,28,26,6,23,,2,69,9.09167,3.01082,3.01967,0.800466,0.24378,0.0807306,0.16304908692836761,0.228967,1.20142,0.289528,0.735362,,,3.34436,1.11438,1.0228,734.6699829101562,,,,,,,406.0000000000001,5.9705882352941195,392.0,5.764705882352941,,,,,,,,,,,,,,,,,,,Padres,20039,670970
Bryce Elder,ATL,7,7,9,4.4337,25,19,0,1,,115.0,497,118,61,57,14,38,,5,95,7.45526,2.98092,2.50099,1.10931,0.191906,0.0767319,0.1151738315820694,0.259773,1.35626,0.301168,0.69552,,,4.19251,1.09538,1.07956,736.989990234375,,,,,,,436.99999999999994,3.7999999999999994,458.0,3.982608695652174,,,,,,,,,,,,,,,,,,,Braves,27779,693821
Tanner Scott,LAD,4,3,0,3.47267,63,0,4,15,,63.0,263,52,26,24,7,25,,3,72,10.2741,3.54651,2.89696,0.943601,0.273576,0.0944356,0.1791406348347664,0.219886,1.21497,0.287931,0.745045,,,3.53315,1.09183,1.08227,712.219970703125,,,,,,,384.90000000000003,6.10952380952381,364.0,5.777777777777778,,,,,,,,,,,,,,,,,,,Dodgers,17586,656945
Jeremiah Estrada,SDP,5,3,0,3.28643,70,0,0,15,,70.0,289,52,28,26,8,28,,2,95,12.2589,3.6511,3.35758,1.04581,0.329544,0.0981493,0.2313944697380066,0.202611,1.15439,0.285296,0.766644,,,3.23535,1.07095,0.815509,620.1300048828125,,,,,,,444.40000000000003,6.348571428571429,406.0,5.8,,,,,,,,,,,,,,,,,,,Padres,22210,669093
Michael Lorenzen,COL,7,10,11,5.07353,26,26,0,0,,143.0,627,155,87,81,24,52,,6,114,7.15489,3.28551,2.17771,1.49721,0.181116,0.083168,0.09794775396585464,0.271951,1.4486,0.303403,0.692897,,,4.92297,1.05989,1.35349,999.0,,,,,,,414.0,2.895104895104895,457.0,3.195804195804196,,,,,,,,,,,,,,,,,,,Rockies,14843,547179
Ian Seymour,TBR,7,7,6,4.17198,49,15,0,1,,118.0,495,109,59,54,17,35,,7,112,8.58253,2.66769,3.21722,1.32133,0.22638,0.0703652,0.15601500868797302,0.240664,1.22466,0.283477,0.710436,,,4.20274,1.05914,0.984485,497.3999938964844,,,,,,,482.70000000000005,4.090677966101695,471.0,3.9915254237288136,,,,,,,,,,,,,,,,,,,Rays,27932,693855
Jeff Hoffman,TOR,5,4,0,3.38612,63,0,26,4,,63.0,259,50,26,24,8,23,,4,76,10.8966,3.29687,3.30514,1.11178,0.294062,0.0889711,0.2050904706120491,0.213272,1.1543,0.281493,0.761129,,,3.58727,1.04182,0.967083,100.37999725341797,,,,,,,454.80000000000007,7.21904761904762,428.0,6.7936507936507935,,,,,,,,,,,,,,,,,,,Blue Jays,17432,656546
Johan Oviedo,BOS,6,6,6,4.29453,39,15,0,1,,99.0,424,92,51,47,12,41,,6,95,8.67493,3.74901,2.31393,1.12854,0.223974,0.0967939,0.12717998027801514,0.24314,1.34685,0.294093,0.709647,,,4.26967,1.04098,0.989396,523.4600219726562,,,,,,,398.8,4.028282828282828,392.0,3.95959595959596,,,,,,,,,,,,,,,,,,,Red Sox,22487,670912
Garrett Cleavinger,TBR,5,3,0,3.26013,65,0,10,10,,65.0,267,50,26,24,7,24,,5,82,11.3678,3.30961,3.43479,1.02424,0.307942,0.0896538,0.2182883322238922,0.209937,1.13478,0.28691,0.758302,,,3.43237,1.04077,1.13771,504.3299865722656,,,,,,,431.9,6.644615384615384,401.0,6.1692307692307695,,,,,,,,,,,,,,,,,,,Rays,17897,664076
Hunter Harvey,CHC,4,2,0,3.08853,52,0,4,13,,52.0,211,43,19,18,5,15,,2,58,10.0393,2.5139,3.99352,0.850358,0.274883,0.0688323,0.20605049282312393,0.220128,1.10205,0.288125,0.754973,,,3.09405,1.038,1.02163,748.3200073242188,,,,,,,348.5,6.701923076923077,332.0,6.384615384615385,,,,,,,,,,,,,,,,,,,Cubs,15507,640451
Lance McCullers Jr.,HOU,7,6,8,4.3792,37,19,0,1,,113.0,498,107,60,55,14,54,,7,109,8.70118,4.32702,2.0109,1.1257,0.219657,0.109233,0.11042342334985733,0.244339,1.42367,0.295553,0.716622,,,4.4549,1.03596,0.792977,999.0,,,,,,,424.8,3.75929203539823,422.0,3.734513274336283,,,,,,,,,,,,,,,,,,,Astros,14120,621121
Matt Brash,SEA,4,3,0,3.10327,63,0,3,12,,63.0,266,51,24,22,5,26,,3,76,10.8156,3.65735,2.95723,0.713789,0.284816,0.0963116,0.18850401043891907,0.213253,1.20921,0.291313,0.755333,,,3.12663,1.02722,0.972272,737.1400146484375,,,,,,,400.1,6.350793650793651,378.0,6.0,,,,,,,,,,,,,,,,,,,Mariners,25756,666374
Logan Allen,CLE,6,7,9,4.3062,27,19,0,1,,113.0,491,114,58,54,15,43,,4,93,7.40073,3.45945,2.13928,1.22672,0.188676,0.0881959,0.10047996789216995,0.256832,1.39557,0.293729,0.730265,,,4.52587,1.00926,0.965253,999.0,,,,,,,404.30000000000007,3.5778761061946907,419.0,3.7079646017699117,,,,,,,,,,,,,,,,,,,Guardians,27589,671106
Dean Kremer,BAL,7,7,7,4.35146,40,16,0,1,,115.0,489,115,60,56,17,35,,3,99,7.7091,2.70708,2.84775,1.34498,0.201553,0.0707762,0.13077697157859802,0.256063,1.30459,0.293178,0.715196,,,4.35377,0.984969,0.78029,999.0,,,,,,,430.9,3.74695652173913,442.0,3.8434782608695652,,,,,,,,,,,,,,,,,,,Orioles,19350,665152
Kyle Harrison,MIL,5,5,8,4.27166,32,18,0,1,,104.0,447,97,53,49,14,41,,6,103,8.93748,3.56861,2.50447,1.24232,0.230257,0.0919383,0.13831856101751328,0.241374,1.32874,0.290797,0.721796,,,4.29532,0.975868,1.02387,475.17999267578125,,,,,,,414.2000000000001,3.9826923076923086,407.0,3.9134615384615383,,,,,,,,,,,,,,,,,,,Brewers,27758,690986
Matt Strahm,KCR,4,3,0,3.49863,66,0,2,16,,66.0,271,56,28,26,8,20,,3,72,9.78609,2.72566,3.59035,1.06412,0.26506,0.0738257,0.19123471528291702,0.224401,1.14453,0.284238,0.740542,,,3.55193,0.975265,0.888284,717.4500122070312,,,,,,,393.4000000000001,5.960606060606062,375.0,5.681818181818182,,,,,,,,,,,,,,,,,,,Royals,13799,621381
Chris Paddack,MIA,6,9,9,4.83673,37,23,0,1,,136.0,582,146,79,73,23,35,,3,104,6.88817,2.29446,3.00209,1.54832,0.179018,0.0596309,0.11938663572072983,0.267575,1.32436,0.293327,0.688183,,,4.67661,0.973152,0.637608,748.2899780273438,,,,,,,441.9000000000001,3.2492647058823536,479.0,3.5220588235294117,,,,,,,,,,,,,,,,,,,Marlins,20099,663978
Miles Mikolas,WSN,7,10,11,4.7654,26,26,0,0,,139.0,594,154,79,73,23,32,,5,92,5.94149,2.0547,2.89166,1.49485,0.154284,0.0533547,0.10092908889055252,0.275473,1.33513,0.294748,0.693144,,,4.75696,0.970884,0.889809,999.0,,,,,,,418.3000000000002,3.009352517985613,469.0,3.3741007194244603,,,,,,,,,,,,,,,,,,,Nationals,9803,571945
Brandon Sproat,MIL,5,6,6,4.21179,37,15,0,1,,98.0,422,93,50,46,12,37,,6,84,7.70033,3.38182,2.27698,1.06831,0.198444,0.0871523,0.1112917959690094,0.246623,1.33142,0.288537,0.706542,,,4.27655,0.958271,0.847598,567.6099853515625,,,,,,,378.8,3.8653061224489798,377.0,3.8469387755102042,,,,,,,,,,,,,,,,,,,Brewers,33850,687075
Kyle Leahy,STL,6,7,6,4.16045,53,15,0,1,,123.0,528,121,61,57,14,44,,4,102,7.44407,3.2572,2.28542,1.02836,0.192384,0.0841788,0.10820502042770386,0.252835,1.34871,0.294621,0.714865,,,4.15546,0.954703,1.02264,734.7899780273438,,,,,,,487.4,3.96260162601626,497.0,4.040650406504065,,,,,,,,,,,,,,,,,,,Cardinals,24763,681517
Mick Abel,MIN,7,9,10,4.54884,35,23,0,1,,129.0,567,127,70,65,16,59,,5,115,8.05783,4.09369,1.96835,1.14027,0.203318,0.103293,0.10002442449331284,0.251653,1.43819,0.296877,0.707732,,,4.4796,0.953315,0.813929,310.04998779296875,,,,,,,469.59999999999997,3.6403100775193797,479.0,3.7131782945736433,,,,,,,,,,,,,,,,,,,Twins,27756,690953
Lucas Giolito,,6,7,10,4.67518,21,21,0,0,,116.0,506,116,65,60,18,45,,4,104,8.03673,3.46846,2.31709,1.41351,0.205489,0.0886841,0.1168050616979599,0.254604,1.38572,0.292911,0.709653,,,4.64068,0.932335,0.724384,726.6300048828125,,,,,,,396.4000000000001,3.4172413793103456,407.0,3.5086206896551726,,,,,,,,,,,,,,,,,,,,15474,608337
Robert Garcia,TEX,5,4,0,3.54161,64,0,20,6,,64.0,268,55,27,25,7,23,,2,70,9.85965,3.17454,3.10585,0.980122,0.261503,0.0841967,0.17730582505464554,0.226725,1.21465,0.289935,0.741,,,3.52291,0.918687,0.920219,232.4600067138672,,,,,,,433.5,6.7734375,418.0,6.53125,,,,,,,,,,,,,,,,,,,Rangers,23363,676395
Robert Suarez,ATL,5,4,0,3.55627,67,0,8,11,,67.0,277,59,29,26,7,21,,2,70,9.34019,2.8183,3.31412,1.00291,0.25133,0.0758361,0.17549382895231247,0.232645,1.19264,0.291907,0.736175,,,3.55463,0.917038,0.967349,213.7100067138672,,,,,,,411.29999999999995,6.138805970149253,399.0,5.955223880597015,,,,,,,,,,,,,,,,,,,Braves,30115,663158
Patrick Sandoval,BOS,6,5,4,3.97812,50,10,0,1,,92.0,400,89,44,41,9,38,,3,85,8.36907,3.68646,2.27022,0.882669,0.213756,0.0941565,0.11959923058748245,0.248887,1.38161,0.303718,0.726264,,,3.88495,0.913554,0.858033,999.0,,,,,,,389.70000000000005,4.235869565217392,394.0,4.282608695652174,,,,,,,,,,,,,,,,,,,Red Sox,19447,663776
Camilo Doval,NYY,4,3,0,3.52385,64,0,2,14,,64.0,272,51,27,25,5,30,,3,74,10.4252,4.26884,2.44216,0.768422,0.272715,0.11167,0.16104499995708466,0.214764,1.27292,0.288197,0.734763,,,3.51533,0.89733,0.798044,672.6599731445312,,,,,,,394.5,6.1640625,370.0,5.78125,,,,,,,,,,,,,,,,,,,Yankees,21992,666808
Fernando Cruz,NYY,4,3,0,3.38505,61,0,1,16,,61.0,260,47,25,23,7,28,,3,82,12.0746,4.1706,2.89518,0.963389,0.314626,0.108672,0.2059534266591072,0.205885,1.23577,0.288922,0.759258,,,3.38167,0.887408,0.736707,999.0,,,,,,,383.1000000000001,6.28032786885246,354.0,5.80327868852459,,,,,,,,,,,,,,,,,,,Yankees,7048,518585
Ryan Feltner,COL,5,8,7,5.16663,33,19,0,1,,114.0,507,123,70,66,17,47,,5,94,7.39189,3.7394,1.97676,1.30566,0.184991,0.0935827,0.09140791743993759,0.269821,1.49025,0.308166,0.680592,,,4.74815,0.886527,0.818702,999.0,,,,,,,350.6999999999999,3.076315789473683,385.0,3.3771929824561404,,,,,,,,,,,,,,,,,,,Rockies,21446,663372
Ryan Walker,SFG,5,3,0,3.27055,63,0,32,3,,63.0,264,55,25,23,5,20,,5,68,9.73605,2.81698,3.4562,0.776218,0.25826,0.0747236,0.18353645503520966,0.228693,1.18206,0.297412,0.740167,,,3.25864,0.872321,1.11812,146.77000427246094,,,,,,,494.70000000000005,7.852380952380953,483.0,7.666666666666667,,,,,,,,,,,,,,,,,,,Giants,20423,676254
Raisel Iglesias,ATL,5,3,0,3.61179,66,0,26,4,,66.0,270,58,29,26,8,18,,2,71,9.65532,2.4313,3.97126,1.135,0.261884,0.0659447,0.1959388181567192,0.232313,1.15063,0.291133,0.735344,,,3.54825,0.849159,0.960243,100.79000091552734,,,,,,,467.2000000000001,7.07878787878788,454.0,6.878787878787879,,,,,,,,,,,,,,,,,,,Braves,17130,628452
Ryan Johnson,LAA,4,4,4,4.27639,26,10,0,1,,66.0,285,67,34,31,9,21,,1,58,7.94478,2.88667,2.75223,1.21226,0.20429,0.0742271,0.1300632730126381,0.254006,1.33198,0.295758,0.714367,,,4.14035,0.842656,0.522275,999.0,,,,,,,257.5000000000001,3.901515151515153,267.0,4.045454545454546,,,,,,,,,,,,,,,,,,,Angels,35325,696270
Chris Martin,TEX,4,3,0,3.38013,55,0,8,11,,55.0,227,52,22,21,6,12,,2,54,8.89162,1.90853,4.65888,1.06083,0.239659,0.0514414,0.18821784108877182,0.24306,1.15518,0.297456,0.757719,,,3.41793,0.809517,0.772141,673.489990234375,,,,,,,348.0,6.327272727272727,347.0,6.3090909090909095,,,,,,,,,,,,,,,,,,,Rangers,11847,455119
Emilio Pagán,CIN,3,3,0,4.04552,66,0,27,4,,66.0,271,56,32,30,10,23,,2,71,9.69459,3.1006,3.12668,1.37408,0.262723,0.0840262,0.17869678139686584,0.227406,1.19281,0.278196,0.72696,,,4.07467,0.796105,0.702875,112.62999725341797,,,,,,,437.80000000000007,6.633333333333335,418.0,6.333333333333333,,,,,,,,,,,,,,,,,,,Reds,14771,641941
José Berríos,TOR,7,7,6,4.36683,51,15,0,1,,119.0,509,120,62,58,18,35,,6,99,7.52038,2.67398,2.81243,1.38273,0.194566,0.0691807,0.12538492679595947,0.256239,1.30798,0.290017,0.717907,,,4.51015,0.795484,0.678516,712.5599975585938,,,,,,,426.19999999999993,3.581512605042016,440.0,3.697478991596639,,,,,,,,,,,,,,,,,,,Blue Jays,14168,621244
Cole Sands,MIN,4,4,0,3.91773,68,0,4,13,,68.0,286,63,32,30,8,21,,4,67,8.90427,2.78885,3.19281,0.997522,0.235044,0.0736168,0.16142752766609192,0.239285,1.23029,0.294787,0.710537,,,3.68551,0.793166,0.508243,731.3499755859375,,,,,,,372.00000000000006,5.470588235294119,367.0,5.397058823529412,,,,,,,,,,,,,,,,,,,Twins,21461,663485
Alex Vesia,LAD,4,3,0,3.54793,61,0,1,18,,61.0,253,47,26,24,8,25,,3,77,11.3348,3.74783,3.02436,1.24258,0.303679,0.100411,0.2032676637172699,0.208692,1.18546,0.275828,0.7673,,,3.79765,0.784891,0.786271,745.52001953125,,,,,,,377.8000000000001,6.193442622950822,348.0,5.704918032786885,,,,,,,,,,,,,,,,,,,Dodgers,25007,681911
Jose A. Ferrer,SEA,4,3,0,3.27228,70,0,3,16,,70.0,292,62,28,25,5,22,,4,67,8.66942,2.76531,3.13507,0.698246,0.231299,0.0737781,0.157521054148674,0.233177,1.19452,0.292911,0.734264,,,3.29572,0.782069,0.740396,999.0,,,,,,,430.3,6.147142857142858,420.0,6.0,,,,,,,,,,,,,,,,,,,Mariners,24017,678606
Dennis Santana,PIT,4,3,0,3.72105,68,0,25,5,,68.0,284,62,30,28,7,23,,3,63,8.33475,3.063,2.72111,0.88095,0.221494,0.0813984,0.14009547233581543,0.23878,1.24657,0.291687,0.721174,,,3.71291,0.782021,1.03871,149.39999389648438,,,,,,,448.90000000000003,6.601470588235294,442.0,6.5,,,,,,,,,,,,,,,,,,,Pirates,17878,642701
Andrew Painter,PHI,6,7,7,4.72529,35,19,0,1,,115.0,502,116,65,61,18,44,,3,100,7.82441,3.45864,2.26228,1.43358,0.199839,0.0883349,0.1115037053823471,0.255243,1.39104,0.290664,0.705573,,,4.68554,0.781631,0.721236,999.0,,,,,,,391.0,3.4,404.0,3.5130434782608697,,,,,,,,,,,,,,,,,,,Phillies,sa3017880,691725
Lucas Erceg,KCR,5,4,0,3.70533,64,0,4,12,,64.0,273,58,29,26,6,25,,5,63,8.80168,3.45751,2.54567,0.774273,0.228956,0.0899397,0.13901682198047638,0.23704,1.2886,0.297435,0.719458,,,3.6652,0.781401,0.756158,507.3999938964844,,,,,,,353.0,5.515625,346.0,5.40625,,,,,,,,,,,,,,,,,,,Royals,19360,668674
J.T. Ginn,ATH,5,5,4,4.14366,44,10,0,1,,84.0,361,80,42,39,11,29,,5,80,8.5973,3.15433,2.72556,1.12766,0.222462,0.0816206,0.14084117859601974,0.245907,1.30435,0.296084,0.71286,,,4.09852,0.778119,0.672151,748.1199951171875,,,,,,,340.29999999999995,4.051190476190476,339.0,4.035714285714286,,,,,,,,,,,,,,,,,,,Athletics,27889,669372
Tomoyuki Sugano,COL,6,9,8,5.16744,21,21,0,0,,116.0,507,138,72,67,21,27,,4,74,5.73656,2.10912,2.71989,1.64305,0.146148,0.0537331,0.0924149937927723,0.29103,1.42488,0.308174,0.690964,,,5.0453,0.777113,0.973214,999.0,,,,,,,296.3000000000001,2.5543103448275875,362.0,3.1206896551724137,,,,,,,,,,,,,,,,,,,Rockies,35321,608372
Joe Boyle,TBR,5,5,5,4.04872,33,11,0,1,,79.0,343,66,38,36,9,43,,4,89,10.0788,4.84942,2.07835,0.996928,0.258128,0.124198,0.13392940908670425,0.22323,1.37458,0.288462,0.728911,,,4.11893,0.759794,0.71852,748.1500244140625,,,,,,,343.30000000000007,4.3455696202531655,319.0,4.037974683544304,,,,,,,,,,,,,,,,,,,Rays,29608,671212
Andrew Alvarez,WSN,4,6,5,4.36459,37,13,0,1,,92.0,401,95,48,45,11,36,,4,67,6.55165,3.49657,1.87374,1.04057,0.166731,0.088983,0.077747642993927,0.262564,1.42073,0.296853,0.710409,,,4.48662,0.757499,0.67033,999.0,,,,,,,316.5,3.4402173913043477,335.0,3.641304347826087,,,,,,,,,,,,,,,,,,,Nationals,29914,674841
Michael Soroka,ARI,6,6,5,4.08022,52,11,5,1,,101.0,431,91,49,46,12,37,,8,101,8.99842,3.29684,2.72941,1.07173,0.235206,0.0861749,0.1490313857793808,0.236571,1.26596,0.290827,0.708496,,,4.02751,0.754172,0.922245,712.2899780273438,,,,,,,459.20000000000005,4.546534653465347,445.0,4.405940594059406,,,,,,,,,,,,,,,,,,,Diamondbacks,18383,647336
Janson Junk,MIA,5,6,4,4.3449,48,10,0,1,,93.0,396,99,49,45,12,20,,3,68,6.51637,1.88472,3.45747,1.19146,0.171013,0.0494618,0.12155100330710411,0.265864,1.27018,0.296281,0.689627,,,4.13997,0.751649,0.569728,999.0,,,,,,,354.20000000000005,3.808602150537635,380.0,4.086021505376344,,,,,,,,,,,,,,,,,,,Marlins,23301,676083
Seranthony Domínguez,CHW,4,4,0,3.9127,63,0,20,6,,63.0,268,53,30,27,8,30,,2,71,10.2022,4.2209,2.41706,1.1025,0.266767,0.110368,0.1563984453678131,0.224137,1.30758,0.288125,0.738286,,,3.98418,0.74962,0.452038,195.25,,,,,,,400.00000000000006,6.34920634920635,381.0,6.0476190476190474,,,,,,,,,,,,,,,,,,,White Sox,19249,622554
Robert Gasser,MIL,4,4,4,4.06025,36,10,0,1,,76.0,324,72,37,34,10,24,,6,70,8.32073,2.81904,2.95162,1.2217,0.216977,0.0735111,0.1434655860066414,0.24363,1.25733,0.287174,0.721589,,,4.20811,0.748615,0.727405,748.3699951171875,,,,,,,306.2,4.028947368421052,304.0,4.0,,,,,,,,,,,,,,,,,,,Brewers,29812,688107
Daniel Palencia,CHC,5,3,0,3.67727,67,0,32,3,,67.0,282,55,30,27,7,28,,4,75,10.0167,3.71607,2.69551,0.976438,0.264245,0.0980316,0.16621321439743042,0.219584,1.23457,0.282952,0.731639,,,3.72938,0.737148,0.796256,93.69999694824219,,,,,,,492.69999999999993,7.353731343283581,470.0,7.014925373134329,,,,,,,,,,,,,,,,,,,Cubs,27914,694037
Hunter Barco,PIT,4,4,5,4.16197,41,11,0,1,,85.0,371,82,42,39,10,35,,6,78,8.23042,3.70062,2.22406,1.08502,0.209343,0.0941263,0.11521654576063156,0.247108,1.37161,0.294523,0.725446,,,4.31854,0.729222,0.823761,999.0,,,,,,,329.8,3.8800000000000003,332.0,3.9058823529411764,,,,,,,,,,,,,,,,,,,Pirates,33174,682995
Richard Fitts,STL,7,8,10,4.42207,36,23,0,1,,128.0,549,132,68,63,18,39,,5,96,6.76529,2.72332,2.4842,1.27634,0.175264,0.0705514,0.10471269488334656,0.260941,1.33225,0.290865,0.70719,,,4.50436,0.707954,0.954023,745.6400146484375,,,,,,,446.6000000000001,3.4890625000000006,470.0,3.671875,,,,,,,,,,,,,,,,,,,Cardinals,30160,690916
Graham Ashcraft,CIN,5,4,0,3.88457,65,0,2,16,,65.0,278,63,30,28,6,21,,3,59,8.19901,2.90826,2.81921,0.882909,0.213252,0.0756422,0.1376093253493309,0.246563,1.28544,0.298643,0.713623,,,3.69577,0.705628,0.715714,999.0,,,,,,,363.40000000000003,5.590769230769231,367.0,5.6461538461538465,,,,,,,,,,,,,,,,,,,Reds,27552,668933
Jared Koenig,MIL,4,3,0,3.56028,65,0,1,15,,65.0,274,58,28,26,7,22,,3,66,9.16282,3.10433,2.95162,0.9355,0.241765,0.0819093,0.15985596179962158,0.232102,1.23198,0.290063,0.741249,,,3.61795,0.682752,0.769093,748.27001953125,,,,,,,366.09999999999997,5.632307692307692,356.0,5.476923076923077,,,,,,,,,,,,,,,,,,,Brewers,27517,657649
Drew Anderson,DET,5,5,2,3.95524,60,5,0,9,,82.0,348,73,39,36,10,30,,4,91,9.95582,3.31056,3.00729,1.14666,0.260475,0.0866145,0.17386040091514587,0.233924,1.26365,0.296009,0.72621,,,3.8312,0.677331,0.497525,999.0,,,,,,,410.00000000000006,5.000000000000001,396.0,4.829268292682927,,,,,,,,,,,,,,,,,,,Tigers,15130,623454
Jonathan Cannon,CHW,5,8,5,4.79487,46,15,0,1,,111.0,483,116,64,59,17,38,,5,84,6.7985,3.11301,2.1839,1.38108,0.173075,0.0792503,0.09382451325654984,0.263808,1.39413,0.29197,0.69514,,,4.79236,0.66643,0.269395,999.0,,,,,,,353.70000000000005,3.186486486486487,377.0,3.3963963963963963,,,,,,,,,,,,,,,,,,,White Sox,31730,686563
Louis Varland,TOR,4,3,0,3.51062,67,0,2,13,,67.0,278,61,29,26,8,18,,2,66,8.92052,2.43047,3.67029,1.03918,0.239238,0.0651824,0.1740557625889778,0.236824,1.17844,0.290546,0.740112,,,3.57577,0.666178,0.521573,748.3800048828125,,,,,,,372.79999999999995,5.564179104477612,365.0,5.447761194029851,,,,,,,,,,,,,,,,,,,Blue Jays,27691,686973
Chase Dollander,COL,6,9,6,5.18478,43,19,0,1,,122.0,539,125,75,70,19,54,,8,106,7.8457,3.96889,1.9768,1.39469,0.196657,0.0994829,0.09717457741498947,0.262518,1.47097,0.302068,0.680402,,,4.93419,0.663185,0.860055,740.0700073242188,,,,,,,374.10000000000014,3.0663934426229518,393.0,3.221311475409836,,,,,,,,,,,,,,,,,,,Rockies,33482,801403
Gregory Soto,PIT,3,3,0,3.6911,64,0,2,15,,64.0,277,56,29,26,5,27,,6,69,9.76036,3.75629,2.5984,0.747492,0.25076,0.0965057,0.1542547196149826,0.230505,1.29768,0.30068,0.720737,,,3.56306,0.657764,0.674212,732.1500244140625,,,,,,,375.5,5.8671875,364.0,5.6875,,,,,,,,,,,,,,,,,,,Pirates,19677,642397
Randy Vásquez,SDP,7,9,9,4.79512,36,24,0,1,,137.0,599,142,78,73,20,50,,9,94,6.15497,3.2703,1.88208,1.32107,0.156375,0.0830865,0.07328882813453674,0.262779,1.40068,0.285718,0.69369,,,4.9532,0.656671,0.477695,723.8599853515625,,,,,,,413.6000000000002,3.0189781021897826,440.0,3.2116788321167884,,,,,,,,,,,,,,,,,,,Padres,24719,681190
Luis Gil,NYY,5,6,4,4.39714,51,11,0,1,,99.0,425,86,52,48,14,47,,4,101,9.18845,4.28948,2.14209,1.28614,0.237832,0.111028,0.1268039420247078,0.229153,1.34142,0.276582,0.714627,,,4.50725,0.65026,0.395584,351.6099853515625,,,,,,,389.80000000000007,3.937373737373738,366.0,3.696969696969697,,,,,,,,,,,,,,,,,,,Yankees,21052,661563
Drew Pomeranz,LAA,3,3,0,3.92806,56,0,3,10,,56.0,236,51,26,24,7,19,,4,59,9.49376,3.0097,3.15439,1.1395,0.25049,0.0794098,0.17107976227998734,0.237339,1.23648,0.296057,0.720607,,,3.90268,0.648704,0.509913,739.7899780273438,,,,,,,299.70000000000005,5.3517857142857155,293.0,5.232142857142857,,,,,,,,,,,,,,,,,,,Angels,11426,519141
Dylan Lee,ATL,3,3,0,3.54433,65,0,1,16,,65.0,267,57,28,26,9,19,,1,73,10.1218,2.67962,3.77731,1.2494,0.27403,0.0725464,0.2014838233590126,0.230691,1.17265,0.291047,0.764114,,,3.62505,0.645058,0.809508,999.0,,,,,,,377.09999999999997,5.801538461538461,363.0,5.584615384615384,,,,,,,,,,,,,,,,,,,Braves,19996,669276
Corbin Burnes,ARI,3,2,4,3.50833,6,6,0,0,,39.0,162,35,16,15,4,12,,2,37,8.64068,2.79871,3.08738,0.915604,0.230916,0.0747935,0.15612240880727768,0.237239,1.21441,0.291918,0.739814,,,3.5861,0.637781,0.8929,739.77001953125,,,,,,,180.40000000000003,4.625641025641026,175.0,4.487179487179487,,,,,,,,,,,,,,,,,,,Diamondbacks,19361,669203
Jacob Latz,TEX,4,4,3,4.37897,52,8,0,1,,95.0,410,86,50,46,12,46,,3,92,8.71265,4.34236,2.00643,1.16171,0.223888,0.111585,0.11230283230543137,0.23668,1.38483,0.284774,0.715889,,,4.41119,0.627776,0.350596,729.1799926757812,,,,,,,372.79999999999995,3.924210526315789,360.0,3.789473684210526,,,,,,,,,,,,,,,,,,,Rangers,21306,656641
Jake Irvin,WSN,6,9,8,4.81181,38,21,0,1,,134.0,578,140,77,72,22,44,,6,101,6.75699,2.92227,2.31224,1.44061,0.174715,0.0755609,0.09915376454591751,0.264498,1.36442,0.291269,0.691743,,,4.81314,0.623862,0.562135,999.0,,,,,,,412.9999999999999,3.082089552238805,440.0,3.283582089552239,,,,,,,,,,,,,,,,,,,Nationals,21504,663623
Jordan Leasure,CHW,4,4,0,4.15143,64,0,5,11,,64.0,272,54,32,30,9,29,,2,73,10.2143,4.0579,2.51714,1.26036,0.266806,0.105996,0.1608106568455696,0.225416,1.29985,0.284565,0.729358,,,4.14832,0.62366,0.20307,711.5,,,,,,,344.5,5.3828125,325.0,5.078125,,,,,,,,,,,,,,,,,,,White Sox,29950,673929
David Festa,MIN,3,3,2,4.06328,28,6,0,1,,55.0,233,51,27,25,7,19,,2,56,9.2101,3.08589,2.98458,1.15288,0.241266,0.0808375,0.16042881458997726,0.241238,1.27337,0.296554,0.720972,,,3.90684,0.617722,0.440874,999.0,,,,,,,241.29999999999998,4.387272727272727,237.0,4.3090909090909095,,,,,,,,,,,,,,,,,,,Twins,30056,701581
Gage Jump,ATH,3,3,5,4.31059,10,10,0,0,,49.0,211,49,25,24,7,17,,2,43,7.79748,3.05588,2.55164,1.22545,0.201767,0.0790734,0.12269312143325806,0.252476,1.32695,0.292691,0.713287,,,4.32181,0.598725,0.60179,999.0,,,,,,,178.1,3.6346938775510202,183.0,3.7346938775510203,,,,,,,,,,,,,,,,,,,Athletics,sa3034986,695611
Ryan Weiss,HOU,5,5,3,4.20326,48,8,0,1,,87.0,372,82,44,40,12,32,,5,85,8.87681,3.34146,2.65656,1.2009,0.229403,0.0863533,0.1430497020483017,0.244141,1.31484,0.295119,0.718657,,,4.20098,0.594337,0.570472,999.0,,,,,,,346.00000000000006,3.9770114942528743,342.0,3.9310344827586206,,,,,,,,,,,,,,,,,,,Astros,sa3007778,680802
Mark Leiter Jr.,ATH,5,4,0,3.99016,64,0,6,13,,64.0,276,58,31,28,8,26,,4,69,9.64117,3.62583,2.65902,1.08341,0.248683,0.0935243,0.15515906363725662,0.236818,1.31137,0.298005,0.72565,,,3.97171,0.591141,0.391426,725.989990234375,,,,,,,354.40000000000003,5.5375000000000005,346.0,5.40625,,,,,,,,,,,,,,,,,,,Athletics,15551,643410
Edwin Uceta,TBR,4,3,0,3.66126,56,0,10,11,,56.0,234,45,24,23,7,21,,4,67,10.7547,3.366,3.19509,1.13784,0.285991,0.0895094,0.1964816004037857,0.216803,1.18415,0.283067,0.743288,,,3.71336,0.589149,0.632297,564.739990234375,,,,,,,364.30000000000007,6.505357142857144,342.0,6.107142857142857,,,,,,,,,,,,,,,,,,,Rays,20539,670955
Kirby Yates,LAA,3,4,0,3.92272,58,0,10,10,,58.0,245,47,28,25,7,27,,3,69,10.7048,4.23944,2.52506,1.09763,0.281176,0.111354,0.1698220744729042,0.219657,1.28462,0.289082,0.727293,,,3.92078,0.577591,0.407967,268.6199951171875,,,,,,,358.90000000000003,6.18793103448276,337.0,5.810344827586207,,,,,,,,,,,,,,,,,,,Angels,9073,489446
Erick Fedde,CHW,6,8,7,4.94874,28,18,0,1,,109.0,475,113,64,60,18,42,,3,83,6.90365,3.46223,1.99399,1.46602,0.17539,0.0879591,0.08743063360452652,0.263402,1.42814,0.290472,0.69603,,,4.95484,0.572992,0.209062,999.0,,,,,,,326.40000000000003,2.994495412844037,346.0,3.1743119266055047,,,,,,,,,,,,,,,,,,,White Sox,17425,607200
Hurston Waldrep,ATL,4,4,5,4.2906,11,11,0,0,,61.0,268,60,32,29,7,27,,2,55,7.99796,3.93291,2.0336,1.02097,0.203839,0.100236,0.10360351204872131,0.250464,1.40961,0.298205,0.713836,,,4.26162,0.570897,0.649472,748.3699951171875,,,,,,,232.30000000000007,3.8081967213114765,237.0,3.8852459016393444,,,,,,,,,,,,,,,,,,,Braves,33527,694462
Griffin Canning,SDP,6,7,7,4.53444,32,18,0,1,,108.0,464,106,58,54,17,41,,3,96,8.03912,3.38855,2.37243,1.40507,0.207471,0.0874505,0.12002011388540268,0.253476,1.36425,0.29206,0.717903,,,4.60389,0.569309,0.587072,999.0,,,,,,,378.5,3.5046296296296298,383.0,3.5462962962962963,,,,,,,,,,,,,,,,,,,Padres,19867,656288
Bryan Baker,TBR,4,3,0,3.79608,63,0,3,13,,63.0,262,53,29,27,8,23,,2,70,9.98788,3.24131,3.08143,1.16008,0.267227,0.0867217,0.18050528317689896,0.225227,1.20901,0.284542,0.733922,,,3.7432,0.563848,0.372392,999.0,,,,,,,362.00000000000006,5.746031746031747,343.0,5.444444444444445,,,,,,,,,,,,,,,,,,,Rays,19804,641329
JoJo Romero,STL,5,3,0,3.49181,64,0,12,9,,64.0,272,57,27,25,6,25,,2,62,8.69399,3.58065,2.42805,0.831931,0.227672,0.0937675,0.13390448689460754,0.235313,1.2937,0.292296,0.746349,,,3.71244,0.556326,0.902839,468.8399963378906,,,,,,,390.59999999999997,6.1031249999999995,381.0,5.953125,,,,,,,,,,,,,,,,,,,Cardinals,19574,668941
Germán Márquez,SDP,6,8,7,4.99767,27,19,0,1,,109.0,481,119,66,61,17,38,,4,81,6.66319,3.09272,2.15448,1.40989,0.168653,0.0782803,0.09037274867296219,0.271515,1.43261,0.299422,0.687059,,,4.82814,0.553225,0.0245758,745.6300048828125,,,,,,,328.1,3.010091743119266,364.0,3.3394495412844036,,,,,,,,,,,,,,,,,,,Padres,15038,608566
Hunter Dobbins,STL,5,5,5,4.45866,31,13,0,1,,87.0,378,91,47,43,11,28,,4,62,6.38495,2.8984,2.20292,1.17299,0.163724,0.0743214,0.08940277248620987,0.262482,1.36254,0.291318,0.701862,,,4.51782,0.53429,0.5065,999.0,,,,,,,303.9,3.493103448275862,324.0,3.7241379310344827,,,,,,,,,,,,,,,,,,,Cardinals,30240,690928
A.J. Minter,NYM,4,3,0,3.4152,52,0,2,14,,52.0,214,43,22,20,6,18,,1,58,10.0885,3.1248,3.22853,1.03241,0.272421,0.0843792,0.18804168701171875,0.222216,1.17829,0.286055,0.750532,,,3.50883,0.528417,0.577896,999.0,,,,,,,324.2,6.234615384615385,307.0,5.903846153846154,,,,,,,,,,,,,,,,,,,Mets,18655,621345
Stephen Kolek,KCR,4,4,3,4.24732,36,8,0,1,,72.0,313,76,37,34,7,23,,5,51,6.37774,2.82784,2.25534,0.910792,0.163737,0.0725999,0.09113755077123642,0.264605,1.35954,0.300612,0.695427,,,4.16547,0.526176,0.491645,999.0,,,,,,,271.1,3.765277777777778,291.0,4.041666666666667,,,,,,,,,,,,,,,,,,,Royals,21487,663568
Jimmy Herget,COL,3,3,0,4.57303,77,0,2,15,,77.0,332,78,42,39,11,25,,5,70,8.2196,2.88059,2.85344,1.32714,0.2117,0.074191,0.13750869780778885,0.258877,1.33778,0.30317,0.698429,,,4.37392,0.516219,0.583093,999.0,,,,,,,351.7,4.567532467532468,362.0,4.701298701298701,,,,,,,,,,,,,,,,,,,Rockies,17556,623474
Jason Adam,SDP,4,3,0,3.52293,61,0,1,15,,61.0,252,50,26,24,7,23,,5,64,9.50356,3.36569,2.82365,0.960316,0.255651,0.090539,0.1651119440793991,0.221179,1.18751,0.280987,0.731902,,,3.76696,0.515324,0.663227,999.0,,,,,,,344.30000000000007,5.644262295081968,323.0,5.295081967213115,,,,,,,,,,,,,,,,,,,Padres,11861,592094
Andrew Kittredge,BAL,4,3,0,3.73418,60,0,3,12,,60.0,249,58,27,25,8,16,,2,59,8.85146,2.38425,3.71247,1.19174,0.237019,0.063844,0.17317500710487366,0.24861,1.2243,0.301475,0.743016,,,3.76089,0.507158,0.535044,745.4000244140625,,,,,,,321.8,5.363333333333333,323.0,5.383333333333334,,,,,,,,,,,,,,,,,,,Orioles,12828,552640
Spencer Arrighetti,HOU,5,6,5,4.46054,27,13,0,1,,84.0,364,77,45,42,12,37,,5,84,9.03,4.01119,2.2512,1.32896,0.230857,0.102548,0.12830867618322372,0.239413,1.36615,0.286896,0.718254,,,4.55255,0.505836,0.58884,726.3300170898438,,,,,,,319.8,3.8071428571428574,310.0,3.6904761904761907,,,,,,,,,,,,,,,,,,,Astros,29921,681293
Bryan King,HOU,4,3,0,3.66858,67,0,1,17,,67.0,280,61,30,27,9,20,,4,67,8.93521,2.72203,3.28255,1.15351,0.237481,0.0723465,0.16513482481241226,0.236963,1.20782,0.287879,0.744928,,,3.89519,0.503155,0.567223,748.25,,,,,,,361.4999999999999,5.3955223880597,353.0,5.268656716417911,,,,,,,,,,,,,,,,,,,Astros,25890,687911
Caleb Thielbar,CHC,5,3,0,3.62745,66,0,1,15,,66.0,274,58,28,27,9,22,,1,69,9.40045,3.00525,3.12801,1.17053,0.251212,0.0803104,0.17090167850255966,0.230819,1.21332,0.284341,0.759673,,,3.78057,0.49866,0.658934,999.0,,,,,,,360.9000000000001,5.46818181818182,347.0,5.257575757575758,,,,,,,,,,,,,,,,,,,Cubs,10078,573204
Ben Brown,CHC,4,4,1,3.77255,55,3,0,8,,71.0,295,62,32,30,8,23,,2,78,9.91626,2.95502,3.35573,1.06594,0.263165,0.0784227,0.1847425401210785,0.228311,1.20175,0.289785,0.720273,,,3.55484,0.496063,0.441215,734.8499755859375,,,,,,,378.8,5.335211267605634,364.0,5.126760563380282,,,,,,,,,,,,,,,,,,,Cubs,23590,676962
Tony Santillan,CIN,3,3,0,4.26733,70,0,4,13,,70.0,302,62,35,33,9,32,,5,73,9.39345,4.05077,2.31893,1.16101,0.241659,0.104212,0.1374475583434105,0.233713,1.33922,0.28884,0.718791,,,4.26839,0.492631,0.545022,712.5800170898438,,,,,,,353.09999999999997,5.044285714285714,340.0,4.857142857142857,,,,,,,,,,,,,,,,,,,Reds,19926,663574
Connelly Early,BOS,2,2,2,3.87639,13,5,0,1,,34.0,145,31,16,15,4,12,,2,34,9.04381,3.32392,2.72083,0.966324,0.234367,0.086138,0.1482285037636757,0.238678,1.28747,0.296492,0.720371,,,3.84355,0.488273,0.46154,273.70001220703125,,,,,,,151.80000000000004,4.464705882352942,148.0,4.352941176470588,,,,,,,,,,,,,,,,,,,Red Sox,33666,813349
Carlos Estévez,KCR,4,4,0,4.1722,62,0,28,3,,62.0,261,57,31,29,8,22,,2,56,8.07695,3.26246,2.47572,1.12968,0.213536,0.086252,0.1272839605808258,0.240058,1.27499,0.28327,0.708038,,,4.17692,0.484436,0.350348,119.05000305175781,,,,,,,404.2,6.519354838709678,398.0,6.419354838709677,,,,,,,,,,,,,,,,,,,Royals,14542,608032
Aaron Ashby,MIL,4,4,1,3.75898,69,2,1,13,,76.0,333,67,35,32,7,38,,5,79,9.34708,4.44398,2.10331,0.783133,0.237221,0.112784,0.12443645298480988,0.231758,1.38005,0.29618,0.734178,,,3.85093,0.476908,0.591302,999.0,,,,,,,388.09999999999997,5.106578947368421,375.0,4.934210526315789,,,,,,,,,,,,,,,,,,,Brewers,23550,676879
Sean Newcomb,CHW,3,3,0,3.88532,66,0,1,13,,66.0,285,62,31,28,7,26,,3,63,8.65516,3.57575,2.42052,0.943457,0.223044,0.0921472,0.130896657705307,0.241386,1.33046,0.295905,0.727051,,,3.91206,0.475961,0.333756,999.0,,,,,,,337.1000000000001,5.107575757575759,335.0,5.075757575757576,,,,,,,,,,,,,,,,,,,White Sox,16943,656794
Patrick Corbin,,3,4,5,4.86435,11,11,0,0,,61.0,268,66,36,33,9,21,,2,49,7.23105,3.06296,2.3608,1.36028,0.182901,0.0774739,0.10542664676904678,0.269229,1.42396,0.303707,0.6931,,,4.59667,0.465568,0.206195,999.0,,,,,,,198.1000000000001,3.247540983606559,217.0,3.557377049180328,,,,,,,,,,,,,,,,,,,,9323,571578
Cody Bradford,TEX,4,4,2,4.33043,38,6,0,1,,67.0,280,66,35,32,10,16,,2,57,7.70076,2.13963,3.59911,1.37647,0.204093,0.0567066,0.1473866030573845,0.250563,1.22106,0.28478,0.699492,,,4.21588,0.463362,0.283375,999.0,,,,,,,265.19999999999993,3.9582089552238795,269.0,4.014925373134329,,,,,,,,,,,,,,,,,,,Rangers,27597,674003
Tanner Banks,PHI,3,3,0,3.85405,63,0,1,13,,63.0,263,59,29,27,8,18,,2,59,8.47915,2.54689,3.32922,1.16465,0.225262,0.0676621,0.15759984403848648,0.244071,1.22627,0.291373,0.731894,,,3.88585,0.460875,0.502601,999.0,,,,,,,329.4000000000001,5.22857142857143,326.0,5.174603174603175,,,,,,,,,,,,,,,,,,,Phillies,16990,621383
Brad Lord,WSN,5,5,2,4.25613,71,5,6,14,,92.0,393,91,47,44,11,30,,4,73,7.17435,2.91893,2.45787,1.08392,0.186595,0.0759173,0.11067745089530945,0.254664,1.31735,0.292642,0.699175,,,4.22472,0.459157,0.490737,999.0,,,,,,,438.9,4.770652173913043,447.0,4.858695652173913,,,,,,,,,,,,,,,,,,,Nationals,31972,695418
Yimi García,TOR,3,3,0,3.81939,56,0,4,11,,56.0,235,48,25,24,7,20,,3,61,9.81736,3.26602,3.00591,1.10125,0.259607,0.0863655,0.1732412502169609,0.2257,1.21555,0.284755,0.730533,,,3.81614,0.456929,0.51433,999.0,,,,,,,320.50000000000006,5.7232142857142865,306.0,5.464285714285714,,,,,,,,,,,,,,,,,,,Blue Jays,12095,554340
Kutter Crawford,BOS,4,5,2,4.32482,48,6,0,1,,78.0,329,75,40,38,12,23,,3,73,8.36388,2.60054,3.21621,1.37368,0.221504,0.0688712,0.1526326984167099,0.246962,1.24396,0.288099,0.708057,,,4.2461,0.454202,0.377399,999.0,,,,,,,306.6,3.930769230769231,306.0,3.923076923076923,,,,,,,,,,,,,,,,,,,Red Sox,20531,676710
Steven Okert,HOU,3,3,0,3.84937,64,0,0,14,,64.0,266,53,29,27,9,23,,3,73,10.2742,3.27026,3.14172,1.31382,0.274838,0.0874801,0.18735811114311218,0.223075,1.19761,0.280674,0.742754,,,3.99138,0.446937,0.402929,999.0,,,,,,,349.1,5.4546875,327.0,5.109375,,,,,,,,,,,,,,,,,,,Astros,13580,595345
Jordan Romano,LAA,4,4,0,4.23984,60,0,5,12,,60.0,256,54,31,28,8,23,,4,64,9.65875,3.41075,2.83185,1.26839,0.25156,0.0888323,0.16272764652967453,0.23672,1.28504,0.292766,0.710847,,,4.13651,0.446582,0.0721071,712.4600219726562,,,,,,,325.20000000000005,5.420000000000001,316.0,5.266666666666667,,,,,,,,,,,,,,,,,,,Angels,16122,605447
Orion Kerkering,PHI,4,3,0,3.48701,54,0,0,10,,54.0,227,46,23,21,5,20,,4,60,9.9364,3.30014,3.0109,0.912887,0.263085,0.0873775,0.17570723593235016,0.224682,1.2124,0.290898,0.739485,,,3.54307,0.444208,0.414576,999.0,,,,,,,306.5,5.675925925925926,293.0,5.425925925925926,,,,,,,,,,,,,,,,,,,Phillies,31776,689147
Brooks Raley,NYM,3,3,0,3.80206,62,0,1,14,,62.0,260,54,28,26,6,22,,5,61,8.79081,3.19798,2.74886,0.921151,0.232755,0.0846733,0.14808212965726852,0.233298,1.23153,0.289117,0.714887,,,3.83455,0.441512,0.372088,999.0,,,,,,,346.5999999999999,5.59032258064516,334.0,5.387096774193548,,,,,,,,,,,,,,,,,,,Mets,10061,548384
Colin Rea,CHC,5,5,3,4.36073,48,8,0,1,,86.0,366,87,45,42,13,24,,4,68,7.15332,2.52859,2.82897,1.31147,0.186685,0.0659906,0.12069487571716309,0.256724,1.29063,0.288718,0.70805,,,4.41364,0.439643,0.413445,748.02001953125,,,,,,,306.3,3.5616279069767445,317.0,3.686046511627907,,,,,,,,,,,,,,,,,,,Cubs,12317,607067
Luke Weaver,NYM,4,3,0,3.99681,67,0,4,14,,67.0,283,61,32,30,9,22,,2,73,9.7481,2.98483,3.26588,1.26967,0.2563,0.0784781,0.17782170325517654,0.234978,1.23884,0.290574,0.72798,,,3.89855,0.437941,0.341481,731.97998046875,,,,,,,376.4999999999999,5.619402985074625,368.0,5.492537313432836,,,,,,,,,,,,,,,,,,,Mets,16918,596133
Shawn Armstrong,CLE,3,3,0,3.80879,68,0,3,16,,68.0,285,62,31,29,8,21,,4,68,8.99182,2.76058,3.25723,1.11581,0.23862,0.0732586,0.16536124050617218,0.237813,1.21569,0.290832,0.728383,,,3.84314,0.429085,0.451225,748.25,,,,,,,383.6000000000001,5.641176470588237,376.0,5.529411764705882,,,,,,,,,,,,,,,,,,,Guardians,12857,542888
Taylor Rogers,MIN,4,3,0,4.13449,61,0,19,6,,61.0,266,56,30,28,8,27,,4,65,9.51757,4.02129,2.36679,1.10981,0.242917,0.102635,0.14028151333332062,0.238319,1.36126,0.297838,0.725657,,,4.17205,0.427688,0.294332,420.3399963378906,,,,,,,363.4000000000001,5.957377049180329,357.0,5.852459016393443,,,,,,,,,,,,,,,,,,,Twins,13449,573124
Jordan Montgomery,TEX,3,3,2,4.36735,18,6,0,1,,49.0,211,50,26,24,7,16,,2,40,7.38866,2.89291,2.55405,1.23102,0.190712,0.0746702,0.1160416379570961,0.259258,1.34599,0.296504,0.712069,,,4.32988,0.425186,0.346768,999.0,,,,,,,176.5,3.6020408163265305,184.0,3.7551020408163267,,,,,,,,,,,,,,,,,,,Rangers,16511,656756
Clayton Beeter,WSN,3,3,0,3.97626,63,0,15,9,,63.0,271,53,30,28,7,33,,3,72,10.2449,4.66295,2.19708,1.02324,0.264347,0.120317,0.14402953535318375,0.224061,1.35759,0.290938,0.731787,,,4.01496,0.419281,0.571823,309.7799987792969,,,,,,,389.3,6.17936507936508,371.0,5.888888888888889,,,,,,,,,,,,,,,,,,,Nationals,27494,690925
Victor Vodnik,COL,3,4,0,4.25148,64,0,23,4,,64.0,281,62,33,30,7,31,,2,62,8.68596,4.34028,2.00124,0.989684,0.219653,0.109758,0.10989471524953842,0.250864,1.45703,0.307696,0.727013,,,4.15877,0.414814,0.783462,516.6599731445312,,,,,,,382.3,5.9734375,385.0,6.015625,,,,,,,,,,,,,,,,,,,Rockies,24614,680767
Yennier Cano,BAL,4,3,0,3.66285,60,0,1,13,,60.0,254,57,27,24,6,21,,2,55,8.21516,3.16132,2.59864,0.893761,0.215313,0.0828561,0.13245736807584763,0.247262,1.3037,0.300415,0.738519,,,3.7628,0.40388,0.361018,999.0,,,,,,,320.0,5.333333333333333,320.0,5.333333333333333,,,,,,,,,,,,,,,,,,,Orioles,25911,666974
Tyler Kinley,ATL,4,3,0,4.01439,63,0,0,13,,63.0,268,55,30,28,8,27,,2,70,10.0125,3.8325,2.61253,1.14013,0.261636,0.100147,0.16148976981639862,0.228978,1.29342,0.290577,0.729358,,,3.94645,0.401975,0.349286,999.0,,,,,,,329.80000000000007,5.234920634920636,316.0,5.015873015873016,,,,,,,,,,,,,,,,,,,Braves,18297,641755
Gabe Speier,SEA,4,2,0,3.33738,58,0,0,12,,58.0,239,48,24,22,7,18,,3,67,10.3452,2.76905,3.73601,1.01123,0.279372,0.0747782,0.20459389686584473,0.220512,1.13586,0.28703,0.746053,,,3.37299,0.398209,0.31456,748.239990234375,,,,,,,337.3,5.81551724137931,318.0,5.482758620689655,,,,,,,,,,,,,,,,,,,Mariners,17170,642100
Justin Sterner,ATH,3,3,0,4.14848,65,0,8,10,,65.0,276,59,32,30,9,24,,4,65,9.02643,3.32304,2.71632,1.29258,0.23624,0.0869706,0.14926926046609879,0.238111,1.27819,0.286556,0.728452,,,4.28043,0.395805,0.404408,528.9500122070312,,,,,,,342.9,5.275384615384615,334.0,5.138461538461539,,,,,,,,,,,,,,,,,,,Athletics,27694,686993
Eduard Bazardo,SEA,3,3,0,3.6287,68,0,1,14,,68.0,283,59,30,27,8,23,,3,69,9.18498,3.03576,3.0256,1.03977,0.24498,0.080969,0.16401050239801407,0.229643,1.2069,0.284483,0.738533,,,3.73333,0.395408,0.26948,999.0,,,,,,,372.4000000000001,5.476470588235295,357.0,5.25,,,,,,,,,,,,,,,,,,,Mariners,20997,660825
Taijuan Walker,PHI,6,8,5,4.96442,50,16,0,1,,120.0,526,129,71,66,20,43,,5,85,6.33874,3.21843,1.96952,1.49653,0.160806,0.0816476,0.07915869355201721,0.269977,1.43194,0.292095,0.699529,,,5.08962,0.392954,0.346062,999.0,,,,,,,336.6,2.805,370.0,3.0833333333333335,,,,,,,,,,,,,,,,,,,Phillies,11836,592836
Payton Tolle,BOS,2,2,2,4.08483,17,5,0,1,,36.0,154,34,18,17,5,12,,1,37,9.18865,2.90482,3.16324,1.27252,0.241432,0.0763242,0.165107823908329,0.240641,1.25461,0.29168,0.723728,,,4.00052,0.388728,0.333308,663.4400024414062,,,,,,,155.50000000000003,4.3194444444444455,154.0,4.277777777777778,,,,,,,,,,,,,,,,,,,Red Sox,35466,801139
Justin Wrobleski,LAD,4,3,2,4.26445,42,5,0,1,,66.0,281,64,34,31,9,22,,2,60,8.24226,3.00792,2.74018,1.27826,0.21522,0.0785422,0.13667794317007065,0.248623,1.29976,0.291435,0.717043,,,4.26483,0.386965,0.309307,661.4299926757812,,,,,,,263.30000000000007,3.9893939393939406,265.0,4.015151515151516,,,,,,,,,,,,,,,,,,,Dodgers,31204,680736
Brandon Williamson,CIN,4,6,4,4.97663,35,13,0,1,,88.0,388,90,52,49,14,36,,4,72,7.38923,3.70948,1.99199,1.463,0.186336,0.0935428,0.09279327094554901,0.259623,1.43714,0.29093,0.696119,,,4.98097,0.384534,0.388081,999.0,,,,,,,273.00000000000006,3.102272727272728,286.0,3.25,,,,,,,,,,,,,,,,,,,Reds,25463,682227
Riley O'Brien,STL,3,3,0,3.71016,63,0,13,11,,63.0,272,55,28,26,6,28,,6,65,9.33016,4.02099,2.32036,0.80095,0.24013,0.103488,0.1366421952843666,0.230103,1.31626,0.294191,0.727072,,,3.83416,0.384097,0.734301,262.739990234375,,,,,,,386.4000000000001,6.133333333333335,374.0,5.936507936507937,,,,,,,,,,,,,,,,,,,Cardinals,20348,676617
Kevin Ginkel,ARI,4,3,0,3.60804,59,0,2,11,,59.0,250,53,25,24,6,23,,2,61,9.31299,3.43779,2.70901,0.85005,0.244362,0.0902035,0.15415862202644348,0.235384,1.27914,0.299268,0.741324,,,3.5628,0.382929,0.507122,537.0700073242188,,,,,,,326.0,5.52542372881356,318.0,5.389830508474576,,,,,,,,,,,,,,,,,,,Diamondbacks,19876,656464
Carson Whisenhunt,SFG,3,3,3,4.32949,20,8,0,1,,54.0,233,55,28,26,7,19,,2,42,7.0881,3.12125,2.27092,1.13322,0.181407,0.0798824,0.10152412205934525,0.258379,1.36922,0.294557,0.71299,,,4.35013,0.382643,0.341751,999.0,,,,,,,195.5,3.6203703703703702,204.0,3.7777777777777777,,,,,,,,,,,,,,,,,,,Giants,31676,687931
Jakob Junis,TEX,3,3,0,4.08067,65,0,1,13,,65.0,273,63,32,29,8,17,,3,57,7.84554,2.34727,3.3424,1.12454,0.207752,0.0621565,0.145595733076334,0.24913,1.22872,0.291835,0.699673,,,3.94848,0.382629,0.115208,999.0,,,,,,,329.8,5.073846153846154,332.0,5.107692307692307,,,,,,,,,,,,,,,,,,,Rangers,13619,596001
Connor Prielipp,MIN,3,3,2,4.07311,39,5,0,1,,58.0,250,56,28,26,6,21,,3,53,8.3215,3.3157,2.50973,1.01454,0.2126,0.0847105,0.12788980454206467,0.248475,1.34318,0.298732,0.720372,,,4.02948,0.379559,0.278536,999.0,,,,,,,247.80000000000004,4.272413793103449,250.0,4.310344827586207,,,,,,,,,,,,,,,,,,,Twins,sa3020808,687570
Justin Slaten,BOS,4,4,0,3.98704,61,0,0,13,,61.0,258,57,30,27,7,22,,2,58,8.55678,3.17713,2.69324,1.06793,0.225053,0.083562,0.1414906308054924,0.243609,1.28891,0.294778,0.71703,,,3.9246,0.379275,0.278245,999.0,,,,,,,313.1000000000001,5.132786885245903,310.0,5.081967213114754,,,,,,,,,,,,,,,,,,,Red Sox,25648,686580
Tyler Holton,DET,4,4,0,3.65061,72,0,1,14,,72.0,294,66,32,29,9,19,,2,60,7.55688,2.3344,3.23718,1.09315,0.205667,0.0635329,0.14213432371616364,0.242645,1.17982,0.282101,0.729272,,,3.90247,0.377299,0.509499,999.0,,,,,,,368.5000000000001,5.118055555555557,361.0,5.013888888888889,,,,,,,,,,,,,,,,,,,Tigers,26231,663947
Kody Funderburk,MIN,4,4,0,3.86205,65,0,3,15,,65.0,282,61,30,28,6,27,,5,62,8.56882,3.72473,2.30052,0.830811,0.219733,0.0955146,0.12421863526105881,0.24279,1.34746,0.300364,0.72497,,,3.89389,0.376959,0.477937,748.2999877929688,,,,,,,351.6,5.40923076923077,350.0,5.384615384615385,,,,,,,,,,,,,,,,,,,Twins,24993,681892
Aaron Bummer,ATL,3,3,0,3.5707,60,0,0,12,,60.0,260,56,26,24,5,23,,5,62,9.29704,3.48197,2.67006,0.7285,0.238163,0.0891976,0.14896510541439056,0.239938,1.31516,0.307576,0.730092,,,3.52713,0.368794,0.461585,999.0,,,,,,,324.9,5.415,323.0,5.383333333333334,,,,,,,,,,,,,,,,,,,Braves,16258,607481
Andrew Nardi,MIA,4,3,0,3.70829,60,0,0,12,,60.0,255,50,26,25,7,25,,3,71,10.7009,3.79758,2.81783,1.07021,0.280004,0.0993685,0.18063516169786453,0.222515,1.26313,0.292129,0.751282,,,3.70114,0.368548,0.475927,999.0,,,,,,,333.9,5.5649999999999995,315.0,5.25,,,,,,,,,,,,,,,,,,,Marlins,25942,677053
John Schreiber,KCR,3,3,0,4.04683,64,0,1,13,,64.0,272,60,31,29,7,23,,3,59,8.3436,3.27875,2.54475,1.03269,0.218027,0.0856771,0.13234958052635193,0.243805,1.30033,0.293585,0.715099,,,4.01115,0.361335,0.317582,999.0,,,,,,,328.5,5.1328125,326.0,5.09375,,,,,,,,,,,,,,,,,,,Royals,20020,670167
Luis Medina,ATH,4,4,2,4.51714,48,6,0,1,,75.0,330,72,41,38,9,33,,5,67,8.08502,4.01867,2.01186,1.078,0.204037,0.101417,0.10262025147676468,0.247282,1.40775,0.293284,0.697928,,,4.44246,0.360962,0.236959,999.0,,,,,,,281.1,3.748,282.0,3.76,,,,,,,,,,,,,,,,,,,Athletics,21649,665622
Trevor McDonald,SFG,4,4,3,4.19592,31,8,0,1,,69.0,300,70,35,32,8,23,,6,54,6.99584,2.9834,2.34492,0.980386,0.178928,0.0763045,0.10262357443571091,0.25753,1.34428,0.296691,0.70265,,,4.23133,0.3599,0.466603,748.3699951171875,,,,,,,255.20000000000005,3.698550724637682,266.0,3.8550724637681157,,,,,,,,,,,,,,,,,,,Giants,26448,686790
Justin Topa,MIN,3,3,0,4.03175,62,0,4,11,,62.0,268,63,30,28,6,20,,4,51,7.40733,2.91807,2.53844,0.828347,0.190301,0.0749677,0.1153329461812973,0.25877,1.34305,0.306668,0.703942,,,3.84883,0.351001,0.224831,999.0,,,,,,,315.19999999999993,5.083870967741935,326.0,5.258064516129032,,,,,,,,,,,,,,,,,,,Twins,15145,623437
Kyle Finnegan,DET,4,4,0,3.92195,64,0,4,13,,64.0,270,60,30,28,8,23,,1,60,8.37736,3.22109,2.60078,1.08984,0.220235,0.0846802,0.13555459678173065,0.245016,1.30218,0.293781,0.732262,,,3.96534,0.347249,0.363474,637.8200073242188,,,,,,,339.20000000000005,5.300000000000001,336.0,5.25,,,,,,,,,,,,,,,,,,,Tigers,15009,640448
Hunter Gaddis,CLE,3,3,0,3.87148,61,0,3,12,,61.0,257,55,28,26,8,20,,3,59,8.77541,2.87737,3.0498,1.19751,0.231562,0.0759271,0.15563523024320602,0.236947,1.2289,0.284401,0.733127,,,4.03554,0.344458,0.458988,999.0,,,,,,,322.0000000000001,5.278688524590166,313.0,5.131147540983607,,,,,,,,,,,,,,,,,,,Guardians,25636,683769
Blake Treinen,LAD,5,4,0,3.93861,54,0,0,12,,54.0,233,49,25,24,7,20,,3,60,10.0181,3.33681,3.00229,1.09745,0.258464,0.086089,0.17237521708011627,0.234526,1.28178,0.297828,0.731028,,,3.76059,0.341426,0.236798,999.0,,,,,,,285.1,5.27962962962963,278.0,5.148148148148148,,,,,,,,,,,,,,,,,,,Dodgers,12572,595014
Kenley Jansen,DET,4,3,0,4.10499,60,0,23,4,,60.0,250,53,29,27,9,22,,2,60,9.03909,3.23905,2.79066,1.27738,0.240771,0.0862776,0.15449386090040207,0.232887,1.24093,0.2803,0.719372,,,4.13629,0.33737,0.310132,133.66000366210938,,,,,,,374.49999999999994,6.241666666666665,362.0,6.033333333333333,,,,,,,,,,,,,,,,,,,Tigers,3096,445276
George Klassen,LAA,2,3,2,4.53561,19,6,0,1,,46.0,200,45,25,23,6,19,,2,42,8.21861,3.77736,2.17576,1.22751,0.209012,0.0960643,0.1129482313990593,0.250751,1.39844,0.295181,0.708763,,,4.4792,0.337201,0.244456,999.0,,,,,,,174.60000000000002,3.795652173913044,177.0,3.847826086956522,,,,,,,,,,,,,,,,,,,Angels,sa3023440,691946
Tyler Anderson,LAA,3,5,6,4.86628,13,13,0,0,,72.0,318,75,42,39,12,29,,3,56,6.91653,3.59099,1.92608,1.4757,0.175219,0.0909715,0.08424700796604156,0.261314,1.43046,0.287751,0.706752,,,5.04601,0.335288,0.290211,999.0,,,,,,,206.20000000000005,2.8638888888888894,220.0,3.0555555555555554,,,,,,,,,,,,,,,,,,,Angels,12880,542881
Jonathan Loáisiga,ARI,3,2,0,3.60705,60,0,5,13,,60.0,255,59,26,24,6,19,,3,51,7.60863,2.78847,2.72861,0.872015,0.198724,0.0728299,0.12589425593614578,0.251041,1.28841,0.298292,0.741366,,,3.77207,0.330985,0.739775,999.0,,,,,,,329.79999999999995,5.496666666666666,335.0,5.583333333333333,,,,,,,,,,,,,,,,,,,Diamondbacks,19753,642528
Danny Coulombe,BOS,3,2,0,3.757,55,0,0,10,,55.0,231,50,25,23,6,20,,2,54,8.77776,3.32887,2.63686,0.97726,0.232659,0.0882332,0.14442551136016846,0.239291,1.27728,0.294967,0.737446,,,3.79595,0.329573,0.299311,999.0,,,,,,,285.2,5.1854545454545455,279.0,5.072727272727272,,,,,,,,,,,,,,,,,,,Red Sox,13293,543056
Alek Manoah,LAA,2,3,4,4.74567,8,8,0,0,,43.0,189,42,25,23,6,18,,3,37,7.60808,3.66862,2.07383,1.26746,0.19364,0.0933731,0.10026656091213226,0.252477,1.38736,0.289845,0.68812,,,4.73035,0.32531,0.189502,748.3400268554688,,,,,,,146.2,3.4,148.0,3.441860465116279,,,,,,,,,,,,,,,,,,,Angels,26410,666201
Mason Englert,TBR,3,2,0,3.99266,61,0,1,12,,61.0,257,58,29,27,8,18,,3,57,8.4003,2.62672,3.19802,1.1651,0.221387,0.0692265,0.1521609053015709,0.244949,1.24301,0.291356,0.716242,,,3.95009,0.323602,0.198691,999.0,,,,,,,306.2000000000001,5.0196721311475425,305.0,5.0,,,,,,,,,,,,,,,,,,,Rays,22288,669438
Kyle Hurt,LAD,3,3,2,4.35301,31,5,0,1,,50.0,218,46,26,24,7,23,,2,53,9.452,4.19345,2.25399,1.1973,0.241523,0.107154,0.1343696489930153,0.236688,1.37317,0.292175,0.715404,,,4.30998,0.322736,0.179793,999.0,,,,,,,199.29999999999998,3.9859999999999998,194.0,3.88,,,,,,,,,,,,,,,,,,,Dodgers,27514,669165
Keegan Akin,BAL,4,3,0,3.93133,66,0,3,16,,66.0,278,61,31,29,9,23,,2,67,9.18156,3.15373,2.91133,1.25229,0.241845,0.0830703,0.15877477824687958,0.238957,1.26893,0.290319,0.744869,,,4.02696,0.314592,0.328339,999.0,,,,,,,357.1,5.410606060606061,351.0,5.318181818181818,,,,,,,,,,,,,,,,,,,Orioles,19362,669211
Dietrich Enns,BAL,3,3,0,3.96118,62,0,0,13,,62.0,268,64,30,27,8,19,,2,56,8.14932,2.69451,3.02442,1.13302,0.209536,0.0692815,0.1402546465396881,0.258268,1.32864,0.305826,0.739992,,,3.96918,0.311574,0.107267,999.0,,,,,,,295.0,4.758064516129032,307.0,4.951612903225806,,,,,,,,,,,,,,,,,,,Orioles,13932,608650
Drew Thorpe,CHW,2,3,3,4.80993,8,8,0,0,,43.0,188,45,25,23,7,16,,1,33,6.84573,3.24512,2.10955,1.44206,0.175466,0.0831773,0.09228915721178055,0.263071,1.40166,0.290083,0.703829,,,4.82929,0.311425,0.163752,999.0,,,,,,,130.1,3.025581395348837,139.0,3.2325581395348837,,,,,,,,,,,,,,,,,,,White Sox,31967,689672
Scott Barlow,ATH,3,3,0,4.25203,60,0,4,11,,60.0,260,52,30,28,7,31,,4,64,9.63929,4.58413,2.10275,1.04995,0.24689,0.117413,0.12947706878185272,0.231647,1.38264,0.293015,0.717868,,,4.21421,0.310188,0.201317,999.0,,,,,,,309.7,5.161666666666666,296.0,4.933333333333334,,,,,,,,,,,,,,,,,,,Athletics,14993,605130
Didier Fuentes,ATL,4,4,2,4.38264,42,5,0,1,,60.0,260,59,31,29,9,20,,3,57,8.49313,3.00814,2.82338,1.28175,0.21885,0.0775132,0.1413363590836525,0.247397,1.30425,0.291945,0.709089,,,4.27262,0.30787,0.239601,640.469970703125,,,,,,,228.9,3.815,232.0,3.8666666666666667,,,,,,,,,,,,,,,,,,,Braves,30661,800311
River Ryan,LAD,3,3,4,4.80224,18,10,0,1,,55.0,242,56,32,29,8,23,,3,45,7.36977,3.69965,1.99202,1.3632,0.186082,0.0934138,0.09266804158687592,0.258279,1.42718,0.291732,0.69963,,,4.86572,0.307567,0.22967,663.52001953125,,,,,,,179.00000000000003,3.254545454545455,187.0,3.4,,,,,,,,,,,,,,,,,,,Dodgers,29514,689981
Tyler Rogers,TOR,5,3,0,3.85711,74,0,2,18,,74.0,311,76,34,32,8,18,,3,51,6.14298,2.13613,2.87576,0.980889,0.162423,0.0564802,0.1059432215988636,0.260553,1.25862,0.291643,0.717461,,,4.0349,0.305271,0.454742,745.4000244140625,,,,,,,372.6,5.035135135135135,387.0,5.22972972972973,,,,,,,,,,,,,,,,,,,Blue Jays,15541,643511
Jonah Tong,NYM,2,1,1,3.72225,11,3,0,1,,24.0,103,21,11,10,3,10,,1,28,10.2217,3.72169,2.74651,1.04123,0.267931,0.0975533,0.17037788778543472,0.224002,1.26493,0.288577,0.740285,,,3.68177,0.303398,0.277923,711.9500122070312,,,,,,,113.10000000000002,4.712500000000001,108.0,4.5,,,,,,,,,,,,,,,,,,,Mets,32157,804636
Clarke Schmidt,NYY,2,2,1,4.00496,15,3,0,1,,30.0,126,27,14,13,4,10,,2,29,8.80132,3.05224,2.88356,1.17516,0.230441,0.0799155,0.15052568912506104,0.237327,1.25217,0.28571,0.723388,,,4.06639,0.297264,0.285995,999.0,,,,,,,128.60000000000002,4.286666666666667,124.0,4.133333333333334,,,,,,,,,,,,,,,,,,,Yankees,19899,657376
Erik Miller,SFG,4,3,0,3.60302,62,0,1,15,,62.0,269,52,27,25,5,33,,2,68,9.80089,4.80647,2.03911,0.773853,0.250654,0.122924,0.1277305707335472,0.223663,1.3775,0.291771,0.746815,,,3.79551,0.293289,0.560092,999.0,,,,,,,358.09999999999997,5.775806451612903,341.0,5.5,,,,,,,,,,,,,,,,,,,Giants,26252,669062
Jack Kochanowicz,LAA,4,6,4,4.993,33,11,0,1,,82.0,364,90,49,46,11,30,,6,51,5.6191,3.33118,1.68682,1.18837,0.14063,0.08337,0.057260215282440186,0.274906,1.46798,0.298351,0.675518,,,4.94117,0.292878,0.0946825,999.0,,,,,,,235.50000000000006,2.8719512195121957,265.0,3.231707317073171,,,,,,,,,,,,,,,,,,,Angels,27688,686799
Phil Maton,CHC,4,3,0,3.75467,65,0,2,15,,65.0,274,54,29,27,7,25,,6,67,9.31444,3.52876,2.63958,1.00414,0.245318,0.0929385,0.1523798555135727,0.224205,1.22817,0.280537,0.72358,,,3.98463,0.292153,0.731924,740.0599975585938,,,,,,,365.5,5.623076923076923,345.0,5.3076923076923075,,,,,,,,,,,,,,,,,,,Cubs,18064,664208
Quinn Mathews,STL,2,3,4,4.31077,8,8,0,0,,40.0,178,38,21,19,5,20,,2,36,8.16432,4.58696,1.7799,1.06395,0.204858,0.115095,0.08976246416568756,0.244675,1.45721,0.291268,0.72617,,,4.52422,0.288465,0.361026,999.0,,,,,,,141.7,3.5424999999999995,141.0,3.525,,,,,,,,,,,,,,,,,,,Cardinals,sa3023407,687273
Troy Melton,DET,3,3,1,4.03058,38,3,0,1,,52.0,219,50,25,23,7,15,,1,47,8.09111,2.6451,3.0589,1.222,0.213126,0.0696741,0.14345210790634155,0.247426,1.2586,0.289414,0.72501,,,4.06009,0.283929,0.244742,742.5599975585938,,,,,,,218.70000000000005,4.205769230769231,219.0,4.211538461538462,,,,,,,,,,,,,,,,,,,Tigers,31807,675512
Caden Dana,LAA,4,6,5,4.99496,13,13,0,0,,69.0,303,69,41,38,11,30,,4,61,7.92159,3.93826,2.01144,1.46603,0.200306,0.0995833,0.10072290897369385,0.254682,1.43199,0.290595,0.695559,,,4.96142,0.282428,0.221543,999.0,,,,,,,215.9,3.128985507246377,222.0,3.217391304347826,,,,,,,,,,,,,,,,,,,Angels,31508,702674
Mason Montgomery,PIT,3,3,0,3.86657,60,0,2,12,,60.0,258,54,28,26,7,24,,3,63,9.39408,3.65029,2.57351,1.0294,0.243111,0.0944664,0.14864425361156464,0.234998,1.30823,0.29381,0.734821,,,3.89164,0.281141,0.43253,999.0,,,,,,,320.5,5.341666666666667,312.0,5.2,,,,,,,,,,,,,,,,,,,Pirates,29770,682254
Tanner Gordon,COL,3,4,2,5.25407,28,6,0,1,,55.0,240,64,35,32,10,13,,1,40,6.51162,2.05653,3.16632,1.69563,0.166534,0.0525955,0.11393847316503525,0.283922,1.38973,0.306108,0.68026,,,4.90115,0.278687,0.192932,999.0,,,,,,,159.6,2.901818181818182,187.0,3.4,,,,,,,,,,,,,,,,,,,Rockies,27669,685299
JR Ritchie,ATL,2,2,3,4.49374,6,6,0,0,,34.0,149,34,19,17,4,13,,2,29,7.54908,3.36309,2.24469,1.1754,0.19324,0.0860875,0.10715212672948837,0.255879,1.37311,0.295874,0.699545,,,4.45962,0.278223,0.247386,999.0,,,,,,,127.00000000000003,3.7352941176470598,131.0,3.8529411764705883,,,,,,,,,,,,,,,,,,,Braves,sa3020395,702275
Calvin Faucher,MIA,3,4,0,4.00029,64,0,5,11,,64.0,280,60,31,28,7,28,,3,64,8.96017,3.94614,2.27062,0.996,0.227675,0.10027,0.1274048089981079,0.242308,1.38201,0.298763,0.733649,,,4.01903,0.278056,0.483864,999.0,,,,,,,335.5,5.2421875,333.0,5.203125,,,,,,,,,,,,,,,,,,,Marlins,20116,676534
Greg Weissert,BOS,4,4,0,4.20569,65,0,1,17,,65.0,279,63,33,30,8,23,,3,59,8.11218,3.2087,2.52818,1.1122,0.210139,0.0831187,0.12702030688524246,0.250447,1.33035,0.296934,0.715543,,,4.14184,0.275688,0.249518,999.0,,,,,,,331.8,5.104615384615385,334.0,5.138461538461539,,,,,,,,,,,,,,,,,,,Red Sox,20375,669711
Ryan Bergert,KCR,2,3,3,4.65865,24,8,0,1,,56.0,243,56,31,29,8,23,,2,46,7.45031,3.66121,2.03493,1.26297,0.189846,0.0932936,0.0965522900223732,0.256017,1.41013,0.292458,0.704772,,,4.62821,0.27317,0.308765,999.0,,,,,,,191.4,3.417857142857143,197.0,3.517857142857143,,,,,,,,,,,,,,,,,,,Royals,29863,686701
José Suarez,ATL,3,4,1,4.02943,49,3,0,4,,64.0,275,62,31,29,8,22,,2,61,8.53901,3.01398,2.83314,1.12475,0.221765,0.0782755,0.1434895396232605,0.248329,1.30463,0.298366,0.727186,,,3.98189,0.272663,0.331101,999.0,,,,,,,280.00000000000006,4.375000000000001,282.0,4.40625,,,,,,,,,,,,,,,,,,,Braves,19911,660761
Angel Zerpa,MIL,3,3,0,3.61177,60,0,0,12,,60.0,253,55,26,24,7,20,,3,57,8.51394,2.97945,2.85756,0.988313,0.22439,0.0785253,0.1458650678396225,0.240098,1.25358,0.291663,0.744134,,,3.79131,0.27242,0.436376,999.0,,,,,,,307.9,5.131666666666666,302.0,5.033333333333333,,,,,,,,,,,,,,,,,,,Brewers,22717,672582
Tommy Nance,TOR,3,3,0,3.78127,58,0,0,12,,58.0,247,56,27,24,7,18,,3,55,8.50747,2.79311,3.04587,1.01826,0.221817,0.0728255,0.14899157732725143,0.246989,1.27306,0.29921,0.729734,,,3.80646,0.266971,0.182787,999.0,,,,,,,292.5,5.043103448275862,294.0,5.068965517241379,,,,,,,,,,,,,,,,,,,Blue Jays,19178,667297
Eric Orze,MIN,3,3,0,4.0866,60,0,1,12,,60.0,260,55,29,27,7,27,,3,59,8.90021,4.03551,2.20547,1.03212,0.228311,0.10352,0.12479057908058167,0.238975,1.36541,0.293498,0.727992,,,4.13051,0.258938,0.162147,999.0,,,,,,,295.9,4.931666666666667,290.0,4.833333333333333,,,,,,,,,,,,,,,,,,,Twins,27626,679358
Brock Burke,CIN,4,3,0,4.17379,62,0,1,13,,62.0,264,60,31,29,8,21,,2,58,8.38426,2.98366,2.81005,1.22678,0.21872,0.0778348,0.14088531583547592,0.246946,1.2926,0.292061,0.721489,,,4.14618,0.252299,0.323533,999.0,,,,,,,308.4,4.974193548387096,310.0,5.0,,,,,,,,,,,,,,,,,,,Reds,17968,656271
Paul Blackburn,NYY,3,4,1,4.42052,59,2,0,12,,66.0,282,66,35,32,9,20,,2,55,7.49969,2.76144,2.71586,1.2722,0.193505,0.0712499,0.12225491553544998,0.255842,1.32053,0.291992,0.700577,,,4.33849,0.251654,-0.0764793,999.0,,,,,,,298.10000000000014,4.516666666666668,305.0,4.621212121212121,,,,,,,,,,,,,,,,,,,Yankees,14739,621112
Juan Mejia,COL,3,4,0,4.56237,66,0,3,14,,66.0,292,63,36,33,8,31,,6,68,9.24375,4.16872,2.21741,1.15838,0.232383,0.104799,0.12758344411849976,0.245552,1.41197,0.302825,0.700758,,,4.42199,0.249746,0.417432,999.0,,,,,,,322.2000000000001,4.881818181818184,322.0,4.878787878787879,,,,,,,,,,,,,,,,,,,Rockies,23237,675848
Pierce Johnson,CIN,3,3,0,4.24835,61,0,1,12,,61.0,263,57,31,29,9,25,,2,67,9.93735,3.66936,2.7082,1.30136,0.255844,0.0944701,0.16137386113405228,0.240039,1.33933,0.298979,0.730713,,,4.11036,0.249529,0.200664,999.0,,,,,,,298.5000000000001,4.893442622950822,294.0,4.819672131147541,,,,,,,,,,,,,,,,,,,Reds,13435,572955
Thomas White,MIA,1,1,2,4.21465,5,5,0,0,,24.0,104,22,12,11,3,11,,1,23,8.90543,4.35569,2.04455,1.08418,0.22506,0.110078,0.11498195677995682,0.238349,1.40195,0.29091,0.72561,,,4.35767,0.247523,0.323961,999.0,,,,,,,93.50000000000001,3.895833333333334,91.0,3.7916666666666665,,,,,,,,,,,,,,,,,,,Marlins,sa3023268,806258
Josiah Gray,WSN,4,6,6,4.97229,15,15,0,0,,79.0,348,79,47,44,14,33,,4,69,7.82278,3.79242,2.06274,1.56106,0.198075,0.096025,0.10204983502626419,0.254384,1.4168,0.286359,0.703395,,,5.07716,0.24523,0.303255,999.0,,,,,,,234.00000000000003,2.9620253164556964,240.0,3.037974683544304,,,,,,,,,,,,,,,,,,,Nationals,24580,680686
Nick Mears,KCR,3,4,0,4.1235,60,0,0,12,,60.0,257,56,30,27,7,24,,2,58,8.64166,3.53861,2.44211,1.02432,0.224187,0.0918007,0.13238650560379028,0.242125,1.32843,0.294561,0.713332,,,3.95511,0.239196,0.146866,999.0,,,,,,,298.29999999999995,4.971666666666666,295.0,4.916666666666667,,,,,,,,,,,,,,,,,,,Royals,25376,683232
Keider Montero,DET,3,3,2,4.40203,33,5,0,1,,55.0,236,55,29,27,8,19,,2,46,7.5008,3.05277,2.45705,1.28384,0.193263,0.0786563,0.11460627615451813,0.253991,1.33695,0.289646,0.711769,,,4.47493,0.237747,0.212814,999.0,,,,,,,198.60000000000002,3.6109090909090913,204.0,3.709090909090909,,,,,,,,,,,,,,,,,,,Tigers,22630,672456
Eric Lauer,TOR,4,4,1,4.16453,51,3,0,4,,66.0,278,63,33,30,10,21,,2,61,8.32477,2.84541,2.92569,1.40633,0.218439,0.0746626,0.14377672225236893,0.24548,1.27041,0.284383,0.735648,,,4.35814,0.229567,0.180637,731.9000244140625,,,,,,,270.6000000000001,4.100000000000001,269.0,4.075757575757576,,,,,,,,,,,,,,,,,,,Blue Jays,19316,641778
Gavin Stone,LAD,2,2,1,4.416,15,3,0,1,,29.0,126,29,16,14,4,10,,1,26,7.9834,2.94732,2.7087,1.29349,0.207729,0.0766894,0.13103926181793213,0.252145,1.31474,0.292419,0.704713,,,4.29363,0.225493,0.168488,999.0,,,,,,,113.00000000000003,3.896551724137932,116.0,4.0,,,,,,,,,,,,,,,,,,,Dodgers,27792,694813
Tobias Myers,NYM,4,4,1,4.16504,61,3,0,11,,75.0,320,75,37,35,10,22,,3,63,7.57716,2.63964,2.87053,1.25135,0.19729,0.0687296,0.12856081873178482,0.252459,1.28718,0.289203,0.722846,,,4.25043,0.223774,0.256871,999.0,,,,,,,332.0,4.426666666666667,340.0,4.533333333333333,,,,,,,,,,,,,,,,,,,Mets,22191,668964
Justin Lawrence,PIT,3,4,0,3.95106,58,0,1,11,,58.0,253,52,28,25,5,28,,5,59,9.10372,4.32569,2.10457,0.799,0.232244,0.110352,0.12189176678657532,0.23622,1.37491,0.299945,0.717139,,,3.97511,0.223423,0.245973,999.0,,,,,,,300.50000000000006,5.181034482758622,293.0,5.051724137931035,,,,,,,,,,,,,,,,,,,Pirates,17639,664875
Anthony Bender,MIA,4,3,0,3.90472,61,0,1,12,,61.0,258,56,29,26,7,24,,3,58,8.56219,3.51294,2.43733,0.968299,0.225181,0.0923883,0.13279229402542114,0.241658,1.3039,0.296154,0.719552,,,3.96425,0.220437,0.363127,999.0,,,,,,,307.70000000000005,5.0442622950819676,302.0,4.950819672131147,,,,,,,,,,,,,,,,,,,Marlins,19742,669622
Liam Hendriks,,2,2,0,4.25951,34,0,0,0,,34.0,147,32,17,16,5,13,,1,36,9.50893,3.49241,2.72274,1.22738,0.24388,0.0895716,0.15430884808301926,0.237989,1.31669,0.292444,0.715083,,,4.08546,0.219008,0.0890937,745.739990234375,,,,,,,136.90000000000003,4.026470588235295,135.0,3.9705882352941178,,,,,,,,,,,,,,,,,,,,3548,521230
Matt Svanson,STL,3,3,0,3.80328,65,0,8,13,,65.0,278,61,30,27,7,24,,4,59,8.20314,3.28316,2.49855,0.964092,0.213039,0.085265,0.127773679792881,0.242578,1.29765,0.292087,0.733146,,,4.00318,0.218869,0.450877,552.8699951171875,,,,,,,362.29999999999995,5.573846153846153,360.0,5.538461538461538,,,,,,,,,,,,,,,,,,,Cardinals,29629,694335
Tanner McDougal,CHW,2,3,2,4.75375,22,6,0,1,,47.0,211,47,27,25,7,22,,3,41,7.78276,4.25568,1.82879,1.24382,0.194457,0.106331,0.08812641352415085,0.253856,1.46651,0.29384,0.705948,,,4.80056,0.217756,0.0851817,999.0,,,,,,,150.50000000000006,3.202127659574469,155.0,3.297872340425532,,,,,,,,,,,,,,,,,,,White Sox,sa3017471,701780
Ryne Stanek,STL,4,4,0,4.06769,60,0,5,12,,60.0,261,54,29,27,7,28,,2,61,9.14612,4.25982,2.14707,1.04875,0.2338,0.108893,0.12490716576576233,0.234228,1.37409,0.289074,0.731244,,,4.12015,0.216906,0.199217,748.1400146484375,,,,,,,322.5,5.375,314.0,5.233333333333333,,,,,,,,,,,,,,,,,,,Cardinals,15947,592773
Luis García,NYM,3,3,0,3.90936,60,0,0,13,,60.0,260,58,28,26,6,23,,3,54,8.14942,3.51002,2.32176,0.828671,0.208756,0.0899127,0.11884310841560364,0.247872,1.35543,0.301437,0.718252,,,3.8492,0.215808,0.199093,999.0,,,,,,,301.4,5.0233333333333325,304.0,5.066666666666666,,,,,,,,,,,,,,,,,,,Mets,6984,472610
Noah Schultz,CHW,1,2,2,4.57407,5,5,0,0,,24.0,107,24,13,12,3,11,,2,20,7.5324,3.99947,1.88335,1.14352,0.188825,0.10026,0.08856477588415146,0.253807,1.43757,0.293687,0.703843,,,4.6706,0.213938,0.184352,999.0,,,,,,,79.30000000000001,3.304166666666667,82.0,3.4166666666666665,,,,,,,,,,,,,,,,,,,White Sox,sa3020949,702273
Brad Keller,PHI,4,4,0,4.19967,68,0,2,16,,68.0,293,65,34,32,9,27,,3,61,8.09957,3.53065,2.29408,1.12636,0.209157,0.0911728,0.11798457056283951,0.248524,1.35245,0.294189,0.720016,,,4.28015,0.208288,0.342001,745.4600219726562,,,,,,,329.50000000000006,4.845588235294119,329.0,4.838235294117647,,,,,,,,,,,,,,,,,,,Phillies,15734,641745
Emerson Hancock,SEA,4,4,2,4.35095,48,6,0,1,,76.0,328,76,40,37,11,24,,4,60,7.14987,2.86153,2.49861,1.26779,0.184318,0.073768,0.11054975539445877,0.253448,1.31611,0.285477,0.708752,,,4.4929,0.207886,0.0557066,734.530029296875,,,,,,,269.5,3.5460526315789473,277.0,3.6447368421052633,,,,,,,,,,,,,,,,,,,Mariners,27470,676106
Brendon Little,TOR,3,2,0,3.56544,54,0,0,10,,54.0,235,46,23,21,5,29,,2,58,9.74187,4.79318,2.03244,0.793887,0.249053,0.122539,0.12651404738426208,0.226429,1.38617,0.294473,0.754798,,,3.84616,0.206347,0.298112,748.3099975585938,,,,,,,281.5,5.212962962962963,268.0,4.962962962962963,,,,,,,,,,,,,,,,,,,Blue Jays,21574,663893
Josh Sborz,TEX,3,4,0,4.0707,58,0,0,10,,58.0,250,54,28,26,7,24,,1,58,9.01496,3.7284,2.41791,1.09179,0.232404,0.0961174,0.13628633320331573,0.239664,1.34377,0.293314,0.732671,,,4.00379,0.201892,0.0916889,999.0,,,,,,,283.70000000000005,4.891379310344829,280.0,4.827586206896552,,,,,,,,,,,,,,,,,,,Rangers,18323,622250
Jordan Hicks,CHW,3,4,0,4.19734,62,0,2,11,,62.0,272,59,31,29,6,27,,5,58,8.3608,3.92166,2.13195,0.900507,0.211846,0.0993671,0.11247877776622772,0.246351,1.38964,0.300324,0.706994,,,4.11703,0.198244,0.0803704,999.0,,,,,,,305.5999999999999,4.929032258064515,306.0,4.935483870967742,,,,,,,,,,,,,,,,,,,White Sox,19618,663855
Ryan Gusto,MIA,2,3,1,4.44649,31,3,0,1,,45.0,197,46,24,22,6,16,,2,38,7.62032,3.15109,2.41831,1.25907,0.195443,0.080818,0.11462535709142685,0.25563,1.35771,0.293636,0.711742,,,4.43228,0.193602,0.154921,999.0,,,,,,,165.6,3.6799999999999997,173.0,3.8444444444444446,,,,,,,,,,,,,,,,,,,Marlins,26440,687473
Brenan Hanifee,DET,3,3,0,3.91083,58,0,0,11,,58.0,248,60,27,25,6,16,,2,43,6.61593,2.44025,2.71117,0.914201,0.171941,0.0634194,0.10852129012346268,0.260723,1.30445,0.298005,0.71801,,,3.92165,0.185993,0.211986,999.0,,,,,,,275.40000000000003,4.748275862068966,288.0,4.9655172413793105,,,,,,,,,,,,,,,,,,,Tigers,22304,669724
Tyler Wells,BAL,4,4,1,4.36399,57,3,0,7,,71.0,294,68,37,34,12,18,,2,63,8.04224,2.27358,3.53726,1.58225,0.215801,0.061008,0.15479309856891632,0.249069,1.21351,0.28154,0.717802,,,4.48194,0.185602,0.0673208,748.25,,,,,,,294.99999999999994,4.154929577464788,293.0,4.126760563380282,,,,,,,,,,,,,,,,,,,Orioles,20000,669330
Jake Bird,NYY,3,2,0,3.92235,53,0,0,10,,53.0,229,46,25,23,6,22,,5,56,9.55646,3.78877,2.52231,0.949045,0.246048,0.0975486,0.14849931001663208,0.228068,1.28936,0.288959,0.712598,,,3.90621,0.181208,0.105069,999.0,,,,,,,269.80000000000007,5.09056603773585,258.0,4.867924528301887,,,,,,,,,,,,,,,,,,,Yankees,21267,656234
Mitchell Parker,WSN,3,4,1,4.48736,35,3,0,1,,49.0,213,51,27,25,7,17,,1,38,6.91298,3.00503,2.30047,1.21795,0.178403,0.0775506,0.10085219889879227,0.260471,1.36278,0.293291,0.703778,,,4.42431,0.179711,0.145112,999.0,,,,,,,169.9,3.4673469387755103,180.0,3.673469387755102,,,,,,,,,,,,,,,,,,,Nationals,27636,680730
Bailey Falter,KCR,4,4,2,4.57176,53,5,0,4,,73.0,311,74,40,37,11,24,,2,54,6.70646,2.9191,2.29744,1.32339,0.174217,0.075831,0.09838616847991943,0.259568,1.34463,0.287392,0.701348,,,4.59585,0.176363,0.136007,999.0,,,,,,,258.5,3.541095890410959,268.0,3.671232876712329,,,,,,,,,,,,,,,,,,,Royals,20070,663559
Jason Alexander,HOU,2,2,2,4.51375,21,5,0,1,,42.0,184,45,23,21,6,14,,2,32,6.82735,2.9656,2.30218,1.29104,0.17413,0.0756371,0.09849333018064499,0.266036,1.38764,0.297423,0.710211,,,4.62002,0.176346,0.156759,999.0,,,,,,,140.0,3.3333333333333335,152.0,3.619047619047619,,,,,,,,,,,,,,,,,,,Astros,19666,669920
Tim Herrin,CLE,4,3,0,3.66007,56,0,0,10,,56.0,240,48,25,23,5,26,,3,59,9.497,4.229,2.24569,0.872786,0.246644,0.10983,0.136814184486866,0.227716,1.3232,0.291451,0.741265,,,3.87848,0.171906,0.227086,999.0,,,,,,,299.1000000000001,5.34107142857143,286.0,5.107142857142857,,,,,,,,,,,,,,,,,,,Guardians,25139,682120
Hoby Milner,CHC,3,2,0,3.90557,60,0,0,13,,60.0,255,59,28,26,7,18,,3,50,7.56434,2.72587,2.77502,0.982643,0.197672,0.0712326,0.1264389380812645,0.251621,1.28456,0.295585,0.718334,,,3.92495,0.169112,0.253255,999.0,,,,,,,293.5,4.891666666666667,298.0,4.966666666666667,,,,,,,,,,,,,,,,,,,Cubs,13346,571948
Blade Tidwell,SFG,2,2,1,4.31182,21,3,0,1,,36.0,157,35,19,17,5,14,,2,31,7.87172,3.50326,2.24697,1.16318,0.200751,0.089343,0.11140809208154678,0.249571,1.36796,0.291143,0.71714,,,4.3717,0.167124,0.182906,999.0,,,,,,,131.90000000000003,3.6638888888888896,133.0,3.6944444444444446,,,,,,,,,,,,,,,,,,,Giants,31701,694918
PJ Poulin,WSN,3,3,0,4.08318,59,0,1,12,,59.0,256,55,29,27,7,25,,3,57,8.66975,3.78996,2.28756,1.0474,0.222407,0.0972246,0.12518201023340225,0.242325,1.35491,0.294692,0.726095,,,4.1547,0.164823,0.241056,999.0,,,,,,,290.5,4.923728813559322,287.0,4.864406779661017,,,,,,,,,,,,,,,,,,,Nationals,23394,676571
Shane Drohan,MIL,3,3,1,4.31368,33,3,0,1,,46.0,200,43,24,22,6,20,,2,43,8.32666,3.82564,2.17654,1.16368,0.213702,0.0981845,0.1155177503824234,0.243795,1.36691,0.289288,0.717154,,,4.36382,0.163361,0.16696,999.0,,,,,,,178.8,3.8869565217391306,176.0,3.8260869565217392,,,,,,,,,,,,,,,,,,,Brewers,sa3014447,675660
Walker Buehler,SDP,4,5,3,4.98364,32,10,0,1,,73.0,323,76,44,40,12,29,,4,61,7.56332,3.52162,2.14768,1.46721,0.189636,0.088298,0.10133825242519379,0.261634,1.43299,0.295044,0.694191,,,4.92356,0.161432,0.033106,742.8099975585938,,,,,,,222.00000000000003,3.0410958904109595,236.0,3.232876712328767,,,,,,,,,,,,,,,,,,,Padres,19374,621111
Isaac Mattson,PIT,3,4,0,4.2556,61,0,5,11,,61.0,264,56,31,29,8,28,,3,57,8.45143,4.09956,2.06155,1.14814,0.216902,0.105213,0.11168864369392395,0.240792,1.37742,0.287591,0.726663,,,4.41754,0.159435,0.290325,999.0,,,,,,,297.4000000000001,4.875409836065575,291.0,4.770491803278689,,,,,,,,,,,,,,,,,,,Pirates,20385,676755
Ryan Brasier,,1,1,0,3.94684,34,0,0,0,,34.0,140,32,16,15,4,10,,1,29,7.76893,2.71523,2.86124,1.05899,0.208992,0.0730426,0.135949544608593,0.245715,1.23497,0.289498,0.715147,,,3.93485,0.155435,0.20205,999.0,,,,,,,144.20000000000005,4.241176470588236,143.0,4.205882352941177,,,,,,,,,,,,,,,,,,,,5615,518489
Cristian Mena,ARI,1,1,1,3.9086,13,2,0,1,,20.0,85,19,9,9,2,7,,1,19,8.54866,3.26227,2.62046,1.0532,0.22238,0.0848628,0.13751689344644547,0.243868,1.30689,0.294889,0.732315,,,3.95267,0.155125,0.188483,999.0,,,,,,,92.0,4.6,92.0,4.6,,,,,,,,,,,,,,,,,,,Diamondbacks,27974,691441
José Buttó,SFG,3,3,0,3.88916,64,0,2,13,,64.0,273,58,30,28,6,25,,3,59,8.25525,3.5814,2.30503,0.899013,0.215157,0.0933421,0.12181452661752701,0.238106,1.30628,0.288967,0.720912,,,3.94405,0.153883,0.383021,999.0,,,,,,,345.0,5.390625,338.0,5.28125,,,,,,,,,,,,,,,,,,,Giants,23313,676130
Erik Sabrowski,CLE,3,3,0,3.93661,63,0,0,14,,63.0,273,51,30,28,8,37,,3,75,10.7016,5.27429,2.02902,1.07213,0.273973,0.135027,0.13894568383693695,0.218001,1.39482,0.287142,0.747351,,,4.1959,0.15248,0.20057,999.0,,,,,,,321.20000000000005,5.098412698412699,297.0,4.714285714285714,,,,,,,,,,,,,,,,,,,Guardians,24978,681870
Travis Adams,MIN,3,3,1,4.5705,35,3,0,1,,51.0,224,54,28,26,7,18,,2,40,6.93316,3.07763,2.25276,1.17947,0.176684,0.0784298,0.09825380146503448,0.263539,1.39148,0.298107,0.698572,,,4.431,0.152418,0.0100973,999.0,,,,,,,174.90000000000006,3.4294117647058835,188.0,3.6862745098039214,,,,,,,,,,,,,,,,,,,Twins,30180,701519
Keaton Winn,SFG,3,2,1,3.91933,40,2,0,1,,46.0,198,46,22,20,5,14,,3,42,8.09648,2.64841,3.05711,0.970797,0.210833,0.068965,0.1418682187795639,0.250905,1.27726,0.300698,0.716258,,,3.78558,0.1515,0.0940495,999.0,,,,,,,196.30000000000004,4.267391304347827,202.0,4.391304347826087,,,,,,,,,,,,,,,,,,,Giants,23499,676775
Sawyer Gipson-Long,DET,1,1,1,4.0773,19,2,0,1,,26.0,108,25,13,12,3,7,,1,22,7.91958,2.35107,3.3685,1.21097,0.20887,0.0620069,0.14686306565999985,0.25162,1.24342,0.293406,0.713389,,,4.0528,0.149349,0.163006,999.0,,,,,,,114.5,4.403846153846154,115.0,4.423076923076923,,,,,,,,,,,,,,,,,,,Tigers,26048,687830
Andrew Chafin,,2,2,0,4.14754,34,0,0,0,,34.0,150,31,17,16,4,17,,1,37,9.68182,4.57053,2.11831,1.03591,0.244571,0.115456,0.12911562621593475,0.238184,1.42741,0.30131,0.730498,,,4.09324,0.147954,0.0891688,999.0,,,,,,,141.80000000000004,4.170588235294119,138.0,4.0588235294117645,,,,,,,,,,,,,,,,,,,,12988,605177
Cooper Criswell,SEA,3,4,1,4.02249,57,3,0,7,,71.0,306,71,35,32,8,21,,5,59,7.43811,2.67147,2.78427,1.05796,0.192793,0.0692435,0.12354927510023117,0.252249,1.28513,0.292792,0.715752,,,4.11681,0.145003,0.129311,999.0,,,,,,,310.4,4.3718309859154925,319.0,4.492957746478873,,,,,,,,,,,,,,,,,,,Mariners,24975,681867
A.J. Puk,ARI,3,2,0,3.32331,42,0,7,1,,42.0,174,35,17,16,5,14,,2,50,10.7546,2.99954,3.58543,1.0082,0.28766,0.0802303,0.2074296697974205,0.222991,1.17245,0.296039,0.75865,,,3.37405,0.144932,0.128006,748.280029296875,,,,,,,249.3,5.935714285714286,236.0,5.619047619047619,,,,,,,,,,,,,,,,,,,Diamondbacks,19343,640462
Ryan Thompson,ARI,4,3,0,3.81547,63,0,1,13,,63.0,267,63,29,27,7,19,,3,51,7.29207,2.76028,2.64179,0.943341,0.191372,0.0724404,0.11893162876367569,0.256685,1.30385,0.300481,0.733339,,,3.92445,0.144594,0.461568,999.0,,,,,,,309.3,4.90952380952381,317.0,5.031746031746032,,,,,,,,,,,,,,,,,,,Diamondbacks,16647,657044
Cade Povich,BAL,1,1,1,4.07946,15,2,0,1,,22.0,92,21,11,10,3,7,,1,21,8.93102,3.11934,2.86311,1.21304,0.232917,0.0813513,0.15156620740890503,0.244289,1.29598,0.295232,0.727923,,,4.02509,0.143674,0.15777,999.0,,,,,,,93.30000000000001,4.240909090909091,93.0,4.2272727272727275,,,,,,,,,,,,,,,,,,,Orioles,30055,700249
Jordan Wicks,CHC,1,1,1,3.85657,17,2,0,1,,23.0,97,22,11,10,3,7,,1,21,8.12491,2.74672,2.95804,1.11798,0.213578,0.0722023,0.14137523621320724,0.246848,1.26634,0.291948,0.733615,,,3.94403,0.142747,0.108564,999.0,,,,,,,98.10000000000001,4.265217391304348,98.0,4.260869565217392,,,,,,,,,,,,,,,,,,,Cubs,30094,696136
Jonathan Bowlan,PHI,3,3,0,4.15964,58,0,0,12,,58.0,248,56,29,27,8,19,,2,55,8.53755,3.01753,2.82932,1.24948,0.221817,0.0783992,0.1434173658490181,0.246614,1.29783,0.292555,0.723941,,,4.16333,0.136643,0.170379,999.0,,,,,,,280.20000000000005,4.831034482758621,281.0,4.844827586206897,,,,,,,,,,,,,,,,,,,Phillies,24607,680742
Christian Scott,NYM,2,2,1,4.07282,26,2,0,1,,32.0,135,30,16,15,4,9,,2,30,8.46077,2.45957,3.43995,1.23662,0.224009,0.0651198,0.1588887944817543,0.242503,1.21227,0.286837,0.706465,,,4.01496,0.131974,0.0742008,748.3599853515625,,,,,,,140.60000000000002,4.393750000000001,139.0,4.34375,,,,,,,,,,,,,,,,,,,Mets,30107,681035
Brusdar Graterol,LAD,3,1,0,3.54271,44,0,0,1,,44.0,181,41,19,17,4,12,,1,38,7.7062,2.51281,3.06677,0.847979,0.208527,0.0679958,0.140531525015831,0.244151,1.2062,0.292577,0.72798,,,3.57552,0.131866,0.0938041,999.0,,,,,,,210.80000000000004,4.790909090909092,209.0,4.75,,,,,,,,,,,,,,,,,,,Dodgers,20367,660813
Chase Petty,CIN,2,4,1,5.08877,33,3,0,1,,46.0,205,48,28,26,7,20,,2,36,6.96258,3.81286,1.82608,1.33108,0.175042,0.0958565,0.0791851058602333,0.261898,1.45954,0.2927,0.677902,,,4.90349,0.131234,-0.0108059,999.0,,,,,,,139.50000000000006,3.032608695652175,149.0,3.239130434782609,,,,,,,,,,,,,,,,,,,Reds,30170,695534
José Urquidy,PIT,3,4,2,4.79826,32,6,0,1,,60.0,258,63,34,32,10,18,,2,45,6.68283,2.62442,2.5464,1.43509,0.173023,0.0679481,0.105074942111969,0.263445,1.33479,0.28901,0.687397,,,4.71828,0.128425,0.222874,999.0,,,,,,,191.2,3.1866666666666665,204.0,3.4,,,,,,,,,,,,,,,,,,,Pirates,18413,664353
Austin Peterson,CLE,2,2,1,4.42595,17,3,0,1,,32.0,135,33,17,16,5,8,,1,23,6.63962,2.25642,2.94255,1.39352,0.172514,0.0586276,0.11388683691620827,0.263976,1.30288,0.290092,0.711787,,,4.54414,0.12578,0.185128,999.0,,,,,,,112.50000000000001,3.5156250000000004,118.0,3.6875,,,,,,,,,,,,,,,,,,,Guardians,sa3020868,804926
Carson Seymour,SFG,2,2,1,4.15115,18,3,0,1,,32.0,140,33,16,15,4,12,,2,26,7.23299,3.25195,2.2242,0.991766,0.184629,0.0830092,0.10162004828453064,0.257002,1.37223,0.298288,0.714807,,,4.21862,0.125349,0.107638,999.0,,,,,,,115.80000000000003,3.618750000000001,122.0,3.8125,,,,,,,,,,,,,,,,,,,Giants,30084,693313
Tyler Alexander,TEX,4,5,1,4.67691,66,2,0,13,,73.0,312,75,41,38,12,19,,2,60,7.3818,2.37136,3.11289,1.45608,0.19237,0.0617977,0.1305719055235386,0.259058,1.29115,0.290082,0.689587,,,4.48813,0.125189,-0.251617,999.0,,,,,,,306.6,4.2,318.0,4.3561643835616435,,,,,,,,,,,,,,,,,,,Rangers,17735,641302
Hagen Smith,CHW,1,1,1,4.66616,3,3,0,0,,16.0,69,15,9,8,2,8,,1,15,8.59629,4.69792,1.82981,1.20835,0.216466,0.1183,0.09816627204418182,0.242459,1.44563,0.290206,0.704868,,,4.7791,0.124171,0.0900607,999.0,,,,,,,57.80000000000001,3.6125000000000007,57.0,3.5625,,,,,,,,,,,,,,,,,,,White Sox,sa3025544,696146
John King,MIA,3,2,0,3.90966,56,0,0,10,,56.0,243,61,27,24,5,16,,1,36,5.77029,2.59724,2.2217,0.831528,0.147498,0.0663894,0.08110823482275009,0.271999,1.38573,0.304461,0.724294,,,3.99336,0.122859,0.186988,999.0,,,,,,,255.30000000000004,4.558928571428572,276.0,4.928571428571429,,,,,,,,,,,,,,,,,,,Marlins,22051,667463
Hogan Harris,ATH,3,3,0,4.18014,66,0,10,11,,66.0,286,60,33,31,8,31,,3,64,8.74853,4.17972,2.09309,1.11654,0.224548,0.10728,0.11726728826761246,0.239528,1.38002,0.290323,0.731274,,,4.32305,0.122509,0.369558,631.4199829101562,,,,,,,354.0000000000001,5.363636363636365,346.0,5.242424242424242,,,,,,,,,,,,,,,,,,,Athletics,21520,663687
Ben Joyce,LAA,2,2,0,3.55843,48,0,14,0,,48.0,204,38,21,19,4,21,,4,57,10.7387,4.02731,2.66648,0.835769,0.281123,0.105429,0.1756947562098503,0.216293,1.24915,0.292852,0.728462,,,3.56985,0.122141,0.0875091,737.5700073242188,,,,,,,316.20000000000005,6.587500000000001,297.0,6.1875,,,,,,,,,,,,,,,,,,,Angels,31461,690829
Matt Gage,SFG,2,2,0,3.88306,56,0,0,10,,56.0,241,56,26,24,6,20,,2,47,7.49024,3.17355,2.36021,0.90071,0.193129,0.081827,0.11130155622959137,0.253493,1.34853,0.298967,0.726851,,,3.91325,0.12102,0.151626,999.0,,,,,,,263.0,4.696428571428571,270.0,4.821428571428571,,,,,,,,,,,,,,,,,,,Giants,17381,657424
Yoendrys Gómez,TBR,3,3,1,4.2689,50,2,0,4,,56.0,240,51,29,27,8,23,,3,56,9.04657,3.62847,2.49322,1.28916,0.234161,0.0939193,0.14024197310209274,0.236453,1.30934,0.284258,0.719048,,,4.36777,0.120936,0.0589308,999.0,,,,,,,233.40000000000012,4.167857142857145,226.0,4.035714285714286,,,,,,,,,,,,,,,,,,,Rays,22872,672782
Gunnar Hoglund,ATH,3,4,2,4.86468,28,6,0,1,,57.0,246,60,33,31,10,17,,3,42,6.63702,2.71463,2.44491,1.5356,0.170515,0.0697429,0.10077188163995743,0.26743,1.36435,0.290988,0.697387,,,4.93129,0.120057,0.163926,999.0,,,,,,,170.8,2.9964912280701754,183.0,3.210526315789474,,,,,,,,,,,,,,,,,,,Athletics,31318,680684
DJ Herz,WSN,2,2,1,4.06619,22,2,0,1,,28.0,120,24,13,13,3,13,,1,30,9.61858,4.27283,2.2511,1.10679,0.246784,0.109628,0.13715600222349167,0.228898,1.34595,0.286199,0.732923,,,4.17017,0.117861,0.107266,999.0,,,,,,,129.90000000000003,4.639285714285715,123.0,4.392857142857143,,,,,,,,,,,,,,,,,,,Nationals,26389,687792
Brock Stewart,LAD,2,1,0,3.81049,40,0,0,1,,40.0,169,34,18,17,5,16,,2,46,10.4553,3.60495,2.90026,1.10762,0.274727,0.0947252,0.18000222742557526,0.223391,1.24402,0.289202,0.737768,,,3.77004,0.117661,0.0629776,999.0,,,,,,,188.1,4.7025,177.0,4.425,,,,,,,,,,,,,,,,,,,Dodgers,16727,592779
Ty Johnson,TBR,1,1,1,4.21612,2,2,0,0,,9.0,36,8,4,4,1,3,,1,8,8.87727,3.26394,2.7198,1.21174,0.230679,0.0848147,0.1458643674850464,0.238148,1.27744,0.286793,0.707771,,,4.21675,0.116811,0.159107,999.0,,,,,,,37.500000000000014,4.166666666666668,36.0,4.0,,,,,,,,,,,,,,,,,,,Rays,sa3023410,694494
Braden Nett,ATH,2,2,1,4.72649,19,3,0,1,,32.0,143,32,18,17,4,15,,2,27,7.56367,4.34537,1.74063,1.14608,0.187827,0.107907,0.07991927862167358,0.254917,1.48612,0.29513,0.70198,,,4.72555,0.110638,0.0861154,999.0,,,,,,,111.40000000000002,3.4812500000000006,115.0,3.59375,,,,,,,,,,,,,,,,,,,Athletics,sa3020336,804556
Jovani Morán,BOS,3,2,0,3.7401,52,0,0,7,,52.0,224,46,23,22,5,23,,2,56,9.74759,3.92891,2.48099,0.882204,0.251943,0.10155,0.15039393305778503,0.232053,1.32611,0.298429,0.740827,,,3.63951,0.109885,0.104349,999.0,,,,,,,268.70000000000005,5.167307692307693,260.0,5.0,,,,,,,,,,,,,,,,,,,Red Sox,20422,663558
Hayden Wesneski,HOU,2,2,1,4.23004,24,2,0,1,,31.0,130,29,16,14,5,10,,1,30,8.62142,2.90249,2.97036,1.34531,0.226828,0.0763639,0.1504640281200409,0.243636,1.26324,0.28733,0.718451,,,4.24828,0.10933,0.145741,999.0,,,,,,,123.49999999999997,3.9838709677419346,121.0,3.903225806451613,,,,,,,,,,,,,,,,,,,Astros,27581,669713
Wandy Peralta,SDP,3,3,0,3.84623,57,0,0,10,,57.0,244,52,27,24,5,25,,3,50,7.94469,3.88035,2.04742,0.826935,0.206192,0.100708,0.10548368841409683,0.240031,1.34348,0.290296,0.723142,,,4.00505,0.109101,0.131156,999.0,,,,,,,281.09999999999997,4.93157894736842,276.0,4.842105263157895,,,,,,,,,,,,,,,,,,,Padres,14295,593974
JP Sears,SDP,2,2,1,4.50016,19,3,0,1,,33.0,140,32,18,17,6,9,,2,29,7.99691,2.463,3.24682,1.61243,0.210498,0.0648321,0.14566608518362045,0.249128,1.24284,0.279894,0.713175,,,4.67981,0.107677,0.0953907,999.0,,,,,,,116.20000000000003,3.5212121212121223,116.0,3.515151515151515,,,,,,,,,,,,,,,,,,,Padres,23429,676664
Joe Rock,TBR,1,1,1,4.19274,12,2,0,1,,19.0,82,19,10,9,2,6,,1,15,7.18069,2.86418,2.50707,1.11939,0.185332,0.0739236,0.11140792071819305,0.257134,1.33165,0.294485,0.715021,,,4.24787,0.105447,0.053861,999.0,,,,,,,79.6,4.189473684210526,82.0,4.315789473684211,,,,,,,,,,,,,,,,,,,Rays,30016,697812
Ronel Blanco,HOU,1,1,1,4.12966,12,2,0,1,,19.0,81,17,9,9,3,8,,0,19,9.07447,3.63245,2.49817,1.337,0.238222,0.0953589,0.1428634375333786,0.236976,1.30522,0.284406,0.739884,,,4.33338,0.103253,0.04735,999.0,,,,,,,77.49999999999999,4.078947368421052,74.0,3.8947368421052633,,,,,,,,,,,,,,,,,,,Astros,19407,669854
Antonio Senzatela,COL,4,7,2,5.45351,60,8,0,6,,95.0,431,117,62,57,15,32,,4,58,5.46532,3.00805,1.8169,1.40183,0.133564,0.0735118,0.06005176156759262,0.296722,1.57065,0.317476,0.680304,,,5.08444,0.101624,0.132554,999.0,,,,,,,246.3,2.5926315789473686,312.0,3.2842105263157895,,,,,,,,,,,,,,,,,,,Rockies,15488,622608
Tim Mayza,PHI,2,2,0,4.04957,48,0,0,4,,48.0,208,49,23,22,5,16,,2,40,7.53174,3.09074,2.43687,0.990574,0.19354,0.0794213,0.11411844938993454,0.256711,1.35712,0.301023,0.725816,,,4.0177,0.100486,0.117436,999.0,,,,,,,208.30000000000004,4.3395833333333345,217.0,4.520833333333333,,,,,,,,,,,,,,,,,,,Phillies,15042,641835
Brent Headrick,NYY,2,2,0,3.98917,50,0,0,5,,50.0,210,45,24,22,7,16,,2,51,9.20611,2.86175,3.21695,1.28236,0.243152,0.0755847,0.16756713390350342,0.234172,1.21765,0.282898,0.729217,,,4.03635,0.0995816,0.032888,999.0,,,,,,,234.89999999999998,4.6979999999999995,227.0,4.54,,,,,,,,,,,,,,,,,,,Yankees,27702,687396
Cole Sulser,TBR,3,3,0,4.17012,56,0,0,10,,56.0,239,55,28,26,7,20,,2,50,8.04358,3.18596,2.5247,1.19148,0.208994,0.08278,0.12621430307626724,0.250964,1.33106,0.294607,0.721964,,,4.21798,0.0992959,0.0517348,999.0,,,,,,,259.30000000000007,4.630357142857144,263.0,4.696428571428571,,,,,,,,,,,,,,,,,,,Rays,15256,642121
Jonathan Pintaro,NYM,2,1,1,3.96791,24,2,0,1,,30.0,131,28,14,13,3,12,,2,29,8.55287,3.68236,2.32266,0.981596,0.218645,0.0941356,0.12450939416885376,0.239546,1.33505,0.291119,0.723094,,,4.09593,0.0986236,0.0752447,999.0,,,,,,,132.3,4.41,131.0,4.366666666666666,,,,,,,,,,,,,,,,,,,Mets,33980,702752
Mitch Bratt,ARI,0,0,1,4.13911,2,2,0,0,,9.0,37,9,4,4,1,2,,0,7,7.55698,2.34979,3.21603,1.24351,0.197165,0.061307,0.13585810735821724,0.256036,1.27525,0.293645,0.720991,,,4.14503,0.0981176,0.171703,999.0,,,,,,,38.90000000000001,4.322222222222224,40.0,4.444444444444445,,,,,,,,,,,,,,,,,,,Diamondbacks,sa3017719,683352
Mason Black,KCR,3,3,1,4.86751,43,3,0,1,,56.0,249,58,33,30,8,23,,3,46,7.30276,3.68721,1.98056,1.29171,0.183506,0.0926536,0.09085272252559662,0.258519,1.43089,0.293022,0.69009,,,4.7928,0.0971519,0.0311979,999.0,,,,,,,183.2,3.2714285714285714,194.0,3.4642857142857144,,,,,,,,,,,,,,,,,,,Royals,30171,696131
Javier Assad,CHC,3,3,1,4.09276,53,3,0,5,,67.0,289,65,33,31,8,25,,3,56,7.44024,3.33527,2.23078,1.13343,0.192551,0.0863158,0.1062353253364563,0.249966,1.34004,0.288311,0.728113,,,4.36398,0.096793,0.176564,999.0,,,,,,,276.4,4.125373134328358,279.0,4.164179104477612,,,,,,,,,,,,,,,,,,,Cubs,21741,665871
Sam Moll,CIN,3,3,0,4.44408,52,0,0,5,,52.0,226,48,28,26,6,23,,4,51,8.8032,4.06634,2.16489,1.11728,0.225527,0.104175,0.12135227769613266,0.241288,1.37114,0.293665,0.696799,,,4.37387,0.09677,0.00691107,999.0,,,,,,,227.2,4.369230769230769,223.0,4.288461538461538,,,,,,,,,,,,,,,,,,,Reds,14874,594580
Carlos Rodriguez,MIL,2,2,1,4.439,36,2,0,1,,43.0,186,40,23,21,6,17,,2,40,8.30975,3.56634,2.33005,1.30274,0.213511,0.0916336,0.12187714129686356,0.24197,1.33286,0.282534,0.711151,,,4.53125,0.0955293,0.0284476,999.0,,,,,,,167.39999999999998,3.893023255813953,164.0,3.813953488372093,,,,,,,,,,,,,,,,,,,Brewers,30161,692230
Trey Gibson,BAL,0,1,1,4.42981,2,2,0,0,,9.0,37,8,5,4,1,3,,1,8,7.98395,3.33031,2.39736,1.15583,0.204302,0.0852197,0.11908223479986191,0.252601,1.35641,0.296936,0.700742,,,4.34226,0.0941142,0.0461427,999.0,,,,,,,37.500000000000014,4.166666666666668,36.0,4.0,,,,,,,,,,,,,,,,,,,Orioles,sa3023250,694346
Mason Barnett,ATH,1,1,1,4.57052,20,2,0,1,,27.0,116,26,15,14,4,11,,1,23,7.73151,3.69493,2.09246,1.19276,0.196837,0.0940693,0.1027674525976181,0.251368,1.39083,0.291504,0.701268,,,4.53347,0.0939637,0.0418526,999.0,,,,,,,97.00000000000003,3.5925925925925934,97.0,3.5925925925925926,,,,,,,,,,,,,,,,,,,Athletics,31741,686930
Enyel De Los Santos,HOU,3,3,0,4.1368,60,0,0,12,,60.0,254,55,30,28,9,22,,3,60,8.92692,3.27701,2.72411,1.32672,0.234541,0.0860984,0.1484428271651268,0.240011,1.28049,0.287058,0.733566,,,4.30056,0.0909692,0.0529466,999.0,,,,,,,283.3,4.721666666666667,276.0,4.6,,,,,,,,,,,,,,,,,,,Astros,18403,660853
Dane Dunning,SEA,1,1,1,4.12794,14,2,0,1,,21.0,89,20,10,10,3,7,,1,18,7.90517,2.90531,2.72093,1.13965,0.205061,0.0753643,0.1296970695257187,0.248614,1.29367,0.291104,0.713336,,,4.15947,0.0897572,0.104927,999.0,,,,,,,82.5,3.9285714285714284,82.0,3.9047619047619047,,,,,,,,,,,,,,,,,,,Mariners,19409,641540
Ricky Tiedemann,TOR,1,1,1,4.24118,10,2,0,1,,16.0,70,14,8,7,2,8,,1,16,9.24326,4.39511,2.10308,1.07425,0.233929,0.111232,0.12269753217697144,0.232072,1.37314,0.287088,0.713672,,,4.36601,0.0877729,0.0806533,999.0,,,,,,,66.4,4.15,63.0,3.9375,,,,,,,,,,,,,,,,,,,Blue Jays,sa3018096,694357
Kai-Wei Teng,HOU,3,4,1,4.42521,54,2,0,7,,61.0,265,56,32,30,7,26,,6,58,8.5963,3.83909,2.23915,1.07503,0.217834,0.097284,0.12054955214262009,0.24127,1.35619,0.291593,0.692727,,,4.37278,0.0864923,-0.0323608,999.0,,,,,,,267.70000000000005,4.388524590163935,262.0,4.295081967213115,,,,,,,,,,,,,,,,,,,Astros,24282,678906
Tyler Uberstine,BOS,0,1,1,4.6171,2,2,0,0,,9.0,39,9,5,5,1,3,,0,8,7.56884,3.06682,2.46798,1.30248,0.193412,0.0783686,0.11504314094781876,0.259111,1.3666,0.296336,0.700939,,,4.50169,0.0838372,0.0744291,999.0,,,,,,,37.90000000000001,4.211111111111112,39.0,4.333333333333333,,,,,,,,,,,,,,,,,,,Red Sox,sa3017643,700413
Braydon Fisher,TOR,3,3,0,3.84019,52,0,0,7,,52.0,223,44,24,22,6,24,,2,59,10.1807,4.08461,2.49244,1.09695,0.263364,0.105665,0.15769904851913452,0.222999,1.30027,0.284964,0.743776,,,3.95576,0.0825013,0.0282866,999.0,,,,,,,264.6,5.088461538461539,250.0,4.8076923076923075,,,,,,,,,,,,,,,,,,,Blue Jays,24609,680755
McCade Brown,COL,1,2,1,5.23207,13,3,0,1,,25.0,112,26,16,15,4,11,,2,23,8.34699,3.865,2.15964,1.50689,0.208667,0.0966213,0.11204563081264496,0.261521,1.46171,0.303208,0.684194,,,4.94926,0.0822307,0.144865,999.0,,,,,,,79.20000000000002,3.1680000000000006,84.0,3.36,,,,,,,,,,,,,,,,,,,Rockies,30004,685326
Joel Payamps,ATL,3,2,0,4.06152,55,0,0,10,,55.0,234,54,27,25,7,17,,2,50,8.19118,2.86269,2.86136,1.11373,0.213949,0.0747717,0.13917719572782516,0.250016,1.29203,0.2971,0.718551,,,3.9988,0.0814672,0.135928,999.0,,,,,,,263.5,4.790909090909091,267.0,4.8545454545454545,,,,,,,,,,,,,,,,,,,Braves,14332,606303
Elvis Alvarado,ATH,3,3,0,4.19237,54,0,2,9,,54.0,234,48,27,25,7,26,,3,56,9.27433,4.25907,2.17755,1.17065,0.237622,0.109124,0.12849865853786469,0.235057,1.36815,0.288983,0.732156,,,4.35326,0.0809248,0.106131,748.3099975585938,,,,,,,259.7,4.809259259259259,250.0,4.62962962962963,,,,,,,,,,,,,,,,,,,Athletics,21662,665660
Evan Phillips,LAD,2,1,0,3.45531,28,0,0,1,,28.0,114,24,12,11,3,9,,1,30,9.77554,2.80031,3.49088,1.04929,0.266105,0.0762287,0.18987637758255005,0.226761,1.15751,0.28849,0.743102,,,3.52651,0.0791255,0.0625182,999.0,,,,,,,141.90000000000003,5.067857142857144,135.0,4.821428571428571,,,,,,,,,,,,,,,,,,,Dodgers,17734,623465
Martín Pérez,ATL,0,1,1,4.52687,2,2,0,0,,9.0,39,9,5,4,1,3,,0,7,6.89618,3.41619,2.01868,1.15397,0.174852,0.0866172,0.08823517709970474,0.265689,1.43435,0.30127,0.711203,,,4.5063,0.0774048,0.0681617,999.0,,,,,,,35.90000000000001,3.9888888888888903,37.0,4.111111111111111,,,,,,,,,,,,,,,,,,,Braves,6902,527048
Ty Madden,DET,1,1,1,4.47195,16,2,0,1,,23.0,98,22,12,11,3,9,,1,20,7.90827,3.54815,2.22884,1.23843,0.20152,0.0904145,0.1111050546169281,0.252021,1.38464,0.292702,0.710107,,,4.45815,0.0772224,0.0154636,999.0,,,,,,,90.10000000000001,3.9173913043478263,90.0,3.9130434782608696,,,,,,,,,,,,,,,,,,,Tigers,30140,680744
Sam Hentges,SFG,1,1,0,3.27959,26,0,0,1,,26.0,109,23,10,9,2,9,,1,26,8.88757,2.9439,3.01898,0.700013,0.236467,0.0783267,0.15814027190208435,0.235027,1.2247,0.2977,0.744048,,,3.2421,0.0761732,0.0783792,999.0,,,,,,,134.0,5.153846153846154,130.0,5.0,,,,,,,,,,,,,,,,,,,Giants,18548,656529
Brant Hurter,DET,3,3,0,3.75462,52,0,0,6,,52.0,221,49,24,22,6,15,,4,46,7.9535,2.64165,3.01081,0.953141,0.207928,0.0690604,0.1388675570487976,0.245311,1.24398,0.292752,0.722021,,,3.87128,0.0754719,0.0386626,999.0,,,,,,,242.6,4.665384615384616,241.0,4.634615384615385,,,,,,,,,,,,,,,,,,,Tigers,30133,676428
Jack Dreyer,LAD,3,2,0,4.13285,52,0,0,8,,52.0,219,47,26,24,7,20,,1,52,8.95946,3.45401,2.59393,1.2542,0.236392,0.0911329,0.1452590376138687,0.236808,1.28463,0.28528,0.721519,,,4.17699,0.0754414,0.00112551,999.0,,,,,,,249.50000000000006,4.798076923076924,242.0,4.653846153846154,,,,,,,,,,,,,,,,,,,Dodgers,30249,676263
Brennan Bernardino,COL,3,3,0,4.46279,58,0,0,11,,58.0,257,58,31,29,7,27,,5,53,8.23418,4.18466,1.96771,1.03622,0.206752,0.105072,0.10167940706014633,0.257302,1.46266,0.309943,0.711502,,,4.44492,0.0747011,0.267124,999.0,,,,,,,246.3,4.246551724137931,253.0,4.362068965517241,,,,,,,,,,,,,,,,,,,Rockies,16835,657514
Justin Martinez,ARI,1,1,0,3.20638,20,0,0,1,,20.0,86,15,8,7,1,11,,1,25,11.339,4.80437,2.36013,0.615541,0.293742,0.12446,0.16928192228078842,0.208087,1.30161,0.296168,0.754773,,,3.30242,0.0740017,0.0639117,999.0,,,,,,,114.69999999999999,5.734999999999999,105.0,5.25,,,,,,,,,,,,,,,,,,,Diamondbacks,24453,679885
Matt Festa,CLE,4,4,0,4.13078,60,0,0,13,,60.0,255,55,30,28,8,22,,4,59,8.7846,3.32452,2.64237,1.17973,0.229591,0.0868882,0.14270254969596863,0.239678,1.28535,0.289145,0.717875,,,4.17615,0.0737506,0.0199064,999.0,,,,,,,294.6,4.91,288.0,4.8,,,,,,,,,,,,,,,,,,,Guardians,19330,670036
JT Brubaker,SFG,2,3,0,4.21098,59,0,0,13,,59.0,258,60,30,28,7,21,,3,50,7.5885,3.18264,2.38434,1.04819,0.193116,0.0809937,0.11212257295846939,0.256002,1.36717,0.299077,0.711745,,,4.18387,0.0728563,-0.0103092,999.0,,,,,,,274.5,4.6525423728813555,284.0,4.813559322033898,,,,,,,,,,,,,,,,,,,Giants,17578,664141
Brandon Young,BAL,1,1,1,4.381,19,2,0,1,,25.0,108,26,13,12,4,7,,1,22,7.91416,2.61612,3.02515,1.37138,0.205401,0.0678976,0.13750311732292175,0.256489,1.30697,0.294791,0.717332,,,4.31377,0.0718335,0.0601134,999.0,,,,,,,92.20000000000002,3.6880000000000006,97.0,3.88,,,,,,,,,,,,,,,,,,,Orioles,27819,687064
Kevin Kelly,TBR,3,3,0,3.82807,44,0,0,1,,44.0,184,42,20,19,5,11,,4,39,7.98514,2.17699,3.66797,1.0569,0.21243,0.0579148,0.1545150987803936,0.245004,1.18517,0.290241,0.709403,,,3.86696,0.0717644,0.0486972,999.0,,,,,,,191.90000000000003,4.361363636363637,192.0,4.363636363636363,,,,,,,,,,,,,,,,,,,Rays,25679,687330
José Leclerc,,2,1,0,4.14537,28,0,0,0,,28.0,121,25,14,13,4,13,,1,30,9.73427,4.2575,2.28638,1.18216,0.250616,0.109613,0.14100368320941925,0.230346,1.34845,0.287563,0.730615,,,4.22559,0.0689568,0.0734556,999.0,,,,,,,111.00000000000006,3.964285714285716,106.0,3.7857142857142856,,,,,,,,,,,,,,,,,,,,14524,600917
Trevor Williams,WSN,1,2,1,4.59897,24,2,0,1,,30.0,132,33,17,15,5,9,,1,24,7.23931,2.57912,2.8069,1.35576,0.185176,0.0659718,0.11920411139726639,0.267529,1.36327,0.301687,0.70499,,,4.44225,0.0683522,-0.0209912,999.0,,,,,,,96.7,3.2233333333333336,107.0,3.566666666666667,,,,,,,,,,,,,,,,,,,Nationals,16977,592866
Zak Kent,MIN,2,3,0,4.27691,54,0,0,7,,54.0,236,50,28,26,6,24,,2,52,8.62672,4.00993,2.15134,1.00074,0.219751,0.102146,0.11760467290878296,0.239967,1.37589,0.291798,0.707958,,,4.11829,0.0673232,-0.0446173,999.0,,,,,,,249.8,4.625925925925926,246.0,4.555555555555555,,,,,,,,,,,,,,,,,,,Twins,25703,687849
Grant Wolfram,BAL,3,3,0,4.2688,50,0,0,4,,50.0,220,49,26,24,6,22,,2,47,8.37165,3.97314,2.10706,1.0715,0.211101,0.100187,0.11091377586126328,0.248433,1.41432,0.29783,0.723371,,,4.29354,0.0667246,-0.0633681,999.0,,,,,,,206.79999999999998,4.135999999999999,210.0,4.2,,,,,,,,,,,,,,,,,,,Orioles,21623,664991
Dax Fulton,MIA,1,2,1,4.44921,20,2,0,1,,27.0,118,26,14,13,3,12,,1,22,7.47382,4.22668,1.76825,1.01674,0.186736,0.105605,0.0811309888958931,0.253134,1.46295,0.295351,0.711106,,,4.51185,0.0650731,0.0454305,999.0,,,,,,,104.30000000000001,3.8629629629629636,105.0,3.888888888888889,,,,,,,,,,,,,,,,,,,Marlins,sa3014535,690978
Kohl Drake,ARI,1,1,1,4.32876,2,2,0,0,,8.0,37,8,4,4,1,3,,0,7,7.9224,3.40286,2.32816,1.20585,0.20219,0.0868452,0.11534454673528671,0.253231,1.37356,0.295351,0.721211,,,4.38424,0.0650499,0.106604,999.0,,,,,,,31.100000000000005,3.8875000000000006,32.0,4.0,,,,,,,,,,,,,,,,,,,Diamondbacks,sa3021723,684442
Ryan Yarbrough,NYY,3,3,1,4.40667,54,2,0,7,,62.0,265,61,33,30,10,18,,5,50,7.29027,2.64069,2.76075,1.381,0.190008,0.0688248,0.12118322402238846,0.251373,1.27307,0.281623,0.703751,,,4.60753,0.0649248,0.0352611,999.0,,,,,,,236.19999999999996,3.809677419354838,239.0,3.8548387096774195,,,,,,,,,,,,,,,,,,,Yankees,16502,642232
Caleb Ferguson,CIN,3,3,0,4.21435,53,0,0,7,,53.0,228,49,27,25,6,21,,4,51,8.6064,3.52381,2.44236,0.99974,0.22187,0.0908428,0.1310276761651039,0.242926,1.32361,0.296438,0.700836,,,4.08608,0.064855,0.0233641,999.0,,,,,,,246.00000000000003,4.6415094339622645,242.0,4.566037735849057,,,,,,,,,,,,,,,,,,,Reds,19349,657571
Robert Stephenson,LAA,1,2,0,4.08529,30,0,0,1,,30.0,126,27,15,14,4,10,,1,33,9.98466,2.92308,3.4158,1.24606,0.264766,0.0775121,0.18725387752056122,0.234504,1.22321,0.294186,0.716664,,,3.79317,0.0635407,-0.00330858,663.5,,,,,,,139.60000000000002,4.653333333333334,135.0,4.5,,,,,,,,,,,,,,,,,,,Angels,13594,596112
Gabriel Hughes,COL,1,2,1,4.97243,28,2,0,1,,34.0,150,38,20,19,5,12,,1,25,6.50098,3.19668,2.03367,1.27419,0.163729,0.0805093,0.0832197368144989,0.277114,1.46925,0.308108,0.688572,,,4.70557,0.0633945,0.0592466,999.0,,,,,,,106.30000000000003,3.126470588235295,120.0,3.5294117647058822,,,,,,,,,,,,,,,,,,,Rockies,sa3020661,687312
David Morgan,SDP,3,2,0,4.04674,58,0,0,12,,58.0,250,52,28,26,7,24,,4,59,9.12154,3.68322,2.47651,1.1021,0.235502,0.0950943,0.14040794223546982,0.233827,1.304,0.287034,0.723286,,,4.13109,0.0632524,0.118355,999.0,,,,,,,289.90000000000003,4.998275862068966,281.0,4.844827586206897,,,,,,,,,,,,,,,,,,,Padres,31616,688158
John Klein,MIN,2,3,1,4.52726,30,2,0,1,,37.0,162,37,20,19,5,13,,3,32,7.66979,3.20911,2.39,1.23233,0.195166,0.0816594,0.11350692063570023,0.254717,1.35726,0.293847,0.699462,,,4.52446,0.0614238,0.0196023,999.0,,,,,,,136.10000000000002,3.6783783783783788,140.0,3.7837837837837838,,,,,,,,,,,,,,,,,,,Twins,sa3020405,804619
Bennett Sousa,HOU,2,1,0,3.57296,30,0,0,1,,30.0,125,26,13,12,4,11,,1,33,9.95562,3.31451,3.00365,1.11981,0.265497,0.0883914,0.17710517346858978,0.228264,1.22879,0.28989,0.762797,,,3.73028,0.0608375,0.0496234,999.0,,,,,,,139.20000000000002,4.640000000000001,132.0,4.4,,,,,,,,,,,,,,,,,,,Astros,21345,656986
Joey Lucchesi,,2,2,0,4.14452,36,0,0,0,,36.0,156,37,18,17,4,13,,1,27,6.6326,3.26748,2.02988,1.02703,0.170356,0.0839242,0.08643212169408798,0.261475,1.39103,0.296671,0.723348,,,4.32826,0.0606279,0.0944706,999.0,,,,,,,133.00000000000006,3.694444444444446,140.0,3.888888888888889,,,,,,,,,,,,,,,,,,,,19320,664192
Rob Zastryzny,MIL,2,2,0,4.10608,48,0,0,4,,48.0,206,46,23,22,6,17,,2,44,8.20478,3.20102,2.56318,1.1779,0.212883,0.0830543,0.12982838600873947,0.244895,1.30617,0.288728,0.729963,,,4.21657,0.0601845,0.0827881,999.0,,,,,,,208.80000000000004,4.3500000000000005,209.0,4.354166666666667,,,,,,,,,,,,,,,,,,,Brewers,15094,642239
Tink Hence,STL,0,1,1,4.40395,2,2,0,0,,8.0,34,8,4,4,1,3,,0,7,7.68337,3.65114,2.10437,1.2131,0.196489,0.0933718,0.10311738401651382,0.250416,1.3836,0.289071,0.714456,,,4.49886,0.0599366,0.0928625,999.0,,,,,,,31.100000000000005,3.8875000000000006,32.0,4.0,,,,,,,,,,,,,,,,,,,Cardinals,sa3014709,693311
Alan Rangel,PHI,1,1,1,4.76885,14,2,0,1,,21.0,89,21,12,11,3,7,,1,17,7.44801,2.87888,2.58712,1.49793,0.192959,0.0745846,0.11837473511695862,0.257926,1.33726,0.288409,0.696216,,,4.67651,0.0592666,0.0497556,999.0,,,,,,,77.9,3.7095238095238097,80.0,3.8095238095238093,,,,,,,,,,,,,,,,,,,Phillies,19524,660604
AJ Blubaugh,HOU,3,3,1,4.40912,39,2,0,1,,46.0,199,44,24,23,7,19,,2,42,8.27177,3.65823,2.26114,1.33198,0.212972,0.0941879,0.1187838613986969,0.245506,1.35757,0.286112,0.720497,,,4.54543,0.0591265,-0.0106789,748.3300170898438,,,,,,,164.90000000000006,3.5847826086956536,164.0,3.5652173913043477,,,,,,,,,,,,,,,,,,,Astros,31764,805123
Landon Knack,LAD,1,1,1,4.94084,16,2,0,1,,23.0,99,23,13,12,4,9,,1,20,7.99912,3.44509,2.32189,1.57967,0.205069,0.0883199,0.11674951016902924,0.252913,1.37475,0.285686,0.69518,,,4.87518,0.0590731,0.0353055,999.0,,,,,,,75.2,3.2695652173913046,77.0,3.347826086956522,,,,,,,,,,,,,,,,,,,Dodgers,27487,689017
Tim Hill,NYY,4,3,0,4.15242,66,0,0,15,,66.0,285,71,33,30,7,19,,3,38,5.13447,2.6339,1.94938,0.88921,0.131932,0.0676788,0.06425304710865021,0.270707,1.37327,0.295502,0.704509,,,4.2756,0.0559162,0.0269405,999.0,,,,,,,287.70000000000005,4.359090909090909,309.0,4.681818181818182,,,,,,,,,,,,,,,,,,,Yankees,16814,657612
Mitch Farris,LAA,0,1,1,4.80729,2,2,0,0,,9.0,38,9,5,5,1,4,,0,8,7.93744,3.9317,2.01883,1.37776,0.200339,0.0992352,0.10110384970903397,0.255202,1.4409,0.293506,0.707083,,,4.76511,0.0543262,0.061446,999.0,,,,,,,34.90000000000001,3.877777777777779,36.0,4.0,,,,,,,,,,,,,,,,,,,Angels,33628,815083
Brody Hopkins,TBR,0,1,1,4.65871,2,2,0,0,,8.0,36,8,5,4,1,4,,1,7,7.77794,4.15823,1.87049,1.20489,0.195191,0.104353,0.09083836525678635,0.249222,1.42931,0.289064,0.702652,,,4.78602,0.0538278,-0.0035249,999.0,,,,,,,25.100000000000005,3.1375000000000006,26.0,3.25,,,,,,,,,,,,,,,,,,,Rays,sa3023515,811315
Jalen Beeks,TEX,4,3,0,3.82889,54,0,0,7,,54.0,232,52,25,23,6,21,,2,48,8.05825,3.49953,2.30266,0.98281,0.208071,0.0903609,0.11770991235971451,0.246771,1.34402,0.295161,0.742061,,,4.06126,0.0534756,0.0326094,999.0,,,,,,,245.60000000000002,4.548148148148148,247.0,4.574074074074074,,,,,,,,,,,,,,,,,,,Rangers,17192,656222
Alex Lange,KCR,3,3,0,3.92028,52,0,0,7,,52.0,227,44,24,23,5,28,,3,56,9.68889,4.88366,1.98394,0.7935,0.247004,0.124502,0.12250228971242905,0.227314,1.39557,0.29556,0.729604,,,3.94668,0.0531164,0.0689394,999.0,,,,,,,255.9,4.921153846153846,242.0,4.653846153846154,,,,,,,,,,,,,,,,,,,Royals,19883,656638
Sean Sullivan,COL,0,1,1,5.28468,2,2,0,0,,9.0,38,10,6,5,2,3,,0,6,6.59001,2.63346,2.50242,1.62489,0.167798,0.0670542,0.10074347257614136,0.275391,1.40064,0.298159,0.670693,,,5.03847,0.0529523,0.0396205,999.0,,,,,,,19.000000000000007,2.111111111111112,22.0,2.4444444444444446,,,,,,,,,,,,,,,,,,,Rockies,sa3023162,807743
Will Klein,LAD,3,3,0,4.43473,58,0,1,14,,58.0,258,51,31,29,7,34,,3,62,9.57396,5.229,1.83093,1.02257,0.23936,0.130731,0.1086287647485733,0.230928,1.46159,0.290973,0.716035,,,4.37754,0.0528079,-0.0311543,999.0,,,,,,,284.5,4.905172413793103,273.0,4.706896551724138,,,,,,,,,,,,,,,,,,,Dodgers,27787,694361
Cody Laweryson,MIN,3,3,0,4.40229,50,0,0,4,,50.0,216,50,26,24,7,17,,2,43,7.68436,3.07159,2.50175,1.2613,0.197703,0.0790258,0.11867721378803253,0.255132,1.34575,0.293678,0.712418,,,4.39431,0.0527679,-0.0322169,999.0,,,,,,,198.89999999999998,3.9779999999999998,204.0,4.08,,,,,,,,,,,,,,,,,,,Twins,26429,689520
Jason Foley,SFG,1,1,0,3.42846,21,0,0,1,,21.0,88,20,9,8,2,5,,1,18,7.74527,2.34238,3.30658,0.738429,0.205387,0.0621145,0.14327235519886017,0.248605,1.22833,0.300207,0.727229,,,3.36879,0.0523595,0.0344664,999.0,,,,,,,100.80000000000001,4.800000000000001,101.0,4.809523809523809,,,,,,,,,,,,,,,,,,,Giants,19531,671345
Brandon Eisert,CHW,2,2,0,4.06287,36,0,0,1,,36.0,155,34,17,16,5,13,,2,35,8.79154,3.29553,2.66772,1.13641,0.227453,0.0852611,0.14219148457050323,0.244641,1.31648,0.296268,0.729875,,,4.05343,0.0517732,0.020851,999.0,,,,,,,145.50000000000003,4.041666666666668,144.0,4.0,,,,,,,,,,,,,,,,,,,White Sox,27668,685126
Félix Bautista,BAL,1,1,0,3.20841,11,0,0,1,,11.0,45,8,4,4,1,5,,0,15,12.3748,4.00815,3.08742,0.917574,0.33644,0.108971,0.22746874392032623,0.196498,1.15493,0.28471,0.760805,,,3.13778,0.0499693,0.0408157,999.0,,,,,,,67.30000000000001,6.118181818181819,61.0,5.545454545454546,,,,,,,,,,,,,,,,,,,Orioles,20666,642585
Cal Quantrill,TEX,0,1,1,5.05903,2,2,0,0,,8.0,36,9,5,5,1,3,,0,6,6.72407,3.03387,2.21633,1.415,0.171221,0.0772541,0.09396672248840332,0.263213,1.38258,0.289556,0.668332,,,4.85917,0.0498577,-0.0125833,999.0,,,,,,,26.500000000000007,3.312500000000001,30.0,3.75,,,,,,,,,,,,,,,,,,,Rangers,19312,615698
Grant Anderson,MIL,3,3,0,4.12819,56,0,0,10,,56.0,240,51,28,26,8,22,,3,57,9.16037,3.55709,2.57524,1.24881,0.237701,0.0923023,0.1453985795378685,0.236698,1.30273,0.287121,0.731569,,,4.24719,0.04906,0.0786181,999.0,,,,,,,262.4000000000001,4.685714285714288,255.0,4.553571428571429,,,,,,,,,,,,,,,,,,,Brewers,20546,681982
Paul Sewald,ARI,3,3,0,4.52899,62,0,15,9,,62.0,261,57,34,31,10,21,,3,61,8.86865,3.04488,2.91264,1.41969,0.233688,0.0802321,0.15345539152622223,0.241374,1.26195,0.285417,0.688553,,,4.3857,0.0483315,-0.106808,416.3399963378906,,,,,,,348.59999999999997,5.62258064516129,341.0,5.5,,,,,,,,,,,,,,,,,,,Diamondbacks,13892,623149
Doug Nikhazy,CLE,2,2,1,4.43864,27,2,0,1,,33.0,146,32,18,16,5,16,,1,30,8.07402,4.26361,1.89371,1.25846,0.203773,0.107605,0.09616748988628387,0.247632,1.43808,0.288562,0.728664,,,4.68348,0.0477232,0.0545332,999.0,,,,,,,112.50000000000004,3.4090909090909105,113.0,3.4242424242424243,,,,,,,,,,,,,,,,,,,Guardians,30142,680951
Codi Heuer,CLE,2,1,0,3.86858,30,0,0,1,,30.0,129,28,14,13,4,11,,2,30,9.1488,3.40571,2.68631,1.10932,0.236677,0.0881047,0.14857198297977448,0.240001,1.30565,0.29518,0.738341,,,3.99904,0.0475025,0.0125633,999.0,,,,,,,125.00000000000001,4.166666666666667,123.0,4.1,,,,,,,,,,,,,,,,,,,Guardians,23293,676051
Matt Waldron,SDP,0,1,1,4.82953,2,2,0,0,,9.0,37,9,5,5,1,3,,0,7,7.10848,2.81417,2.52596,1.41927,0.18258,0.0722813,0.11029870063066483,0.260016,1.34368,0.289403,0.681785,,,4.68808,0.0470845,0.0476562,999.0,,,,,,,35.90000000000001,3.9888888888888903,37.0,4.111111111111111,,,,,,,,,,,,,,,,,,,Padres,25550,663362
Yaramil Hiraldo,BAL,1,1,0,4.20054,38,0,0,1,,38.0,160,35,19,18,6,14,,1,39,9.21123,3.21483,2.86523,1.33691,0.24338,0.0849424,0.15843714028596878,0.241191,1.28113,0.291643,0.727854,,,4.14294,0.0467237,-0.0234321,999.0,,,,,,,153.39999999999998,4.036842105263157,149.0,3.9210526315789473,,,,,,,,,,,,,,,,,,,Orioles,25215,682274
Jack Perkins,ATH,1,1,0,3.82398,24,0,0,1,,24.0,101,21,11,10,3,10,,2,26,9.65154,3.68557,2.61874,1.013,0.253589,0.0968364,0.15675269812345505,0.227537,1.2643,0.28861,0.726085,,,3.87005,0.0463715,0.0333871,999.0,,,,,,,106.10000000000002,4.420833333333334,101.0,4.208333333333333,,,,,,,,,,,,,,,,,,,Athletics,31468,678022
Josh White,MIA,3,3,0,3.96051,47,0,0,1,,47.0,201,42,22,21,6,19,,2,47,9.0856,3.65313,2.48707,1.06913,0.236375,0.0950414,0.14133360236883163,0.234529,1.30144,0.288737,0.728354,,,4.01748,0.046086,0.0546377,999.0,,,,,,,199.8,4.251063829787234,192.0,4.085106382978723,,,,,,,,,,,,,,,,,,,Marlins,sa3019953,687985
Trenton Denholm,CLE,1,1,1,4.68294,2,2,0,0,,9.0,41,10,5,5,1,3,,0,6,5.85956,2.47197,2.3704,1.40526,0.150205,0.0633672,0.08683822304010391,0.272567,1.37255,0.2924,0.70609,,,4.78244,0.0460262,0.0462147,999.0,,,,,,,31.30000000000001,3.477777777777779,35.0,3.888888888888889,,,,,,,,,,,,,,,,,,,Guardians,sa3018139,671143
Ben Kudrna,KCR,1,1,1,4.79752,10,2,0,1,,16.0,73,17,9,9,2,7,,1,13,6.85744,3.93916,1.74084,1.13991,0.171387,0.0984509,0.07293640822172165,0.260367,1.46941,0.294428,0.69356,,,4.7072,0.044702,-0.019369,999.0,,,,,,,55.60000000000001,3.4750000000000005,60.0,3.75,,,,,,,,,,,,,,,,,,,Royals,sa3018253,695667
Ryan Webb,CLE,0,1,1,4.6057,2,2,0,0,,9.0,39,9,5,5,1,4,,1,7,7.27403,3.95643,1.83853,1.22052,0.182135,0.0990653,0.08306954056024551,0.25872,1.45698,0.295051,0.714476,,,4.79715,0.0445669,0.0461956,999.0,,,,,,,29.900000000000013,3.3222222222222237,31.0,3.4444444444444446,,,,,,,,,,,,,,,,,,,Guardians,sa3018280,669067
Thomas Harrington,PIT,1,1,1,4.56884,12,2,0,1,,18.0,80,19,10,9,3,6,,1,14,7.05469,2.76762,2.54901,1.32116,0.18163,0.071255,0.11037474870681763,0.260653,1.34019,0.292252,0.702019,,,4.53711,0.0444468,0.016906,999.0,,,,,,,57.90000000000001,3.2166666666666672,62.0,3.4444444444444446,,,,,,,,,,,,,,,,,,,Pirates,31989,802419
Nick Sandlin,LAA,3,3,0,4.38829,50,0,0,4,,50.0,213,44,26,24,7,23,,3,51,9.18096,4.08013,2.25016,1.30771,0.239941,0.106633,0.1333082616329193,0.237326,1.3412,0.288296,0.716619,,,4.51515,0.0440867,-0.0183139,999.0,,,,,,,209.49999999999997,4.1899999999999995,199.0,3.98,,,,,,,,,,,,,,,,,,,Angels,20517,680704
Zack Kelly,BOS,3,3,0,4.35835,58,0,0,12,,58.0,253,54,30,28,7,27,,3,56,8.74453,4.23426,2.06518,1.105,0.222965,0.107964,0.1150013729929924,0.242363,1.39832,0.294472,0.715926,,,4.37606,0.0436147,0.0808238,999.0,,,,,,,272.70000000000005,4.701724137931035,269.0,4.637931034482759,,,,,,,,,,,,,,,,,,,Red Sox,20349,677161
Gregory Santos,SFG,2,1,0,3.63945,32,0,0,1,,32.0,141,30,14,13,2,14,,2,30,8.48341,3.86909,2.19261,0.603302,0.213873,0.0975429,0.11633055657148361,0.241822,1.37799,0.302667,0.733174,,,3.58137,0.0428935,0.0423512,999.0,,,,,,,150.20000000000002,4.6937500000000005,150.0,4.6875,,,,,,,,,,,,,,,,,,,Giants,21894,666619
Yohan Ramírez,PIT,3,3,0,4.17987,56,0,0,10,,56.0,246,51,28,26,6,24,,9,57,9.10798,3.77709,2.41137,0.939438,0.230404,0.0955488,0.13485495001077652,0.239508,1.33475,0.299784,0.701804,,,4.18309,0.0425454,0.131479,999.0,,,,,,,263.0000000000001,4.696428571428574,257.0,4.589285714285714,,,,,,,,,,,,,,,,,,,Pirates,19444,670990
Taylor Clarke,ARI,3,3,0,4.20091,61,0,2,12,,61.0,259,63,31,28,8,17,,2,49,7.3,2.53936,2.87475,1.25064,0.190681,0.0663296,0.12435121834278107,0.260545,1.30728,0.296925,0.723086,,,4.27699,0.0424271,0.242063,999.0,,,,,,,288.2000000000001,4.724590163934428,300.0,4.918032786885246,,,,,,,,,,,,,,,,,,,Diamondbacks,17611,664199
Austin Warren,NYM,4,3,0,4.2804,48,0,0,5,,48.0,206,46,25,23,6,18,,3,43,8.14697,3.3527,2.42997,1.19678,0.210704,0.0867103,0.12399333715438843,0.245617,1.3214,0.28881,0.712349,,,4.35215,0.0424164,-0.0591408,999.0,,,,,,,204.80000000000004,4.2666666666666675,205.0,4.270833333333333,,,,,,,,,,,,,,,,,,,Mets,24937,681810
Chris Murphy,CHW,2,3,0,4.31155,56,0,0,9,,56.0,245,53,29,27,7,26,,4,50,8.09911,4.25646,1.90278,1.0663,0.205703,0.108106,0.0975964143872261,0.24529,1.4141,0.291882,0.718312,,,4.48906,0.0422506,-0.017493,999.0,,,,,,,236.50000000000006,4.2232142857142865,235.0,4.196428571428571,,,,,,,,,,,,,,,,,,,White Sox,26214,669684
Pete Hansen,STL,0,1,1,4.59729,2,2,0,0,,9.0,38,10,5,4,1,3,,0,6,5.95257,2.86494,2.07773,1.29302,0.151342,0.0728402,0.07850215584039688,0.269775,1.40031,0.29271,0.707146,,,4.75857,0.0417343,0.0538385,999.0,,,,,,,31.30000000000001,3.477777777777779,35.0,3.888888888888889,,,,,,,,,,,,,,,,,,,Cardinals,sa3020798,677337
Julian Fernández,WSN,2,2,0,3.95502,38,0,0,1,,38.0,161,35,18,17,5,14,,1,38,8.99034,3.19771,2.8115,1.12859,0.235709,0.0838377,0.15187153965234756,0.239172,1.2754,0.29188,0.728112,,,3.94034,0.0405286,0.0346203,999.0,,,,,,,163.7,4.307894736842105,160.0,4.2105263157894735,,,,,,,,,,,,,,,,,,,Nationals,18341,642759
Manuel Rodríguez,TBR,1,1,0,3.83061,16,0,0,1,,16.0,68,15,7,7,2,6,,1,15,8.28365,3.13262,2.64432,0.867546,0.217405,0.082216,0.13518927991390228,0.242491,1.27308,0.296164,0.707049,,,3.80434,0.0392582,0.0262806,999.0,,,,,,,67.80000000000001,4.237500000000001,67.0,4.1875,,,,,,,,,,,,,,,,,,,Rays,20794,655889
Edgardo Henriquez,LAD,2,3,0,4.41653,46,0,0,5,,46.0,202,41,24,23,6,22,,3,48,9.48423,4.3267,2.19203,1.18815,0.240402,0.109671,0.13073058426380157,0.233018,1.37462,0.287466,0.709996,,,4.38605,0.0371062,-0.0113427,999.0,,,,,,,201.00000000000003,4.369565217391305,193.0,4.195652173913044,,,,,,,,,,,,,,,,,,,Dodgers,26944,683618
Sam Aldegheri,LAA,1,2,2,5.34779,5,5,0,0,,26.0,119,28,17,16,4,12,,2,19,6.62021,4.15994,1.59142,1.50455,0.163431,0.102695,0.060736075043678284,0.266812,1.52244,0.290809,0.686831,,,5.41875,0.03694,-0.0619167,999.0,,,,,,,66.39999999999999,2.5538461538461537,74.0,2.8461538461538463,,,,,,,,,,,,,,,,,,,Angels,26443,691951
John Brebbia,,2,2,0,4.58517,35,0,0,0,,35.0,152,35,19,18,6,13,,2,34,8.77962,3.27087,2.68419,1.45695,0.223988,0.0834471,0.14054061472415924,0.256194,1.37434,0.302308,0.718127,,,4.51657,0.0366751,-0.0765583,999.0,,,,,,,117.19999999999999,3.3485714285714283,120.0,3.4285714285714284,,,,,,,,,,,,,,,,,,,,12777,605154
Evan Sisk,PIT,2,2,0,3.91841,40,0,0,1,,40.0,174,37,19,17,4,18,,2,38,8.54596,3.96307,2.1564,0.838494,0.218019,0.101103,0.11691578477621078,0.24216,1.37398,0.298808,0.72365,,,3.9468,0.0360642,0.0425688,999.0,,,,,,,170.60000000000002,4.265000000000001,168.0,4.2,,,,,,,,,,,,,,,,,,,Pirates,24995,681895
Luke Little,CHC,1,1,0,3.64938,18,0,0,1,,18.0,78,14,8,7,2,10,,2,21,10.3806,4.99502,2.07818,0.770737,0.267392,0.128666,0.1387256532907486,0.212048,1.33339,0.284875,0.734386,,,3.86969,0.0359433,0.0271491,999.0,,,,,,,82.20000000000002,4.566666666666667,74.0,4.111111111111111,,,,,,,,,,,,,,,,,,,Cubs,28036,681432
Jean Cabrera,PHI,0,1,1,5.02853,2,2,0,0,,9.0,39,9,5,5,1,4,,1,6,6.58685,3.66608,1.7967,1.37808,0.165068,0.0918726,0.07319493591785431,0.265812,1.46235,0.29244,0.689192,,,5.0563,0.0358595,0.0756309,999.0,,,,,,,27.900000000000013,3.1000000000000014,29.0,3.2222222222222223,,,,,,,,,,,,,,,,,,,Phillies,sa3015433,691893
Jaden Hill,COL,2,3,0,4.51366,42,0,0,1,,42.0,184,42,23,21,5,16,,4,41,8.87307,3.42498,2.59069,1.12691,0.224671,0.0867224,0.1379484385251999,0.253102,1.36892,0.308942,0.693426,,,4.24067,0.0353005,0.0255946,999.0,,,,,,,166.10000000000002,3.9547619047619054,171.0,4.071428571428571,,,,,,,,,,,,,,,,,,,Rockies,30250,677955
Huascar Brazobán,NYM,3,2,0,4.08227,52,0,0,7,,52.0,225,47,25,24,5,24,,3,49,8.55705,4.09248,2.09092,0.942457,0.219484,0.10497,0.11451428383588791,0.238501,1.36589,0.291675,0.719602,,,4.1294,0.0334623,0.00204055,999.0,,,,,,,246.10000000000002,4.732692307692308,240.0,4.615384615384615,,,,,,,,,,,,,,,,,,,Mets,6107,623211
Seth Halvorsen,COL,2,3,0,4.636,50,0,0,4,,50.0,220,50,28,26,7,23,,2,46,8.30887,4.1145,2.01941,1.21214,0.209694,0.103839,0.10585483908653259,0.258783,1.46695,0.307684,0.711363,,,4.54139,0.0333597,0.0635736,703.469970703125,,,,,,,186.89999999999998,3.7379999999999995,192.0,3.84,,,,,,,,,,,,,,,,,,,Rockies,33294,678020
Jared Lyons,CIN,0,1,1,5.30804,2,2,0,0,,9.0,38,9,5,5,1,4,,0,6,6.77475,3.80318,1.78134,1.548,0.16986,0.095355,0.07450447976589203,0.267661,1.48668,0.292414,0.687307,,,5.23371,0.0329678,0.0886746,999.0,,,,,,,30.900000000000013,3.433333333333335,32.0,3.5555555555555554,,,,,,,,,,,,,,,,,,,Reds,sa3020483,805723
Yerry De los Santos,NYY,2,2,0,4.01734,42,0,0,1,,42.0,181,40,20,19,4,16,,2,34,7.29374,3.42922,2.12694,0.929639,0.188035,0.0884066,0.0996287539601326,0.24776,1.3453,0.289088,0.715753,,,4.11087,0.0325323,0.000934586,999.0,,,,,,,175.60000000000002,4.180952380952381,176.0,4.190476190476191,,,,,,,,,,,,,,,,,,,Yankees,21420,660787
Andrew Morris,MIN,1,1,0,4.02187,24,0,0,1,,24.0,102,24,12,11,3,6,,1,20,7.48354,2.42878,3.08119,1.076,0.195826,0.0635552,0.1322704404592514,0.256256,1.28009,0.297764,0.714475,,,3.93808,0.0324838,-0.00619211,999.0,,,,,,,101.30000000000001,4.220833333333334,104.0,4.333333333333333,,,,,,,,,,,,,,,,,,,Twins,sa3020569,702193
Kyle Nicolas,CIN,2,2,0,4.16108,42,0,0,1,,42.0,184,38,21,19,5,20,,2,42,9.09601,4.33782,2.09691,1.09499,0.230965,0.110146,0.12081968784332275,0.238462,1.39687,0.29332,0.731108,,,4.31304,0.0323648,0.0301253,999.0,,,,,,,172.5,4.107142857142857,167.0,3.9761904761904763,,,,,,,,,,,,,,,,,,,Reds,27775,693312
Tyler Phillips,MIA,3,3,0,4.22932,68,0,3,15,,68.0,293,71,35,32,8,22,,2,50,6.61122,2.97217,2.22437,1.05752,0.170194,0.0765133,0.09368064254522324,0.263652,1.37228,0.298214,0.713091,,,4.28494,0.0314554,0.181288,999.0,,,,,,,323.20000000000005,4.752941176470589,339.0,4.985294117647059,,,,,,,,,,,,,,,,,,,Marlins,20629,663969
Chase Silseth,LAA,2,3,0,4.20713,53,0,0,7,,53.0,228,49,27,25,7,23,,2,53,8.99467,3.82424,2.35201,1.16764,0.23189,0.0985923,0.13329815119504929,0.242218,1.35518,0.295239,0.721294,,,4.23063,0.0313842,-0.0205981,999.0,,,,,,,237.70000000000002,4.4849056603773585,233.0,4.39622641509434,,,,,,,,,,,,,,,,,,,Angels,30074,681217
Ryan Fernandez,STL,2,2,0,4.00998,40,0,0,1,,40.0,172,36,19,18,5,18,,1,41,9.29224,3.95315,2.35059,1.0439,0.239876,0.102049,0.13782693445682526,0.235073,1.34159,0.292313,0.730357,,,3.97481,0.0310802,0.0164354,999.0,,,,,,,169.9,4.2475000000000005,164.0,4.1,,,,,,,,,,,,,,,,,,,Cardinals,24862,681676
Coleman Crow,MIL,1,1,0,3.83497,24,0,0,1,,21.0,88,19,10,9,3,7,,1,20,8.72802,2.84077,3.07242,1.0968,0.230148,0.0749078,0.15524020791053772,0.237144,1.22698,0.286942,0.72557,,,3.89207,0.0306036,0.0134118,999.0,,,,,,,89.1,4.242857142857143,86.0,4.095238095238095,,,,,,,,,,,,,,,,,,,Brewers,sa3015142,689441
Steven Cruz,KCR,2,2,0,4.21583,45,0,0,1,,45.0,194,41,23,21,5,20,,2,42,8.34361,3.93137,2.12232,0.98921,0.215016,0.101312,0.11370401084423065,0.240887,1.3581,0.291068,0.707878,,,4.17108,0.0297545,-0.00806736,999.0,,,,,,,186.9,4.153333333333333,182.0,4.044444444444444,,,,,,,,,,,,,,,,,,,Royals,23165,674444
Joe Jiménez,ATL,1,1,0,3.99983,18,0,0,1,,18.0,76,16,9,8,2,7,,1,20,10.1806,3.26093,3.12201,1.14947,0.267337,0.0856298,0.18170706182718277,0.231481,1.24744,0.295304,0.725397,,,3.75594,0.0290298,0.00159466,999.0,,,,,,,87.00000000000003,4.833333333333335,84.0,4.666666666666667,,,,,,,,,,,,,,,,,,,Braves,15761,641729
Colin Selby,BAL,2,3,0,4.04378,45,0,0,1,,45.0,194,41,22,20,5,19,,2,47,9.35479,3.89956,2.39894,1.05481,0.241227,0.100556,0.14067146182060242,0.240001,1.35272,0.299975,0.723498,,,4.01371,0.0288707,-0.0121493,999.0,,,,,,,199.9,4.442222222222222,195.0,4.333333333333333,,,,,,,,,,,,,,,,,,,Orioles,24986,681882
Chase Lee,TOR,1,1,0,3.88098,28,0,0,1,,28.0,119,26,13,12,4,9,,2,27,8.78707,2.80975,3.12735,1.15501,0.23045,0.0736886,0.15676109492778778,0.239974,1.24059,0.289452,0.730397,,,3.9547,0.0288458,0.0133847,999.0,,,,,,,115.40000000000006,4.121428571428574,113.0,4.035714285714286,,,,,,,,,,,,,,,,,,,Blue Jays,29574,695445
Welinton Herrera,COL,2,3,0,4.40575,34,0,0,1,,34.0,150,33,18,17,4,15,,2,33,8.83857,3.85831,2.29079,1.14565,0.223128,0.0974022,0.12572555243968964,0.250753,1.4086,0.304669,0.718144,,,4.3064,0.0281963,0.0373762,999.0,,,,,,,135.60000000000002,3.9882352941176475,137.0,4.029411764705882,,,,,,,,,,,,,,,,,,,Rockies,sa3016061,700327
Spencer Miles,TOR,2,2,0,4.2,25,0,0,0,,25.0,112,23,13,12,3,10,,0,25,9.0,3.6,2.5,1.2,0.223881,0.0895522,0.13432836532592773,0.229508,1.33333,0.272727,0.697674,,,4.06847,0.0280833,-0.0272717,999.0,,,,,,,108.3,4.332,106.0,4.24,,,,,,,,,,,,,,,,,,,Blue Jays,sa3020475,693686
Brady Basso,ATH,1,1,0,4.00993,26,0,0,1,,26.0,110,25,13,12,3,8,,1,23,7.90101,2.87221,2.75084,1.15691,0.207224,0.075331,0.13189256936311722,0.25021,1.29154,0.293016,0.727033,,,4.10072,0.0273537,0.00334134,999.0,,,,,,,113.5,4.365384615384615,114.0,4.384615384615385,,,,,,,,,,,,,,,,,,,Athletics,25582,669620
Luis Gastelum,STL,2,1,0,3.93434,28,0,0,1,,28.0,120,26,13,12,3,9,,1,27,8.55945,2.99774,2.8553,1.0685,0.222143,0.0778002,0.14434286206960678,0.241929,1.27648,0.291435,0.723047,,,3.9217,0.0270353,0.0209098,999.0,,,,,,,130.70000000000005,4.6678571428571445,129.0,4.607142857142857,,,,,,,,,,,,,,,,,,,Cardinals,sa3020964,703725
Peyton Gray,TEX,2,2,0,4.20204,34,0,0,1,,34.0,146,32,17,16,5,12,,1,33,8.77673,3.26822,2.68548,1.22136,0.226689,0.084413,0.14227624982595444,0.242658,1.31037,0.290592,0.722814,,,4.14385,0.0270026,-0.0191188,999.0,,,,,,,137.90000000000003,4.055882352941177,136.0,4.0,,,,,,,,,,,,,,,,,,,Rangers,sa3008046,682608
Nate Pearson,HOU,2,3,0,4.39692,50,0,0,4,,50.0,218,47,26,24,7,22,,2,50,9.07261,3.99211,2.27264,1.29898,0.230986,0.101638,0.12934834510087967,0.24089,1.37603,0.289914,0.725975,,,4.4752,0.0268517,-0.046866,999.0,,,,,,,205.7,4.114,203.0,4.06,,,,,,,,,,,,,,,,,,,Astros,20160,663878
Bryse Wilson,PHI,1,1,1,4.9397,13,2,0,1,,20.0,88,22,12,11,3,6,,1,14,6.3265,2.78566,2.2711,1.47887,0.16205,0.0713532,0.09069690853357315,0.269857,1.3851,0.292213,0.689488,,,4.92157,0.0264101,0.0643201,999.0,,,,,,,64.89999999999999,3.2449999999999997,72.0,3.6,,,,,,,,,,,,,,,,,,,Phillies,19990,669060
Bryan Hudson,NYM,2,2,0,3.99977,34,0,0,1,,34.0,145,31,16,15,4,15,,1,32,8.60055,3.86606,2.22463,1.02424,0.223696,0.100554,0.12314174324274063,0.236477,1.32884,0.287363,0.724142,,,4.11075,0.0254494,0.012179,999.0,,,,,,,141.80000000000004,4.170588235294119,138.0,4.0588235294117645,,,,,,,,,,,,,,,,,,,Mets,19924,663542
Julian Aguiar,CIN,1,2,1,5.01997,28,2,0,1,,35.0,150,37,21,19,6,11,,2,25,6.57231,2.77897,2.36501,1.48136,0.167843,0.070969,0.09687352180480957,0.266653,1.36787,0.290709,0.676934,,,4.95146,0.0250528,0.0204564,999.0,,,,,,,103.99999999999999,2.971428571428571,112.0,3.2,,,,,,,,,,,,,,,,,,,Reds,30031,687924
James McArthur,KCR,1,1,0,4.12631,20,0,0,1,,20.0,87,20,10,9,2,7,,1,18,8.13302,3.13725,2.59241,0.997461,0.208792,0.0805399,0.12825238704681396,0.250251,1.33056,0.299418,0.707303,,,3.98091,0.0246162,0.00294392,999.0,,,,,,,87.4,4.37,90.0,4.5,,,,,,,,,,,,,,,,,,,Royals,21527,663704
Daniel Lynch IV,KCR,3,3,0,4.30285,59,0,0,11,,59.0,255,61,31,28,8,19,,2,46,7.01075,2.91405,2.40584,1.18973,0.180449,0.0750046,0.1054445430636406,0.261272,1.35608,0.296098,0.716356,,,4.39315,0.0245415,0.0112527,999.0,,,,,,,252.60000000000005,4.2813559322033905,264.0,4.47457627118644,,,,,,,,,,,,,,,,,,,Royals,21537,663738
Anthony Banda,MIN,3,2,0,4.34186,56,0,1,10,,56.0,244,53,29,27,7,25,,3,54,8.70037,3.98447,2.18357,1.16636,0.22215,0.101737,0.12041307240724564,0.245102,1.38891,0.295431,0.721427,,,4.36013,0.0245197,-0.0147733,999.0,,,,,,,259.50000000000006,4.633928571428572,258.0,4.607142857142857,,,,,,,,,,,,,,,,,,,Twins,14706,607455
Richard Lovelady,NYM,2,2,0,4.03166,46,0,0,1,,46.0,198,44,22,21,5,16,,4,42,8.22923,3.10869,2.64717,0.984461,0.212412,0.0802413,0.1321711167693138,0.244364,1.293,0.293691,0.705611,,,4.009,0.0242588,0.0054166,999.0,,,,,,,192.50000000000003,4.184782608695653,193.0,4.195652173913044,,,,,,,,,,,,,,,,,,,Mets,19337,663992
Ben Casparius,LAD,3,3,0,4.61804,55,0,0,13,,55.0,238,53,30,28,8,21,,3,52,8.53313,3.43472,2.48437,1.39015,0.21908,0.0881832,0.13089663535356522,0.247041,1.34522,0.289188,0.706461,,,4.52869,0.0240774,-0.0890625,999.0,,,,,,,254.8,4.632727272727273,255.0,4.636363636363637,,,,,,,,,,,,,,,,,,,Dodgers,30085,676508
Kendry Rojas,MIN,2,2,0,4.16002,40,0,0,1,,40.0,175,39,20,18,5,15,,2,36,8.19993,3.47535,2.35946,1.06479,0.208792,0.0884916,0.12030056118965149,0.248659,1.3626,0.296171,0.722394,,,4.16144,0.0236823,-0.0103142,999.0,,,,,,,158.1,3.9524999999999997,160.0,4.0,,,,,,,,,,,,,,,,,,,Twins,sa3016746,696070
DL Hall,MIL,3,2,0,4.03091,52,0,0,6,,52.0,225,47,25,23,6,23,,2,52,8.99844,4.0509,2.22134,1.05189,0.231103,0.104037,0.12706532329320908,0.235256,1.35113,0.289004,0.732484,,,4.14387,0.0235914,0.0260512,999.0,,,,,,,241.8,4.65,235.0,4.519230769230769,,,,,,,,,,,,,,,,,,,Brewers,22207,669084
Anthony Nunez,BAL,2,2,0,4.05816,25,0,0,1,,25.0,107,22,12,11,3,11,,2,27,9.62953,3.85229,2.49969,1.06604,0.250034,0.100026,0.15000778436660767,0.231912,1.30437,0.292582,0.716211,,,4.03653,0.0226977,0.000286749,999.0,,,,,,,109.89999999999999,4.396,105.0,4.2,,,,,,,,,,,,,,,,,,,Orioles,sa3010171,689296
Philip Abner,ARI,1,1,0,4.07164,27,0,0,1,,27.0,118,26,13,12,3,11,,1,25,8.29276,3.61063,2.29676,1.01507,0.211443,0.0920616,0.11938168853521347,0.24724,1.36716,0.296986,0.725588,,,4.11058,0.0222954,0.0191093,999.0,,,,,,,113.30000000000001,4.196296296296297,114.0,4.222222222222222,,,,,,,,,,,,,,,,,,,Diamondbacks,33821,691769
Jacob Webb,CHC,3,3,0,4.26141,54,0,0,11,,54.0,228,48,27,26,8,21,,3,51,8.53892,3.52017,2.42571,1.27219,0.224247,0.0924461,0.13180138915777206,0.235557,1.28451,0.278269,0.715417,,,4.38999,0.0218293,0.0592564,999.0,,,,,,,250.40000000000003,4.637037037037038,240.0,4.444444444444445,,,,,,,,,,,,,,,,,,,Cubs,19274,657097
Sean Guenther,DET,1,1,0,3.94266,13,0,0,1,,13.0,56,13,6,6,1,4,,1,10,6.85176,2.73846,2.50205,0.94913,0.177543,0.070959,0.10658383369445801,0.258874,1.32465,0.297551,0.717799,,,4.02273,0.021465,0.00986136,999.0,,,,,,,59.10000000000001,4.546153846153847,61.0,4.6923076923076925,,,,,,,,,,,,,,,,,,,Tigers,20045,674944
Packy Naughton,STL,1,1,0,3.57547,14,0,0,1,,14.0,59,13,6,6,1,5,,1,13,8.27312,2.95991,2.79506,0.941,0.217582,0.077845,0.1397365853190422,0.245363,1.27517,0.297128,0.744638,,,3.76014,0.0211356,0.0258586,999.0,,,,,,,69.50000000000003,4.964285714285716,69.0,4.928571428571429,,,,,,,,,,,,,,,,,,,Cardinals,23292,676050
Mason Fluharty,TOR,2,2,0,3.93184,42,0,0,1,,42.0,180,37,20,18,5,17,,2,44,9.42428,3.72502,2.52999,1.15978,0.244216,0.0965284,0.14768772572278976,0.22991,1.29205,0.28344,0.739005,,,4.12061,0.0206203,0.00418827,999.0,,,,,,,188.10000000000002,4.4785714285714295,180.0,4.285714285714286,,,,,,,,,,,,,,,,,,,Blue Jays,31553,689254
Tyler Ferguson,ATH,3,3,0,4.31058,52,0,0,7,,52.0,227,47,27,25,6,25,,3,51,8.80713,4.3779,2.01172,1.0136,0.224517,0.111604,0.11291258782148361,0.236742,1.38759,0.290404,0.711153,,,4.29832,0.0202144,-0.0224525,999.0,,,,,,,234.8,4.515384615384615,228.0,4.384615384615385,,,,,,,,,,,,,,,,,,,Athletics,19481,621053
Justin Hagenman,NYM,1,1,0,4.11189,16,0,0,1,,16.0,67,16,8,7,2,4,,1,14,8.07082,2.07651,3.88673,1.32017,0.214641,0.0552241,0.15941694751381874,0.248964,1.20442,0.288404,0.714457,,,4.0494,0.0199152,-0.00887412,999.0,,,,,,,69.20000000000002,4.325000000000001,71.0,4.4375,,,,,,,,,,,,,,,,,,,Mets,21546,663795
Bradgley Rodriguez,SDP,3,3,0,4.14716,52,0,0,7,,52.0,226,48,26,24,6,24,,4,47,8.2103,4.10989,1.99769,1.03241,0.209764,0.105003,0.10476110130548477,0.239925,1.37364,0.287038,0.721658,,,4.38284,0.0175879,-0.0279194,999.0,,,,,,,224.2,4.311538461538461,220.0,4.230769230769231,,,,,,,,,,,,,,,,,,,Padres,29107,699134
Joel Kuhnel,ATH,1,1,0,4.07896,11,0,0,1,,11.0,47,12,5,5,1,3,,1,8,6.32642,2.31806,2.72919,0.913028,0.163768,0.0600061,0.10376205295324326,0.267389,1.32291,0.303124,0.702314,,,3.97202,0.0170588,0.0164988,999.0,,,,,,,45.900000000000006,4.172727272727273,50.0,4.545454545454546,,,,,,,,,,,,,,,,,,,Athletics,19995,669270
Casey Lawrence,SEA,0,1,1,4.99014,2,2,0,0,,9.0,40,11,5,5,2,2,,0,5,4.56491,2.05224,2.22436,1.51168,0.116097,0.0521933,0.06390334293246269,0.28578,1.40028,0.293072,0.687512,,,5.10505,0.0166767,0.0166107,999.0,,,,,,,17.400000000000006,1.933333333333334,23.0,2.5555555555555554,,,,,,,,,,,,,,,,,,,Mariners,11121,596271
Ian Hamilton,ATL,0,0,0,3.73095,10,0,0,1,,10.0,43,9,5,4,1,4,,0,10,9.43697,3.99578,2.36174,0.91171,0.244796,0.103651,0.14114487171173096,0.235591,1.33919,0.299589,0.740783,,,3.80549,0.0161354,0.000878286,999.0,,,,,,,50.300000000000004,5.03,49.0,4.9,,,,,,,,,,,,,,,,,,,Braves,19261,641656
Danny Young,ATL,1,1,0,3.9525,20,0,0,1,,20.0,88,18,9,9,2,9,,3,21,9.59597,3.9246,2.44509,0.807865,0.243336,0.0995206,0.1438158079981804,0.23194,1.31859,0.299271,0.709536,,,3.89973,0.0152315,0.0322998,999.0,,,,,,,86.60000000000001,4.33,84.0,4.2,,,,,,,,,,,,,,,,,,,Braves,18439,664849
Colin Holderman,CLE,2,2,0,4.02019,42,0,0,1,,42.0,182,39,20,19,5,18,,3,41,8.68938,3.80585,2.28317,0.991723,0.222216,0.097328,0.12488797307014465,0.239559,1.34599,0.292659,0.721069,,,4.11085,0.0150068,0.0047055,999.0,,,,,,,170.9,4.069047619047619,168.0,4.0,,,,,,,,,,,,,,,,,,,Guardians,22361,670059
Dylan Dodd,ATL,2,2,0,3.998,42,0,0,1,,42.0,177,43,20,19,6,11,,1,36,7.64576,2.26879,3.36997,1.21206,0.201205,0.0597051,0.14149947091937065,0.257324,1.26622,0.297429,0.729785,,,4.03028,0.0149199,0.0341551,999.0,,,,,,,165.2,3.933333333333333,172.0,4.095238095238095,,,,,,,,,,,,,,,,,,,Braves,29928,689266
Dylan Ross,NYM,1,1,0,3.96101,27,0,0,1,,27.0,116,23,13,12,3,13,,1,28,9.4761,4.32984,2.18856,1.07037,0.245196,0.112036,0.13316074013710022,0.228874,1.34729,0.286005,0.73723,,,4.10388,0.0148547,0.000571241,999.0,,,,,,,121.10000000000001,4.485185185185186,114.0,4.222222222222222,,,,,,,,,,,,,,,,,,,Mets,sa3025659,697811
Craig Yoho,MIL,2,2,0,4.00872,40,0,0,1,,40.0,172,35,19,18,5,18,,3,41,9.32694,4.06456,2.2947,1.02357,0.241394,0.105197,0.13619767874479294,0.229613,1.31709,0.287012,0.720659,,,4.11242,0.0146327,0.0271364,999.0,,,,,,,166.5,4.1625,158.0,3.95,,,,,,,,,,,,,,,,,,,Brewers,33248,684974
Colton Gordon,HOU,1,1,0,4.15886,24,0,0,1,,24.0,102,24,12,11,4,6,,1,21,7.94419,2.43487,3.26268,1.37332,0.20833,0.0638523,0.1444772109389305,0.252194,1.2598,0.289772,0.727498,,,4.29656,0.0142697,-0.010467,999.0,,,,,,,91.00000000000003,3.791666666666668,93.0,3.875,,,,,,,,,,,,,,,,,,,Astros,31312,676467
Franco Aleman,CLE,2,1,0,3.98868,22,0,0,1,,22.0,95,20,10,10,3,10,,1,24,9.65079,3.93522,2.45242,1.09778,0.247184,0.100792,0.14639176428318024,0.233056,1.33221,0.292153,0.739553,,,4.07012,0.0142142,0.017591,999.0,,,,,,,92.9,4.222727272727273,90.0,4.090909090909091,,,,,,,,,,,,,,,,,,,Guardians,sa3018178,680916
Drew Sommers,DET,1,1,0,3.9272,23,0,0,1,,23.0,100,23,11,10,2,9,,2,19,7.57535,3.3773,2.24302,0.864966,0.193076,0.0860786,0.1069970354437828,0.250899,1.35802,0.297621,0.722203,,,4.02866,0.0140414,0.00525509,999.0,,,,,,,94.80000000000003,4.121739130434784,98.0,4.260869565217392,,,,,,,,,,,,,,,,,,,Tigers,32026,805427
Michel Otañez,TEX,1,1,0,4.04818,18,0,0,1,,18.0,79,15,9,8,2,10,,2,22,10.8568,4.91295,2.20983,0.994401,0.275445,0.124645,0.150799460709095,0.217247,1.36019,0.289458,0.721874,,,4.0525,0.0137488,-0.0101423,999.0,,,,,,,81.60000000000002,4.533333333333335,76.0,4.222222222222222,,,,,,,,,,,,,,,,,,,Rangers,22533,671305
Hayden Harris,ATL,3,3,0,4.05044,50,0,0,6,,50.0,214,44,24,23,6,21,,3,54,9.76482,3.8215,2.55523,1.10697,0.252923,0.0989824,0.153940811753273,0.233134,1.31002,0.294381,0.721831,,,4.03979,0.0136874,0.0349178,999.0,,,,,,,241.79999999999998,4.835999999999999,232.0,4.64,,,,,,,,,,,,,,,,,,,Braves,31913,802686
Ryan Watson,BOS,2,1,0,4.24795,28,0,0,1,,28.0,121,28,14,13,3,10,,1,23,7.47343,3.13618,2.38297,1.08495,0.192592,0.0808199,0.11177182197570801,0.258132,1.36026,0.300208,0.715585,,,4.21726,0.0135093,0.00767505,999.0,,,,,,,114.50000000000001,4.089285714285714,118.0,4.214285714285714,,,,,,,,,,,,,,,,,,,Red Sox,sa3015070,670245
Mitch Spence,KCR,1,1,0,4.31621,24,0,0,1,,24.0,103,25,12,12,3,7,,1,19,7.2327,2.5208,2.8692,1.17312,0.187479,0.065342,0.1221374124288559,0.261512,1.31692,0.299093,0.702817,,,4.18765,0.0134371,0.00325819,999.0,,,,,,,93.70000000000002,3.9041666666666672,99.0,4.125,,,,,,,,,,,,,,,,,,,Royals,27707,687765
Joe Mantiply,TOR,1,1,0,4.01636,11,0,0,1,,11.0,47,11,5,5,1,3,,0,9,7.45491,2.41094,3.09212,1.067,0.193603,0.0626118,0.13099144399166107,0.257309,1.29236,0.298528,0.711858,,,3.91052,0.0130598,0.00900076,999.0,,,,,,,53.50000000000001,4.863636363636364,55.0,5.0,,,,,,,,,,,,,,,,,,,Blue Jays,14857,573009
José Fermin,LAA,2,3,0,4.37211,40,0,0,1,,40.0,172,36,21,19,6,19,,1,41,9.31101,4.23592,2.19811,1.26992,0.241092,0.109682,0.13141001015901566,0.23476,1.35895,0.28648,0.722642,,,4.42224,0.0129117,-0.0345881,999.0,,,,,,,154.6,3.8649999999999998,148.0,3.7,,,,,,,,,,,,,,,,,,,Angels,33908,820862
Sammy Peralta,MIL,1,1,0,4.07587,10,0,0,1,,10.0,42,10,5,5,1,3,,0,9,7.73904,2.78286,2.78096,1.14302,0.20239,0.0727767,0.1296127662062645,0.24762,1.2727,0.288035,0.713118,,,4.13939,0.0126825,-0.000948381,999.0,,,,,,,48.7,4.87,50.0,5.0,,,,,,,,,,,,,,,,,,,Brewers,25589,671111
Porter Hodge,CHC,2,2,0,4.01255,28,0,0,1,,28.0,121,23,13,12,3,15,,1,31,10.0434,4.6738,2.14888,1.02339,0.257922,0.120026,0.13789565861225128,0.221001,1.34926,0.283574,0.730846,,,4.09521,0.0125908,0.0248413,999.0,,,,,,,128.50000000000006,4.589285714285716,119.0,4.25,,,,,,,,,,,,,,,,,,,Cubs,26413,687863
Easton McGee,MIL,2,2,0,4.12783,42,0,0,1,,42.0,179,41,21,19,5,13,,2,34,7.34634,2.71868,2.70218,1.08606,0.191944,0.0710331,0.12091077119112015,0.250005,1.27664,0.288355,0.706515,,,4.13459,0.0121437,-0.00389807,999.0,,,,,,,169.70000000000002,4.040476190476191,172.0,4.095238095238095,,,,,,,,,,,,,,,,,,,Brewers,22176,668834
Michael Fulmer,SFG,1,1,0,3.91935,13,0,0,1,,13.0,56,12,6,6,2,5,,1,13,9.20953,3.59255,2.56351,1.11262,0.23885,0.093173,0.14567692577838898,0.237029,1.31066,0.291956,0.738537,,,4.01184,0.0120158,0.00800079,999.0,,,,,,,52.39999999999999,4.03076923076923,51.0,3.923076923076923,,,,,,,,,,,,,,,,,,,Giants,13218,605242
Jesse Scholtens,TBR,2,2,0,4.22004,36,0,0,1,,36.0,154,36,18,17,5,11,,1,31,7.85898,2.74939,2.85844,1.2514,0.204249,0.0714547,0.13279464840888977,0.253291,1.30341,0.293377,0.719265,,,4.20263,0.0119371,-0.0104521,999.0,,,,,,,141.30000000000004,3.925000000000001,145.0,4.027777777777778,,,,,,,,,,,,,,,,,,,Rays,19205,669947
Paxton Schultz,WSN,1,2,0,4.36868,28,0,0,1,,28.0,122,28,15,14,4,11,,1,25,8.10799,3.40817,2.37899,1.24492,0.207367,0.0871661,0.12020087242126465,0.250796,1.36573,0.293023,0.720183,,,4.35784,0.0118916,-0.0276432,999.0,,,,,,,103.20000000000006,3.6857142857142877,106.0,3.7857142857142856,,,,,,,,,,,,,,,,,,,Nationals,25501,687606
Drey Jameson,ARI,2,1,0,3.88646,24,0,0,1,,24.0,103,23,11,10,3,9,,1,22,8.39859,3.41122,2.46205,0.947061,0.217407,0.0883034,0.12910381704568863,0.246225,1.3313,0.299406,0.727651,,,3.91119,0.0112985,0.0338912,999.0,,,,,,,98.90000000000002,4.1208333333333345,99.0,4.125,,,,,,,,,,,,,,,,,,,Diamondbacks,26260,686753
Adbert Alzolay,NYM,2,3,0,4.07711,42,0,0,1,,42.0,177,39,20,19,6,13,,3,39,8.40238,2.85867,2.93926,1.2275,0.220909,0.0751579,0.14575083553791046,0.24331,1.25292,0.287991,0.724345,,,4.18739,0.0108068,0.00765872,999.0,,,,,,,169.6,4.038095238095238,166.0,3.9523809523809526,,,,,,,,,,,,,,,,,,,Mets,17859,640470
Jedixson Paez,CHW,2,3,0,4.40978,52,0,0,6,,52.0,224,54,27,25,7,15,,2,40,6.93035,2.5794,2.6868,1.28017,0.179027,0.066632,0.11239504814147949,0.261778,1.32709,0.293314,0.708599,,,4.42383,0.010751,-0.0452885,999.0,,,,,,,211.30000000000004,4.06346153846154,222.0,4.269230769230769,,,,,,,,,,,,,,,,,,,White Sox,sa3016264,699151
Gus Varland,WSN,2,3,0,4.36197,46,0,0,1,,46.0,204,45,24,22,6,20,,3,44,8.52061,3.89184,2.18935,1.08582,0.213762,0.097637,0.11612482368946075,0.248963,1.41232,0.299544,0.715535,,,4.28913,0.0104369,-0.0252921,999.0,,,,,,,172.60000000000002,3.7521739130434786,175.0,3.8043478260869565,,,,,,,,,,,,,,,,,,,Nationals,24737,681402
Yuki Matsui,SDP,2,2,0,4.10703,44,0,0,1,,44.0,189,39,22,20,6,20,,1,45,9.25929,4.15149,2.23035,1.177,0.23982,0.107525,0.13229425996541977,0.233361,1.34916,0.286222,0.736572,,,4.23316,0.0103156,-0.0238794,999.0,,,,,,,181.4,4.122727272727273,173.0,3.9318181818181817,,,,,,,,,,,,,,,,,,,Padres,33826,673513
AJ Smith-Shawver,ATL,0,0,0,3.84792,8,0,0,1,,8.0,34,7,4,3,1,3,,0,9,10.0663,3.44477,2.92218,1.12612,0.261598,0.0895216,0.17207685112953186,0.231235,1.27607,0.293244,0.74006,,,3.76175,0.00993181,0.000700735,999.0,,,,,,,41.7,5.2125,40.0,5.0,,,,,,,,,,,,,,,,,,,Braves,29960,700363
Bryce Montes de Oca,WSN,0,0,0,4.03755,8,0,0,1,,8.0,36,7,4,4,1,5,,1,9,10.3464,5.14911,2.00935,0.801929,0.258704,0.12875,0.12995386123657227,0.221877,1.41056,0.294997,0.721455,,,3.98884,0.00984218,0.000749313,999.0,,,,,,,32.7,4.0875,31.0,3.875,,,,,,,,,,,,,,,,,,,Nationals,21319,656755
Ethan Roberts,CHC,2,2,0,4.28267,42,0,0,1,,42.0,183,39,22,20,6,17,,3,42,8.8986,3.68274,2.4163,1.23798,0.227178,0.0940189,0.1331588253378868,0.239152,1.33557,0.287126,0.717272,,,4.38186,0.00913735,-0.0402089,999.0,,,,,,,163.6,3.895238095238095,160.0,3.8095238095238093,,,,,,,,,,,,,,,,,,,Cubs,24930,681799
Yariel Rodríguez,TOR,1,1,0,4.0798,23,0,0,1,,23.0,98,20,11,10,3,10,,1,23,9.00109,4.03358,2.23154,1.15161,0.233666,0.104711,0.12895511835813522,0.232896,1.3273,0.283816,0.728314,,,4.31449,0.00908885,0.00129749,999.0,,,,,,,98.30000000000001,4.273913043478261,93.0,4.043478260869565,,,,,,,,,,,,,,,,,,,Blue Jays,33838,684320
Alex Carrillo,NYM,1,1,0,4.30102,20,0,0,1,,20.0,87,18,10,10,3,9,,1,21,9.37764,4.17413,2.24661,1.20206,0.239372,0.106548,0.13282392919063568,0.232577,1.35525,0.285198,0.716696,,,4.34736,0.00802687,-0.0112433,999.0,,,,,,,80.3,4.015,77.0,3.85,,,,,,,,,,,,,,,,,,,Mets,26463,692024
Cam Booser,TBR,1,1,0,4.21522,14,0,0,1,,14.0,61,13,7,7,2,6,,1,15,9.63175,3.99469,2.41114,1.31632,0.246539,0.10225,0.14428911358118057,0.239096,1.36536,0.293913,0.739492,,,4.35632,0.0079167,-0.00401399,999.0,,,,,,,58.20000000000003,4.157142857142859,57.0,4.071428571428571,,,,,,,,,,,,,,,,,,,Rays,16061,592155
Kyle Backhus,PHI,3,4,0,4.30888,52,0,0,7,,52.0,226,49,27,25,6,21,,4,50,8.60692,3.64028,2.36436,1.116,0.220183,0.0931258,0.1270570456981659,0.242459,1.34081,0.292049,0.705601,,,4.27891,0.00750803,-0.0117631,999.0,,,,,,,236.6,4.55,235.0,4.519230769230769,,,,,,,,,,,,,,,,,,,Phillies,29615,679775
Luis Perales,WSN,1,1,0,4.20838,21,0,0,1,,21.0,92,19,11,10,2,10,,1,22,9.22358,4.26744,2.16139,1.06457,0.232914,0.107761,0.12515248358249664,0.233642,1.37571,0.288436,0.720589,,,4.24734,0.00745467,-0.01316,999.0,,,,,,,96.4,4.590476190476191,94.0,4.476190476190476,,,,,,,,,,,,,,,,,,,Nationals,sa3014677,691384
Derek Law,ARI,1,1,0,4.12933,17,0,0,1,,17.0,73,17,8,8,2,6,,1,14,7.52749,3.21794,2.33922,0.955966,0.194215,0.0830255,0.1111898347735405,0.257249,1.36411,0.303128,0.715068,,,4.02437,0.00722761,0.0176874,999.0,,,,,,,68.00000000000001,4.000000000000001,70.0,4.117647058823529,,,,,,,,,,,,,,,,,,,Diamondbacks,13133,571882
Nick Raquet,STL,2,2,0,4.16868,32,0,0,1,,32.0,139,32,16,15,4,11,,2,25,7.10237,3.11574,2.27951,1.08313,0.181586,0.0796598,0.10192582756280899,0.2552,1.35208,0.292058,0.719634,,,4.33435,0.00710143,-0.0118452,999.0,,,,,,,119.40000000000002,3.7312500000000006,123.0,3.84375,,,,,,,,,,,,,,,,,,,Cardinals,20333,675919
Tyler Gilbert,CHW,2,2,0,4.53787,40,0,0,1,,40.0,174,40,22,20,6,15,,2,35,7.93891,3.42255,2.31959,1.27608,0.203171,0.0875891,0.11558188498020172,0.252187,1.36976,0.292338,0.701981,,,4.46841,0.00703942,-0.0726692,999.0,,,,,,,141.2,3.53,145.0,3.625,,,,,,,,,,,,,,,,,,,White Sox,17964,656457
Hunter Stratton,ATL,2,1,0,4.2439,30,0,0,1,,30.0,129,29,15,14,4,11,,2,28,8.2784,3.18447,2.59962,1.19984,0.213931,0.0822933,0.13163752853870392,0.250552,1.32723,0.296652,0.718262,,,4.27241,0.00642538,0.00265663,999.0,,,,,,,118.4,3.9466666666666668,119.0,3.966666666666667,,,,,,,,,,,,,,,,,,,Braves,23455,676702
Cionel Pérez,WSN,3,2,0,4.26619,57,0,2,11,,57.0,253,54,29,27,5,30,,3,49,7.80288,4.76213,1.63853,0.803479,0.195533,0.119335,0.07619848102331161,0.246986,1.47984,0.297767,0.711521,,,4.3159,0.00613755,0.09248,999.0,,,,,,,272.9,4.787719298245614,273.0,4.7894736842105265,,,,,,,,,,,,,,,,,,,Nationals,19614,672335
Tristan Beck,SFG,1,1,0,4.07133,20,0,0,1,,20.0,85,20,10,9,2,6,,1,17,7.64901,2.83132,2.70158,1.08016,0.199006,0.073663,0.12534312158823013,0.249708,1.29136,0.29124,0.714364,,,4.07264,0.00613024,-0.0116159,999.0,,,,,,,88.4,4.42,91.0,4.55,,,,,,,,,,,,,,,,,,,Giants,21584,663941
Casey Legumina,SEA,3,3,0,4.09899,50,0,0,4,,50.0,215,46,25,23,6,20,,2,48,8.61213,3.54003,2.43278,1.12381,0.22245,0.0914387,0.13101178407669067,0.240124,1.32049,0.288657,0.724691,,,4.1661,0.00515451,-0.0923351,999.0,,,,,,,222.6,4.452,218.0,4.36,,,,,,,,,,,,,,,,,,,Mariners,25921,668984
Connor Brogdon,CLE,3,3,0,4.25923,52,0,0,7,,52.0,225,49,26,25,8,21,,2,52,9.07358,3.61458,2.51027,1.34047,0.233254,0.0929196,0.1403341293334961,0.243071,1.34585,0.291584,0.737905,,,4.36789,0.00507636,-0.0330207,999.0,,,,,,,221.99999999999997,4.269230769230768,219.0,4.211538461538462,,,,,,,,,,,,,,,,,,,Guardians,21205,641401
Zach Franklin,CHW,0,1,0,4.373,8,0,0,1,,8.0,35,7,4,4,1,3,,0,8,8.91484,3.91542,2.27685,1.16947,0.228513,0.100364,0.12814927101135254,0.239363,1.35574,0.290083,0.707876,,,4.3081,0.00463349,-0.00230285,999.0,,,,,,,39.7,4.9625,38.0,4.75,,,,,,,,,,,,,,,,,,,White Sox,sa3022735,702103
Elmer Rodríguez,NYY,0,0,0,4.07728,6,0,0,1,,6.0,26,6,3,3,1,2,,0,5,8.19573,3.55083,2.30812,1.09779,0.212579,0.0921004,0.12047821283340454,0.241313,1.32588,0.286312,0.721551,,,4.1724,0.00429175,-0.0040523,999.0,,,,,,,24.500000000000007,4.083333333333335,25.0,4.166666666666667,,,,,,,,,,,,,,,,,,,Yankees,sa3019459,695684
Yoniel Curet,PHI,0,1,1,5.27836,2,2,0,0,,8.0,35,8,5,5,1,4,,1,7,7.8022,4.68863,1.66407,1.45742,0.192183,0.11549,0.07669337838888168,0.251969,1.49964,0.286048,0.682779,,,5.38667,0.00420219,0.0142166,999.0,,,,,,,25.100000000000005,3.1375000000000006,26.0,3.25,,,,,,,,,,,,,,,,,,,Phillies,sa3015446,692414
Ron Marinaccio,SDP,2,2,0,4.26451,40,0,0,1,,40.0,173,36,20,19,5,18,,3,39,8.75323,4.04,2.16664,1.1505,0.224759,0.103736,0.12102270871400833,0.234912,1.34024,0.283415,0.715098,,,4.45023,0.00418759,-0.021543,999.0,,,,,,,159.9,3.9975,154.0,3.85,,,,,,,,,,,,,,,,,,,Padres,23488,676760
Garrett Hawkins,SDP,2,2,0,4.20166,30,0,0,1,,30.0,129,28,15,14,4,12,,1,31,9.19174,3.70035,2.48402,1.26736,0.236924,0.0953793,0.14154455065727234,0.237214,1.32924,0.287009,0.731091,,,4.24427,0.00364048,-0.0162711,999.0,,,,,,,127.00000000000001,4.233333333333333,125.0,4.166666666666667,,,,,,,,,,,,,,,,,,,Padres,sa3017383,678184
Julian Merryweather,MIN,1,1,0,4.2809,14,0,0,1,,14.0,61,13,7,7,2,7,,0,15,9.43979,4.22022,2.2368,1.12647,0.240179,0.107376,0.13280297070741653,0.237718,1.38779,0.294909,0.716402,,,4.16934,0.00362361,-0.00360968,999.0,,,,,,,58.20000000000003,4.157142857142859,57.0,4.071428571428571,,,,,,,,,,,,,,,,,,,Twins,16703,657240
Ryan Lambert,NYM,1,2,0,4.23694,36,0,0,1,,36.0,157,31,18,17,5,18,,2,40,9.94042,4.56633,2.1769,1.12854,0.253369,0.11639,0.13697918504476547,0.225456,1.36393,0.284573,0.720018,,,4.23619,0.00331346,-0.0203952,999.0,,,,,,,148.30000000000004,4.119444444444445,139.0,3.861111111111111,,,,,,,,,,,,,,,,,,,Mets,sa3025613,822038
Yosver Zulueta,SEA,2,2,0,3.88449,40,0,0,1,,40.0,173,34,19,17,4,19,,3,42,9.35876,4.28481,2.18417,0.855261,0.24003,0.109895,0.13013459742069244,0.228635,1.33835,0.291008,0.721599,,,3.97339,0.00330373,-0.0307131,999.0,,,,,,,180.4,4.51,170.0,4.25,,,,,,,,,,,,,,,,,,,Mariners,27765,691172
K.C. Hunt,MIL,0,0,0,4.2014,6,0,0,1,,6.0,25,6,3,3,1,2,,0,5,8.15374,2.90874,2.80318,1.23767,0.213566,0.0761871,0.13737937808036804,0.245432,1.27843,0.287063,0.713621,,,4.16109,0.00321886,-0.000575686,999.0,,,,,,,24.500000000000007,4.083333333333335,25.0,4.166666666666667,,,,,,,,,,,,,,,,,,,Brewers,sa3022937,687268
Héctor Neris,KCR,1,2,0,4.44733,22,0,0,1,,22.0,95,20,12,11,3,10,,1,23,9.28874,4.2176,2.20237,1.305,0.238417,0.108255,0.13016259670257568,0.239861,1.38324,0.291961,0.718581,,,4.50335,0.00296547,-0.0266856,999.0,,,,,,,90.9,4.131818181818182,88.0,4.0,,,,,,,,,,,,,,,,,,,Royals,11804,593576
Matt Bowman,MIN,1,1,0,4.51016,18,0,0,1,,18.0,79,19,10,9,2,6,,1,15,7.27227,3.14355,2.3134,1.222,0.185183,0.0800481,0.10513487458229065,0.261117,1.38391,0.29778,0.706717,,,4.4875,0.00294372,-0.03526,999.0,,,,,,,72.20000000000002,4.011111111111112,77.0,4.277777777777778,,,,,,,,,,,,,,,,,,,Twins,13528,621199
Chen Zhong-Ao Zhuang,ATH,0,0,0,4.34793,8,0,0,1,,8.0,34,8,4,4,1,2,,0,6,7.2785,2.16419,3.36316,1.38287,0.1916,0.0569701,0.1346295401453972,0.257891,1.25951,0.289518,0.707727,,,4.32351,0.00292898,0.000935899,999.0,,,,,,,36.10000000000001,4.512500000000001,37.0,4.625,,,,,,,,,,,,,,,,,,,Athletics,sa3018174,800018
Andre Granillo,WSN,3,3,0,4.43586,52,0,0,7,,52.0,225,48,27,26,7,24,,1,49,8.56176,4.07505,2.10102,1.29327,0.21974,0.104587,0.11515272408723831,0.242301,1.38541,0.286464,0.724985,,,4.5412,0.00251011,-0.0247093,999.0,,,,,,,224.90000000000003,4.325000000000001,220.0,4.230769230769231,,,,,,,,,,,,,,,,,,,Nationals,29542,701552
Trent Harris,SFG,0,0,0,3.99882,8,0,0,1,,8.0,34,8,4,4,1,3,,0,7,7.77206,2.96574,2.62061,1.0675,0.202225,0.077167,0.1250578686594963,0.252446,1.32013,0.296409,0.726577,,,3.98887,0.00244484,-0.00462769,999.0,,,,,,,35.10000000000001,4.387500000000001,36.0,4.5,,,,,,,,,,,,,,,,,,,Giants,sa3022526,805345
Jhony Brito,SDP,1,1,0,4.17781,18,0,0,1,,18.0,77,18,9,8,2,6,,1,15,7.35013,3.01046,2.44153,1.13234,0.190485,0.0780184,0.11246615648269653,0.253252,1.32723,0.291162,0.715233,,,4.23974,0.00235995,-0.00986631,999.0,,,,,,,74.80000000000003,4.155555555555557,77.0,4.277777777777778,,,,,,,,,,,,,,,,,,,Padres,25386,666745
Duncan Davitt,CHW,1,2,0,4.48718,26,0,0,1,,26.0,112,26,14,13,4,8,,1,21,7.18233,2.6608,2.69931,1.29,0.186029,0.0689172,0.11711195856332779,0.258382,1.31328,0.291714,0.698363,,,4.45646,0.00231614,-0.0382858,999.0,,,,,,,94.6,3.6384615384615384,97.0,3.730769230769231,,,,,,,,,,,,,,,,,,,White Sox,sa3020394,701474
Riley Cornelio,WSN,1,1,1,4.99658,13,2,0,1,,19.0,86,20,12,11,3,9,,1,14,6.70349,3.98003,1.68428,1.36321,0.167335,0.0993512,0.06798394024372101,0.264714,1.49503,0.292561,0.699616,,,5.03653,0.00191528,-0.0374578,999.0,,,,,,,53.69999999999999,2.8263157894736834,58.0,3.0526315789473686,,,,,,,,,,,,,,,,,,,Nationals,sa3020830,683000
Josh Staumont,CIN,1,1,0,4.78932,12,0,0,1,,12.0,54,11,7,6,1,7,,1,12,8.72234,4.9347,1.76755,1.05477,0.216739,0.122621,0.09411780536174774,0.242731,1.49037,0.295149,0.693256,,,4.49157,0.00186337,-0.0204226,999.0,,,,,,,51.90000000000001,4.325000000000001,51.0,4.25,,,,,,,,,,,,,,,,,,,Reds,18335,622251
Bobby Miller,LAD,1,1,0,4.56518,22,0,0,1,,22.0,95,21,12,11,3,9,,1,21,8.6796,3.77986,2.29628,1.21724,0.222505,0.0968981,0.1256067454814911,0.244229,1.36577,0.292307,0.696426,,,4.34979,0.00147659,-0.0302452,999.0,,,,,,,87.30000000000001,3.9681818181818187,87.0,3.9545454545454546,,,,,,,,,,,,,,,,,,,Dodgers,27483,676272
Gordon Graceffo,STL,2,2,0,4.21937,44,0,0,1,,44.0,189,45,22,21,5,13,,1,35,7.15332,2.73221,2.61814,1.06239,0.18529,0.0707716,0.11451854556798935,0.256107,1.31584,0.294185,0.701655,,,4.09127,0.00127846,-0.0160565,999.0,,,,,,,179.10000000000002,4.070454545454546,187.0,4.25,,,,,,,,,,,,,,,,,,,Cardinals,29519,700669
Lou Trivino,PHI,1,1,0,4.5925,24,0,0,1,,24.0,106,24,13,12,3,10,,1,21,8.06234,3.83748,2.10095,1.24741,0.202702,0.0964811,0.10622063279151917,0.252852,1.42089,0.295268,0.708551,,,4.60403,0.00123545,-0.0217665,999.0,,,,,,,91.30000000000001,3.804166666666667,94.0,3.9166666666666665,,,,,,,,,,,,,,,,,,,Phillies,15043,642152
Jose Espada,BAL,1,1,0,4.54673,15,0,0,1,,15.0,65,14,8,8,2,7,,0,15,8.80827,4.26003,2.06766,1.25084,0.224286,0.108474,0.11581239104270935,0.24417,1.41673,0.292939,0.716161,,,4.48427,0.000920049,-0.0248854,999.0,,,,,,,63.00000000000001,4.2,62.0,4.133333333333334,,,,,,,,,,,,,,,,,,,Orioles,21131,664744
Carlos Lagrange,NYY,1,1,0,4.33666,10,0,0,1,,10.0,44,9,5,5,1,5,,1,11,9.58648,4.36569,2.19587,1.17134,0.244475,0.111334,0.13314097374677658,0.22728,1.34923,0.281568,0.71184,,,4.36105,0.000789838,-0.00682177,999.0,,,,,,,46.300000000000004,4.630000000000001,45.0,4.5,,,,,,,,,,,,,,,,,,,Yankees,sa3019390,801739
Henry Baez,ATH,0,0,0,4.28487,10,0,0,1,,10.0,43,10,5,5,1,4,,1,8,6.82952,3.16774,2.15596,1.07424,0.174702,0.081032,0.09366988390684128,0.259095,1.36969,0.294565,0.710452,,,4.41602,0.000602124,0.00120251,999.0,,,,,,,40.7,4.07,42.0,4.2,,,,,,,,,,,,,,,,,,,Athletics,sa3016584,692013
Tyler Samaniego,BOS,2,2,0,4.313,32,0,0,1,,32.0,140,32,16,15,4,13,,2,27,7.49684,3.66353,2.04634,1.05037,0.190046,0.0928709,0.09717468917369843,0.255872,1.41174,0.298296,0.720399,,,4.35605,0.000515376,0.00888378,999.0,,,,,,,117.40000000000002,3.6687500000000006,121.0,3.78125,,,,,,,,,,,,,,,,,,,Red Sox,sa3017876,701719
Peter Lambert,HOU,1,1,0,4.29215,13,0,0,1,,13.0,56,13,7,6,2,5,,0,12,8.36993,3.38448,2.47303,1.247,0.215199,0.0870185,0.1281808391213417,0.252591,1.36315,0.298852,0.727297,,,4.31731,0.000465887,-0.0209245,999.0,,,,,,,50.8,3.9076923076923076,52.0,4.0,,,,,,,,,,,,,,,,,,,Astros,17969,663567
Osvaldo Bido,NYY,1,1,0,4.44129,16,0,0,1,,16.0,70,15,8,8,2,6,,1,15,8.3888,3.46893,2.41827,1.32736,0.214579,0.0887323,0.12584635615348816,0.24397,1.33223,0.285345,0.712078,,,4.5773,0.000292791,-0.011021,999.0,,,,,,,67.80000000000001,4.237500000000001,67.0,4.1875,,,,,,,,,,,,,,,,,,,Yankees,23150,674370
Jhancarlos Lara,ATL,1,1,0,4.11119,16,0,0,1,,16.0,71,14,8,7,2,9,,1,18,10.0684,5.21357,1.9312,0.909322,0.251061,0.130003,0.12105830013751984,0.228317,1.44424,0.297401,0.727754,,,4.21382,0.000240347,0.00141214,999.0,,,,,,,67.4,4.2125,64.0,4.0,,,,,,,,,,,,,,,,,,,Braves,sa3019367,702910
Evan Reifert,TBR,0,1,0,4.25027,8,0,0,1,,8.0,35,7,4,4,1,4,,1,9,9.92038,4.80198,2.06589,1.08182,0.250572,0.12129,0.1292821168899536,0.227327,1.38867,0.289433,0.722965,,,4.40538,-6.18688e-05,-0.00229314,999.0,,,,,,,35.7,4.4625,34.0,4.25,,,,,,,,,,,,,,,,,,,Rays,sa3014860,682126
Michael Kopech,,2,2,0,4.36652,38,0,0,0,,38.0,164,32,20,18,5,20,,2,41,9.82184,4.80154,2.04556,1.28078,0.252587,0.123481,0.12910649925470352,0.226584,1.37939,0.281478,0.728571,,,4.56461,-0.000113828,-0.0127109,999.0,,,,,,,152.5,4.0131578947368425,141.0,3.710526315789474,,,,,,,,,,,,,,,,,,,,17282,656629
Trevor Stephan,CLE,1,1,0,4.18768,18,0,0,1,,18.0,78,17,9,8,2,7,,1,17,8.54299,3.36416,2.53942,1.18752,0.220072,0.0866623,0.1334092691540718,0.246752,1.33042,0.29498,0.729355,,,4.26106,-0.00013573,-0.0112427,999.0,,,,,,,78.40000000000002,4.355555555555557,78.0,4.333333333333333,,,,,,,,,,,,,,,,,,,Guardians,19932,663986
Jose Corniell,TEX,1,1,0,4.37227,10,0,0,1,,10.0,43,9,5,5,1,3,,1,9,8.50821,3.03754,2.80102,1.29934,0.221843,0.0792006,0.1426420956850052,0.240663,1.26971,0.283011,0.700524,,,4.28493,-0.000243169,-0.00567248,999.0,,,,,,,48.300000000000004,4.83,47.0,4.7,,,,,,,,,,,,,,,,,,,Rangers,27984,692030
Angel Bastardo,TOR,0,0,0,4.19416,10,0,0,1,,10.0,44,9,5,5,1,4,,0,9,8.43716,3.82871,2.20365,1.19086,0.215185,0.0976493,0.11753585934638977,0.243914,1.37482,0.289481,0.732429,,,4.37284,-0.000308023,-0.00603877,999.0,,,,,,,48.300000000000004,4.83,47.0,4.7,,,,,,,,,,,,,,,,,,,Blue Jays,sa3009716,682785
Luinder Avila,KCR,2,2,0,4.26755,42,0,0,1,,42.0,183,40,22,20,5,18,,3,37,7.92476,3.75392,2.11106,0.994359,0.202073,0.0957213,0.1063520759344101,0.248493,1.38108,0.295502,0.708452,,,4.2449,-0.000329574,-0.023739,999.0,,,,,,,160.3,3.816666666666667,160.0,3.8095238095238093,,,,,,,,,,,,,,,,,,,Royals,24452,679883
Griff McGarry,WSN,0,0,0,4.39018,10,0,0,1,,10.0,44,9,5,5,1,6,,1,11,10.0286,5.33277,1.88056,1.08342,0.250597,0.133257,0.1173400729894638,0.227571,1.4559,0.290323,0.720766,,,4.42955,-0.00050115,0.00326743,999.0,,,,,,,43.300000000000004,4.33,42.0,4.2,,,,,,,,,,,,,,,,,,,Nationals,sa3017130,676046
Riley Gowens,CHW,0,1,0,4.51707,10,0,0,1,,10.0,43,10,5,5,2,4,,0,9,8.28772,3.2388,2.55889,1.38986,0.213841,0.0835678,0.13027269393205643,0.249671,1.33436,0.289998,0.709635,,,4.51047,-0.000925531,-0.00291136,999.0,,,,,,,33.4,3.34,34.0,3.4,,,,,,,,,,,,,,,,,,,White Sox,sa3022948,803035
A.J. Causey,ATH,1,1,0,4.44726,13,0,0,1,,13.0,56,13,7,6,2,5,,1,11,7.46938,3.4312,2.1769,1.16838,0.191326,0.0878891,0.10343685746192932,0.251884,1.36459,0.2899,0.700404,,,4.46436,-0.00123693,-0.0134106,999.0,,,,,,,45.8,3.523076923076923,47.0,3.6153846153846154,,,,,,,,,,,,,,,,,,,Athletics,sa3028661,822067
Zack Thompson,STL,1,1,0,4.14815,12,0,0,1,,12.0,52,11,6,6,1,6,,1,12,8.83595,4.15507,2.12655,1.05979,0.224845,0.105732,0.11911238729953766,0.240159,1.38774,0.293235,0.7263,,,4.23357,-0.0014026,-0.00436509,999.0,,,,,,,54.90000000000001,4.575000000000001,54.0,4.5,,,,,,,,,,,,,,,,,,,Cardinals,25918,668868
Scott Effross,DET,1,1,0,4.42205,11,0,0,1,,11.0,48,12,6,5,1,3,,0,7,6.02484,2.82945,2.12933,1.05679,0.154777,0.072688,0.08208909630775452,0.267915,1.38096,0.297152,0.694069,,,4.35496,-0.00173044,-0.020117,999.0,,,,,,,46.900000000000006,4.263636363636365,51.0,4.636363636363637,,,,,,,,,,,,,,,,,,,Tigers,18384,664123
Lake Bachar,MIA,3,3,0,4.2312,52,0,0,7,,52.0,224,48,26,24,7,21,,2,52,8.92288,3.72103,2.39796,1.26081,0.230591,0.0961615,0.13442960381507874,0.239932,1.33574,0.288374,0.73113,,,4.34012,-0.0017834,0.010297,999.0,,,,,,,236.90000000000003,4.555769230769231,232.0,4.461538461538462,,,,,,,,,,,,,,,,,,,Marlins,19222,669199
Kolby Allard,CLE,1,1,0,4.23019,16,0,0,1,,16.0,69,17,8,8,2,5,,0,12,6.96436,2.68941,2.58955,1.30511,0.180292,0.0696229,0.11066900193691254,0.261827,1.33877,0.293127,0.733786,,,4.43309,-0.00184245,-0.00986939,999.0,,,,,,,62.60000000000001,3.9125000000000005,67.0,4.1875,,,,,,,,,,,,,,,,,,,Guardians,18694,663465
Tucker Davidson,PHI,0,0,0,4.51109,8,0,0,1,,8.0,35,8,4,4,1,3,,0,6,7.31013,3.33169,2.19412,1.20971,0.186946,0.0852032,0.10174314677715302,0.259837,1.393,0.297153,0.708796,,,4.48325,-0.00187247,0.00257909,999.0,,,,,,,33.10000000000001,4.137500000000001,34.0,4.25,,,,,,,,,,,,,,,,,,,Phillies,19871,656353
Collin Snider,CHC,1,1,0,4.42995,14,0,0,1,,14.0,61,14,7,7,2,5,,1,11,7.31276,3.18316,2.29732,1.22128,0.187277,0.0815194,0.10575713217258453,0.253655,1.35175,0.288754,0.706886,,,4.48588,-0.00214837,-0.00321853,999.0,,,,,,,50.6,3.6142857142857143,52.0,3.7142857142857144,,,,,,,,,,,,,,,,,,,Cubs,23307,676092
Craig Kimbrel,NYM,1,1,0,4.15644,14,0,0,1,,14.0,61,12,7,6,2,7,,1,16,10.4693,4.64881,2.25204,1.1665,0.269157,0.119517,0.1496400609612465,0.223168,1.35261,0.287938,0.728317,,,4.21995,-0.00268713,-0.00788858,999.0,,,,,,,59.800000000000026,4.271428571428573,56.0,4.0,,,,,,,,,,,,,,,,,,,Mets,6655,518886
David Sandlin,CHW,1,1,0,4.45792,18,0,0,1,,18.0,78,18,10,9,3,6,,1,15,7.50368,3.05784,2.45392,1.35705,0.192899,0.0786087,0.1142905056476593,0.257425,1.35735,0.292008,0.717612,,,4.53545,-0.00308282,-0.0359401,999.0,,,,,,,62.500000000000014,3.472222222222223,64.0,3.5555555555555554,,,,,,,,,,,,,,,,,,,White Sox,sa3020606,689818
Jake Bennett,BOS,1,1,0,4.43676,22,0,0,1,,22.0,95,23,12,11,3,7,,1,16,6.67016,2.99538,2.22681,1.14028,0.170754,0.0766806,0.09407289326190948,0.265142,1.38624,0.298441,0.704319,,,4.40185,-0.00316041,-0.0237196,999.0,,,,,,,78.10000000000001,3.5500000000000003,83.0,3.772727272727273,,,,,,,,,,,,,,,,,,,Red Sox,sa3020737,687562
Pedro Avila,CLE,1,1,0,4.23851,12,0,0,1,,12.0,52,12,6,6,1,5,,1,10,7.66046,3.71889,2.05988,1.05915,0.195431,0.094875,0.10055576264858246,0.252235,1.39552,0.29554,0.720646,,,4.34532,-0.00346545,-0.00739788,999.0,,,,,,,51.30000000000001,4.275000000000001,53.0,4.416666666666667,,,,,,,,,,,,,,,,,,,Guardians,18864,658648
Tate Kuehner,MIL,1,1,0,4.24722,12,0,0,1,,12.0,53,11,6,6,1,6,,1,11,8.38706,4.36046,1.92343,1.03863,0.211372,0.109893,0.10147906094789505,0.241461,1.41735,0.290281,0.720986,,,4.40786,-0.0036283,-0.0011401,999.0,,,,,,,52.90000000000001,4.408333333333334,52.0,4.333333333333333,,,,,,,,,,,,,,,,,,,Brewers,sa3023099,804249
Dylan Smith,DET,1,1,0,4.33062,20,0,0,1,,20.0,87,20,10,10,2,8,,1,17,7.73106,3.63785,2.12517,1.09,0.197446,0.0929082,0.1045374721288681,0.250726,1.38412,0.293289,0.712914,,,4.31846,-0.00362947,-0.00869979,999.0,,,,,,,82.4,4.12,85.0,4.25,,,,,,,,,,,,,,,,,,,Tigers,30145,681916
Adam Laskey,COL,0,0,0,4.80119,8,0,0,1,,8.0,36,9,5,4,1,3,,0,6,6.25647,3.32463,1.88186,1.17311,0.155219,0.082482,0.07273725420236588,0.281535,1.51161,0.313118,0.703654,,,4.70389,-0.00371643,-0.0117537,999.0,,,,,,,30.500000000000007,3.812500000000001,34.0,4.25,,,,,,,,,,,,,,,,,,,Rockies,sa3014851,669445
Tyson Neighbors,BAL,1,1,0,4.45135,12,0,0,1,,12.0,52,11,6,6,2,5,,1,12,8.90074,3.75033,2.37332,1.22915,0.228877,0.0964373,0.13243944942951202,0.240842,1.33956,0.290545,0.703464,,,4.40021,-0.00400772,-0.00738681,999.0,,,,,,,45.600000000000016,3.800000000000001,44.0,3.6666666666666665,,,,,,,,,,,,,,,,,,,Orioles,sa3025569,695695
Zach Penrod,WSN,0,1,0,4.39354,10,0,0,1,,10.0,45,10,5,5,1,5,,1,9,7.83245,4.62152,1.69478,0.952821,0.195325,0.115251,0.08007413893938065,0.249435,1.48228,0.296761,0.713976,,,4.48569,-0.00459018,0.000942435,999.0,,,,,,,39.7,3.97,41.0,4.1,,,,,,,,,,,,,,,,,,,Nationals,25368,683068
Chris Roycroft,STL,3,3,0,4.29143,52,0,0,7,,52.0,230,52,27,25,5,24,,2,42,7.18377,4.07146,1.76442,0.891887,0.180405,0.102246,0.07815883308649063,0.254185,1.45059,0.296756,0.707754,,,4.31925,-0.00460353,-0.0505815,999.0,,,,,,,222.10000000000002,4.2711538461538465,229.0,4.403846153846154,,,,,,,,,,,,,,,,,,,Cardinals,31261,688297
Joey Gerber,NYM,0,0,0,4.33324,10,0,0,1,,10.0,43,10,5,5,1,4,,0,9,8.43632,3.1603,2.66947,1.28632,0.217782,0.0815824,0.13619932532310486,0.243795,1.30402,0.286382,0.709065,,,4.30534,-0.00478438,-0.0055778,999.0,,,,,,,45.7,4.57,47.0,4.7,,,,,,,,,,,,,,,,,,,Mets,24591,680702
Kervin Castro,NYY,2,2,0,4.43709,34,0,0,1,,34.0,149,31,18,17,4,16,,1,32,8.41751,4.2107,1.99907,1.11943,0.213531,0.106815,0.10671628266572952,0.238122,1.38916,0.283664,0.702821,,,4.41452,-0.00493116,-0.0559662,999.0,,,,,,,138.80000000000004,4.082352941176472,135.0,3.9705882352941178,,,,,,,,,,,,,,,,,,,Yankees,21656,665645
Beau Brieske,DET,1,1,0,4.55014,24,0,0,1,,24.0,104,23,13,12,3,10,,1,21,7.80577,3.85193,2.02646,1.22869,0.200251,0.0988182,0.101432666182518,0.248453,1.39137,0.287734,0.702107,,,4.53605,-0.0051834,-0.0414147,999.0,,,,,,,93.90000000000002,3.912500000000001,94.0,3.9166666666666665,,,,,,,,,,,,,,,,,,,Tigers,26079,689225
Andrew Sears,DET,0,0,0,4.51823,6,0,0,1,,6.0,26,6,3,3,1,2,,0,5,7.52579,3.48131,2.16177,1.19307,0.190816,0.0882686,0.10254787653684616,0.250395,1.36733,0.287723,0.698831,,,4.58502,-0.00548659,-0.00253581,999.0,,,,,,,24.500000000000007,4.083333333333335,25.0,4.166666666666667,,,,,,,,,,,,,,,,,,,Tigers,sa3023133,808825
Hagen Danner,CIN,1,1,0,4.81191,18,0,0,1,,18.0,79,19,10,10,3,6,,1,15,7.56307,3.1397,2.40885,1.39772,0.192256,0.0798122,0.11244363337755203,0.260311,1.38541,0.295094,0.695044,,,4.64034,-0.00587004,-0.016162,999.0,,,,,,,59.90000000000001,3.3277777777777784,64.0,3.5555555555555554,,,,,,,,,,,,,,,,,,,Reds,22116,668470
Trent Thornton,CHC,1,1,0,4.23616,22,0,0,1,,22.0,93,21,11,10,3,7,,1,19,7.64167,2.86348,2.66866,1.2365,0.200543,0.0751472,0.125395305454731,0.247694,1.2771,0.284765,0.706551,,,4.31034,-0.00595528,-0.00501575,999.0,,,,,,,89.30000000000001,4.0590909090909095,89.0,4.045454545454546,,,,,,,,,,,,,,,,,,,Cubs,17948,663423
Seth Martinez,BOS,1,1,0,4.55817,16,0,0,1,,16.0,70,16,9,8,2,6,,1,13,7.47096,3.59188,2.07996,1.19426,0.189541,0.0911272,0.09841360151767731,0.256387,1.40268,0.295063,0.704838,,,4.59572,-0.00613065,-0.0252984,999.0,,,,,,,61.20000000000001,3.8250000000000006,63.0,3.9375,,,,,,,,,,,,,,,,,,,Red Sox,21045,661527
Tom Cosgrove,HOU,1,1,0,4.53584,12,0,0,1,,12.0,52,11,7,6,2,6,,1,11,8.11133,4.18787,1.93686,1.18441,0.206302,0.106514,0.09978849440813065,0.240774,1.38626,0.282709,0.701585,,,4.67464,-0.00618854,-0.0361143,999.0,,,,,,,40.600000000000016,3.3833333333333346,39.0,3.25,,,,,,,,,,,,,,,,,,,Astros,23443,676680
Jeff Criswell,COL,1,1,0,4.75775,18,0,0,1,,18.0,79,19,10,10,3,7,,1,16,8.24668,3.68301,2.23911,1.41358,0.208018,0.0929018,0.11511583626270294,0.262408,1.44925,0.30552,0.718944,,,4.6689,-0.00629599,0.00703941,999.0,,,,,,,58.90000000000001,3.272222222222223,63.0,3.5,,,,,,,,,,,,,,,,,,,Rockies,27608,676105
Keegan Thompson,COL,3,4,0,4.79249,55,0,0,9,,55.0,241,55,32,29,8,24,,4,52,8.46396,3.85499,2.19558,1.31958,0.214328,0.097618,0.11671031266450882,0.256704,1.42758,0.303908,0.697949,,,4.64608,-0.00646085,0.0496021,999.0,,,,,,,221.60000000000002,4.029090909090909,227.0,4.127272727272727,,,,,,,,,,,,,,,,,,,Rockies,19795,624522
Shinnosuke Ogasawara,WSN,0,0,0,4.62161,6,0,0,1,,6.0,26,6,3,3,1,2,,0,4,6.73457,2.76847,2.4326,1.31084,0.172594,0.0709502,0.10164327174425125,0.265295,1.36332,0.294952,0.696614,,,4.60044,-0.00706245,0.000517714,999.0,,,,,,,22.500000000000007,3.7500000000000013,23.0,3.8333333333333335,,,,,,,,,,,,,,,,,,,Nationals,35324,829272
Michael Darrell-Hicks,PIT,0,0,0,4.56272,8,0,0,1,,8.0,35,8,4,4,1,3,,1,6,7.04001,3.1328,2.24719,1.10831,0.177821,0.0791302,0.09869064390659332,0.262031,1.38783,0.299283,0.694798,,,4.46436,-0.00742986,0.00246903,999.0,,,,,,,30.100000000000005,3.7625000000000006,31.0,3.875,,,,,,,,,,,,,,,,,,,Pirates,31501,690382
Chris Devenski,PIT,1,1,0,4.42514,18,0,0,1,,18.0,77,18,10,9,2,6,,1,15,7.37044,2.85217,2.58415,1.24514,0.190875,0.0738636,0.11701126396656036,0.260364,1.34362,0.297501,0.705659,,,4.337,-0.00743138,-0.0242939,999.0,,,,,,,74.80000000000003,4.155555555555557,77.0,4.277777777777778,,,,,,,,,,,,,,,,,,,Pirates,12763,606965
Daysbel Hernández,ATL,1,2,0,4.29989,24,0,0,1,,24.0,106,21,12,11,3,13,,1,26,9.66728,5.03388,1.92044,1.0299,0.244209,0.127163,0.117046058177948,0.231122,1.43341,0.292922,0.718847,,,4.32401,-0.00744586,0.00214164,999.0,,,,,,,100.10000000000002,4.170833333333334,95.0,3.9583333333333335,,,,,,,,,,,,,,,,,,,Braves,20271,678226
Grant Holman,ARI,1,1,0,4.39692,14,0,0,1,,14.0,61,14,7,7,2,5,,1,12,7.80906,3.45048,2.26318,1.16082,0.199974,0.0883599,0.11161436885595322,0.254598,1.37935,0.297395,0.707554,,,4.3576,-0.00750476,0.00207177,999.0,,,,,,,52.6,3.757142857142857,54.0,3.857142857142857,,,,,,,,,,,,,,,,,,,Diamondbacks,30002,680880
Emiliano Teodo,TEX,1,1,0,4.52794,14,0,0,1,,14.0,62,13,8,7,2,8,,1,14,8.80386,4.87469,1.80603,1.0797,0.220175,0.121911,0.09826411306858063,0.23663,1.45095,0.287601,0.704273,,,4.53852,-0.00754776,-0.0391147,999.0,,,,,,,50.20000000000003,3.585714285714288,49.0,3.5,,,,,,,,,,,,,,,,,,,Rangers,sa3015158,693713
Shane Murphy,CHW,1,1,0,4.49058,21,0,0,1,,21.0,89,22,11,10,3,5,,0,15,6.25979,2.12403,2.94713,1.43985,0.16346,0.055464,0.10799581557512283,0.267923,1.30732,0.289949,0.707353,,,4.59329,-0.00760948,-0.0214678,999.0,,,,,,,80.3,3.8238095238095235,85.0,4.0476190476190474,,,,,,,,,,,,,,,,,,,White Sox,sa3020389,690294
Jake Eder,WSN,1,1,0,4.6119,15,0,0,1,,15.0,66,15,8,8,2,6,,1,12,7.20237,3.45041,2.08739,1.21996,0.182703,0.0875269,0.09517618268728256,0.256353,1.39218,0.291142,0.69654,,,4.63154,-0.00766825,-0.0138735,999.0,,,,,,,54.400000000000006,3.626666666666667,56.0,3.7333333333333334,,,,,,,,,,,,,,,,,,,Nationals,27590,671109
Brycen Mautz,STL,1,1,0,4.22161,16,0,0,1,,16.0,69,16,8,8,2,5,,1,14,7.61862,3.05509,2.49374,1.1832,0.196309,0.0787207,0.11758854240179062,0.251398,1.32385,0.290339,0.717328,,,4.34057,-0.00778844,-0.00579204,999.0,,,,,,,66.20000000000002,4.137500000000001,68.0,4.25,,,,,,,,,,,,,,,,,,,Cardinals,sa3020710,802408
Daison Acosta,SDP,0,0,0,4.43332,6,0,0,1,,6.0,27,5,3,3,1,3,,0,6,8.9819,4.79669,1.87252,1.23582,0.225707,0.120537,0.10517046600580215,0.237277,1.44269,0.286214,0.72905,,,4.68695,-0.0084133,-0.00329625,999.0,,,,,,,26.10000000000001,4.350000000000001,24.0,4.0,,,,,,,,,,,,,,,,,,,Padres,sa944989,670897
Colin Poche,DET,0,1,0,4.5508,8,0,0,1,,8.0,34,8,4,4,1,4,,0,7,8.09517,3.9785,2.03473,1.34648,0.209113,0.102772,0.10634082555770874,0.245428,1.38519,0.284037,0.712977,,,4.65671,-0.00877022,-0.00343623,999.0,,,,,,,32.10000000000001,4.012500000000001,33.0,4.125,,,,,,,,,,,,,,,,,,,Tigers,19403,621363
Tyler Schweitzer,CHW,1,1,0,4.62637,12,0,0,1,,12.0,52,13,7,6,2,4,,0,9,6.56127,3.33566,1.96701,1.27121,0.166837,0.0848177,0.08201964944601059,0.263991,1.41907,0.292528,0.708241,,,4.70791,-0.00888829,-0.0341706,999.0,,,,,,,40.40000000000002,3.3666666666666685,44.0,3.6666666666666665,,,,,,,,,,,,,,,,,,,White Sox,sa3020712,805326
Alexis Díaz,TEX,1,1,0,4.79293,22,0,0,1,,22.0,96,19,13,12,3,12,,2,22,8.87529,4.85777,1.82703,1.1085,0.2257,0.123534,0.10216595232486725,0.226236,1.38197,0.275138,0.672132,,,4.70369,-0.00920159,-0.0746575,748.2100219726562,,,,,,,82.5,3.75,77.0,3.5,,,,,,,,,,,,,,,,,,,Rangers,21132,664747
Reiver Sanmartin,SFG,1,1,0,4.04418,17,0,0,1,,17.0,74,18,8,8,2,6,,1,12,6.46569,2.9264,2.20943,0.90869,0.165289,0.0748105,0.09047824889421463,0.265494,1.3803,0.302444,0.719654,,,4.12722,-0.00962398,0.00529991,999.0,,,,,,,61.40000000000002,3.6117647058823543,66.0,3.8823529411764706,,,,,,,,,,,,,,,,,,,Giants,19754,665665
Randy Dobnak,SEA,0,1,0,4.0844,10,0,0,1,,10.0,43,10,5,5,1,4,,1,8,6.76762,3.16491,2.13833,0.992989,0.173289,0.0810395,0.09224973618984222,0.256586,1.36098,0.2927,0.718029,,,4.28249,-0.00973256,-0.0155535,999.0,,,,,,,40.7,4.07,42.0,4.2,,,,,,,,,,,,,,,,,,,Mariners,23798,677976
Hunter Bigge,TBR,2,3,0,4.21963,52,0,0,7,,52.0,227,48,26,24,7,24,,2,53,9.11381,4.17153,2.18476,1.23875,0.231879,0.106135,0.1257445439696312,0.237702,1.38351,0.287621,0.742304,,,4.38924,-0.00974368,-0.0154955,999.0,,,,,,,229.90000000000003,4.421153846153847,225.0,4.326923076923077,,,,,,,,,,,,,,,,,,,Rays,26259,685801
Angel Chivilli,NYY,1,1,0,4.46683,26,0,0,1,,26.0,114,26,14,13,4,10,,1,24,8.13708,3.32953,2.44392,1.28973,0.206696,0.0845758,0.12212034314870834,0.252603,1.36741,0.294404,0.711022,,,4.46613,-0.00978801,-0.0492237,999.0,,,,,,,94.6,3.6384615384615384,97.0,3.730769230769231,,,,,,,,,,,,,,,,,,,Yankees,26790,683409
Riley Martin,CHC,1,1,0,4.15621,20,0,0,1,,20.0,88,18,10,9,2,11,,1,20,9.13762,4.97424,1.83699,1.02563,0.230806,0.125644,0.10516203939914703,0.232204,1.43487,0.287732,0.733686,,,4.38526,-0.00989793,-0.00455307,999.0,,,,,,,84.60000000000001,4.23,82.0,4.1,,,,,,,,,,,,,,,,,,,Cubs,sa3017601,702303
Francis Peña,SDP,1,1,0,4.3582,10,0,0,1,,10.0,44,10,5,5,1,5,,1,8,7.3031,4.15785,1.75646,1.05128,0.183017,0.104197,0.0788203701376915,0.251617,1.4485,0.290635,0.718667,,,4.56998,-0.0100083,-0.00547586,999.0,,,,,,,37.7,3.7700000000000005,39.0,3.9,,,,,,,,,,,,,,,,,,,Padres,sa3019374,800212
Ronan Kopp,LAD,1,1,0,4.53221,16,0,0,1,,16.0,72,14,9,8,2,10,,1,17,9.76812,5.74177,1.70124,1.15333,0.242452,0.142515,0.09993702173233032,0.228913,1.50768,0.286782,0.72794,,,4.66213,-0.0100546,-0.0301967,999.0,,,,,,,62.40000000000001,3.900000000000001,59.0,3.6875,,,,,,,,,,,,,,,,,,,Dodgers,sa3017751,691947
Eric Cerantola,KCR,1,1,0,4.55719,12,0,0,1,,12.0,53,11,7,6,2,6,,1,12,8.76319,4.57888,1.91383,1.14661,0.219648,0.114769,0.10487903654575348,0.241063,1.4372,0.29125,0.709983,,,4.5885,-0.0101003,-0.0282176,999.0,,,,,,,42.600000000000016,3.550000000000001,41.0,3.4166666666666665,,,,,,,,,,,,,,,,,,,Royals,sa3017914,672021
Vince Velasquez,CHC,0,0,0,4.39114,8,0,0,1,,8.0,35,8,4,4,1,3,,0,8,8.60105,3.90291,2.20375,1.37281,0.219249,0.0994888,0.1197599545121193,0.2469,1.39385,0.290442,0.732951,,,4.61626,-0.0103691,-0.00185751,999.0,,,,,,,37.10000000000001,4.637500000000001,38.0,4.75,,,,,,,,,,,,,,,,,,,Cubs,11189,592826
Tayler Saucedo,LAA,1,1,0,4.47125,26,0,0,1,,26.0,115,26,14,13,3,12,,2,23,8.01314,4.15282,1.92956,1.03554,0.201285,0.104316,0.09696853160858154,0.252675,1.44481,0.300825,0.711088,,,4.44459,-0.0104958,-0.0332763,999.0,,,,,,,95.9,3.6884615384615387,99.0,3.8076923076923075,,,,,,,,,,,,,,,,,,,Angels,17888,642048
Nolan Hoffman,PHI,1,1,0,4.58754,13,0,0,1,,13.0,57,13,7,7,2,6,,1,12,8.33304,4.04929,2.0579,1.17143,0.209501,0.101803,0.10769786685705185,0.249098,1.41823,0.29604,0.697367,,,4.57214,-0.0111361,-0.0107086,999.0,,,,,,,44.8,3.446153846153846,46.0,3.5384615384615383,,,,,,,,,,,,,,,,,,,Phillies,23381,676510
Prelander Berroa,CHW,1,2,0,4.50189,33,0,0,1,,33.0,147,30,18,17,4,18,,1,34,9.30427,5.02296,1.85235,1.20383,0.232431,0.125479,0.10695193707942963,0.238519,1.47679,0.29244,0.729421,,,4.59493,-0.0117652,-0.0553132,999.0,,,,,,,132.00000000000006,4.000000000000002,128.0,3.878787878787879,,,,,,,,,,,,,,,,,,,White Sox,22932,672860
Valente Bellozo,COL,0,1,0,5.0214,12,0,0,1,,12.0,52,13,7,7,2,4,,0,9,6.55426,2.8261,2.31919,1.61919,0.166953,0.0719876,0.09496529400348663,0.274146,1.414,0.296392,0.704794,,,5.06623,-0.0118641,-0.00427848,999.0,,,,,,,40.40000000000002,3.3666666666666685,44.0,3.6666666666666665,,,,,,,,,,,,,,,,,,,Rockies,23899,678368
Tanner Rainey,DET,0,0,0,4.49408,12,0,0,1,,12.0,52,11,6,6,2,6,,1,12,8.9127,4.46789,1.99484,1.27898,0.226591,0.113589,0.11300241202116013,0.239515,1.41351,0.2874,0.719375,,,4.62656,-0.0120961,-0.00521998,999.0,,,,,,,42.600000000000016,3.550000000000001,41.0,3.4166666666666665,,,,,,,,,,,,,,,,,,,Tigers,17610,663432
Marco Raya,MIN,1,1,0,4.50929,26,0,0,1,,26.0,115,26,14,13,3,12,,2,23,7.81975,4.01476,1.94775,1.07697,0.196653,0.100964,0.0956885889172554,0.252388,1.43323,0.296808,0.704517,,,4.47407,-0.0121974,-0.0373656,999.0,,,,,,,95.9,3.6884615384615387,99.0,3.8076923076923075,,,,,,,,,,,,,,,,,,,Twins,sa3014550,694397
Chayce McDermott,BAL,1,1,0,4.48562,19,0,0,1,,19.0,83,18,10,9,3,9,,1,19,9.01234,4.40257,2.04706,1.24258,0.228232,0.111492,0.11673928052186966,0.241915,1.42074,0.292657,0.721781,,,4.53736,-0.0123858,-0.0273597,999.0,,,,,,,68.89999999999999,3.6263157894736837,68.0,3.5789473684210527,,,,,,,,,,,,,,,,,,,Orioles,29866,694646
Rafael Montero,NYY,1,1,0,4.39039,24,0,0,1,,24.0,105,22,13,12,3,12,,1,23,8.50232,4.52653,1.87833,1.12417,0.215742,0.114858,0.10088339447975159,0.242158,1.43197,0.290628,0.720093,,,4.49685,-0.012765,-0.0486812,999.0,,,,,,,94.50000000000001,3.9375000000000004,92.0,3.8333333333333335,,,,,,,,,,,,,,,,,,,Yankees,12760,606160
Rico Garcia,BAL,2,2,0,4.35262,56,0,0,10,,56.0,243,53,29,27,8,25,,2,57,9.22354,3.94361,2.33886,1.34892,0.23629,0.101028,0.13526207953691483,0.242196,1.37598,0.292108,0.73501,,,4.42931,-0.0131453,-0.0634822,999.0,,,,,,,251.2000000000001,4.4857142857142875,249.0,4.446428571428571,,,,,,,,,,,,,,,,,,,Orioles,20023,670329
Robby Ahlstrom,TEX,0,0,0,4.83093,8,0,0,1,,8.0,36,8,5,4,1,4,,0,7,7.73386,4.49374,1.72103,1.25869,0.19292,0.112096,0.08082445710897446,0.250965,1.48011,0.28909,0.699754,,,4.87303,-0.0132897,-0.035604,999.0,,,,,,,32.10000000000001,4.012500000000001,33.0,4.125,,,,,,,,,,,,,,,,,,,Rangers,sa3018193,695239
Jackson Rutledge,WSN,2,2,0,4.60004,42,0,0,1,,42.0,184,42,23,21,6,16,,3,36,7.67269,3.46649,2.21339,1.27367,0.19459,0.0879148,0.10667486488819122,0.255126,1.38581,0.293405,0.70294,,,4.64677,-0.0133235,-0.0564987,999.0,,,,,,,146.8,3.4952380952380957,151.0,3.5952380952380953,,,,,,,,,,,,,,,,,,,Nationals,26215,671131
Ryder Ryan,LAD,1,1,0,4.67931,10,0,0,1,,10.0,44,10,6,5,1,4,,1,8,6.78174,3.83056,1.77043,1.24393,0.169445,0.0957086,0.0737367644906044,0.264816,1.4749,0.29671,0.716825,,,4.87895,-0.0135208,-0.0303314,999.0,,,,,,,40.7,4.07,42.0,4.2,,,,,,,,,,,,,,,,,,,Dodgers,19891,656924
Adam Macko,TOR,1,1,0,4.40239,18,0,0,1,,18.0,79,17,9,9,3,7,,1,16,8.07368,3.68012,2.19387,1.2519,0.205469,0.0936562,0.11181297153234482,0.245163,1.36119,0.285517,0.715545,,,4.5943,-0.0140384,-0.0110509,999.0,,,,,,,64.10000000000001,3.561111111111112,63.0,3.5,,,,,,,,,,,,,,,,,,,Blue Jays,sa3011555,671936
Wilber Dotel,PIT,1,1,0,4.53601,14,0,0,1,,14.0,61,14,8,7,2,5,,1,11,7.26294,3.44151,2.11039,1.21447,0.183911,0.0871453,0.09676559269428253,0.256392,1.39496,0.291826,0.705375,,,4.5913,-0.0142902,-0.025526,999.0,,,,,,,50.6,3.6142857142857143,52.0,3.7142857142857144,,,,,,,,,,,,,,,,,,,Pirates,sa3015163,696062
Luis Curvelo,TEX,2,2,0,4.7182,40,0,0,1,,40.0,174,39,22,21,6,17,,2,35,7.92173,3.74331,2.11624,1.30949,0.201855,0.0953837,0.10647088289260864,0.247919,1.37895,0.285973,0.696851,,,4.69448,-0.0154067,-0.0848788,999.0,,,,,,,137.79999999999998,3.4449999999999994,139.0,3.475,,,,,,,,,,,,,,,,,,,Rangers,24710,681168
Jose Franco,CIN,1,1,0,4.92508,14,0,0,1,,14.0,62,14,8,8,2,6,,1,13,8.18035,3.93542,2.07865,1.46636,0.206736,0.099457,0.10727924853563309,0.252509,1.42565,0.290409,0.699849,,,4.88229,-0.0155027,-0.0189871,999.0,,,,,,,51.60000000000003,3.6857142857142877,53.0,3.7857142857142856,,,,,,,,,,,,,,,,,,,Reds,sa3008714,683742
Jake Miller,CLE,1,1,0,4.5622,10,0,0,1,,10.0,44,10,5,5,1,4,,0,7,6.55086,3.41986,1.91554,1.23929,0.164979,0.0861267,0.07885205000638962,0.262687,1.42879,0.291364,0.714511,,,4.72746,-0.0159836,-0.00619573,999.0,,,,,,,41.7,4.17,43.0,4.3,,,,,,,,,,,,,,,,,,,Guardians,sa3018171,681313
Yunior Marte,CIN,1,1,0,4.96643,16,0,0,1,,16.0,71,16,10,9,2,7,,1,14,7.71722,4.01146,1.92379,1.31696,0.192187,0.0999002,0.09228694438934326,0.260655,1.47581,0.29977,0.690763,,,4.85164,-0.0161576,-0.0463962,999.0,,,,,,,60.20000000000001,3.7625000000000006,62.0,3.875,,,,,,,,,,,,,,,,,,,Reds,14416,628708
Chase Shugart,PHI,2,2,0,4.6538,38,0,0,1,,38.0,165,38,21,20,6,15,,2,31,7.27513,3.4601,2.10258,1.34564,0.18658,0.0887387,0.09784155339002609,0.255695,1.38254,0.288084,0.701025,,,4.74922,-0.0163843,-0.0468107,999.0,,,,,,,123.59999999999998,3.252631578947368,127.0,3.3421052631578947,,,,,,,,,,,,,,,,,,,Phillies,21544,663767
Max Lazar,PHI,2,2,0,4.53969,31,0,0,1,,31.0,133,32,17,16,4,10,,1,24,7.0771,2.89963,2.44069,1.29436,0.183112,0.0750248,0.10808762162923813,0.259221,1.34512,0.291482,0.703038,,,4.47641,-0.0163853,-0.0344616,999.0,,,,,,,115.99999999999999,3.741935483870967,122.0,3.935483870967742,,,,,,,,,,,,,,,,,,,Phillies,23426,676661
Tyler Mattison,DET,1,1,0,4.64217,10,0,0,1,,10.0,44,10,6,5,1,5,,0,9,8.27891,4.50717,1.83683,1.32836,0.20784,0.113151,0.09468859434127808,0.248753,1.46925,0.290492,0.719916,,,4.8122,-0.0169374,-0.0350123,999.0,,,,,,,42.7,4.2700000000000005,44.0,4.4,,,,,,,,,,,,,,,,,,,Tigers,sa3018117,694331
Guillo Zuñiga,SEA,0,0,0,4.50184,8,0,0,1,,8.0,35,8,4,4,1,4,,1,7,7.92287,4.01219,1.9747,1.23364,0.201145,0.101861,0.09928389638662338,0.244778,1.39058,0.284168,0.708765,,,4.70675,-0.0169685,-0.0125076,999.0,,,,,,,29.100000000000005,3.6375000000000006,30.0,3.75,,,,,,,,,,,,,,,,,,,Mariners,19588,670871
Jake Bloss,TOR,1,1,0,4.54402,16,0,0,1,,16.0,70,16,9,8,2,6,,0,13,7.48116,3.55527,2.10425,1.35469,0.189905,0.0902486,0.09965669363737106,0.253928,1.4,0.287119,0.719763,,,4.68774,-0.0174273,-0.0407582,999.0,,,,,,,64.20000000000002,4.012500000000001,66.0,4.125,,,,,,,,,,,,,,,,,,,Blue Jays,33168,814005
Ryan Borucki,SFG,3,3,0,3.93288,54,0,0,7,,54.0,234,49,25,24,6,23,,4,53,8.78712,3.79068,2.31809,0.946963,0.225331,0.0972054,0.12812519073486328,0.23889,1.3362,0.294611,0.728686,,,4.05835,-0.0174316,0.0270448,999.0,,,,,,,251.4,4.655555555555556,245.0,4.537037037037037,,,,,,,,,,,,,,,,,,,Giants,16350,621366
Lazaro Estrada,TOR,2,2,0,4.39288,32,0,0,1,,32.0,137,31,17,16,5,10,,2,28,7.99326,2.68461,2.97744,1.40126,0.207699,0.0697578,0.1379416286945343,0.248908,1.27621,0.284999,0.708616,,,4.42458,-0.0175103,-0.0506752,999.0,,,,,,,118.70000000000002,3.7093750000000005,119.0,3.71875,,,,,,,,,,,,,,,,,,,Blue Jays,24914,681751
Corbin Martin,CHC,1,1,0,4.61284,10,0,0,1,,10.0,44,10,5,5,1,5,,0,9,8.01648,4.53229,1.76875,1.16353,0.201437,0.113887,0.08754997700452805,0.247113,1.4623,0.290047,0.712135,,,4.66093,-0.0175357,-0.00230482,999.0,,,,,,,42.7,4.2700000000000005,44.0,4.4,,,,,,,,,,,,,,,,,,,Cubs,19884,656686
Nick Anderson,ATH,2,2,0,4.60668,40,0,0,1,,40.0,175,41,22,20,6,16,,1,36,8.17678,3.59026,2.27749,1.42171,0.207427,0.0910771,0.1163502037525177,0.256772,1.41353,0.296939,0.721308,,,4.65735,-0.0178271,-0.0542776,999.0,,,,,,,140.6,3.5149999999999997,147.0,3.675,,,,,,,,,,,,,,,,,,,Athletics,18337,623433
Josh Simpson,SEA,1,1,0,4.1811,16,0,0,1,,16.0,70,14,8,7,2,8,,1,16,8.97407,4.59157,1.95446,1.019,0.227547,0.116424,0.11112277954816818,0.235859,1.40939,0.290875,0.725718,,,4.32131,-0.0180597,-0.0251885,999.0,,,,,,,66.4,4.15,63.0,3.9375,,,,,,,,,,,,,,,,,,,Mariners,25957,681006
Tommy Kahnle,BOS,2,3,0,4.5337,46,0,0,4,,46.0,201,44,25,23,6,23,,2,41,7.94628,4.44211,1.78885,1.07701,0.202127,0.112992,0.0891343206167221,0.249443,1.44969,0.29552,0.705927,,,4.5303,-0.0180628,-0.0404562,744.5599975585938,,,,,,,175.20000000000002,3.8086956521739133,175.0,3.8043478260869565,,,,,,,,,,,,,,,,,,,Red Sox,11384,592454
Andrew Walters,CLE,2,2,0,4.14802,38,0,0,1,,38.0,164,32,19,18,5,19,,2,43,10.2661,4.5192,2.27166,1.22606,0.264039,0.116232,0.14780714362859726,0.224306,1.34626,0.284712,0.73235,,,4.29533,-0.0181111,-0.0240575,999.0,,,,,,,163.5,4.302631578947368,152.0,4.0,,,,,,,,,,,,,,,,,,,Guardians,33834,689958
Eric Torres,BAL,0,0,0,4.9356,6,0,0,1,,6.0,27,6,4,3,1,4,,0,5,8.2281,5.3592,1.53532,1.305,0.200945,0.130881,0.07006374001502991,0.251274,1.57113,0.294182,0.720264,,,5.19202,-0.0181494,-0.034729,999.0,,,,,,,18.500000000000007,3.0833333333333344,19.0,3.1666666666666665,,,,,,,,,,,,,,,,,,,Orioles,sa3017262,701539
Kyle Hart,SDP,3,3,0,4.27077,48,0,0,4,,48.0,206,47,25,23,7,16,,3,43,8.06671,2.96053,2.72475,1.27033,0.20837,0.0764729,0.13189666718244553,0.251466,1.31396,0.293046,0.719245,,,4.33068,-0.0184448,-0.0572346,999.0,,,,,,,191.90000000000003,3.9979166666666672,194.0,4.041666666666667,,,,,,,,,,,,,,,,,,,Padres,19646,606996
Blas Castaño,SEA,0,1,0,4.4033,9,0,0,1,,9.0,39,9,5,4,1,3,,1,6,6.4726,3.01519,2.14667,1.14629,0.1646,0.0766772,0.08792311698198318,0.258772,1.35627,0.288352,0.699314,,,4.62066,-0.019436,-0.0303646,999.0,,,,,,,34.90000000000001,3.877777777777779,36.0,4.0,,,,,,,,,,,,,,,,,,,Mariners,26117,680604
Connor Phillips,CIN,3,4,0,4.63172,58,0,0,10,,58.0,255,52,32,30,8,29,,4,62,9.56793,4.46774,2.14156,1.28547,0.242136,0.113065,0.1290707066655159,0.234774,1.3953,0.288264,0.706552,,,4.5511,-0.0195331,-0.012926,999.0,,,,,,,260.6000000000001,4.493103448275863,251.0,4.327586206896552,,,,,,,,,,,,,,,,,,,Reds,27649,683175
Ty Adcock,SDP,1,1,0,4.28986,26,0,0,1,,26.0,112,25,13,12,4,10,,1,24,8.2416,3.48305,2.3662,1.27189,0.212225,0.0896905,0.12253489345312119,0.247199,1.34988,0.289474,0.730668,,,4.40017,-0.0196194,-0.0140471,999.0,,,,,,,97.19999999999999,3.738461538461538,97.0,3.730769230769231,,,,,,,,,,,,,,,,,,,Padres,25651,686654
Daniel Espino,CLE,1,1,0,4.27259,23,0,0,0,,23.0,101,21,12,11,4,12,,0,25,9.92343,4.68606,2.11765,1.37825,0.25,0.118056,0.1319444477558136,0.237154,1.43951,0.292398,0.75,,,4.5287,-0.0198187,-0.0285132,999.0,,,,,,,80.4,3.4956521739130437,77.0,3.347826086956522,,,,,,,,,,,,,,,,,,,Guardians,sa3011495,682982
Brent Suter,LAA,2,3,0,4.50435,63,0,0,12,,63.0,272,66,34,32,9,20,,2,49,6.98943,2.83058,2.46926,1.25477,0.179971,0.0728848,0.10708655416965485,0.264678,1.36344,0.298492,0.70776,,,4.45064,-0.0198839,-0.093388,999.0,,,,,,,263.9000000000001,4.18888888888889,278.0,4.412698412698413,,,,,,,,,,,,,,,,,,,Angels,13942,608718
Albert Suárez,BAL,1,1,0,4.52171,21,0,0,1,,21.0,91,22,11,11,3,7,,1,18,7.5349,2.92317,2.57765,1.35921,0.192294,0.0746008,0.11769357323646545,0.265626,1.38768,0.302622,0.718603,,,4.48108,-0.0199113,-0.0285589,999.0,,,,,,,77.3,3.6809523809523808,82.0,3.9047619047619047,,,,,,,,,,,,,,,,,,,Orioles,6175,544150
Jack Neely,CHC,1,1,0,4.46324,16,0,0,1,,16.0,70,15,9,8,2,8,,1,16,9.00537,4.34292,2.07358,1.28425,0.227957,0.109934,0.11802291870117188,0.236993,1.39393,0.284455,0.717288,,,4.62032,-0.0208916,-0.0345448,999.0,,,,,,,63.80000000000001,3.9875000000000007,63.0,3.9375,,,,,,,,,,,,,,,,,,,Cubs,30106,680891
Karson Milbrandt,MIA,0,1,0,4.71589,12,0,0,1,,12.0,54,12,7,6,2,6,,1,10,7.64509,4.55767,1.67741,1.162,0.18991,0.113216,0.07669375091791153,0.251111,1.48677,0.290973,0.705406,,,4.82114,-0.0209723,-0.0275431,999.0,,,,,,,36.000000000000014,3.0000000000000013,37.0,3.0833333333333335,,,,,,,,,,,,,,,,,,,Marlins,sa3020659,703596
Victor Mederos,LAA,1,1,0,4.83734,18,0,0,1,,18.0,80,19,10,10,3,7,,2,14,6.91289,3.56463,1.9393,1.27792,0.17285,0.0891302,0.08371992409229279,0.262969,1.43485,0.294987,0.690872,,,4.92547,-0.0212069,-0.0326565,999.0,,,,,,,51.90000000000001,2.883333333333334,56.0,3.111111111111111,,,,,,,,,,,,,,,,,,,Angels,31533,682989
Michael Petersen,MIA,2,2,0,4.38681,48,0,0,4,,48.0,208,47,25,23,7,18,,2,45,8.35968,3.41898,2.44508,1.31988,0.214349,0.0876653,0.12668346613645554,0.250243,1.3587,0.293433,0.722915,,,4.44968,-0.021208,0.00446119,999.0,,,,,,,192.90000000000003,4.018750000000001,195.0,4.0625,,,,,,,,,,,,,,,,,,,Marlins,20827,656848
Dylan Coleman,NYY,0,0,0,4.95093,8,0,0,1,,8.0,37,7,5,4,1,6,,1,8,8.81112,6.30355,1.3978,1.10891,0.213558,0.152781,0.060776785016059875,0.233077,1.58154,0.282994,0.698575,,,5.19034,-0.0215171,-0.0366193,999.0,,,,,,,27.700000000000006,3.462500000000001,26.0,3.25,,,,,,,,,,,,,,,,,,,Yankees,22276,669395
Joe Ross,ARI,1,1,0,4.31247,34,0,0,1,,34.0,148,34,18,16,4,13,,2,28,7.37624,3.35644,2.19764,1.08606,0.188249,0.0856594,0.10258930176496506,0.255266,1.37736,0.29512,0.713115,,,4.32153,-0.0217049,-0.0251936,999.0,,,,,,,129.00000000000003,3.7941176470588243,133.0,3.911764705882353,,,,,,,,,,,,,,,,,,,Diamondbacks,12972,605452
Ken Waldichuk,WSN,3,3,0,4.46953,54,0,0,10,,54.0,237,50,29,27,7,24,,3,52,8.69709,4.06656,2.13869,1.19478,0.220604,0.10315,0.11745486408472061,0.241753,1.38657,0.289797,0.71091,,,4.47008,-0.0218542,-0.0411509,999.0,,,,,,,246.5,4.564814814814815,242.0,4.481481481481482,,,,,,,,,,,,,,,,,,,Nationals,27681,686610
Joey Estes,ATH,1,2,0,4.85341,30,0,0,1,,30.0,128,31,17,16,5,8,,2,22,6.74069,2.33289,2.88941,1.553,0.174934,0.0605429,0.11439067870378494,0.261573,1.29403,0.284142,0.679443,,,4.8563,-0.022174,-0.0564337,999.0,,,,,,,97.9,3.2633333333333336,103.0,3.433333333333333,,,,,,,,,,,,,,,,,,,Athletics,26257,683155
Génesis Cabrera,PHI,1,1,0,4.67665,18,0,0,1,,18.0,78,17,10,9,3,8,,1,16,8.24799,3.96057,2.08253,1.42188,0.211147,0.10139,0.10975729674100876,0.250185,1.40328,0.290111,0.71641,,,4.82698,-0.0224738,-0.0240126,999.0,,,,,,,61.10000000000001,3.394444444444445,60.0,3.3333333333333335,,,,,,,,,,,,,,,,,,,Phillies,17490,650893
Joel Hurtado,LAA,0,1,0,5.07531,10,0,0,1,,10.0,45,11,6,6,1,4,,1,6,5.84985,3.69861,1.58163,1.29234,0.145069,0.0917208,0.053347840905189514,0.274215,1.50932,0.297259,0.68957,,,5.12693,-0.0235901,-0.0316459,999.0,,,,,,,34.1,3.41,38.0,3.8,,,,,,,,,,,,,,,,,,,Angels,sa3019774,805871
Juan Sanchez,SFG,1,1,0,4.29004,14,0,0,1,,14.0,62,14,7,7,2,7,,1,12,7.77182,4.24241,1.83194,1.073,0.195591,0.106768,0.0888238176703453,0.250927,1.44935,0.29463,0.728227,,,4.51067,-0.0239562,-0.0105697,999.0,,,,,,,46.6,3.3285714285714287,48.0,3.4285714285714284,,,,,,,,,,,,,,,,,,,Giants,sa3005444,678738
Jackson Kowar,BAL,1,2,0,4.70664,28,0,0,1,,28.0,125,28,16,15,4,13,,2,26,8.33108,4.28076,1.94617,1.25004,0.207101,0.106414,0.10068611800670624,0.251073,1.46256,0.295867,0.710814,,,4.70605,-0.023992,-0.079712,999.0,,,,,,,96.20000000000006,3.4357142857142877,99.0,3.5357142857142856,,,,,,,,,,,,,,,,,,,Orioles,21549,663804
Kade Strowd,ARI,2,2,0,4.21247,30,0,0,1,,30.0,131,29,15,14,3,13,,1,27,8.24972,4.01223,2.05614,1.03037,0.210703,0.102475,0.1082281544804573,0.250086,1.41022,0.300837,0.723141,,,4.27223,-0.0240838,0.00439915,999.0,,,,,,,125.69999999999999,4.1899999999999995,127.0,4.233333333333333,,,,,,,,,,,,,,,,,,,Diamondbacks,26191,669704
Cameron Foster,BAL,2,2,0,4.4741,32,0,0,1,,32.0,140,32,17,16,5,12,,1,28,7.90968,3.47292,2.27753,1.32698,0.2012,0.0883414,0.11285895854234695,0.256579,1.40072,0.296144,0.726176,,,4.53254,-0.0251677,-0.0510654,999.0,,,,,,,113.10000000000001,3.5343750000000003,116.0,3.625,,,,,,,,,,,,,,,,,,,Orioles,sa3020735,671382
Marc Church,TEX,1,2,0,4.75012,26,0,0,1,,26.0,116,25,15,14,3,14,,1,25,8.6876,4.67696,1.85753,1.17862,0.216833,0.116732,0.10010135173797607,0.242661,1.46547,0.290872,0.705893,,,4.5693,-0.0252293,-0.0768716,999.0,,,,,,,99.5,3.826923076923077,100.0,3.8461538461538463,,,,,,,,,,,,,,,,,,,Rangers,26353,687847
Shaun Anderson,LAA,1,1,0,4.97269,14,0,0,1,,14.0,61,16,8,8,2,4,,0,10,6.17118,2.43558,2.53377,1.5121,0.157136,0.0620168,0.09511935338377953,0.277775,1.39852,0.299331,0.690697,,,4.85739,-0.0252357,-0.0322835,999.0,,,,,,,49.4,3.5285714285714285,56.0,4.0,,,,,,,,,,,,,,,,,,,Angels,19453,641312
Zach Brzykcy,MIA,1,1,0,4.72627,16,0,0,1,,16.0,71,15,9,8,2,8,,1,15,8.56128,4.46287,1.91833,1.24146,0.213931,0.111519,0.10241173952817917,0.246159,1.45549,0.292498,0.70571,,,4.67036,-0.0252455,-0.0268105,999.0,,,,,,,61.80000000000001,3.8625000000000007,61.0,3.8125,,,,,,,,,,,,,,,,,,,Marlins,27783,694350
Domingo Gonzalez,SEA,1,1,0,4.30678,18,0,0,1,,18.0,78,17,9,9,2,8,,1,16,8.11522,3.92424,2.06798,1.13213,0.206936,0.100067,0.10686894506216049,0.240389,1.36006,0.283424,0.714963,,,4.50732,-0.025705,-0.028275,999.0,,,,,,,73.40000000000002,4.077777777777779,73.0,4.055555555555555,,,,,,,,,,,,,,,,,,,Mariners,sa3007495,682445
Troy Taylor,SEA,1,1,0,4.34672,28,0,0,1,,28.0,123,26,15,14,4,13,,2,26,8.33367,4.02574,2.0701,1.13672,0.211324,0.102084,0.10924025624990463,0.242162,1.38264,0.287894,0.714405,,,4.48299,-0.0258384,-0.0771521,999.0,,,,,,,101.40000000000006,3.6214285714285737,99.0,3.5357142857142856,,,,,,,,,,,,,,,,,,,Mariners,31883,700187
Alex Hoppe,SEA,1,1,0,4.22599,22,0,0,1,,22.0,97,21,11,10,3,10,,1,20,7.98829,4.15763,1.92136,1.09617,0.202248,0.105263,0.09698493033647537,0.248295,1.42789,0.293013,0.732187,,,4.43833,-0.0261646,-0.0346481,999.0,,,,,,,82.30000000000001,3.7409090909090916,82.0,3.727272727272727,,,,,,,,,,,,,,,,,,,Mariners,sa3020836,695380
Justin Bruihl,STL,3,3,0,4.07642,54,0,0,10,,54.0,235,53,27,24,6,21,,5,47,7.78214,3.44063,2.26183,1.00454,0.198687,0.0878434,0.11084381490945816,0.250626,1.35481,0.296448,0.719409,,,4.27166,-0.0262629,0.0403513,999.0,,,,,,,244.0,4.518518518518518,248.0,4.592592592592593,,,,,,,,,,,,,,,,,,,Cardinals,23779,677865
Josh Ekness,MIA,1,1,0,4.58898,22,0,0,1,,22.0,98,21,12,11,3,10,,3,19,7.9446,4.21239,1.88601,1.06424,0.197508,0.104723,0.0927853211760521,0.247434,1.42955,0.292298,0.697745,,,4.65718,-0.0263003,-0.0256591,999.0,,,,,,,74.30000000000001,3.377272727272728,74.0,3.3636363636363638,,,,,,,,,,,,,,,,,,,Marlins,sa3023204,694795
Joe La Sorsa,PIT,1,1,0,4.48406,16,0,0,1,,16.0,70,17,9,8,2,6,,1,11,6.14933,3.20206,1.92043,1.16274,0.155672,0.0810612,0.07461100816726685,0.266922,1.41674,0.294645,0.713174,,,4.69102,-0.0271647,-0.0249046,999.0,,,,,,,54.60000000000001,3.4125000000000005,59.0,3.6875,,,,,,,,,,,,,,,,,,,Pirates,25481,686747
Cole Wilcox,SEA,1,1,0,4.25267,25,0,0,1,,25.0,108,25,13,12,3,9,,1,19,7.00039,3.2272,2.16918,1.04029,0.179653,0.0828205,0.09683223813772202,0.25457,1.35628,0.291535,0.708159,,,4.31337,-0.0273582,-0.0556288,999.0,,,,,,,95.1,3.804,98.0,3.92,,,,,,,,,,,,,,,,,,,Mariners,27481,677961
James Karinchak,ATL,2,2,0,4.39219,34,0,0,1,,34.0,148,29,18,17,5,19,,1,39,10.2286,4.94693,2.06767,1.27775,0.26139,0.126418,0.13497258722782135,0.227867,1.40783,0.287905,0.727393,,,4.45327,-0.0276692,-0.0272752,999.0,,,,,,,136.70000000000002,4.0205882352941185,127.0,3.735294117647059,,,,,,,,,,,,,,,,,,,Braves,20151,675916
Kyle Keller,BOS,1,1,0,4.95815,18,0,0,1,,18.0,80,18,11,10,3,9,,1,17,8.2971,4.287,1.93541,1.379,0.207796,0.107366,0.10043075680732727,0.257803,1.48787,0.301316,0.708937,,,4.82184,-0.0277397,-0.0539384,999.0,,,,,,,57.500000000000014,3.194444444444445,59.0,3.2777777777777777,,,,,,,,,,,,,,,,,,,Red Sox,18890,664918
Robinson Ortiz,SEA,2,2,0,4.20223,34,0,0,1,,34.0,149,30,17,16,4,17,,2,32,8.54625,4.54938,1.87855,0.964287,0.216325,0.115155,0.10116975754499435,0.234308,1.40087,0.285112,0.715431,,,4.33344,-0.0282965,-0.0539833,999.0,,,,,,,135.40000000000003,3.9823529411764715,129.0,3.7941176470588234,,,,,,,,,,,,,,,,,,,Mariners,sa3004006,673662
Zach Maxwell,CIN,2,2,0,4.66059,40,0,0,1,,40.0,176,37,22,21,6,22,,1,41,9.26534,4.89081,1.89444,1.29592,0.233486,0.123248,0.11023794114589691,0.237942,1.45677,0.288682,0.719547,,,4.66001,-0.0285849,-0.0295271,999.0,,,,,,,143.0,3.575,139.0,3.475,,,,,,,,,,,,,,,,,,,Reds,31610,687209
Yilber Díaz,ARI,1,1,0,4.30613,22,0,0,1,,22.0,97,21,11,11,3,11,,1,21,8.76984,4.68917,1.87023,1.06581,0.219979,0.117621,0.10235784202814102,0.241598,1.4548,0.294123,0.729273,,,4.41961,-0.029006,0.0032572,999.0,,,,,,,81.30000000000001,3.6954545454545458,81.0,3.6818181818181817,,,,,,,,,,,,,,,,,,,Diamondbacks,29271,700270
Garrett Acton,MIA,1,1,0,4.65406,20,0,0,1,,20.0,87,19,11,10,3,9,,1,19,8.56336,4.00242,2.13954,1.37632,0.217754,0.101776,0.11597836762666702,0.248947,1.41492,0.292635,0.71852,,,4.63708,-0.0293121,-0.0260445,999.0,,,,,,,73.69999999999999,3.6849999999999996,73.0,3.65,,,,,,,,,,,,,,,,,,,Marlins,27583,670183
Scott Blewett,STL,1,1,0,4.37228,24,0,0,1,,24.0,104,25,13,12,3,9,,1,18,6.607,3.21321,2.0562,1.14345,0.168776,0.0820817,0.08669472485780716,0.261248,1.39107,0.292868,0.711551,,,4.49305,-0.0297447,-0.0397991,999.0,,,,,,,85.70000000000002,3.570833333333334,91.0,3.7916666666666665,,,,,,,,,,,,,,,,,,,Cardinals,16427,656240
Carter Baumler,TEX,2,3,0,4.6272,50,0,0,4,,50.0,219,48,28,26,6,23,,2,43,7.7608,4.21056,1.84317,1.12099,0.196431,0.106572,0.08985903114080429,0.247078,1.42844,0.288194,0.692773,,,4.53587,-0.030674,-0.162041,999.0,,,,,,,198.39999999999998,3.9679999999999995,199.0,3.98,,,,,,,,,,,,,,,,,,,Rangers,sa3014480,691945
Triston McKenzie,SDP,1,1,0,4.80486,11,0,0,1,,11.0,48,10,6,6,2,5,,0,11,8.77246,4.4412,1.97525,1.56106,0.221854,0.112317,0.10953687131404877,0.243139,1.43477,0.281957,0.723057,,,5.00674,-0.0311583,-0.0218336,999.0,,,,,,,41.80000000000001,3.800000000000001,40.0,3.6363636363636362,,,,,,,,,,,,,,,,,,,Padres,18000,663474
Eli Morgan,KCR,2,2,0,4.57163,33,0,0,1,,33.0,141,32,18,17,5,12,,1,28,7.66087,3.21149,2.38546,1.33814,0.199011,0.0834268,0.11558447778224945,0.25249,1.33947,0.288376,0.700224,,,4.52175,-0.0312306,-0.0400221,999.0,,,,,,,120.50000000000004,3.6515151515151527,121.0,3.6666666666666665,,,,,,,,,,,,,,,,,,,Royals,20203,669212
Ryan Loutos,SEA,1,1,0,4.38452,24,0,0,1,,24.0,105,24,13,12,3,10,,1,20,7.57679,3.68436,2.05647,1.1445,0.192942,0.0938218,0.09911997616291046,0.251534,1.39477,0.291072,0.715292,,,4.44185,-0.0316612,-0.0706123,999.0,,,,,,,89.30000000000001,3.7208333333333337,92.0,3.8333333333333335,,,,,,,,,,,,,,,,,,,Mariners,29521,702795
Seth Johnson,PHI,1,1,0,4.80786,20,0,0,1,,20.0,88,20,11,11,3,9,,1,18,7.96664,4.12809,1.92986,1.36969,0.200131,0.103702,0.09642869234085083,0.25477,1.4622,0.293406,0.710872,,,4.79543,-0.0319724,-0.0233613,999.0,,,,,,,69.1,3.4549999999999996,71.0,3.55,,,,,,,,,,,,,,,,,,,Phillies,26020,686751
Zach Pop,PHI,2,3,0,4.65184,42,0,0,1,,42.0,184,44,24,22,6,15,,2,33,6.98449,3.23521,2.1589,1.18498,0.177003,0.0819876,0.09501544386148453,0.264199,1.40729,0.299562,0.690512,,,4.54978,-0.0322193,-0.0752934,999.0,,,,,,,141.6,3.3714285714285714,151.0,3.5952380952380953,,,,,,,,,,,,,,,,,,,Phillies,20185,647315
Eduarniel Núñez,ATH,3,3,0,4.53072,50,0,0,4,,50.0,224,46,27,25,6,30,,4,49,8.86809,5.35374,1.65643,1.07954,0.219767,0.132675,0.08709204196929932,0.239107,1.50675,0.292398,0.720148,,,4.73336,-0.0322477,-0.0472168,999.0,,,,,,,188.6,3.772,184.0,3.68,,,,,,,,,,,,,,,,,,,Athletics,23162,674384
Austin Love,STL,1,1,0,4.51636,22,0,0,1,,22.0,97,22,12,11,3,10,,1,19,7.61709,3.95634,1.92529,1.18115,0.191942,0.0996955,0.09224681556224823,0.252445,1.4281,0.291772,0.710859,,,4.62946,-0.0328268,-0.0391129,999.0,,,,,,,77.7,3.5318181818181817,80.0,3.6363636363636362,,,,,,,,,,,,,,,,,,,Cardinals,sa3017609,676153
Rolddy Muñoz,ATL,1,1,0,4.49252,22,0,0,1,,22.0,98,22,12,11,3,11,,1,19,7.97398,4.41444,1.80634,1.0625,0.198465,0.109871,0.0885937288403511,0.251926,1.47631,0.298295,0.716066,,,4.55127,-0.0329724,-0.0283371,999.0,,,,,,,74.7,3.3954545454545455,77.0,3.5,,,,,,,,,,,,,,,,,,,Braves,27407,691548
Logan Gillaspie,SDP,1,1,0,4.51316,24,0,0,1,,24.0,104,25,13,12,3,8,,1,18,6.81017,3.09136,2.20296,1.2595,0.174191,0.079071,0.09511961042881012,0.260317,1.37506,0.290799,0.710766,,,4.58479,-0.0333952,-0.0446321,999.0,,,,,,,88.70000000000002,3.695833333333334,94.0,3.9166666666666665,,,,,,,,,,,,,,,,,,,Padres,22461,670810
Carson Palmquist,COL,1,2,0,5.11952,30,0,0,1,,30.0,134,30,18,17,5,14,,2,29,8.56248,4.26941,2.00554,1.47408,0.212724,0.106068,0.10665591061115265,0.257013,1.48289,0.300743,0.696065,,,5.00685,-0.0340772,-0.0239175,999.0,,,,,,,96.5,3.216666666666667,99.0,3.3,,,,,,,,,,,,,,,,,,,Rockies,31612,687223
Steven Wilson,TBR,2,2,0,4.6888,43,0,0,1,,43.0,184,39,24,22,7,19,,2,42,8.74548,4.00532,2.18346,1.49685,0.227031,0.103978,0.12305357307195663,0.237857,1.34498,0.27731,0.710524,,,4.84353,-0.0350389,-0.0892742,999.0,,,,,,,155.70000000000002,3.62093023255814,149.0,3.4651162790697674,,,,,,,,,,,,,,,,,,,Rays,20353,621051
Mike Clevinger,PIT,2,3,1,4.71008,44,2,0,1,,50.0,218,52,28,26,8,18,,2,40,7.11879,3.19983,2.22474,1.35594,0.181979,0.0817977,0.1001809686422348,0.26175,1.38717,0.293692,0.702073,,,4.72749,-0.0351147,-0.0626173,747.8300170898438,,,,,,,160.40000000000003,3.2080000000000006,170.0,3.4,,,,,,,,,,,,,,,,,,,Pirates,12808,605182
Yovanny Cruz,NYY,1,1,0,5.03647,14,0,0,1,,14.0,63,13,8,8,2,8,,1,13,8.23425,4.82315,1.70724,1.34428,0.202372,0.118538,0.08383431285619736,0.244236,1.48617,0.283355,0.693864,,,5.13762,-0.0352187,-0.0409821,999.0,,,,,,,48.20000000000003,3.4428571428571453,47.0,3.357142857142857,,,,,,,,,,,,,,,,,,,Yankees,sa3002951,672442
Tejay Antone,CIN,1,1,0,5.13991,24,0,0,1,,24.0,108,25,15,14,3,11,,2,19,7.25484,4.16373,1.74239,1.28852,0.17888,0.102664,0.07621648162603378,0.262683,1.50541,0.297838,0.68217,,,4.99404,-0.0353057,-0.0696434,999.0,,,,,,,78.70000000000002,3.2791666666666672,84.0,3.5,,,,,,,,,,,,,,,,,,,Reds,16233,622088
Jayvien Sandridge,LAA,1,1,0,4.67057,20,0,0,1,,20.0,90,18,11,10,3,13,,1,21,9.54205,5.79094,1.64776,1.20214,0.23453,0.142333,0.09219691157341003,0.233556,1.53516,0.288906,0.723211,,,4.85905,-0.0357516,-0.0326916,999.0,,,,,,,68.3,3.415,65.0,3.25,,,,,,,,,,,,,,,,,,,Angels,25158,682144
Matt Pushard,STL,3,3,0,4.21726,50,0,0,4,,50.0,215,49,25,23,7,19,,2,43,7.72932,3.36839,2.29466,1.18383,0.19974,0.0870455,0.11269476264715195,0.250208,1.34666,0.290353,0.723912,,,4.36744,-0.0366067,0.00926062,999.0,,,,,,,195.49999999999997,3.9099999999999993,198.0,3.96,,,,,,,,,,,,,,,,,,,Cardinals,sa3019955,690155
Cam Sanders,PIT,1,2,0,4.74893,34,0,0,1,,34.0,154,32,19,18,4,21,,2,32,8.46582,5.43552,1.5575,1.0555,0.207032,0.132926,0.07410584390163422,0.243901,1.54701,0.294015,0.709925,,,4.80921,-0.0366344,-0.0491166,999.0,,,,,,,118.20000000000003,3.476470588235295,117.0,3.4411764705882355,,,,,,,,,,,,,,,,,,,Pirates,23479,676742
Alek Jacob,SDP,1,2,0,4.70237,35,0,0,1,,35.0,153,34,20,18,5,15,,3,30,7.80822,3.82386,2.04197,1.31658,0.198296,0.0971099,0.10118585079908371,0.24778,1.38586,0.284411,0.701125,,,4.79209,-0.0373588,-0.0974876,999.0,,,,,,,119.1,3.4028571428571426,120.0,3.4285714285714284,,,,,,,,,,,,,,,,,,,Padres,29628,689690
Gavin Hollowell,CHC,1,2,0,4.49156,30,0,0,1,,30.0,132,27,16,15,4,15,,2,29,8.63631,4.36869,1.97686,1.11641,0.21814,0.110346,0.10779336839914322,0.23803,1.39934,0.286613,0.700482,,,4.50677,-0.0375331,-0.0375658,999.0,,,,,,,113.60000000000001,3.786666666666667,109.0,3.6333333333333333,,,,,,,,,,,,,,,,,,,Cubs,25427,668970
Jayden Murray,HOU,1,1,0,4.59764,26,0,0,1,,26.0,114,26,14,13,4,11,,2,22,7.57763,3.69319,2.05178,1.2482,0.191741,0.0934508,0.09829017519950867,0.253404,1.3986,0.29102,0.703014,,,4.72788,-0.0376314,-0.042266,999.0,,,,,,,84.6,3.253846153846154,87.0,3.3461538461538463,,,,,,,,,,,,,,,,,,,Astros,26482,681151
Cade Gibson,MIA,2,2,0,4.25164,40,0,0,1,,40.0,176,40,21,19,5,16,,3,31,7.00327,3.54661,1.97464,1.01703,0.177322,0.0897999,0.08752264082431793,0.257554,1.40111,0.29615,0.713987,,,4.48267,-0.0377598,-0.0221532,999.0,,,,,,,139.5,3.4875,144.0,3.6,,,,,,,,,,,,,,,,,,,Marlins,31815,806188
Paul Gervase,LAD,2,2,0,4.66248,33,0,0,1,,33.0,144,29,19,17,5,17,,2,35,9.50236,4.57133,2.07869,1.38581,0.241563,0.11621,0.12535375356674194,0.234234,1.39917,0.284095,0.708165,,,4.7227,-0.0379272,-0.0752959,999.0,,,,,,,124.30000000000004,3.766666666666668,117.0,3.5454545454545454,,,,,,,,,,,,,,,,,,,Dodgers,31571,801434
Bailey Horn,DET,2,2,0,4.40244,32,0,0,1,,32.0,141,31,17,16,4,15,,1,29,8.08247,4.33527,1.86435,1.15372,0.204204,0.109531,0.09467312693595886,0.248414,1.44524,0.292844,0.725727,,,4.56256,-0.0385529,-0.0452672,999.0,,,,,,,121.00000000000003,3.781250000000001,122.0,3.8125,,,,,,,,,,,,,,,,,,,Tigers,27753,690544
Ryan Harbin,PIT,1,1,0,4.59355,24,0,0,1,,24.0,109,23,13,12,3,14,,2,23,8.56583,5.43638,1.57565,1.05011,0.20962,0.133037,0.07658277451992035,0.245989,1.55513,0.298222,0.722704,,,4.77054,-0.0390534,-0.0224458,999.0,,,,,,,82.90000000000002,3.4541666666666675,83.0,3.4583333333333335,,,,,,,,,,,,,,,,,,,Pirates,sa3011733,689877
Juan Morillo,ARI,3,2,0,4.23938,54,0,0,7,,54.0,243,53,28,25,6,29,,2,49,8.20159,4.81069,1.70487,0.926687,0.202753,0.118926,0.0838271901011467,0.250157,1.51435,0.302095,0.730924,,,4.38428,-0.0392005,-0.0224135,999.0,,,,,,,221.0,4.092592592592593,225.0,4.166666666666667,,,,,,,,,,,,,,,,,,,Diamondbacks,21924,666661
Juan Burgos,ARI,1,1,0,4.58857,23,0,0,1,,23.0,102,23,13,12,3,10,,2,18,7.19715,4.0199,1.79038,1.15953,0.180314,0.100713,0.0796014815568924,0.259373,1.4634,0.296812,0.71063,,,4.7555,-0.0408549,-0.0417653,999.0,,,,,,,77.50000000000001,3.369565217391305,80.0,3.4782608695652173,,,,,,,,,,,,,,,,,,,Diamondbacks,27271,686228
Sam Bachman,LAA,3,4,0,4.45306,56,0,2,9,,56.0,249,56,30,28,6,26,,4,48,7.67422,4.19326,1.83013,1.01169,0.191975,0.104897,0.08707816898822784,0.255045,1.46316,0.300456,0.709957,,,4.48591,-0.0412116,-0.064676,999.0,,,,,,,247.00000000000003,4.4107142857142865,254.0,4.535714285714286,,,,,,,,,,,,,,,,,,,Angels,29754,696147
Luis Mey,CIN,2,3,0,4.96369,36,0,0,1,,36.0,164,34,22,20,5,22,,3,34,8.49943,5.52909,1.53722,1.16634,0.207598,0.135048,0.07255041599273682,0.24589,1.56423,0.294109,0.696859,,,4.98918,-0.042444,-0.0901073,999.0,,,,,,,113.50000000000003,3.1527777777777786,112.0,3.111111111111111,,,,,,,,,,,,,,,,,,,Reds,25620,682825
Enmanuel De Jesus,DET,2,2,0,4.33397,42,0,0,1,,42.0,184,42,22,20,5,17,,2,33,7.02094,3.66799,1.91411,1.149,0.178254,0.0931265,0.08512788265943527,0.255817,1.41015,0.290537,0.723328,,,4.60605,-0.0446424,-0.0518809,999.0,,,,,,,153.10000000000002,3.6452380952380956,158.0,3.761904761904762,,,,,,,,,,,,,,,,,,,Tigers,18554,646241
Luis Guerrero,TBR,1,1,0,4.85129,18,0,0,1,,18.0,80,17,10,10,3,10,,1,16,7.9976,5.04393,1.58559,1.2835,0.199594,0.12588,0.0737142413854599,0.242861,1.48988,0.281432,0.707501,,,5.08712,-0.0458509,-0.0358281,999.0,,,,,,,55.10000000000001,3.061111111111112,54.0,3.0,,,,,,,,,,,,,,,,,,,Rays,31184,692285
Tyson Miller,CHW,1,1,0,5.15943,24,0,0,1,,24.0,107,24,15,14,4,11,,2,20,7.33309,4.16762,1.75954,1.3718,0.182733,0.103853,0.07888004928827286,0.257037,1.4736,0.289486,0.684867,,,5.06945,-0.0460086,-0.0985421,999.0,,,,,,,71.00000000000003,2.9583333333333344,73.0,3.0416666666666665,,,,,,,,,,,,,,,,,,,White Sox,19976,668338
Cade Winquest,NYY,1,2,0,4.86777,30,0,0,1,,30.0,132,30,18,16,4,12,,2,24,7.11924,3.50893,2.02889,1.33233,0.179718,0.0885792,0.0911385715007782,0.255599,1.39812,0.286205,0.68355,,,4.84826,-0.0467833,-0.114193,999.0,,,,,,,104.80000000000001,3.4933333333333336,108.0,3.6,,,,,,,,,,,,,,,,,,,Yankees,sa3020805,685464
Samy Natera Jr.,LAA,1,2,0,4.90941,25,0,0,1,,25.0,112,23,15,14,4,14,,2,25,9.15146,5.18277,1.76575,1.36086,0.226548,0.128301,0.09824660420417786,0.2429,1.50921,0.292445,0.708313,,,5.0047,-0.0485071,-0.0787669,999.0,,,,,,,82.00000000000001,3.2800000000000007,79.0,3.16,,,,,,,,,,,,,,,,,,,Angels,sa3020862,696519
Tayron Guerrero,BOS,2,2,0,4.86412,34,0,0,1,,34.0,151,36,20,18,5,15,,2,26,6.95202,3.88763,1.78824,1.219,0.173955,0.0972771,0.07667791843414307,0.268999,1.49686,0.304653,0.701415,,,4.79626,-0.04949,-0.0790426,999.0,,,,,,,101.50000000000003,2.9852941176470598,110.0,3.235294117647059,,,,,,,,,,,,,,,,,,,Red Sox,11691,594027
William Kempner,MIA,1,2,0,4.78787,24,0,0,1,,24.0,108,23,14,13,3,13,,2,22,8.36557,4.86525,1.71945,1.19293,0.20716,0.12048,0.08667971938848495,0.246203,1.48755,0.292512,0.698951,,,4.92116,-0.0500943,-0.0551389,999.0,,,,,,,83.90000000000002,3.495833333333334,84.0,3.5,,,,,,,,,,,,,,,,,,,Marlins,sa3020527,687531
Brandan Bidois,PIT,3,4,0,4.48413,52,0,0,7,,52.0,230,49,28,26,7,26,,2,48,8.38426,4.48822,1.86806,1.167,0.210994,0.112948,0.09804566204547882,0.24482,1.44725,0.291082,0.719212,,,4.57972,-0.0507608,-0.0435333,999.0,,,,,,,211.30000000000004,4.06346153846154,209.0,4.019230769230769,,,,,,,,,,,,,,,,,,,Pirates,sa3015277,684049
Andrew Hoffmann,ARI,4,3,0,4.11925,58,0,1,10,,58.0,252,58,29,27,7,22,,2,51,7.98406,3.38394,2.3594,1.11265,0.204304,0.0865916,0.11771246790885925,0.252696,1.36803,0.297905,0.730015,,,4.21713,-0.0529752,0.113556,999.0,,,,,,,267.3,4.608620689655172,274.0,4.724137931034483,,,,,,,,,,,,,,,,,,,Diamondbacks,29633,694851
Spencer Bivens,SFG,3,4,0,4.22721,70,0,0,14,,70.0,305,73,36,33,8,23,,4,52,6.73717,2.90021,2.32299,1.01819,0.17202,0.074051,0.09796911478042603,0.261612,1.36095,0.297736,0.706346,,,4.25255,-0.0554947,-0.0634766,999.0,,,,,,,308.8,4.411428571428572,325.0,4.642857142857143,,,,,,,,,,,,,,,,,,,Giants,30226,702352
Ryan Rolison,CHC,1,2,0,4.47892,36,0,0,1,,36.0,157,37,20,18,5,14,,1,27,6.81924,3.43968,1.98252,1.22273,0.174129,0.087832,0.08629687130451202,0.259512,1.40552,0.290999,0.710608,,,4.61002,-0.0580437,-0.0699672,999.0,,,,,,,121.70000000000003,3.3805555555555564,128.0,3.5555555555555554,,,,,,,,,,,,,,,,,,,Cubs,22200,669020
Dan Altavilla,MIN,1,2,0,4.7076,42,0,0,1,,42.0,186,41,24,22,5,21,,3,35,7.52372,4.41258,1.70506,1.15856,0.188941,0.110812,0.07812903076410294,0.255655,1.47793,0.296332,0.703188,,,4.82061,-0.058084,-0.102565,999.0,,,,,,,144.70000000000002,3.4452380952380954,147.0,3.5,,,,,,,,,,,,,,,,,,,Twins,16507,656186
Gavin Collyer,TEX,1,2,0,5.07907,28,0,0,1,,28.0,127,26,17,16,4,16,,3,27,8.70469,5.19243,1.67642,1.24508,0.212913,0.127005,0.08590857684612274,0.240192,1.50563,0.286263,0.684135,,,5.02779,-0.060824,-0.109061,999.0,,,,,,,91.40000000000006,3.2642857142857165,89.0,3.1785714285714284,,,,,,,,,,,,,,,,,,,Rangers,sa3011742,686560
Lucas Sims,CHW,1,1,0,5.71476,14,0,0,1,,14.0,64,13,9,9,2,9,,2,13,8.56573,5.94227,1.44149,1.45568,0.207074,0.143652,0.06342142820358276,0.243124,1.5845,0.283665,0.669289,,,5.7182,-0.0608506,-0.0650174,999.0,,,,,,,42.20000000000003,3.0142857142857165,41.0,2.9285714285714284,,,,,,,,,,,,,,,,,,,White Sox,13470,608371
Walbert Urena,LAA,2,2,0,4.91768,38,0,0,1,,38.0,171,39,23,21,5,19,,2,29,6.76586,4.52204,1.4962,1.10262,0.167109,0.111689,0.05541960895061493,0.263348,1.53923,0.298522,0.691427,,,4.90945,-0.0618715,-0.125915,999.0,,,,,,,117.29999999999998,3.0868421052631576,124.0,3.263157894736842,,,,,,,,,,,,,,,,,,,Angels,sa3018298,700712
Carlos Vargas,SEA,3,3,0,4.04653,56,0,0,10,,56.0,242,55,28,25,6,20,,3,44,7.07338,3.28213,2.15512,0.953952,0.18212,0.0845059,0.09761421382427216,0.251638,1.3452,0.29106,0.712349,,,4.19797,-0.0627002,-0.11573,999.0,,,,,,,256.6,4.582142857142857,261.0,4.660714285714286,,,,,,,,,,,,,,,,,,,Mariners,22915,672841
Chad Green,,1,2,0,4.61666,30,0,0,0,,30.0,130,31,17,15,5,10,,1,26,7.75647,3.06358,2.53183,1.55195,0.198835,0.0785339,0.12030062079429626,0.257192,1.35928,0.289155,0.71952,,,4.77168,-0.0636886,-0.145275,999.0,,,,,,,98.9,3.296666666666667,104.0,3.466666666666667,,,,,,,,,,,,,,,,,,,,15552,643338
Peyton Pallette,CLE,2,2,0,4.40753,48,0,0,4,,48.0,209,45,25,24,7,21,,3,47,8.74265,3.92999,2.2246,1.27231,0.222864,0.100182,0.12268207222223282,0.240463,1.36407,0.286458,0.714364,,,4.53602,-0.0644144,-0.0638935,999.0,,,,,,,190.10000000000002,3.960416666666667,187.0,3.8958333333333335,,,,,,,,,,,,,,,,,,,Guardians,sa3020742,688883
Bradley Blalock,MIA,1,2,0,5.00348,26,0,0,1,,26.0,115,28,16,14,4,10,,1,18,6.2147,3.43656,1.80841,1.35886,0.15624,0.0863962,0.06984341889619827,0.271268,1.4688,0.295684,0.692793,,,4.95493,-0.0659162,-0.0844249,999.0,,,,,,,77.39999999999999,2.9769230769230766,85.0,3.269230769230769,,,,,,,,,,,,,,,,,,,Marlins,26419,687134
Caleb Kilian,SFG,2,3,0,4.37917,50,0,0,4,,50.0,219,53,26,24,6,16,,3,37,6.67483,2.96718,2.24956,1.04459,0.169657,0.0754181,0.09423904120922089,0.263925,1.38029,0.299246,0.700207,,,4.33298,-0.0670193,-0.0635993,999.0,,,,,,,191.39999999999998,3.8279999999999994,205.0,4.1,,,,,,,,,,,,,,,,,,,Giants,26213,668873
Michael Kelly,ATH,4,4,0,4.36743,58,0,3,10,,58.0,252,56,31,28,8,25,,3,50,7.75998,3.91349,1.98288,1.18028,0.198317,0.100015,0.09830255061388016,0.251413,1.40695,0.29269,0.718888,,,4.55867,-0.0717834,-0.018694,999.0,,,,,,,256.20000000000005,4.4172413793103456,257.0,4.431034482758621,,,,,,,,,,,,,,,,,,,Athletics,12791,547184
Joel Peguero,SFG,2,2,0,4.40585,44,0,5,1,,44.0,194,45,23,22,5,18,,2,34,7.01955,3.76866,1.86261,1.02491,0.1771,0.0950817,0.08201867341995239,0.258089,1.43454,0.296486,0.711057,,,4.46005,-0.0776332,-0.0590825,999.0,,,,,,,184.10000000000002,4.1840909090909095,192.0,4.363636363636363,,,,,,,,,,,,,,,,,,,Giants,21951,666711
Brandyn Garcia,ARI,3,3,0,4.16986,46,0,0,4,,46.0,204,45,23,21,5,20,,5,40,7.7969,3.94641,1.97569,0.939999,0.195233,0.0988174,0.09641534835100174,0.250586,1.41479,0.29804,0.716963,,,4.38424,-0.0800505,0.0483546,999.0,,,,,,,182.90000000000003,3.97608695652174,186.0,4.043478260869565,,,,,,,,,,,,,,,,,,,Diamondbacks,33568,805299
Christian Roa,HOU,3,3,0,4.42925,46,0,0,1,,46.0,203,43,25,23,6,24,,3,44,8.52812,4.61997,1.84593,1.21523,0.214263,0.116074,0.09818975627422333,0.242863,1.44585,0.28925,0.726586,,,4.74357,-0.0810804,-0.0817549,999.0,,,,,,,165.8,3.604347826086957,163.0,3.5434782608695654,,,,,,,,,,,,,,,,,,,Astros,27662,685005
Ryan Zeferjahn,LAA,4,4,0,4.45218,59,0,1,12,,59.0,259,52,31,29,8,31,,5,65,9.96208,4.69923,2.11994,1.27555,0.25227,0.118999,0.1332714855670929,0.230813,1.39528,0.288609,0.723302,,,4.57829,-0.0864992,-0.0049072,999.0,,,,,,,278.00000000000006,4.711864406779662,266.0,4.508474576271187,,,,,,,,,,,,,,,,,,,Angels,25420,666171
Orlando Ribalta,WSN,2,2,0,4.80315,48,0,0,4,,48.0,215,47,28,26,7,25,,2,44,8.23712,4.69481,1.75452,1.28683,0.204416,0.116509,0.0879075825214386,0.249321,1.49595,0.291733,0.707917,,,4.87193,-0.0910228,-0.153804,999.0,,,,,,,169.90000000000003,3.539583333333334,172.0,3.5833333333333335,,,,,,,,,,,,,,,,,,,Nationals,26247,687377
Luis Peralta,COL,2,3,0,5.39312,40,0,0,1,,40.0,185,41,26,24,6,24,,3,38,8.54636,5.39698,1.58355,1.34042,0.205494,0.129768,0.07572565972805023,0.258552,1.6203,0.30597,0.689764,,,5.1927,-0.0932129,-0.0849535,999.0,,,,,,,114.6,2.8649999999999998,121.0,3.025,,,,,,,,,,,,,,,,,,,Rockies,24203,678821
Connor Seabold,DET,2,3,0,4.74519,50,0,0,4,,50.0,219,52,28,26,8,16,,4,40,7.28242,2.93451,2.48165,1.37354,0.184338,0.0742805,0.11005738377571106,0.258104,1.35608,0.289673,0.688945,,,4.69722,-0.097467,-0.150423,999.0,,,,,,,172.40000000000003,3.448000000000001,182.0,3.64,,,,,,,,,,,,,,,,,,,Tigers,19695,657756
Drew Smith,,2,2,0,4.55531,37,0,0,0,,37.0,161,35,20,19,6,16,,1,37,9.00095,3.9963,2.25232,1.4298,0.230091,0.102157,0.12793386727571487,0.243449,1.38554,0.288967,0.718468,,,4.63773,-0.109043,-0.0714207,999.0,,,,,,,132.0,3.5675675675675675,130.0,3.5135135135135136,,,,,,,,,,,,,,,,,,,,17755,622098
George Soriano,STL,3,3,0,4.39295,58,0,0,12,,58.0,252,55,31,28,8,23,,4,54,8.43989,3.63851,2.3196,1.19962,0.216216,0.0932126,0.1230035126209259,0.245072,1.35131,0.291324,0.706663,,,4.41099,-0.126125,-0.10643,999.0,,,,,,,262.80000000000007,4.5310344827586215,261.0,4.5,,,,,,,,,,,,,,,,,,,Cardinals,21863,666277
Roddery Muñoz,HOU,3,3,0,4.56768,54,0,0,10,,54.0,236,50,30,27,9,25,,2,55,9.13988,4.18081,2.18615,1.46062,0.232768,0.106474,0.12629391252994537,0.241429,1.39456,0.287075,0.724562,,,4.74603,-0.160905,-0.183764,999.0,,,,,,,227.90000000000003,4.220370370370371,222.0,4.111111111111111,,,,,,,,,,,,,,,,,,,Astros,25311,682610
Wikelman González,CHW,2,3,0,4.95476,45,0,0,4,,45.0,203,43,27,25,7,26,,3,44,8.72565,5.2187,1.672,1.38201,0.214781,0.128458,0.08632339537143707,0.244908,1.52774,0.289131,0.714215,,,5.12316,-0.169378,-0.214047,999.0,,,,,,,152.09999999999997,3.3799999999999994,151.0,3.3555555555555556,,,,,,,,,,,,,,,,,,,White Sox,26641,682790
Hunter Strickland,,1,2,0,4.96037,32,0,0,0,,32.0,141,32,19,18,5,14,,1,25,7.0032,4.06654,1.72215,1.32732,0.176843,0.102687,0.07415603846311569,0.259335,1.464,0.290425,0.693451,,,4.98776,-0.239893,-0.251427,999.0,,,,,,,97.10000000000001,3.0343750000000003,100.0,3.125,,,,,,,,,,,,,,,,,,,,7836,519326
Cole Winn,TEX,3,4,0,4.63829,63,0,4,12,,63.0,277,60,35,32,8,30,,3,54,7.70745,4.33033,1.77988,1.14417,0.194976,0.109545,0.08543157577514648,0.245272,1.42802,0.284931,0.699144,,,4.6703,-0.252274,-0.394717,999.0,,,,,,,288.80000000000007,4.584126984126986,288.0,4.571428571428571,,,,,,,,,,,,,,,,,,,Rangers,22113,668390
Zach Agnos,COL,3,4,0,5.12693,60,0,4,11,,60.0,262,63,37,34,10,24,,2,48,7.1995,3.62719,1.98487,1.47482,0.182981,0.0921881,0.09079311788082123,0.268676,1.46086,0.300654,0.690163,,,4.96905,-0.254228,-0.0776166,742.8200073242188,,,,,,,239.2,3.9866666666666664,252.0,4.2,,,,,,,,,,,,,,,,,,,Rockies,31552,688642
Cole Henry,WSN,2,3,0,4.94162,64,0,14,9,,64.0,286,59,38,35,9,35,,7,60,8.49482,4.88413,1.73927,1.30082,0.211423,0.121558,0.08986426889896393,0.240267,1.45736,0.283295,0.693475,,,5.09868,-0.452766,-0.525597,734.9199829101562,,,,,,,309.5,4.8359375,303.0,4.734375,,,,,,,,,,,,,,,,,,,Nationals,27570,669371
