Name,Team,W,L,QS,ERA,G,GS,SV,HLD,BS,IP,TBF,H,R,ER,HR,BB,IBB,HBP,SO,K/9,BB/9,K/BB,HR/9,K%,BB%,K-BB%,AVG,WHIP,BABIP,LOB%,GB%,HR/FB,FIP,WAR,RA9-WAR,ADP,InterSD,InterSK,IntraSD,Vol,Skew,Dim,FPTS,FPTS/IP,SPTS,SPTS/IP,P10,P20,P30,P40,P50,P60,P70,P80,P90,TT10,TT20,TT30,TT40,TT50,TT60,TT70,TT80,TT90,NameASCII,PlayerId,MLBAMID
Tarik Skubal,DET,14.9364,7.34838,14.9482,2.60992,29.362,29.362,0.0,0.0,,188.109,738.531,141.636,58.45,54.55,15.7322,36.9581,0.487672,7.26987,233.356,11.1648,1.76825,6.31408,0.752701,0.315974,0.0500428,0.26593127846717834,0.203997,0.949417,0.282794,0.767355,,,2.44665,6.80694,6.39166,6.909999847412109,,,,,,,1159.2,6.165957446808511,1066.0,5.670212765957447,,,,,,,,,,,,,,,,,,,Tigers,22267,669373
Paul Skenes,PIT,13.3712,8.62407,14.447,3.08996,29.889,29.889,0.0,0.0,,185.012,746.897,150.026,67.96,63.52,17.1828,47.6327,0.460892,5.10788,220.606,10.7315,2.31712,4.6314,0.835865,0.295364,0.0637741,0.23158951848745346,0.216127,1.06836,0.291089,0.747101,,,2.81292,5.80826,4.95502,9.65999984741211,,,,,,,1052.9,5.691351351351352,987.0,5.335135135135135,,,,,,,,,,,,,,,,,,,Pirates,33677,694973
Logan Webb,SFG,13.6291,9.11988,16.163,3.26007,30.186,30.186,0.0,0.0,,195.373,800.68,178.881,76.17,70.77,15.2089,47.8775,0.826892,5.66281,192.754,8.87935,2.20551,4.02598,0.700608,0.240738,0.059796,0.1809416525065899,0.239421,1.16064,0.303559,0.732912,,,2.99606,5.22181,4.73114,57.72999954223633,,,,,,,1017.1,5.215897435897436,1004.0,5.148717948717949,,,,,,,,,,,,,,,,,,,Giants,17995,657277
Cristopher Sánchez,PHI,14.4068,7.70819,15.238,3.08021,29.348,29.348,0.0,0.0,,187.877,761.499,165.33,69.35,64.3,14.0964,44.4494,0.474586,6.02344,191.662,9.18133,2.12929,4.31192,0.675269,0.251691,0.058371,0.19331999123096466,0.232523,1.11658,0.299315,0.738929,,,2.87617,5.21142,5.05706,25.170000076293945,,,,,,,1024.0,5.446808510638298,992.0,5.276595744680851,,,,,,,,,,,,,,,,,,,Phillies,20778,650911
Garrett Crochet,BOS,13.1388,8.47259,14.6182,3.26996,29.213,29.213,0.0,0.0,,183.03,738.588,151.794,71.47,66.5,21.0147,42.1604,0.529711,6.22546,217.71,10.7053,2.07312,5.16385,1.03334,0.294765,0.0570824,0.2376825474202633,0.219927,1.05969,0.28967,0.744433,,,3.04187,5.14858,4.47315,12.100000381469727,,,,,,,992.7,5.424590163934426,934.0,5.103825136612022,,,,,,,,,,,,,,,,,,,Red Sox,27463,676979
Chris Sale,ATL,10.8832,7.73632,12.4099,3.56009,25.58,25.58,0.0,0.0,,156.965,646.997,129.95,66.56,62.09,16.9735,42.1274,0.412842,12.0481,204.004,11.6971,2.41548,4.84255,0.973222,0.315309,0.0651122,0.25019680708646774,0.219207,1.09628,0.303829,0.711445,,,2.97698,4.49069,3.15161,39.209999084472656,,,,,,,860.7,5.482165605095542,810.0,5.159235668789809,,,,,,,,,,,,,,,,,,,Braves,10603,519242
Bryan Woo,SEA,13.2054,8.43939,14.7409,3.40021,29.289,29.289,0.0,0.0,,183.483,735.852,151.2,73.89,69.32,24.4158,37.0591,0.489073,7.46589,189.415,9.29096,1.81778,5.11115,1.19762,0.257409,0.0503622,0.20704641565680504,0.21871,1.02603,0.265519,0.742286,,,3.52837,4.33829,4.13224,34.900001525878906,,,,,,,912.4,4.9857923497267755,849.0,4.639344262295082,,,,,,,,,,,,,,,,,,,Mariners,30279,693433
Max Fried,NYY,13.5825,7.72125,14.4151,3.24991,28.697,28.697,0.0,0.0,,180.199,742.059,151.869,69.92,65.07,14.6364,55.6133,0.472282,9.41602,173.752,8.67801,2.7776,3.12429,0.731012,0.234149,0.0749446,0.15920395404100418,0.224316,1.15141,0.280845,0.735661,,,3.34522,4.24511,4.37896,50.09000015258789,,,,,,,905.3,5.029444444444445,858.0,4.766666666666667,,,,,,,,,,,,,,,,,,,Yankees,13743,608331
Dylan Cease,TOR,12.2699,8.26693,12.3585,3.36977,29.086,29.086,0.0,0.0,,168.955,693.675,130.309,67.64,63.26,18.5217,62.5392,0.580306,4.41417,200.036,10.6556,3.33138,3.19856,0.986626,0.288371,0.0901563,0.1982143446803093,0.207922,1.14142,0.273878,0.750119,,,3.38118,4.15346,3.84737,74.2699966430664,,,,,,,877.9000000000001,5.194674556213018,797.0,4.715976331360947,,,,,,,,,,,,,,,,,,,Blue Jays,18525,656302
Jesús Luzardo,PHI,12.1317,8.91641,13.6352,3.68018,29.343,29.343,0.0,0.0,,176.054,729.324,153.356,77.72,71.99,20.8575,51.899,0.490941,7.07476,195.103,9.97381,2.65311,3.75929,1.06625,0.267513,0.0711605,0.19635207206010818,0.22877,1.16586,0.291597,0.724406,,,3.4638,4.06196,3.2181,71.11000061035156,,,,,,,859.3000000000002,4.882386363636365,820.0,4.659090909090909,,,,,,,,,,,,,,,,,,,Phillies,19959,666200
Cole Ragans,KCR,10.7825,8.04284,11.6229,3.40973,26.451,26.451,0.0,0.0,,155.757,636.094,118.257,62.97,59.01,19.7729,51.083,0.508591,7.11113,197.53,11.4137,2.95169,3.86685,1.14253,0.310536,0.0803073,0.23022900521755219,0.204633,1.08721,0.273115,0.750894,,,3.36992,3.95917,3.5278,47.779998779296875,,,,,,,823.6000000000001,5.27948717948718,742.0,4.756410256410256,,,,,,,,,,,,,,,,,,,Royals,21846,666142
Logan Gilbert,SEA,11.6696,8.55205,12.6753,3.58024,28.422,28.422,0.0,0.0,,167.796,676.407,136.165,71.36,66.75,24.9933,39.7236,0.523125,6.24211,204.699,10.9793,2.13064,5.15308,1.34055,0.302627,0.0587273,0.24389934167265892,0.215984,1.04823,0.27741,0.741874,,,3.45345,3.88955,3.44847,37.11000061035156,,,,,,,854.1,5.083928571428571,787.0,4.684523809523809,,,,,,,,,,,,,,,,,,,Mariners,22250,669302
Yoshinobu Yamamoto,LAD,12.9022,6.37627,12.4927,3.37027,26.498,26.498,0.0,0.0,,161.159,660.59,133.561,64.48,60.35,15.9766,51.7974,0.395756,4.13379,178.74,9.98181,2.89265,3.45075,0.89222,0.270576,0.0784108,0.19216539710760117,0.220888,1.15016,0.286833,0.741626,,,3.24689,3.86386,3.7585,26.639999389648438,,,,,,,836.2000000000002,5.193788819875778,787.0,4.888198757763975,,,,,,,,,,,,,,,,,,,Dodgers,33825,808967
Framber Valdez,DET,12.8581,8.65192,15.4172,3.34977,28.534,28.534,0.0,0.0,,185.144,764.955,159.559,74.54,68.91,14.2962,59.445,0.506307,9.95083,169.316,8.2306,2.88967,2.84829,0.694949,0.221342,0.0777105,0.14363116025924683,0.229397,1.18289,0.283747,0.725989,,,3.43439,3.8118,4.15688,81.8499984741211,,,,,,,911.8,4.9286486486486485,874.0,4.724324324324324,,,,,,,,,,,,,,,,,,,Tigers,17295,664285
George Kirby,SEA,11.3144,8.65037,12.6455,3.71021,28.071,28.071,0.0,0.0,,165.969,679.729,150.52,73.09,68.42,19.9362,35.2625,0.445615,7.10597,161.524,8.75894,1.91218,4.5806,1.08108,0.237629,0.0518774,0.18575208261609077,0.236162,1.11938,0.286432,0.713824,,,3.51611,3.80296,3.09605,64.55999755859375,,,,,,,787.8000000000001,4.7457831325301205,768.0,4.626506024096385,,,,,,,,,,,,,,,,,,,Mariners,25436,669923
Jacob deGrom,TEX,10.8444,8.00883,12.2159,3.45998,26.091,26.091,0.0,0.0,,157.865,633.263,124.792,64.37,60.69,20.0731,40.7319,0.45072,2.58859,175.694,10.0165,2.32215,4.31343,1.14438,0.277443,0.0643207,0.21312234550714493,0.211533,1.04852,0.265666,0.736084,,,3.38549,3.7915,3.55244,49.970001220703125,,,,,,,818.2,5.178481012658228,750.0,4.746835443037975,,,,,,,,,,,,,,,,,,,Rangers,10954,594798
Hunter Brown,HOU,11.786,9.4453,14.1828,3.7398,29.335,29.335,0.0,0.0,,178.999,746.323,154.511,79.25,74.38,19.7764,61.7611,0.550453,6.89429,189.44,9.52497,3.10533,3.0673,0.994349,0.253831,0.0827539,0.17107727378606796,0.228005,1.20823,0.287618,0.72658,,,3.60541,3.71259,3.30918,36.400001525878906,,,,,,,846.6000000000001,4.729608938547487,806.0,4.5027932960893855,,,,,,,,,,,,,,,,,,,Astros,25880,686613
Sonny Gray,BOS,11.0935,9.00921,12.9385,3.72022,28.131,28.131,0.0,0.0,,167.845,693.269,150.407,74.66,69.38,20.1191,46.052,0.420522,4.87996,171.127,9.17597,2.46935,3.71595,1.0788,0.24684,0.0664273,0.180413156747818,0.234156,1.17048,0.288828,0.723734,,,3.56464,3.5622,3.01264,137.82000732421875,,,,,,,796.2,4.739285714285715,769.0,4.5773809523809526,,,,,,,,,,,,,,,,,,,Red Sox,12768,543243
Joe Ryan,MIN,9.9093,10.0849,13.3365,4.13001,27.988,27.988,0.0,0.0,,168.145,696.275,150.386,82.58,77.16,26.9769,40.8246,0.440928,7.43053,186.287,9.97106,2.18515,4.56311,1.44395,0.267548,0.0586329,0.20891515910625458,0.23207,1.13718,0.283858,0.707954,,,3.866,3.51779,2.16974,78.80999755859375,,,,,,,749.0999999999999,4.4589285714285705,717.0,4.267857142857143,,,,,,,,,,,,,,,,,,,Twins,21390,657746
Zack Wheeler,PHI,9.76688,5.62864,10.28,3.18008,20.807,20.807,0.0,0.0,,129.846,524.401,99.4509,49.19,45.88,14.8507,37.8696,0.321613,5.27598,155.486,10.7772,2.62485,4.10583,1.02934,0.296502,0.0722149,0.2242875024676323,0.206649,1.05756,0.272097,0.756293,,,3.22388,3.5039,3.34112,111.97000122070312,,,,,,,701.1,5.393076923076923,636.0,4.892307692307693,,,,,,,,,,,,,,,,,,,Phillies,10310,554430
Chase Burns,CIN,7.78694,8.17569,5.03762,3.43822,27.735,22.423,0.0,0.6526,,124.704,508.251,100.079,50.79,47.64,15.169,38.1861,0.791846,2.06677,154.321,11.1375,2.75593,4.04128,1.09476,0.303631,0.0751323,0.22849876433610916,0.213846,1.10875,0.284449,0.747469,,,3.20983,3.25131,2.68965,107.87999725341797,,,,,,,672.5,5.38,622.0,4.976,,,,,,,,,,,,,,,,,,,Reds,35333,695505
Ranger Suarez,BOS,10.8043,8.73139,13.0718,3.78988,27.027,27.027,0.0,0.0,,164.76,688.239,155.88,74.68,69.38,16.9036,44.6838,0.606017,7.35176,144.499,7.89325,2.44085,3.23381,0.923359,0.209955,0.0649248,0.14503004401922226,0.245015,1.21731,0.292704,0.711614,,,3.6623,3.2414,2.81544,183.5800018310547,,,,,,,738.3000000000001,4.474545454545455,736.0,4.460606060606061,,,,,,,,,,,,,,,,,,,Red Sox,17277,624133
MacKenzie Gore,TEX,10.0798,9.34881,11.4405,3.86994,28.055,28.055,0.0,0.0,,158.235,663.47,135.447,72.86,68.04,19.062,56.6188,0.458931,6.6771,176.797,10.0558,3.22033,3.12259,1.0842,0.266474,0.0853374,0.1811363250017166,0.225679,1.2138,0.287857,0.720804,,,3.66662,3.14997,2.56905,165.22999572753906,,,,,,,746.5,4.724683544303797,705.0,4.462025316455696,,,,,,,,,,,,,,,,,,,Rangers,22201,669022
Freddy Peralta,NYM,11.1071,8.88837,12.2659,3.80981,28.505,28.505,0.0,0.0,,164.772,686.379,132.942,74.46,69.75,22.0216,63.5612,0.432589,7.04233,181.353,9.90568,3.47177,2.8532,1.20284,0.264217,0.0926037,0.1716134026646614,0.215893,1.19258,0.268962,0.736651,,,3.95678,3.08868,2.92113,56.34000015258789,,,,,,,753.6000000000001,4.567272727272728,688.0,4.16969696969697,,,,,,,,,,,,,,,,,,,Mets,18679,642547
Kevin Gausman,TOR,11.45,9.53637,14.5663,4.16009,28.977,28.977,0.0,0.0,,178.417,745.143,162.789,88.05,82.47,25.0656,54.5445,0.616679,3.04787,174.096,8.78202,2.75142,3.19181,1.2644,0.233641,0.0732,0.16044075042009354,0.236766,1.21812,0.281994,0.709407,,,3.97832,3.06332,2.29277,113.30000305175781,,,,,,,759.9000000000001,4.269101123595506,739.0,4.151685393258427,,,,,,,,,,,,,,,,,,,Blue Jays,14107,592332
Nick Pivetta,SDP,10.8841,8.93616,13.0929,3.84022,27.585,27.585,0.0,0.0,,166.514,684.601,140.202,76.09,71.05,25.2753,48.8109,0.660082,3.4119,169.365,9.15412,2.63821,3.46983,1.36612,0.247393,0.0712983,0.17609451711177826,0.221705,1.13511,0.262546,0.735043,,,4.01504,3.016,2.83941,96.02999877929688,,,,,,,746.3,4.468862275449101,692.0,4.1437125748503,,,,,,,,,,,,,,,,,,,Padres,15454,601713
Shohei Ohtani,LAD,9.10831,5.19028,6.9766,3.24976,21.707,21.707,0.0,0.0,,113.27,462.667,88.467,43.85,40.9,12.6169,38.2039,0.294079,3.04788,142.45,11.3185,3.03554,3.72866,1.00249,0.307888,0.0825734,0.22531455755233765,0.209928,1.11831,0.284778,0.759774,,,3.16052,2.99085,2.7294,1.2599999904632568,,,,,,,608.5,5.384955752212389,557.0,4.929203539823009,,,,,,,,,,,,,,,,,,,Dodgers,19755,660271
Emmet Sheehan,LAD,8.94063,6.81817,2.88053,3.59811,33.349,23.17,0.0,0.7772,,133.57,547.984,102.639,56.99,53.4,18.5147,46.4086,1.15635,4.9378,157.687,10.625,3.12703,3.3978,1.24753,0.287759,0.0846898,0.2030690610408783,0.206669,1.11588,0.262532,0.747664,,,3.72925,2.78108,2.5901,110.31999969482422,,,,,,,657.0999999999999,4.903731343283582,590.0,4.402985074626866,,,,,,,,,,,,,,,,,,,Dodgers,29839,686218
Nolan McLean,NYM,10.3569,8.01129,11.687,3.77981,25.844,25.844,0.0,0.0,,152.817,642.395,135.156,68.73,64.18,16.2554,53.6739,0.434852,9.0947,150.01,8.83471,3.16107,2.79485,0.957347,0.233517,0.0835529,0.14996463805437088,0.233178,1.23566,0.287645,0.723179,,,3.78693,2.76924,2.66841,87.9000015258789,,,,,,,695.4000000000001,4.545098039215687,668.0,4.366013071895424,,,,,,,,,,,,,,,,,,,Mets,33703,690997
Blake Snell,LAD,9.42201,5.34109,9.09732,3.59971,20.912,20.912,0.0,0.0,,122.06,506.695,98.1448,52.32,48.82,13.0531,48.4978,0.405939,2.6738,141.465,10.4308,3.57595,2.91694,0.962457,0.279192,0.095714,0.18347838521003723,0.215455,1.2014,0.282692,0.734781,,,3.46509,2.75743,2.45467,173.24000549316406,,,,,,,617.1000000000001,5.058196721311477,570.0,4.672131147540983,,,,,,,,,,,,,,,,,,,Dodgers,13543,605483
Eury Pérez,MIA,8.3108,9.87752,9.8516,3.96974,26.776,26.776,0.0,0.0,,144.395,598.672,121.005,68.28,63.69,20.258,46.1816,0.439994,5.77597,150.239,9.36423,2.87845,3.25321,1.26266,0.250953,0.0771401,0.17381319403648376,0.221332,1.15784,0.26779,0.712454,,,3.95753,2.75045,2.18625,78.7699966430664,,,,,,,649.0000000000001,4.5069444444444455,604.0,4.194444444444445,,,,,,,,,,,,,,,,,,,Marlins,27768,691587
Nathan Eovaldi,TEX,9.98499,8.13761,12.3095,3.78987,24.938,24.938,0.0,0.0,,153.48,630.931,132.888,68.91,64.63,19.671,41.3127,0.500006,7.52753,150.676,8.83556,2.42256,3.6472,1.1535,0.238815,0.065479,0.17333605885505676,0.228294,1.135,0.274968,0.717916,,,3.7925,2.72863,2.66918,133.5399932861328,,,,,,,695.4000000000001,4.545098039215687,660.0,4.313725490196078,,,,,,,,,,,,,,,,,,,Rangers,9132,543135
Jack Flaherty,DET,9.68778,9.7871,11.7043,4.07995,28.083,28.083,0.0,0.0,,159.068,666.703,141.418,77.16,72.11,23.6589,50.2522,0.49406,6.39113,172.86,9.78033,2.84325,3.43984,1.33861,0.259275,0.0753742,0.18390125781297684,0.23181,1.20496,0.284758,0.722244,,,3.96356,2.702,2.21419,210.27000427246094,,,,,,,692.8000000000001,4.3572327044025165,661.0,4.1572327044025155,,,,,,,,,,,,,,,,,,,Tigers,17479,656427
Braxton Ashcraft,PIT,7.21093,8.7331,2.86288,3.814,36.422,22.46,0.0,0.6537,,133.301,558.641,124.478,60.45,56.49,12.9369,40.0346,1.378,4.31567,124.154,8.38246,2.70299,3.10118,0.873453,0.222244,0.0716643,0.15057943761348724,0.242038,1.23414,0.295709,0.710806,,,3.53215,2.67108,2.16124,240.6199951171875,,,,,,,621.9000000000001,4.6759398496240605,616.0,4.631578947368421,,,,,,,,,,,,,,,,,,,Pirates,23793,677952
Michael King,SDP,9.99351,9.07735,11.5472,3.96024,27.394,27.394,0.0,0.0,,156.377,660.445,136.436,73.86,68.81,19.9273,57.5735,0.659717,8.49157,156.307,8.99599,3.31354,2.71492,1.14688,0.23667,0.0871738,0.14949580281972885,0.229543,1.24065,0.278632,0.723307,,,4.06006,2.65273,2.33395,130.10000610351562,,,,,,,668.8000000000001,4.287179487179488,634.0,4.064102564102564,,,,,,,,,,,,,,,,,,,Padres,19853,650633
Kris Bubic,KCR,8.61668,8.88122,6.60685,3.82372,29.26,23.882,0.0,0.663,,137.905,576.516,124.151,62.86,58.59,16.1518,41.4005,1.1654,6.63055,134.432,8.77331,2.70189,3.2471,1.0541,0.233179,0.0718116,0.1613674983382225,0.234919,1.20048,0.285787,0.71843,,,3.75298,2.64886,2.26726,191.69000244140625,,,,,,,630.0000000000001,4.565217391304349,610.0,4.420289855072464,,,,,,,,,,,,,,,,,,,Royals,21455,663460
Tanner Bibee,CLE,9.553,11.015,14.1939,4.35011,28.673,28.673,0.0,0.0,,174.513,742.258,168.64,90.41,84.35,23.7413,55.1735,0.528505,7.97634,154.703,7.97837,2.84541,2.80394,1.22439,0.208423,0.0743319,0.1340906023979187,0.248326,1.2825,0.289413,0.700002,,,4.21632,2.61982,1.89859,187.92999267578125,,,,,,,681.4,3.8937142857142857,684.0,3.9085714285714284,,,,,,,,,,,,,,,,,,,Guardians,30134,676440
Bubba Chandler,PIT,8.49843,9.82573,6.39735,4.08908,31.43,25.127,0.0,0.6537,,143.394,606.615,130.367,69.64,65.15,18.2797,47.805,1.04828,6.72277,143.328,8.99585,3.00044,2.99818,1.14731,0.236275,0.0788062,0.15746881812810898,0.236136,1.24254,0.287051,0.711311,,,3.93408,2.58555,1.84813,151.10000610351562,,,,,,,623.8000000000001,4.362237762237763,606.0,4.2377622377622375,,,,,,,,,,,,,,,,,,,Pirates,29868,696149
Matthew Boyd,CHC,9.91548,9.114,12.6029,4.29977,26.823,26.823,0.0,0.0,,159.476,671.481,152.476,81.61,76.19,23.4036,42.2814,0.434881,8.1544,143.759,8.11299,2.38614,3.40004,1.32078,0.214092,0.0629674,0.15112441778182983,0.245515,1.22123,0.284374,0.698474,,,4.18882,2.56711,1.70187,213.2100067138672,,,,,,,636.5000000000002,4.003144654088052,634.0,3.9874213836477987,,,,,,,,,,,,,,,,,,,Cubs,15440,571510
David Peterson,NYM,10.4656,8.94196,12.1817,4.01987,27.624,27.624,0.0,0.0,,160.617,683.245,154.05,76.93,71.74,16.494,56.8864,0.531815,5.79745,137.821,7.72264,3.18757,2.42274,0.924225,0.201715,0.0832593,0.11845588684082031,0.248244,1.31329,0.295029,0.71339,,,3.92479,2.55728,2.34298,464.20001220703125,,,,,,,681.2000000000002,4.231055900621119,684.0,4.248447204968944,,,,,,,,,,,,,,,,,,,Mets,20302,656849
Edward Cabrera,CHC,9.12644,7.5646,9.55254,3.79004,24.302,24.302,0.0,0.0,,135.236,563.186,111.587,60.73,56.95,14.7572,50.9035,0.356683,6.82127,142.885,9.50902,3.38765,2.80697,0.982099,0.253708,0.0903849,0.1633227840065956,0.220763,1.20153,0.278391,0.71748,,,3.72114,2.50483,2.34116,174.9600067138672,,,,,,,635.3,4.705925925925926,592.0,4.385185185185185,,,,,,,,,,,,,,,,,,,Cubs,21690,665795
Spencer Strider,ATL,9.42679,9.18122,12.342,4.40016,26.281,26.281,0.0,0.0,,155.858,665.639,141.964,81.17,76.2,21.2319,58.522,0.531347,7.37262,164.791,9.51584,3.37935,2.81588,1.22603,0.247568,0.0879186,0.15964972972869873,0.236707,1.28634,0.291819,0.698729,,,4.0598,2.47806,1.6146,115.12999725341797,,,,,,,658.9000000000001,4.223717948717949,639.0,4.096153846153846,,,,,,,,,,,,,,,,,,,Braves,27498,675911
Brandon Woodruff,MIL,8.5143,8.62621,10.7992,4.18026,24.444,24.444,0.0,0.0,,141.709,591.645,128.411,70.36,65.82,21.99,39.6816,0.420225,5.16481,142.326,9.03916,2.5202,3.58669,1.3966,0.240559,0.06707,0.17348911613225937,0.234841,1.18618,0.278236,0.711783,,,4.09314,2.45234,1.8499,143.6199951171875,,,,,,,596.3999999999999,4.199999999999999,573.0,4.035211267605634,,,,,,,,,,,,,,,,,,,Brewers,16162,605540
Jacob Misiorowski,MIL,9.05818,9.46491,6.30441,3.86024,30.297,25.372,0.0,0.621,,138.955,589.66,109.844,63.62,59.6,17.5905,64.1427,0.889137,8.04975,166.649,10.7937,4.15447,2.59809,1.13932,0.282619,0.108779,0.1738395094871521,0.212272,1.25211,0.276848,0.738931,,,3.94084,2.42355,2.22818,115.66000366210938,,,,,,,643.2000000000002,4.627338129496404,583.0,4.194244604316546,,,,,,,,,,,,,,,,,,,Brewers,31623,694819
Cody Ponce,TOR,7.45717,7.9411,3.76561,4.04265,32.938,21.874,0.0,0.6476,,136.559,574.677,120.255,65.75,61.34,19.8221,45.952,1.42746,6.49234,157.271,10.3651,3.02849,3.42252,1.30639,0.273669,0.0799614,0.19370775669813156,0.23027,1.21711,0.290992,0.725551,,,3.87092,2.36765,1.81859,252.82000732421875,,,,,,,617.8000000000002,4.509489051094892,587.0,4.2846715328467155,,,,,,,,,,,,,,,,,,,Blue Jays,17920,664074
Drew Rasmussen,TBR,8.79541,10.4236,10.5366,4.23979,28.422,28.422,0.0,0.0,,152.689,641.363,146.557,77.15,71.93,21.4403,43.2021,0.521,4.91801,134.681,7.93856,2.54648,3.11747,1.26376,0.209992,0.0673598,0.14263220876455307,0.247043,1.24278,0.286228,0.70494,,,4.1419,2.36757,1.83126,133.2100067138672,,,,,,,617.7,4.037254901960784,618.0,4.03921568627451,,,,,,,,,,,,,,,,,,,Rays,25385,656876
Kyle Bradish,BAL,9.1574,8.10924,10.0684,4.00969,25.134,25.134,0.0,0.0,,140.218,592.586,124.967,66.69,62.47,18.2191,49.5329,0.421987,7.76897,146.978,9.43391,3.17931,2.96728,1.16941,0.248028,0.0835877,0.16444066911935806,0.23346,1.24449,0.288441,0.723591,,,3.95385,2.35763,2.03275,72.91000366210938,,,,,,,609.6,4.354285714285714,586.0,4.185714285714286,,,,,,,,,,,,,,,,,,,Orioles,24586,680694
Reynaldo López,ATL,7.56147,8.54933,5.52348,4.28552,29.048,22.63,0.0,0.646,,130.311,554.567,119.356,66.04,62.05,15.1202,49.1363,0.885559,3.79614,132.415,9.14529,3.39363,2.69484,1.04428,0.238771,0.088603,0.150168314576149,0.237933,1.293,0.294368,0.69542,,,3.82986,2.34459,1.43281,298.8900146484375,,,,,,,577.1,4.439230769230769,564.0,4.338461538461538,,,,,,,,,,,,,,,,,,,Braves,16400,625643
José Soriano,LAA,10.3716,10.3659,12.7606,3.79009,29.464,29.464,0.0,0.0,,170.877,731.262,160.346,77.15,71.96,14.3551,72.2569,0.60763,8.22234,139.334,7.33867,3.80573,1.92832,0.756075,0.19054,0.0988113,0.09172859787940979,0.246389,1.36123,0.293689,0.731523,,,4.00936,2.33081,2.995,324.8699951171875,,,,,,,715.2,4.182456140350878,711.0,4.157894736842105,,,,,,,,,,,,,,,,,,,Angels,22100,667755
Gavin Williams,CLE,9.18211,10.685,12.2353,4.2,28.484,28.484,0.0,0.0,,163.007,698.967,144.998,81.2,76.07,20.2534,72.3447,0.432384,5.55204,164.59,9.08738,3.99432,2.27508,1.11824,0.235475,0.103502,0.1319732666015625,0.233465,1.33334,0.285963,0.720378,,,4.16457,2.32442,2.05677,144.27000427246094,,,,,,,679.2,4.166871165644172,651.0,3.9938650306748467,,,,,,,,,,,,,,,,,,,Guardians,30122,668909
Cade Horton,CHC,8.26282,7.54111,9.10642,4.07021,23.117,23.117,0.0,0.0,,127.873,538.139,119.773,61.91,57.83,14.7549,40.3397,0.364922,3.76634,113.094,7.9598,2.8392,2.80353,1.03848,0.210157,0.0749615,0.13519546389579773,0.242439,1.25212,0.28679,0.704185,,,3.90108,2.31343,1.78115,179.8300018310547,,,,,,,544.7,4.25546875,539.0,4.2109375,,,,,,,,,,,,,,,,,,,Cubs,31872,690990
Merrill Kelly,ARI,9.3946,9.3598,12.7261,4.35977,26.267,26.267,0.0,0.0,,158.21,667.514,152.633,81.77,76.64,21.6851,47.8411,0.496318,3.53414,138.683,7.88919,2.72151,2.89883,1.23359,0.207761,0.0716706,0.13609012961387634,0.247724,1.26714,0.28731,0.697787,,,4.13802,2.30398,1.6392,282.7799987792969,,,,,,,622.8,3.941772151898734,626.0,3.962025316455696,,,,,,,,,,,,,,,,,,,Diamondbacks,11156,518876
Mitch Keller,PIT,9.54301,11.4604,14.2247,4.75003,29.725,29.725,0.0,0.0,,176.418,760.648,180.214,99.47,93.11,24.1114,55.9922,0.458877,8.46934,148.626,7.58218,2.85645,2.6544,1.23005,0.195394,0.0736112,0.12178260087966919,0.258859,1.3389,0.29822,0.675407,,,4.32312,2.30316,1.06904,520.1900024414062,,,,,,,645.2,3.665909090909091,674.0,3.8295454545454546,,,,,,,,,,,,,,,,,,,Pirates,17594,656605
Chad Patrick,MIL,8.48287,9.06951,9.79551,4.1702,25.871,25.871,0.0,0.0,,140.432,590.042,127.025,69.58,65.07,20.9553,43.2173,0.467591,5.71663,131.595,8.43364,2.76971,3.04495,1.34299,0.223026,0.0732445,0.14978164434432983,0.234749,1.21227,0.272982,0.714399,,,4.24622,2.2981,1.72248,290.1700134277344,,,,,,,564.5,4.0321428571428575,544.0,3.8857142857142857,,,,,,,,,,,,,,,,,,,Brewers,30113,694477
Zac Gallen,ARI,10.3259,10.4212,14.2301,4.41987,29.005,29.005,0.0,0.0,,175.505,748.759,168.532,91.83,86.19,23.1912,61.0119,0.613492,5.0281,153.698,7.88171,3.12873,2.51914,1.18926,0.20527,0.081484,0.12378599494695663,0.246854,1.3079,0.287331,0.698785,,,4.23032,2.28366,1.75978,222.77000427246094,,,,,,,690.1,3.9210227272727276,691.0,3.9261363636363638,,,,,,,,,,,,,,,,,,,Diamondbacks,19291,668678
Luis Castillo,SEA,10.2608,10.0519,14.0691,4.50988,28.378,28.378,0.0,0.0,,172.222,729.127,164.173,92.34,86.3,27.289,51.6898,0.642302,7.71449,152.364,7.96225,2.70121,2.94766,1.42607,0.208967,0.0708927,0.13807462900877,0.245135,1.2534,0.279315,0.695283,,,4.46042,2.25214,1.51125,170.66000366210938,,,,,,,638.2999999999998,3.711046511627906,633.0,3.6802325581395348,,,,,,,,,,,,,,,,,,,Mariners,15689,622491
Robbie Ray,SFG,9.75751,10.5303,13.4387,4.31983,28.599,28.599,0.0,0.0,,169.965,719.632,149.184,87.75,81.58,27.2554,65.5169,0.485194,4.59608,173.908,9.20877,3.46926,2.65439,1.44323,0.241662,0.0910423,0.1506195068359375,0.229683,1.2632,0.271945,0.719091,,,4.41095,2.24705,1.78658,167.32000732421875,,,,,,,673.5000000000001,3.9617647058823535,634.0,3.7294117647058824,,,,,,,,,,,,,,,,,,,Giants,11486,592662
Landen Roupp,SFG,7.30371,8.79614,5.25119,3.96359,26.827,22.602,0.0,0.656,,120.686,516.422,112.939,57.08,53.15,10.9431,48.7409,0.833784,3.48183,112.736,8.40711,3.63479,2.31296,0.816065,0.218301,0.094382,0.12391940504312515,0.2433,1.33968,0.299531,0.714678,,,3.7438,2.23206,1.81017,693.1199951171875,,,,,,,540.3000000000002,4.465289256198349,536.0,4.429752066115703,,,,,,,,,,,,,,,,,,,Giants,30076,694738
Ryne Nelson,ARI,9.36074,10.5276,8.90236,4.31793,31.792,27.119,0.0,0.6469,,157.221,662.218,149.89,80.44,75.43,22.6886,44.2761,1.14906,4.33884,132.587,7.58986,2.53455,2.99456,1.29879,0.200217,0.0668603,0.13335658609867096,0.244278,1.23499,0.277533,0.700274,,,4.25218,2.23119,1.72244,253.55999755859375,,,,,,,614.9,3.91656050955414,612.0,3.8980891719745223,,,,,,,,,,,,,,,,,,,Diamondbacks,26253,669194
Matthew Liberatore,STL,8.02324,10.7983,10.9525,4.52018,27.517,27.517,0.0,0.0,,151.182,643.13,153.248,81.08,75.93,19.8708,41.4339,0.421621,5.52905,120.54,7.17583,2.4666,2.9092,1.18293,0.187427,0.0644254,0.12300115823745728,0.257056,1.28773,0.29265,0.680811,,,4.1811,2.22562,1.30265,430.6000061035156,,,,,,,574.6000000000001,3.805298013245034,596.0,3.947019867549669,,,,,,,,,,,,,,,,,,,Cardinals,22294,669461
Trevor Rogers,BAL,9.62536,8.751,11.5524,4.21991,26.281,26.281,0.0,0.0,,151.873,634.842,141.043,76.12,71.21,23.0487,43.4237,0.638029,4.08464,138.471,8.20579,2.57329,3.18883,1.36587,0.218119,0.0684008,0.1497177705168724,0.240142,1.21461,0.277103,0.711878,,,4.223,2.20929,1.87012,147.14999389648438,,,,,,,610.3,4.0151315789473685,596.0,3.9210526315789473,,,,,,,,,,,,,,,,,,,Orioles,22286,669432
Andrew Abbott,CIN,9.02351,10.609,13.1805,4.64013,27.776,27.776,0.0,0.0,,164.614,699.564,163.032,90.57,84.87,27.4857,48.1417,0.532917,3.24726,146.988,8.03631,2.63207,3.05323,1.50274,0.210113,0.0688167,0.1412963643670082,0.251524,1.28284,0.286142,0.698367,,,4.45644,2.19951,1.17886,221.39999389648438,,,,,,,606.1000000000001,3.6733333333333342,615.0,3.727272727272727,,,,,,,,,,,,,,,,,,,Reds,29911,671096
Carlos Rodón,NYY,9.2101,7.5252,10.9291,4.09027,23.558,23.558,0.0,0.0,,139.92,587.047,119.336,67.83,63.59,19.5457,51.0776,0.373726,6.14553,146.328,9.41217,3.28544,2.86481,1.25723,0.249261,0.0870078,0.1622532680630684,0.225237,1.21793,0.274186,0.717118,,,4.08645,2.18684,1.92875,201.44000244140625,,,,,,,601.6,4.297142857142857,561.0,4.007142857142857,,,,,,,,,,,,,,,,,,,Yankees,16137,607074
Sean Manaea,NYM,6.88375,7.86911,2.77969,4.15987,35.523,20.219,0.0,0.7173,,125.528,527.51,111.073,62.1,58.02,19.4444,37.5747,1.48805,8.31039,140.153,10.0486,2.694,3.72998,1.39411,0.265687,0.0712304,0.19445710629224777,0.230622,1.18418,0.284537,0.712764,,,4.01245,2.14987,1.47906,393.4100036621094,,,,,,,556.1,4.413492063492064,529.0,4.198412698412699,,,,,,,,,,,,,,,,,,,Mets,15873,640455
Tyler Glasnow,LAD,9.19067,6.43977,9.77915,4.20021,22.45,22.45,0.0,0.0,,129.272,547.442,113.659,64.25,60.33,16.4265,52.2521,0.33625,3.04276,139.724,9.72767,3.63783,2.67403,1.14362,0.25523,0.0954477,0.15978269279003143,0.230945,1.28343,0.289385,0.711345,,,3.90855,2.14905,1.63847,115.36000061035156,,,,,,,576.4,4.468217054263565,552.0,4.27906976744186,,,,,,,,,,,,,,,,,,,Dodgers,14374,607192
Cam Schlittler,NYY,8.71141,7.46104,9.54685,4.0602,23.504,23.504,0.0,0.0,,131.735,556.598,115.756,63.28,59.43,16.7553,49.2416,0.360478,5.71966,132.507,9.05276,3.36414,2.69096,1.14471,0.238066,0.088469,0.14959749579429626,0.230756,1.25249,0.280953,0.718648,,,4.02851,2.13636,1.93443,118.30000305175781,,,,,,,567.1000000000001,4.296212121212122,540.0,4.090909090909091,,,,,,,,,,,,,,,,,,,Yankees,32095,693645
Brandon Pfaadt,ARI,9.21386,10.3043,12.8575,4.64992,27.788,27.788,0.0,0.0,,162.719,693.777,168.983,89.77,84.07,24.0065,40.6841,0.757214,7.06578,132.145,7.30894,2.25024,3.24807,1.3278,0.190471,0.0586415,0.13182993978261948,0.261572,1.28852,0.295944,0.681008,,,4.30921,2.11653,1.15427,599.9199829101562,,,,,,,591.6,3.629447852760736,623.0,3.8220858895705523,,,,,,,,,,,,,,,,,,,Diamondbacks,27782,694297
Sandy Alcantara,MIA,9.17118,11.356,14.9222,4.57008,28.35,28.35,0.0,0.0,,176.905,754.565,175.833,96.36,89.83,23.2709,54.9466,0.511665,8.13773,135.735,6.9055,2.79539,2.47031,1.1839,0.179886,0.0728189,0.10706667602062225,0.254284,1.30454,0.286515,0.6782,,,4.38046,2.09932,1.42454,145.1699981689453,,,,,,,652.3000000000001,3.685310734463277,669.0,3.7796610169491527,,,,,,,,,,,,,,,,,,,Marlins,18684,645261
Parker Messick,CLE,7.82387,9.14133,8.31965,4.10609,23.059,22.784,0.0,0.0,,123.161,520.591,116.98,60.17,56.19,15.8939,36.9934,0.39023,5.8408,114.955,8.40031,2.7033,3.10743,1.16145,0.220815,0.0710605,0.14975500106811523,0.244852,1.25018,0.291391,0.712132,,,3.98942,2.06786,1.66779,297.5799865722656,,,,,,,510.2000000000001,4.147967479674797,508.0,4.130081300813008,,,,,,,,,,,,,,,,,,,Guardians,31986,800048
Noah Cameron,KCR,8.78421,9.36201,11.7376,4.45988,25.86,25.86,0.0,0.0,,150.764,641.621,148.735,80.01,74.71,22.3131,45.882,0.498861,4.26148,130.295,7.77808,2.73897,2.83978,1.332,0.203072,0.0715095,0.1315620318055153,0.251463,1.29087,0.288062,0.701481,,,4.32847,2.04765,1.40273,294.2099914550781,,,,,,,569.4000000000001,3.7708609271523184,579.0,3.834437086092715,,,,,,,,,,,,,,,,,,,Royals,30184,702070
Grant Holmes,ATL,6.89621,8.48872,3.97614,4.24374,31.795,22.098,0.0,0.646,,132.23,565.566,123.666,66.66,62.35,17.3088,48.4694,1.60212,5.91287,141.684,9.64345,3.29899,2.92316,1.17809,0.250517,0.0857008,0.1648160219192505,0.24192,1.30178,0.301986,0.713138,,,3.92765,2.02942,1.41187,379.44000244140625,,,,,,,571.3000000000002,4.328030303030304,565.0,4.28030303030303,,,,,,,,,,,,,,,,,,,Braves,16944,656550
Dustin May,STL,7.9051,10.3681,8.12976,4.43481,28.723,23.995,0.0,0.6663,,142.606,614.508,135.547,75.07,70.27,14.8314,53.3123,1.10005,10.7557,123.191,7.7747,3.36459,2.31074,0.936025,0.200471,0.0867561,0.11371488869190216,0.246251,1.32434,0.292701,0.676932,,,4.10726,2.01972,1.34691,436.5899963378906,,,,,,,578.1,4.042657342657343,578.0,4.041958041958042,,,,,,,,,,,,,,,,,,,Cardinals,19716,669160
Aaron Nola,PHI,10.0091,9.47417,13.3063,4.48025,27.322,27.322,0.0,0.0,,164.522,691.973,154.962,87.7,81.9,28.2802,47.5967,0.430424,6.16661,152.16,8.32373,2.60373,3.19685,1.54704,0.219893,0.0687841,0.15110841393470764,0.242808,1.2312,0.276737,0.7048,,,4.50038,2.00585,1.4751,207.3300018310547,,,,,,,615.6,3.730909090909091,603.0,3.6545454545454548,,,,,,,,,,,,,,,,,,,Phillies,16149,605400
Jack Leiter,TEX,9.53562,10.5797,11.9886,4.41989,29.298,29.298,0.0,0.0,,163.287,696.569,145.214,85.53,80.19,23.8454,65.2019,0.473299,7.42077,156.117,8.60479,3.59378,2.39436,1.3143,0.224122,0.0936044,0.1305181384086609,0.232734,1.28862,0.273362,0.70544,,,4.45566,2.00136,1.54978,231.6999969482422,,,,,,,630.0,3.8650306748466257,599.0,3.6748466257668713,,,,,,,,,,,,,,,,,,,Rangers,30146,683004
Clay Holmes,NYM,10.7903,9.59382,9.70082,4.0168,28.581,26.877,0.0,0.0,,150.433,642.719,143.741,72.0,67.14,14.8639,55.4525,0.548687,8.57436,118.579,7.09427,3.31757,2.13839,0.889264,0.184496,0.0862779,0.09821803867816925,0.24839,1.32414,0.28945,0.713032,,,4.11998,1.98711,2.13345,335.8500061035156,,,,,,,597.1,3.980666666666667,601.0,4.006666666666667,,,,,,,,,,,,,,,,,,,Mets,13649,605280
Reid Detmers,LAA,6.72481,10.0159,5.22051,4.40139,31.405,23.203,0.0,0.6185,,136.675,583.773,125.686,71.51,66.84,20.59,49.3748,1.47784,6.74792,151.424,9.97122,3.25131,3.06683,1.35585,0.259389,0.0845788,0.17481017112731934,0.238199,1.28085,0.295514,0.708113,,,4.10964,1.98284,1.24102,342.760009765625,,,,,,,565.9000000000002,4.130656934306571,550.0,4.014598540145985,,,,,,,,,,,,,,,,,,,Angels,27468,672282
Chris Bassitt,BAL,10.8059,11.1507,11.061,4.55203,31.704,28.713,0.0,0.6611,,167.365,723.435,165.394,90.5,84.65,22.0983,57.0822,0.852525,14.3081,146.538,7.88006,3.06958,2.56715,1.18833,0.202559,0.0789045,0.12365474551916122,0.253655,1.32929,0.296429,0.689033,,,4.38015,1.98209,1.36507,361.8500061035156,,,,,,,621.1999999999998,3.719760479041915,634.0,3.7964071856287425,,,,,,,,,,,,,,,,,,,Orioles,12304,605135
Shane Smith,CHW,8.59555,10.7385,11.6175,4.39005,28.004,28.004,0.0,0.0,,157.119,670.655,147.134,82.01,76.64,21.5297,55.3386,0.494683,9.10602,144.867,8.29817,3.16988,2.61782,1.23325,0.216008,0.0825142,0.13349344581365585,0.242711,1.28866,0.285585,0.699018,,,4.30295,1.97976,1.57641,247.1300048828125,,,,,,,607.0,3.8662420382165603,597.0,3.8025477707006368,,,,,,,,,,,,,,,,,,,White Sox,31687,681343
Cade Cavalli,WSN,7.01472,9.67944,9.99204,4.30989,24.106,24.106,0.0,0.0,,135.463,580.581,133.512,69.4,64.87,14.6988,45.727,0.452797,7.48069,107.462,7.13966,3.03804,2.35008,0.976572,0.185094,0.0787607,0.10633355379104614,0.253164,1.32316,0.293212,0.692288,,,4.1375,1.97046,1.50799,308.5400085449219,,,,,,,521.1,3.8600000000000003,535.0,3.962962962962963,,,,,,,,,,,,,,,,,,,Nationals,27473,676917
Michael McGreevy,STL,7.82384,9.98501,7.75696,4.30594,27.888,23.561,0.0,0.6663,,137.698,582.712,144.113,70.35,65.88,16.5417,34.1066,0.826734,2.95647,94.5641,6.18075,2.22922,2.77261,1.08117,0.162283,0.0585308,0.1037520132958889,0.264113,1.29428,0.293576,0.695658,,,4.13082,1.9649,1.55119,717.6599731445312,,,,,,,520.7,3.773188405797102,552.0,4.0,,,,,,,,,,,,,,,,,,,Cardinals,29869,700241
Trey Yesavage,TOR,7.11521,6.69961,4.16847,3.73459,25.154,19.533,0.0,0.6476,,108.277,449.03,86.7794,48.01,44.93,14.7099,39.9102,0.745213,4.47006,123.901,10.2987,3.31734,3.10451,1.22269,0.275931,0.0888808,0.18705036491155624,0.214456,1.17005,0.270899,0.741591,,,3.84228,1.96461,1.90347,189.4199981689453,,,,,,,508.50000000000006,4.708333333333334,465.0,4.305555555555555,,,,,,,,,,,,,,,,,,,Blue Jays,35456,702056
Ryan Pepiot,TBR,9.42378,11.0549,12.4283,4.37018,29.604,29.604,0.0,0.0,,167.039,707.445,146.762,86.88,81.11,27.1443,63.9135,0.455149,6.30394,160.426,8.64368,3.44364,2.51004,1.46252,0.226768,0.0903442,0.13642366230487823,0.230313,1.26124,0.26602,0.716934,,,4.58795,1.96224,1.69922,123.6500015258789,,,,,,,631.5,3.781437125748503,594.0,3.55688622754491,,,,,,,,,,,,,,,,,,,Rays,26221,686752
Foster Griffin,WSN,6.43814,9.926,6.03671,4.27763,28.166,22.114,0.0,0.6466,,129.878,554.837,123.319,66.27,61.73,16.3202,45.524,1.0536,6.17492,122.192,8.46742,3.15462,2.68413,1.13092,0.220231,0.0820494,0.1381818652153015,0.245099,1.30001,0.293448,0.70258,,,4.08121,1.94734,1.43004,999.0,,,,,,,537.4000000000001,4.133846153846155,534.0,4.107692307692307,,,,,,,,,,,,,,,,,,,Nationals,16432,656492
Shane McClanahan,TBR,6.53262,6.64059,8.37558,4.02969,18.658,18.658,0.0,0.0,,109.326,456.637,101.847,52.63,48.95,15.4369,31.6077,0.407468,2.56468,112.705,9.27818,2.60203,3.56575,1.2708,0.246816,0.0692185,0.17759716510772705,0.241079,1.22071,0.29359,0.722662,,,3.84664,1.90925,1.49572,186.52000427246094,,,,,,,477.8999999999999,4.38440366972477,471.0,4.321100917431193,,,,,,,,,,,,,,,,,,,Rays,21483,663556
Tatsuya Imai,HOU,8.94494,9.26904,11.678,4.34984,25.954,25.954,0.0,0.0,,151.102,647.883,133.205,77.95,73.03,21.0795,63.8748,0.446551,9.05417,153.553,9.14597,3.80454,2.40396,1.25554,0.237007,0.09859,0.13841677457094193,0.23168,1.30429,0.280089,0.710933,,,4.36421,1.88012,1.60351,999.0,,,,,,,602.3000000000002,3.9887417218543058,571.0,3.781456953642384,,,,,,,,,,,,,,,,,,,Astros,sa3062955,837227
Zebby Matthews,MIN,5.40107,7.52628,2.44705,4.1335,27.829,18.044,0.0,0.6406,,105.274,440.543,101.54,51.79,48.35,15.3232,26.1545,1.07943,2.37256,103.768,8.87127,2.23598,3.96751,1.31,0.235546,0.0593687,0.17617731913924217,0.246447,1.21297,0.294331,0.714449,,,3.8689,1.87258,1.23813,446.739990234375,,,,,,,455.3,4.336190476190477,458.0,4.3619047619047615,,,,,,,,,,,,,,,,,,,Twins,31827,805673
Shota Imanaga,CHC,9.83412,8.46503,12.3666,4.14994,25.506,25.506,0.0,0.0,,154.412,631.943,136.841,76.32,71.2,29.4647,32.8252,0.386499,5.11641,135.079,7.87319,1.91324,4.11511,1.71737,0.213753,0.0519433,0.16180932149291039,0.230372,1.09879,0.250028,0.726907,,,4.60333,1.87003,1.99751,159.80999755859375,,,,,,,582.7,3.783766233766234,549.0,3.564935064935065,,,,,,,,,,,,,,,,,,,Cubs,33829,684007
Nick Lodolo,CIN,8.25917,10.2965,11.7657,4.71013,26.71,26.71,0.0,0.0,,152.709,652.424,146.341,85.78,79.92,27.3613,39.6979,0.498262,18.0617,163.96,9.66308,2.33962,4.13019,1.61255,0.251309,0.0608468,0.19046201556921005,0.246089,1.21826,0.294983,0.678648,,,4.45173,1.86966,0.93457,124.63999938964844,,,,,,,574.5,3.7549019607843137,568.0,3.712418300653595,,,,,,,,,,,,,,,,,,,Reds,26378,666157
Max Meyer,MIA,7.13546,9.34245,6.19396,4.11042,27.271,22.587,0.0,0.6387,,127.695,538.211,121.191,62.59,58.32,16.6361,40.6106,0.906667,3.64318,115.964,8.17321,2.86225,2.85552,1.17252,0.215462,0.0754547,0.1400076001882553,0.245346,1.26709,0.289338,0.716271,,,4.05218,1.86458,1.63455,290.510009765625,,,,,,,524.5,4.09765625,520.0,4.0625,,,,,,,,,,,,,,,,,,,Marlins,27474,676974
Ryan Weathers,NYY,7.11405,7.6267,2.82128,4.05971,30.753,21.13,0.0,0.691,,122.085,513.728,111.889,58.93,55.07,16.4246,38.3703,1.47596,5.62645,118.738,8.75327,2.82862,3.09454,1.21081,0.23113,0.0746899,0.1564406082034111,0.238199,1.23078,0.285337,0.717633,,,4.02005,1.85579,1.60079,231.5800018310547,,,,,,,524.8000000000002,4.301639344262297,512.0,4.19672131147541,,,,,,,,,,,,,,,,,,,Yankees,23796,677960
Joey Cantillo,CLE,5.78191,9.1145,2.91767,4.32124,40.087,20.229,0.0,0.679,,129.192,556.103,119.497,66.49,62.03,16.8349,53.4146,1.56887,4.08622,136.154,9.48498,3.72106,2.549,1.17278,0.244835,0.0960516,0.1487838551402092,0.239664,1.33841,0.297043,0.7126,,,4.05662,1.84866,1.21897,271.2799987792969,,,,,,,541.0999999999999,4.194573643410852,529.0,4.10077519379845,,,,,,,,,,,,,,,,,,,Guardians,23335,676282
Kodai Senga,NYM,8.40986,8.79856,5.88347,4.22232,29.74,23.433,0.0,0.7173,,134.734,579.498,117.252,67.67,63.21,16.683,64.2537,0.944637,4.57035,137.769,9.20273,4.29203,2.14414,1.1144,0.237738,0.110878,0.1268603280186653,0.229603,1.34714,0.282322,0.719799,,,4.23221,1.84444,1.53235,227.25,,,,,,,558.7,4.138518518518519,527.0,3.903703703703704,,,,,,,,,,,,,,,,,,,Mets,31838,673540
Casey Mize,DET,8.53553,9.5597,10.4482,4.29988,26.499,26.499,0.0,0.0,,145.804,613.519,139.865,75.04,69.66,21.4339,40.5829,0.477051,5.36485,118.958,7.34289,2.50505,2.93124,1.32304,0.193895,0.0661477,0.12774692475795746,0.246427,1.2376,0.277239,0.700661,,,4.35984,1.83193,1.59257,285.510009765625,,,,,,,558.1000000000001,3.8226027397260283,557.0,3.815068493150685,,,,,,,,,,,,,,,,,,,Tigers,20492,663554
Shane Baz,BAL,9.69678,9.42258,11.7659,4.38001,27.631,27.631,0.0,0.0,,156.842,664.23,137.984,81.38,76.33,25.497,57.8306,0.414633,8.19198,148.846,8.54117,3.31847,2.57383,1.46309,0.224088,0.0870641,0.13702400028705597,0.230663,1.24849,0.265385,0.714687,,,4.61329,1.82695,1.67721,188.74000549316406,,,,,,,595.5,3.7929936305732483,560.0,3.56687898089172,,,,,,,,,,,,,,,,,,,Orioles,22264,669358
Joe Musgrove,SDP,7.47278,7.1024,9.1868,4.17007,20.788,20.788,0.0,0.0,,120.559,505.931,112.078,59.71,55.86,17.4052,32.4553,0.474206,7.30143,111.262,8.30599,2.42286,3.42818,1.29934,0.219916,0.0641496,0.1557668223977089,0.240421,1.19886,0.280506,0.705884,,,4.15549,1.82473,1.54005,355.7900085449219,,,,,,,500.1000000000001,4.13305785123967,489.0,4.041322314049586,,,,,,,,,,,,,,,,,,,Padres,12970,605397
Will Warren,NYY,7.20989,7.55984,2.73599,4.03488,33.808,20.818,0.0,0.691,,121.498,514.304,109.33,58.23,54.47,15.3212,44.2004,1.26402,4.77038,119.939,8.88453,3.27416,2.71353,1.13493,0.233207,0.0859421,0.14726447314023972,0.234951,1.26365,0.284813,0.721533,,,4.00931,1.78943,1.61289,292.92999267578125,,,,,,,524.5000000000001,4.334710743801653,507.0,4.190082644628099,,,,,,,,,,,,,,,,,,,Yankees,30182,701542
Adrian Houser,SFG,7.89705,9.34238,10.6098,4.47004,24.889,24.889,0.0,0.0,,141.039,611.78,148.062,75.27,70.05,15.0196,50.2162,0.423133,4.65643,99.7441,6.36489,3.20441,1.98629,0.958434,0.163039,0.0820822,0.0809570923447609,0.265866,1.40584,0.300904,0.693979,,,4.2723,1.78816,1.27996,742.5399780273438,,,,,,,509.1000000000001,3.610638297872341,545.0,3.8652482269503547,,,,,,,,,,,,,,,,,,,Giants,12718,605288
Tyler Mahle,SFG,7.61743,8.26357,9.60149,4.19023,22.902,22.902,0.0,0.0,,129.709,545.708,121.017,64.71,60.39,18.3439,41.4088,0.418546,1.9891,104.974,7.28371,2.87319,2.53506,1.27281,0.192362,0.0758808,0.11648149788379669,0.240922,1.25223,0.270912,0.714588,,,4.35877,1.77564,1.59945,325.2799987792969,,,,,,,507.0,3.9,497.0,3.8230769230769233,,,,,,,,,,,,,,,,,,,Giants,16358,641816
Gerrit Cole,NYY,7.47461,5.90875,8.96101,4.05032,18.649,18.649,0.0,0.0,,112.68,466.926,98.7661,54.07,50.71,17.4564,32.8904,0.352959,3.71566,110.475,8.82386,2.62703,3.35887,1.39428,0.2366,0.0704404,0.166159987449646,0.229518,1.16841,0.268892,0.723636,,,4.16284,1.76732,1.6491,235.33999633789062,,,,,,,478.70000000000005,4.236283185840708,453.0,4.008849557522124,,,,,,,,,,,,,,,,,,,Yankees,13125,543037
Quinn Priester,MIL,7.15745,7.05305,8.92076,4.10996,20.25,20.25,0.0,0.0,,117.439,495.86,114.477,57.29,53.63,13.3072,35.5534,0.324232,4.36611,94.399,7.23431,2.72465,2.65513,1.01981,0.190374,0.0717006,0.11867374926805496,0.251079,1.27752,0.290522,0.705785,,,4.02031,1.75567,1.59411,561.9299926757812,,,,,,,477.5000000000002,4.081196581196584,484.0,4.136752136752137,,,,,,,,,,,,,,,,,,,Brewers,25977,682990
Grayson Rodriguez,LAA,5.63585,6.20926,7.13768,4.01958,17.017,17.017,0.0,0.0,,96.7937,406.64,88.2229,46.31,43.23,12.9336,30.6132,0.288094,3.70544,100.159,9.31287,2.84645,3.27174,1.20258,0.246308,0.0752834,0.17102445662021637,0.236954,1.22773,0.290436,0.720012,,,3.86634,1.7426,1.45254,369.8800048828125,,,,,,,424.1000000000001,4.372164948453609,411.0,4.237113402061856,,,,,,,,,,,,,,,,,,,Angels,24492,680570
Braxton Garrett,MIA,5.10689,7.24021,3.55345,4.10407,23.293,17.273,0.0,0.6387,,100.393,421.385,99.1466,49.29,45.78,12.4893,24.4527,0.969002,4.53494,91.0186,8.15961,2.19212,3.72224,1.11963,0.215999,0.0580293,0.15796960145235062,0.252669,1.23115,0.299967,0.700276,,,3.80536,1.74143,1.26718,585.5800170898438,,,,,,,434.0,4.34,443.0,4.43,,,,,,,,,,,,,,,,,,,Marlins,21844,666129
Jameson Taillon,CHC,8.95977,8.56032,11.2699,4.37018,24.973,24.973,0.0,0.0,,145.518,606.682,137.821,75.44,70.66,24.0194,37.4052,0.37541,2.75788,111.96,6.92451,2.31343,2.99317,1.48555,0.184545,0.0616553,0.12288972735404968,0.243277,1.20415,0.264323,0.704709,,,4.57015,1.72304,1.5926,499.30999755859375,,,,,,,530.4000000000001,3.632876712328768,522.0,3.5753424657534247,,,,,,,,,,,,,,,,,,,Cubs,11674,592791
Hunter Greene,CIN,4.33156,3.70701,4.94558,3.58997,11.365,11.365,0.0,0.0,,66.3599,270.848,53.3047,28.15,26.47,8.72389,19.0399,0.176284,2.65832,83.7993,11.3652,2.58227,4.40124,1.18317,0.309396,0.0702973,0.2390982136130333,0.213946,1.09019,0.28463,0.73497,,,3.29949,1.71452,1.34296,403.07000732421875,,,,,,,341.9000000000001,5.1803030303030315,315.0,4.7727272727272725,,,,,,,,,,,,,,,,,,,Reds,22182,668881
Eduardo Rodriguez,ARI,7.46877,9.54361,7.71454,4.75519,26.547,23.375,0.0,0.6469,,130.897,568.903,133.93,73.91,69.16,17.8755,48.4416,0.925488,3.82024,115.463,7.9388,3.33067,2.38354,1.22905,0.202957,0.0851492,0.11780767887830734,0.259233,1.39325,0.302776,0.68932,,,4.34404,1.69919,0.717465,739.72998046875,,,,,,,477.60000000000014,3.645801526717558,499.0,3.8091603053435112,,,,,,,,,,,,,,,,,,,Diamondbacks,13164,593958
Taj Bradley,MIN,7.76938,10.3051,6.63544,4.45889,30.224,24.475,0.0,0.6406,,139.111,596.431,132.561,73.71,68.92,19.5498,51.8844,0.919528,4.31333,120.671,7.807,3.35674,2.32577,1.2648,0.202322,0.0869914,0.11533026397228241,0.245378,1.32589,0.28252,0.704982,,,4.43912,1.69324,1.18825,503.44000244140625,,,,,,,514.8000000000002,3.7035971223021598,513.0,3.6906474820143886,,,,,,,,,,,,,,,,,,,Twins,22543,671737
Bryce Miller,SEA,8.70834,8.43291,10.6187,4.33021,24.685,24.685,0.0,0.0,,140.917,589.176,128.029,72.31,67.8,22.5841,42.9509,0.472291,3.68432,117.209,7.48583,2.74316,2.72891,1.44239,0.198937,0.0728999,0.12603721022605896,0.235981,1.21334,0.261814,0.708011,,,4.54789,1.68805,1.58179,333.2699890136719,,,,,,,520.7,3.69290780141844,499.0,3.5390070921985815,,,,,,,,,,,,,,,,,,,Mariners,29837,682243
Michael Wacha,KCR,8.94835,10.4851,13.2577,4.85027,27.515,27.515,0.0,0.0,,163.457,703.964,168.316,94.05,88.09,25.5007,50.6488,0.505981,5.1443,115.101,6.3375,2.78874,2.27253,1.40408,0.163504,0.071948,0.09155618399381638,0.259679,1.33959,0.281372,0.681612,,,4.77891,1.68592,0.766988,613.75,,,,,,,511.6000000000001,3.138650306748467,539.0,3.3067484662576687,,,,,,,,,,,,,,,,,,,Royals,14078,608379
Simeon Woods Richardson,MIN,7.96316,11.0,7.0952,4.65774,29.929,25.844,0.0,0.6406,,139.046,597.342,132.333,76.7,71.96,20.2482,52.8182,0.778515,3.3894,119.211,7.71615,3.41875,2.25701,1.3106,0.199569,0.088422,0.11114739626646042,0.244547,1.33158,0.279043,0.691636,,,4.52623,1.68039,0.914843,667.6799926757812,,,,,,,513.4000000000001,3.693525179856116,509.0,3.661870503597122,,,,,,,,,,,,,,,,,,,Twins,24494,680573
Justin Steele,CHC,5.48245,4.34309,4.84309,3.6304,13.417,12.966,0.0,0.0,,72.7358,299.83,64.4728,31.58,29.34,7.91188,19.7952,0.224789,2.76094,69.6558,8.6189,2.44937,3.51883,0.978981,0.232318,0.0660213,0.16629627346992493,0.232524,1.15855,0.283221,0.719866,,,3.56424,1.67052,1.37185,598.5700073242188,,,,,,,346.4000000000001,4.745205479452056,332.0,4.5479452054794525,,,,,,,,,,,,,,,,,,,Cubs,17312,657006
Yusei Kikuchi,LAA,8.63218,11.78,12.9772,4.74982,29.353,29.353,0.0,0.0,,167.937,723.437,168.034,95.27,88.63,28.4314,58.7485,0.722789,4.34409,155.667,8.34243,3.14842,2.64972,1.52368,0.215177,0.0812076,0.13396943360567093,0.254464,1.3504,0.293131,0.703356,,,4.60922,1.66379,0.971672,499.2300109863281,,,,,,,585.0,3.482142857142857,599.0,3.5654761904761907,,,,,,,,,,,,,,,,,,,Angels,20633,579328
Brayan Bello,BOS,9.23521,9.59491,11.9935,4.36999,26.911,26.911,0.0,0.0,,155.925,673.018,155.04,81.67,75.71,18.1983,57.3559,0.400949,8.36831,117.578,6.78663,3.31059,2.04998,1.05041,0.174703,0.085222,0.08948125690221786,0.255297,1.36217,0.290216,0.699375,,,4.40879,1.63068,1.51405,424.6099853515625,,,,,,,571.0000000000001,3.660256410256411,587.0,3.7628205128205128,,,,,,,,,,,,,,,,,,,Red Sox,23920,678394
Mason Miller,SDP,2.87725,1.44508,0.0,2.42153,59.683,0.071,34.0,1.9856,,64.3725,255.293,39.1139,18.58,17.32,5.25721,24.555,1.64735,1.92441,99.0,13.8413,3.43307,4.03176,0.735017,0.387789,0.0961835,0.29160578548908234,0.170942,0.98907,0.271818,0.800743,,,2.35502,1.62721,1.50034,28.079999923706055,,,,,,,605.7,9.4640625,550.0,8.59375,,,,,,,,,,,,,,,,,,,Padres,31757,695243
Grant Taylor,CHW,2.98995,2.81619,0.0,3.05551,66.352,2.434,6.0,15.0731,,80.088,326.597,61.063,29.09,27.19,6.71313,28.5878,1.66458,1.74592,99.4084,11.1712,3.21259,3.4773,0.754397,0.304376,0.0875322,0.2168438583612442,0.206111,1.1194,0.285839,0.754629,,,2.87861,1.62632,1.43276,508.010009765625,,,,,,,542.3,6.77875,504.0,6.3,,,,,,,,,,,,,,,,,,,White Sox,33927,691799
Bailey Ober,MIN,8.35972,10.6668,12.4575,4.78028,27.186,27.186,0.0,0.0,,157.999,671.773,155.401,89.52,83.92,29.1101,44.3125,0.418705,5.64285,128.444,7.3165,2.52415,2.8986,1.65818,0.191202,0.0659635,0.12523842602968216,0.249913,1.26401,0.272023,0.693217,,,4.85293,1.59046,0.850912,471.4100036621094,,,,,,,515.5,3.2626582278481013,519.0,3.2848101265822787,,,,,,,,,,,,,,,,,,,Twins,21224,641927
Andrew Painter,PHI,5.58376,6.94708,2.69639,4.29176,26.103,18.473,0.0,0.0,,104.852,443.458,100.852,53.53,50.0,14.874,30.4017,1.00661,3.68674,95.9911,8.23943,2.60953,3.15743,1.27672,0.216461,0.0685559,0.14790470153093338,0.246358,1.2518,0.288028,0.703826,,,4.12363,1.58091,1.05318,999.0,,,,,,,419.9,3.999047619047619,420.0,4.0,,,,,,,,,,,,,,,,,,,Phillies,sa3017880,691725
Mike Burrows,HOU,7.7245,9.77027,6.02617,4.50513,28.788,24.319,0.0,0.6558,,129.892,552.95,121.444,69.46,65.02,21.0542,45.0164,0.872108,4.56636,125.922,8.72492,3.11911,2.79724,1.45881,0.227727,0.0814114,0.1463160663843155,0.241263,1.28153,0.281684,0.708112,,,4.44861,1.53467,1.14199,240.85000610351562,,,,,,,495.1,3.808461538461539,483.0,3.7153846153846155,,,,,,,,,,,,,,,,,,,Astros,24728,681347
Richard Fitts,STL,5.30244,8.00998,2.58532,4.20969,26.83,18.616,0.0,0.6663,,105.528,444.653,99.4206,52.79,49.36,13.6578,32.552,1.09304,3.44955,88.5547,7.55242,2.77621,2.72041,1.16482,0.199155,0.0732076,0.12594705820083618,0.24329,1.25059,0.279869,0.701652,,,4.1628,1.53122,1.22183,745.6400146484375,,,,,,,428.80000000000007,4.045283018867925,422.0,3.981132075471698,,,,,,,,,,,,,,,,,,,Cardinals,30160,690916
Spencer Schwellenbach,ATL,4.71721,3.45338,4.68685,3.57592,10.689,10.5,0.0,0.0,,62.7698,256.03,56.7729,26.7,24.94,7.08337,13.2298,0.258021,2.2141,64.7013,9.27695,1.8969,4.89058,1.01562,0.25271,0.0516728,0.2010372318327427,0.235978,1.11523,0.294367,0.720679,,,3.27872,1.53108,1.23884,742.510009765625,,,,,,,316.90000000000003,5.030158730158731,309.0,4.904761904761905,,,,,,,,,,,,,,,,,,,Braves,31846,680885
Kyle Harrison,MIL,5.12912,6.74043,2.37416,4.30612,26.064,16.514,0.0,0.621,,97.1454,414.399,90.6548,49.89,46.48,13.7507,32.8207,1.14342,4.89239,102.712,9.51571,3.04067,3.12948,1.27393,0.247858,0.0792009,0.16865678876638412,0.240665,1.27104,0.295532,0.706029,,,4.0253,1.53047,0.94761,475.17999267578125,,,,,,,405.0000000000001,4.175257731958764,399.0,4.11340206185567,,,,,,,,,,,,,,,,,,,Brewers,27758,690986
Jared Jones,PIT,5.07643,5.73041,4.02097,4.06913,17.507,14.815,0.0,0.6537,,81.9905,345.499,75.3296,39.68,37.07,10.7452,25.4237,0.560351,3.62511,83.6642,9.18372,2.79072,3.2908,1.17949,0.242154,0.0735853,0.1685691699385643,0.238045,1.22884,0.290867,0.712557,,,3.8609,1.50034,1.08022,711.6099853515625,,,,,,,361.5,4.408536585365853,352.0,4.2926829268292686,,,,,,,,,,,,,,,,,,,Pirates,27863,683003
Roki Sasaki,LAD,6.50904,5.88223,2.54504,4.23736,30.213,17.674,0.0,0.7772,,106.538,454.96,97.79,53.61,50.16,12.9478,39.5671,1.24364,5.76753,99.7317,8.42502,3.34251,2.52057,1.09379,0.21921,0.0869685,0.1322413831949234,0.23873,1.28928,0.285716,0.702398,,,4.1194,1.48431,1.13944,278.4599914550781,,,,,,,443.1000000000001,4.141121495327104,432.0,4.037383177570093,,,,,,,,,,,,,,,,,,,Dodgers,35323,808963
Mick Abel,MIN,6.21071,9.22883,3.08835,4.43675,33.036,21.447,0.0,0.6406,,122.299,527.336,110.733,64.35,60.29,16.7507,52.0199,1.3495,5.33589,119.613,8.80233,3.82815,2.29937,1.23268,0.226825,0.0986466,0.12817834317684174,0.235613,1.33078,0.281709,0.7064,,,4.36655,1.48405,1.07077,310.04998779296875,,,,,,,478.10000000000014,3.9188524590163945,462.0,3.7868852459016393,,,,,,,,,,,,,,,,,,,Twins,27756,690953
Brady Singer,CIN,8.72316,11.4756,13.1466,4.94978,29.009,29.009,0.0,0.0,,167.062,724.486,168.209,97.87,91.88,27.6054,57.5924,0.444516,10.0722,150.413,8.10308,3.10263,2.61168,1.48716,0.207613,0.0794942,0.1281191110610962,0.256096,1.3516,0.293657,0.683563,,,4.69766,1.47674,0.623761,382.760009765625,,,,,,,550.5999999999999,3.2970059880239515,567.0,3.395209580838323,,,,,,,,,,,,,,,,,,,Reds,25377,663903
Jacob Lopez,ATH,7.0388,8.73361,9.1212,4.69986,23.262,23.262,0.0,0.0,,126.425,543.886,115.475,70.68,66.02,22.2436,47.8202,0.400854,8.37548,138.209,9.83888,3.40424,2.89018,1.58348,0.254114,0.0879232,0.1661907210946083,0.23678,1.29164,0.284905,0.700812,,,4.56947,1.4653,0.751838,423.0,,,,,,,470.80000000000007,3.736507936507937,452.0,3.5873015873015874,,,,,,,,,,,,,,,,,,,Athletics,25098,682052
Slade Cecconi,CLE,7.79833,10.6759,11.6135,4.74006,26.625,26.625,0.0,0.0,,151.441,645.859,153.418,85.16,79.76,25.7482,41.9845,0.543797,5.83189,122.033,7.25232,2.4951,2.90662,1.53019,0.188947,0.0650057,0.12394135445356369,0.256534,1.29029,0.283547,0.691805,,,4.68101,1.4305,0.909981,610.5499877929688,,,,,,,499.8000000000001,3.309933774834438,517.0,3.423841059602649,,,,,,,,,,,,,,,,,,,Guardians,27500,677944
Sean Burke,CHW,7.55148,10.211,10.5099,4.59998,25.92,25.92,0.0,0.0,,143.257,613.182,128.949,78.4,73.22,22.8786,59.1878,0.396062,4.56933,132.563,8.32817,3.71843,2.2397,1.43733,0.216189,0.0965256,0.11966321617364883,0.234698,1.31328,0.269225,0.70296,,,4.69573,1.41411,1.10591,999.0,,,,,,,513.9000000000001,3.5937062937062945,490.0,3.4265734265734267,,,,,,,,,,,,,,,,,,,White Sox,29878,680732
Luis Morales,ATH,6.05652,8.2984,4.60616,4.56989,25.889,19.752,0.0,0.6364,,113.123,486.378,105.822,61.25,57.44,16.8985,42.8865,0.947281,5.69526,108.45,8.62821,3.41202,2.52877,1.34443,0.222975,0.0881752,0.1347995176911354,0.241714,1.31457,0.284602,0.699384,,,4.44809,1.406,0.871418,733.9500122070312,,,,,,,424.5,3.756637168141593,417.0,3.690265486725664,,,,,,,,,,,,,,,,,,,Athletics,32227,806960
Hunter Barco,PIT,3.69556,4.77641,0.55138,3.98544,32.521,10.796,0.0,0.6537,,83.1477,353.639,75.3625,39.38,36.82,9.04711,30.0901,1.23669,4.1723,85.1438,9.21607,3.25698,2.82963,0.979269,0.240765,0.0850869,0.15567773580551147,0.235967,1.26826,0.294491,0.712092,,,3.73782,1.40365,1.04149,999.0,,,,,,,380.5,4.5843373493975905,370.0,4.457831325301205,,,,,,,,,,,,,,,,,,,Pirates,33174,682995
Cade Smith,CLE,2.55635,1.84668,0.0,3.03963,66.47,0.0,32.0,3.2908,,68.3668,277.626,50.419,24.7,23.09,6.35694,22.4362,1.47699,2.90682,89.8293,11.8254,2.95356,4.00377,0.836846,0.323562,0.0808143,0.24274765700101852,0.199851,1.06565,0.282274,0.752949,,,2.82813,1.37084,1.08743,39.65999984741211,,,,,,,576.4000000000001,8.476470588235296,539.0,7.926470588235294,,,,,,,,,,,,,,,,,,,Guardians,27867,671922
Logan Henderson,MIL,4.6515,5.51159,1.85879,3.94432,24.142,13.873,0.0,0.621,,83.6038,341.794,68.7876,39.21,36.64,14.7919,22.3646,0.913871,2.85768,90.3569,9.72698,2.40757,4.04017,1.59235,0.264361,0.0654331,0.1989275962114334,0.217289,1.09029,0.255392,0.737359,,,4.17872,1.35861,1.23869,375.2300109863281,,,,,,,366.70000000000005,4.365476190476191,334.0,3.9761904761904763,,,,,,,,,,,,,,,,,,,Brewers,31475,701656
Kyle Leahy,STL,4.71297,7.46906,0.911676,4.44897,42.089,15.394,0.0,0.6663,,114.013,490.946,113.884,60.07,56.36,13.6811,40.0238,1.39834,3.1877,94.6013,7.46767,3.15942,2.36362,1.07996,0.192692,0.0815239,0.11116787791252136,0.254355,1.34991,0.295189,0.696362,,,4.17262,1.35792,0.795332,734.7899780273438,,,,,,,439.9999999999999,3.8596491228070167,453.0,3.973684210526316,,,,,,,,,,,,,,,,,,,Cardinals,24763,681517
Shane Bieber,TOR,6.10829,5.33616,4.77125,3.86713,19.247,15.412,0.0,0.6476,,93.3251,384.333,81.1682,42.96,40.1,13.5684,26.3181,0.575629,3.5868,87.0328,8.39319,2.53804,3.30695,1.3085,0.226451,0.0684773,0.15797404199838638,0.229012,1.15174,0.266322,0.729189,,,4.12135,1.3543,1.46084,456.92999267578125,,,,,,,393.4,4.23010752688172,371.0,3.989247311827957,,,,,,,,,,,,,,,,,,,Blue Jays,19427,669456
Justin Verlander,DET,7.18761,8.88854,9.97285,4.73003,23.299,23.299,0.0,0.0,,131.441,564.446,124.152,74.0,69.08,21.2444,47.2939,0.436057,6.08797,105.28,7.20873,3.2383,2.22609,1.45464,0.18652,0.0837882,0.10273168236017227,0.242929,1.30436,0.267613,0.687674,,,4.85273,1.33409,0.764784,672.3599853515625,,,,,,,439.70000000000016,3.3564885496183217,433.0,3.3053435114503817,,,,,,,,,,,,,,,,,,,Tigers,8700,434378
Cristian Javier,HOU,7.81773,9.22379,10.1056,4.62022,24.955,24.955,0.0,0.0,,137.779,588.317,118.035,75.33,70.73,22.3013,59.6049,0.429809,5.69108,118.753,7.7572,3.89351,1.99234,1.45676,0.201853,0.101314,0.10053832083940506,0.225679,1.28931,0.250633,0.698751,,,4.93728,1.33359,1.0942,475.04998779296875,,,,,,,483.8,3.5057971014492755,444.0,3.217391304347826,,,,,,,,,,,,,,,,,,,Astros,17606,664299
Andre Pallante,STL,7.02705,10.0166,6.42466,4.55057,27.927,22.968,0.0,0.0,,129.742,562.35,133.209,69.82,65.6,12.6217,50.559,0.746955,4.72871,83.283,5.77721,3.5072,1.64724,0.875549,0.148098,0.0899066,0.05819156765937805,0.262708,1.41641,0.293288,0.686031,,,4.3944,1.29355,1.04,999.0,,,,,,,454.3,3.494615384615385,479.0,3.6846153846153844,,,,,,,,,,,,,,,,,,,Cardinals,26108,669467
Zach Eflin,BAL,8.92517,10.0537,8.70983,4.73157,29.148,25.24,0.0,0.6611,,145.569,616.837,154.188,82.0,76.53,24.9496,31.8024,0.733847,4.48569,103.508,6.39949,1.96623,3.25471,1.54255,0.167804,0.0515572,0.11624633893370628,0.26559,1.27768,0.285868,0.688401,,,4.689,1.29167,0.850418,420.67999267578125,,,,,,,476.5000000000001,3.2636986301369872,509.0,3.4863013698630136,,,,,,,,,,,,,,,,,,,Orioles,13774,621107
Brandon Sproat,MIL,4.32095,5.54956,0.691217,3.93447,27.974,13.596,0.0,0.621,,87.9991,372.685,77.4115,41.2,38.47,9.39614,33.329,1.20013,5.22763,77.719,7.94862,3.40868,2.33188,0.960979,0.208538,0.0894292,0.11910856515169144,0.231681,1.25843,0.27535,0.712608,,,4.0713,1.28298,1.24578,567.6099853515625,,,,,,,386.3,4.389772727272727,369.0,4.193181818181818,,,,,,,,,,,,,,,,,,,Brewers,33850,687075
Bryce Elder,ATL,6.30363,7.40461,5.6507,4.59532,23.444,18.836,0.0,0.646,,110.754,475.976,112.818,60.36,56.55,14.0659,37.0349,0.851553,3.82228,89.283,7.25524,3.0095,2.41078,1.14301,0.187579,0.0778085,0.10977038741111755,0.259281,1.35302,0.297652,0.687557,,,4.28058,1.26554,0.866644,736.989990234375,,,,,,,414.40000000000003,3.733333333333334,432.0,3.891891891891892,,,,,,,,,,,,,,,,,,,Braves,27779,693821
Griffin Jax,TBR,2.98989,1.76609,0.0,3.00101,62.329,0.109,19.0,11.5346,,63.1288,254.121,48.8093,22.51,21.05,5.95194,16.8827,1.30119,3.07211,78.8675,11.2438,2.4069,4.67149,0.848543,0.310354,0.0664358,0.24391858279705048,0.208439,1.0406,0.286966,0.752834,,,2.81048,1.21381,1.02425,149.92999267578125,,,,,,,506.0000000000001,8.031746031746033,478.0,7.587301587301587,,,,,,,,,,,,,,,,,,,Rays,20253,643377
Zack Littell,WSN,7.66733,11.7391,10.54,4.80703,26.208,25.303,0.0,0.0,,144.351,613.49,151.864,82.54,77.1,25.159,33.483,0.54458,4.1138,95.3978,5.94786,2.0876,2.84914,1.56861,0.1555,0.0545779,0.10092217847704887,0.263701,1.284,0.278266,0.684811,,,4.86053,1.21133,0.6686,708.6199951171875,,,,,,,441.90000000000015,3.068750000000001,474.0,3.2916666666666665,,,,,,,,,,,,,,,,,,,Nationals,15823,641793
Rhett Lowder,CIN,5.39712,8.35447,3.79363,4.74848,27.238,19.306,0.0,0.6526,,113.948,490.546,116.991,64.08,60.12,16.4572,35.6813,1.05398,4.84812,91.6574,7.23941,2.81823,2.56878,1.29985,0.186848,0.0727379,0.11410972476005554,0.259971,1.33985,0.294044,0.683414,,,4.47098,1.17513,0.61103,551.0700073242188,,,,,,,407.59999999999997,3.5754385964912276,427.0,3.745614035087719,,,,,,,,,,,,,,,,,,,Reds,33876,695076
J.T. Ginn,ATH,3.26781,4.48072,0.473371,3.9253,26.449,10.25,0.0,0.6364,,71.1003,301.151,66.3628,33.31,31.01,7.7593,23.8985,1.35874,3.99321,70.4966,8.92358,3.02511,2.94983,0.982186,0.234091,0.0793573,0.15473347157239914,0.242857,1.26949,0.300526,0.717286,,,3.74769,1.12222,0.959291,748.1199951171875,,,,,,,315.4,4.44225352112676,311.0,4.380281690140845,,,,,,,,,,,,,,,,,,,Athletics,27889,669372
Steven Matz,TBR,5.17958,8.98075,3.16882,5.11187,30.435,19.513,0.0,0.6682,,119.246,518.242,132.544,72.55,67.73,19.8139,32.3617,1.43918,4.61925,95.8153,7.23159,2.44247,2.96077,1.49544,0.184885,0.062445,0.12244020402431488,0.27541,1.3829,0.308316,0.673313,,,4.61856,1.09876,0.019394,723.3800048828125,,,,,,,373.7999999999999,3.1411764705882343,420.0,3.5294117647058822,,,,,,,,,,,,,,,,,,,Rays,13361,571927
Robert Gasser,MIL,3.24382,3.60425,0.375168,3.79958,30.0,7.963,0.0,0.621,,66.6074,278.974,58.3067,30.17,28.12,7.58312,20.9766,1.1452,3.67895,64.9347,8.77398,2.83436,3.09558,1.02463,0.232762,0.0751917,0.15757045149803162,0.229266,1.19031,0.279006,0.715239,,,3.77587,1.09527,0.948129,748.3699951171875,,,,,,,305.59999999999997,4.561194029850745,290.0,4.3283582089552235,,,,,,,,,,,,,,,,,,,Brewers,29812,688107
Hunter Dobbins,STL,3.64537,5.49434,1.71359,4.35066,23.763,12.056,0.0,0.6663,,78.5467,337.846,78.3669,40.53,37.97,8.68161,26.8697,1.0676,3.1884,61.7866,7.0796,3.07878,2.29949,0.994753,0.182884,0.0795324,0.10335136950016022,0.254613,1.3398,0.293634,0.695154,,,4.14679,1.09505,0.687428,999.0,,,,,,,309.1,3.9126582278481017,316.0,4.0,,,,,,,,,,,,,,,,,,,Cardinals,30240,690928
Jacob Latz,TEX,4.42839,5.66825,0.690866,4.23152,40.563,12.143,0.0,0.6435,,101.857,432.528,86.5825,51.11,47.89,14.4234,43.506,1.89859,2.4992,97.4307,8.60889,3.84416,2.23947,1.27444,0.225259,0.100585,0.12467314302921295,0.224004,1.27717,0.262713,0.718668,,,4.4179,1.07963,0.922583,729.1799926757812,,,,,,,416.40000000000015,4.082352941176472,388.0,3.803921568627451,,,,,,,,,,,,,,,,,,,Rangers,21306,656641
Devin Williams,NYM,3.39479,1.66578,0.0,2.98051,62.0,0.0,31.0,3.1781,,62.8987,254.874,41.305,22.19,20.83,6.11411,26.6664,1.20593,2.5095,86.4813,12.3744,3.81562,3.24308,0.87485,0.33931,0.104626,0.23468420654535294,0.18301,1.08065,0.264389,0.770579,,,3.04052,1.07657,1.12891,59.619998931884766,,,,,,,534.8000000000001,8.48888888888889,486.0,7.714285714285714,,,,,,,,,,,,,,,,,,,Mets,15816,642207
Dean Kremer,BAL,5.59357,7.11079,2.53156,4.52349,29.312,17.552,0.0,0.6611,,109.588,467.797,106.247,58.86,55.08,17.1998,36.6028,1.11407,2.93602,90.2699,7.41349,3.00603,2.46621,1.41254,0.192968,0.078245,0.11472327262163162,0.248092,1.30352,0.27759,0.707163,,,4.61042,1.07144,0.828193,999.0,,,,,,,393.29999999999995,3.575454545454545,393.0,3.5727272727272728,,,,,,,,,,,,,,,,,,,Orioles,19350,665152
Ian Seymour,TBR,4.53253,7.06965,0.961182,4.49435,36.107,15.326,0.0,0.6682,,107.575,457.975,99.796,57.6,53.72,18.0484,33.8314,1.82443,6.73855,103.825,8.68626,2.83043,3.06889,1.50998,0.226704,0.0738718,0.15283267199993134,0.239087,1.24218,0.276612,0.701621,,,4.51733,1.06943,0.686397,497.3999938964844,,,,,,,406.80000000000007,3.7666666666666675,395.0,3.6574074074074074,,,,,,,,,,,,,,,,,,,Rays,27932,693855
Michael Soroka,ARI,3.45852,4.95181,0.654418,4.25376,36.159,10.879,2.0,0.5628,,89.3914,382.103,79.656,45.17,42.25,11.5154,34.398,1.55862,6.08567,91.1823,9.18031,3.46322,2.6508,1.15938,0.238633,0.0900228,0.1486099287867546,0.233172,1.27589,0.285201,0.703383,,,4.12837,1.06784,0.765738,712.2899780273438,,,,,,,379.0,4.258426966292135,365.0,4.101123595505618,,,,,,,,,,,,,,,,,,,Diamondbacks,18383,647336
Kumar Rocker,TEX,4.84519,6.49604,2.25092,4.37495,26.821,15.556,0.0,0.6435,,91.5851,388.57,87.5132,47.56,44.52,11.9124,29.756,0.937281,3.60309,76.5551,7.52302,2.9241,2.57276,1.17062,0.197018,0.0765782,0.12043952941894531,0.24637,1.28044,0.283422,0.692991,,,4.24698,1.06732,0.817047,731.97998046875,,,,,,,360.40000000000003,3.9173913043478263,360.0,3.9130434782608696,,,,,,,,,,,,,,,,,,,Rangers,31843,677958
Garrett Whitlock,BOS,2.78345,1.66581,0.0,3.37061,57.494,0.0,5.0,14.2429,,63.9766,261.833,53.6924,25.76,23.96,6.4967,17.1184,1.25251,2.73143,71.9409,10.1204,2.40815,4.20255,0.913932,0.274759,0.0653791,0.20937994122505188,0.221885,1.10682,0.288578,0.729976,,,3.13708,1.03665,0.76647,627.6599731445312,,,,,,,424.4,6.63125,407.0,6.359375,,,,,,,,,,,,,,,,,,,Red Sox,20191,676477
Jeremiah Estrada,SDP,2.99834,1.83213,0.0,3.24956,64.834,0.0,3.0,14.9333,,66.1381,272.227,47.5974,25.64,23.88,7.80547,26.8647,1.91125,1.98165,89.2491,12.1449,3.65573,3.32217,1.06216,0.327848,0.0986851,0.22916318476200104,0.195568,1.12586,0.27194,0.768435,,,3.27896,1.03281,0.874367,620.1300048828125,,,,,,,431.2000000000001,6.533333333333335,392.0,5.9393939393939394,,,,,,,,,,,,,,,,,,,Padres,22210,669093
Janson Junk,MIA,3.36073,5.36314,0.614375,4.4091,37.903,10.582,0.0,0.6387,,89.2223,378.751,90.3197,46.88,43.71,11.984,23.4616,1.59138,2.48416,65.9494,6.65243,2.36661,2.81095,1.20884,0.174123,0.0619446,0.11217885836958885,0.256004,1.27526,0.28499,0.689677,,,4.27532,1.03193,0.547294,999.0,,,,,,,338.0,3.797752808988764,350.0,3.932584269662921,,,,,,,,,,,,,,,,,,,Marlins,23301,676083
Edwin Díaz,LAD,3.40101,1.4197,0.0,3.57066,61.975,0.0,36.0,2.9595,,64.904,268.182,49.1144,27.63,25.75,7.6183,22.7787,0.885199,5.42374,88.9374,12.3326,3.15865,3.9044,1.0564,0.331631,0.0849377,0.24669339507818222,0.204661,1.10768,0.289325,0.722929,,,3.22404,1.00232,0.612828,32.95000076293945,,,,,,,541.2,8.326153846153847,507.0,7.8,,,,,,,,,,,,,,,,,,,Dodgers,14710,621242
Cody Bradford,TEX,2.86605,3.32404,0.345537,3.83592,26.826,7.298,0.0,0.6435,,61.9642,255.544,55.378,28.29,26.41,8.02823,15.0586,1.17267,1.90057,56.1677,8.15808,2.18719,3.72993,1.16606,0.219797,0.0589278,0.1608688086271286,0.232111,1.13673,0.271519,0.711971,,,3.82762,0.998399,0.847122,999.0,,,,,,,282.4,4.554838709677419,271.0,4.370967741935484,,,,,,,,,,,,,,,,,,,Rangers,27597,674003
Adrian Morejon,SDP,2.80367,1.77947,0.0,3.35004,62.424,0.0,2.0,13.342,,64.5843,265.801,57.6493,25.9,24.04,5.3925,16.7644,1.47669,2.5732,63.069,8.78884,2.33616,3.76209,0.751459,0.237279,0.0630712,0.17420803755521774,0.233906,1.15219,0.293575,0.725555,,,3.16575,0.99067,0.820326,734.6699829101562,,,,,,,396.7,6.103076923076923,388.0,5.969230769230769,,,,,,,,,,,,,,,,,,,Padres,20039,670970
Drew Anderson,DET,2.00612,2.87161,0.0,3.76449,44.734,4.393,0.0,9.1171,,74.2332,317.729,55.7998,33.3,31.05,8.84481,39.0255,1.96283,4.59167,100.505,12.1851,4.73144,2.57536,1.07234,0.316322,0.122827,0.19349566847085953,0.203566,1.2774,0.284986,0.746281,,,3.73897,0.983339,0.825312,999.0,,,,,,,397.30000000000007,5.3689189189189195,359.0,4.851351351351352,,,,,,,,,,,,,,,,,,,Tigers,15130,623454
Nick Martinez,TBR,6.02652,10.137,3.48265,5.1014,37.668,21.821,0.0,0.6682,,141.367,612.906,153.224,85.73,80.13,22.7472,39.4697,1.33302,7.46566,99.3925,6.32773,2.5128,2.5182,1.44818,0.162166,0.0643976,0.0977683812379837,0.270727,1.36307,0.293978,0.665,,,4.81682,0.980927,0.0164943,737.22998046875,,,,,,,426.7000000000001,3.026241134751774,470.0,3.3333333333333335,,,,,,,,,,,,,,,,,,,Rays,12730,607259
Lucas Giolito,,6.37493,8.08426,6.78176,4.7807,20.043,17.975,0.0,0.0,,104.106,449.065,99.017,59.1,55.3,17.2952,41.4615,0.609231,2.68594,91.1381,7.87892,3.58436,2.19814,1.49517,0.202951,0.0923284,0.11062216758728027,0.244536,1.34938,0.275636,0.699938,,,4.81615,0.979553,0.558519,726.6300048828125,,,,,,,353.1,3.395192307692308,349.0,3.355769230769231,,,,,,,,,,,,,,,,,,,,15474,608337
Luis Severino,ATH,8.5989,10.972,13.886,5.15986,27.59,27.59,0.0,0.0,,166.208,726.101,171.323,101.74,95.29,28.9493,56.1225,0.570035,13.6271,128.707,6.96937,3.03898,2.29333,1.56758,0.177258,0.0772929,0.09996514767408371,0.261023,1.36844,0.285492,0.672522,,,5.10962,0.97749,0.191737,647.3699951171875,,,,,,,475.1,2.8620481927710846,501.0,3.0180722891566263,,,,,,,,,,,,,,,,,,,Athletics,15890,622663
Griffin Canning,SDP,5.15553,6.87261,2.44395,4.51746,26.456,16.972,0.0,0.6518,,100.271,431.376,95.948,53.89,50.33,14.9346,38.8802,1.19868,2.98607,90.2523,8.10075,3.48976,2.32129,1.34048,0.20922,0.0901308,0.11908893287181854,0.246331,1.34464,0.284935,0.710485,,,4.52382,0.975623,0.729701,999.0,,,,,,,363.9,3.639,363.0,3.63,,,,,,,,,,,,,,,,,,,Padres,19867,656288
Bryan Abreu,HOU,2.96143,1.86262,0.0,3.47065,64.729,0.0,12.0,12.5386,,67.3706,281.334,51.4138,27.78,25.98,7.00385,28.754,0.843115,3.05672,88.0575,11.7636,3.84123,3.06244,0.93564,0.313,0.102206,0.21079419553279877,0.206049,1.18995,0.287515,0.744543,,,3.28902,0.957864,0.720872,183.08999633789062,,,,,,,469.0999999999999,7.001492537313432,436.0,6.507462686567164,,,,,,,,,,,,,,,,,,,Astros,16609,650556
Andrés Muñoz,SEA,2.55677,1.76207,0.0,3.09942,60.703,0.0,34.0,3.3601,,62.2277,255.0,45.4532,22.91,21.43,5.48757,23.5739,1.74135,3.97956,77.551,11.2162,3.4095,3.28969,0.793668,0.304121,0.0924468,0.2116745039820671,0.199841,1.10927,0.276755,0.751773,,,3.11741,0.954874,0.969848,41.310001373291016,,,,,,,534.3,8.61774193548387,499.0,8.048387096774194,,,,,,,,,,,,,,,,,,,Mariners,20373,662253
Trevor McDonald,SFG,2.48644,3.41956,0.363576,3.89384,22.452,7.679,0.0,0.656,,59.9794,255.558,57.5291,27.87,25.95,5.72982,20.3896,1.12219,3.27715,54.0591,8.11165,3.05949,2.65131,0.859768,0.211534,0.0797847,0.13174916803836823,0.248087,1.29909,0.300981,0.716036,,,3.75818,0.952045,0.788861,748.3699951171875,,,,,,,262.4,4.373333333333333,265.0,4.416666666666667,,,,,,,,,,,,,,,,,,,Giants,26448,686790
Dylan Lee,ATL,2.59861,1.49868,0.0,3.40007,62.438,0.0,2.0,15.9217,,64.0839,258.673,52.476,26.0,24.21,8.21666,15.9213,1.32576,0.873841,73.4234,10.3116,2.236,4.61166,1.15395,0.283846,0.0615497,0.222296305000782,0.216952,1.06731,0.27621,0.745198,,,3.29672,0.945356,0.766048,999.0,,,,,,,409.00000000000006,6.390625000000001,385.0,6.015625,,,,,,,,,,,,,,,,,,,Braves,19996,669276
Seth Lugo,KCR,8.32306,10.2657,12.7897,5.02994,26.362,26.362,0.0,0.0,,156.473,680.563,159.869,93.38,87.45,26.3189,55.3321,0.563334,7.07802,122.499,7.04586,3.18259,2.21388,1.51381,0.179996,0.0813035,0.09869250655174255,0.258623,1.37532,0.284551,0.683027,,,4.95257,0.93868,0.447361,500.989990234375,,,,,,,476.60000000000014,3.055128205128206,500.0,3.2051282051282053,,,,,,,,,,,,,,,,,,,Royals,12447,607625
Patrick Sandoval,BOS,3.31495,3.95333,0.415401,3.95474,31.845,8.563,0.0,0.676,,70.662,305.044,64.8493,33.48,31.05,6.56493,31.88,1.67476,2.9283,64.7411,8.24588,4.06045,2.03078,0.836155,0.212235,0.104509,0.1077258363366127,0.239973,1.3689,0.292989,0.722532,,,3.98831,0.936262,0.890869,999.0,,,,,,,299.29999999999995,4.215492957746478,293.0,4.126760563380282,,,,,,,,,,,,,,,,,,,Red Sox,19447,663776
Gabe Speier,SEA,2.53765,1.82144,0.0,3.2396,60.82,0.0,2.0,11.7292,,58.0072,235.078,45.734,22.41,20.88,6.26028,14.7634,1.53558,3.80961,68.6182,10.6463,2.29058,4.64787,0.971303,0.291895,0.0628019,0.2290932610630989,0.211237,1.04293,0.278716,0.73623,,,3.13283,0.935356,0.856323,748.239990234375,,,,,,,374.80000000000007,6.4620689655172425,351.0,6.051724137931035,,,,,,,,,,,,,,,,,,,Mariners,17170,642100
Matt Brash,SEA,2.47519,1.77976,0.0,3.10124,59.069,0.069,4.0,12.3263,,60.421,251.45,45.5059,22.26,20.82,4.30543,26.8629,1.35038,2.83887,71.7717,10.6907,4.00136,2.67177,0.641315,0.285431,0.106832,0.17859916388988495,0.205214,1.19774,0.282832,0.75532,,,3.1605,0.925064,0.965526,737.1400146484375,,,,,,,397.19999999999993,6.619999999999999,370.0,6.166666666666667,,,,,,,,,,,,,,,,,,,Mariners,25756,666374
Chris Paddack,MIA,5.7372,9.81266,5.34379,4.97908,27.512,21.466,0.0,0.6387,,121.649,524.013,128.538,72.11,67.3,21.3177,34.6696,0.953282,3.66765,87.1992,6.45129,2.56497,2.51515,1.57716,0.166406,0.0661616,0.10024484992027283,0.264657,1.34163,0.284283,0.683081,,,4.92507,0.916136,0.330989,748.2899780273438,,,,,,,370.10000000000025,3.0336065573770514,398.0,3.262295081967213,,,,,,,,,,,,,,,,,,,Marlins,20099,663978
Aroldis Chapman,BOS,2.79527,1.56606,0.0,3.12045,56.026,0.0,29.0,1.9343,,55.665,229.394,37.878,20.69,19.3,5.3538,25.3552,0.990843,2.67621,76.7241,12.4049,4.09947,3.02597,0.865611,0.334465,0.110531,0.22393347322940826,0.188109,1.13596,0.272662,0.763273,,,3.13955,0.914029,0.8523,63.970001220703125,,,,,,,477.1000000000001,8.519642857142859,438.0,7.821428571428571,,,,,,,,,,,,,,,,,,,Red Sox,10233,547973
Jhoan Duran,PHI,2.59641,1.48383,0.0,3.36989,64.406,0.0,33.0,3.1262,,65.6461,269.353,56.108,26.41,24.58,6.56097,18.9518,1.85031,2.62514,72.4759,9.93635,2.59827,3.82421,0.899501,0.269074,0.0703607,0.19871366769075394,0.226447,1.1434,0.293632,0.738523,,,3.2124,0.911188,0.874464,41.56999969482422,,,,,,,511.70000000000005,7.753030303030304,494.0,7.484848484848484,,,,,,,,,,,,,,,,,,,Phillies,21029,661395
David Bednar,NYY,3.27306,1.55922,0.0,3.38006,60.413,0.0,32.0,1.5548,,61.5345,250.722,47.415,24.68,23.11,7.12448,20.0994,1.53862,1.76454,73.241,10.7122,2.93972,3.64394,1.04202,0.292121,0.0801661,0.21195459365844727,0.207181,1.09718,0.271331,0.744426,,,3.32573,0.897658,0.761596,63.720001220703125,,,,,,,498.49999999999994,8.04032258064516,467.0,7.532258064516129,,,,,,,,,,,,,,,,,,,Yankees,19569,670280
Abner Uribe,MIL,3.37542,1.79443,0.0,3.09015,64.135,0.0,18.0,6.8784,,66.3462,277.346,49.4923,24.31,22.78,4.60701,31.2949,1.62046,3.59147,75.5481,10.2483,4.24522,2.41407,0.624951,0.272397,0.112837,0.159559465944767,0.204126,1.21766,0.27655,0.759742,,,3.33792,0.893428,1.08313,166.99000549316406,,,,,,,464.5000000000001,7.03787878787879,430.0,6.515151515151516,,,,,,,,,,,,,,,,,,,Brewers,25327,682842
Aaron Ashby,MIL,2.97518,2.09592,0.0,3.33077,56.205,1.597,1.0,13.2076,,72.6859,307.747,59.0,28.87,26.9,4.71203,32.8555,1.62284,5.50191,77.2799,9.56884,4.06818,2.35212,0.583446,0.251115,0.106762,0.1443539261817932,0.219014,1.26373,0.289694,0.738758,,,3.43463,0.891042,1.05779,999.0,,,,,,,419.30000000000007,5.743835616438357,394.0,5.397260273972603,,,,,,,,,,,,,,,,,,,Brewers,23550,676879
Lance McCullers Jr.,HOU,4.32322,6.14705,2.1784,4.59475,22.614,14.793,0.0,0.6558,,82.2678,359.381,76.5309,44.84,42.0,10.1906,37.767,0.728354,5.6071,77.7161,8.50205,4.13166,2.05778,1.11484,0.21625,0.105089,0.11116085946559906,0.242181,1.38934,0.290838,0.694363,,,4.4378,0.879908,0.525594,999.0,,,,,,,311.6000000000001,3.800000000000001,308.0,3.7560975609756095,,,,,,,,,,,,,,,,,,,Astros,14120,621121
Spencer Arrighetti,HOU,4.53735,6.51297,2.29409,4.68463,25.002,15.384,0.0,0.6558,,93.1962,404.42,82.8063,51.68,48.51,13.6799,42.3403,1.03184,6.11185,92.2883,8.91233,4.08883,2.17968,1.32107,0.228199,0.104694,0.12350533902645111,0.232623,1.34283,0.276506,0.693115,,,4.62252,0.87971,0.480874,726.3300170898438,,,,,,,344.2,3.7010752688172044,327.0,3.5161290322580645,,,,,,,,,,,,,,,,,,,Astros,29921,681293
Max Scherzer,TOR,4.78096,6.08885,2.33586,4.69568,24.463,15.447,0.0,0.6476,,90.5619,384.416,85.1129,50.31,47.25,17.0542,27.6423,0.855066,4.10771,84.0484,8.35269,2.74708,3.04057,1.69484,0.218639,0.0719073,0.14673184603452682,0.241341,1.24506,0.270543,0.702584,,,4.77885,0.876762,0.56777,574.8900146484375,,,,,,,319.29999999999995,3.5087912087912083,310.0,3.4065934065934065,,,,,,,,,,,,,,,,,,,Blue Jays,3137,453286
Connelly Early,BOS,2.30904,2.84724,0.338246,3.56166,15.54,7.144,0.0,0.676,,46.1161,193.124,39.3428,19.6,18.25,4.46191,16.6002,0.697878,2.44253,48.5155,9.46826,3.2397,2.92258,0.870785,0.251214,0.0859563,0.16525741666555405,0.226002,1.21309,0.288024,0.731302,,,3.52767,0.875603,0.783525,273.70001220703125,,,,,,,234.80000000000004,5.104347826086958,223.0,4.8478260869565215,,,,,,,,,,,,,,,,,,,Red Sox,33666,813349
Johan Oviedo,BOS,4.37682,6.18712,0.837431,4.45044,30.62,14.482,0.0,0.676,,93.3076,403.81,82.1605,49.35,46.14,12.8436,43.2859,1.38324,5.29743,89.9362,8.67481,4.17514,2.07773,1.23883,0.222719,0.107194,0.11552561074495316,0.231291,1.34444,0.274581,0.708102,,,4.55886,0.875598,0.708076,523.4600219726562,,,,,,,355.1000000000001,3.818279569892474,336.0,3.6129032258064515,,,,,,,,,,,,,,,,,,,Red Sox,22487,670912
Aaron Civale,ATH,6.38442,8.83391,9.23689,5.14978,22.352,22.352,0.0,0.0,,122.877,535.44,127.097,75.22,70.31,22.0478,42.0564,0.409701,6.11607,103.96,7.61446,3.08038,2.47192,1.61487,0.194159,0.0785456,0.11561302095651627,0.260836,1.37661,0.290786,0.679267,,,4.95174,0.873928,0.192255,748.3699951171875,,,,,,,373.40000000000003,3.0357723577235776,393.0,3.1951219512195124,,,,,,,,,,,,,,,,,,,Athletics,19479,650644
Mason Montgomery,PIT,2.62741,1.57664,0.0,3.54045,56.64,0.0,2.0,12.0667,,59.2043,248.997,48.3379,24.93,23.29,5.48474,23.5836,1.43481,2.81346,70.1374,10.662,3.58509,2.97398,0.833768,0.281679,0.0947145,0.18696486204862595,0.217151,1.2148,0.291562,0.731467,,,3.30773,0.86428,0.599234,999.0,,,,,,,367.3,6.22542372881356,347.0,5.88135593220339,,,,,,,,,,,,,,,,,,,Pirates,29770,682254
Anthony Kay,CHW,5.32726,9.64765,3.30374,5.01198,31.614,20.791,0.0,0.5969,,126.435,560.191,124.015,75.23,70.41,18.0328,60.0675,1.87181,7.05148,108.329,7.7112,4.27577,1.80346,1.28362,0.193379,0.107227,0.08615270256996155,0.251515,1.45594,0.289008,0.685311,,,4.86823,0.843083,0.23608,717.8099975585938,,,,,,,407.60000000000014,3.234920634920636,415.0,3.2936507936507935,,,,,,,,,,,,,,,,,,,White Sox,20387,641743
Matt Svanson,STL,2.62688,1.83076,0.0,3.53064,56.952,0.0,6.0,13.3744,,63.7533,267.736,55.462,26.74,25.01,5.16089,22.3406,1.73615,3.44771,63.6353,8.98334,3.1538,2.84842,0.728559,0.237679,0.0834425,0.15423663705587387,0.229231,1.22037,0.290503,0.723498,,,3.40471,0.839639,0.662594,552.8699951171875,,,,,,,404.1,6.3140625,390.0,6.09375,,,,,,,,,,,,,,,,,,,Cardinals,29629,694335
Andrew Alvarez,WSN,2.81488,5.08758,0.604944,4.11488,27.916,10.135,0.0,0.6466,,71.7615,308.563,69.5812,35.22,32.81,6.79385,27.4108,1.1314,2.91121,55.9186,7.01306,3.43774,2.04002,0.852054,0.181223,0.0888337,0.09238899499177933,0.250075,1.35159,0.291318,0.706122,,,4.07504,0.832928,0.797919,999.0,,,,,,,290.70000000000005,4.0375000000000005,295.0,4.097222222222222,,,,,,,,,,,,,,,,,,,Nationals,29914,674841
Josh Hader,HOU,2.21091,1.25597,0.0,3.13045,45.966,0.0,23.0,2.7697,,48.271,194.168,31.6468,17.93,16.79,6.36632,16.7199,0.824369,3.09152,70.0777,13.0658,3.11737,4.19129,1.18698,0.360913,0.0861102,0.2748025581240654,0.181506,1.00198,0.258194,0.77145,,,3.17742,0.832492,0.730811,123.93000030517578,,,,,,,405.20000000000005,8.441666666666668,369.0,7.6875,,,,,,,,,,,,,,,,,,,Astros,14212,623352
Joe Boyle,TBR,3.23118,5.0513,0.656663,4.48093,24.83,11.088,0.0,0.6682,,73.3508,321.618,63.0215,39.08,36.52,8.99242,41.3747,1.18372,3.04051,82.1455,10.0791,5.07659,1.9854,1.10335,0.255413,0.128645,0.12676772475242615,0.227348,1.42325,0.290378,0.711453,,,4.30562,0.825727,0.495997,748.1500244140625,,,,,,,301.70000000000005,4.132876712328768,284.0,3.8904109589041096,,,,,,,,,,,,,,,,,,,Rays,29608,671212
Jose A. Ferrer,SEA,2.50049,1.92615,0.0,3.50037,62.07,0.0,3.0,16.186,,64.6646,268.56,59.7112,26.98,25.15,5.30705,16.6274,1.62135,3.84539,60.21,8.38001,2.3142,3.62112,0.738634,0.224195,0.0619132,0.16228197515010834,0.240686,1.18053,0.29799,0.71629,,,3.28963,0.822738,0.716448,999.0,,,,,,,399.5,6.1461538461538465,396.0,6.092307692307692,,,,,,,,,,,,,,,,,,,Mariners,24017,678606
Ryan Helsley,BAL,2.95734,1.8019,0.0,3.48949,60.022,0.0,29.0,3.4176,,62.5708,258.606,51.2991,25.94,24.26,6.77727,21.9178,1.36079,1.15193,68.3334,9.82887,3.15259,3.11771,0.974822,0.264238,0.0847537,0.17948387563228607,0.217797,1.17014,0.277523,0.741846,,,3.46511,0.814394,0.711971,85.5,,,,,,,471.5,7.484126984126984,448.0,7.111111111111111,,,,,,,,,,,,,,,,,,,Orioles,18138,664854
Randy Vásquez,SDP,7.00517,9.93398,6.04239,5.11608,28.506,23.44,0.0,0.6518,,127.715,560.741,136.45,77.65,72.6,19.3341,44.9422,1.13351,6.61509,83.031,5.85115,3.16705,1.84751,1.36246,0.148074,0.080148,0.067925825715065,0.267978,1.42029,0.287883,0.672234,,,5.01395,0.809125,0.128531,723.8599853515625,,,,,,,373.9,2.92109375,407.0,3.1796875,,,,,,,,,,,,,,,,,,,Padres,24719,681190
José Berríos,TOR,3.83145,4.91023,0.782276,4.45389,29.558,11.899,0.0,0.6476,,86.8298,372.128,84.6119,45.96,42.97,12.0889,29.0599,1.42552,5.03994,72.1,7.47325,3.01209,2.48108,1.25303,0.193751,0.0780913,0.11565938591957092,0.25031,1.30913,0.285704,0.699883,,,4.46251,0.798173,0.61527,712.5599975585938,,,,,,,321.20000000000005,3.691954022988506,325.0,3.735632183908046,,,,,,,,,,,,,,,,,,,Blue Jays,14168,621244
Kyle Freeland,COL,6.94612,12.2484,13.0515,5.81014,27.664,27.664,0.0,0.0,,159.084,703.455,193.604,110.47,102.7,31.1267,39.2864,0.630094,5.20416,116.582,6.59548,2.22258,2.96748,1.76096,0.165727,0.0558478,0.10987946391105652,0.2938,1.46395,0.3178,0.646656,,,5.05208,0.797603,-0.927852,999.0,,,,,,,392.9000000000002,2.4710691823899382,494.0,3.106918238993711,,,,,,,,,,,,,,,,,,,Rockies,16256,607536
Alex Vesia,LAD,3.49122,1.43655,0.0,3.54046,60.969,0.0,2.0,17.9778,,60.8057,248.534,44.5585,25.64,23.92,8.68402,21.9263,1.51407,2.34048,74.0767,10.9643,3.24536,3.37844,1.28534,0.298054,0.0882224,0.2098318561911583,0.198685,1.0934,0.253518,0.75183,,,3.7525,0.774727,0.603651,745.52001953125,,,,,,,381.7000000000001,6.257377049180329,346.0,5.672131147540983,,,,,,,,,,,,,,,,,,,Dodgers,25007,681911
Phil Maton,CHC,2.76693,1.90425,0.0,3.49059,61.829,0.0,5.0,14.5752,,62.19,258.789,48.1727,25.78,24.12,6.40797,22.9139,1.29235,5.51687,73.5752,10.6476,3.31605,3.21094,0.927347,0.284305,0.0885427,0.1957625150680542,0.20912,1.14306,0.277736,0.729394,,,3.47998,0.773025,0.657689,740.0599975585938,,,,,,,406.2,6.551612903225807,378.0,6.096774193548387,,,,,,,,,,,,,,,,,,,Cubs,18064,664208
Miles Mikolas,WSN,6.30994,11.4168,10.9921,5.25016,25.765,25.765,0.0,0.0,,143.31,622.07,158.565,89.49,83.6,25.2646,37.7629,0.47921,5.20998,86.9396,5.45989,2.37155,2.30225,1.58664,0.139759,0.0607053,0.07905329018831253,0.273814,1.36995,0.285505,0.663765,,,5.11322,0.772427,0.0543703,999.0,,,,,,,382.30000000000007,2.673426573426574,435.0,3.041958041958042,,,,,,,,,,,,,,,,,,,Nationals,9803,571945
Daniel Palencia,CHC,2.70928,1.93826,0.0,3.61003,61.075,0.0,30.0,3.3452,,63.4732,266.374,50.349,27.27,25.46,6.59993,26.5477,1.31668,3.13192,74.0183,10.4952,3.76425,2.78813,0.935818,0.277874,0.0996634,0.17821072041988373,0.212718,1.21148,0.280307,0.733507,,,3.55738,0.770464,0.608262,93.69999694824219,,,,,,,470.1,7.461904761904762,444.0,7.0476190476190474,,,,,,,,,,,,,,,,,,,Cubs,27914,694037
Orion Kerkering,PHI,2.51759,1.51894,0.0,3.53151,61.861,0.078,1.0,9.5796,,62.3104,258.546,52.4611,26.27,24.45,6.20054,19.6903,1.27497,3.49625,63.9116,9.23127,2.84403,3.24584,0.895594,0.247197,0.076158,0.17103863507509232,0.222898,1.15794,0.279948,0.722876,,,3.49372,0.765168,0.657689,999.0,,,,,,,353.79999999999995,5.7064516129032254,336.0,5.419354838709677,,,,,,,,,,,,,,,,,,,Phillies,31776,689147
Luis Gil,NYY,4.71957,5.61989,0.834754,4.54591,36.896,13.212,0.0,0.691,,97.0894,423.428,83.3888,52.06,49.04,13.2,50.8084,1.42537,4.68356,91.4849,8.48047,4.70984,1.80059,1.22361,0.216057,0.119993,0.09606462717056274,0.226639,1.3822,0.266623,0.70981,,,4.7327,0.745222,0.57609,351.6099853515625,,,,,,,360.1000000000001,3.7123711340206196,334.0,3.443298969072165,,,,,,,,,,,,,,,,,,,Yankees,21052,661563
Ben Brown,CHC,1.78935,2.17838,0.0,4.08593,38.141,2.686,0.0,7.5003,,61.4548,260.837,54.6215,29.91,27.9,7.82448,23.1713,1.6821,1.98762,65.6157,9.60936,3.39342,2.83176,1.14589,0.251559,0.0888347,0.1627241149544716,0.231763,1.26585,0.288447,0.716395,,,3.88306,0.732585,0.374733,734.8499755859375,,,,,,,299.0000000000001,4.901639344262297,290.0,4.754098360655738,,,,,,,,,,,,,,,,,,,Cubs,23590,676962
Tyler Holton,DET,2.55008,1.89497,0.0,3.45217,61.327,0.533,1.0,13.7777,,67.5749,275.626,58.7514,27.88,25.92,7.12145,16.0637,1.171,2.45157,54.6684,7.28104,2.13945,3.40323,0.948474,0.198342,0.0582806,0.14006178081035614,0.228506,1.10714,0.264333,0.723804,,,3.70913,0.719661,0.827659,999.0,,,,,,,380.70000000000005,5.598529411764707,366.0,5.382352941176471,,,,,,,,,,,,,,,,,,,Tigers,26231,663947
Trevor Megill,MIL,3.06355,1.88278,0.0,3.78059,60.157,0.0,19.0,8.9471,,62.2284,258.645,51.0334,28.02,26.14,8.08683,21.285,1.61514,2.0577,71.1476,10.29,3.07841,3.34262,1.16959,0.275079,0.0822942,0.192784383893013,0.216885,1.16214,0.275179,0.726241,,,3.66322,0.71775,0.451009,139.99000549316406,,,,,,,431.79999999999995,6.9645161290322575,410.0,6.612903225806452,,,,,,,,,,,,,,,,,,,Brewers,17722,656730
Jonathan Cannon,CHW,3.49693,6.44288,0.945254,4.88172,30.438,13.123,0.0,0.5969,,93.3605,405.511,94.281,54.2,50.64,13.8495,33.1166,1.4088,4.4419,68.8125,6.63356,3.19245,2.07789,1.3351,0.169693,0.0816663,0.08802705258131027,0.256232,1.36458,0.281929,0.677703,,,4.79638,0.71724,0.197884,999.0,,,,,,,302.6,3.253763440860215,314.0,3.3763440860215055,,,,,,,,,,,,,,,,,,,White Sox,31730,686563
Ryan Walker,SFG,2.34965,1.87286,0.0,3.90912,59.182,0.175,26.0,3.338,,61.0802,262.406,58.1856,28.49,26.53,5.07025,21.6139,1.22771,4.48216,61.8443,9.11259,3.18475,2.86132,0.747088,0.235682,0.0823682,0.15331391245126724,0.246226,1.30647,0.313559,0.705759,,,3.47097,0.711902,0.397188,146.77000427246094,,,,,,,427.1000000000001,7.001639344262296,428.0,7.016393442622951,,,,,,,,,,,,,,,,,,,Giants,20423,676254
Fernando Cruz,NYY,3.06674,1.47586,0.0,3.40031,56.683,0.065,2.0,15.9832,,58.0183,240.604,40.7867,23.39,21.92,6.8859,26.2903,0.913333,3.07562,80.0001,12.4099,4.07825,3.04295,1.06816,0.332497,0.109268,0.2232290282845497,0.193084,1.15614,0.27262,0.760611,,,3.43874,0.70877,0.752632,999.0,,,,,,,383.5,6.612068965517241,346.0,5.9655172413793105,,,,,,,,,,,,,,,,,,,Yankees,7048,518585
Patrick Corbin,,4.10802,5.72647,4.34793,5.01823,13.785,12.404,0.0,0.0,,69.3532,302.375,73.028,41.49,38.67,10.3606,24.6151,0.409304,2.50692,61.4054,7.9686,3.19431,2.49462,1.3445,0.203077,0.0814059,0.12167093902826309,0.265312,1.40791,0.307967,0.675418,,,4.4796,0.701263,0.183679,999.0,,,,,,,235.8,3.4173913043478263,253.0,3.6666666666666665,,,,,,,,,,,,,,,,,,,,9323,571578
Camilo Doval,NYY,3.22536,1.5887,0.0,3.45992,60.367,0.0,5.0,13.7505,,61.5448,259.092,48.8448,25.23,23.66,4.87984,27.2815,1.54615,3.61908,66.2149,9.68294,3.98951,2.4271,0.713603,0.255565,0.105297,0.15026866644620895,0.214052,1.23693,0.279859,0.734492,,,3.52038,0.68938,0.761596,672.6599731445312,,,,,,,389.9,6.288709677419354,365.0,5.887096774193548,,,,,,,,,,,,,,,,,,,Yankees,21992,666808
David Festa,MIN,2.16636,3.21787,0.398667,4.37298,19.329,6.785,1.0,0.6406,,48.2211,206.484,44.9626,25.08,23.43,6.31449,17.7607,0.73932,2.07111,48.4568,9.04399,3.31486,2.72832,1.17854,0.234676,0.0860148,0.14866076409816742,0.24089,1.30074,0.293053,0.698612,,,4.0615,0.688039,0.366038,999.0,,,,,,,209.40000000000003,4.362500000000001,207.0,4.3125,,,,,,,,,,,,,,,,,,,Twins,30056,701581
José Urquidy,PIT,3.12073,4.60832,0.657504,4.70907,29.152,9.659,0.0,0.6537,,74.4605,319.396,74.1954,41.54,38.96,10.8627,23.4052,1.0463,2.85556,56.8706,6.87392,2.82898,2.42983,1.31297,0.178057,0.0732796,0.10477704554796219,0.25311,1.31077,0.280977,0.680407,,,4.56216,0.68704,0.201453,999.0,,,,,,,259.9,3.512162162162162,267.0,3.608108108108108,,,,,,,,,,,,,,,,,,,Pirates,18413,664353
A.J. Minter,NYM,2.39266,1.41334,0.0,3.58937,45.987,0.0,1.0,13.7055,,46.5124,191.95,38.5426,19.97,18.55,5.06094,14.5938,0.904632,2.01636,51.9504,10.0522,2.82386,3.55975,0.979276,0.270645,0.0760292,0.194615937769413,0.219816,1.14241,0.282955,0.720209,,,3.38715,0.684816,0.46855,999.0,,,,,,,298.9,6.359574468085106,284.0,6.042553191489362,,,,,,,,,,,,,,,,,,,Mets,18655,621345
Raisel Iglesias,ATL,2.43178,1.58511,0.0,3.89024,60.924,0.0,26.0,4.4275,,62.3021,258.924,56.9967,28.85,26.93,7.9423,16.0618,1.41222,1.95505,64.3353,9.29371,2.32025,4.00548,1.14732,0.248471,0.0620329,0.18643858283758163,0.236592,1.17265,0.2909,0.713739,,,3.59467,0.676693,0.348002,100.79000091552734,,,,,,,432.2,6.970967741935484,426.0,6.870967741935484,,,,,,,,,,,,,,,,,,,Braves,17130,628452
Davis Martin,CHW,7.21106,11.2143,11.8379,5.21002,26.636,26.636,0.0,0.0,,151.082,660.255,155.271,93.48,87.46,26.3393,56.0806,0.514997,7.08242,110.196,6.56439,3.34074,1.96495,1.56904,0.166899,0.0849379,0.08196089416742325,0.260046,1.39892,0.279948,0.675573,,,5.19699,0.668012,0.149647,999.0,,,,,,,425.60000000000014,2.818543046357617,448.0,2.966887417218543,,,,,,,,,,,,,,,,,,,White Sox,21448,663436
Pete Fairbanks,MIA,2.21341,1.74191,0.0,3.82933,57.879,0.0,26.0,4.1124,,59.5091,249.357,52.6586,27.25,25.32,6.11925,20.3152,1.16074,2.33921,58.8279,8.89698,3.07242,2.89576,0.925459,0.235918,0.0814703,0.15444815903902054,0.23228,1.22626,0.287714,0.709921,,,3.63687,0.664997,0.446444,112.08999633789062,,,,,,,430.40000000000003,7.173333333333334,420.0,7.0,,,,,,,,,,,,,,,,,,,Marlins,17998,664126
Erick Fedde,CHW,4.70337,8.14578,4.77853,5.31581,22.327,17.306,0.0,0.5969,,100.805,443.757,107.501,63.35,59.54,15.0697,39.8049,0.73642,2.55462,69.5601,6.21042,3.55383,1.74753,1.34545,0.156753,0.0896998,0.06705310940742493,0.267816,1.46129,0.291794,0.665216,,,4.9591,0.660922,-0.040439,999.0,,,,,,,297.1000000000001,2.9415841584158424,325.0,3.217821782178218,,,,,,,,,,,,,,,,,,,White Sox,17425,607200
Corbin Burnes,ARI,2.43489,2.11951,2.69521,3.91935,5.995,5.865,0.0,0.0,,35.34,148.451,32.5775,16.44,15.39,3.60763,11.1807,0.141287,1.59237,31.632,8.05569,2.84738,2.82915,0.918752,0.213081,0.0753162,0.1377648040652275,0.24011,1.23821,0.288436,0.70576,,,3.75637,0.657036,0.587342,739.77001953125,,,,,,,149.0,4.257142857142857,148.0,4.228571428571429,,,,,,,,,,,,,,,,,,,Diamondbacks,19361,669203
José Alvarado,PHI,2.15781,1.37304,0.0,3.74953,55.367,0.0,4.0,12.4271,,56.2151,239.396,50.037,25.2,23.42,4.59183,22.3737,1.28566,3.40745,60.4618,9.6799,3.58202,2.70236,0.73515,0.25256,0.0934589,0.15910062193870544,0.234239,1.2881,0.305901,0.715507,,,3.42178,0.655826,0.437296,748.3800048828125,,,,,,,335.9000000000001,5.998214285714288,328.0,5.857142857142857,,,,,,,,,,,,,,,,,,,Phillies,17780,621237
Hurston Waldrep,ATL,3.30164,3.51784,3.5665,4.55991,9.413,9.144,0.0,0.0,,50.8234,219.768,50.5551,27.45,25.75,5.60341,19.791,0.201066,1.892,42.7556,7.57133,3.50466,2.16036,0.992273,0.194549,0.0900538,0.10449470579624176,0.255219,1.38413,0.300225,0.686323,,,4.1658,0.655188,0.475712,748.3699951171875,,,,,,,191.00000000000003,3.7450980392156867,197.0,3.8627450980392157,,,,,,,,,,,,,,,,,,,Braves,33527,694462
Jonah Tong,NYM,1.71019,1.88168,0.220589,3.56727,11.137,4.9,0.0,0.7173,,30.9817,129.07,24.8107,13.13,12.28,3.32189,12.3979,0.417075,0.976552,36.4895,10.6,3.60151,2.94321,0.964988,0.282711,0.0960554,0.18665596097707748,0.214448,1.20098,0.283179,0.739561,,,3.46852,0.651116,0.581925,711.9500122070312,,,,,,,164.49999999999997,5.306451612903225,153.0,4.935483870967742,,,,,,,,,,,,,,,,,,,Mets,32157,804636
Andrew Kittredge,BAL,2.71519,1.64475,0.0,3.52988,55.443,0.0,5.0,11.9401,,56.985,232.521,49.6417,23.89,22.35,6.50916,14.2851,1.07398,1.39773,56.9241,8.99038,2.25613,3.98486,1.02803,0.244813,0.0614357,0.183376993983984,0.228935,1.12182,0.281168,0.730412,,,3.44784,0.650328,0.594731,745.4000244140625,,,,,,,347.69999999999993,6.099999999999999,336.0,5.894736842105263,,,,,,,,,,,,,,,,,,,Orioles,12828,552640
Logan Allen,CLE,4.97547,8.43749,5.02792,5.0768,23.149,18.34,0.0,0.679,,105.019,460.341,107.394,63.68,59.24,17.6774,41.0079,0.908094,4.83356,83.36,7.14385,3.51433,2.03278,1.51493,0.181083,0.0890816,0.09200163185596466,0.259092,1.41309,0.286211,0.685154,,,5.04537,0.650278,0.102097,999.0,,,,,,,309.40000000000003,2.946666666666667,323.0,3.0761904761904764,,,,,,,,,,,,,,,,,,,Guardians,27589,671106
Shawn Armstrong,CLE,2.30216,2.23657,0.0,3.97046,62.449,0.391,3.0,16.4258,,65.7582,277.316,59.837,31.07,29.01,7.32252,21.6413,0.925726,2.47599,62.3398,8.53214,2.96194,2.88059,1.0022,0.224797,0.0780385,0.1467582881450653,0.236324,1.23906,0.286126,0.707716,,,3.787,0.64202,0.357209,748.25,,,,,,,377.30000000000007,5.716666666666668,370.0,5.606060606060606,,,,,,,,,,,,,,,,,,,Guardians,12857,542888
Tyler Anderson,LAA,4.25079,5.64072,3.92005,4.74253,14.886,12.512,0.0,0.0,,71.5251,308.011,67.7186,40.32,37.69,11.5781,27.0492,0.646544,2.69678,56.4974,7.10907,3.40359,2.08869,1.45687,0.183427,0.0878189,0.09560784697532654,0.24336,1.32496,0.267095,0.693086,,,4.90736,0.641522,0.462792,999.0,,,,,,,230.40000000000003,3.2000000000000006,226.0,3.138888888888889,,,,,,,,,,,,,,,,,,,Angels,12880,542881
Will Vest,DET,2.42001,1.83847,0.0,3.75054,61.611,0.063,8.0,11.5243,,64.4547,270.348,58.2092,28.85,26.86,6.83535,20.9896,1.10488,2.27782,63.7634,8.90347,2.93083,3.03786,0.95444,0.235857,0.0776392,0.15821783989667892,0.235588,1.22875,0.2911,0.723097,,,3.61819,0.637779,0.455577,486.8299865722656,,,,,,,383.7,5.9953125,376.0,5.875,,,,,,,,,,,,,,,,,,,Tigers,19769,676684
Eduard Bazardo,SEA,2.36066,1.99829,0.0,3.91062,59.004,0.0,1.0,14.0319,,62.7138,263.189,55.6483,29.19,27.25,7.16035,21.2772,1.27948,1.8672,63.4588,9.10691,3.05347,2.98248,1.02758,0.241115,0.080844,0.16027138382196426,0.231825,1.22661,0.286191,0.713524,,,3.7028,0.633157,0.401797,999.0,,,,,,,352.5,5.595238095238095,342.0,5.428571428571429,,,,,,,,,,,,,,,,,,,Mariners,20997,660825
Erik Sabrowski,CLE,2.21333,1.81366,0.0,3.53937,57.113,0.0,2.0,14.0007,,58.7647,246.429,40.6892,24.59,23.11,6.77153,29.4887,1.2661,3.63067,72.9572,11.1736,4.51628,2.47408,1.03708,0.296057,0.119664,0.17639359831809998,0.190752,1.19422,0.253911,0.751064,,,3.84089,0.625726,0.599234,999.0,,,,,,,356.9,6.049152542372881,317.0,5.372881355932203,,,,,,,,,,,,,,,,,,,Guardians,24978,681870
Tanner Scott,LAD,3.35856,1.46053,0.0,3.77039,61.664,0.0,5.0,14.7389,,63.28,267.236,53.4724,28.48,26.51,7.13165,24.4867,1.43835,3.69899,70.3979,10.0123,3.48263,2.87494,1.0143,0.263429,0.0916295,0.1717996671795845,0.223687,1.23197,0.286902,0.727904,,,3.71151,0.622236,0.504857,712.219970703125,,,,,,,383.3,6.084126984126985,365.0,5.7936507936507935,,,,,,,,,,,,,,,,,,,Dodgers,17586,656945
Graham Ashcraft,CIN,2.1667,1.65862,0.0,3.68383,53.552,0.262,2.0,15.586,,61.4198,258.386,55.7354,26.9,25.14,5.39573,21.0676,1.43723,2.64312,54.1647,7.93689,3.08708,2.571,0.79065,0.209627,0.0815353,0.12809178978204727,0.2375,1.25046,0.287467,0.720631,,,3.67156,0.619681,0.500494,999.0,,,,,,,354.30000000000007,5.808196721311477,350.0,5.737704918032787,,,,,,,,,,,,,,,,,,,Reds,27552,668933
Garrett Cleavinger,TBR,2.87433,1.92856,0.0,3.69981,62.294,0.0,8.0,10.4878,,61.7869,260.189,51.0124,27.32,25.4,6.88306,22.9088,1.13484,5.11955,72.3293,10.5356,3.33695,3.15726,1.0026,0.277987,0.0880468,0.18994022905826569,0.219729,1.19639,0.288524,0.724917,,,3.60298,0.616037,0.5542,504.3299865722656,,,,,,,380.0999999999999,6.130645161290321,359.0,5.790322580645161,,,,,,,,,,,,,,,,,,,Rays,17897,664076
Payton Tolle,BOS,2.23466,2.75423,0.333685,4.06095,20.556,6.038,0.0,0.676,,47.5381,200.235,40.9963,23.03,21.45,6.84779,17.4251,0.796106,1.73718,51.8177,9.81022,3.29896,2.97373,1.29644,0.258785,0.0870236,0.17176108062267303,0.226408,1.22894,0.278976,0.724722,,,4.037,0.614814,0.533312,663.4400024414062,,,,,,,213.50000000000003,4.447916666666667,200.0,4.166666666666667,,,,,,,,,,,,,,,,,,,Red Sox,35466,801139
Hunter Harvey,CHC,2.18024,1.54684,0.0,3.67928,49.395,0.0,4.0,13.3404,,51.7601,213.393,43.7006,22.66,21.16,5.96336,15.6415,0.954287,2.00716,55.6959,9.68435,2.71972,3.56079,1.0369,0.261002,0.0732989,0.18770267814397812,0.223254,1.14648,0.281443,0.71935,,,3.50372,0.599238,0.428245,748.3200073242188,,,,,,,326.6,6.2807692307692315,312.0,6.0,,,,,,,,,,,,,,,,,,,Cubs,15507,640451
Chase Dollander,COL,5.02139,9.51447,8.33352,5.7802,21.696,21.696,0.0,0.6093,,113.695,514.162,126.799,77.89,73.02,18.0517,49.9666,0.389951,6.75345,95.9526,7.59552,3.95531,1.92033,1.42896,0.186619,0.0971806,0.08943861722946167,0.277191,1.55473,0.316643,0.652673,,,5.00793,0.597484,-0.602062,740.0700073242188,,,,,,,316.99999999999994,2.7807017543859645,361.0,3.1666666666666665,,,,,,,,,,,,,,,,,,,Rockies,33482,801403
Andrew Nardi,MIA,1.98049,1.47971,0.0,3.65914,51.285,0.0,0.0,11.9227,,50.4709,211.073,41.5811,22.07,20.52,6.07489,18.8095,1.11956,2.11443,60.2769,10.7486,3.35412,3.2046,1.08328,0.285574,0.0891139,0.19646025449037552,0.218677,1.19654,0.28681,0.738557,,,3.55501,0.593949,0.423574,999.0,,,,,,,292.0,5.84,277.0,5.54,,,,,,,,,,,,,,,,,,,Marlins,25942,677053
JoJo Romero,STL,2.78591,1.97267,0.0,3.71044,60.981,0.0,12.0,9.4502,,61.2218,258.333,55.5972,27.01,25.24,5.15943,21.5962,1.29522,2.93677,55.291,8.12813,3.17478,2.56022,0.75847,0.21403,0.0835982,0.13043126463890076,0.237798,1.26088,0.290959,0.717211,,,3.62662,0.588763,0.500274,468.8399963378906,,,,,,,375.30000000000007,6.152459016393443,371.0,6.081967213114754,,,,,,,,,,,,,,,,,,,Cardinals,19574,668941
Brandon Williamson,CIN,2.83848,4.58618,0.644251,4.73866,29.052,9.4,0.0,0.6526,,75.4011,327.614,73.8643,42.41,39.7,10.8114,29.3284,1.37273,3.24533,64.7504,7.72871,3.50069,2.20777,1.29047,0.197643,0.0895214,0.1081211268901825,0.250354,1.36858,0.287286,0.690268,,,4.57768,0.587492,0.236679,999.0,,,,,,,265.29999999999995,3.5373333333333328,270.0,3.6,,,,,,,,,,,,,,,,,,,Reds,25463,682227
Ryan Feltner,COL,4.26414,8.80193,2.93677,5.56712,27.199,17.267,0.0,0.6093,,101.751,456.379,113.862,67.07,62.94,14.2427,42.7186,1.29783,3.97608,74.8579,6.62127,3.77851,1.75235,1.25978,0.164026,0.0936033,0.07042232155799866,0.277925,1.53886,0.310742,0.655078,,,4.86016,0.584902,-0.41979,999.0,,,,,,,299.20000000000016,2.933333333333335,341.0,3.343137254901961,,,,,,,,,,,,,,,,,,,Rockies,21446,663372
Robert Suarez,ATL,2.53663,1.70142,0.0,3.97953,63.5,0.0,11.0,10.8803,,65.3821,274.122,59.2756,31.0,28.91,8.29055,20.9295,1.46114,1.34739,65.5239,9.01952,2.881,3.13069,1.14121,0.239032,0.0763512,0.1626804992556572,0.235365,1.22671,0.286383,0.717293,,,3.80138,0.570954,0.303502,213.7100067138672,,,,,,,394.20000000000005,6.064615384615386,386.0,5.938461538461539,,,,,,,,,,,,,,,,,,,Braves,30115,663158
Luke Weaver,NYM,3.10363,1.88544,0.0,3.78261,58.607,0.208,5.0,14.4654,,65.5738,271.327,53.816,29.5,27.56,9.03589,21.8595,1.17256,1.61285,68.2615,9.36888,3.00022,3.12274,1.24018,0.251584,0.0805654,0.17101887613534927,0.217128,1.15405,0.262553,0.732651,,,3.91839,0.563963,0.46025,731.97998046875,,,,,,,382.30000000000007,5.792424242424244,358.0,5.424242424242424,,,,,,,,,,,,,,,,,,,Mets,16918,596133
Josiah Gray,WSN,4.05367,6.69103,6.80441,4.96964,15.486,15.486,0.0,0.0,,87.8877,381.198,83.2938,51.84,48.53,15.2222,36.2915,0.331469,3.89256,71.068,7.27761,3.71638,1.95825,1.5588,0.186434,0.095204,0.09122956544160843,0.244254,1.36066,0.267237,0.68935,,,5.14116,0.559177,0.295152,999.0,,,,,,,272.90000000000003,3.101136363636364,267.0,3.034090909090909,,,,,,,,,,,,,,,,,,,Nationals,24580,680686
Justin Bruihl,STL,2.19289,1.52604,0.0,3.65037,47.866,0.0,0.0,9.8943,,48.4718,204.403,42.8919,21.06,19.66,3.59148,15.635,1.91024,4.57634,45.6197,8.47043,2.90303,2.91779,0.666847,0.223185,0.0764911,0.14669402688741684,0.232866,1.20744,0.291156,0.700331,,,3.46696,0.555926,0.419057,999.0,,,,,,,263.20000000000005,5.483333333333334,257.0,5.354166666666667,,,,,,,,,,,,,,,,,,,Cardinals,23779,677865
Jason Adam,SDP,2.3374,1.50152,0.0,3.52977,50.497,0.0,1.0,15.0773,,52.0402,214.467,40.3184,21.84,20.41,5.77822,18.1571,1.26989,3.21846,54.1807,9.37018,3.14015,2.98399,0.999304,0.252629,0.0846613,0.1679675206542015,0.208804,1.12366,0.259441,0.727097,,,3.72857,0.551337,0.531663,999.0,,,,,,,317.0,6.096153846153846,292.0,5.615384615384615,,,,,,,,,,,,,,,,,,,Padres,11861,592094
Brant Hurter,DET,1.64689,1.24213,0.0,3.68074,42.0,0.082,0.0,6.2689,,49.7346,210.265,45.3659,21.91,20.34,4.1011,14.1588,1.50146,5.69078,47.2041,8.54207,2.56219,3.33389,0.742137,0.224498,0.0673381,0.15716008841991425,0.238247,1.19685,0.296634,0.699377,,,3.50621,0.550926,0.423892,999.0,,,,,,,261.8,5.236000000000001,256.0,5.12,,,,,,,,,,,,,,,,,,,Tigers,30133,676428
Tyler Kinley,ATL,2.35528,1.54532,0.0,3.92069,58.241,0.0,2.0,13.3192,,59.2931,249.582,50.103,27.61,25.83,6.86717,22.9246,1.36144,2.00119,62.508,9.48798,3.47969,2.72667,1.04236,0.25045,0.091852,0.15859832614660263,0.223021,1.23164,0.278436,0.716213,,,3.79347,0.548121,0.289711,999.0,,,,,,,333.5,5.6525423728813555,317.0,5.372881355932203,,,,,,,,,,,,,,,,,,,Braves,18297,641755
Angel Zerpa,MIL,2.87029,1.74732,0.0,3.65945,56.947,0.179,0.0,11.5914,,58.7793,246.822,54.1934,25.75,23.9,5.36043,17.2014,1.22307,4.39694,53.0198,8.11813,2.63379,3.0823,0.820763,0.21481,0.0696913,0.14511827379465103,0.24062,1.21462,0.292687,0.714426,,,3.619,0.540702,0.495783,999.0,,,,,,,325.70000000000005,5.5203389830508485,321.0,5.440677966101695,,,,,,,,,,,,,,,,,,,Brewers,22717,672582
Matt Strahm,KCR,2.61282,2.02484,0.0,4.08066,60.695,0.12,3.0,16.079,,62.7693,261.802,53.9849,30.42,28.46,9.42092,17.4015,1.10195,4.1682,65.5511,9.39887,2.49507,3.76697,1.35079,0.250385,0.0664684,0.18391624093055725,0.22472,1.13728,0.26966,0.703925,,,4.02855,0.539702,0.29891,717.4500122070312,,,,,,,363.1,5.7634920634920634,346.0,5.492063492063492,,,,,,,,,,,,,,,,,,,Royals,13799,621381
Edwin Uceta,TBR,2.5569,1.85452,0.0,3.97048,55.763,0.0,9.0,10.6785,,59.8416,253.063,49.3398,28.35,26.4,8.30396,23.6634,1.82185,3.56373,72.0273,10.8327,3.5589,3.04383,1.24889,0.284622,0.0935079,0.19111409038305283,0.218476,1.21994,0.282024,0.727515,,,3.89678,0.538438,0.343444,564.739990234375,,,,,,,367.20000000000005,6.120000000000001,345.0,5.75,,,,,,,,,,,,,,,,,,,Rays,20539,670955
Aaron Bummer,ATL,2.18215,1.5265,0.0,4.09072,56.196,0.126,0.0,12.0585,,59.7987,256.287,55.8502,29.25,27.18,4.78194,20.3108,1.50604,6.85668,58.4961,8.80395,3.05688,2.88005,0.719706,0.228244,0.0792501,0.1489940583705902,0.24376,1.27362,0.307934,0.675306,,,3.58122,0.537829,0.240681,999.0,,,,,,,319.9,5.331666666666666,318.0,5.3,,,,,,,,,,,,,,,,,,,Braves,16258,607481
Caleb Thielbar,CHC,2.72994,2.03534,0.0,3.82947,61.395,0.0,2.0,15.1103,,59.2484,245.734,50.741,27.08,25.21,7.56803,18.1654,1.05213,2.38931,56.8219,8.63141,2.75937,3.12804,1.14961,0.231233,0.0739227,0.15731018036603928,0.225336,1.16301,0.268506,0.717297,,,3.91836,0.536007,0.392549,999.0,,,,,,,329.6,5.586440677966102,315.0,5.338983050847458,,,,,,,,,,,,,,,,,,,Cubs,10078,573204
Robert Garcia,TEX,2.95235,1.93017,0.0,3.86966,61.89,0.0,18.0,6.1774,,61.1682,256.005,54.08,28.22,26.3,7.64406,19.6395,1.83134,2.45639,63.9078,9.4031,2.88966,3.25405,1.12471,0.249635,0.0767153,0.17291977256536484,0.231201,1.20519,0.286011,0.72201,,,3.75384,0.532874,0.397144,232.4600067138672,,,,,,,388.60000000000014,6.370491803278691,377.0,6.180327868852459,,,,,,,,,,,,,,,,,,,Rangers,23363,676395
Charlie Morton,,3.74065,4.70198,3.92235,4.71764,10.855,10.727,0.0,0.0,,57.1175,250.393,52.5552,31.92,29.94,7.98858,26.2453,0.252999,5.39425,57.729,9.09635,4.13548,2.19959,1.25876,0.230554,0.104817,0.12573697417974472,0.240249,1.37962,0.291217,0.69333,,,4.59375,0.527642,0.35125,999.0,,,,,,,208.59999999999997,3.659649122807017,204.0,3.5789473684210527,,,,,,,,,,,,,,,,,,,,4676,450203
Stephen Kolek,KCR,2.42899,3.49406,0.450622,4.5666,25.884,7.08,0.0,0.663,,59.9921,261.325,62.4287,32.56,30.44,6.38222,20.5571,0.986199,3.83753,43.525,6.52961,3.08397,2.11728,0.957459,0.166555,0.0786648,0.08789023756980896,0.26349,1.38328,0.299677,0.680963,,,4.287,0.525847,0.222659,999.0,,,,,,,226.0,3.7666666666666666,239.0,3.9833333333333334,,,,,,,,,,,,,,,,,,,Royals,21487,663568
Tommy Nance,TOR,2.35334,1.27102,0.0,3.73071,50.375,0.0,0.0,11.6851,,53.4348,223.882,47.016,23.74,22.15,5.31258,18.2157,1.20652,2.61507,53.3123,8.97936,3.06806,2.92673,0.894796,0.238126,0.0813626,0.1567635014653206,0.231547,1.22077,0.288751,0.717923,,,3.60171,0.520464,0.378914,999.0,,,,,,,299.50000000000006,5.650943396226416,291.0,5.490566037735849,,,,,,,,,,,,,,,,,,,Blue Jays,19178,667297
Brendon Little,TOR,2.50547,1.1567,0.0,3.1198,51.883,0.0,0.0,9.6165,,51.234,215.139,40.3687,19.06,17.76,3.55497,24.1207,1.47082,2.84348,55.9728,9.83244,4.23715,2.32053,0.624482,0.26017,0.112117,0.1480531096458435,0.214527,1.25872,0.28616,0.76336,,,3.43106,0.519589,0.789114,748.3099975585938,,,,,,,295.20000000000005,5.788235294117648,274.0,5.372549019607843,,,,,,,,,,,,,,,,,,,Blue Jays,21574,663893
Chris Martin,TEX,2.41996,1.56356,0.0,3.81031,50.472,0.0,10.0,10.5145,,51.4919,211.006,48.0751,23.39,21.8,6.36966,9.4136,1.21273,2.2425,46.2385,8.08179,1.64535,4.91189,1.11332,0.219134,0.044613,0.174521055072546,0.24116,1.11646,0.28421,0.702035,,,3.62641,0.519466,0.374305,673.489990234375,,,,,,,331.8,6.5058823529411764,330.0,6.470588235294118,,,,,,,,,,,,,,,,,,,Rangers,11847,455119
Hunter Gaddis,CLE,2.20329,2.01504,0.0,3.88025,58.512,0.152,4.0,12.468,,62.0682,259.206,52.5912,28.59,26.76,8.23685,20.6314,1.36745,2.9561,61.6337,8.937,2.9916,2.98737,1.19436,0.237779,0.0795947,0.15818404406309128,0.223205,1.17971,0.267601,0.723487,,,4.0144,0.512827,0.348021,999.0,,,,,,,342.59999999999997,5.525806451612903,326.0,5.258064516129032,,,,,,,,,,,,,,,,,,,Guardians,25636,683769
Jon Gray,,2.82873,3.56162,2.81684,4.67577,9.365,7.933,0.0,0.0,,47.1195,201.964,46.5471,26.15,24.48,7.29761,15.4073,0.302163,1.91706,40.258,7.68942,2.94285,2.61292,1.39387,0.199333,0.0762875,0.12304538488388062,0.252098,1.31484,0.286318,0.692036,,,4.54275,0.51222,0.316003,999.0,,,,,,,168.50000000000006,3.5851063829787244,173.0,3.6808510638297873,,,,,,,,,,,,,,,,,,,,14916,592351
Bennett Sousa,HOU,1.83269,1.21259,0.0,3.78035,40.726,0.0,1.0,0.6558,,43.5674,181.749,37.6069,19.63,18.3,5.10571,14.5519,1.15467,1.14757,48.1891,9.95473,3.00608,3.31153,1.05472,0.265141,0.080066,0.1850750371813774,0.22648,1.1972,0.288247,0.722689,,,3.5275,0.511346,0.306798,999.0,,,,,,,222.3,5.052272727272728,212.0,4.818181818181818,,,,,,,,,,,,,,,,,,,Astros,21345,656986
Blake Treinen,LAD,2.85005,1.28714,0.0,3.91022,52.791,0.0,1.0,11.5421,,53.4445,225.099,47.2762,24.88,23.22,5.75152,18.86,1.14809,2.51031,54.0279,9.09824,3.176,2.86468,0.96855,0.240018,0.0837851,0.1562328338623047,0.232054,1.23747,0.288467,0.710284,,,3.7119,0.510871,0.275919,999.0,,,,,,,291.20000000000005,5.49433962264151,282.0,5.320754716981132,,,,,,,,,,,,,,,,,,,Dodgers,12572,595014
Kody Funderburk,MIN,2.61892,1.77225,0.0,3.91031,56.785,0.0,3.0,14.8124,,60.7854,260.923,55.8031,28.4,26.41,4.62192,24.3905,1.39745,4.11161,54.959,8.13733,3.61131,2.25329,0.68433,0.210633,0.0934778,0.11715488880872726,0.240095,1.31929,0.296118,0.702544,,,3.72201,0.509611,0.39722,748.2999877929688,,,,,,,345.30000000000007,5.66065573770492,341.0,5.590163934426229,,,,,,,,,,,,,,,,,,,Twins,24993,681892
Braydon Fisher,TOR,2.29354,1.19857,0.0,3.51023,47.374,0.088,1.0,6.7348,,48.8429,205.389,37.0674,20.38,19.05,5.0874,23.0353,2.04132,1.84249,56.7298,10.4533,4.24458,2.46274,0.937425,0.276207,0.112154,0.1640523597598076,0.205347,1.23053,0.269432,0.749763,,,3.69427,0.5039,0.576804,999.0,,,,,,,276.90000000000003,5.651020408163266,252.0,5.142857142857143,,,,,,,,,,,,,,,,,,,Blue Jays,24609,680755
Brent Headrick,NYY,2.25258,1.16501,0.0,3.70924,42.359,0.0,0.0,4.6067,,47.6054,197.444,39.1477,21.02,19.62,6.47558,15.6241,1.24534,1.75058,54.015,10.2118,2.9538,3.45716,1.22424,0.27357,0.0791316,0.19443891942501068,0.217403,1.15054,0.273226,0.738455,,,3.72911,0.498087,0.419282,999.0,,,,,,,254.00000000000003,5.291666666666667,236.0,4.916666666666667,,,,,,,,,,,,,,,,,,,Yankees,27702,687396
Jordan Leasure,CHW,2.61586,2.10503,0.0,3.81137,61.133,0.107,7.0,10.7404,,61.6313,258.747,47.9312,27.9,26.1,8.06827,27.8052,1.86156,1.31997,68.1643,9.95402,4.06039,2.45149,1.17821,0.26344,0.107461,0.1559790000319481,0.20874,1.22886,0.259881,0.742331,,,4.0427,0.495971,0.450988,711.5,,,,,,,363.59999999999997,5.864516129032258,334.0,5.387096774193548,,,,,,,,,,,,,,,,,,,White Sox,29950,673929
Jeffrey Springs,ATH,7.82835,11.5516,13.0379,5.55008,27.938,27.938,0.0,0.0,,160.814,703.162,173.088,106.28,99.17,34.8415,52.318,0.509733,4.0891,127.246,7.12135,2.92799,2.43216,1.94992,0.180962,0.0744039,0.1065584272146225,0.267625,1.40166,0.285239,0.674446,,,5.42144,0.493544,-0.461393,719.739990234375,,,,,,,397.1000000000001,2.466459627329193,436.0,2.7080745341614905,,,,,,,,,,,,,,,,,,,Athletics,17677,605488
Clayton Beeter,WSN,2.25862,2.09437,0.0,3.91027,59.027,0.0,15.0,9.4003,,63.0877,272.032,50.3862,29.32,27.41,6.68329,35.0125,1.65551,1.84369,73.6303,10.504,4.99483,2.10297,0.953428,0.270667,0.128707,0.14196030795574188,0.214249,1.35365,0.282205,0.737469,,,3.93071,0.493461,0.401797,309.7799987792969,,,,,,,398.1,6.31904761904762,372.0,5.904761904761905,,,,,,,,,,,,,,,,,,,Nationals,27494,690925
Bryan Baker,TBR,2.78032,2.04681,0.0,4.06985,60.83,0.0,2.0,12.5376,,62.4052,263.044,53.81,30.29,28.22,8.81293,23.5834,1.12843,1.61544,68.747,9.9146,3.40116,2.91506,1.27099,0.261352,0.0896557,0.17169635742902756,0.22624,1.24017,0.280732,0.724051,,,3.97914,0.491036,0.245275,999.0,,,,,,,329.69999999999993,5.31774193548387,315.0,5.080645161290323,,,,,,,,,,,,,,,,,,,Rays,19804,641329
Gregory Soto,PIT,2.71805,1.84029,0.0,4.03969,61.054,0.0,4.0,15.3739,,59.1729,256.869,54.1376,28.46,26.56,5.03276,24.3636,1.12332,6.29806,59.8618,9.10478,3.70563,2.45701,0.765467,0.233044,0.0948484,0.1381954848766327,0.239327,1.32664,0.304407,0.700315,,,3.77204,0.489456,0.289694,732.1500244140625,,,,,,,344.70000000000005,5.842372881355933,340.0,5.762711864406779,,,,,,,,,,,,,,,,,,,Pirates,19677,642397
A.J. Puk,ARI,1.02075,0.755341,0.0,3.64184,28.487,0.053,4.0,0.5305,,30.3967,126.534,25.8411,13.22,12.3,3.39401,8.59966,0.687314,2.29335,38.1591,11.2983,2.54623,4.43729,1.00492,0.301573,0.0679634,0.2336096540093422,0.22346,1.13304,0.302981,0.714765,,,3.15102,0.486679,0.27491,748.280029296875,,,,,,,184.5,6.15,178.0,5.933333333333334,,,,,,,,,,,,,,,,,,,Diamondbacks,19343,640462
Alex Cobb,,2.22652,3.21362,0.985703,4.42449,11.745,6.901,0.0,0.0,,42.8999,184.164,44.0557,22.62,21.09,5.13317,13.7746,0.440911,1.71285,33.8459,7.10054,2.88978,2.45712,1.07689,0.183781,0.0747952,0.10898557305335999,0.261184,1.34803,0.300102,0.695253,,,4.19579,0.484892,0.323138,999.0,,,,,,,162.29999999999998,3.7744186046511623,170.0,3.953488372093023,,,,,,,,,,,,,,,,,,,,6562,502171
Jordan Montgomery,TEX,2.01049,3.02969,0.451196,4.58676,14.401,6.912,0.0,0.6435,,46.994,201.595,47.2915,25.65,23.95,6.13872,15.2881,0.862267,1.5619,35.8043,6.85701,2.92788,2.34197,1.17565,0.177605,0.0758359,0.10176931321620941,0.255983,1.33165,0.288181,0.684066,,,4.38519,0.483505,0.247374,999.0,,,,,,,176.8,3.7617021276595746,182.0,3.872340425531915,,,,,,,,,,,,,,,,,,,Rangers,16511,656756
Jared Koenig,MIL,2.95174,1.93479,0.0,3.95016,59.47,0.199,2.0,15.3048,,62.1544,264.116,57.3225,29.33,27.28,6.65474,21.2202,1.72769,3.5991,59.7854,8.65696,3.0727,2.81737,0.963611,0.22636,0.0803442,0.14601556956768036,0.239545,1.26367,0.293119,0.710899,,,3.8012,0.482507,0.348021,748.27001953125,,,,,,,339.49999999999994,5.475806451612902,334.0,5.387096774193548,,,,,,,,,,,,,,,,,,,Brewers,27517,657649
Bryan King,HOU,2.78144,1.96532,0.0,4.02,62.105,0.0,1.0,16.6617,,63.3135,267.234,56.8568,30.31,28.28,8.25622,20.2283,1.24393,3.73222,62.5982,8.89832,2.87545,3.09458,1.17362,0.234245,0.0756952,0.15854987502098083,0.233716,1.21751,0.281875,0.713836,,,3.98829,0.479201,0.298904,748.25,,,,,,,346.6000000000001,5.5015873015873025,338.0,5.365079365079365,,,,,,,,,,,,,,,,,,,Astros,25890,687911
Alek Manoah,LAA,3.44037,5.02159,5.0236,4.87026,12.391,12.391,0.0,0.0,,68.0231,295.698,65.6426,39.34,36.81,10.8469,26.3454,0.2407,4.94856,55.7327,7.37388,3.48571,2.11546,1.43513,0.188479,0.0890959,0.09938269853591919,0.248267,1.35231,0.276992,0.6855,,,4.94961,0.476861,0.340168,748.3400268554688,,,,,,,215.30000000000004,3.166176470588236,216.0,3.176470588235294,,,,,,,,,,,,,,,,,,,Angels,26410,666201
Seranthony Domínguez,CHW,2.48294,2.06201,0.0,3.92025,59.348,0.0,22.0,5.6406,,59.3227,251.664,47.4203,27.58,25.84,6.7228,27.358,0.964133,3.3039,65.0837,9.87402,4.15055,2.37897,1.01993,0.258613,0.108708,0.14990508556365967,0.214569,1.26053,0.272779,0.722058,,,3.96474,0.476295,0.289705,195.25,,,,,,,402.3,6.81864406779661,378.0,6.406779661016949,,,,,,,,,,,,,,,,,,,White Sox,19249,622554
Jake Bird,NYY,2.54268,1.34652,0.0,3.76041,48.518,0.06,0.0,10.0715,,52.4863,221.724,44.6489,23.48,21.93,5.25776,19.8279,1.33462,3.64527,54.6386,9.36906,3.39995,2.75564,0.901566,0.246427,0.0894262,0.15700045973062515,0.225215,1.22845,0.284712,0.717782,,,3.69706,0.475636,0.428245,999.0,,,,,,,284.3,5.467307692307693,273.0,5.25,,,,,,,,,,,,,,,,,,,Yankees,21267,656234
Jeff Hoffman,TOR,2.84584,1.57537,0.0,3.88939,60.016,0.0,27.0,3.7659,,60.8579,253.914,48.8246,28.17,26.3,8.61524,22.786,1.07572,3.25058,69.9016,10.3374,3.36971,3.06775,1.27407,0.275297,0.089739,0.18555781990289688,0.214258,1.17668,0.26921,0.72949,,,3.96173,0.475227,0.397173,100.37999725341797,,,,,,,426.30000000000007,6.9885245901639355,401.0,6.573770491803279,,,,,,,,,,,,,,,,,,,Blue Jays,17432,656546
Brusdar Graterol,LAD,1.9921,0.781839,0.0,3.30985,35.636,0.0,0.0,0.7772,,37.0077,152.969,34.4299,14.63,13.61,2.27051,8.88781,0.866368,1.99018,26.781,6.51295,2.16145,3.01323,0.552171,0.175075,0.058102,0.11697294190526009,0.242309,1.1705,0.284497,0.714709,,,3.36721,0.474327,0.446106,999.0,,,,,,,185.79999999999998,5.021621621621621,184.0,4.972972972972973,,,,,,,,,,,,,,,,,,,Dodgers,20367,660813
Steven Okert,HOU,2.79963,2.00262,0.0,4.09109,61.269,0.092,1.0,13.7369,,61.9272,258.147,50.4629,30.11,28.15,10.1018,21.2236,1.28812,3.06542,70.5088,10.2472,3.08447,3.32218,1.46812,0.273134,0.0822152,0.19091853499412537,0.215784,1.15759,0.263371,0.722518,,,4.15526,0.469808,0.245275,999.0,,,,,,,336.79999999999995,5.4322580645161285,311.0,5.016129032258065,,,,,,,,,,,,,,,,,,,Astros,13580,595345
Mason Fluharty,TOR,1.88251,0.946292,0.0,3.42936,38.695,0.0,0.0,0.6476,,39.3135,163.027,30.7945,16.06,14.98,4.27469,13.6303,1.80661,2.84783,42.8289,9.80478,3.12036,3.14219,0.9786,0.26271,0.0836073,0.1791030541062355,0.210131,1.13001,0.266676,0.737893,,,3.62727,0.467933,0.450501,999.0,,,,,,,197.80000000000004,5.071794871794872,182.0,4.666666666666667,,,,,,,,,,,,,,,,,,,Blue Jays,31553,689254
Ryan Bergert,KCR,2.33946,3.50046,0.480073,4.50209,18.691,7.859,0.0,0.663,,51.0763,219.467,47.2388,27.29,25.55,7.44915,20.2623,0.750126,1.59224,45.6398,8.04206,3.57036,2.25245,1.31259,0.207957,0.092325,0.11563213169574738,0.239047,1.32157,0.275315,0.704564,,,4.52762,0.466804,0.364817,999.0,,,,,,,199.10000000000008,3.9039215686274527,194.0,3.803921568627451,,,,,,,,,,,,,,,,,,,Royals,29863,686701
Tyler Alexander,TEX,2.52872,2.39791,0.0,4.17611,50.599,1.998,1.0,12.8124,,68.4681,285.688,63.2284,34.02,31.77,10.1941,16.5768,1.96073,3.50475,56.9963,7.49205,2.17899,3.43832,1.34,0.199505,0.0580241,0.14148126915097237,0.238053,1.16558,0.267288,0.698654,,,4.28568,0.466601,0.271881,999.0,,,,,,,324.40000000000003,4.7705882352941185,318.0,4.676470588235294,,,,,,,,,,,,,,,,,,,Rangers,17735,641302
River Ryan,LAD,2.52917,2.29775,0.977175,4.36735,12.17,6.808,0.0,0.7772,,40.4731,173.15,37.7618,21.0,19.64,5.25637,15.3578,0.390121,1.93741,36.0223,8.01028,3.41511,2.34554,1.16886,0.208041,0.0886965,0.11934460699558258,0.242288,1.31247,0.283701,0.701904,,,4.32541,0.464427,0.340381,663.52001953125,,,,,,,160.7,4.0175,160.0,4.0,,,,,,,,,,,,,,,,,,,Dodgers,29514,689981
David Morgan,SDP,2.36013,1.69865,0.0,3.84065,52.71,0.216,0.0,11.7622,,56.6389,240.203,47.1571,25.99,24.17,6.56723,23.6711,1.90894,2.99911,61.7009,9.80436,3.76137,2.60659,1.04354,0.25687,0.0985461,0.15832356363534927,0.220842,1.25052,0.27942,0.72749,,,3.87637,0.462136,0.388072,999.0,,,,,,,304.49999999999994,5.342105263157894,285.0,5.0,,,,,,,,,,,,,,,,,,,Padres,31616,688158
Gordon Graceffo,STL,2.09535,1.65959,0.0,4.18066,47.173,0.0,0.0,0.6663,,56.8332,242.646,55.005,28.19,26.4,6.04716,19.2249,1.47686,1.57804,49.3382,7.81311,3.04442,2.56637,0.957617,0.203334,0.0792302,0.12410421669483185,0.247946,1.3061,0.294116,0.700079,,,3.88022,0.459975,0.182504,999.0,,,,,,,243.99999999999994,4.280701754385964,246.0,4.315789473684211,,,,,,,,,,,,,,,,,,,Cardinals,29519,700669
Luis García,NYM,2.76982,1.72848,0.0,3.88964,54.222,0.0,0.0,13.3892,,56.0875,236.428,51.7373,26.03,24.24,5.44492,19.3758,1.17594,1.65271,47.8947,7.68535,3.10912,2.47188,0.873711,0.202576,0.0819525,0.12062393873929977,0.240193,1.2679,0.28565,0.71008,,,3.81408,0.458743,0.33425,999.0,,,,,,,302.70000000000005,5.405357142857143,300.0,5.357142857142857,,,,,,,,,,,,,,,,,,,Mets,6984,472610
Jake Irvin,WSN,4.21484,8.54965,2.85938,4.98794,26.556,17.465,0.0,0.6466,,106.98,464.22,110.894,63.7,59.29,18.2364,35.7416,1.22545,4.23082,75.4455,6.34707,3.00687,2.11086,1.53419,0.162521,0.0769929,0.08552815765142441,0.26139,1.37068,0.280301,0.684827,,,5.06167,0.457557,0.159575,999.0,,,,,,,315.80000000000007,2.9514018691588793,335.0,3.130841121495327,,,,,,,,,,,,,,,,,,,Nationals,21504,663623
Luis Garcia,,2.19044,3.33655,0.0,4.24585,36.099,3.164,0.0,0.0,,47.5664,200.552,41.8885,24.04,22.44,7.22601,16.2667,1.18859,1.86708,48.3028,9.13933,3.0778,2.96943,1.36723,0.24085,0.0811097,0.15974011272192,0.229629,1.22261,0.273172,0.710159,,,4.22275,0.449803,0.26056,999.0,,,,,,,201.90000000000003,4.206250000000001,191.0,3.9791666666666665,,,,,,,,,,,,,,,,,,,,23735,677651
Gage Jump,ATH,2.08108,2.57275,2.58277,4.61075,6.921,6.921,0.0,0.0,,36.9311,158.212,36.5644,20.25,18.92,5.70983,11.9237,0.145247,1.39844,33.8414,8.24705,2.90576,2.83817,1.39147,0.213899,0.0753651,0.13853421807289124,0.25236,1.31293,0.292908,0.697334,,,4.39454,0.449102,0.304026,999.0,,,,,,,132.8,3.5891891891891894,136.0,3.675675675675676,,,,,,,,,,,,,,,,,,,Athletics,sa3034986,695611
Ryan Fernandez,STL,1.82158,1.34445,0.0,3.82994,39.906,0.0,0.0,0.6663,,42.5333,178.958,37.3474,19.34,18.1,4.58934,15.6789,1.21339,0.921827,43.4679,9.19777,3.31764,2.77238,0.9711,0.242895,0.0876123,0.15528276562690735,0.230033,1.2467,0.286598,0.722863,,,3.66479,0.448793,0.356129,999.0,,,,,,,199.5,4.6395348837209305,189.0,4.395348837209302,,,,,,,,,,,,,,,,,,,Cardinals,24862,681676
Jack Dreyer,LAD,2.51468,1.09298,0.0,3.83096,45.431,0.081,0.0,8.0834,,48.1367,201.115,41.181,21.99,20.49,5.77188,16.8356,1.48397,1.18194,47.3859,8.85963,3.14772,2.81462,1.07915,0.235616,0.0837113,0.15190431475639343,0.224912,1.20525,0.272503,0.721456,,,3.84801,0.44663,0.315942,999.0,,,,,,,246.80000000000004,5.1416666666666675,234.0,4.875,,,,,,,,,,,,,,,,,,,Dodgers,30249,676263
Ryan Yarbrough,NYY,2.16008,1.97238,0.0,4.16544,39.012,2.466,0.0,7.1865,,58.8341,248.225,53.8903,29.17,27.23,7.74124,16.8483,1.40902,4.87492,50.3723,7.70557,2.57733,2.98975,1.1842,0.20293,0.0678753,0.13505450636148453,0.237924,1.20234,0.274063,0.693957,,,4.24098,0.44271,0.312656,999.0,,,,,,,259.80000000000007,4.403389830508476,253.0,4.288135593220339,,,,,,,,,,,,,,,,,,,Yankees,16502,642232
Carson Whisenhunt,SFG,1.63927,2.67541,0.390592,4.45934,12.746,6.005,0.0,0.656,,38.4474,166.108,38.5847,20.39,19.05,4.79091,13.5958,0.551781,1.37651,32.0701,7.50717,3.18259,2.35882,1.12149,0.193068,0.0818492,0.11121869832277298,0.255298,1.35719,0.295724,0.699104,,,4.25507,0.434315,0.293844,999.0,,,,,,,141.29999999999998,3.7184210526315784,148.0,3.8947368421052633,,,,,,,,,,,,,,,,,,,Giants,31676,687931
Riley O'Brien,STL,2.64804,2.03584,0.0,3.99956,59.066,0.0,14.0,10.6554,,62.2194,269.969,54.1297,29.49,27.65,5.28391,29.5868,1.60555,5.90009,63.2591,9.1504,4.27971,2.13809,0.764314,0.23432,0.109593,0.12472670525312424,0.230848,1.3455,0.294359,0.710524,,,3.91678,0.433474,0.348021,262.739990234375,,,,,,,388.9,6.27258064516129,377.0,6.080645161290323,,,,,,,,,,,,,,,,,,,Cardinals,20348,676617
Eric Lauer,TOR,2.03998,2.30635,0.0,4.37981,40.289,3.62,0.0,4.1445,,65.2631,278.178,59.3465,34.03,31.76,10.3272,24.0793,1.93406,2.14198,65.6595,9.05466,3.32061,2.72681,1.42415,0.236034,0.0865607,0.14947359263896942,0.235543,1.2783,0.278567,0.716216,,,4.38543,0.427853,0.228765,731.9000244140625,,,,,,,274.6,4.224615384615385,265.0,4.076923076923077,,,,,,,,,,,,,,,,,,,Blue Jays,19316,641778
Yimi García,TOR,2.39783,1.28973,0.0,3.77947,49.943,0.0,5.0,10.5557,,51.15,211.147,41.0639,22.95,21.48,7.38665,15.9056,1.21359,3.3731,56.5625,9.95235,2.79865,3.55613,1.2997,0.267882,0.0753297,0.19255246967077255,0.214021,1.11377,0.26327,0.729591,,,3.93157,0.427738,0.374305,999.0,,,,,,,310.70000000000005,6.092156862745099,290.0,5.686274509803922,,,,,,,,,,,,,,,,,,,Blue Jays,12095,554340
Jedixson Paez,CHW,1.39604,1.08243,0.0,3.69067,33.212,0.0,0.0,0.0,,37.4566,152.367,34.1325,16.49,15.36,4.97323,6.3963,0.992917,1.37473,34.9326,8.39354,1.53689,5.46138,1.19496,0.229266,0.0419795,0.1872866414487362,0.236054,1.08202,0.278529,0.716159,,,3.61836,0.424193,0.342576,999.0,,,,,,,172.9,4.672972972972973,169.0,4.5675675675675675,,,,,,,,,,,,,,,,,,,White Sox,sa3016264,699151
Ryan Thompson,ARI,2.0789,1.7715,0.0,4.40002,60.351,0.0,6.0,12.9384,,61.2407,262.368,61.45,32.05,29.94,6.30956,18.348,1.57361,4.23826,50.2256,7.38121,2.69644,2.73739,0.927259,0.191432,0.0699322,0.12149962037801743,0.256274,1.30302,0.300908,0.672842,,,3.94067,0.422319,-0.012713,999.0,,,,,,,335.0000000000001,5.4918032786885265,343.0,5.622950819672131,,,,,,,,,,,,,,,,,,,Diamondbacks,16647,657044
Louis Varland,TOR,2.59529,1.68283,0.0,4.22843,56.98,0.344,4.0,13.3476,,64.0876,272.442,60.7975,32.27,30.11,8.94226,20.8166,1.7221,2.09363,64.9475,9.12075,2.92333,3.11999,1.25579,0.23839,0.0764074,0.1619829162955284,0.243647,1.27348,0.295233,0.714149,,,3.99466,0.422109,0.147413,748.3800048828125,,,,,,,337.30000000000007,5.270312500000001,336.0,5.25,,,,,,,,,,,,,,,,,,,Blue Jays,27691,686973
Jovani Morán,BOS,2.02183,1.30369,0.0,3.77084,42.138,0.0,0.0,7.0302,,44.9422,191.515,36.3477,20.17,18.83,4.41972,21.6056,1.23971,1.9732,49.1653,9.84571,4.32668,2.27558,0.885081,0.256718,0.112814,0.14390375465154648,0.216437,1.28951,0.279209,0.729891,,,3.79959,0.419604,0.360677,999.0,,,,,,,244.20000000000002,5.426666666666667,227.0,5.044444444444444,,,,,,,,,,,,,,,,,,,Red Sox,20422,663558
Marcus Stroman,,3.09927,4.36696,2.67154,4.83181,11.609,9.565,0.0,0.0,,53.57,234.089,54.9452,30.82,28.76,6.62955,21.8382,0.341309,1.76011,37.4271,6.28793,3.66892,1.71384,1.11379,0.159884,0.0932901,0.06659389287233353,0.261034,1.43333,0.290299,0.680919,,,4.66818,0.414978,0.24409,999.0,,,,,,,172.5,3.1944444444444446,181.0,3.3518518518518516,,,,,,,,,,,,,,,,,,,,13431,573186
Justin Lawrence,PIT,2.3547,1.62977,0.0,4.20013,53.133,0.0,1.0,11.4424,,56.6768,247.75,52.087,28.25,26.45,4.7211,25.7299,1.31977,5.03008,54.8977,8.71749,4.08578,2.13362,0.749688,0.221585,0.103854,0.11773064732551575,0.240043,1.37299,0.300981,0.696092,,,3.90898,0.411978,0.182497,999.0,,,,,,,291.09999999999997,5.107017543859649,286.0,5.017543859649122,,,,,,,,,,,,,,,,,,,Pirates,17639,664875
Emilio Pagán,CIN,2.5823,1.93176,0.0,3.97122,62.746,0.07,26.0,3.9756,,64.6577,268.181,52.1628,30.46,28.53,10.3648,22.8445,1.12571,1.74039,70.0495,9.75051,3.17983,3.06637,1.44272,0.261202,0.0851829,0.17601898312568665,0.214136,1.16007,0.256143,0.73636,,,4.19298,0.410774,0.406348,112.62999725341797,,,,,,,433.8,6.673846153846154,406.0,6.246153846153846,,,,,,,,,,,,,,,,,,,Reds,14771,641941
Kevin Ginkel,ARI,1.97016,1.58413,0.0,4.19978,55.893,0.0,13.0,11.1623,,57.6459,246.376,53.0722,28.76,26.9,6.57878,21.5694,1.18827,2.46866,55.6449,8.68759,3.36754,2.57981,1.02712,0.225853,0.0875467,0.13830671459436417,0.2387,1.29483,0.290376,0.701218,,,3.93916,0.410533,0.133593,537.0700073242188,,,,,,,354.3,6.108620689655172,348.0,6.0,,,,,,,,,,,,,,,,,,,Diamondbacks,19876,656464
Dennis Santana,PIT,2.80973,1.88537,0.0,4.15937,61.917,0.0,24.0,5.1293,,64.6324,275.695,59.1567,32.03,29.87,7.27839,24.0874,1.6997,2.65589,58.6167,8.16232,3.35414,2.4335,1.01351,0.212614,0.0873696,0.12524471431970596,0.237623,1.28796,0.2834,0.701041,,,4.02657,0.409675,0.200918,149.39999389648438,,,,,,,418.5,6.438461538461539,411.0,6.323076923076923,,,,,,,,,,,,,,,,,,,Pirates,17878,642701
Kendry Rojas,MIN,1.09685,1.03451,0.0,3.71762,22.515,0.961,0.0,0.0,,28.3972,119.659,25.4779,12.6,11.73,2.64386,9.59409,0.832307,0.958838,29.3828,9.31237,3.04068,3.0626,0.837927,0.245555,0.0801787,0.16537624597549438,0.233515,1.23505,0.296241,0.716339,,,3.39092,0.407708,0.219033,999.0,,,,,,,130.30000000000004,4.65357142857143,126.0,4.5,,,,,,,,,,,,,,,,,,,Twins,sa3016746,696070
Ethan Roberts,CHC,1.38822,0.957291,0.0,3.49994,30.758,0.0,0.0,0.7212,,32.7091,136.296,26.4962,13.61,12.72,2.90197,11.9328,1.12122,1.79014,32.2223,8.86604,3.28336,2.7003,0.798485,0.236414,0.0875509,0.14886268973350525,0.216167,1.17487,0.269806,0.722192,,,3.57691,0.398673,0.333456,999.0,,,,,,,165.70000000000005,5.021212121212122,152.0,4.606060606060606,,,,,,,,,,,,,,,,,,,Cubs,24930,681799
Shane Drohan,MIL,1.18115,1.33942,0.0,3.78126,20.991,2.089,0.0,0.0,,33.2746,141.114,26.9945,14.97,13.98,3.63622,14.8553,0.927936,1.34316,37.1188,10.0398,4.01801,2.49869,0.983513,0.263042,0.105272,0.15776994824409485,0.216102,1.25771,0.277545,0.731242,,,3.78514,0.396184,0.344182,999.0,,,,,,,150.80000000000007,4.569696969696972,139.0,4.212121212121212,,,,,,,,,,,,,,,,,,,Brewers,sa3014447,675660
Paul Blackburn,NYY,2.19741,2.26223,0.0,4.64688,41.624,2.888,0.0,12.2539,,59.1881,257.023,60.8106,32.68,30.56,6.8523,21.3908,1.47898,2.02125,47.5971,7.2375,3.25263,2.22512,1.04194,0.185186,0.0832252,0.1019606813788414,0.260307,1.38882,0.301171,0.682036,,,4.21849,0.392628,-0.0561651,999.0,,,,,,,266.9,4.523728813559321,279.0,4.728813559322034,,,,,,,,,,,,,,,,,,,Yankees,14739,621112
Drew Thorpe,CHW,2.27852,3.07527,2.304,4.48775,7.997,7.192,0.0,0.0,,39.4474,166.892,36.9232,21.05,19.67,6.00422,12.9127,0.18261,1.39759,28.6414,6.53458,2.94606,2.21807,1.36987,0.171616,0.0773718,0.09424454718828201,0.24199,1.26335,0.262168,0.694808,,,4.75002,0.388794,0.317509,999.0,,,,,,,134.60000000000002,3.451282051282052,133.0,3.41025641025641,,,,,,,,,,,,,,,,,,,White Sox,31967,689672
Cole Sands,MIN,2.7754,2.25051,0.0,4.57903,61.763,0.205,6.0,12.6798,,66.0205,284.001,63.7601,36.0,33.59,8.61778,21.9437,1.23854,3.93821,60.421,8.23666,2.99139,2.75346,1.17479,0.212749,0.0772662,0.13548298180103302,0.247018,1.29814,0.291635,0.674967,,,4.17777,0.388676,-0.153868,731.3499755859375,,,,,,,335.30000000000007,5.080303030303031,337.0,5.106060606060606,,,,,,,,,,,,,,,,,,,Twins,21461,663485
Keaton Winn,SFG,1.40727,1.78124,0.0,4.26383,33.408,1.949,0.0,0.656,,45.6983,196.29,46.0309,23.35,21.65,4.99581,15.2019,1.19057,1.67768,39.1725,7.71479,2.99392,2.57682,0.983895,0.199565,0.0774461,0.12211839854717255,0.256568,1.33994,0.30342,0.698447,,,3.95003,0.388572,0.218148,999.0,,,,,,,190.30000000000004,4.1369565217391315,196.0,4.260869565217392,,,,,,,,,,,,,,,,,,,Giants,23499,676775
Eric Orze,MIN,2.58938,1.86503,0.0,4.15969,55.828,0.0,1.0,11.5993,,60.1703,257.535,52.6006,29.78,27.81,6.96354,25.9703,1.49368,2.77757,59.4389,8.8906,3.88453,2.28872,1.04158,0.230799,0.100842,0.12995710223913193,0.22991,1.30581,0.281042,0.708944,,,4.09727,0.385977,0.138199,999.0,,,,,,,304.09999999999997,5.0683333333333325,293.0,4.883333333333334,,,,,,,,,,,,,,,,,,,Twins,27626,679358
Kenley Jansen,DET,2.21115,1.71942,0.0,3.99007,54.814,0.0,22.0,4.1731,,56.0065,233.848,46.7044,26.69,24.83,7.46755,19.5097,1.2496,2.00871,52.1025,8.37265,3.13512,2.6706,1.2,0.222805,0.0834291,0.13937634229660034,0.219963,1.18226,0.256855,0.708831,,,4.16052,0.384006,0.231469,133.66000366210938,,,,,,,370.1000000000001,6.608928571428573,353.0,6.303571428571429,,,,,,,,,,,,,,,,,,,Tigers,3096,445276
Calvin Faucher,MIA,2.24787,1.99372,0.0,4.28977,61.154,0.078,6.0,11.493,,62.9195,273.933,59.2042,32.21,29.99,6.31691,28.329,1.8033,2.9754,61.0378,8.73084,4.05217,2.15461,0.903571,0.22282,0.103416,0.1194043979048729,0.244011,1.39119,0.30174,0.703057,,,3.9927,0.380134,0.0939714,999.0,,,,,,,342.0,5.428571428571429,340.0,5.396825396825397,,,,,,,,,,,,,,,,,,,Marlins,20116,676534
Taijuan Walker,PHI,4.61679,6.98386,1.21259,4.97517,36.188,16.41,0.0,0.6451,,109.968,478.805,111.723,65.13,60.79,17.7749,41.3564,1.45984,4.03479,75.6668,6.19272,3.38469,1.82963,1.45474,0.158033,0.0863742,0.07165837287902832,0.257774,1.39203,0.276339,0.686061,,,5.09856,0.37977,0.130781,999.0,,,,,,,322.40000000000003,2.930909090909091,337.0,3.0636363636363635,,,,,,,,,,,,,,,,,,,Phillies,11836,592836
Brooks Raley,NYM,2.71498,1.82583,0.0,4.22022,54.357,0.0,2.0,14.1176,,53.9545,229.994,50.1734,27.19,25.3,7.0001,16.8855,1.08374,4.35233,52.8398,8.81405,2.81662,3.12931,1.16767,0.229744,0.0734169,0.15632710605859756,0.240344,1.24288,0.289916,0.696293,,,4.04396,0.377407,0.124379,999.0,,,,,,,292.5,5.416666666666667,288.0,5.333333333333333,,,,,,,,,,,,,,,,,,,Mets,10061,548384
Erik Miller,SFG,2.42093,1.90816,0.0,3.82471,58.571,0.382,2.0,15.422,,58.3573,253.082,50.1448,26.7,24.8,4.7817,29.8142,1.61111,3.61543,57.0964,8.80554,4.59802,1.91507,0.737445,0.225605,0.117805,0.10779988765716553,0.228292,1.37016,0.287519,0.72694,,,3.96208,0.37542,0.338804,999.0,,,,,,,319.70000000000005,5.512068965517242,307.0,5.293103448275862,,,,,,,,,,,,,,,,,,,Giants,26252,669062
Grant Anderson,MIL,2.65425,1.74023,0.0,4.0293,52.773,0.0,0.0,9.5629,,56.109,237.02,48.7314,26.94,25.12,7.5031,20.4783,1.47301,2.74115,56.5012,9.06291,3.28476,2.75908,1.20351,0.238382,0.0863992,0.15198277682065964,0.22793,1.23349,0.27523,0.720031,,,4.10105,0.370763,0.231475,999.0,,,,,,,273.60000000000014,4.885714285714288,261.0,4.660714285714286,,,,,,,,,,,,,,,,,,,Brewers,20546,681982
Taylor Rogers,MIN,2.54867,1.94003,0.0,4.44934,56.914,0.0,16.0,5.8616,,57.4265,248.528,54.1709,30.51,28.39,6.90148,21.543,1.37185,4.23551,56.7327,8.89126,3.37627,2.63346,1.08162,0.228275,0.0866825,0.14159222692251205,0.243192,1.31845,0.297076,0.68437,,,4.06832,0.37043,-0.123701,420.3399963378906,,,,,,,335.29999999999995,5.882456140350876,334.0,5.859649122807017,,,,,,,,,,,,,,,,,,,Twins,13449,573124
Joel Payamps,ATL,2.02218,1.46433,0.0,4.32037,51.831,0.0,0.0,9.7706,,51.6622,219.535,49.3781,26.53,24.8,6.67337,15.7824,1.31117,2.54275,47.9235,8.34869,2.74943,3.03651,1.16256,0.218296,0.0718904,0.1464056745171547,0.245406,1.26128,0.291276,0.692082,,,4.02326,0.368954,0.0175843,999.0,,,,,,,250.30000000000004,4.81346153846154,248.0,4.769230769230769,,,,,,,,,,,,,,,,,,,Braves,14332,606303
AJ Blubaugh,HOU,1.35563,1.69972,0.0,4.02959,27.133,2.415,0.0,0.6558,,39.0635,165.68,33.0313,18.71,17.49,5.10792,16.2981,1.05802,1.13729,40.413,9.31092,3.75498,2.47962,1.17683,0.243923,0.0983712,0.14555153995752335,0.222817,1.2628,0.271831,0.725951,,,4.10492,0.365282,0.252507,748.3300170898438,,,,,,,174.3,4.469230769230769,163.0,4.17948717948718,,,,,,,,,,,,,,,,,,,Astros,31764,805123
Brad Keller,PHI,2.26424,1.61256,0.0,3.9325,56.676,0.412,4.0,16.1189,,64.5391,277.656,57.1441,30.3,28.2,6.4735,29.4959,1.34483,2.96142,61.4365,8.56734,4.11321,2.08288,0.902732,0.221269,0.106232,0.11503677070140839,0.233053,1.34244,0.285809,0.726245,,,4.04396,0.36527,0.406438,745.4600219726562,,,,,,,369.00000000000006,5.676923076923078,357.0,5.492307692307692,,,,,,,,,,,,,,,,,,,Phillies,15734,641745
Andrew Hoffmann,ARI,1.60852,1.3245,0.0,4.27984,46.181,0.0,0.0,10.009,,50.2168,216.82,46.7437,25.64,23.88,5.51222,20.9718,1.75941,1.73255,49.5527,8.88098,3.75863,2.36283,0.987915,0.228543,0.0967243,0.13181841373443604,0.240803,1.34846,0.29652,0.701277,,,3.94495,0.364544,0.0129949,999.0,,,,,,,245.0,4.9,243.0,4.86,,,,,,,,,,,,,,,,,,,Diamondbacks,29633,694851
Justin Topa,MIN,2.59732,2.12388,0.0,4.59156,58.649,0.121,5.0,11.4388,,61.5281,266.979,63.553,33.65,31.39,6.23199,19.8615,1.72376,4.20032,46.756,6.83922,2.90524,2.3541,0.911582,0.17513,0.0743937,0.10073628276586533,0.261624,1.35571,0.301802,0.666283,,,4.10525,0.362707,-0.163023,999.0,,,,,,,309.5999999999999,4.993548387096773,323.0,5.209677419354839,,,,,,,,,,,,,,,,,,,Twins,15145,623437
Anthony Bender,MIA,2.24899,1.81336,0.0,4.10056,59.274,0.0,2.0,12.3686,,59.6333,253.684,53.8803,29.27,27.17,6.58081,21.8362,1.39879,3.4944,54.1624,8.17432,3.29557,2.48039,0.993191,0.213504,0.0860765,0.12742720544338226,0.235952,1.2697,0.2822,0.698408,,,4.02755,0.361587,0.240672,999.0,,,,,,,308.5,5.141666666666667,300.0,5.0,,,,,,,,,,,,,,,,,,,Marlins,19742,669622
Tyler Rogers,TOR,3.09072,1.70825,0.0,3.90948,65.635,0.0,3.0,17.6086,,66.1853,273.499,64.7752,30.89,28.75,7.63252,12.9552,1.00573,2.69457,42.1872,5.73669,1.76168,3.25638,1.03788,0.15425,0.0473685,0.10688135027885437,0.251213,1.17444,0.274685,0.698643,,,4.06884,0.35997,0.357175,745.4000244140625,,,,,,,344.0000000000001,5.212121212121214,349.0,5.287878787878788,,,,,,,,,,,,,,,,,,,Blue Jays,15541,643511
Porter Hodge,CHC,1.26534,0.888899,0.0,3.52096,28.256,0.0,0.0,0.7212,,29.9833,126.914,22.958,12.54,11.73,2.58669,14.6294,0.975504,1.57805,34.218,10.2711,4.39126,2.33899,0.776439,0.269615,0.11527,0.1543450430035591,0.207376,1.25361,0.275652,0.737425,,,3.59584,0.35914,0.27491,999.0,,,,,,,146.3,4.876666666666667,132.0,4.4,,,,,,,,,,,,,,,,,,,Cubs,26413,687863
Cody Laweryson,MIN,1.50514,1.0345,0.0,4.01977,32.1,0.0,0.0,4.2707,,36.4946,153.079,32.4851,17.49,16.3,4.45501,11.3263,1.0624,1.26711,35.0423,8.64184,2.79321,3.09388,1.09866,0.228916,0.07399,0.15492601692676544,0.231234,1.20049,0.277558,0.700515,,,3.83691,0.353862,0.185508,999.0,,,,,,,184.00000000000006,5.1111111111111125,178.0,4.944444444444445,,,,,,,,,,,,,,,,,,,Twins,26429,689520
Jonathan Bowlan,PHI,1.89097,1.30306,0.0,4.09085,48.174,0.031,0.0,11.6404,,53.6148,228.626,48.3641,26.15,24.37,6.8306,21.011,1.86979,1.65562,53.7579,9.02403,3.52699,2.55857,1.14661,0.235135,0.0919012,0.14323405921459198,0.234824,1.29395,0.285708,0.722679,,,4.05432,0.350953,0.226886,999.0,,,,,,,275.7,5.105555555555555,266.0,4.925925925925926,,,,,,,,,,,,,,,,,,,Phillies,24607,680742
Clarke Schmidt,NYY,1.24939,1.28355,0.149922,4.05673,11.087,2.99,0.0,0.691,,25.1138,106.22,22.4684,12.13,11.32,3.13282,8.79166,0.398251,1.16965,24.3203,8.71562,3.15066,2.76629,1.12271,0.228962,0.0827687,0.14619343727827072,0.233418,1.24474,0.281019,0.71184,,,4.00996,0.350728,0.271994,999.0,,,,,,,112.89999999999999,4.516,108.0,4.32,,,,,,,,,,,,,,,,,,,Yankees,19899,657376
Hoby Milner,CHC,2.53978,1.96383,0.0,4.08074,59.171,0.0,0.0,13.4622,,60.2317,253.399,58.7158,29.41,27.31,6.98852,14.654,1.01993,4.07049,47.8359,7.14778,2.18965,3.26435,1.04425,0.188777,0.0578299,0.130947083234787,0.250201,1.21813,0.287613,0.691345,,,3.98772,0.348435,0.240672,999.0,,,,,,,295.5,4.925,300.0,5.0,,,,,,,,,,,,,,,,,,,Cubs,13346,571948
Kyle Finnegan,DET,2.31058,1.90282,0.0,4.24061,59.951,0.0,6.0,13.2709,,62.0995,262.215,58.0552,31.47,29.26,8.29958,20.8251,1.32846,1.0531,57.4428,8.3251,3.01816,2.75834,1.20285,0.219068,0.0794201,0.13964761793613434,0.241558,1.27022,0.284979,0.704872,,,4.07949,0.346715,0.142806,637.8200073242188,,,,,,,339.59999999999997,5.477419354838709,336.0,5.419354838709677,,,,,,,,,,,,,,,,,,,Tigers,15009,640448
Connor Phillips,CIN,1.91773,1.52883,0.0,4.1507,48.676,0.0,3.0,10.4083,,53.7957,233.992,44.3973,26.44,24.81,6.04702,28.9534,1.48355,2.87194,61.2177,10.2417,4.84388,2.11436,1.01166,0.261623,0.123737,0.13788676261901855,0.219608,1.3635,0.284283,0.722983,,,4.09528,0.345278,0.226882,999.0,,,,,,,292.4,5.4148148148148145,273.0,5.055555555555555,,,,,,,,,,,,,,,,,,,Reds,27649,683175
Mason Englert,TBR,2.38007,1.757,0.0,4.15072,52.545,0.0,0.0,12.301,,60.5822,255.096,57.0116,30.01,27.94,8.26148,17.8089,1.26858,2.28482,55.7457,8.2815,2.64567,3.13021,1.22731,0.218528,0.0698126,0.14871544390916824,0.2426,1.23502,0.285096,0.708417,,,4.06262,0.344602,0.191712,999.0,,,,,,,304.8000000000001,4.996721311475412,301.0,4.934426229508197,,,,,,,,,,,,,,,,,,,Rays,22288,669438
George Klassen,LAA,1.50152,2.57125,0.344907,4.57252,15.692,5.155,0.0,0.0,,38.7948,168.735,36.355,21.06,19.71,5.46919,16.678,0.669444,2.04411,38.6632,8.96947,3.86912,2.31822,1.2688,0.229135,0.098841,0.13029436767101288,0.242345,1.36701,0.291703,0.704621,,,4.4224,0.34278,0.208192,999.0,,,,,,,154.50000000000003,3.961538461538462,151.0,3.871794871794872,,,,,,,,,,,,,,,,,,,Angels,sa3023440,691946
JP Sears,SDP,1.92777,2.73125,0.417875,4.68505,19.114,5.673,0.0,0.6518,,45.1244,192.712,43.6697,25.3,23.49,7.83454,13.7033,0.818097,2.40127,38.651,7.70889,2.7331,2.82057,1.56259,0.200563,0.0711075,0.1294557973742485,0.24727,1.27144,0.275396,0.691159,,,4.7498,0.342374,0.16422,999.0,,,,,,,154.20000000000002,3.426666666666667,155.0,3.4444444444444446,,,,,,,,,,,,,,,,,,,Padres,23429,676664
Tanner Banks,PHI,2.13251,1.53225,0.0,4.24955,54.845,0.132,0.0,12.9016,,58.2627,246.7,56.6086,29.65,27.51,7.94071,16.0286,1.04272,2.58336,51.6358,7.97632,2.47598,3.22148,1.22662,0.209306,0.064972,0.1443338319659233,0.248187,1.24672,0.28881,0.698749,,,4.09276,0.341388,0.0313945,999.0,,,,,,,281.6000000000001,4.855172413793105,285.0,4.913793103448276,,,,,,,,,,,,,,,,,,,Phillies,16990,621383
Juan Mejia,COL,2.65272,2.83546,0.0,4.75013,60.823,0.0,3.0,14.3047,,64.3624,288.407,63.893,36.4,33.97,6.78329,31.4028,2.96789,4.79903,67.6616,9.46134,4.39115,2.15464,0.948529,0.234605,0.108884,0.12572120130062103,0.253338,1.48061,0.321274,0.686438,,,4.09012,0.339984,-0.2599,999.0,,,,,,,320.1,5.0015625,328.0,5.125,,,,,,,,,,,,,,,,,,,Rockies,23237,675848
Walker Buehler,SDP,3.02841,4.72942,0.788182,4.87539,22.949,10.633,0.0,0.6518,,68.7083,299.849,66.5057,39.81,37.22,10.5034,28.5238,1.02082,4.0629,52.8139,6.91802,3.73629,1.85157,1.37582,0.176135,0.0951272,0.08100774884223938,0.24884,1.38309,0.274595,0.687453,,,5.00792,0.337471,0.172328,742.8099975585938,,,,,,,212.10000000000002,3.073913043478261,213.0,3.0869565217391304,,,,,,,,,,,,,,,,,,,Padres,19374,621111
PJ Poulin,WSN,2.15269,2.03729,0.0,4.07971,56.947,0.0,2.0,12.1104,,58.0629,249.61,51.3657,28.31,26.32,6.31514,23.7975,1.92982,4.36931,57.0408,8.84158,3.68872,2.39692,0.978874,0.22852,0.0953389,0.13318117707967758,0.231959,1.29451,0.284973,0.70645,,,4.0396,0.335315,0.23607,999.0,,,,,,,310.80000000000007,5.358620689655174,300.0,5.172413793103448,,,,,,,,,,,,,,,,,,,Nationals,23394,676571
Jonathan Loáisiga,ARI,1.73675,1.37974,0.0,4.04085,49.177,0.0,1.0,13.3527,,51.3159,218.198,51.1874,24.74,23.04,4.73999,14.7581,1.264,3.28952,38.3845,6.73204,2.58835,2.6009,0.831319,0.175916,0.0676364,0.10827937722206116,0.255744,1.28509,0.295794,0.694754,,,3.89502,0.333389,0.16868,999.0,,,,,,,262.30000000000007,5.143137254901962,269.0,5.2745098039215685,,,,,,,,,,,,,,,,,,,Diamondbacks,19753,642528
Carlos Rodriguez,MIL,1.27012,1.36941,0.0,3.94632,22.826,1.857,0.0,0.621,,31.9057,135.209,26.5774,14.98,13.99,3.93908,13.3336,0.897426,1.30302,30.8837,8.71172,3.76115,2.31624,1.11114,0.228415,0.0986147,0.12980058789253235,0.220428,1.2509,0.264006,0.724816,,,4.18042,0.326721,0.279625,999.0,,,,,,,141.40000000000003,4.418750000000001,132.0,4.125,,,,,,,,,,,,,,,,,,,Brewers,30161,692230
Juan Morillo,ARI,1.65772,1.34551,0.0,4.13062,46.986,0.0,0.0,6.9869,,46.562,201.076,42.8633,22.89,21.37,4.53197,20.9381,1.39296,1.39788,43.27,8.36368,4.04714,2.06657,0.875988,0.215193,0.10413,0.11106204986572266,0.239809,1.37025,0.292745,0.71204,,,3.98097,0.323507,0.159468,999.0,,,,,,,222.5,4.73404255319149,218.0,4.638297872340425,,,,,,,,,,,,,,,,,,,Diamondbacks,21924,666661
DJ Herz,WSN,0.819719,1.35326,0.0,3.75818,18.985,1.758,0.0,0.6466,,28.6176,122.898,22.2342,12.78,11.95,2.78116,15.5074,0.798646,1.42116,32.7338,10.2945,4.87694,2.11086,0.874651,0.266349,0.12618,0.1401684433221817,0.209816,1.31882,0.276106,0.737462,,,3.88547,0.32309,0.328671,999.0,,,,,,,139.5,4.810344827586207,125.0,4.310344827586207,,,,,,,,,,,,,,,,,,,Nationals,26389,687792
Ben Casparius,LAD,2.46177,1.21098,0.0,4.28192,45.667,0.128,0.0,13.2996,,53.8077,230.51,47.2161,27.38,25.6,6.72352,22.8584,1.18509,2.06874,52.4282,8.76927,3.82334,2.29361,1.12459,0.227444,0.0991642,0.12828005105257034,0.229669,1.30231,0.276529,0.703815,,,4.20061,0.322286,0.12438,999.0,,,,,,,272.3,5.042592592592593,260.0,4.814814814814815,,,,,,,,,,,,,,,,,,,Dodgers,30085,676508
Yohan Ramírez,PIT,2.03185,1.39962,0.0,4.18018,45.329,0.0,0.0,10.0675,,49.627,215.501,43.7661,24.64,23.05,5.2487,21.2197,1.35323,5.51796,51.9244,9.41663,3.84826,2.44698,0.951867,0.240948,0.0984672,0.14248043298721313,0.231858,1.30949,0.292708,0.699991,,,4.03379,0.319768,0.115166,999.0,,,,,,,257.1,5.142,248.0,4.96,,,,,,,,,,,,,,,,,,,Pirates,19444,670990
Sam Hentges,SFG,1.30115,1.04403,0.0,4.08899,33.188,0.0,0.0,0.656,,33.4337,143.814,32.8738,16.36,15.19,3.25669,12.1919,0.642882,1.17449,32.4684,8.74014,3.28192,2.66312,0.876667,0.225767,0.0847753,0.14099138230085373,0.252008,1.34791,0.312672,0.708671,,,3.65854,0.314317,0.127239,999.0,,,,,,,150.50000000000006,4.560606060606062,155.0,4.696969696969697,,,,,,,,,,,,,,,,,,,Giants,18548,656529
José Suarez,ATL,1.29728,1.50643,0.0,4.59341,31.431,1.78,0.0,3.9621,,46.5145,201.044,44.6075,25.48,23.74,6.37531,17.8282,1.34431,1.92079,45.7983,8.86143,3.44953,2.56888,1.23355,0.227803,0.088678,0.1391248032450676,0.24605,1.34228,0.296096,0.690628,,,4.22145,0.313935,0.075807,999.0,,,,,,,205.0,4.361702127659575,205.0,4.361702127659575,,,,,,,,,,,,,,,,,,,Braves,19911,660761
Cade Gibson,MIA,2.06198,1.68601,0.0,4.06202,54.478,0.099,0.0,0.6387,,60.6865,260.714,56.0657,29.37,27.39,5.3611,22.2734,1.75498,5.90571,51.1833,7.59064,3.30322,2.29795,0.795068,0.19632,0.0854324,0.11088718473911285,0.241106,1.29088,0.288109,0.691326,,,3.98978,0.313502,0.294345,999.0,,,,,,,266.30000000000007,4.365573770491804,262.0,4.295081967213115,,,,,,,,,,,,,,,,,,,Marlins,31815,806188
Andre Granillo,WSN,1.34292,1.24717,0.0,3.94069,34.578,0.0,2.0,6.7245,,38.8942,165.193,31.544,18.25,17.03,4.71757,17.902,1.40847,1.07867,41.3769,9.57448,4.14246,2.3113,1.09163,0.250477,0.10837,0.142106331884861,0.215742,1.27129,0.267949,0.728174,,,4.04829,0.308543,0.24385,999.0,,,,,,,206.90000000000003,5.305128205128206,193.0,4.948717948717949,,,,,,,,,,,,,,,,,,,Nationals,29542,701552
John Schreiber,KCR,2.59283,2.09963,0.0,4.3296,62.445,0.0,1.0,13.4702,,61.2805,263.002,57.7934,31.55,29.48,7.65556,22.3781,1.06386,2.81538,55.5925,8.16463,3.28657,2.48424,1.12434,0.211377,0.0850871,0.12628964334726334,0.243025,1.30827,0.287223,0.700056,,,4.17817,0.303803,-0.0127211,999.0,,,,,,,296.2000000000001,4.855737704918035,295.0,4.836065573770492,,,,,,,,,,,,,,,,,,,Royals,20020,670167
Lucas Erceg,KCR,2.49977,1.95425,0.0,4.16004,59.679,0.0,6.0,12.3509,,62.4801,269.22,57.5823,30.91,28.88,6.45171,26.0882,1.29045,3.29238,55.6244,8.01247,3.7579,2.13217,0.929342,0.206613,0.0969028,0.10971028357744217,0.240087,1.33915,0.287633,0.706884,,,4.10769,0.3034,0.142806,507.3999938964844,,,,,,,337.19999999999993,5.438709677419354,335.0,5.403225806451613,,,,,,,,,,,,,,,,,,,Royals,19360,668674
Keegan Akin,BAL,2.93865,2.11617,0.0,4.19209,61.19,0.212,2.0,15.5222,,64.5787,271.82,58.4677,32.27,30.08,9.98912,20.0945,1.4096,2.20793,61.5386,8.57632,2.80047,3.06246,1.39213,0.226395,0.073926,0.15246906876564026,0.234323,1.21654,0.272368,0.716848,,,4.2762,0.301057,0.200919,999.0,,,,,,,339.2,5.218461538461538,327.0,5.030769230769231,,,,,,,,,,,,,,,,,,,Orioles,19362,669211
Spencer Turnbull,,1.64029,2.26024,1.29878,4.69146,6.362,4.975,0.0,0.0,,28.7757,125.083,28.0529,16.03,15.0,3.66004,11.7517,0.211531,1.48665,23.3217,7.29417,3.6755,1.98454,1.14473,0.18645,0.0939511,0.09249868243932724,0.25082,1.38327,0.287439,0.685531,,,4.54786,0.300583,0.194869,999.0,,,,,,,99.60000000000004,3.4344827586206907,100.0,3.4482758620689653,,,,,,,,,,,,,,,,,,,,16207,605513
Travis Adams,MIN,1.6024,2.12491,0.0,4.73054,34.067,2.399,0.0,0.6406,,50.5503,221.221,51.7772,28.43,26.57,6.02156,19.1795,1.35751,2.20404,42.4832,7.56373,3.41472,2.21503,1.07208,0.19204,0.0866985,0.10534150153398514,0.259097,1.40368,0.302352,0.680139,,,4.27191,0.300153,-0.0155487,999.0,,,,,,,193.40000000000003,3.7921568627450988,202.0,3.9607843137254903,,,,,,,,,,,,,,,,,,,Twins,30180,701519
Ryan Zeferjahn,LAA,2.22138,1.89247,0.0,4.18113,57.814,0.027,1.0,11.5848,,60.2277,261.411,50.1274,29.88,27.98,7.39334,30.8173,1.9009,3.92721,68.3074,10.2074,4.60512,2.21653,1.10481,0.261303,0.117888,0.14341424405574799,0.22115,1.34398,0.283071,0.723357,,,4.19333,0.297249,0.138199,999.0,,,,,,,311.9,5.198333333333333,293.0,4.883333333333334,,,,,,,,,,,,,,,,,,,Angels,25420,666171
Kyle Hart,SDP,1.38619,1.40462,0.0,4.17479,30.311,1.301,0.0,4.1718,,40.5074,173.742,36.5517,20.17,18.79,4.95566,15.6263,0.994228,2.33764,39.9995,8.88716,3.47187,2.55976,1.10106,0.230223,0.0899392,0.14028391242027283,0.234639,1.28811,0.285102,0.707514,,,4.08104,0.295842,0.205971,999.0,,,,,,,187.70000000000005,4.578048780487806,182.0,4.439024390243903,,,,,,,,,,,,,,,,,,,Padres,19646,606996
Justin Slaten,BOS,2.63735,1.81553,0.0,4.07047,55.484,0.0,2.0,13.495,,59.8531,253.779,53.3909,29.07,27.07,7.5688,22.625,1.28306,1.97227,54.4565,8.18853,3.40208,2.40692,1.13811,0.214583,0.0891525,0.12543002516031265,0.232963,1.27004,0.274127,0.717612,,,4.19228,0.294937,0.240684,999.0,,,,,,,302.8,5.046666666666667,291.0,4.85,,,,,,,,,,,,,,,,,,,Red Sox,25648,686580
Caden Dana,LAA,3.54891,5.59192,4.67637,5.28551,12.618,12.244,0.0,0.0,,66.3058,291.896,67.9446,41.53,38.94,11.6798,26.2995,0.255622,3.66766,56.8326,7.71416,3.56976,2.16098,1.58535,0.194702,0.090099,0.10460271686315536,0.259401,1.42136,0.2909,0.676755,,,5.0667,0.292238,-0.074333,999.0,,,,,,,188.00000000000006,2.8484848484848495,198.0,3.0,,,,,,,,,,,,,,,,,,,Angels,31508,702674
Elvis Alvarado,ATH,2.37978,1.99372,0.0,4.37033,55.948,0.0,3.0,8.8834,,60.1946,261.795,52.6977,31.31,29.23,7.81939,28.9144,1.76918,3.45255,66.4075,9.92893,4.32313,2.2967,1.16912,0.253662,0.110447,0.14321577548980713,0.229692,1.3558,0.289162,0.711839,,,4.23055,0.289516,0.0359982,748.3099975585938,,,,,,,294.8,4.913333333333333,283.0,4.716666666666667,,,,,,,,,,,,,,,,,,,Athletics,21662,665660
Tomoyuki Sugano,COL,5.12433,8.85196,9.22703,5.71007,20.244,20.244,0.0,0.0,,114.792,508.848,136.097,77.72,72.83,20.7219,32.7365,0.506306,5.42294,67.5287,5.29443,2.56663,2.0628,1.62465,0.132709,0.0643345,0.0683743879199028,0.289143,1.47077,0.301682,0.651634,,,5.30259,0.288313,-0.532505,999.0,,,,,,,261.1,2.270434782608696,324.0,2.8173913043478263,,,,,,,,,,,,,,,,,,,Rockies,35321,608372
Ryan Borucki,SFG,1.45126,1.02143,0.0,3.68106,34.931,0.0,0.0,7.0848,,35.6473,149.525,31.3281,15.74,14.58,3.74658,11.9838,0.670437,2.28928,33.8178,8.53809,3.02559,2.82195,0.945912,0.226169,0.0801461,0.1460224911570549,0.231629,1.21501,0.282345,0.724305,,,3.80529,0.286044,0.288501,999.0,,,,,,,190.60000000000005,5.294444444444446,182.0,5.055555555555555,,,,,,,,,,,,,,,,,,,Giants,16350,621366
Matt Festa,CLE,2.00718,2.0438,0.0,4.4697,56.317,0.0,1.0,12.6755,,57.6481,248.19,52.8292,30.64,28.63,7.76839,21.8143,1.37143,4.27828,56.4948,8.81995,3.40565,2.5898,1.2128,0.227627,0.0878936,0.13973352313041687,0.237865,1.29481,0.285494,0.690059,,,4.28482,0.285036,-0.0705284,999.0,,,,,,,284.00000000000006,4.896551724137932,277.0,4.775862068965517,,,,,,,,,,,,,,,,,,,Guardians,19330,670036
Brenan Hanifee,DET,1.9158,1.58413,0.0,4.17987,50.152,0.0,0.0,10.8769,,55.1859,237.398,55.5458,27.63,25.63,4.84183,19.1922,1.40788,2.36698,39.0206,6.36368,3.12996,2.03315,0.78963,0.164367,0.0808438,0.08352368324995041,0.257348,1.35429,0.29483,0.693178,,,4.03356,0.28481,0.075551,999.0,,,,,,,258.9,4.707272727272727,269.0,4.890909090909091,,,,,,,,,,,,,,,,,,,Tigers,22304,669724
Kevin Kelly,TBR,1.58717,1.21796,0.0,4.25989,36.104,0.0,0.0,0.6682,,37.3531,158.518,38.2352,19.01,17.68,4.10315,9.4405,0.739231,1.99458,31.0403,7.47896,2.27463,3.28799,0.988628,0.195816,0.0595548,0.1362607181072235,0.259957,1.27635,0.304916,0.683635,,,3.81957,0.28288,0.0341074,999.0,,,,,,,158.8,4.2918918918918925,166.0,4.486486486486487,,,,,,,,,,,,,,,,,,,Rays,25679,687330
Tyler Phillips,MIA,2.0893,1.81979,0.0,4.32971,56.741,0.022,2.0,15.4502,,65.4155,282.385,65.7929,33.93,31.47,6.78055,24.2331,1.95271,2.03123,51.1784,7.04124,3.33403,2.11193,0.932882,0.181237,0.0858158,0.09542088210582733,0.256883,1.37622,0.297799,0.696557,,,4.12241,0.28057,-0.00348925,999.0,,,,,,,317.29999999999995,4.881538461538461,328.0,5.046153846153846,,,,,,,,,,,,,,,,,,,Marlins,20629,663969
Will Klein,LAD,2.49379,1.20356,0.0,4.24041,47.353,0.0,0.0,14.311,,50.2805,219.925,42.6102,25.27,23.69,5.6712,28.2096,1.16861,2.12349,58.6196,10.4927,5.04941,2.078,1.01512,0.266543,0.128269,0.13827407360076904,0.224746,1.4085,0.294801,0.724391,,,4.07955,0.280457,0.115166,999.0,,,,,,,268.4,5.367999999999999,256.0,5.12,,,,,,,,,,,,,,,,,,,Dodgers,27787,694361
Jakob Junis,TEX,2.48409,1.8917,0.0,4.37141,52.95,0.3,0.0,13.2779,,60.715,256.5,59.1393,31.53,29.49,8.21368,16.0228,1.26619,2.88694,49.8152,7.38429,2.37512,3.10902,1.21754,0.194211,0.062467,0.13174410536885262,0.248913,1.23795,0.283611,0.685361,,,4.18721,0.27758,-0.0126797,999.0,,,,,,,294.60000000000014,4.829508196721314,296.0,4.852459016393443,,,,,,,,,,,,,,,,,,,Rangers,13619,596001
Luinder Avila,KCR,1.02613,0.733636,0.0,3.73913,23.992,0.0,0.0,0.663,,27.7043,118.088,23.9023,12.33,11.51,2.25672,11.8589,0.741575,1.31723,27.3727,8.89226,3.85248,2.30819,0.733116,0.231798,0.100424,0.13137412071228027,0.227832,1.29082,0.287524,0.718709,,,3.64482,0.27687,0.270498,999.0,,,,,,,139.20000000000005,4.971428571428573,133.0,4.75,,,,,,,,,,,,,,,,,,,Royals,24452,679883
Ryne Stanek,STL,2.55487,2.06994,0.0,4.32054,56.601,0.0,3.0,11.5134,,56.0347,241.312,49.0367,28.63,26.9,7.04581,25.7779,1.04557,1.4663,54.2797,8.71812,4.14032,2.10567,1.13166,0.224936,0.106824,0.11811162531375885,0.229071,1.33515,0.274913,0.711074,,,4.29101,0.273778,0.0267848,748.1400146484375,,,,,,,290.9000000000001,5.194642857142859,279.0,4.982142857142857,,,,,,,,,,,,,,,,,,,Cardinals,15947,592773
Gavin Stone,LAD,1.16086,1.01857,0.155017,4.41592,10.302,2.587,0.0,0.7772,,23.9678,102.575,23.7581,12.58,11.76,3.07939,7.75615,0.403323,0.847357,20.6063,7.73776,2.91246,2.65678,1.15632,0.20089,0.0756142,0.12527578324079514,0.252822,1.31486,0.294209,0.696033,,,4.16276,0.271524,0.117318,999.0,,,,,,,97.30000000000001,4.054166666666667,100.0,4.166666666666667,,,,,,,,,,,,,,,,,,,Dodgers,27792,694813
Peyton Pallette,CLE,1.40808,1.32408,0.0,4.15029,38.583,0.0,0.0,0.0,,41.5272,177.697,35.0673,20.47,19.15,5.52163,17.9126,0.982009,2.44449,46.13,9.99755,3.88212,2.57528,1.19668,0.259599,0.100804,0.15879500657320023,0.222876,1.27579,0.279555,0.718457,,,4.11263,0.271129,0.199283,999.0,,,,,,,178.0,4.238095238095238,164.0,3.9047619047619047,,,,,,,,,,,,,,,,,,,Guardians,sa3020742,688883
Kyle Backhus,PHI,1.51193,1.06395,0.0,4.30109,39.94,0.0,0.0,6.709,,38.6483,168.119,37.0964,19.85,18.47,3.96724,14.4861,1.38754,3.57404,37.8136,8.80563,3.37336,2.61035,0.923847,0.224922,0.0861656,0.13875649869441986,0.247213,1.33466,0.305964,0.689411,,,3.91466,0.270656,0.0387093,999.0,,,,,,,193.20000000000005,4.953846153846155,193.0,4.948717948717949,,,,,,,,,,,,,,,,,,,Phillies,29615,679775
Evan Sisk,PIT,1.5974,1.05966,0.0,4.02003,35.484,0.0,0.0,0.6537,,36.4475,157.603,32.2936,17.42,16.28,3.44201,15.4508,1.02664,3.56787,37.6399,9.29445,3.81527,2.43612,0.849936,0.238828,0.0980362,0.1407914161682129,0.233025,1.30995,0.295907,0.706441,,,3.86282,0.26729,0.185485,999.0,,,,,,,169.3,4.702777777777778,164.0,4.555555555555555,,,,,,,,,,,,,,,,,,,Pirates,24995,681895
Liam Hendriks,,1.22408,1.27416,0.0,3.92892,21.729,0.0,1.0,0.0,,22.4489,93.0364,19.8293,10.52,9.8,3.11235,5.9248,0.452223,0.863842,24.8217,9.95129,2.37531,4.18946,1.24777,0.266796,0.0636826,0.20311325043439865,0.229911,1.14723,0.286673,0.711979,,,3.63329,0.266876,0.0506731,745.739990234375,,,,,,,107.9,4.904545454545455,105.0,4.7727272727272725,,,,,,,,,,,,,,,,,,,,3548,521230
Justin Sterner,ATH,2.67212,2.19464,0.0,4.31081,60.557,0.026,9.0,10.2618,,65.2638,276.659,54.9873,33.49,31.26,10.3047,25.2676,2.01331,3.43091,66.6411,9.18994,3.48444,2.63742,1.42104,0.240879,0.0913312,0.14954744279384613,0.221759,1.2297,0.26128,0.710407,,,4.46473,0.265532,0.0985776,528.9500122070312,,,,,,,350.0,5.384615384615385,330.0,5.076923076923077,,,,,,,,,,,,,,,,,,,Athletics,27694,686993
Dauri Moreta,,1.40691,1.45357,0.0,3.92019,24.628,0.0,0.0,0.0,,24.8636,104.448,20.2162,11.6,10.83,3.32705,9.56904,0.571974,1.26379,28.9258,10.4704,3.46375,3.02285,1.20431,0.276939,0.0916151,0.18532343208789825,0.215949,1.19795,0.275235,0.723722,,,3.85501,0.264556,0.108831,999.0,,,,,,,121.1,4.843999999999999,111.0,4.44,,,,,,,,,,,,,,,,,,,,21101,664294
Jack Perkins,ATH,1.0415,1.19044,0.0,4.14257,22.757,1.074,0.0,0.6364,,30.6766,132.228,25.6435,15.11,14.12,3.8213,14.314,0.81776,2.17308,34.2018,10.0342,4.1995,2.38939,1.1211,0.258658,0.108253,0.15040502697229385,0.22156,1.30254,0.280788,0.717977,,,4.13703,0.262397,0.180071,999.0,,,,,,,136.6,4.406451612903226,127.0,4.096774193548387,,,,,,,,,,,,,,,,,,,Athletics,31468,678022
Tim Herrin,CLE,1.92887,1.81132,0.0,4.16056,53.567,0.0,0.0,10.4573,,52.0242,225.002,46.7408,25.76,24.05,5.38855,22.1807,1.16021,4.47501,50.5049,8.73717,3.83718,2.27698,0.932199,0.224464,0.0985798,0.12588415294885635,0.235652,1.3248,0.290287,0.703213,,,4.07717,0.260981,0.119773,999.0,,,,,,,265.1,5.098076923076923,259.0,4.980769230769231,,,,,,,,,,,,,,,,,,,Guardians,25139,682120
Pierce Johnson,CIN,2.24751,1.8492,0.0,4.36039,57.808,0.0,1.0,12.0126,,58.3915,249.52,53.2846,30.27,28.29,8.44315,23.1778,1.14888,1.14175,60.2022,9.27909,3.57244,2.59741,1.30136,0.241272,0.0928894,0.1483822911977768,0.23661,1.30948,0.286426,0.714588,,,4.20233,0.260836,0.0313886,999.0,,,,,,,294.00000000000006,5.06896551724138,287.0,4.948275862068965,,,,,,,,,,,,,,,,,,,Reds,13435,572955
Yennier Cano,BAL,2.6346,1.8921,0.0,4.21925,56.955,0.0,2.0,12.5929,,56.42,241.582,54.7838,28.38,26.45,5.94462,20.9735,1.02974,2.26094,49.2949,7.86341,3.34564,2.35034,0.948273,0.20405,0.0868172,0.11723306775093079,0.250902,1.34274,0.299428,0.702564,,,3.99287,0.258958,0.128986,999.0,,,,,,,288.6000000000001,5.15357142857143,293.0,5.232142857142857,,,,,,,,,,,,,,,,,,,Orioles,25911,666974
Jimmy Herget,COL,2.67826,3.28339,0.0,5.19983,61.7,0.583,1.0,14.5869,,70.2889,310.022,75.3125,43.52,40.61,10.2425,22.8684,2.27753,5.05822,63.5849,8.1416,2.92814,2.78046,1.31148,0.205098,0.0737639,0.13133389502763748,0.266975,1.39682,0.312434,0.651956,,,4.41219,0.257564,-0.696675,999.0,,,,,,,309.0,4.414285714285715,329.0,4.7,,,,,,,,,,,,,,,,,,,Rockies,17556,623474
Enyel De Los Santos,HOU,2.39073,1.78079,0.0,4.31927,54.058,0.0,0.0,12.2423,,55.8845,238.263,50.9054,28.68,26.82,7.67594,20.8015,1.07904,2.12584,53.1007,8.55168,3.35001,2.55273,1.23618,0.222866,0.0873046,0.13556092232465744,0.2364,1.28313,0.279695,0.705815,,,4.25115,0.256553,0.026791,999.0,,,,,,,268.4000000000001,4.7928571428571445,261.0,4.660714285714286,,,,,,,,,,,,,,,,,,,Astros,18403,660853
Josh Sborz,TEX,1.83831,1.35573,0.0,4.43064,39.963,0.0,0.0,10.2635,,42.0278,180.935,37.4307,22.14,20.69,5.26993,18.1461,0.815595,1.90108,45.4188,9.72616,3.88588,2.50295,1.12852,0.251023,0.100291,0.15073196589946747,0.232651,1.32238,0.291842,0.693725,,,4.03485,0.25615,-0.00540513,999.0,,,,,,,223.10000000000002,5.311904761904763,215.0,5.119047619047619,,,,,,,,,,,,,,,,,,,Rangers,18323,622250
Connor Brogdon,CLE,1.58886,1.56472,0.0,4.37955,44.279,0.0,0.0,7.0621,,47.0391,200.937,42.958,24.52,22.89,6.61806,18.0502,1.24,1.2557,46.9169,8.97661,3.45355,2.59924,1.26623,0.233491,0.0898304,0.14366064220666885,0.236513,1.29697,0.283694,0.705183,,,4.20061,0.255981,-0.044855,999.0,,,,,,,214.90000000000003,4.572340425531916,209.0,4.446808510638298,,,,,,,,,,,,,,,,,,,Guardians,21205,641401
McCade Brown,COL,1.50627,3.18228,0.503147,5.35402,12.646,6.03,0.0,0.6093,,36.3932,161.752,38.6159,23.15,21.65,5.88294,13.9556,0.547693,2.55084,34.4424,8.51758,3.45121,2.468,1.45484,0.212934,0.086278,0.12665605545043945,0.265867,1.44454,0.311981,0.663612,,,4.70446,0.255557,-0.12245,999.0,,,,,,,112.20000000000002,3.116666666666667,123.0,3.4166666666666665,,,,,,,,,,,,,,,,,,,Rockies,30004,685326
Justin Wilson,,1.70907,1.82974,0.0,4.04035,30.628,0.0,0.0,0.0,,30.0939,127.905,27.175,14.49,13.51,3.55524,11.1647,0.673354,1.2436,30.5413,9.1338,3.33895,2.73553,1.06324,0.238781,0.0872886,0.15149211138486862,0.235287,1.274,0.290167,0.714868,,,3.87815,0.255458,0.171692,999.0,,,,,,,128.60000000000002,4.286666666666667,124.0,4.133333333333334,,,,,,,,,,,,,,,,,,,,4301,458677
Casey Legumina,SEA,1.81707,1.60848,0.0,4.14908,44.953,0.025,0.0,4.3334,,47.5696,201.904,40.5474,23.43,21.93,6.82357,18.3698,1.34004,2.62187,48.3057,9.13926,3.47549,2.62963,1.291,0.239251,0.0909826,0.14826810359954834,0.224127,1.23855,0.268111,0.718885,,,4.29281,0.253551,0.213075,999.0,,,,,,,211.50000000000003,4.406250000000001,198.0,4.125,,,,,,,,,,,,,,,,,,,Mariners,25921,668984
José Buttó,SFG,2.17886,1.88161,0.0,4.22243,54.107,0.338,2.0,13.0537,,61.7914,269.087,57.3825,31.11,28.99,6.35781,29.309,1.67576,2.44763,56.0985,8.17083,4.26889,1.91404,0.926024,0.208477,0.10892,0.09955722093582153,0.241783,1.40297,0.291779,0.714502,,,4.19878,0.252688,0.142806,999.0,,,,,,,317.79999999999995,5.1258064516129025,313.0,5.048387096774194,,,,,,,,,,,,,,,,,,,Giants,23313,676130
Grant Wolfram,BAL,1.64338,1.18207,0.0,4.22106,35.43,0.0,0.0,4.4076,,38.6562,167.322,36.2186,19.43,18.13,4.1389,15.9214,1.34151,1.95219,37.2838,8.68048,3.70684,2.34175,0.963625,0.222827,0.095154,0.1276726946234703,0.242349,1.34881,0.296964,0.705785,,,3.98516,0.251859,0.141057,999.0,,,,,,,181.80000000000004,4.661538461538463,179.0,4.589743589743589,,,,,,,,,,,,,,,,,,,Orioles,21623,664991
Jacob Webb,CHC,2.29085,1.72793,0.0,3.99937,51.169,0.0,0.0,10.7096,,53.1984,223.286,43.9001,25.31,23.64,7.0373,21.0109,1.24297,1.94036,49.0802,8.30329,3.55459,2.33593,1.19056,0.219809,0.0940989,0.12570995837450027,0.219134,1.22017,0.255606,0.719249,,,4.30394,0.248263,0.275934,999.0,,,,,,,264.70000000000005,4.99433962264151,247.0,4.660377358490566,,,,,,,,,,,,,,,,,,,Cubs,19274,657097
Zak Kent,MIN,1.74456,1.32322,0.0,4.36001,38.837,0.0,0.0,6.9186,,43.6375,189.707,41.8578,22.66,21.14,4.59217,18.6484,1.46955,1.76377,39.9547,8.24045,3.84614,2.14253,0.94711,0.210613,0.0983014,0.11231184750795364,0.247249,1.38657,0.298729,0.699856,,,4.07527,0.244433,-0.000795571,999.0,,,,,,,199.90000000000003,4.543181818181819,200.0,4.545454545454546,,,,,,,,,,,,,,,,,,,Twins,25703,687849
Dax Fulton,MIA,0.53157,0.759319,0.0,3.68056,12.729,1.036,0.0,0.0,,17.3615,74.1458,15.7477,7.61,7.1,1.21871,7.01938,0.568376,0.764703,17.0856,8.85696,3.63877,2.43406,0.631767,0.230432,0.0946699,0.1357620656490326,0.237301,1.31135,0.302325,0.719679,,,3.42453,0.242934,0.140482,999.0,,,,,,,81.9,4.81764705882353,82.0,4.823529411764706,,,,,,,,,,,,,,,,,,,Marlins,sa3014535,690978
Carlos Vargas,SEA,2.02646,1.7907,0.0,4.05031,51.258,0.0,0.0,10.0103,,53.5959,229.952,52.3352,25.9,24.12,4.70005,18.5959,1.60929,3.8402,38.7289,6.50348,3.12268,2.08266,0.789248,0.168421,0.0808684,0.0875529944896698,0.252198,1.32344,0.290304,0.699773,,,4.08579,0.24217,0.226875,999.0,,,,,,,251.90000000000003,4.664814814814815,254.0,4.703703703703703,,,,,,,,,,,,,,,,,,,Mariners,22915,672841
Andrew Chafin,,1.81341,1.90785,0.0,3.98087,32.421,0.0,0.0,0.0,,31.9679,137.581,27.7175,15.16,14.14,3.27956,15.0542,0.648887,1.38787,33.7485,9.50131,4.23823,2.24181,0.923302,0.245299,0.10942,0.13587869703769684,0.228806,1.33796,0.290543,0.723191,,,3.90038,0.241526,0.176292,999.0,,,,,,,147.10000000000002,4.596875000000001,141.0,4.40625,,,,,,,,,,,,,,,,,,,,12988,605177
Chase Silseth,LAA,1.76174,1.42463,0.0,4.03063,44.988,0.0,0.0,6.5563,,51.9596,221.736,43.4937,24.84,23.27,6.43409,22.9608,1.49492,3.08801,53.4984,9.26653,3.97708,2.32998,1.11446,0.24127,0.10355,0.1377200409770012,0.222261,1.27896,0.272989,0.724401,,,4.18967,0.240406,0.222291,999.0,,,,,,,255.2,4.907692307692307,238.0,4.576923076923077,,,,,,,,,,,,,,,,,,,Angels,30074,681217
Ian Hamilton,ATL,1.13101,0.814913,0.0,4.12066,28.899,0.075,0.0,0.646,,30.7742,133.05,28.3562,15.07,14.09,2.87343,13.5524,0.61791,1.50687,30.2473,8.84592,3.96342,2.23189,0.840343,0.227339,0.101859,0.1254792883992195,0.240326,1.36181,0.300257,0.708408,,,3.85124,0.238327,0.122641,999.0,,,,,,,135.7,4.377419354838709,132.0,4.258064516129032,,,,,,,,,,,,,,,,,,,Braves,19261,641656
Hayden Harris,ATL,1.4183,1.11781,0.0,4.63048,37.911,0.0,0.0,6.4599,,38.7951,168.874,37.342,21.41,19.96,5.61682,15.2697,0.879792,1.86646,44.3838,10.2965,3.54238,2.90666,1.30304,0.262822,0.0904204,0.17240126430988312,0.246095,1.35614,0.311834,0.697273,,,4.05431,0.237685,-0.0632168,999.0,,,,,,,179.60000000000002,4.605128205128206,178.0,4.564102564102564,,,,,,,,,,,,,,,,,,,Braves,31913,802686
Easton McGee,MIL,1.27513,0.849465,0.0,4.17956,25.983,0.0,0.0,0.621,,30.4697,128.423,29.1377,15.19,14.15,4.05729,8.06897,0.805084,1.27968,28.3336,8.36905,2.38337,3.51143,1.19842,0.220628,0.0628313,0.15779640525579453,0.244702,1.2211,0.289334,0.698355,,,3.92686,0.234616,0.0690998,999.0,,,,,,,130.4,4.346666666666667,131.0,4.366666666666666,,,,,,,,,,,,,,,,,,,Brewers,22176,668834
Tanner Gordon,COL,2.32371,5.09072,0.828747,5.85732,25.559,8.528,0.0,0.6093,,64.3041,286.401,77.5403,44.77,41.85,12.1876,18.2002,1.34006,1.94152,49.26,6.89443,2.5473,2.70657,1.70578,0.171997,0.0635479,0.10844887048006058,0.291222,1.48887,0.319087,0.647838,,,5.00662,0.234248,-0.669819,999.0,,,,,,,165.2,2.58125,206.0,3.21875,,,,,,,,,,,,,,,,,,,Rockies,27669,685299
Jordan Romano,LAA,2.16203,1.90926,0.0,4.4304,56.981,0.0,5.0,12.3311,,57.2454,243.68,51.726,30.21,28.18,8.8658,20.3467,1.80647,3.05343,59.6726,9.38159,3.19886,2.93279,1.39386,0.244881,0.0834977,0.16138333827257156,0.23482,1.25901,0.282456,0.701681,,,4.29,0.233587,-0.0219102,712.4600219726562,,,,,,,299.9,5.261403508771929,292.0,5.12280701754386,,,,,,,,,,,,,,,,,,,Angels,16122,605447
Spencer Bivens,SFG,2.27292,1.93954,0.0,4.39107,57.7,0.066,0.0,14.2861,,67.1658,291.704,68.7271,35.29,32.77,6.77135,24.596,1.81563,3.37002,48.601,6.51237,3.29579,1.97597,0.907339,0.166611,0.0843185,0.0822921022772789,0.260589,1.38944,0.297342,0.692163,,,4.24766,0.233504,0.00111148,999.0,,,,,,,300.29999999999995,4.482089552238805,314.0,4.686567164179104,,,,,,,,,,,,,,,,,,,Giants,30226,702352
Coleman Crow,MIL,0.693611,0.57346,0.0,3.62549,12.921,0.558,0.0,0.0,,16.3095,67.6138,13.8463,7.06,6.57,1.88914,4.93498,0.440359,0.740323,17.053,9.4103,2.72325,3.45554,1.04247,0.252213,0.0729878,0.17922473698854446,0.223549,1.15155,0.278097,0.726383,,,3.59368,0.232383,0.186866,999.0,,,,,,,73.4,4.5875,70.0,4.375,,,,,,,,,,,,,,,,,,,Brewers,sa3015142,689441
Nick Mears,KCR,2.42368,1.92712,0.0,4.28018,57.543,0.0,0.0,12.3759,,58.3083,249.563,52.4469,29.7,27.73,7.60944,23.9168,1.44368,1.20927,54.9854,8.48711,3.6916,2.29903,1.17453,0.220327,0.0958348,0.12449245154857635,0.233683,1.30965,0.277045,0.710141,,,4.23841,0.231808,0.0313886,999.0,,,,,,,278.6000000000001,4.8034482758620705,269.0,4.637931034482759,,,,,,,,,,,,,,,,,,,Royals,25376,683232
Tink Hence,STL,0.704523,0.989254,0.310434,3.96828,4.13,2.293,0.0,0.0,,13.0636,54.8711,11.8727,6.15,5.76,1.51508,4.18843,0.131543,0.493971,12.7617,8.79204,2.88556,3.0469,1.04379,0.232577,0.0763321,0.15624453872442245,0.23656,1.22945,0.288417,0.710983,,,3.76435,0.231601,0.189975,999.0,,,,,,,54.39999999999999,4.184615384615384,53.0,4.076923076923077,,,,,,,,,,,,,,,,,,,Cardinals,sa3014709,693311
Robert Stephenson,LAA,0.828779,0.681635,0.0,4.07956,21.81,0.0,2.0,0.6185,,22.1053,92.8161,19.1988,10.76,10.02,3.24866,6.99884,0.500398,1.24037,27.4424,11.173,2.84952,3.92099,1.32267,0.295664,0.0754055,0.22025886178016663,0.226999,1.18513,0.296,0.713072,,,3.68095,0.22627,0.0506731,663.5,,,,,,,120.5,5.4772727272727275,115.0,5.2272727272727275,,,,,,,,,,,,,,,,,,,Angels,13594,596112
Matt Gage,SFG,1.91563,1.70594,0.0,4.55929,49.515,0.086,0.0,10.1023,,51.837,226.762,53.5356,28.22,26.26,5.73688,19.8212,1.65969,1.94869,42.5889,7.39433,3.44138,2.14865,0.996044,0.187813,0.0874098,0.1004035472869873,0.261159,1.41514,0.305099,0.690956,,,4.19059,0.226231,-0.0842816,999.0,,,,,,,230.6,4.434615384615385,242.0,4.653846153846154,,,,,,,,,,,,,,,,,,,Giants,17381,657424
Martín Pérez,ATL,2.00747,2.75624,2.23113,5.31386,7.053,6.559,0.0,0.0,,35.0423,156.03,39.1059,22.16,20.69,4.80548,13.8037,0.155391,1.70389,23.9378,6.148,3.54523,1.73416,1.2342,0.153418,0.088468,0.06494967639446259,0.278289,1.50988,0.306858,0.665836,,,4.87927,0.226204,-0.00872492,999.0,,,,,,,96.1,2.7457142857142856,110.0,3.142857142857143,,,,,,,,,,,,,,,,,,,Braves,6902,527048
Brock Stewart,LAD,1.61167,0.775169,0.0,4.17055,30.25,0.0,0.0,0.7772,,30.3413,130.045,26.0457,15.06,14.06,3.95135,12.6823,0.710685,2.05181,34.6659,10.2828,3.76188,2.73342,1.17207,0.266568,0.0975219,0.16904622316360474,0.225873,1.27641,0.288084,0.712974,,,3.99989,0.225826,0.0690996,999.0,,,,,,,134.20000000000002,4.473333333333334,127.0,4.233333333333333,,,,,,,,,,,,,,,,,,,Dodgers,16727,592779
Yuki Matsui,SDP,1.93325,1.39852,0.0,4.09082,43.357,0.0,0.0,0.6518,,44.859,190.459,38.5742,21.86,20.39,6.11095,18.3727,1.28902,1.14622,43.5226,8.73188,3.68608,2.36888,1.22603,0.228515,0.0964654,0.1320493519306183,0.225659,1.26946,0.267614,0.725062,,,4.271,0.225629,0.154866,999.0,,,,,,,192.79999999999998,4.2844444444444445,182.0,4.044444444444444,,,,,,,,,,,,,,,,,,,Padres,33826,673513
Richard Lovelady,NYM,1.45319,0.902595,0.0,3.9096,28.334,0.0,0.0,0.7173,,29.6961,125.409,26.4685,13.83,12.9,3.27936,9.35292,0.721871,2.66478,27.6669,8.38501,2.83459,2.9581,0.993875,0.220613,0.0745794,0.1460341066122055,0.233426,1.20627,0.281268,0.704169,,,3.92147,0.225575,0.171722,999.0,,,,,,,141.5,4.716666666666667,135.0,4.5,,,,,,,,,,,,,,,,,,,Mets,19337,663992
Ryan Brasier,,1.83898,2.1276,0.0,4.29632,33.013,0.304,0.0,0.0,,34.6064,146.763,33.5216,17.72,16.52,4.35959,9.92227,0.637543,1.4145,29.3332,7.62861,2.58046,2.9563,1.13379,0.199868,0.0676076,0.1322607770562172,0.247527,1.25537,0.286652,0.688901,,,4.06036,0.224567,0.0295053,999.0,,,,,,,146.4,4.182857142857143,148.0,4.228571428571429,,,,,,,,,,,,,,,,,,,,5615,518489
Zach McCambley,MIA,1.42516,0.984408,0.0,4.20013,36.606,0.0,0.0,0.0,,38.0988,163.606,34.0003,19.11,17.78,4.9885,15.4235,1.36579,2.11998,40.0503,9.46101,3.64347,2.5967,1.17842,0.244798,0.0942727,0.15052536129951477,0.23278,1.29725,0.287179,0.714276,,,4.11628,0.222099,0.0875262,999.0,,,,,,,160.29999999999998,4.218421052631578,154.0,4.052631578947368,,,,,,,,,,,,,,,,,,,Marlins,sa3014478,685112
Sean Newcomb,CHW,2.33174,2.78585,0.0,4.57083,56.742,1.772,0.0,12.5061,,71.5144,311.203,67.0815,38.99,36.32,9.27724,30.0809,1.6782,5.25831,66.5432,8.37438,3.78564,2.21214,1.16753,0.213826,0.0966599,0.11716568470001221,0.243169,1.35864,0.288958,0.691095,,,4.44306,0.221164,-0.0291958,999.0,,,,,,,328.9000000000001,4.568055555555556,324.0,4.5,,,,,,,,,,,,,,,,,,,White Sox,16943,656794
Angel Bastardo,TOR,0.950232,0.615691,0.0,3.69375,19.631,0.376,0.0,0.0,,22.8061,95.9861,19.1891,10.04,9.36,2.37352,8.94976,0.693507,0.988335,23.6266,9.32379,3.53186,2.63991,0.936667,0.246146,0.0932402,0.15290573984384537,0.223005,1.23383,0.280036,0.729324,,,3.72344,0.220948,0.20738,999.0,,,,,,,114.20000000000002,4.965217391304349,107.0,4.6521739130434785,,,,,,,,,,,,,,,,,,,Blue Jays,sa3009716,682785
Kade Strowd,ARI,1.19163,0.993055,0.0,4.23976,34.413,0.0,0.0,0.6469,,35.6836,154.949,34.2345,18.0,16.81,3.4692,15.3847,0.883566,1.4554,33.1962,8.37264,3.88027,2.15774,0.87499,0.21424,0.099289,0.11495117843151093,0.247881,1.39053,0.303276,0.706379,,,3.95421,0.21993,0.0829196,999.0,,,,,,,163.10000000000002,4.530555555555556,163.0,4.527777777777778,,,,,,,,,,,,,,,,,,,Diamondbacks,26191,669704
Kervin Castro,NYY,1.29828,0.682537,0.0,3.77959,24.578,0.0,0.0,0.691,,25.9552,109.739,22.0859,11.67,10.9,2.64461,10.1734,0.932133,1.27977,25.1788,8.7308,3.52763,2.47497,0.917021,0.229442,0.092705,0.13673734664916992,0.22471,1.24288,0.275909,0.720993,,,3.84334,0.217481,0.162542,999.0,,,,,,,119.3,4.588461538461538,112.0,4.3076923076923075,,,,,,,,,,,,,,,,,,,Yankees,21656,665645
Dylan Dodd,ATL,1.32182,0.985134,0.0,4.52037,34.698,0.0,0.0,0.646,,38.3265,163.47,38.5869,20.63,19.25,5.4314,10.5058,1.02375,1.58965,36.2073,8.50235,2.46701,3.44642,1.27543,0.221492,0.0642673,0.15722455829381943,0.25491,1.28091,0.302139,0.686034,,,4.03477,0.21733,-0.116263,999.0,,,,,,,155.29999999999998,4.086842105263157,162.0,4.2631578947368425,,,,,,,,,,,,,,,,,,,Braves,29928,689266
Joel Peguero,SFG,1.62972,1.3566,0.0,4.3005,41.701,0.0,3.0,0.5773,,44.2414,193.722,43.7459,22.7,21.14,4.12646,19.8312,1.37193,1.61263,38.8485,7.90292,4.03425,1.95896,0.839444,0.200537,0.102369,0.09816795587539673,0.253926,1.43705,0.306407,0.707215,,,4.04556,0.215804,-0.000807737,999.0,,,,,,,193.00000000000003,4.386363636363637,199.0,4.5227272727272725,,,,,,,,,,,,,,,,,,,Giants,21951,666711
Luke Little,CHC,0.85102,0.578043,0.0,3.42167,19.049,0.0,0.0,0.7212,,19.6746,84.0142,15.0327,7.98,7.48,1.28889,10.0793,0.564844,1.86024,22.0771,10.099,4.6107,2.19034,0.589594,0.262778,0.119971,0.14280711114406586,0.208572,1.27637,0.282164,0.735041,,,3.5631,0.212607,0.252415,999.0,,,,,,,108.69999999999999,5.435,99.0,4.95,,,,,,,,,,,,,,,,,,,Cubs,28036,681432
Sam Moll,CIN,1.7001,1.37154,0.0,4.27021,43.737,0.0,0.0,4.5244,,42.2368,182.095,38.5802,21.51,20.04,5.04361,17.2954,1.75684,2.7598,41.5196,8.84719,3.68537,2.40062,1.07471,0.228011,0.09498,0.13303104788064957,0.238091,1.32291,0.290419,0.704003,,,4.14594,0.211826,-0.00542035,999.0,,,,,,,191.9,4.569047619047619,189.0,4.5,,,,,,,,,,,,,,,,,,,Reds,14874,594580
Rob Zastryzny,MIL,2.24038,1.62282,0.0,4.23326,44.653,0.381,0.0,3.9742,,43.6897,185.466,39.5912,22.06,20.55,6.2647,14.9206,1.11632,2.08221,41.5969,8.56889,3.07361,2.78789,1.29052,0.224283,0.0804492,0.14383385330438614,0.235014,1.2477,0.276335,0.709465,,,4.26253,0.210588,0.101346,999.0,,,,,,,196.8,4.472727272727273,191.0,4.340909090909091,,,,,,,,,,,,,,,,,,,Brewers,15094,642239
Anthony Banda,MIN,2.33639,1.90568,0.0,4.51931,52.002,0.251,2.0,9.5695,,54.4464,238.203,51.4891,29.35,27.34,6.12436,23.0515,2.15774,4.47558,51.1336,8.4524,3.81041,2.21824,1.01236,0.214664,0.0967723,0.11789172887802124,0.2444,1.36906,0.295694,0.685054,,,4.23586,0.210294,-0.0796989,999.0,,,,,,,264.20000000000005,4.892592592592593,263.0,4.87037037037037,,,,,,,,,,,,,,,,,,,Twins,14706,607455
Paul Sewald,ARI,1.84202,1.58131,0.0,4.5592,52.027,0.0,12.0,9.4104,,53.0027,224.926,47.8612,28.7,26.85,9.16199,16.994,1.317,2.64582,53.5352,9.09042,2.88563,3.15024,1.55573,0.238013,0.0755538,0.16245897114276886,0.233144,1.22362,0.271404,0.694912,,,4.47384,0.209195,-0.132833,416.3399963378906,,,,,,,300.70000000000005,5.673584905660379,292.0,5.509433962264151,,,,,,,,,,,,,,,,,,,Diamondbacks,13892,623149
Tristan Beck,SFG,0.852554,0.711902,0.0,4.23304,21.449,0.048,0.0,0.656,,26.5341,113.877,26.1949,13.4,12.48,2.9554,8.7875,0.762286,0.94531,23.1306,7.84559,2.9806,2.63222,1.00243,0.20312,0.0771667,0.12595289945602417,0.251526,1.3184,0.297721,0.699709,,,3.94004,0.208236,0.113457,999.0,,,,,,,115.30000000000001,4.270370370370371,116.0,4.296296296296297,,,,,,,,,,,,,,,,,,,Giants,21584,663941
Max Lazar,PHI,1.37383,0.964471,0.0,4.26048,35.221,0.0,0.0,0.6451,,38.3619,161.854,37.7821,19.48,18.16,5.0362,10.3268,1.03753,0.97979,29.8362,6.99979,2.42274,2.8892,1.18153,0.18434,0.0638032,0.12053696066141129,0.250965,1.25408,0.283086,0.697276,,,4.17049,0.207997,0.0875263,999.0,,,,,,,151.89999999999998,3.997368421052631,156.0,4.105263157894737,,,,,,,,,,,,,,,,,,,Phillies,23426,676661
Drew Pomeranz,LAA,2.10834,2.05774,0.0,4.45324,54.992,0.453,3.0,10.4258,,55.052,235.785,49.2914,29.21,27.24,9.03823,20.6592,1.28256,3.20622,59.3457,9.70195,3.3774,2.87261,1.47759,0.251694,0.0876185,0.16407541185617447,0.232595,1.27063,0.28044,0.711041,,,4.41396,0.206886,-0.0265056,739.7899780273438,,,,,,,269.9,4.907272727272727,259.0,4.709090909090909,,,,,,,,,,,,,,,,,,,Angels,11426,519141
Evan Phillips,LAD,1.07275,0.44527,0.0,3.64932,19.202,0.0,1.0,0.7772,,19.2858,79.7923,16.0203,8.37,7.82,2.21817,6.12168,0.399607,0.828929,19.5609,9.1284,2.85677,3.19535,1.03514,0.245148,0.0767203,0.16842808574438095,0.219933,1.1481,0.270298,0.72345,,,3.68301,0.20391,0.198208,999.0,,,,,,,102.4,5.389473684210526,97.0,5.105263157894737,,,,,,,,,,,,,,,,,,,Dodgers,17734,623465
George Soriano,STL,1.58331,1.29238,0.0,4.32079,35.719,0.0,0.0,12.0227,,41.909,181.487,38.7439,21.47,20.12,4.50835,17.6162,1.04347,2.89885,38.3836,8.24292,3.78309,2.17888,0.968172,0.211495,0.0970658,0.11442920565605164,0.240687,1.34482,0.289935,0.697127,,,4.17039,0.203702,0.0967397,999.0,,,,,,,208.9,4.973809523809524,206.0,4.904761904761905,,,,,,,,,,,,,,,,,,,Cardinals,21863,666277
John King,MIA,1.61891,1.36758,0.0,4.1295,43.766,0.0,0.0,9.8362,,45.2234,193.377,48.5816,22.4,20.75,3.76915,12.7155,0.891978,1.53369,27.1043,5.39409,2.53054,2.1316,0.750106,0.140164,0.0657552,0.07440830767154694,0.271213,1.35543,0.302269,0.69434,,,3.96519,0.203024,0.154864,999.0,,,,,,,205.4,4.564444444444445,222.0,4.933333333333334,,,,,,,,,,,,,,,,,,,Marlins,22051,667463
Kohl Drake,ARI,0.916491,1.21494,0.703888,4.52164,3.699,3.055,0.0,0.0,,15.3661,65.8432,15.1348,8.25,7.72,2.16446,5.07145,0.0838811,0.546607,14.0021,8.20111,2.97037,2.76097,1.26773,0.212658,0.0770231,0.1356353536248207,0.251304,1.31499,0.294389,0.696102,,,4.24068,0.202076,0.124454,999.0,,,,,,,57.400000000000006,3.826666666666667,59.0,3.933333333333333,,,,,,,,,,,,,,,,,,,Diamondbacks,sa3021723,684442
Mitch Spence,KCR,0.941577,0.967355,0.0,4.39653,22.342,0.557,0.0,0.663,,27.3898,117.793,27.444,14.33,13.38,3.14379,9.09618,0.698604,1.11033,22.6251,7.43436,2.98891,2.48732,1.03302,0.192075,0.0772218,0.11485335230827332,0.255088,1.33408,0.297005,0.691069,,,4.09311,0.201469,0.0630292,999.0,,,,,,,112.7,4.174074074074074,116.0,4.296296296296297,,,,,,,,,,,,,,,,,,,Royals,27707,687765
Mark Leiter Jr.,ATH,2.52841,2.21157,0.0,4.58991,61.056,0.0,7.0,13.0555,,60.864,263.648,57.6169,33.33,31.04,8.64944,23.8302,1.15614,4.22587,64.4969,9.5372,3.52379,2.70651,1.279,0.244632,0.0903864,0.15424569696187973,0.244562,1.33818,0.301438,0.693951,,,4.24609,0.20085,-0.114543,725.989990234375,,,,,,,320.9000000000001,5.260655737704919,319.0,5.229508196721311,,,,,,,,,,,,,,,,,,,Athletics,15551,643410
Hunter Bigge,TBR,2.04732,1.55114,0.0,4.18025,44.887,0.0,0.0,6.9495,,47.5378,204.449,40.6784,23.61,22.08,5.99411,21.9667,1.20569,2.51591,49.1387,9.30308,4.1588,2.23696,1.13482,0.240347,0.107443,0.13290344178676605,0.226033,1.31779,0.277844,0.719496,,,4.25201,0.19996,0.11056,999.0,,,,,,,225.80000000000004,4.7041666666666675,213.0,4.4375,,,,,,,,,,,,,,,,,,,Rays,26259,685801
Luis Curvelo,TEX,1.65596,1.14035,0.0,4.12056,34.572,0.0,1.0,0.6435,,36.4756,154.338,31.9321,17.86,16.7,4.76416,13.4701,0.947669,1.49834,34.6538,8.55048,3.32363,2.57264,1.17551,0.224532,0.0872769,0.13725479692220688,0.229118,1.24473,0.271811,0.71109,,,4.1641,0.19885,0.0829196,999.0,,,,,,,158.70000000000005,4.408333333333335,152.0,4.222222222222222,,,,,,,,,,,,,,,,,,,Rangers,24710,681168
Justin Martinez,ARI,0.767291,0.579745,0.0,3.84983,21.628,0.0,2.0,0.6469,,22.7932,99.0095,19.2073,10.42,9.75,1.94917,11.8481,0.849812,1.68978,26.0531,10.2872,4.67829,2.19892,0.769637,0.263138,0.119667,0.14347103238105774,0.224722,1.36249,0.300302,0.728483,,,3.74263,0.197086,0.207295,999.0,,,,,,,120.20000000000002,5.22608695652174,113.0,4.913043478260869,,,,,,,,,,,,,,,,,,,Diamondbacks,24453,679885
Yerry De los Santos,NYY,1.74245,1.00903,0.0,4.11881,34.216,0.0,0.0,0.691,,37.4526,160.566,36.1742,18.41,17.14,3.54857,14.2114,0.858884,1.40422,29.7315,7.14459,3.41505,2.09209,0.852735,0.185167,0.0885082,0.09665873646736145,0.249563,1.34532,0.292161,0.704036,,,4.03001,0.196719,0.136452,999.0,,,,,,,150.00000000000003,4.054054054054054,152.0,4.108108108108108,,,,,,,,,,,,,,,,,,,Yankees,21420,660787
José Leclerc,,1.45059,1.5415,0.0,4.06832,25.402,0.0,0.0,0.0,,26.4581,112.85,21.3987,12.76,11.96,3.15199,12.2605,0.536394,1.54725,28.1819,9.58636,4.17054,2.29859,1.07218,0.249728,0.108644,0.14108408987522125,0.216056,1.27217,0.269489,0.71459,,,4.11916,0.196038,0.0598864,999.0,,,,,,,114.9,4.4192307692307695,105.0,4.038461538461538,,,,,,,,,,,,,,,,,,,,14524,600917
Victor Vodnik,COL,2.56473,2.68902,0.0,4.76019,58.728,0.0,17.0,4.0494,,62.3546,278.394,64.0695,35.28,32.98,5.89444,32.5322,1.88737,0.931862,57.4703,8.29502,4.69557,1.76656,0.850779,0.206435,0.116857,0.08957820385694504,0.261583,1.54923,0.320408,0.694081,,,4.13072,0.194835,-0.264438,516.6599731445312,,,,,,,331.5999999999999,5.348387096774192,345.0,5.564516129032258,,,,,,,,,,,,,,,,,,,Rockies,24614,680767
Jason Alexander,HOU,1.75093,2.76166,0.408751,5.28877,18.634,5.429,0.0,0.6558,,43.2577,192.235,48.4255,27.22,25.42,6.10958,15.8513,0.76847,2.07764,33.0835,6.8832,3.29795,2.08712,1.27113,0.172099,0.0824577,0.08964124321937561,0.277818,1.4859,0.313189,0.665014,,,4.68502,0.192879,-0.176137,999.0,,,,,,,135.59999999999997,3.1534883720930225,153.0,3.558139534883721,,,,,,,,,,,,,,,,,,,Astros,19666,669920
Julian Aguiar,CIN,0.932284,1.38402,0.0,4.50481,21.93,1.768,0.0,0.6526,,31.9259,136.506,31.3073,17.1,15.98,4.69246,9.5914,0.917076,1.72162,26.003,7.33032,2.70384,2.71108,1.32282,0.190489,0.0702634,0.1202259361743927,0.250072,1.28105,0.281645,0.693249,,,4.47997,0.190744,0.0783771,999.0,,,,,,,114.70000000000002,3.5843750000000005,115.0,3.59375,,,,,,,,,,,,,,,,,,,Reds,30031,687924
Austin Warren,NYM,1.68002,1.13757,0.0,4.26071,33.597,0.0,0.0,4.5906,,37.8106,162.33,35.1221,19.14,17.9,4.46598,14.909,1.03156,1.57052,34.8389,8.29266,3.54876,2.33678,1.06303,0.214617,0.0918433,0.1227741688489914,0.240808,1.3232,0.287727,0.705619,,,4.13534,0.189874,0.0875263,999.0,,,,,,,180.0,4.7368421052631575,177.0,4.657894736842105,,,,,,,,,,,,,,,,,,,Mets,24937,681810
Jaden Hill,COL,1.6869,1.66196,0.0,4.49055,37.271,0.0,0.0,0.6093,,39.1021,170.771,37.3513,20.88,19.51,4.28787,16.5533,0.999358,2.63858,38.3794,8.83367,3.81001,2.31854,0.986926,0.224742,0.0969327,0.12780963629484177,0.246415,1.37856,0.30358,0.689426,,,4.0701,0.189168,-0.0632054,999.0,,,,,,,163.20000000000005,4.184615384615386,163.0,4.17948717948718,,,,,,,,,,,,,,,,,,,Rockies,30250,677955
Tanner Houck,BOS,0.711877,0.93461,0.116964,4.13622,5.559,2.162,0.0,0.0,,16.5586,70.9109,15.9798,8.16,7.61,1.66187,5.68874,0.255448,1.16363,12.9729,7.05108,3.09197,2.28045,0.903269,0.182947,0.0802238,0.10272278636693954,0.249456,1.3086,0.289697,0.698407,,,4.11443,0.188861,0.212111,999.0,,,,,,,64.60000000000002,3.800000000000001,64.0,3.764705882352941,,,,,,,,,,,,,,,,,,,Red Sox,19879,656557
Gunnar Hoglund,ATH,1.60109,2.45417,0.33528,4.8457,17.473,4.685,0.0,0.6364,,40.2666,172.534,39.6018,23.2,21.68,7.21723,12.8782,0.72297,1.67876,33.9997,7.59927,2.8784,2.6401,1.61312,0.19706,0.0746411,0.12241905927658081,0.25068,1.30331,0.277359,0.690959,,,4.86102,0.183364,0.0593775,999.0,,,,,,,132.9,3.3225000000000002,136.0,3.4,,,,,,,,,,,,,,,,,,,Athletics,31318,680684
Rico Garcia,BAL,2.27952,1.64101,0.0,4.21053,47.41,0.038,0.0,10.1815,,50.7656,215.443,43.307,25.39,23.75,7.87608,21.4385,1.54631,1.05756,53.0956,9.41308,3.80074,2.47665,1.39631,0.246448,0.0995088,0.14693927764892578,0.22445,1.27538,0.268466,0.732618,,,4.38965,0.183253,0.168682,999.0,,,,,,,247.2,4.847058823529411,231.0,4.529411764705882,,,,,,,,,,,,,,,,,,,Orioles,20023,670329
Lake Bachar,MIA,1.75081,1.51533,0.0,4.25103,45.945,0.099,1.0,6.6427,,50.2608,216.535,43.0626,25.52,23.74,6.92203,23.1241,1.67539,2.44183,52.3363,9.37166,4.14075,2.26328,1.2395,0.241699,0.106792,0.134907528758049,0.225495,1.31687,0.274394,0.719817,,,4.36893,0.180428,0.0129949,999.0,,,,,,,234.09999999999997,4.6819999999999995,221.0,4.42,,,,,,,,,,,,,,,,,,,Marlins,19222,669199
Prelander Berroa,CHW,1.11622,0.953712,0.0,4.07139,26.921,0.0,0.0,0.5969,,28.3171,122.839,22.6599,13.73,12.81,3.06995,15.8849,0.814365,1.48667,30.8268,9.79765,5.0487,1.94063,0.975721,0.250952,0.129315,0.12163732945919037,0.214851,1.36119,0.273713,0.724586,,,4.20766,0.178205,0.064493,999.0,,,,,,,125.50000000000004,4.4821428571428585,116.0,4.142857142857143,,,,,,,,,,,,,,,,,,,White Sox,22932,672860
Chase Lee,TOR,0.805275,0.448536,0.0,3.84779,17.271,0.0,0.0,0.6476,,19.0161,79.9586,16.9944,8.72,8.13,2.21489,5.97165,0.693498,1.06098,18.9155,8.9524,2.82628,3.16755,1.04827,0.236566,0.0746843,0.16188208013772964,0.233036,1.20772,0.285343,0.717136,,,3.76936,0.176505,0.0950502,999.0,,,,,,,92.8,4.88421052631579,90.0,4.7368421052631575,,,,,,,,,,,,,,,,,,,Blue Jays,29574,695445
Mitch Bratt,ARI,0.693427,0.903741,0.523357,4.42587,2.893,2.283,0.0,0.0,,11.9773,50.5969,12.0153,6.32,5.89,1.74738,2.96154,0.0779183,0.351627,10.6682,8.01629,2.22537,3.60223,1.31302,0.210847,0.0585322,0.15231439098715782,0.25411,1.25043,0.294478,0.690861,,,4.08018,0.17488,0.136732,999.0,,,,,,,46.000000000000014,3.8333333333333344,47.0,3.9166666666666665,,,,,,,,,,,,,,,,,,,Diamondbacks,sa3017719,683352
Wade Miley,,1.62646,2.46677,1.34679,5.03979,6.455,5.308,0.0,0.0,,28.7869,126.234,30.2411,17.28,16.12,4.51037,10.9616,0.198471,1.16839,20.612,6.44419,3.42707,1.88038,1.41013,0.163284,0.0868359,0.07644857466220856,0.265031,1.4313,0.289169,0.685696,,,5.00407,0.174857,0.0974682,999.0,,,,,,,81.10000000000002,2.796551724137932,86.0,2.9655172413793105,,,,,,,,,,,,,,,,,,,,8779,489119
Wikelman González,CHW,1.59302,1.41286,0.0,4.26932,38.813,0.0,0.0,3.5813,,43.5526,190.794,36.3617,22.08,20.66,4.60201,24.4355,1.26157,2.6191,43.0868,8.90375,5.04951,1.76329,0.950991,0.225829,0.128073,0.09775662422180176,0.222071,1.39595,0.273672,0.712311,,,4.39376,0.172814,0.101346,999.0,,,,,,,191.50000000000003,4.3522727272727275,176.0,4.0,,,,,,,,,,,,,,,,,,,White Sox,26641,682790
Ryan Watson,BOS,1.13232,0.815735,0.0,4.23944,24.495,0.0,0.0,0.0,,25.7935,110.343,24.1872,13.07,12.15,3.19941,9.11465,0.952309,1.14631,24.4813,8.54213,3.18033,2.68593,1.11635,0.221865,0.0826029,0.13926231861114502,0.241673,1.29109,0.289881,0.701941,,,4.04283,0.17217,0.0598864,999.0,,,,,,,111.1,4.273076923076923,109.0,4.1923076923076925,,,,,,,,,,,,,,,,,,,Red Sox,sa3015070,670245
Gavin Hollowell,CHC,0.819678,0.632551,0.0,3.89159,18.608,0.0,0.0,0.7212,,20.3747,86.5727,16.7564,9.41,8.81,2.31644,8.88768,0.838746,1.11,21.6067,9.54419,3.92591,2.43108,1.02323,0.249578,0.102662,0.1469167098402977,0.218824,1.25863,0.274254,0.724702,,,3.96428,0.17214,0.148822,999.0,,,,,,,97.2,4.86,92.0,4.6,,,,,,,,,,,,,,,,,,,Cubs,25427,668970
Danny Young,ATL,0.566134,0.361667,0.0,3.75158,14.464,0.0,0.0,0.646,,14.5139,62.4855,12.7058,6.48,6.05,1.07598,6.01357,0.35968,1.63257,16.6598,10.3306,3.72898,2.77036,0.667212,0.266618,0.0962393,0.17037852853536606,0.231691,1.28975,0.313441,0.711054,,,3.38363,0.171542,0.189334,999.0,,,,,,,78.9,5.260000000000001,76.0,5.066666666666666,,,,,,,,,,,,,,,,,,,Braves,18439,664849
Justin Hagenman,NYM,0.937525,0.641158,0.0,4.10327,18.32,0.091,0.0,0.7173,,21.6047,90.8706,19.8216,10.56,9.85,2.95971,6.308,0.512841,0.948119,20.3753,8.48788,2.62776,3.23008,1.23294,0.224224,0.0694174,0.15480635315179825,0.237059,1.20944,0.279728,0.708159,,,4.03744,0.171414,0.0506732,999.0,,,,,,,96.9,4.404545454545455,94.0,4.2727272727272725,,,,,,,,,,,,,,,,,,,Mets,21546,663795
Brandon Eisert,CHW,2.27552,2.02142,0.0,4.41059,56.058,0.064,0.0,0.5969,,58.38,248.15,53.6735,30.75,28.61,8.90778,19.026,1.75272,3.32922,55.8554,8.6108,2.9331,2.93574,1.37325,0.225087,0.0766714,0.1484154909849167,0.237709,1.24528,0.277993,0.696505,,,4.35398,0.169903,-0.0705284,999.0,,,,,,,228.10000000000005,3.932758620689656,223.0,3.8448275862068964,,,,,,,,,,,,,,,,,,,White Sox,27668,685126
Tony Santillan,CIN,2.43111,2.19322,0.0,4.73989,64.539,0.0,5.0,13.2961,,65.5078,287.134,61.3338,36.81,34.5,9.65675,29.4263,1.5751,3.74962,69.4311,9.53901,4.04283,2.35949,1.32672,0.241807,0.102483,0.13932424783706665,0.241511,1.38549,0.295516,0.698468,,,4.45106,0.168561,-0.255415,712.5800170898438,,,,,,,322.80000000000007,4.8909090909090915,316.0,4.787878787878788,,,,,,,,,,,,,,,,,,,Reds,19926,663574
Taylor Clarke,ARI,1.94742,1.67192,0.0,4.44057,55.379,0.074,1.0,12.27,,59.1208,252.191,58.367,31.27,29.17,8.2456,18.2393,1.1841,1.61976,47.2385,7.19115,2.77659,2.58992,1.25523,0.187312,0.0723235,0.11498865485191345,0.251222,1.29576,0.283415,0.696812,,,4.35794,0.168469,-0.0172952,999.0,,,,,,,274.40000000000003,4.650847457627119,278.0,4.711864406779661,,,,,,,,,,,,,,,,,,,Diamondbacks,17611,664199
Caleb Kilian,SFG,0.934657,0.766738,0.0,4.24896,23.605,0.0,0.0,4.3733,,26.8795,116.772,26.4444,13.66,12.69,2.57476,10.486,1.21446,1.32075,22.2758,7.45854,3.511,2.12434,0.862102,0.190763,0.0897987,0.10096409171819687,0.251935,1.37392,0.297943,0.698271,,,4.04068,0.168119,0.0111001,999.0,,,,,,,122.30000000000001,4.52962962962963,123.0,4.555555555555555,,,,,,,,,,,,,,,,,,,Giants,26213,668873
Huascar Brazobán,NYM,2.31138,1.63329,0.0,4.27041,46.014,0.171,0.0,7.4597,,50.3488,218.807,46.9408,25.61,23.89,4.78598,22.3211,0.907146,3.47706,41.2461,7.37286,3.98996,1.84786,0.855508,0.188505,0.102013,0.08649204671382904,0.243206,1.37564,0.286813,0.697743,,,4.26962,0.168053,0.0129949,999.0,,,,,,,221.3,4.426,220.0,4.4,,,,,,,,,,,,,,,,,,,Mets,6107,623211
JT Brubaker,SFG,1.76683,1.72676,0.0,4.7767,46.561,0.299,0.0,12.6667,,55.1489,242.956,58.7844,31.59,29.27,6.62204,20.9823,1.47425,2.69197,47.4963,7.75114,3.4242,2.26363,1.08068,0.195493,0.0863625,0.10913068801164627,0.268077,1.44639,0.315822,0.683398,,,4.26148,0.167663,-0.330506,999.0,,,,,,,241.49999999999997,4.390909090909091,258.0,4.6909090909090905,,,,,,,,,,,,,,,,,,,Giants,17578,664141
Kyle Wright,CHC,0.655988,0.810179,0.0960616,4.33789,6.479,1.753,0.0,0.0,,16.5772,71.2949,15.7459,8.55,7.99,1.96726,6.39674,0.294046,0.951559,14.4637,7.85255,3.47288,2.2611,1.06806,0.202871,0.0897223,0.11314906924962997,0.246235,1.33573,0.289981,0.701068,,,4.26271,0.163954,0.109716,999.0,,,,,,,66.60000000000002,3.9176470588235306,66.0,3.8823529411764706,,,,,,,,,,,,,,,,,,,Cubs,19665,657140
Seth Halvorsen,COL,1.99484,2.16954,0.0,4.91962,46.204,0.0,4.0,4.0619,,48.1501,214.123,50.4836,28.25,26.32,5.27797,21.7718,1.53616,1.78862,44.9461,8.40112,4.06948,2.06442,0.986534,0.209908,0.101679,0.10822921991348267,0.264919,1.50063,0.322119,0.678402,,,4.16115,0.162952,-0.296089,703.469970703125,,,,,,,217.70000000000005,4.535416666666667,229.0,4.770833333333333,,,,,,,,,,,,,,,,,,,Rockies,33294,678020
Germán Márquez,SDP,4.9237,7.67179,5.35839,5.666,20.179,17.164,0.0,0.6518,,94.7653,419.62,106.869,63.86,59.66,17.0992,32.9424,0.67654,3.08055,60.6349,5.75858,3.12859,1.84063,1.62394,0.1445,0.0785053,0.06599418073892593,0.278597,1.47534,0.293497,0.655474,,,5.34153,0.161651,-0.453198,745.6300048828125,,,,,,,233.7,2.46,272.0,2.863157894736842,,,,,,,,,,,,,,,,,,,Padres,15038,608566
Chris Roycroft,STL,1.71933,1.47709,0.0,4.50986,39.655,0.0,0.0,6.9293,,43.345,191.118,42.9888,23.14,21.72,3.6386,20.4903,1.2376,1.95306,33.6636,6.98979,4.25453,1.64291,0.755506,0.17614,0.107213,0.06892760097980499,0.254862,1.46451,0.299531,0.690915,,,4.22649,0.15992,-0.0540286,999.0,,,,,,,187.2,4.353488372093023,193.0,4.488372093023256,,,,,,,,,,,,,,,,,,,Cardinals,31261,688297
Griff McGarry,WSN,1.45616,0.967365,0.0,4.08087,36.817,0.0,0.0,0.0,,42.2998,186.048,32.3512,20.42,19.18,4.59251,27.4916,1.33415,2.737,51.7463,11.0099,5.8493,1.88226,0.977134,0.278134,0.147766,0.13036800920963287,0.207619,1.41473,0.279035,0.738071,,,4.24379,0.158821,0.199295,999.0,,,,,,,180.10000000000002,4.288095238095239,159.0,3.7857142857142856,,,,,,,,,,,,,,,,,,,Nationals,sa3017130,676046
Julian Fernández,WSN,1.18741,1.27748,0.0,4.55979,32.528,0.0,0.0,0.6466,,34.5213,150.595,32.6401,18.76,17.49,4.16872,15.3297,0.957141,1.39047,32.5915,8.49689,3.99658,2.12604,1.08682,0.216419,0.101794,0.11462440341711044,0.243811,1.38957,0.293174,0.693266,,,4.26982,0.158123,-0.0723615,999.0,,,,,,,146.0,4.171428571428572,145.0,4.142857142857143,,,,,,,,,,,,,,,,,,,Nationals,18341,642759
John Brebbia,,1.86753,2.19207,0.0,4.59056,34.475,0.0,1.0,0.0,,35.231,150.919,33.5464,19.27,17.97,5.51232,11.5512,0.698745,1.68751,35.7464,9.13166,2.95083,3.0946,1.40816,0.236859,0.0765392,0.1603194624185562,0.243655,1.28005,0.290746,0.69094,,,4.2672,0.157333,-0.0723759,999.0,,,,,,,131.79999999999998,3.765714285714285,132.0,3.7714285714285714,,,,,,,,,,,,,,,,,,,,12777,605154
Cole Winn,TEX,2.66053,1.85567,0.0,4.18009,55.778,0.0,4.0,11.8001,,63.4078,275.358,54.7815,31.44,29.45,6.47417,31.72,2.01915,3.83465,56.1779,7.9738,4.50228,1.77106,0.918934,0.204018,0.115195,0.08882240951061249,0.228444,1.36421,0.27269,0.711043,,,4.37272,0.15625,0.196316,999.0,,,,,,,321.40000000000003,5.101587301587302,309.0,4.904761904761905,,,,,,,,,,,,,,,,,,,Rangers,22113,668390
Roddery Muñoz,HOU,1.75088,1.58815,0.0,4.49617,39.763,0.697,0.0,9.7392,,47.9608,208.903,43.9208,25.67,23.96,6.37045,22.7574,1.41953,1.85759,48.7258,9.14356,4.27051,2.1411,1.19544,0.233246,0.108938,0.12430830299854279,0.238327,1.39026,0.290655,0.709981,,,4.36967,0.153877,-0.0388022,999.0,,,,,,,230.00000000000003,4.791666666666667,225.0,4.6875,,,,,,,,,,,,,,,,,,,Astros,25311,682610
Thomas Harrington,PIT,0.771956,1.12312,0.149997,4.91249,8.371,2.196,0.0,0.6537,,17.826,77.34,18.486,10.38,9.73,2.74592,5.62164,0.306581,0.716002,14.4211,7.28092,2.83826,2.56528,1.38636,0.186463,0.0726873,0.11377593874931335,0.260358,1.35239,0.292375,0.677462,,,4.58626,0.152928,0.0525589,999.0,,,,,,,60.500000000000014,3.361111111111112,62.0,3.4444444444444446,,,,,,,,,,,,,,,,,,,Pirates,31989,802419
Marco Raya,MIN,0.984749,0.70655,0.0,4.12059,21.291,0.0,0.0,0.0,,22.0818,94.9852,19.6568,10.8,10.11,2.46697,9.31312,0.635074,1.21456,21.6471,8.82281,3.7958,2.32436,1.00548,0.227899,0.0980481,0.12985115498304367,0.232741,1.31193,0.284865,0.712094,,,4.05714,0.152527,0.0506731,999.0,,,,,,,100.20000000000002,4.554545454545456,98.0,4.454545454545454,,,,,,,,,,,,,,,,,,,Twins,sa3014550,694397
Jack Kochanowicz,LAA,2.64832,4.90173,0.721096,4.98259,28.1,9.548,0.0,0.6185,,70.0479,308.665,75.7848,41.57,38.78,9.80983,25.4175,1.57284,4.57875,44.2017,5.67919,3.26572,1.73903,1.2604,0.143203,0.0823463,0.06085638701915741,0.271953,1.44476,0.293669,0.681757,,,4.97835,0.151484,-0.0272344,999.0,,,,,,,199.4,2.8485714285714288,222.0,3.1714285714285713,,,,,,,,,,,,,,,,,,,Angels,27688,686799
Jose Quintana,COL,5.34179,10.0092,10.6586,6.10985,22.117,22.117,0.0,0.0,,127.594,581.841,156.879,92.43,86.62,20.2686,52.3843,0.385261,4.37953,75.9069,5.35419,3.69499,1.44904,1.42967,0.13046,0.0900319,0.040427982807159424,0.298773,1.64007,0.318511,0.645889,,,5.34503,0.151116,-1.03897,999.0,,,,,,,277.00000000000006,2.1640625000000004,364.0,2.84375,,,,,,,,,,,,,,,,,,,Rockies,11423,500779
Josh Simpson,SEA,0.885677,0.692322,0.0,3.69804,21.684,0.0,0.0,0.65,,22.4146,95.4141,18.3472,9.89,9.21,2.22162,9.8275,0.88539,1.78805,23.4688,9.4233,3.94598,2.38808,0.892032,0.245968,0.102998,0.14296962320804596,0.218944,1.25698,0.277509,0.729507,,,3.8842,0.149187,0.153371,999.0,,,,,,,105.40000000000002,4.790909090909092,98.0,4.454545454545454,,,,,,,,,,,,,,,,,,,Mariners,25957,681006
Ben Joyce,LAA,1.55725,1.3676,0.0,4.38982,41.873,0.0,10.0,0.3773,,44.3663,194.101,42.2073,23.15,21.64,4.52991,20.3023,1.03118,2.62865,41.2006,8.35783,4.11846,2.02936,0.918922,0.212264,0.104597,0.10766733437776566,0.246581,1.40894,0.300363,0.700751,,,4.15574,0.14863,-0.000807737,737.5700073242188,,,,,,,217.90000000000003,4.952272727272728,218.0,4.954545454545454,,,,,,,,,,,,,,,,,,,Angels,31461,690829
Bailey Horn,DET,1.15614,0.931247,0.0,4.12079,29.622,0.0,0.0,0.6028,,31.4066,135.182,27.9528,15.44,14.38,3.69508,13.6318,1.15727,1.2024,29.7379,8.52181,3.90638,2.18151,1.05888,0.219984,0.10084,0.11914374679327011,0.232267,1.32407,0.279097,0.718032,,,4.18787,0.147394,0.122639,999.0,,,,,,,126.39999999999999,4.077419354838709,122.0,3.935483870967742,,,,,,,,,,,,,,,,,,,Tigers,27753,690544
Juan Burgos,ARI,0.777165,0.619638,0.0,4.10012,21.958,0.0,0.0,0.6469,,23.2237,100.546,21.4353,11.34,10.58,1.97249,10.1289,0.670292,1.35295,20.2381,7.84298,3.92531,1.99806,0.76441,0.201283,0.100739,0.10054350644350052,0.240673,1.35914,0.291127,0.702163,,,3.9796,0.14668,0.104236,999.0,,,,,,,102.00000000000003,4.434782608695653,100.0,4.3478260869565215,,,,,,,,,,,,,,,,,,,Diamondbacks,27271,686228
Reiver Sanmartin,SFG,0.866422,0.693395,0.0,4.13042,22.016,0.0,0.0,0.656,,23.9249,103.531,24.6549,11.8,10.98,2.03108,8.50045,0.627143,0.901267,18.6898,7.03068,3.19767,2.19869,0.764047,0.180523,0.082105,0.09841813892126083,0.261925,1.38581,0.30819,0.704522,,,3.85529,0.1458,0.0552798,999.0,,,,,,,100.00000000000003,4.166666666666668,106.0,4.416666666666667,,,,,,,,,,,,,,,,,,,Giants,19754,665665
Wandy Peralta,SDP,2.47576,1.78305,0.0,3.95004,55.896,0.082,0.0,10.2177,,56.1184,240.722,52.4671,26.48,24.63,5.45467,21.4665,1.23583,3.93567,42.6611,6.84178,3.4427,1.98733,0.874793,0.177221,0.0891755,0.08804590255022049,0.24367,1.31746,0.281168,0.715772,,,4.23629,0.143871,0.334227,999.0,,,,,,,268.70000000000005,4.798214285714287,266.0,4.75,,,,,,,,,,,,,,,,,,,Padres,14295,593974
Brock Burke,CIN,2.19951,1.99453,0.0,4.7312,58.333,0.098,0.0,12.8437,,59.5029,255.656,61.5698,33.54,31.28,9.29364,17.0182,1.6757,2.09084,51.1101,7.73056,2.57405,3.00327,1.40569,0.199917,0.0665666,0.13335052132606506,0.260285,1.32074,0.296781,0.686949,,,4.41111,0.142384,-0.269006,999.0,,,,,,,269.1,4.485,280.0,4.666666666666667,,,,,,,,,,,,,,,,,,,Reds,17968,656271
Tyler Gilbert,CHW,1.38307,1.34647,0.0,4.40538,34.086,0.32,0.0,0.5969,,36.6302,157.704,34.6518,19.23,17.93,4.55796,13.3733,1.00961,2.09035,32.8234,8.06468,3.28581,2.4544,1.11989,0.208133,0.0847999,0.12333295494318008,0.243614,1.31108,0.286993,0.69146,,,4.22707,0.141918,0.0341098,999.0,,,,,,,146.3,3.9540540540540543,145.0,3.918918918918919,,,,,,,,,,,,,,,,,,,White Sox,17964,656457
Sam Bachman,LAA,1.59372,1.32876,0.0,4.14906,41.606,0.0,1.0,8.9537,,44.5113,193.195,40.1529,21.95,20.52,4.49939,21.4167,1.37208,2.31555,40.5315,8.1953,4.33036,1.89252,0.909758,0.209796,0.110855,0.09894097596406937,0.236943,1.38323,0.286532,0.716831,,,4.22757,0.140852,0.154867,999.0,,,,,,,233.8,5.195555555555556,227.0,5.044444444444444,,,,,,,,,,,,,,,,,,,Angels,29754,696147
Jayden Murray,HOU,1.0887,0.815667,0.0,4.11727,24.063,0.102,0.0,0.6558,,25.9031,110.047,23.1523,12.71,11.85,3.24337,9.3997,0.656553,1.32155,23.1253,8.03485,3.26591,2.46022,1.1269,0.21014,0.0854154,0.12472497671842575,0.233095,1.25668,0.272886,0.708357,,,4.21906,0.139952,0.0598864,999.0,,,,,,,115.7,4.45,111.0,4.269230769230769,,,,,,,,,,,,,,,,,,,Astros,26482,681151
DL Hall,MIL,2.25491,1.60395,0.0,4.30075,45.624,0.211,0.0,6.4581,,54.7858,237.499,49.8393,28.02,26.18,6.63174,24.2092,1.30349,2.78673,50.8552,8.3543,3.977,2.10065,1.08944,0.214128,0.101934,0.11219418048858643,0.236763,1.3516,0.282373,0.71071,,,4.33052,0.139727,0.0755532,999.0,,,,,,,235.89999999999998,4.289090909090909,229.0,4.163636363636364,,,,,,,,,,,,,,,,,,,Brewers,22207,669084
Ron Marinaccio,SDP,1.50694,1.19469,0.0,4.44956,34.985,0.0,0.0,0.6518,,38.6735,168.591,33.8274,20.49,19.12,4.64028,18.9635,0.859776,2.54754,38.6526,8.99513,4.41315,2.03826,1.07988,0.229269,0.112483,0.1167859435081482,0.229994,1.36504,0.281222,0.697727,,,4.36471,0.138691,0.0387145,999.0,,,,,,,154.70000000000002,3.9666666666666672,146.0,3.7435897435897436,,,,,,,,,,,,,,,,,,,Padres,23488,676760
Steven Wilson,TBR,1.98025,1.51274,0.0,4.29096,42.737,0.0,0.0,0.6682,,43.2281,184.484,36.7887,22.04,20.61,6.36503,18.431,1.12451,1.36184,41.0263,8.5416,3.83731,2.22594,1.32519,0.222385,0.0999062,0.12247864156961441,0.223381,1.2774,0.259368,0.716491,,,4.52477,0.138638,0.0479188,999.0,,,,,,,177.2,4.120930232558139,166.0,3.86046511627907,,,,,,,,,,,,,,,,,,,Rays,20353,621051
Carlos Estévez,KCR,2.50766,2.17659,0.0,4.63984,60.765,0.0,28.0,3.3201,,62.4979,269.549,60.4753,34.45,32.22,9.3566,22.3044,1.95525,1.98526,52.7638,7.59824,3.21194,2.36562,1.3474,0.195748,0.0827471,0.11300115287303925,0.246577,1.32452,0.279125,0.693591,,,4.55882,0.13524,-0.163059,119.05000305175781,,,,,,,378.0999999999999,6.098387096774192,379.0,6.112903225806452,,,,,,,,,,,,,,,,,,,Royals,14542,608032
Joe Jiménez,ATL,0.648647,0.465098,0.0,4.3216,16.643,0.0,0.0,0.646,,17.077,72.7256,15.0637,8.77,8.2,2.35532,6.33304,0.285727,0.958194,19.6152,10.3377,3.33767,3.09728,1.24131,0.269716,0.0870814,0.1826343759894371,0.230211,1.25296,0.292391,0.697638,,,3.91176,0.13207,-0.0118979,999.0,,,,,,,85.20000000000002,5.011764705882354,82.0,4.823529411764706,,,,,,,,,,,,,,,,,,,Braves,15761,641729
Michael Lorenzen,COL,6.03177,11.1275,11.7238,6.03018,24.781,24.781,0.0,0.0,,141.951,640.548,165.716,101.44,95.11,27.0197,55.4796,0.461361,6.54724,104.784,6.64351,3.51753,1.88869,1.71311,0.163584,0.0866127,0.07697152346372604,0.286447,1.55825,0.310478,0.653088,,,5.44417,0.131667,-1.06765,999.0,,,,,,,311.0999999999999,2.1908450704225344,383.0,2.6971830985915495,,,,,,,,,,,,,,,,,,,Rockies,14843,547179
Cole Wilcox,SEA,0.6908,0.597144,0.0,4.03933,17.348,0.0,0.0,0.65,,18.9388,80.5559,17.3392,9.11,8.5,1.95637,6.8774,0.54435,0.982552,16.7072,7.93951,3.26824,2.42929,0.929698,0.207399,0.0853743,0.12202439457178116,0.238517,1.27868,0.284697,0.703363,,,3.95876,0.130579,0.0950502,999.0,,,,,,,85.8,4.515789473684211,83.0,4.368421052631579,,,,,,,,,,,,,,,,,,,Mariners,27481,677961
Orlando Ribalta,WSN,1.46865,1.49875,0.0,4.339,38.836,0.0,0.0,4.1381,,40.7997,177.362,35.9865,21.06,19.67,5.03019,19.9084,1.43786,1.50963,37.7049,8.31731,4.3916,1.89392,1.10961,0.212587,0.112247,0.10033964365720749,0.230765,1.36998,0.273443,0.713061,,,4.46448,0.13017,0.0433162,999.0,,,,,,,174.30000000000004,4.251219512195123,166.0,4.048780487804878,,,,,,,,,,,,,,,,,,,Nationals,26247,687377
Steven Cruz,KCR,1.45508,1.2358,0.0,4.42204,34.989,0.086,0.0,0.663,,36.2683,157.513,33.3615,19.05,17.82,4.2288,16.284,0.731191,1.60116,33.0299,8.1964,4.04089,2.02836,1.04938,0.209696,0.103382,0.10631418973207474,0.238931,1.36884,0.284583,0.699723,,,4.30889,0.130097,-0.0191966,999.0,,,,,,,147.40000000000003,4.094444444444445,144.0,4.0,,,,,,,,,,,,,,,,,,,Royals,23165,674444
Bryan Hudson,NYM,1.13853,0.749797,0.0,4.22148,22.662,0.0,0.0,0.7173,,24.9012,106.948,22.3151,12.5,11.68,2.96555,9.404,0.625321,2.20637,24.4918,8.85201,3.39887,2.6044,1.07183,0.229007,0.0879308,0.1410759687423706,0.234065,1.2738,0.285055,0.697169,,,4.115,0.129416,0.108839,999.0,,,,,,,109.89999999999999,4.396,105.0,4.2,,,,,,,,,,,,,,,,,,,Mets,19924,663542
Jason Foley,SFG,0.713576,0.571598,0.0,4.1198,18.054,0.0,0.0,0.656,,18.3504,78.5887,19.0679,9.05,8.4,1.59341,5.40444,0.418201,0.837861,13.5023,6.62223,2.65062,2.49837,0.781494,0.17181,0.0687687,0.10304082930088043,0.263564,1.33361,0.305227,0.693402,,,3.81287,0.12921,0.0414598,999.0,,,,,,,73.20000000000002,4.066666666666667,78.0,4.333333333333333,,,,,,,,,,,,,,,,,,,Giants,19531,671345
Cal Quantrill,TEX,1.12167,1.77045,0.655153,5.08811,5.543,4.093,0.0,0.0,,21.6328,94.1449,21.4931,12.97,12.23,3.28426,8.14497,0.182915,1.21176,15.5254,6.45911,3.38859,1.90613,1.36637,0.16491,0.0865152,0.07839441299438477,0.253491,1.37005,0.275981,0.665654,,,4.97099,0.127872,0.0509573,999.0,,,,,,,76.30000000000001,3.4681818181818187,76.0,3.4545454545454546,,,,,,,,,,,,,,,,,,,Rangers,19312,615698
James Karinchak,ATL,0.763093,0.573274,0.0,4.5287,19.717,0.0,0.0,0.646,,20.7278,90.6987,16.6641,11.16,10.43,2.63344,11.8989,0.412616,1.10703,26.4108,11.4676,5.16648,2.21961,1.14344,0.291193,0.131191,0.16000159084796906,0.214487,1.378,0.288408,0.699584,,,4.12081,0.127289,-0.00270257,999.0,,,,,,,91.3,4.347619047619047,83.0,3.9523809523809526,,,,,,,,,,,,,,,,,,,Braves,20151,675916
Ronan Kopp,LAD,0.663788,0.274356,0.0,3.5996,12.064,0.0,0.0,0.0,,12.5264,53.9183,9.37283,5.36,5.01,1.0788,7.33321,0.316758,0.681827,15.7866,11.3424,5.26878,2.15275,0.7751,0.292787,0.136006,0.1567811518907547,0.204187,1.33367,0.285628,0.74666,,,3.65375,0.12713,0.184943,999.0,,,,,,,68.5,5.269230769230769,60.0,4.615384615384615,,,,,,,,,,,,,,,,,,,Dodgers,sa3017751,691947
Adam Macko,TOR,0.426773,0.398758,0.0,3.8979,8.511,0.56,0.0,0.0,,11.2676,48.2148,9.6047,5.22,4.88,1.17943,4.92951,0.3772,0.584589,12.1047,9.66866,3.93745,2.45557,0.942066,0.251059,0.102241,0.1488180011510849,0.224931,1.28991,0.286413,0.722984,,,3.81544,0.126209,0.119036,999.0,,,,,,,49.10000000000001,4.463636363636365,48.0,4.363636363636363,,,,,,,,,,,,,,,,,,,Blue Jays,sa3011555,671936
Nestor Cortes,,0.763276,0.931389,1.0127,4.71294,2.48,2.48,0.0,0.0,,13.7112,58.6452,12.9752,7.68,7.18,2.44042,4.81121,0.0400212,0.459955,11.5046,7.55159,3.15807,2.3912,1.60189,0.196173,0.0820394,0.11413354426622391,0.2431,1.29722,0.267184,0.703308,,,4.92417,0.125263,0.073532,999.0,,,,,,,54.2,3.8714285714285714,53.0,3.7857142857142856,,,,,,,,,,,,,,,,,,,,17874,641482
Alex Lange,KCR,1.78877,1.54032,0.0,4.54922,44.251,0.0,0.0,6.8952,,44.157,195.568,39.838,23.86,22.32,4.60373,24.3282,0.736178,3.08808,45.9258,9.36052,4.95853,1.88776,0.938324,0.234833,0.124398,0.11043528467416763,0.236917,1.45314,0.299554,0.698294,,,4.27302,0.125216,-0.102621,999.0,,,,,,,199.10000000000002,4.525,194.0,4.409090909090909,,,,,,,,,,,,,,,,,,,Royals,19883,656638
Isaac Mattson,PIT,2.633,1.8919,0.0,4.46989,57.778,0.0,2.0,11.2118,,62.3975,270.954,53.9729,33.01,30.99,8.48511,31.0151,1.44224,2.16623,58.5105,8.43936,4.47351,1.88652,1.22386,0.215943,0.114466,0.10147672146558762,0.226994,1.36204,0.266359,0.710967,,,4.62284,0.125029,-0.0613361,999.0,,,,,,,293.0,4.725806451612903,279.0,4.5,,,,,,,,,,,,,,,,,,,Pirates,20385,676755
Scott Alexander,SFG,1.48575,1.59491,0.0,4.01494,26.343,0.126,0.0,0.0,,24.6131,104.683,24.5453,11.82,10.98,2.16616,7.55452,0.776245,1.04396,15.7058,5.74298,2.76238,2.079,0.792074,0.150032,0.0721656,0.07786665856838226,0.255455,1.30418,0.286132,0.697688,,,4.05106,0.124913,0.108828,999.0,,,,,,,100.4,4.016,104.0,4.16,,,,,,,,,,,,,,,,,,,Giants,10591,518397
Danny Coulombe,BOS,2.33406,1.75922,0.0,4.39009,49.973,0.105,0.0,10.2242,,47.8897,204.576,44.0472,25.17,23.36,6.67033,16.5172,0.932383,3.7101,42.8503,8.05294,3.1041,2.59429,1.25357,0.209459,0.0807385,0.12872057408094406,0.238934,1.26466,0.277218,0.690946,,,4.42342,0.124201,0.00837808,999.0,,,,,,,217.70000000000002,4.535416666666667,212.0,4.416666666666667,,,,,,,,,,,,,,,,,,,Red Sox,13293,543056
Paxton Schultz,WSN,1.1439,1.24154,0.0,4.54136,30.757,0.076,0.0,0.6466,,36.3658,158.445,33.121,19.68,18.35,4.85012,17.2307,1.11453,0.92081,34.8021,8.61301,4.26435,2.01977,1.20033,0.219647,0.108749,0.11089886724948883,0.236083,1.38459,0.280906,0.704101,,,4.45236,0.121951,-0.120759,999.0,,,,,,,139.10000000000002,3.8638888888888894,135.0,3.75,,,,,,,,,,,,,,,,,,,Nationals,25501,687606
Pedro Avila,CLE,0.772269,1.11055,0.0,4.79374,21.588,0.822,0.0,0.679,,30.5273,135.805,30.4493,17.34,16.26,3.42445,14.3682,0.658307,1.99713,28.3614,8.36145,4.23601,1.9739,1.00959,0.208839,0.1058,0.10303852707147598,0.254934,1.46811,0.308313,0.686538,,,4.3436,0.121016,-0.0217082,999.0,,,,,,,126.49999999999997,4.080645161290322,128.0,4.129032258064516,,,,,,,,,,,,,,,,,,,Guardians,18864,658648
Drew Smith,,1.66183,1.90106,0.0,4.48094,30.027,0.0,0.0,0.0,,30.449,131.187,27.2553,16.23,15.16,4.36317,12.4084,0.674445,1.63866,30.3476,8.97003,3.66762,2.44574,1.28965,0.231332,0.0945857,0.13674598187208176,0.232674,1.30263,0.27772,0.698362,,,4.38861,0.119326,-0.0329785,999.0,,,,,,,120.60000000000001,4.0200000000000005,116.0,3.8666666666666667,,,,,,,,,,,,,,,,,,,,17755,622098
Ryan Rolison,CHC,0.884925,0.878929,0.0,4.37704,20.349,0.524,0.0,0.7212,,23.605,101.562,23.7218,12.33,11.48,2.65496,7.96867,0.748137,0.912109,17.8174,6.79332,3.03826,2.23593,1.01227,0.175434,0.0784613,0.09697259217500687,0.255951,1.34253,0.291749,0.692099,,,4.21635,0.119243,0.10528,999.0,,,,,,,91.30000000000001,3.804166666666667,94.0,3.9166666666666665,,,,,,,,,,,,,,,,,,,Cubs,22200,669020
Tony Gonsolin,,0.764849,0.94429,0.652333,4.43718,2.513,2.188,0.0,0.0,,12.0482,51.4413,10.8924,6.35,5.94,1.78902,4.80328,0.0757831,0.468182,10.8511,8.10575,3.58804,2.2591,1.3364,0.210941,0.093374,0.11756724864244461,0.235919,1.30274,0.271501,0.708485,,,4.5768,0.118377,0.136732,999.0,,,,,,,42.600000000000016,3.550000000000001,41.0,3.4166666666666665,,,,,,,,,,,,,,,,,,,,19388,664062
Colin Holderman,CLE,1.32503,1.36416,0.0,4.51003,37.435,0.0,0.0,0.679,,38.4343,167.406,36.3542,20.57,19.26,4.46987,16.107,0.762617,2.84252,33.6469,7.87896,3.7717,2.08897,1.04669,0.200989,0.0962147,0.10477466136217117,0.244881,1.36496,0.288964,0.690235,,,4.37525,0.116442,-0.116308,999.0,,,,,,,153.4,4.036842105263158,153.0,4.026315789473684,,,,,,,,,,,,,,,,,,,Guardians,22361,670059
Yosver Zulueta,SEA,0.860833,0.764146,0.0,4.15818,22.049,0.0,0.0,0.65,,24.4578,106.26,21.5954,12.09,11.3,2.4383,12.153,0.584422,1.40945,25.4921,9.3806,4.47208,2.09759,0.897247,0.239903,0.114371,0.12553252279758453,0.232967,1.37986,0.295785,0.71398,,,4.01016,0.115558,0.0552798,999.0,,,,,,,110.80000000000003,4.616666666666668,109.0,4.541666666666667,,,,,,,,,,,,,,,,,,,Mariners,27765,691172
Nolan Hoffman,PHI,0.542484,0.374823,0.0,4.1913,14.15,0.0,0.0,0.6451,,14.752,63.5358,13.9264,7.37,6.87,1.48812,5.71379,0.389009,0.748465,14.1436,8.62884,3.48591,2.47535,0.907882,0.222609,0.0899303,0.13267850130796432,0.244008,1.33136,0.300139,0.698885,,,3.84318,0.115245,0.0858611,999.0,,,,,,,73.30000000000001,4.886666666666668,73.0,4.866666666666666,,,,,,,,,,,,,,,,,,,Phillies,23381,676510
Sammy Peralta,MIL,0.61786,0.402718,0.0,4.09246,12.481,0.0,0.0,0.621,,14.7784,62.6793,13.7332,7.22,6.72,1.79093,4.66973,0.456115,0.658732,13.7502,8.37383,2.84385,2.94454,1.09067,0.219374,0.0745019,0.14487185329198837,0.239459,1.24526,0.285634,0.703522,,,3.93137,0.114829,0.0858872,999.0,,,,,,,64.0,4.266666666666667,63.0,4.2,,,,,,,,,,,,,,,,,,,Brewers,25589,671111
Caleb Ferguson,CIN,1.88438,1.64017,0.0,4.54081,49.278,0.051,0.0,6.9171,,48.7975,211.843,47.9206,26.37,24.62,5.93818,17.7377,0.930313,4.09148,40.981,7.55836,3.27146,2.31039,1.09521,0.19345,0.0837302,0.10971949249505997,0.252195,1.34552,0.293388,0.685123,,,4.3795,0.11431,-0.0402863,999.0,,,,,,,208.0,4.244897959183674,211.0,4.3061224489795915,,,,,,,,,,,,,,,,,,,Reds,19349,657571
Dane Dunning,SEA,0.651675,0.894457,0.120092,4.58559,6.415,1.922,0.0,0.65,,14.3275,61.9737,13.8858,7.81,7.3,1.91666,5.39844,0.218309,0.840702,12.0608,7.57613,3.3911,2.23412,1.20398,0.194611,0.0871086,0.10750272870063782,0.249142,1.34596,0.286638,0.691182,,,4.49703,0.112393,0.0311635,999.0,,,,,,,52.6,3.757142857142857,54.0,3.857142857142857,,,,,,,,,,,,,,,,,,,Mariners,19409,641540
Zack Kelly,BOS,2.29162,1.70321,0.0,4.39019,49.324,0.0,0.0,12.1976,,53.4442,232.306,48.3904,27.95,26.07,6.44279,24.3903,1.65316,3.10169,48.1385,8.10652,4.10732,1.97368,1.08496,0.20722,0.104992,0.1022280901670456,0.236265,1.36181,0.279217,0.703108,,,4.44407,0.111248,-0.0310764,999.0,,,,,,,256.6,4.841509433962265,250.0,4.716981132075472,,,,,,,,,,,,,,,,,,,Red Sox,20349,677161
Emiliano Teodo,TEX,0.625821,0.3784,0.0,3.53236,12.661,0.0,0.0,0.0,,12.9432,54.928,9.76148,5.43,5.08,1.21395,6.62803,0.463914,0.791976,14.6601,10.1939,4.60877,2.21184,0.844115,0.266898,0.120668,0.14622988551855087,0.20547,1.26626,0.270202,0.746054,,,3.80893,0.110326,0.184824,999.0,,,,,,,63.900000000000006,4.915384615384616,58.0,4.461538461538462,,,,,,,,,,,,,,,,,,,Rangers,sa3015158,693713
Domingo Gonzalez,SEA,0.597067,0.505782,0.0,3.96983,14.847,0.0,0.0,0.0,,15.3936,65.608,12.9682,7.26,6.79,1.73715,6.55984,0.464921,0.967303,16.1643,9.45058,3.83527,2.46412,1.01564,0.246376,0.0999854,0.14639104902744293,0.223278,1.26858,0.279522,0.717596,,,3.96898,0.109966,0.0858507,999.0,,,,,,,60.60000000000001,4.040000000000001,57.0,3.8,,,,,,,,,,,,,,,,,,,Mariners,sa3007495,682445
Cole Sulser,TBR,2.19175,1.68281,0.0,4.3595,48.171,0.0,0.0,10.2907,,52.6437,224.614,46.9673,27.32,25.5,7.74552,21.2714,1.162,1.79212,49.7421,8.50395,3.63657,2.33846,1.32418,0.221456,0.0947017,0.1267540007829666,0.233029,1.29624,0.272254,0.712931,,,4.47239,0.108714,0.070946,999.0,,,,,,,242.60000000000008,4.57735849056604,232.0,4.377358490566038,,,,,,,,,,,,,,,,,,,Rays,15256,642121
Austin Gomber,TEX,1.2181,1.9012,0.702974,5.01297,6.627,4.335,0.0,0.0,,24.8655,106.567,25.811,14.79,13.85,4.58475,7.10258,0.286936,0.587232,17.6378,6.38397,2.57076,2.4833,1.65944,0.165509,0.0666489,0.0988602340221405,0.26104,1.32366,0.276907,0.684039,,,5.04121,0.108064,0.02578,999.0,,,,,,,67.9,2.716,72.0,2.88,,,,,,,,,,,,,,,,,,,Rangers,16561,596295
Félix Bautista,BAL,0.479895,0.306552,0.0,3.67362,9.752,0.0,0.0,0.6611,,10.0201,42.1257,7.28303,4.35,4.09,1.16239,5.05268,0.171828,0.431053,12.9006,11.5872,4.53829,2.55321,1.04405,0.30624,0.119943,0.18629686534404755,0.198762,1.2311,0.271077,0.745745,,,3.71009,0.106425,0.126164,999.0,,,,,,,58.5,5.85,52.0,5.2,,,,,,,,,,,,,,,,,,,Orioles,20666,642585
Mitch Farris,LAA,1.19269,1.99199,1.41563,5.31858,4.529,4.375,0.0,0.0,,22.2522,97.952,23.0286,14.04,13.15,4.04071,8.81683,0.0853921,0.906822,19.0366,7.69944,3.566,2.15912,1.63428,0.194346,0.0900117,0.10433447360992432,0.261012,1.43112,0.291444,0.679897,,,5.09571,0.103482,-0.0335719,999.0,,,,,,,61.80000000000001,2.8090909090909095,66.0,3.0,,,,,,,,,,,,,,,,,,,Angels,33628,815083
Miguel Ullola,HOU,0.594035,0.404767,0.0,3.82869,12.778,0.017,0.0,0.0,,14.01,60.1939,9.94921,6.34,5.96,1.50367,8.33855,0.405684,0.902954,16.866,10.8347,5.35667,2.02265,0.965957,0.280194,0.138528,0.14166606962680817,0.195265,1.30534,0.259203,0.738308,,,4.10161,0.103429,0.135196,999.0,,,,,,,60.00000000000003,4.285714285714287,51.0,3.642857142857143,,,,,,,,,,,,,,,,,,,Astros,sa3016504,699044
Pierson Ohl,COL,0.811351,1.43252,0.0,5.10821,17.365,1.41,0.0,0.0,,32.6827,141.785,36.0607,19.92,18.55,5.65121,8.30614,1.09271,0.797818,26.5109,7.30043,2.2873,3.19172,1.5562,0.186979,0.0585826,0.12839659675955772,0.271785,1.3575,0.302525,0.670601,,,4.59633,0.099856,-0.198124,999.0,,,,,,,103.80000000000004,3.145454545454547,114.0,3.4545454545454546,,,,,,,,,,,,,,,,,,,Rockies,30179,701487
Dom Hamel,NYY,1.52376,1.11878,0.0,4.63647,30.059,0.51,0.0,0.0,,34.1445,149.795,31.4695,18.79,17.59,4.73635,15.9724,0.983954,1.92571,34.3218,9.04672,4.21011,2.14881,1.24843,0.229126,0.106629,0.12249656766653061,0.238593,1.38945,0.287954,0.702064,,,4.50061,0.0990808,-0.075331,999.0,,,,,,,123.50000000000003,3.6323529411764715,119.0,3.5,,,,,,,,,,,,,,,,,,,Yankees,30153,687589
Greg Weissert,BOS,2.7653,2.12424,0.0,4.55985,60.363,0.0,1.0,16.6607,,61.6007,265.987,59.5118,33.55,31.21,8.08981,23.218,1.51357,2.68592,50.5839,7.39042,3.3922,2.17865,1.18194,0.190174,0.0872897,0.10288427025079727,0.247879,1.343,0.283457,0.688753,,,4.4616,0.0989252,-0.163041,999.0,,,,,,,301.4,4.861290322580645,303.0,4.887096774193548,,,,,,,,,,,,,,,,,,,Red Sox,20375,669711
Anthony Molina,ATL,0.371321,0.313322,0.0,4.68144,9.926,0.044,0.0,0.0,,16.6295,72.3809,18.0616,9.28,8.65,1.88948,5.12981,0.431479,0.632973,13.2134,7.15116,2.77629,2.5758,1.0226,0.182553,0.0708725,0.111680768430233,0.271121,1.39459,0.313928,0.677081,,,4.0627,0.0986253,-0.011827,999.0,,,,,,,62.40000000000002,3.670588235294119,67.0,3.9411764705882355,,,,,,,,,,,,,,,,,,,Braves,26952,683627
Cionel Pérez,WSN,1.79706,1.86126,0.0,4.45019,49.204,0.0,2.0,10.7781,,49.6698,218.363,48.4851,26.39,24.56,4.48161,23.1003,1.05404,3.23443,39.7181,7.19678,4.18569,1.71938,0.812052,0.181891,0.105789,0.0761018842458725,0.25249,1.44123,0.297667,0.692001,,,4.2994,0.0979755,0.0129863,999.0,,,,,,,252.0,5.04,254.0,5.08,,,,,,,,,,,,,,,,,,,Nationals,19614,672335
Ken Waldichuk,WSN,1.08912,1.4921,0.0,4.59291,28.658,0.94,0.0,9.6018,,36.4671,159.747,33.1306,19.98,18.61,4.86031,17.8638,1.06421,2.03,36.9967,9.1307,4.40874,2.07104,1.19951,0.231596,0.111826,0.1197700947523117,0.236896,1.39837,0.288484,0.701842,,,4.4753,0.097961,-0.0661491,999.0,,,,,,,173.10000000000002,4.808333333333334,169.0,4.694444444444445,,,,,,,,,,,,,,,,,,,Nationals,27681,686610
Chris Murphy,CHW,1.65055,1.45299,0.0,4.3604,40.544,0.0,0.0,9.1921,,48.1745,208.58,43.2443,25.02,23.34,5.904,21.317,1.37422,2.99539,43.4261,8.1129,3.98245,2.03716,1.10299,0.208199,0.102201,0.10599852353334427,0.234683,1.34015,0.276724,0.702386,,,4.4395,0.0973451,0.0084068,999.0,,,,,,,219.60000000000002,4.575,212.0,4.416666666666667,,,,,,,,,,,,,,,,,,,White Sox,26214,669684
Jean Cabrera,PHI,0.600504,0.721628,0.660334,4.75389,2.03,2.03,0.0,0.0,,10.2232,44.3191,10.5246,5.78,5.4,1.42044,3.5645,0.0292431,0.448314,7.55219,6.64857,3.13801,2.11872,1.25048,0.170405,0.0804281,0.08997661620378494,0.261117,1.37815,0.290557,0.686676,,,4.64149,0.0971049,0.0243707,999.0,,,,,,,37.1,3.71,41.0,4.1,,,,,,,,,,,,,,,,,,,Phillies,sa3015433,691893
Brandon Walter,HOU,0.40364,0.373501,0.460218,4.19539,1.035,0.988,0.0,0.0,,6.0495,25.2861,5.8187,3.01,2.82,0.866447,1.44043,0.0229403,0.301791,5.44445,8.09985,2.14297,3.77973,1.28904,0.215314,0.0569654,0.15834840759634972,0.247143,1.19996,0.28737,0.702788,,,4.0611,0.0966628,0.0738207,999.0,,,,,,,23.500000000000007,3.916666666666668,24.0,4.0,,,,,,,,,,,,,,,,,,,Astros,26056,687888
Matt Waldron,SDP,0.87488,1.27128,0.730441,5.17207,3.828,2.972,0.0,0.0,,16.4615,71.7509,16.8597,10.12,9.46,3.04866,5.58292,0.144392,0.871718,13.826,7.55908,3.05235,2.47648,1.66679,0.192694,0.0778098,0.11488435417413712,0.258204,1.36334,0.285226,0.678018,,,5.03925,0.0937805,-0.0104196,999.0,,,,,,,44.3,2.76875,48.0,3.0,,,,,,,,,,,,,,,,,,,Padres,25550,663362
Lazaro Estrada,TOR,0.683872,0.427078,0.0,4.25883,14.748,0.04,0.0,0.6476,,19.1461,81.1924,17.0812,9.7,9.06,2.86916,6.56914,0.505309,1.06755,19.0827,8.97018,3.08795,2.9049,1.34871,0.23503,0.0809082,0.15412188321352005,0.232221,1.23526,0.275406,0.710537,,,4.28648,0.0930171,-0.00727955,999.0,,,,,,,77.49999999999999,4.078947368421052,74.0,3.8947368421052633,,,,,,,,,,,,,,,,,,,Blue Jays,24914,681751
James McArthur,KCR,0.902663,0.781491,0.0,4.55102,22.315,0.0,0.0,0.663,,23.5332,102.056,23.4428,12.75,11.9,2.90634,8.4313,0.553619,1.34502,20.6861,7.91117,3.22445,2.45349,1.1115,0.202694,0.0826145,0.12007947266101837,0.25404,1.35443,0.298985,0.687788,,,4.22887,0.092491,-0.0467063,999.0,,,,,,,99.90000000000002,4.1625000000000005,100.0,4.166666666666667,,,,,,,,,,,,,,,,,,,Royals,21527,663704
Jose Corniell,TEX,0.632881,0.496132,0.0,4.34442,13.49,0.132,0.0,0.6435,,16.0758,68.2702,15.1536,8.3,7.76,2.28218,4.82921,0.47306,0.836976,15.7412,8.81267,2.70362,3.25958,1.27767,0.230572,0.0707368,0.1598351150751114,0.242055,1.24304,0.288722,0.695912,,,4.07969,0.0920331,0.0368532,999.0,,,,,,,72.80000000000001,4.550000000000001,72.0,4.5,,,,,,,,,,,,,,,,,,,Rangers,27984,692030
Tim Mayza,PHI,0.805773,0.571655,0.0,4.29936,21.245,0.0,0.0,4.1286,,21.2683,90.9909,22.1229,10.95,10.16,2.41063,6.18414,0.53455,0.780762,16.8665,7.1373,2.61691,2.72738,1.02009,0.185365,0.0679644,0.11740010231733322,0.263286,1.33095,0.304442,0.696171,,,4.00497,0.0915608,-0.00270655,999.0,,,,,,,102.60000000000001,4.885714285714286,108.0,5.142857142857143,,,,,,,,,,,,,,,,,,,Phillies,15042,641835
Christian Roa,HOU,1.14164,0.853025,0.0,4.23034,25.893,0.0,0.0,0.6558,,28.3594,124.466,24.7765,14.23,13.33,2.78397,15.8419,0.767662,1.489,27.4815,8.72139,5.02751,1.73474,0.883508,0.220795,0.127279,0.0935162752866745,0.231264,1.43227,0.286102,0.718622,,,4.30658,0.090828,0.0644931,999.0,,,,,,,112.30000000000004,4.010714285714287,108.0,3.857142857142857,,,,,,,,,,,,,,,,,,,Astros,27662,685005
Pete Hansen,STL,0.405954,0.618642,0.518494,4.72567,1.547,1.547,0.0,0.0,,7.8846,33.9802,8.32583,4.42,4.14,1.11723,2.33946,0.0223983,0.24262,5.74043,6.5525,2.67041,2.45374,1.27527,0.168934,0.0688476,0.1000867709517479,0.265169,1.35267,0.293743,0.686207,,,4.50354,0.0898131,0.0984272,999.0,,,,,,,32.10000000000001,4.012500000000001,33.0,4.125,,,,,,,,,,,,,,,,,,,Cardinals,sa3020798,677337
Adbert Alzolay,NYM,1.88637,1.33961,0.0,4.51987,38.048,0.0,0.0,0.7173,,39.4458,167.296,38.0501,21.22,19.81,6.24298,11.3277,0.83893,1.93228,35.5672,8.11506,2.58455,3.13984,1.42441,0.212601,0.0677107,0.14488989859819412,0.247021,1.25179,0.283421,0.6929,,,4.39774,0.0895669,-0.0632168,999.0,,,,,,,153.0,3.923076923076923,154.0,3.948717948717949,,,,,,,,,,,,,,,,,,,Mets,17859,640470
Gavin Collyer,TEX,0.685556,0.467536,0.0,4.11119,14.471,0.0,0.0,0.0,,15.1708,65.4218,12.5706,7.4,6.93,1.76152,7.19773,0.503491,1.09494,16.9278,10.0423,4.27002,2.35182,1.04501,0.258748,0.11002,0.14872802793979645,0.220038,1.30305,0.281194,0.714841,,,4.05284,0.0893633,0.0858611,999.0,,,,,,,62.60000000000001,4.173333333333334,59.0,3.933333333333333,,,,,,,,,,,,,,,,,,,Rangers,sa3011742,686560
Isaiah Campbell,ARI,0.541084,0.446554,0.0,4.23917,15.413,0.0,0.0,0.0,,17.7912,76.2563,17.7985,8.99,8.38,1.79875,5.6899,0.545021,0.829526,13.1574,6.6559,2.87834,2.31241,0.909932,0.172542,0.0746154,0.09792612493038177,0.255223,1.32023,0.292068,0.691383,,,4.06972,0.0890858,0.0414599,999.0,,,,,,,66.80000000000003,3.7111111111111126,69.0,3.8333333333333335,,,,,,,,,,,,,,,,,,,Diamondbacks,25551,663462
Zach Pop,PHI,0.689553,0.484879,0.0,4.22987,18.071,0.0,0.0,0.6451,,18.341,79.008,18.794,9.29,8.62,1.73595,6.11502,0.529059,0.948669,13.8485,6.79549,3.00066,2.26466,0.851836,0.175279,0.0773975,0.09788183122873306,0.26123,1.35811,0.302663,0.694837,,,4.01085,0.0888846,0.0414598,999.0,,,,,,,70.20000000000002,3.900000000000001,75.0,4.166666666666667,,,,,,,,,,,,,,,,,,,Phillies,20185,647315
Michael Fulmer,SFG,0.361046,0.292584,0.0,4.14585,9.127,0.0,0.0,0.656,,9.7688,42.1471,9.32151,4.84,4.5,1.03211,3.67704,0.2928,0.475329,9.59572,8.84054,3.38766,2.60963,0.950885,0.227672,0.0872431,0.14042910933494568,0.245337,1.33062,0.302899,0.706148,,,3.81927,0.0888244,0.0230332,999.0,,,,,,,50.300000000000004,5.03,49.0,4.9,,,,,,,,,,,,,,,,,,,Giants,13218,605242
Bobby Miller,LAD,0.808139,0.49664,0.0,4.41243,14.977,0.366,0.0,0.7772,,19.1731,82.6962,18.1189,10.05,9.4,2.35849,7.44695,0.503858,0.980794,17.5913,8.2575,3.49565,2.36222,1.10709,0.212722,0.0900519,0.12267038226127625,0.243966,1.33343,0.290148,0.696905,,,4.21795,0.0871685,-0.00727955,999.0,,,,,,,85.2,4.484210526315789,85.0,4.473684210526316,,,,,,,,,,,,,,,,,,,Dodgers,27483,676272
Manuel Rodríguez,TBR,0.541462,0.382745,0.0,3.84669,11.783,0.0,0.0,0.6682,,12.1429,51.5432,10.9735,5.58,5.19,1.17012,4.45519,0.284602,0.821793,10.7831,7.99215,3.30207,2.42035,0.867264,0.209205,0.086436,0.12276899814605713,0.237183,1.2706,0.285706,0.714165,,,3.91554,0.0828017,0.0276399,999.0,,,,,,,58.90000000000001,4.908333333333334,58.0,4.833333333333333,,,,,,,,,,,,,,,,,,,Rays,20794,655889
Henry Baez,ATH,0.449767,0.466204,0.0,3.98617,9.922,0.368,0.0,0.0,,12.4405,53.2109,11.2239,5.91,5.51,1.23115,4.90015,0.385824,0.780672,11.4765,8.30262,3.54498,2.34208,0.890664,0.21568,0.0920892,0.12359091639518738,0.236143,1.29609,0.286963,0.709286,,,3.94654,0.0815967,0.0276399,999.0,,,,,,,51.90000000000001,4.325000000000001,51.0,4.25,,,,,,,,,,,,,,,,,,,Athletics,sa3016584,692013
Daysbel Hernández,ATL,1.07399,0.795533,0.0,4.45146,27.567,0.0,0.0,0.646,,29.0332,127.828,24.8787,15.29,14.36,3.18886,16.258,0.87855,2.02928,30.7421,9.52975,5.0398,1.8909,0.988514,0.240496,0.127186,0.11330974102020264,0.227118,1.41688,0.286865,0.704801,,,4.33489,0.0809764,0.0156962,999.0,,,,,,,124.70000000000002,4.300000000000001,118.0,4.068965517241379,,,,,,,,,,,,,,,,,,,Braves,20271,678226
Jackson Jobe,DET,0.335643,0.498673,0.0651249,4.37411,2.961,1.104,0.0,0.0,,8.6829,37.1856,7.79043,4.51,4.22,1.19816,3.54239,0.142619,0.420833,7.56295,7.83915,3.67176,2.13499,1.24192,0.203384,0.0952624,0.10812139511108398,0.234493,1.30519,0.269498,0.706633,,,4.5563,0.0774728,0.0344651,999.0,,,,,,,37.500000000000014,4.166666666666668,36.0,4.0,,,,,,,,,,,,,,,,,,,Tigers,30203,695549
Eric Cerantola,KCR,0.49874,0.373469,0.0,3.94813,11.625,0.0,0.0,0.0,,12.4236,53.6688,9.85243,5.83,5.45,1.28842,6.67059,0.293253,0.806511,13.8662,10.0451,4.83236,2.07871,0.933367,0.258367,0.124292,0.13407523185014725,0.213295,1.32997,0.275929,0.726466,,,4.05663,0.0764787,0.0276399,999.0,,,,,,,54.500000000000014,4.541666666666668,51.0,4.25,,,,,,,,,,,,,,,,,,,Royals,sa3017914,672021
Rolddy Muñoz,ATL,0.559164,0.391429,0.0,4.15167,14.278,0.0,0.0,0.646,,15.6949,68.1748,14.2706,7.75,7.24,1.58233,7.12459,0.595361,1.13808,15.3943,8.82763,4.08549,2.16073,0.907363,0.225806,0.104505,0.12130153179168701,0.238192,1.36319,0.295519,0.71143,,,4.06344,0.0764731,0.0368532,999.0,,,,,,,67.4,4.2125,64.0,4.0,,,,,,,,,,,,,,,,,,,Braves,27407,691548
Yoniel Curet,PHI,0.424192,0.547837,0.207307,4.49734,2.208,1.41,0.0,0.0,,7.2643,31.6275,6.7165,3.89,3.63,0.917938,3.21387,0.0648278,0.48916,6.76957,8.38706,3.98178,2.10636,1.13727,0.214041,0.101616,0.1124243289232254,0.240524,1.36701,0.286533,0.698692,,,4.44333,0.076154,0.0242166,999.0,,,,,,,26.300000000000015,3.7571428571428593,27.0,3.857142857142857,,,,,,,,,,,,,,,,,,,Phillies,sa3015446,692414
Dylan Smith,DET,0.725809,0.626424,0.0,4.38802,18.9,0.0,0.0,0.6028,,22.1512,95.6163,20.4626,11.62,10.8,2.83714,8.68821,0.574085,1.48605,19.9845,8.11968,3.53001,2.30019,1.15272,0.209007,0.0908654,0.11814200133085251,0.239492,1.31599,0.281466,0.696253,,,4.37374,0.0759325,-0.0512588,999.0,,,,,,,87.9,3.9954545454545456,85.0,3.8636363636363638,,,,,,,,,,,,,,,,,,,Tigers,30145,681916
Jordan Hicks,CHW,2.06505,2.10052,0.0,4.51114,51.844,0.472,1.0,10.8226,,58.6348,259.332,56.5115,31.4,29.39,5.28271,28.2581,1.25165,5.48909,48.0221,7.37102,4.3374,1.69941,0.810856,0.185176,0.108965,0.07621102035045624,0.250511,1.44572,0.297357,0.689763,,,4.39501,0.0759021,-0.0172793,999.0,,,,,,,272.90000000000003,4.62542372881356,276.0,4.677966101694915,,,,,,,,,,,,,,,,,,,White Sox,19618,663855
Hunter Stratton,ATL,0.736048,0.603223,0.0,4.83179,19.633,0.0,0.0,0.646,,20.8991,91.6304,20.9948,11.99,11.22,2.73881,8.17765,0.431066,1.20238,18.9298,8.15192,3.52163,2.31482,1.17944,0.206588,0.089246,0.11734218895435333,0.255255,1.39587,0.301344,0.678126,,,4.37371,0.0741365,-0.104263,999.0,,,,,,,78.9,3.7571428571428576,81.0,3.857142857142857,,,,,,,,,,,,,,,,,,,Braves,23455,676702
Drey Jameson,ARI,0.874485,0.791709,0.0,4.69053,25.868,0.0,0.0,0.6469,,28.4936,125.096,29.1248,15.89,14.85,3.25927,11.4029,0.893828,1.48041,23.6549,7.47166,3.60172,2.07447,1.02947,0.189094,0.0911529,0.09794115275144577,0.259549,1.42234,0.303234,0.685051,,,4.31823,0.0720955,-0.138989,999.0,,,,,,,110.9,3.960714285714286,117.0,4.178571428571429,,,,,,,,,,,,,,,,,,,Diamondbacks,26260,686753
Eli Morgan,KCR,1.00732,0.864309,0.0,4.57969,24.308,0.0,0.0,0.663,,26.3926,112.705,25.2899,14.39,13.43,3.95139,8.80635,0.471453,0.954734,22.3435,7.61923,3.00301,2.5372,1.34744,0.198248,0.0781365,0.12011156976222992,0.245668,1.29189,0.278394,0.689891,,,4.49781,0.0708485,-0.042129,999.0,,,,,,,96.19999999999999,3.6999999999999997,96.0,3.6923076923076925,,,,,,,,,,,,,,,,,,,Royals,20203,669212
Carlos Hernández,CLE,0.490559,0.496191,0.0,4.46015,13.687,0.0,0.0,0.0,,14.4076,62.1608,13.1095,7.62,7.14,1.91395,6.18091,0.276813,0.413287,13.8386,8.64458,3.86103,2.23893,1.19559,0.222626,0.0994342,0.12319222837686539,0.235924,1.3389,0.281196,0.702576,,,4.31415,0.0707867,-0.0695348,999.0,,,,,,,55.20000000000003,3.9428571428571453,54.0,3.857142857142857,,,,,,,,,,,,,,,,,,,Guardians,22713,672578
Nick Raquet,STL,1.09648,0.928471,0.0,4.56987,25.587,0.0,0.0,0.6663,,27.4931,120.502,27.9759,14.95,13.96,2.87268,11.2473,0.919578,1.19175,23.2501,7.61105,3.68186,2.06718,0.940385,0.192945,0.0933373,0.09960734099149704,0.258886,1.42665,0.306361,0.689551,,,4.15945,0.0704978,-0.0906441,999.0,,,,,,,104.10000000000001,3.855555555555556,110.0,4.074074074074074,,,,,,,,,,,,,,,,,,,Cardinals,20333,675919
Trent Thornton,CHC,0.90018,0.780136,0.0,4.53144,21.321,0.0,0.0,0.7212,,22.8007,97.7267,21.8425,12.28,11.48,3.04757,7.92395,0.404256,1.17501,18.9536,7.48146,3.12778,2.39194,1.20295,0.193945,0.0810828,0.1128622516989708,0.246452,1.3055,0.282093,0.685747,,,4.40738,0.0681061,0.00189882,999.0,,,,,,,91.10000000000001,3.9608695652173918,91.0,3.9565217391304346,,,,,,,,,,,,,,,,,,,Cubs,17948,663423
Michel Otañez,TEX,0.798021,0.550639,0.0,4.07868,16.779,0.0,0.0,0.6435,,17.2997,75.6062,13.4097,8.33,7.84,1.87586,10.8685,0.512031,0.956582,20.6641,10.7503,5.65424,1.90128,0.975895,0.273312,0.143752,0.12956011295318604,0.210245,1.40339,0.279668,0.736569,,,4.20644,0.0674378,0.0904419,999.0,,,,,,,77.40000000000002,4.55294117647059,69.0,4.0588235294117645,,,,,,,,,,,,,,,,,,,Rangers,22533,671305
Ryan Webb,CLE,0.354713,0.541525,0.466335,4.81062,1.348,1.348,0.0,0.0,,6.9409,30.2573,7.0583,3.97,3.71,0.939686,2.64589,0.0211274,0.329512,5.53195,7.17307,3.43082,2.09077,1.21845,0.18283,0.0874463,0.09538405388593674,0.258717,1.39812,0.294019,0.683567,,,4.58714,0.0673231,0.036766,999.0,,,,,,,24.3,3.4714285714285715,25.0,3.5714285714285716,,,,,,,,,,,,,,,,,,,Guardians,sa3018280,669067
Garrett Acton,MIA,0.753406,0.657209,0.0,4.43131,20.073,0.0,0.0,0.6387,,20.2491,87.2592,18.389,10.72,9.97,2.88183,8.26838,0.845801,0.843372,19.3659,8.60747,3.675,2.34217,1.28087,0.221936,0.0947566,0.1271793693304062,0.235312,1.31647,0.277411,0.704482,,,4.42246,0.0646203,-0.0558816,999.0,,,,,,,79.3,3.965,76.0,3.8,,,,,,,,,,,,,,,,,,,Marlins,27583,670183
Jhony Brito,SDP,0.675291,0.53416,0.0,4.42158,15.785,0.0,0.0,0.6518,,17.4847,75.0954,17.7177,9.23,8.59,2.06997,5.44678,0.520181,0.69666,12.5638,6.46705,2.80365,2.30665,1.06549,0.167305,0.0725315,0.0947733074426651,0.256957,1.32484,0.288075,0.687561,,,4.29114,0.0646149,-0.0118916,999.0,,,,,,,66.40000000000002,3.9058823529411777,71.0,4.176470588235294,,,,,,,,,,,,,,,,,,,Padres,25386,666745
Yariel Rodríguez,TOR,1.07854,0.671421,0.0,4.33065,23.405,0.009,0.0,0.6476,,25.1671,109.734,21.4601,12.92,12.11,2.95856,13.0792,0.704204,1.67213,24.7181,8.83943,4.67723,1.88988,1.05801,0.225255,0.11919,0.10606523603200912,0.225937,1.3724,0.274888,0.711223,,,4.45746,0.0633312,0.00649747,999.0,,,,,,,102.5,4.1,95.0,3.8,,,,,,,,,,,,,,,,,,,Blue Jays,33838,684320
Kyle Nicolas,CIN,1.28035,1.12661,0.0,4.58914,33.559,0.0,0.0,0.6526,,36.7716,161.757,33.8083,19.96,18.75,4.73569,18.8133,0.838028,1.63789,36.9407,9.04139,4.60464,1.96354,1.15908,0.228371,0.116306,0.11206543445587158,0.239256,1.43104,0.291807,0.710164,,,4.46867,0.0627076,-0.0677716,999.0,,,,,,,138.9,3.754054054054054,135.0,3.6486486486486487,,,,,,,,,,,,,,,,,,,Reds,27775,693312
Nate Pearson,HOU,1.69924,1.37505,0.0,4.67936,39.155,0.0,0.0,4.3723,,42.4481,184.537,38.6956,23.53,22.07,6.29243,18.2555,1.11212,2.62706,41.4219,8.78242,3.87059,2.26901,1.33414,0.224464,0.098926,0.12553828954696655,0.236447,1.34166,0.279483,0.694223,,,4.58645,0.0617168,-0.208483,999.0,,,,,,,170.6,4.061904761904762,167.0,3.9761904761904763,,,,,,,,,,,,,,,,,,,Astros,20160,663878
Michael Darrell-Hicks,PIT,0.31875,0.21551,0.0,4.0443,7.045,0.0,0.0,0.6537,,7.8555,33.8937,7.35328,3.77,3.53,0.656631,2.95315,0.225978,0.629529,6.62577,7.5911,3.38341,2.24363,0.752298,0.195487,0.08713,0.1083570048213005,0.242594,1.312,0.290797,0.696317,,,3.9031,0.0613881,0.0184266,999.0,,,,,,,34.7,4.3375,33.0,4.125,,,,,,,,,,,,,,,,,,,Pirates,31501,690382
Joe Mantiply,TOR,0.445555,0.277712,0.0,4.28367,9.897,0.03,0.0,0.6476,,9.6226,40.5987,9.78751,4.93,4.58,1.24333,2.16338,0.280423,0.460278,8.11911,7.59379,2.02341,3.75297,1.16288,0.199984,0.053287,0.14669739082455635,0.257735,1.24196,0.298616,0.687633,,,3.94531,0.0591124,0.0230332,999.0,,,,,,,49.7,4.970000000000001,51.0,5.1,,,,,,,,,,,,,,,,,,,Blue Jays,14857,573009
Gus Varland,WSN,1.00203,1.12709,0.0,4.78867,27.964,0.0,0.0,0.6466,,29.3192,128.9,28.5749,16.75,15.6,3.93334,12.7311,0.861392,1.67853,27.8973,8.56351,3.90803,2.19126,1.2074,0.216426,0.0987677,0.1176580935716629,0.249584,1.40884,0.298109,0.685935,,,4.45058,0.0588289,-0.187313,999.0,,,,,,,105.00000000000003,3.6206896551724146,108.0,3.7241379310344827,,,,,,,,,,,,,,,,,,,Nationals,24737,681402
Brady Basso,ATH,1.13956,1.04223,0.0,4.73048,27.548,0.069,0.0,0.6364,,31.1448,135.064,31.8803,17.58,16.37,4.56586,10.4097,0.917943,1.34357,27.2974,7.8882,3.00813,2.62229,1.31941,0.202107,0.0770728,0.12503455579280853,0.258537,1.35785,0.298691,0.688344,,,4.42015,0.0587696,-0.182711,999.0,,,,,,,109.69999999999997,3.538709677419354,115.0,3.7096774193548385,,,,,,,,,,,,,,,,,,,Athletics,25582,669620
Angel Chivilli,NYY,0.968068,0.58146,0.0,4.3584,19.147,0.0,0.0,0.691,,21.1041,90.4565,20.5095,10.95,10.22,2.65231,6.98676,0.430182,1.33653,17.4942,7.46054,2.97956,2.50391,1.1311,0.193399,0.0772389,0.11616052687168121,0.24971,1.30289,0.288081,0.695717,,,4.29422,0.0585433,-0.00269816,999.0,,,,,,,77.9,3.7095238095238097,80.0,3.8095238095238093,,,,,,,,,,,,,,,,,,,Yankees,26790,683409
Carson Spiers,CIN,0.220781,0.292268,0.19384,4.89987,1.45,0.626,0.0,0.0,,6.392,27.9545,6.48683,3.71,3.48,0.956625,2.38584,0.105104,0.361083,5.26964,7.41971,3.35929,2.20871,1.34694,0.188508,0.0853473,0.10316034406423569,0.257336,1.38809,0.291349,0.685305,,,4.72112,0.0577678,-0.0213501,999.0,,,,,,,20.500000000000007,3.416666666666668,21.0,3.5,,,,,,,,,,,,,,,,,,,Reds,27685,686730
Eduarniel Núñez,ATH,1.39078,1.22566,0.0,4.54923,33.177,0.0,0.0,4.2426,,35.6104,158.979,31.1426,19.22,18.0,4.01456,21.052,1.04257,3.26485,38.2192,9.65934,5.32059,1.81546,1.01462,0.240404,0.13242,0.10798406600952148,0.231265,1.46571,0.293504,0.708001,,,4.50276,0.0571376,-0.0191847,999.0,,,,,,,156.60000000000005,4.350000000000001,148.0,4.111111111111111,,,,,,,,,,,,,,,,,,,Athletics,23162,674384
Scott Barlow,ATH,2.35425,2.1289,0.0,4.68165,55.869,0.077,5.0,10.9968,,56.0764,245.795,50.1249,31.11,29.17,7.55182,27.2706,1.37154,4.52471,56.896,9.13155,4.3768,2.08635,1.21203,0.231478,0.110949,0.12052896618843079,0.234229,1.38018,0.284671,0.692659,,,4.55762,0.0563491,-0.176775,999.0,,,,,,,273.0000000000001,4.875000000000002,263.0,4.696428571428571,,,,,,,,,,,,,,,,,,,Athletics,14993,605130
Wilber Dotel,PIT,0.4853,0.407874,0.0,4.35997,10.608,0.187,0.0,0.0,,11.7455,51.0054,10.565,6.08,5.69,1.41156,5.3574,0.347675,0.671783,11.3422,8.69096,4.10512,2.1171,1.08161,0.222372,0.105036,0.11733616143465042,0.234901,1.35561,0.284069,0.705739,,,4.30609,0.0550964,0.0276399,999.0,,,,,,,51.90000000000001,4.325000000000001,51.0,4.25,,,,,,,,,,,,,,,,,,,Pirates,sa3015163,696062
Daison Acosta,SDP,0.378713,0.272476,0.0,3.98968,8.557,0.0,0.0,0.0,,8.9556,38.847,7.30908,4.26,3.97,0.996278,4.72396,0.709939,0.528048,9.91665,9.96581,4.74738,2.09922,1.00122,0.255274,0.121604,0.1336701661348343,0.217564,1.34363,0.278317,0.730669,,,4.12606,0.0549999,0.0721186,999.0,,,,,,,38.10000000000001,4.233333333333334,34.0,3.7777777777777777,,,,,,,,,,,,,,,,,,,Padres,sa944989,670897
Sean Guenther,DET,0.44389,0.399972,0.0,4.26818,11.53,0.103,0.0,0.6028,,12.4409,53.2382,12.41,6.36,5.9,1.41065,3.65244,0.290723,0.823603,9.90331,7.16426,2.64225,2.71142,1.0205,0.186019,0.0686056,0.11741308867931366,0.254501,1.2911,0.293723,0.688727,,,4.09648,0.0540978,0.0276399,999.0,,,,,,,54.30000000000001,4.525000000000001,56.0,4.666666666666667,,,,,,,,,,,,,,,,,,,Tigers,20045,674944
Gregory Santos,SFG,1.11248,0.917846,0.0,4.33145,28.011,0.0,1.0,0.656,,29.1311,127.049,28.9078,15.08,14.02,2.71927,11.8203,0.754381,1.93005,20.9504,6.47259,3.65188,1.7724,0.840114,0.1649,0.0930374,0.07186220586299896,0.255146,1.3981,0.292187,0.694673,,,4.32633,0.0540974,0.0156962,999.0,,,,,,,111.30000000000001,3.837931034482759,115.0,3.9655172413793105,,,,,,,,,,,,,,,,,,,Giants,21894,666619
Rafael Montero,NYY,1.56773,0.917219,0.0,4.32882,30.51,0.0,0.0,0.691,,31.2903,134.339,27.8956,16.09,15.05,3.8442,14.2043,0.561309,0.888562,28.2207,8.11709,4.08556,1.98678,1.1057,0.210071,0.105735,0.1043362244963646,0.233933,1.34546,0.275878,0.708369,,,4.37551,0.0540361,0.0202966,999.0,,,,,,,122.39999999999999,3.9483870967741934,118.0,3.806451612903226,,,,,,,,,,,,,,,,,,,Yankees,12760,606160
Seth Johnson,PHI,0.597059,0.516643,0.0,4.38535,14.937,0.311,0.0,0.6451,,17.5881,75.8668,15.8448,9.2,8.57,2.40072,7.81921,0.599124,0.448778,17.2074,8.80519,4.00116,2.20066,1.22847,0.226811,0.103065,0.1237456202507019,0.234395,1.34546,0.280139,0.712407,,,4.36315,0.0525581,0.0414599,999.0,,,,,,,81.00000000000003,4.500000000000002,78.0,4.333333333333333,,,,,,,,,,,,,,,,,,,Phillies,26020,686751
Paul Gervase,LAD,1.05415,0.532045,0.0,4.48873,20.015,0.0,0.0,0.7772,,21.8748,95.1137,19.3695,11.66,10.91,3.0613,10.5788,0.725066,0.924261,23.1493,9.52435,4.35246,2.18827,1.25952,0.243385,0.111223,0.13216234743595123,0.231663,1.36908,0.284115,0.712648,,,4.4155,0.0524356,-0.0512777,999.0,,,,,,,90.5,4.113636363636363,85.0,3.8636363636363638,,,,,,,,,,,,,,,,,,,Dodgers,31571,801434
Joey Gerber,NYM,0.590604,0.405221,0.0,4.37333,11.634,0.0,0.0,0.7173,,12.8209,54.8614,11.3328,6.65,6.23,1.8999,4.95003,0.433982,0.617521,12.4811,8.76146,3.47482,2.52142,1.33369,0.227502,0.090228,0.137274369597435,0.229904,1.27002,0.270185,0.707103,,,4.41735,0.0510639,-0.0210645,999.0,,,,,,,52.99999999999999,4.076923076923077,49.0,3.769230769230769,,,,,,,,,,,,,,,,,,,Mets,24591,680702
Peter Lambert,HOU,0.533348,0.421815,0.0,4.58035,12.457,0.0,0.0,0.6558,,13.9902,60.6403,13.6941,7.63,7.12,1.79372,5.22882,0.378603,0.706944,12.5947,8.10227,3.36374,2.40871,1.15391,0.207696,0.086227,0.1214686930179596,0.250329,1.35258,0.295177,0.688101,,,4.27424,0.0500825,-0.069447,999.0,,,,,,,54.60000000000003,3.900000000000002,56.0,4.0,,,,,,,,,,,,,,,,,,,Astros,17969,663567
Chad Green,,1.52501,1.77908,0.0,4.56895,27.416,0.0,0.0,0.0,,28.4442,120.612,26.9076,15.53,14.44,4.78567,8.52395,0.741396,1.1517,24.1489,7.64092,2.69706,2.83306,1.51423,0.20022,0.0706727,0.12954740226268768,0.24255,1.24565,0.269775,0.69267,,,4.64486,0.0487305,-0.139031,999.0,,,,,,,93.50000000000001,3.339285714285715,93.0,3.3214285714285716,,,,,,,,,,,,,,,,,,,,15552,643338
Craig Kimbrel,NYM,0.678251,0.466625,0.0,4.38226,13.281,0.0,0.0,0.7173,,13.5341,58.1281,10.8733,7.03,6.59,1.99779,6.62863,0.261312,0.764721,15.2132,10.1166,4.40795,2.29507,1.3285,0.261719,0.114035,0.14768366515636444,0.214317,1.29317,0.264753,0.712133,,,4.44478,0.0480433,0.0322465,999.0,,,,,,,60.40000000000003,4.314285714285716,54.0,3.857142857142857,,,,,,,,,,,,,,,,,,,Mets,6655,518886
Enmanuel De Jesus,DET,1.08417,1.03427,0.0,4.90063,29.81,0.0,0.0,0.6028,,31.2021,139.213,31.7646,18.2,16.99,3.31238,14.2009,1.07672,1.98873,25.6282,7.39224,4.09614,1.80468,0.95543,0.184093,0.102009,0.0820847749710083,0.2582,1.47315,0.302417,0.67183,,,4.42907,0.0473545,-0.182822,999.0,,,,,,,117.29999999999997,3.7838709677419344,124.0,4.0,,,,,,,,,,,,,,,,,,,Tigers,18554,646241
Tyler Zuber,MIA,0.596655,0.544012,0.0,4.57122,16.095,0.0,0.0,0.0,,19.8656,86.9401,18.1578,10.79,10.09,2.604,9.67938,0.861039,0.63927,18.6904,8.46759,4.38519,1.93095,1.17973,0.21498,0.111334,0.10364639014005661,0.236981,1.40128,0.281125,0.704674,,,4.51577,0.0462514,-0.0557911,999.0,,,,,,,69.3,3.465,66.0,3.3,,,,,,,,,,,,,,,,,,,Marlins,20379,676604
Yovanny Cruz,NYY,0.635206,0.368973,0.0,4.24163,12.347,0.0,0.0,0.0,,12.7946,54.9606,11.1926,6.45,6.03,1.68711,5.3988,0.428868,0.835662,12.9005,9.07446,3.79763,2.3895,1.18675,0.234722,0.0982304,0.1364915892481804,0.229705,1.29675,0.278439,0.712706,,,4.2946,0.041909,0.0812782,999.0,,,,,,,50.99999999999999,3.9230769230769225,47.0,3.6153846153846154,,,,,,,,,,,,,,,,,,,Yankees,sa3002951,672442
Luis Mey,CIN,1.11487,0.94185,0.0,4.3704,29.142,0.0,0.0,0.6526,,29.6746,132.522,27.3032,15.37,14.41,2.55743,18.0205,1.03291,1.6962,27.5273,8.34873,5.46543,1.52755,0.775641,0.207718,0.135981,0.07173706591129303,0.242038,1.52736,0.299149,0.717569,,,4.39352,0.0415717,0.0690997,999.0,,,,,,,114.89999999999999,3.8299999999999996,111.0,3.7,,,,,,,,,,,,,,,,,,,Reds,25620,682825
Konnor Pilkington,DET,0.906492,0.816287,0.0,4.35392,23.421,0.164,0.0,0.0,,24.8259,108.87,21.5832,12.85,12.01,3.00319,13.127,0.692926,1.43011,25.7281,9.32708,4.75886,1.95994,1.08873,0.23632,0.120575,0.11574497818946838,0.228847,1.39814,0.283311,0.716593,,,4.39417,0.0415431,0.00649747,999.0,,,,,,,100.89999999999999,4.036,96.0,3.84,,,,,,,,,,,,,,,,,,,Tigers,21453,663455
AJ Smith-Shawver,ATL,0.290876,0.344155,0.0,4.45305,6.828,0.43,0.0,0.646,,8.5694,36.8147,7.38377,4.54,4.24,1.21945,3.80266,0.234004,0.389264,9.31718,9.78536,3.99374,2.45018,1.28072,0.253083,0.103292,0.14979147911071777,0.226338,1.30539,0.279104,0.701159,,,4.27807,0.0406178,-0.0301647,999.0,,,,,,,46.10000000000001,5.122222222222224,42.0,4.666666666666667,,,,,,,,,,,,,,,,,,,Braves,29960,700363
Héctor Neris,KCR,0.625936,0.502711,0.0,4.39777,14.91,0.0,0.0,0.663,,15.1031,64.9518,13.2181,7.91,7.38,2.03657,6.58992,0.251227,0.792364,14.9114,8.88578,3.92696,2.26276,1.2136,0.229577,0.101459,0.128118135035038,0.229602,1.31152,0.275261,0.701665,,,4.37987,0.0405787,-0.0164892,999.0,,,,,,,62.60000000000001,4.173333333333334,59.0,3.933333333333333,,,,,,,,,,,,,,,,,,,Royals,11804,593576
Grant Holman,ARI,0.631829,0.597116,0.0,4.63644,18.216,0.118,0.0,0.6469,,18.4797,80.6408,18.3542,10.18,9.52,2.22805,7.43279,0.677376,0.752115,15.1009,7.35445,3.61993,2.03166,1.08511,0.187261,0.0921716,0.09508965909481049,0.253316,1.39543,0.292528,0.688512,,,4.39693,0.0400509,-0.060445,999.0,,,,,,,71.80000000000003,3.9888888888888903,74.0,4.111111111111111,,,,,,,,,,,,,,,,,,,Diamondbacks,30002,680880
Jake Bloss,TOR,0.557565,0.429449,0.0,4.36384,11.705,0.301,0.0,0.6476,,13.22,56.4227,11.5532,6.86,6.41,1.91517,5.34156,0.326208,0.662241,12.814,8.72362,3.63646,2.39893,1.30382,0.227108,0.0946703,0.13243743032217026,0.229144,1.27797,0.270051,0.706001,,,4.44229,0.0383653,-0.0210645,999.0,,,,,,,52.39999999999999,4.03076923076923,51.0,3.923076923076923,,,,,,,,,,,,,,,,,,,Blue Jays,33168,814005
Colin Selby,BAL,1.58473,1.24313,0.0,4.59087,34.624,0.0,0.0,0.6611,,37.0126,162.207,35.3777,20.14,18.88,4.55587,17.0818,1.12885,1.91135,33.1639,8.06416,4.15362,1.94148,1.10781,0.204454,0.105309,0.09914570301771164,0.247027,1.41734,0.292167,0.701359,,,4.48273,0.037535,-0.0677851,999.0,,,,,,,134.3,3.62972972972973,133.0,3.5945945945945947,,,,,,,,,,,,,,,,,,,Orioles,24986,681882
Nick Burdi,NYM,0.376746,0.269376,0.0,4.40759,7.684,0.0,0.0,0.0,,7.8206,34.3018,7.24444,4.1,3.83,0.84541,3.76813,0.168864,0.474922,7.676,8.8336,4.33639,2.03709,0.972904,0.223779,0.109852,0.11392633616924286,0.24101,1.40815,0.297114,0.703283,,,4.20506,0.035271,0.0184266,999.0,,,,,,,32.7,4.0875,31.0,3.875,,,,,,,,,,,,,,,,,,,Mets,16074,595897
Trevor Stephan,CLE,0.488451,0.550119,0.0,4.97999,14.407,0.0,0.0,0.679,,14.9639,65.8054,14.648,8.85,8.28,2.1193,6.1231,0.320046,1.15968,15.1236,9.09606,3.68273,2.46993,1.27465,0.229823,0.0930487,0.13677462190389633,0.250296,1.38808,0.303506,0.669571,,,4.41502,0.0342101,-0.11771,999.0,,,,,,,60.400000000000006,4.026666666666667,62.0,4.133333333333334,,,,,,,,,,,,,,,,,,,Guardians,19932,663986
Jose Espada,BAL,0.536135,0.390701,0.0,4.34793,11.105,0.0,0.0,0.6611,,12.7095,54.1701,10.416,6.56,6.14,2.10278,5.62907,0.319464,0.567982,13.6438,9.66158,3.98612,2.42381,1.48904,0.251869,0.103915,0.14795421808958054,0.217121,1.26244,0.257961,0.723985,,,4.60173,0.0341239,-0.021051,999.0,,,,,,,56.599999999999994,4.3538461538461535,50.0,3.8461538461538463,,,,,,,,,,,,,,,,,,,Orioles,21131,664744
Mike Vasil,CHW,0.397227,0.398167,0.0,4.44121,9.806,0.096,0.0,0.0,,13.6179,59.2957,13.0364,7.21,6.72,1.4335,5.88449,0.408985,0.745531,10.8418,7.1653,3.88903,1.84244,0.947391,0.182843,0.0992398,0.0836033970117569,0.24753,1.38941,0.287268,0.692378,,,4.37188,0.0327553,0.0322466,999.0,,,,,,,58.500000000000014,4.17857142857143,58.0,4.142857142857143,,,,,,,,,,,,,,,,,,,White Sox,30105,678024
Jake Miller,CLE,0.347289,0.341539,0.0,4.37262,9.613,0.0,0.0,0.0,,9.962,42.7064,9.26518,5.18,4.84,1.2986,3.7395,0.230943,0.499488,8.57747,7.74917,3.37839,2.29375,1.1732,0.200847,0.087563,0.1132843866944313,0.240858,1.30543,0.278636,0.699467,,,4.38427,0.0320706,0.0230332,999.0,,,,,,,44.300000000000004,4.430000000000001,43.0,4.3,,,,,,,,,,,,,,,,,,,Guardians,sa3018171,681313
Osvaldo Bido,NYY,0.70044,0.633202,0.0,5.00799,13.663,0.51,0.0,0.691,,17.7736,78.224,16.7576,10.54,9.89,2.84132,8.00071,0.450226,1.11052,16.3215,8.26471,4.05131,2.04001,1.43876,0.208651,0.102279,0.10637141019105911,0.242467,1.39298,0.278604,0.684215,,,4.91462,0.0299422,-0.111015,999.0,,,,,,,61.10000000000001,3.394444444444445,60.0,3.3333333333333335,,,,,,,,,,,,,,,,,,,Yankees,23150,674370
Joel Kuhnel,ATH,0.425146,0.390965,0.0,4.76997,10.443,0.0,0.0,0.6364,,10.868,47.033,11.8033,6.18,5.76,1.44523,2.98098,0.257784,0.582104,8.31568,6.88637,2.46861,2.78958,1.19683,0.176805,0.0633806,0.11342458426952362,0.271529,1.36035,0.30728,0.674267,,,4.31713,0.0291619,-0.0256389,999.0,,,,,,,45.900000000000006,4.172727272727273,50.0,4.545454545454546,,,,,,,,,,,,,,,,,,,Athletics,19995,669270
Jeff Criswell,COL,0.393796,0.433487,0.0,4.97821,8.917,0.0,0.0,0.6093,,9.7083,42.8573,9.44522,5.77,5.37,1.49894,4.28098,0.420951,0.436341,10.2987,9.54732,3.96865,2.40568,1.38958,0.240302,0.0998891,0.14041265100240707,0.247646,1.41386,0.301654,0.684247,,,4.4784,0.0286544,-0.0784438,999.0,,,,,,,50.300000000000004,5.03,49.0,4.9,,,,,,,,,,,,,,,,,,,Rockies,27608,676105
Michael Petersen,MIA,1.00517,0.92578,0.0,4.6493,27.323,0.0,0.0,4.0878,,29.4044,129.54,26.6525,16.28,15.19,3.79353,15.1482,1.07963,1.52367,28.6365,8.76495,4.6365,1.89042,1.16111,0.221063,0.116938,0.10412447899580002,0.236138,1.42158,0.284181,0.699393,,,4.56548,0.028307,-0.0860639,999.0,,,,,,,118.20000000000003,4.0758620689655185,116.0,4.0,,,,,,,,,,,,,,,,,,,Marlins,20827,656848
Brent Suter,LAA,2.0698,2.0061,0.0,4.6102,55.286,0.247,0.0,12.123,,61.5136,266.166,63.5948,33.8,31.51,8.06292,19.1771,0.931646,3.93486,43.5774,6.37576,2.80578,2.27237,1.17968,0.163722,0.0720493,0.09167313575744629,0.261649,1.34559,0.290114,0.685077,,,4.54944,0.0275921,-0.162942,999.0,,,,,,,261.0,4.209677419354839,273.0,4.403225806451613,,,,,,,,,,,,,,,,,,,Angels,13942,608718
Marco Gonzales,SDP,0.337561,0.48924,0.400922,5.15858,1.279,1.279,0.0,0.0,,6.2808,27.4293,6.63675,3.86,3.6,1.08807,2.19176,0.0203363,0.22615,4.08829,5.85827,3.14066,1.8653,1.55914,0.149048,0.0799058,0.06914254277944565,0.265349,1.40563,0.279742,0.680132,,,5.24029,0.0275845,-0.0213501,999.0,,,,,,,15.90000000000001,2.6500000000000017,19.0,3.1666666666666665,,,,,,,,,,,,,,,,,,,Padres,15467,594835
Tom Cosgrove,HOU,0.371533,0.303554,0.0,4.73473,8.756,0.0,0.0,0.6558,,9.1811,40.2738,9.0154,5.17,4.83,1.1751,3.74932,0.306379,0.551833,8.28301,8.11963,3.67536,2.2092,1.15192,0.205668,0.0930958,0.11257175356149673,0.250618,1.39033,0.295698,0.683004,,,4.40009,0.0257935,-0.0302225,999.0,,,,,,,35.90000000000001,3.9888888888888903,37.0,4.111111111111111,,,,,,,,,,,,,,,,,,,Astros,23443,676680
Codi Heuer,CLE,0.250574,0.253258,0.0,4.47978,7.099,0.0,0.0,0.679,,7.8352,33.7974,7.70471,4.19,3.9,0.979489,2.89361,0.185357,0.301386,6.66525,7.65613,3.32378,2.30344,1.1251,0.197212,0.0856163,0.11159558594226837,0.251768,1.35265,0.29294,0.694516,,,4.28225,0.0257586,0.0184266,999.0,,,,,,,35.10000000000001,4.387500000000001,36.0,4.5,,,,,,,,,,,,,,,,,,,Guardians,23293,676051
Tanner Rainey,DET,0.426092,0.355119,0.0,4.3026,10.816,0.0,0.0,0.6028,,11.1909,48.4108,9.13288,5.71,5.35,1.48576,5.78488,0.212171,0.643202,11.5322,9.2745,4.65234,1.99351,1.19489,0.238216,0.119496,0.11872032284736633,0.217539,1.33303,0.264014,0.717244,,,4.52329,0.0231024,-0.0256552,999.0,,,,,,,52.70000000000001,4.790909090909092,49.0,4.454545454545454,,,,,,,,,,,,,,,,,,,Tigers,17610,663432
Joey Lucchesi,,1.10804,1.34966,0.0,4.40551,19.777,0.339,0.0,0.0,,22.9826,99.5389,21.6061,12.07,11.25,2.79004,9.92977,0.710738,1.05793,19.5344,7.6497,3.88851,1.96726,1.09258,0.196249,0.0997577,0.09649152308702469,0.243995,1.37216,0.284115,0.704524,,,4.44764,0.022158,0.00190274,999.0,,,,,,,83.10000000000001,3.61304347826087,83.0,3.608695652173913,,,,,,,,,,,,,,,,,,,,19320,664192
Cole Irvin,LAD,0.539703,0.598922,0.674589,5.6346,1.722,1.722,0.0,0.0,,9.1364,40.3256,10.5653,6.09,5.72,1.72961,2.61976,0.0264432,0.415256,5.60962,5.52587,2.58065,2.14127,1.70379,0.139108,0.0649651,0.07414301484823227,0.283323,1.44313,0.295001,0.659171,,,5.36477,0.0204912,-0.0345589,999.0,,,,,,,16.400000000000006,1.8222222222222229,22.0,2.4444444444444446,,,,,,,,,,,,,,,,,,,Dodgers,19244,608344
Jayvien Sandridge,LAA,0.655318,0.589569,0.0,4.50853,17.472,0.0,0.0,0.6185,,17.6266,78.5284,14.8971,9.41,8.83,2.15172,10.7298,0.70317,1.3074,20.0896,10.2576,5.47853,1.87233,1.09865,0.255826,0.136635,0.11919096112251282,0.224046,1.45387,0.288031,0.717102,,,4.4913,0.0196732,0.0414598,999.0,,,,,,,77.60000000000002,4.311111111111113,72.0,4.0,,,,,,,,,,,,,,,,,,,Angels,25158,682144
Corbin Martin,CHC,0.374388,0.336419,0.0,4.47042,8.8,0.052,0.0,0.7212,,9.4622,41.3658,8.48871,5.02,4.7,1.10561,4.88237,0.237732,0.401982,9.01679,8.57634,4.64388,1.8468,1.05161,0.217977,0.118029,0.09994760155677795,0.235265,1.41311,0.284413,0.706329,,,4.42368,0.0189321,-0.0302225,999.0,,,,,,,40.500000000000014,4.500000000000002,39.0,4.333333333333333,,,,,,,,,,,,,,,,,,,Cubs,19884,656686
Colton Gordon,HOU,0.958859,0.857601,0.0,4.60724,21.417,0.364,0.0,0.6558,,27.1529,115.529,25.6966,14.9,13.9,4.69559,8.35396,0.844325,1.1919,24.153,8.00566,2.76897,2.8912,1.55638,0.209064,0.0723105,0.13675353676080704,0.242459,1.25403,0.272264,0.696973,,,4.65889,0.0182153,-0.090494,999.0,,,,,,,95.70000000000002,3.544444444444445,95.0,3.5185185185185186,,,,,,,,,,,,,,,,,,,Astros,31312,676467
Logan VanWey,HOU,0.664802,0.517362,0.0,4.50106,15.02,0.0,0.0,0.0,,18.5956,80.6681,16.2782,9.93,9.3,2.72342,8.6804,0.64993,1.09184,18.2201,8.81825,4.20119,2.09899,1.31809,0.225865,0.107606,0.11825843900442123,0.229607,1.34218,0.271354,0.710712,,,4.65598,0.0182065,-0.00727955,999.0,,,,,,,68.1,3.5842105263157893,62.0,3.263157894736842,,,,,,,,,,,,,,,,,,,Astros,31884,701121
Cole Henry,WSN,2.33391,2.5151,0.0,4.60951,62.068,0.0,12.0,8.7601,,62.2452,272.595,53.8589,34.0,31.88,8.51678,30.8259,1.57158,5.53632,57.7672,8.35253,4.45711,1.87398,1.23144,0.211916,0.113083,0.09883249551057816,0.227991,1.3605,0.266799,0.69659,,,4.81029,0.0180986,-0.163076,734.9199829101562,,,,,,,308.69999999999993,4.979032258064515,294.0,4.741935483870968,,,,,,,,,,,,,,,,,,,Nationals,27570,669371
Julian Merryweather,MIN,0.47715,0.41821,0.0,5.08757,11.145,0.0,0.0,0.6406,,11.5163,51.0134,11.7272,6.96,6.51,1.5628,5.1184,0.245498,0.404278,10.6255,8.30381,4.00003,2.07593,1.22133,0.208287,0.100334,0.10795311629772186,0.257792,1.46276,0.305213,0.67443,,,4.49265,0.0175529,-0.0739929,999.0,,,,,,,44.000000000000014,3.666666666666668,45.0,3.75,,,,,,,,,,,,,,,,,,,Twins,16703,657240
Angel Perdomo,LAA,0.398459,0.354451,0.0,4.49206,10.601,0.0,0.0,0.0,,10.9994,48.7988,8.93713,5.87,5.49,1.47319,6.8087,0.385448,0.767462,13.7086,11.2167,5.57106,2.01339,1.2054,0.280921,0.139526,0.14139477908611298,0.216801,1.43152,0.286624,0.72174,,,4.45,0.0168655,-0.0256552,999.0,,,,,,,49.70000000000001,4.518181818181819,46.0,4.181818181818182,,,,,,,,,,,,,,,,,,,Angels,17759,622780
Shawn Dubin,ARI,0.575203,0.608867,0.0,4.79415,16.716,0.242,0.0,0.0,,22.2083,98.5902,22.1872,12.64,11.83,2.40455,10.5468,0.516731,1.29134,18.4377,7.47197,4.27414,1.74818,0.974454,0.187014,0.106976,0.0800376906991005,0.255755,1.47396,0.300148,0.684223,,,4.4814,0.0162391,-0.15219,999.0,,,,,,,81.00000000000001,3.6818181818181825,84.0,3.8181818181818183,,,,,,,,,,,,,,,,,,,Diamondbacks,24977,681869
Blas Castaño,SEA,0.303814,0.290327,0.0,4.51651,7.839,0.0,0.0,0.65,,9.5649,41.7132,9.22277,5.15,4.8,1.09008,3.86488,0.29132,0.731312,7.63459,7.1837,3.63662,1.97538,1.0257,0.183026,0.0926536,0.09037236869335175,0.248478,1.3683,0.28644,0.686556,,,4.46191,0.0159406,0.0230333,999.0,,,,,,,43.300000000000004,4.33,42.0,4.2,,,,,,,,,,,,,,,,,,,Mariners,26117,680604
Carson Palmquist,COL,0.766667,1.40582,0.0,5.52253,17.292,1.229,0.0,0.6093,,24.0542,109.245,25.1321,15.8,14.76,3.65936,12.0981,0.688506,1.39457,24.1782,9.04638,4.52656,1.99851,1.36917,0.22132,0.110742,0.1105775237083435,0.262468,1.54776,0.316169,0.667459,,,4.7853,0.0149096,-0.289718,999.0,,,,,,,76.40000000000003,3.183333333333335,81.0,3.375,,,,,,,,,,,,,,,,,,,Rockies,31612,687223
Scott Blewett,STL,0.734317,0.716998,0.0,5.04134,17.355,0.066,0.0,0.6663,,19.834,87.5125,20.6945,11.87,11.11,2.61258,8.18736,0.607484,0.486571,15.7734,7.15744,3.71515,1.92655,1.1855,0.180242,0.0935566,0.08668526262044907,0.262492,1.45618,0.299109,0.674424,,,4.56896,0.0147195,-0.15679,999.0,,,,,,,68.5,3.425,73.0,3.65,,,,,,,,,,,,,,,,,,,Cardinals,16427,656240
Collin Snider,CHC,0.405138,0.364143,0.0,4.74,9.802,0.0,0.0,0.7212,,10.1962,44.4305,9.97506,5.75,5.37,1.35384,3.99218,0.269549,0.614956,8.76955,7.74072,3.52383,2.19668,1.19501,0.197377,0.0898523,0.1075245589017868,0.250483,1.36985,0.290277,0.680694,,,4.49665,0.0146454,-0.0785266,999.0,,,,,,,42.7,4.2700000000000005,44.0,4.4,,,,,,,,,,,,,,,,,,,Cubs,23307,676092
Chase Shugart,PHI,1.12246,0.883564,0.0,4.78055,29.903,0.0,0.0,0.6451,,33.3978,146.775,33.6326,19.01,17.74,4.29944,13.6066,0.797538,1.82243,26.551,7.15493,3.66668,1.95134,1.15861,0.180896,0.0927034,0.08819245547056198,0.256061,1.41444,0.291884,0.684842,,,4.60462,0.0141551,-0.17822,999.0,,,,,,,116.60000000000005,3.533333333333335,123.0,3.727272727272727,,,,,,,,,,,,,,,,,,,Phillies,21544,663767
Joe La Sorsa,PIT,0.312659,0.226508,0.0,4.55747,7.05,0.0,0.0,0.6537,,7.6029,32.6424,7.7366,4.13,3.85,1.02476,2.22495,0.336438,0.351052,5.53076,6.54709,2.63381,2.48579,1.21307,0.169435,0.0681614,0.10127351433038712,0.257317,1.31023,0.285478,0.683902,,,4.4489,0.0131471,0.0184266,999.0,,,,,,,36.10000000000001,4.512500000000001,37.0,4.625,,,,,,,,,,,,,,,,,,,Pirates,25481,686747
Colin Poche,DET,0.601724,0.54422,0.0,4.61095,15.502,0.0,0.0,0.6028,,15.4003,66.7464,13.7311,8.46,7.89,2.32744,6.83997,0.387993,0.752528,13.4268,7.8467,3.99731,1.963,1.36016,0.201162,0.102477,0.09868490695953369,0.232125,1.33576,0.262759,0.69955,,,4.83514,0.0130864,-0.0164965,999.0,,,,,,,56.00000000000001,3.733333333333334,55.0,3.6666666666666665,,,,,,,,,,,,,,,,,,,Tigers,19403,621363
Zach Brzykcy,MIA,0.298383,0.260035,0.0,4.39117,7.904,0.0,0.0,0.6387,,8.0343,34.9278,7.14109,4.2,3.92,1.05033,3.87787,0.368266,0.325184,7.47591,8.3745,4.34397,1.92784,1.17658,0.214039,0.111025,0.10301388800144196,0.232421,1.37149,0.274377,0.714139,,,4.54305,0.0125509,0.0184266,999.0,,,,,,,34.7,4.3375,33.0,4.125,,,,,,,,,,,,,,,,,,,Marlins,27783,694350
Taylor Rashi,ARI,0.43193,0.389445,0.0,4.77203,12.582,0.0,0.0,0.0,,21.5757,94.7221,20.367,12.24,11.44,3.04153,10.2838,0.848141,0.630806,20.461,8.53504,4.28975,1.98964,1.26873,0.216011,0.108568,0.10744304209947586,0.243021,1.42062,0.287298,0.697573,,,4.5887,0.0122584,-0.0510844,999.0,,,,,,,80.9,3.6772727272727277,78.0,3.5454545454545454,,,,,,,,,,,,,,,,,,,Diamondbacks,26344,688497
Bryan Hoeing,SDP,0.249823,0.227868,0.0,4.39326,5.712,0.116,0.0,0.0,,7.1291,30.7908,7.17206,3.74,3.48,0.780406,2.60006,0.197055,0.269144,5.17539,6.53357,3.2824,1.99049,0.98521,0.168082,0.0844428,0.0836394727230072,0.256864,1.37074,0.290982,0.694981,,,4.3137,0.0120978,-0.0347235,999.0,,,,,,,22.3,3.185714285714286,23.0,3.2857142857142856,,,,,,,,,,,,,,,,,,,Padres,26304,663773
Matt Bowman,MIN,0.802002,0.687192,0.0,4.99165,18.517,0.0,0.0,0.6406,,20.4101,90.1778,21.2703,12.08,11.32,2.37183,8.11425,0.541877,1.27504,15.5462,6.85521,3.57805,1.91591,1.04588,0.172395,0.0899806,0.08241400867700577,0.263284,1.43971,0.300594,0.663926,,,4.50256,0.0118705,-0.156975,999.0,,,,,,,77.80000000000001,3.8900000000000006,83.0,4.15,,,,,,,,,,,,,,,,,,,Twins,13528,621199
Daniel Lynch IV,KCR,1.99719,1.88665,0.0,4.64415,48.385,0.431,0.0,10.7571,,55.8122,243.727,55.7377,30.87,28.8,6.98983,20.5007,1.56169,4.32653,41.8528,6.74898,3.30584,2.04153,1.12715,0.17172,0.0841134,0.08760680258274078,0.254627,1.36598,0.286656,0.682718,,,4.59797,0.011642,-0.17658,999.0,,,,,,,235.70000000000007,4.208928571428573,242.0,4.321428571428571,,,,,,,,,,,,,,,,,,,Royals,21537,663738
Tucker Davidson,PHI,0.209802,0.154997,0.0,4.59568,5.561,0.0,0.0,0.6451,,5.8555,25.5998,5.77366,3.22,2.99,0.668955,2.47268,0.16309,0.25248,4.9263,7.5718,3.80054,1.99229,1.0282,0.192435,0.0965896,0.0958452820777893,0.252404,1.40831,0.295421,0.687616,,,4.33389,0.00937297,0.0138199,999.0,,,,,,,24.500000000000007,4.083333333333335,25.0,4.166666666666667,,,,,,,,,,,,,,,,,,,Phillies,19871,656353
Nick Hernandez,ATH,0.415552,0.363457,0.0,4.62199,9.655,0.0,0.0,0.0,,11.878,51.3912,10.3353,6.52,6.1,1.98577,5.41729,0.33964,0.604405,12.3118,9.32866,4.1047,2.27268,1.50462,0.239569,0.105413,0.13415642082691193,0.227803,1.3262,0.268716,0.711704,,,4.75633,0.00930868,-0.0739255,999.0,,,,,,,44.20000000000002,3.683333333333335,40.0,3.3333333333333335,,,,,,,,,,,,,,,,,,,Athletics,19281,663321
Tayler Saucedo,LAA,0.808864,0.734082,0.0,4.56175,21.86,0.0,0.0,0.6185,,21.9587,96.1272,21.967,11.94,11.13,2.50493,9.11606,0.592718,1.26084,17.7071,7.25743,3.73631,1.9424,1.02667,0.184205,0.0948333,0.08937135338783264,0.256174,1.41552,0.296957,0.694189,,,4.42304,0.00904762,-0.0513104,999.0,,,,,,,78.7,3.5772727272727276,81.0,3.6818181818181817,,,,,,,,,,,,,,,,,,,Angels,17888,642048
Jake Eder,WSN,0.543473,0.607999,0.0,4.83218,15.074,0.0,0.0,0.6466,,17.489,76.9352,17.0713,10.04,9.39,2.27358,7.74468,0.509057,0.899183,15.258,7.85189,3.98548,1.97012,1.17,0.198322,0.100665,0.09765727818012238,0.249978,1.41895,0.291525,0.683031,,,4.56301,0.00851986,-0.113189,999.0,,,,,,,64.00000000000001,3.764705882352942,66.0,3.8823529411764706,,,,,,,,,,,,,,,,,,,Nationals,27590,671109
Guillo Zuñiga,SEA,0.219434,0.210688,0.0,4.58031,5.597,0.0,0.0,0.65,,5.8555,25.2509,5.27041,3.19,2.98,0.879603,2.44194,0.207635,0.314981,5.60987,8.62246,3.75331,2.2973,1.35196,0.222165,0.0967072,0.12545783817768097,0.234303,1.31711,0.274348,0.697796,,,4.58435,0.00762595,0.0138199,999.0,,,,,,,29.10000000000001,4.850000000000001,27.0,4.5,,,,,,,,,,,,,,,,,,,Mariners,19588,670871
Ryan Loutos,SEA,0.565278,0.567898,0.0,4.711,14.875,0.0,0.0,0.65,,15.4362,67.5794,15.5564,8.65,8.08,1.95001,6.31236,0.529562,0.6317,12.4228,7.24303,3.68039,1.96801,1.13695,0.183825,0.0934065,0.09041821956634521,0.256557,1.41672,0.294113,0.690681,,,4.5174,0.00754546,-0.11779,999.0,,,,,,,51.800000000000004,3.4533333333333336,56.0,3.7333333333333334,,,,,,,,,,,,,,,,,,,Mariners,29521,702795
Jorge Alcala,TOR,0.788775,0.53079,0.0,4.73125,17.558,0.0,0.0,0.0,,18.7942,81.0347,17.5519,10.57,9.88,3.12794,7.43478,0.34849,0.762989,17.8937,8.56877,3.5603,2.40675,1.49788,0.220815,0.0917481,0.1290670558810234,0.240975,1.32949,0.278372,0.699581,,,4.70313,0.00689105,-0.108773,999.0,,,,,,,68.89999999999999,3.6263157894736837,68.0,3.5789473684210527,,,,,,,,,,,,,,,,,,,Blue Jays,19459,660896
Vince Velasquez,CHC,0.237089,0.219088,0.0,4.83657,5.739,0.0,0.0,0.7212,,6.1035,26.7149,5.65306,3.51,3.28,0.929706,2.84046,0.143045,0.297236,6.17424,9.10431,4.18844,2.17368,1.37091,0.231116,0.106325,0.12479111552238464,0.239768,1.39158,0.286729,0.692932,,,4.6344,0.00570666,-0.0872269,999.0,,,,,,,23.500000000000007,3.916666666666668,24.0,4.0,,,,,,,,,,,,,,,,,,,Cubs,11189,592826
Sam Aldegheri,LAA,1.01924,2.17088,0.791777,5.69091,6.722,4.436,0.0,0.0,,26.9008,121.169,28.8865,18.12,17.01,4.76271,11.8072,0.338482,1.96676,20.4336,6.83633,3.95025,1.7306,1.59342,0.168637,0.097444,0.07119293510913849,0.268973,1.51273,0.29348,0.663427,,,5.45365,0.00570165,-0.142236,999.0,,,,,,,60.900000000000006,2.255555555555556,68.0,2.5185185185185186,,,,,,,,,,,,,,,,,,,Angels,26443,691951
Jose Franco,CIN,0.480935,0.435388,0.0,4.7804,12.538,0.0,0.0,0.0,,13.0282,56.8085,11.8312,7.37,6.92,2.1987,5.97453,0.372884,0.638337,13.5491,9.35985,4.12726,2.26781,1.51889,0.238505,0.10517,0.13333550840616226,0.235702,1.36671,0.279626,0.708586,,,4.77186,0.00516843,-0.0210759,999.0,,,,,,,47.39999999999999,3.6461538461538456,46.0,3.5384615384615383,,,,,,,,,,,,,,,,,,,Reds,sa3008714,683742
Cam Sanders,PIT,1.38937,1.05707,0.0,4.63923,31.354,0.0,0.0,0.6537,,33.6974,150.657,29.3325,18.45,17.37,3.93544,20.9976,1.22165,1.92651,33.7735,9.02033,5.6081,1.60845,1.05109,0.224175,0.139374,0.08480145037174225,0.22964,1.49359,0.282116,0.711284,,,4.68974,0.00511593,-0.0237762,999.0,,,,,,,130.00000000000003,3.8235294117647065,121.0,3.5588235294117645,,,,,,,,,,,,,,,,,,,Pirates,23479,676742
Jesse Scholtens,TBR,1.01239,1.09771,0.0,5.08406,23.485,0.465,0.0,0.6682,,30.6251,135.12,31.5855,18.55,17.3,4.78762,12.3985,0.972123,1.15686,27.5763,8.10402,3.64362,2.22417,1.40697,0.204087,0.0917588,0.11232803761959076,0.259824,1.43621,0.300421,0.682218,,,4.6944,0.00487856,-0.282683,999.0,,,,,,,105.69999999999997,3.409677419354838,111.0,3.5806451612903225,,,,,,,,,,,,,,,,,,,Rays,19205,669947
Dylan Ray,ARI,0.0970026,0.0900643,0.0,4.86189,2.86,0.0,0.0,0.0,,11.44,50.1878,11.2736,6.62,6.18,1.71025,4.69683,0.380193,0.580668,10.5887,8.33029,3.69506,2.25444,1.34548,0.210982,0.0935851,0.11739709973335266,0.251025,1.39602,0.293253,0.688743,,,4.61139,0.00336583,-0.122605,999.0,,,,,,,32.2,2.9272727272727277,33.0,3.0,,,,,,,,,,,,,,,,,,,Diamondbacks,sa3020392,691009
Shinnosuke Ogasawara,WSN,0.222924,0.264665,0.0,4.82055,6.139,0.054,0.0,0.6466,,7.1133,31.2134,7.23454,4.09,3.81,0.932138,2.77987,0.210626,0.282996,5.77624,7.30831,3.51719,2.07788,1.17937,0.185057,0.0890602,0.09599639475345612,0.256995,1.40784,0.293926,0.68023,,,4.50636,0.00175318,-0.0347235,999.0,,,,,,,28.3,4.042857142857143,29.0,4.142857142857143,,,,,,,,,,,,,,,,,,,Nationals,35324,829272
Bradley Blalock,MIA,0.481452,0.720527,0.0,5.19026,13.042,0.609,0.0,0.6387,,16.4905,73.6002,17.7414,10.21,9.51,2.30089,7.11293,0.577202,0.614916,11.9192,6.50512,3.88201,1.67571,1.25575,0.161945,0.0966428,0.06530243158340454,0.269329,1.50719,0.298931,0.676941,,,4.90929,0.00107706,-0.118391,999.0,,,,,,,51.000000000000014,3.187500000000001,58.0,3.625,,,,,,,,,,,,,,,,,,,Marlins,26419,687134
Jalen Beeks,TEX,2.36804,1.92776,0.0,4.76789,51.889,0.166,1.0,6.9496,,53.4387,232.833,53.3113,30.27,28.31,7.52109,20.2426,1.24955,2.64275,42.8134,7.21051,3.40921,2.11501,1.26668,0.18388,0.0869407,0.09693971276283264,0.253927,1.37642,0.286883,0.686781,,,4.64722,0.000681814,-0.234273,999.0,,,,,,,206.00000000000006,3.8867924528301896,211.0,3.981132075471698,,,,,,,,,,,,,,,,,,,Rangers,17192,656222
Lyon Richardson,CIN,0.682164,0.653006,0.0,4.64923,17.76,0.169,0.0,0.0,,22.3392,98.8155,21.5264,12.34,11.54,2.42379,11.3878,0.73881,0.993923,18.7964,7.57269,4.5879,1.65058,0.976494,0.190217,0.115243,0.07497445493936539,0.249051,1.47338,0.292924,0.696937,,,4.52559,-9.71685e-05,-0.0512378,999.0,,,,,,,83.00000000000001,3.7727272727272734,86.0,3.909090909090909,,,,,,,,,,,,,,,,,,,Reds,24581,680689
Kirby Yates,LAA,2.10695,1.86915,0.0,4.63024,55.574,0.0,13.0,9.9344,,56.0576,243.001,46.9288,30.77,28.84,9.01725,27.7539,1.47352,3.30082,64.5944,10.3706,4.45587,2.3274,1.44771,0.265819,0.114213,0.15160584449768066,0.221418,1.33225,0.274056,0.707601,,,4.58364,-0.00015243,-0.176775,268.6199951171875,,,,,,,323.5000000000001,5.776785714285716,305.0,5.446428571428571,,,,,,,,,,,,,,,,,,,Angels,9073,489446
Génesis Cabrera,PHI,0.729371,0.55424,0.0,4.68068,19.145,0.0,0.0,0.6451,,19.9971,86.7242,19.5757,11.19,10.4,2.81935,7.59784,0.56993,1.06624,16.3595,7.36286,3.41953,2.15318,1.26889,0.188639,0.0876093,0.10102944821119308,0.250777,1.35887,0.284578,0.688161,,,4.63159,-0.000536263,-0.0558626,999.0,,,,,,,68.1,3.405,70.0,3.5,,,,,,,,,,,,,,,,,,,Phillies,17490,650893
Logan Gillaspie,SDP,0.583761,0.501636,0.0,4.83819,13.995,0.0,0.0,0.6518,,16.7418,73.0828,17.2709,9.64,9.0,2.38417,5.86021,0.399617,0.838047,12.7665,6.86299,3.15031,2.17851,1.28167,0.174686,0.0801859,0.09449996799230576,0.260165,1.38164,0.290565,0.681601,,,4.66161,-0.00147015,-0.113109,999.0,,,,,,,66.00000000000001,3.8823529411764715,68.0,4.0,,,,,,,,,,,,,,,,,,,Padres,22461,670810
Derek Law,ARI,0.571102,0.58768,0.0,5.23946,17.712,0.0,0.0,0.6469,,18.5859,82.9858,20.7057,11.56,10.82,2.31544,7.27837,0.43583,0.889277,14.257,6.90378,3.52446,1.95882,1.12122,0.1718,0.0877062,0.08409418910741806,0.276748,1.50566,0.315736,0.663802,,,4.53887,-0.00219123,-0.209391,999.0,,,,,,,69.4,3.6526315789473687,77.0,4.052631578947368,,,,,,,,,,,,,,,,,,,Diamondbacks,13133,571882
Scott Effross,DET,0.493488,0.463354,0.0,4.88159,13.38,0.0,0.0,0.6028,,13.8459,60.3828,14.7285,8.08,7.51,1.75078,4.4122,0.505535,0.811104,9.09327,5.91073,2.86798,2.06094,1.13803,0.150594,0.0730705,0.07752320170402527,0.267016,1.38241,0.292848,0.662729,,,4.5972,-0.00264433,-0.0694943,999.0,,,,,,,47.0,3.357142857142857,51.0,3.642857142857143,,,,,,,,,,,,,,,,,,,Tigers,18384,664123
Shaun Anderson,LAA,0.452298,0.504624,0.0,4.95368,12.277,0.137,0.0,0.6185,,14.4983,63.6374,15.1862,8.53,7.98,2.1091,5.46916,0.410889,0.481281,11.0053,6.83169,3.39505,2.01225,1.30925,0.172938,0.0859426,0.08699533343315125,0.263252,1.42467,0.293389,0.684947,,,4.73939,-0.0032782,-0.169856,999.0,,,,,,,51.0,3.642857142857143,55.0,3.9285714285714284,,,,,,,,,,,,,,,,,,,Angels,19453,641312
Tyson Miller,CHW,0.232461,0.232805,0.0,4.90487,5.882,0.0,0.0,0.5969,,6.2387,27.2344,5.92747,3.64,3.4,0.983886,2.60134,0.124566,0.385107,5.4775,7.90189,3.75272,2.10564,1.41936,0.201124,0.0955167,0.10560758411884308,0.244452,1.36708,0.277939,0.683619,,,4.86544,-0.00477661,-0.0872269,999.0,,,,,,,21.500000000000007,3.5833333333333344,22.0,3.6666666666666665,,,,,,,,,,,,,,,,,,,White Sox,19976,668338
Lou Trivino,PHI,0.720967,0.571771,0.0,4.76171,18.978,0.021,0.0,0.6451,,19.6757,86.292,19.1762,11.16,10.41,2.50003,8.27886,0.388734,1.51512,15.4295,7.05771,3.78689,1.86372,1.14356,0.178806,0.0959401,0.08286547660827637,0.250676,1.39538,0.28473,0.680236,,,4.71187,-0.00835773,-0.0558626,999.0,,,,,,,65.69999999999999,3.2849999999999993,65.0,3.25,,,,,,,,,,,,,,,,,,,Phillies,15043,642152
Hogan Harris,ATH,2.22436,2.08315,0.0,4.80157,53.466,0.24,11.0,11.3082,,62.5296,276.303,59.0549,35.67,33.36,8.58697,30.2073,1.81104,3.93404,61.1049,8.79494,4.3478,2.02285,1.23594,0.221152,0.109327,0.11182486265897751,0.243865,1.42752,0.292619,0.693836,,,4.60396,-0.00903884,-0.312459,631.4199829101562,,,,,,,321.1,5.096825396825397,317.0,5.031746031746032,,,,,,,,,,,,,,,,,,,Athletics,21520,663687
Josh Fleming,TOR,0.252537,0.156712,0.0,4.37438,5.589,0.0,0.0,0.0,,9.9374,42.963,10.4422,5.2,4.83,1.08195,3.30131,0.392273,0.412946,5.80832,5.26042,2.9899,1.7594,0.979889,0.135194,0.0768407,0.05835279822349548,0.266051,1.38301,0.289266,0.698639,,,4.50285,-0.00924586,0.0230334,999.0,,,,,,,38.7,3.87,40.0,4.0,,,,,,,,,,,,,,,,,,,Blue Jays,20418,676596
Alek Jacob,SDP,1.11391,0.940802,0.0,4.76863,25.983,0.0,0.0,0.6518,,28.9706,125.611,26.8608,16.46,15.35,4.89054,10.627,0.992774,2.80739,26.3822,8.19589,3.30138,2.48257,1.51929,0.210031,0.0846023,0.125428669154644,0.239451,1.294,0.271561,0.686263,,,4.89953,-0.00948847,-0.0860406,999.0,,,,,,,96.90000000000002,3.3413793103448284,94.0,3.2413793103448274,,,,,,,,,,,,,,,,,,,Padres,29628,689690
Beau Brieske,DET,1.52609,1.48939,0.0,4.66199,39.278,0.402,0.0,0.6028,,42.8186,185.597,40.0893,23.77,22.18,6.19289,18.1462,1.09569,1.27102,34.7452,7.30306,3.81413,1.91474,1.30168,0.187207,0.0977717,0.08943574875593185,0.24124,1.36005,0.270647,0.695353,,,4.75286,-0.00956224,-0.15556,999.0,,,,,,,157.39999999999998,3.6604651162790693,154.0,3.5813953488372094,,,,,,,,,,,,,,,,,,,Tigers,26079,689225
Jairo Iriarte,CHW,0.46173,0.444866,0.0,4.72059,11.607,0.0,0.0,0.0,,12.5069,55.1392,11.2689,7.01,6.56,1.70354,6.39821,0.356158,0.902293,12.0001,8.63533,4.60417,1.87555,1.22587,0.217633,0.116037,0.10159602761268616,0.235561,1.41259,0.280222,0.697357,,,4.73803,-0.0102223,-0.0210645,999.0,,,,,,,45.99999999999999,3.538461538461538,42.0,3.230769230769231,,,,,,,,,,,,,,,,,,,White Sox,26907,683568
Josh Staumont,CIN,0.361153,0.336101,0.0,4.96123,9.586,0.0,0.0,0.6526,,9.9955,44.2699,9.30986,5.85,5.51,1.38778,5.16402,0.179871,0.574511,9.46055,8.51833,4.64971,1.83201,1.24957,0.213702,0.116648,0.09705313295125961,0.241617,1.44804,0.286171,0.688204,,,4.76943,-0.011316,-0.0785266,999.0,,,,,,,42.300000000000004,4.23,41.0,4.1,,,,,,,,,,,,,,,,,,,Reds,18335,622251
Joey Estes,ATH,0.855074,1.1121,0.0,5.06303,19.596,0.884,0.0,0.6364,,26.6461,115.019,26.7614,16.05,14.99,5.30933,7.80801,0.871532,1.50708,22.0383,7.44367,2.63724,2.82252,1.79328,0.191606,0.0678848,0.12372158467769623,0.253174,1.29735,0.273778,0.682458,,,5.12004,-0.0114675,-0.135001,999.0,,,,,,,86.10000000000001,3.188888888888889,88.0,3.259259259259259,,,,,,,,,,,,,,,,,,,Athletics,26257,683155
Chris Devenski,PIT,0.569377,0.496334,0.0,5.14578,13.1,0.076,0.0,0.6537,,14.2719,62.2167,14.3859,8.7,8.16,2.14563,4.97072,0.262155,0.894177,10.6409,6.71023,3.13459,2.14071,1.35305,0.171029,0.0798936,0.0911351665854454,0.255287,1.35628,0.280964,0.651672,,,4.8312,-0.0120851,-0.170048,999.0,,,,,,,50.6,3.6142857142857143,52.0,3.7142857142857144,,,,,,,,,,,,,,,,,,,Pirates,12763,606965
Michael Kopech,,1.66393,2.02113,0.0,4.60303,29.791,0.231,0.0,0.0,,31.5575,139.097,25.8322,17.26,16.14,4.20128,19.057,0.806127,1.7984,33.9908,9.69395,5.43495,1.78363,1.19818,0.244368,0.137006,0.10736212134361267,0.218471,1.42246,0.270221,0.708307,,,4.69424,-0.0138345,-0.0283737,999.0,,,,,,,125.00000000000003,3.906250000000001,113.0,3.53125,,,,,,,,,,,,,,,,,,,,17282,656629
Randy Dobnak,SEA,0.338216,0.435733,0.0,4.75778,8.464,0.354,0.0,0.65,,11.4255,50.4816,11.475,6.46,6.04,1.31014,5.3516,0.31384,0.548644,8.96301,7.06026,4.21552,1.67483,1.03201,0.17755,0.106011,0.07153905928134918,0.257396,1.47273,0.296282,0.691458,,,4.6061,-0.0142222,-0.0255939,999.0,,,,,,,44.50000000000001,4.045454545454546,46.0,4.181818181818182,,,,,,,,,,,,,,,,,,,Mariners,23798,677976
Jackson Rutledge,WSN,1.19899,1.39424,0.0,4.84912,33.273,0.057,1.0,0.6466,,37.9368,168.042,37.7117,21.91,20.44,5.00039,16.4153,0.977389,3.02135,31.7639,7.53557,3.89432,1.93502,1.18628,0.189023,0.0976856,0.09133786708116531,0.25377,1.42677,0.292479,0.683629,,,4.71111,-0.0157273,-0.217377,999.0,,,,,,,136.89999999999998,3.602631578947368,141.0,3.710526315789474,,,,,,,,,,,,,,,,,,,Nationals,26215,671131
Brandon Waddell,NYM,0.410669,0.37807,0.0,4.85639,8.183,0.243,0.0,0.0,,16.0675,70.928,15.7983,9.26,8.67,2.0671,7.22594,0.507092,0.854178,12.779,7.15801,4.04751,1.7685,1.15786,0.180169,0.101877,0.07829216122627258,0.251374,1.43297,0.286056,0.683757,,,4.72558,-0.0157965,-0.064541,999.0,,,,,,,54.20000000000001,3.3875000000000006,56.0,3.5,,,,,,,,,,,,,,,,,,,Mets,18347,663399
T.J. McFarland,,1.38199,1.68868,0.0,4.71799,25.998,0.0,0.0,0.0,,21.4604,94.0999,23.0033,12.1,11.25,2.36123,7.82154,0.688778,1.07603,14.0906,5.90929,3.28017,1.80152,0.990244,0.149741,0.0831195,0.0666218027472496,0.269985,1.43636,0.300247,0.680431,,,4.49612,-0.0158176,-0.104455,999.0,,,,,,,72.00000000000001,3.4285714285714293,80.0,3.8095238095238093,,,,,,,,,,,,,,,,,,,,3237,519008
Luis Guerrero,TBR,0.816849,0.663113,0.0,4.62971,18.233,0.0,0.0,0.6682,,20.3339,89.4309,18.1372,11.18,10.46,2.64663,10.7211,0.807036,1.00819,18.3876,8.13857,4.74526,1.71509,1.17143,0.205607,0.119881,0.0857263058423996,0.233422,1.41922,0.27336,0.70283,,,4.74913,-0.017069,-0.0558414,999.0,,,,,,,68.3,3.415,65.0,3.25,,,,,,,,,,,,,,,,,,,Rays,31184,692285
Kevin Herget,NYM,0.138611,0.118983,0.0,5.44537,2.964,0.0,0.0,0.0,,5.4707,24.0559,5.89853,3.54,3.31,1.04788,1.84456,0.125955,0.162759,4.27978,7.04079,3.03453,2.32022,1.7239,0.17791,0.076678,0.10123206675052643,0.267524,1.41537,0.290095,0.669702,,,5.16136,-0.0174816,-0.136346,999.0,,,,,,,11.1,2.2199999999999998,14.0,2.8,,,,,,,,,,,,,,,,,,,Mets,15369,643361
Nick Sandlin,LAA,1.20257,1.05584,0.0,4.46085,30.774,0.0,0.0,4.1235,,30.5054,131.635,25.1479,16.13,15.12,4.52703,14.5959,0.909465,2.62216,29.4408,8.68591,4.30621,2.01707,1.33561,0.223655,0.110881,0.11277364939451218,0.219792,1.30284,0.256322,0.706873,,,4.82742,-0.0190301,0.0202966,999.0,,,,,,,122.89999999999998,3.9645161290322575,110.0,3.5483870967741935,,,,,,,,,,,,,,,,,,,Angels,20517,680704
Connor Seabold,DET,0.645965,0.715256,0.0,4.98415,17.014,0.27,0.0,4.0186,,19.3032,84.2755,19.3303,11.47,10.69,3.19738,6.75103,0.494424,1.29276,15.6306,7.2877,3.14762,2.3153,1.49076,0.185471,0.0801066,0.10536421835422516,0.253573,1.35114,0.281043,0.676294,,,4.91909,-0.0195492,-0.108718,999.0,,,,,,,78.29999999999998,4.121052631578946,80.0,4.2105263157894735,,,,,,,,,,,,,,,,,,,Tigers,19695,657756
Alexis Díaz,TEX,1.32315,1.02608,0.0,4.71876,28.11,0.0,1.0,0.6435,,29.1242,127.415,23.9878,16.23,15.27,4.16857,14.9801,0.597765,3.1372,29.0951,8.99102,4.62918,1.94225,1.28818,0.228349,0.117569,0.11077980697154999,0.219472,1.33799,0.260663,0.686284,,,4.86404,-0.0227429,-0.0860855,748.2100219726562,,,,,,,116.00000000000003,4.000000000000001,106.0,3.6551724137931036,,,,,,,,,,,,,,,,,,,Rangers,21132,664747
Valente Bellozo,COL,0.548944,0.801205,0.0,5.23832,11.98,0.474,0.0,0.6093,,14.896,65.3904,16.0759,9.3,8.67,2.41927,4.77752,0.434171,0.546213,10.0309,6.06055,2.88652,2.0996,1.46169,0.1534,0.0730615,0.08033858984708786,0.267635,1.39993,0.286805,0.661464,,,4.97186,-0.0254589,-0.117511,999.0,,,,,,,50.800000000000004,3.386666666666667,55.0,3.6666666666666665,,,,,,,,,,,,,,,,,,,Rockies,23899,678368
Kyle Keller,BOS,0.695297,0.582457,0.0,4.98908,15.564,0.0,0.0,0.676,,16.3076,72.2395,14.8481,9.7,9.04,2.68716,8.442,0.481488,0.993668,17.5354,9.67759,4.65906,2.07716,1.48302,0.242739,0.116861,0.12587778270244598,0.23642,1.42817,0.285593,0.695926,,,4.86251,-0.0262488,-0.165881,999.0,,,,,,,55.5,3.46875,54.0,3.375,,,,,,,,,,,,,,,,,,,Red Sox,18890,664918
Yunior Marte,CIN,0.269542,0.271181,0.0,5.27572,7.393,0.0,0.0,0.6526,,7.7108,34.328,8.07355,4.83,4.52,1.14018,3.38012,0.168758,0.410285,6.12154,7.14503,3.94525,1.81104,1.33081,0.178325,0.0984652,0.07985971122980118,0.264381,1.48541,0.297878,0.671948,,,4.94435,-0.0277203,-0.0828068,999.0,,,,,,,33.10000000000001,4.137500000000001,34.0,4.25,,,,,,,,,,,,,,,,,,,Reds,14416,628708
Chayce McDermott,BAL,0.44047,0.555258,0.0,5.14622,9.119,0.577,0.0,0.6611,,12.5568,56.36,11.4674,7.62,7.18,2.01049,7.5877,0.343346,0.606901,11.9089,8.53561,5.43843,1.5695,1.44101,0.2113,0.134629,0.07667089998722076,0.238083,1.51751,0.276145,0.704114,,,5.2776,-0.0287435,-0.0716452,999.0,,,,,,,43.99999999999999,3.384615384615384,40.0,3.076923076923077,,,,,,,,,,,,,,,,,,,Orioles,29866,694646
Luke Jackson,,1.641,2.04421,0.0,4.80911,30.998,0.0,1.0,0.0,,32.5258,143.997,32.4279,18.64,17.38,3.77979,15.2822,0.928371,1.7843,27.4797,7.60374,4.22865,1.79815,1.04588,0.190836,0.106129,0.08470660448074341,0.255478,1.46684,0.299444,0.685319,,,4.53026,-0.0289422,-0.178269,999.0,,,,,,,119.80000000000005,3.630303030303032,121.0,3.6666666666666665,,,,,,,,,,,,,,,,,,,,11752,592426
Joe Ross,ARI,0.655654,0.795107,0.0,5.1754,19.303,0.443,0.0,0.6469,,21.8418,97.0697,23.8392,13.44,12.56,2.86482,8.33037,0.654157,1.28115,15.8586,6.53459,3.43256,1.90371,1.18046,0.163373,0.0858184,0.07755465805530548,0.272579,1.47284,0.30515,0.66514,,,4.70827,-0.031496,-0.152374,999.0,,,,,,,72.5,3.2954545454545454,80.0,3.6363636363636362,,,,,,,,,,,,,,,,,,,Diamondbacks,12972,605452
Michael Tonkin,MIN,1.21695,1.58285,0.0,5.02845,23.022,0.0,0.0,0.0,,27.2947,119.338,26.9438,16.34,15.25,4.5992,10.3202,0.514075,1.9155,25.7925,8.50468,3.40293,2.49923,1.51652,0.21613,0.0864789,0.12965144962072372,0.251572,1.36525,0.291286,0.678798,,,4.78057,-0.0328939,-0.191554,999.0,,,,,,,84.10000000000001,3.114814814814815,86.0,3.185185185185185,,,,,,,,,,,,,,,,,,,Twins,10315,543859
Victor Mederos,LAA,0.70073,0.904382,0.0,5.125,18.803,0.526,0.0,0.6185,,23.7073,106.296,23.4853,14.4,13.5,3.19125,11.9704,0.739243,1.71861,19.9356,7.56816,4.54432,1.66541,1.21149,0.187548,0.112613,0.07493425905704498,0.253601,1.49556,0.292083,0.67948,,,4.93551,-0.0332641,-0.0955991,999.0,,,,,,,82.90000000000002,3.4541666666666675,83.0,3.4583333333333335,,,,,,,,,,,,,,,,,,,Angels,31533,682989
Andry Lara,WSN,0.617148,0.721543,0.0,4.98878,17.336,0.0,0.0,0.0,,25.4371,112.407,26.8127,15.14,14.1,3.35234,10.4111,0.780305,0.90224,18.1492,6.42145,3.68359,1.74326,1.1861,0.16146,0.0926198,0.0688403770327568,0.265227,1.46337,0.294758,0.678864,,,4.75568,-0.0350866,-0.195442,999.0,,,,,,,80.89999999999999,3.2359999999999998,89.0,3.56,,,,,,,,,,,,,,,,,,,Nationals,27967,691251
Ryder Ryan,LAD,0.375013,0.214948,0.0,5.23209,7.48,0.0,0.0,0.7772,,7.8267,34.6818,7.94428,4.87,4.55,1.19077,3.38898,0.176669,0.510951,6.43003,7.39396,3.89703,1.89733,1.36928,0.185401,0.0977164,0.08768422156572342,0.258083,1.44803,0.291588,0.668647,,,4.96474,-0.0359642,-0.0828068,999.0,,,,,,,30.100000000000005,3.7625000000000006,31.0,3.875,,,,,,,,,,,,,,,,,,,Dodgers,19891,656924
Seth Martinez,BOS,0.497544,0.421231,0.0,5.0985,11.071,0.0,0.0,0.676,,11.7917,51.8265,11.4732,7.16,6.68,1.9328,4.96857,0.373989,0.736258,9.63858,7.35663,3.79225,1.93991,1.47521,0.185978,0.0958693,0.0901084914803505,0.248759,1.39435,0.27613,0.675733,,,5.08259,-0.0362925,-0.0739929,999.0,,,,,,,41.600000000000016,3.466666666666668,40.0,3.3333333333333335,,,,,,,,,,,,,,,,,,,Red Sox,21045,661527
Kolby Allard,CLE,0.69818,0.86169,0.0,5.1337,20.278,0.181,0.0,0.679,,24.421,106.685,25.8125,14.92,13.93,4.16357,7.83443,0.778427,1.15434,19.7848,7.2914,2.88726,2.52537,1.53442,0.185451,0.0734353,0.11201588809490204,0.264212,1.37779,0.293554,0.673196,,,4.83544,-0.0380384,-0.24826,999.0,,,,,,,77.80000000000004,3.2416666666666685,85.0,3.5416666666666665,,,,,,,,,,,,,,,,,,,Guardians,18694,663465
Jorge López,,1.32528,1.69835,0.0,4.92934,25.214,0.0,0.0,0.0,,25.7438,113.323,26.7493,15.09,14.1,3.54883,9.75853,0.68417,1.83181,20.8235,7.27985,3.41157,2.13387,1.24067,0.183752,0.0861123,0.09764020889997482,0.262936,1.41812,0.299899,0.67908,,,4.66012,-0.0397439,-0.143545,999.0,,,,,,,78.99999999999999,3.038461538461538,84.0,3.230769230769231,,,,,,,,,,,,,,,,,,,,14527,605347
Casey Lawrence,SEA,0.373681,0.629807,0.439991,6.13682,1.612,1.359,0.0,0.0,,7.5821,33.7565,8.95318,5.49,5.17,1.64282,2.28936,0.0476312,0.310745,3.87001,4.59373,2.71749,1.69043,1.95004,0.114645,0.0678199,0.04682508111000061,0.287363,1.48277,0.285076,0.643275,,,5.95982,-0.0422831,-0.0135431,999.0,,,,,,,13.200000000000003,1.6500000000000004,16.0,2.0,,,,,,,,,,,,,,,,,,,Mariners,11121,596271
Triston McKenzie,SDP,0.348458,0.371134,0.0,4.76291,7.59,0.28,0.0,0.6518,,9.0134,39.137,7.84419,5.1,4.77,1.52742,4.4394,0.260204,0.347327,7.43662,7.42556,4.4328,1.67514,1.52515,0.190015,0.113432,0.07658274471759796,0.228359,1.36281,0.248827,0.708077,,,5.2812,-0.0431418,-0.0301972,999.0,,,,,,,27.200000000000006,3.022222222222223,25.0,2.7777777777777777,,,,,,,,,,,,,,,,,,,Padres,18000,663474
Tejay Antone,CIN,0.450332,0.47655,0.0,5.44038,12.751,0.0,0.0,0.6526,,13.5156,61.0184,14.3855,8.73,8.17,2.07606,6.46112,0.358405,0.813341,12.6144,8.39987,4.30244,1.95235,1.38244,0.20673,0.105888,0.1008424460887909,0.267668,1.54241,0.315194,0.675392,,,4.88004,-0.0432546,-0.170048,999.0,,,,,,,51.60000000000003,3.6857142857142877,53.0,3.7857142857142856,,,,,,,,,,,,,,,,,,,Reds,16233,622088
Yilber Díaz,ARI,0.581292,0.741116,0.0,5.21776,16.985,0.473,0.0,0.6469,,20.94,94.8882,20.5589,12.95,12.14,2.73567,12.2574,0.676858,0.89468,19.4066,8.34095,5.26821,1.58326,1.17579,0.204521,0.129177,0.07534375786781311,0.251527,1.56716,0.299078,0.685367,,,4.8642,-0.0456171,-0.204639,999.0,,,,,,,66.9,3.185714285714286,69.0,3.2857142857142856,,,,,,,,,,,,,,,,,,,Diamondbacks,29271,700270
Thomas Hatch,ARI,0.15464,0.242352,0.0,5.497,4.434,0.246,0.0,0.0,,10.6258,47.5655,11.6328,6.96,6.49,1.6153,4.42881,0.388256,0.550443,7.6024,6.43919,3.75118,1.71658,1.36815,0.15983,0.0931097,0.06672027707099915,0.273159,1.51157,0.300208,0.659529,,,5.08623,-0.0515693,-0.123948,999.0,,,,,,,26.600000000000005,2.4181818181818184,30.0,2.727272727272727,,,,,,,,,,,,,,,,,,,Diamondbacks,19264,641672
Keegan Thompson,COL,1.68721,1.97812,0.0,5.15454,38.581,0.226,0.0,9.2154,,43.354,193.722,43.4959,26.63,24.83,6.44996,20.7015,1.07061,2.43174,43.0242,8.93153,4.29749,2.07831,1.33897,0.222092,0.106862,0.11523034423589706,0.254975,1.48077,0.305874,0.68097,,,4.68518,-0.0561224,-0.457812,999.0,,,,,,,185.59999999999997,4.316279069767441,190.0,4.4186046511627906,,,,,,,,,,,,,,,,,,,Rockies,19795,624522
Kaleb Ort,LAA,1.35024,1.30791,0.0,4.85975,36.002,0.0,0.0,0.0,,37.0019,162.048,33.942,21.35,19.98,5.85888,17.9299,1.14273,1.4353,34.0383,8.27917,4.3611,1.89841,1.42506,0.210051,0.110646,0.09940553456544876,0.237884,1.40187,0.273221,0.69893,,,4.92381,-0.0565693,-0.169271,999.0,,,,,,,122.6,3.3135135135135134,118.0,3.189189189189189,,,,,,,,,,,,,,,,,,,Angels,20061,672391
Kendall Graveman,,1.30552,1.71027,0.0,5.06033,24.929,0.0,0.0,0.0,,25.2197,112.265,25.5862,15.19,14.18,3.3203,11.7483,0.518624,1.71052,20.6597,7.3727,4.19254,1.75853,1.18489,0.184026,0.104648,0.07937807589769363,0.258952,1.48037,0.297567,0.67749,,,4.80926,-0.0657429,-0.196317,999.0,,,,,,,80.5,3.22,86.0,3.44,,,,,,,,,,,,,,,,,,,,15514,608665
Hunter Strickland,,1.31361,1.67392,0.0,5.06031,24.333,0.0,0.0,0.0,,25.7,112.896,24.5375,15.48,14.45,3.95402,11.3472,0.646455,1.48988,20.7584,7.26948,3.97373,1.82938,1.38468,0.183871,0.10051,0.08336134254932404,0.24523,1.39629,0.273184,0.672334,,,5.01828,-0.0713826,-0.143496,999.0,,,,,,,84.19999999999999,3.238461538461538,84.0,3.230769230769231,,,,,,,,,,,,,,,,,,,,7836,519326
Miguel Castro,,0.623773,0.649661,0.0,5.26898,17.416,0.0,0.0,0.0,,18.0718,80.5737,18.0832,11.29,10.58,2.42074,8.83671,0.401098,1.10855,14.6751,7.30838,4.4008,1.66069,1.20556,0.182132,0.109672,0.07245989143848419,0.256033,1.48961,0.292578,0.66423,,,4.90337,-0.0714328,-0.161391,999.0,,,,,,,61.800000000000026,3.433333333333335,64.0,3.5555555555555554,,,,,,,,,,,,,,,,,,,,15684,612434
Zach Agnos,COL,2.36179,2.58145,0.0,5.06073,53.462,0.0,4.0,10.5284,,55.9129,247.837,58.7361,33.71,31.44,7.33617,23.7308,1.80311,1.99761,42.5087,6.84239,3.81982,1.79129,1.18086,0.171519,0.0957516,0.07576700299978256,0.264447,1.47492,0.298379,0.675338,,,4.70075,-0.0931779,-0.47977,742.8200073242188,,,,,,,246.90000000000006,4.408928571428572,261.0,4.660714285714286,,,,,,,,,,,,,,,,,,,Rockies,31552,688642
Lucas Sims,CHW,1.46233,1.79187,0.0,4.87846,26.551,0.0,0.0,0.5969,,26.3813,117.703,21.8368,15.24,14.3,3.75647,16.4826,0.642597,2.33427,26.7916,9.13998,5.62306,1.62545,1.28152,0.227621,0.140036,0.08758501708507538,0.220829,1.45252,0.264573,0.6981,,,5.09492,-0.099267,-0.143633,999.0,,,,,,,89.99999999999999,3.461538461538461,82.0,3.1538461538461537,,,,,,,,,,,,,,,,,,,White Sox,13470,608371
Luis Peralta,COL,1.09108,1.35597,0.0,5.58064,26.086,0.0,0.0,0.6093,,26.1583,119.771,27.6432,17.33,16.22,3.82252,14.2395,0.662665,1.40154,25.1931,8.6679,4.89924,1.76923,1.31517,0.210344,0.11889,0.09145393967628479,0.265468,1.60113,0.317126,0.672103,,,4.90245,-0.105597,-0.344694,999.0,,,,,,,79.39999999999999,3.0538461538461537,87.0,3.3461538461538463,,,,,,,,,,,,,,,,,,,Rockies,24203,678821
Jackson Kowar,BAL,1.05596,0.938726,0.0,5.26137,24.079,0.0,0.0,0.6611,,25.9666,116.786,25.8903,16.18,15.18,3.73673,13.7313,0.597337,1.42973,23.3148,8.08087,4.75926,1.69793,1.29515,0.199637,0.117577,0.08206012099981308,0.254764,1.52587,0.297071,0.681636,,,4.96175,-0.105876,-0.244221,999.0,,,,,,,80.6,3.0999999999999996,83.0,3.1923076923076925,,,,,,,,,,,,,,,,,,,Orioles,21549,663804
Tyler Ferguson,ATH,1.72267,1.58293,0.0,4.89069,41.277,0.0,0.0,6.6185,,43.5951,194.013,39.2712,25.29,23.69,6.02045,23.4549,1.22264,4.26072,42.4777,8.76932,4.84216,1.81104,1.24289,0.218943,0.120894,0.09804902970790863,0.236151,1.43883,0.282267,0.689463,,,4.88894,-0.111929,-0.203963,999.0,,,,,,,181.4,4.122727272727273,173.0,3.9318181818181817,,,,,,,,,,,,,,,,,,,Athletics,19481,621053
Brennan Bernardino,COL,2.29031,3.06837,0.0,5.71138,55.736,0.362,1.0,10.9942,,55.4997,252.431,64.0684,37.84,35.22,7.76361,21.5483,1.90355,5.47295,46.2516,7.50031,3.49435,2.14641,1.25897,0.183225,0.0853635,0.09786168485879898,0.284232,1.54265,0.328511,0.639174,,,4.74753,-0.116976,-0.932631,999.0,,,,,,,202.20000000000002,3.6763636363636367,231.0,4.2,,,,,,,,,,,,,,,,,,,Rockies,16835,657514
Albert Suárez,BAL,0.789013,0.765045,0.0,5.52059,17.982,0.097,0.0,0.6611,,21.2586,95.2392,22.2446,13.92,13.04,3.56093,9.68868,0.56148,1.02647,16.4614,6.96905,4.10178,1.69903,1.50755,0.172842,0.10173,0.07111232727766037,0.263175,1.50213,0.289661,0.668447,,,5.27614,-0.124307,-0.304567,999.0,,,,,,,52.0,2.4761904761904763,56.0,2.6666666666666665,,,,,,,,,,,,,,,,,,,Orioles,6175,544150
Dan Altavilla,MIN,1.64353,1.38752,0.0,5.00898,37.051,0.0,0.0,0.6406,,38.0736,169.066,36.3016,22.6,21.19,4.92486,19.4614,0.943382,2.44651,30.532,7.21727,4.60038,1.56884,1.16416,0.180592,0.115111,0.06548034399747849,0.246684,1.46461,0.280898,0.678621,,,4.93909,-0.139434,-0.318465,999.0,,,,,,,129.1,3.3973684210526316,128.0,3.3684210526315788,,,,,,,,,,,,,,,,,,,Twins,16507,656186
Tommy Kahnle,BOS,1.87225,1.39889,0.0,4.58909,40.612,0.0,1.0,4.146,,40.3217,175.927,37.9628,22.06,20.56,5.39064,19.2683,0.678518,1.34079,32.4055,7.23307,4.30078,1.6818,1.20322,0.184199,0.109525,0.07467431575059891,0.24442,1.41936,0.277159,0.707893,,,4.79912,-0.149407,-0.111781,744.5599975585938,,,,,,,160.7,4.0175,160.0,4.0,,,,,,,,,,,,,,,,,,,Red Sox,11384,592454
Nick Anderson,ATH,1.3177,1.31485,0.0,5.32106,32.739,0.0,0.0,0.6364,,34.3522,150.942,36.2361,21.77,20.31,6.5303,12.2486,1.16433,1.20655,29.389,7.69967,3.20903,2.39938,1.71089,0.194704,0.0811475,0.1135561615228653,0.26356,1.4114,0.292473,0.679033,,,5.07042,-0.151144,-0.427506,999.0,,,,,,,94.90000000000003,2.7911764705882365,102.0,3.0,,,,,,,,,,,,,,,,,,,Athletics,18337,623433
Dietrich Enns,BAL,2.22493,1.99732,0.0,5.13146,49.768,0.271,0.0,12.7526,,59.1761,260.908,58.822,36.07,33.74,10.2698,25.6783,2.04205,2.17083,56.4681,8.58815,3.90537,2.19906,1.56192,0.21643,0.0984192,0.11801046133041382,0.252392,1.42795,0.29192,0.690653,,,4.89462,-0.151756,-0.52277,999.0,,,,,,,240.20000000000002,4.071186440677966,245.0,4.1525423728813555,,,,,,,,,,,,,,,,,,,Orioles,13932,608650
Scott McGough,,1.19805,1.69466,0.0,5.39827,23.072,0.141,0.0,0.0,,26.1417,116.698,26.6442,16.8,15.68,4.64918,12.065,0.656106,1.44231,23.5481,8.10707,4.15372,1.95176,1.60061,0.201786,0.103387,0.09839948266744614,0.258203,1.48075,0.293292,0.680403,,,5.19565,-0.171102,-0.344093,999.0,,,,,,,69.7,2.680769230769231,74.0,2.8461538461538463,,,,,,,,,,,,,,,,,,,,12056,543518
Michael Kelly,ATH,2.28675,2.2296,0.0,5.18067,55.969,0.0,3.0,10.4498,,58.6835,259.558,59.5814,36.16,33.78,9.19508,25.4615,1.81065,2.20075,46.9121,7.19468,3.90491,1.84247,1.4102,0.180738,0.0980956,0.08264275640249252,0.256932,1.44918,0.28663,0.677332,,,4.98742,-0.185843,-0.523446,999.0,,,,,,,237.90000000000003,4.032203389830509,246.0,4.169491525423729,,,,,,,,,,,,,,,,,,,Athletics,12791,547184
Tim Hill,NYY,2.96653,2.00217,0.0,4.94055,60.755,0.0,1.0,14.9259,,62.2097,271.834,70.6569,36.71,34.15,8.47486,17.8942,1.32089,3.09965,28.766,4.16163,2.58878,1.60756,1.22607,0.105822,0.0658274,0.03999421000480652,0.28168,1.42343,0.291115,0.676015,,,4.99373,-0.386849,-0.466632,999.0,,,,,,,235.79999999999998,3.8032258064516125,266.0,4.290322580645161,,,,,,,,,,,,,,,,,,,Yankees,16814,657612
Tayron Guerrero,BOS,0.891428,1.04807,0.0,6.85139,22.576,0.0,0.0,0.676,,23.7762,112.8,25.7345,19.23,18.1,4.63219,16.5325,0.59237,1.67909,19.1551,7.25078,6.25804,1.15863,1.75342,0.169815,0.146565,0.023250266909599304,0.272069,1.7777,0.298052,0.643816,,,6.35445,-0.45887,-0.644753,999.0,,,,,,,33.50000000000003,1.3958333333333346,40.0,1.6666666666666667,,,,,,,,,,,,,,,,,,,Red Sox,11691,594027
