IDfg,Season,Name,Team,Age,PA,H,1B,2B,3B,HR,R,RBI,BB,HBP,SF,SH,SB,AB,IBB,SO,wOBA
10155,2025,Mike Trout,LAA,33.0,556.0,116.53321916642396,69.86338524479169,24.09710022418395,2.782564194276634,21.728653740505926,69.21442548041287,63.98569798398866,58.499700172616556,7.1651118185385885,3.1372272877000538,0.8567900340746455,18.01635566436255,486.34117068707013,2.753471362997185,137.66102859020233,0.33681731424365385
10200,2025,Tucker Barnhart,TEX,34.0,15.0,2.9556124374784276,2.0218174445805293,0.6131413645051383,0.060345766506171586,0.38132368784232684,1.673704260969397,1.4494053028487222,1.3400796305369862,0.15196514320490984,0.10308274412023025,0.12605738243445977,0.21328049909158295,13.278815099703413,0.04790209834762102,3.80246535167098,0.3007514968731024
10231,2025,Jose Iglesias,SDP,35.0,343.0,86.00711190161864,62.81896269274601,15.292127431902763,0.9892447112852704,5.832026736382651,36.52578110720648,31.765177136027273,16.819183522568235,5.558395955879936,1.453737027976069,1.0084183118168872,6.220976044451324,318.16026518175886,0.5257895273752949,59.47736835822463,0.30349771718821766
10243,2025,Randal Grichuk,- - -,33.0,293.0,64.58483992711358,40.39317618304562,13.983474481158812,0.8736983221852526,9.220869880419945,34.01070486444965,36.98061528825477,20.910933967164382,3.4588077013553837,2.059728013933176,0.2933794262371736,2.1441296762657966,266.2771508913099,1.0472839466285093,59.28355653184652,0.30942831149505867
10324,2025,Marcell Ozuna,ATL,34.0,592.0,131.37684784499297,80.09829756074352,24.454960036160326,0.8840556288587638,27.79616358244948,70.8188402241674,78.36786068131772,51.715857054799656,4.043237233690441,3.1593364154176764,0.39928420423874134,3.845961560756703,532.6822850918535,1.9699613118700208,145.0615669488907,0.3357021504556021
10441,2025,Jon Singleton,HOU,33.0,9.0,1.8272033410345612,1.188435396658102,0.3669413668011488,0.023235675046890385,0.2462844669877776,0.9597850956111086,0.9480628218104246,0.7987499840763718,0.06853595234291708,0.06596047593199689,0.019286937271741775,0.1091006241385409,8.047466650376972,0.01955025492552594,2.149612060904503,0.2954434187825441
10472,2025,Enrique Hernandez,LAD,33.0,256.0,52.79413230805529,35.781174309168875,9.39464946038167,0.4963269346787524,6.698775197206278,27.66677796133893,28.630326387910504,20.550801348780453,1.2007797424029927,2.110403045835231,0.9586165545014995,2.9909309191194917,231.17939930847982,0.4593757654838411,50.64311376953125,0.2860384800008157
10655,2025,Rob Brantly,MIA,35.0,7.0,1.4634071785246694,0.9376306840619311,0.2922812377949829,0.021123718415443696,0.22126848430671017,0.7838962822859789,0.7842778061719681,0.5211299669531801,0.0803205248678363,0.04514238123794787,0.01935878780456388,0.0988366649520889,6.334048339136472,0.021062342611037208,1.6170095765292645,0.3010530537760996
10681,2025,Gio Urshela,ATH,33.0,197.0,45.230629960656636,31.5095740609725,8.440862748433243,0.5639914987818614,4.5564663835723875,19.601297089940473,21.554301179974917,12.695567218564715,1.3515421312685187,1.5066567796426034,0.42766340954869747,1.7779207937493036,181.01857046097547,0.5201397718136519,38.69129861247539,0.29728174615122216
10815,2025,Jurickson Profar,ATL,32.0,371.0,77.5381597968112,50.96664050053086,16.533440313088768,0.8941455259623803,11.338414711096835,43.306069764261565,39.12787897765224,39.963273318600734,7.442479729800088,2.3486656602933578,0.6416291114989562,3.839405196302592,320.60395217980687,1.2697318932955313,71.97434203782677,0.33366839476939997
11442,2025,Gary Sanchez,BAL,32.0,101.0,20.288328024511653,12.678778679567005,4.189758167423981,0.2613375948721726,3.860759376239021,11.286609354765849,11.579737200136819,8.674765225385416,1.3348453570197905,0.6163951440560157,0.15158215408445117,0.6762437727320774,90.22241211945433,0.31408062435472456,25.112594565093517,0.31496310230200714
11445,2025,Mark Canha,KCR,36.0,125.0,25.746690786200105,17.728080040794396,4.797413157085715,0.12498935018679773,3.3292113953834654,14.651543027506987,11.866512716575421,11.476432680208,2.9854635168943306,0.657499028984585,0.31958508599881563,1.3342381698552823,109.56101968791427,0.2562662394558619,27.113955674692985,0.31109583360873944
11477,2025,Christian Yelich,MIL,33.0,644.0,149.4961922818964,102.80317068099976,25.053759867494755,2.9249688271771777,17.83660223538225,85.90884777632627,66.45000048659064,71.4433491230011,5.4422837089408524,3.507575358856808,1.5491416508501226,26.015035130760886,562.0576501583512,2.807708711109378,130.55920647239685,0.3381615147050622
11489,2025,Michael A. Taylor,CHW,34.0,325.0,66.03959929473295,42.05258902657796,12.481286662993174,1.376434470173614,10.404944731830964,37.85748108120388,32.11437004246736,24.754847285195527,2.2677468191006502,1.793546221342874,1.7381681867971506,8.653534824037788,294.4456914875638,0.7046339631979837,95.6845005750656,0.294009906933048
11493,2025,Manny Machado,SDP,32.0,678.0,157.33108754436847,95.73774992297263,32.33379477079371,0.9391834046525515,28.97990087362891,79.89381770607974,94.18344187547478,53.288056265020046,3.6796044698585018,4.975229983538301,0.4392017770052784,5.997970331057804,615.6179075045778,4.0605839026207615,146.7505079088807,0.3339583976390874
11579,2025,Bryce Harper,PHI,32.0,580.0,136.8531372076929,81.70233609300658,26.461243023957444,1.5330391800320895,23.62355309269946,74.52243294777318,73.19862205753006,64.25701399270088,4.0049522070304615,4.004455135527877,0.3167392078665251,6.506503758097311,507.4168394568743,5.219648541408205,131.30474911153314,0.3534316469201259
11609,2025,Willson Contreras,STL,33.0,563.0,109.03796434343568,70.15510031533806,24.249118222696744,1.0089576078703988,20.177185384505115,60.72930076523967,67.71033320561227,55.72682943033135,9.191443740570616,2.916433810249059,0.7492466967759043,5.7735706609581765,494.41604632207304,1.5338915494535663,135.16756441426278,0.32115900871227565
11680,2025,Elias Diaz,SDP,34.0,283.0,63.17751602879887,44.00796753725982,12.358595449202168,0.4468898701807255,7.219370186622508,26.188844559815134,30.624171922653183,19.618441839817123,2.4778361702934277,2.0628993803167286,0.49538793893338284,2.4667101219443266,258.34543467063935,0.6594397976370575,60.81213559955358,0.3017509927101251
11737,2025,Nick Castellanos,PHI,33.0,589.0,134.02250551953617,84.91376285319743,27.133650882648148,1.3386643086302392,17.775514496217955,69.49948835308138,64.46414246507312,38.71652312400077,6.474776397801553,4.8253042006813605,0.8693570632343972,6.085366235214024,538.1140392142819,1.1437583998629728,131.33557052087784,0.30430380606217705
11739,2025,J.T. Realmuto,PHI,34.0,550.0,121.88651511821843,76.62188169991443,24.328125558169607,2.5436259677697874,17.984648753563174,63.15666539915678,60.375703526247904,39.60698219062073,7.1429835604916665,3.1092966186442403,0.6475816182608676,8.237911801179642,499.4931560119825,1.139855253156917,133.54209067299962,0.31234016920247215
11899,2025,Joc Pederson,TEX,33.0,306.0,64.65176148376916,38.06135005394932,13.55606021558343,1.090826912554857,12.343213735185122,37.45889688727884,36.23653326934505,31.758718369270973,5.560379438543979,1.6577498501409655,0.41890337284683826,3.5963177739867107,266.6042489691972,2.0750333580810563,71.78137121737004,0.3405966970804885
12005,2025,Nick Martini,COL,35.0,111.0,23.284499121789615,14.482665609400025,4.401010993597316,0.4970111581359666,3.4428542344474136,12.798574985478856,12.252119909569416,8.924699587882854,1.5259915395605073,0.850741504938552,0.2492855509746754,1.1468570028049303,99.4492818166434,0.2591743853038327,26.46409127497673,0.3018590370727591
12037,2025,Jon Berti,CHC,35.0,107.0,23.646268561804458,17.08089154806493,4.1997929548292126,0.5491484708586353,2.1637263076566526,12.470413358014786,10.038524822191077,8.5555747927172,0.8451361822107101,0.6606796608180218,0.3873082182016992,3.03400413651012,96.55130114605237,0.19788054963445734,22.608934072732925,0.3018653035677302
12144,2025,Max Kepler,PHI,32.0,474.0,101.62924913868561,67.87709240516422,19.314415789808347,0.8521679042569917,13.129602087619167,51.63039044062612,55.455572895772164,38.537843642078855,4.169465973973275,4.42671838952127,0.5376771292247698,3.714403346166148,426.3282948652018,0.686126009111613,97.34311748448013,0.29989682816960866
12147,2025,Nick Ahmed,TEX,35.0,10.0,2.0691103984424313,1.4175660542280126,0.4201587692108042,0.036088244308862094,0.23949408285275892,1.0477613899234703,1.0323955554859108,0.7037862344902953,0.08766479014413531,0.06683395392387695,0.05708254456578631,0.13141788556908343,9.084632476875907,0.01696527346397781,2.414034684598446,0.2892372921530975
12155,2025,Eddie Rosario,- - -,33.0,8.0,1.6921937701259204,1.1037571628103142,0.3025565340584917,0.02631334875058751,0.24659313232060007,0.8687166121637396,0.8501392814952865,0.5892726036870903,0.05302240652411351,0.057614636662684876,0.02652033795363347,0.15498847947290292,7.273570015172478,0.014998795457272661,1.8337715425491332,0.2942489576983511
12158,2025,Austin Barnes,LAD,35.0,44.0,9.436203946299075,6.2421874119397,1.846190139446371,0.11579638387283314,1.0223318557373902,5.082904180047086,4.2650918302461065,3.6973298649890953,0.4658336204079607,0.27146770971990053,0.2848635535606701,0.6073709716379994,39.280505251322374,0.10176062810807425,9.75511252474785,0.29748070130581633
12161,2025,Xander Bogaerts,SDP,32.0,552.0,126.35213201653262,89.15851397367844,24.258755450206188,2.002512495244814,13.97831460352105,68.5946588119265,57.12792941907235,39.9751091972215,5.900260035181188,3.3095434226826708,0.9440629003704245,11.460702973385635,501.8710244445442,1.17946908291433,104.36849042415618,0.3137765953347157
12180,2025,Jorge Alfaro,WSN,32.0,39.0,8.23484714132825,5.546553712061305,1.5056728504457844,0.12343319440288222,1.1515221064698,4.274714948578089,4.132000007643573,2.777190515319231,0.5207409144437349,0.22758562320878417,0.10078027244468984,0.5229486473739089,35.37370267458356,0.1300855152534157,10.528115787506103,0.2995513135869373
12317,2025,Colin Rea,CHC,34.0,1.0,0.2133479552903199,0.1380207209751524,0.042277350654742994,0.0035748392655491246,0.03047064313747613,0.11417850338179492,0.110263476524447,0.08216302089503247,0.010520580403616864,0.006459980028603466,0.0036338468086836964,0.015905664618966617,0.8972225718640635,0.0029635461955675353,0.23789414905011652,0.3088045760269309
12434,2025,Kevin Pillar,TEX,36.0,43.0,8.70230722439044,5.7886760831463,1.8175982602896585,0.128429824072251,1.221230067495151,4.9480692821898735,4.522858904519581,2.8641936127516017,0.5757975155792321,0.2743065517749656,0.12946912077466258,1.0287466857593277,39.15623319911954,0.061834765890983544,10.391447505414485,0.2912307204052391
12533,2025,Marcus Semien,TEX,34.0,534.0,118.5699327238675,72.5061658274364,23.24034497508862,1.6255989372546746,18.886013035410144,69.04077688461454,65.03375212253609,45.61985201142692,4.2516666514973345,3.721990181234083,1.2110098870700512,6.973869858190345,479.19548126877163,1.3249851827477588,92.49594777345656,0.31739897139936873
12552,2025,Eugenio Suarez,- - -,33.0,657.0,134.91971070764092,83.02027517156638,28.080161701401938,1.5673377082256135,24.73809106989576,76.41835302379526,81.96257109286286,59.215717871669725,8.20037785994824,5.138896646810025,0.7782118251637404,4.9247420438944465,583.6667957964082,1.6486207152102068,168.42441789472105,0.3179066050973214
12564,2025,Trevor Story,BOS,32.0,654.0,135.89772357576786,89.14354561696086,24.56080244542114,2.829579655837907,18.97516614795322,73.86397139877229,68.96164995591398,57.203497135840045,6.741309520023312,3.987356002292088,2.0118476273778114,18.98099984179876,584.0559897144667,1.7122876898702182,169.70938665461537,0.3028007837941824
12856,2025,George Springer,TOR,35.0,586.0,128.32310327378144,80.06815987040814,24.789186271386907,1.9262957163447831,18.149425515315855,72.16264202107615,60.918209916950445,54.762136081347066,5.334344213144133,3.4370351654124285,0.6974731843684359,8.823282129272146,521.7690113557279,1.8436237474380166,123.50003351265192,0.3142806494111101
12859,2025,James McCann,ARI,35.0,137.0,28.581546162106903,18.000192471829283,5.8214241210627415,0.36224443099529197,3.7875310197648226,15.088193469876625,15.127066420372905,9.909001748079401,1.6782430544027176,1.2686530161056162,0.3829055247564886,1.8542505926974044,123.76119665665578,0.2624633242165732,33.883230391323565,0.28977673868017734
12916,2025,Francisco Lindor,NYM,31.0,732.0,170.03345738348384,104.73084230546212,31.557259944158332,2.072592758412508,31.33289413767354,102.49663898295485,94.23265204751942,64.1675526590992,10.204306479624915,6.096289376496795,0.5719390629270442,17.995795512768193,650.9599124218521,2.4472785998824578,140.29855854678155,0.3439016211281089
12927,2025,Brandon Nimmo,NYM,32.0,652.0,136.92777829080438,84.21274461405956,28.631296618015494,2.9900562778720774,20.72250575742826,79.67979209156057,76.09828532746337,64.92933288319969,8.483939925051777,4.429514397109229,0.8885897479109592,8.461748326439098,573.2686230467284,1.2681194192501908,151.53365103185175,0.3201719461763057
12976,2025,Austin Hedges,CLE,32.0,180.0,36.01867775732746,23.70349715793334,7.447065606462236,0.40689994635501636,4.67074268873194,18.9978472068832,18.053858497570484,13.097075097506538,2.526067367157686,1.050617898435021,3.2143859327489253,2.350823951901719,160.11185370415183,0.4133502320488925,45.11408102542161,0.2906519507167233
12979,2025,Javier Baez,DET,32.0,437.0,92.15348548411852,61.0321120860201,17.69977349444589,1.558188214017553,12.004928443695322,49.857540737294826,45.65375599533881,28.472778006162354,4.828965045858777,3.0601981730081285,1.3410929074498013,8.35959976068278,399.29696586752095,0.8958880060395769,101.96809006094932,0.28998292282538585
13066,2025,Teoscar Hernandez,LAD,32.0,546.0,122.32738399529246,80.44768513962111,26.45517133242784,1.7554009946135158,21.76699138313857,64.49293453759553,72.27707499909567,41.404127912195285,5.250361555129497,3.3587323874604365,0.34092421707124027,8.408234343006544,495.64585392814354,2.793664817870904,150.25067277896403,0.33820107000004546
13145,2025,Josh Bell,WSN,32.0,533.0,116.23327123929774,77.52360530544675,22.250498933911445,1.2966257492791056,14.709873226488785,56.28035023321128,54.547696759254194,46.433488429478786,5.0542228490601575,4.575920995505761,0.7722887388920658,3.878527440913428,476.16407898706325,1.4252600512062124,106.8915876251459,0.30893979581646885
13152,2025,Jorge Polanco,SEA,31.0,524.0,104.10279965779891,66.67662057914507,21.19823622241409,0.9393623208897429,16.209391569700205,55.71165666073028,54.97348989928456,51.92035620302614,4.5063991440278635,3.544389634998608,0.7987089374585903,4.174324226515668,463.2301460804888,1.3903229243712683,137.27608835935592,0.3046812881886729
13185,2025,Orlando Arcia,- - -,30.0,214.0,46.71963808662514,32.167107015402465,9.40428857699943,0.661642247939098,6.068817034348891,21.408727019282427,22.35547642586595,16.932531166171746,1.4422115751895925,1.2305050601779763,0.39724387638902264,1.9173688781730915,193.99750832207167,0.5456243371470263,45.329297287017106,0.31117209991003963
13301,2025,Max Muncy,LAD,34.0,388.0,74.19637711764557,44.49316454051164,16.61648502197172,0.9382856073858117,13.99006203477606,46.391986743569966,47.017447408196965,42.771522869617485,4.758358563255207,2.688948832121976,0.44028652886965597,2.224121217069955,337.3408832061357,1.550235669013902,104.31885665237903,0.31870064182159635
13324,2025,Ildemaro Vargas,ARI,33.0,121.0,26.063928623562273,18.75997901610706,5.017411854604016,0.3974255042798493,2.615809116674506,12.773978969325189,12.200036612541778,7.953298075691513,1.141604471384831,0.8926740847527981,0.995348956759857,2.5607669402075848,110.017074411411,0.26785718965465605,19.33998863041401,0.29319303258767987
13338,2025,Omar Narvaez,CHW,33.0,10.0,2.0980717165196836,1.435926544807645,0.4092200471478488,0.034691747498842095,0.2578044634150422,1.0380018576096168,1.1092054072340487,0.7335632568291525,0.07327960752569168,0.07875670454365462,0.05140173591290538,0.1325193615887947,9.062998695188595,0.019881680143974987,2.225325087308884,0.29396852996960027
13355,2025,Luke Maile,KCR,34.0,54.0,10.841337154651512,6.995659861071357,2.1183110369837346,0.18708537942890466,1.4834470276174876,5.908363147322181,5.297555579927756,4.652826128334835,0.6724213933562998,0.43891610513473384,0.3096563071746545,0.6998073750088368,47.926180065999475,0.12177631093803887,13.488558517098426,0.29571470970641617
13419,2025,Christian Walker,HOU,34.0,640.0,132.89436565831377,79.13949336911658,28.16770346881134,1.447663812214518,28.261713206474422,79.91742852873404,90.13362940896322,62.70947949639683,7.885164815216817,5.6328685412853226,0.4827339073707318,5.839185761700711,563.2897532397303,1.7864091936590638,152.78053016662597,0.3354934831656427
13510,2025,Jose Ramirez,CLE,32.0,673.0,162.3650908292935,100.37734720586433,32.387766134219085,3.18400187249876,27.917476092180014,96.04382070429381,90.1997703302013,57.52128756229422,5.406524946339008,5.607748067244607,0.9451186890382509,25.823175825909654,603.519320735084,10.642884998804751,96.67482585132122,0.3547628153503942
13590,2025,Jesse Winker,NYM,31.0,81.0,16.644563222263255,11.296138596937624,3.550579682525773,0.20319522982444727,2.2366727678249654,9.010088854056466,8.200913319590077,8.264507268875779,1.098799442402115,0.4837615832049496,0.17899205948913074,1.0663426553397246,70.97393964602803,0.15980322733262248,18.028672881424427,0.3197397248037445
13611,2025,Mookie Betts,LAD,32.0,663.0,155.52926304260026,99.88114666064503,31.098933552638275,3.1377542680877055,23.771857523439664,87.6588716408897,84.07046018967662,69.73805181807641,5.3231579937387865,5.140371890175568,0.6247247799786088,14.38826801046744,582.1736935180306,3.278145059847206,101.02948330834506,0.3526897871938359
13613,2025,Ketel Marte,ARI,31.0,556.0,130.2539130328427,81.112927340608,26.544981460211055,2.488122580880318,22.740893702857775,68.6509545529576,76.81335926529901,53.04844298253714,5.694057685036071,2.946638294808552,0.19971471535371502,6.2484922587397564,494.1111463222645,4.120950603757653,109.82357786417008,0.3549306214383176
13620,2025,Carson Kelly,CHC,30.0,421.0,90.2302896126674,61.9892129750694,17.389252247030694,0.8498389610012295,10.907132475676828,44.65258088805978,44.26583866119861,33.549886616550445,5.15783896831311,2.900807504520816,0.6483319486609307,3.780625274001899,378.7431349619547,0.7996053801912626,90.17467951971291,0.3025053291446007
13621,2025,Jeimer Candelario,CIN,31.0,91.0,19.27254732631547,11.834860277578798,4.137218787258947,0.27137539427260876,3.0190448534062084,10.659026785588882,11.13778103150383,7.347636006283713,1.095349382920187,0.5722657312633503,0.12255837401619578,0.6933193126134204,81.86219050551655,0.1892025543610097,21.319406751394272,0.30947625292441533
13624,2025,Corey Seager,TEX,31.0,445.0,104.83848379099109,61.91642003256094,20.501736003468572,0.961594032234777,23.67163554693074,54.52247055073382,66.77181395159565,43.75190649988874,3.2624293342751134,3.7679710299532054,0.24945915016580825,3.3886728356509037,393.9682339857171,6.169025276122878,90.40768305182458,0.37076068666341155
13675,2025,Tyrone Taylor,NYM,31.0,341.0,72.36151857890381,44.83609286620176,15.116753219580556,1.3715227867734006,10.894476600865246,41.22639274146874,39.48336174604196,21.976948525038203,3.5585376996895075,2.608191400625656,0.8467738544401782,7.1287741236551625,312.00954852020647,0.6197165813765472,81.1005960303545,0.2962637933681725
13723,2025,Jacob Stallings,- - -,35.0,129.0,26.655985177851377,17.592286606902928,5.086714335971591,0.34377227120160003,3.558496953754856,13.174929200490471,14.353097436587328,11.403601506838395,1.9889984074943425,1.114141196927352,0.5103124741076954,1.4417418690438588,113.98294641463221,0.26852943319717537,31.555255889117717,0.3041159725881821
13755,2025,Tomas Nido,DET,31.0,37.0,8.20273483842315,5.4406989550969715,1.559495770374302,0.11393914594468671,1.1031399231041166,3.9834545603092337,4.265457991636534,2.435199390526557,0.3279145162693312,0.24823456536052715,0.19486901252187983,0.42147511545990857,33.7937825153217,0.07844696499066608,8.379884508281947,0.3021845878121905
13757,2025,Chris Taylor,- - -,34.0,125.0,25.07849830418385,15.923575374293211,5.2919505815494245,0.3580878525421831,3.582664210294268,15.240517706412989,13.120901848882292,11.801293000505478,1.3621831358653573,0.5938872015975379,0.3824729915121066,2.2274657643487306,110.86016367051953,0.29779578389352185,34.36179514974356,0.30303639719431613
13768,2025,Travis Jankowski,- - -,34.0,50.0,10.60925460801336,7.447277383851302,1.8144081452209964,0.17602939452296998,1.0348228838643418,6.048536946620848,4.835504249398932,4.622547203684088,0.6373970324329555,0.26813795413876995,0.29092342615714806,1.9531682353888828,44.180994383587034,0.12711400459772848,10.436005555093287,0.3001350174493193
13770,2025,Rob Refsnyder,BOS,34.0,209.0,44.76321455586721,27.677740325481437,8.967528855565735,0.7402855857032274,6.260848638092357,24.302392706201584,21.482852468349666,19.05999050792215,2.635982528952836,0.946355159646772,0.24443493428837346,3.549085751983333,186.11323686918988,0.7248859377715535,50.843272849395866,0.31071718477117477
13897,2025,Tyler Heineman,TOR,34.0,174.0,36.04392068726676,24.588185548782352,7.256978963102614,0.6772885897329877,4.523206395762308,19.75849781717573,18.76367671149118,15.41992383343833,2.739888642515455,1.215127536228725,0.637831778398582,2.849598016057696,153.9872282094189,0.5321144259401731,38.571511106640095,0.3106663433804088
14111,2025,Eric Haase,MIL,32.0,77.0,16.187551768258498,10.105334879503733,3.3077798244738137,0.26302573218483877,2.33240699906888,8.627035632005887,8.749018250655373,5.699377163609618,0.6715632417600149,0.5390260122140466,0.16131590450933894,0.8081131715353347,69.92871767790699,0.10461754193741782,21.518236514717337,0.29511181693529015
14161,2025,Byron Buxton,MIN,31.0,542.0,118.34048342041183,66.80630497027107,21.233950387945708,3.024190777235074,21.76136892311142,66.6597691581216,66.46474667086042,43.28257245406005,8.955026063956987,3.7722504784762267,0.7536669389509539,9.33074159825417,485.2364840645558,1.482822848058067,136.93884386849405,0.31680555781449754
14162,2025,Carlos Correa,- - -,30.0,584.0,134.25739360592542,85.7980853895604,27.012650031273296,1.5104817410379443,18.010439375343022,69.48588626572523,68.02939994266241,55.29699094987225,5.0416785038836816,3.9490003320773845,0.27453550996476134,3.3862127041293766,519.4377947042019,2.4179646918032014,119.51336758196352,0.3275786566152766
14221,2025,Jorge Soler,LAA,33.0,315.0,64.88882608917862,38.066504692489445,13.367071059410986,0.5801389595031694,13.4633080628903,39.64067050237429,41.89348024989776,31.45276896449417,3.3313767310865074,2.565385783901033,0.31616350853532227,1.889772624837551,277.33430501198296,1.1083609429132855,79.7716491007805,0.32780958369148083
14344,2025,Matt Olson,ATL,31.0,724.0,157.99188827188541,89.26093098420509,36.36408286172875,2.3778895255007875,35.38846625959423,96.21157157966205,103.40287161631802,77.62685240381518,6.626309075246511,6.441558368696607,0.6351897217125945,4.302614607346461,632.6700904305292,4.537163324520792,172.7108243788481,0.3596595190921092
14551,2025,Anthony Santander,TOR,30.0,221.0,47.30155558909401,26.42414100089316,10.307407859018294,0.6150405546176737,8.676827459012049,27.731691629199663,28.63916476904336,19.790722151934094,2.255859074451156,2.0332927420987925,0.2049093245197151,1.1191072921126577,196.71521670699624,0.7375165646485354,48.927470685750244,0.3188438676425779
14712,2025,Manuel Margot,DET,30.0,20.0,4.466115715258857,2.966323795014341,0.9074596946284637,0.0628391893604698,0.507851927016573,2.2244431145288655,2.1756099442304193,1.4293201245434384,0.1928044978904344,0.1262385465004152,0.060837867215706616,0.2882559435555372,18.190798963850007,0.04115949941061787,3.748735827505588,0.30220791204479236
14813,2025,Kyle Farmer,COL,34.0,300.0,63.717183221149924,41.13287320865199,13.223543689755973,0.722862211207451,8.202557419908459,34.00513397649004,32.87685108302262,21.927747967207964,4.669504029116608,2.025145982286613,0.5560499510447968,2.7670294707044594,270.821552070344,0.5837352808766765,63.330996550619595,0.2985079492769052
14854,2025,Mike Yastrzemski,- - -,34.0,558.0,108.79949865670041,64.47431401078926,21.9138595858231,1.8291052687784723,23.07103656489274,68.22128759816363,64.17800232107417,47.93051090733759,5.331292599806646,3.2489861311216663,0.9665804018216034,7.89530498750985,500.5226299599125,1.1815658770501616,140.01851163133978,0.30793218829005203
14968,2025,Victor Caratini,HOU,31.0,386.0,85.41313933567783,58.416250804309584,15.79865611067586,0.9092299469467068,8.591207929296237,40.94671566135604,40.90504906701283,31.679416138301075,5.038995684585562,2.8012780135656685,0.715059775833196,2.913739582223755,345.7652503877145,0.9216813261344822,84.83181176578998,0.3012051495651858
15055,2025,Dom Nunez,CLE,30.0,7.0,1.4533258803701354,0.9151035297665735,0.30561444439655056,0.03055512212432275,0.21826442059942877,0.8068680911810544,0.8380756168398759,0.6429150046879131,0.05123945387639292,0.045734444207856335,0.020413220315012835,0.08291300248766945,6.239697876912825,0.01851807753272273,1.7060722464323042,0.31087233618504395
15112,2025,Ryan McMahon,- - -,30.0,586.0,129.1044451303758,76.65133404945686,26.062060730645097,1.8767993080087104,20.070682583397197,66.02527143234984,65.97102022658318,55.58285674271532,4.608075783503496,3.408442840076694,0.793317508357294,6.711889050923222,521.6073071253472,1.481807337570583,153.00930105173586,0.318348249024871
15161,2025,Mitch Garver,SEA,34.0,290.0,56.367691074098865,33.244703497205464,12.167222797870638,0.379954930394888,10.142906435898373,30.723793166024347,31.668667282376976,29.532560280391152,3.324268119675773,2.2259268111416275,0.3763663782072919,2.1003969013690953,254.54087841058416,0.5637733930987971,72.96399026662111,0.30659829805902067
15172,2025,Tim Anderson,LAA,32.0,90.0,19.74191032977714,13.754728025912767,3.165143539222665,0.33126012362148416,1.7478874892852945,10.281743184544288,9.038749310613508,6.584722116751998,0.8804799676886637,0.5272748336432238,0.5975170513269805,1.6963207582888686,81.41000603058913,0.24582371272597137,20.631670836657282,0.2845030580797291
15194,2025,Jake Bauers,MIL,29.0,218.0,43.1321941614151,27.462864637374878,8.151102267205715,0.7367316610179842,6.470858965069056,26.688488632440567,22.339263036847115,20.954981833696365,2.6578258872032166,1.5666430685669184,0.4080335800535977,5.328019447624683,192.4125156304799,0.5749279358424246,61.36960780620575,0.3003192399292793
15223,2025,Adam Frazier,- - -,33.0,459.0,94.7291737076322,63.03695702682371,18.09114352487057,1.7164244209305777,9.775606274840388,50.99175506724199,41.608153706188254,37.86600936984592,5.852645055092724,3.4089675739135137,3.3099857249146276,7.32731419567593,408.5623922762332,0.8459095198940854,93.21593693625927,0.2886075798001042
15271,2025,Austin Wynns,- - -,34.0,110.0,22.834008550409028,14.883811103886574,4.503643131021209,0.28685250048860544,2.843805464911344,12.197437397952152,10.679364498025679,8.637990784175292,1.496815411695119,0.7845091408696669,0.680586726868094,1.106858042440391,98.40009793639183,0.29990781474803474,27.345768915116786,0.29410187572180146
15274,2025,Mike Tauchman,CHW,34.0,385.0,80.72225338426131,56.18518385393867,15.147823711921431,0.8372678582010599,9.022820227105044,43.397831248826,38.41709576804063,39.47004598790202,3.3962207300395804,2.110677225322559,0.8120706850855516,6.763396399288343,339.2109853716503,0.6650777549707685,91.21960326395929,0.30754881280599844
15362,2025,Jeff McNeil,NYM,33.0,462.0,102.71152465239814,67.35091947990915,20.84824191811292,1.7054144080485338,12.080899966151817,56.52865071011626,49.480743220318914,35.426564190698706,8.326810744145641,2.787368220236638,1.6911840015698385,5.403364846563857,413.76807284334916,1.313246067856317,84.34258928132057,0.3122195553017637
15429,2025,Kris Bryant,COL,33.0,41.0,8.167842498763276,5.332073027437383,1.677957797798479,0.09151653335116833,1.0316718200390989,4.398350084841016,4.0912652984556,3.4418225568155996,0.6990598978496823,0.2894672563321623,0.14328951358412328,0.44587440972801723,36.42636077541843,0.0812781897829956,8.978084099113941,0.2926563673313605
15464,2025,Hunter Renfroe,KCR,33.0,108.0,22.636073085630365,14.345830431568764,4.6481301367518455,0.2291753378295498,3.414813591086346,11.04282997106846,12.218928001379307,8.495883272570584,0.8677343061201186,0.6482138523000031,0.1931851807974367,0.9741125841856945,97.79498338821186,0.24148214998629253,23.710234579324723,0.300176916680772
15491,2025,J.P. Crawford,SEA,30.0,654.0,135.1291828771175,85.03904594024895,28.276293957280974,1.70951202727208,17.99979058659802,75.79112736320687,65.80293068619574,64.03322491129992,8.646726819982796,4.262888195886392,1.7678364670295958,8.126485673107156,575.2893236058013,1.955527243513618,138.6200584270656,0.3079761489670137
15518,2025,Amed Rosario,- - -,29.0,191.0,46.03800082206726,33.22954770922661,8.109239928424358,1.1797429183498025,3.6840292923152447,22.66566577553749,20.050873920321465,11.056644517928362,1.6516211945563555,1.152718991972506,0.3186173973372206,6.015576530247927,176.82039789820556,0.37459552101790905,39.86717902123928,0.30302083635438337
15640,2025,Aaron Judge,NYY,33.0,679.0,161.31832372588602,87.00147325636841,31.86063085620111,1.8349864231164865,39.109643026008435,98.30827358742005,102.53890067810126,100.91080045393804,7.7665141698989,4.943069657715766,0.754052633235577,8.724178060550582,564.6255630852118,12.797464237441657,167.28039599990845,0.41255568821134686
15653,2025,Dominic Smith,SFG,30.0,225.0,46.01272738586039,30.21157802577509,9.574154104038346,0.4957680015222115,6.5858033880338835,22.563230940851117,26.37123568345638,19.070808613229016,2.972807425073351,1.632734359699791,0.4634641947508869,2.281445404468244,200.86018540724695,0.29225183564033047,53.48886992521584,0.3039467730410795
15654,2025,Billy McKinney,TEX,30.0,21.0,4.344288679443352,2.8583514815194544,0.8871826721152899,0.07755611419625737,0.5853490853832585,2.3678161448995,2.146748326354821,1.7506255213902933,0.23222415395088475,0.1260424246370852,0.07903377422440802,0.2919530694708154,18.81207412579733,0.0634735321546213,5.449877194046974,0.3032182176129224
15674,2025,Reese McGuire,CHC,30.0,140.0,30.07364950531858,19.50222140889344,5.845606906463951,0.46747340611808924,3.629694335303778,14.912364252305341,14.279595579012325,10.326724139191695,1.4421821999942082,0.7704414932404535,0.6178062286595642,2.0603572249650246,126.84284593891408,0.2496176448503021,32.49319191366434,0.2934671910142619
15679,2025,Rowdy Tellez,- - -,30.0,312.0,64.92728500042932,43.567156149882265,13.353614335283565,0.7972192903191357,10.333145603700984,31.168507792776158,37.69234859812652,24.363496962002486,2.4536637698902806,2.575880130112231,0.49021962383838147,2.292864403482211,282.1167395141566,0.5381653412196002,69.44843071532249,0.3089127329334738
15711,2025,Tyler O'Neill,BAL,30.0,209.0,41.09503416454091,24.451157789406253,8.217933735367309,0.43163823236823684,6.920877539535107,23.85516481795316,23.37589604429091,19.41361223326129,2.266595438159891,1.106306005191292,0.33312652548840077,3.524120169081693,185.88035979789913,0.4125171812698766,60.632763926625245,0.29621279368443804
15730,2025,Tyler Wade,SDP,30.0,127.0,26.64086418755628,19.121191140305132,4.488948138350861,0.667234136632914,2.5882115392599365,15.445132681344111,12.445584570957443,10.153124081054454,1.3001799269589567,0.8592414349347265,1.084196812112037,3.4400232782511275,113.60325774493982,0.36197910475306,28.235453172415493,0.29285191708529884
15878,2025,Miguel Andujar,- - -,30.0,341.0,79.38269569593318,56.233359952034775,15.88355112497733,1.2393346723031666,7.744195220150716,38.0669720210915,36.12139040338673,21.464440314208762,2.824312090829149,2.42132111893575,0.6336622330817884,4.671111453142564,313.65626424294453,0.6749171683340077,57.58441756284236,0.30643441825469603
15905,2025,Luis Torrens,NYM,29.0,283.0,60.53707358241081,40.53532309830189,11.583030581474304,0.7003261595964432,7.830851353704929,31.832457698881626,32.09026785194874,21.711747154593468,3.3831333480775356,1.914857153315097,0.809276717947796,2.546315941028297,255.1809856260661,0.5202109371311963,66.51378811895847,0.30092006777886715
15941,2025,Austin Nola,COL,35.0,41.0,8.444819723810335,5.451930822230041,1.6297620111867814,0.12441458750501538,0.999859422591674,4.359025369107372,4.106107762555476,3.824539833897926,0.5959823557444663,0.27461858715108195,0.3821974664136094,0.4176925922687255,35.92266175679292,0.09274985897400524,8.638984932035207,0.29996031732060346
15986,2025,Willy Adames,SFG,29.0,686.0,142.1862975358963,84.07123421132565,29.631191112101078,2.385217641480267,29.245962522923946,87.69156312942505,85.85731261968613,60.33792597055435,4.760862515307963,4.5535544520244,0.713852243963629,13.015534460544586,615.6338048181497,1.2788309725001454,176.03156107664108,0.3212423821210137
15998,2025,Cody Bellinger,NYY,29.0,656.0,150.56491994857788,99.135995388031,27.83282780647278,2.201213076710701,19.0674769282341,75.88647699356079,77.37574243545532,50.182557225227356,6.5722469091415405,5.2249278128147125,1.1362230274826288,12.554149806499481,592.8840450253338,2.351469226181507,118.96488165855408,0.31268855353548375
16153,2025,Austin Slater,- - -,32.0,160.0,33.35605882204206,23.406747547675174,6.449631349773427,0.437338484822227,3.808262740419689,17.492114257056368,15.800963308222823,14.959163779191623,2.210982018348838,0.8769082302380838,0.381545930716871,2.738865326842657,141.57140004150457,0.2918102223762082,38.347503631114954,0.3081906149043739
16219,2025,J.D. Davis,LAA,32.0,9.0,1.9174106086800902,1.2293718939848297,0.37591923600500243,0.028561598808680942,0.2884869311444233,0.9759697985601852,0.9750644533319919,0.7721413853619806,0.10946439902184624,0.040084628500893525,0.014210589542962813,0.0843502400208512,8.064098997572316,0.026064285938328043,2.3517652287483215,0.31255750591526743
16252,2025,Trea Turner,PHI,32.0,639.0,153.71878653380753,102.15652105652308,29.784765319734433,2.6050831363845632,19.593378104365502,82.36544323038419,69.22691969645864,39.01912837969537,5.7448745586118335,3.5779456703991026,0.5390756582145324,16.112811021632318,590.1189757330792,1.2519323055672105,126.40273424416779,0.31785608852324787
16357,2025,Pablo Reyes,NYY,31.0,34.0,7.215301630274202,4.76173224079443,1.4137734416464927,0.10253239245289127,0.9530190800577699,3.81586201503784,3.756798226127094,2.7093704545474195,0.3622119124260385,0.19856090759247483,0.13737281169705315,0.5719767731594044,30.592483913737013,0.07964742636570993,7.574175633132458,0.3021431329574256
16376,2025,Michael Conforto,LAD,32.0,486.0,102.04619653633732,63.93087692964893,20.327079616583024,0.9576091524379696,16.791265889839803,55.73985639247007,60.107475037735455,43.01980179176105,6.7849561970817565,3.2517202669243277,0.4110671561377491,3.1785010198653634,432.5324545880951,1.5544424057782171,117.23654649996756,0.3144044960962225
16398,2025,Brian Navarreto,MIA,30.0,15.0,3.157018396932844,2.057729873913949,0.613954323060729,0.04274026162974381,0.43397756332414583,1.677233142664996,1.658182572629136,1.2587884799433375,0.15833082210536256,0.10267879436923524,0.06433950545840107,0.21346250469104602,13.415862398123664,0.040111480631743926,3.52093663752079,0.30340869753491334
16417,2025,Sergio Alcantara,SFG,28.0,4.0,0.868703844666481,0.5844944849014282,0.1773296068906784,0.020892272397875784,0.08162051810324192,0.45593309378623964,0.4289281848669052,0.3075713507533073,0.03483939957618713,0.027883526731282474,0.017927825707942248,0.049258531026542186,3.611777897231281,0.0069567807111889125,0.9644388797031956,0.29548349970569854
16426,2025,Thairo Estrada,COL,29.0,165.0,37.04397775232792,25.583888366818428,7.703654877841473,0.6380548258312047,3.9033653028309345,19.754668660461903,16.84805877506733,10.882138274610043,2.6843933388590813,1.121016691904515,0.27330631390213966,3.392998091876507,150.03914538072422,0.23811842256691307,33.694465309381485,0.3077994254000422
16442,2025,Ryan O'Hearn,- - -,31.0,544.0,125.06075881821498,84.10800380213834,25.782151914259074,1.7091497986264543,15.468731729932145,60.08870345697726,63.602460781575196,45.16492141170009,4.499332775652527,4.658803847390662,0.7901358719966994,5.259967347973621,488.88680609326,1.6613014516370672,106.00817677688599,0.3234005302479284
16451,2025,Luis Guillorme,HOU,30.0,21.0,4.374020239886116,3.1607509372479186,0.7909021877933476,0.0736151837232195,0.4639614109741014,2.3648892255390397,2.0410179467881076,1.9878566799943496,0.1905277791105263,0.12734292886579265,0.11008101908243073,0.31326068908808125,18.5841915929469,0.0773381464116476,4.056928016513585,0.3051451323521752
16472,2025,Rhys Hoskins,MIL,32.0,328.0,62.96864680657893,39.607899394569365,13.763052325536997,0.8485541559896101,12.812215609640269,36.95433292209335,40.83833455803137,31.704460723903424,3.725850369460047,2.176796794085366,0.31740752919194015,2.425242514451975,290.07548458335924,1.1850987940406423,85.19750173068046,0.31916308732108856
16478,2025,Kyle Schwarber,PHI,32.0,724.0,146.000545431294,83.93358753032327,26.93569450477661,2.3830513764316787,35.96349964352146,99.44974962618237,95.82968781322863,96.6739233941342,6.1477525722756035,4.1628665963651175,1.644949353049898,7.659921206615135,615.3705080841752,3.989954167982514,192.03164355218408,0.3564004926649051
16505,2025,Matt Chapman,SFG,32.0,535.0,113.62974911307913,60.736316748192344,25.389369159966446,2.0831144401919914,23.02292911603501,72.11990144964017,70.27613706111437,55.686633727477265,6.356456601296297,3.569313092849507,0.534087062533668,6.113350852895659,468.85350951584326,1.881808008836182,137.6836465370655,0.3353894818895703
16512,2025,Isiah Kiner-Falefa,- - -,30.0,459.0,103.03504083116177,75.31893859475348,18.140685949790278,2.1068801535135613,8.03124468963025,53.423817506281004,45.34024416895237,29.258166708178443,4.906686133373593,2.7504051025262326,2.6405782328318743,10.629776738962887,419.44416382308987,0.9642341805590413,83.82211042034625,0.29117656585705753
16530,2025,Mauricio Dubon,HOU,30.0,398.0,93.96847999345509,65.06364479854125,18.563883135825073,1.3926280685630839,7.544977454875308,44.08298726987507,45.24930845110391,26.580660138743472,3.0123410358326748,2.8831573335058316,2.089729676522679,6.0038855810048934,363.43411181539534,0.7162701969006187,65.71879498547315,0.30047345020486466
16535,2025,Danny Jansen,- - -,30.0,337.0,70.25358175946138,42.3427209896913,15.06254559796924,0.8776354506437261,11.236726506014291,38.49606538341861,37.31959275269913,32.47478712769829,4.702476911796471,2.4754749364957798,0.42433146949567774,1.865556448742614,296.92292955451376,0.767416006895683,72.14835718362032,0.31660698891316824
16556,2025,Ozzie Albies,ATL,28.0,667.0,153.27451914343237,94.27296744328737,30.64661289921403,2.7072723111044614,24.754521188043057,81.4401594197005,83.88608860051632,50.21072177501023,5.018026445766911,4.841952305518091,0.4210989088197239,10.277818549672142,606.5082005648851,1.734140462210402,120.67050129826927,0.32270724262462586
16572,2025,Connor Joe,- - -,32.0,80.0,16.713995408964585,10.962573695111914,3.728536949876043,0.3362839120348807,2.261956690324192,9.218629217006054,8.76321783150861,7.2642531692686365,1.1494887920744474,0.5109830066281102,0.1156077017810111,1.1850590009991786,70.9596673302478,0.1522229303217265,17.96294575333595,0.3176500502095576
16578,2025,Yandy Diaz,TBR,33.0,651.0,149.2996418576231,102.45187688074093,29.395333572250344,2.11638243631515,16.97881269478515,71.90680709251538,70.47921945543392,57.565355437840864,7.020907248315132,5.637262528210053,0.4552915874544693,4.407467143867798,580.3211831981795,1.822681028879958,115.65789165115356,0.32363701409561463
16622,2025,Luis Urias,ATH,28.0,330.0,65.08570900529624,39.67289991080761,14.149306507632136,0.8552295040804893,10.292238116785883,37.71792954862118,35.83211172670126,29.712876207232476,7.487859345786274,1.9242549831513316,0.7584903365280479,3.9139025628939272,290.1165191273019,0.7483504538889975,80.04315464088978,0.30735566669649544
16623,2025,Greg Allen,BAL,32.0,14.0,2.8492607789186115,1.8891750643818066,0.5442137553977778,0.07927986332635342,0.37258940982393285,1.6923948339711807,1.4185487810518629,1.1833002504673895,0.22148169259604428,0.09012912982489593,0.061083225047860096,0.39856016960796214,12.44400570206381,0.03613209272517913,3.5528870123624796,0.3027970519008325
16725,2025,Jose Trevino,CIN,32.0,302.0,63.95785857593813,42.86038952374719,13.055529190657516,0.732401056386848,8.761635044639483,33.20734777346593,32.27638746394866,21.01278906121363,2.9325010024225278,1.8929158807229125,1.0593054766283991,3.3145800742391796,275.1024885790125,0.6379366384374258,59.587812157154076,0.2990084525475752
16925,2025,Aramis Garcia,ARI,32.0,4.0,0.8531021410220916,0.566212934828608,0.16632299534274994,0.010865526338457708,0.11166816483167757,0.43661093451931887,0.43555990791887905,0.28490905010310347,0.04338340167366006,0.02501809155444797,0.022765400388432215,0.05325150737913679,3.623924056280356,0.008747264063511898,1.003901659667492,0.2974710800322602
16930,2025,Jonah Heim,TEX,30.0,433.0,94.84073592504025,61.072138703594426,18.76778055654685,0.6725189112617096,12.317488332123963,46.33756868117828,46.522556487489446,30.92792005475949,4.50330304124895,3.8288741605588474,0.5196725071249075,2.6691268928950715,393.2202302363078,1.0391892173540143,93.15811058279871,0.2970079750557551
16939,2025,Lane Thomas,CLE,29.0,142.0,30.474160194396973,19.456024199724197,6.330586604773998,0.6322158584371209,4.452940195798874,18.082642376422882,15.991662800312042,11.357282847166061,1.8922591302543879,0.9157284395769238,0.19283151719719172,4.970461830496788,127.64189806580544,0.32023759838193655,33.70951071381569,0.3136139156741136
16947,2025,Derek Hill,- - -,29.0,149.0,31.933969229459763,20.89067316055298,6.115245241671801,0.7398445787839592,4.055860977619886,17.12687411159277,15.853629685938358,11.106541655957699,1.4939888259395957,0.8226612480357289,0.5220225781667978,3.436154469847679,135.05478569190018,0.31605718238279223,37.30489847064018,0.29878691865924
16953,2025,Chadwick Tromp,- - -,30.0,22.0,4.643981264215167,2.94363088645821,0.9504569581118325,0.07476292110437292,0.6238595319768844,2.431843403804814,2.320549899298078,1.610129224814304,0.2331043503517406,0.12262133976160472,0.11060364704099991,0.34056161367821913,19.92354143803135,0.053023943605118716,5.592219457030295,0.29567097507520823
16997,2025,Gleyber Torres,DET,28.0,628.0,139.2927420912981,93.77510647988319,26.82857733950019,1.924638426894322,18.515069657921792,71.08752499336005,70.36236807113886,56.6243963753581,4.905563042603434,4.873842604998499,1.282645459169522,7.593978023767471,560.3135525178704,1.484878804191947,134.899526478993,0.3194525701540208
17022,2025,Edmundo Sosa,PHI,29.0,261.0,57.411929592490196,36.531611144542694,11.89600072056055,1.7558609414845705,7.044582070782781,32.454466223716736,27.081810258328915,17.017066083848476,4.870748961344361,1.771239822730422,0.841385634848848,5.469965770840645,236.4995594972279,0.5062564396066591,62.95129819214344,0.3062604375730616
17027,2025,Alex Verdugo,ATL,29.0,213.0,47.50801822543144,31.50328405201435,9.71534963697195,0.7998861561063677,5.29168632812798,23.69270273298025,23.353409349918365,16.740578949451447,1.6167411273345351,1.6642709886655211,0.5434055223595351,2.315090674906969,192.43500341218896,0.6232252889312804,37.82676789164543,0.30557379319863726
17040,2025,Jose Herrera,ARI,28.0,204.0,42.92052651321888,27.994920399069787,8.399146908670664,0.7022690697871149,4.685876329913736,20.98114991748333,19.463717363119127,16.935639651417734,2.307096941962838,1.5620275196358562,3.8218154539614915,2.6176760865077378,179.3734204330221,0.5054272222034634,47.70084842298898,0.2966505185651004
17128,2025,Ramon Laureano,- - -,30.0,488.0,103.21396975550553,67.57194558502077,21.584249208360944,2.2900926537908326,15.581955017144994,57.454685152230695,53.847917887648705,36.14000243655706,7.067280850286855,2.7472549122744288,0.9788741336268182,10.018818800969948,441.06658766725485,1.0128434067768448,127.31037756109237,0.31288603320992786
17232,2025,Yoan Moncada,LAA,30.0,289.0,63.138751660363155,40.58164635957298,12.710636765775035,1.0039571167553887,8.3985723302526,32.93426259089325,30.491476720672548,23.66298765449201,1.9900084994101932,2.0777254239103553,0.8012836136050144,3.29406175888696,260.46799480858243,0.7047043221418636,73.08427089145779,0.30676395380254534
17273,2025,Jorge Mateo,BAL,30.0,83.0,17.971325892275377,11.289251691560565,3.749168191034559,0.6086615778706367,2.063429831775093,10.420064983196774,8.564797661834557,5.571616633404289,0.6150838943125898,0.5543238830642175,0.44198392157778077,3.708397068922684,75.81699166764112,0.14912701434254322,20.081226804524658,0.2925956533697628
17276,2025,Alex Jackson,BAL,29.0,100.0,20.538124442100525,13.02664428949356,4.085522145032883,0.30548933427780867,2.942229248583317,11.54501587152481,10.729805380105972,8.012214303016663,1.3983355835080147,0.575690995901823,0.482101459056139,1.6202675178647041,89.53165765851736,0.21143248304724693,26.408329606056213,0.2983474251432807
17338,2025,Willi Castro,- - -,28.0,454.0,96.6080033339858,61.2620716201663,19.533832897484302,2.368294352164492,12.32907699353993,55.8072206299901,47.098365330159666,35.69942070388794,10.823312748901547,2.666665534025058,1.49507565192692,9.959089506357909,403.31552536125855,0.5546350677767768,100.17980555179817,0.30941001449536276
17350,2025,Rafael Devers,- - -,28.0,729.0,172.1209065762162,101.18228884765506,33.30118814932555,1.9231873014830052,30.9963210843578,95.68114762759208,101.32260596224666,68.27795279623568,7.658689657872543,4.760211326488294,0.5140316415578127,5.1118950965926055,647.7891145778457,8.564661205513403,165.9050416608691,0.3470259011560076
17452,2025,Jose Siri,NYM,29.0,36.0,7.5048986077308655,4.727656245231628,1.4316397905349731,0.13386206980794668,1.4333118796348572,4.36674490571022,4.284958720207214,2.709590882062912,0.29568249732255936,0.2268459666520357,0.13590328954160213,0.9774749502539635,32.63197736442089,0.09459311328828335,10.345858454704285,0.31254864009051864
17548,2025,Taylor Ward,LAA,31.0,663.0,152.01051228089077,89.62917276037854,31.312201479468385,2.0748973596344884,22.60455605435087,77.27686961590652,80.79484964963456,62.9133332602191,7.44131110723373,6.613888933321473,0.5746409977428897,6.561842491520684,585.4568257014828,1.6114372249959301,163.11145077967643,0.3275258851197583
17620,2025,Myles Straw,TOR,30.0,299.0,62.245973353371674,41.567465541132194,13.364887906838273,1.458339108078038,7.45391762877628,34.41016719948616,30.742858849458422,26.809303102975832,2.722640270190843,2.3806247291928635,1.7301760807053996,8.194323666282333,265.35725581693504,1.081043965780248,66.88915635690093,0.30851931108676306
17678,2025,Alex Bregman,BOS,31.0,495.0,113.38298336767535,69.10031509565312,23.68601140886486,1.604017418777759,17.02703992886169,63.04392713320184,63.32336745371165,44.17649972035918,5.602370304190674,4.961765357376508,0.388627971622493,5.117359934059929,439.8707366464512,1.2222459751771946,77.32354684263468,0.32914604764431565
17684,2025,Vimael Machin,BAL,31.0,12.0,2.5618629711522733,1.736036944341944,0.462536013150073,0.027741299975463457,0.2952050306569511,1.3084677649776695,1.3023818700498426,1.0565858534268784,0.12060458851500487,0.07650793472649327,0.05396252042552823,0.13381793398861858,10.692339102906095,0.026238628590912753,2.5509339509010314,0.2997308865924221
17696,2025,Kevin Newman,LAA,31.0,116.0,25.846818865649034,18.16030856866249,4.838247659429167,0.43056823709464925,2.0906322193193154,12.877792268102734,10.97928298633568,7.762483348903315,1.1484889909773177,0.7215397391712689,0.7542192039800212,2.704390045070269,105.61326871696808,0.21213206099661042,21.242737130761146,0.2886859762881195
17735,2025,Tyler Alexander,- - -,30.0,1.0,0.2157115716401744,0.13929846160789788,0.042904461785066406,0.003597146394111937,0.03025352449740394,0.11510176143998047,0.11070702570385615,0.08259567312324274,0.010855213654481046,0.006725829640628097,0.0032323465059517866,0.015611517970131737,0.8965909370756964,0.0029736642325566276,0.23153313030302522,0.31074147791810997
17901,2025,Andrew Benintendi,CHW,30.0,470.0,100.96208226763954,68.1745952528234,21.092768346264975,1.0308554486101373,13.017470605767976,56.217667811057154,51.670488293244624,40.976094863826,4.031217897520703,3.010868749480067,1.2523150893256947,6.25179664548468,420.72950339984754,1.2744968392118323,97.92796393692493,0.31213046273719103
17907,2025,Brendan Rodgers,HOU,28.0,128.0,28.861825855255127,19.506686687469482,5.600165420532226,0.5163756642341614,3.2034481987953187,14.19296152305603,14.374412157058716,9.047967315673828,1.3257385053634643,0.8576170003414154,0.21932229572534562,1.2381649253368379,116.54935488289594,0.36416884046792986,27.032033112603674,0.3042698058490203
17919,2025,Ian Happ,CHC,30.0,663.0,139.6384562476207,84.53039900731234,30.766892799381488,1.9195570484182596,24.434236336057474,82.01140013791748,77.68557132300685,69.33016974036977,6.13901503699816,3.86748463704677,0.4734077838139009,8.62075165861239,583.1899228017714,2.05099576752696,159.08187471082806,0.33041129272789177
17929,2025,Cedric Mullins,- - -,30.0,498.0,101.37252193148568,68.19069314216927,19.90132136335402,2.409395565866592,12.966709495601009,61.73349145877873,52.84098344868939,39.772482405036904,5.395222557402205,3.9279749756261104,1.718689911791745,18.39186995478713,447.185630150143,1.361781019060051,102.90613227465748,0.2963480786894094
17954,2025,Sam Hilliard,COL,31.0,61.0,12.33966577479664,8.068615129998854,2.420851583064906,0.19719574723585284,2.052670733532896,7.486459067754196,7.155692623280152,5.35320933486074,0.5419997796490345,0.33559058015244025,0.3702086405773049,1.3751277374196242,54.39899166476048,0.15958681078646222,16.51888941437006,0.30976353901224185
17975,2025,Scott Kingery,LAA,31.0,29.0,6.092642369137607,3.9069596418803543,1.2123810930944106,0.1117897948535311,0.8728329710677177,3.387702062400151,2.993152634227726,2.1681297666746864,0.32364871171460474,0.19403200672483942,0.1824019971131449,0.4580582049536421,26.131787517772725,0.08544786328683139,7.248151942312718,0.3010817960509303
17982,2025,Ty France,- - -,30.0,490.0,105.017338352926,69.70764231586743,20.597538653601443,0.8859455047856836,12.30921958418097,49.772721047653405,49.13725887433601,36.11937670384424,10.664414685007822,2.700272902980046,0.6796051467214512,2.831301669537249,439.83633056144646,1.3173251168603675,100.82679554715752,0.3000097390237122
17988,2025,Tyler Stephenson,CIN,28.0,342.0,74.99507496196031,49.26932648420334,14.270794126957655,1.0907713809404522,9.27002759744972,39.46601630884409,35.66328785812855,30.26253103771806,3.9018322023823857,1.9573668649680913,0.1871018687998876,3.0795354128479957,305.69116802613155,0.7695001461971551,79.31475519067487,0.309819632078797
18015,2025,Paul DeJong,WSN,31.0,208.0,41.988162112757415,26.2183299358512,8.211783931459157,0.620203525953691,6.9382831780147365,22.754315827523264,24.337830055305073,13.48616304264865,2.8810591453586376,1.2562246789515137,0.4368256148002731,2.3407035953481916,189.93972751824091,0.2908556820235954,55.53615748882294,0.28909055220037566
18030,2025,Harrison Bader,- - -,31.0,501.0,111.24284683947062,69.49675594184318,22.69832048913238,2.275006078594692,14.374244323085483,59.10425618379775,54.30953568273463,31.92403260803602,5.937304692139208,3.9297756100180847,1.9031504368609482,17.976785456358083,457.3057366529457,1.1225725395908621,110.54673666357994,0.2991010353343063
18036,2025,Jake Cronenworth,SDP,31.0,515.0,109.6029096018249,69.48125291297261,22.616655793537202,2.6246425964190045,13.516486666829994,58.105886315789895,52.90249695864397,48.3579243390745,8.112477049764772,4.120024696925644,0.7968955540429675,5.247134957869887,453.6126783601921,0.9414064217679143,108.5122013874352,0.3128259328567208
18042,2025,Dylan Moore,- - -,32.0,243.0,48.3178298318587,28.261713801751174,10.621980733512297,1.1275968153483806,7.217555457303381,31.462706898674153,26.165466574717563,22.764806276624814,5.07941438167608,1.6043301601594222,0.841222186106727,11.295762437333911,212.71022699543295,0.5538215296762019,61.98979588481783,0.30674719895677904
18054,2025,Sam Haggerty,TEX,31.0,182.0,39.148970075677454,25.351296984414695,8.007958872062312,0.7836387592699253,4.272733424340281,22.203792160595388,18.34028534161642,16.454286340098257,2.20436699295909,1.0987147975853733,0.8189482336667613,5.474913324679343,161.4236836356905,0.5601308452961578,39.835259486615655,0.30612242909688836
18067,2025,Garrett Stubbs,PHI,32.0,1.0,0.19686882512420567,0.136786781997227,0.040410948608982554,0.005192146428867186,0.019545708409149657,0.11658732021528384,0.09356904313396534,0.0851926780550402,0.011250461618775066,0.005968460098750765,0.006910292588624776,0.027975272405726472,0.8906781076388092,0.0025305026593895924,0.2489792119711637,0.288998769386256
18123,2025,Nathan Lukes,TOR,30.0,438.0,95.28332128600847,64.77056162901677,17.450055068475777,2.14152826982386,10.087289246670153,50.217982882992224,43.77546751962702,38.60318434915895,4.295348615969642,3.1766875174383107,2.1423453284967935,7.215724543019284,389.7824341889363,1.0255976479801379,86.24990050712226,0.3051549057161931
18126,2025,LaMonte Wade Jr.,- - -,31.0,242.0,50.41718853278378,32.74160967195485,9.780057322670878,0.5771722413125498,6.966954782220052,25.66677445979052,27.04029881338002,25.109342801167998,2.629579991013345,1.4691753387006803,0.9555485132881709,2.5440146517060387,211.8363533558298,0.8078346215929118,54.97445631271601,0.3141809638942977
18171,2025,Seth Brown,ATH,32.0,76.0,16.055633870532187,10.307528691438312,2.9312934730168734,0.2571041552706209,2.480423412072529,7.801643654896083,8.466401911821546,5.83717835433892,0.6168039314397146,0.527049502499985,0.13079810509138823,0.9122874709612315,68.88817010662999,0.150525990441604,19.207497219800945,0.2997928531713087
18217,2025,Brett Sullivan,PIT,31.0,9.0,1.901034969340262,1.2670840705128361,0.36399709301487826,0.02530373255194537,0.24988592989283576,1.0053100023663069,0.9951883293762359,0.7522224520831174,0.07740925038400037,0.06545359031787924,0.022144792379281866,0.11727236540873293,8.08276991483572,0.023853544573527327,2.0201710139214994,0.30132521267026696
18314,2025,Dansby Swanson,CHC,31.0,645.0,141.92249203771058,89.16311721441524,29.523604814237203,2.354691060820954,20.197370935742473,78.95438485662221,68.10042336879384,50.96820488601745,5.641444276085135,3.7883108627110365,0.8130097194948784,13.692813692151553,583.7890302556915,1.620463383519211,166.8883601653576,0.3108930232566952
18345,2025,Kyle Tucker,CHC,28.0,597.0,137.79732147735356,82.06112446537614,27.053448615141214,2.381585154323839,25.57546253040433,77.07327409046889,80.59829637470841,77.10509804731608,3.7768555756313726,5.416409376746044,0.36993238343065604,14.033540508974344,510.33170461687587,3.5010329407844694,103.47429354847307,0.36775301364067176
18353,2025,Daz Cameron,MIL,28.0,42.0,9.415650844752788,5.9269251782298085,1.9066322108209133,0.18684982066601516,1.2953320341557264,5.063410258769989,4.725304484814406,3.1403434983193876,0.4067387336343527,0.2544361229483038,0.10810493107326329,0.9618466081470252,38.09037671402469,0.09517123469710351,10.126511186776057,0.3113367396758119
18360,2025,Austin Riley,ATL,28.0,447.0,102.21519931599498,61.29010762533545,21.18611660054326,0.8112005716538988,19.301867875121534,57.314391780674455,59.142533166736364,37.72286744177342,5.655306294539943,3.574887092867866,0.41083747199666687,3.4509556745812295,399.63610169882213,3.421238116482273,107.17947113051804,0.341485391174076
18363,2025,Victor Robles,SEA,28.0,114.0,25.188546267271043,18.34036519932747,5.016573870018124,0.4564185595884919,2.7740050841644406,14.04437868413329,11.16590681514144,8.711817361146212,2.4282667462527754,0.6775267763268202,0.8468590584509075,4.170821019932628,101.33553005782329,0.24681941713951527,21.90300608961056,0.32419480007001855
18373,2025,Ryan Mountcastle,BAL,28.0,357.0,81.71550526875258,54.66042716011405,17.13360037252307,1.019099315686617,9.968018880005927,39.000500569313765,42.941121889919046,25.055635835006832,2.1230149877658113,2.7498440485792233,0.27528155427100137,2.0362013016566634,326.7962235743771,1.713197146927938,81.57912869872915,0.3110522525449337
18401,2025,Ronald Acuna Jr.,ATL,27.0,412.0,99.16417030239106,60.1958349635601,18.55873016488552,1.4486800951212644,15.605393627226352,59.78077264237404,49.06141200363636,36.0296815546751,4.937734438166022,2.0212300140336157,0.44934532938338817,15.130868717193604,368.5620086637419,1.6482140244543553,88.67000455677274,0.3387945353371133
18551,2025,Ali Sanchez,- - -,28.0,23.0,4.887261368989945,3.2624225480258464,1.022289380967617,0.0702216333905235,0.6048868106082081,2.661344642162323,2.4487529541403057,1.8536587584167719,0.23889945494756104,0.16375760556384922,0.40193741205334665,0.29748546788841485,20.34174676901847,0.05547924813907593,5.101256398391534,0.30848780712225377
18564,2025,Trent Grisham,NYY,28.0,581.0,112.54718837958575,67.53003054511547,23.429612845353784,2.3966710442285986,19.68728447432071,66.03643929766119,62.865094000205396,57.50102685770393,7.665940503874793,2.864521152040921,1.5867488188054413,7.945333199212327,511.3817626675749,1.0874608816690743,143.74507689630062,0.3078934213562796
18568,2025,Luis Arraez,SDP,28.0,675.0,169.86880636364222,129.9817601904273,30.615769801475107,2.103284299594816,11.679465612955392,82.16398203894497,65.59810435138643,45.63178904280066,6.939516963902861,5.938581737224013,2.1830844284500928,8.289279432501644,614.3070278276224,2.099640959117096,88.87467576305625,0.3229966421623001
18577,2025,Ke'Bryan Hayes,- - -,28.0,570.0,122.83755521625281,86.48171875923872,22.990604983717205,2.8262763933464883,13.253652570806445,63.07447791650891,58.831730389148,41.549164843261245,4.578251648861915,3.8792338618543,2.1677892285212876,13.03838252171874,517.8255604175013,1.7369612833298742,119.32776815019119,0.2977442333752643
18795,2025,Ramon Urias,- - -,31.0,391.0,85.71990349776229,55.64150141615043,17.696270411815608,1.4892678155154582,10.321115400960622,42.41442678877658,41.87763483072844,29.34820818201922,5.698807694936249,2.325346903545897,0.6746753083290181,3.459795514236447,352.9529619111696,0.6005120945994411,82.71683578172326,0.3053662334523491
18819,2025,Andy Ibanez,DET,32.0,193.0,41.379483016087825,26.663670070816437,8.974567735041571,0.5129091473936858,5.310264895084002,21.356881794596337,21.86737827609623,14.987694658892835,1.842227664741995,1.5481856233478186,0.5226290191277286,2.495374542553019,174.09926303388963,0.43316540466132325,43.18118984948098,0.30237600086134425
18821,2025,Jose Azocar,- - -,29.0,21.0,4.529915615916252,3.00565405189991,0.8268862590193748,0.1213064482435584,0.5128220468759537,2.510223872959614,2.059088610112667,1.5856812670826912,0.2220936818048358,0.1159541504457593,0.251287629827857,0.5378711745142937,18.824983270838857,0.04639984108507633,4.776151746511459,0.2984726357844144
18839,2025,Josh Naylor,- - -,28.0,604.0,136.39363360655307,84.26417123663425,27.67485339039564,1.5046129764989018,21.146236772328614,68.82197569274902,79.76206385457516,52.2005205411911,5.7947834548056125,4.31368280595541,0.3754857722129673,6.705666159920394,541.315527425835,4.643175689011812,112.90470091533471,0.3250226468803824
18848,2025,Yohel Pozo,STL,28.0,168.0,37.1705729970932,25.09484898018837,7.0390901808142665,0.40336201071739197,4.594882359445095,18.920427153110506,18.708212875127792,13.548814470648766,1.7441346018612385,1.2923370085805654,0.3768405776023865,2.2278963962495326,151.03787334130703,0.32816320748068395,34.99171985072597,0.30823871392774954
18872,2025,Jahmai Jones,DET,27.0,150.0,31.76609126329422,21.09917283654213,6.038987159729004,0.5959798911586404,4.520719147101045,18.4007967710495,15.761479166150092,12.397655466198922,2.268465719930828,0.9333697118796408,0.598220257088542,2.8454109124839304,133.80228884490208,0.4285741419531405,37.796561249160014,0.31232214816947723
18882,2025,Brandon Lowe,TBR,30.0,553.0,115.43688268687649,69.5399269090217,21.955319484352238,1.5591525278636373,22.44219595077982,66.09858175069243,67.77690447577214,51.285042742254255,5.887000964525512,3.6321523653181758,0.6124706953255125,7.065333433426985,491.58333323257654,1.99544341939456,141.32097600048778,0.32103496770147033
18900,2025,Leody Taveras,- - -,26.0,180.0,39.71761875987053,25.77329927623272,7.755812751352787,0.7980157218128443,4.891157995015383,21.66198048055172,18.796665628552436,13.606315008401872,0.9840095351077617,1.4162076816894114,0.7918544592149556,5.4225015543401245,163.201613315586,0.3975580566935241,39.739168755900415,0.3007768867459665
19197,2025,Will Smith,LAD,30.0,436.0,97.8320859602893,62.2752433640888,20.32699634284821,1.2255935174815085,14.710132615754043,51.10649468891643,57.67669034741099,39.16322798695665,8.212028812256792,5.07632420135519,0.3467029422997003,3.096424804578869,383.20171605713165,1.0158400601918178,83.92252654373645,0.3342393006883049
19198,2025,Yuli Gurriel,SDP,41.0,40.0,8.309691799193276,5.581719534737723,1.6368609137516683,0.1262941732139661,1.0052723917951916,4.386924293510702,4.165623063746566,3.1868126746770495,0.3301477038146906,0.22479546935977163,0.10429098518946456,0.5097646611422645,36.15395316695902,0.09069186869045022,8.931614787578583,0.2929447432132595
19238,2025,Lourdes Gurriel Jr.,ARI,31.0,546.0,124.99584770107839,82.96544375879391,26.12541177519273,1.1562398166412389,16.264209997790235,61.420416944543604,63.53175820816109,39.16373786703493,6.046098868027478,4.52845051669873,0.3479299428048831,3.9086652786339493,495.913782805434,1.3793851827524943,107.20250805169344,0.3165208315780801
19251,2025,Pete Alonso,NYM,30.0,709.0,148.88352174998997,87.56358519657066,30.532251731497226,1.812037405978558,35.26990619280997,89.12529257810486,103.21327544756213,66.82455651870636,14.040427548014156,5.2360676206715215,0.49875450486749984,6.010206976157066,622.4001938077405,3.9375945721434458,178.99614362248775,0.3498413300178435
19252,2025,Cavan Biggio,KCR,30.0,83.0,15.968750326607308,9.806740371619956,3.065844357073129,0.26980790463745125,1.9441845651311154,9.74046078660077,8.341750128200262,7.732854801362914,1.5840596395915196,0.5246802290728835,0.33343781448774423,1.1728530506401929,72.82496751548494,0.16378442518197647,21.54423086670041,0.28317538129852515
19260,2025,Jake Fraley,- - -,30.0,217.0,48.73674665229509,33.11536677278289,9.33812817527076,0.8527515098593706,4.251119434640391,25.528212635966387,20.59899953937721,15.326536679315426,2.640609862515007,1.2623262642729558,0.5330099291999194,6.755301129009765,197.2375172646967,0.5870487121725874,43.08311178641021,0.29371203001126817
19262,2025,Garrett Hampson,- - -,30.0,91.0,18.919661655977503,12.514914303334619,3.93403201909032,0.37701824607544865,2.2122732262430738,9.982423650719234,9.71204382650636,7.498196930673758,0.7915074713268168,0.6024235583737806,0.5375674414120667,2.510800645691329,81.57030459821358,0.14455274552021433,22.53980483448505,0.2969498674679467
19287,2025,Adolis Garcia,TEX,32.0,547.0,114.24362855872032,73.23091783596811,24.565486745065225,1.2093609262615945,22.434780590154965,63.66581156687411,68.34266710623996,46.06353989234647,4.042667696276464,3.5754783476847787,0.7009660355318468,8.981284429757636,492.61734802816045,1.5868915026182286,139.2305794482231,0.32624506229041667
19290,2025,Randy Arozarena,SEA,30.0,709.0,148.58056230476112,87.28990839016166,33.196813864252746,3.1072536826037163,22.94210484947783,84.04924720525743,80.21935191402883,69.55275572427844,16.857816352103193,4.476213097434904,0.8065233996893807,22.826325192913817,617.3066914264941,1.15557757295865,175.37830986541508,0.325922224959228
19294,2025,Nick Solak,PIT,30.0,11.0,2.3559405136916602,1.6322623518623363,0.43309411240123213,0.04369646110242291,0.28774192777730656,1.2637010496016872,1.0895662804543675,0.8648944905367593,0.20573794440638393,0.062265425014234384,0.03850370332606115,0.17025549677855237,9.828598436716561,0.02406661446064206,2.279557658523321,0.3093432105590622
19296,2025,Alex Call,- - -,30.0,322.0,72.3677427319444,46.424064268975535,14.631102064017167,1.1421196675253058,8.681689928529984,39.52019524241493,33.70511463489514,30.264553659459057,3.698922667730366,2.4025951384948354,1.1283951799421463,7.567788833605567,284.5055333543736,1.1387160526085294,63.357150513082736,0.3200837847694323
19314,2025,Donovan Walton,PHI,31.0,9.0,1.9926758664502775,1.2851316578108558,0.39953769556807717,0.028331003523992735,0.2763317675731528,1.0364902822326714,1.0121521682554402,0.7210017124535313,0.10503797790046715,0.05941226278574282,0.02594882040053132,0.11765536672581972,8.088599226459728,0.026738429423532713,1.9870100932717323,0.31467783893695767
19318,2025,Matt Thaiss,- - -,30.0,190.0,38.62492599016648,23.93717438368831,7.83834580410038,0.4096189467375681,5.99722674159205,21.307369840822574,21.07301788220734,18.425763084191985,2.182813236863164,1.0252028428842634,0.6097568531454739,2.240293296211857,167.7564639829151,0.41288875251384466,48.03304022669791,0.3074420089740333
19326,2025,Bryan Reynolds,PIT,30.0,654.0,149.03824953947327,95.3758408279267,29.047714941879573,2.873518330565954,21.369848582347633,77.74733580418624,81.70752243648617,58.05585575721795,9.10836403422496,4.289039680854987,0.42145703905303844,6.695400774924611,582.1252834886491,2.0032602544327975,147.86248584875463,0.3303748717755329
19339,2025,Nicky Lopez,- - -,30.0,28.0,6.046448723744539,4.291424841609815,1.0476750010626386,0.15197283516852475,0.5947588121189792,3.142487135152161,2.685917041831811,2.301869696658012,0.4243921796797756,0.19744795525180975,0.1791735195507438,0.4531654156930188,24.897116648859658,0.0739239986358231,5.572369196534156,0.30439353014193
19346,2025,Eli White,ATL,31.0,271.0,57.20456243746324,37.01952225704554,12.26508761820926,1.3207369238678848,7.95021308049056,35.62555543589545,27.741934763449088,20.163765291925927,4.6642252668057,1.7263289998335465,0.8768391979221352,8.759768750096411,243.56884124351268,0.8599414672076732,70.23632506549359,0.3104563346116356
19352,2025,Sean Murphy,ATL,30.0,337.0,71.75684483315155,44.75448462566137,15.76482387239175,0.8616181703772794,11.657964048214474,37.58672119702324,39.075840424267156,32.798591091233504,6.421010892983093,1.7144851486829082,0.304578580398666,2.261139181324635,295.7613342867018,0.8803305261631907,80.02634282630682,0.33239389834435684
19354,2025,Luke Raley,SEA,30.0,219.0,44.413315007836374,28.179035110701832,8.665263088251042,1.0972345583995105,7.2749391317011005,26.498066018134033,23.360114971757056,17.766052205208414,5.772761510293244,1.050413822511941,0.6626043354967983,4.681520884557593,193.7481681264896,0.5386183762612753,57.49275457477569,0.3154478902294971
19358,2025,Weston Wilson,PHI,30.0,125.0,26.64932841852917,16.95553808364412,5.2094368537068965,0.467466014963858,4.330160632982093,15.29101765197391,14.878646029551271,10.830633423977337,1.3761549207529544,1.0045843731875672,0.31786405663391354,2.515077468375504,111.47076322544822,0.3233794211145353,29.556176010519263,0.31775449965506747
19363,2025,Austin Hays,CIN,29.0,416.0,93.18869543075562,57.23444843292236,19.50078570842743,1.6457172483205795,13.56028139591217,48.869065046310425,47.41552925109863,28.02945852279663,6.1370371878147125,2.915033668279648,1.2732310146093369,3.6402026414871216,377.6452396064997,0.8205155432224274,98.41011381149292,0.31148157865768944
19384,2025,Trenton Brooks,SDP,29.0,43.0,9.179676339030266,5.7693175077438354,1.7685559913516045,0.17130819847807288,1.226235581561923,5.006669707596302,4.71848089247942,3.721094034612179,0.4400055008009076,0.2830227087251842,0.12698516296222806,0.7793631237000227,38.4288925928995,0.1152145667001605,10.104054868221283,0.3031242036910826
19392,2025,Zach McKinstry,DET,30.0,511.0,108.4589000832167,71.09067897318843,22.43243981290197,3.0698118506673566,12.246333508346517,63.86488916747949,53.88370801064215,42.46933951394509,3.6808704360316726,4.152723954821513,2.2824175794193837,15.22564828202708,458.41464851578235,0.8398819282318533,108.1314466562569,0.30046536545920716
19452,2025,Jake Rogers,DET,30.0,142.0,30.05411680174968,18.706353212282405,6.1917341391324765,0.4988387227058411,4.537415617365662,16.981611876996425,16.204502147549054,11.014796578040272,1.4522043191423921,0.688854426680391,0.42704121764017605,1.442377634740185,128.41710345849677,0.28532180574872085,38.376869482100005,0.30394482983477467
19455,2025,Andruw Monasterio,MIL,28.0,135.0,28.63878865689039,18.704648192971945,5.440623292028904,0.500064290931914,3.8619358470663427,16.338074867650867,14.791364834234118,12.452332405596971,1.201266968473792,0.9153558719158172,0.24808434013626537,2.741465661227703,120.18296041387715,0.38256551704136654,31.953635912529283,0.30840293284584985
19458,2025,Cooper Hummel,- - -,30.0,105.0,21.996467429048877,13.934229598088137,4.263319026823653,0.5620636639267891,3.504063618385186,12.621876829167308,12.353796099618094,8.509879595677138,1.1548320581748386,0.5829982331407035,0.5767531999398918,2.504035826783594,94.17553691306743,0.26344623906929737,26.43277052789926,0.3107712162819336
19470,2025,Tommy Edman,LAD,30.0,377.0,82.06741392969016,54.52347761493619,16.59464754780768,1.7271226839323048,9.74420980287573,47.87513420565179,40.627765200905884,30.40013870118504,4.117812987338986,2.1532248382494674,0.8400848480303618,10.59643686530835,339.48873862519616,0.9298435939756313,72.83182151675223,0.30762587877387837
19514,2025,Andrew Knizner,SFG,30.0,88.0,19.041768099707838,12.40024870913383,3.2497035898453936,0.17436394878363207,2.3884537480288706,9.488901611814947,9.168170563364077,6.4916040818926595,1.0723618127531926,0.7009634140838061,0.3899318998974794,1.0396768213625802,79.34513879137286,0.15602123311693863,20.126613360166548,0.29051902793691653
19522,2025,TJ Friedl,CIN,29.0,685.0,140.37048161029816,95.42321763932705,28.310444205999374,3.8242180924862623,14.735742891207337,79.34159819036722,66.49832997471094,57.98602741211653,11.834634318947792,4.485209370031953,3.4675624314695597,15.525407334789634,607.2265664674342,1.4368313748855144,122.66938798129559,0.3003918462216454
19556,2025,Yordan Alvarez,HOU,28.0,199.0,48.88559808531404,29.776875155061482,10.23278182078898,0.6803401817996055,9.709304877072572,29.30829215040803,28.836573883414268,22.531382329672574,3.082000542450696,1.8924531861115248,0.08726590493926778,1.917778409363702,171.40689803682594,2.7114828609526156,31.236838838215142,0.3961470617619627
19562,2025,Zack Short,HOU,30.0,56.0,11.468648553964268,7.613732118311813,2.1307205452638516,0.17114418557847844,1.6607784202781064,6.6033809158880485,5.904469033656782,5.094054986092291,0.5016638595584859,0.36293589477524807,0.4316925007110817,0.9016957234290401,49.60965275886289,0.10622610316675897,14.286450019121169,0.30506004749865284
19566,2025,Nathaniel Lowe,- - -,29.0,609.0,138.39364971220493,88.59372152388096,26.635904375463724,2.027628405019641,16.036412766203284,68.16876263916492,68.23517207801342,63.18143919110298,5.505198871716857,3.323817143216729,0.5965354267973453,4.049144360236824,536.3930093671661,1.5702215409837663,134.69682736694813,0.32133849153107347
19599,2025,Chas McCormick,HOU,30.0,116.0,24.815112976348058,15.967186759499945,5.0719387212755205,0.5371770556878711,3.525727165719924,13.709318037641609,12.684679548381453,9.30410599779869,1.5646761147712072,0.6931254497226904,0.48922621278261263,2.234277799205552,103.9488662249248,0.20576379626825944,29.71524129116535,0.31243008517902604
19600,2025,Bryan De La Cruz,ATL,28.0,50.0,11.0065046235919,6.9155560865998265,2.377597988769412,0.12604918784927577,1.6725010626018046,5.057227818667888,5.91197689846158,3.1843542024493217,0.40702001852914693,0.3929429381154478,0.08133392162853852,0.455467145703733,45.93434891927755,0.1040152192581445,11.863596515200484,0.30467094868511846
19608,2025,Otto Lopez,MIA,26.0,594.0,140.64624327671527,95.27384233009815,28.905589101925493,2.038215013263747,12.785413285329938,71.8430453491509,64.90088166484237,42.092366625845436,5.854581009987742,3.510870174771175,1.8299083667015656,24.28793604451418,540.7122738226941,1.4049696895703674,121.46146709651984,0.30944037142915026
19610,2025,Keibert Ruiz,WSN,26.0,267.0,60.90507241970301,40.4478597227633,12.99457285552472,1.0258728251648135,7.985335555963219,27.694673190504314,28.201743136927487,17.526419245049357,3.0304386066533624,2.1402178796678784,0.7585456966361962,3.0916154835987837,243.5443785719932,0.951545120720286,42.078471532153706,0.31714007217500906
19611,2025,Vladimir Guerrero Jr.,TOR,26.0,680.0,164.5713806426525,105.98513058185577,31.168620710968973,0.8968816766142845,27.77503485798836,86.63655580759048,89.70768398165703,61.62984701991081,6.755914132297039,5.3996001485735174,0.2647585923410952,3.514444302096963,605.9498801068776,7.867651334181428,120.1125651539426,0.35418347706437453
19612,2025,Bo Bichette,TOR,27.0,628.0,145.57609977245332,99.05987285137176,27.862418176531794,1.8315209750160575,17.958110672444107,69.52607844948768,69.22996347355843,45.04389113664627,4.85565098182857,4.371918431252241,1.3178641430921854,9.705492572888732,572.4106753071808,1.6766249492429197,134.68419062525857,0.3141851734639103
19627,2025,Brent Rooker,ATH,30.0,699.0,147.60452819429153,88.33181183573495,29.01395812912929,2.198859770222384,28.06758220611161,84.33382043007721,89.95906178164459,69.08195569799287,8.69099697950533,4.932120129937754,0.9414568743765994,7.0427036208146125,615.3534703181874,3.6469648623744315,186.63401057258247,0.3296335067247538
19643,2025,Daniel Johnson,- - -,29.0,57.0,12.273354157805443,8.019847199320793,2.4393612183630466,0.16755714872851968,1.7477822117507458,6.661675415933132,6.293112069368362,4.457919672131538,0.5407815249636769,0.42141290148720145,0.2030891755130142,0.8048749538138509,51.37679672590457,0.15117356507107615,14.079880446195602,0.30759764037997545
19709,2025,Fernando Tatis Jr.,SDP,26.0,691.0,166.82319275674223,105.18028929796814,32.937249494053425,1.6823433386860416,23.862588455356658,97.09634903809429,81.6899994263649,60.07764617852867,6.593077314635739,4.456611581629142,0.550858876477927,18.61316558393091,619.3218060487285,4.501041031258181,147.48499867431306,0.3375666925220554
19722,2025,Carlos Narvaez,BOS,26.0,446.0,95.76345995551348,61.81932992571593,18.310359046921135,1.7098427202161401,13.420930543497205,52.01752757498622,49.75624583759904,38.66482247275114,4.749389768127352,2.802861242113635,2.9554043948743494,6.497505384519696,396.82752212213353,1.5639217668976635,104.9732523723295,0.3117746818943387
19734,2025,Josh Rojas,CHW,31.0,211.0,43.895936702520665,29.455494365208665,8.731604800013377,0.5781333754672326,4.729865326233223,23.920545861806357,21.831892830714082,19.538382812593852,1.4399865755133672,1.3346773489872754,0.5581281765847361,4.295592016686739,188.12882508632077,0.4206782421671136,48.46350772818923,0.295222143774003
19755,2025,Shohei Ohtani,LAD,30.0,727.0,176.99456672487804,106.72293058183354,35.532469919707225,5.9427896427252485,36.62969569414706,112.12661739063645,103.44876126123451,89.04674950827393,6.045701812325067,3.99528524549613,0.8483405646534706,31.47025956425924,627.0639228692514,11.029332915203998,161.81301195576785,0.40348432142859936
19779,2025,Dairon Blanco,KCR,32.0,8.0,1.7772460480038785,1.1603365568268762,0.3733502034507729,0.054971890005295065,0.24178076251174582,1.0806050362034054,0.8669451868569533,0.5933768803584211,0.08835242571986704,0.05765471928656043,0.03420880546182306,0.30595161633638024,7.226407169173329,0.01407396306751741,1.8252451713085174,0.3199620895062114
19802,2025,Jhonny Pereda,- - -,29.0,78.0,16.80587089061737,11.182607978582382,3.2221588790416718,0.2753979228436947,2.2003800831735134,8.578223392367363,8.535619050264359,5.867755964398384,1.0182102005928755,0.4728082185611129,0.2800370785407722,1.3584467209875584,70.36118853790686,0.18064839486032724,17.635840505361557,0.30443104860062314
19818,2025,Joshua Palacios,CHW,29.0,145.0,32.127122804522514,21.73251025378704,6.597537137567997,0.5248556518927217,4.240300068631768,17.23013434559107,15.538898184895515,12.513355314731598,1.7816594569012523,0.8852733671665192,0.3456710185855627,2.0928625483065844,129.47404084261507,0.5091237917076796,30.209030508995056,0.3248817032880578
19824,2025,Chuckie Robinson,LAD,30.0,2.0,0.4517589941813963,0.29892775258894344,0.08091678172498497,0.006799008567276173,0.05440829193603958,0.2155862711481416,0.21521564376199712,0.16062343465247875,0.019840608283149402,0.012782386551469061,0.009314033573313226,0.029886559261044384,1.7974395369395895,0.005625144709440196,0.45078664851188655,0.3082409942197027
19844,2025,Abraham Toro,BOS,28.0,284.0,60.95501168763638,40.76814763748646,12.941506574600934,0.7780841493345797,7.652753328233957,31.515672814846038,32.13049175006151,20.688448880553246,3.600101630449295,1.8291937764137984,0.9796785598024726,3.5341003774404527,256.9025771527812,0.5875122764650732,58.223142301585995,0.30405960298218837
19858,2025,Luis Rengifo,LAA,28.0,541.0,122.01633368143439,88.28456990253926,23.628824656791984,2.8045951223745944,10.759003462582827,65.15716195318103,56.36626838558912,37.37756003397703,6.929449604695663,3.3044316669916736,2.40232748590596,17.850749854154884,490.9862312084297,1.0728750504162163,93.77587109685655,0.3062924821820138
19864,2025,Riley Adams,WSN,29.0,286.0,61.10664543509483,37.81372672319412,12.184460416436195,1.2043584333732724,8.956128031015396,31.71699719130993,31.88129122555256,23.452079489827156,3.642710719257593,1.6770818773657084,0.8786334497854114,3.3311983458697796,256.34949446376413,0.6463989489711821,72.14030820131302,0.3079125477164433
19877,2025,Tristan Gray,TBR,29.0,86.0,18.01384750008583,11.86982199549675,3.6458193734288216,0.29161290265619755,2.5217868499457836,9.738632619380951,9.37904503941536,7.2129021137952805,0.8661869019269943,0.5304777892306447,0.307751951739192,1.2801113575696945,77.08268124330789,0.2666197707876563,21.131960928440094,0.30719172149714097
19890,2025,Emmanuel Rivera,BAL,29.0,127.0,28.602417021989822,19.354188978672028,5.300258062779903,0.40061584231443703,3.887757269665599,13.606637708842754,14.892571851611137,9.349848687648773,1.1768656531348825,0.9459282774478197,0.3063502246513963,1.20659801363945,115.22100715711713,0.2186679586302489,28.596633702516556,0.31287371385747065
19892,2025,Pavin Smith,ARI,29.0,288.0,63.48186635971069,40.360636711120605,12.676471710205078,0.4809713065624237,10.202410697937012,33.01585364341736,36.545342445373535,27.238353967666626,2.4288459420204163,2.224529206752777,0.34515855833888054,2.2907116413116455,255.7631123252213,1.1477920711040497,64.22384691238403,0.3266534728171045
19896,2025,Connor Wong,BOS,29.0,188.0,42.53551131486893,26.930112600326538,8.240548431873322,0.7714241072535515,5.386063911020756,21.3949134349823,21.637259930372238,13.689066112041473,2.5843633636832237,1.1846883725374937,0.5807223711162806,3.051304817199707,169.96115978062153,0.30733147729188204,44.77265954017639,0.30777259356907355
19901,2025,Gavin Sheets,SDP,29.0,545.0,113.52525115013123,73.0857940018177,23.98105561733246,0.6550967646762729,16.336986534297466,54.72348626703024,60.33403180539608,43.99557940661907,4.532130663283169,4.9118068208917975,1.4269381132908165,3.8115922873839736,490.13354499591514,1.1892769671976566,119.51201222836971,0.299557647213015
19913,2025,Jesus Sanchez,- - -,27.0,497.0,116.00841814810038,75.04529783320427,22.622717747166753,2.6071702241934838,16.681346493557097,60.15707158589363,56.892636820137504,43.465260550946,4.210174017619342,2.472267577227205,0.8133411973207257,10.280533157043159,446.03895665688674,1.3380173880141228,121.66721066055091,0.33484480417803875
19918,2025,Daulton Varsho,TOR,28.0,271.0,54.771108670979736,31.14897196248174,11.985486339338124,1.180615914461203,10.198387783497571,33.83280119767785,33.31638738244772,22.883848453313114,2.7749490917716177,2.0303234239909798,0.7413020173306577,4.620917792718857,242.56957701359363,0.7223346568541601,65.48855041948038,0.3077124184408929
19921,2025,Blake Perkins,MIL,28.0,171.0,37.092278788626196,25.725702336788178,7.2343508569970725,0.6353864538185299,3.6639998603984716,20.471089344888927,16.763012683197857,14.903818739935756,1.3955640415661037,1.0768017220012844,0.6261250161314383,6.923025564417243,152.9976904803654,0.4136068432610482,40.125125919137275,0.3031510431436174
19931,2025,Luke Williams,ATL,28.0,34.0,7.173863813281059,4.656029126822949,1.2931096899211407,0.14189171169139445,0.8624586990177632,4.354806611478328,3.4028785502314567,2.688306872934103,0.3732319206148386,0.2040192950796336,0.20782041971944273,1.0401761044114828,30.52662149165198,0.09388632283173501,8.329441130279784,0.2918328617893735
19950,2025,Andres Gimenez,TOR,26.0,369.0,84.35689630311728,55.587840718925,16.335618275597692,2.210841863807291,9.56363581983,47.56463324949146,38.941765391528605,25.056226914614438,9.152430729031563,2.5789937680251898,1.9315996317174287,12.313032241970301,330.2807489566114,0.7443071867544204,68.19912915672441,0.3177123187447304
19953,2025,Josh Lowe,TBR,27.0,435.0,95.14791844546795,59.536430131495,20.09716707497835,2.092391534484923,13.989768835231661,53.77613493651152,49.609041979014876,33.929660044759515,3.3372747062891723,3.0474091020226477,0.8119932028208859,17.13612415730953,393.87366294410776,1.8854033316951244,116.62313442220801,0.31306588997102325
19955,2025,Gavin Lux,CIN,27.0,503.0,112.25730874747038,75.20740160924197,23.375116797193886,3.355142386354506,12.6054420363307,58.131719530403615,54.12746276825666,43.083629441320895,4.014952881060541,3.8099512043930592,1.3550298980055377,7.277624707244336,450.73643657521995,1.26586329700239,105.48323628459522,0.3182786554746672
19956,2025,Mickey Moniak,COL,27.0,461.0,102.29860857987404,62.32054686397314,20.02452536071837,1.4617096540424972,16.958391577988863,53.81505041834712,52.25245459640026,32.909707672655585,5.553536241274327,2.99317500869371,1.3200123246628792,9.550899318143726,418.2235687527135,0.9603698976906017,114.5762618586951,0.31314832726348546
19958,2025,Carter Kieboom,LAA,27.0,8.0,1.7308191046714783,1.1542066988945008,0.3242314387559891,0.02241120682656765,0.23389365643262863,0.9233133995532989,0.8210272552967072,0.6704485764503479,0.12119032567739486,0.04631643956899643,0.017590355552732945,0.08573333811759949,7.144454302750528,0.01943300598859787,1.8626439712735503,0.3122787236333761
19960,2025,Taylor Trammell,HOU,27.0,135.0,29.096725299954414,19.047090499699117,5.639317018166184,0.5032589181046933,4.477970867156983,16.348505651950838,15.064540924429894,10.786583005785943,1.5786951506137847,0.9495006434619426,0.404378143963404,1.9004454301670193,121.28084305617493,0.32461862159427257,33.02396764691639,0.31557144316493435
19966,2025,Bobby Dalbec,CHW,30.0,21.0,4.416622258611358,2.9378645382041593,0.8252156881665662,0.07859381692946434,0.6587532528138471,2.423375354687928,2.248076861306416,1.7216843836091216,0.20617746923523675,0.1279879844230289,0.07486764173527599,0.4037265477336179,18.869282520997338,0.04896653374120341,5.843115717262029,0.3079724333568889
19997,2025,Santiago Espinal,CIN,30.0,328.0,71.5564401413603,47.67600750756763,14.32597586664103,0.8582444146557797,8.009716853543983,35.0787916544784,33.18117985340321,25.167367275310305,3.2644669784387115,1.9510400222460274,1.732994312957182,5.234358510966316,295.88413141104775,0.6283814299216538,62.546079119682304,0.299132846903787
20002,2025,Bryce Johnson,SDP,29.0,84.0,17.48322182893753,11.840673208236694,3.141650050878525,0.2859497359022498,2.292170338332653,9.639009833335876,8.977034568786621,7.193341791629791,0.7394140362739563,0.528871351853013,0.6220953203737736,1.4484776929020882,74.91627749986947,0.18559099361300468,18.605512619018555,0.30054905313478675
20003,2025,Keston Hiura,COL,28.0,21.0,4.329272322267294,2.770596982240677,0.9080094966441393,0.07366681471886113,0.6311676413565874,2.4205573818683623,2.3346449441760777,1.6522461217045785,0.2872069843299687,0.10308255154732615,0.07981974143721163,0.34696776312589644,18.877644600980915,0.058864026144146916,5.5451862084462675,0.30352527090486303
20017,2025,Miles Mastrobuoni,SEA,29.0,175.0,38.602422550320625,26.82679109275341,7.15743275359273,0.5687633762136102,4.0470510721206665,20.171186700463295,18.25142428278923,13.92642855644226,1.5123386168852448,1.0970736155286431,0.7680310984142125,2.970210462808609,157.69612811272964,0.3216565237380564,35.931798070669174,0.3017772187827808
20036,2025,Isaac Paredes,HOU,26.0,438.0,93.31932050961257,56.987006151616576,18.711811230003836,0.8765339543139562,13.027858389750124,49.285257851690055,46.28835305464268,45.07127044808865,11.376694281980395,4.000863402619958,0.9445915278755128,2.6046235521286727,376.6065803394355,1.3639913431042805,74.9670829192126,0.3235641557720144
20043,2025,Luis Robert Jr.,CHW,27.0,431.0,97.83348882228137,59.030285831213,18.328298637002707,1.3084759990163148,14.054044529899954,51.98750316569209,50.31548869547248,31.929455272853374,4.370430003777146,2.472996674703434,0.8863899023197591,15.743953663915397,391.3407281463463,1.3351757172653451,116.15058491116926,0.3053585494148503
20056,2025,Alan Trejo,COL,29.0,43.0,9.397866427898407,6.454684138298035,1.6245155669748783,0.1414663316681981,1.0902577936649323,4.550071626901627,4.607972674071789,3.058395855128765,0.39424037747085094,0.28724501049146056,0.16108157928101718,0.5597686311230063,39.099037177627906,0.08106115367263556,9.725430607795715,0.2939776823897318
20123,2025,Juan Soto,NYM,26.0,715.0,170.9604897867143,98.3780842640996,33.81169023528695,1.2536856316693592,35.11930517423898,108.5736212003231,99.2686365160346,112.12862839221954,5.689044056534767,4.786868843901902,0.4110654670652002,8.587954572243616,591.9843932402786,5.443711190028116,135.2567330354089,0.40078383361882214
20126,2025,Dylan Carlson,BAL,26.0,241.0,49.73615535625815,32.86530877152085,9.680360153451563,0.7053609747998416,6.139204810760916,26.97993950010836,24.753544459357858,21.489640190064907,3.327571764420718,1.89648243584577,0.7419147872398607,2.7007067520469428,213.54439082242874,0.5206417034175247,53.91114111440823,0.30025227750727707
20178,2025,Miguel Vargas,CHW,25.0,569.0,117.37387496948243,77.25276777648926,22.154810207366943,2.1517042167186737,16.42975561904907,66.2294910812378,65.29339248657227,54.6806039352417,5.182540337562561,4.209267328739166,2.2603684210777284,7.092112989425659,502.66721997737886,1.1162300018072129,120.96108887635637,0.3081141377651862
20202,2025,Brandon Marsh,PHI,27.0,425.0,91.59819982051849,59.39405337572098,18.30368606671691,2.5914886951912193,12.081234280206264,51.249538449198006,48.37918921634555,43.286391514539716,3.846294921822846,3.1791063042357566,1.030378237599507,9.74349930714816,373.6578290218022,1.7677685220260173,115.83983809816036,0.32378845041959364
20220,2025,Jo Adell,LAA,26.0,573.0,122.66590063735843,79.45017192810774,24.97952806509286,2.13976184608927,16.839238403040916,66.1838302821368,63.34350108624995,43.15408899454773,7.88431296062842,3.864756981683895,1.0406916410622653,14.97887223753333,517.0561494220777,1.2320896942745894,144.00055512698086,0.3058418731640225
20287,2025,Ben Rortvedt,- - -,27.0,128.0,26.45663264465332,17.68864965057373,5.380465154647827,0.3212922611236572,3.310889609336853,13.63551039505005,13.90748076248169,11.881991584777833,1.2287412252426149,0.8694178097248078,0.6118789784908295,1.4402049417495728,113.40797040176392,0.2355735656619072,30.77847590088373,0.3042687587868037
20308,2025,Jake Meyers,HOU,29.0,381.0,80.73805421590805,52.38579225540161,15.900940250605345,1.2600042710546404,10.397585671395063,43.48544242233038,39.12144246697426,27.915597684681416,4.9418242536485195,2.4597495845519006,1.4191858638077974,6.0292723551392555,344.26364261331037,0.5436261609429494,93.30382972955704,0.29586978114552837
20311,2025,Corey Julks,CHW,29.0,13.0,2.7102895975112915,1.8318966329097748,0.5185908079147339,0.032715661684051156,0.35192315839231014,1.5039192512631416,1.4231075122952461,1.0797276496887207,0.10580231808125973,0.07566100591793656,0.03667438100092113,0.29557071067392826,11.702134645311162,0.03102142340503633,2.965561732649803,0.298181872677546
20321,2025,Stuart Fairchild,ATL,29.0,55.0,11.997692957520485,7.2704412043094635,2.4309450574219227,0.2553580957464874,1.590635571628809,6.579616069793701,5.752917900681496,4.417399652302265,0.8405918255448341,0.3614513808861375,0.23014341946691275,1.9055468402802944,49.15041372179985,0.17019645893014967,13.72317649424076,0.3069618868985683
20352,2025,Ernie Clement,TOR,29.0,588.0,135.34675723314285,91.27272570133209,28.362197041511536,3.024076770991087,14.993831053376198,67.81278893351555,64.81119132041931,36.505293756723404,5.601033568382263,4.26476813480258,2.5865981541574,13.281353920698166,539.0423063859344,1.4300448233261704,96.05094838142395,0.30927883179525023
20391,2025,Luis Garcia Jr.,WSN,25.0,526.0,126.2591423034668,87.94845849609375,24.338377403259276,2.8248351402282714,13.655684879302978,61.22641284179688,64.52270947265625,30.713767723083496,3.7661295709609988,3.543975263595581,1.2027604379653931,15.40705114364624,486.7733670043945,1.5951238589286805,92.41097385529429,0.31398136968505835
20404,2025,Jared Young,NYM,29.0,47.0,9.881712421774864,6.217593848705292,1.9692258313298225,0.25391449267044663,1.6256507858633995,5.968044206500053,5.101314447820187,4.02851165831089,0.6461813617497683,0.2705960413441062,0.13655685330741107,1.4189794771373272,41.918154085287824,0.12480794568546116,11.496774896979332,0.31907829908844965
20437,2025,Royce Lewis,MIN,26.0,403.0,89.15689247050882,56.75656646025181,17.70673032528162,0.6893101987489499,13.971170238032938,46.375442358255384,49.9963696321547,33.29483364064991,3.610199647108093,2.9779350566761567,0.4265902766713407,5.052593392156065,362.6904413788945,1.1374948534499854,93.43620749786935,0.31734219233244304
20450,2025,Brewer Hicklen,DET,29.0,4.0,0.8587064146995544,0.5606664419174194,0.1623813658952713,0.01758153736591339,0.11102902889251709,0.472208708524704,0.42396554350852966,0.3184962570667267,0.045446280390024185,0.024091606959700584,0.024612877517938614,0.13799455761909485,3.58735297806561,0.011156760156154633,0.9700076580047607,0.3038969930802854
20454,2025,Jazz Chisholm Jr.,NYY,27.0,531.0,121.54468183958531,78.11435197752714,25.09092075178027,3.5481320579387248,19.347228880852462,68.59313764697313,61.6496830227077,42.25765636888146,4.985368250224739,3.255691613422707,0.7274653460159898,23.171512944683432,479.7738184214551,1.2647577347802,134.22238022795779,0.33674498152084126
20503,2025,William Contreras,MIL,27.0,659.0,157.1366290693879,100.29023155474663,31.742364434197544,1.923814265837893,23.278993687972427,91.75507580649852,77.57641246202589,67.24569255021214,6.4972426700778305,3.416228159690276,0.4316447773836553,7.3389518803507094,581.4091918426361,1.953396946163848,139.65953025127587,0.35001005734873997
20505,2025,Drew Waters,KCR,26.0,219.0,47.37423949813843,30.77528380599618,9.570302808769048,1.1627581571331247,7.272791129752994,26.3517303648144,25.503813868403434,18.2396253028214,2.825537657501176,1.4698923505693675,0.6158361560222693,4.2833564778529105,195.8491085330858,0.6783599503724836,54.944750163082055,0.3234912524107828
20529,2025,Nolan Jones,CLE,27.0,403.0,90.65671354293823,55.882712458074096,18.41485612215102,1.6720795601047576,12.557697076372802,47.81382228732109,44.921498378992084,39.05985813575983,3.800341830484569,2.573087017655373,1.3844053330551833,7.340542514242232,356.18230768304505,1.2719337530070915,103.25526711144465,0.3254872668563718
20536,2025,Vidal Brujan,- - -,27.0,95.0,21.005371168851852,13.713145484924317,3.648087677806616,0.4091501537896693,2.2420550567656754,11.32636977300048,10.287437073141337,7.386224861592054,1.1742550668306648,0.6108440529927611,0.6163729844987392,1.862590922601521,85.21230303408578,0.19011904751881958,20.01927429331621,0.29544768235644236
20538,2025,Jose Miranda,MIN,27.0,36.0,8.076137742519379,5.120395541667938,1.5769884744286538,0.08126505760475994,1.0295964158177375,3.8680168776512147,3.8976298470497133,2.3784619331359864,0.44000066417455674,0.23257790786772967,0.04866269472800195,0.3557293711155653,32.90029680009373,0.09121152739226818,7.111882503796,0.29776214198110934
20557,2025,C.J. Alexander,ATH,28.0,17.0,3.6960035354197025,2.3730814280211927,0.7179773544967174,0.06045983302406967,0.5686525274217129,2.0029858190864323,1.9748284577727317,1.334370141968131,0.18707355676963924,0.11744059502705932,0.06333610472362489,0.2848064134828746,15.297779601511545,0.04744177113566548,3.9049698776800637,0.3139988258973894
20572,2025,Kody Clemens,- - -,29.0,386.0,81.6467550098896,48.71653240919113,16.65030211955309,1.2173039019107819,11.074759550392628,43.645401045680046,42.26351951062679,28.10734388232231,3.9063914455473423,2.537951620295644,0.6971215778030455,3.420705381780863,350.75119147403166,0.6770946758333594,93.61751878261566,0.28740726269830713
20599,2025,Ivan Herrera,STL,25.0,452.0,103.25055670166016,67.69809033203126,19.914098144531252,1.5307738132476807,12.46171314239502,53.24757736206055,52.76894125366211,39.51661520385742,4.9986447296142575,2.8108678874969484,0.9412941942214966,4.900365024566651,403.7325779848099,0.864169228553772,94.05872615752742,0.3184543855900438
20626,2025,Logan Porter,SFG,29.0,9.0,1.8993534743785858,1.2177718430757523,0.37511179223656654,0.03426934196613729,0.2671811431646347,1.0461809411644936,1.0038178637623787,0.7517902627587318,0.10638753231614828,0.06224285624921322,0.035590533167123795,0.13256435003131628,8.043988815508783,0.025643196422606707,2.116307035088539,0.30636713645121033
20970,2025,Oscar Gonzalez,SDP,27.0,61.0,14.273759937167167,9.344316963195801,2.6325206604897975,0.21543092691060156,1.7494880252853036,6.918483339071273,6.896670720547438,3.955933735847473,0.6367961133792996,0.40622641569562257,0.12454697592742742,0.8589231950938702,55.87649675915018,0.17408542183227838,14.353556624749903,0.30700906529241273
21009,2025,Leo Rivas,SEA,27.0,111.0,22.815974531292916,14.876275970220567,4.524553366497159,0.5732703138291836,2.7771481402516365,13.541013216286897,11.065053340137005,10.045115580528975,1.2690389394834638,0.6296774136666209,0.5990799839068204,2.4333862732127307,98.45708808241412,0.28946427099220456,26.014927627423063,0.3015866779267156
21270,2025,Sean Bouchard,COL,29.0,73.0,15.440803453326225,9.789155691862106,3.3749001026153564,0.27588353073224425,2.047463161870837,8.808388277888298,7.884820938110352,7.344508454203606,0.8626433704048395,0.44481035228818655,0.21406643907539546,1.3031438514590263,64.13397138402797,0.19540697010233998,17.855137392878532,0.3191184465153521
21454,2025,Lars Nootbaar,STL,27.0,583.0,129.46938938230275,81.4990277543664,26.302530212938787,1.948699645361863,18.522007582873105,72.34995234507322,65.7103541226089,66.0704371240139,4.571543881425634,3.768330810453743,1.269627623305656,7.387569389346987,507.32006056080104,1.5527844510646538,121.40652245801428,0.3353874930283277
21479,2025,Nico Hoerner,CHC,28.0,649.0,152.27209036147593,109.13754013374448,28.323302807070316,2.862942076040432,12.291003273949027,77.91861898723245,61.184840542793275,46.73300952151418,8.849358912080527,3.1899257380170747,2.0284459822801875,20.36032622724399,588.199259846108,1.2496303897211327,95.02878770321075,0.3096898197605419
21496,2025,Brandon Lockridge,- - -,28.0,148.0,32.94008745467663,20.93346138238907,6.3332383221387865,0.717436105042696,4.649541621163487,18.311354222595693,16.936560701906682,11.972207757771015,1.6670851801931859,0.9954364876523614,0.3066305670551956,3.8835699464678766,133.05864000732825,0.4375694257412106,33.982559594197966,0.31561740488135775
21497,2025,Luken Baker,STL,28.0,41.0,8.60049402910471,5.485144005268812,1.8666847526580095,0.14609049745695665,1.1297362926192582,4.796180018499494,4.635712477251888,3.991956985980272,0.36379018527455625,0.2580758727164939,0.09194063655938953,0.4406661314032972,36.29423631946929,0.1040403940435499,9.473629340262821,0.3119488131705682
21501,2025,Trevor Larnach,MIN,28.0,567.0,127.18532687401772,78.05819592753053,26.167420084655284,2.2130869673215785,19.20816202092916,72.28655813482403,68.52175196148455,52.59356958067417,5.072217354353517,4.393672327288426,0.5811894801417365,4.994819521900267,504.35935125754213,2.0750652331206947,141.4084361929069,0.3264779553167831
21523,2025,Jonathan India,KCR,28.0,567.0,121.53893145570159,81.0900983453393,24.602185767687857,1.6569937726012431,16.381979871410877,69.44159281651676,60.943173118785026,55.477811791554096,14.048074200220405,3.514210397852585,1.1666902760281228,7.881860243249685,492.7932133343448,1.55645683244057,121.86709563312664,0.3310361766904318
21524,2025,Joey Bart,PIT,28.0,332.0,70.61506698679923,46.98986662590504,13.550989287286997,1.1907383710332216,10.581577946037054,35.855252816677094,38.604390440821646,26.96804855132103,4.953081063732505,2.1944447747543454,0.4692552955644205,3.082594043403864,297.4151703146277,0.6437901902208105,84.81586643052148,0.31449638453495715
21534,2025,Cal Raleigh,SEA,28.0,705.0,140.55527889221906,84.45456386446953,29.670926882363855,1.7693073433963582,30.07471185196191,80.31267404146493,94.21486890301108,64.68953425996006,7.288690839288757,4.233870471264236,0.48838676247512924,5.350364195751026,628.2995176670119,1.4103979020752013,179.92156400358226,0.32095606535326804
21535,2025,Connor Kaiser,ARI,28.0,19.0,4.084450680345297,2.6331560030281542,0.7988601680025459,0.06241666150465608,0.6099813289642334,2.177089410737157,2.14490679705143,1.5525088798701763,0.193934657368809,0.1294420794993639,0.06772139540873467,0.289148860655725,17.056392987852917,0.05862532734544948,4.425422142206082,0.3113769685294176
21538,2025,Nick Fortes,- - -,28.0,242.0,53.483522465765475,35.496276109397414,10.213702567666768,0.9726785790845752,5.845635044753552,25.57242272800207,26.44900987261534,16.469821102410556,3.2476993497647344,1.8356400167867541,2.771430377256125,3.1615437800474466,217.67540915378183,0.3863421353814192,46.325301021989254,0.2983937918377816
21547,2025,Coco Montes,TBR,28.0,10.0,2.11248915374279,1.3484363842010498,0.42168442003428935,0.03952258142642677,0.3100334129109979,1.1663075019419193,1.1343455868959427,0.8721418865025043,0.1224260026589036,0.06465206252411008,0.03206319975666702,0.15507164688780903,8.908716848557814,0.026772534032352267,2.4112371753745716,0.3120814776057272
21558,2025,Matt Vierling,DET,28.0,100.0,22.743037924170494,14.74736268222332,4.443646624684334,0.5110186310485005,2.388748348131776,11.467571027576923,10.818600100278854,7.9991867825388905,0.8191135011613369,0.7225162474438548,0.17783949279692024,1.290375365316868,90.28134397605899,0.26808045282959936,20.87620096225625,0.305008005242372
21562,2025,Romy Gonzalez,BOS,28.0,341.0,80.10459563875199,51.87559291574359,16.959919552370906,2.560004940446466,9.878787895917892,43.62907935747504,38.359952355071904,23.03332438531518,2.703883761566132,2.187031786550768,0.7529596750866622,9.625014669947326,312.3228003914813,0.5930768574632239,78.83746865729452,0.32101631058239877
21587,2025,Cesar Salazar,HOU,29.0,16.0,3.224011182785034,2.24035906791687,0.6239954829216003,0.045353423804044724,0.38127708435058594,1.7790449857711792,1.5103013515472412,1.2861095666885376,0.24929964542388916,0.1021217480301857,0.13191473484039307,0.3133447468280792,14.230554305016994,0.03730957955121994,3.7189559936523438,0.2952752558723694
21614,2025,Kyle Isbel,KCR,28.0,409.0,89.79567510297895,59.52777636253834,18.40243531449884,3.0689391020741312,10.171018000401556,52.71973747274279,41.670416466072204,27.76180042463541,3.763350371807814,3.0281422890936955,2.8434655747357755,10.759275054201483,371.60324133972733,0.4426358600875828,87.87817872364526,0.30322711266969266
21618,2025,Alec Bohm,PHI,28.0,504.0,119.51277021074296,80.6347417588234,24.51671586281061,1.4919446497187019,12.73310128006339,56.37712740325928,59.78460017287731,34.46416286945343,4.855488147720695,4.198576476618648,0.4192826461941004,3.5259258107542992,460.0624898600131,1.9639122716970743,86.11606911683889,0.3138565843778718
21622,2025,Jake McCarthy,ARI,27.0,222.0,50.80451763868332,35.23527657794953,8.71250759589672,2.163604758515954,3.5864573236852886,28.58477148449421,20.139344393134117,15.419199726641178,4.58737272387743,1.3592879139482976,1.5929791707247496,8.087511964559555,199.04116046480834,0.4296063474006951,42.928103637318365,0.30314515348071597
21626,2025,Griffin Conine,MIA,27.0,86.0,19.1238478294611,12.295931141495705,3.735727358520031,0.30022797458432615,2.5408011188954114,10.264269518852235,9.318847503483296,7.0668067774772645,0.9801776125505567,0.5669980809241534,0.1609476186139509,1.461741189569235,77.22506991043407,0.20283044111356138,21.374095687753126,0.31253324847472763
21635,2025,Nick Maton,CHW,28.0,63.0,13.100787732303143,8.268005460888148,2.6399199460074305,0.1522264974815771,1.9429168323352932,7.60603177472949,6.911651748150587,5.768176545470953,0.793852222988382,0.4614207341708243,0.3871390866860747,0.7845800469014794,55.589411410683766,0.16790330902487038,15.247600245665367,0.3099590581669491
21636,2025,Jeremy Pena,HOU,27.0,543.0,124.79587775945663,86.3480382578373,24.120414554983377,2.350544632483274,12.066218606092036,64.898541033715,62.567893765836956,35.47092476686835,7.211248848002404,3.732867965737358,1.686219893971458,12.619687659054994,494.8987385254204,0.8122816087589599,101.69939771883573,0.3041190633215401
21646,2025,Rafael Marchan,PHI,26.0,118.0,26.06478599178791,17.702308207690717,5.23648102965951,0.513853886557743,3.332436412706971,13.884268435567618,12.563658922284842,9.97597840949893,1.501244046457112,0.8177325547263027,0.3497676441622898,1.5561445166617631,105.35527734515537,0.4562332512885332,25.379339112279926,0.3221063125095537
21693,2025,Miguel Amaya,CHC,26.0,103.0,22.285064564257862,14.935720017641783,4.473035487741232,0.18745240200217814,2.8001937034279107,10.942843044400215,10.899748430237175,7.905184837698936,1.9831112098172308,0.8620616133846343,0.55219339480903,1.072268654063344,91.69744894429017,0.18823373503959737,19.969123241826452,0.3096898685604426
21707,2025,Oswaldo Cabrera,NYY,26.0,122.0,27.1986700592041,18.24725700378418,5.03888320222497,0.4137700332645327,3.0280474967733024,14.129740135103464,12.288821119338275,9.2694109056592,0.9779020555540919,0.7129058519080281,0.5043453187160194,1.8690826612189413,110.53543586816266,0.18170426662266254,26.03943745490376,0.299532865147474
21711,2025,Oneil Cruz,PIT,26.0,544.0,126.65264963531494,76.65456866931915,27.341469282627106,2.3617811084985734,19.678858580112458,70.59907123565674,65.94587711238862,46.21414292049408,4.741296589910984,3.5193686400055886,0.9879271930009127,16.175334572076796,488.53726465658843,1.5707872026413678,140.60879971517326,0.3343389930187096
21716,2025,Enmanuel Valdez,PIT,26.0,102.0,22.411906219661237,13.992503781974316,4.366369975179434,0.2772381386552006,2.9099933961555364,11.755976033896207,11.730849803119899,7.986404712975025,1.0202134157381952,0.7214972352962941,0.31562143854238095,1.4444631265550851,91.95626319744811,0.2073700490919873,23.656612324339935,0.29987171964519704
21735,2025,Sebastian Rivero,LAA,26.0,34.0,7.161086143672466,4.579389527380466,1.4587091635316611,0.11794047009479254,0.9963671376034617,3.86891398113966,3.7658511513173583,2.8152518863677978,0.39399187148734927,0.2091736824605614,0.17616267328336835,0.5301102430522442,30.405419886400924,0.08769955410715193,8.32511487550492,0.30565277667574664
21746,2025,Jose Fermin,STL,26.0,70.0,15.129458101987838,10.238413194715976,2.898549830466509,0.226422468284145,1.749921070560813,8.16508002564311,7.447573334276676,5.856486654132604,0.9728328671120108,0.446397143304348,0.31778923520818353,1.187829458154738,62.40649410024285,0.17952729058451952,14.275304080226801,0.3069194422105271
21780,2025,Esteury Ruiz,LAD,26.0,23.0,4.998234658509493,3.272013085246086,1.0135379907265305,0.11997500184271485,0.59522995242849,2.8470644697993994,2.4156947762668133,1.8290695970505477,0.42267350962385536,0.13920294311083853,0.0899799839090556,0.7379184298813343,20.519073966305704,0.056239602398127315,5.391927051754972,0.31182789709631176
21797,2025,Andres Chaparro,WSN,26.0,73.0,15.450830912202598,9.916881166666746,3.2551342616900802,0.2653074122895487,2.339451740130782,8.432274705082179,8.281921683058142,6.186754084631801,0.9175482237730176,0.511196765919216,0.15993288762075827,0.7021415976956487,65.22456803805521,0.1849909114036709,16.08630432244134,0.3158119915382554
21837,2025,Jonathan Aranda,TBR,27.0,422.0,93.66225066614152,60.00929871737957,19.17115652385354,1.5543560580331832,14.508055437237024,49.132454429984094,49.244061868786815,35.38056357288361,5.6408259694874285,2.8668673617877065,0.5455406295089051,3.1285385765135287,377.56620246633236,1.040505956435576,100.17206240077263,0.3269780724942191
21840,2025,Freddy Fermin,- - -,30.0,347.0,78.726297807123,52.25901605778654,14.990272492556608,1.2114650399469635,8.173772963070324,35.755678862779,37.582251584066356,22.932580459569532,2.4161132452740213,2.8232885413206117,1.3297269873391626,3.4731413132825857,317.49829076649667,0.5744615759364408,69.56791451878846,0.2927304620498761
21853,2025,Will Benson,CIN,27.0,253.0,52.68778995358944,31.80044985562563,10.666953740283846,1.0421550516206772,8.293752471551299,31.338993523478507,27.29332351535559,24.314026589393617,2.963595808543265,1.1822690326217562,1.0583348616436123,7.107623972356319,223.48177370779774,1.025484149483964,69.79412585496902,0.3144033137996473
21865,2025,Bo Naylor,CLE,25.0,414.0,88.48097753906251,57.48716217041016,17.476015113830567,1.1808773403167725,13.134116203308105,46.80402786254883,47.77517106628418,35.04925730895996,3.3566586170196535,2.6255660905838014,1.261970844268799,6.1309260063171385,371.7065471391678,1.140138310432434,101.75416711717844,0.3106208742455655
21871,2025,Jerar Encarnacion,SFG,27.0,56.0,12.74002045440674,8.078784821033478,2.54915030169487,0.2395167227983475,1.8450227723121644,6.450177425861359,6.756445749044419,4.506182605266571,0.5069064120650292,0.3916808951497078,0.07707178871333599,0.7727116483449936,50.51815829880535,0.11678491263836623,13.841668843280656,0.3213712293243263
21897,2025,Christopher Morel,TBR,26.0,305.0,64.75604573950172,39.84917674303055,12.5820059524104,1.205945547237061,12.301705446392297,37.50922878965736,37.051508536934854,29.154225255921485,3.4305686121713372,1.99768661769107,0.703828501009848,4.347024380657822,269.71369101320624,0.8643383781216107,75.59125558683587,0.3311810637570629
22054,2025,Dane Myers,MIA,29.0,333.0,72.16542282700539,48.02582386136055,13.824557080864906,1.2996982745826244,8.776577923446894,39.0097446218133,36.78368306905031,25.61472065001726,3.7110596504062414,2.001255146227777,0.6054316386580467,6.663683580234647,301.0675329146907,0.6703540300950408,83.45493417978287,0.301403654376823
22165,2025,Ryan Vilade,- - -,26.0,15.0,3.2458992518484595,2.1326218646764756,0.617358222194016,0.04702496124431491,0.41683368623256684,1.7234128408133984,1.6079780146479608,1.205117832273245,0.16046953129582106,0.10091154123656453,0.07086310953833162,0.20463567079044878,13.462637985656038,0.040536633732263,3.379846617491634,0.30399621737100335
22168,2025,Akil Baddoo,DET,26.0,18.0,3.6417470839619637,2.4188703802227973,0.7748542142361403,0.08484244697168469,0.5461376205682754,2.207864624172449,1.9337512654066087,1.6642841063439846,0.14501030307635665,0.11029804295673967,0.05805545612610877,0.42048776283860206,16.02235209149681,0.05709544613678008,4.483639081475308,0.313402234838811
22184,2025,Mark Vientos,NYM,25.0,463.0,104.54541554260254,63.67736437988281,20.189054737091066,1.0240740427970887,16.69558988571167,52.73059990692139,58.339455352783204,36.961146018981935,4.1478534564971925,3.409530382156372,0.7913133037090302,4.0996078052520755,417.69015683865547,1.1810260691642762,119.57458170945756,0.31582938796236726
22186,2025,Brice Turang,MIL,25.0,659.0,152.83039179992676,109.61732353210449,27.4853207321167,4.24534141778946,13.883532224655152,86.4089415588379,66.52568598937988,55.460637969970705,4.760131119251251,4.402534992218017,4.376034239768982,27.123097484588623,590.0006616787911,1.6474566354751587,127.11592095729429,0.3183262942234931
22197,2025,MJ Melendez,KCR,26.0,65.0,13.124998781830072,7.83724100843072,2.8652629916742445,0.2667771322419867,2.4090290918946264,7.605202820673585,7.964114345088602,5.996340924054384,0.5493322090059519,0.36683673253748567,0.09223249244852923,0.6782380200643092,57.99525764195365,0.17284052977804096,16.359323544211847,0.31466185963398774
22209,2025,Sam Huff,SFG,27.0,58.0,12.657386111497878,7.875230702280998,2.6161123657524588,0.1541940218284726,1.8813764001131057,6.733781903624535,6.834998138725758,4.823380622982979,0.5575737712979317,0.3570511563830078,0.28045547735691073,0.83655750528723,51.98153897197917,0.15140635741874575,14.525215262952058,0.31325413791465256
22217,2025,Luis Campusano,SDP,26.0,27.0,6.153082190036773,4.184690442234277,1.2975792587846517,0.07138425176404417,0.6969082480967045,2.936316707342863,2.9933714990615847,1.8149520674943924,0.2707725289519876,0.21142228358052673,0.05172948105912656,0.23419412481039764,24.651123638913965,0.07194827261846512,4.710514047173948,0.3087390650665988
22232,2025,Mason McCoy,SDP,30.0,26.0,5.491696260980929,3.597703792994187,1.0833097612513147,0.1228180020334476,0.6594864330286995,2.9813069943060078,2.634388172733463,2.069802919508572,0.2681857303661459,0.15261577273294674,0.30619794816699847,0.47791561303086444,23.203197629225336,0.06864435881643687,6.135177761167287,0.3001448870150284
22244,2025,Jack Suwinski,PIT,26.0,178.0,36.69166348874569,23.628591540098192,7.088682227849961,0.5595839827097953,6.793033352404833,21.22381363719702,20.72453294852376,19.215703972101213,1.3070180768594146,0.9570186412204057,0.48697977558057753,3.648169644854963,156.03327953423837,0.5414472438320518,46.61592776742572,0.3314710682813724
22263,2025,Nolan Gorman,STL,25.0,402.0,82.67372662353516,49.57113427734375,15.904069793701172,1.3451077966690064,19.163929664611818,47.84209140014649,54.9766467590332,35.34023245239258,4.425839521408081,2.2917066249847413,0.9156440048217773,5.557258495330811,359.02657739639284,1.4696160192489625,119.78032195474952,0.33136107056037284
22266,2025,Xavier Edwards,MIA,25.0,619.0,148.78478608703614,110.56815716552735,25.926492824554444,3.941139710426331,11.100677291870117,79.98577342224121,56.22583490753174,53.9278295211792,4.75447125673294,4.083967518806458,3.3992015433311464,25.08946713256836,552.8345301599502,1.3956486403942108,103.62472184351645,0.3248634224043444
22274,2025,Samad Taylor,SEA,26.0,9.0,1.9829057974219322,1.2642317310869693,0.3789661074131727,0.039754640945233406,0.2770147590748966,1.0650417556464673,0.9899872405976057,0.7768745028823614,0.08442944347858429,0.061402881776914005,0.061949892539530996,0.1861406282633543,8.01534327932261,0.023153680886607617,2.196708631890228,0.3157127771093735
22275,2025,Jake Burger,TEX,29.0,376.0,84.43018138408661,51.05030179023743,16.06217697262764,0.988547682762146,15.914288699626923,44.79250478744507,49.679803133010864,26.81077778339386,4.712512955069542,2.485199633985758,0.38596663251519203,3.6393375769257545,341.60554299503565,1.045245062559843,93.53072321414948,0.32316669979106283
22277,2025,Nick Allen,ATL,26.0,416.0,91.0434343585968,64.01345608043671,17.609165440797806,1.9941362674236298,10.027429752826691,45.15828499698639,46.20273603057861,31.00895550107956,4.073337181031704,3.3658510649204256,3.542346431195736,5.960966243565083,374.00950982177255,0.9019499340355397,87.73623234162396,0.30727132737566676
22286,2025,Trevor Rogers,BAL,27.0,2.0,0.40867899787425993,0.2627708286046982,0.07711854794621467,0.007311147056519985,0.055011040508747104,0.22381656861305238,0.21048869055509567,0.15491364389657974,0.02003634636849165,0.011855946190655232,0.014568752661347389,0.0322958779335022,1.798625310882926,0.004898756310343743,0.5228431092891769,0.28955152814720514
22411,2025,Cal Stevenson,PHI,28.0,8.0,1.7156922323703765,1.1157114112377167,0.3366823445558548,0.02478615867346525,0.23342948469519614,0.9221871337890625,0.8864202377796173,0.7093964984416962,0.09921566000580788,0.0577840493991971,0.01705167384445667,0.11976823113858699,7.116552118308842,0.020749106850475072,1.8085413140283664,0.3117439685115699
22458,2025,Taylor Walls,TBR,28.0,317.0,63.799138126254086,44.4929946000576,12.380599636271596,1.4943460558215156,6.13975981464237,38.586849542289976,30.355890459880232,31.383191884845495,2.577113685257733,2.3626900697005913,1.8571550479792058,12.11280842270702,278.819849312217,0.7310202773055062,76.44390968039306,0.2963105113692216
22505,2025,Buddy Kennedy,- - -,26.0,32.0,6.72134690284729,4.435701590538025,1.2646533033847809,0.14209026718139647,0.9184130065441132,3.816223102092743,3.4695286946296693,2.9017981867790223,0.42090745413303376,0.17758243453502656,0.057670494183897976,0.4912635943889618,28.44204143036902,0.08339930590987206,7.148802163324562,0.31076218451351106
22514,2025,Triston Casas,BOS,25.0,112.0,22.98964404296875,14.260015136718751,4.593960205078125,0.19802592086791992,4.353089538574219,13.4873388671875,14.270245971679687,12.502906616210938,0.9419816131591797,0.7683254089355469,0.1450025043487549,1.0484796447753906,97.64178385734559,0.3169620475769043,27.357319835573435,0.33019684293904017
22515,2025,Heliot Ramos,SFG,25.0,695.0,163.33976196289063,99.57108345031739,31.222861213684084,2.9090604639053343,24.973746910095215,79.3711559677124,82.19004928588868,56.07583999633789,5.756703553199769,4.276414451599122,0.6911654323339462,8.842162580490113,628.1998765665293,2.2567458474636077,167.65853768447414,0.32554910410417104
22530,2025,Johnathan Rodriguez,CLE,25.0,77.0,16.236885055541993,10.200380432128906,3.3167656593322756,0.3093716535568237,2.3138928260803224,9.143646018981935,8.49892375946045,7.3269918899536135,0.7956330833435059,0.5115898766517639,0.1564868426322937,1.0585358695983886,68.20929830741882,0.22535199856758117,19.042948668356985,0.3131133487397439
22532,2025,Tyler Freeman,COL,26.0,428.0,94.6331671179533,66.04067124855519,18.786272811830045,1.1562967166397722,8.709544797092676,50.53873118394613,43.02897846144438,31.972226099789143,7.819129062011838,2.694819630522281,2.287942036397755,12.896142895311117,383.22588317127895,0.9988614097107202,81.41852555200019,0.3039213822823143
22542,2025,Lawrence Butler,ATH,24.0,630.0,151.53965713977814,93.0840615928173,32.48436446227134,2.4575371741550045,22.804328403621913,78.54679724648595,76.69346551001072,49.81247543916106,4.2473534302320335,5.338466465659439,0.6719517178600655,18.97858913652599,569.9297529470874,1.4129807642195373,149.81430537492326,0.3354000295155289
22557,2025,Michael Siani,STL,25.0,19.0,4.176326751708984,2.7636256103515624,0.7655584335327149,0.10127775382995606,0.43629811096191407,2.3202303314208983,1.9695957336425782,1.4432525939941407,0.21612989234924318,0.1189292140007019,0.29173323154449465,0.7103517150878906,16.92995506811142,0.049640262365341185,4.404554812936112,0.30004853165949086
22558,2025,Jarred Kelenic,ATL,25.0,65.0,13.945964431762695,8.494281845092774,3.008089084625244,0.3630543231964111,2.133798866271973,7.936300048828125,7.342634506225586,6.016468276977539,0.558495683670044,0.3589742493629456,0.17914600014686585,1.300053186416626,57.886915789842604,0.193407940864563,17.178823036374524,0.32092129873014497
22563,2025,Gabriel Arias,CLE,25.0,471.0,104.64991003417968,66.90076496887207,19.992913650512694,1.8252495353221894,12.969227485656738,55.521863204956055,50.85766525268555,37.90953847503662,4.8270200815200806,2.584347797870636,1.1177787437438964,7.670328357696533,424.5613149018288,0.9417439670562744,119.71857029129751,0.3050018515294884
22581,2025,Alejandro Kirk,TOR,26.0,506.0,113.09840061843396,76.87701400530338,23.045578259021045,1.2350481760203837,14.333414399847388,52.713726108372214,58.80461864051223,45.90880473876,4.608109942249953,3.5300417347643527,0.7489260810958221,4.474635148383677,451.20411750312985,1.359144694712013,82.16728111966889,0.3232084139148896
22664,2025,Gabriel Moreno,ARI,25.0,309.0,72.7292954864502,51.06534773254395,13.975624294281006,0.5152415192127228,6.727967433929443,34.283353385925295,33.60822450256348,29.23548976135254,2.6153190479278563,1.8128116793632507,0.5232010445594788,2.6432460851669313,274.8131784667969,0.7542128577232361,57.95121945266146,0.3221996655523519
22707,2025,Gustavo Campero,LAA,27.0,66.0,14.738182455182075,10.004852567195892,2.7388609806597235,0.32530334129557015,1.5790486780107023,7.700948383569718,6.714439422726631,4.9359889649748805,0.9964208758100868,0.3693017983026803,0.27194043462350964,2.1917537299990655,59.42634792628884,0.14465265248157083,13.955597644266874,0.306713569113931
22715,2025,Maikel Garcia,KCR,25.0,666.0,156.57525247192382,106.4856014099121,29.66552318572998,4.875652685165405,13.737809921264649,82.5187322845459,69.89498561096191,50.05397103881836,3.7618212661743167,4.294519452095032,2.7200758666992186,24.297679138183593,605.1696123762131,1.6702720384597778,126.23465160140768,0.30844746056960837
22766,2025,Steward Berroa,MIL,26.0,6.0,1.2844754383563997,0.8302879375219345,0.25055458782613277,0.03250619584321976,0.1696625721976161,0.7452027216553688,0.6194263967871666,0.5231454488039017,0.05974144477397204,0.03434989012777805,0.02078321772068739,0.15479317221790553,5.361979998573661,0.014893963001668453,1.4152529197498014,0.3097967133692062
22799,2025,Geraldo Perdomo,ARI,25.0,720.0,159.85363403320312,107.87852416992187,32.00036407470703,2.500371036529541,14.886761627197266,86.7728045654297,71.04710083007812,70.59179992675782,8.370825347900391,5.632449073791504,6.1252061462402345,17.32271484375,629.27971950531,1.1233488750457763,131.70216232538223,0.3147252896178147
22823,2025,Oswald Peraza,- - -,25.0,265.0,56.667514114379884,35.7825008392334,10.670821266174316,0.8604507613182069,8.41509449005127,32.12552227020264,28.23554256439209,23.456964111328126,3.6977434062957766,1.4916782259941102,0.43041249096393586,3.979359483718872,235.92320176541804,0.5959043371677398,62.38953072170261,0.3117851272102146
22842,2025,Alexander Canario,PIT,25.0,234.0,49.0860524597168,32.414323699951176,10.269984031677247,1.1557095165252687,7.32541381072998,27.91952668762207,25.597540145874024,19.532922912597655,3.1296832752227783,1.4023204994201661,0.6719777555465698,4.4500815925598145,209.26309555721284,0.6184556694030762,58.81250003585592,0.31780750341913466
22857,2025,Wenceel Perez,DET,25.0,383.0,85.25587246704102,55.14449031066895,16.616122703552247,2.1653566422462465,10.768039068222047,46.67201205444336,40.98401848602295,32.099608932495116,3.503996934890747,2.515895133495331,2.0249720220565797,9.021389793395997,342.8555269770622,0.8388123917579651,79.45576077327132,0.31440298830036645
22896,2025,Lenyn Sosa,CHW,25.0,544.0,127.12345996093751,82.89561083984376,23.53342041015625,1.4601546325683594,17.7724375,59.28981176757813,64.18582421875,36.30973388671875,3.7868662109375,5.133722961425781,1.8136020278930665,6.398783813476562,496.9560749130249,0.8509307250976562,114.37959410250187,0.3120380336777182
23003,2025,Yainer Diaz,HOU,26.0,567.0,143.23533232730628,96.64774086633325,27.48036683099717,1.6983977089324036,16.36552175247297,64.05632878929377,72.25216485849023,32.51478971533477,5.1543283653762195,4.688233188763261,0.7099043454097118,4.644315205190331,523.932744385116,1.5431836162260735,114.68559690917638,0.3220286776140784
23250,2025,David Banuelos,BAL,28.0,2.0,0.44031076312065126,0.2826329516172409,0.08579530888795853,0.007372939495369792,0.06240004633367062,0.23558562308549882,0.22859019950032233,0.16847440844774247,0.021518121123313905,0.013320775331929326,0.007432564948685467,0.031073678910732268,1.789254130148329,0.005883276144042611,0.452377183536886,0.315821474426017
23296,2025,Jacob Amaya,CHW,26.0,73.0,15.939939589679241,10.314040907621385,3.091733159132302,0.2286817510193214,1.958708960555494,8.564701704218983,8.024434983417391,6.100477071091532,0.7152696161326021,0.4601781813604757,0.3268231412330642,1.1614110823459924,65.39725199018233,0.20263959129294382,17.143035933287532,0.30428655826857054
23312,2025,Ryan Noda,- - -,29.0,59.0,12.21993237733841,7.392246648669243,2.6596766225993633,0.20604650652967393,1.7668527569621801,6.90522026270628,6.560491696000099,5.907851502299309,0.6190885407850146,0.32558552408590913,0.17586823692545295,0.7248650407418609,51.971606195904315,0.18316868739202619,15.190187364816666,0.3121476824793467
23372,2025,Hunter Feduccia,- - -,28.0,105.0,22.676802773326635,14.872264770716429,4.435149183645844,0.33731240914436056,2.8669812668301167,12.265795284435153,11.330797346010804,8.473154481723904,1.0708647796232253,0.7149729818338528,0.37795304335886615,1.7107238071784376,94.36305471346014,0.2521311628818512,24.59647100618772,0.3034648622564773
23378,2025,Jose Barrero,STL,27.0,31.0,6.406136675179004,4.198801666438579,1.2419085920453072,0.10207866217754781,0.85520977383852,3.551070393919945,3.283018972724676,2.5927463891506197,0.30732116651907565,0.20201156547665597,0.12531622195243836,0.4911690895110369,27.77260465690121,0.06765649384912104,8.092888612521024,0.29783598039899084
23395,2025,Eric Wagaman,MIA,27.0,514.0,115.64342696917058,76.24818426012993,21.801957825899123,1.6299710108768195,15.534498762205244,58.71692373692989,60.40376232033968,40.09108285713196,5.212528042726219,3.8082890150770545,1.0526869543176145,6.543098609618843,463.83541313074716,1.3319789672959597,118.89584704114513,0.31320206921686405
23401,2025,Jose Caballero,- - -,28.0,370.0,78.14722294807434,48.348563514351845,16.402142794579266,1.413149753464386,9.973704171031713,46.002639284431936,37.46802988171577,29.653424063622953,7.027008300051093,2.7662694534938783,2.2063903256691995,15.102320897877217,328.3469078571629,1.2600725712208078,81.7932906906837,0.30364969411691733
23442,2025,Luis Vazquez,BAL,25.0,53.0,11.754332656860353,7.679630935668945,2.345177215576172,0.24156397151947023,1.56038098526001,6.361495315551758,6.169778312683105,4.547599510192871,0.634711109161377,0.35830134201049807,0.18393752312660216,0.8800317173004151,47.27545051550865,0.15994767594337464,12.537218470242806,0.3204068986700602
23565,2025,Davis Schneider,TOR,26.0,227.0,45.69316273412109,27.485404017731547,9.849915656358004,0.8207979500400834,8.317840504452587,27.456923244968056,27.25880780787766,23.332033745616673,3.128846267875284,1.8874807012360544,0.42463710163789803,2.847402790632099,198.22700218363408,0.6114664977099746,63.721929118769104,0.3239423168720359
23690,2025,Brayan Rocchio,CLE,24.0,383.0,82.19398535475135,54.8920230293274,16.109259494058787,1.2314269495476038,9.52947109591216,45.87807079836726,41.31609381616116,34.811113415658475,4.1007407219801095,2.574357736990787,1.7419352481793613,7.185578284300864,339.7718528771913,0.7706195339863189,80.52377845477132,0.30739748643588677
23691,2025,Jose Tena,WSN,24.0,169.0,37.92334902256727,25.641256296783688,7.252959032803774,0.6184892396721989,5.088047697395086,20.410072443634274,18.949676680639385,11.786493221595883,1.7279557515121997,1.1390699852397665,0.3717106925114058,2.5788925845362245,153.97477034914075,0.3699310310510919,37.621106279706495,0.31161830106911936
23695,2025,Everson Pereira,TBR,24.0,73.0,15.982475885748864,10.052782984375954,3.1370805145800116,0.34868083060719074,2.2360374485515058,9.061964580565691,8.359996739625931,6.431324346363545,0.8605218773707748,0.5302500798087567,0.22817809069529177,1.2908203500695528,64.94972560576163,0.1837967283348553,17.67218723459151,0.3163970913438622
23697,2025,Julio Rodriguez,SEA,24.0,710.0,170.04679002165796,109.19670721739531,31.172566119208934,3.1310632524080577,25.51051814518869,92.87807790488004,86.47957951277495,52.02374391332269,7.7838652719743555,3.927123162103817,0.5426901989383623,20.463378455117347,645.7225774536607,2.8329204436857256,170.91743373176428,0.33091475399494946
23698,2025,Ronny Mauricio,NYM,24.0,184.0,40.895792860984805,26.037788989543916,8.23421928614378,1.0580863469094037,5.422052545547485,22.581710018515587,19.320015888810158,14.721198953986168,2.092664974704385,1.0493913943320512,0.6078739447891712,5.477720222324133,165.52887073218824,0.4894573288038373,44.80546770743953,0.31535108390918737
23733,2025,Ezequiel Duran,TEX,26.0,219.0,50.27666060042382,34.42416297215223,10.086936701707542,0.7880095264208503,5.869236026778817,24.17044133761525,23.785747756943106,13.880824470072985,2.2839093623533846,1.2319179394198583,0.6991036286246963,3.523400743301958,200.90424459952908,0.3406529089144897,51.216758963284185,0.30939325707088927
23772,2025,Wilyer Abreu,BOS,26.0,417.0,91.2714419580996,55.289252669513225,18.739214529141783,1.7700759980734437,14.502241154260934,50.22712111499906,49.2467588018328,36.072146106004716,3.9495575952921063,3.0568347436739134,0.5690085675192531,6.418779246630147,373.35245298751,0.9151401019049809,105.03784504175654,0.31851713039686214
23782,2025,Leo Jimenez,TOR,24.0,32.0,6.8959970283508305,4.6441720819473264,1.426898946762085,0.11219865888357163,0.899762452840805,3.5212742400169375,3.825441596508026,2.3803514766693117,0.6354650437831879,0.22665101617574693,0.1296184316277504,0.49284576922655104,28.627914031744,0.057965198121964934,7.460576585195597,0.31424223062384354
23788,2025,Jordyn Adams,BAL,25.0,5.0,1.1056998443603516,0.7109634399414063,0.21364530563354492,0.021005797386169433,0.16057147979736328,0.6076611328125,0.5774229431152343,0.4297846603393555,0.0545596170425415,0.028870666027069093,0.015140875577926637,0.11833035469055175,4.471644181013107,0.0128185772895813,1.184293141704984,0.3200465066209859
23789,2025,Blaze Alexander,ARI,26.0,266.0,57.80762740039825,39.44981493872404,11.346705574035644,1.029615878966637,7.630131834313273,31.00393709024787,30.347072400569918,21.70407804915309,3.085801232941449,1.947443441696465,1.3003756149150432,3.687137504465878,237.96230166129396,0.7264665622739122,59.72177791454937,0.31594033788676407
23792,2025,Alek Thomas,ARI,25.0,469.0,109.04004536437988,73.44037908935547,20.294088222503664,2.891098279953003,10.581522666931152,57.05413339233399,48.79907214355469,35.07617050170899,4.533270531654358,3.1423974161148074,1.6962774436473846,12.654806848526002,424.55188410687447,2.1598973054885864,82.65037955425214,0.30921044522591695
23800,2025,Parker Meadows,DET,25.0,213.0,45.38280976867676,28.628365493774414,8.198343544006347,1.1224932374954224,6.96165259552002,29.38017398071289,25.662866363525392,19.172713851928712,1.937900113105774,1.5476893401145935,0.8177689018249512,6.166328224182129,189.52392779302596,0.6028556971549988,49.87036233069375,0.312511411548946
23818,2025,Ji Hwan Bae,PIT,25.0,25.0,5.549222564697266,3.68197135925293,1.0575802803039551,0.14010672569274904,0.6689563274383545,3.234409713745117,2.527109718322754,2.3020706176757812,0.2587769031524658,0.1387912631034851,0.12109299898147584,0.6726077556610107,22.179268217086793,0.0710070252418518,5.731769124395214,0.31980740292115506
2396,2025,Carlos Santana,- - -,39.0,474.0,97.01812420655223,60.06171205668774,20.065254826568864,1.021857641962836,15.519291220359433,53.66589907303597,56.923866344308394,45.247326675549296,4.725723355574515,2.7005666279170697,0.42983341817427606,2.7329806166077124,420.89654992278486,1.3551206933786568,91.7837854474783,0.3091926529330131
23968,2025,Jorge Barrosa,ARI,24.0,77.0,17.084770539551975,11.341195802986622,3.3607871174812316,0.40714219465851786,2.0675053848885,9.288073797747494,8.260974775627256,6.160663644298912,0.8849298065528274,0.4947085615526885,0.3273515538591892,1.930365218706429,69.13234643373639,0.21300246690399946,16.617932713147507,0.3134071504820555
23986,2025,Curtis Mead,- - -,24.0,264.0,58.75022418379784,38.2844516479969,12.291320260763168,0.8548634138144553,7.757840059250594,30.515195800065996,30.924350956678392,21.572348860502245,3.3354795614629986,1.8281789938732982,0.5759231580980122,3.1314548175036907,236.68806942606344,0.5451161918789148,54.603421225131136,0.3181203709394699
24064,2025,Ezequiel Tovar,COL,23.0,390.0,90.4512945842743,55.55655482053757,18.82520813673735,2.013577975742519,12.289058131724596,50.659038718342785,48.64436159491539,28.842258389890194,2.8023658273927867,3.5232439625635745,1.371064724335447,6.051448077186942,353.461067095818,0.5992176604131236,97.28753543728567,0.3163305900794636
24257,2025,Jhonkensy Noel,CLE,23.0,153.0,34.96241630101204,21.949794606149197,7.516090742558241,0.4377907674741,5.610962273284793,17.993770903229713,19.017243041396142,11.591879647403955,2.0022567111700775,0.8455871643293649,0.22625427054706962,2.431529020406306,138.33402220654952,0.3733253128901124,37.67282173440263,0.33036964873763364
24262,2025,Ceddanne Rafaela,BOS,24.0,587.0,134.59778895691036,85.35896215185524,26.344792876839637,4.022997742528096,16.817566784583033,76.73740734919906,63.919971909523014,40.33814304828644,6.74878394279629,4.26900001030881,1.8998682927619666,18.359199728034437,533.7442047058465,0.853965408850927,145.35584594439536,0.3109072623754176
24273,2025,Liover Peguero,PIT,24.0,88.0,19.628478959798812,12.842061789035798,4.1744448092579844,0.3445365960896015,2.6051821814477445,10.384370813965798,9.834517332315444,6.878650435805321,1.0151183277368545,0.518006711602211,0.3434398753941059,1.4855985061824322,79.24478464946151,0.24065191878005862,21.1942322045854,0.31906856460302946
24336,2025,Johan Rojas,PHI,24.0,172.0,39.55615503907204,27.347480823397635,8.017732474654913,0.9962632780335844,3.913750680834055,22.4916175198555,16.817507199048997,11.037384846955538,2.47581001162529,0.9255581217817962,2.4192109410837292,8.014882053732872,155.14203607855364,0.4639770758431405,35.93064835928019,0.314122750118573
24400,2025,Terrin Vavra,BAL,28.0,1.0,0.21305368983745576,0.1484940347969532,0.04049999176710844,0.0038123225942254067,0.022775929104536772,0.11557114937901497,0.10309811972081662,0.08500619038939476,0.009634513109922409,0.005827152393758297,0.004256992033682763,0.012247023420408369,0.8952751520732418,0.0023107110573910177,0.21325238419337492,0.30178846803734194
24488,2025,Max Schuemann,ATH,28.0,213.0,44.27417310923338,29.69607450860739,8.405487390585243,0.8250707749659195,5.121567172318697,25.72552951052785,19.894107750490306,20.346581718206405,1.9276936911307276,1.431288357803598,0.9059096244145185,5.091194643504918,188.38852660844475,0.46027783732675015,49.66373514998742,0.3019670364247101
24496,2025,DaShawn Keirsey Jr.,MIN,28.0,88.0,19.26057453751564,11.988697412729262,3.8536016120910643,0.3176769949346781,2.89398953551054,10.45200353729725,10.03902351808548,7.234492506623268,1.1434788978546857,0.5926452840417623,0.2130450271628797,1.2457668448239565,78.81633828431741,0.25352682974934576,19.57319116971602,0.3155551433602303
24589,2025,Richie Palacios,TBR,28.0,48.0,10.235564257621766,6.858941177845002,1.7962650371789932,0.12920748460292816,1.1589133592247962,5.608040265798569,4.6664881961345674,4.6724849030971525,0.5583337398469448,0.2813772966563702,0.17248782576620578,1.5722636754512787,42.31531623463333,0.15276644041389226,10.263680937749966,0.3040537483493257
24597,2025,Jonathan Ornelas,- - -,25.0,10.0,2.1804954528808596,1.4421713256835937,0.4229893112182617,0.029982037544250488,0.2749753189086914,1.1387071228027343,1.0835051727294922,0.7848411560058594,0.12437663078308106,0.06556875228881837,0.05663069248199463,0.15617448806762696,8.968582768440246,0.029376368522644043,2.4233374278992414,0.30677035821239124
24598,2025,Addison Barger,TOR,25.0,502.0,108.14867517089844,70.08182275390625,21.377020362854005,1.5749621887207033,16.02976115036011,56.59208941650391,57.380570129394535,41.46427238464356,4.900300468444824,3.1038612565994264,0.8154972229003906,5.251959373474121,451.71606866741183,1.0872826337814332,119.90506670554169,0.31176615987743295
24605,2025,Michael Helman,TEX,29.0,110.0,23.58472377061844,15.517553389072418,4.692208431661129,0.4333052597939968,3.3264708146452904,12.820971086621284,12.568683922290802,8.966531082987785,1.1890725325793028,0.7877864548936486,0.4735299153253436,1.5329514909535646,98.58308001421392,0.3043969813734293,26.05691686272621,0.3120054949074627
24610,2025,Steven Kwan,CLE,27.0,693.0,165.3536743558645,120.68480531108379,29.070808387219905,4.833217330344022,11.935691711738706,87.84455033379793,64.56838118925691,62.942880630880595,5.982518249429763,4.716637965777889,3.3941242285631597,11.806868044026196,615.9638389253486,1.5147510601216927,92.44978849006735,0.3235361877958805
24617,2025,Jarren Duran,BOS,28.0,696.0,169.99038817620277,105.06661463356018,33.625423491597175,5.1518700062334535,21.807325100541114,100.36047794365884,73.47479291045666,56.94921191632748,7.12687760129571,4.683152809761465,1.0146454016938806,24.190587807655334,626.2261122709215,2.7248998448140918,162.4010583278436,0.334913509948842
24618,2025,Ryan Jeffers,MIN,28.0,464.0,102.08362588500977,64.1530034995079,20.269134147047996,1.349133842870593,15.016662782669068,52.722688081264494,53.153046426296235,37.82892073464394,9.738953807413578,2.784003137290478,0.7995964840985834,5.713705722689629,412.84852583655345,0.8332586050257087,98.9519104094913,0.31978306771595105
24655,2025,Owen Miller,COL,28.0,17.0,3.720689598321915,2.522364716231823,0.7286466627791524,0.04576529649505392,0.43942234897240995,2.0034027367681264,1.873141572624445,1.3114232323169708,0.1707897485457361,0.11971967387758195,0.04607974076084793,0.2792959199771285,15.351987604498863,0.048754302888643,3.7091602654627733,0.303699503527993
24679,2025,Brendan Donovan,STL,28.0,515.0,120.58353216350079,82.69814440205694,22.512155854180456,1.0647433705744334,12.527654895074665,60.05317121453583,58.449824978262185,46.8765128813684,9.594266085866838,3.9443154275789856,0.9744693908875343,5.180605553761125,453.61043621429826,1.3402301454893313,86.90638330655828,0.32700196275516547
24703,2025,Jonah Bride,- - -,29.0,125.0,26.772312819957733,18.062574788928032,5.46767795458436,0.3497462603263557,3.1953025609254837,13.06329295039177,14.68385849148035,12.066594325006008,2.007084432989359,0.9475902770645916,0.28196212952025235,1.4784563099965453,109.69676883541979,0.25346101028844714,26.792896911501884,0.3183772105668722
24729,2025,Logan O'Hoppe,LAA,25.0,451.0,98.79341632080079,60.202574844360356,17.488005687713624,1.0484914731979371,18.371672801971435,51.76694934082031,55.26210299682617,36.560677391052245,4.894485224723816,3.598699363708496,0.9558951098918915,3.9383790397644045,404.9902429106236,0.7823164582252503,112.71765019046143,0.31802127893642357
24759,2025,Mickey Gasper,MIN,29.0,110.0,22.66423061490059,15.142896324396133,4.637957401573658,0.42101244209334254,3.167290613055229,12.693262547254562,11.816370189189911,9.684646874666214,1.137082576751709,0.7085926132276654,0.5165323801338673,2.1209776028990746,97.95314555522054,0.2904808125458658,26.172209829092026,0.30949310492256343
24770,2025,James Outman,- - -,28.0,148.0,30.041372502326965,19.301831159472467,6.059103163838387,0.6415740581713617,4.6130117502063515,17.116532756209374,15.666990026593208,13.952727894425392,2.123136999279261,0.8479526316411793,0.35229956156387926,2.8806322197318077,130.72388291309028,0.32203918843343854,39.752099551927024,0.31357341269439504
24782,2025,David Villar,SFG,28.0,25.0,5.2937632441520694,3.2986996330320837,1.035367812216282,0.07248678694013506,0.8453030543401837,2.861601461097598,2.867949966713786,2.0417106989771128,0.3556952409911901,0.17741202737670392,0.07681887375656515,0.32093101255595685,22.34836315889843,0.07304154336452484,6.271537326676234,0.31026260438931574
24816,2025,Andy Pages,LAD,24.0,624.0,141.47649232864381,94.16363663434983,27.034346866607667,2.4068637624755502,19.592299516797066,72.6392106127739,72.13161028504372,49.59304189682007,7.235077064484358,5.279474266022444,1.168792825397104,6.709825221598148,560.723613947276,1.4663025469332933,140.5645511682751,0.32205525642800437
24934,2025,David Fry,CLE,29.0,157.0,32.46051821112633,20.70803292095661,6.515522561967373,0.4809538433328271,4.840535989031196,17.92805065959692,17.70572965592146,14.324874758720398,3.159615319222212,0.9546282412484288,0.20485190651379526,2.0375029547140002,138.35602977429517,0.31503132451325655,34.76426726579666,0.31456809795707524
25040,2025,Vinny Capra,- - -,28.0,105.0,22.642025029957296,14.43268794581294,4.604029401764274,0.3343518199492246,3.084717760942876,12.439081155583262,12.261993264108897,8.30284270182252,1.1872096709255129,0.710409927838482,0.3940992098255083,1.6236895334534347,94.40543848958798,0.2879280529101379,24.04381263682667,0.30581008999063747
25055,2025,Nate Eaton,BOS,28.0,90.0,18.934301373660563,12.533869028985501,3.5785690809041264,0.3952584890183061,2.387330858744681,10.651102312356233,9.41833097845316,7.179944212585688,0.9927957978844643,0.5755884328298271,0.41878629349172114,2.309874911606312,80.8328852632083,0.22553835405036807,21.21047563036204,0.29883343492585307
25180,2025,Daniel Schneemann,CLE,28.0,422.0,92.02453991991281,57.62458069449663,18.706283993750812,1.6616730079501867,12.441348276644945,48.376736878097056,46.832738908290864,35.378335116088394,4.213067879471928,3.168093629606068,1.1649708384191617,6.258914927795529,378.07553253641447,0.997014124089852,103.79342749625978,0.3089489854306164
25332,2025,Endy Rodriguez,PIT,25.0,57.0,12.398716781616212,8.002640487670899,2.481916385650635,0.21090357685089112,1.5068396530151367,6.722694076538086,6.099504455566406,4.94393025970459,0.5180449361801147,0.3342763123512268,0.1566516366004944,0.9823061027526856,51.04709685516357,0.1103117802143097,12.54668305045925,0.30598531583636346
25353,2025,Michael Stefanic,TOR,29.0,25.0,5.421865358948708,3.769627958536148,1.0416166856884956,0.10210450273007154,0.5770023446530104,2.7066295966506004,2.6155419647693634,2.169225551187992,0.3823519218713045,0.14347531832754612,0.11922152480110526,0.33016824163496494,22.185725683812052,0.054295058362185955,5.154372751712799,0.31180397448096603
25448,2025,Greg Jones,CHW,27.0,2.0,0.4311402589082718,0.2761898651123047,0.0800524400472641,0.008936754237860441,0.06628880348801613,0.2433848721385002,0.23455213862657548,0.1733713675737381,0.020072819173336028,0.011032011222094297,0.008149727508425712,0.031890105962753296,1.7873740745224058,0.007496683530509472,0.4913861690302611,0.3161248183349834
25477,2025,Isaac Collins,MIL,27.0,441.0,93.44689372229577,61.61525464779139,17.89291126897931,1.750349769992754,13.107347747683525,51.84102506384254,48.58486713847518,36.39453163781762,4.824812162194401,2.987702566774562,2.3775784143581986,9.07093869535625,394.4153752188552,1.3121618809383362,104.99923010706429,0.30836444756569226
25479,2025,Brenton Doyle,COL,27.0,538.0,122.39028812730312,75.42146199190617,24.35034885084629,3.1765546668842437,17.050332685887813,68.9630709258318,61.118918122053145,45.172618268013004,3.786336085867137,4.070639863546938,1.4999290088824928,21.023403516590594,483.47047677369045,1.3737298656962813,132.9175755087095,0.31902666205848246
25483,2025,Nick Sogard,BOS,27.0,104.0,23.167313431739807,16.09811328125,4.2488761262893675,0.4164161598831415,2.6182941591739657,12.313456756830215,10.466795937299729,8.948737607955932,1.0512232641279697,0.6414342745244503,0.40101616506278515,2.3485257244706155,92.95758868832887,0.21354427994042635,24.46672190790591,0.31391033637964977
25493,2025,Joey Ortiz,MIL,26.0,506.0,112.08137707155943,73.4207197470665,21.960298484623433,2.520112700264901,12.278121907643975,62.98242938873172,53.55056626328826,45.09060503911972,5.309036347292364,3.417411763375625,1.5360695090387018,8.928924874998629,450.6468773411736,0.8317552386689931,105.89471096374197,0.31023532920480784
25524,2025,Aaron Schunk,COL,27.0,33.0,7.187395698666573,4.741332423627377,1.3816352156102658,0.12018561573699117,0.9622002822160721,3.803164132654667,3.6466593478024008,2.705498503625393,0.34690688444674017,0.22625541623309256,0.10420871549751609,0.4689657695665956,29.617130480197257,0.08175515019893646,7.703913132781567,0.3102941885200289
25543,2025,Korey Lee,CHW,26.0,40.0,8.863582818508148,5.8390677285194394,1.7050540202856064,0.12717032471671702,1.3205743506550789,4.779331358075142,4.605586716532708,3.018486777544022,0.2913194124400616,0.23256566509604454,0.07812375888228416,0.6363206134736538,36.37950438603759,0.07187763781286777,9.960648118864109,0.3129821965569074
25621,2025,Bryan Ramos,CHW,23.0,12.0,2.7350084924697877,1.727929050922394,0.5183135531544686,0.04406498786062003,0.3768687927424908,1.4336193934679031,1.3849378695487977,1.025299456357956,0.11581397831439973,0.09362225805222989,0.03292159920930862,0.1413245323598385,10.732342708066106,0.027622794426977636,2.58668526489302,0.3184853987572278
25643,2025,Drew Millas,WSN,27.0,55.0,12.063382483124734,7.997495385706425,2.3505204922705887,0.19002893759869038,1.4397943479567767,6.476639555096626,6.061177607029676,4.588229914903641,0.5233441089838743,0.30260673887096345,0.18823729400057346,1.2885907266661525,49.39758194324095,0.15104413052555174,12.542632934839828,0.30696323183489055
25660,2025,Will Brennan,CLE,27.0,13.0,3.022694214105606,2.048852221250534,0.5722314845025539,0.03559124528523534,0.32116891069710257,1.4774979162812234,1.4221229808926583,0.8718153975903988,0.14894334979355336,0.09351131784915924,0.026777258538641036,0.18558247922360896,11.858952676228247,0.023781291369348766,2.63018757399363,0.30457534673202963
25690,2025,Grant McCray,SFG,24.0,26.0,5.840707130432129,3.5766043639183045,1.2006484110653401,0.14506022767163815,0.8511579084396362,3.3206622825562957,3.0584305258095266,2.095485873371363,0.2282544805854559,0.1775401069689542,0.07907596883829683,0.558388563580811,23.41964357023593,0.06991863554809243,6.674117717928099,0.3185230619553636
25705,2025,Dustin Harris,TEX,25.0,43.0,9.486910430908203,6.024692626953125,1.73805122756958,0.12651902651786803,1.4200468521118164,5.151735412597656,5.083867835998535,3.8791493759155276,0.5236703405380249,0.2656154718399048,0.11124109792709351,0.6791607265472412,38.22032371377945,0.12459779167175293,9.707566074212082,0.3189924100008602
25764,2025,Bobby Witt Jr.,KCR,25.0,687.0,174.05618193054198,111.02174102783204,36.6236014251709,4.214097189903259,31.26342166900635,102.36303144836425,96.80000450134277,52.026784858703614,6.5156018314361575,5.411372451782227,0.8812541710138321,28.09019785308838,622.1649866870641,4.365347442626954,124.39039480523206,0.37372372168903223
25768,2025,CJ Abrams,WSN,24.0,635.0,139.99061795398595,92.84568929746747,30.877673996053637,4.15411317772232,18.443816844094545,83.30655309334398,74.98932499215007,46.02959420606494,12.935794933512808,4.991480200598017,1.7324236746877433,22.970462073758245,569.3107069851364,1.673069441562984,131.87294214674571,0.32591323591836263
25782,2025,Pedro Pages,STL,26.0,389.0,85.41761980593205,55.61141783723235,16.629127430059015,1.2650853669694626,10.690752393566072,43.139265049621464,43.22401067611575,30.665524922698737,3.9030560421999545,2.746189764088951,1.368083274917677,6.251892253249884,350.31714599609467,0.8251741368751973,85.67289753372403,0.3041771695049218
25805,2025,Blake Sabol,BOS,27.0,18.0,3.808925844311714,2.474230693101883,0.7609001673460006,0.057037024799734354,0.5476567121744156,1.9972223675251006,2.002444050192833,1.5068077781796456,0.2762237253114581,0.11753453066200018,0.09622035055607557,0.2538920370787382,16.00321361529082,0.05083226017467678,4.462951433517245,0.31263630780466806
25807,2025,Jared Triolo,PIT,27.0,376.0,81.5435086593628,53.32747372198105,15.853188668251038,1.1992485582306982,9.987445299506188,42.04300684928894,40.35660026192665,33.69336287403107,4.501627495199442,2.5778136322796343,0.7738932360261679,5.99946418863535,334.4533027624637,0.7338374649062753,88.0757444225281,0.30884308731055177
25816,2025,Shea Langeliers,ATH,27.0,523.0,109.51289899194241,65.70013964867591,22.015876434177162,1.7521995933130383,22.045450063690545,59.33887343195081,64.46808319646121,39.71790299534798,5.361262396316976,3.275452239410952,0.972771654273849,4.850700271233916,473.67261071465026,2.3832344794794915,128.43675393125284,0.31658091070621996
25845,2025,Michael Toglia,COL,26.0,337.0,72.28629311636091,43.5378009493351,14.206863746285439,1.3293477393710054,12.63510564251244,41.997175423517824,41.29187939453125,32.39867191049456,2.5711943714395167,2.201588942717761,0.3822539570934605,5.701034482240677,299.4462908182547,1.099375229658559,91.58129498274715,0.3227084562449249
25867,2025,Ryan Kreidler,DET,27.0,44.0,9.217153444290162,6.287383062362671,1.689021711409092,0.21012065810710193,1.1389458771646024,5.245699518680572,4.588369917392731,3.592493064880371,0.4839017667472363,0.2562020046338439,0.21915017586946486,1.1484336169362068,39.44825298786908,0.09660242246091366,11.066531357557876,0.30090436446057317
25878,2025,Corbin Carroll,ARI,24.0,642.0,147.41626785904168,91.30480081826448,31.142527942210435,4.979385759774596,21.109984186515213,92.94927812486887,74.31864460229873,66.29972878172994,9.802514668721706,4.7624665023107084,1.3117927889339627,26.369408221542837,559.8234972583036,1.2989406911283732,129.74779637693203,0.3492398199474632
25931,2025,Michael Harris II,ATL,24.0,641.0,159.6457654634118,107.78679712742567,28.335530025102198,2.5953689813707026,20.103352616913618,80.54997443377972,72.78812171146274,39.42168132841587,7.17567100841552,2.900803696922958,0.945252416599542,15.121537304855883,590.5565915496461,2.4783487406629137,129.8102682799969,0.32627752383645586
25961,2025,Kerry Carpenter,DET,27.0,464.0,105.76441507530213,64.86042456436158,21.12212582540512,1.9538686303496362,17.667714603662493,55.71057522058487,61.08833937072754,40.41544540119171,7.76706939971447,3.207030201435089,0.6139917301312089,4.957221750915051,411.99646326752753,1.688673518553376,115.80775283542074,0.3384701267991899
25971,2025,Kevin Alcantara,CHC,22.0,12.0,2.7017628976106645,1.7752080799341203,0.5270474908947945,0.0461193361915648,0.3492230351418257,1.4192837347984315,1.366723004937172,0.9899969692826271,0.131535989664495,0.07584273212403059,0.06147488332539797,0.1870551389604807,10.74114942560345,0.034169031199067834,2.638614109061272,0.31829308526385663
25976,2025,Riley Greene,DET,24.0,655.0,153.4216562367976,94.44202301204204,29.094464617967606,4.060558733250946,22.539296023175122,79.48077016063034,77.25641819350422,66.04707099944353,5.284110776660964,4.394946407619864,0.5174559348728508,9.78056741412729,578.7564158814027,2.7176434671506287,167.59051585081713,0.33988062086362403
25979,2025,Nasim Nunez,WSN,24.0,92.0,20.076102221012118,13.88169529914856,3.6748132802546025,0.4357080767676234,2.0503196625411513,11.208362568914891,8.934240100979805,8.366337662637234,0.9834599951654673,0.6381851086392999,1.3353049878031016,2.6445088794827463,80.6767122457549,0.22237790861167014,19.768755991482042,0.31182727921505077
26121,2025,Francisco Alvarez,NYM,23.0,277.0,61.95336028927565,38.300142684578894,12.430849886998535,0.8729193458799273,8.038185010999442,31.63587808865309,33.36197268921137,23.39750630041957,2.8316129712313414,2.0852285948954523,0.3356535259713419,2.8199084334298967,248.3499986074823,0.8167300676917657,64.68927379855778,0.30927487990597524
26123,2025,Brett Baty,NYM,25.0,432.0,95.1602607421875,63.37447119140625,17.591386596679687,1.0078709106445314,12.929504699707032,47.62398889160156,48.41028149414063,36.95633239746094,4.336385559082031,3.1252100372314455,1.8958658752441406,5.3101146697998045,385.6862061309814,1.0508639488220215,103.7672278471291,0.3135327792998039
26149,2025,Dominic Fletcher,CHW,27.0,34.0,7.478606696844101,4.964522162914276,1.5316634904444217,0.14357318780571224,0.8375300072282553,3.600237506747246,3.5872969880104066,2.6118793036341668,0.29699311492592095,0.2599175917506218,0.15872509630024434,0.39860847549885514,30.672484893389047,0.07775921927578747,7.075623855760446,0.30355421264530547
26151,2025,Kyle Stowers,MIA,27.0,457.0,103.64817472791673,64.34071784716845,21.073458097264172,1.8223776463251562,14.927769712090493,51.9101800352633,54.182864606320855,33.73079849758744,4.482471269901842,3.0732301193103195,1.627379124129191,4.935796908296645,414.0861209890712,0.7418500131797046,119.06539416124697,0.31447788173618224
26197,2025,Andrew Vaughn,- - -,27.0,447.0,102.6893099552393,63.751623444378374,21.360784410908817,0.8110462209102698,14.03266183769703,48.585865312188865,52.9873080727458,31.408890158236026,5.053756826207041,3.613703258190304,0.4466361754476093,2.4693735056854784,406.47701358191904,1.052087238315493,96.14960755048533,0.31019937793336994
26208,2025,Tyler Fitzgerald,SFG,27.0,243.0,49.753199770331385,31.96433704984188,10.3157297077775,1.106262723321095,7.219812525540591,29.756063033670188,25.869850205630065,19.693384477168323,2.632576304655522,1.7034376610387116,0.7506841453593225,8.363406326249242,218.2199174117781,0.38683694394584744,63.94710329917108,0.30213767027928223
26224,2025,Darell Hernaiz,ATH,23.0,197.0,43.86620477831364,29.570356741189958,8.71165300051868,0.8660949223935605,5.216170878872275,23.077142415136098,20.430450743556023,16.48481816840172,1.9668547600060702,1.4436636189967393,1.3474804806634784,2.30253016069904,175.757182971932,0.5583459824621677,41.65743402129895,0.3167514232254769
26288,2025,Adley Rutschman,BAL,27.0,365.0,80.99458222836256,53.00202854126692,16.17687491312623,1.0494759127730504,11.418623641468585,42.488107432872056,41.934405090808866,36.49498473569751,3.516697758361697,3.0809436915256083,0.4993714195070788,3.5563224288076163,321.4080023949081,1.186843059575185,67.26491239231095,0.3294134100373932
26289,2025,Gunnar Henderson,BAL,24.0,651.0,155.40550669938327,96.67620595917106,30.92678640458733,4.941971747693606,24.837681932374835,94.29107308968902,83.66963714785874,71.23008593603969,5.074962199092843,3.885331755783409,0.6321984514896758,14.536335563678294,570.1774216575944,3.802550411070697,141.45055719949667,0.36391578924902407
26294,2025,Bryson Stott,PHI,27.0,560.0,129.58308040618897,89.18920274734498,26.853573118448256,2.3400304280221462,11.944699158072472,71.4224622297287,58.001370623111725,46.14895292043686,3.5072196735441685,3.8317277318239213,1.9442738416045904,16.695417011380197,504.5678258325905,0.8837653353810311,101.00693688562265,0.3136278601755851
26295,2025,Oliver Dunn,MIL,27.0,41.0,8.724921733021736,5.391494723856449,1.8233585030436517,0.19626605442538858,1.1333784050121904,5.0526119959652425,4.388741123706103,3.320728486329317,0.5171599553860724,0.25069464079104364,0.17599888877384365,1.002898509286344,36.73541802871972,0.10157310247700661,10.16272589741017,0.3026767780807624
26299,2025,Josh Jung,TEX,27.0,511.0,115.73626253825427,71.94575289905072,25.437472483962775,1.5205704974522813,17.959529336184264,60.738578393638136,64.60069357976317,33.784953402668236,4.708613858703524,3.2029456657618285,0.6353760296474211,6.8571878574751315,468.66811104321897,1.1105486435797065,130.97240098498085,0.3162292543983049
26319,2025,Michael Busch,CHC,27.0,592.0,124.90723710250855,81.03031707954406,26.10514219045639,1.8390731603950263,18.330548184752466,67.05623192739486,63.839539804935455,54.32436008834839,6.047483006596566,4.155627614706755,0.8222324224039912,7.832592736124992,526.6502968679443,1.0722312189489602,149.88880430756822,0.3157218502413685
26323,2025,Spencer Steer,CIN,27.0,568.0,118.26529330301285,73.84111458873748,24.613513568401338,2.084957956880331,17.63347521853447,71.46026024770737,66.40804658174515,56.798940697193146,7.524663994580507,3.859649154022336,0.9013035622872412,14.91675125682354,498.91544259191676,1.0220938671194018,119.89362331718324,0.31770756658711685
26365,2025,Jonny DeLuca,TBR,26.0,59.0,12.69513436883688,8.239844873756171,2.6042343133687975,0.21628313288465142,1.6319863814227282,6.907079558163882,6.2793319816589355,4.86154406940937,0.5335394373610616,0.3962845420325175,0.2752528031095862,1.4665874352157116,52.93337914808747,0.11332773238932714,12.384146408037024,0.306075776189655
26368,2025,JJ Bleday,ATH,27.0,344.0,67.36248173236847,42.524401999950406,14.074591346621514,2.0168674884438516,11.323525636911393,38.986244256973265,41.597455955028536,36.95770162558556,3.184196977734566,2.399350812703371,0.5998138730451464,3.972316138267517,300.85893671093135,1.1139268958941102,80.45820403004824,0.319105455885336
26374,2025,Kameron Misner,TBR,27.0,217.0,46.77371466135979,30.276116024792195,9.452120187982917,0.8301607247469946,6.69952593806386,25.559970756202937,24.03212966245413,18.077574883848428,2.4363927603140474,1.4484054015930743,1.480076681094244,3.40707580563426,193.5575502731502,0.653482107036747,53.591235382519216,0.31531297846524853
26396,2025,Josh Smith,TEX,27.0,563.0,120.06732303607464,81.0561884507537,24.878238279223442,2.263101595116779,14.241132463775575,65.33805147051811,56.99378648468852,50.820854137659076,11.669063169136644,4.220243613047526,2.690260007798672,7.5616671244502065,493.5995790723581,1.0598250680845231,117.67915621576573,0.3196698315743597
26420,2025,Kyren Paris,LAA,23.0,140.0,30.46510545253754,19.877047287225725,5.463155047595501,0.5026424969360233,4.219317656755448,16.816923801898955,15.809235346913338,12.845198435783386,1.4363052816689015,0.7832913944125176,0.47338316414505244,2.179629493802786,124.46182172399014,0.35114366952329873,34.747647272573936,0.3138153953978228
26438,2025,Dominic Canzone,SEA,27.0,268.0,57.16434478092194,35.68455500078201,11.301114592194557,0.7531434560343623,9.890759435772896,30.514880784630776,33.859441686272625,24.469472420692444,1.9134054982066155,1.8043366846218705,0.5500830273926258,2.9901489209234713,239.26270236908644,0.7574753673896194,64.50645242755121,0.319668277377535
26466,2025,Matt Wallner,MIN,27.0,392.0,77.31454401159287,44.34509341335297,16.407670848608017,0.788266917899251,16.81182986521721,45.02063069725037,48.704681710481644,36.86416735601425,10.129182890534402,1.7490750658214091,0.677425129018724,4.958694777965546,342.5801495586112,1.6504964653998613,108.69904045059747,0.3283157950137945
26467,2025,Luis Matos,SFG,23.0,184.0,41.538803252696994,27.411212398529052,7.667498731255532,0.6044124574810267,5.852838525116444,20.61216896057129,21.955886392354966,14.599249084234238,1.9812427951097489,1.0229165002405645,0.5487991796582937,2.4233180854916574,165.84779244075716,0.5252874941676855,33.70360679147787,0.31802250710587465
26477,2025,Spencer Horwitz,PIT,27.0,411.0,89.61589160871506,60.89681622201204,17.284262858480215,1.343508745405823,11.001396269403399,45.79582736715675,45.74711211070419,37.7910678217113,6.099209762357176,3.128083664087579,0.5066687848800794,3.9591070206686854,363.47496996696384,1.15435973448772,84.21445368483603,0.31857730990444905
26517,2025,Noelvi Marte,CIN,23.0,360.0,81.21697989463806,52.419628951549534,16.175021322369577,1.1826456271111965,10.063433226048947,43.96617323040962,40.622328214645385,26.434491806030273,3.5111053463816644,2.4239918712526562,0.8516527862101794,8.080501912236214,326.77875819012525,0.9576994509994984,84.50337818690709,0.3061470648903004
26540,2025,Angel Martinez,CLE,23.0,484.0,105.00872740101815,70.24516243195534,20.730308814466,2.2538298984244465,12.92000093972683,58.05771169316769,51.3683886102438,39.881635789632796,4.612839389368892,3.221422608703375,2.0254027338773013,7.436517077594996,434.2586994784176,0.992607712443918,101.46856877564463,0.30913292383724617
26548,2025,Luisangel Acuna,NYM,23.0,193.0,45.15072690665722,28.921789416193963,8.64662292380631,0.7203118001921103,6.30570869833231,23.715776090294124,21.90519857439399,15.918327569037677,1.8975050470754504,1.2196959046963602,0.5101219757879153,3.902746900521219,173.4543495034026,0.4878472731029615,40.18914621884298,0.3265062115470734
26599,2025,Jonatan Clase,TOR,23.0,112.0,25.260467779159548,16.404909862518313,4.966229892015457,0.4883767064213753,3.168280937433243,13.743931715965271,12.872963767528534,9.144726450920105,1.4368461921215059,0.7887217333614827,0.3905051169246435,2.2847517201900485,100.23920050667226,0.2755119096487761,24.657336441246237,0.3168002732174188
26668,2025,Elly De La Cruz,CIN,23.0,699.0,156.77216048973798,98.35350593680144,33.49369689273834,6.431611302651465,30.41872644710541,107.76080480343104,86.26833038306236,73.74588660782575,5.46697906728834,4.921782779579982,2.208415885012597,37.58162385222316,612.6569356602934,2.0406488235192373,201.80326170902913,0.3681003829774208
27462,2025,Austin Martin,MIN,26.0,181.0,40.48888923034072,27.009390756845473,8.238367899283768,0.7631126128528267,4.355004753660411,22.570831163704394,19.074858762294053,13.517945924699307,1.9675401813555509,1.0128575074151158,1.162148894544691,4.1979815931543705,163.33950749198533,0.44249606056837365,38.03746138785349,0.306463335968514
27464,2025,Dillon Dingler,DET,26.0,469.0,101.11669198277593,64.14131704246998,20.289629327476025,2.2927155072167515,14.074558415073902,53.18030889813602,53.352876759693025,38.93218393196165,5.169406054245308,4.376096615213901,0.9687037342851982,5.790543372455985,419.55360966429396,1.0460310295009985,112.84277475418885,0.3103122420773725
27465,2025,Spencer Torkelson,DET,25.0,649.0,133.7174303894043,86.43514224243164,26.843903022766114,1.7660439386367799,23.904057601928713,79.46417556762695,77.44063563537598,55.08599423217773,7.341067921638489,5.83389958190918,1.0433538135290146,6.604962156295777,579.6956844507456,1.5666861770153047,161.4974377444014,0.3166803736046901
27467,2025,Tyler Soderstrom,ATH,23.0,624.0,142.2748587884903,86.70016972446442,29.219034626483918,1.8748683977276088,24.166612830162048,73.86785884666443,79.34666896677018,52.81699322319031,6.042093920230865,3.930320325493813,1.2712374110072853,5.254740228652954,559.9393551200777,1.4807389484345914,157.03265455238608,0.3317642700031466
27475,2025,Jordan Walker,STL,23.0,396.0,91.46387784004212,57.50925475358963,20.537496472120285,1.5468917219303548,12.797629415005446,49.013033784627915,49.00815537858009,31.913352499723434,5.45935321752727,2.5448120326548818,0.7331171980462968,3.8379705697596074,355.34936505204814,1.130118027023971,89.45040514110137,0.332242376721202
27478,2025,Patrick Bailey,SFG,26.0,452.0,98.65164007222653,67.09446340560913,19.07907096597552,1.5925275021865963,12.924963189184666,49.58556712538004,48.53418553483486,38.161902755498886,3.8341900330111387,2.819358624920249,1.860191562127322,6.794754383273423,405.3243570244424,0.9413940003700555,103.87140588582382,0.314010874988273
27479,2025,Masyn Winn,STL,23.0,537.0,129.04213583940268,86.69497074115277,24.792025553002954,1.9259403261663393,13.371040280766785,63.72168049308658,57.778497603178025,45.285022489964966,3.164434293933213,4.296255354383961,1.4677522940654308,12.251467425629498,482.78653556765244,1.0107171538551338,99.72514640755635,0.320602147940446
27490,2025,Nick Gonzales,PIT,26.0,408.0,93.35972801184654,60.54992402458191,18.578420755147935,1.832525026805699,12.115451025009156,47.435947088241576,47.22997357749939,28.41947365450859,6.515605771869421,3.074102620638907,1.6822855931147933,5.300103663235903,368.3085323598683,0.7040912880375981,78.99586484568059,0.31702394961327013
27493,2025,Rece Hinds,CIN,24.0,44.0,9.438356019854545,6.100062481760979,1.8744817194342613,0.17266777129843833,1.524783478975296,5.374925142228603,4.988904106616974,3.889064780473709,0.49614227779209613,0.2838271290063858,0.09516030511818827,0.8778175407648087,39.23580550760962,0.12031301222741604,11.349707436793059,0.32322273364973936
27501,2025,Justin Foscue,TEX,26.0,9.0,1.8740737026929855,1.1790830768644809,0.37183372941613196,0.032779116729274395,0.29416217739880085,1.0149461606740953,1.0138571734875441,0.7541842094063759,0.07806251534633339,0.053225605454295874,0.021240384736564012,0.11914014209993183,8.09328728505643,0.026828477209433915,2.254846170983755,0.30542236774379466
27504,2025,Nick Yorke,PIT,23.0,72.0,16.120258741378784,10.32782791185379,3.206997889995575,0.36412778006494045,2.3804704163074493,8.913458066940308,8.198358655929566,6.353626477718353,0.8821086798906327,0.39136881221830844,0.19250526912510396,1.3780932995080948,64.1803907610476,0.2155318819731474,16.744240715697003,0.3293294336812103
27506,2025,Ha-seong Kim,- - -,29.0,191.0,38.84575144946575,25.898538514971733,7.752174027264118,0.7637377483770251,4.549265969544649,23.57926517724991,19.14956834167242,17.49395937472582,1.7858028514310718,1.290976295247674,1.0812064465135336,5.552064962685108,169.3480550320819,0.4535649500321597,37.45029793679714,0.29769327189026945
27531,2025,David Hamilton,BOS,27.0,194.0,40.64659879994392,26.96787281537056,8.11666924726963,0.8973372357115149,5.3812555112242695,24.42629347550869,20.983465303301813,16.930617483377457,1.561266448624432,1.464323012318462,0.6930413801074028,7.996961554586887,173.35075167557224,0.3952645268291235,46.605393702804804,0.306653387258378
27534,2025,Edouard Julien,MIN,26.0,208.0,44.272409586906434,28.938142375946047,9.305839357614518,0.7697076752185822,6.034659435510635,24.957377714395523,22.131236881494523,21.639945254087447,1.8941879999637603,1.4489942058175802,0.6609721866995096,3.1916538903713225,182.3559003534317,0.48068058395385743,56.01987248553743,0.3239268682315049
27555,2025,Garrett Mitchell,MIL,26.0,78.0,17.080386508226393,10.343045979738235,3.3331357515603304,0.4341827881280333,2.398085911028087,10.272075752556324,8.251933870106935,7.16854787170887,0.737429509319365,0.35592748889699577,0.28670933956839145,2.8169033997505903,69.45138579050638,0.2124016416426748,20.637325430197425,0.31424400475479414
27562,2025,Austin Wells,NYY,25.0,448.0,97.90880859375,62.941026367187504,19.159770751953126,1.1740034790039062,13.567027099609374,50.81957275390625,51.414894042968754,42.9669501953125,4.625282043457031,3.530628204345703,1.0783597412109376,4.122055786132813,395.7987798156738,0.8264239883422851,97.1008213236928,0.3183788684346338
27577,2025,Casey Schmitt,SFG,26.0,348.0,76.06172081995011,46.72319759094715,15.42121037274599,1.0630077861137688,11.130163205891847,40.21571279329061,42.7588709269166,27.1146541634202,4.610431915774941,2.6229909585267306,0.9633695969413966,3.7638560893535615,312.6885533653367,0.7543085291292518,78.47352264438022,0.3088177292358142
27599,2025,Jacob Hurtubise,CIN,27.0,15.0,3.0774997597932816,1.9560329988598824,0.6079573027789593,0.05707533665467054,0.4027542603760958,1.7613771361112596,1.5224877101182939,1.2346857815980912,0.21629134811460973,0.1026342635974288,0.2877003648877144,0.32822334945201875,13.158688241802157,0.03468391334172338,3.421849795716553,0.3002212158755337
27615,2025,Alec Burleson,STL,26.0,546.0,128.05282173854113,86.78915372371674,27.55185031042993,1.6353692057747393,15.261330436460675,60.789645648479464,62.995813273876905,41.1578924292326,3.8445195602271705,4.199394693151117,0.5964267503097653,6.4218658679388465,496.20176656707935,0.9902676639282145,88.59503263340484,0.3231672519388163
27630,2025,Nick Loftin,KCR,26.0,188.0,41.54723233854771,29.381540320038795,8.441271665602923,0.710508328223601,4.84210286796093,22.34549545365572,20.185478989481926,17.456963142156603,2.046890414170921,1.2352028999254108,0.9473937507644296,2.542855110049248,166.31354979298263,0.49783109398745,34.51258190020128,0.32704826655356134
27647,2025,Anthony Volpe,NYY,24.0,596.0,138.9728928732872,94.0786613470316,25.749804448634386,4.687230601757765,16.096117336452007,76.84573993563652,62.871564787328246,48.1647369325161,5.659141965769232,4.0441233017109335,3.3654995930567386,17.973701693713664,534.766498206947,0.9713919561170041,141.84217192594286,0.32585474695180644
27676,2025,Vinnie Pasquantino,KCR,27.0,682.0,160.3442844413519,99.92108226871491,32.58589840534329,1.6000769191682338,24.94796681749821,82.3553964393735,91.43462702870369,61.64530413722992,5.995581340089441,5.678668931446969,1.0053956351196394,5.378788368858397,607.675049956114,2.6272922568656503,119.16329938432445,0.33788064431615344
27684,2025,Michael Massey,KCR,27.0,277.0,62.60246316868067,41.82020747023821,12.179240736946463,0.6248674480142072,9.749282166585326,30.192679894685746,34.2892076844275,19.756158922612666,4.1683865714855495,2.0280417745187878,0.8853400959493593,3.1488098095171155,250.16207263543365,0.8778276818841696,55.627712265776076,0.3256976560832335
27690,2025,Joey Wiemer,MIA,26.0,61.0,12.881161492198705,8.169093631774187,2.5903449578657747,0.26365340188425035,2.0179887555241587,7.393312606215477,6.72190536364913,5.438656832501293,0.7014018314909191,0.33583227139059457,0.16176824230048806,1.3736496806256473,54.3623408223167,0.29282710538525136,14.728816939711805,0.31779532498210034
27735,2025,Brett Wisely,- - -,26.0,63.0,13.622554044306279,9.089514670103789,2.706297295086086,0.2097175519759767,1.8712807710506023,7.0179461476653815,7.025729610711336,4.641200792625547,0.5000130479531363,0.39505799557082355,0.2489560772124678,0.8844801473803818,57.21477208663802,0.10374188021966256,14.634108672207606,0.305157704010555
27763,2025,Drew Romo,COL,23.0,3.0,0.668979402244091,0.4237284865379334,0.127614030495286,0.009528377059847116,0.0944531908929348,0.35542283606529235,0.3349163810312748,0.2476342654824257,0.03223667618259787,0.019338234689086676,0.01463729353621602,0.04415648170933128,2.6861535301096735,0.007141770190559327,0.7059905519816866,0.3140752711385278
27769,2025,Pete Crow-Armstrong,CHC,23.0,647.0,138.60298077958822,92.19111114525795,25.941953067809344,3.7499491343777627,20.98019010797143,84.88225769531726,72.19391774868966,51.074897639751434,7.8769925932995974,4.881193404009566,5.6936668443009255,27.593120660156014,577.4732495186385,1.2414741991963238,148.7607234894769,0.31785590479520986
27789,2025,Shay Whitcomb,HOU,26.0,32.0,6.907939525604248,4.383041748046875,1.3239144968986511,0.11508839540183545,1.0032193788290025,3.708040651321411,3.6657035126686095,2.7750127339363098,0.33217915946245197,0.22335950362682344,0.08291862611472607,0.427282690346241,28.586529976859687,0.07862437883019448,7.125735517100876,0.31115229041112585
27790,2025,Evan Carter,TEX,22.0,220.0,48.362602120637895,29.51626492083073,9.809082107096911,1.0578954135067762,7.846915380805731,28.447124545872214,26.21739731550217,22.096291928887368,2.1071756073087453,1.2909893811121584,0.4421043151523918,3.890395639911294,194.06343876753934,0.8008636438753456,49.71344789021761,0.33262522926194993
27815,2025,Jordan Westburg,BAL,26.0,352.0,80.96293919467927,50.0570333108902,16.543317204952242,1.6700203323364258,13.738137181520463,46.99841744995117,44.54328305387497,28.431319242954256,3.4240345951914786,2.883705179333687,0.5278980655148625,4.22886521500349,316.7330429170057,0.7627513909935951,75.80265923895395,0.3353507072404337
27845,2025,Matt Mervis,MIA,27.0,134.0,29.021629768371582,18.602083132982255,5.681541449934244,0.40934023781865836,4.171166375458241,15.180376320779324,15.046301769912244,11.035211517035961,1.4347362396642567,0.8945777095928789,0.27560182053968313,1.6632235987186432,120.35987271316722,0.3143126897327602,32.45035058307082,0.3097711738488674
27883,2025,Thomas Saggese,STL,23.0,295.0,67.0156354290247,43.357172991335396,12.899609270989895,1.3407169754058124,8.934679952599108,35.53126038610935,32.98923404961825,23.187569233477117,3.562738020904362,1.9574868828803302,1.1196549737779424,5.493822550289333,265.17255088896025,0.7541210642270744,64.27223344682267,0.3183266309930974
27899,2025,Colt Keith,DET,23.0,468.0,110.0586888756752,74.37718785381317,21.070961399674417,1.6125501235574484,11.847829169332982,52.68616898560524,52.195970039963726,33.88072729468346,5.065348917022348,3.7721113934218886,1.464913404263556,6.94180285692215,423.81689899060876,0.932949537081644,95.56457877849519,0.3130110101566365
27962,2025,Adael Amador,COL,22.0,128.0,29.164834465026857,18.38894446563721,5.6770092325210575,0.5210255885124206,3.8213911776542666,15.442629484176637,14.239988281250001,9.729966758728027,1.447090125322342,0.7411831870079041,0.5039835771322251,2.9339370975494385,115.5777763518095,0.36607081139087677,26.874545897266,0.31231311276572443
28080,2025,Jasson Dominguez,NYY,22.0,429.0,94.99170068532229,61.44268167310953,18.380327790275217,1.9435287479013206,15.050656755432486,54.130406506598,48.67786361007393,42.177378480255605,3.5316014792528003,2.693161056851037,1.1884959624437617,8.877832173921169,379.4093630211968,1.3481143478499726,99.79170866868317,0.33446185821075386
28163,2025,Junior Caminero,TBR,21.0,653.0,150.6873699607849,96.97305373930932,29.68697508054972,1.5364664317555725,24.8476041765213,78.46345314240456,83.98868886381388,52.45383643394709,7.022515950873494,4.060612731892616,1.0673090376676992,7.147816706329585,588.3957258456192,2.261121341500431,146.40635978572695,0.33411115150608506
28253,2025,Javier Sanoja,MIA,22.0,342.0,77.41000174123049,50.52460429108143,15.335627105757595,1.278325236878358,9.74450070771575,38.86203786635399,39.084720016926525,26.588249840408565,3.670087943751365,2.1762126200012863,1.354938935995102,6.648029587090016,308.2105106598437,1.014873240773566,68.75394968290934,0.31404630447220133
28312,2025,Coby Mayo,BAL,23.0,294.0,63.31172221720219,39.73600868153572,12.615624660640956,1.0713687265478076,8.762910535499454,35.469264238357546,32.87962554001808,26.370948779582978,3.211707358494401,1.8314570428021253,1.0378206177894027,4.4888197114169595,261.5480662013311,0.7687024003118277,71.77566918166907,0.31119858600080574
28806,2025,Jackson Chourio,MIL,21.0,589.0,143.59579190325738,94.45613539624215,28.402916791260242,3.1587024607621133,16.77700065854192,79.63994011735916,65.86574814999103,47.06579075568914,5.975048747882247,3.2683072326667606,1.08744967979379,17.94004021780193,531.6034035839681,1.474469810921699,122.10785246361758,0.33232041261772594
29487,2025,Blake Dunn,CIN,26.0,75.0,16.682924638688565,10.839175790548325,3.263364993967116,0.37440366118680685,2.268499319907278,9.255187395215035,8.304994366317988,6.3010374560952185,0.9968166225124151,0.5415197070222348,0.23658746648579837,2.280513897165656,66.92403874788434,0.21357316140783952,18.07523002090529,0.32104151020145927
29490,2025,Jackson Merrill,SDP,22.0,483.0,123.38414761090279,81.4227713752091,22.763472648873925,3.8724771938379856,16.60735422563553,64.65258701089024,58.1250535812825,33.710533423125746,3.969961446247995,3.41459289297089,1.2753630349184386,13.546508346542716,440.62954920273694,1.2657342039970683,89.20105519541852,0.34641511759918076
29518,2025,James Wood,WSN,22.0,689.0,158.7324455589354,104.60653548809886,31.784084409475327,4.861195046098903,23.116160202458502,93.47880022883416,77.90670104677976,60.09936553476751,6.310978155650199,5.223856958737597,0.8396400662425441,18.180631345856934,616.5261592846022,1.6839642330263742,169.13486219184642,0.3393118518543269
29524,2025,Bryce Teodosio,LAA,26.0,150.0,32.495203350484374,21.06914312839508,6.514088393747807,0.5804282832657919,4.512857137061656,17.791663498431443,16.886281203478575,12.3505821056664,1.5390675885602831,0.8948990668170155,0.5708969931118191,2.5485531812533737,134.6445542458445,0.430978962010704,35.73236390509165,0.31205876335097965
29547,2025,Ryan Bliss,SEA,25.0,39.0,8.737756713867189,5.617979278564453,1.649955265045166,0.21311261558532715,1.165395320892334,4.755693420410156,4.15898616027832,3.1020820541381835,0.4230560646057129,0.23289991521835327,0.16792422723770142,1.1498840789794922,35.07403773880005,0.08161942863464355,9.595021954737604,0.3143515894923397
29554,2025,Adrian Del Castillo,ARI,25.0,131.0,28.924138763427734,18.85227844238281,5.841976142883301,0.4423900418281555,4.128072635650635,15.38303020477295,15.280879348754883,12.035102287292482,1.289412190437317,1.0621159915924072,0.15261852431297301,1.6882111282348633,116.46075100636482,0.26898928356170654,32.62190957320854,0.3239334171148831
29573,2025,Billy Cook,PIT,26.0,6.0,1.2814694432616234,0.8294844456911087,0.25223738805949686,0.021977057098411024,0.1966326451599598,0.7219923383295536,0.7013321860134601,0.49022380909323693,0.07235992082208395,0.041294731898233294,0.014709918103180826,0.09398781524598598,5.381411620083265,0.013297821655869483,1.4980911974354203,0.3137558256691614
29575,2025,Trey Sweeney,DET,25.0,326.0,74.05603652954102,45.150164306640626,15.211491989135743,1.386232008934021,12.639348457336427,38.61910629272461,41.661042556762695,26.800034393310547,3.3590968170166016,2.3874837465286256,0.6259019150733948,4.256908805847168,292.8274831280708,0.7850305376052856,76.04925849591382,0.33196887892890947
29576,2025,Ben Rice,NYY,26.0,530.0,111.43607085943222,70.55436630815268,22.094669660031794,1.829088445007801,18.139284489676356,64.10758226320148,63.46747567534447,52.63267625153065,5.125145941376686,3.7100324177369477,0.9908503943192772,6.568545394651592,467.5412949950364,1.4141319176647813,128.41541312766685,0.32185294604204967
29591,2025,Colton Cowser,BAL,25.0,360.0,79.60846618652344,48.79888000488281,16.816915283203127,1.4934895133972168,13.510269470214844,46.70172180175781,46.8257080078125,34.081517944335936,4.005879936218262,2.5593847846984863,0.5383929491043091,5.195476799011231,318.814824385643,0.9457538509368897,94.08787940628827,0.3358960825234307
29592,2025,Connor Norby,MIA,25.0,337.0,72.30071307373046,44.086429885864256,14.315639003753663,1.0235424976348877,12.724639923095703,40.0612041015625,39.78084813690186,28.608590568542482,3.6951034927368163,2.058068117141724,0.759664510011673,5.023775846481323,301.8785733115673,0.7801429672241211,89.08344074734487,0.3183244904058293
29606,2025,Justyn-Henry Malloy,DET,25.0,127.0,26.48137973022461,16.914595458984376,5.579685585021973,0.5337140312194825,3.8644668788909913,14.359062492370606,14.143751991271973,11.208895278930664,1.5367653303146362,0.9153172526359559,0.3365426542758942,1.5442268419265748,113.00247948384285,0.2733073546886444,33.066265255911276,0.3123396310080538
29617,2025,Henry Davis,PIT,25.0,283.0,60.46399328613281,38.74439102172852,11.934729148864747,1.1357232651710512,8.230888488769532,32.87714154052735,32.826272705078125,25.82545138549805,3.1043964519500733,1.5913549222946168,0.8977358286380768,4.255633929252625,251.58106141161917,0.7213209908008575,72.01773935230449,0.3119148703988995
29622,2025,Sal Frelick,MIL,25.0,594.0,136.2643758544922,92.86254080200196,25.975148414611816,3.057416753768921,12.498048316955567,73.12830564880372,57.63145056152344,48.41349252319336,5.080755878448486,4.127098093986511,3.0804301071166993,16.995476726531983,533.2982233972549,1.4250728030204773,115.10585417272523,0.30848319931324736
29630,2025,Joey Loperfido,TOR,26.0,104.0,22.303665548801423,13.865792507410049,4.775255102396011,0.5636742150783539,2.916830270797014,12.273571991801262,11.075263194561005,7.775495297670364,1.3811866051852704,0.7342178780809044,0.6856475758552552,1.5522106028795242,93.42345264320821,0.16387781745567917,26.436162838064618,0.3045335050317844
29634,2025,Will Wagner,- - -,26.0,149.0,33.669374429732564,22.404610763221978,6.51221730735153,0.4640766786648892,4.167356066964567,17.00575332276523,16.35679493778944,11.8473524248451,1.6379212542660535,1.1250102633163332,0.3092043279609643,1.5619621444027871,134.08051172961154,0.26291767464601434,31.60987646558664,0.31333240647247423
2967,2025,Tommy Pham,PIT,37.0,449.0,97.21739438828081,64.2425950645702,20.22744394344045,1.5497627505283162,12.146971752372338,50.84284529584693,48.55147081980249,36.83350739447633,3.379725898412289,3.1025243156364013,0.5663736158112442,6.4578727733533015,405.11786877566374,1.1831982492367388,109.54143435668945,0.30648835955375153
29695,2025,Matt McLain,CIN,25.0,577.0,133.46928466796876,87.59191218566895,25.79108163833618,2.5649205503463746,18.35233369255066,76.98495013427734,62.61285970306397,48.966108879089354,6.826458575248719,4.540450944423676,0.8149153910875321,13.66689070892334,515.8520662101507,1.3273034348487853,139.48149207863025,0.33009438018158116
29715,2025,Hunter Goodman,COL,25.0,579.0,123.83443780517578,77.05332989501953,23.84112411117554,2.41658105134964,21.679983375549316,68.47210832977295,70.30672888183594,47.34453650665283,5.933576622962952,4.166917792797089,1.1156597249507905,7.494649028778077,520.4393093526363,1.4829368147850037,140.64805721864104,0.3171387696602111
29766,2025,Zack Gelof,ATH,25.0,101.0,22.02301486206055,13.560686340332031,4.396210090637207,0.497970100402832,3.173750389099121,12.707741371154786,11.059139373779297,8.817945274353027,0.887123743057251,0.670149519443512,0.4442110276222229,2.9292743225097655,90.18057043552399,0.29319865322113037,25.027787749422714,0.313696244972633
29782,2025,Niko Kavadas,LAA,26.0,23.0,4.932491527348757,3.0345239089727403,0.9787464516237379,0.10056870940886438,0.7857360804602503,2.702881540849805,2.6696275854855775,2.0351045968830586,0.247583298381418,0.18368521537259222,0.0522878615106456,0.36751670530438424,20.481339027852286,0.048783835691865535,6.042642185870697,0.316464517413259
29788,2025,Brett Harris,ATH,27.0,84.0,18.166414508342744,11.581221842765808,3.682994676053524,0.3245333464555442,2.4964519337117674,9.960663384318352,9.248855322003365,8.50323539185524,0.8224056781232357,0.526801298841834,0.20588502579554915,0.9631233124136925,73.94167260538414,0.172522130291909,18.454517712706163,0.3216225863464848
29794,2025,Kyle Manzardo,CLE,24.0,531.0,115.38436295896769,73.19948645576835,23.119703534692526,2.0984250471554695,17.299001703411342,61.59090648360551,64.3587280113995,41.88228323467076,5.525823454353959,5.186050887471065,1.3141138146026061,5.607793031539768,477.0917286089016,1.2641479722666555,127.46269140139367,0.31225076097572785
29931,2025,Jacob Young,WSN,25.0,364.0,82.41008654785156,58.2539799194336,14.348104522705079,1.8827237453460695,7.679431625366211,45.71171496582031,34.77096170043946,28.343442413330077,4.422950817108155,2.5248344764709474,3.1573327980041506,11.541971725463867,325.5514394950867,0.911246657371521,75.87825815426186,0.30769128967638704
29949,2025,Tyler Black,MIL,24.0,13.0,2.8148024249076844,1.7926071667671204,0.5626545908302069,0.05688539929222316,0.36777366895228625,1.592693437114358,1.4362889654189348,1.195281246677041,0.1451619862113148,0.07552074244711549,0.05532583743799478,0.35061388697475193,11.528710187226533,0.0327566849719733,3.05472362099342,0.3140920632028438
29976,2025,Jordan Lawlar,ARI,22.0,74.0,16.68522078317404,10.535094737708569,3.3491652890145778,0.34463337424211204,2.33734263843298,9.04313079276681,8.213388248592615,6.290184395551682,1.0322071808055044,0.44955767684429887,0.24493877529911698,1.8489785346090795,65.9831119714994,0.18086173687130214,16.685659333977725,0.32462392914803373
30011,2025,Christian Encarnacion-Strand,CIN,25.0,137.0,30.0427332611084,19.267989303588866,5.983746654510498,0.3694657473564148,4.38918380355835,15.57315453338623,16.48243830871582,10.166834678649902,1.6824352197647094,1.0019295001029969,0.2662779278755188,1.43974577999115,123.88252267360687,0.35436832451820377,33.1178351334529,0.30981243391639296
30116,2025,Seiya Suzuki,CHC,30.0,651.0,150.75683003943323,86.34404906425496,31.599403133361438,4.08005550808291,21.892673405609724,79.99065136564813,81.3917239695223,63.08877200690486,5.862629618625698,4.647329290873805,0.6369861400642564,10.707617632428173,576.7642829435314,2.4277026389455307,164.36635705053806,0.33121091561854454
31166,2025,Heston Kjerstad,BAL,26.0,167.0,35.65525693017244,23.76103709897399,6.496465826764703,0.6486309484117665,5.064596072826535,18.362401510730386,19.306116712883114,14.011225552722811,2.4438108031339945,1.0565317261284217,0.4238419203767553,2.544856014121324,149.06458999763802,0.3670949896085076,40.86369554162728,0.3121430976825439
31347,2025,Zach Neto,LAA,24.0,554.0,124.25712091863156,75.39579782128334,25.307455149888995,2.002288010660559,19.299065378680826,71.30813889533282,65.90388233751058,42.52615622743964,12.594417717531323,3.8562256488297137,1.5900010934984312,21.319326926916837,493.4331993127009,1.0597695785318502,125.91638452219732,0.3249234006393157
31349,2025,Victor Scott II,STL,24.0,463.0,97.89006965816021,62.8821980175376,20.37190994080156,1.851739108131733,15.074098924063147,55.3180303516984,53.898897945135836,38.31357970766723,5.428997515039518,2.999592765476555,1.0735457461350597,9.23958926089108,415.18428426568164,1.0255101771070623,106.59285302011712,0.3146039204308014
31363,2025,Graham Pauley,MIA,24.0,184.0,40.49770940184593,26.090737441778185,7.752654962837696,0.6690515989996493,5.857583853304386,21.26053896188736,21.020987387895584,15.801733994483948,2.1157098996639254,1.0510567119717598,0.5038813888467848,2.7445527263730765,164.5276180050336,0.5047340367734432,45.15350767709677,0.31781043327329284
31394,2025,Brooks Baldwin,CHW,24.0,328.0,71.76588131427765,45.51960341215134,13.93537196189165,1.3110875776968898,9.198306550383569,39.44830541431904,36.168543879389766,27.115970107913018,3.539270882382989,2.2522586979344488,1.2340813385136427,8.078081934452056,293.8584189732559,0.7952880230173469,75.63984093156833,0.3058606163333639
31396,2025,Tyler Locklear,ARI,24.0,116.0,24.869827800393104,15.62275782108307,5.010100993663073,0.49307910401374105,3.780941927134991,13.482549223005773,13.118547446131707,10.168462245762349,1.4355702247470619,0.6196261620894075,0.36238648955710234,1.7065008516982199,103.41395487784408,0.3079512374289334,28.43242559618163,0.3173305396147495
31431,2025,Jordan Beck,COL,24.0,588.0,130.25543357849122,81.6191914075613,25.916506193876266,2.6277903005853296,17.39107529349625,72.73480037480593,71.63741012960672,48.01237097024918,6.417229246124625,5.097259600237012,1.6937716670427472,11.567783316001297,526.7793685163465,1.4567356211319566,141.77649316278476,0.3109063492526968
31437,2025,Jace Jung,DET,24.0,55.0,11.939399371296167,8.260363188385965,2.236632787808776,0.14814049550332128,1.4924803188070654,6.532066605240106,6.108036161214113,5.275534660369158,0.5254785328637809,0.3935502169188112,0.12166749172611162,0.7527930908836424,48.68376909812214,0.10016592931933702,12.891091912695506,0.3173806750681286
31562,2025,Zach Dezenzo,HOU,25.0,109.0,24.089272766113282,15.30966505432129,4.650368675231934,0.4242975645065308,3.476374383926392,12.517573738098145,12.303641944885253,9.144478126525879,1.1722668418884277,0.6923915185928344,0.2704893894195557,1.5778026924133302,97.72037412357331,0.2789121346473694,26.227407914120704,0.31575721709281573
31567,2025,Trey Lipscomb,WSN,25.0,4.0,0.8351442260742188,0.5940773315429687,0.15621305847167968,0.018712705612182617,0.08020853424072266,0.4532077026367188,0.3904915466308594,0.3070832214355469,0.04820063781738281,0.02306915092468262,0.029672611236572267,0.11406402587890625,3.5919743785858156,0.009215675354003906,0.7994367624633014,0.2927400477386509
31595,2025,Brooks Lee,MIN,24.0,527.0,118.8117479403317,77.02474869325758,24.22392303645611,1.7430983939487488,14.622303108032794,59.51307489573956,56.68065634094179,42.79625388093293,5.876345300115645,3.619535446218215,1.2987686908501201,8.118739173356444,473.4090966818831,1.2665163053921424,96.59157939327574,0.313910973672676
31765,2025,Nacho Alvarez Jr.,ATL,22.0,208.0,46.64119792509079,30.271581599712373,9.062779028296472,0.7990097315013409,6.165227460086346,23.957185751199724,23.39504811835289,16.764296646356584,2.5060786616802218,1.3019516946971417,0.6367118354290724,2.988103599727154,186.79096116183698,0.5939238871559501,47.91399888022161,0.31563598442016233
31781,2025,Jackson Holliday,BAL,21.0,649.0,146.20854073238374,90.81984916889668,30.29044001454115,3.025549751352519,22.297383605718615,80.9205308827758,80.68404965406657,56.38192691314221,7.1734307436198,5.620086036227644,1.005881284837611,9.916670766457916,578.8186750221728,1.517808038800955,160.69832290629392,0.3285164576994979
31837,2025,Masataka Yoshida,BOS,31.0,205.0,48.47825247475926,33.505390181574626,9.135147815877591,0.4608613030640612,4.451396314068059,21.36770891355236,23.513411877169524,13.640363391481385,3.599430708433122,1.4084314225726644,0.19883038186807014,1.6459642546566178,186.15294409564476,0.35493319417177804,35.15062858060002,0.307223742413088
33189,2025,Nolan Schanuel,LAA,23.0,564.0,125.90197738265992,90.02615800309181,25.26815836071968,2.169976693522185,13.547429879128932,64.09204636538028,57.95417329537869,55.77278265666962,9.085582539260388,4.203240446850658,2.2673748580478135,5.972263050019741,492.6710194991715,1.185016987659037,105.90573155741893,0.3339073150237364
33266,2025,Jacob Wilson,ATH,23.0,523.0,118.93824081027508,80.55210891711712,21.883021874919535,2.122460513729602,12.401090370081365,62.97998467791081,51.59777890175581,44.62375883257389,6.198163899078965,3.4133682994544507,3.291924733873457,8.670680513814093,465.4727842350192,1.2269189886013045,97.82086360235932,0.3131793541816366
33333,2025,Wyatt Langford,TEX,23.0,573.0,130.66266247594356,82.12432641559839,25.633995951801538,3.557995043640956,18.506753522090616,69.39907873401046,62.473876471906905,49.20345658671856,5.3325631961077455,4.249779690742493,0.9598824309404008,14.474167868457736,513.2543180954908,1.37356281988509,123.94615059941431,0.3254286368937064
33541,2025,Dylan Crews,WSN,23.0,322.0,72.46951307928562,49.09417036795616,14.849601417601109,1.6519954251237214,9.540608118325473,38.667533908307554,35.51301298499107,24.908649160265924,3.754809346728027,1.9819897850193084,0.918820024419576,14.414559962272644,290.43573168356716,0.8936273064985871,71.3508791617445,0.32439295900808424
33824,2025,Jung Hoo Lee,SFG,26.0,617.0,140.37600880479812,95.57085174742342,27.247207671411335,2.527286141779274,16.270823892582207,71.36242620119452,68.66326087073982,47.98830726519227,6.045162216031924,4.379171705421991,1.5400153250973672,8.72013614120707,557.0473434882565,1.4928505668570289,105.68579718148544,0.3144767878891834
4940,2025,Jason Heyward,SDP,35.0,95.0,20.702901737277774,13.402111257457547,3.826982892449572,0.3089734205833411,2.831930170212607,10.567513607398466,10.18385053383578,8.03151100229889,1.1888551452583203,0.4988371564737706,0.17578050783288268,1.1315845476357314,85.10501618813613,0.22017735597258525,20.35985027819872,0.3094817855738852
4949,2025,Giancarlo Stanton,NYY,35.0,281.0,56.96310878736799,35.323358764817065,10.778947753469462,0.6442194702085436,13.266134465548753,28.882390821319667,35.168797465696315,23.977472704848044,1.8199054914945645,1.7733267121463427,0.2959490182383209,2.468453193255398,253.13334607327272,1.112137895538554,77.85761850523949,0.32395933404919997
5235,2025,Justin Turner,CHC,40.0,191.0,37.81926631927491,25.976319367287815,7.607010581746107,0.2813387426862355,4.367807138952836,18.914567723163447,18.13914556153631,16.863025003631257,3.467447325471872,1.668311766414594,0.36782086019955096,1.663582981902194,168.63339504428274,0.4471185779882395,38.237157218545676,0.29410197479247685
5273,2025,Sandy Leon,ATL,36.0,12.0,2.378767197559443,1.5367761648366782,0.48426535057157544,0.03793249025313324,0.287596380792332,1.2550687346238933,1.1518233903591595,1.0083481508884562,0.13333717023590755,0.06692330959553117,0.0769253199907288,0.19365978170912368,10.714466049289376,0.02758199737628924,3.1119117028713226,0.28588086163725296
5361,2025,Freddie Freeman,LAD,35.0,627.0,149.253230563901,95.96200266849316,32.219143192812595,1.7055576419721272,20.597226218794326,82.23757168281757,79.42752291270932,64.47431394621759,9.841890012102535,4.6376555957712515,0.3417775518405443,8.60430934779302,547.704362894068,5.649638671449922,117.4548012150228,0.3563438703590011
5417,2025,Jose Altuve,HOU,35.0,654.0,150.81926855333663,98.00694490579819,28.923465703817154,2.29224668676674,16.697109371335895,89.24187482691467,65.38557480793804,55.051133300091756,7.718429964745677,2.580464435174095,0.8841377565424985,16.702155562479977,587.765834543446,2.4701828115998468,121.15765413486957,0.31339680105507894
5517,2025,Kyle Higashioka,TEX,35.0,327.0,65.50825337471335,39.92755604223559,13.38654950861261,0.9387895951600113,11.533960751266985,35.179823710197084,40.04763074087488,24.358253040458926,2.69804565484813,2.519384222306414,1.1974445851574596,3.6478906207533153,296.22687249722907,0.5680390392120905,87.36778907561302,0.2943639809935931
5827,2025,Wilmer Flores,SFG,33.0,463.0,98.48372661784703,62.942194873872005,19.407804297069788,0.9066472584639378,12.631069889049167,48.32615313145954,50.494507845977076,39.334892122288466,4.414573836364883,4.03802680852915,0.7583228102793158,3.9333511593019064,414.45418442253816,1.1217380860514878,89.17057183015346,0.29785512748249415
6887,2025,Martin Maldonado,SDP,38.0,161.0,30.796198528024217,19.21165003980843,5.735205408428754,0.4673273410981824,5.1473052963658,17.097188941517732,17.220674175134306,11.273916952217682,2.0253551369415055,0.8510153599177736,3.926979174734091,1.839063377885879,142.92273337618894,0.2681448149513871,45.12199150681495,0.2844493364057169
7304,2025,Salvador Perez,KCR,35.0,641.0,142.76161584966545,91.37413530722114,26.646242347090325,1.2544077498132038,22.045633746475744,65.94723588942544,83.60999958747028,39.73842460537706,11.382269034480533,4.327198646025831,0.585112763840471,3.5629744453022663,584.9669949502761,5.74119972368823,143.63582693555952,0.3096461600484267
7739,2025,Travis d'Arnaud,LAA,36.0,231.0,49.29541604525896,32.22180308954723,9.915576910237025,0.5042042139001797,6.989456614685573,24.198348299179678,25.443725441158346,15.654563086506904,2.7584968587195724,1.4833644311601457,0.22418938014368062,2.223315343158603,210.8793862434697,0.386635684061624,55.60667157590389,0.29810017358428936
7802,2025,Miguel Rojas,LAD,36.0,317.0,68.22091723399112,47.251245242258015,13.682323249821334,1.1789086849467938,5.553011898312583,32.11963607999884,28.944567743466255,21.101735758501217,3.2014608488990093,1.507524003700721,1.773786093915624,6.250160654147505,289.41549329498343,0.48917817863125823,53.327451819151634,0.28238652481069737
8623,2025,Donovan Solano,- - -,37.0,179.0,37.276153423590586,26.932495064102113,7.433090857375646,0.4134777313993254,3.5452308093226748,16.590772065683268,18.276868788234424,12.507574370829388,2.7373058001103345,1.123636318880017,0.3182407670010434,1.0846708973986097,162.31324274317922,0.2833567913285151,39.81125955200196,0.28899554176152975
9218,2025,Paul Goldschmidt,NYY,37.0,534.0,120.37158009479754,72.12999311741441,24.039296091359574,1.4606663944505272,19.723516335943714,67.64195780851878,61.42760982038453,52.63998311420437,3.613839929130336,2.9352797791943885,0.5446579091312742,6.583068781765178,474.26623926833963,2.1656268463630113,136.82389251708986,0.3297443310401588
9241,2025,Starling Marte,NYM,36.0,329.0,71.11160626432455,49.76218051471393,13.822470064640747,1.9870681595148467,7.509280820755722,39.9443000175577,30.822783241542854,20.55936268039128,4.813900040453492,2.291958516848572,1.1591460509271336,8.898831973259178,300.17563271137954,0.762028125480518,72.85298292639851,0.2975492281646705
9774,2025,Christian Vazquez,MIN,34.0,214.0,43.02268721199976,29.849752005685144,8.650243223594329,0.43160308409353787,5.404327299647731,21.24624190659359,22.75015940807136,14.414958707217515,1.9074004987630941,1.4415977999861607,0.7605591183298915,2.4539074745818317,195.47548387570333,0.2835944925751446,47.5504366441071,0.2826301340248968
9777,2025,Nolan Arenado,STL,34.0,436.0,94.77462850767992,64.40676996860599,19.80181343743367,1.1998497720422419,10.522959091393233,43.58701133375685,46.96863185008759,31.82569069815387,4.601197040139748,3.2882672941009403,0.6807510608008931,4.097403963945182,395.60409390680456,1.3306534183876857,78.83495902687311,0.30011868773454825
9847,2025,Andrew McCutchen,PIT,38.0,551.0,111.46244312388988,69.0709303741678,21.599661769252908,1.2397274301054562,17.1552753799614,61.114349668190805,61.40243008863381,54.15638486157374,6.053227476028412,3.5076710747368094,0.5945044544959821,5.8840050125365835,486.68821213316505,1.6504170628357047,132.29841334363817,0.30371446212628156
9874,2025,DJ LeMahieu,NYY,36.0,142.0,29.58747902182711,21.36881648034704,5.547523695563243,0.4604813217730002,3.236105616307516,14.81556855908337,15.203278194328481,12.642763795862002,1.1662373120415808,0.9723261498593444,0.5841243092652983,1.4824789896767943,126.63454843297177,0.4520282453978681,29.05756136038899,0.30286005420934653
