Name,Team,G,PA,AB,H,1B,2B,3B,HR,R,RBI,BB,IBB,SO,HBP,SF,SH,GDP,SB,CS,AVG,BB%,K%,BB/K,OBP,SLG,wOBA,OPS,ISO,Spd,BABIP,UBR,wSB,wRC,wRAA,wRC+,BsR,Fld,Off,Def,WAR,ADP,InterSD,InterSK,IntraSD,Vol,Skew,Dim,FPTS,FPTS/G,SPTS,SPTS/G,P10,P20,P30,P40,P50,P60,P70,P80,P90,TT10,TT20,TT30,TT40,TT50,TT60,TT70,TT80,TT90,NameASCII,PlayerId,MLBAMID
"Aaron Judge","NYY",145,635,517,146,74,26,0,46,102,124,109,14,165,5,4,0,15,8,1,0.282398,0.171654,0.259843,0.660606,0.409449,0.599613,0.420632,1.00906,0.317215,3.24695,0.322581,,-0.178288,130.732,56.4512,179.666,-0.178288,-6.3,57.70470009744167,-3.966813802719116,7.73612,3.1600000858306885,,,,,,,1162.8,8.019310344,1162.8,8.019310344,,,,,,,,,,,,,,,,,,,"Aaron Judge","15640",592450
"Shohei Ohtani","LAD",152,680,589,171,88,33,5,45,127,139,82,10,157,5,4,0,6,42,5,0.290323,0.120588,0.230882,0.522293,0.379412,0.59253,0.406549,0.971941,0.302207,7.3491,0.322251,,5.07272,132.289,52.7436,165,5.07272,0,57.927531242370605,-17.48971176147461,6.51502,1.5299999713897705,,,,,,,1242.6,8.175,1242.6,8.175,,,,,,,,,,,,,,,,,,,"Shohei Ohtani","19755",660271
"Juan Soto","NYM",152,672,528,146,85,26,2,33,108,100,137,8,109,3,4,0,14,7,4,0.276515,0.203869,0.162202,1.25688,0.425595,0.520833,0.405778,0.946429,0.244318,3.54446,0.289744,,-1.93268,130.315,51.7061,166.296,-1.93268,-3.7,51.34200358390808,-11.107407331466675,6.46652,7.519999980926514,,,,,,,1108.7,7.294078947,1108.7,7.294078947,,,,,,,,,,,,,,,,,,,"Juan Soto","20123",665742
"Bobby Witt Jr.","KCR",152,668,607,175,102,36,8,29,104,102,48,5,112,6,7,0,8,28,11,0.288303,0.0718563,0.167665,0.428571,0.342814,0.517298,0.36381,0.860113,0.228995,6.96108,0.308668,,-0.0468262,106.976,28.8347,135.234,-0.0468262,2.8,26.88342397660017,10.163315534591675,6.12591,1.6200000047683716,,,,,,,980,6.447368421,980,6.447368421,,,,,,,,,,,,,,,,,,,"Bobby Witt Jr.","25764",677951
"Gunnar Henderson","BAL",152,660,576,158,94,29,7,28,107,97,73,1,151,6,5,0,6,16,4,0.274306,0.110606,0.228788,0.483444,0.359091,0.494792,0.366793,0.853883,0.220486,6.52696,0.323383,,0.222478,107.279,30.0739,144.425,0.222478,-4.1,33.77114948630333,3.1751322746276855,6.08799,7.659999847412109,,,,,,,952.2,6.264473684,952.2,6.264473684,,,,,,,,,,,,,,,,,,,"Gunnar Henderson","26289",683002
"Francisco Lindor","NYM",149,656,580,151,91,30,3,27,97,93,60,2,124,10,5,1,8,21,4,0.260345,0.0914634,0.189024,0.483871,0.337405,0.462069,0.344793,0.799474,0.201724,5.92376,0.285714,,1.32508,95.0133,18.2757,125.249,1.32508,7.5,21.132036566734314,14.731040477752686,5.96001,14.600000381469727,,,,,,,862.2,5.786577181,862.2,5.786577181,,,,,,,,,,,,,,,,,,,"Francisco Lindor","12916",596019
"Julio Rodríguez","SEA",149,650,595,167,111,27,2,27,92,91,45,3,155,8,2,0,11,27,7,0.280672,0.0692308,0.238462,0.290323,0.338462,0.468908,0.347704,0.807369,0.188235,5.62554,0.337349,,1.29428,95.6671,19.6314,134.752,1.29428,5.4,27.140594363212585,7.78830099105835,5.84521,13.399999618530273,,,,,,,874.4,5.868456375,874.4,5.868456375,,,,,,,,,,,,,,,,,,,"Julio Rodriguez","23697",677594
"José Ramírez","CLE",150,650,577,156,87,37,3,29,95,100,63,16,78,3,7,0,8,27,5,0.270364,0.0969231,0.12,0.807692,0.341538,0.495667,0.349971,0.837206,0.225303,6.01668,0.266247,,2.29371,96.8532,20.8174,131.211,2.29371,4.3,25.506177186965942,6.688301086425781,5.5628,4.96999979019165,,,,,,,928.9,6.192666666,928.9,6.192666666,,,,,,,,,,,,,,,,,,,"Jose Ramirez","13510",608070
"Yordan Alvarez","HOU",144,613,526,158,87,33,2,36,93,106,72,11,104,10,5,0,13,3,0,0.30038,0.117455,0.169657,0.692308,0.391517,0.576046,0.405831,0.967563,0.275665,3.43911,0.31202,,-0.647003,118.9,47.1927,170.806,-0.647003,0,49.01612901687622,-15.766461372375488,5.5444,17.09000015258789,,,,,,,1056,7.333333333,1056,7.333333333,,,,,,,,,,,,,,,,,,,"Yordan Alvarez","19556",670541
"Corey Seager","TEX",126,552,487,137,82,26,1,28,75,84,56,9,94,5,4,0,9,1,1,0.281314,0.101449,0.17029,0.595745,0.358696,0.511294,0.368112,0.869989,0.229979,2.31274,0.295393,,-1.26259,90.3107,25.7388,142.746,-1.26259,1,25.735820174217224,7.084656238555908,5.29006,47.40999984741211,,,,,,,806.6,6.401587301,806.6,6.401587301,,,,,,,,,,,,,,,,,,,"Corey Seager","13624",608369
"Cal Raleigh","SEA",135,529,469,108,57,22,1,28,65,81,52,2,143,4,4,0,7,3,1,0.230277,0.0982987,0.270321,0.363636,0.310019,0.460554,0.330496,0.770573,0.230277,3.08592,0.264901,,-0.681065,70.532,8.65058,122.648,-0.681065,10.8,13.027537643909454,20.518548011779785,5.28581,85.93000030517578,,,,,,,639.4,4.736296296,639.4,4.736296296,,,,,,,,,,,,,,,,,,,"Cal Raleigh","21534",663728
"Mookie Betts","LAD",130,586,499,141,85,30,2,24,95,86,76,3,81,6,5,0,6,13,3,0.282565,0.129693,0.138225,0.938272,0.380546,0.49499,0.376633,0.875536,0.212425,5.03791,0.293233,,0.0906235,99.892,31.3428,144.865,0.0906235,-7.9,31.529262229800224,-1.4405646324157715,5.12289,12.739999771118164,,,,,,,876.9,6.745384615,876.9,6.745384615,,,,,,,,,,,,,,,,,,,"Mookie Betts","13611",605141
"Ronald Acuña Jr.","ATL",121,547,466,137,83,26,2,26,105,77,69,2,103,9,3,0,8,36,8,0.293991,0.126143,0.1883,0.669903,0.393053,0.525751,0.39435,0.918804,0.23176,6.88374,0.326471,,2.70505,101.044,37.057,153.898,2.70505,-1.1,37.96027588844299,-7.129541516304016,5.0654,35.279998779296875,,,,,,,912.4,7.540495867,912.4,7.540495867,,,,,,,,,,,,,,,,,,,"Ronald Acuna Jr.","18401",660670
"Adley Rutschman","BAL",135,579,507,132,85,29,1,17,69,70,64,3,91,3,5,0,9,2,0,0.260355,0.110535,0.157168,0.703297,0.343696,0.422091,0.333256,0.765787,0.161736,2.89996,0.284653,,-0.775971,78.4843,10.754,120.834,-0.775971,5.9,13.026301860809326,16.53712511062622,5.04663,63.43000030517578,,,,,,,686.6,5.085925925,686.6,5.085925925,,,,,,,,,,,,,,,,,,,"Adley Rutschman","26288",668939
"Elly De La Cruz","CIN",152,664,597,157,91,32,9,25,104,88,61,2,198,4,1,1,11,54,13,0.262982,0.0918675,0.298193,0.308081,0.334842,0.472362,0.347151,0.807203,0.20938,8.63872,0.352,,4.31948,97.4323,19.7589,116.849,4.31948,1,17.697498321533203,8.319223880767822,4.97061,4.590000152587891,,,,,,,922.5,6.069078947,922.5,6.069078947,,,,,,,,,,,,,,,,,,,"Elly De La Cruz","26668",682829
"Fernando Tatis Jr.","SDP",120,520,467,129,71,28,1,29,83,82,46,1,114,5,2,0,10,16,3,0.276231,0.0884615,0.219231,0.403509,0.346154,0.526767,0.372575,0.87292,0.250535,5.33597,0.306748,,1.03,86.943,26.1144,144.112,1.03,6.1,28.459648966789246,0.36807727813720703,4.76567,11.140000343322754,,,,,,,789.9,6.5825,789.9,6.5825,,,,,,,,,,,,,,,,,,,"Fernando Tatis Jr.","19709",665487
"William Contreras","MIL",135,567,500,135,86,28,1,20,76,75,62,3,121,3,2,0,15,6,1,0.27,0.109347,0.213404,0.512397,0.352734,0.45,0.348144,0.802734,0.18,3.8737,0.31856,,-0.373085,83.6519,17.3254,123.619,-0.373085,-0.6,15.641143918037415,9.816666960716248,4.57928,24.43000030517578,,,,,,,734.5,5.44074074,734.5,5.44074074,,,,,,,,,,,,,,,,,,,"William Contreras","20503",661388
"Andrés Giménez","TOR",152,610,551,147,104,27,3,13,68,70,31,2,103,20,4,4,10,26,4,0.266788,0.0508197,0.168852,0.300971,0.326733,0.397459,0.31684,0.724192,0.130672,6.05526,0.305239,,2.37243,74.6268,3.27021,108.01,2.37243,13.8,7.9633629322052,16.04132890701294,4.57927,169,,,,,,,681,4.480263157,681,4.480263157,,,,,,,,,,,,,,,,,,,"Andres Gimenez","19950",665926
"Michael Harris II","ATL",137,560,521,153,100,29,4,20,78,75,30,2,112,6,3,0,9,15,5,0.293666,0.0535714,0.2,0.267857,0.3375,0.479846,0.350392,0.817346,0.18618,5.60403,0.339286,,-0.0826166,83.6325,18.1248,124.311,-0.0826166,7.4,16.197576731443405,9.457613229751587,4.57559,40.380001068115234,,,,,,,753.2,5.497810218,753.2,5.497810218,,,,,,,,,,,,,,,,,,,"Michael Harris II","25931",671739
"Vladimir Guerrero Jr.","TOR",152,665,585,170,106,34,0,30,91,99,71,8,94,6,3,0,20,4,2,0.290598,0.106767,0.141353,0.755319,0.371429,0.502564,0.37342,0.873993,0.211966,2.50145,0.301724,,-1.39119,111.639,33.8488,147.81,-1.39119,-1.9,34.9876012802124,-14.117078185081482,4.44493,13.09000015258789,,,,,,,980.6,6.451315789,980.6,6.451315789,,,,,,,,,,,,,,,,,,,"Vladimir Guerrero Jr.","19611",665489
"Trea Turner","PHI",134,594,550,158,106,29,2,21,89,75,36,1,114,5,3,0,11,21,3,0.287273,0.0606061,0.191919,0.315789,0.335017,0.461818,0.343647,0.796835,0.174545,5.92479,0.327751,,1.83269,85.4854,16.0004,120.375,1.83269,0.4,16.30508780479431,6.947618871927261,4.4444,24.399999618530273,,,,,,,782.2,5.837313432,782.2,5.837313432,,,,,,,,,,,,,,,,,,,"Trea Turner","16252",607208
"Jackson Merrill","SDP",152,600,555,156,103,27,5,21,77,85,35,2,99,1,5,4,6,15,4,0.281081,0.0583333,0.165,0.353535,0.322148,0.461261,0.335251,0.783409,0.18018,5.72056,0.306818,,0.298713,82.2945,12.1077,118.99,0.298713,6.6,13.923970997333527,8.804585456848145,4.4109,26.360000610351562,,,,,,,748.1,4.921710526,748.1,4.921710526,,,,,,,,,,,,,,,,,,,"Jackson Merrill","29490",701538
"Marcus Semien","TEX",147,670,602,150,94,30,3,23,97,83,62,1,104,3,3,0,7,9,2,0.249169,0.0925373,0.155224,0.596154,0.320896,0.423588,0.3238,0.744484,0.174419,5.05212,0.26569,,-0.257016,85.7207,7.34544,111.576,-0.257016,9.1,8.617336928844452,11.561787605285645,4.39074,104.12000274658203,,,,,,,764.8,5.202721088,764.8,5.202721088,,,,,,,,,,,,,,,,,,,"Marcus Semien","12533",543760
"Austin Riley","ATL",140,604,539,148,87,30,2,29,85,88,50,1,147,9,6,0,11,1,0,0.274583,0.0827815,0.243377,0.340136,0.342715,0.499072,0.360215,0.841788,0.22449,2.99906,0.322493,,-0.944401,94.9792,24.3245,130.923,-0.944401,-1.3,21.390510082244873,0.9192829132080078,4.38141,29.829999923706055,,,,,,,839.7,5.997857142,839.7,5.997857142,,,,,,,,,,,,,,,,,,,"Austin Riley","18360",663586
"Corbin Carroll","ARI",152,658,570,146,89,25,11,21,109,86,68,1,133,12,5,3,5,34,6,0.25614,0.103343,0.202128,0.511278,0.345038,0.449123,0.344309,0.794161,0.192982,8.43815,0.296912,,3.04403,95.0469,18.0753,119.776,3.04403,-1.3,18.60428500175476,1.1176955699920654,4.29987,8.3100004196167,,,,,,,868,5.710526315,868,5.710526315,,,,,,,,,,,,,,,,,,,"Corbin Carroll","25878",682998
"Freddie Freeman","LAD",142,625,541,161,102,35,2,22,94,87,70,9,100,9,5,0,10,10,2,0.297597,0.112,0.16,0.7,0.384,0.491682,0.374399,0.875682,0.194085,4.62318,0.32783,,-0.167509,105.417,32.3053,143.361,-0.167509,0,32.239965081214905,-11.482215881347656,4.29335,26.43000030517578,,,,,,,930.7,6.554225352,930.7,6.554225352,,,,,,,,,,,,,,,,,,,"Freddie Freeman","5361",518692
"Wyatt Langford","TEX",141,593,530,143,85,30,5,23,85,87,55,2,118,5,3,0,5,19,4,0.269811,0.0927487,0.198988,0.466102,0.342327,0.475472,0.351598,0.817799,0.20566,6.20769,0.306122,,1.05136,89.1364,19.7684,131.129,1.05136,5.3,22.172972440719604,-1.2365961074829102,4.20385,43.93000030517578,,,,,,,807.4,5.726241134,807.4,5.726241134,,,,,,,,,,,,,,,,,,,"Wyatt Langford","33333",694671
"Nico Hoerner","CHC",147,618,563,155,114,29,3,9,78,60,41,2,67,11,3,0,10,28,5,0.275311,0.066343,0.108414,0.61194,0.334951,0.385435,0.31641,0.720387,0.110124,6.19501,0.297959,,2.28061,75.3916,3.09916,105.178,2.28061,11.5,6.106870889663696,13.770723104476929,4.17837,202.41000366210938,,,,,,,686,4.666666666,686,4.666666666,,,,,,,,,,,,,,,,,,,"Nico Hoerner","21479",663538
"Willy Adames","SFG",152,645,577,142,83,35,1,23,78,83,62,2,149,2,4,0,11,13,3,0.246101,0.096124,0.231008,0.416107,0.31938,0.429809,0.324427,0.749189,0.183709,4.40899,0.290954,,0.24058,82.8476,7.3968,109.995,0.24058,3.8,7.950014561414719,10.909788370132446,4.16611,95.5999984741211,,,,,,,749.9,4.933552631,749.9,4.933552631,,,,,,,,,,,,,,,,,,,"Willy Adames","15986",642715
"Will Smith","LAD",132,551,473,119,75,22,2,20,74,74,57,4,100,12,9,0,9,2,0,0.251586,0.103448,0.181488,0.57,0.341198,0.433404,0.33467,0.774602,0.181818,3.54892,0.273481,,-0.704939,75.316,10.8611,116.621,-0.704939,1.6,10.246262311935425,11.722721695899963,4.16393,104.93000030517578,,,,,,,667.4,5.056060606,667.4,5.056060606,,,,,,,,,,,,,,,,,,,"Will Smith","19197",669257
"Carlos Correa","MIN",115,495,434,118,75,24,1,18,65,64,53,3,95,4,4,0,16,0,0,0.271889,0.107071,0.191919,0.557895,0.353535,0.456221,0.349706,0.809757,0.184332,1.93779,0.307692,,-1.01812,73.6518,15.7477,130.457,-1.01812,1.6,16.232096910476685,7.056349396705627,4.10937,242.02999877929688,,,,,,,642.3,5.585217391,642.3,5.585217391,,,,,,,,,,,,,,,,,,,"Carlos Correa","14162",621043
"Dansby Swanson","CHC",146,603,543,133,87,26,2,18,78,70,54,1,147,3,3,0,8,13,3,0.244936,0.0895522,0.243781,0.367347,0.315091,0.399632,0.312428,0.714723,0.154696,5.02324,0.301837,,0.256364,71.6293,1.09156,102.498,0.256364,10.9,2.057375133037567,17.54682493209839,4.09855,174.72000122070312,,,,,,,645.1,4.41849315,645.1,4.41849315,,,,,,,,,,,,,,,,,,,"Dansby Swanson","18314",621020
"Matt Chapman","SFG",144,597,523,126,71,30,2,23,80,68,63,2,156,7,4,0,8,9,2,0.240918,0.105528,0.261307,0.403846,0.328308,0.437859,0.332158,0.766167,0.196941,4.88,0.295977,,-0.10706,80.3969,10.5609,115.199,-0.10706,6.7,10.743253685534,8.893562316894531,4.08128,128.3800048828125,,,,,,,718.7,4.990972222,718.7,4.990972222,,,,,,,,,,,,,,,,,,,"Matt Chapman","16505",656305
"Riley Greene","DET",131,565,500,134,84,25,5,20,78,71,59,2,144,4,2,0,7,5,2,0.268,0.104425,0.254867,0.409722,0.348673,0.458,0.349073,0.806673,0.19,4.88915,0.337278,,-0.954414,83.7793,17.6867,130.526,-0.954414,7.9,18.780105888843536,1.672046184539795,4.05744,110.26000213623047,,,,,,,732.3,5.590076335,732.3,5.590076335,,,,,,,,,,,,,,,,,,,"Riley Greene","25976",682985
"Ketel Marte","ARI",135,574,503,136,80,29,3,24,80,82,60,4,104,5,6,0,11,6,1,0.270378,0.10453,0.181185,0.576923,0.350174,0.483101,0.35626,0.833276,0.212724,4.69649,0.293963,,-0.317838,88.4346,21.2891,127.82,-0.317838,-1.2,18.777310132980347,0.9090535640716553,4.00729,32.40999984741211,,,,,,,789,5.844444444,789,5.844444444,,,,,,,,,,,,,,,,,,,"Ketel Marte","13613",606466
"Bryce Harper","PHI",131,564,482,137,76,35,0,26,81,83,74,10,124,3,4,1,14,8,3,0.284232,0.131206,0.219858,0.596774,0.380107,0.518672,0.380598,0.898779,0.23444,3.27762,0.330357,,-0.743636,97.9415,31.9659,145.245,-0.743636,0.6,29.77139049768448,-9.761552214622498,4.00631,22.760000228881836,,,,,,,868.9,6.632824427,868.9,6.632824427,,,,,,,,,,,,,,,,,,,"Bryce Harper","11579",547180
"Isaac Paredes","HOU",152,598,512,124,72,26,1,25,68,90,68,1,98,14,4,0,14,1,1,0.242188,0.113712,0.16388,0.693878,0.344482,0.443359,0.343691,0.787841,0.201172,2.13358,0.251908,,-1.41255,86.0823,16.1294,127.095,-1.41255,-0.5,17.126845479011536,1.6972370147705078,4.00291,192.08999633789062,,,,,,,743.6,4.892105263,743.6,4.892105263,,,,,,,,,,,,,,,,,,,"Isaac Paredes","20036",670623
"Rafael Devers","BOS",145,625,551,148,81,34,3,30,88,95,64,12,136,6,4,0,14,3,1,0.268603,0.1024,0.2176,0.470588,0.3488,0.504537,0.35968,0.853337,0.235935,3.67212,0.303342,,-0.902053,98.0121,24.9008,131.001,-0.902053,-5.7,21.26791262626648,-3.4035565853118896,3.99675,39.15999984741211,,,,,,,888.4,6.126896551,888.4,6.126896551,,,,,,,,,,,,,,,,,,,"Rafael Devers","17350",646240
"Manny Machado","SDP",142,606,552,147,92,28,1,26,76,93,48,6,116,1,5,0,18,8,2,0.266304,0.0792079,0.191419,0.413793,0.323432,0.461957,0.334642,0.785389,0.195652,3.90943,0.291566,,-0.27549,82.8205,11.9318,118.581,-0.27549,3.1,13.189083099365234,5.326631307601929,3.99645,38.220001220703125,,,,,,,759.1,5.345774647,759.1,5.345774647,,,,,,,,,,,,,,,,,,,"Manny Machado","11493",592518
"Brent Rooker","ATH",144,590,522,140,77,24,2,37,76,101,57,3,171,7,4,0,8,8,2,0.268199,0.0966102,0.289831,0.333333,0.345763,0.534483,0.37354,0.880245,0.266284,4.11692,0.323899,,-0.299167,99.1054,30.0883,150.517,-0.299167,0,33.803963243961334,-15.174897193908691,3.95523,66.26000213623047,,,,,,,892.4,6.197222222,892.4,6.197222222,,,,,,,,,,,,,,,,,,,"Brent Rooker","19627",667670
"Jarren Duran","BOS",149,637,580,152,86,38,10,18,89,78,48,1,144,6,2,1,5,26,5,0.262069,0.0753532,0.22606,0.333333,0.323899,0.455172,0.335431,0.779072,0.193103,7.82798,0.319048,,2.07792,87.4614,12.9464,113.944,2.07792,2.3,12.24107313156128,4.6405348777771,3.93657,21.030000686645508,,,,,,,805,5.402684563,805,5.402684563,,,,,,,,,,,,,,,,,,,"Jarren Duran","24617",680776
"Alex Bregman","BOS",143,625,551,139,87,28,2,22,80,82,62,1,81,7,5,0,16,2,1,0.252269,0.0992,0.1296,0.765432,0.3328,0.430127,0.332024,0.762927,0.177858,3.14679,0.258278,,-1.22833,84.1001,10.9888,118.888,-1.22833,2.1,12.279225945472717,4.396443128585815,3.87399,118.70999908447266,,,,,,,734.8,5.138461538,734.8,5.138461538,,,,,,,,,,,,,,,,,,,"Alex Bregman","17678",608324
"Brandon Nimmo","NYM",141,622,537,135,87,25,4,19,83,71,70,0,138,11,3,1,6,9,1,0.251397,0.11254,0.221865,0.507246,0.347826,0.418994,0.337413,0.76682,0.167598,5.43567,0.302872,,0.0690667,86.3943,13.634,120.282,0.0690667,7.6,15.154893532395363,0.7437386512756348,3.78119,192.22000122070312,,,,,,,750.2,5.320567375,750.2,5.320567375,,,,,,,,,,,,,,,,,,,"Brandon Nimmo","12927",607043
"Steven Kwan","CLE",140,621,548,155,118,24,5,8,87,57,63,1,58,5,3,2,8,16,4,0.282847,0.101449,0.0933977,1.08621,0.360258,0.388686,0.331427,0.748945,0.105839,5.66952,0.303093,,0.119876,83.2636,10.6203,118.167,0.119876,8.9,13.028313048183918,2.0547614097595215,3.69574,147.36000061035156,,,,,,,716.5,5.117857142,716.5,5.117857142,,,,,,,,,,,,,,,,,,,"Steven Kwan","24610",680757
"Matt McLain","CIN",122,536,472,120,70,27,4,19,70,75,53,1,148,9,2,0,7,17,6,0.254237,0.0988806,0.276119,0.358108,0.339552,0.449153,0.342446,0.788705,0.194915,6.1029,0.32899,,-0.0639457,76.6203,13.9201,113.682,-0.0639457,2.8,8.705329932272434,8.708289384841919,3.64188,92.5199966430664,,,,,,,681.2,5.583606557,681.2,5.583606557,,,,,,,,,,,,,,,,,,,"Matt McLain","29695",680574
"Jazz Chisholm Jr.","NYY",134,552,498,125,78,20,3,24,72,83,46,3,139,4,3,1,4,32,8,0.251004,0.0833333,0.251812,0.330935,0.317604,0.447791,0.329081,0.765396,0.196787,6.43671,0.298817,,2.1734,72.9695,8.39761,115.266,2.1734,2.9,11.815674781799316,4.928218841552734,3.62971,22.760000228881836,,,,,,,691.1,5.157462686,691.1,5.157462686,,,,,,,,,,,,,,,,,,,"Jazz Chisholm Jr.","20454",665862
"Jordan Westburg","BAL",123,522,476,122,74,27,4,17,69,71,35,0,120,8,2,1,8,7,2,0.256303,0.0670498,0.229885,0.291667,0.316699,0.436975,0.326681,0.753673,0.180672,5.4069,0.307918,,-0.333426,67.9956,6.93306,116.209,-0.333426,6.2,9.347837716341019,8.117989182472229,3.60098,90.23999786376953,,,,,,,604.8,4.91707317,604.8,4.91707317,,,,,,,,,,,,,,,,,,,"Jordan Westburg","27815",676059
"Zach Neto","LAA",140,554,492,124,73,29,1,21,70,75,38,1,125,19,2,3,12,23,7,0.252033,0.0685921,0.225632,0.304,0.328494,0.443089,0.335558,0.771583,0.191057,5.43737,0.295977,,0.746833,76.1223,11.3164,118.057,0.746833,-2.1,12.193191409111023,4.006701946258545,3.58041,199.02999877929688,,,,,,,684.7,4.890714285,684.7,4.890714285,,,,,,,,,,,,,,,,,,,"Zach Neto","31347",687263
"Kyle Tucker","CHC",126,524,453,119,71,24,1,23,72,76,66,5,80,1,4,0,9,17,2,0.262693,0.125954,0.152672,0.825,0.354962,0.472406,0.354906,0.827368,0.209713,5.00174,0.271186,,1.5403,80.16,18.8635,131.088,1.5403,1.7,21.020317435264587,-4.076014280319214,3.55214,8.739999771118164,,,,,,,732.6,5.814285714,732.6,5.814285714,,,,,,,,,,,,,,,,,,,"Kyle Tucker","18345",663656
"Alejandro Kirk","TOR",118,428,377,99,72,18,0,9,35,48,42,1,51,4,5,0,14,0,0,0.262599,0.0981308,0.119159,0.823529,0.338785,0.381963,0.317669,0.720748,0.119363,0.748918,0.279503,,-0.923413,52.6469,2.58027,108.594,-0.923413,8.9,3.2851680517196655,16.76302146911621,3.54406,256.0299987792969,,,,,,,452.2,3.832203389,452.2,3.832203389,,,,,,,,,,,,,,,,,,,"Alejandro Kirk","22581",672386
"Anthony Volpe","NYY",152,645,581,139,85,33,5,16,81,73,51,1,149,8,4,1,8,26,6,0.239243,0.0790698,0.231008,0.342282,0.307453,0.395869,0.306848,0.703323,0.156627,6.63919,0.292857,,1.64135,73.7218,-1.72906,99.6278,1.64135,4.2,1.366656631231308,11.309788227081299,3.52981,140.91000366210938,,,,,,,681.6,4.484210526,681.6,4.484210526,,,,,,,,,,,,,,,,,,,"Anthony Volpe","27647",683011
"Patrick Bailey","SFG",110,426,383,90,61,18,1,10,46,45,36,0,103,2,4,1,9,3,0,0.234987,0.084507,0.241784,0.349515,0.301176,0.365535,0.293411,0.666712,0.130548,3.66106,0.291971,,-0.18135,44.0832,-5.74942,89.119,-0.18135,17.3,-5.724281370639801,25.126277923583984,3.46892,305.8399963378906,,,,,,,392.6,3.569090909,392.6,3.569090909,,,,,,,,,,,,,,,,,,,"Patrick Bailey","27478",672275
"Gabriel Moreno","ARI",101,372,330,94,68,18,1,7,41,44,36,1,61,3,3,0,12,4,1,0.284848,0.0967742,0.163978,0.590164,0.357527,0.409091,0.336263,0.766618,0.124242,3.52277,0.328302,,-0.441603,51.3257,7.80984,114.36,-0.441603,8.4,5.946345329284668,15.234214782714844,3.46688,186.86000061035156,,,,,,,441.9,4.375247524,441.9,4.375247524,,,,,,,,,,,,,,,,,,,"Gabriel Moreno","22664",672515
"Ha-Seong Kim","TBR",140,521,451,110,76,21,2,11,61,53,58,2,90,4,4,4,8,21,5,0.243902,0.111324,0.172745,0.644444,0.332689,0.372506,0.31175,0.705194,0.128603,5.36789,0.279661,,1.1016,61.6041,0.658552,107.132,1.1016,5.1,5.353112578392029,10.842945098876953,3.4664,355.2200012207031,,,,,,,552.6,3.947142857,552.6,3.947142857,,,,,,,,,,,,,,,,,,,"Ha-Seong Kim","27506",673490
"Anthony Santander","TOR",149,631,565,141,73,32,1,35,80,99,54,2,130,7,5,0,12,2,1,0.249558,0.0855784,0.206022,0.415385,0.320127,0.495575,0.34771,0.815702,0.246018,2.66926,0.261728,,-1.04681,92.8739,19.0607,129.725,-1.04681,-1.7,20.414539575576782,-8.65546727180481,3.38687,103.94999694824219,,,,,,,836.1,5.611409395,836.1,5.611409395,,,,,,,,,,,,,,,,,,,"Anthony Santander","14551",623993
"Yainer Diaz","HOU",135,552,519,145,98,26,2,19,65,80,24,1,99,3,6,0,20,1,0,0.279383,0.0434783,0.179348,0.242424,0.311594,0.447013,0.325147,0.758608,0.16763,2.89189,0.309582,,-0.77866,71.2221,6.65021,114.051,-0.77866,-3.9,8.09614509344101,6.241093158721924,3.38115,58.900001525878906,,,,,,,641.3,4.75037037,641.3,4.75037037,,,,,,,,,,,,,,,,,,,"Yainer Diaz","23003",673237
"Sean Murphy","ATL",106,417,365,86,49,19,1,17,46,56,40,1,100,10,2,0,11,0,0,0.235616,0.0959233,0.239808,0.4,0.326139,0.432877,0.330648,0.759016,0.19726,1.9307,0.276,,-0.773457,55.6498,6.86997,111.022,-0.773457,6.3,4.722932457923889,13.960935115814209,3.3638,240.9499969482422,,,,,,,487.2,4.596226415,487.2,4.596226415,,,,,,,,,,,,,,,,,,,"Sean Murphy","19352",669221
"Ezequiel Tovar","COL",152,651,613,162,96,39,4,23,80,89,27,1,171,4,4,3,14,7,4,0.264274,0.0414747,0.262673,0.157895,0.297839,0.453507,0.321277,0.751347,0.189233,4.59658,0.328605,,-1.21447,81.9679,5.81514,92.8032,-1.21447,10.5,-6.816941738128662,17.675925731658936,3.36044,130.39999389648438,,,,,,,741.4,4.877631578,741.4,4.877631578,,,,,,,,,,,,,,,,,,,"Ezequiel Tovar","24064",678662
"Ian Happ","CHC",152,634,550,137,80,33,2,22,82,81,74,2,154,6,4,0,10,11,3,0.249091,0.116719,0.242902,0.480519,0.342271,0.436364,0.338834,0.778635,0.187273,4.49722,0.304233,,-0.262022,88.7864,14.6223,120.271,-0.262022,3.3,15.106246083974838,-3.6885364055633545,3.35968,130.77999877929688,,,,,,,783.6,5.155263157,783.6,5.155263157,,,,,,,,,,,,,,,,,,,"Ian Happ","17919",664023
"Carson Williams","TBR",121,530,476,109,67,20,4,18,70,71,43,1,176,8,3,0,6,17,8,0.228992,0.0811321,0.332075,0.244318,0.301887,0.40126,0.306467,0.703147,0.172269,6.40371,0.319298,,-0.763465,60.415,-1.58335,103.416,-0.763465,7.5,1.3082154393196106,13.342151641845703,3.33775,999,,,,,,,547.3,4.523140495,547.3,4.523140495,,,,,,,,,,,,,,,,,,,"Carson Williams","sa3017795",700246
"Jose Altuve","HOU",130,584,528,143,96,28,0,19,85,68,48,2,100,6,2,0,12,14,4,0.270833,0.0821918,0.171233,0.48,0.337329,0.431818,0.334592,0.769147,0.160985,4.4454,0.301703,,0.0118959,79.7902,11.475,120.695,0.0118959,-3.2,13.840433835983276,-1.0542035102844238,3.33114,61.209999084472656,,,,,,,710,5.461538461,710,5.461538461,,,,,,,,,,,,,,,,,,,"Jose Altuve","5417",514888
"Colton Cowser","BAL",139,559,488,123,78,24,2,19,81,74,58,2,164,9,4,0,9,8,3,0.252049,0.103757,0.293381,0.353659,0.339893,0.42623,0.334068,0.766122,0.17418,4.86315,0.33657,,-0.743636,76.1386,10.7478,121.405,-0.743636,6.8,12.94720321893692,0.63818359375,3.3276,167.24000549316406,,,,,,,668.2,4.807194244,668.2,4.807194244,,,,,,,,,,,,,,,,,,,"Colton Cowser","29591",681297
"James Wood","WSN",137,590,518,137,83,29,5,20,81,76,67,2,160,3,2,0,5,18,6,0.264479,0.113559,0.271186,0.41875,0.350847,0.455598,0.349416,0.806446,0.19112,6.01738,0.344118,,-0.0217942,87.6495,18.6325,125.211,-0.0217942,1,17.76553835719824,-5.5035271644592285,3.29555,55.86000061035156,,,,,,,777.2,5.6729927,777.2,5.6729927,,,,,,,,,,,,,,,,,,,"James Wood","29518",695578
"Pete Crow-Armstrong","CHC",136,537,490,122,79,21,7,15,77,68,30,2,139,8,3,6,3,31,6,0.24898,0.0558659,0.258845,0.215827,0.301318,0.412245,0.307995,0.713563,0.163265,8.42713,0.315634,,2.86233,61.8732,-0.944069,99.5137,2.86233,9.5,2.550063520669937,11.473104000091553,3.29516,134.66000366210938,,,,,,,591.1,4.346323529,591.1,4.346323529,,,,,,,,,,,,,,,,,,,"Pete Crow-Armstrong","27769",691718
"Matt Olson","ATL",152,655,567,143,77,33,1,32,85,101,77,6,153,6,5,0,14,1,0,0.252205,0.117557,0.233588,0.503268,0.345038,0.483245,0.353953,0.828283,0.231041,2.39824,0.286822,,-1.01543,99.6974,23.0768,126.708,-1.01543,1.5,19.90381360054016,-10.53336238861084,3.22047,35.400001525878906,,,,,,,886.9,5.834868421,886.9,5.834868421,,,,,,,,,,,,,,,,,,,"Matt Olson","14344",621566
"Bo Bichette","TOR",127,548,512,144,100,28,1,15,68,68,31,1,105,3,2,0,14,9,3,0.28125,0.0565693,0.191606,0.295238,0.324818,0.427734,0.32626,0.752552,0.146484,4.21761,0.327411,,-0.464711,71.1966,7.09265,114.637,-0.464711,-2.5,8.712782680988312,3.54056453704834,3.15216,119.36000061035156,,,,,,,633,4.984251968,633,4.984251968,,,,,,,,,,,,,,,,,,,"Bo Bichette","19612",666182
"Seiya Suzuki","CHC",131,561,491,133,82,26,4,21,72,72,61,3,139,4,5,0,7,11,5,0.270876,0.108734,0.247772,0.438849,0.352941,0.468432,0.353347,0.821373,0.197556,4.97377,0.333333,,-0.961541,85.1162,19.4915,130.039,-0.961541,-1.2,19.190030455589294,-7.383862257003784,3.14873,84.5,,,,,,,751.3,5.735114503,751.3,5.735114503,,,,,,,,,,,,,,,,,,,"Seiya Suzuki","30116",673548
"Jackson Holliday","BAL",135,591,507,117,72,28,2,15,101,68,77,1,155,4,3,0,6,9,1,0.230769,0.130288,0.262267,0.496774,0.335025,0.382643,0.318282,0.717668,0.151874,5.84105,0.3,,0.195345,72.9884,3.85432,110.301,0.195345,1.4,7.161145702004433,3.5715166330337524,3.14315,213.58999633789062,,,,,,,639.1,4.734074074,639.1,4.734074074,,,,,,,,,,,,,,,,,,,"Jackson Holliday","31781",702616
"Nolan Arenado","STL",138,580,527,139,92,28,1,18,61,77,42,3,85,5,6,0,16,2,2,0.263757,0.0724138,0.146552,0.494118,0.32069,0.42315,0.320974,0.74384,0.159393,2.41636,0.281395,,-1.48338,72.8864,5.03916,107.172,-1.48338,5.4,3.4906864166259766,7.531099557876587,3.13307,229.36000061035156,,,,,,,646.7,4.686231884,646.7,4.686231884,,,,,,,,,,,,,,,,,,,"Nolan Arenado","9777",571448
"Pete Alonso","NYM",152,649,562,137,77,26,1,33,83,101,68,7,149,14,5,0,16,4,0,0.243772,0.104777,0.229584,0.456376,0.337442,0.469751,0.345567,0.807193,0.225979,3.41553,0.27013,,-0.399648,94.4039,18.4851,125.771,-0.399648,0.8,19.60033082962036,-11.123133838176727,3.10758,49.209999084472656,,,,,,,850.1,5.592763157,850.1,5.592763157,,,,,,,,,,,,,,,,,,,"Pete Alonso","19251",624413
"Alec Bohm","PHI",146,607,553,157,105,34,2,16,70,82,42,1,93,5,7,0,19,4,2,0.283906,0.0691928,0.153213,0.451613,0.336079,0.439421,0.335082,0.7755,0.155515,3.37968,0.312639,,-1.20177,83.172,12.1664,114.61,-1.20177,-1.9,9.403122186660767,0.33030569553375244,3.09287,172.42999267578125,,,,,,,729.6,4.997260273,729.6,4.997260273,,,,,,,,,,,,,,,,,,,"Alec Bohm","21618",664761
"Matt Wallner","MIN",139,561,486,117,62,29,3,23,67,81,56,2,194,17,2,0,6,5,1,0.240741,0.0998217,0.345811,0.28866,0.338681,0.454733,0.344208,0.793413,0.213992,4.62447,0.346863,,-0.454699,80.9895,15.3648,126.589,-0.454699,0.8,16.613039016723633,-5.383862197399139,3.09114,270.30999755859375,,,,,,,712.3,5.124460431,712.3,5.124460431,,,,,,,,,,,,,,,,,,,"Matt Wallner","26466",670242
"Daulton Varsho","TOR",141,528,475,106,59,22,4,21,70,69,46,1,131,4,2,1,5,11,3,0.223158,0.0871212,0.248106,0.351145,0.296015,0.418947,0.309718,0.714963,0.195789,5.89982,0.261538,,0.132599,61.5686,-0.195775,103.001,0.132599,8.4,1.9455786496400833,10.34003484249115,3.08664,320.5899963378906,,,,,,,565.1,4.007801418,565.1,4.007801418,,,,,,,,,,,,,,,,,,,"Daulton Varsho","19918",662139
"Masyn Winn","STL",146,639,584,148,100,29,5,14,87,71,44,1,116,3,5,3,6,13,4,0.253425,0.0688576,0.181534,0.37931,0.306604,0.392123,0.303917,0.698727,0.138699,5.9765,0.291939,,-0.172319,71.5284,-3.22061,95.6914,-0.172319,4.9,-3.46463879942894,11.943650722503662,3.07337,151.33999633789062,,,,,,,643.5,4.407534246,643.5,4.407534246,,,,,,,,,,,,,,,,,,,"Masyn Winn","27479",691026
"Byron Buxton","MIN",95,377,340,84,41,22,2,19,58,55,27,1,106,8,2,0,2,6,1,0.247059,0.071618,0.281167,0.254717,0.31565,0.491176,0.344546,0.806826,0.244118,5.87917,0.299539,,0.203062,54.5288,10.4281,126.827,0.203062,4,11.77549159526825,5.385214567184448,3.07026,235.5,,,,,,,497.8,5.24,497.8,5.24,,,,,,,,,,,,,,,,,,,"Byron Buxton","14161",621439
"Mark Vientos","NYM",137,560,508,127,75,24,2,26,66,86,43,1,169,5,4,0,11,0,0,0.25,0.0767857,0.301786,0.254438,0.3125,0.458661,0.331394,0.771161,0.208661,2.25397,0.318612,,-0.962876,75.0697,9.56197,116.231,-0.962876,-0.9,9.906246960163116,1.1576131582260132,3.06863,104.33999633789062,,,,,,,672.6,4.909489051,672.6,4.909489051,,,,,,,,,,,,,,,,,,,"Mark Vientos","22184",668901
"Gleyber Torres","DET",151,639,565,147,102,27,1,17,76,62,64,0,114,3,6,1,13,8,4,0.260177,0.100156,0.178404,0.561404,0.335423,0.40177,0.323672,0.737193,0.141593,3.61316,0.295455,,-1.35385,81.6885,6.93953,112.659,-1.35385,-2.1,7.901767373085022,0.24788379669189453,3.04164,229.0500030517578,,,,,,,707,4.682119205,707,4.682119205,,,,,,,,,,,,,,,,,,,"Gleyber Torres","16997",650402
"Oneil Cruz","PIT",140,587,529,134,78,28,4,24,80,80,52,4,168,3,3,0,7,20,3,0.253308,0.088586,0.286201,0.309524,0.321976,0.457467,0.33394,0.779443,0.204159,6.37964,0.323529,,1.76686,79.8921,11.226,111.844,1.76686,-2.5,10.080887079238892,-0.34318041801452637,3.02453,40,,,,,,,745.6,5.325714285,745.6,5.325714285,,,,,,,,,,,,,,,,,,,"Oneil Cruz","21711",665833
"J.P. Crawford","SEA",127,545,472,114,78,24,1,11,68,50,63,0,108,6,3,1,7,4,1,0.241525,0.115596,0.198165,0.583333,0.336397,0.366525,0.313883,0.702922,0.125,3.654,0.289326,,-0.765193,65.3776,1.62458,110.962,-0.765193,-1.1,6.070394992828369,4.907495379447937,3.01011,433.739990234375,,,,,,,556.9,4.38503937,556.9,4.38503937,,,,,,,,,,,,,,,,,,,"J.P. Crawford","15491",641487
"Mike Trout","LAA",76,325,278,72,38,14,2,18,47,50,41,4,87,5,1,0,3,5,1,0.258993,0.126154,0.267692,0.471264,0.363077,0.517986,0.374576,0.881063,0.258993,5.15012,0.310345,,-0.0364002,54.8628,16.8449,145.503,-0.0364002,-0.1,16.884740486741066,1.0941504463553429,2.97573,118.0999984741211,,,,,,,491.1,6.461842105,491.1,6.461842105,,,,,,,,,,,,,,,,,,,"Mike Trout","10155",545361
"Cody Bellinger","NYY",132,556,500,132,85,25,2,20,77,81,43,5,90,4,9,0,7,11,3,0.264,0.0773381,0.161871,0.477778,0.321942,0.442,0.325855,0.763942,0.178,4.96769,0.280702,,-0.0173568,72.055,7.01521,112.998,-0.0173568,-0.1,8.251544035971165,1.9429158195853233,2.96707,99.12000274658203,,,,,,,664.6,5.034848484,664.6,5.034848484,,,,,,,,,,,,,,,,,,,"Cody Bellinger","15998",641355
"Xander Bogaerts","SDP",129,543,488,128,91,23,1,13,63,58,44,1,97,5,6,0,14,11,2,0.262295,0.0810313,0.178637,0.453608,0.325967,0.393443,0.31468,0.719409,0.131148,4.49536,0.299479,,0.29294,65.486,1.96694,105.144,0.29294,4.9,3.6332865953445435,6.895150065422058,2.95487,154.8300018310547,,,,,,,585.7,4.540310077,585.7,4.540310077,,,,,,,,,,,,,,,,,,,"Xander Bogaerts","12161",593428
"Jeremy Peña","HOU",149,621,572,147,104,26,2,15,75,68,33,1,118,10,4,2,10,15,5,0.256993,0.0531401,0.190016,0.279661,0.306947,0.388112,0.303384,0.695059,0.131119,5.08493,0.297968,,-0.177326,69.2473,-3.39606,98.7427,-0.177326,2.1,-1.0707213282585144,8.94523811340332,2.95125,161.89999389648438,,,,,,,622.5,4.177852348,622.5,4.177852348,,,,,,,,,,,,,,,,,,,"Jeremy Pena","21636",665161
"Josh Smith","TEX",139,525,456,112,74,24,2,12,64,57,47,1,107,17,3,2,6,9,3,0.245614,0.0895238,0.20381,0.439252,0.33652,0.385965,0.320061,0.722485,0.140351,4.91749,0.294118,,-0.496281,65.589,4.17554,108.945,-0.496281,4.2,4.877285569906235,6.129012107849121,2.94418,409.6700134277344,,,,,,,565.7,4.069784172,565.7,4.069784172,,,,,,,,,,,,,,,,,,,"Josh Smith","26396",669701
"J.T. Realmuto","PHI",109,442,400,103,65,20,3,15,54,55,31,2,109,8,3,0,7,7,3,0.2575,0.0701357,0.246606,0.284404,0.321267,0.435,0.326501,0.756267,0.1775,5.11426,0.315412,,-0.620046,57.5107,5.80642,108.834,-0.620046,1.2,4.049363017082214,9.320223093032837,2.90093,140.86000061035156,,,,,,,514.8,4.722935779,514.8,4.722935779,,,,,,,,,,,,,,,,,,,"J.T. Realmuto","11739",592663
"Brenton Doyle","COL",138,550,503,127,83,21,4,19,72,72,35,1,156,4,5,3,12,22,4,0.252485,0.0636364,0.283636,0.224359,0.303474,0.423459,0.313441,0.726933,0.170974,6.68535,0.324324,,1.82499,65.7819,1.444,87.5288,1.82499,14.1,-6.37722384929657,16.120870351791382,2.89789,76.02999877929688,,,,,,,618.1,4.478985507,618.1,4.478985507,,,,,,,,,,,,,,,,,,,"Brenton Doyle","25479",686668
"Willson Contreras","STL",104,422,362,86,51,19,0,16,50,52,44,1,107,14,2,0,10,4,2,0.237569,0.104265,0.253554,0.411215,0.341232,0.422652,0.335655,0.763884,0.185083,2.93334,0.290456,,-0.862394,58.0177,8.65298,117.053,-0.862394,-1.5,7.743222117424011,6.2527923583984375,2.89684,75.05000305175781,,,,,,,501.1,4.81826923,501.1,4.81826923,,,,,,,,,,,,,,,,,,,"Willson Contreras","11609",575929
"Bryson Stott","PHI",142,565,509,131,94,23,3,11,67,60,47,1,99,3,6,0,8,24,3,0.257367,0.0831858,0.175221,0.474747,0.320354,0.379175,0.306576,0.699529,0.121807,6.02645,0.296296,,2.45636,64.4543,-1.63828,95.424,2.45636,7.5,-0.6353378295898438,9.575984716415405,2.86655,175.97999572753906,,,,,,,599,4.218309859,599,4.218309859,,,,,,,,,,,,,,,,,,,"Bryson Stott","26294",681082
"Leody Taveras","TEX",146,543,492,125,84,24,4,13,66,60,43,0,115,1,4,3,5,20,5,0.254065,0.0791897,0.211786,0.373913,0.312963,0.398374,0.310237,0.711337,0.144309,6.2212,0.304348,,0.964738,63.5443,0.0251757,102.035,0.964738,5.4,2.2290160059928894,7.395150065422058,2.86341,451.7099914550781,,,,,,,578.6,3.963013698,578.6,3.963013698,,,,,,,,,,,,,,,,,,,"Leody Taveras","18900",665750
"Tyler O'Neill","BAL",112,447,393,98,56,17,1,24,66,66,45,2,137,6,3,0,10,6,1,0.249364,0.100671,0.306488,0.328467,0.333333,0.480916,0.349294,0.814249,0.231552,4.64196,0.314894,,-0.0337107,66.3616,14.0724,132.115,-0.0337107,1.3,16.392045713961124,-3.627248525619507,2.85726,198.89999389648438,,,,,,,598,5.339285714,598,5.339285714,,,,,,,,,,,,,,,,,,,"Tyler O'Neill","15711",641933
"Brandon Lowe","TBR",110,443,393,95,53,20,1,21,60,65,42,1,116,6,2,0,5,5,1,0.24173,0.0948081,0.261851,0.362069,0.322799,0.458015,0.337165,0.780814,0.216285,4.35395,0.286822,,-0.194249,61.4431,9.62185,125.009,-0.194249,-1.3,12.482657954096794,0.3277190923690796,2.84819,224.72000122070312,,,,,,,550.8,5.007272727,550.8,5.007272727,,,,,,,,,,,,,,,,,,,"Brandon Lowe","18882",664040
"Jackson Chourio","MIL",147,605,559,150,98,29,3,20,80,85,39,3,126,3,3,1,9,27,8,0.268336,0.0644628,0.208264,0.309524,0.317881,0.438283,0.325321,0.756163,0.169946,5.96854,0.3125,,1.07869,78.1449,7.37314,108.258,1.07869,7,7.052809476852417,0.3311285972595215,2.84334,17.020000457763672,,,,,,,725.1,4.932653061,725.1,4.932653061,,,,,,,,,,,,,,,,,,,"Jackson Chourio","28806",694192
"Teoscar Hernández","LAD",145,612,559,149,93,27,1,28,78,100,43,2,175,7,3,0,6,9,3,0.266547,0.0702614,0.285948,0.245714,0.325163,0.468694,0.341219,0.793858,0.202147,3.99183,0.337047,,-0.527851,86.8803,15.2897,121.029,-0.527851,-1.1,14.861917853355408,-7.8460317850112915,2.82941,58.290000915527344,,,,,,,781.3,5.388275862,781.3,5.388275862,,,,,,,,,,,,,,,,,,,"Teoscar Hernandez","13066",606192
"Salvador Perez","KCR",135,557,511,134,86,23,1,24,55,81,30,6,123,11,5,0,12,0,0,0.262231,0.05386,0.220826,0.243902,0.314183,0.452055,0.326536,0.766238,0.189824,1.40179,0.298103,,-0.954983,72.4896,7.33283,109.014,-0.954983,-6.3,4.789827942848206,3.932950973510742,2.81852,72.87999725341797,,,,,,,660.4,4.891851851,660.4,4.891851851,,,,,,,,,,,,,,,,,,,"Salvador Perez","7304",521692
"Shea Langeliers","ATH",133,517,469,109,60,20,2,27,61,78,39,2,141,5,4,0,11,3,2,0.232409,0.0754352,0.272727,0.276596,0.295938,0.45629,0.321572,0.752228,0.223881,3.46517,0.268852,,-1.01504,65.2185,4.74083,113.961,-1.01504,-6.7,7.243875980377197,2.7980899810791016,2.81705,124.63999938964844,,,,,,,596.7,4.486466165,596.7,4.486466165,,,,,,,,,,,,,,,,,,,"Shea Langeliers","25816",669127
"Randy Arozarena","SEA",148,628,541,132,82,29,1,20,82,72,66,1,159,17,4,0,10,21,10,0.243993,0.105096,0.253185,0.415094,0.342357,0.4122,0.332214,0.754556,0.168207,4.83574,0.306011,,-1.14442,84.5998,11.1376,123.856,-1.14442,-2.9,15.997750520706177,-9.822398662567139,2.79987,135.92999267578125,,,,,,,736.9,4.979054054,736.9,4.979054054,,,,,,,,,,,,,,,,,,,"Randy Arozarena","19290",668227
"Lawrence Butler","ATH",136,545,496,124,76,25,3,20,73,71,44,1,137,1,4,0,10,17,2,0.25,0.0807339,0.251376,0.321168,0.310092,0.433468,0.320746,0.743559,0.183468,6.17354,0.303207,,1.6429,68.3883,4.63526,113.38,1.6429,4.9,9.98677909374237,-1.1074953079223633,2.79337,64.22000122070312,,,,,,,637.7,4.688970588,637.7,4.688970588,,,,,,,,,,,,,,,,,,,"Lawrence Butler","22542",671732
"Brayden Taylor","TBR",113,501,444,95,50,24,5,16,67,61,51,0,166,2,3,1,3,14,4,0.213964,0.101796,0.331337,0.307229,0.296,0.398649,0.303043,0.694649,0.184685,7.04553,0.298113,,0.367055,55.7286,-2.87742,101.008,0.367055,7.5,0.9446733295917511,9.340828895568848,2.78711,999,,,,,,,510.9,4.521238938,510.9,4.521238938,,,,,,,,,,,,,,,,,,,"Brayden Taylor","sa3022921",694966
"Tommy Edman","LAD",114,467,426,108,72,23,2,11,64,53,32,1,82,4,3,2,7,20,2,0.253521,0.0685225,0.175589,0.390244,0.309677,0.394366,0.306691,0.704044,0.140845,6.654,0.28869,,2.3455,53.3178,-1.31092,97.7893,2.3455,8.6,1.110931158065796,10.315902829170227,2.78627,175.39999389648438,,,,,,,500.7,4.392105263,500.7,4.392105263,,,,,,,,,,,,,,,,,,,"Tommy Edman","19470",669242
"Cedric Mullins","BAL",138,532,479,115,73,23,3,16,65,64,43,1,105,5,3,2,3,26,6,0.240084,0.0808271,0.197368,0.409524,0.307547,0.400835,0.308743,0.708382,0.160752,6.40815,0.274238,,1.82287,61.6175,-0.614859,103.591,1.82287,3.2,4.008867502212524,5.154732584953308,2.77797,212.16000366210938,,,,,,,575.8,4.172463768,575.8,4.172463768,,,,,,,,,,,,,,,,,,,"Cedric Mullins","17929",656775
"Dylan Crews","WSN",125,559,505,124,80,25,5,14,66,66,38,0,124,11,5,0,9,26,7,0.245545,0.0679785,0.221825,0.306452,0.309481,0.39802,0.308857,0.707501,0.152475,6.85256,0.295699,,1.34683,64.796,-0.594716,97.9124,1.34683,6,-0.04862666130065918,8.053938865661621,2.74931,128.42999267578125,,,,,,,598.8,4.7904,598.8,4.7904,,,,,,,,,,,,,,,,,,,"Dylan Crews","33541",686611
"Brendan Donovan","STL",146,584,514,144,104,26,2,12,69,63,53,1,76,13,3,1,8,4,4,0.280156,0.0907534,0.130137,0.697368,0.360206,0.40856,0.338979,0.768766,0.128405,3.1926,0.307692,,-2.15385,81.8524,13.5372,119.291,-2.15385,2.1,11.317840337753296,-4.337389945983887,2.72945,243.41000366210938,,,,,,,686.4,4.701369863,686.4,4.701369863,,,,,,,,,,,,,,,,,,,"Brendan Donovan","24679",680977
"Josh Lowe","TBR",124,480,436,114,71,26,2,15,58,60,40,3,143,1,3,0,4,24,1,0.261468,0.0833333,0.297917,0.27972,0.322917,0.433486,0.3257,0.756403,0.172018,6.3171,0.352313,,3.53472,62.1459,5.99639,116.945,3.53472,2.7,12.841325998306274,-2.5910050868988037,2.71118,153.39999389648438,,,,,,,596,4.806451612,596,4.806451612,,,,,,,,,,,,,,,,,,,"Josh Lowe","19953",666139
"Ryan Jeffers","MIN",111,410,361,85,49,18,1,17,48,55,34,0,96,10,3,2,10,2,0,0.235457,0.0829268,0.234146,0.354167,0.316176,0.432133,0.325612,0.748309,0.196676,3.56416,0.270916,,-0.333995,53.0536,5.09262,113.508,-0.333995,-1,6.003160059452057,6.532333850860596,2.70619,235.1199951171875,,,,,,,468.5,4.22072072,468.5,4.22072072,,,,,,,,,,,,,,,,,,,"Ryan Jeffers","24618",680777
"Francisco Alvarez","NYM",119,437,388,90,53,16,1,20,52,64,41,0,111,5,3,0,13,1,1,0.231959,0.0938215,0.254005,0.369369,0.311213,0.43299,0.323202,0.744202,0.201031,2.44123,0.269231,,-0.986356,55.6999,4.58047,110.717,-0.986356,-1.2,4.614153444766998,6.828366041183472,2.68471,173.33999633789062,,,,,,,493.2,4.144537815,493.2,4.144537815,,,,,,,,,,,,,,,,,,,"Francisco Alvarez","26121",682626
"Andy Pages","LAD",132,546,486,120,69,27,2,22,75,75,43,1,139,12,5,0,7,3,3,0.246914,0.0787546,0.254579,0.309353,0.320513,0.446502,0.331312,0.767015,0.199588,3.867,0.29697,,-1.58579,73.1571,9.28703,114.361,-1.58579,-2,7.790514588356018,0.006172895431518555,2.68306,413.95001220703125,,,,,,,644.8,4.884848484,644.8,4.884848484,,,,,,,,,,,,,,,,,,,"Andy Pages","24816",681624
"Christian Walker","HOU",132,552,483,112,62,23,1,26,69,83,55,3,130,8,6,0,11,4,1,0.231884,0.0996377,0.235507,0.423077,0.317029,0.445135,0.327859,0.762164,0.213251,3.47388,0.258258,,-0.567882,72.4267,7.85479,115.958,-0.567882,8.2,9.511498093605042,-1.9410934448242188,2.68229,101.73999786376953,,,,,,,654.8,4.96060606,654.8,4.96060606,,,,,,,,,,,,,,,,,,,"Christian Walker","13419",572233
"CJ Abrams","WSN",143,598,543,137,86,29,4,18,82,70,35,2,117,14,4,2,7,31,8,0.252302,0.0585284,0.195652,0.299145,0.312081,0.41989,0.316974,0.73197,0.167587,6.94644,0.288835,,1.91026,73.2234,3.27056,103.376,1.91026,-4.9,4.3242104053497314,1.6917104721069336,2.67798,49.04999923706055,,,,,,,683.8,4.781818181,683.8,4.781818181,,,,,,,,,,,,,,,,,,,"CJ Abrams","25768",682928
"Luis Robert Jr.","CHW",117,489,451,112,67,25,0,20,62,65,29,3,139,7,2,0,8,19,4,0.248337,0.0593047,0.284254,0.208633,0.302658,0.436807,0.317668,0.739466,0.18847,5.02795,0.312925,,1.39073,60.1498,2.94755,106.734,1.39073,2.6,5.1583815813064575,4.396737098693848,2.67037,87.02999877929688,,,,,,,569.6,4.868376068,569.6,4.868376068,,,,,,,,,,,,,,,,,,,"Luis Robert Jr.","20043",673357
"Bo Naylor","CLE",125,451,396,87,50,20,1,16,56,55,50,2,117,2,2,1,6,6,2,0.219697,0.110865,0.259423,0.42735,0.308889,0.396465,0.308207,0.705354,0.176768,4.06362,0.267925,,-0.399255,52.0413,-0.715786,101.833,-0.399255,1.8,0.5467447638511658,10.085567235946655,2.65079,289.45001220703125,,,,,,,467.1,3.7368,467.1,3.7368,,,,,,,,,,,,,,,,,,,"Bo Naylor","21865",666310
"Ryan McMahon","COL",147,601,531,130,81,27,1,21,71,71,63,3,169,3,4,0,12,4,4,0.244821,0.104825,0.281198,0.372781,0.326123,0.418079,0.323459,0.744202,0.173258,2.86684,0.315942,,-1.95653,76.7278,6.42403,94.2719,-1.95653,9.5,-6.073188781738281,11.70825982093811,2.64897,277.0299987792969,,,,,,,672.8,4.576870748,672.8,4.576870748,,,,,,,,,,,,,,,,,,,"Ryan McMahon","15112",641857
"Zack Gelof","ATH",130,549,498,116,71,24,2,19,66,66,43,0,174,3,3,2,10,22,3,0.232932,0.0783242,0.31694,0.247126,0.296161,0.403614,0.304614,0.699775,0.170683,6.08535,0.314935,,2.26157,61.7619,-2.45908,102.033,2.26157,1.7,3.538332223892212,3.717195749282837,2.63944,214.6699981689453,,,,,,,582.6,4.481538461,582.6,4.481538461,,,,,,,,,,,,,,,,,,,"Zack Gelof","29766",680869
"Yandy Díaz","TBR",134,566,501,143,101,28,0,14,64,66,57,1,83,5,3,0,12,0,1,0.285429,0.100707,0.146643,0.686747,0.362191,0.42515,0.345246,0.787341,0.139721,1.33924,0.316953,,-1.68358,82.1845,15.9749,130.694,-1.68358,-1.2,18.194594979286194,-11.598295450210571,2.62989,197.39999389648438,,,,,,,695.8,5.192537313,695.8,5.192537313,,,,,,,,,,,,,,,,,,,"Yandy Diaz","16578",650490
"Nick Gonzales","PIT",121,523,474,125,77,32,5,11,66,66,35,1,117,9,4,1,6,4,4,0.263713,0.0669216,0.223709,0.299145,0.323755,0.421941,0.323304,0.745696,0.158228,4.73202,0.325714,,-1.76712,66.7044,5.52488,104.686,-1.76712,4.8,1.163304328918457,6.721663951873779,2.61307,406.2099914550781,,,,,,,579.1,4.785950413,579.1,4.785950413,,,,,,,,,,,,,,,,,,,"Nick Gonzales","27490",693304
"Kristian Campbell","BOS",116,509,450,120,77,25,4,14,71,74,47,1,117,11,1,0,8,13,6,0.266667,0.0923379,0.229862,0.401709,0.349705,0.433333,0.34238,0.783039,0.166667,5.71812,0.33125,,-0.887623,72.7338,13.192,118.832,-0.887623,-3.9,10.080423176288605,-2.029776692390442,2.58385,999,,,,,,,630.8,5.437931034,630.8,5.437931034,,,,,,,,,,,,,,,,,,,"Kristian Campbell","sa3023011",692225
"Brice Turang","MIL",148,585,528,134,99,23,3,9,69,55,49,1,107,1,3,4,9,36,5,0.253788,0.0837607,0.182906,0.457944,0.316695,0.359848,0.298545,0.676544,0.106061,6.47946,0.301205,,4.00689,62.9545,-5.47765,90.2359,4.00689,6.2,-2.8235268592834473,8.349470615386963,2.58267,146.8800048828125,,,,,,,595.2,4.021621621,595.2,4.021621621,,,,,,,,,,,,,,,,,,,"Brice Turang","22186",668930
"Logan O'Hoppe","LAA",121,487,434,106,68,15,1,22,59,62,41,1,126,9,2,1,7,2,3,0.24424,0.0841889,0.258727,0.325397,0.320988,0.435484,0.328869,0.756472,0.191244,2.5659,0.291667,,-1.73843,64.2941,7.32573,113.352,-1.73843,-5.9,5.701537847518921,3.046943187713623,2.58018,137.41000366210938,,,,,,,561,4.636363636,561,4.636363636,,,,,,,,,,,,,,,,,,,"Logan O'Hoppe","24729",681351
"Tyler Stephenson","CIN",134,475,422,111,73,22,1,15,60,61,44,2,109,6,3,0,11,1,0,0.263033,0.0926316,0.229474,0.40367,0.338947,0.42654,0.333111,0.765488,0.163507,2.79373,0.318937,,-0.754983,64.3316,8.76701,107.398,-0.754983,-3.1,3.4474056363105774,5.626484394073486,2.57078,166.72000122070312,,,,,,,562,4.19402985,562,4.19402985,,,,,,,,,,,,,,,,,,,"Tyler Stephenson","17988",663886
"Jonathan India","KCR",138,585,496,123,81,28,2,12,76,57,66,0,111,17,5,1,13,11,2,0.247984,0.112821,0.189744,0.594595,0.35274,0.385081,0.328843,0.73782,0.137097,4.95894,0.293651,,0.0956299,77.2198,8.78762,110.637,0.0956299,-4.1,7.215404763817787,-1.9505290985107422,2.55779,242.13999938964844,,,,,,,662.5,4.800724637,662.5,4.800724637,,,,,,,,,,,,,,,,,,,"Jonathan India","21523",663697
"Chase Meidroth","CHW",121,545,459,114,88,17,2,7,71,48,72,0,89,11,3,0,10,8,3,0.248366,0.13211,0.163303,0.808989,0.361468,0.339869,0.319234,0.701337,0.0915033,4.38537,0.29235,,-0.964623,67.7252,3.97212,107.835,-0.964623,-3.4,3.9215126037597656,2.6074953079223633,2.55064,999,,,,,,,561.7,4.64214876,561.7,4.64214876,,,,,,,,,,,,,,,,,,,"Chase Meidroth","sa3020011",805367
"Edouard Julien","MIN",134,539,457,107,71,21,1,14,67,57,76,1,174,4,2,0,7,10,1,0.234136,0.141002,0.32282,0.436782,0.346939,0.376368,0.323039,0.723306,0.142232,4.48358,0.343173,,0.41113,68.63,5.5788,111.699,0.41113,-3,7.626049339771271,-1.0195473432540894,2.53798,579.6400146484375,,,,,,,596.6,4.452238805,596.6,4.452238805,,,,,,,,,,,,,,,,,,,"Edouard Julien","27534",666397
"Spencer Horwitz","PIT",138,588,508,139,91,35,1,12,70,63,68,2,102,8,4,0,14,3,2,0.273622,0.115646,0.173469,0.666667,0.365646,0.417323,0.343977,0.782969,0.143701,2.87152,0.319095,,-1.51226,84.7784,15.9953,118.6,-1.51226,4.2,11.566113352775574,-6.602469444274902,2.53491,379.4800109863281,,,,,,,718.5,5.206521739,718.5,5.206521739,,,,,,,,,,,,,,,,,,,"Spencer Horwitz","26477",687462
"Shay Whitcomb","HOU",124,529,484,114,73,21,1,19,66,73,36,1,153,6,3,0,10,15,5,0.235537,0.0680529,0.289225,0.235294,0.294896,0.400826,0.302427,0.695722,0.165289,5.01821,0.301587,,0.0752319,58.5808,-3.30057,98.0692,0.0752319,6,-1.0934367775917053,7.9437096118927,2.52873,680.0700073242188,,,,,,,540.1,4.355645161,540.1,4.355645161,,,,,,,,,,,,,,,,,,,"Shay Whitcomb","27789",694376
"Dominic Keegan","TBR",105,442,394,96,65,20,2,9,48,51,36,1,105,6,6,0,4,0,0,0.243655,0.081448,0.237557,0.342857,0.312217,0.373096,0.300379,0.685314,0.129442,2.49956,0.304196,,-0.836597,48.218,-3.48633,99.1336,-0.836597,2.9,-1.2747753262519836,11.020223140716553,2.52821,999,,,,,,,423.6,4.034285714,423.6,4.034285714,,,,,,,,,,,,,,,,,,,"Dominic Keegan","sa3020194",681371
"Maikel Garcia","KCR",142,601,546,139,100,28,4,7,79,57,45,0,107,1,6,3,10,30,4,0.254579,0.0748752,0.178037,0.420561,0.309365,0.358974,0.293869,0.668339,0.104396,6.92064,0.30137,,3.22768,62.4142,-7.88961,86.0353,3.22768,8.6,-6.37539529800415,10.808260202407837,2.52695,210.39999389648438,,,,,,,586,4.126760563,586,4.126760563,,,,,,,,,,,,,,,,,,,"Maikel Garcia","22715",672580
"Jake Meyers","HOU",128,447,403,96,63,19,2,12,50,53,32,0,108,7,3,2,9,8,2,0.238213,0.0715884,0.241611,0.296296,0.303371,0.384615,0.301687,0.687986,0.146402,4.9446,0.293706,,-0.0150399,49.2342,-3.05504,97.549,-0.0150399,9.1,-1.2686414271593094,10.742416620254517,2.51737,455.5,,,,,,,440.5,3.44140625,440.5,3.44140625,,,,,,,,,,,,,,,,,,,"Jake Meyers","20308",676694
"Dalton Rushing","LAD",107,468,406,91,53,19,1,18,54,70,47,1,119,13,2,0,6,1,1,0.224138,0.100427,0.254274,0.394958,0.32265,0.408867,0.321436,0.731517,0.184729,2.49368,0.269373,,-1.08896,58.9859,4.24017,107.713,-1.08896,-3.1,3.227723717689514,5.497883319854736,2.51073,999,,,,,,,512.7,4.791588785,512.7,4.791588785,,,,,,,,,,,,,,,,,,,"Dalton Rushing","sa3019892",687221
"Bryan Reynolds","PIT",149,644,574,153,100,28,4,21,74,84,57,4,139,9,4,0,10,8,2,0.266551,0.0885093,0.215839,0.410072,0.340062,0.439024,0.337035,0.779087,0.172474,4.48227,0.315789,,-0.488585,89.2544,13.9205,113.928,-0.488585,-0.3,10.23717999458313,-7.398765385150909,2.50802,97.72000122070312,,,,,,,791.8,5.314093959,791.8,5.314093959,,,,,,,,,,,,,,,,,,,"Bryan Reynolds","19326",668804
"Adolis García","TEX",143,598,542,129,73,26,2,28,77,89,45,1,169,6,5,0,11,12,4,0.238007,0.0752508,0.282609,0.266272,0.301003,0.448339,0.32193,0.749343,0.210332,4.79971,0.288571,,-0.190794,75.6088,5.65589,110.26,-0.190794,4,6.829705685377121,-2.5917105674743652,2.4965,149.36000061035156,,,,,,,695,4.86013986,695,4.86013986,,,,,,,,,,,,,,,,,,,"Adolis Garcia","19287",666969
"Dillon Dingler","DET",96,396,357,81,50,17,2,12,45,52,28,0,111,8,3,0,9,3,1,0.226891,0.0707071,0.280303,0.252252,0.295455,0.386555,0.298595,0.682009,0.159664,4.44869,0.291139,,-0.483755,42.6311,-3.69225,95.019,-0.483755,6.4,-2.7406876981258392,13.675132274627686,2.49264,578.0499877929688,,,,,,,381,3.96875,381,3.96875,,,,,,,,,,,,,,,,,,,"Dillon Dingler","27464",693307
"Parker Meadows","DET",134,568,508,118,74,22,6,16,71,66,49,1,132,4,5,2,5,19,6,0.232283,0.0862676,0.232394,0.371212,0.30212,0.393701,0.302897,0.695821,0.161417,6.7144,0.279452,,0.375516,63.1144,-3.32917,98.0452,0.375516,4,-0.8949209749698639,6.087007761001587,2.49175,231.97999572753906,,,,,,,579.5,4.324626865,579.5,4.324626865,,,,,,,,,,,,,,,,,,,"Parker Meadows","23800",678009
"Coby Mayo","BAL",123,519,465,111,64,26,2,19,65,73,44,2,146,7,3,0,10,3,3,0.23871,0.0847784,0.28131,0.30137,0.312139,0.425806,0.319444,0.737945,0.187097,3.65138,0.30363,,-1.50686,64.5816,3.87001,111.118,-1.50686,-0.2,5.095564484596252,1.706966444849968,2.48937,404.6199951171875,,,,,,,572.3,4.652845528,572.3,4.652845528,,,,,,,,,,,,,,,,,,,"Coby Mayo","28312",691723
"Lars Nootbaar","STL",127,475,405,99,58,22,3,16,63,55,63,2,97,1,5,1,7,7,2,0.244444,0.132632,0.204211,0.649485,0.343882,0.432099,0.336987,0.775981,0.187654,4.83451,0.279461,,-0.357103,65.8134,10.2488,117.95,-0.357103,3.5,9.838369250297546,-1.7358908653259277,2.47045,261.0299987792969,,,,,,,580.4,4.57007874,580.4,4.57007874,,,,,,,,,,,,,,,,,,,"Lars Nootbaar","21454",663457
"Jace Jung","DET",125,529,458,102,62,23,1,16,57,60,64,1,134,4,3,0,10,2,2,0.222707,0.120983,0.253308,0.477612,0.321361,0.382096,0.310981,0.703457,0.159389,2.50297,0.276527,,-1.42814,62.2229,0.341483,103.732,-1.42814,3.5,0.8307269811630249,5.4437096118927,2.46926,459.92999267578125,,,,,,,538.2,4.3056,538.2,4.3056,,,,,,,,,,,,,,,,,,,"Jace Jung","31437",690291
"Kyle Schwarber","PHI",145,647,540,121,63,20,1,37,96,96,97,4,189,6,4,0,6,4,2,0.224074,0.149923,0.292117,0.513228,0.346213,0.47037,0.352212,0.816584,0.246296,3.27397,0.264151,,-1.28859,97.5734,21.8886,126.14,-1.28859,0,18.935659885406494,-16.640947341918945,2.46219,76.23999786376953,,,,,,,860.1,5.931724137,860.1,5.931724137,,,,,,,,,,,,,,,,,,,"Kyle Schwarber","16478",656941
"Davis Schneider","TOR",124,472,407,89,48,22,2,17,56,57,55,0,137,6,4,0,4,6,1,0.218673,0.116525,0.290254,0.40146,0.317797,0.407862,0.318149,0.725659,0.189189,4.56756,0.280156,,-0.0652804,58.2415,3.02785,108.931,-0.0652804,8.5,4.758278854191303,3.297178268432617,2.45696,694.3800048828125,,,,,,,518,4.177419354,518,4.177419354,,,,,,,,,,,,,,,,,,,"Davis Schneider","23565",676914
"Max Muncy","LAD",108,451,373,80,41,17,1,21,64,63,67,3,119,7,4,0,4,2,1,0.214477,0.148559,0.263858,0.563025,0.341463,0.434316,0.337619,0.77578,0.219839,3.42832,0.248945,,-0.888958,62.7175,9.96037,118.605,-0.888958,-2.1,9.14514946937561,-0.44288647174835205,2.44985,259.6700134277344,,,,,,,550.4,5.096296296,550.4,5.096296296,,,,,,,,,,,,,,,,,,,"Max Muncy","13301",571970
"Tyler Fitzgerald","SFG",120,490,447,107,64,23,3,17,68,66,32,0,151,8,2,1,3,16,4,0.239374,0.0653061,0.308163,0.211921,0.300613,0.418345,0.312287,0.718958,0.178971,6.705,0.320285,,0.759162,58.1508,0.831525,101.824,0.759162,0.1,1.8281964659690857,5.501234628260136,2.4422,243.19000244140625,,,,,,,535,4.458333333,535,4.458333333,,,,,,,,,,,,,,,,,,,"Tyler Fitzgerald","26208",666149
"Ben Williamson","SEA",126,550,495,117,81,30,2,4,61,52,43,0,145,10,2,0,6,11,4,0.236364,0.0781818,0.263636,0.296552,0.309091,0.329293,0.285936,0.638384,0.0929293,4.86093,0.324713,,-0.47761,53.6062,-10.7318,91.3033,-0.47761,9.1,-5.950581640005112,11.120870351791382,2.42753,999,,,,,,,464.9,3.689682539,464.9,3.689682539,,,,,,,,,,,,,,,,,,,"Ben Williamson","sa3022437",810938
"DaShawn Keirsey Jr.","MIN",118,495,451,113,79,19,6,9,53,54,34,0,133,6,4,0,9,22,5,0.250554,0.0686869,0.268687,0.255639,0.309091,0.379157,0.301469,0.688248,0.128603,7.0973,0.332268,,1.43577,54.434,-3.47013,96.5261,1.43577,5.7,-0.5318032503128052,7.5187828540802,2.42579,999,,,,,,,503.5,4.266949152,503.5,4.266949152,,,,,,,,,,,,,,,,,,,"DaShawn Keirsey Jr.","24496",680577
"Christian Yelich","MIL",114,493,425,112,75,20,2,15,72,58,63,5,109,3,1,1,8,20,2,0.263529,0.127789,0.221095,0.577982,0.361789,0.425882,0.343473,0.787671,0.162353,6.07505,0.321192,,2.11662,70.8811,13.2109,120.475,2.11662,-1.7,14.187513828277588,-7.134303331375122,2.42399,115.27999877929688,,,,,,,643,5.640350877,643,5.640350877,,,,,,,,,,,,,,,,,,,"Christian Yelich","11477",592885
"Ozzie Albies","ATL",118,516,471,123,75,27,3,18,70,72,34,1,83,5,6,0,5,10,2,0.261146,0.0658915,0.160853,0.409639,0.313953,0.44586,0.32622,0.759813,0.184713,5.6387,0.279255,,0.298143,67.0227,6.66197,108.042,0.298143,-0.9,5.260437577962875,0.995943546295166,2.4208,68.55000305175781,,,,,,,612.8,5.193220338,612.8,5.193220338,,,,,,,,,,,,,,,,,,,"Ozzie Albies","16556",645277
"Roman Anthony","BOS",121,554,488,120,74,28,5,13,73,67,60,1,147,3,3,0,3,11,5,0.245902,0.108303,0.265343,0.408163,0.330325,0.403689,0.321492,0.734013,0.157787,5.6696,0.323263,,-0.898401,69.85,5.04418,104.139,-0.898401,1.2,1.7251999974250793,3.235567331314087,2.41966,999,,,,,,,611.8,5.056198347,611.8,5.056198347,,,,,,,,,,,,,,,,,,,"Roman Anthony","sa3020211",701350
"Wilyer Abreu","BOS",127,484,427,104,61,25,1,17,65,63,51,0,131,3,3,0,6,9,3,0.24356,0.105372,0.270661,0.389313,0.326446,0.42623,0.328275,0.752676,0.18267,4.45368,0.308511,,-0.322648,63.6667,7.04928,108.91,-0.322648,7.9,4.61189678311348,2.5649032592773438,2.40753,322.2200012207031,,,,,,,564.1,4.441732283,564.1,4.441732283,,,,,,,,,,,,,,,,,,,"Wilyer Abreu","23772",677800
"Nathaniel Lowe","WSN",149,607,537,149,108,21,2,18,68,70,64,1,126,4,2,0,10,3,1,0.277467,0.105437,0.207578,0.507937,0.357496,0.424581,0.34313,0.782077,0.147114,2.99517,0.331646,,-1.18618,87.104,16.0983,120.981,-1.18618,0.1,14.04264521598816,-11.051528356969357,2.39654,261.7200012207031,,,,,,,745.8,5.005369127,745.8,5.005369127,,,,,,,,,,,,,,,,,,,"Nathaniel Lowe","19566",663993
"Jonah Heim","TEX",122,452,417,96,63,17,2,14,46,58,31,0,84,2,2,0,10,1,0,0.230216,0.0685841,0.185841,0.369048,0.285398,0.381295,0.291042,0.666693,0.151079,3.11158,0.255452,,-0.557673,45.9122,-6.96185,88.5332,-0.557673,6.3,-6.488082468509674,14.603939056396484,2.39434,311.3800048828125,,,,,,,413.8,3.391803278,413.8,3.391803278,,,,,,,,,,,,,,,,,,,"Jonah Heim","16930",641680
"Will Wagner","TOR",103,444,391,106,76,21,2,7,54,49,45,0,77,4,3,1,8,3,1,0.2711,0.101351,0.173423,0.584416,0.349887,0.388747,0.326799,0.738634,0.117647,3.90742,0.319355,,-0.791559,57.8777,5.93941,115.016,-0.791559,-0.1,6.837029457092285,1.5313933119177818,2.39288,517,,,,,,,490.6,4.763106796,490.6,4.763106796,,,,,,,,,,,,,,,,,,,"Will Wagner","29634",695238
"Jake Burger","TEX",139,562,517,125,68,25,2,30,67,91,31,1,151,10,4,0,11,1,1,0.241779,0.0551601,0.268683,0.205298,0.295374,0.471954,0.327739,0.767327,0.230174,2.94427,0.279412,,-1.05739,73.6845,7.94283,114.346,-1.05739,-5.8,8.167903184890747,-3.7350385189056396,2.39268,113.5999984741211,,,,,,,671,4.827338129,671,4.827338129,,,,,,,,,,,,,,,,,,,"Jake Burger","22275",669394
"Eugenio Suárez","ARI",146,602,529,123,74,25,1,23,70,80,55,0,174,10,8,0,10,1,1,0.232514,0.0913621,0.289037,0.316092,0.312292,0.413989,0.31635,0.726281,0.181474,2.43687,0.294118,,-1.30205,73.4109,2.99008,100.957,-1.30205,1.4,-0.6129965782165527,3.6119340658187866,2.38015,177.02999877929688,,,,,,,648.3,4.440410958,648.3,4.440410958,,,,,,,,,,,,,,,,,,,"Eugenio Suarez","12552",553993
"Austin Wells","NYY",108,442,389,89,53,20,1,15,47,58,43,0,109,6,4,0,9,4,1,0.228792,0.0972851,0.246606,0.394495,0.312217,0.401028,0.31246,0.713245,0.172237,3.45657,0.275093,,-0.410033,52.5158,0.811537,103.575,-0.410033,-1.3,1.398141622543335,6.820223093032837,2.3705,194.74000549316406,,,,,,,465.9,4.313888888,465.9,4.313888888,,,,,,,,,,,,,,,,,,,"Austin Wells","27562",669224
"Trent Grisham","NYY",125,432,372,79,42,20,1,16,51,51,50,1,113,5,2,3,6,7,2,0.212366,0.115741,0.261574,0.442478,0.312354,0.400538,0.312787,0.712892,0.188172,4.43999,0.257143,,-0.167685,51.4413,0.906772,103.805,-0.167685,5.1,1.7131756991147995,6.687301516532898,2.35488,732.739990234375,,,,,,,457.2,3.6576,457.2,3.6576,,,,,,,,,,,,,,,,,,,"Trent Grisham","18564",663757
"Curtis Mead","TBR",118,500,454,117,78,26,2,11,58,61,32,1,91,10,4,0,11,7,3,0.257709,0.064,0.182,0.351648,0.318,0.396476,0.311983,0.714476,0.138767,4.33045,0.297753,,-0.754217,59.215,0.725985,107.296,-0.754217,0.8,3.4199077486991882,2.6371546387672424,2.34697,607.0700073242188,,,,,,,522.3,4.426271186,522.3,4.426271186,,,,,,,,,,,,,,,,,,,"Curtis Mead","23986",678554
"Esteury Ruiz","ATH",115,445,394,100,67,21,2,10,57,51,29,0,100,14,3,5,5,40,11,0.253807,0.0651685,0.224719,0.29,0.325,0.393401,0.316276,0.718401,0.139594,7.10072,0.313589,,2.67676,54.2389,2.18366,110.236,2.67676,4.8,7.888564109802246,-0.10520267486572266,2.3359,528.6199951171875,,,,,,,506.5,4.404347826,506.5,4.404347826,,,,,,,,,,,,,,,,,,,"Esteury Ruiz","21780",665923
"Harry Ford","SEA",122,561,487,103,71,22,2,8,68,56,59,0,143,13,1,1,11,18,6,0.211499,0.105169,0.254902,0.412587,0.3125,0.314168,0.285352,0.626668,0.102669,5.75023,0.281899,,0.0413452,54.4147,-11.21,90.8926,0.0413452,-0.6,-5.80468312650919,9.706437468528748,2.33438,999,,,,,,,473.6,3.881967213,473.6,3.881967213,,,,,,,,,,,,,,,,,,,"Harry Ford","sa3017627",695670
"Sal Frelick","MIL",129,536,488,133,98,24,5,6,69,52,39,1,78,6,2,1,8,16,4,0.272541,0.0727612,0.145522,0.5,0.33271,0.379098,0.313239,0.711809,0.106557,6.1692,0.312808,,0.45925,64.0204,1.32012,100.126,0.45925,10.1,0.539910800755024,4.191710948944092,2.33211,361.19000244140625,,,,,,,565.5,4.38372093,565.5,4.38372093,,,,,,,,,,,,,,,,,,,"Sal Frelick","29622",686217
"JJ Bleday","ATH",146,590,517,116,62,30,3,21,70,68,67,1,126,3,2,1,7,3,2,0.224371,0.113559,0.213559,0.531746,0.315789,0.415861,0.31931,0.73165,0.191489,3.72206,0.255376,,-1.24392,73.353,4.33593,112.37,-1.24392,-6.4,7.106850862503052,-4.2321577072143555,2.32815,269.7799987792969,,,,,,,644.2,4.412328767,644.2,4.412328767,,,,,,,,,,,,,,,,,,,"JJ Bleday","26368",668709
"Jonah Bride","MIA",129,516,437,105,70,22,1,12,55,60,63,0,96,9,6,1,14,1,1,0.240275,0.122093,0.186047,0.65625,0.343689,0.377574,0.321165,0.721264,0.1373,2.26763,0.277612,,-1.32573,64.9231,4.56239,103.21,-1.32573,2.8,0.6551656723022461,4.695943474769592,2.3273,460.5299987792969,,,,,,,548.4,4.25116279,548.4,4.25116279,,,,,,,,,,,,,,,,,,,"Jonah Bride","24703",681146
"Chandler Simpson","TBR",114,513,469,137,117,17,2,1,75,43,32,1,54,1,1,10,3,52,11,0.292111,0.0623782,0.105263,0.592593,0.337972,0.343284,0.302387,0.681256,0.0511727,7.15513,0.327711,,4.76896,56.7926,-3.21718,100.546,4.76896,-1.7,5.089573055505753,0.1849205493927002,2.3109,999,,,,,,,535.3,4.695614035,535.3,4.695614035,,,,,,,,,,,,,,,,,,,"Chandler Simpson","sa3020219",802415
"Addison Barger","TOR",120,488,440,107,65,26,1,15,58,62,41,1,116,5,2,0,5,5,2,0.243182,0.0840164,0.237705,0.353448,0.313525,0.409091,0.315045,0.722615,0.165909,3.74413,0.29582,,-0.678179,58.9966,1.91132,106.748,-0.678179,1.2,3.0897202491760254,2.993062973022461,2.30831,658.469970703125,,,,,,,523.2,4.36,523.2,4.36,,,,,,,,,,,,,,,,,,,"Addison Barger","24598",680718
"Junior Caminero","TBR",115,495,459,118,78,18,2,20,57,71,30,2,106,4,2,0,9,3,2,0.257081,0.0606061,0.214141,0.283019,0.307071,0.43573,0.319882,0.742801,0.178649,3.49069,0.292537,,-1.07818,61.7699,3.8658,112.853,-1.07818,-2.3,6.201275944709778,-0.4812169075012207,2.29495,73.23999786376953,,,,,,,555.5,4.830434782,555.5,4.830434782,,,,,,,,,,,,,,,,,,,"Junior Caminero","28163",691406
"Luis García Jr.","WSN",142,555,520,140,95,26,3,16,65,69,31,2,88,0,4,0,12,14,4,0.269231,0.0558559,0.158559,0.352273,0.308108,0.423077,0.314514,0.731185,0.153846,5.12765,0.295238,,0.201314,66.8594,1.93654,101.72,0.201314,0.3,1.3428457379341125,2.3392415642738342,2.28906,130.7100067138672,,,,,,,615.3,4.333098591,615.3,4.333098591,,,,,,,,,,,,,,,,,,,"Luis Garcia Jr.","20391",671277
"Trey Sweeney","DET",125,554,501,111,72,22,3,14,68,59,46,1,153,5,2,0,7,14,3,0.221557,0.0830325,0.276173,0.300654,0.292419,0.361277,0.287807,0.653696,0.139721,5.91438,0.28869,,0.622105,54.8302,-9.97567,87.4305,0.622105,4.9,-7.345568478107452,11.006701946258545,2.28543,498.3800048828125,,,,,,,504.3,4.0344,504.3,4.0344,,,,,,,,,,,,,,,,,,,"Trey Sweeney","29575",700242
"Colt Keith","DET",125,570,517,135,85,31,3,16,74,76,46,1,131,3,4,0,9,2,1,0.261122,0.0807018,0.229825,0.351145,0.322807,0.425532,0.324373,0.748339,0.16441,3.87539,0.318182,,-1.0547,73.1892,6.51173,113.152,-1.0547,-6.6,7.523020148277283,-4.505643606185913,2.27403,254.52999877929688,,,,,,,644.4,5.1552,644.4,5.1552,,,,,,,,,,,,,,,,,,,"Colt Keith","27899",690993
"Alex Freeland","LAD",131,586,517,116,77,24,2,13,74,68,57,1,163,10,2,0,5,18,3,0.224371,0.0972696,0.278157,0.349693,0.312287,0.353965,0.29678,0.666252,0.129594,5.93108,0.300292,,1.25636,62.2296,-6.31953,91.1184,1.25636,1,-4.9673603773117065,7.45943546295166,2.27278,999,,,,,,,562.6,4.294656488,562.6,4.294656488,,,,,,,,,,,,,,,,,,,"Alex Freeland","sa3020653",690976
"Michael Busch","CHC",139,577,505,123,72,28,2,21,79,72,60,1,158,8,4,0,8,2,1,0.243564,0.103986,0.27383,0.379747,0.331023,0.431683,0.33203,0.762706,0.188119,3.66091,0.309091,,-1.10205,77.6442,10.1479,115.691,-1.10205,3.6,9.724710941314697,-7.000381946563721,2.26581,254.47999572753906,,,,,,,678.8,4.883453237,678.8,4.883453237,,,,,,,,,,,,,,,,,,,"Michael Busch","26319",683737
"Xavier Edwards","MIA",107,461,411,118,94,18,3,3,55,40,40,1,63,1,3,6,6,25,5,0.287105,0.0867679,0.136659,0.634921,0.349451,0.367397,0.317127,0.716847,0.080292,6.27063,0.33046,,1.91738,56.5049,2.57799,100.493,1.91738,-0.7,2.1890450417995453,4.381569683551788,2.26409,146.5,,,,,,,503.8,4.708411214,503.8,4.708411214,,,,,,,,,,,,,,,,,,,"Xavier Edwards","22266",669364
"Heston Kjerstad","BAL",111,454,404,106,70,18,3,15,60,65,34,2,114,12,4,0,6,2,1,0.262376,0.0748899,0.251101,0.298246,0.334802,0.433168,0.332983,0.76797,0.170792,4.3049,0.326165,,-0.904743,61.4406,8.33259,120.642,-0.904743,1.9,9.818046271800995,-3.104409337043762,2.25641,340.7200012207031,,,,,,,538.9,4.854954954,538.9,4.854954954,,,,,,,,,,,,,,,,,,,"Heston Kjerstad","31166",677008
"Alejo Lopez","ATH",113,458,411,107,82,20,1,4,52,41,38,0,69,7,2,0,11,10,4,0.260341,0.0829694,0.150655,0.550725,0.331878,0.343066,0.302196,0.674943,0.0827251,4.39934,0.302941,,-0.622363,50.6333,-2.94268,100.332,-0.622363,5.3,-0.4484448581933975,6.9828338623046875,2.25167,999,,,,,,,432.3,3.825663716,432.3,3.825663716,,,,,,,,,,,,,,,,,,,"Alejo Lopez","21127",664670
"Taylor Ward","LAA",137,570,500,125,79,24,1,21,70,69,57,0,134,7,6,0,9,5,3,0.25,0.1,0.235088,0.425373,0.331579,0.428,0.33108,0.759579,0.178,3.32255,0.296296,,-1.34364,76.2661,9.58857,114.907,-1.34364,0.7,8.37863826751709,-5.583068668842316,2.25113,181.52000427246094,,,,,,,665.8,4.859854014,665.8,4.859854014,,,,,,,,,,,,,,,,,,,"Taylor Ward","17548",621493
"Eguy Rosario","SDP",120,480,432,100,58,24,2,16,57,62,39,1,126,5,3,1,8,12,6,0.231481,0.08125,0.2625,0.309524,0.300626,0.407407,0.307547,0.708034,0.175926,5.04766,0.286689,,-0.827173,55.1326,-1.01686,100.344,-0.827173,4.6,-0.6299715042114258,6.363668322563171,2.243,664.47998046875,,,,,,,497.4,4.145,497.4,4.145,,,,,,,,,,,,,,,,,,,"Eguy Rosario","19964",666703
"Jonathan Aranda","TBR",110,441,385,100,66,18,1,15,60,59,43,1,110,9,4,0,7,1,1,0.25974,0.0975057,0.249433,0.390909,0.344671,0.428571,0.337573,0.773243,0.168831,2.79887,0.32197,,-1.12842,61.3107,9.72339,125.297,-1.12842,3.4,11.63623046875,-4.7018513679504395,2.23445,320.07000732421875,,,,,,,529,4.809090909,529,4.809090909,,,,,,,,,,,,,,,,,,,"Jonathan Aranda","21837",666018
"Lane Thomas","CLE",139,561,502,122,74,27,3,18,72,69,48,1,144,6,5,0,6,21,8,0.243028,0.0855615,0.256684,0.333333,0.313726,0.416335,0.316946,0.73006,0.173307,5.93522,0.301449,,-0.0423888,68.6801,3.05537,107.98,-0.0423888,-4.3,5.080085344612598,-2.238712787628174,2.22487,175.2899932861328,,,,,,,625.3,4.498561151,625.3,4.498561151,,,,,,,,,,,,,,,,,,,"Lane Thomas","16939",657041
"Brandon Marsh","PHI",133,476,420,105,68,20,4,13,56,59,48,1,147,3,4,1,4,14,3,0.25,0.10084,0.308824,0.326531,0.328421,0.409524,0.32194,0.737945,0.159524,6.04325,0.348485,,0.653675,60.1873,4.50577,105.765,0.653675,7,3.93496835231781,1.7530865669250488,2.22453,311,,,,,,,542.2,4.076691729,542.2,4.076691729,,,,,,,,,,,,,,,,,,,"Brandon Marsh","20202",669016
"Charles McAdoo","TOR",123,511,463,112,71,24,5,12,55,64,39,1,141,6,3,0,6,11,3,0.241901,0.0763209,0.27593,0.276596,0.307241,0.393089,0.305414,0.700329,0.151188,5.97783,0.319489,,0.0773522,57.816,-1.95977,99.9732,0.0773522,2.5,0.06165869161486626,4.377572059631348,2.21775,999,,,,,,,522.6,4.248780487,522.6,4.248780487,,,,,,,,,,,,,,,,,,,"Charles McAdoo","sa3022823",807727
"Heliot Ramos","SFG",139,583,532,136,87,25,3,21,71,78,43,1,153,5,3,0,12,7,3,0.255639,0.0737564,0.262436,0.281046,0.315609,0.432331,0.323756,0.74794,0.176692,4.54398,0.31856,,-0.872604,74.569,6.37076,109.544,-0.872604,2.7,5.780743718147278,-3.7263667583465576,2.21726,206.30999755859375,,,,,,,665.5,4.787769784,665.5,4.787769784,,,,,,,,,,,,,,,,,,,"Heliot Ramos","22515",671218
"Ceddanne Rafaela","BOS",139,563,530,136,87,27,6,16,74,75,19,1,138,8,4,2,10,18,8,0.256604,0.0337478,0.245115,0.137681,0.290553,0.420755,0.305496,0.711307,0.164151,6.94729,0.315789,,-0.531895,63.7368,-2.12187,92.8875,-0.531895,5.7,-5.113674879074097,7.768635988235474,2.2125,187.63999938964844,,,,,,,587.3,4.225179856,587.3,4.225179856,,,,,,,,,,,,,,,,,,,"Ceddanne Rafaela","24262",678882
"Andrés Chaparro","WSN",129,554,502,121,75,27,1,18,63,69,42,2,119,7,3,0,14,3,1,0.241036,0.0758123,0.214801,0.352941,0.306859,0.406375,0.309942,0.713234,0.165339,3.23226,0.279891,,-0.767882,64.7,-0.105826,98.6424,-0.767882,2.6,-1.6672881245613098,4.6355671882629395,2.2119,749.3800048828125,,,,,,,578.7,4.486046511,578.7,4.486046511,,,,,,,,,,,,,,,,,,,"Andres Chaparro","21797",665953
"Colby Thomas","ATH",131,577,533,125,67,34,4,20,63,80,28,0,168,12,3,1,8,10,3,0.234522,0.0485269,0.291161,0.166667,0.286458,0.425891,0.307319,0.71235,0.19137,5.48188,0.301724,,-0.0595084,66.168,-1.32833,103.935,-0.0595084,5.9,2.5385319516062737,-0.46022939682006836,2.20115,999,,,,,,,607,4.633587786,607,4.633587786,,,,,,,,,,,,,,,,,,,"Colby Thomas","sa3020713",687515
"Alec Burleson","STL",141,545,501,139,97,23,2,17,63,73,34,0,74,4,5,1,13,6,2,0.277445,0.0623853,0.13578,0.459459,0.325368,0.433134,0.328516,0.758501,0.155689,3.88883,0.293976,,-0.67549,71.7965,8.04341,112.248,-0.67549,1.8,7.3067575097084045,-4.207495450973511,2.19448,235.80999755859375,,,,,,,635.1,4.504255319,635.1,4.504255319,,,,,,,,,,,,,,,,,,,"Alec Burleson","27615",676475
"James Outman","LAD",137,517,448,99,62,16,2,19,73,67,56,1,161,10,3,0,4,12,3,0.220982,0.108317,0.311412,0.347826,0.319149,0.392857,0.313883,0.712006,0.171875,5.59735,0.295203,,0.182643,62.019,1.54135,102.63,0.182643,0.2,1.8085191249847412,2.099617913365364,2.18172,667.3800048828125,,,,,,,555.2,4.052554744,555.2,4.052554744,,,,,,,,,,,,,,,,,,,"James Outman","24770",681546
"Royce Lewis","MIN",92,384,349,86,51,18,1,16,52,58,30,1,93,2,3,0,7,5,2,0.246418,0.078125,0.242188,0.322581,0.307292,0.441261,0.322079,0.748552,0.194842,4.43884,0.288066,,-0.457191,48.5974,3.67778,111.023,-0.457191,2.5,4.386203318834305,3.9109346866607666,2.17895,129.08999633789062,,,,,,,440.8,4.791304347,440.8,4.791304347,,,,,,,,,,,,,,,,,,,"Royce Lewis","20437",668904
"Kyle Manzardo","CLE",126,491,425,105,58,28,1,18,65,65,54,2,105,5,7,0,10,1,1,0.247059,0.10998,0.213849,0.514286,0.334012,0.444706,0.335751,0.778718,0.197647,2.67087,0.281553,,-1.11264,67.542,10.1058,121.208,-1.11264,2.9,10.802337288856506,-6.120429515838623,2.17396,368.6000061035156,,,,,,,595.2,4.723809523,595.2,4.723809523,,,,,,,,,,,,,,,,,,,"Kyle Manzardo","29794",700932
"Matt Shaw","CHC",117,507,453,112,77,16,3,16,63,65,42,0,109,8,4,0,6,18,7,0.247241,0.0828402,0.21499,0.385321,0.319527,0.401766,0.316038,0.721293,0.154525,5.71179,0.289157,,-0.237382,61.6988,2.39093,104.928,-0.237382,-0.5,2.750047892332077,1.3628747463226318,2.16847,999,,,,,,,552.7,4.723931623,552.7,4.723931623,,,,,,,,,,,,,,,,,,,"Matt Shaw","sa3022615",807713
"Brayan Rocchio","CLE",136,532,473,114,78,25,2,9,67,53,45,1,102,8,4,2,12,11,6,0.241015,0.0845865,0.191729,0.441176,0.315094,0.359408,0.298382,0.674502,0.118393,4.81253,0.286885,,-1.25605,57.1811,-5.05124,94.9221,-1.25605,1.7,-4.347046971321106,7.564197778701782,2.16384,442.1700134277344,,,,,,,497,3.654411764,497,3.654411764,,,,,,,,,,,,,,,,,,,"Brayan Rocchio","23690",677587
"Jimmy Crooks","STL",98,409,367,90,63,18,2,7,42,46,32,1,100,6,3,1,8,2,0,0.245232,0.0782396,0.244499,0.32,0.313726,0.362398,0.29813,0.676123,0.117166,3.78208,0.315589,,-0.389242,43.8778,-3.96625,91.7966,-0.389242,4.2,-4.4013901352882385,11.713962078094482,2.16188,999,,,,,,,384.2,3.920408163,384.2,3.920408163,,,,,,,,,,,,,,,,,,,"Jimmy Crooks","sa3019841",699625
"Iván Herrera","STL",95,386,335,84,58,16,2,8,47,42,43,0,84,5,3,0,8,5,1,0.250746,0.111399,0.217617,0.511905,0.341969,0.38209,0.321297,0.724058,0.131343,4.84275,0.308943,,-0.241603,48.6076,3.45408,107.389,-0.241603,-2.2,3.16915962100029,4.891416788101196,2.16003,234.52000427246094,,,,,,,419.1,4.411578947,419.1,4.411578947,,,,,,,,,,,,,,,,,,,"Ivan Herrera","20599",671056
"Jake Cronenworth","SDP",144,607,534,128,81,28,4,15,71,68,55,2,111,12,5,1,10,4,2,0.2397,0.0906096,0.182867,0.495495,0.321782,0.391386,0.312604,0.713168,0.151685,4.14736,0.273608,,-1.16231,72.1906,1.18493,103.748,-1.16231,-3.1,1.5579088926315308,-0.8696942329406738,2.1587,286.8999938964844,,,,,,,630.8,4.380555555,630.8,4.380555555,,,,,,,,,,,,,,,,,,,"Jake Cronenworth","18036",630105
"Paul Goldschmidt","NYY",136,587,524,131,79,29,0,23,73,81,57,2,156,3,3,0,12,9,0,0.25,0.0971039,0.265758,0.365385,0.325383,0.437023,0.330321,0.762406,0.187023,3.95306,0.310345,,0.718738,78.1824,9.51622,116.139,0.718738,0.5,11.558548510074615,-10.284097671508789,2.15256,176.52999877929688,,,,,,,707,5.198529411,707,5.198529411,,,,,,,,,,,,,,,,,,,"Paul Goldschmidt","9218",502671
"Jesús Sánchez","MIA",139,501,454,117,72,23,3,19,58,66,41,2,127,4,1,1,12,9,1,0.257709,0.0818363,0.253493,0.322835,0.324,0.447137,0.332941,0.771137,0.189427,5.07152,0.317152,,0.487365,67.7844,9.17843,111.137,0.487365,2.5,7.159346371889114,-3.022486686706543,2.15031,235.63999938964844,,,,,,,612.9,4.409352517,612.9,4.409352517,,,,,,,,,,,,,,,,,,,"Jesus Sanchez","19913",660821
"Nacho Alvarez Jr.","ATL",125,543,481,120,93,18,1,8,60,56,50,1,112,10,2,0,17,14,3,0.24948,0.092081,0.206262,0.446429,0.331492,0.340956,0.301726,0.672448,0.0914761,4.6941,0.30854,,0.385333,59.8246,-3.69451,91.5556,0.385333,1.8,-5.097792595624924,7.785449743270874,2.14509,734.9099731445312,,,,,,,522.3,4.1784,522.3,4.1784,,,,,,,,,,,,,,,,,,,"Nacho Alvarez Jr.","31765",805373
"Joe Mack","MIA",125,530,485,109,72,22,0,15,56,62,38,1,143,5,1,1,14,1,0,0.224742,0.0716981,0.269811,0.265734,0.287335,0.362887,0.285841,0.650221,0.138144,2.19741,0.286585,,-0.699736,51.6163,-10.3821,79.435,-0.699736,7.1,-13.733376026153564,16.83691930770874,2.14333,999,,,,,,,461.1,3.6888,461.1,3.6888,,,,,,,,,,,,,,,,,,,"Joe Mack","sa3017374",691788
"Joey Ortiz","MIL",131,518,461,115,72,27,5,11,65,61,45,0,104,5,5,2,13,9,4,0.249458,0.0868726,0.200772,0.432692,0.319767,0.401302,0.314846,0.721069,0.151844,5.62364,0.296296,,-0.782901,62.5402,1.94556,101.207,-0.782901,-2.3,-0.03518056869506836,3.409876585006714,2.13006,274.239990234375,,,,,,,549.1,4.191603053,549.1,4.191603053,,,,,,,,,,,,,,,,,,,"Joey Ortiz","25493",687401
"Jose Siri","NYM",118,418,382,82,46,17,2,17,56,57,27,0,153,5,3,1,5,14,5,0.21466,0.0645933,0.366029,0.176471,0.273381,0.403141,0.292842,0.676523,0.188482,6.46589,0.302326,,0.159359,43.064,-5.83285,90.2827,0.159359,9.8,-4.697797700762749,11.335861444473267,2.12317,439.2200012207031,,,,,,,406.3,3.443220338,406.3,3.443220338,,,,,,,,,,,,,,,,,,,"Jose Siri","17452",642350
"Cole Young","SEA",130,596,529,121,84,25,3,9,69,60,52,0,113,9,3,3,10,13,8,0.228733,0.0872483,0.189597,0.460177,0.306914,0.338374,0.288293,0.645288,0.109641,4.92332,0.273171,,-1.78445,59.2201,-10.4988,92.9611,-1.78445,0.7,-6.584595680236816,7.269664943218231,2.12267,999,,,,,,,508.1,3.908461538,508.1,3.908461538,,,,,,,,,,,,,,,,,,,"Cole Young","sa3020459",702284
"Leo Jiménez","TOR",106,423,363,85,58,17,1,9,54,52,34,0,90,23,3,0,10,3,1,0.23416,0.0803782,0.212766,0.377778,0.335697,0.360882,0.31323,0.696579,0.126722,4.03885,0.284644,,-0.712635,50.5203,1.03854,105.471,-0.712635,-0.2,1.935190737247467,4.462698265910149,2.11707,999,,,,,,,426.5,4.023584905,426.5,4.023584905,,,,,,,,,,,,,,,,,,,"Leo Jimenez","23782",677870
"Kameron Misner","TBR",119,510,448,94,57,23,2,12,61,57,56,1,173,4,2,0,5,17,4,0.209821,0.109804,0.339216,0.323699,0.301961,0.350446,0.290114,0.652407,0.140625,5.76091,0.309434,,0.864453,51.4224,-8.2364,91.9127,0.864453,5.4,-3.8548425436019897,7.273897767066956,2.10895,999,,,,,,,470.4,3.952941176,470.4,3.952941176,,,,,,,,,,,,,,,,,,,"Kameron Misner","26374",670224
"Jeff McNeil","NYM",132,505,456,119,84,25,1,9,57,50,33,1,64,11,4,1,6,5,0,0.260965,0.0653465,0.126733,0.515625,0.323413,0.379386,0.309017,0.702799,0.118421,4.16568,0.284238,,-0.00233763,58.6016,-0.472318,101.17,-0.00233763,1,0.7041114643216133,2.8555262088775635,2.10445,413.3599853515625,,,,,,,514.7,3.899242424,514.7,3.899242424,,,,,,,,,,,,,,,,,,,"Jeff McNeil","15362",643446
"Joc Pederson","TEX",126,429,365,91,51,16,2,22,58,63,49,3,105,11,4,0,7,4,2,0.249315,0.114219,0.244755,0.466667,0.351981,0.484931,0.358995,0.836913,0.235616,4.19851,0.285124,,-0.862394,67.0389,16.8553,136.332,-0.862394,0,16.97190272808075,-11.033950805664062,2.09023,319.54998779296875,,,,,,,591.2,4.692063492,591.2,4.692063492,,,,,,,,,,,,,,,,,,,"Joc Pederson","11899",592626
"Ryan Bliss","SEA",121,525,471,104,69,21,3,11,66,56,42,0,141,7,3,2,6,31,11,0.220807,0.08,0.268571,0.297872,0.292543,0.348195,0.283904,0.640738,0.127389,6.86168,0.28882,,0.813624,50.3108,-11.1027,89.8739,0.813624,2.2,-5.269249081611633,7.987036943435669,2.08817,570.8300170898438,,,,,,,467.9,3.866942148,467.9,3.866942148,,,,,,,,,,,,,,,,,,,"Ryan Bliss","29547",669208
"Connor Norby","MIA",135,612,555,141,89,30,2,20,90,75,48,0,170,5,4,0,13,10,5,0.254054,0.0784314,0.277778,0.282353,0.316993,0.423423,0.321825,0.740417,0.169369,4.84492,0.327913,,-1.14576,77.3271,5.73651,103.655,-1.14576,-4,1.5289826393127441,-1.7513227462768555,2.08186,267.239990234375,,,,,,,685,5.074074074,685,5.074074074,,,,,,,,,,,,,,,,,,,"Connor Norby","29592",681393
"Alan Roden","TOR",118,518,457,117,81,23,3,10,63,63,46,2,82,12,3,0,7,10,2,0.256018,0.0888031,0.158301,0.560976,0.337838,0.38512,0.3188,0.722958,0.129103,5.37667,0.290761,,0.108725,64.1888,3.59416,109.389,0.108725,2.9,5.673595704138279,-2.8098764419555664,2.07914,999,,,,,,,563.4,4.774576271,563.4,4.774576271,,,,,,,,,,,,,,,,,,,"Alan Roden","sa3020212",702176
"Kyle Teel","CHW",113,494,439,107,80,18,0,9,65,47,48,1,123,4,3,0,6,7,3,0.243736,0.097166,0.248988,0.390244,0.321862,0.346241,0.297836,0.668104,0.102506,3.77431,0.316129,,-0.848927,52.8797,-4.90749,92.7836,-0.848927,-0.5,-4.927927017211914,8.575543403625488,2.07747,999,,,,,,,457.9,4.052212389,457.9,4.052212389,,,,,,,,,,,,,,,,,,,"Kyle Teel","sa3022886",691019
"Geraldo Perdomo","ARI",131,475,400,99,71,19,3,6,69,44,53,0,77,5,4,13,3,13,4,0.2475,0.111579,0.162105,0.688312,0.339827,0.355,0.310884,0.694827,0.1075,6.05465,0.28972,,-0.0381481,55.8339,0.269348,97.2778,-0.0381481,0.6,-1.5843911543488503,5.835890889167786,2.07273,428.5299987792969,,,,,,,470.5,3.591603053,470.5,3.591603053,,,,,,,,,,,,,,,,,,,"Geraldo Perdomo","22799",672695
"Nolan Gorman","STL",133,511,461,106,60,19,0,27,67,75,46,1,170,2,2,0,3,6,1,0.229935,0.0900196,0.332681,0.270588,0.30137,0.446855,0.322604,0.748225,0.21692,3.59289,0.296992,,-0.0494956,64.8858,5.11005,108.269,-0.0494956,-3.9,5.0032082721591,-2.022428035736084,2.06531,360.3399963378906,,,,,,,594.1,4.466917293,594.1,4.466917293,,,,,,,,,,,,,,,,,,,"Nolan Gorman","22263",669357
"Victor Robles","SEA",106,352,306,78,55,17,1,5,44,32,26,0,74,11,2,7,4,24,3,0.254902,0.0738636,0.210227,0.351351,0.333333,0.366013,0.311586,0.699346,0.111111,6.78968,0.318777,,2.85888,41.5749,0.398585,109.346,2.85888,0.3,6.623106002807617,1.5933569073677063,2.06045,194.47000122070312,,,,,,,381,3.594339622,381,3.594339622,,,,,,,,,,,,,,,,,,,"Victor Robles","18363",645302
"Danny Jansen","TBR",93,316,275,61,34,14,0,13,39,38,33,0,63,5,3,0,4,0,0,0.221818,0.10443,0.199367,0.52381,0.313291,0.414545,0.318125,0.727837,0.192727,1.52403,0.237624,,-0.568254,38.9861,2.02104,111.617,-0.568254,-0.1,3.63201242685318,5.705408476293087,2.05228,299.4100036621094,,,,,,,343.4,3.692473118,343.4,3.692473118,,,,,,,,,,,,,,,,,,,"Danny Jansen","16535",643376
"Brett Baty","NYM",119,480,430,103,70,16,0,17,57,61,43,1,124,5,1,1,10,2,1,0.239535,0.0895833,0.258333,0.346774,0.31524,0.395349,0.312089,0.710589,0.155814,2.45304,0.296552,,-0.92842,56.8875,0.738024,103.238,-0.92842,1.1,0.9300168752670288,2.863668441772461,2.04264,550.02001953125,,,,,,,498,4.184873949,498,4.184873949,,,,,,,,,,,,,,,,,,,"Brett Baty","26123",683146
"George Springer","TOR",128,551,491,118,78,21,2,17,70,61,52,0,107,5,3,0,13,13,2,0.240326,0.0943739,0.194192,0.485981,0.317604,0.395112,0.313205,0.712716,0.154786,5.17939,0.272973,,0.72451,65.7967,1.34179,105.453,0.72451,3.3,4.1625566482543945,-2.7736332416534424,2.04044,243.80999755859375,,,,,,,592,4.625,592,4.625,,,,,,,,,,,,,,,,,,,"George Springer","12856",543807
"Jasson Domínguez","NYY",102,447,402,102,69,15,2,16,62,56,42,1,113,1,2,0,6,20,3,0.253731,0.0939597,0.252796,0.371681,0.324385,0.420398,0.324222,0.744783,0.166667,6.18709,0.312727,,1.90892,57.3414,5.05216,111.849,1.90892,-4.8,7.96899151802063,-3.1575839519500732,2.03585,139.52999877929688,,,,,,,533.1,5.226470588,533.1,5.226470588,,,,,,,,,,,,,,,,,,,"Jasson Dominguez","28080",691176
"Chas McCormick","HOU",112,360,321,78,53,12,1,12,45,47,27,0,99,6,5,1,4,10,3,0.242991,0.075,0.275,0.272727,0.309192,0.398754,0.308905,0.707946,0.155763,5.21266,0.306977,,0.106232,41.743,-0.369117,102.626,0.106232,10.4,1.1879353076219559,6.431745767593384,2.02636,404.80999755859375,,,,,,,378.7,3.38125,378.7,3.38125,,,,,,,,,,,,,,,,,,,"Chas McCormick","19599",676801
"Oswald Peraza","NYY",112,480,434,101,70,16,1,14,60,59,35,1,115,9,1,1,8,18,6,0.232719,0.0729167,0.239583,0.304348,0.302714,0.370968,0.297045,0.673682,0.138249,5.38497,0.284314,,0.278118,51.0754,-5.07411,92.7319,0.278118,1.9,-3.7136683762073517,7.191005110740662,2.01168,721.780029296875,,,,,,,464.7,4.149107142,464.7,4.149107142,,,,,,,,,,,,,,,,,,,"Oswald Peraza","22823",672724
"Luis Arraez","SDP",148,633,590,181,144,28,3,6,76,60,34,4,34,5,3,1,15,6,3,0.30678,0.0537125,0.0537125,1,0.348101,0.394915,0.323938,0.743017,0.0881356,3.81814,0.316456,,-1.42776,81.057,7.0099,111.376,-1.42776,2.8,7.183179974555969,-8.829188585281372,2.00705,193.8300018310547,,,,,,,698.3,4.718243243,698.3,4.718243243,,,,,,,,,,,,,,,,,,,"Luis Arraez","18568",650333
"Samuel Basallo","BAL",130,545,503,126,85,24,2,15,62,65,37,1,127,2,2,1,11,6,3,0.250497,0.0678899,0.233028,0.291339,0.303309,0.395626,0.304282,0.698935,0.145129,3.9203,0.305785,,-0.985787,61.1664,-2.58668,100.453,-0.985787,-8.1,-0.7031743228435516,1.912491798400879,2.00123,999,,,,,,,544.6,4.189230769,544.6,4.189230769,,,,,,,,,,,,,,,,,,,"Samuel Basallo","sa3015716",694212
"Jake Rogers","DET",93,317,287,60,35,13,1,11,40,38,24,1,99,3,2,1,5,1,0,0.209059,0.0757098,0.312303,0.242424,0.275316,0.376307,0.283536,0.651623,0.167247,3.82381,0.273743,,-0.281438,30.2844,-6.79769,84.4266,-0.281438,8.9,-5.930150389671326,14.723779678344727,1.99956,485.8299865722656,,,,,,,278.7,2.996774193,278.7,2.996774193,,,,,,,,,,,,,,,,,,,"Jake Rogers","19452",668670
"Carter Jensen","KCR",129,560,493,107,68,22,5,12,57,59,59,1,149,3,5,0,6,8,2,0.217039,0.105357,0.266071,0.395973,0.301786,0.35497,0.290213,0.656755,0.137931,5.21959,0.281899,,-0.228135,56.5087,-8.99905,83.4639,-0.228135,1.2,-10.823759257793427,11.488065958023071,1.99659,999,,,,,,,506.9,3.929457364,506.9,3.929457364,,,,,,,,,,,,,,,,,,,"Carter Jensen","sa3017339",695600
"Travis d'Arnaud","LAA",87,322,293,67,39,15,1,12,36,40,22,0,84,5,2,0,8,0,0,0.228669,0.068323,0.26087,0.261905,0.291925,0.409556,0.304815,0.701482,0.180887,2.21591,0.276382,,-0.5209,36.2768,-1.39013,96.4319,-0.5209,4.5,-1.8354967832565308,10.415637969970703,1.99472,420.7799987792969,,,,,,,325.2,3.737931034,325.2,3.737931034,,,,,,,,,,,,,,,,,,,"Travis d'Arnaud","7739",518595
"Emmanuel Rodriguez","MIN",75,338,280,59,31,14,4,10,54,40,54,1,122,3,1,0,3,7,3,0.210714,0.159763,0.360947,0.442623,0.343195,0.396429,0.327702,0.739624,0.185714,6.88608,0.328859,,-0.50166,44.3055,4.76695,114.979,-0.50166,1.4,5.291278779506683,2.641916513442993,1.98299,999,,,,,,,383.7,5.116,383.7,5.116,,,,,,,,,,,,,,,,,,,"Emmanuel Rodriguez","sa3014693",691181
"Luis Urías","ATH",117,453,394,89,60,16,1,12,51,49,44,0,106,12,3,0,8,4,1,0.225888,0.0971302,0.233996,0.415094,0.320088,0.362944,0.304907,0.683032,0.137056,3.71825,0.275986,,-0.520527,51.069,-1.92203,104.648,-0.520527,0.5,1.8887920379638672,2.164462089538574,1.97821,740.2899780273438,,,,,,,442.1,3.778632478,442.1,3.778632478,,,,,,,,,,,,,,,,,,,"Luis Urias","16622",649966
"Taylor Trammell","HOU",109,417,362,81,45,19,1,16,53,56,46,1,125,5,3,1,3,11,4,0.223757,0.110312,0.29976,0.368,0.317308,0.414365,0.319294,0.731672,0.190608,4.95181,0.290179,,-0.169806,51.8391,3.0592,109.934,-0.169806,5.2,4.569928914308548,0.6034388542175293,1.96995,999,,,,,,,465.5,4.270642201,465.5,4.270642201,,,,,,,,,,,,,,,,,,,"Taylor Trammell","19960",666211
"Drake Baldwin","ATL",105,461,410,96,61,21,1,13,50,57,43,1,121,7,1,0,10,0,0,0.234146,0.0932755,0.262473,0.355372,0.316703,0.385366,0.309451,0.702069,0.15122,1.85317,0.299639,,-0.868166,53.6567,-0.270179,96.7553,-0.868166,-2.1,-2.656854748725891,6.369283199310303,1.96891,999,,,,,,,466.4,4.441904761,466.4,4.441904761,,,,,,,,,,,,,,,,,,,"Drake Baldwin","sa3019920",686948
"Jose Trevino","CIN",85,268,247,61,44,9,1,7,28,30,17,0,45,2,1,1,10,1,1,0.246964,0.0634328,0.16791,0.377778,0.299625,0.376518,0.296547,0.676144,0.129555,2.90246,0.27551,,-0.702229,28.4097,-2.94045,82.7886,-0.702229,11.4,-6.218082427978516,16.32357406616211,1.96539,619.0499877929688,,,,,,,248.3,2.92117647,248.3,2.92117647,,,,,,,,,,,,,,,,,,,"Jose Trevino","16725",624431
"Dylan Moore","SEA",125,372,316,67,36,17,3,11,47,38,42,1,108,11,2,1,6,24,6,0.212025,0.112903,0.290323,0.388889,0.32345,0.389241,0.315025,0.712691,0.177215,7.40111,0.281407,,1.67543,44.9666,1.45078,111.765,1.67543,-4.2,6.6830854415893555,-0.09947061538696289,1.96067,345.3800048828125,,,,,,,416.8,3.3344,416.8,3.3344,,,,,,,,,,,,,,,,,,,"Dylan Moore","18042",664238
"Otto Lopez","MIA",115,461,425,117,86,22,4,5,57,43,28,0,79,4,2,2,11,15,4,0.275294,0.0607375,0.171367,0.35443,0.324619,0.381176,0.309824,0.705795,0.105882,6.20372,0.326531,,0.448669,53.795,-0.131872,95.5771,0.448669,3.9,-1.9895342886447906,5.593856692314148,1.95774,328.739990234375,,,,,,,477.1,4.148695652,477.1,4.148695652,,,,,,,,,,,,,,,,,,,"Otto Lopez","19608",672640
"Michael Massey","KCR",120,465,429,111,69,25,2,15,55,60,24,1,87,5,5,2,6,4,1,0.258741,0.0516129,0.187097,0.275862,0.302376,0.431235,0.315096,0.733611,0.172494,4.32001,0.289157,,-0.370571,56.2348,1.84005,100.967,-0.370571,1.5,0.14374840259552002,3.2085537910461426,1.94713,380.2900085449219,,,,,,,509.3,4.244166666,509.3,4.244166666,,,,,,,,,,,,,,,,,,,"Michael Massey","27684",686681
"Ernie Clement","TOR",119,399,377,98,68,19,2,9,44,46,15,0,38,2,2,3,8,8,2,0.259947,0.037594,0.0952381,0.394737,0.290404,0.392573,0.295946,0.682977,0.132626,5.12813,0.268072,,0.119131,42.1033,-4.57092,93.3129,0.119131,7,-2.9338045343756676,8.466049432754517,1.94504,380.3599853515625,,,,,,,383.5,3.222689075,383.5,3.222689075,,,,,,,,,,,,,,,,,,,"Ernie Clement","20352",676391
"Endy Rodríguez","PIT",110,467,426,104,65,26,3,10,60,53,34,0,96,4,3,0,7,2,1,0.244131,0.0728051,0.205567,0.354167,0.304069,0.389671,0.303006,0.69374,0.14554,4.25371,0.291022,,-0.817926,51.9327,-2.6961,91.0237,-0.817926,0.5,-5.8306884765625,9.079511642456055,1.94166,415.2900085449219,,,,,,,457.9,4.162727272,457.9,4.162727272,,,,,,,,,,,,,,,,,,,"Endy Rodriguez","25332",682848
"Agustin Ramírez","MIA",118,509,460,111,70,23,1,17,63,62,41,1,106,5,3,0,13,10,2,0.241304,0.0805501,0.208251,0.386792,0.308448,0.406522,0.311361,0.71497,0.165217,4.67561,0.276471,,0.282359,60.0261,0.4843,96.612,0.282359,-5.8,-1.7798106670379639,3.551116943359375,1.93352,999,,,,,,,545.2,4.620338983,545.2,4.620338983,,,,,,,,,,,,,,,,,,,"Agustin Ramirez","sa3009276",682663
"Thayron Liranzo","DET",103,447,394,82,47,20,1,14,53,44,51,1,134,2,0,0,13,0,0,0.208122,0.114094,0.299776,0.380597,0.302013,0.370558,0.297558,0.672572,0.162437,2.31618,0.276423,,-0.78135,47.7484,-4.54084,94.2896,-0.78135,-0.7,-3.7020196318626404,7.5120809674263,1.93243,999,,,,,,,419.5,4.072815533,419.5,4.072815533,,,,,,,,,,,,,,,,,,,"Thayron Liranzo","sa3015790",699073
"Marcell Ozuna","ATL",141,588,524,135,82,24,0,29,73,88,58,1,147,3,3,0,15,1,0,0.257634,0.0986395,0.25,0.394558,0.333333,0.469466,0.346315,0.802799,0.211832,1.86003,0.301994,,-0.920724,85.8846,17.1015,121.567,-0.920724,0,14.243921220302582,-15.123456954956055,1.93144,71.58999633789062,,,,,,,759.1,5.383687943,759.1,5.383687943,,,,,,,,,,,,,,,,,,,"Marcell Ozuna","10324",542303
"Michael Stefanic","TOR",101,415,367,102,81,16,1,4,42,43,36,1,47,8,2,2,11,3,2,0.277929,0.086747,0.113253,0.765957,0.353511,0.359673,0.318348,0.713184,0.0817439,2.96401,0.308176,,-1.18867,51.2743,2.7284,109.071,-1.18867,0.2,3.1185778379440308,1.7248383313417435,1.92899,999,,,,,,,426,4.217821782,426,4.217821782,,,,,,,,,,,,,,,,,,,"Michael Stefanic","25353",683021
"José Caballero","TBR",125,419,371,83,55,18,1,9,50,42,31,1,106,12,3,2,3,37,12,0.22372,0.0739857,0.252983,0.292453,0.302158,0.350404,0.289487,0.652563,0.126685,6.69288,0.285714,,1.77436,42.0358,-6.97799,91.4722,1.77436,2.4,-2.314086437225342,7.018606662750244,1.92841,331.4700012207031,,,,,,,402,3.216,402,3.216,,,,,,,,,,,,,,,,,,,"Jose Caballero","23401",676609
"Luis Rengifo","LAA",113,436,401,104,74,16,3,11,51,50,27,0,71,5,2,1,7,15,5,0.259352,0.0619266,0.162844,0.380282,0.312644,0.396509,0.309979,0.709152,0.137157,5.72173,0.28972,,0.138371,50.9321,-0.0703632,100.064,0.138371,2.2,0.1702822856605053,3.8019988536834717,1.91132,168.25999450683594,,,,,,,458.8,4.060176991,458.8,4.060176991,,,,,,,,,,,,,,,,,,,"Luis Rengifo","19858",650859
"Coco Montes","TBR",100,436,393,94,60,21,3,10,50,50,36,0,117,4,3,0,11,5,3,0.239186,0.0825688,0.268349,0.307692,0.307339,0.384224,0.303214,0.691563,0.145038,4.73257,0.312268,,-1.00426,48.5583,-2.44416,101.128,-1.00426,2.8,-0.4416412115097046,4.40199875831604,1.91009,999,,,,,,,426.5,4.265,426.5,4.265,,,,,,,,,,,,,,,,,,,"Coco Montes","21547",663796
"Jung Hoo Lee","SFG",101,448,410,115,83,22,3,7,46,48,32,2,33,3,1,2,5,2,6,0.280488,0.0714286,0.0736607,0.969697,0.336323,0.4,0.321467,0.736323,0.119512,3.30804,0.291105,,-2.94556,56.4763,4.07014,108.003,-2.94556,0.5,1.3417344093322754,2.146090507507324,1.901,227.4499969482422,,,,,,,472.7,4.680198019,472.7,4.680198019,,,,,,,,,,,,,,,,,,,"Jung Hoo Lee","33824",808982
"Estevan Florial",,108,439,389,87,52,20,2,13,57,49,44,1,149,3,2,1,4,19,6,0.22365,0.100228,0.339408,0.295302,0.305936,0.385604,0.303331,0.69154,0.161954,6.29628,0.323144,,0.596504,48.9339,-2.4195,98.4035,0.596504,8.8,-0.20542079210281372,3.960935115814209,1.89926,999,,,,,,,450.1,4.167592592,450.1,4.167592592,,,,,,,,,,,,,,,,,,,"Estevan Florial","19151",664314
"Drew Avans","ATH",128,558,499,114,80,21,6,7,80,43,53,0,158,3,2,1,8,21,5,0.228457,0.0949821,0.283154,0.335443,0.305206,0.336673,0.286268,0.64188,0.108216,7.46451,0.318452,,1.1016,54.5352,-10.7386,89.1279,1.1016,3.5,-5.839917778968811,5.550264596939087,1.89118,999,,,,,,,494.2,3.8609375,494.2,3.8609375,,,,,,,,,,,,,,,,,,,"Drew Avans","sa3006937",682183
"Payton Eeles","MIN",114,475,408,102,72,20,6,4,73,56,42,1,86,20,5,0,8,23,7,0.25,0.0884211,0.181053,0.488372,0.345263,0.357843,0.314279,0.703106,0.107843,7.85721,0.303406,,0.715263,57.132,1.5674,105.537,0.715263,-3,3.724504828453064,-1.254703164100647,1.89041,999,,,,,,,503.1,4.413157894,503.1,4.413157894,,,,,,,,,,,,,,,,,,,"Payton Eeles","sa3023622",823356
"Spencer Steer","CIN",151,643,564,141,83,34,3,21,75,86,66,1,133,10,3,0,10,17,3,0.25,0.102644,0.206843,0.496241,0.337481,0.432624,0.335888,0.770105,0.182624,5.17322,0.290557,,0.937978,88.522,13.3051,109.268,0.937978,-4.1,8.063979923725128,-11.187742233276367,1.88882,154.6699981689453,,,,,,,790.6,5.235761589,790.6,5.235761589,,,,,,,,,,,,,,,,,,,"Spencer Steer","26323",668715
"Luke Raley","SEA",120,421,371,89,54,16,2,17,54,57,28,0,125,19,2,1,3,9,2,0.239892,0.0665083,0.296912,0.224,0.32381,0.431267,0.330205,0.755076,0.191375,5.73515,0.311688,,0.192853,56.0334,6.78566,122.443,0.192853,-2.2,11.003898203372955,-6.840652704238892,1.8794,302.6700134277344,,,,,,,497.5,4.145833333,497.5,4.145833333,,,,,,,,,,,,,,,,,,,"Luke Raley","19354",670042
"Drew Waters","KCR",115,466,416,99,56,26,6,11,67,52,42,0,137,5,3,0,7,15,5,0.237981,0.0901288,0.293991,0.306569,0.313305,0.408654,0.314637,0.721959,0.170673,7.58721,0.324723,,0.162048,56.1839,1.67216,100.644,0.162048,0.4,0.505633533000946,2.1122280657291412,1.87472,999,,,,,,,506.9,4.407826086,506.9,4.407826086,,,,,,,,,,,,,,,,,,,"Drew Waters","20505",671221
"Denzel Clarke","ATH",106,449,408,90,55,18,5,12,56,54,31,0,162,8,2,0,5,17,5,0.220588,0.0690423,0.360802,0.191358,0.287305,0.377451,0.291188,0.664756,0.156863,7.487,0.330508,,0.63308,45.6603,-6.8629,92.5887,0.63308,4.7,-3.1744558215141296,6.349764704704285,1.87376,738.6900024414062,,,,,,,424.8,4.007547169,424.8,4.007547169,,,,,,,,,,,,,,,,,,,"Denzel Clarke","sa3017426",672016
"David Villar","SFG",119,487,437,100,60,24,0,16,61,59,41,0,137,6,3,0,8,2,1,0.228833,0.0841889,0.281314,0.29927,0.301848,0.393593,0.304679,0.695441,0.16476,2.79475,0.292683,,-0.849496,54.8125,-2.15587,96.7034,-0.849496,2.9,-2.7693079113960266,4.689388632774353,1.87322,999,,,,,,,485,4.075630252,485,4.075630252,,,,,,,,,,,,,,,,,,,"David Villar","24782",681584
"Ke'Bryan Hayes","PIT",111,459,422,106,76,20,2,8,51,43,31,1,89,3,3,0,12,11,3,0.251185,0.0675381,0.1939,0.348315,0.305011,0.364929,0.29369,0.66994,0.113744,5.1847,0.298781,,0.124707,47.6015,-6.09147,84.7535,0.124707,9.4,-8.24373958259821,11.086507558822632,1.87221,339.5899963378906,,,,,,,430.7,3.88018018,430.7,3.88018018,,,,,,,,,,,,,,,,,,,"Ke'Bryan Hayes","18577",663647
"Jonatan Clase","TOR",123,540,485,107,67,22,6,12,72,60,46,0,164,4,4,1,6,32,10,0.220619,0.0851852,0.303704,0.280488,0.29128,0.364948,0.288289,0.656229,0.14433,8.05405,0.303514,,1.42652,53.6544,-9.51378,87.9273,1.42652,4.1,-6.032845139503479,6.084126830101013,1.86442,663.7899780273438,,,,,,,507.8,4.128455284,507.8,4.128455284,,,,,,,,,,,,,,,,,,,"Jonatan Clase","26599",682729
"Jacob Wilson","ATH",78,320,294,84,56,21,2,5,45,35,17,0,29,5,2,2,8,1,1,0.285714,0.053125,0.090625,0.586207,0.333333,0.421769,0.328501,0.755102,0.136054,3.83776,0.301527,,-0.820615,42.1518,4.71884,118.835,-0.820615,-2.3,6.075761258602142,1.2273368835449219,1.85595,338.45001220703125,,,,,,,360.8,4.625641025,360.8,4.625641025,,,,,,,,,,,,,,,,,,,"Jacob Wilson","33266",805779
"Johnathan Rodriguez","CLE",129,532,480,120,78,21,2,19,62,71,46,1,160,4,2,0,14,4,2,0.25,0.0864662,0.300752,0.2875,0.319549,0.420833,0.32228,0.740382,0.170833,3.71686,0.333333,,-1.01235,67.4139,5.18161,111.733,-1.01235,-0.1,6.129509091377258,-5.9641977325081825,1.84865,627.2100219726562,,,,,,,594.9,4.611627906,594.9,4.611627906,,,,,,,,,,,,,,,,,,,"Johnathan Rodriguez","22530",671286
"Andrew Navigato","DET",116,470,424,98,60,21,3,14,59,61,34,0,116,9,3,0,7,11,7,0.231132,0.0723404,0.246809,0.293103,0.3,0.393868,0.303452,0.693868,0.162736,5.41376,0.282828,,-1.44796,52.435,-2.54472,98.4358,-1.44796,-0.7,-2.289153218269348,4.480776131153107,1.84447,999,,,,,,,464.7,4.006034482,464.7,4.006034482,,,,,,,,,,,,,,,,,,,"Andrew Navigato","sa3010703",685382
"Edgar Quero","CHW",103,439,390,93,67,15,0,11,39,52,37,0,85,8,4,0,13,1,1,0.238462,0.0842825,0.193622,0.435294,0.314351,0.361538,0.299992,0.675889,0.123077,1.58401,0.275168,,-1.08896,47.7539,-3.5995,94.2998,-1.08896,-0.9,-3.9522064924240112,7.165108323097229,1.84322,999,,,,,,,411.8,3.998058252,411.8,3.998058252,,,,,,,,,,,,,,,,,,,"Edgar Quero","sa3015239",700337
"Enrique Bradfield Jr.","BAL",106,462,409,100,78,14,3,5,71,42,36,0,84,6,3,8,2,38,9,0.244499,0.0779221,0.181818,0.428571,0.312775,0.330073,0.287408,0.642849,0.0855746,7.89029,0.294118,,3.00785,45.5766,-8.46724,88.5837,3.00785,3.7,-3.027069330215454,5.397530913352966,1.8354,999,,,,,,,428.7,4.044339622,428.7,4.044339622,,,,,,,,,,,,,,,,,,,"Enrique Bradfield Jr.","sa3022917",690961
"Mike Yastrzemski","SFG",123,440,390,87,46,21,4,16,57,52,42,1,117,5,2,1,4,3,1,0.223077,0.0954545,0.265909,0.358974,0.305239,0.420513,0.314865,0.725752,0.197436,5.00085,0.274131,,-0.531109,53.1298,1.65941,103.559,-0.531109,6.6,1.3415743708610535,1.7499117851257324,1.83255,444.42999267578125,,,,,,,475.2,3.863414634,475.2,3.863414634,,,,,,,,,,,,,,,,,,,"Mike Yastrzemski","14854",573262
"Juan Brito","CLE",137,615,539,125,79,32,1,13,73,68,63,1,113,6,4,3,9,7,5,0.231911,0.102439,0.18374,0.557522,0.316993,0.367347,0.302913,0.68434,0.135436,3.68319,0.268585,,-1.78522,68.3446,-3.59687,98.1088,-1.78522,-2,-3.1160167455673218,0.25970005989074707,1.82234,999,,,,,,,588,4.291970802,588,4.291970802,,,,,,,,,,,,,,,,,,,"Juan Brito","sa3009808",682877
"Josh Naylor","ARI",141,582,522,138,85,31,0,22,64,95,48,7,89,6,6,0,15,7,2,0.264368,0.0824742,0.152921,0.539326,0.329897,0.450192,0.333044,0.780088,0.185824,3.04272,0.278177,,-0.451813,78.7917,10.7105,112.193,-0.451813,0.9,8.034124553203583,-9.792239785194397,1.82007,104.0199966430664,,,,,,,717.2,5.086524822,717.2,5.086524822,,,,,,,,,,,,,,,,,,,"Josh Naylor","18839",647304
"Vinnie Pasquantino","KCR",125,535,474,124,71,29,2,22,59,79,48,2,69,5,7,1,11,1,0,0.261603,0.0897196,0.128972,0.695652,0.331461,0.470464,0.343144,0.801925,0.208861,2.53146,0.261538,,-0.762876,76.778,14.1947,120.697,-0.762876,-2.3,11.906561851501465,-12.128777265548706,1.81896,114.05000305175781,,,,,,,683.6,5.4688,683.6,5.4688,,,,,,,,,,,,,,,,,,,"Vinnie Pasquantino","27676",686469
"Jesús Bastidas","HOU",130,536,481,107,70,22,2,13,68,72,36,1,145,16,3,0,10,9,3,0.222453,0.0671642,0.270522,0.248276,0.296642,0.357588,0.289318,0.65423,0.135135,5.4203,0.288344,,-0.370002,53.7006,-8.99969,88.8478,-0.370002,4.9,-7.209586173295975,6.86942982673645,1.81022,999,,,,,,,480.3,3.694615384,480.3,3.694615384,,,,,,,,,,,,,,,,,,,"Jesus Bastidas","sa916969",665846
"Jake Mangum","TBR",99,423,397,107,76,23,4,4,50,48,18,0,82,6,2,0,5,12,5,0.269521,0.0425532,0.193853,0.219512,0.309693,0.377834,0.300581,0.687526,0.108312,5.9873,0.329073,,-0.414274,46.2141,-3.26764,99.2758,-0.414274,2.6,-0.7647874355316162,4.154232740402222,1.80637,999,,,,,,,410.1,4.142424242,410.1,4.142424242,,,,,,,,,,,,,,,,,,,"Jake Mangum","sa3011255",663968
"Jose Miranda","MIN",121,483,446,119,79,26,2,12,50,59,27,1,77,7,3,0,15,2,1,0.266816,0.0559006,0.15942,0.350649,0.31677,0.414798,0.317437,0.731568,0.147982,3.05467,0.297222,,-0.888958,59.3219,2.82151,107.758,-0.888958,-3.8,3.3986828327178955,-2.025308609008789,1.80472,370.69000244140625,,,,,,,523,4.322314049,523,4.322314049,,,,,,,,,,,,,,,,,,,"Jose Miranda","20538",669304
"Kerry Carpenter","DET",114,432,392,100,59,19,3,19,51,66,30,2,107,7,3,0,8,2,3,0.255102,0.0694444,0.247685,0.280374,0.31713,0.464286,0.334662,0.781415,0.209184,3.59502,0.301115,,-1.55691,59.0473,8.51278,120.39,-1.55691,-0.7,8.521676778793335,-5.46190470457077,1.8033,201.5,,,,,,,525.2,4.607017543,525.2,4.607017543,,,,,,,,,,,,,,,,,,,"Kerry Carpenter","25961",681481
"Moises Ballesteros","CHC",128,529,483,118,82,21,1,14,51,60,38,1,111,3,5,0,6,2,1,0.244306,0.0718336,0.20983,0.342342,0.300567,0.378882,0.296565,0.679449,0.134576,2.60047,0.286501,,-0.967882,56.0851,-5.79631,91.821,-0.967882,-3.8,-6.141802549362183,5.918547868728638,1.79631,999,,,,,,,500,3.90625,500,3.90625,,,,,,,,,,,,,,,,,,,"Moises Ballesteros","sa3015713",694208
"Nolan Jones","COL",113,460,399,104,65,23,2,14,59,60,54,3,135,4,2,1,6,8,3,0.260652,0.117391,0.293478,0.4,0.352941,0.433584,0.342246,0.786525,0.172932,4.8106,0.357143,,-0.56211,65.6823,11.8724,106.917,-0.56211,3.9,3.2425504326820374,-1.170546531677246,1.79605,251.58999633789062,,,,,,,573.9,5.078761061,573.9,5.078761061,,,,,,,,,,,,,,,,,,,"Nolan Jones","20529",666134
"Spencer Torkelson","DET",151,655,575,131,71,32,1,27,86,84,67,1,175,7,6,0,14,2,0,0.227826,0.10229,0.267176,0.382857,0.312977,0.427826,0.321402,0.740803,0.2,3.19691,0.274406,,-0.736509,82.5374,5.91672,111.062,-0.736509,0,7.5542826652526855,-12.03336238861084,1.79246,430.760009765625,,,,,,,736.7,4.878807947,736.7,4.878807947,,,,,,,,,,,,,,,,,,,"Spencer Torkelson","27465",679529
"Jared Triolo","PIT",115,457,407,100,72,19,2,7,50,46,43,0,114,4,3,0,5,10,2,0.2457,0.0940919,0.249453,0.377193,0.321663,0.353808,0.300565,0.675471,0.108108,5.04887,0.321799,,0.250789,49.9227,-3.53631,89.3805,0.250789,6,-5.552578181028366,7.6791592836380005,1.79137,614.469970703125,,,,,,,439.7,3.82347826,439.7,3.82347826,,,,,,,,,,,,,,,,,,,"Jared Triolo","25807",669707
"Gio Urshela","ATH",115,427,400,108,78,19,2,9,38,44,22,1,73,1,4,0,15,1,0,0.27,0.0515222,0.17096,0.30137,0.306792,0.395,0.303817,0.701792,0.125,2.85058,0.307453,,-0.589242,47.7633,-2.18638,101.472,-0.589242,1.4,0.13002878427505493,2.9689300060272217,1.79014,523.7899780273438,,,,,,,426.8,3.711304347,426.8,3.711304347,,,,,,,,,,,,,,,,,,,"Gio Urshela","10681",570482
"Ramón Urías","BAL",107,362,328,83,56,15,2,10,42,43,27,0,80,6,1,0,5,1,1,0.253049,0.0745856,0.220994,0.3375,0.320442,0.402439,0.317116,0.722881,0.14939,3.43703,0.305439,,-0.907432,44.3673,2.02123,109.481,-0.907432,0.9,3.0196455121040344,2.23009991645813,1.78848,701.280029296875,,,,,,,383.8,3.586915887,383.8,3.586915887,,,,,,,,,,,,,,,,,,,"Ramon Urias","18795",602104
"Dairon Blanco","KCR",112,322,289,76,54,13,3,6,54,38,22,0,76,6,2,3,5,41,9,0.262976,0.068323,0.236025,0.289474,0.326019,0.391003,0.314952,0.717022,0.128028,8.71323,0.334928,,3.90776,38.9038,1.23691,100.865,3.90776,5.9,4.226640403270721,2.3506174087524414,1.78787,680.1900024414062,,,,,,,384.5,3.433035714,384.5,3.433035714,,,,,,,,,,,,,,,,,,,"Dairon Blanco","19779",680118
"Daz Cameron","BAL",107,404,362,87,56,19,2,10,52,47,33,0,105,5,4,0,5,12,3,0.240331,0.0816832,0.259901,0.314286,0.309406,0.38674,0.305021,0.696146,0.146409,6.03353,0.306773,,0.443093,45.5819,-1.67722,100.973,0.443093,1.4,0.8928417265415192,2.884420871734619,1.78101,999,,,,,,,414.1,3.870093457,414.1,3.870093457,,,,,,,,,,,,,,,,,,,"Daz Cameron","18353",663662
"Logan Driscoll","TBR",86,346,315,75,51,17,1,6,38,40,22,1,86,6,3,0,4,1,1,0.238095,0.0635838,0.248555,0.255814,0.297688,0.355556,0.286879,0.653243,0.11746,3.17513,0.30531,,-0.820615,33.9858,-6.4886,89.6375,-0.820615,4.2,-4.923103392124176,10.556554794311523,1.77302,999,,,,,,,299.5,3.482558139,299.5,3.482558139,,,,,,,,,,,,,,,,,,,"Logan Driscoll","25475",686482
"Jorge Mateo","BAL",114,350,323,75,46,18,4,7,47,36,18,0,86,3,3,3,6,23,4,0.232198,0.0514286,0.245714,0.209302,0.276657,0.377709,0.283604,0.654366,0.145511,8.58292,0.291846,,2.45118,33.4561,-7.48624,85.9077,2.45118,7.4,-3.192394495010376,8.686008334159851,1.77235,720.02001953125,,,,,,,333.3,2.92368421,333.3,2.92368421,,,,,,,,,,,,,,,,,,,"Jorge Mateo","17273",622761
"Thomas Saggese","STL",138,584,541,132,89,24,4,15,70,73,28,0,151,10,4,1,15,7,3,0.243993,0.0479452,0.258562,0.18543,0.291595,0.386322,0.295335,0.677917,0.142329,5.23985,0.308707,,-0.817357,61.3379,-6.97725,89.9151,-0.817357,-0.9,-7.86014723777771,5.537389874458313,1.76863,655.469970703125,,,,,,,550.5,3.989130434,550.5,3.989130434,,,,,,,,,,,,,,,,,,,"Thomas Saggese","27883",695336
"Evan Carter","TEX",104,432,376,90,58,17,4,11,60,52,48,1,111,6,2,0,2,10,3,0.239362,0.111111,0.256944,0.432432,0.333333,0.393617,0.320372,0.72695,0.154255,6.15743,0.308594,,-0.0910781,54.0787,3.54418,109.164,-0.0910781,3,4.438911162316799,-1.7619047164916992,1.76377,290.1199951171875,,,,,,,476.1,4.577884615,476.1,4.577884615,,,,,,,,,,,,,,,,,,,"Evan Carter","27790",694497
"José Tena","WSN",138,580,538,138,96,26,3,13,64,65,32,0,158,4,3,3,8,12,6,0.256506,0.0551724,0.272414,0.202532,0.30156,0.388476,0.300879,0.690036,0.13197,5.00262,0.337838,,-1.07184,63.5061,-4.34123,92.5428,-1.07184,-2.4,-6.243891477584839,3.993298053741455,1.76233,486.3299865722656,,,,,,,563.5,4.083333333,563.5,4.083333333,,,,,,,,,,,,,,,,,,,"Jose Tena","23691",677588
"Eddys Leonard","DET",112,482,440,104,67,21,3,13,56,53,28,0,125,12,2,0,9,5,3,0.236364,0.0580913,0.259336,0.224,0.298755,0.386364,0.300354,0.685119,0.15,4.6394,0.299342,,-1.05951,52.5719,-3.81157,96.2566,-1.05951,-1.2,-3.124047636985779,4.113051176071167,1.76158,999,,,,,,,463.7,4.140178571,463.7,4.140178571,,,,,,,,,,,,,,,,,,,"Eddys Leonard","sa3005554",678760
"Casey Schmitt","SFG",121,474,437,108,72,22,1,13,52,58,26,1,106,6,4,1,11,5,2,0.24714,0.0548523,0.223629,0.245283,0.295983,0.391304,0.298443,0.687287,0.144165,3.78491,0.295031,,-0.622932,50.9704,-4.47722,92.5064,-0.622932,4.3,-4.870396971702576,6.041622757911682,1.75117,745.97998046875,,,,,,,459.4,3.796694214,459.4,3.796694214,,,,,,,,,,,,,,,,,,,"Casey Schmitt","27577",669477
"Gabriel Arias","CLE",107,381,352,87,56,18,3,10,43,44,23,1,105,4,2,0,10,9,2,0.247159,0.0603675,0.275591,0.219048,0.299213,0.400568,0.303324,0.699781,0.153409,5.80045,0.322176,,0.342809,42.4667,-2.10196,98.3986,0.342809,0.4,-0.3552946150302887,4.599735647439957,1.75007,716.4299926757812,,,,,,,391,3.654205607,391,3.654205607,,,,,,,,,,,,,,,,,,,"Gabriel Arias","22563",672356
"Kody Huff","CLE",97,380,342,75,54,15,1,5,37,36,31,0,104,5,1,1,9,3,0,0.219298,0.0815789,0.273684,0.298077,0.292876,0.312865,0.272377,0.605742,0.0935673,4.07212,0.299145,,-0.110318,32.8902,-11.5615,76.6298,-0.110318,7.5,-10.271654903888702,14.481187343597412,1.74302,999,,,,,,,287.9,2.968041237,287.9,2.968041237,,,,,,,,,,,,,,,,,,,"Kody Huff","sa3019982",687627
"Joey Loperfido","TOR",117,475,428,98,58,22,3,15,60,62,35,2,150,8,3,1,10,12,3,0.228972,0.0736842,0.315789,0.233333,0.297468,0.399533,0.302444,0.697001,0.170561,6.19178,0.31203,,0.403631,52.6076,-2.95701,97.8843,0.403631,6.9,-0.7462601363658905,1.664109230041504,1.73013,547.280029296875,,,,,,,486.1,4.154700854,486.1,4.154700854,,,,,,,,,,,,,,,,,,,"Joey Loperfido","29630",694388
"Brandon Lockridge","SDP",106,405,363,88,65,17,2,4,48,38,34,0,113,4,1,3,6,26,4,0.242424,0.0839506,0.279012,0.300885,0.313433,0.333333,0.289369,0.646766,0.0909091,6.95679,0.340081,,2.76706,40.5926,-6.78349,88.1084,2.76706,4.7,-2.992068290710449,6.1880950927734375,1.72298,748.1699829101562,,,,,,,380.3,3.587735849,380.3,3.587735849,,,,,,,,,,,,,,,,,,,"Brandon Lockridge","21496",663604
"Miguel Rojas","LAD",105,371,340,86,62,18,1,5,38,37,23,0,44,4,2,2,9,7,2,0.252941,0.0619946,0.118598,0.522727,0.306233,0.355882,0.292181,0.662115,0.102941,4.34217,0.276451,,-0.112438,38.0246,-5.37424,88.0229,-0.112438,5.6,-5.426023192703724,9.68950605392456,1.71629,714.260009765625,,,,,,,335.2,3.192380952,335.2,3.192380952,,,,,,,,,,,,,,,,,,,"Miguel Rojas","7802",500743
"Yoán Moncada","LAA",94,381,342,85,55,20,1,9,42,39,35,1,104,3,1,0,5,3,0,0.248538,0.0918635,0.272966,0.336538,0.322835,0.391813,0.313712,0.714648,0.143275,3.92932,0.330435,,-0.126103,45.6519,1.08329,103.951,-0.126103,0.9,1.5961610823869705,2.2999117374420166,1.71409,476.4100036621094,,,,,,,402,4.276595744,402,4.276595744,,,,,,,,,,,,,,,,,,,"Yoan Moncada","17232",660162
"Jack Suwinski","PIT",138,509,441,102,56,21,3,22,61,67,57,2,151,5,5,1,3,12,2,0.231293,0.111984,0.29666,0.377483,0.322835,0.442177,0.330205,0.765011,0.210884,5.55878,0.29304,,0.674466,67.7458,8.20391,109.33,0.674466,-8.6,6.353365540504456,-6.729776978492737,1.7117,619.469970703125,,,,,,,618.2,4.479710144,618.2,4.479710144,,,,,,,,,,,,,,,,,,,"Jack Suwinski","22244",669261
"Ryan Ritter","COL",104,441,390,99,66,20,2,11,61,58,32,1,124,13,2,4,4,11,1,0.253846,0.0725624,0.281179,0.258065,0.329519,0.4,0.320488,0.729519,0.146154,6.07988,0.342412,,0.926827,55.2465,3.65921,92.2721,0.926827,0.1,-3.1484687328338623,4.961111165583134,1.70392,999,,,,,,,490.3,4.714423076,490.3,4.714423076,,,,,,,,,,,,,,,,,,,"Ryan Ritter","sa3020206",690022
"Alex Call","WSN",112,429,368,83,54,17,1,11,52,45,50,0,82,7,3,1,4,11,4,0.225543,0.11655,0.191142,0.609756,0.327103,0.366848,0.309746,0.693951,0.141304,4.61719,0.258993,,-0.296084,50.0342,-0.149378,98.5109,-0.296084,8,-1.0599862039089203,3.2711639404296875,1.7038,741.6199951171875,,,,,,,435.9,3.891964285,435.9,3.891964285,,,,,,,,,,,,,,,,,,,"Alex Call","19296",669743
"Nathan Lukes","TOR",90,356,324,88,63,18,1,6,44,41,26,1,61,3,2,1,7,4,2,0.271605,0.0730337,0.171348,0.42623,0.329577,0.388889,0.314701,0.718466,0.117284,3.84773,0.316602,,-0.728223,42.9399,1.29573,106.506,-0.728223,6.6,1.9218955636024475,2.675837755203247,1.70049,740.760009765625,,,,,,,372.1,4.134444444,372.1,4.134444444,,,,,,,,,,,,,,,,,,,"Nathan Lukes","18123",664770
"Kyle Isbel","KCR",122,404,366,88,56,18,5,9,57,43,27,0,83,5,2,4,6,10,3,0.240437,0.0668317,0.205446,0.325301,0.3,0.39071,0.301398,0.69071,0.150273,7.01154,0.286232,,0.0904476,44.404,-2.85515,91.3318,0.0904476,5.4,-3.9165156185626984,6.884420990943909,1.69742,517.0700073242188,,,,,,,398.7,3.268032786,398.7,3.268032786,,,,,,,,,,,,,,,,,,,"Kyle Isbel","21614",664728
"Alek Thomas","ARI",120,448,412,104,68,21,5,10,58,54,28,0,85,3,3,2,8,9,3,0.252427,0.0625,0.189732,0.329412,0.302691,0.400485,0.305385,0.703176,0.148058,6.10909,0.29375,,-0.196369,50.6774,-1.72873,93.5767,-0.196369,3.5,-3.6374875009059906,5.146090507507324,1.69659,515.3800048828125,,,,,,,455.5,3.795833333,455.5,3.795833333,,,,,,,,,,,,,,,,,,,"Alek Thomas","23792",677950
"Adrian Del Castillo","ARI",117,497,449,107,66,25,2,14,56,64,42,2,124,4,2,0,9,1,1,0.238307,0.084507,0.249497,0.33871,0.307847,0.396437,0.306817,0.704284,0.158129,3.03991,0.297125,,-1.07317,56.7932,-1.34486,94.5407,-1.07317,-5,-4.317717790603638,4.130658149719238,1.68999,473.3800048828125,,,,,,,502.8,4.297435897,502.8,4.297435897,,,,,,,,,,,,,,,,,,,"Adrian Del Castillo","29554",680728
"César Salazar","HOU",88,336,289,64,43,13,1,7,34,42,29,1,62,13,4,1,8,2,1,0.221453,0.0863095,0.184524,0.467742,0.316418,0.346021,0.295858,0.662439,0.124567,3.47518,0.254464,,-0.66797,35.4319,-3.87278,93.4487,-0.66797,2.1,-3.1866526007652283,8.272839546203613,1.68208,749.9000244140625,,,,,,,305.6,3.472727272,305.6,3.472727272,,,,,,,,,,,,,,,,,,,"Cesar Salazar","21587",663967
"DJ LeMahieu","NYY",100,408,360,88,67,14,1,6,42,38,42,1,72,2,3,1,12,1,2,0.244444,0.102941,0.176471,0.583333,0.324324,0.338889,0.296106,0.663213,0.0944444,2.28202,0.287719,,-1.47818,43.1058,-4.62123,92.0716,-1.47818,6.3,-5.179440975189209,7.799118399620056,1.67522,645.0499877929688,,,,,,,363.8,3.638,363.8,3.638,,,,,,,,,,,,,,,,,,,"DJ LeMahieu","9874",518934
"Jared Young","NYM",110,446,389,91,55,19,3,14,56,62,44,0,114,9,2,2,7,5,2,0.233933,0.0986547,0.255605,0.385965,0.324324,0.40617,0.321163,0.730494,0.172237,4.9564,0.292776,,-0.662394,56.1151,3.94284,109.345,-0.662394,-4.6,4.321499466896057,-2.9612579345703125,1.67439,750.52001953125,,,,,,,487.3,4.43,487.3,4.43,,,,,,,,,,,,,,,,,,,"Jared Young","20404",676724
"Harrison Bader","MIN",119,394,363,86,59,16,1,10,49,44,22,1,84,5,4,0,6,16,5,0.236915,0.0558376,0.213198,0.261905,0.286802,0.369146,0.285625,0.655948,0.132231,5.69095,0.278388,,0.504112,38.303,-7.78632,85.4257,0.504112,8,-6.362538933753967,9.447677850723267,1.67369,466.07000732421875,,,,,,,362.1,3.042857142,362.1,3.042857142,,,,,,,,,,,,,,,,,,,"Harrison Bader","18030",664056
"Vaughn Grissom","BOS",114,485,433,113,83,21,2,7,59,52,40,0,88,10,2,0,11,11,2,0.26097,0.0824742,0.181443,0.454545,0.336082,0.367206,0.31303,0.703288,0.106236,5.35969,0.311765,,0.340295,57.8473,1.11293,98.1869,0.340295,-1.1,-0.6658782064914703,0.6820399761199951,1.67144,572.6199951171875,,,,,,,503.2,4.414035087,503.2,4.414035087,,,,,,,,,,,,,,,,,,,"Vaughn Grissom","26031",687093
"Lourdes Gurriel Jr.","ARI",129,524,485,132,89,26,2,15,59,67,30,1,95,5,4,0,14,5,1,0.272165,0.0572519,0.181298,0.315789,0.318702,0.426804,0.322366,0.745506,0.154639,3.94299,0.308707,,-0.375774,66.4365,5.13994,105.006,-0.375774,1.6,2.761283904314041,-4.176014304161072,1.65606,220.33999633789062,,,,,,,593.7,4.602325581,593.7,4.602325581,,,,,,,,,,,,,,,,,,,"Lourdes Gurriel Jr.","19238",666971
"Willie MacIver","ATH",87,355,316,68,45,14,1,8,33,36,29,0,107,7,2,1,7,7,3,0.21519,0.0816901,0.301408,0.271028,0.293785,0.341772,0.283198,0.635557,0.126582,4.29604,0.295566,,-0.454305,33.8181,-7.70912,86.9683,-0.454305,3.4,-5.747717618942261,9.92189884185791,1.6533,999,,,,,,,299.2,3.439080459,299.2,3.439080459,,,,,,,,,,,,,,,,,,,"Willie MacIver","sa3007828",680862
"Sam Huff","SFG",104,427,394,90,58,20,0,12,41,48,29,1,140,3,1,0,8,0,0,0.228426,0.0679157,0.327869,0.207143,0.285714,0.370558,0.287042,0.656273,0.142132,1.21178,0.320988,,-0.702426,41.9979,-7.95178,84.8322,-0.702426,2.3,-8.447234272956848,10.144650220870972,1.64387,741.0999755859375,,,,,,,376.8,3.623076923,376.8,3.623076923,,,,,,,,,,,,,,,,,,,"Sam Huff","22209",669087
"Garrett Mitchell","MIL",85,308,273,68,43,14,2,9,42,40,29,0,94,4,1,1,3,14,4,0.249084,0.0941558,0.305195,0.308511,0.32899,0.413919,0.325628,0.74291,0.164835,6.6028,0.345029,,0.58015,39.8589,3.82965,108.464,0.58015,0.8,3.697576940059662,1.9316872954368591,1.64067,247.42999267578125,,,,,,,358.8,4.22117647,358.8,4.22117647,,,,,,,,,,,,,,,,,,,"Garrett Mitchell","27555",669003
"TJ Friedl","CIN",115,450,394,97,66,15,4,12,52,58,37,0,73,11,4,4,2,12,3,0.246193,0.0822222,0.162222,0.506849,0.325112,0.395939,0.317006,0.721051,0.149746,5.80561,0.271565,,0.285245,55.1126,2.4725,96.5586,0.285245,0.8,-1.5666336417198181,2.453439176082611,1.63925,249.74000549316406,,,,,,,486.7,4.232173913,486.7,4.232173913,,,,,,,,,,,,,,,,,,,"TJ Friedl","19522",670770
"Christopher Morel","TBR",144,583,519,120,71,21,3,25,72,79,54,2,161,6,3,1,11,9,5,0.231214,0.0926244,0.276158,0.335404,0.309278,0.427746,0.319157,0.737024,0.196532,4.65566,0.282738,,-1.24315,72.4107,4.21253,112.342,-1.24315,-12.7,6.989904403686523,-10.557877540588379,1.63867,268.42999267578125,,,,,,,649.1,4.507638888,649.1,4.507638888,,,,,,,,,,,,,,,,,,,"Christopher Morel","21897",666624
"Jake McCarthy","ARI",137,505,455,121,88,18,7,8,66,56,34,0,91,10,2,4,4,26,6,0.265934,0.0673267,0.180198,0.373626,0.329341,0.389011,0.316026,0.718352,0.123077,7.6841,0.315642,,1.72816,61.4506,2.37664,100.739,1.72816,-5,2.1745462119579315,-3.1444737911224365,1.63665,219.91000366210938,,,,,,,554.5,4.047445255,554.5,4.047445255,,,,,,,,,,,,,,,,,,,"Jake McCarthy","21622",664983
"Jair Camargo","MIN",87,358,330,75,48,14,1,12,37,45,21,1,128,5,2,0,12,2,1,0.227273,0.0586592,0.357542,0.164062,0.282123,0.384848,0.289785,0.666971,0.157576,3.37032,0.328125,,-0.581153,36.0018,-5.8764,88.3072,-0.581153,2.6,-5.370857059955597,9.177013397216797,1.62562,999,,,,,,,328.1,3.771264367,328.1,3.771264367,,,,,,,,,,,,,,,,,,,"Jair Camargo","21730",665856
"Nick Allen","ATL",129,492,442,110,83,21,1,5,53,52,38,0,77,3,2,7,9,10,5,0.248869,0.0772358,0.156504,0.493506,0.31134,0.334842,0.288064,0.646182,0.0859729,4.23422,0.290055,,-1.00369,48.7957,-8.75751,82.3602,-1.00369,5.3,-11.381827116012573,10.723280429840088,1.6241,747.3800048828125,,,,,,,415.6,3.221705426,415.6,3.221705426,,,,,,,,,,,,,,,,,,,"Nick Allen","22277",669397
"Jeimer Candelario","CIN",118,482,435,106,58,27,2,19,57,67,37,1,115,7,3,0,8,3,2,0.243678,0.0767635,0.238589,0.321739,0.311203,0.445977,0.326365,0.75718,0.202299,3.65595,0.286184,,-1.00715,62.6628,6.27936,102.858,-1.00715,-2.8,0.6403273344039917,-1.0289828777313232,1.61758,308.2200012207031,,,,,,,559,4.737288135,559,4.737288135,,,,,,,,,,,,,,,,,,,"Jeimer Candelario","13621",600869
"Mike Tauchman","CHW",114,373,318,78,53,16,1,8,55,34,49,1,81,4,2,0,6,7,1,0.245283,0.131367,0.217158,0.604938,0.351206,0.377358,0.32459,0.728565,0.132075,5.18227,0.30303,,0.166289,47.9593,4.32649,111.603,0.166289,2.2,5.118334710597992,-1.9115521907806396,1.61536,474.04998779296875,,,,,,,415.6,3.645614035,415.6,3.645614035,,,,,,,,,,,,,,,,,,,"Mike Tauchman","15274",643565
"Anthony Prato","MIN",113,450,383,87,56,22,5,4,54,45,53,0,114,9,2,3,9,8,3,0.227154,0.117778,0.253333,0.464912,0.333333,0.342037,0.304535,0.67537,0.114883,5.96119,0.310861,,-0.546325,50.596,-2.04411,98.6829,-0.546325,0.2,-1.2244811058044434,1.8534391671419144,1.61423,999,,,,,,,426.9,3.777876106,426.9,3.777876106,,,,,,,,,,,,,,,,,,,"Anthony Prato","sa1052903",668791
"Pedro León","HOU",120,524,468,101,60,23,2,16,66,71,39,1,168,12,2,3,8,20,9,0.215812,0.0744275,0.320611,0.232143,0.291747,0.376068,0.29338,0.667815,0.160256,6.04912,0.297203,,-0.513224,54.2117,-7.08481,91.7056,-0.513224,1.7,-5.486286103725433,3.625338077545166,1.61184,745.3400268554688,,,,,,,491.9,4.099166666,491.9,4.099166666,,,,,,,,,,,,,,,,,,,"Pedro Leon","27781",694175
"Gavin Lux","CIN",126,459,407,106,73,20,3,10,63,45,46,1,98,2,3,1,5,6,2,0.260442,0.100218,0.213508,0.469388,0.336245,0.398034,0.322037,0.734279,0.137592,4.98933,0.317881,,-0.557104,58.0736,4.38069,99.945,-0.557104,-0.8,-0.5872795544564724,0.8865079283714294,1.60952,335.42999267578125,,,,,,,505.5,4.011904761,505.5,4.011904761,,,,,,,,,,,,,,,,,,,"Gavin Lux","19955",666158
"Samad Taylor","SEA",126,531,465,109,81,17,3,8,68,49,47,0,156,6,5,8,9,31,9,0.234409,0.0885122,0.293785,0.301282,0.309751,0.335484,0.287994,0.645235,0.101075,6.79798,0.330065,,1.49736,52.634,-9.48131,92.7513,1.49736,-1.2,-2.906798839569092,0.7510581016540527,1.6055,999,,,,,,,479.7,3.807142857,479.7,3.807142857,,,,,,,,,,,,,,,,,,,"Samad Taylor","22274",669392
"Brett Wisely","SFG",123,466,419,103,70,22,2,9,57,51,37,0,105,3,3,4,7,8,6,0.245823,0.0793991,0.225322,0.352381,0.309524,0.372315,0.300005,0.681839,0.126492,4.61428,0.305195,,-1.6982,50.6958,-3.81594,93.5575,-1.6982,3.6,-5.2882736921310425,5.312227964401245,1.60517,748.760009765625,,,,,,,436,3.544715447,436,3.544715447,,,,,,,,,,,,,,,,,,,"Brett Wisely","27735",689172
"Freddy Fermin","KCR",95,340,309,78,55,14,1,8,37,38,25,0,64,2,3,1,11,1,0,0.252427,0.0735294,0.188235,0.390625,0.309735,0.381877,0.302985,0.691612,0.12945,3.15031,0.291667,,-0.447179,37.8038,-1.96878,92.4476,-0.447179,1.3,-3.385304242372513,7.546325445175171,1.6003,380.0899963378906,,,,,,,332.2,3.496842105,332.2,3.496842105,,,,,,,,,,,,,,,,,,,"Freddy Fermin","21840",666023
"Max Muncy","ATH",94,401,361,85,55,20,1,9,44,48,25,0,128,9,2,4,7,5,2,0.235457,0.0623441,0.319202,0.195312,0.299748,0.371191,0.29554,0.670939,0.135734,4.34643,0.336283,,-0.512438,42.1835,-4.72471,95.6498,-0.512438,0.2,-2.508421540260315,4.620194151997566,1.59867,999,,,,,,,369.2,3.927659574,369.2,3.927659574,,,,,,,,,,,,,,,,,,,"Max Muncy","sa3017290",691777
"David Hamilton","BOS",109,437,396,90,61,16,4,9,56,45,37,0,109,2,1,1,2,35,7,0.227273,0.0846682,0.249428,0.33945,0.295872,0.356061,0.288073,0.651932,0.128788,7.90005,0.290323,,3.37571,43.3442,-7.77522,80.6316,3.37571,2.4,-6.308880090713501,7.217019557952881,1.5983,404.42999267578125,,,,,,,425.7,3.905504587,425.7,3.905504587,,,,,,,,,,,,,,,,,,,"David Hamilton","27531",666152
"Darell Hernaiz","ATH",110,437,400,99,72,18,2,7,49,44,28,0,76,3,3,3,10,8,3,0.2475,0.0640732,0.173913,0.368421,0.299539,0.355,0.288126,0.654539,0.1075,4.91038,0.2875,,-0.427939,43.3627,-7.75671,90.4344,-0.427939,1.3,-5.210949659347534,6.117019414901733,1.59809,750.3400268554688,,,,,,,383.6,3.487272727,383.6,3.487272727,,,,,,,,,,,,,,,,,,,"Darell Hernaiz","26224",687231
"Gage Workman","CHC",123,522,477,106,67,22,5,12,66,62,40,1,187,3,2,0,7,15,7,0.222222,0.0766283,0.358238,0.213904,0.285441,0.36478,0.284557,0.650221,0.142558,6.64765,0.335714,,-0.695319,50.2976,-10.765,83.7382,-0.695319,7,-10.84611862897873,8.917989373207092,1.59616,720.5499877929688,,,,,,,459.6,3.736585365,459.6,3.736585365,,,,,,,,,,,,,,,,,,,"Gage Workman","sa3014441",669398
"C.J. Kayfus","CLE",112,506,444,106,63,26,7,10,62,63,47,0,149,11,4,0,7,3,1,0.238739,0.0928854,0.294466,0.315436,0.324111,0.396396,0.316403,0.720507,0.157658,5.62076,0.33218,,-0.75999,61.7258,2.5349,107.599,-0.75999,4.2,3.639357805252075,-5.096002578735352,1.59163,999,,,,,,,535.8,4.783928571,535.8,4.783928571,,,,,,,,,,,,,,,,,,,"C.J. Kayfus","sa3023068",692216
"Leonardo Bernal","STL",107,432,395,90,65,16,2,7,42,41,33,0,106,2,2,0,6,3,4,0.227848,0.0763889,0.24537,0.311321,0.289352,0.331646,0.275674,0.620997,0.103797,3.35814,0.292254,,-1.80927,38.5371,-11.9974,76.6818,-1.80927,6.9,-13.855181574821472,14.836507797241211,1.58711,999,,,,,,,332.1,3.103738317,332.1,3.103738317,,,,,,,,,,,,,,,,,,,"Leonardo Bernal","sa3015773",699024
"Justin Foscue","TEX",97,427,374,85,50,22,1,12,53,55,42,0,83,9,2,0,9,4,3,0.227273,0.0983607,0.194379,0.506024,0.318501,0.387701,0.312164,0.706202,0.160428,3.64856,0.259786,,-1.21215,50.6316,0.682002,103.39,-1.21215,-0.9,0.44424307346343994,0.6689300537109375,1.58505,999,,,,,,,436.5,4.5,436.5,4.5,,,,,,,,,,,,,,,,,,,"Justin Foscue","27501",679822
"Alex Verdugo",,141,590,534,134,89,30,1,14,75,62,46,1,90,3,6,1,12,3,2,0.250936,0.0779661,0.152542,0.511111,0.310696,0.389513,0.305377,0.700209,0.138577,3.36251,0.275229,,-1.29127,66.7366,-2.28043,98.5926,-1.29127,4.4,-2.2413559556007385,-2.103527069091797,1.58253,541.9299926757812,,,,,,,587.8,4.168794326,587.8,4.168794326,,,,,,,,,,,,,,,,,,,"Alex Verdugo","17027",657077
"Will Brennan","CLE",128,466,432,120,85,25,2,8,50,50,26,2,67,5,3,0,8,9,3,0.277778,0.055794,0.143777,0.38806,0.324034,0.400463,0.314706,0.724497,0.122685,4.45035,0.311111,,-0.314755,56.2095,1.69772,106.404,-0.314755,1.8,3.1000231206417084,-3.336684465408325,1.57991,669,,,,,,,500.8,3.9125,500.8,3.9125,,,,,,,,,,,,,,,,,,,"Will Brennan","25660",686823
"Oswaldo Cabrera","NYY",113,387,352,84,55,17,1,11,48,46,28,0,85,2,2,3,5,7,2,0.238636,0.0723514,0.219638,0.329412,0.296875,0.386364,0.298675,0.683239,0.147727,4.89624,0.282946,,-0.0808687,41.6873,-3.58317,93.8787,-0.0808687,3.7,-2.791421629488468,5.121957778930664,1.57306,550.1900024414062,,,,,,,374.5,3.314159292,374.5,3.314159292,,,,,,,,,,,,,,,,,,,"Oswaldo Cabrera","21707",665828
"Ezequiel Duran","TEX",119,451,422,104,67,22,3,12,51,52,23,1,112,4,2,0,9,7,4,0.246445,0.0509978,0.248337,0.205357,0.290466,0.398104,0.297954,0.68857,0.151659,4.8388,0.306667,,-0.954021,48.3194,-4.43773,93.3947,-0.954021,2.9,-4.362590491771698,4.557113528251648,1.5728,686.5999755859375,,,,,,,437.2,3.673949579,437.2,3.673949579,,,,,,,,,,,,,,,,,,,"Ezequiel Duran","23733",677649
"Jordan Lawlar","ARI",92,402,358,81,56,16,2,7,49,43,32,0,99,8,3,1,4,14,4,0.226257,0.079602,0.246269,0.323232,0.301746,0.340782,0.286254,0.642528,0.114525,5.99464,0.290196,,0.422302,39.2841,-7.74113,80.7002,0.422302,6.2,-8.855389028787613,10.631216526031494,1.56598,380.42999267578125,,,,,,,354.6,3.854347826,354.6,3.854347826,,,,,,,,,,,,,,,,,,,"Jordan Lawlar","29976",691783
"Jorbit Vivas","NYY",118,529,464,104,74,19,3,8,63,55,45,0,86,16,4,0,10,11,3,0.224138,0.0850662,0.162571,0.523256,0.311909,0.329741,0.288812,0.641651,0.105603,5.67015,0.256684,,-0.0804962,52.784,-9.0974,86.9407,-0.0804962,3.5,-7.98509206622839,5.4437096118927,1.55878,999,,,,,,,461.3,3.909322033,461.3,3.909322033,,,,,,,,,,,,,,,,,,,"Jorbit Vivas","sa3005511",678391
"Willi Castro","MIN",147,546,487,119,79,24,4,12,76,56,39,0,128,15,4,1,7,16,6,0.244353,0.0714286,0.234432,0.304688,0.317431,0.383984,0.308983,0.701415,0.13963,6.45785,0.304843,,-0.279731,63.3445,-0.525561,101.812,-0.279731,-10.1,0.8520717322826385,-4.08148193359375,1.54625,234.25999450683594,,,,,,,560.2,3.810884353,560.2,3.810884353,,,,,,,,,,,,,,,,,,,"Willi Castro","17338",650489
"Triston Casas","BOS",107,416,357,88,50,18,1,19,51,58,55,3,111,2,2,0,8,0,0,0.246499,0.132212,0.266827,0.495495,0.348558,0.462185,0.349814,0.810743,0.215686,1.88076,0.30131,,-0.820812,61.9336,13.2707,124.062,-0.820812,-1.9,10.632284462451935,-9.542563319206238,1.54476,128.60000610351562,,,,,,,543.3,5.077570093,543.3,5.077570093,,,,,,,,,,,,,,,,,,,"Triston Casas","22514",671213
"Josh Jung","TEX",85,358,333,84,54,16,1,13,42,49,19,0,98,4,2,0,5,3,1,0.252252,0.0530726,0.273743,0.193878,0.298883,0.423423,0.312549,0.722306,0.171171,3.90396,0.316964,,-0.412723,42.5611,0.682939,103.662,-0.412723,0.6,1.0871568024158478,1.9154027700424194,1.54263,210.16000366210938,,,,,,,383.6,4.512941176,383.6,4.512941176,,,,,,,,,,,,,,,,,,,"Josh Jung","26299",673962
"Vinny Capra","MIL",104,425,381,94,66,20,2,6,47,43,37,1,96,5,2,0,7,6,2,0.246719,0.0870588,0.225882,0.385417,0.32,0.356955,0.299927,0.676955,0.110236,4.55538,0.313167,,-0.454502,46.2087,-3.50693,91.1658,-0.454502,1,-4.94421660900116,5.684744358062744,1.53816,999,,,,,,,403,3.875,403,3.875,,,,,,,,,,,,,,,,,,,"Vinny Capra","25040",681962
"César Prieto","STL",123,525,496,128,93,25,2,8,55,59,18,0,70,6,2,3,17,4,5,0.258065,0.0342857,0.133333,0.257143,0.291188,0.364919,0.28671,0.656107,0.106855,3.46066,0.285714,,-2.14845,51.4965,-9.91702,84.1097,-2.14845,7.6,-12.124385118484497,9.529012203216553,1.53756,999,,,,,,,445.5,3.621951219,445.5,3.621951219,,,,,,,,,,,,,,,,,,,"Cesar Prieto","sa3018100",693409
"Jorge Polanco","SEA",112,465,412,94,61,16,0,17,52,55,47,2,124,3,3,0,7,4,2,0.228155,0.101075,0.266667,0.379032,0.309677,0.390777,0.306415,0.700454,0.162621,2.74896,0.281022,,-0.870287,52.9862,-1.40858,105.709,-0.870287,-4.5,2.167225480079651,-2.7914462089538574,1.53644,417.3999938964844,,,,,,,472.6,4.219642857,472.6,4.219642857,,,,,,,,,,,,,,,,,,,"Jorge Polanco","13152",593871
"Cam Devanney","KCR",123,476,428,98,59,26,2,11,48,54,35,0,126,8,3,2,11,4,3,0.228972,0.0735294,0.264706,0.277778,0.297468,0.376168,0.295872,0.673637,0.147196,3.78625,0.295918,,-1.22005,50.2002,-5.48135,87.4442,-1.22005,1.8,-8.05847954750061,7.046913385391235,1.53431,999,,,,,,,439.2,3.570731707,439.2,3.570731707,,,,,,,,,,,,,,,,,,,"Cam Devanney","sa1170010",687478
"Buddy Kennedy","PHI",118,488,426,103,70,20,3,10,58,57,50,1,104,7,5,0,11,4,2,0.241784,0.102459,0.213115,0.480769,0.327869,0.373239,0.309822,0.701108,0.131455,4.2752,0.293375,,-1.00446,56.945,-0.140287,97.6084,-1.00446,-0.8,-2.400088310241699,0.9930629134178162,1.53304,999,,,,,,,492.9,4.177118644,492.9,4.177118644,,,,,,,,,,,,,,,,,,,"Buddy Kennedy","22505",671083
"Mickey Gasper","MIN",96,360,309,79,53,18,1,7,45,44,40,0,59,9,2,0,8,3,1,0.255663,0.111111,0.163889,0.677966,0.355556,0.38835,0.331375,0.743905,0.132686,3.91304,0.293878,,-0.610034,48.2535,6.14139,117.562,-0.610034,2.8,6.6241254806518555,-3.8137567043304443,1.52966,999,,,,,,,407,4.239583333,407,4.239583333,,,,,,,,,,,,,,,,,,,"Mickey Gasper","24759",681508
"Blake Perkins","MIL",112,404,355,80,55,16,2,7,48,40,42,1,105,2,4,1,4,16,4,0.225352,0.10396,0.259901,0.4,0.307692,0.340845,0.288028,0.648537,0.115493,6.12077,0.295547,,0.806517,40.0563,-7.20287,83.1567,0.806517,7.2,-7.330576539039612,8.684420704841614,1.52928,649.5,,,,,,,367.8,3.283928571,367.8,3.283928571,,,,,,,,,,,,,,,,,,,"Blake Perkins","19921",663368
"Brett Harris","ATH",108,449,395,87,63,14,1,9,51,49,41,0,93,9,2,2,12,5,3,0.220253,0.091314,0.207127,0.44086,0.306488,0.329114,0.286091,0.635602,0.108861,3.80779,0.264407,,-1.10686,43.818,-8.70513,89.0029,-1.10686,4.9,-6.756631255149841,6.54976499080658,1.52446,999,,,,,,,374.2,3.464814814,374.2,3.464814814,,,,,,,,,,,,,,,,,,,"Brett Harris","29788",695391
"Jeferson Quero","MIL",95,400,364,83,58,13,0,12,42,46,30,0,90,3,3,0,11,3,0,0.228022,0.075,0.225,0.333333,0.29,0.362637,0.287192,0.652637,0.134615,3.15172,0.267925,,-0.11821,39.3907,-7.40051,82.5944,-0.11821,2.3,-8.443688981235027,9.648618459701538,1.50014,745.0499877929688,,,,,,,356,3.747368421,356,3.747368421,,,,,,,,,,,,,,,,,,,"Jeferson Quero","sa3015407",691620
"Zach DeLoach","CHW",119,518,465,111,76,23,2,10,67,54,46,0,150,5,2,0,5,9,2,0.23871,0.0888031,0.289575,0.306667,0.312741,0.36129,0.298917,0.674032,0.122581,5.27103,0.32899,,-0.0123504,55.8994,-4.69521,93.544,-0.0123504,6.8,-3.8388243839144707,1.0901236534118652,1.4995,999,,,,,,,493.2,4.144537815,493.2,4.144537815,,,,,,,,,,,,,,,,,,,"Zach DeLoach","27471",676113
"Livan Soto","BAL",115,477,424,102,79,16,2,5,47,44,43,1,106,4,4,2,8,4,3,0.240566,0.0901468,0.222222,0.40566,0.313684,0.323113,0.284765,0.636797,0.0825472,3.64627,0.305994,,-1.40157,46.0415,-9.75708,86.7242,-1.40157,2,-8.647361040115356,7.257936477661133,1.49873,999,,,,,,,392.2,3.410434782,392.2,3.410434782,,,,,,,,,,,,,,,,,,,"Livan Soto","22471",670869
"Henry Davis","PIT",99,409,356,83,51,18,1,13,48,53,37,2,109,13,2,1,10,6,3,0.233146,0.0904645,0.266504,0.33945,0.32598,0.398876,0.318385,0.724857,0.16573,4.23239,0.29661,,-0.796369,50.5452,2.70121,101.375,-0.796369,-6.5,-0.12409859895706177,1.0139622688293457,1.49856,509.1400146484375,,,,,,,441.9,4.463636363,441.9,4.463636363,,,,,,,,,,,,,,,,,,,"Henry Davis","29617",680779
"Justin Crawford","PHI",110,496,463,125,93,22,4,6,71,51,23,0,107,3,2,5,8,24,7,0.269978,0.046371,0.215726,0.214953,0.307536,0.37365,0.297892,0.681186,0.103672,7.18131,0.338068,,1.02576,53.1159,-4.90527,89.5785,1.02576,1.3,-5.155436396598816,3.1224573850631714,1.49591,999,,,,,,,484,4.4,484,4.4,,,,,,,,,,,,,,,,,,,"Justin Crawford","sa3020240",702222
"Andrew Benintendi","CHW",131,534,479,126,85,25,2,14,63,60,49,2,89,2,4,0,10,7,2,0.263048,0.0917603,0.166667,0.550562,0.331461,0.411273,0.323328,0.742734,0.148225,4.1274,0.294737,,-0.467597,68.1176,5.65133,110.715,-0.467597,-3.6,6.0793066918849945,-9.48624324798584,1.4866,401.7200012207031,,,,,,,602.8,4.601526717,602.8,4.601526717,,,,,,,,,,,,,,,,,,,"Andrew Benintendi","17901",643217
"Ronny Mauricio","NYM",134,585,552,129,85,23,3,18,64,73,27,1,143,4,2,0,11,15,7,0.233696,0.0461538,0.244444,0.188811,0.273504,0.384058,0.284689,0.657562,0.150362,5.15048,0.282443,,-0.742673,56.4305,-12.0017,84.7956,-0.742673,4.1,-11.378843784332275,6.2494707107543945,1.48221,594,,,,,,,525.3,3.920149253,525.3,3.920149253,,,,,,,,,,,,,,,,,,,"Ronny Mauricio","23698",677595
"Bryce Johnson","PIT",108,379,331,83,61,15,3,4,49,36,35,0,91,7,2,4,4,16,3,0.250755,0.0923483,0.240106,0.384615,0.333333,0.350453,0.305947,0.683787,0.0996979,6.75114,0.331933,,1.17206,43.0437,-1.29095,93.0031,1.17206,2.3,-1.9990037679672241,3.6925631761550903,1.47838,999,,,,,,,380,3.518518518,380,3.518518518,,,,,,,,,,,,,,,,,,,"Bryce Johnson","20002",669369
"Ricardo Olivar","MIN",100,431,384,92,59,21,3,9,53,50,40,1,113,6,1,0,7,4,1,0.239583,0.0928074,0.262181,0.353982,0.320186,0.380208,0.308786,0.700394,0.140625,4.9822,0.315589,,-0.425818,49.9341,-0.483409,101.673,-0.425818,-8.4,0.3990575671195984,-0.48186302185058594,1.4753,999,,,,,,,436.6,4.366,436.6,4.366,,,,,,,,,,,,,,,,,,,"Ricardo Olivar","sa3015234",691627
"Drew Millas","WSN",85,335,304,74,53,13,2,6,33,35,27,1,63,2,2,0,7,8,1,0.243421,0.080597,0.18806,0.428571,0.307463,0.358553,0.293035,0.666015,0.115132,5.34679,0.28692,,0.555707,34.5652,-4.62249,87.2631,0.555707,1.5,-4.546652376651764,7.654468059539795,1.47312,999,,,,,,,315.3,3.709411764,315.3,3.709411764,,,,,,,,,,,,,,,,,,,"Drew Millas","25643",686452
"Angel Martínez","CLE",117,499,446,105,70,23,3,9,53,53,38,0,102,6,4,5,10,6,4,0.235426,0.0761523,0.204409,0.372549,0.301619,0.360987,0.292098,0.662606,0.125561,4.4486,0.283186,,-1.31976,51.1102,-7.26186,90.5016,-1.31976,2.5,-6.742968559265137,4.333480358123779,1.46912,744.3400268554688,,,,,,,442.6,3.782905982,442.6,3.782905982,,,,,,,,,,,,,,,,,,,"Angel Martinez","26540",682657
"Josh Rojas","CHW",124,448,397,94,64,20,1,9,54,39,44,1,97,2,3,2,6,11,3,0.236776,0.0982143,0.216518,0.453608,0.313901,0.360202,0.29804,0.674103,0.123426,4.78423,0.289116,,0.124707,48.0291,-4.37705,92.9269,0.124707,1.1,-3.5010034814476967,2.746090531349182,1.46442,552.6599731445312,,,,,,,428.2,3.453225806,428.2,3.453225806,,,,,,,,,,,,,,,,,,,"Josh Rojas","19734",668942
"Tyler Freeman","CLE",112,407,356,88,65,16,1,6,52,44,28,1,55,18,3,2,12,11,4,0.247191,0.0687961,0.135135,0.509091,0.330864,0.348315,0.304059,0.679179,0.101124,5.22324,0.275168,,-0.288192,45.6053,-2.00475,98.9154,-0.288192,-0.1,-0.7932803332805634,1.395443819463253,1.46342,706.530029296875,,,,,,,393,3.508928571,393,3.508928571,,,,,,,,,,,,,,,,,,,"Tyler Freeman","22532",671289
"Johan Rojas","PHI",130,482,445,108,79,18,5,6,61,47,21,0,97,6,1,9,7,29,5,0.242697,0.0435685,0.201245,0.216495,0.285412,0.346067,0.277538,0.63148,0.103371,7.96577,0.297376,,2.93837,43.7204,-12.663,75.8789,2.93837,7.3,-10.964556217193604,9.071017265319824,1.46216,585.97998046875,,,,,,,419,3.223076923,419,3.223076923,,,,,,,,,,,,,,,,,,,"Johan Rojas","24336",679032
"Luke Adams","MIL",106,439,348,61,37,12,1,11,45,63,54,1,128,34,3,0,10,14,7,0.175287,0.123007,0.291572,0.421875,0.339408,0.310345,0.303248,0.649753,0.135057,4.98385,0.235849,,-1.01371,48.9045,-2.44888,93.4013,-1.01371,2.4,-4.47774600982666,4.01302182674408,1.46184,999,,,,,,,408.5,3.853773584,408.5,3.853773584,,,,,,,,,,,,,,,,,,,"Luke Adams","sa3020135",702726
"Max Kepler","PHI",112,439,395,93,56,19,2,16,55,55,36,0,89,5,3,0,4,3,0,0.235443,0.0820046,0.202733,0.404494,0.305239,0.41519,0.313425,0.720429,0.179747,4.37524,0.262799,,-0.165565,52.5002,1.14687,100.033,-0.165565,4.5,-0.14798877574503422,-0.3390650749206543,1.45953,357.6400146484375,,,,,,,471.4,4.208928571,471.4,4.208928571,,,,,,,,,,,,,,,,,,,"Max Kepler","12144",596146
"Yasmani Grandal",,88,320,277,64,45,10,0,9,29,30,38,0,67,2,2,1,9,1,0,0.231047,0.11875,0.209375,0.567164,0.326019,0.364621,0.308136,0.69064,0.133574,1.85758,0.270936,,-0.470856,36.9067,-0.526272,94.4763,-0.470856,0.1,-2.58456152677536,5.978894807398319,1.45112,741.3800048828125,,,,,,,316.9,3.601136363,316.9,3.601136363,,,,,,,,,,,,,,,,,,,"Yasmani Grandal","11368",518735
"Diego A. Castillo",,119,481,426,103,71,24,1,7,56,49,49,0,87,3,3,0,14,7,4,0.241784,0.101871,0.180873,0.563218,0.322245,0.352113,0.300568,0.674358,0.110329,3.89921,0.286567,,-1.19079,52.5457,-3.7207,95.8925,-1.19079,-0.3,-3.451436758041382,1.4673426747322083,1.45108,999,,,,,,,450,3.781512605,450,3.781512605,,,,,,,,,,,,,,,,,,,"Diego A. Castillo","19906",660636
"John Rave","KCR",123,531,471,112,72,24,4,12,65,57,49,1,138,2,3,6,4,10,4,0.237792,0.0922787,0.259887,0.355072,0.310476,0.382166,0.303556,0.692642,0.144374,5.44618,0.308642,,-0.582901,59.2849,-2.83044,92.8497,-0.582901,7.1,-4.92723286151886,1.2468252182006836,1.44803,999,,,,,,,522.2,4.245528455,522.2,4.245528455,,,,,,,,,,,,,,,,,,,"John Rave","sa918890",670231
"Tyler Gentry","KCR",119,500,442,105,68,24,2,11,55,58,47,0,147,7,3,1,9,7,2,0.237557,0.094,0.294,0.319728,0.318637,0.375566,0.307052,0.694203,0.138009,4.52671,0.327526,,-0.372888,57.2307,-1.25833,95.3088,-0.372888,5.9,-3.056730031967163,0.3885364532470703,1.44584,999,,,,,,,500.1,4.202521008,500.1,4.202521008,,,,,,,,,,,,,,,,,,,"Tyler Gentry","27784",694355
"Nick Dunn","SEA",107,428,388,96,73,16,2,5,42,39,33,0,56,4,3,0,12,1,2,0.247423,0.0771028,0.130841,0.589286,0.310748,0.337629,0.288519,0.648377,0.0902062,2.84075,0.275758,,-1.47818,42.605,-7.46159,93.12,-1.47818,3,-4.84745192527771,4.572604298591614,1.44514,999,,,,,,,361.7,3.380373831,361.7,3.380373831,,,,,,,,,,,,,,,,,,,"Nick Dunn","sa915613",680709
"Kevin McGonigle","DET",72,320,285,69,50,12,3,4,40,29,28,0,35,1,4,2,7,10,2,0.242105,0.0875,0.109375,0.8,0.308176,0.347368,0.289695,0.655545,0.105263,6.38163,0.26,,0.566486,32.1571,-5.27586,88.7586,0.566486,3.3,-3.549521505832672,6.82733678817749,1.44023,999,,,,,,,291.3,4.045833333,291.3,4.045833333,,,,,,,,,,,,,,,,,,,"Kevin McGonigle","sa3022895",805808
"Eli White","ATL",96,334,299,70,50,10,2,8,47,37,29,0,98,5,1,0,3,15,3,0.234114,0.0868263,0.293413,0.295918,0.311377,0.361204,0.29878,0.672581,0.12709,6.81485,0.319588,,1.12202,36.0063,-3.06439,89.5729,1.12202,4.6,-3.0425472259521484,5.827219128608704,1.4363,999,,,,,,,330.7,3.444791666,330.7,3.444791666,,,,,,,,,,,,,,,,,,,"Eli White","19346",642201
"Matt Vierling","DET",137,543,492,125,85,23,5,12,67,51,43,1,116,4,3,1,8,6,3,0.254065,0.0791897,0.213628,0.37069,0.317343,0.394309,0.310844,0.711652,0.140244,5.11708,0.307902,,-1.04893,63.8099,0.290768,103.636,-1.04893,-7.4,1.2099645137786865,-5.404850125312805,1.43621,370.2799987792969,,,,,,,560,4.08759124,560,4.08759124,,,,,,,,,,,,,,,,,,,"Matt Vierling","21558",663837
"RJ Schreck","TOR",118,507,438,97,60,23,2,12,53,60,56,1,106,11,2,0,8,7,2,0.221461,0.110454,0.209073,0.528302,0.323471,0.365297,0.307024,0.688768,0.143836,4.38362,0.263975,,-0.404458,58.0206,-1.28729,101.106,-0.404458,2.3,0.23710843920707703,-3.2886245250701904,1.43035,999,,,,,,,504.8,4.277966101,504.8,4.277966101,,,,,,,,,,,,,,,,,,,"RJ Schreck","sa3022602",702302
"Jonny DeLuca","TBR",107,412,374,86,53,18,3,12,46,48,30,1,83,6,1,1,5,13,3,0.229947,0.0728155,0.201456,0.361446,0.296837,0.390374,0.299955,0.687211,0.160428,6.10536,0.264286,,0.690448,44.8048,-3.3902,98.8356,0.690448,4.5,0.14151281118392944,-0.04144620895385742,1.42878,348.1700134277344,,,,,,,414,3.869158878,414,3.869158878,,,,,,,,,,,,,,,,,,,"Jonny DeLuca","26365",676356
"Owen Caissie","CHC",130,567,504,122,81,25,2,14,57,66,54,2,188,5,3,1,5,7,4,0.242063,0.0952381,0.33157,0.287234,0.319788,0.382937,0.30867,0.702725,0.140873,3.84507,0.354098,,-1.30918,65.6379,-0.68869,99.9682,-1.30918,2.5,-1.3307741452008486,-3.75,1.42532,728.9099731445312,,,,,,,573.8,4.413846153,573.8,4.413846153,,,,,,,,,,,,,,,,,,,"Owen Caissie","sa3014465",683357
"Tre' Morgan","TBR",105,460,417,113,83,21,1,8,61,55,35,0,62,6,2,0,3,10,5,0.270983,0.076087,0.134783,0.564516,0.334783,0.383693,0.317289,0.718476,0.11271,4.53406,0.30086,,-1.00369,56.4422,2.63231,111.028,-1.00369,2.1,4.80090594291687,-6.350911617279053,1.42361,999,,,,,,,485.6,4.624761904,485.6,4.624761904,,,,,,,,,,,,,,,,,,,"Tre' Morgan","sa3022919",691003
"Bob Seymour","TBR",111,466,426,105,66,20,1,18,58,65,33,1,154,4,3,0,8,3,0,0.246479,0.0708155,0.330472,0.214286,0.304721,0.424883,0.315479,0.729604,0.178404,3.98887,0.338521,,-0.205027,56.4996,1.98779,109.755,-0.205027,1.8,4.996425658464432,-6.7611401081085205,1.4221,999,,,,,,,511.6,4.609009009,511.6,4.609009009,,,,,,,,,,,,,,,,,,,"Bob Seymour","sa3017852",676044
"Riley Unroe","DET",95,352,309,68,47,13,2,6,42,33,34,0,94,2,1,6,2,11,4,0.220065,0.0965909,0.267045,0.361702,0.300578,0.333333,0.283516,0.633911,0.113269,5.8448,0.295238,,-0.0750967,33.6223,-7.55395,89.601,-0.0750967,5,-4.263404421508312,6.293356895446777,1.42152,999,,,,,,,295,3.105263157,295,3.105263157,,,,,,,,,,,,,,,,,,,"Riley Unroe","sa737614",624523
"Luisangel Acuña","NYM",136,593,553,135,102,21,4,8,79,55,34,0,125,2,2,2,11,29,11,0.244123,0.0573356,0.210793,0.272,0.28934,0.339964,0.277335,0.629304,0.0958409,6.72454,0.300948,,0.255775,53.6923,-15.6757,79.8459,0.255775,1.5,-14.035750538110733,8.036596298217773,1.4199,410.0899963378906,,,,,,,494.2,3.633823529,494.2,3.633823529,,,,,,,,,,,,,,,,,,,"Luisangel Acuna","26548",682668
"Scott Kingery","LAA",113,441,403,89,59,13,4,13,50,45,29,0,150,1,2,6,3,14,1,0.220844,0.0657596,0.340136,0.193333,0.273563,0.369727,0.280548,0.64329,0.148883,7.07398,0.31405,,1.69257,41.0699,-10.5174,79.3618,1.69257,2.9,-8.721406698226929,7.761111259460449,1.41911,718.7100219726562,,,,,,,391.9,3.468141592,391.9,3.468141592,,,,,,,,,,,,,,,,,,,"Scott Kingery","17975",664068
"Derek Hill","MIA",98,372,343,89,61,14,4,10,49,46,21,0,103,3,2,3,5,10,3,0.259475,0.0564516,0.276882,0.203883,0.306233,0.411079,0.311205,0.717312,0.151604,6.65436,0.340517,,0.114125,43.823,0.307191,96.5069,0.114125,1.4,-1.4397574588656425,2.7668429613113403,1.41646,582.030029296875,,,,,,,395.4,4.034693877,395.4,4.034693877,,,,,,,,,,,,,,,,,,,"Derek Hill","16947",656537
"Emmanuel Rivera","BAL",117,370,332,81,55,15,2,9,43,42,29,0,80,4,4,1,10,2,0,0.243976,0.0783784,0.216216,0.3625,0.308943,0.38253,0.302988,0.691473,0.138554,4.32754,0.291498,,-0.294533,41.1405,-2.14142,99.5431,-0.294533,0.5,-0.4879860430955887,1.8594944477081299,1.41549,999,,,,,,,363.9,3.11025641,363.9,3.11025641,,,,,,,,,,,,,,,,,,,"Emmanuel Rivera","19890",656896
"Christian Koss","SFG",99,393,361,88,60,18,3,7,46,42,19,0,91,6,3,4,7,8,2,0.243767,0.0483461,0.231552,0.208791,0.290488,0.368421,0.287955,0.658909,0.124654,5.99934,0.304511,,0.119131,38.9425,-7.02984,85.4467,0.119131,3,-6.720220826566219,7.332010746002197,1.41481,999,,,,,,,351.5,3.55050505,351.5,3.55050505,,,,,,,,,,,,,,,,,,,"Christian Koss","sa3011227",683766
"Carson Kelly","CHC",91,311,276,62,43,11,0,8,33,34,28,0,61,4,3,0,7,1,0,0.224638,0.0900322,0.196141,0.459016,0.302251,0.351449,0.290308,0.6537,0.126812,2.46451,0.257143,,-0.391932,31.4062,-4.97396,87.6093,-0.391932,2.6,-4.999986797571182,8.31355094909668,1.41182,522.239990234375,,,,,,,276.2,3.035164835,276.2,3.035164835,,,,,,,,,,,,,,,,,,,"Carson Kelly","13620",608348
"Mason McCoy","SDP",116,463,419,87,57,20,3,7,47,43,34,0,148,2,3,5,9,14,4,0.207637,0.0734341,0.319654,0.22973,0.268559,0.319809,0.260555,0.588368,0.112172,6.14224,0.299625,,0.445979,35.6685,-18.4924,68.7149,0.445979,10,-16.875317573547363,15.103615283966064,1.4094,999,,,,,,,332.5,2.86637931,332.5,2.86637931,,,,,,,,,,,,,,,,,,,"Mason McCoy","22232",669200
"Spencer Jones","NYY",119,533,490,110,64,26,5,15,63,65,38,1,213,3,2,0,5,16,7,0.22449,0.0712946,0.399625,0.178404,0.283302,0.389796,0.2921,0.673098,0.165306,6.77062,0.359848,,-0.455857,54.5936,-7.75574,89.2535,-0.455857,0.9,-7.009770333766937,2.8584067821502686,1.40628,999,,,,,,,504.7,4.24117647,504.7,4.24117647,,,,,,,,,,,,,,,,,,,"Spencer Jones","sa3019969",682987
"Brooks Lee","MIN",100,428,395,97,64,23,1,9,44,50,29,2,72,1,3,0,13,4,1,0.24557,0.067757,0.168224,0.402778,0.296729,0.377215,0.292594,0.673944,0.131646,3.64481,0.277603,,-0.331109,44.0088,-6.05784,90.2829,-0.331109,-0.3,-5.089771002531052,4.417813003063202,1.40413,403.1000061035156,,,,,,,400,4,400,4,,,,,,,,,,,,,,,,,,,"Brooks Lee","31595",686797
"Braxton Fulford","COL",92,375,331,76,49,17,2,8,45,45,28,0,101,12,3,1,7,5,2,0.229607,0.0746667,0.269333,0.277228,0.31016,0.365559,0.299583,0.675719,0.135952,5.13266,0.302222,,-0.512438,40.6687,-3.1981,78.2015,-0.512438,4.5,-10.28750193119049,11.38932991027832,1.40351,999,,,,,,,354.4,3.852173913,354.4,3.852173913,,,,,,,,,,,,,,,,,,,"Braxton Fulford","sa3017164",690924
"Travis Bazzana","CLE",113,509,452,95,63,21,0,11,65,57,48,0,160,9,0,0,0,9,2,0.210177,0.0943026,0.314342,0.3,0.298625,0.329646,0.282901,0.628271,0.119469,4.46405,0.298932,,0.0428965,48.3669,-11.1749,84.0327,0.0428965,4,-9.2565066665411,5.87022340297699,1.40267,999,,,,,,,426.8,3.77699115,426.8,3.77699115,,,,,,,,,,,,,,,,,,,"Travis Bazzana","sa3025129",683953
"Jared Serna","MIA",127,568,520,121,79,28,1,13,67,61,36,0,114,9,3,0,16,9,7,0.232692,0.0633803,0.200704,0.315789,0.292254,0.365385,0.289269,0.657638,0.132692,4.16728,0.272727,,-2.01371,56.8844,-9.55915,81.7426,-2.01371,2.8,-14.414493560791016,9.061022996902466,1.4006,999,,,,,,,499.2,3.930708661,499.2,3.930708661,,,,,,,,,,,,,,,,,,,"Jared Serna","sa3015579",691858
"Dru Baker","TBR",108,460,424,111,90,14,3,4,52,44,27,0,114,6,1,2,7,23,6,0.261792,0.0586957,0.247826,0.236842,0.31441,0.337264,0.289983,0.651675,0.0754717,6.32276,0.348534,,1.19919,46.3325,-7.47743,91.8206,1.19919,6.4,-3.105944871902466,1.329453468322754,1.40022,999,,,,,,,418.8,3.877777777,418.8,3.877777777,,,,,,,,,,,,,,,,,,,"Dru Baker","sa3017331",681333
"Trevor Story","BOS",77,318,286,65,38,17,1,9,37,38,26,2,92,4,2,0,6,12,3,0.227273,0.081761,0.289308,0.282609,0.298742,0.388112,0.298376,0.686854,0.160839,5.6199,0.299465,,0.664081,34.1782,-3.02087,87.8791,0.664081,3.1,-3.7462188601493835,6.60529088973999,1.39009,258.8800048828125,,,,,,,322,4.181818181,322,4.181818181,,,,,,,,,,,,,,,,,,,"Trevor Story","12564",596115
"J.C. Escarra","NYY",114,449,400,90,55,24,3,8,56,51,38,0,79,8,3,0,11,2,1,0.225,0.0846325,0.175947,0.481013,0.302895,0.36,0.293354,0.662895,0.135,4.34282,0.259494,,-0.802141,46.4428,-6.0803,90.1355,-0.802141,-3.9,-5.870023608207703,4.3488240242004395,1.38872,999,,,,,,,404.9,3.551754385,404.9,3.551754385,,,,,,,,,,,,,,,,,,,"J.C. Escarra","sa738605",641555
"Thairo Estrada","COL",119,477,443,117,80,21,2,14,62,61,22,0,91,9,2,1,9,8,4,0.264108,0.0461216,0.190776,0.241758,0.310924,0.41535,0.31596,0.726274,0.151242,4.95615,0.302941,,-0.896084,58.0181,2.21961,89.2246,-0.896084,2.8,-7.042376220226288,4.552645444869995,1.38339,298.7799987792969,,,,,,,513.1,4.311764705,513.1,4.311764705,,,,,,,,,,,,,,,,,,,"Thairo Estrada","16426",642731
"Dylan Carlson","BAL",114,396,347,83,56,17,2,8,43,43,37,0,90,8,4,0,4,3,1,0.239193,0.0934343,0.227273,0.411111,0.323232,0.368876,0.306913,0.692108,0.129683,4.20744,0.296443,,-0.602141,45.2823,-1.04104,102.304,-0.602141,4.1,0.4416646361351013,-0.2650794982910156,1.38159,741.9099731445312,,,,,,,391.6,3.435087719,391.6,3.435087719,,,,,,,,,,,,,,,,,,,"Dylan Carlson","20126",666185
"Creed Willems","BAL",105,426,388,80,49,16,1,14,36,52,27,1,109,6,4,1,7,1,1,0.206186,0.0633803,0.255869,0.247706,0.265882,0.360825,0.273108,0.626707,0.154639,2.17819,0.245353,,-0.844293,37.1222,-12.7104,78.525,-0.844293,2.6,-11.311924934387207,10.426278591156006,1.37517,999,,,,,,,341.8,3.255238095,341.8,3.255238095,,,,,,,,,,,,,,,,,,,"Creed Willems","sa3017562",695735
"Javier Sanoja","MIA",142,602,557,149,110,28,6,5,55,57,36,0,46,2,4,3,15,13,9,0.267504,0.0598007,0.076412,0.782609,0.312187,0.366248,0.297411,0.678435,0.0987433,4.7556,0.282353,,-2.21314,64.2344,-6.18639,87.2226,-2.21314,-2.1,-11.411267757415771,4.535802364349365,1.36035,748.239990234375,,,,,,,553.3,3.896478873,553.3,3.896478873,,,,,,,,,,,,,,,,,,,"Javier Sanoja","28253",691594
"Edmundo Sosa","PHI",102,292,266,66,43,12,4,7,38,32,12,0,69,11,2,1,8,6,2,0.24812,0.0410959,0.236301,0.173913,0.305842,0.402256,0.308816,0.708098,0.154135,6.98598,0.307292,,-0.130913,33.8373,-0.320305,96.9315,-0.130913,1.4,-1.2023654133081436,4.61869490146637,1.35709,523.469970703125,,,,,,,301.8,2.958823529,301.8,2.958823529,,,,,,,,,,,,,,,,,,,"Edmundo Sosa","17022",624641
"Brooks Baldwin","CHW",108,455,419,104,74,19,1,10,48,48,30,0,102,2,1,3,5,11,3,0.24821,0.0659341,0.224176,0.294118,0.300885,0.369928,0.29487,0.670813,0.121718,4.53831,0.305195,,0.148384,47.6188,-5.60623,90.6973,0.148384,-2.4,-4.694761335849762,2.615431785583496,1.35173,705.8099975585938,,,,,,,426.7,3.950925925,426.7,3.950925925,,,,,,,,,,,,,,,,,,,"Brooks Baldwin","31394",681460
"Victor Caratini","HOU",88,284,252,59,44,8,0,7,26,32,24,2,58,5,3,0,9,0,1,0.234127,0.084507,0.204225,0.413793,0.309859,0.349206,0.290567,0.659065,0.115079,1.3706,0.273684,,-0.965368,28.7389,-4.48288,89.7268,-0.965368,2.7,-4.303714394569397,7.9175193309783936,1.35099,557.6400146484375,,,,,,,251.6,2.859090909,251.6,2.859090909,,,,,,,,,,,,,,,,,,,"Victor Caratini","14968",605170
"Wyatt Young","NYM",123,494,439,102,81,15,2,4,52,42,45,0,118,5,2,3,7,9,4,0.232346,0.0910931,0.238866,0.381356,0.309572,0.302961,0.277445,0.612534,0.070615,4.67657,0.30721,,-0.853933,44.772,-13.0152,79.9195,-0.853933,3.9,-12.716044008731842,9.34532642364502,1.35087,999,,,,,,,380.6,3.094308943,380.6,3.094308943,,,,,,,,,,,,,,,,,,,"Wyatt Young","sa3017081",696281
"Jurickson Profar","ATL",148,595,511,131,89,28,1,13,73,65,67,2,95,10,4,3,12,7,2,0.25636,0.112605,0.159664,0.705263,0.351351,0.391389,0.32852,0.742741,0.135029,3.88845,0.289926,,-0.70437,78.3855,8.78351,109.59,-0.70437,-6.3,6.1192373633384705,-12.858642101287842,1.35032,187.41000366210938,,,,,,,670.4,4.529729729,670.4,4.529729729,,,,,,,,,,,,,,,,,,,"Jurickson Profar","10815",595777
"Keibert Ruiz","WSN",123,487,455,112,74,23,0,15,47,57,24,0,53,5,3,0,12,3,1,0.246154,0.0492813,0.10883,0.45283,0.289528,0.395604,0.297707,0.685132,0.149451,2.55628,0.248718,,-0.617926,52.0795,-4.88879,90.4073,-0.617926,-5.9,-6.204320192337036,3.046943187713623,1.34883,212.47000122070312,,,,,,,469.8,3.819512195,469.8,3.819512195,,,,,,,,,,,,,,,,,,,"Keibert Ruiz","19610",660688
"Danny Mendick","CHW",103,361,332,77,54,15,0,8,41,37,24,0,82,4,0,1,7,8,3,0.231928,0.066482,0.227147,0.292683,0.291667,0.349398,0.284016,0.641064,0.11747,4.15679,0.285124,,-0.262198,34.6274,-7.60171,83.0623,-0.262198,6.9,-7.258475661277771,8.226425766944885,1.34282,999,,,,,,,308.7,2.997087378,308.7,2.997087378,,,,,,,,,,,,,,,,,,,"Danny Mendick","18889",664901
"Max Acosta","MIA",111,467,433,110,79,22,2,7,54,45,25,0,85,4,4,1,12,15,7,0.254042,0.0535332,0.182013,0.294118,0.298283,0.362587,0.289462,0.66087,0.108545,5.47029,0.298551,,-0.687426,46.8417,-7.78708,81.872,-0.687426,3.1,-10.81085193157196,8.24770736694336,1.34141,999,,,,,,,419.9,3.782882882,419.9,3.782882882,,,,,,,,,,,,,,,,,,,"Max Acosta","sa3014711",691185
"Kenny Piper","TBR",85,343,305,57,34,12,1,10,39,41,26,0,108,9,3,0,5,3,0,0.186885,0.0758018,0.314869,0.240741,0.268222,0.331148,0.266812,0.599369,0.144262,4.77353,0.247368,,0.0554229,28.1514,-11.9721,75.5221,0.0554229,4.8,-9.551252283155918,11.1014404296875,1.34099,999,,,,,,,259.4,3.051764705,259.4,3.051764705,,,,,,,,,,,,,,,,,,,"Kenny Piper","sa3017664",700652
"Mark Payton",,106,436,392,99,67,21,3,8,50,46,35,1,82,2,4,3,6,4,4,0.252551,0.0802752,0.188073,0.426829,0.314088,0.382653,0.304295,0.696741,0.130102,4.06972,0.297386,,-1.63295,48.9376,-2.06484,97.3267,-1.63295,6.2,-2.9665653705596924,1.3940033912658691,1.33866,999,,,,,,,423,3.990566037,423,3.990566037,,,,,,,,,,,,,,,,,,,"Mark Payton","16042",592622
"Ji Hwan Bae","PIT",110,435,390,102,74,18,4,6,64,44,38,1,99,2,3,2,4,19,6,0.261538,0.0873563,0.227586,0.383838,0.327945,0.374359,0.308848,0.702304,0.112821,7.03793,0.333333,,0.478118,50.4193,-0.466178,94.9554,0.478118,-1,-2.145978033542633,0.5983245372772217,1.33624,742.780029296875,,,,,,,451.9,4.108181818,451.9,4.108181818,,,,,,,,,,,,,,,,,,,"Ji Hwan Bae","23818",678225
"Richie Palacios","TBR",108,414,357,85,59,18,2,6,53,42,47,1,74,6,3,1,6,14,2,0.238095,0.113527,0.178744,0.635135,0.33414,0.35014,0.306067,0.684281,0.112045,5.95132,0.282143,,1.11393,47.0587,-1.37018,103.135,1.11393,-5,2.598806381225586,-3.478835940361023,1.33444,494.5899963378906,,,,,,,419,3.879629629,419,3.879629629,,,,,,,,,,,,,,,,,,,"Richie Palacios","24589",680700
"Jacob Young","WSN",138,548,492,121,95,20,3,3,72,45,34,0,100,11,2,9,8,30,7,0.245935,0.0620438,0.182482,0.34,0.307978,0.317073,0.280376,0.625051,0.0711382,6.89735,0.30179,,2.06002,50.9589,-13.1451,78.7425,2.06002,4.5,-11.870099544525146,6.513521432876587,1.33149,298.2900085449219,,,,,,,461.3,3.342753623,461.3,3.342753623,,,,,,,,,,,,,,,,,,,"Jacob Young","29931",696285
"Max Clark","DET",112,516,468,105,72,19,6,8,64,48,40,1,118,3,3,2,2,15,3,0.224359,0.0775194,0.228682,0.338983,0.287938,0.34188,0.27737,0.629818,0.117521,7.02095,0.281159,,0.885245,46.7347,-13.626,80.089,0.885245,4.6,-10.87047928571701,6.4959434270858765,1.3247,999,,,,,,,433.6,3.871428571,433.6,3.871428571,,,,,,,,,,,,,,,,,,,"Max Clark","sa3022683",703601
"Brian O'Keefe","KCR",80,334,304,71,41,17,1,12,36,42,28,0,83,1,1,0,8,1,1,0.233553,0.0838323,0.248503,0.337349,0.299401,0.414474,0.31041,0.713875,0.180921,2.72117,0.280952,,-0.757476,39.1327,0.0619844,97.6705,-0.757476,-2.8,-1.6477336287498474,3.3360965251922607,1.32427,999,,,,,,,347.5,4.34375,347.5,4.34375,,,,,,,,,,,,,,,,,,,"Brian O'Keefe","16680",657247
"Alex Jackson","NYY",77,266,240,49,24,13,1,11,31,38,19,1,83,5,1,1,4,1,0,0.204167,0.0714286,0.31203,0.228916,0.275472,0.404167,0.293977,0.679638,0.2,3.95178,0.258503,,-0.170944,27.6473,-3.46885,90.5735,-0.170944,2.1,-3.0400055646896362,6.986831188201904,1.32341,747.0700073242188,,,,,,,255.1,3.312987012,255.1,3.312987012,,,,,,,,,,,,,,,,,,,"Alex Jackson","17276",656577
"Jason Vosler",,121,481,439,99,63,18,2,16,59,58,35,1,136,4,3,0,7,2,1,0.225513,0.0727651,0.282744,0.257353,0.286902,0.384966,0.292526,0.671868,0.159453,3.83499,0.286207,,-0.802141,49.4324,-6.83406,95.9391,-0.802141,8.6,-3.0371259450912476,-0.23671340942382812,1.31788,999,,,,,,,447.4,3.697520661,447.4,3.697520661,,,,,,,,,,,,,,,,,,,"Jason Vosler","16686",613564
"Tanner Murray","TBR",99,404,383,98,65,25,2,6,45,46,16,0,81,4,1,0,9,2,1,0.255875,0.039604,0.200495,0.197531,0.292079,0.37859,0.29222,0.670669,0.122715,3.92514,0.309764,,-0.675862,41.4194,-5.83978,93.394,-0.675862,1.5,-3.7295477390289307,2.984420895576477,1.31394,999,,,,,,,367.1,3.708080808,367.1,3.708080808,,,,,,,,,,,,,,,,,,,"Tanner Murray","sa3016805",695020
"Jon Berti","CHC",94,319,286,70,53,10,2,5,39,26,27,1,73,3,2,1,7,15,4,0.244755,0.0846395,0.22884,0.369863,0.314465,0.346154,0.292684,0.660619,0.101399,6.32708,0.309524,,0.732796,32.8243,-4.49174,89.2088,0.732796,4.3,-3.383633553981781,5.472104787826538,1.31281,691.1400146484375,,,,,,,300.7,3.19893617,300.7,3.19893617,,,,,,,,,,,,,,,,,,,"Jon Berti","12037",542932
"Caleb Durbin","MIL",95,411,360,85,56,20,2,7,52,47,34,1,47,12,2,3,7,20,4,0.236111,0.0827251,0.114355,0.723404,0.321078,0.361111,0.303134,0.68219,0.125,6.5601,0.253247,,1.58284,45.7474,-2.33057,93.3242,1.58284,-0.8,-1.6981403827667236,0.710141122341156,1.31149,374.3999938964844,,,,,,,416,4.378947368,416,4.378947368,,,,,,,,,,,,,,,,,,,"Caleb Durbin","sa3017183",702332
"Blake Sabol","BOS",112,433,384,93,62,18,2,11,48,56,38,1,123,5,3,3,5,6,1,0.242188,0.0877598,0.284065,0.308943,0.316279,0.385417,0.307856,0.701696,0.143229,4.88449,0.324111,,-0.0258183,49.8421,-0.809428,94.5477,-0.0258183,-7,-2.727145403623581,0.9548792839050293,1.3077,750.97998046875,,,,,,,441.4,3.941071428,441.4,3.941071428,,,,,,,,,,,,,,,,,,,"Blake Sabol","25805",666165
"Ryan O'Hearn","BAL",128,433,393,105,70,17,2,16,55,60,34,2,80,3,3,0,6,3,1,0.267176,0.0785219,0.184758,0.425,0.327945,0.442748,0.332324,0.770693,0.175573,3.91019,0.296667,,-0.633711,58.3692,7.71765,120.179,-0.633711,0,9.363582730293274,-11.136831283569336,1.3076,351.69000244140625,,,,,,,520,4.0625,520,4.0625,,,,,,,,,,,,,,,,,,,"Ryan O'Hearn","16442",656811
"Isaac Collins","MIL",113,474,413,93,60,20,4,9,58,52,50,1,113,7,2,2,5,16,5,0.225182,0.105485,0.238397,0.442478,0.317797,0.358354,0.300651,0.67615,0.133172,6.43304,0.286689,,0.259447,51.8125,-3.63513,91.6529,0.259447,6.5,-4.471775144338608,1.275132179260254,1.30006,999,,,,,,,460.6,4.076106194,460.6,4.076106194,,,,,,,,,,,,,,,,,,,"Isaac Collins","25477",686555
"David Bote","LAD",90,311,281,64,40,16,1,7,31,40,22,0,77,5,2,1,11,2,1,0.227758,0.0707396,0.247588,0.285714,0.293548,0.366548,0.290447,0.660096,0.13879,3.49101,0.286432,,-0.533799,31.441,-4.93915,86.8557,-0.533799,6.5,-5.4220991134643555,7.642710208892822,1.29895,999,,,,,,,277.3,3.081111111,277.3,3.081111111,,,,,,,,,,,,,,,,,,,"David Bote","14593",623520
"Carlos D. Rodriguez","ATL",118,515,464,122,93,21,5,3,59,47,47,0,68,1,3,0,12,11,5,0.262931,0.0912621,0.132039,0.691176,0.330097,0.349138,0.302039,0.679235,0.0862069,5.27486,0.300505,,-0.937864,56.8697,-3.37401,91.7667,-0.937864,-0.5,-6.008252382278442,1.392269253730774,1.29449,999,,,,,,,487.7,4.133050847,487.7,4.133050847,,,,,,,,,,,,,,,,,,,"Carlos D. Rodriguez","sa3005478",677578
"Myles Straw","TOR",131,500,450,105,80,19,4,2,57,35,41,1,97,1,4,4,9,21,3,0.233333,0.082,0.194,0.42268,0.296371,0.306667,0.26892,0.603038,0.0733333,6.79128,0.290141,,2.03,41.8853,-16.6037,74.3028,2.03,6.7,-12.671492576599121,8.53715443611145,1.29442,748.6199951171875,,,,,,,392.2,2.993893129,392.2,2.993893129,,,,,,,,,,,,,,,,,,,"Myles Straw","17620",664702
"Paul DeJong","WSN",125,441,403,86,51,17,0,18,47,51,27,0,135,7,4,0,9,2,2,0.213399,0.0612245,0.306122,0.2,0.272109,0.389578,0.287605,0.661687,0.176179,2.39073,0.267717,,-1.08087,43.5747,-8.01259,81.6291,-1.08087,3.3,-10.350764274597168,8.161111116409302,1.29214,439.5199890136719,,,,,,,397.3,3.1784,397.3,3.1784,,,,,,,,,,,,,,,,,,,"Paul DeJong","18015",657557
"Liam Hicks","MIA",103,431,371,92,70,17,1,4,43,40,43,0,68,12,5,0,6,2,1,0.247978,0.099768,0.157773,0.632353,0.341067,0.331536,0.304196,0.672604,0.0835579,2.90532,0.289474,,-0.991559,48.3422,-2.07538,91.7895,-0.991559,-4.6,-5.223184764385223,3.318136692047119,1.28557,748.4000244140625,,,,,,,402.8,3.910679611,402.8,3.910679611,,,,,,,,,,,,,,,,,,,"Liam Hicks","sa3017400",689414
"Leo Rivas","SEA",104,383,322,71,56,10,2,3,47,30,48,0,94,3,4,6,5,18,5,0.220497,0.125326,0.245431,0.510638,0.323607,0.291925,0.282461,0.615533,0.0714286,6.30031,0.296943,,0.730479,36.2582,-8.54444,88.8589,0.730479,-0.4,-4.151911675930023,3.821781247854233,1.2845,999,,,,,,,317.4,3.051923076,317.4,3.051923076,,,,,,,,,,,,,,,,,,,"Leo Rivas","21009",660844
"Ramón Laureano","BAL",103,390,353,85,52,18,2,13,48,51,26,0,116,10,1,0,6,9,3,0.240793,0.0666667,0.297436,0.224138,0.310256,0.413598,0.316341,0.723854,0.172805,5.56613,0.32,,-0.109552,47.5557,1.93427,101.393,-0.109552,3.2,0.5400775820016861,-1.0989415645599365,1.28359,604.739990234375,,,,,,,425.5,4.131067961,425.5,4.131067961,,,,,,,,,,,,,,,,,,,"Ramon Laureano","17128",657656
"Orlando Arcia","ATL",137,518,473,109,73,21,0,15,52,56,38,1,108,2,5,0,13,2,0,0.230444,0.0733591,0.208494,0.351852,0.287645,0.369979,0.287023,0.657624,0.139535,2.45959,0.264789,,-0.483951,50.9403,-9.65437,81.6595,-0.483951,1.3,-11.844588965177536,7.009876489639282,1.28221,446.1700134277344,,,,,,,463.1,3.38029197,463.1,3.38029197,,,,,,,,,,,,,,,,,,,"Orlando Arcia","13185",606115
"Romy Gonzalez","BOS",91,288,266,69,44,13,3,9,35,40,17,0,80,2,3,0,6,12,3,0.259398,0.0590278,0.277778,0.2125,0.305556,0.432331,0.317621,0.737886,0.172932,6.91654,0.333333,,0.687758,35.4148,1.72508,101.416,0.687758,0.6,1.1544895470142365,1.6582010984420776,1.28202,653.3099975585938,,,,,,,331.2,3.639560439,331.2,3.639560439,,,,,,,,,,,,,,,,,,,"Romy Gonzalez","21562",663853
"Mike Boeve","MIL",83,359,321,85,63,14,3,5,39,38,31,0,75,3,4,0,6,1,1,0.264798,0.086351,0.208914,0.413333,0.331476,0.373832,0.311007,0.705308,0.109034,3.56864,0.326531,,-0.970571,42.2343,0.239163,98.6233,-0.970571,0.7,-1.5615708231925964,2.0190770030021667,1.28194,999,,,,,,,360.8,4.346987951,360.8,4.346987951,,,,,,,,,,,,,,,,,,,"Mike Boeve","sa3022658",801670
"Josh Lester",,117,476,440,102,62,23,2,15,52,60,30,1,119,2,4,0,6,2,1,0.231818,0.0630252,0.25,0.252101,0.281513,0.395455,0.292353,0.676967,0.163636,3.55683,0.280645,,-0.739002,48.852,-6.82956,84.9688,-0.739002,3.7,-8.925648152828217,5.448971271514893,1.27972,999,,,,,,,447.3,3.823076923,447.3,3.823076923,,,,,,,,,,,,,,,,,,,"Josh Lester","17737",623507
"Tyrone Taylor","NYM",115,344,316,73,43,18,2,10,46,41,19,1,80,7,2,0,8,8,1,0.231013,0.0552326,0.232558,0.2375,0.287791,0.39557,0.296254,0.68336,0.164557,6.46425,0.276316,,0.658309,36.3851,-3.85538,92.5796,0.658309,7.1,-2.3941112756729126,3.308112859725952,1.2775,673.7899780273438,,,,,,,340.8,2.96347826,340.8,2.96347826,,,,,,,,,,,,,,,,,,,"Tyrone Taylor","13675",621438
"Luis Vazquez","BAL",103,415,373,86,62,15,1,8,42,46,26,0,106,7,3,6,12,3,4,0.230563,0.0626506,0.255422,0.245283,0.290954,0.340483,0.279776,0.631436,0.10992,3.06841,0.29771,,-1.76981,38.3907,-10.1552,83.2149,-1.76981,3.7,-9.740139365196228,8.27451491355896,1.2774,999,,,,,,,326.5,3.169902912,326.5,3.169902912,,,,,,,,,,,,,,,,,,,"Luis Vazquez","23442",676679
"Masataka Yoshida","BOS",119,483,437,124,85,25,1,13,55,63,35,2,60,8,3,0,12,3,0,0.283753,0.0724638,0.124224,0.583333,0.345756,0.434783,0.338969,0.780538,0.15103,3.37313,0.302452,,-0.394445,67.6926,11.1922,116.433,-0.394445,0,8.687357157468796,-12.422839164733887,1.27709,438.0299987792969,,,,,,,592.5,4.978991596,592.5,4.978991596,,,,,,,,,,,,,,,,,,,"Masataka Yoshida","31837",807799
"Nick Yorke","PIT",124,553,504,124,89,24,1,10,66,54,42,1,127,4,3,0,10,12,5,0.246032,0.0759494,0.229656,0.330709,0.307414,0.357143,0.293116,0.664557,0.111111,4.55312,0.308108,,-0.682617,57.0944,-7.5945,84.3671,-0.682617,2.9,-11.020397543907166,4.9318931102752686,1.2731,520.6599731445312,,,,,,,506.5,4.084677419,506.5,4.084677419,,,,,,,,,,,,,,,,,,,"Nick Yorke","27504",694377
"Brendan Rodgers","HOU",123,501,462,121,81,25,2,13,58,57,31,1,110,5,2,1,16,1,0,0.261905,0.0618762,0.219561,0.281818,0.314,0.409091,0.314388,0.723091,0.147186,3.29611,0.316716,,-0.715521,60.303,1.69699,88.1659,-0.715521,1.6,-7.805351376533508,3.4408289194107056,1.27231,536.8599853515625,,,,,,,531.6,4.321951219,531.6,4.321951219,,,,,,,,,,,,,,,,,,,"Brendan Rodgers","17907",663898
"Pedro Pagés","STL",92,355,322,71,50,12,1,8,30,40,26,0,93,3,3,1,13,2,0,0.220497,0.0732394,0.261972,0.27957,0.282486,0.338509,0.274587,0.620995,0.118012,3.32258,0.28125,,-0.223501,31.3575,-10.1697,75.95,-0.223501,4.4,-10.433009296655655,10.92189884185791,1.27143,571.4299926757812,,,,,,,282.1,3.066304347,282.1,3.066304347,,,,,,,,,,,,,,,,,,,"Pedro Pages","25782",686780
"CJ Alexander","ATH",102,413,385,89,51,21,3,14,49,49,23,0,112,3,2,0,7,4,2,0.231169,0.0556901,0.271186,0.205357,0.27845,0.41039,0.297301,0.68884,0.179221,4.92721,0.287356,,-0.617729,44.0313,-4.28063,96.8888,-0.617729,-0.9,-2.0879712104797363,0.6174896955490112,1.27002,999,,,,,,,403,3.950980392,403,3.950980392,,,,,,,,,,,,,,,,,,,"CJ Alexander","20557",680769
"Josh Kasevich","TOR",119,519,482,124,98,22,0,4,57,47,30,1,70,4,3,0,19,7,1,0.257261,0.0578035,0.134875,0.428571,0.304432,0.327801,0.280057,0.632232,0.0705394,3.88957,0.291971,,-0.0389137,48.1289,-12.5827,82.1364,-0.0389137,-0.1,-10.647108070552349,5.620899580419064,1.26773,999,,,,,,,426.3,3.582352941,426.3,3.582352941,,,,,,,,,,,,,,,,,,,"Josh Kasevich","sa3020203",688460
"Wade Meckler","SFG",93,398,361,99,74,17,3,5,48,41,34,0,76,2,1,0,2,6,1,0.274238,0.0854271,0.190955,0.447368,0.339196,0.379501,0.317741,0.718697,0.105263,5.315,0.33452,,-0.0731729,48.9795,2.42224,105.495,-0.0731729,-5,2.5419873744249344,-3.537624955177307,1.26599,999,,,,,,,423.4,4.552688172,423.4,4.552688172,,,,,,,,,,,,,,,,,,,"Wade Meckler","31490",685133
"Jarred Kelenic","ATL",124,475,427,106,65,24,2,15,56,63,42,2,135,2,3,1,7,10,4,0.248244,0.0884211,0.284211,0.311111,0.316456,0.419204,0.318533,0.735659,0.17096,4.75986,0.325,,-0.464515,58.7583,3.19372,102.868,-0.464515,0.5,1.1645843386650085,-4.735890865325928,1.26481,481.2900085449219,,,,,,,528.4,4.261290322,528.4,4.261290322,,,,,,,,,,,,,,,,,,,"Jarred Kelenic","22558",672284
"Steward Berroa","TOR",108,386,340,77,52,14,4,7,54,38,36,0,111,3,2,5,3,29,8,0.226471,0.0932643,0.287565,0.324324,0.304462,0.352941,0.291568,0.657403,0.126471,8.18824,0.3125,,1.84174,39.3715,-5.78202,90.2335,1.84174,0.4,-2.4717615842819214,1.818283349275589,1.26144,999,,,,,,,370.1,3.426851851,370.1,3.426851851,,,,,,,,,,,,,,,,,,,"Steward Berroa","22766",672642
"Miguel Vargas","CHW",124,513,446,105,65,23,2,15,70,54,56,0,106,6,5,0,9,9,4,0.235426,0.109162,0.206628,0.528302,0.325536,0.396861,0.317739,0.722397,0.161435,4.94591,0.272727,,-0.822363,63.131,3.12129,106.783,-0.822363,-2.4,3.1592856645584106,-8.05476188659668,1.26057,399.95001220703125,,,,,,,553,4.459677419,553,4.459677419,,,,,,,,,,,,,,,,,,,"Miguel Vargas","20178",678246
"Abraham Toro","BOS",107,410,372,92,59,22,2,9,43,47,30,1,71,5,2,1,6,4,2,0.247312,0.0731707,0.173171,0.422535,0.310513,0.389785,0.305958,0.700298,0.142473,3.98809,0.282313,,-0.744008,46.5681,-1.39296,93.2121,-0.744008,0.9,-3.9283714294433594,2.4064667224884033,1.25438,748.5999755859375,,,,,,,410,3.8317757,410,3.8317757,,,,,,,,,,,,,,,,,,,"Abraham Toro","19844",647351
"Joey Bart","PIT",89,317,284,69,47,12,0,10,39,38,25,0,88,7,1,0,6,0,0,0.242958,0.0788644,0.277603,0.284091,0.318612,0.390845,0.313121,0.709457,0.147887,1.6756,0.315508,,-0.623501,37.8328,0.750709,97.832,-0.623501,-2.8,-1.4453436732292175,3.023780107498169,1.25326,269.2099914550781,,,,,,,327.2,3.676404494,327.2,3.676404494,,,,,,,,,,,,,,,,,,,"Joey Bart","21524",663698
"Jamie Westbrook","TBR",113,456,406,99,67,20,1,11,50,58,38,0,87,8,4,0,12,1,2,0.243842,0.0833333,0.190789,0.436782,0.317982,0.37931,0.307561,0.697293,0.135468,2.41321,0.282051,,-1.50186,52.381,-0.960983,94.3396,-1.50186,-0.3,-4.4552319049835205,1.3754850029945374,1.25186,999,,,,,,,449.8,3.980530973,449.8,3.980530973,,,,,,,,,,,,,,,,,,,"Jamie Westbrook","15504",642197
"Tyler Locklear","SEA",116,509,448,102,63,23,2,14,62,64,42,1,148,16,3,0,15,6,1,0.227679,0.0825147,0.290766,0.283784,0.314342,0.381696,0.307189,0.696038,0.154018,4.90703,0.304498,,-0.152097,58.3168,-1.22509,106.253,-0.152097,1,3.489612728357315,-8.351117134094238,1.25031,708.1599731445312,,,,,,,515.5,4.443965517,515.5,4.443965517,,,,,,,,,,,,,,,,,,,"Tyler Locklear","31396",682988
"Nick Madrigal","NYM",86,270,246,64,49,12,2,1,29,24,14,0,26,7,0,3,5,4,1,0.260163,0.0518519,0.0962963,0.538462,0.318352,0.337398,0.292793,0.65575,0.0772358,5.18607,0.287671,,-0.157476,27.8059,-3.77816,90.2501,-0.157476,5.4,-3.305408254265785,6.392063558101654,1.24738,999,,,,,,,235.8,2.741860465,235.8,2.741860465,,,,,,,,,,,,,,,,,,,"Nick Madrigal","20521",663611
"Lenyn Sosa","CHW",125,504,474,117,81,21,1,14,51,57,21,1,110,3,3,3,12,3,2,0.246835,0.0416667,0.218254,0.190909,0.281437,0.383966,0.287979,0.665403,0.137131,3.06741,0.291785,,-1.03082,49.9516,-9.00537,85.8499,-1.03082,2.6,-9.190936207771301,4.451851725578308,1.24574,460.9100036621094,,,,,,,451.5,3.612,451.5,3.612,,,,,,,,,,,,,,,,,,,"Lenyn Sosa","22896",672820
"Daniel Schneemann","CLE",117,441,390,87,56,20,2,9,47,45,46,0,120,1,3,1,6,8,3,0.223077,0.104308,0.272109,0.383333,0.304545,0.353846,0.292071,0.658392,0.130769,4.62358,0.295455,,-0.427939,45.16,-6.42733,90.4827,-0.427939,-2.3,-5.230331659317017,2.5611112117767334,1.24261,741.52001953125,,,,,,,399,3.41025641,399,3.41025641,,,,,,,,,,,,,,,,,,,"Daniel Schneemann","25180",682177
"Bryan Torres","STL",120,506,450,123,98,22,2,1,62,44,43,1,89,2,4,7,3,18,8,0.273333,0.0849802,0.175889,0.483146,0.336673,0.337778,0.300439,0.674451,0.0644444,5.18676,0.335165,,-0.760775,55.2243,-3.96661,93.3506,-0.760775,-1.9,-4.784173607826233,-0.040799498558044434,1.24195,999,,,,,,,470.2,3.918333333,470.2,3.918333333,,,,,,,,,,,,,,,,,,,"Bryan Torres","sa885119",663494
"Jakson Reetz","NYM",80,315,277,57,32,15,0,10,33,44,26,1,89,10,1,1,7,1,1,0.205776,0.0825397,0.28254,0.292135,0.296178,0.368231,0.293795,0.664409,0.162455,2.2761,0.26257,,-0.733799,32.6941,-4.15395,90.9242,-0.733799,-0.1,-4.152476251125336,5.687036894261837,1.24185,999,,,,,,,286.8,3.585,286.8,3.585,,,,,,,,,,,,,,,,,,,"Jakson Reetz","17837",656883
"Michael Arroyo","SEA",118,570,501,106,67,21,4,14,73,74,44,0,165,21,4,0,11,9,4,0.211577,0.077193,0.289474,0.266667,0.3,0.353293,0.291084,0.653293,0.141717,5.82389,0.282209,,-0.861825,57.9173,-8.76018,94.9247,-0.861825,-4.9,-4.171962141990662,-2.8056437969207764,1.24177,999,,,,,,,508.8,4.311864406,508.8,4.311864406,,,,,,,,,,,,,,,,,,,"Michael Arroyo","sa3018429",703197
"Milan Tolentino","CLE",113,469,426,96,67,22,2,5,50,43,37,0,146,3,3,0,7,10,3,0.225352,0.0788913,0.311301,0.253425,0.289979,0.321596,0.272407,0.611575,0.0962441,5.17656,0.327338,,-0.0595084,40.6044,-14.2583,76.6504,-0.0595084,3.8,-12.589710302650928,8.96975302696228,1.24082,999,,,,,,,364.4,3.224778761,364.4,3.224778761,,,,,,,,,,,,,,,,,,,"Milan Tolentino","sa3014544",675455
"Alejandro Osuna","TEX",101,450,404,98,63,20,3,12,62,57,30,1,125,7,2,7,4,10,4,0.242574,0.0666667,0.277778,0.24,0.30474,0.39604,0.305493,0.70078,0.153465,6.13647,0.319703,,-0.401375,50.9429,-1.69724,98.6981,-0.401375,-3.6,-1.0717373490333557,-1.9465607404708862,1.23754,999,,,,,,,451.5,4.470297029,451.5,4.470297029,,,,,,,,,,,,,,,,,,,"Alejandro Osuna","sa3015127",696030
"Jo Adell","LAA",118,452,408,93,50,19,2,22,58,68,34,1,135,7,3,0,9,11,6,0.227941,0.0752212,0.298673,0.251852,0.29646,0.446078,0.319233,0.742539,0.218137,5.10118,0.279528,,-0.940356,56.1678,3.29367,106.574,-0.940356,-0.6,2.4593451619148254,-5.582363247871399,1.23362,285,,,,,,,513.2,4.349152542,513.2,4.349152542,,,,,,,,,,,,,,,,,,,"Jo Adell","20220",666176
"Jorge Soler","LAA",126,515,448,102,55,23,0,24,68,67,59,1,133,5,3,0,12,1,0,0.227679,0.114563,0.258252,0.443609,0.32233,0.439732,0.330949,0.762062,0.212054,2.26733,0.265306,,-0.731306,68.8527,8.60902,114.815,-0.731306,0,7.998523950576782,-13.245884895324707,1.23112,212.16000366210938,,,,,,,609.4,4.836507936,609.4,4.836507936,,,,,,,,,,,,,,,,,,,"Jorge Soler","14221",624585
"Devin Mann",,110,444,388,91,54,26,1,10,50,48,44,1,114,7,3,2,5,2,2,0.234536,0.0990991,0.256757,0.385965,0.321267,0.384021,0.31063,0.705288,0.149485,2.89501,0.303371,,-1.23082,52.0995,0.161256,97.8257,-1.23082,7.6,-2.3354233503341675,-0.5569663047790527,1.22989,999,,,,,,,447.9,4.071818181,447.9,4.071818181,,,,,,,,,,,,,,,,,,,"Devin Mann","sa3006869",669471
"Yunior Severino","MIN",120,524,470,109,70,21,2,16,53,65,46,1,171,5,3,0,12,2,1,0.231915,0.0877863,0.326336,0.269006,0.305344,0.387234,0.303343,0.692578,0.155319,3.14776,0.325175,,-0.952097,58.4136,-2.88295,97.8445,-0.952097,6.3,-2.2444652318954468,-3.3266897201538086,1.22866,999,,,,,,,517.1,4.309166666,517.1,4.309166666,,,,,,,,,,,,,,,,,,,"Yunior Severino","sa3003185",670870
"Tirso Ornelas","SDP",125,537,490,118,80,24,1,13,56,61,40,1,115,4,3,0,11,4,2,0.240816,0.0744879,0.214153,0.347826,0.301676,0.373469,0.295961,0.675145,0.132653,3.25228,0.287671,,-0.980781,56.6722,-6.14504,92.5456,-0.980781,5.7,-5.7675821185112,-0.21931219100952148,1.22857,999,,,,,,,502.3,4.0184,502.3,4.0184,,,,,,,,,,,,,,,,,,,"Tirso Ornelas","sa3004048",672359
"Logan Porter","SFG",92,373,329,74,51,15,1,7,36,38,37,0,108,5,2,0,8,1,0,0.224924,0.0991957,0.289544,0.342593,0.310992,0.340426,0.291742,0.651417,0.115502,2.92524,0.310185,,-0.533995,38.0979,-5.53492,87.9962,-0.533995,-1.5,-5.8881155252456665,5.35258674621582,1.22753,999,,,,,,,328.3,3.56847826,328.3,3.56847826,,,,,,,,,,,,,,,,,,,"Logan Porter","20626",682515
"Donovan Walton","NYM",91,359,320,77,53,16,2,6,42,40,28,2,56,6,3,2,7,3,2,0.240625,0.0779944,0.155989,0.5,0.310924,0.359375,0.294416,0.670299,0.11875,4.14434,0.272031,,-0.880869,37.4406,-4.55452,91.3427,-0.880869,3.2,-4.597418129444122,4.5190770626068115,1.2266,999,,,,,,,327.5,3.598901098,327.5,3.598901098,,,,,,,,,,,,,,,,,,,"Donovan Walton","19314",622268
"Matthew Etzel","TBR",116,474,432,107,75,19,4,9,55,52,33,1,126,4,5,0,5,24,8,0.247685,0.0696203,0.265823,0.261905,0.303797,0.372685,0.295353,0.676483,0.125,6.77689,0.324503,,0.68389,49.7913,-5.65628,95.598,0.68389,3,-1.7035560011863708,-2.224867820739746,1.22618,999,,,,,,,463.9,3.999137931,463.9,3.999137931,,,,,,,,,,,,,,,,,,,"Matthew Etzel","sa3022815",803033
"Forrest Wall","SDP",99,398,356,84,63,13,3,5,50,36,34,0,117,5,1,2,4,25,7,0.235955,0.0854271,0.29397,0.290598,0.310606,0.331461,0.287638,0.642067,0.0955056,7.09805,0.33617,,1.35993,39.3367,-7.22059,86.9437,1.35993,2,-4.853997230529785,3.462375044822693,1.2251,999,,,,,,,361.1,3.647474747,361.1,3.647474747,,,,,,,,,,,,,,,,,,,"Forrest Wall","16496",657088
"Christian Vázquez","MIN",93,327,302,70,52,13,0,5,30,30,18,0,67,1,3,3,10,2,1,0.231788,0.0550459,0.204893,0.268657,0.274691,0.324503,0.263979,0.599195,0.0927152,2.6638,0.27897,,-0.565368,26.0926,-12.1592,70.1552,-0.565368,6.6,-11.732003927230835,12.607495307922363,1.21622,642.8099975585938,,,,,,,232.7,2.502150537,232.7,2.502150537,,,,,,,,,,,,,,,,,,,"Christian Vazquez","9774",543877
"Miguel Amaya","CHC",99,331,291,69,47,13,1,8,31,40,26,0,68,8,3,3,4,0,0,0.237113,0.0785498,0.205438,0.382353,0.314024,0.371134,0.303091,0.685158,0.134021,1.92016,0.279817,,-0.639286,36.8315,-1.88825,96.2133,-0.639286,-3.2,-2.138102352619171,2.880981683731079,1.21512,350.7799987792969,,,,,,,316,3.191919191,316,3.191919191,,,,,,,,,,,,,,,,,,,"Miguel Amaya","21693",665804
"Miguel Andujar","ATH",99,408,382,103,72,21,1,9,43,44,22,1,56,2,2,0,8,4,2,0.269634,0.0539216,0.137255,0.392857,0.311274,0.400524,0.30903,0.711798,0.13089,3.41589,0.294671,,-0.759793,47.3496,-0.377437,105.139,-0.759793,1,1.6391319036483765,-3.497354507446289,1.21276,561.97998046875,,,,,,,420,4.242424242,420,4.242424242,,,,,,,,,,,,,,,,,,,"Miguel Andujar","15878",609280
"Weston Wilson","PHI",115,441,393,87,52,16,1,18,56,57,41,1,129,2,4,1,11,13,3,0.221374,0.0929705,0.292517,0.317829,0.295455,0.40458,0.303892,0.700035,0.183206,5.36086,0.276,,0.643093,49.3558,-2.23153,93.6172,0.643093,-5.1,-2.722872495651245,-0.23888874053955078,1.21083,748.8400268554688,,,,,,,460.8,4.006956521,460.8,4.006956521,,,,,,,,,,,,,,,,,,,"Weston Wilson","19358",642215
"Luke Keaschall","MIN",99,451,390,99,66,21,1,11,65,60,44,1,99,14,3,0,5,12,4,0.253846,0.097561,0.219512,0.444444,0.348115,0.397436,0.329749,0.745551,0.14359,5.14618,0.310954,,-0.190794,59.861,7.10387,116.419,-0.190794,0,8.282068699598312,-11.599794387817383,1.21006,999,,,,,,,520,5.252525252,520,5.252525252,,,,,,,,,,,,,,,,,,,"Luke Keaschall","sa3022614",807712
"Zach Dezenzo","HOU",79,332,303,76,49,17,0,10,43,43,24,0,99,3,2,0,8,5,2,0.250825,0.0722892,0.298193,0.242424,0.310241,0.405941,0.312425,0.716182,0.155116,3.83514,0.336735,,-0.409837,39.437,0.600255,105.102,-0.409837,-2.1,1.5283966064453125,-0.8801292181015015,1.20997,539.1900024414062,,,,,,,350.8,4.440506329,350.8,4.440506329,,,,,,,,,,,,,,,,,,,"Zach Dezenzo","31562",701305
"Sergio Alcántara","SFG",121,433,382,87,63,16,3,5,49,36,45,1,102,2,3,1,9,3,1,0.227749,0.103926,0.235566,0.441176,0.310185,0.324607,0.283988,0.634793,0.0968586,4.58074,0.294964,,-0.66528,41.5238,-9.1277,82.777,-0.66528,2.1,-9.583102345466614,6.872927665710449,1.2093,999,,,,,,,359.6,2.971900826,359.6,2.971900826,,,,,,,,,,,,,,,,,,,"Sergio Alcantara","16417",642727
"Cade Marlowe","SEA",106,458,411,86,58,13,4,11,55,48,39,2,163,5,3,0,3,24,6,0.209246,0.0851528,0.355895,0.239264,0.283843,0.340633,0.275112,0.624475,0.131387,7.49268,0.3125,,1.58072,40.6494,-12.9265,83.6897,1.58072,8.4,-6.966669678688049,3.351498603820801,1.20344,999,,,,,,,395.3,3.729245283,395.3,3.729245283,,,,,,,,,,,,,,,,,,,"Cade Marlowe","25505",687799
"Wynton Bernard",,97,389,362,92,65,18,3,6,48,41,22,0,82,3,2,0,8,19,3,0.254144,0.0565553,0.210797,0.268293,0.300771,0.370166,0.293779,0.670937,0.116022,7.04768,0.311594,,1.87466,40.3698,-5.13467,91.1168,1.87466,5,-2.0792157649993896,0.7120809555053711,1.19806,999,,,,,,,381.6,3.934020618,381.6,3.934020618,,,,,,,,,,,,,,,,,,,"Wynton Bernard","13408",592144
"Michael Conforto","LAD",116,441,388,90,53,18,1,18,52,66,43,2,108,7,3,0,12,1,1,0.231959,0.0975057,0.244898,0.398148,0.31746,0.42268,0.321388,0.740141,0.190722,2.48114,0.271698,,-1.00214,55.5659,3.97852,107.681,-1.00214,-1.3,3.048484206199646,-6.161111116409302,1.19524,274.9100036621094,,,,,,,492.2,4.243103448,492.2,4.243103448,,,,,,,,,,,,,,,,,,,"Michael Conforto","16376",624424
"Rob Refsnyder","BOS",95,309,269,71,46,16,1,8,36,39,32,1,78,6,2,0,6,3,1,0.263941,0.10356,0.252427,0.410256,0.352751,0.420074,0.338639,0.772825,0.156134,3.76404,0.340541,,-0.460077,43.2243,7.07806,116.201,-0.460077,-0.6,5.267872631549835,-4.006084561347961,1.19415,730.8400268554688,,,,,,,372.8,3.924210526,372.8,3.924210526,,,,,,,,,,,,,,,,,,,"Rob Refsnyder","13770",608701
"Yohel Pozo","STL",87,356,345,96,66,20,1,9,36,49,8,1,38,1,2,0,14,0,1,0.278261,0.0224719,0.106742,0.210526,0.294944,0.42029,0.306654,0.715234,0.142029,2.06649,0.29,,-0.989046,40.6343,-1.00989,97.5339,-0.989046,-4.8,-2.0388930439949036,1.7402701377868652,1.19353,999,,,,,,,365.1,4.196551724,365.1,4.196551724,,,,,,,,,,,,,,,,,,,"Yohel Pozo","18848",650968
"Christian Bethancourt","TOR",86,275,260,61,39,13,0,9,33,34,12,0,71,1,1,1,7,4,0,0.234615,0.0436364,0.258182,0.169014,0.270073,0.388462,0.285149,0.658535,0.153846,4.44727,0.287293,,0.389594,26.6289,-5.54011,85.7182,0.389594,1.4,-4.10428574681282,6.45217502117157,1.18926,999,,,,,,,250.5,2.912790697,250.5,2.912790697,,,,,,,,,,,,,,,,,,,"Christian Bethancourt","10028",542194
"Rafael Lantigua","PHI",124,522,463,114,83,25,0,6,63,50,52,0,113,3,3,1,13,12,6,0.24622,0.0996169,0.216475,0.460177,0.324376,0.339093,0.29719,0.663469,0.0928726,3.93804,0.311239,,-1.11919,55.6055,-5.45703,89.1065,-1.11919,0.1,-7.9190274477005005,2.0179893746972084,1.18584,999,,,,,,,475.3,3.833064516,475.3,3.833064516,,,,,,,,,,,,,,,,,,,"Rafael Lantigua","sa3003219",672463
"Kyle Stowers","MIA",118,460,411,97,55,22,2,18,52,61,38,0,141,7,4,0,8,1,1,0.23601,0.0826087,0.306522,0.269504,0.308696,0.430657,0.32042,0.739353,0.194647,2.9548,0.308594,,-0.994249,57.6013,3.79143,102.709,-0.994249,0.7,0.4958527088165283,-4.370546638965607,1.18189,523.47998046875,,,,,,,510.7,4.327966101,510.7,4.327966101,,,,,,,,,,,,,,,,,,,"Kyle Stowers","26151",669065
"Liover Peguero","PIT",129,556,515,123,83,26,3,11,61,61,32,0,137,3,3,3,13,13,4,0.238835,0.057554,0.246403,0.233577,0.285714,0.365049,0.284495,0.650763,0.126214,5.52764,0.302703,,0.0486686,53.5462,-11.4936,78.5645,0.0486686,1,-14.20312625169754,7.128747940063477,1.1816,999,,,,,,,488.2,3.784496124,488.2,3.784496124,,,,,,,,,,,,,,,,,,,"Liover Peguero","24273",678894
"Seth Brown","ATH",131,443,408,97,57,18,2,20,46,61,31,1,122,2,2,0,6,5,1,0.237745,0.0699774,0.275395,0.254098,0.293454,0.438726,0.31476,0.732179,0.20098,4.0423,0.287313,,-0.107432,53.4546,1.63332,109.169,-0.107432,-3,4.540420435369015,-7.883156776428223,1.17994,474.1700134277344,,,,,,,492.5,3.759541984,492.5,3.759541984,,,,,,,,,,,,,,,,,,,"Seth Brown","18171",664913
"Ildemaro Vargas","ARI",100,350,321,81,58,18,2,3,34,37,21,0,38,2,3,3,10,6,2,0.252336,0.06,0.108571,0.552632,0.299712,0.34891,0.285187,0.648621,0.0965732,4.67548,0.275618,,-0.249299,33.9021,-7.04018,79.9825,-0.249299,7.1,-8.627279251813889,8.386008143424988,1.17882,999,,,,,,,299.2,2.992,299.2,2.992,,,,,,,,,,,,,,,,,,,"Ildemaro Vargas","13324",545121
"Grant McCray","SFG",130,560,511,116,74,23,7,12,72,62,40,0,190,6,2,1,4,18,4,0.227006,0.0714286,0.339286,0.210526,0.289803,0.369863,0.289284,0.659666,0.142857,7.69295,0.334405,,1.03288,56.09,-9.41772,86.3417,1.03288,-1.2,-8.113399386405945,0.8576130867004395,1.17662,734.5999755859375,,,,,,,519,3.992307692,519,3.992307692,,,,,,,,,,,,,,,,,,,"Grant McCray","25690",687529
"Mickey Moniak","LAA",115,418,392,92,55,17,4,16,47,54,20,1,122,4,2,0,4,7,3,0.234694,0.0478469,0.291866,0.163934,0.277512,0.420918,0.299634,0.69843,0.186224,5.50245,0.296875,,-0.430628,45.3491,-3.54773,92.7873,-0.430628,-0.2,-3.8803013265132904,1.335861250758171,1.17631,587.6199951171875,,,,,,,422.6,3.674782608,422.6,3.674782608,,,,,,,,,,,,,,,,,,,"Mickey Moniak","19956",666160
"Luis Campusano","SDP",96,355,328,82,57,14,1,10,43,46,22,0,58,3,2,0,13,0,0,0.25,0.0619718,0.16338,0.37931,0.301408,0.390244,0.302049,0.691652,0.140244,2.21201,0.274809,,-0.647179,39.2041,-2.3231,96.6427,-0.647179,-4.9,-2.0723754167556763,1.6218986511230469,1.17441,401.92999267578125,,,,,,,346.5,3.609375,346.5,3.609375,,,,,,,,,,,,,,,,,,,"Luis Campusano","22217",669134
"Jesse Winker","NYM",125,466,393,94,63,18,1,12,54,51,62,1,94,8,2,1,8,7,2,0.239186,0.133047,0.201717,0.659574,0.352688,0.381679,0.327827,0.734368,0.142494,3.88759,0.283737,,-0.451813,61.1308,6.61899,113.83,-0.451813,-6.3,7.254908740520477,-11.436684608459473,1.17081,403.1400146484375,,,,,,,521.8,4.1744,521.8,4.1744,,,,,,,,,,,,,,,,,,,"Jesse Winker","13590",608385
"Akil Baddoo","DET",120,445,395,89,55,18,5,11,55,46,46,1,118,1,2,1,4,20,6,0.225316,0.103371,0.265169,0.38983,0.306306,0.379747,0.300904,0.686053,0.15443,6.96743,0.291045,,0.772827,48.7332,-3.32199,96.6434,0.772827,-4.2,-0.9362476468086243,-2.5649322271347046,1.17046,999,,,,,,,449.7,3.7475,449.7,3.7475,,,,,,,,,,,,,,,,,,,"Akil Baddoo","22168",668731
"Cooper Ingle","CLE",96,421,370,79,47,26,1,5,47,41,49,0,72,2,0,0,4,4,1,0.213514,0.11639,0.171021,0.680556,0.308789,0.32973,0.287653,0.638518,0.116216,3.90391,0.25256,,-0.378464,41.6148,-7.633,87.3747,-0.378464,-4,-6.460213243961334,3.7344207763671875,1.16791,999,,,,,,,358.3,3.732291666,358.3,3.732291666,,,,,,,,,,,,,,,,,,,"Cooper Ingle","sa3023069",694876
"Nick Loftin","KCR",114,474,419,103,72,20,2,9,58,51,43,0,75,6,4,2,14,7,3,0.245823,0.0907173,0.158228,0.573333,0.322034,0.367542,0.305407,0.689576,0.121718,4.6803,0.277286,,-0.770002,53.6271,-1.82049,94.1517,-0.770002,-2.3,-3.9418811202049255,-0.5583773851394653,1.16712,750.3099975585938,,,,,,,463.7,4.067543859,463.7,4.067543859,,,,,,,,,,,,,,,,,,,"Nick Loftin","27630",679845
"Matt Koperniak","STL",119,500,459,116,85,18,2,11,50,58,33,0,102,5,3,0,7,5,4,0.252723,0.066,0.204,0.323529,0.308,0.372549,0.299186,0.680549,0.119826,3.40572,0.30086,,-1.59079,54.0653,-4.42373,92.5074,-1.59079,6.2,-6.07064151763916,0.6885361671447754,1.16377,999,,,,,,,469.9,3.948739495,469.9,3.948739495,,,,,,,,,,,,,,,,,,,"Matt Koperniak","sa3014834",689288
"Andruw Monasterio","MIL",107,378,333,80,58,16,1,5,48,37,38,0,96,4,3,0,8,12,3,0.24024,0.100529,0.253968,0.395833,0.322751,0.339339,0.296603,0.662091,0.0990991,5.4931,0.319149,,0.395739,40.0875,-4.13024,88.9288,0.395739,1.9,-4.608601123094559,3.2888888120651245,1.16374,750.52001953125,,,,,,,354.5,3.313084112,354.5,3.313084112,,,,,,,,,,,,,,,,,,,"Andruw Monasterio","19455",655316
"Michael A. Taylor","CHW",112,355,321,71,51,10,1,9,40,32,26,0,113,2,3,3,5,10,2,0.221184,0.0732394,0.31831,0.230089,0.28125,0.342679,0.275301,0.623929,0.121495,5.38399,0.306931,,0.566486,31.5616,-9.96559,72.3761,0.566486,9.3,-11.16016536951065,10.604380011558533,1.16353,732.4099731445312,,,,,,,293.3,2.61875,293.3,2.61875,,,,,,,,,,,,,,,,,,,"Michael A. Taylor","11489",572191
"Andrew Vaughn","CHW",144,597,544,139,88,29,1,21,59,76,41,0,118,8,4,0,14,1,0,0.255515,0.0686767,0.197655,0.347458,0.314908,0.428309,0.322642,0.743217,0.172794,2.18473,0.288509,,-0.881262,75.8242,5.98834,110.232,-0.881262,-3.8,6.108308732509613,-14.767813444137573,1.16103,264.3399963378906,,,,,,,670.5,4.65625,670.5,4.65625,,,,,,,,,,,,,,,,,,,"Andrew Vaughn","26197",683734
"Jahmai Jones","DET",91,319,278,64,40,14,3,7,39,32,32,0,81,6,1,2,5,9,3,0.230216,0.100313,0.253918,0.395062,0.321767,0.377698,0.310161,0.699464,0.147482,6.19977,0.298429,,-0.0306281,37.3113,-0.00465637,103.155,-0.0306281,3,1.1209425330162048,-0.5163140296936035,1.1607,747.239990234375,,,,,,,326.6,3.589010989,326.6,3.589010989,,,,,,,,,,,,,,,,,,,"Jahmai Jones","18872",663330
"Ryan Mountcastle","BAL",128,526,483,124,80,25,1,18,59,69,34,1,125,2,7,0,12,3,1,0.256729,0.0646388,0.237643,0.272,0.304182,0.424431,0.313453,0.728613,0.167702,3.15139,0.305476,,-0.712635,62.9163,1.38588,106.904,-0.712635,-0.1,3.442509710788727,-9.763433076441288,1.15811,233.74000549316406,,,,,,,569.7,4.45078125,569.7,4.45078125,,,,,,,,,,,,,,,,,,,"Ryan Mountcastle","18373",663624
"Kevin Kiermaier",,107,309,281,64,44,12,3,5,39,32,19,0,86,3,2,4,5,8,2,0.227758,0.0614887,0.278317,0.22093,0.281967,0.345196,0.275805,0.627163,0.117438,6.78015,0.307292,,0.269087,27.5973,-8.54894,77.0005,0.269087,8,-8.229334354400635,9.135361552238464,1.1563,999,,,,,,,251.9,2.354205607,251.9,2.354205607,,,,,,,,,,,,,,,,,,,"Kevin Kiermaier","11038",595281
"Tyler Black","MIL",116,511,443,102,67,17,6,12,63,60,55,1,119,11,2,0,5,18,4,0.230248,0.107632,0.232877,0.462185,0.328767,0.376975,0.313079,0.705742,0.146727,7.01545,0.286624,,0.938175,60.9684,1.19259,100.018,0.938175,2.6,0.9491140805184841,-6.78786039352417,1.15445,610.530029296875,,,,,,,545.5,4.702586206,545.5,4.702586206,,,,,,,,,,,,,,,,,,,"Tyler Black","29949",672012
"Sandro Fabian",,117,469,436,103,63,23,2,15,50,62,25,0,85,6,2,0,14,3,2,0.236239,0.0533049,0.181237,0.294118,0.285714,0.401376,0.298238,0.68709,0.165138,3.71427,0.260355,,-0.9519,50.3551,-4.50765,93.5945,-0.9519,5.1,-4.389314413070679,-0.06975317001342773,1.15416,999,,,,,,,453,3.871794871,453,3.871794871,,,,,,,,,,,,,,,,,,,"Sandro Fabian","19910",660758
"Connor Wong","BOS",117,430,397,101,65,23,1,12,51,50,25,0,112,6,1,1,5,6,4,0.254408,0.0581395,0.260465,0.223214,0.307692,0.40806,0.312117,0.715753,0.153652,3.91729,0.324818,,-1.1777,50.9712,0.670644,97.5445,-1.1777,-8.7,-2.3858455419540405,-0.8002347946166992,1.15136,232.60000610351562,,,,,,,447,3.82051282,447,3.82051282,,,,,,,,,,,,,,,,,,,"Connor Wong","19896",657136
"Nolan Schanuel","LAA",140,586,502,127,92,21,1,13,68,60,68,0,97,9,5,2,9,8,1,0.252988,0.116041,0.165529,0.701031,0.349315,0.376494,0.323696,0.725809,0.123506,4.06163,0.287154,,-0.138826,74.9242,6.37505,109.713,-0.138826,-4,6.373683571815491,-14.765726089477539,1.15078,311.2099914550781,,,,,,,641.4,4.581428571,641.4,4.581428571,,,,,,,,,,,,,,,,,,,"Nolan Schanuel","33189",694384
"Ricardo Genovés","TBR",81,306,275,57,36,14,0,7,31,34,23,0,96,5,2,1,6,1,0,0.207273,0.0751634,0.313726,0.239583,0.278689,0.334545,0.272466,0.613234,0.127273,2.66281,0.287356,,-0.305115,26.507,-9.28829,79.4989,-0.305115,2.8,-7.483143150806427,8.421693086624146,1.15043,999,,,,,,,236.5,2.919753086,236.5,2.919753086,,,,,,,,,,,,,,,,,,,"Ricardo Genoves","sa916844",665648
"Blaine Crim","TEX",128,555,498,122,79,24,2,17,67,72,44,0,115,8,5,0,14,3,1,0.24498,0.0792793,0.207207,0.382609,0.313514,0.403614,0.313276,0.717128,0.158635,3.62293,0.283019,,-0.838914,66.3064,1.38353,104.173,-0.838914,1,1.8111035227775574,-9.196208000183105,1.14805,999,,,,,,,584.9,4.56953125,584.9,4.56953125,,,,,,,,,,,,,,,,,,,"Blaine Crim","sa3010170",688760
"Ryan Fitzgerald","MIN",105,415,371,82,49,21,3,9,41,44,32,1,109,7,3,2,3,3,3,0.221024,0.0771084,0.262651,0.293578,0.292978,0.366577,0.289242,0.659555,0.145553,4.09229,0.285156,,-1.30166,41.5527,-6.99324,82.7809,-1.30166,5.2,-9.478079199790955,6.724838137626648,1.14442,999,,,,,,,365.1,3.477142857,365.1,3.477142857,,,,,,,,,,,,,,,,,,,"Ryan Fitzgerald","sa3006218",680837
"Kyle Higashioka","TEX",82,248,228,48,27,10,0,11,24,34,16,0,67,0,3,1,4,1,0,0.210526,0.0645161,0.270161,0.238806,0.259109,0.399123,0.283087,0.658232,0.188596,2.32937,0.24183,,-0.139374,23.6028,-5.40774,82.9372,-0.139374,3.2,-4.981189161539078,7.75614333152771,1.14041,370.5899963378906,,,,,,,223.1,2.720731707,223.1,2.720731707,,,,,,,,,,,,,,,,,,,"Kyle Higashioka","5517",543309
"Christian Encarnacion-Strand","CIN",109,471,435,112,66,23,2,21,60,76,27,1,133,7,2,0,7,3,1,0.257471,0.0573248,0.282378,0.203008,0.309979,0.464368,0.332395,0.774347,0.206897,4.00126,0.321555,,-0.586356,63.5184,8.42175,106.917,-0.586356,0.7,3.309215247631073,-7.952997982501984,1.14029,229.16000366210938,,,,,,,572.6,5.253211009,572.6,5.253211009,,,,,,,,,,,,,,,,,,,"Christian Encarnacion-Strand","30011",687952
"Kevin Alcántara","CHC",116,494,456,109,78,19,1,11,58,52,33,0,149,3,2,0,8,10,3,0.239035,0.0668016,0.301619,0.221477,0.293522,0.357456,0.286732,0.650978,0.118421,4.66256,0.328859,,-0.114755,48.4645,-9.32272,85.2022,-0.114755,1.6,-8.856261923909187,3.415108799934387,1.13704,681.47998046875,,,,,,,437.2,3.768965517,437.2,3.768965517,,,,,,,,,,,,,,,,,,,"Kevin Alcantara","25971",682634
"Tanner Morris",,82,356,310,73,56,13,1,3,36,31,40,0,80,3,2,1,7,2,1,0.235484,0.11236,0.224719,0.5,0.326761,0.312903,0.290558,0.639664,0.0774194,3.27347,0.305677,,-0.786356,36.0222,-5.62198,88.8512,-0.786356,3.1,-5.327713251113892,4.408053994178772,1.13066,999,,,,,,,300.4,3.663414634,300.4,3.663414634,,,,,,,,,,,,,,,,,,,"Tanner Morris","sa3009873",671088
"Dominic Canzone","SEA",107,402,368,89,56,17,1,15,49,51,29,1,93,2,3,0,9,4,1,0.241848,0.0721393,0.231343,0.311828,0.298507,0.415761,0.308657,0.714268,0.173913,3.90544,0.281369,,-0.283755,46.5328,-0.49243,107.286,-0.283755,-1.1,3.0675331354141235,-5.531216740608215,1.12957,749.5,,,,,,,424.2,3.964485981,424.2,3.964485981,,,,,,,,,,,,,,,,,,,"Dominic Canzone","26438",686527
"Jack Dunn","DET",112,427,368,81,63,12,1,5,48,39,46,1,82,6,2,5,12,11,4,0.220109,0.107728,0.192037,0.560976,0.315166,0.298913,0.279741,0.614079,0.0788044,4.68951,0.268551,,-0.319762,39.489,-10.4607,78.3155,-0.319762,3.4,-11.392096042633057,8.10679006576538,1.12926,999,,,,,,,338.8,3.025,338.8,3.025,,,,,,,,,,,,,,,,,,,"Jack Dunn","sa3010029",686639
"Oliver Dunn","MIL",97,342,304,63,39,14,3,7,35,34,34,1,122,3,0,1,2,7,2,0.207237,0.0994152,0.356725,0.278689,0.293255,0.342105,0.282258,0.63536,0.134868,5.92604,0.32,,-0.00194447,32.321,-7.6855,79.2737,-0.00194447,6.7,-8.47829907387495,7.956613540649414,1.12235,691.6699829101562,,,,,,,291,3,291,3,,,,,,,,,,,,,,,,,,,"Oliver Dunn","26295",686554
"Drew Ellis",,87,354,307,63,34,16,1,12,42,42,39,1,96,6,2,0,7,2,1,0.205212,0.110169,0.271186,0.40625,0.305085,0.381107,0.302387,0.686192,0.175896,3.5761,0.253731,,-0.620615,39.1902,-2.22007,94.724,-0.620615,0.5,-2.7576509714126587,1.8007054328918457,1.11993,999,,,,,,,346.7,3.985057471,346.7,3.985057471,,,,,,,,,,,,,,,,,,,"Drew Ellis","19873",656403
"Austin Hays","CIN",121,448,411,107,63,28,1,15,58,54,27,1,111,6,3,1,8,3,2,0.260341,0.0602679,0.247768,0.243243,0.313199,0.442822,0.325661,0.756021,0.182482,3.53713,0.319444,,-0.959793,57.9887,5.58251,102.384,-0.959793,0.5,0.31755882501602173,-4.438271522521973,1.11521,384.3999938964844,,,,,,,515.2,4.257851239,515.2,4.257851239,,,,,,,,,,,,,,,,,,,"Austin Hays","19363",669720
"Carlos Narvaez","BOS",96,392,342,74,50,16,0,8,40,40,41,1,116,6,3,0,9,4,1,0.216374,0.104592,0.295918,0.353448,0.308673,0.333333,0.28757,0.642007,0.116959,3.19413,0.298643,,-0.362679,38.7222,-7.13322,80.2779,-0.362679,-0.3,-9.20865386724472,6.901646316051483,1.11132,741.8599853515625,,,,,,,339.8,3.539583333,339.8,3.539583333,,,,,,,,,,,,,,,,,,,"Carlos Narvaez","19722",665966
"Dane Myers","MIA",102,385,349,89,62,15,2,10,50,49,26,0,106,7,3,0,7,10,2,0.255014,0.0675325,0.275325,0.245283,0.316883,0.395415,0.311993,0.712299,0.140401,5.94025,0.334746,,0.440207,45.5987,0.562187,97.0374,0.440207,3.1,-0.9237171709537506,-1.1438274383544922,1.11058,662.6900024414062,,,,,,,410.7,4.026470588,410.7,4.026470588,,,,,,,,,,,,,,,,,,,"Dane Myers","22054",667472
"Rhylan Thomas","SEA",116,467,428,110,87,19,0,4,56,40,28,0,53,2,2,7,3,12,6,0.257009,0.0599572,0.11349,0.528302,0.304348,0.329439,0.281473,0.633787,0.0724299,4.27005,0.284182,,-0.953452,43.8392,-10.7896,88.1643,-0.953452,7.6,-7.2777997851371765,2.4522924423217773,1.10943,999,,,,,,,376.7,3.247413793,376.7,3.247413793,,,,,,,,,,,,,,,,,,,"Rhylan Thomas","sa3020124",689041
"Tyler Tolbert","KCR",120,525,467,104,75,19,6,4,61,47,34,0,140,7,2,15,9,27,3,0.222698,0.0647619,0.266667,0.242857,0.284314,0.314775,0.267005,0.599089,0.0920771,8.00758,0.307692,,3.26946,43.1701,-18.2433,67.1387,3.26946,3.9,-16.470673322677612,9.687036991119385,1.10688,999,,,,,,,408.2,3.401666666,408.2,3.401666666,,,,,,,,,,,,,,,,,,,"Tyler Tolbert","sa3010337",686475
"Cal Stevenson","PHI",108,393,331,75,50,17,2,6,53,39,51,1,82,1,4,6,3,17,4,0.226586,0.129771,0.208651,0.621951,0.328165,0.344411,0.300687,0.672576,0.117825,6.4077,0.279352,,0.98284,42.9701,-3.00231,91.4603,0.98284,-0.8,-3.0304344296455383,0.6440035700798035,1.10516,999,,,,,,,383.2,3.548148148,383.2,3.548148148,,,,,,,,,,,,,,,,,,,"Cal Stevenson","22411",670276
"Austin Shenton","SEA",104,442,390,86,50,21,1,14,50,54,46,0,145,4,2,0,8,0,0,0.220513,0.104072,0.328054,0.317241,0.307692,0.387179,0.306095,0.694872,0.166667,2.17464,0.309013,,-0.789242,50.2515,-1.45277,105.484,-0.789242,2.1,1.9841673374176025,-6.020223140716553,1.10489,999,,,,,,,439.8,4.228846153,439.8,4.228846153,,,,,,,,,,,,,,,,,,,"Austin Shenton","25425",668853
"Jorge Barrosa","ARI",109,476,427,99,68,21,3,7,54,48,38,0,97,5,2,4,6,12,6,0.23185,0.0798319,0.203782,0.391753,0.300847,0.344262,0.28645,0.64511,0.112412,5.40898,0.283077,,-0.906097,46.5908,-9.09074,80.8326,-0.906097,4.9,-11.81624972820282,6.648971319198608,1.10342,999,,,,,,,406.2,3.726605504,406.2,3.726605504,,,,,,,,,,,,,,,,,,,"Jorge Barrosa","23968",678489
"Davis Wendzel","CIN",104,414,369,79,50,15,0,14,44,51,34,1,98,8,3,0,7,2,1,0.214092,0.0821256,0.236715,0.346939,0.292271,0.368564,0.290798,0.660834,0.154472,2.54285,0.25,,-0.723217,41.971,-6.45796,78.9191,-0.723217,6.5,-11.159601032733917,8.021164059638977,1.09972,999,,,,,,,375.5,3.610576923,375.5,3.610576923,,,,,,,,,,,,,,,,,,,"Davis Wendzel","26469",673995
"Rafael Marchán","PHI",65,251,223,52,37,10,1,4,26,25,20,0,40,5,2,1,6,0,0,0.233184,0.0796813,0.159363,0.5,0.308,0.340807,0.289359,0.648807,0.107623,2.28992,0.265193,,-0.48933,25.1554,-4.20612,83.8353,-0.48933,3,-5.34112823009491,7.611258029937744,1.09771,713.6900024414062,,,,,,,215.5,3.315384615,215.5,3.315384615,,,,,,,,,,,,,,,,,,,"Rafael Marchan","21646",665561
"Brandon Crawford",,87,316,281,64,42,13,1,8,34,34,28,2,78,4,3,0,6,2,1,0.227758,0.0886076,0.246835,0.358974,0.303797,0.366548,0.29339,0.670345,0.13879,3.47585,0.282828,,-0.573261,32.6951,-4.26994,88.6063,-0.573261,1.5,-4.878660202026367,4.983245134353638,1.0976,999,,,,,,,293,3.367816091,293,3.367816091,,,,,,,,,,,,,,,,,,,"Brandon Crawford","5343",543063
"Trey Cabbage",,108,412,372,88,50,21,2,15,55,52,34,1,148,3,2,1,5,15,4,0.236559,0.0825243,0.359223,0.22973,0.304136,0.424731,0.315256,0.728867,0.188172,6.24303,0.345972,,0.701226,49.8783,1.68338,99.2684,0.701226,1.1,0.3407846689224243,-3.4414461851119995,1.09674,999,,,,,,,462.4,4.281481481,462.4,4.281481481,,,,,,,,,,,,,,,,,,,"Trey Cabbage","21078",663550
"Jud Fabian","BAL",123,530,473,93,60,18,1,14,51,56,45,0,192,5,5,2,7,11,5,0.196617,0.0849057,0.362264,0.234375,0.270833,0.327696,0.265869,0.598529,0.131078,4.2107,0.290441,,-0.693198,43.0969,-18.9015,73.4328,-0.693198,7.8,-16.80436062812805,9.747384071350098,1.09586,999,,,,,,,394.2,3.204878048,394.2,3.204878048,,,,,,,,,,,,,,,,,,,"Jud Fabian","sa3019942",682983
"Michael Helman","STL",95,391,356,81,51,18,2,10,50,46,29,0,98,4,2,0,7,11,2,0.227528,0.0741688,0.250639,0.295918,0.29156,0.373596,0.291787,0.665156,0.146067,6.25312,0.284,,0.727024,39.9505,-5.78795,89.7156,0.727024,-2.9,-3.8740609884262085,1.4099645614624023,1.09166,999,,,,,,,369.5,3.889473684,369.5,3.889473684,,,,,,,,,,,,,,,,,,,"Michael Helman","24605",680737
"Marcelo Mayer","BOS",81,358,330,80,50,22,1,7,45,40,23,1,84,2,3,0,6,7,2,0.242424,0.0642458,0.234637,0.27381,0.293296,0.378788,0.291938,0.672084,0.136364,5.18841,0.301653,,0.00594795,36.6221,-5.25603,83.3501,0.00594795,1.5,-6.814289212226868,5.4462080001831055,1.09124,999,,,,,,,336,4.148148148,336,4.148148148,,,,,,,,,,,,,,,,,,,"Marcelo Mayer","sa3017114",691785
"Juan Flores","LAA",97,401,367,74,50,15,1,8,42,43,16,1,111,10,2,6,9,2,2,0.201635,0.0399003,0.276808,0.144144,0.253165,0.313352,0.249817,0.566516,0.111717,3.90316,0.264,,-1.00194,27.4264,-19.4818,57.7451,-1.00194,10.2,-20.389668464660645,17.56698989868164,1.08905,999,,,,,,,248,2.55670103,248,2.55670103,,,,,,,,,,,,,,,,,,,"Juan Flores","sa3021185",808129
"Rikuu Nishida","CHW",122,562,489,122,102,15,4,1,84,43,52,1,78,8,2,11,6,19,7,0.249489,0.0925267,0.13879,0.666667,0.330309,0.302658,0.287396,0.632967,0.0531697,6.44057,0.293689,,-0.305725,55.436,-10.3056,85.4394,-0.305725,-0.6,-9.668826758861542,1.4649616479873657,1.08759,999,,,,,,,466.4,3.822950819,466.4,3.822950819,,,,,,,,,,,,,,,,,,,"Rikuu Nishida","sa3023234",807747
"Brewer Hicklen","MIL",113,466,410,86,48,18,3,17,61,70,42,2,168,12,2,0,7,24,3,0.209756,0.0901288,0.360515,0.25,0.300429,0.392683,0.303282,0.693112,0.182927,7.61731,0.303965,,2.79574,51.9249,-2.58689,93.4239,2.79574,1,-0.8687434196472168,-4.136684417724609,1.08574,999,,,,,,,499.9,4.423893805,499.9,4.423893805,,,,,,,,,,,,,,,,,,,"Brewer Hicklen","20450",676551
"Cooper Hummel","HOU",104,422,361,80,51,18,4,7,51,48,52,1,106,7,2,0,6,10,3,0.221607,0.123223,0.251185,0.490566,0.329384,0.351801,0.305086,0.681184,0.130194,6.22208,0.292,,-0.0752932,47.6349,-1.72987,99.9396,-0.0752932,1.2,-0.10447803698480129,-3.4516756534576416,1.0856,999,,,,,,,415.4,3.994230769,415.4,3.994230769,,,,,,,,,,,,,,,,,,,"Cooper Hummel","19458",669450
"James Triantos","CHC",113,480,445,112,86,17,4,5,59,48,23,0,65,7,5,0,11,24,6,0.251685,0.0479167,0.135417,0.353846,0.295833,0.341573,0.280524,0.637406,0.0898876,7.05267,0.281579,,1.45444,44.6929,-11.4565,81.0243,1.45444,2.2,-9.437368869781494,3.963668465614319,1.08553,999,,,,,,,420.1,3.717699115,420.1,3.717699115,,,,,,,,,,,,,,,,,,,"James Triantos","sa3017295",701649
"Miles Mastrobuoni","SEA",111,408,369,87,65,16,2,4,48,32,37,1,90,0,1,1,4,14,2,0.235772,0.0906863,0.220588,0.411111,0.304668,0.322493,0.279727,0.627162,0.0867209,5.94436,0.300725,,1.19285,37.7272,-9.99983,86.9361,1.19285,-2.7,-4.905887484550476,1.7973544597625732,1.08363,999,,,,,,,345.6,3.113513513,345.6,3.113513513,,,,,,,,,,,,,,,,,,,"Miles Mastrobuoni","20017",670156
"LaMonte Wade Jr.","SFG",116,413,346,82,56,14,1,11,50,40,57,3,89,5,3,2,3,2,1,0.236994,0.138015,0.215496,0.640449,0.350365,0.378613,0.323254,0.728978,0.141618,3.21088,0.285141,,-0.912635,52.6582,4.34626,109.206,-0.912635,0.6,3.6338104009628296,-6.987448573112488,1.07405,431.4100036621094,,,,,,,449.9,3.878448275,449.9,3.878448275,,,,,,,,,,,,,,,,,,,"LaMonte Wade Jr.","18126",664774
"Carlos Santana","CLE",124,504,438,96,60,20,0,16,52,57,60,2,90,3,3,0,9,3,0,0.219178,0.119048,0.178571,0.666667,0.315476,0.374429,0.304613,0.689905,0.155251,2.65494,0.238806,,-0.354983,56.6989,-2.25805,99.3047,-0.354983,3.6,-0.7559596300125122,-5.65925931930542,1.07263,345.5199890136719,,,,,,,502.7,4.054032258,502.7,4.054032258,,,,,,,,,,,,,,,,,,,"Carlos Santana","2396",467793
"Jimmy Herron","MIL",105,441,395,92,64,15,2,11,53,53,37,0,90,6,2,1,5,13,3,0.232911,0.0839002,0.204082,0.411111,0.306818,0.364557,0.297252,0.671375,0.131646,5.61647,0.273649,,0.540492,46.9988,-4.58852,89.3652,0.540492,5.6,-5.067804753780365,0.7388887405395508,1.06963,999,,,,,,,423.8,4.036190476,423.8,4.036190476,,,,,,,,,,,,,,,,,,,"Jimmy Herron","sa3008183",676939
"Mauricio Dubón","HOU",127,411,384,101,73,20,1,7,50,43,18,0,56,3,4,2,9,4,2,0.263021,0.0437956,0.136253,0.321429,0.298288,0.375,0.293291,0.673289,0.111979,3.99615,0.289231,,-0.7519,42.4914,-5.58661,91.6426,-0.7519,5.8,-4.682156622409821,1.2695770263671875,1.06255,468.8399963378906,,,,,,,376.1,2.961417322,376.1,2.961417322,,,,,,,,,,,,,,,,,,,"Mauricio Dubon","16530",643289
"Brice Matthews","HOU",76,331,291,62,39,12,1,10,39,44,31,0,123,8,1,0,4,16,6,0.213058,0.0936556,0.371601,0.252033,0.305136,0.364261,0.298038,0.669397,0.151203,5.97427,0.327044,,0.154353,35.4853,-3.2344,94.9821,0.154353,-2.7,-1.7461013942956924,0.9485890865325928,1.05721,999,,,,,,,321.3,4.227631578,321.3,4.227631578,,,,,,,,,,,,,,,,,,,"Brice Matthews","sa3022563",694728
"Cooper Pratt","MIL",96,408,368,81,61,12,2,6,44,41,28,0,109,6,4,2,6,13,2,0.220109,0.0686275,0.267157,0.256881,0.283251,0.3125,0.265842,0.595751,0.0923913,5.95269,0.291829,,1.04021,33.1676,-14.5594,68.2246,1.04021,6.6,-14.462680578231812,11.097354412078857,1.05565,999,,,,,,,309.3,3.221875,309.3,3.221875,,,,,,,,,,,,,,,,,,,"Cooper Pratt","sa3022867",806198
"Diego Velasquez","SFG",117,522,458,113,83,23,3,4,50,48,34,0,103,8,5,17,8,11,6,0.246725,0.0651341,0.197318,0.330097,0.306931,0.336245,0.285533,0.643175,0.0895196,4.94401,0.30618,,-1.21659,50.708,-10.3545,83.8172,-1.21659,-1.6,-11.31809937953949,4.1539682149887085,1.05539,999,,,,,,,426.3,3.643589743,426.3,3.643589743,,,,,,,,,,,,,,,,,,,"Diego Velasquez","sa3016144",694196
"Ruben Cardenas",,101,417,381,92,58,16,2,16,51,59,27,1,103,6,3,0,7,6,5,0.24147,0.0647482,0.247002,0.262136,0.29976,0.419948,0.311112,0.719708,0.178478,4.33163,0.286792,,-1.53535,49.0929,0.31305,98.4766,-1.53535,3.2,-2.295000910758972,-1.3965609073638916,1.05291,999,,,,,,,438.8,4.344554455,438.8,4.344554455,,,,,,,,,,,,,,,,,,,"Ruben Cardenas","sa3007505",665180
"Blake Dunn","CIN",115,464,404,95,68,14,2,11,65,55,37,0,137,14,2,7,2,20,3,0.235149,0.0797414,0.295259,0.270073,0.319475,0.361386,0.303774,0.680861,0.126238,6.76351,0.325581,,1.84578,51.8858,-2.39207,87.6527,1.84578,4.8,-5.005199193954468,-0.3146381378173828,1.04639,748.0999755859375,,,,,,,466,4.052173913,466,4.052173913,,,,,,,,,,,,,,,,,,,"Blake Dunn","29487",694362
"Armando Alvarez","MIN",91,348,315,78,48,19,0,11,43,45,29,0,74,1,3,0,9,3,1,0.247619,0.0833333,0.212644,0.391892,0.310345,0.412698,0.314389,0.723043,0.165079,3.21278,0.287554,,-0.420615,41.8875,1.17911,105.614,-0.420615,-4.6,1.8148342072963715,-3.321340322494507,1.04251,999,,,,,,,373.2,4.101098901,373.2,4.101098901,,,,,,,,,,,,,,,,,,,"Armando Alvarez","19292",669137
"Nate Eaton","BOS",114,448,411,94,61,20,3,10,52,52,25,0,118,4,3,5,5,19,4,0.22871,0.0558036,0.263393,0.211864,0.277652,0.364964,0.28047,0.642616,0.136253,6.89261,0.293706,,1.46966,41.6937,-10.7125,75.2833,1.46966,4.7,-11.20024824142456,6.346090316772461,1.04106,999,,,,,,,396.4,3.477192982,396.4,3.477192982,,,,,,,,,,,,,,,,,,,"Nate Eaton","25055",681987
"Cole Conn","ATH",96,392,340,64,46,12,1,5,33,31,35,0,105,7,3,7,7,5,1,0.188235,0.0892857,0.267857,0.333333,0.275325,0.273529,0.250937,0.548854,0.0852941,4.25002,0.253219,,-0.0995396,27.1644,-18.691,64.2754,-0.0995396,5.9,-16.123085781931877,13.101646423339844,1.03754,999,,,,,,,238.6,2.485416666,238.6,2.485416666,,,,,,,,,,,,,,,,,,,"Cole Conn","sa3029251",813833
"Joshua Palacios","PIT",99,354,320,84,56,17,2,9,44,43,26,1,74,5,1,2,5,7,3,0.2625,0.0734463,0.20904,0.351351,0.326705,0.4125,0.322384,0.739205,0.15,5.14136,0.315126,,-0.493768,44.8878,3.47756,104.067,-0.493768,0.9,1.2276911437511444,-3.002116322517395,1.03424,749.780029296875,,,,,,,393.6,3.975757575,393.6,3.975757575,,,,,,,,,,,,,,,,,,,"Joshua Palacios","19818",641943
"Charles Leblanc","ATL",109,433,380,87,57,17,2,11,48,56,49,1,136,3,1,0,6,4,2,0.228947,0.113164,0.314088,0.360294,0.321016,0.371053,0.306823,0.692069,0.142105,4.11387,0.324786,,-0.862394,49.4819,-1.16964,94.9865,-0.862394,7,-3.4583159685134888,-0.9548792839050293,1.03341,999,,,,,,,429.3,3.93853211,429.3,3.93853211,,,,,,,,,,,,,,,,,,,"Charles Leblanc","19813",641779
"Colt Emerson","SEA",68,325,287,64,45,14,1,4,43,32,29,0,74,8,1,0,5,7,1,0.222997,0.0892308,0.227692,0.391892,0.310769,0.320558,0.285458,0.631327,0.097561,5.69529,0.285714,,0.347815,31.5514,-6.46648,90.9672,0.347815,-1.4,-3.0111802220344543,2.182451605796814,1.03333,999,,,,,,,276.8,4.070588235,276.8,4.070588235,,,,,,,,,,,,,,,,,,,"Colt Emerson","sa3022923",806068
"Javier Báez","DET",110,432,403,93,63,17,2,11,48,50,20,1,109,6,3,0,10,10,1,0.230769,0.0462963,0.252315,0.183486,0.275463,0.364764,0.278454,0.640227,0.133995,5.73285,0.286713,,0.90046,39.5036,-11.0309,80.8514,0.90046,-0.6,-8.564645528793335,4.161904692649841,1.03259,629.97998046875,,,,,,,376.1,3.419090909,376.1,3.419090909,,,,,,,,,,,,,,,,,,,"Javier Baez","12979",595879
"Nick Sogard","BOS",120,488,433,106,77,20,2,7,61,48,48,1,106,3,3,1,9,9,4,0.244804,0.0983607,0.217213,0.45283,0.322382,0.34873,0.298472,0.671112,0.103926,4.88258,0.306502,,-0.822363,52.4872,-4.59815,87.9465,-0.822363,-4.1,-7.55271852016449,1.279188632965088,1.03218,999,,,,,,,454.7,3.789166666,454.7,3.789166666,,,,,,,,,,,,,,,,,,,"Nick Sogard","25483",686765
"Tsung-Che Cheng","PIT",128,529,465,105,72,22,3,8,63,50,44,0,130,3,3,14,5,12,6,0.225806,0.0831758,0.245747,0.338462,0.295146,0.337634,0.281029,0.63278,0.111828,5.49917,0.293939,,-0.969237,49.4701,-12.4113,76.2316,-0.969237,2.5,-16.004722893238068,8.331128597259521,1.02685,999,,,,,,,426.1,3.32890625,426.1,3.32890625,,,,,,,,,,,,,,,,,,,"Tsung-Che Cheng","sa3015376",691907
"Eddy Alvarez","ATL",96,362,312,74,47,17,2,8,48,43,30,0,101,11,2,7,3,9,4,0.237179,0.0828729,0.279006,0.29703,0.323944,0.38141,0.312503,0.705354,0.144231,5.83482,0.321951,,-0.514559,43.0233,0.677236,98.8099,-0.514559,2.9,-1.0297313928604126,-1.0902998447418213,1.02606,999,,,,,,,367.2,3.825,367.2,3.825,,,,,,,,,,,,,,,,,,,"Eddy Alvarez","16959",657193
"Jack Pineda","KCR",119,506,434,100,70,22,2,6,57,46,41,1,127,8,5,18,5,10,4,0.230415,0.0810277,0.250988,0.322835,0.305328,0.331797,0.283618,0.637125,0.101382,5.15219,0.30719,,-0.551331,48.3735,-10.8174,78.8245,-0.551331,0.3,-12.811316430568695,5.877601444721222,1.02597,999,,,,,,,412.4,3.465546218,412.4,3.465546218,,,,,,,,,,,,,,,,,,,"Jack Pineda","sa3020762",801442
"Bryson Brigman",,102,385,354,93,72,14,2,5,44,43,22,0,76,5,2,2,9,6,3,0.262712,0.0571429,0.197403,0.289474,0.313316,0.355932,0.295653,0.669248,0.0932203,4.633,0.32,,-0.796369,40.5354,-4.50119,90.3597,-0.796369,0.9,-5.234609544277191,2.3146090507507324,1.02254,999,,,,,,,349.8,3.429411764,349.8,3.429411764,,,,,,,,,,,,,,,,,,,"Bryson Brigman","sa829857",624417
"Taylor Walls","TBR",108,367,320,66,44,14,2,6,45,31,43,0,91,1,2,1,4,17,4,0.20625,0.117166,0.247956,0.472527,0.300546,0.31875,0.279202,0.619296,0.1125,6.47119,0.266667,,1.08544,33.7807,-9.15022,84.237,1.08544,-0.9,-5.533839583396912,3.1454144716262817,1.01684,706.9000244140625,,,,,,,311.1,2.880555555,311.1,2.880555555,,,,,,,,,,,,,,,,,,,"Taylor Walls","22458",670764
"Josh Bell","WSN",140,572,507,127,83,23,1,20,61,67,57,2,112,4,4,0,18,0,1,0.250493,0.0996504,0.195804,0.508929,0.328671,0.418146,0.325262,0.746817,0.167653,1.73934,0.282322,,-1.52573,73.8553,6.94389,108.954,-1.52573,-3.3,4.598791837692261,-13.808523893356323,1.01609,331.8999938964844,,,,,,,644.8,4.605714285,644.8,4.605714285,,,,,,,,,,,,,,,,,,,"Josh Bell","13145",605137
"Nick Fortes","MIA",102,334,303,70,50,13,0,7,34,33,18,0,49,6,3,4,10,2,1,0.231023,0.0538922,0.146707,0.367347,0.284848,0.343234,0.27717,0.628083,0.112211,2.86919,0.252,,-0.589046,30.1971,-8.87359,73.599,-0.589046,3.7,-11.133600354194641,9.83609652519226,1.01471,608.260009765625,,,,,,,265.5,2.602941176,265.5,2.602941176,,,,,,,,,,,,,,,,,,,"Nick Fortes","21538",663743
"Giancarlo Stanton","NYY",107,440,394,90,49,16,0,25,45,69,42,2,131,2,2,0,15,0,0,0.228426,0.0954545,0.297727,0.320611,0.304545,0.459391,0.327673,0.763936,0.230964,0.686081,0.270833,,-0.71821,57.6657,6.19535,114.276,-0.71821,0,6.4692628383636475,-11.316872596740723,1.01419,499.6199951171875,,,,,,,523.4,4.891588785,523.4,4.891588785,,,,,,,,,,,,,,,,,,,"Giancarlo Stanton","4949",519317
"Griffin Conine","MIA",124,491,441,100,63,18,2,17,52,62,43,1,173,5,2,0,8,0,0,0.226757,0.0875764,0.352342,0.248555,0.301426,0.39229,0.30346,0.693716,0.165533,2.25397,0.328063,,-0.868166,54.781,-2.65523,91.294,-0.868166,4.8,-5.979814529418945,-0.6122574806213379,1.00786,675.5499877929688,,,,,,,486.4,3.922580645,486.4,3.922580645,,,,,,,,,,,,,,,,,,,"Griffin Conine","21626",665052
"Matthew Batten","ATL",115,491,445,96,71,16,2,7,55,44,39,0,130,3,3,1,6,15,2,0.21573,0.0794297,0.264766,0.3,0.281633,0.307865,0.263748,0.589498,0.0921348,5.96268,0.286174,,1.29814,39.0872,-18.349,70.8636,1.29814,7.4,-15.809018969535828,9.204085946083069,1.00653,999,,,,,,,365.1,3.174782608,365.1,3.174782608,,,,,,,,,,,,,,,,,,,"Matthew Batten","20157",676946
"Tristan Peters","TBR",117,482,430,100,68,20,4,8,59,49,43,1,99,5,3,1,6,8,5,0.232558,0.0892116,0.205394,0.434343,0.307692,0.353488,0.292388,0.661181,0.12093,5.25322,0.282209,,-1.33266,49.4815,-6.90192,93.5125,-1.33266,3.9,-4.910578370094299,-1.4130511283874512,1.00635,999,,,,,,,431.2,3.685470085,431.2,3.685470085,,,,,,,,,,,,,,,,,,,"Tristan Peters","sa3017851",671976
"Jake Alu",,108,434,396,99,68,23,1,7,47,45,29,0,78,3,5,1,6,9,2,0.25,0.0668203,0.179724,0.371795,0.30254,0.366162,0.293051,0.668702,0.116162,4.62066,0.291139,,0.200745,44.7855,-5.98294,87.2738,0.200745,0.1,-6.403884068131447,1.694650150835514,1.00628,999,,,,,,,404.1,3.741666666,404.1,3.741666666,,,,,,,,,,,,,,,,,,,"Jake Alu","25569",666906
"Brady House","WSN",126,532,498,116,78,21,2,15,61,65,24,0,149,8,2,0,18,4,2,0.232932,0.0451128,0.280075,0.161074,0.278196,0.373494,0.284476,0.651689,0.140562,4.26922,0.300595,,-0.878179,51.2268,-11.0055,81.5025,-0.878179,2.7,-12.645744025707245,4.654732584953308,1.00439,999,,,,,,,462.9,3.673809523,462.9,3.673809523,,,,,,,,,,,,,,,,,,,"Brady House","sa3017694",691781
"Ali Sánchez","TOR",76,280,257,58,42,11,0,5,24,28,18,0,67,1,1,3,12,1,1,0.225681,0.0642857,0.239286,0.268657,0.277978,0.326848,0.267882,0.604827,0.101167,1.97807,0.284946,,-0.686444,23.2218,-9.53207,73.5725,-0.686444,4.4,-9.153262972831726,9.54403305053711,1.00435,999,,,,,,,202.8,2.668421052,202.8,2.668421052,,,,,,,,,,,,,,,,,,,"Ali Sanchez","18551",645305
"Pablo Reyes","NYY",98,349,314,74,52,13,1,8,45,37,29,0,67,2,2,2,6,9,4,0.235669,0.0830946,0.191977,0.432836,0.302594,0.359873,0.292705,0.662466,0.124204,5.13701,0.273859,,-0.475097,35.917,-4.90832,89.6792,-0.475097,1.4,-4.596480339765549,2.6823339462280273,1.00385,999,,,,,,,317.9,3.243877551,317.9,3.243877551,,,,,,,,,,,,,,,,,,,"Pablo Reyes","16357",622569
"Kevin Smith",,98,369,340,74,47,16,1,10,39,44,21,0,126,3,3,2,6,9,2,0.217647,0.0569106,0.341463,0.166667,0.26703,0.358824,0.273106,0.625853,0.141176,5.23674,0.309179,,0.429625,32.1544,-11.0105,75.8927,0.429625,3.1,-9.748812973499298,7.1674604415893555,1.0038,999,,,,,,,304,3.102040816,304,3.102040816,,,,,,,,,,,,,,,,,,,"Kevin Smith","20242",675656
"Colson Montgomery","CHW",119,527,462,94,62,18,3,11,53,57,49,2,153,14,2,0,9,4,2,0.203463,0.0929791,0.290323,0.320261,0.297913,0.32684,0.280064,0.624753,0.123377,4.1748,0.276667,,-0.980781,48.8736,-12.7738,80.2819,-0.980781,-0.8,-12.870776355266571,5.0090829730033875,1.00243,513.8300170898438,,,,,,,428.1,3.597478991,428.1,3.597478991,,,,,,,,,,,,,,,,,,,"Colson Montgomery","sa3017170",695657
"Brett Sullivan","SDP",101,412,373,84,54,19,2,9,46,44,31,1,68,3,5,0,8,3,1,0.225201,0.0752427,0.165049,0.455882,0.286408,0.359249,0.282014,0.645657,0.134048,4.20418,0.249169,,-0.491647,38.8553,-9.33967,83.158,-0.491647,-2.8,-8.789246946573257,4.7690770626068115,1.00178,999,,,,,,,353.4,3.4990099,353.4,3.4990099,,,,,,,,,,,,,,,,,,,"Brett Sullivan","18217",664954
"Hunter Goodman","COL",116,460,423,101,52,26,2,21,55,73,27,0,124,6,4,0,10,2,1,0.238771,0.0586957,0.269565,0.217742,0.291304,0.458629,0.3209,0.749933,0.219858,3.62667,0.283688,,-0.675862,57.7791,3.96919,92.549,-0.675862,-9.3,-4.774417400360107,-0.8490886688232422,1.00127,331.739990234375,,,,,,,526.8,4.54137931,526.8,4.54137931,,,,,,,,,,,,,,,,,,,"Hunter Goodman","29715",696100
"Sam Haggerty","TEX",91,293,261,62,44,12,2,4,36,29,24,1,70,4,2,2,3,17,2,0.237548,0.0819113,0.238908,0.342857,0.309278,0.344828,0.289509,0.654106,0.10728,7.32014,0.306878,,2.02963,29.4001,-4.87446,93.8168,2.02963,3.2,-0.043315887451171875,-0.029717683792114258,1.0012,999,,,,,,,280.7,3.084615384,280.7,3.084615384,,,,,,,,,,,,,,,,,,,"Sam Haggerty","18054",664059
"Hoy Park","ATH",108,415,357,78,55,14,2,7,49,35,50,1,108,3,2,3,5,9,3,0.218487,0.120482,0.260241,0.462963,0.317961,0.327731,0.290782,0.645692,0.109244,5.28976,0.290984,,-0.259508,42.067,-6.47894,92.3029,-0.259508,4.3,-3.914453536272049,-0.27451467514038086,0.996142,999,,,,,,,365.3,3.382407407,365.3,3.382407407,,,,,,,,,,,,,,,,,,,"Hoy Park","18027",660829
"Zach McKinstry","DET",120,388,350,82,54,16,5,7,45,32,31,0,82,4,2,1,3,13,2,0.234286,0.0798969,0.21134,0.378049,0.302326,0.368571,0.295153,0.670897,0.134286,7.1914,0.285171,,1.08756,40.695,-4.69247,92.598,1.08756,-5.4,-2.1985881328582764,-1.1231040954589844,0.992756,588.2899780273438,,,,,,,374,3.116666666,374,3.116666666,,,,,,,,,,,,,,,,,,,"Zach McKinstry","19392",656716
"Cole Carrigg","COL",112,513,463,115,79,15,9,12,67,61,32,0,116,6,5,7,7,25,8,0.24838,0.0623782,0.226121,0.275862,0.302372,0.397408,0.303853,0.69978,0.149028,7.90395,0.302941,,0.836535,57.3978,-2.61194,81.0755,0.836535,1.4,-10.77268797159195,3.284920573234558,0.991017,999,,,,,,,527.7,4.711607142,527.7,4.711607142,,,,,,,,,,,,,,,,,,,"Cole Carrigg","sa3022596",694249
"Brett Bateman","CHC",105,475,418,97,76,15,2,4,54,37,47,0,103,3,3,4,6,15,5,0.232057,0.0989474,0.216842,0.456311,0.312102,0.30622,0.279734,0.618322,0.0741627,5.44859,0.296178,,-0.0194772,43.9252,-11.6394,80.4922,-0.0194772,3.1,-11.100054115056992,4.845296740531921,0.987667,999,,,,,,,382.2,3.64,382.2,3.64,,,,,,,,,,,,,,,,,,,"Brett Bateman","sa3022603",703520
"Luis De Los Santos","NYM",89,344,312,67,43,15,1,8,36,38,25,0,95,5,2,0,11,3,2,0.214744,0.0726744,0.276163,0.263158,0.281977,0.346154,0.277751,0.628131,0.13141,3.79512,0.279621,,-0.78616,31.262,-8.97847,80.1255,-0.78616,5.8,-8.961670994758606,7.0639625787734985,0.987112,999,,,,,,,277.7,3.120224719,277.7,3.120224719,,,,,,,,,,,,,,,,,,,"Luis De Los Santos","21682",665782
"Everson Pereira","NYY",83,362,331,78,48,14,3,13,48,50,25,0,123,5,1,0,6,7,3,0.23565,0.0690608,0.339779,0.203252,0.298343,0.413897,0.309747,0.71224,0.178248,5.97442,0.331633,,-0.430628,42.2201,-0.12601,101.666,-0.430628,-4.1,0.2596125304698944,-2.7698999643325806,0.987043,745.9000244140625,,,,,,,380.6,4.585542168,380.6,4.585542168,,,,,,,,,,,,,,,,,,,"Everson Pereira","23695",677592
"Levi Jordan","CIN",96,383,345,85,59,17,1,8,45,46,25,0,88,9,3,1,10,6,2,0.246377,0.0652741,0.229765,0.284091,0.311518,0.371015,0.30116,0.682533,0.124638,4.66836,0.305556,,-0.344008,42.0225,-2.78008,85.8937,-0.344008,2.2,-6.804609417915344,3.6072604656219482,0.987018,999,,,,,,,369,3.84375,369,3.84375,,,,,,,,,,,,,,,,,,,"Levi Jordan","25138",682119
"Ben Rortvedt","TBR",94,298,264,57,40,12,0,5,28,30,29,0,81,4,1,0,5,1,0,0.215909,0.0973154,0.271812,0.358025,0.302013,0.318182,0.279985,0.620195,0.102273,2.36073,0.290503,,-0.376147,27.6174,-7.2421,84.7877,-0.376147,-0.3,-5.563159018754959,5.174720942974091,0.985843,718.2100219726562,,,,,,,237.9,2.530851063,237.9,2.530851063,,,,,,,,,,,,,,,,,,,"Ben Rortvedt","20287",666163
"Gustavo Campero","LAA",110,431,381,93,60,18,4,11,57,60,29,1,87,16,2,3,4,18,5,0.244094,0.0672854,0.201856,0.333333,0.32243,0.39895,0.316643,0.72138,0.154856,7.12612,0.287719,,0.754156,52.66,2.24247,104.752,0.754156,-3.2,3.0977282524108887,-7.950881719589233,0.982632,748.280029296875,,,,,,,473.4,4.303636363,473.4,4.303636363,,,,,,,,,,,,,,,,,,,"Gustavo Campero","22707",672569
"Kody Clemens","PHI",110,412,380,87,50,17,4,16,53,60,26,0,101,3,3,0,5,4,1,0.228947,0.0631068,0.245146,0.257426,0.281553,0.421053,0.30253,0.702606,0.192105,5.51481,0.266917,,-0.228508,45.6586,-2.53633,92.7007,-0.228508,-1.9,-3.824676275253296,-0.38618457317352295,0.982084,748.9299926757812,,,,,,,421.5,3.831818181,421.5,3.831818181,,,,,,,,,,,,,,,,,,,"Kody Clemens","20572",665019
"Ismael Munguia","NYY",92,391,348,89,66,16,1,6,54,50,24,1,48,11,2,6,6,10,4,0.255747,0.0613811,0.122762,0.5,0.322078,0.359195,0.301885,0.681273,0.103448,5.30768,0.280405,,-0.409268,43.1282,-2.61023,96.1363,-0.409268,2.9,-2.1378526091575623,-1.4099645614624023,0.979731,999,,,,,,,371.7,4.040217391,371.7,4.040217391,,,,,,,,,,,,,,,,,,,"Ismael Munguia","sa917132",665998
"Santiago Espinal","CIN",120,382,348,90,68,16,0,6,37,39,27,1,54,2,2,3,8,8,2,0.258621,0.0706806,0.141361,0.5,0.313984,0.356322,0.295457,0.670306,0.0977011,3.7067,0.289655,,0.0323147,40.1594,-4.52626,82.0552,0.0323147,3.5,-8.164857506752014,4.903586149215698,0.976977,658.760009765625,,,,,,,355.4,2.961666666,355.4,2.961666666,,,,,,,,,,,,,,,,,,,"Santiago Espinal","19997",669289
"Isiah Kiner-Falefa","PIT",128,477,442,116,91,18,2,5,51,42,23,1,72,7,3,2,11,12,3,0.262443,0.048218,0.150943,0.319444,0.307368,0.346154,0.28786,0.653522,0.0837104,5.06346,0.30163,,0.23789,47.23,-8.56857,80.8295,0.23789,2.5,-10.696948170661926,4.252645492553711,0.97497,367.7799987792969,,,,,,,422.6,3.3015625,422.6,3.3015625,,,,,,,,,,,,,,,,,,,"Isiah Kiner-Falefa","16512",643396
"Alex Mooney","CLE",110,497,445,90,57,21,4,8,65,51,37,0,129,12,3,0,9,23,4,0.202247,0.0744467,0.259557,0.286822,0.279678,0.321348,0.268607,0.601026,0.119101,7.66788,0.263666,,2.14338,41.5085,-16.6296,73.9774,2.14338,3.7,-12.654923915863037,5.526131749153137,0.974835,999,,,,,,,397.4,3.612727272,397.4,3.612727272,,,,,,,,,,,,,,,,,,,"Alex Mooney","sa3023070",695612
"Chris Williams","NYM",93,367,319,61,35,13,1,12,39,43,39,0,136,4,4,1,5,2,0,0.191223,0.106267,0.370572,0.286765,0.284153,0.351097,0.281721,0.63525,0.159875,3.93229,0.28,,-0.215609,34.5248,-8.40613,82.7976,-0.215609,-1.8,-7.765091761946678,4.942357301712036,0.97068,999,,,,,,,311.6,3.350537634,311.6,3.350537634,,,,,,,,,,,,,,,,,,,"Chris Williams","sa3007028",675910
"Carlos Mendoza","DET",115,484,410,95,76,12,4,3,64,43,52,1,94,12,2,8,9,14,4,0.231707,0.107438,0.194215,0.553191,0.334034,0.302439,0.291284,0.636473,0.0707317,6.3338,0.292064,,0.0829277,49.2567,-7.36069,89.8764,0.0829277,-3,-5.523490436375141,-1.2216343879699707,0.969702,999,,,,,,,415.2,3.610434782,415.2,3.610434782,,,,,,,,,,,,,,,,,,,"Carlos Mendoza","sa3008944",685332
"Jacob Amaya","CHW",117,477,432,94,69,15,2,8,53,47,39,0,119,2,4,0,13,5,1,0.217593,0.081761,0.249476,0.327731,0.283019,0.31713,0.267396,0.600148,0.099537,4.65962,0.278317,,-0.273173,39.3734,-16.4252,74.5068,-0.273173,2.4,-14.187061786651611,7.6579365730285645,0.967911,999,,,,,,,354.2,3.027350427,354.2,3.027350427,,,,,,,,,,,,,,,,,,,"Jacob Amaya","23296",676070
"Corey Joyce","DET",75,289,246,50,35,10,1,4,30,29,32,0,81,9,2,0,4,6,1,0.203252,0.110727,0.280277,0.395062,0.314879,0.300813,0.282791,0.615692,0.097561,5.20183,0.282209,,0.19517,27.4361,-6.37059,83.9024,0.19517,3.8,-5.127928197383881,4.861875295639038,0.967497,999,,,,,,,237.9,3.172,237.9,3.172,,,,,,,,,,,,,,,,,,,"Corey Joyce","sa3010596",687144
"Austin Slater","CHW",109,271,235,56,40,9,1,6,34,24,30,0,78,4,2,0,6,6,2,0.238298,0.110701,0.287823,0.384615,0.332103,0.361702,0.309966,0.693805,0.123404,5.06462,0.326797,,-0.194052,31.6545,-0.0465337,101.316,-0.194052,3.1,0.21390925347805023,0.11278653144836426,0.966744,750.469970703125,,,,,,,274.6,2.519266055,274.6,2.519266055,,,,,,,,,,,,,,,,,,,"Austin Slater","16153",596103
"Johnny Olmstead","MIA",129,525,479,111,74,22,3,12,62,57,29,0,113,9,4,4,5,7,3,0.231733,0.0552381,0.215238,0.256637,0.285988,0.365344,0.285367,0.651333,0.133612,5.16372,0.276536,,-0.69897,50.9289,-10.4846,79.1158,-0.69897,-0.1,-13.810043036937714,5.687036894261837,0.966681,999,,,,,,,455.2,3.52868217,455.2,3.52868217,,,,,,,,,,,,,,,,,,,"Johnny Olmstead","sa3022494",675394
"Manuel Margot","MIL",111,363,332,88,62,18,2,6,41,38,24,0,59,3,3,1,7,7,2,0.26506,0.0661157,0.162534,0.40678,0.31768,0.385542,0.307799,0.703222,0.120482,4.92422,0.303704,,-0.112438,41.7677,-0.695325,100.979,-0.112438,0.9,0.29411011189222336,-3.1013227701187134,0.95982,745.8400268554688,,,,,,,369.5,3.328828828,369.5,3.328828828,,,,,,,,,,,,,,,,,,,"Manuel Margot","14712",622534
"Starling Marte","NYM",91,375,340,90,66,15,2,7,48,41,24,1,80,8,1,2,9,17,3,0.264706,0.064,0.213333,0.3,0.327078,0.382353,0.312226,0.709431,0.117647,6.32524,0.326772,,1.41942,44.4847,0.617947,103.33,1.41942,-2,2.9126850366592407,-6.1335978507995605,0.957071,456.6600036621094,,,,,,,404.6,4.446153846,404.6,4.446153846,,,,,,,,,,,,,,,,,,,"Starling Marte","9241",516782
"Justyn-Henry Malloy","DET",130,526,448,104,67,21,1,15,57,56,67,0,154,7,4,0,12,3,2,0.232143,0.127376,0.292776,0.435065,0.338403,0.383929,0.321227,0.722332,0.151786,2.77526,0.314488,,-1.32284,66.2075,4.67703,110.939,-1.32284,0,5.260690331459045,-13.528806686401367,0.95701,672.530029296875,,,,,,,564.1,4.339230769,564.1,4.339230769,,,,,,,,,,,,,,,,,,,"Justyn-Henry Malloy","29606",669234
"Dixon Machado","CHC",82,338,299,67,53,10,0,4,28,32,32,0,59,4,2,1,12,2,0,0.22408,0.0946746,0.174556,0.542373,0.305638,0.297659,0.274203,0.603297,0.0735786,2.6061,0.264706,,-0.302426,29.7517,-9.78694,78.2161,-0.302426,3,-8.727202624082565,6.725749492645264,0.956967,999,,,,,,,254.6,3.104878048,254.6,3.104878048,,,,,,,,,,,,,,,,,,,"Dixon Machado","11472",553988
"Austin Gauthier","LAD",120,524,457,108,79,19,4,6,65,49,59,1,117,6,2,0,11,8,2,0.236324,0.112595,0.223282,0.504274,0.330153,0.334792,0.299116,0.664945,0.0984683,5.42218,0.303571,,-0.338629,56.6307,-4.66582,92.6905,-0.338629,2.5,-4.918776452541351,-3.2760143280029297,0.955828,999,,,,,,,486.7,4.055833333,486.7,4.055833333,,,,,,,,,,,,,,,,,,,"Austin Gauthier","sa3017121",702789
"Justin Turner","CHC",118,478,417,105,73,21,0,11,55,51,46,1,89,9,6,0,11,1,1,0.251799,0.0962343,0.186192,0.516854,0.334728,0.381295,0.316031,0.716023,0.129496,2.03942,0.291022,,-1.20734,58.1667,2.25122,112.472,-1.20734,0,5.614262104034424,-12.294239044189453,0.955774,519.8300170898438,,,,,,,499.4,4.232203389,499.4,4.232203389,,,,,,,,,,,,,,,,,,,"Justin Turner","5235",457759
"Rhys Hoskins","MIL",124,510,445,99,53,22,1,23,59,70,55,1,142,6,4,0,10,2,1,0.222472,0.107843,0.278431,0.387324,0.313726,0.431461,0.323367,0.745186,0.208989,2.72969,0.267606,,-0.89685,65.0721,5.41325,106.942,-0.89685,-1.7,3.3370656967163086,-11.069488763809204,0.955431,277.739990234375,,,,,,,579.1,4.67016129,579.1,4.67016129,,,,,,,,,,,,,,,,,,,"Rhys Hoskins","16472",656555
"Trenton Brooks","SDP",104,432,375,87,56,20,1,10,53,52,46,0,79,4,4,3,8,5,0,0.232,0.106481,0.18287,0.582278,0.319347,0.370667,0.305668,0.690014,0.138667,4.41642,0.265517,,0.163403,48.966,-1.56853,99.0788,0.163403,3.1,-0.31247106194496155,-4.836507797241211,0.953982,999,,,,,,,429.4,4.128846153,429.4,4.128846153,,,,,,,,,,,,,,,,,,,"Trenton Brooks","19384",670092
"Jose Peroza",,99,399,358,76,50,17,1,8,40,43,31,1,137,7,3,0,9,2,0,0.21229,0.0776942,0.343358,0.226277,0.285714,0.332402,0.274154,0.618116,0.120112,3.7079,0.314815,,-0.286641,35.1051,-11.5691,77.7045,-0.286641,5.4,-10.924447625875473,6.866049528121948,0.953119,999,,,,,,,315.6,3.187878787,315.6,3.187878787,,,,,,,,,,,,,,,,,,,"Jose Peroza","sa3003288",672692
"Joey Gallo","CHW",108,379,319,57,27,10,1,19,45,43,55,1,142,4,1,0,2,3,1,0.178683,0.145119,0.37467,0.387324,0.306069,0.394984,0.309463,0.701053,0.216301,3.8173,0.238994,,-0.475862,44.1162,-0.218441,98.3201,-0.475862,4.8,-1.2372041046619415,-2.162815570831299,0.95233,729.5,,,,,,,393.4,3.642592592,393.4,3.642592592,,,,,,,,,,,,,,,,,,,"Joey Gallo","14128",608336
"Austin Martin","MIN",103,395,337,81,59,17,2,3,50,37,42,1,70,12,2,2,6,13,4,0.240356,0.106329,0.177215,0.6,0.343511,0.329377,0.30503,0.672888,0.0890208,5.75324,0.293233,,0.0960231,44.5694,-1.63693,99.0311,0.0960231,-5.1,-0.3418993800878525,-3.6486477851867676,0.947778,748.469970703125,,,,,,,381,3.699029126,381,3.699029126,,,,,,,,,,,,,,,,,,,"Austin Martin","27462",668885
"Taylor Young","LAD",119,516,461,97,70,20,3,4,54,45,44,0,148,9,2,0,7,25,5,0.210412,0.0852713,0.286822,0.297297,0.290698,0.292842,0.264691,0.583539,0.0824295,6.56655,0.299035,,2.0042,41.4689,-18.8917,69.5198,2.0042,6.9,-16.803178787231445,8.79594361782074,0.947685,999,,,,,,,387.4,3.255462184,387.4,3.255462184,,,,,,,,,,,,,,,,,,,"Taylor Young","sa3019907",805891
"Shawn Ross","PIT",87,353,310,54,31,10,1,12,38,38,35,1,144,5,2,1,6,4,1,0.174194,0.0991501,0.407932,0.243056,0.267045,0.329032,0.265225,0.596078,0.154839,4.62961,0.269231,,-0.157476,28.5212,-12.772,65.5947,-0.157476,5.6,-14.68063499033451,12.085155487060547,0.946001,999,,,,,,,264.7,3.042528735,264.7,3.042528735,,,,,,,,,,,,,,,,,,,"Shawn Ross","sa3020951",676566
"Bligh Madris","DET",118,466,415,90,55,19,3,13,49,50,44,0,123,2,4,1,5,10,4,0.216867,0.0944206,0.263949,0.357724,0.292473,0.371084,0.291409,0.663557,0.154217,5.24938,0.272085,,-0.41716,47.4719,-7.03984,89.9648,-0.41716,7.9,-5.767967462539673,-0.661139965057373,0.940369,999,,,,,,,429.2,3.637288135,429.2,3.637288135,,,,,,,,,,,,,,,,,,,"Bligh Madris","20054",676632
"Ryan Noda","LAA",127,519,436,88,50,19,1,18,63,58,71,1,180,10,2,0,6,4,1,0.201835,0.136802,0.346821,0.394444,0.325626,0.373853,0.31244,0.699479,0.172018,3.82849,0.291667,,-0.631021,61.6561,0.944505,101.796,-0.631021,0.9,0.4352274537086487,-8.63483202457428,0.939986,747.530029296875,,,,,,,534.6,4.209448818,534.6,4.209448818,,,,,,,,,,,,,,,,,,,"Ryan Noda","23312",676116
"Jhonny Pereda","ATH",70,255,229,57,43,11,0,3,23,22,24,0,54,1,1,0,10,0,0,0.248908,0.0941176,0.211765,0.444444,0.321569,0.336245,0.294591,0.657813,0.0873362,1.12042,0.312139,,-0.536685,26.6301,-3.19934,94.982,-0.536685,-2.1,-2.00080144405365,2.584744453430176,0.938227,749.47998046875,,,,,,,225.3,3.218571428,225.3,3.218571428,,,,,,,,,,,,,,,,,,,"Jhonny Pereda","19802",640902
"Dustin Harris","TEX",125,540,483,114,79,20,3,12,66,62,45,2,132,7,4,1,8,21,5,0.236025,0.0833333,0.244444,0.340909,0.307978,0.364389,0.295685,0.672367,0.128364,6.22503,0.297376,,1.15685,56.8689,-6.29927,91.7993,1.15685,-7,-3.9101719856262207,-5.015873074531555,0.93726,748.5499877929688,,,,,,,525.2,4.2016,525.2,4.2016,,,,,,,,,,,,,,,,,,,"Dustin Harris","25705",687957
"Ty France","MIN",136,560,496,129,88,26,0,15,61,63,39,1,104,21,4,0,17,1,0,0.260081,0.0696429,0.185714,0.375,0.3375,0.403226,0.326049,0.740726,0.143145,2.09312,0.299213,,-0.960186,72.6606,7.15286,102.645,-0.960186,-0.1,0.8112300038337708,-10.388065911829472,0.936907,447.9100036621094,,,,,,,624.7,4.593382352,624.7,4.593382352,,,,,,,,,,,,,,,,,,,"Ty France","17982",664034
"Osleivis Basabe","SFG",102,440,408,102,77,18,3,4,46,44,24,0,73,4,3,1,10,8,4,0.25,0.0545455,0.165909,0.328767,0.296128,0.338235,0.279863,0.634363,0.0882353,4.98433,0.293413,,-0.84873,40.7342,-10.7361,84.7021,-0.84873,-1.9,-8.550474524497986,2.950088143348694,0.936444,999,,,,,,,358.1,3.510784313,358.1,3.510784313,,,,,,,,,,,,,,,,,,,"Osleivis Basabe","23985",678545
"Billy Cook","PIT",123,503,457,106,68,20,4,14,55,59,35,1,140,8,3,0,5,16,4,0.231947,0.0695825,0.27833,0.25,0.296223,0.38512,0.297393,0.681343,0.153173,6.29518,0.300654,,0.711808,53.6637,-5.17626,87.2458,0.711808,8.5,-6.959699869155884,-0.7408876419067383,0.934644,679.739990234375,,,,,,,497.2,4.042276422,497.2,4.042276422,,,,,,,,,,,,,,,,,,,"Billy Cook","29573",695257
"Hudson Haskin","BAL",98,397,344,75,55,13,2,5,45,45,33,0,120,17,2,1,7,12,4,0.218023,0.0831234,0.302267,0.275,0.315657,0.311047,0.285895,0.626703,0.0930233,5.96425,0.316742,,-0.0487299,38.6808,-7.75954,87.5192,-0.0487299,5.9,-5.718157343566418,1.523897647857666,0.933625,999,,,,,,,333.7,3.40510204,333.7,3.40510204,,,,,,,,,,,,,,,,,,,"Hudson Haskin","sa3014449",681370
"LuJames Groover","ARI",64,276,251,64,44,11,1,8,26,33,21,0,48,2,2,0,12,2,1,0.25498,0.076087,0.173913,0.4375,0.315217,0.40239,0.313381,0.717608,0.14741,3.07035,0.284264,,-0.533799,32.9972,0.711244,98.9586,-0.533799,-0.3,-0.8775089979171753,0.7141093611717224,0.932358,999,,,,,,,290.2,4.534375,290.2,4.534375,,,,,,,,,,,,,,,,,,,"LuJames Groover","sa3022887",694410
"José Azocar","NYM",116,366,341,83,61,14,3,5,44,35,16,0,81,4,2,3,8,20,6,0.243402,0.0437158,0.221311,0.197531,0.283747,0.346041,0.276229,0.629788,0.102639,7.14928,0.303502,,0.930675,32.8131,-10.0009,79.1015,0.930675,3.7,-8.215890049934387,5.04479718208313,0.931263,999,,,,,,,309.7,2.669827586,309.7,2.669827586,,,,,,,,,,,,,,,,,,,"Jose Azocar","18821",640492
"Daniel Susac","ATH",94,394,370,85,60,15,2,8,33,43,16,0,116,5,3,0,8,4,1,0.22973,0.0406091,0.294416,0.137931,0.269036,0.345946,0.26884,0.614981,0.116216,4.33161,0.309237,,-0.244293,32.9802,-13.1091,76.8687,-0.244293,-0.7,-10.672327399253845,6.538389027118683,0.929526,999,,,,,,,303.9,3.232978723,303.9,3.232978723,,,,,,,,,,,,,,,,,,,"Daniel Susac","sa3019997",691740
"Blaze Alexander","ARI",104,409,367,83,58,16,2,7,41,47,30,0,133,9,2,1,6,5,2,0.226158,0.0733496,0.325183,0.225564,0.29902,0.337875,0.284052,0.636894,0.111717,4.62935,0.331878,,-0.575578,39.2432,-8.6008,79.2181,-0.575578,1.6,-10.73969942331314,6.108377575874329,0.928342,748.7899780273438,,,,,,,342.3,3.291346153,342.3,3.291346153,,,,,,,,,,,,,,,,,,,"Blaze Alexander","23789",677942
"Jason Martin",,101,411,369,86,54,15,2,15,51,50,36,2,114,2,3,1,9,5,4,0.233062,0.0875912,0.277372,0.315789,0.302439,0.406504,0.306921,0.708943,0.173442,4.41427,0.292181,,-1.33034,47.0003,-1.07766,97.9134,-1.33034,2.1,-2.311598479747772,-2.4304232597351074,0.925253,999,,,,,,,420.8,4.166336633,420.8,4.166336633,,,,,,,,,,,,,,,,,,,"Jason Martin","16429",641829
"Travis Blankenhorn",,115,453,410,90,50,21,1,18,50,60,33,1,126,7,1,2,7,2,2,0.219512,0.0728477,0.278146,0.261905,0.288248,0.407317,0.302234,0.695565,0.187805,2.86051,0.269663,,-1.11244,50.0943,-2.89675,93.4546,-1.11244,3.5,-4.658090114593506,-1.4933862686157227,0.92267,999,,,,,,,448,3.895652173,448,3.895652173,,,,,,,,,,,,,,,,,,,"Travis Blankenhorn","18395",663905
"Ryan Kreidler","DET",92,344,304,60,41,10,1,8,39,35,32,0,108,5,2,1,6,10,3,0.197368,0.0930233,0.313953,0.296296,0.282799,0.315789,0.269197,0.598588,0.118421,5.38304,0.273684,,0.169372,28.8936,-11.3468,74.34,0.169372,3.6,-9.930595144629478,7.391886949539185,0.922137,999,,,,,,,263.5,2.864130434,263.5,2.864130434,,,,,,,,,,,,,,,,,,,"Ryan Kreidler","25867",668952
"Otto Kemp","PHI",118,503,444,97,65,17,6,9,63,60,36,2,131,19,4,0,7,10,6,0.218468,0.0715706,0.260437,0.274809,0.302187,0.344595,0.2869,0.646781,0.126126,6.6297,0.285714,,-1.36134,49.4155,-9.42447,82.1803,-1.36134,2.4,-12.079741358757019,4.248177647590637,0.921117,999,,,,,,,434.5,3.682203389,434.5,3.682203389,,,,,,,,,,,,,,,,,,,"Otto Kemp","sa3020577",805249
"Francisco Mejía",,90,332,307,73,48,15,1,9,37,39,20,0,72,3,2,0,6,0,0,0.237785,0.060241,0.216867,0.277778,0.289157,0.381107,0.292525,0.670264,0.143322,2.35119,0.280702,,-0.560362,34.1194,-4.71732,86.184,-0.560362,-2.2,-6.045408844947815,3.899353265762329,0.920192,999,,,,,,,304.6,3.384444444,304.6,3.384444444,,,,,,,,,,,,,,,,,,,"Francisco Mejia","16403",642336
"Jake Slaughter",,111,463,420,94,64,18,1,11,48,54,30,0,148,11,2,0,8,13,6,0.22381,0.0647948,0.319654,0.202703,0.291577,0.35,0.284538,0.641577,0.12619,4.66523,0.315589,,-0.658743,44.6058,-9.55508,90.3201,-0.658743,-2.5,-5.786854147911072,-0.7987948656082153,0.913874,999,,,,,,,398.6,3.59099099,398.6,3.59099099,,,,,,,,,,,,,,,,,,,"Jake Slaughter","sa3007871",670237
"Sean Bouchard","COL",85,342,299,74,41,18,4,11,46,45,35,1,92,5,2,1,7,7,2,0.247492,0.102339,0.269006,0.380435,0.334311,0.444816,0.337256,0.779127,0.197324,6.43873,0.318182,,-0.0414066,47.4597,7.45317,103.558,-0.0414066,-0.2,1.4135735481977463,-3.9698411971330643,0.912219,703.260009765625,,,,,,,421.5,4.958823529,421.5,4.958823529,,,,,,,,,,,,,,,,,,,"Sean Bouchard","21270",656248
"Ryan Ward","LAD",120,529,490,108,60,20,4,24,66,75,34,2,159,3,2,0,10,6,2,0.220408,0.0642722,0.300567,0.213836,0.274102,0.42449,0.299345,0.698592,0.204082,5.44157,0.271845,,-0.359793,57.2684,-4.61298,92.8444,-0.359793,1.9,-4.886286944150925,-3.9311286211013794,0.908721,999,,,,,,,538,4.483333333,538,4.483333333,,,,,,,,,,,,,,,,,,,"Ryan Ward","sa1169792",669899
"Carson McCusker","MIN",112,471,433,101,60,22,3,16,53,64,31,0,173,5,2,0,7,3,4,0.233256,0.0658174,0.367304,0.179191,0.29087,0.408776,0.303669,0.699646,0.17552,4.00193,0.345528,,-1.7777,52.6287,-2.46799,98.0734,-1.7777,1.1,-2.815989136695862,-4.0917991399765015,0.908146,999,,,,,,,466.4,4.164285714,466.4,4.164285714,,,,,,,,,,,,,,,,,,,"Carson McCusker","sa3022304",676812
"Ben Cowles","CHC",111,447,401,88,62,16,2,8,48,45,35,0,150,7,4,0,10,10,3,0.219451,0.0782998,0.33557,0.233333,0.290828,0.329177,0.27623,0.620005,0.109726,5.46487,0.323887,,-0.0358311,40.0753,-12.2139,78.1339,-0.0358311,0.7,-11.723846107721329,5.627248466014862,0.907703,999,,,,,,,361.4,3.255855855,361.4,3.255855855,,,,,,,,,,,,,,,,,,,"Ben Cowles","sa3016976",701496
"Rafael Ortega","NYM",102,353,304,66,45,13,1,7,39,35,43,0,81,1,4,1,5,12,6,0.217105,0.121813,0.229462,0.530864,0.3125,0.335526,0.290553,0.648026,0.118421,4.8127,0.268182,,-0.732464,35.7173,-5.57597,88.7425,-0.732464,1.2,-5.484464347362518,2.4970312118530273,0.90552,999,,,,,,,312.8,3.066666666,312.8,3.066666666,,,,,,,,,,,,,,,,,,,"Rafael Ortega","10323",542364
"Enmanuel Valdez","PIT",121,469,422,98,60,22,1,15,52,52,40,1,110,2,4,1,7,4,2,0.232227,0.0852878,0.234542,0.363636,0.299145,0.395735,0.302251,0.69488,0.163507,3.39541,0.275748,,-0.807147,51.8699,-2.99284,90.5151,-0.807147,-2.5,-6.126572549343109,-0.7767490148544312,0.90005,749.3599853515625,,,,,,,465.3,3.845454545,465.3,3.845454545,,,,,,,,,,,,,,,,,,,"Enmanuel Valdez","21716",665839
"Nick Maton","CHW",109,393,342,76,48,16,1,11,44,41,42,1,97,5,3,1,5,2,1,0.222222,0.10687,0.246819,0.43299,0.313776,0.371345,0.302773,0.685121,0.149123,3.31833,0.274262,,-0.746894,43.6297,-2.34264,96.2561,-0.746894,-6.3,-2.4304358959198,-1.967989444732666,0.898768,999,,,,,,,381.1,3.496330275,381.1,3.496330275,,,,,,,,,,,,,,,,,,,"Nick Maton","21635",665155
"Max Schuemann","ATH",117,468,402,89,65,15,2,7,58,44,46,0,121,12,4,4,8,15,3,0.221393,0.0982906,0.258547,0.380165,0.31681,0.320896,0.288787,0.637706,0.0995025,5.99908,0.294964,,0.814213,46.688,-8.05774,90.8998,0.814213,-8,-4.058875501155853,-2.8412699699401855,0.898607,640.780029296875,,,,,,,411.2,3.514529914,411.2,3.514529914,,,,,,,,,,,,,,,,,,,"Max Schuemann","24488",680474
"Phillip Glasser","WSN",108,459,411,104,78,19,1,6,57,46,35,1,80,7,2,4,11,10,4,0.253041,0.0762527,0.174292,0.4375,0.320879,0.347932,0.297285,0.668811,0.0948905,4.70489,0.299694,,-0.559224,48.9294,-4.76356,90.1234,-0.559224,-2.3,-5.9802772998809814,-0.6134920120239258,0.897627,999,,,,,,,422.4,3.911111111,422.4,3.911111111,,,,,,,,,,,,,,,,,,,"Phillip Glasser","sa3022680",701298
"Alex Kirilloff",,84,304,272,69,43,14,2,10,36,40,24,1,75,5,3,0,5,1,0,0.253676,0.0789474,0.246711,0.32,0.322368,0.430147,0.325421,0.752515,0.176471,4.04041,0.310526,,-0.360362,39.2908,3.72947,113.375,-0.360362,-2.4,4.291891634464264,-5.750970125198364,0.895926,749.030029296875,,,,,,,349.3,4.158333333,349.3,4.158333333,,,,,,,,,,,,,,,,,,,"Alex Kirilloff","20325",666135
"Greg Jones","COL",90,391,356,84,57,14,3,10,55,47,27,0,152,6,1,1,4,26,3,0.235955,0.0690537,0.388747,0.177632,0.3,0.376404,0.29747,0.676404,0.140449,8.17284,0.379487,,3.27466,41.7389,-3.99957,76.7792,3.27466,1.8,-7.582484483718872,3.2366548776626587,0.89592,999,,,,,,,406.1,4.512222222,406.1,4.512222222,,,,,,,,,,,,,,,,,,,"Greg Jones","25448",675659
"Victor Scott II","STL",127,532,480,107,80,15,5,7,58,47,33,0,106,7,5,7,4,32,6,0.222917,0.0620301,0.199248,0.311321,0.28,0.31875,0.265587,0.59875,0.0958333,7.51291,0.268817,,3.02287,43.1385,-19.0938,69.8924,3.02287,5.1,-16.130640029907227,7.054732441902161,0.892343,375.1400146484375,,,,,,,421,3.314960629,421,3.314960629,,,,,,,,,,,,,,,,,,,"Victor Scott II","31349",687363
"Tristan Gray","CHW",121,476,437,94,56,21,2,15,50,53,31,0,145,5,3,0,6,1,1,0.215103,0.0651261,0.304622,0.213793,0.273109,0.375286,0.282788,0.648395,0.160183,3.14256,0.282143,,-0.931109,45.1877,-10.4938,77.4156,-0.931109,4.8,-13.78624039888382,6.54897141456604,0.889635,999,,,,,,,409.8,3.386776859,409.8,3.386776859,,,,,,,,,,,,,,,,,,,"Tristan Gray","19877",656484
"Mike Antico","STL",122,511,468,106,74,19,3,10,60,54,32,0,129,6,2,3,4,23,4,0.226496,0.0626223,0.252446,0.248062,0.283465,0.344017,0.277008,0.627482,0.117521,6.74536,0.29003,,2.09602,46.1332,-13.6426,77.58,2.09602,1.3,-11.603896617889404,3.177572011947632,0.887206,999,,,,,,,438.3,3.59262295,438.3,3.59262295,,,,,,,,,,,,,,,,,,,"Mike Antico","sa3016922",690443
"Greg Allen","CHC",69,241,203,45,31,9,2,3,32,27,19,0,61,12,2,5,2,13,2,0.221675,0.0788382,0.253112,0.311475,0.322034,0.330049,0.295286,0.652083,0.108374,8.04002,0.297872,,1.30066,25.3029,-2.88884,91.4945,1.30066,0.7,-1.0447630882263184,1.5855085253715515,0.885566,999,,,,,,,226.8,3.286956521,226.8,3.286956521,,,,,,,,,,,,,,,,,,,"Greg Allen","16623",656185
"Seth Stephenson","DET",113,492,439,100,79,13,4,4,68,50,25,0,116,19,2,7,2,34,8,0.22779,0.050813,0.235772,0.215517,0.296907,0.302961,0.270996,0.599868,0.0751708,8.0882,0.299065,,2.58918,42.037,-15.5162,75.6054,2.58918,1.5,-11.143796920776367,3.3077601194381714,0.884578,999,,,,,,,393.3,3.480530973,393.3,3.480530973,,,,,,,,,,,,,,,,,,,"Seth Stephenson","sa3020495",700931
"Nicky Lopez","CHC",122,420,373,89,74,11,3,1,45,26,35,0,63,4,1,7,5,8,4,0.238606,0.0833333,0.15,0.555556,0.309927,0.292225,0.273281,0.602153,0.0536193,5.03394,0.283871,,-0.911869,36.6578,-12.473,75.5111,-0.911869,5.7,-12.680452644824982,7.243209719657898,0.884437,750.1599731445312,,,,,,,304.8,2.498360655,304.8,2.498360655,,,,,,,,,,,,,,,,,,,"Nicky Lopez","19339",670032
"Andre Lipcius","CHW",132,566,509,122,83,21,2,16,64,61,50,1,134,3,4,0,13,5,2,0.239686,0.0883392,0.236749,0.373134,0.309187,0.383104,0.303411,0.692291,0.143418,3.74539,0.292011,,-0.87549,63.1262,-3.08342,96.7046,-0.87549,3.1,-3.009670853614807,-7.298295497894287,0.884051,999,,,,,,,559.8,4.24090909,559.8,4.24090909,,,,,,,,,,,,,,,,,,,"Andre Lipcius","25822",686531
"Sammy Hernandez","STL",86,371,330,64,45,12,2,5,41,39,25,0,84,12,1,3,8,1,1,0.193939,0.0673854,0.226415,0.297619,0.274457,0.287879,0.255513,0.562335,0.0939394,4.16298,0.243802,,-0.852185,27.0754,-16.3235,63.1121,-0.852185,6.6,-17.217285871505737,13.415843486785889,0.883358,999,,,,,,,231.7,2.694186046,231.7,2.694186046,,,,,,,,,,,,,,,,,,,"Sammy Hernandez","sa3020141",803679
"Jose Iglesias","SDP",105,401,377,98,72,20,1,5,44,39,17,0,66,5,2,0,8,3,2,0.259947,0.042394,0.164589,0.257576,0.299252,0.35809,0.288594,0.657342,0.0981432,3.52309,0.301948,,-0.9519,39.9417,-6.96652,87.4238,-0.9519,0.7,-6.982408046722412,2.173397958278656,0.882476,656.8599853515625,,,,,,,348.6,3.32,348.6,3.32,,,,,,,,,,,,,,,,,,,"Jose Iglesias","10231",578428
"Whit Merrifield",,109,432,391,97,72,18,1,6,53,42,32,1,73,2,5,2,9,17,4,0.248082,0.0740741,0.168981,0.438356,0.304651,0.345269,0.28614,0.64992,0.0971867,5.54702,0.287066,,0.95127,42.1763,-8.35825,81.0657,0.95127,1.4,-8.829963743686676,2.9873015880584717,0.88234,741.2100219726562,,,,,,,389.6,3.574311926,389.6,3.574311926,,,,,,,,,,,,,,,,,,,"Whit Merrifield","11281",593160
"Dominic Fletcher","CHW",106,438,399,95,69,17,3,6,47,43,27,1,100,6,3,3,6,2,3,0.238095,0.0616438,0.22831,0.27,0.294253,0.340852,0.279884,0.635105,0.102757,3.72132,0.300676,,-1.61215,40.5564,-10.68,80.1554,-1.61215,3.8,-11.557537913322449,5.409347414970398,0.872983,750.02001953125,,,,,,,350.2,3.303773584,350.2,3.303773584,,,,,,,,,,,,,,,,,,,"Dominic Fletcher","26149",666150
"Cooper Bowman","ATH",110,485,429,94,62,19,2,11,61,55,39,0,129,7,4,6,6,24,4,0.219114,0.0804124,0.265979,0.302326,0.292276,0.34965,0.284224,0.641926,0.130536,6.7424,0.283276,,2.32759,46.6028,-10.1316,74.4946,2.32759,2.9,-12.46468734741211,4.682040095329285,0.864263,750.969970703125,,,,,,,439.7,3.997272727,439.7,3.997272727,,,,,,,,,,,,,,,,,,,"Cooper Bowman","sa3016966",688682
"Quincy Hamilton","HOU",107,461,407,88,54,19,2,13,53,55,44,0,117,6,3,1,6,7,4,0.216216,0.0954447,0.253796,0.376068,0.3,0.36855,0.295466,0.66855,0.152334,4.51302,0.267857,,-1.04084,48.4679,-5.45901,93.1729,-1.04084,2.7,-4.6419947147369385,-2.3815696239471436,0.861761,999,,,,,,,426.6,3.986915887,426.6,3.986915887,,,,,,,,,,,,,,,,,,,"Quincy Hamilton","sa3017215",680810
"Tyler Heineman","TOR",64,218,187,40,31,6,1,2,21,19,21,0,45,4,1,5,3,4,1,0.213904,0.0963303,0.206422,0.466667,0.305164,0.28877,0.271837,0.593934,0.0748663,4.869,0.269504,,-0.046982,18.7738,-6.72742,76.3546,-0.046982,3,-5.9450318813323975,7.004997253417969,0.860005,748.4500122070312,,,,,,,158.7,2.4796875,158.7,2.4796875,,,,,,,,,,,,,,,,,,,"Tyler Heineman","13897",623168
"Cam Eden","NYY",112,398,355,75,53,14,2,6,44,40,30,1,119,8,2,3,10,26,6,0.211268,0.0753769,0.298995,0.252101,0.286076,0.312676,0.267809,0.598752,0.101408,7.06081,0.297414,,2.05964,32.9847,-13.5726,72.1666,2.05964,4.2,-10.615538835525513,5.66237485408783,0.85869,999,,,,,,,320,2.857142857,320,2.857142857,,,,,,,,,,,,,,,,,,,"Cam Eden","25476",686490
"Pavin Smith","ARI",120,445,391,97,63,19,2,13,54,57,49,2,90,2,3,0,8,2,1,0.248082,0.110112,0.202247,0.544444,0.332584,0.40665,0.322882,0.739234,0.158568,3.46504,0.28866,,-0.888958,56.6048,4.54957,105.353,-0.888958,-0.3,1.959693193435669,-8.4753378033638,0.857546,384.19000244140625,,,,,,,494.9,4.124166666,494.9,4.124166666,,,,,,,,,,,,,,,,,,,"Pavin Smith","19892",656976
"Chase Pinder",,63,243,208,45,30,11,0,4,24,23,29,0,60,3,2,1,5,3,2,0.216346,0.119342,0.246914,0.483333,0.318182,0.326923,0.291711,0.645105,0.110577,2.89025,0.280822,,-0.699343,24.8137,-3.61202,87.975,-0.699343,3.5,-4.193577527999878,4.392857134342194,0.856319,999,,,,,,,209.6,3.326984126,209.6,3.326984126,,,,,,,,,,,,,,,,,,,"Chase Pinder","sa3003961",676198
"Pedro Ramirez","CHC",121,515,476,111,84,18,4,5,48,46,31,1,116,4,3,1,13,7,4,0.233193,0.0601942,0.225243,0.267241,0.284047,0.319328,0.266679,0.603374,0.0861345,4.75604,0.296089,,-1.15133,42.2126,-18.0311,71.7051,-1.15133,7.8,-18.576502323150635,9.692269444465637,0.853671,999,,,,,,,374.7,3.096694214,374.7,3.096694214,,,,,,,,,,,,,,,,,,,"Pedro Ramirez","sa3015834",699393
"Niko Kavadas","LAA",120,487,412,83,46,19,0,18,55,59,62,0,190,10,3,0,5,1,1,0.201456,0.12731,0.390144,0.326316,0.318275,0.378641,0.310501,0.696916,0.177184,1.91772,0.31401,,-1.13631,57.0947,0.126359,100.432,-1.13631,1.8,-0.8957160860300064,-7.1469433307647705,0.846024,999,,,,,,,492.2,4.101666666,492.2,4.101666666,,,,,,,,,,,,,,,,,,,"Niko Kavadas","29782",694359
"Jack Brannigan","PIT",80,348,312,68,44,13,2,9,45,41,28,0,107,6,1,1,3,7,2,0.217949,0.0804598,0.307471,0.261682,0.293948,0.358974,0.289182,0.652923,0.141026,5.81999,0.299492,,-0.0256217,34.8273,-5.88106,81.7192,-0.0256217,0.4,-7.633014529943466,4.235978752374649,0.846021,999,,,,,,,312.2,3.9025,312.2,3.9025,,,,,,,,,,,,,,,,,,,"Jack Brannigan","sa3019922",687394
"Homer Bush Jr.","TBR",109,446,401,91,72,13,1,5,53,46,27,0,103,12,1,5,3,27,8,0.226933,0.0605381,0.230942,0.262136,0.294785,0.301746,0.269564,0.59653,0.074813,6.28867,0.292517,,1.28389,37.5928,-14.5795,77.4577,1.28389,1.9,-10.219828486442566,3.538741946220398,0.845489,999,,,,,,,344.9,3.164220183,344.9,3.164220183,,,,,,,,,,,,,,,,,,,"Homer Bush Jr.","sa3022480",683344
"Deyvison De Los Santos","MIA",136,577,546,138,92,20,2,24,68,75,24,2,160,5,2,0,12,1,1,0.252747,0.0415945,0.277296,0.15,0.289428,0.428571,0.308415,0.718,0.175824,2.81137,0.313187,,-1.1442,66.6771,-0.819234,94.629,-1.1442,4.4,-4.8501036167144775,-6.200381755828857,0.843179,456.8800048828125,,,,,,,607.9,4.469852941,607.9,4.469852941,,,,,,,,,,,,,,,,,,,"Deyvison De Los Santos","sa3015168",691277
"Kellen Strahm","TEX",107,453,402,92,70,14,3,5,56,40,44,1,119,3,3,1,8,12,1,0.228856,0.0971302,0.262693,0.369748,0.307522,0.31592,0.279585,0.623443,0.0870647,6.41498,0.309609,,1.07947,41.8365,-11.1545,80.4741,1.07947,0.4,-9.04133689403534,2.0644620954990387,0.83904,999,,,,,,,378.9,3.541121495,378.9,3.541121495,,,,,,,,,,,,,,,,,,,"Kellen Strahm","sa3010278",687005
"Angel Genao","CLE",108,484,450,107,72,25,3,7,56,50,28,1,95,2,4,0,10,10,3,0.237778,0.0578512,0.196281,0.294737,0.283058,0.353333,0.27745,0.636391,0.115556,5.63563,0.284091,,-0.0121539,43.8676,-12.7498,80.1978,-0.0121539,-2.4,-10.978546373546124,2.9350967407226562,0.835614,999,,,,,,,405.2,3.751851851,405.2,3.751851851,,,,,,,,,,,,,,,,,,,"Angel Genao","sa3015706",694197
"Jhostynxon Garcia","BOS",105,450,415,95,58,19,5,13,57,60,25,1,120,8,2,0,3,6,4,0.228916,0.0555556,0.266667,0.208333,0.284444,0.392771,0.293695,0.677216,0.163855,5.88967,0.288732,,-1.13034,46.6697,-5.97047,84.5859,-1.13034,0.5,-9.066994428634644,2.153439164161682,0.835252,999,,,,,,,422,4.019047619,422,4.019047619,,,,,,,,,,,,,,,,,,,"Jhostynxon Garcia","sa3015523",691373
"Jake Marisnick","ATL",80,244,219,48,28,11,2,7,29,28,17,0,80,5,1,2,5,5,2,0.219178,0.0696721,0.327869,0.2125,0.289256,0.383562,0.294752,0.672818,0.164384,6.06271,0.308271,,-0.204634,25.5131,-3.02958,89.3536,-0.204634,5.8,-3.1769737899303436,3.110405921936035,0.833172,999,,,,,,,228.8,2.86,228.8,2.86,,,,,,,,,,,,,,,,,,,"Jake Marisnick","11339",545350
"Dalton Guthrie",,90,322,295,75,55,15,1,4,34,33,20,0,75,6,0,1,4,9,4,0.254237,0.0621118,0.232919,0.266667,0.314642,0.352542,0.296582,0.667184,0.0983051,4.83825,0.328704,,-0.459312,34.1431,-3.52382,86.6171,-0.459312,1.5,-5.390038818120956,2.683127522468567,0.829024,999,,,,,,,295.7,3.285555555,295.7,3.285555555,,,,,,,,,,,,,,,,,,,"Dalton Guthrie","21293",656495
"Lorenzo Cedrola",,92,362,333,84,62,15,3,4,44,39,16,0,59,9,1,3,7,11,4,0.252252,0.0441989,0.162983,0.271186,0.303621,0.351351,0.289579,0.654972,0.0990991,6.37723,0.295203,,-0.106666,36.3439,-6.00212,88.7295,-0.106666,-0.6,-4.774931691586971,0.7300999164581299,0.828559,999,,,,,,,320.3,3.481521739,320.3,3.481521739,,,,,,,,,,,,,,,,,,,"Lorenzo Cedrola","sa872850",661411
"Kyle Karros","COL",120,525,479,118,82,25,2,9,52,59,36,1,137,7,3,0,13,6,3,0.246347,0.0685714,0.260952,0.262774,0.306667,0.363257,0.294749,0.669923,0.11691,4.06602,0.324405,,-0.99368,54.8936,-6.51984,74.948,-0.99368,5.3,-16.721271097660065,7.229012489318848,0.825268,999,,,,,,,482.3,4.019166666,482.3,4.019166666,,,,,,,,,,,,,,,,,,,"Kyle Karros","sa3022559",691720
"Wenceel Pérez","DET",119,491,445,106,71,19,7,9,63,50,39,0,101,3,3,1,9,12,4,0.238202,0.0794297,0.205703,0.386139,0.302041,0.373034,0.296017,0.675075,0.134831,6.79501,0.286982,,-0.111869,51.8397,-5.59654,93.206,-0.111869,0.9,-3.92876385897398,-4.512257695198059,0.818654,491.7900085449219,,,,,,,465.8,3.914285714,465.8,3.914285714,,,,,,,,,,,,,,,,,,,"Wenceel Perez","22857",672761
"Luis Torrens","NYM",83,275,251,58,38,12,0,8,27,33,19,0,72,2,3,0,8,1,1,0.231076,0.0690909,0.261818,0.263889,0.287273,0.374502,0.289051,0.661775,0.143426,2.045,0.287356,,-0.670659,27.4926,-4.67634,87.7316,-0.670659,-1.6,-4.705094575881958,3.45217502117157,0.816396,677.9299926757812,,,,,,,245.9,2.962650602,245.9,2.962650602,,,,,,,,,,,,,,,,,,,"Luis Torrens","15905",620443
"Carlos Pérez","CHC",100,404,365,74,44,15,1,14,43,52,30,1,85,6,3,0,8,0,0,0.20274,0.0742574,0.210396,0.352941,0.272277,0.364384,0.278418,0.636661,0.161644,2.03175,0.223048,,-0.623501,36.9315,-10.3276,79.6064,-0.623501,-2.5,-10.475788652896881,4.922104835510254,0.815886,999,,,,,,,338.2,3.382,338.2,3.382,,,,,,,,,,,,,,,,,,,"Carlos Perez","10642",542208
"Jax Biggers","TEX",110,419,367,82,60,15,3,4,40,36,40,0,98,2,3,7,5,7,4,0.223433,0.0954654,0.23389,0.408163,0.300971,0.313352,0.275954,0.614322,0.0899183,4.82845,0.291045,,-1.02505,37.4719,-11.5419,77.9199,-1.02505,4,-11.610795617103577,5.5395355224609375,0.815515,999,,,,,,,318.5,2.895454545,318.5,2.895454545,,,,,,,,,,,,,,,,,,,"Jax Biggers","sa3008251",680890
"Marco Luciano","SFG",106,440,390,87,60,16,1,10,51,42,46,1,129,2,2,0,9,3,2,0.223077,0.104545,0.293182,0.356589,0.306818,0.346154,0.290458,0.652972,0.123077,3.54979,0.304348,,-1.0545,44.4864,-6.98398,87.1317,-1.0545,-3.8,-7.825211524963379,1.0500881671905518,0.813551,716.6599731445312,,,,,,,387.4,3.654716981,387.4,3.654716981,,,,,,,,,,,,,,,,,,,"Marco Luciano","25616",682617
"Guy Lipscomb","CLE",98,380,344,85,62,16,4,3,44,35,31,1,73,3,2,0,4,18,4,0.247093,0.0815789,0.192105,0.424658,0.313158,0.343023,0.290449,0.656181,0.0959302,6.89393,0.303704,,1.23019,38.4173,-6.03438,89.3417,1.23019,2.8,-3.40401291847229,-1.3887126445770264,0.813289,999,,,,,,,354.4,3.61632653,354.4,3.61632653,,,,,,,,,,,,,,,,,,,"Guy Lipscomb","sa3020764",805865
"Carter Howell","SFG",113,508,464,114,81,24,6,3,59,47,33,0,115,4,2,5,7,8,3,0.24569,0.0649606,0.226378,0.286957,0.300199,0.342672,0.283967,0.642871,0.0969828,6.02838,0.318966,,-0.546325,48.7078,-10.7171,82.7632,-0.546325,0.1,-11.017197906970978,1.9665491357445717,0.812409,999,,,,,,,424.2,3.7539823,424.2,3.7539823,,,,,,,,,,,,,,,,,,,"Carter Howell","sa3020139",800765
"Luke Williams","ATL",106,339,308,71,48,15,1,7,41,37,25,0,96,2,3,1,6,18,5,0.230519,0.0737463,0.283186,0.260417,0.289941,0.353896,0.283268,0.643837,0.123377,6.17063,0.307692,,0.983036,32.313,-7.34257,79.1326,0.983036,2.8,-7.47618168592453,4.045590758323669,0.811603,999,,,,,,,305.8,2.88490566,305.8,2.88490566,,,,,,,,,,,,,,,,,,,"Luke Williams","19931",663897
"Ivan Johnson","CIN",106,413,372,83,48,20,4,11,47,51,32,0,140,7,2,0,6,8,3,0.223118,0.0774818,0.338983,0.228571,0.2954,0.387097,0.298813,0.682496,0.163978,6.04422,0.32287,,-0.30166,44.5339,-3.77804,84.3139,-0.30166,6.7,-8.048518061637878,2.1475305557250977,0.81097,999,,,,,,,400.8,3.781132075,400.8,3.781132075,,,,,,,,,,,,,,,,,,,"Ivan Johnson","sa1169627",671155
"Jordan Walker","STL",143,589,536,131,82,27,3,19,57,71,42,0,136,7,4,0,12,6,3,0.244403,0.0713073,0.2309,0.308824,0.305603,0.412313,0.312169,0.717916,0.16791,3.69729,0.290909,,-1.04893,69.8434,0.943321,101.245,-1.04893,-5.1,-0.17170828580856323,-11.592504501342773,0.810738,285.92999267578125,,,,,,,621.6,4.346853146,621.6,4.346853146,,,,,,,,,,,,,,,,,,,"Jordan Walker","27475",691023
"Jacob Melton","HOU",103,448,417,90,59,17,1,13,53,52,27,0,125,2,1,1,6,19,4,0.215827,0.0602679,0.279018,0.216,0.266219,0.354916,0.272099,0.621135,0.139089,5.8882,0.275,,1.48544,38.6754,-13.7308,76.7359,1.48544,1.7,-10.43988037109375,3.34609055519104,0.809752,999,,,,,,,376.1,3.65145631,376.1,3.65145631,,,,,,,,,,,,,,,,,,,"Jacob Melton","sa3019988",689200
"Spencer Packard","SEA",96,430,382,92,67,17,1,7,44,45,38,1,83,7,3,0,6,1,0,0.240838,0.0883721,0.193023,0.457831,0.318605,0.34555,0.29575,0.664154,0.104712,2.72135,0.288136,,-0.676059,45.3067,-4.9939,98.2064,-0.676059,-0.2,-1.5585174560546875,-4.939859107136726,0.809274,999,,,,,,,390.9,4.071875,390.9,4.071875,,,,,,,,,,,,,,,,,,,"Spencer Packard","sa3016803",689070
"Sam Hilliard","COL",119,405,360,83,49,15,3,16,56,51,39,1,129,1,3,2,5,10,2,0.230556,0.0962963,0.318519,0.302326,0.305211,0.422222,0.314655,0.727433,0.191667,6.39725,0.307339,,0.495454,48.835,1.45891,88.3457,0.495454,-2,-5.148756772279739,-0.5119047164916992,0.808277,643.9000244140625,,,,,,,449.2,3.774789915,449.2,3.774789915,,,,,,,,,,,,,,,,,,,"Sam Hilliard","17954",656541
"Jonathan Ornelas","TEX",115,485,443,100,78,15,2,5,54,45,33,1,128,6,1,2,8,7,3,0.225734,0.0680412,0.263918,0.257812,0.287785,0.302483,0.264297,0.590268,0.0767494,4.84912,0.305466,,-0.73054,38.8241,-17.9102,69.7202,-0.73054,3.8,-17.534041345119476,9.146119832992554,0.803481,999,,,,,,,340.8,2.96347826,340.8,2.96347826,,,,,,,,,,,,,,,,,,,"Jonathan Ornelas","24597",680716
"Kody Hoese","LAD",113,460,425,99,68,18,2,11,47,51,28,0,111,3,4,0,11,1,1,0.232941,0.0608696,0.241304,0.252252,0.282609,0.362353,0.281996,0.644962,0.129412,3.06997,0.286645,,-0.986356,43.3755,-10.4344,81.1676,-0.986356,2.1,-11.34554523229599,3.790182113647461,0.801755,999,,,,,,,388.5,3.438053097,388.5,3.438053097,,,,,,,,,,,,,,,,,,,"Kody Hoese","sa3010021",682210
"Bryce Teodosio","LAA",118,452,412,89,64,15,4,6,48,44,27,0,160,7,2,4,4,21,4,0.216019,0.0597345,0.353982,0.16875,0.274554,0.315534,0.262391,0.590088,0.0995146,7.47497,0.334677,,1.80652,35.4891,-17.385,66.5902,1.80652,6.5,-15.472455620765686,8.16078782081604,0.801021,999,,,,,,,339.8,2.879661016,339.8,2.879661016,,,,,,,,,,,,,,,,,,,"Bryce Teodosio","29524",669326
"Ryan Vilade","STL",118,489,443,105,76,18,3,8,52,51,36,1,119,5,4,1,13,11,5,0.23702,0.0736196,0.243354,0.302521,0.29918,0.345372,0.284347,0.644553,0.108352,5.13975,0.303125,,-0.740553,47.0355,-10.1667,82.5197,-0.740553,7.8,-10.962164044380188,2.4097886085510254,0.798524,999,,,,,,,419.4,3.554237288,419.4,3.554237288,,,,,,,,,,,,,,,,,,,"Ryan Vilade","22165",668723
"David Fry","CLE",115,386,340,83,50,19,2,12,43,50,34,2,90,8,3,1,11,3,1,0.244118,0.0880829,0.233161,0.377778,0.324675,0.417647,0.322477,0.742322,0.173529,4.14845,0.294606,,-0.515324,48.9744,3.82083,111.871,-0.515324,0,4.727790057659149,-9.927983283996582,0.791863,503.19000244140625,,,,,,,433,3.765217391,433,3.765217391,,,,,,,,,,,,,,,,,,,"David Fry","24934",681807
"Morgan McCullough","SEA",77,296,258,49,32,11,2,4,29,29,27,1,97,6,3,2,5,6,3,0.189922,0.0912162,0.327703,0.278351,0.278912,0.294574,0.258124,0.573485,0.104651,5.44323,0.28125,,-0.520134,22.2241,-12.4014,71.7401,-0.520134,4.6,-10.0913565158844,7.862786531448364,0.788912,999,,,,,,,199.3,2.588311688,199.3,2.588311688,,,,,,,,,,,,,,,,,,,"Morgan McCullough","sa3009868",668833
"Zack Short","HOU",113,367,312,59,37,14,0,8,42,39,46,1,109,3,3,3,4,5,2,0.189103,0.125341,0.297003,0.422018,0.296703,0.310897,0.274804,0.607601,0.121795,3.63215,0.257576,,-0.480869,32.4818,-10.4492,78.6387,-0.480869,0.8,-9.451024413108826,4.845414459705353,0.787857,999,,,,,,,285.1,2.523008849,285.1,2.523008849,,,,,,,,,,,,,,,,,,,"Zack Short","19562",670097
"Jonathon Long","CHC",114,483,426,98,67,17,0,14,65,57,46,1,124,7,4,0,9,1,0,0.230047,0.0952381,0.256729,0.370968,0.312629,0.368545,0.301135,0.681174,0.138498,2.73637,0.287671,,-0.739198,52.9845,-3.51592,94.8965,-0.739198,4.1,-3.686855137348175,-4.773457050323486,0.787397,999,,,,,,,464.6,4.075438596,464.6,4.075438596,,,,,,,,,,,,,,,,,,,"Jonathon Long","sa3022864",675085
"Trevor Larnach","MIN",111,424,371,89,55,19,1,14,55,55,45,1,115,4,4,0,8,3,1,0.239892,0.106132,0.271226,0.391304,0.325472,0.409703,0.321077,0.735175,0.169811,3.8361,0.304878,,-0.617926,53.3177,3.71902,110.319,-0.617926,0,4.388134717941284,-10.905349731445312,0.786671,327.1199951171875,,,,,,,469.7,4.231531531,469.7,4.231531531,,,,,,,,,,,,,,,,,,,"Trevor Larnach","21501",663616
"Mikey Romero","BOS",82,380,360,84,47,21,4,12,47,53,14,1,100,3,3,0,6,0,0,0.233333,0.0368421,0.263158,0.14,0.265789,0.413889,0.289863,0.679678,0.180556,4.06146,0.286853,,-0.497223,38.238,-6.21366,81.8905,-0.497223,-0.9,-8.371205031871796,3.2887126207351685,0.783362,999,,,,,,,357.9,4.364634146,357.9,4.364634146,,,,,,,,,,,,,,,,,,,"Mikey Romero","sa3020216",702540
"Chadwick Tromp","ATL",76,297,272,63,42,14,0,7,29,31,22,0,73,1,2,0,8,0,0,0.231618,0.0740741,0.245791,0.30137,0.289562,0.360294,0.285597,0.649856,0.128676,1.28068,0.28866,,-0.513007,28.8664,-5.87608,80.7003,-0.513007,-0.4,-7.367384731769562,5.056349366903305,0.782779,737.1699829101562,,,,,,,256.2,3.371052631,256.2,3.371052631,,,,,,,,,,,,,,,,,,,"Chadwick Tromp","16953",644433
"Braiden Ward","COL",113,412,355,85,65,11,5,4,61,53,22,0,106,27,1,7,2,28,6,0.239437,0.0533981,0.257282,0.207547,0.330864,0.332394,0.300899,0.663259,0.0929577,8.8557,0.329268,,2.27023,45.1177,-3.07725,79.0873,2.27023,0.3,-8.03291130065918,1.813815414905548,0.774678,999,,,,,,,402.4,3.561061946,402.4,3.561061946,,,,,,,,,,,,,,,,,,,"Braiden Ward","sa3017332",685274
"Troy Johnston","MIA",120,517,470,119,79,27,3,10,56,63,34,1,106,9,3,1,11,10,2,0.253192,0.065764,0.205029,0.320755,0.313953,0.387234,0.306823,0.701188,0.134043,5.28902,0.305322,,0.235004,59.0813,-1.39632,93.5577,0.235004,3.5,-3.747804492712021,-5.998089790344238,0.771559,999,,,,,,,528.2,4.401666666,528.2,4.401666666,,,,,,,,,,,,,,,,,,,"Troy Johnston","sa3010899",687859
"David Hensley","DET",102,417,369,88,58,21,2,7,58,38,46,0,119,1,1,0,10,10,2,0.238482,0.110312,0.285372,0.386555,0.323741,0.363144,0.305587,0.686885,0.124661,5.93086,0.331967,,0.361283,47.2387,-1.54113,92.7257,0.361283,4.5,-3.266048640012741,-3.1609349250793457,0.770404,999,,,,,,,416.3,4.081372549,416.3,4.081372549,,,,,,,,,,,,,,,,,,,"David Hensley","25111",682073
"Raynel Delgado","MIL",105,393,351,77,56,12,3,6,37,40,32,0,108,4,1,5,6,13,6,0.219373,0.0814249,0.274809,0.296296,0.291237,0.321937,0.274303,0.613174,0.102564,5.58814,0.298319,,-0.556141,34.6244,-11.348,73.9191,-0.556141,5.7,-12.812941908836365,7.144003391265869,0.766151,999,,,,,,,304.4,2.899047619,304.4,2.899047619,,,,,,,,,,,,,,,,,,,"Raynel Delgado","sa3007288",669384
"Cody Milligan","ATL",104,447,406,98,72,18,4,4,55,42,33,0,118,4,3,1,6,19,5,0.241379,0.0738255,0.263982,0.279661,0.302691,0.334975,0.283057,0.637666,0.0935961,6.97658,0.327526,,0.914694,42.5314,-9.75782,78.9903,0.914694,1.2,-10.315523028373718,2.842416286468506,0.76554,999,,,,,,,388.5,3.735576923,388.5,3.735576923,,,,,,,,,,,,,,,,,,,"Cody Milligan","sa1169818",687862
"Maverick Handley","BAL",80,314,273,54,41,9,1,3,30,29,30,0,83,8,2,1,9,4,2,0.197802,0.0955414,0.264331,0.361446,0.29393,0.271062,0.260749,0.564992,0.0732601,4.12858,0.269841,,-0.633514,24.2388,-12.4923,69.8309,-0.633514,2.6,-11.472713232040405,8.368665218353271,0.760466,999,,,,,,,205.4,2.5675,205.4,2.5675,,,,,,,,,,,,,,,,,,,"Maverick Handley","sa3010848",668974
"Brandon Valenzuela","SDP",101,413,375,78,54,15,1,8,36,39,33,1,118,2,2,1,7,0,1,0.208,0.0799031,0.285714,0.279661,0.274272,0.317333,0.262551,0.591605,0.109333,2.20693,0.278884,,-1.09954,32.48,-15.8319,70.0582,-1.09954,1.9,-15.886875867843628,9.487448573112488,0.759493,999,,,,,,,288.4,2.855445544,288.4,2.855445544,,,,,,,,,,,,,,,,,,,"Brandon Valenzuela","sa3005729",678218
"Graham Pauley","MIA",123,512,463,102,65,22,2,13,60,56,40,2,124,7,2,0,7,6,3,0.220302,0.078125,0.242188,0.322581,0.291016,0.360691,0.2862,0.651707,0.140389,4.55615,0.271341,,-0.883186,50.0113,-9.88143,79.6769,-0.883186,1.7,-13.326090157032013,3.5812463760375977,0.754472,999,,,,,,,449.6,3.655284552,449.6,3.655284552,,,,,,,,,,,,,,,,,,,"Graham Pauley","31363",688363
"Oscar Gonzalez","SDP",113,460,437,112,72,24,2,14,52,59,17,1,108,3,3,0,9,3,0,0.256293,0.0369565,0.234783,0.157407,0.286957,0.416476,0.302072,0.703433,0.160183,4.26325,0.308176,,-0.11821,50.8083,-3.00163,96.6583,-0.11821,-1,-1.9563592597842216,-6.070546627044678,0.753055,999,,,,,,,468.5,4.146017699,468.5,4.146017699,,,,,,,,,,,,,,,,,,,"Oscar Gonzalez","20970",660757
"Jake Cave",,123,402,367,91,53,21,6,11,50,51,27,1,109,4,3,1,6,5,2,0.247956,0.0671642,0.271144,0.247706,0.304239,0.427793,0.314893,0.732032,0.179837,6.20777,0.32,,-0.465084,48.5505,1.52536,88.5064,-0.465084,4.3,-5.990233212709427,-0.13121652603149414,0.75037,999,,,,,,,438,3.560975609,438,3.560975609,,,,,,,,,,,,,,,,,,,"Jake Cave","14477",595909
"Conner Capel","ATL",104,394,349,76,51,14,3,8,40,43,40,0,97,3,2,0,7,10,5,0.217765,0.101523,0.246193,0.412371,0.30203,0.34384,0.287873,0.64587,0.126074,5.23094,0.276423,,-0.76692,39.0157,-7.07363,82.2318,-0.76692,7.6,-9.1383615732193,3.2569665908813477,0.747648,999,,,,,,,343.5,3.302884615,343.5,3.302884615,,,,,,,,,,,,,,,,,,,"Conner Capel","19983",668843
"Jakob Marsee","MIA",128,563,480,97,68,16,4,9,77,52,65,0,134,11,2,5,4,26,5,0.202083,0.115453,0.238011,0.485075,0.310036,0.308333,0.282346,0.618369,0.10625,7.21203,0.259587,,2.03846,53.2466,-12.6121,77.0829,2.03846,-0.2,-13.390223026275635,1.8686361759901047,0.746375,999,,,,,,,480.4,3.753125,480.4,3.753125,,,,,,,,,,,,,,,,,,,"Jakob Marsee","sa3019868",805300
"Jake Fraley","CIN",106,364,325,82,57,15,1,9,40,41,33,1,72,4,2,0,5,16,4,0.252308,0.0906593,0.197802,0.458333,0.326923,0.387692,0.31417,0.714615,0.135385,5.31115,0.296748,,0.845979,43.7491,1.1691,94.6497,0.845979,0.6,-1.4828580021858215,-3.412345767021179,0.746322,382.1600036621094,,,,,,,398.2,3.756603773,398.2,3.756603773,,,,,,,,,,,,,,,,,,,"Jake Fraley","19260",641584
"Tomás Nido","DET",77,236,220,52,38,9,0,5,25,20,9,0,58,1,1,5,8,0,0,0.236364,0.0381356,0.245763,0.155172,0.268398,0.345455,0.268249,0.613853,0.109091,1.75,0.297468,,-0.378836,19.6423,-7.96455,73.673,-0.378836,2.5,-7.487996220588684,6.835684776306152,0.745136,999,,,,,,,174.3,2.263636363,174.3,2.263636363,,,,,,,,,,,,,,,,,,,"Tomas Nido","13755",621512
"Owen Miller","COL",113,422,386,103,72,22,2,7,47,45,27,0,83,5,4,0,9,6,2,0.266839,0.063981,0.196682,0.325301,0.319905,0.388601,0.30999,0.708506,0.121762,4.5605,0.32,,-0.430825,49.3004,-0.0643821,85.2057,-0.430825,8.8,-7.896483391523361,1.0472078323364258,0.743987,999,,,,,,,433.6,3.837168141,433.6,3.837168141,,,,,,,,,,,,,,,,,,,"Owen Miller","24655",680911
"Korey Lee","CHW",111,407,384,87,57,17,1,12,45,42,21,0,120,2,0,0,11,6,2,0.226562,0.0515971,0.29484,0.175,0.27027,0.369792,0.279313,0.640062,0.143229,4.5686,0.297619,,-0.241407,37.4991,-10.111,79.754,-0.241407,-4.2,-9.669812351465225,3.277219295501709,0.741014,559.219970703125,,,,,,,345.8,3.115315315,345.8,3.115315315,,,,,,,,,,,,,,,,,,,"Korey Lee","25543",686676
"Jason Delay","PIT",70,224,204,48,34,12,0,2,22,20,14,0,47,3,1,2,4,1,1,0.235294,0.0625,0.209821,0.297872,0.292793,0.323529,0.274501,0.616322,0.0882353,2.48504,0.294872,,-0.60752,19.7707,-6.43241,71.8376,-0.60752,3.7,-8.151136696338654,7.815226316452026,0.7357,999,,,,,,,168.5,2.407142857,168.5,2.407142857,,,,,,,,,,,,,,,,,,,"Jason Delay","19806",641511
"Bryan Ramos","CHW",118,491,449,99,68,17,1,13,51,56,32,0,117,7,3,0,9,4,4,0.22049,0.0651731,0.238289,0.273504,0.281059,0.349666,0.278229,0.630725,0.129176,3.24884,0.267081,,-1.66451,44.8099,-12.6263,78.9912,-1.66451,2.4,-13.46740460395813,4.204085946083069,0.733729,682.4099731445312,,,,,,,396,3.355932203,396,3.355932203,,,,,,,,,,,,,,,,,,,"Bryan Ramos","25621",682868
"Elier Hernandez",,104,429,396,95,62,20,3,10,52,52,26,0,110,5,2,0,10,5,3,0.239899,0.0606061,0.25641,0.236364,0.293706,0.381313,0.294963,0.675019,0.141414,5.06371,0.305755,,-0.949014,44.9298,-5.25383,91.2912,-0.949014,-3.7,-5.223889172077179,-2.1237213611602783,0.718124,999,,,,,,,399.2,3.838461538,399.2,3.838461538,,,,,,,,,,,,,,,,,,,"Elier Hernandez","13750",609274
"Matt Gorski","PIT",106,425,393,88,50,20,3,15,52,55,25,0,131,2,4,1,8,11,5,0.223919,0.0588235,0.308235,0.19084,0.271226,0.40458,0.290936,0.675807,0.180662,6.01548,0.290837,,-0.432749,43.1334,-6.58228,82.8999,-0.432749,0.3,-9.123337477445602,1.8615813851356506,0.711704,999,,,,,,,403.8,3.809433962,403.8,3.809433962,,,,,,,,,,,,,,,,,,,"Matt Gorski","sa3010399",685301
"Omar Alfonzo","PIT",110,434,392,83,59,15,1,8,39,42,39,1,128,2,1,0,10,1,1,0.211735,0.0898618,0.294931,0.304688,0.285714,0.316327,0.268942,0.602041,0.104592,2.57875,0.291829,,-0.986356,36.3639,-14.4046,68.096,-0.986356,2,-17.543897092342377,9.97325086593628,0.710756,999,,,,,,,319.3,2.902727272,319.3,2.902727272,,,,,,,,,,,,,,,,,,,"Omar Alfonzo","sa3015665",692657
"Trayce Thompson","BOS",103,373,334,67,38,14,1,14,38,44,34,1,134,3,2,0,5,5,1,0.200599,0.0911528,0.359249,0.253731,0.27882,0.374251,0.285628,0.653072,0.173653,4.19601,0.281915,,0.0109544,36.2623,-7.37055,84.4593,0.0109544,0,-6.920750170946121,1.370517373085022,0.709625,750.0999755859375,,,,,,,336.8,3.269902912,336.8,3.269902912,,,,,,,,,,,,,,,,,,,"Trayce Thompson","9952",572204
"Hao-Yu  Lee","DET",91,405,370,96,64,17,5,10,52,47,27,0,82,4,4,0,12,9,1,0.259459,0.0666667,0.202469,0.329268,0.31358,0.413514,0.315279,0.727094,0.154054,6.62556,0.304965,,0.645213,49.0386,1.66244,106.755,0.645213,0,3.7755907773971558,-10.416666984558105,0.708466,999,,,,,,,446.7,4.908791208,446.7,4.908791208,,,,,,,,,,,,,,,,,,,"Hao-Yu  Lee","sa3017863",701678
"Jordan Groshans","KCR",112,453,411,98,75,18,1,4,47,37,39,0,86,1,2,0,8,0,1,0.238443,0.0860927,0.189845,0.453488,0.304636,0.316302,0.278351,0.620937,0.0778589,2.23017,0.291022,,-1.31263,41.3865,-11.6046,75.1198,-1.31263,4.3,-14.208735942840576,5.9644622802734375,0.708146,999,,,,,,,350.5,3.129464285,350.5,3.129464285,,,,,,,,,,,,,,,,,,,"Jordan Groshans","23794",677954
"Victor Mesa Jr.","MIA",108,472,436,101,69,20,2,10,50,51,29,0,110,3,3,1,5,6,2,0.231651,0.0614407,0.233051,0.263636,0.282378,0.355505,0.27972,0.637883,0.123853,4.57351,0.285266,,-0.407147,43.6425,-11.5711,75.3155,-0.407147,3.7,-14.339615881443024,5.434273958206177,0.703603,999,,,,,,,394.8,3.655555555,394.8,3.655555555,,,,,,,,,,,,,,,,,,,"Victor Mesa Jr.","sa3010700",683748
"J.D. Davis","LAA",106,370,330,73,47,15,0,11,36,36,33,0,127,5,2,0,11,0,0,0.221212,0.0891892,0.343243,0.259843,0.3,0.366667,0.294987,0.666667,0.145455,1.16259,0.319588,,-0.670856,38.7576,-4.52425,89.5184,-0.670856,-1.8,-5.108312010765076,-0.4405055046081543,0.700773,734.8800048828125,,,,,,,339.7,3.204716981,339.7,3.204716981,,,,,,,,,,,,,,,,,,,"J.D. Davis","16219",605204
"Eloy Jiménez","TBR",107,413,381,99,68,18,0,13,38,49,28,1,84,2,2,0,12,2,0,0.259843,0.0677966,0.20339,0.333333,0.312349,0.409449,0.313661,0.721797,0.149606,2.24204,0.300699,,-0.365565,49.4693,1.15733,108.476,-0.365565,0,3.639929622411728,-10.622427940368652,0.700747,583.8400268554688,,,,,,,441.6,4.127102803,441.6,4.127102803,,,,,,,,,,,,,,,,,,,"Eloy Jimenez","17484",650391
"Daniel Vogelbach",,105,324,279,64,40,12,1,11,31,42,44,1,79,1,0,0,8,0,0,0.229391,0.135802,0.243827,0.556962,0.33642,0.397849,0.32449,0.734269,0.168459,1.55652,0.280423,,-0.662964,41.6328,3.7319,113.391,-0.662964,0,4.301578879356384,-8.333333015441895,0.699082,999,,,,,,,358.3,3.412380952,358.3,3.412380952,,,,,,,,,,,,,,,,,,,"Daniel Vogelbach","14130",596129
"Elih Marrero",,62,224,202,44,31,10,0,3,24,22,18,0,61,2,1,1,2,7,3,0.217822,0.0803571,0.272321,0.295082,0.286996,0.311881,0.26848,0.598877,0.0940594,4.4318,0.294964,,-0.217533,18.6852,-7.51785,66.8495,-0.217533,3.9,-8.714102387428284,8.015226364135742,0.699013,999,,,,,,,166.5,2.68548387,166.5,2.68548387,,,,,,,,,,,,,,,,,,,"Elih Marrero","sa3007822",663503
"Mark Canha","MIL",114,440,375,91,64,19,1,7,48,42,44,1,87,17,4,0,7,6,1,0.242667,0.1,0.197727,0.505747,0.345455,0.354667,0.314526,0.700121,0.112,4.16532,0.294737,,-0.183667,53.0099,1.53952,103.331,-0.183667,-1.4,1.569123923778534,-9.483479857444763,0.695894,631.6699829101562,,,,,,,452.8,3.971929824,452.8,3.971929824,,,,,,,,,,,,,,,,,,,"Mark Canha","11445",592192
"Darren Baker","WSN",113,483,445,115,95,17,2,1,53,37,31,1,94,0,2,5,6,19,4,0.258427,0.0641822,0.194617,0.329787,0.305439,0.31236,0.274615,0.617799,0.0539326,5.63157,0.323864,,1.19342,42.675,-13.8254,74.8652,1.19342,2.2,-13.323817014694214,3.974691390991211,0.695602,999,,,,,,,387,3.424778761,387,3.424778761,,,,,,,,,,,,,,,,,,,"Darren Baker","29912",671117
"Cooper Kinney","TBR",104,432,403,93,64,20,1,8,43,46,24,0,113,3,2,0,7,3,2,0.230769,0.0555556,0.261574,0.212389,0.277778,0.344913,0.273622,0.622691,0.114144,3.30291,0.299296,,-0.928223,37.8238,-12.7107,80.3125,-0.928223,1.4,-10.659735321998596,2.9873015880584717,0.694906,999,,,,,,,337.8,3.248076923,337.8,3.248076923,,,,,,,,,,,,,,,,,,,"Cooper Kinney","sa3017793",695692
"Connor Joe","SDP",113,408,355,82,51,20,2,9,48,36,45,0,92,6,2,0,5,2,2,0.230986,0.110294,0.22549,0.48913,0.32598,0.374648,0.31131,0.700628,0.143662,3.47563,0.285156,,-1.21504,48.0985,0.371415,96.6128,-1.21504,3.5,-2.867602825164795,-3.9955906867980957,0.6944,642.9299926757812,,,,,,,409.4,3.623008849,409.4,3.623008849,,,,,,,,,,,,,,,,,,,"Connor Joe","16572",656582
"Ripken Reyes","SDP",115,474,395,84,64,13,3,4,53,53,31,0,80,29,2,17,5,9,4,0.212658,0.0654008,0.168776,0.3875,0.315098,0.291139,0.279987,0.606238,0.078481,5.77316,0.255591,,-0.798686,43.9292,-11.5184,81.7938,-0.798686,0.3,-11.118169724941254,2.041622579097748,0.6928,999,,,,,,,353.7,3.075652173,353.7,3.075652173,,,,,,,,,,,,,,,,,,,"Ripken Reyes","sa3010159",685341
"Tatem Levins","TBR",75,303,276,55,38,10,0,7,29,32,21,0,83,4,2,0,6,0,0,0.199275,0.0693069,0.273927,0.253012,0.264026,0.311594,0.256598,0.575621,0.112319,1.51061,0.255319,,-0.497223,22.3775,-13.0669,68.3373,-0.497223,2.5,-11.474554717540741,8.066578388214111,0.691206,999,,,,,,,201.8,2.690666666,201.8,2.690666666,,,,,,,,,,,,,,,,,,,"Tatem Levins","sa3020278",694420
"Joey Wiemer","KCR",118,442,393,86,56,20,2,8,49,42,42,1,127,5,2,0,4,11,4,0.21883,0.0950226,0.28733,0.330709,0.300905,0.340967,0.28548,0.641872,0.122137,5.1845,0.3,,-0.225053,42.9177,-8.78659,80.1346,-0.225053,0.6,-10.271797984838486,2.224044680595398,0.690572,748.9299926757812,,,,,,,383.9,3.25338983,383.9,3.25338983,,,,,,,,,,,,,,,,,,,"Joey Wiemer","27690",686894
"Nick Podkul","CHW",76,293,256,52,34,9,1,8,34,31,31,0,93,6,0,0,5,1,1,0.203125,0.105802,0.317406,0.333333,0.303754,0.339844,0.289895,0.643598,0.136719,3.44282,0.283871,,-0.765368,29.4911,-4.78351,87.1974,-0.765368,0.9,-5.057489812374115,1.9765726327896118,0.690555,999,,,,,,,252.3,3.319736842,252.3,3.319736842,,,,,,,,,,,,,,,,,,,"Nick Podkul","sa3006720",674951
"John Garcia","HOU",86,353,316,66,44,15,1,6,33,43,22,0,114,14,1,0,9,4,2,0.208861,0.0623229,0.322946,0.192982,0.288952,0.31962,0.27406,0.608572,0.110759,4.10854,0.304569,,-0.641407,31.0312,-10.2621,78.1151,-0.641407,-2.1,-9.480850756168365,4.38515567779541,0.689043,999,,,,,,,269.2,3.130232558,269.2,3.130232558,,,,,,,,,,,,,,,,,,,"John Garcia","sa3020419",801039
"Orelvis Martinez","TOR",105,447,405,85,46,19,1,19,50,63,31,2,124,7,4,0,10,1,0,0.209877,0.0693512,0.277405,0.25,0.275168,0.402469,0.292027,0.677637,0.192593,2.882,0.24812,,-0.447179,45.7584,-6.53077,90.5561,-0.447179,-4.6,-5.277352124452591,-2.9575836658477783,0.688454,570.3599853515625,,,,,,,426.3,4.06,426.3,4.06,,,,,,,,,,,,,,,,,,,"Orelvis Martinez","25967",682619
"Will Simpson","TBR",123,530,478,110,69,25,2,14,56,62,47,1,167,1,4,0,3,3,2,0.230126,0.0886792,0.315094,0.281437,0.298113,0.378661,0.295829,0.676774,0.148536,3.47822,0.318937,,-1.12553,55.8772,-6.12121,95.9333,-1.12553,2.3,-3.5917110443115234,-7.436919450759888,0.685681,999,,,,,,,497.6,4.045528455,497.6,4.045528455,,,,,,,,,,,,,,,,,,,"Will Simpson","sa3022530",687310
"Andy Ibáñez","DET",110,354,327,78,52,17,1,8,39,38,23,0,72,3,1,0,4,2,2,0.238532,0.0649718,0.20339,0.319444,0.293785,0.370031,0.291446,0.663816,0.131498,3.35169,0.282258,,-1.02562,36.0728,-5.3374,89.9906,-1.02562,-1.4,-5.0799397230148315,-0.09929454326629639,0.683858,746.8300170898438,,,,,,,316.2,2.874545454,316.2,2.874545454,,,,,,,,,,,,,,,,,,,"Andy Ibanez","18819",628451
"George Valera","CLE",103,436,384,85,56,15,1,13,49,50,46,0,130,3,3,0,8,4,2,0.221354,0.105505,0.298165,0.353846,0.307339,0.367188,0.298826,0.674527,0.145833,3.68511,0.295082,,-0.838717,47.0183,-3.98417,95.234,-0.838717,0.1,-3.216368615627289,-4.7059964165091515,0.682864,999,,,,,,,412.4,4.003883495,412.4,4.003883495,,,,,,,,,,,,,,,,,,,"George Valera","sa3006872",671655
"Joey Meneses","NYM",128,539,493,123,84,23,1,15,50,74,36,1,120,4,6,0,19,1,0,0.249493,0.0667903,0.222635,0.3,0.302412,0.391481,0.301581,0.693893,0.141988,2.255,0.296703,,-0.770768,59.321,-3.73017,96.1646,-0.770768,1.8,-3.242805242538452,-8.102263689041138,0.682064,999,,,,,,,531.1,4.14921875,531.1,4.14921875,,,,,,,,,,,,,,,,,,,"Joey Meneses","14366",608841
"Danny De Andrade","MIN",81,353,318,66,43,15,1,7,39,40,22,0,89,10,3,0,7,8,2,0.207547,0.0623229,0.252125,0.247191,0.27762,0.327044,0.269207,0.604664,0.119497,5.45323,0.262222,,0.198056,29.6526,-11.6407,73.8326,0.198056,1.3,-10.371100157499313,5.191093444824219,0.680335,999,,,,,,,272.2,3.360493827,272.2,3.360493827,,,,,,,,,,,,,,,,,,,"Danny De Andrade","sa3015698",694185
"Chris Taylor","LAD",104,349,305,69,44,14,2,9,43,37,37,1,112,4,2,1,4,8,1,0.22623,0.106017,0.320917,0.330357,0.316092,0.373771,0.304534,0.689862,0.147541,5.98373,0.322581,,0.53203,39.2397,-1.58567,96.3372,0.53203,-0.2,-0.9965775012969971,-4.0470017939805984,0.679409,725,,,,,,,353.4,3.398076923,353.4,3.398076923,,,,,,,,,,,,,,,,,,,"Chris Taylor","13757",621035
"C.J. Hinojosa",,102,402,373,88,63,18,1,6,39,42,20,1,79,3,3,3,11,3,2,0.235925,0.0497512,0.196517,0.253165,0.278196,0.337802,0.269521,0.615997,0.101877,3.35877,0.281787,,-0.880869,33.8702,-13.155,77.4276,-0.880869,0,-11.26356965303421,4.431216716766357,0.678383,999,,,,,,,303.2,2.972549019,303.2,2.972549019,,,,,,,,,,,,,,,,,,,"C.J. Hinojosa","sa658616",546994
"Andrew Cossetti","MIN",89,375,329,61,32,18,3,8,35,40,35,0,129,9,2,0,10,2,1,0.18541,0.0933333,0.344,0.271318,0.28,0.331307,0.273501,0.611307,0.145897,4.42546,0.273196,,-0.604831,32.7964,-11.0704,76.8524,-0.604831,-2.3,-10.536948919296265,4.589329957962036,0.6768,999,,,,,,,290.1,3.259550561,290.1,3.259550561,,,,,,,,,,,,,,,,,,,"Andrew Cossetti","sa3020493",681355
"Will Benson","CIN",123,426,367,77,41,18,4,14,56,50,52,1,148,4,2,1,4,17,6,0.209809,0.122066,0.347418,0.351351,0.312941,0.395095,0.310875,0.708037,0.185286,7.10343,0.304348,,0.212289,50.0711,0.238451,92.4319,0.212289,0.7,-3.6430047005414963,-3.9957674145698547,0.676206,660.030029296875,,,,,,,454.3,3.693495934,454.3,3.693495934,,,,,,,,,,,,,,,,,,,"Will Benson","21853",666181
"Keston Hiura","COL",98,385,345,88,54,15,1,18,48,62,28,1,118,10,2,0,8,2,1,0.255072,0.0727273,0.306494,0.237288,0.327273,0.46087,0.340418,0.788142,0.205797,3.34096,0.331754,,-0.723217,54.4067,9.37011,105.686,-0.723217,-1.1,1.8945462107658386,-8.17304527759552,0.675683,747.8800048828125,,,,,,,481.2,4.910204081,481.2,4.910204081,,,,,,,,,,,,,,,,,,,"Keston Hiura","20003",669374
"Tim Tawa","ARI",128,550,505,112,75,22,2,13,55,60,38,0,140,4,3,0,9,7,4,0.221782,0.0690909,0.254545,0.271429,0.28,0.350495,0.277488,0.630495,0.128713,3.95439,0.278873,,-1.14344,49.8667,-14.4713,74.8005,-1.14344,3.9,-17.716984510421753,5.920870065689087,0.673312,999,,,,,,,447.7,3.49765625,447.7,3.49765625,,,,,,,,,,,,,,,,,,,"Tim Tawa","sa3016970",694374
"Stuart Fairchild","CIN",104,305,268,62,38,12,2,10,40,38,24,0,83,8,2,3,4,12,2,0.231343,0.0786885,0.272131,0.289157,0.311258,0.402985,0.31303,0.714243,0.171642,6.89066,0.293785,,1.03752,36.3781,0.699777,93.8825,1.03752,-3.6,-1.193673014640808,-2.4793355464935303,0.669632,750.52001953125,,,,,,,332.6,3.198076923,332.6,3.198076923,,,,,,,,,,,,,,,,,,,"Stuart Fairchild","20321",656413
"J.D. Martinez",,111,465,413,98,57,24,1,16,51,59,44,1,135,4,4,0,14,0,0,0.237288,0.0946237,0.290323,0.325926,0.313978,0.416465,0.317373,0.730443,0.179177,1.75397,0.308271,,-0.820812,57.0874,2.69258,106.794,-0.820812,0,2.957172214984894,-11.959877014160156,0.669473,684.780029296875,,,,,,,505.5,4.554054054,505.5,4.554054054,,,,,,,,,,,,,,,,,,,"J.D. Martinez","6184",502110
"Ben Gamel","HOU",93,337,291,68,44,15,1,8,42,35,41,1,92,2,2,1,3,2,2,0.233677,0.121662,0.272997,0.445652,0.330357,0.37457,0.312252,0.704928,0.140893,3.32668,0.310881,,-1.08876,39.9838,0.562223,104.98,-1.08876,-1.9,0.8315913677215576,-5.614726662635803,0.666238,999,,,,,,,341.4,3.670967741,341.4,3.670967741,,,,,,,,,,,,,,,,,,,"Ben Gamel","12160",592325
"Arquímedes Gamboa",,99,374,333,69,50,12,2,5,39,31,38,0,106,2,1,0,5,5,2,0.207207,0.101604,0.283422,0.358491,0.291444,0.3003,0.267899,0.591744,0.0930931,4.73849,0.286996,,-0.520331,31.0227,-12.7271,71.4486,-0.520331,3.1,-13.289445281028748,7.222574710845947,0.659708,999,,,,,,,270.5,2.732323232,270.5,2.732323232,,,,,,,,,,,,,,,,,,,"Arquimedes Gamboa","sa877497",660614
"Lazaro Montes","SEA",115,524,466,101,64,19,1,17,62,64,48,3,163,6,4,0,7,2,2,0.216738,0.0916031,0.311069,0.294479,0.295802,0.371245,0.291803,0.667046,0.154506,2.96473,0.289655,,-1.31764,53.5464,-7.7501,95.4302,-1.31764,-1.3,-4.057522416114807,-7.076014280319214,0.65419,999,,,,,,,480.4,4.177391304,480.4,4.177391304,,,,,,,,,,,,,,,,,,,"Lazaro Montes","sa3018409",703155
"Bobby Dalbec","CHW",128,466,419,88,55,14,2,17,55,51,39,0,184,5,3,0,6,8,1,0.210024,0.083691,0.39485,0.211957,0.283262,0.374702,0.288748,0.657963,0.164678,5.46688,0.321267,,0.413644,46.4738,-8.03801,86.3907,0.413644,6.2,-6.842839747667313,-2.361140251159668,0.653787,750.239990234375,,,,,,,430,3.359375,430,3.359375,,,,,,,,,,,,,,,,,,,"Bobby Dalbec","19966",666915
"Jordyn Adams","BAL",128,543,494,111,81,17,4,9,63,56,37,0,171,4,4,4,6,22,7,0.224696,0.06814,0.314917,0.216374,0.282004,0.32996,0.27074,0.611963,0.105263,6.57081,0.320755,,0.60208,46.2827,-17.2364,76.859,0.60208,0,-13.775542914867401,1.9951499700546265,0.652798,999,,,,,,,429.5,3.35546875,429.5,3.35546875,,,,,,,,,,,,,,,,,,,"Jordyn Adams","23788",677941
"Jason Heyward","SDP",96,294,265,59,36,14,1,8,34,33,24,1,62,3,2,0,5,4,1,0.222642,0.0816327,0.210884,0.387097,0.292517,0.373585,0.29113,0.666102,0.150943,4.56701,0.258883,,-0.0943366,29.8841,-4.50746,90.1229,-0.0943366,3.1,-3.4169605523347855,-0.14074087142944336,0.644757,682.0900268554688,,,,,,,272.7,2.840625,272.7,2.840625,,,,,,,,,,,,,,,,,,,"Jason Heyward","4940",518792
"Wilfred Veras","CHW",133,563,531,130,84,29,1,16,61,68,23,2,169,5,4,0,16,14,6,0.244821,0.0408526,0.300178,0.136095,0.280639,0.393597,0.290373,0.674236,0.148776,4.63646,0.325714,,-0.498205,56.8836,-8.97503,87.5335,-0.498205,2.2,-8.529021918773651,-4.005908250808716,0.643727,999,,,,,,,531,3.992481203,531,3.992481203,,,,,,,,,,,,,,,,,,,"Wilfred Veras","sa3015178",691442
"Eric Haase","MIL",85,294,270,59,38,9,0,12,32,43,20,0,104,1,2,1,7,1,1,0.218519,0.0680272,0.353741,0.192308,0.273038,0.385185,0.286325,0.658223,0.166667,2.17827,0.301282,,-0.670659,28.7469,-5.64461,82.0107,-0.670659,-2,-6.99512505531311,3.4012346267700195,0.639971,707.6699829101562,,,,,,,261.4,3.075294117,261.4,3.075294117,,,,,,,,,,,,,,,,,,,"Eric Haase","14111",606992
"Trevor Hauver","TEX",105,441,384,81,49,20,2,10,45,47,50,1,150,4,3,0,8,1,1,0.210938,0.113379,0.340136,0.333333,0.306122,0.351562,0.292311,0.657685,0.140625,3.1833,0.312775,,-1.01003,45.2452,-6.34214,89.4256,-1.01003,2.7,-6.3458331823349,-2.1611111164093018,0.639705,999,,,,,,,394.1,3.753333333,394.1,3.753333333,,,,,,,,,,,,,,,,,,,"Trevor Hauver","sa3014448",669386
"Jackson Cluff","WSN",95,350,304,59,38,13,2,6,39,34,32,0,110,6,2,6,1,11,2,0.194079,0.0914286,0.314286,0.290909,0.281977,0.309211,0.266464,0.591187,0.115132,6.57227,0.278947,,0.790163,28.6278,-12.3146,69.3789,0.790163,2.7,-12.025771081447601,6.558024644851685,0.639042,999,,,,,,,261.2,2.749473684,261.2,2.749473684,,,,,,,,,,,,,,,,,,,"Jackson Cluff","sa3010342",687714
"Chase DeLauter","CLE",48,202,183,47,29,13,0,5,24,25,16,0,32,1,2,0,3,2,1,0.256831,0.0792079,0.158416,0.5,0.316832,0.409836,0.316197,0.726668,0.153005,3.15414,0.283784,,-0.368058,24.6079,0.978373,107.453,-0.368058,0.3,1.3546180725097656,-1.9266313910484314,0.636373,999,,,,,,,216.9,4.51875,216.9,4.51875,,,,,,,,,,,,,,,,,,,"Chase DeLauter","sa3021053",800050
"Eric Wagaman","MIA",121,483,446,110,71,25,2,12,54,53,33,0,98,2,2,0,17,5,2,0.246637,0.068323,0.202899,0.336735,0.300207,0.392377,0.302111,0.692584,0.14574,4.23969,0.289941,,-0.64661,53.3638,-3.13656,90.3857,-0.64661,-5.5,-6.1995627880096436,-3.725308656692505,0.63614,745.9500122070312,,,,,,,475.6,3.930578512,475.6,3.930578512,,,,,,,,,,,,,,,,,,,"Eric Wagaman","23395",676572
"Nick Pratto","KCR",120,501,438,100,60,22,4,14,59,58,50,1,167,6,5,2,7,8,1,0.22831,0.0998004,0.333333,0.299401,0.312625,0.392694,0.30852,0.705319,0.164384,5.75281,0.328244,,0.287365,57.9372,-0.668793,96.3416,0.287365,0.4,-1.8097907602787018,-8.804144471883774,0.628668,749.02001953125,,,,,,,520.6,4.338333333,520.6,4.338333333,,,,,,,,,,,,,,,,,,,"Nick Pratto","22117",668472
"Luis Matos","SFG",129,535,492,119,79,25,1,14,57,64,30,1,67,8,4,1,13,7,2,0.24187,0.0560748,0.125234,0.447761,0.294007,0.382114,0.294647,0.676121,0.140244,4.06585,0.253012,,-0.325534,55.8954,-6.68791,89.9515,-0.325534,0.9,-6.7541274428367615,-4.997266411781311,0.626342,588.2899780273438,,,,,,,505.9,3.921705426,505.9,3.921705426,,,,,,,,,,,,,,,,,,,"Luis Matos","26467",682641
"Jacob Hurtubise","CIN",99,371,312,77,62,8,4,3,55,37,36,1,76,14,2,7,4,17,3,0.246795,0.097035,0.204852,0.473684,0.348901,0.326923,0.306921,0.675824,0.0801282,7.81806,0.314894,,1.30892,42.426,-0.972834,89.771,1.30892,1,-3.2291210889816284,-3.089506149291992,0.623389,999,,,,,,,367.3,3.71010101,367.3,3.71010101,,,,,,,,,,,,,,,,,,,"Jacob Hurtubise","27599",674441
"Aidan Miller","PHI",103,460,415,91,59,20,4,8,51,52,36,0,115,8,1,0,1,11,4,0.219277,0.0782609,0.25,0.313043,0.293478,0.344578,0.283558,0.638057,0.125301,6.06768,0.283276,,-0.232945,43.9538,-9.85612,79.9309,-0.232945,-3.1,-11.272378593683243,1.9705467224121094,0.621384,999,,,,,,,392.3,3.808737864,392.3,3.808737864,,,,,,,,,,,,,,,,,,,"Aidan Miller","sa3022609",805795
"Brendon Davis",,119,489,436,90,55,22,2,11,58,63,42,1,138,8,3,0,11,9,1,0.206422,0.0858896,0.282209,0.304348,0.286299,0.341743,0.278347,0.628042,0.135321,5.59315,0.272414,,0.574182,44.6739,-12.5284,78.7116,0.574182,-0.2,-11.874224543571472,1.596737191081047,0.620359,999,,,,,,,410.9,3.452941176,410.9,3.452941176,,,,,,,,,,,,,,,,,,,"Brendon Davis","18587",663478
"Jantzen Witte",,78,318,290,62,41,12,1,8,32,34,23,0,90,2,2,1,8,2,3,0.213793,0.072327,0.283019,0.255556,0.274448,0.344828,0.27281,0.619276,0.131034,3.13215,0.278351,,-1.33592,27.6345,-9.56452,76.963,-1.33592,4.3,-10.09611964225769,5.468430519104004,0.615745,999,,,,,,,243.3,3.119230769,243.3,3.119230769,,,,,,,,,,,,,,,,,,,"Jantzen Witte","sa738324",642220
"Alika Williams","PIT",97,373,339,82,60,16,2,4,43,31,25,0,78,3,2,4,6,3,2,0.241888,0.0670241,0.209115,0.320513,0.298103,0.336283,0.281141,0.634386,0.0943953,4.20884,0.301158,,-0.904546,34.9151,-8.71772,76.3067,-0.904546,0.9,-11.472615420818329,5.011552214622498,0.615557,999,,,,,,,299.7,3.089690721,299.7,3.089690721,,,,,,,,,,,,,,,,,,,"Alika Williams","27604",675961
"Nick Solak","PIT",95,381,338,84,62,15,1,6,44,40,32,0,72,9,2,0,8,6,2,0.248521,0.0839895,0.188976,0.444444,0.328084,0.352071,0.304211,0.680155,0.10355,4.25196,0.29771,,-0.422932,42.7384,-1.83023,91.8344,-0.422932,1.6,-4.143205553293228,-2.5997356176376343,0.613959,749.5,,,,,,,366.8,3.861052631,366.8,3.861052631,,,,,,,,,,,,,,,,,,,"Nick Solak","19294",669256
"José Abreu",,108,452,407,101,67,20,1,13,51,56,32,1,99,9,4,0,14,0,0,0.248157,0.0707965,0.219027,0.323232,0.314159,0.398034,0.31096,0.712194,0.149877,1.99702,0.294314,,-0.844489,53.1584,0.284277,104.072,-0.844489,-2.1,1.2613736391067505,-10.40393877029419,0.61193,999,,,,,,,467.5,4.328703703,467.5,4.328703703,,,,,,,,,,,,,,,,,,,"Jose Abreu","15676",547989
"Ryan McKenna",,104,272,241,53,34,11,1,7,36,31,23,0,78,3,2,3,5,9,2,0.219917,0.0845588,0.286765,0.294872,0.29368,0.360996,0.28894,0.654676,0.141079,6.22548,0.291139,,0.516442,27.1683,-4.64971,83.5534,0.516442,0.7,-4.832971036434174,1.6994121074676514,0.61185,999,,,,,,,248.7,2.391346153,248.7,2.391346153,,,,,,,,,,,,,,,,,,,"Ryan McKenna","19928",663630
"Brendan Jones","NYY",25,109,90,18,12,4,0,2,12,11,19,0,28,0,0,0,1,9,0,0.2,0.174312,0.256881,0.678571,0.33945,0.311111,0.300835,0.650561,0.111111,5.58506,0.266667,,1.55533,11.9309,-0.819749,95.3979,1.55533,0.9,0.9813633561134338,1.300499677658081,0.610933,999,,,,,,,115.3,4.612,115.3,4.612,,,,,,,,,,,,,,,,,,,"Brendan Jones","sa3025253",800957
"Colton Ledbetter","TBR",108,442,407,88,54,20,3,11,48,52,26,0,145,5,4,0,2,16,5,0.216216,0.0588235,0.328054,0.17931,0.269231,0.361179,0.274966,0.63041,0.144963,6.43091,0.301961,,0.504112,39.1774,-12.5269,81.2577,0.504112,5,-8.97460949420929,0.12786579132080078,0.608054,999,,,,,,,373.7,3.460185185,373.7,3.460185185,,,,,,,,,,,,,,,,,,,"Colton Ledbetter","sa3022897",807742
"Payton Henry","PHI",51,190,175,42,31,7,0,4,18,26,10,0,50,4,1,0,7,0,0,0.24,0.0526316,0.263158,0.2,0.294737,0.348571,0.284656,0.643308,0.108571,1.34077,0.311475,,-0.355159,18.3228,-3.90305,80.6702,-0.355159,0.8,-4.74696609377861,4.290593683719635,0.606325,999,,,,,,,160.1,3.139215686,160.1,3.139215686,,,,,,,,,,,,,,,,,,,"Payton Henry","22164",668721
"Trent Farquhar","PHI",78,342,292,63,47,13,2,1,39,31,36,0,74,10,1,3,2,12,4,0.215753,0.105263,0.216374,0.486486,0.321534,0.284247,0.280201,0.60578,0.0684932,6.04574,0.284404,,0.0459791,31.7548,-8.25173,77.6717,0.0459791,2.3,-9.085522077977657,3.5566136837005615,0.605211,999,,,,,,,268.9,3.447435897,268.9,3.447435897,,,,,,,,,,,,,,,,,,,"Trent Farquhar","sa3022606",802531
"Joe Hudson","HOU",48,176,152,27,18,4,0,5,17,18,20,0,67,3,1,0,3,2,0,0.177632,0.113636,0.380682,0.298507,0.284091,0.302632,0.267499,0.586722,0.125,3.53269,0.271605,,0.0764107,14.5423,-6.04586,73.5001,0.0764107,2,-5.260161958634853,5.233392238616943,0.603171,999,,,,,,,130.6,2.720833333,130.6,2.720833333,,,,,,,,,,,,,,,,,,,"Joe Hudson","14412",621529
"Yonny Hernández","NYM",93,373,320,68,54,9,3,2,44,28,40,0,78,6,2,5,8,14,7,0.2125,0.107239,0.209115,0.512821,0.309783,0.278125,0.270809,0.587908,0.065625,6.16846,0.272727,,-0.824287,31.8134,-11.8194,75.4532,-0.824287,3.8,-11.77302610874176,5.170517325401306,0.600949,999,,,,,,,267.8,2.879569892,267.8,2.879569892,,,,,,,,,,,,,,,,,,,"Yonny Hernandez","19432",660634
"Rodolfo Durán","SDP",76,312,294,65,40,16,1,8,29,36,12,0,77,3,2,1,11,1,0,0.221088,0.0384615,0.246795,0.155844,0.257235,0.363946,0.269314,0.62118,0.142857,3.28106,0.270142,,-0.234083,26.2352,-10.262,74.6098,-0.234083,-0.6,-9.706946432590485,5.131922602653503,0.600548,999,,,,,,,244.2,3.213157894,244.2,3.213157894,,,,,,,,,,,,,,,,,,,"Rodolfo Duran","sa877500",660710
"Noah Cardenas","MIN",87,349,302,56,38,14,0,4,30,32,38,0,94,8,1,0,6,3,3,0.18543,0.108883,0.269341,0.404255,0.292264,0.271523,0.261359,0.563787,0.0860927,2.53966,0.253659,,-1.27798,27.1119,-13.7134,68.3117,-1.27798,1.7,-13.932050704956055,8.111669778823853,0.600428,999,,,,,,,225.1,2.587356321,225.1,2.587356321,,,,,,,,,,,,,,,,,,,"Noah Cardenas","sa3017624",681433
"Ramón Rodríguez","MIL",73,283,257,57,41,10,0,6,25,29,19,0,42,3,3,1,9,2,1,0.22179,0.0671378,0.14841,0.452381,0.280142,0.330739,0.270377,0.610881,0.108949,2.57962,0.240566,,-0.502229,24.0389,-9.06592,71.2767,-0.502229,1.4,-10.222568809986115,6.59914767742157,0.599089,999,,,,,,,214.6,2.939726027,214.6,2.939726027,,,,,,,,,,,,,,,,,,,"Ramon Rodriguez","sa918698",670232
"Enrique Hernández","LAD",110,410,371,82,53,18,1,10,47,47,31,0,83,3,4,1,10,1,1,0.221024,0.0756098,0.202439,0.373494,0.283619,0.355795,0.280979,0.639414,0.134771,2.91939,0.255319,,-0.891647,38.3251,-9.63586,80.483,-0.891647,1.1,-10.460473835468292,2.606466770172119,0.598949,627.1599731445312,,,,,,,341.2,3.101818181,341.2,3.101818181,,,,,,,,,,,,,,,,,,,"Enrique Hernandez","10472",571771
"Shane Sasaki","MIA",78,331,298,77,57,15,2,3,42,29,28,0,97,3,1,1,2,14,3,0.258389,0.0845921,0.293051,0.28866,0.327273,0.352349,0.302603,0.679622,0.0939597,6.36399,0.371859,,0.890448,36.7015,-2.01825,90.7173,0.890448,1.2,-2.7837560176849365,-2.4485890865325928,0.598008,999,,,,,,,327.5,4.198717948,327.5,4.198717948,,,,,,,,,,,,,,,,,,,"Shane Sasaki","sa3011754",687071
"Colby Shade","MIA",119,503,449,95,65,20,2,8,71,54,31,0,170,17,2,4,2,22,6,0.211581,0.0616302,0.337972,0.182353,0.286573,0.318486,0.27171,0.605059,0.106904,7.04795,0.318681,,1.07812,43.2659,-15.5741,69.9238,1.07812,4.2,-17.012452602386475,6.048177361488342,0.597578,999,,,,,,,396.6,3.332773109,396.6,3.332773109,,,,,,,,,,,,,,,,,,,"Colby Shade","sa3023374",694974
"Alan Trejo","TEX",99,345,319,72,46,16,2,8,37,36,20,0,91,3,2,1,7,3,2,0.225705,0.057971,0.263768,0.21978,0.276163,0.363636,0.279505,0.639799,0.137931,4.38347,0.288288,,-0.75459,31.84,-8.51747,80.4176,-0.75459,1.5,-8.48478502035141,2.7676366567611694,0.597318,999,,,,,,,286.3,2.891919191,286.3,2.891919191,,,,,,,,,,,,,,,,,,,"Alan Trejo","20056",676701
"Jared Oliva","MIL",87,306,278,62,41,11,4,6,41,38,20,0,79,5,1,2,7,17,3,0.223022,0.0653595,0.25817,0.253165,0.286184,0.356115,0.282862,0.642299,0.133094,8.47913,0.28866,,1.66408,29.0673,-6.72795,79.6797,1.66408,0.2,-5.771469712257385,1.3243386298418045,0.593121,999,,,,,,,279.2,3.209195402,279.2,3.209195402,,,,,,,,,,,,,,,,,,,"Jared Oliva","19968",666931
"J.P. Martínez",,105,437,389,83,57,15,5,6,50,44,41,0,143,5,1,1,4,22,6,0.213368,0.0938215,0.327231,0.286713,0.295872,0.323907,0.277928,0.619779,0.11054,7.51802,0.319502,,1.15704,39.776,-11.3434,75.5384,1.15704,1.2,-11.625785231590271,2.805673122406006,0.592032,999,,,,,,,367.2,3.497142857,367.2,3.497142857,,,,,,,,,,,,,,,,,,,"J.P. Martinez","24451",679881
"Xavier Isaac","TBR",107,456,408,92,55,20,2,15,56,58,41,0,158,4,3,0,5,7,1,0.22549,0.0899123,0.346491,0.259494,0.300439,0.394608,0.30404,0.695046,0.169118,5.31108,0.323529,,0.205751,51.0888,-2.25323,101.709,0.205751,-2.2,1.0972264558076859,-10.577425241470337,0.590831,999,,,,,,,463.1,4.328037383,463.1,4.328037383,,,,,,,,,,,,,,,,,,,"Xavier Isaac","sa3020498",800060
"Luke Ritter","NYM",121,505,443,87,54,16,1,16,53,62,50,0,188,10,2,0,14,3,2,0.196388,0.0990099,0.372277,0.265957,0.291089,0.345372,0.284605,0.636462,0.148984,3.35559,0.294606,,-1.10975,48.6793,-10.3946,84.7391,-1.10975,8.5,-10.325564503669739,-0.7776308059692383,0.590109,999,,,,,,,426.8,3.527272727,426.8,3.527272727,,,,,,,,,,,,,,,,,,,"Luke Ritter","sa3009878",682239
"Christian Moore","LAA",26,116,109,29,19,5,0,5,22,17,7,0,35,0,0,0,3,1,1,0.266055,0.0603448,0.301724,0.2,0.310345,0.449541,0.32842,0.759886,0.183486,3.8464,0.347826,,-0.410209,15.2725,1.70303,113.036,-0.410209,0.1,1.3200331032276154,0.5262198820710182,0.590044,999,,,,,,,135,5.192307692,135,5.192307692,,,,,,,,,,,,,,,,,,,"Christian Moore","sa3025168",695681
"Connor Hollis",,99,410,371,89,68,16,2,3,46,40,27,0,89,8,1,3,8,10,6,0.239892,0.0658537,0.217073,0.303371,0.304668,0.318059,0.279421,0.622728,0.0781671,5.11796,0.307143,,-1.24296,37.8109,-10.1501,81.4126,-1.24296,0.9,-10.356015086174011,2.4064667224884033,0.589082,999,,,,,,,320.6,3.238383838,320.6,3.238383838,,,,,,,,,,,,,,,,,,,"Connor Hollis","sa3007870",667442
"James McCann",,74,251,230,53,37,10,0,6,25,27,14,0,66,3,3,1,5,2,0,0.230435,0.0557769,0.262948,0.212121,0.28,0.352174,0.277095,0.632174,0.121739,3.3313,0.291925,,-0.0261908,22.6779,-6.68357,81.3295,-0.0261908,-1.9,-5.388309046626091,2.711258053779602,0.587667,747.02001953125,,,,,,,207,2.797297297,207,2.797297297,,,,,,,,,,,,,,,,,,,"James McCann","12859",543510
"Ryan McCarty","TOR",109,444,408,87,56,20,2,9,45,48,26,0,129,7,3,0,9,5,5,0.213235,0.0585586,0.290541,0.20155,0.27027,0.338235,0.26813,0.608506,0.125,4.16379,0.285714,,-1.72746,36.9117,-15.0265,73.7469,-1.72746,4.3,-15.064795136451721,5.931393504142761,0.585334,999,,,,,,,327.7,3.006422018,327.7,3.006422018,,,,,,,,,,,,,,,,,,,"Ryan McCarty","sa3020244",806005
"Yuli Gurriel","SDP",103,405,364,95,65,22,1,7,41,40,34,1,62,3,4,0,11,6,0,0.260989,0.0839506,0.153086,0.548387,0.325926,0.384615,0.311258,0.710541,0.123626,4.23729,0.294314,,0.402865,47.7277,0.351585,98.267,0.402865,0,-0.40021443367004395,-7.440476417541504,0.584572,999,,,,,,,425.7,4.133009708,425.7,4.133009708,,,,,,,,,,,,,,,,,,,"Yuli Gurriel","19198",493329
"Tavian Josenberger","BAL",83,363,314,65,45,11,3,6,49,32,34,0,71,2,2,11,5,23,4,0.207006,0.0936639,0.195592,0.478873,0.286932,0.318471,0.271063,0.605403,0.111465,7.82499,0.246862,,2.34069,31.0347,-11.4284,77.0861,2.34069,-0.6,-7.176573276519775,0.7337741851806641,0.584345,999,,,,,,,295.9,3.56506024,295.9,3.56506024,,,,,,,,,,,,,,,,,,,"Tavian Josenberger","sa3022808",694444
"Jace Bohrofen","TOR",112,480,428,92,55,22,2,13,55,60,42,0,143,8,2,0,9,5,2,0.214953,0.0875,0.297917,0.293706,0.295833,0.366822,0.292962,0.662656,0.151869,4.44034,0.288321,,-0.638717,49.4979,-6.65157,91.214,-0.638717,0.4,-5.46414852142334,-4.891005128622055,0.583096,999,,,,,,,438.5,3.915178571,438.5,3.915178571,,,,,,,,,,,,,,,,,,,"Jace Bohrofen","sa3022653",690957
"David Bañuelos","BAL",42,155,140,29,19,5,1,4,17,17,12,0,56,2,0,1,3,1,0,0.207143,0.0774194,0.36129,0.214286,0.279221,0.342857,0.276124,0.622078,0.135714,4.87263,0.3125,,-0.0604499,13.8831,-4.24853,80.6459,-0.0604499,1.1,-3.492939807474613,3.9475897550582886,0.580592,999,,,,,,,124.1,2.954761904,124.1,2.954761904,,,,,,,,,,,,,,,,,,,"David Banuelos","23250",675915
"Jack Blomgren","HOU",43,172,148,34,25,6,1,2,19,19,14,0,47,5,1,4,2,7,2,0.22973,0.0813954,0.273256,0.297872,0.315476,0.324324,0.288734,0.6398,0.0945946,6.221,0.32,,0.242721,17.1515,-2.96872,88.4375,0.242721,0,-2.0328335613012314,1.895943522453308,0.578027,999,,,,,,,149,3.465116279,149,3.465116279,,,,,,,,,,,,,,,,,,,"Jack Blomgren","sa3014825",685076
"Daniel Johnson",,112,461,425,98,66,16,2,14,51,57,28,0,130,4,4,0,6,10,6,0.230588,0.0607375,0.281996,0.215385,0.281996,0.376471,0.287017,0.658466,0.145882,4.7911,0.294737,,-1.2035,45.3328,-8.59406,88.3086,-1.2035,-4.1,-7.370496153831482,-2.406143307685852,0.57743,999,,,,,,,411.4,3.673214285,411.4,3.673214285,,,,,,,,,,,,,,,,,,,"Daniel Johnson","19643",669288
"Jesus Baez","NYM",71,305,283,59,39,11,1,8,31,33,18,0,67,3,1,0,7,4,1,0.208481,0.0590164,0.219672,0.268657,0.262295,0.339223,0.264713,0.601518,0.130742,4.49395,0.244019,,-0.0785517,24.5171,-11.1612,71.35,-0.0785517,2.6,-10.527832478284836,5.9619927406311035,0.577422,999,,,,,,,228,3.211267605,228,3.211267605,,,,,,,,,,,,,,,,,,,"Jesus Baez","sa3018507",800305
"Terrin Vavra","BAL",72,276,244,58,44,9,2,3,34,28,25,0,72,4,1,2,6,2,2,0.237705,0.0905797,0.26087,0.347222,0.317518,0.327869,0.29023,0.645387,0.0901639,4.49749,0.323529,,-0.98616,27.8544,-4.43155,90.5685,-0.98616,-0.7,-3.964635670185089,0.3141093850135803,0.5732,999,,,,,,,231.7,3.218055555,231.7,3.218055555,,,,,,,,,,,,,,,,,,,"Terrin Vavra","24400",679631
"Austin Hedges","CLE",82,229,203,37,29,5,0,3,17,18,13,0,66,3,3,7,6,2,0,0.182266,0.0567686,0.28821,0.19697,0.238739,0.251232,0.221216,0.48997,0.0689655,3.38209,0.248175,,0.044841,10.3909,-16.3971,40.6418,0.044841,9.2,-15.508422665297985,13.407083988189697,0.571384,999,,,,,,,98.7,1.203658536,98.7,1.203658536,,,,,,,,,,,,,,,,,,,"Austin Hedges","12976",595978
"Jose Barrero","STL",96,376,342,71,45,14,2,10,40,44,21,0,128,9,3,1,8,11,2,0.207602,0.0558511,0.340426,0.164062,0.269333,0.347953,0.27165,0.617287,0.140351,6.20062,0.294686,,0.798056,32.3237,-11.6601,73.9732,0.798056,-0.3,-10.904193043708801,3.8446208834648132,0.564062,999,,,,,,,306.9,3.196875,306.9,3.196875,,,,,,,,,,,,,,,,,,,"Jose Barrero","23378",676480
"Jonathan Davis",,86,292,255,56,39,11,2,4,35,27,27,0,83,7,2,1,5,7,3,0.219608,0.0924658,0.284247,0.325301,0.309278,0.32549,0.285951,0.634769,0.105882,5.87286,0.305882,,-0.391166,28.4636,-5.69404,79.5092,-0.391166,6.5,-7.546053230762482,3.2813050746917725,0.563808,999,,,,,,,246.4,2.865116279,246.4,2.865116279,,,,,,,,,,,,,,,,,,,"Jonathan Davis","15104",641505
"Bubba Thompson",,105,394,369,89,66,14,3,6,52,38,17,0,123,4,1,3,5,23,5,0.241192,0.0431472,0.312183,0.138211,0.28133,0.344173,0.274728,0.625503,0.102981,7.6545,0.344398,,1.88833,34.8472,-11.2422,68.1026,1.88833,4,-13.140060782432556,5.447677850723267,0.560613,999,,,,,,,336.2,3.201904761,336.2,3.201904761,,,,,,,,,,,,,,,,,,,"Bubba Thompson","22261",669352
"Stone Garrett","WSN",99,374,339,78,51,16,1,10,42,44,27,0,115,4,4,0,5,5,2,0.230089,0.0721925,0.307487,0.234783,0.291444,0.371681,0.290406,0.663125,0.141593,4.32304,0.311927,,-0.457191,37.7976,-5.95216,85.4932,-0.457191,4,-6.945086449384689,-0.1225748062133789,0.556348,733.3599853515625,,,,,,,340.8,3.442424242,340.8,3.442424242,,,,,,,,,,,,,,,,,,,"Stone Garrett","19273",656448
"Brock Rodden","SEA",120,535,487,107,74,21,3,9,60,53,36,1,145,6,4,2,4,13,7,0.219713,0.0672897,0.271028,0.248276,0.27955,0.330595,0.269261,0.610145,0.110883,5.51326,0.290801,,-1.14267,44.964,-17.6193,79.5739,-1.14267,-0.8,-13.646556735038757,1.1657554507255554,0.552918,999,,,,,,,405.9,3.3825,405.9,3.3825,,,,,,,,,,,,,,,,,,,"Brock Rodden","sa3022432",801126
"Anthony Rizzo",,98,402,353,80,53,14,0,13,43,44,34,2,80,13,2,0,9,1,1,0.226629,0.0845771,0.199005,0.425,0.31592,0.376771,0.305881,0.692691,0.150142,2.02256,0.255725,,-0.978464,45.6346,-1.39054,98.9475,-0.978464,0.8,-1.462561011314392,-6.585361659526825,0.552841,725.3300170898438,,,,,,,397.9,4.060204081,397.9,4.060204081,,,,,,,,,,,,,,,,,,,"Anthony Rizzo","3473",519203
"Luke Waddell","ATL",110,471,421,97,75,17,2,3,51,42,37,0,74,6,5,2,10,9,4,0.230404,0.0785563,0.157113,0.5,0.298507,0.301663,0.269939,0.60017,0.0712589,4.95158,0.269341,,-0.751331,39.8422,-15.2545,70.1613,-0.751331,2,-17.55724346637726,7.191799163818359,0.549368,999,,,,,,,346,3.145454545,346,3.145454545,,,,,,,,,,,,,,,,,,,"Luke Waddell","sa3017075",680672
"Tucker Flint","LAA",127,537,468,102,65,22,3,12,56,61,54,0,183,12,2,1,4,7,5,0.217949,0.100559,0.340782,0.295082,0.313433,0.354701,0.298749,0.668134,0.136752,4.57009,0.327273,,-1.65894,57.877,-4.94021,92.1648,-1.65894,-0.2,-6.473183631896973,-6.11931200325489,0.548268,999,,,,,,,494.2,3.891338582,494.2,3.891338582,,,,,,,,,,,,,,,,,,,"Tucker Flint","sa3019856",687272
"Gabriel Cancel",,62,248,225,46,27,12,0,7,29,29,20,0,91,2,1,0,6,4,1,0.204444,0.0806452,0.366935,0.21978,0.274194,0.351111,0.275927,0.625305,0.146667,4.18964,0.304688,,0.00826491,22.1736,-6.83696,79.2312,0.00826491,2,-5.885185830295086,2.9112287163734436,0.546675,999,,,,,,,204,3.29032258,204,3.29032258,,,,,,,,,,,,,,,,,,,"Gabriel Cancel","sa875231",663708
"Kaden Polcovich","SEA",93,375,332,64,43,13,3,5,41,35,32,0,114,8,2,1,5,10,4,0.192771,0.0853333,0.304,0.280702,0.278075,0.295181,0.2595,0.573256,0.10241,6.37185,0.274419,,-0.275097,28.5706,-15.2962,72.7075,-0.275097,3.4,-11.985740423202515,4.777866005897522,0.546644,999,,,,,,,256,2.752688172,256,2.752688172,,,,,,,,,,,,,,,,,,,"Kaden Polcovich","sa3014496",687659
"Dylan Beavers","BAL",122,527,472,108,74,21,4,9,56,53,46,0,138,3,4,2,4,16,3,0.228814,0.0872865,0.26186,0.333333,0.299048,0.347458,0.286203,0.646505,0.118644,6.02699,0.300912,,1.01421,51.4778,-10.1696,87.7361,1.01421,-0.1,-6.3808863162994385,-5.9090829864144325,0.545085,999,,,,,,,470.1,3.853278688,470.1,3.853278688,,,,,,,,,,,,,,,,,,,"Dylan Beavers","sa3019983",687637
"Garrett Hampson","ARI",117,310,281,67,49,13,3,2,34,27,22,0,79,2,2,3,5,10,3,0.238434,0.0709677,0.254839,0.278481,0.296417,0.327402,0.276814,0.623819,0.088968,6.42749,0.321782,,0.208834,27.9383,-8.32486,74.3465,0.208834,3.1,-9.300938338041306,4.239035725593567,0.543386,999,,,,,,,250.4,2.14017094,250.4,2.14017094,,,,,,,,,,,,,,,,,,,"Garrett Hampson","19262",641658
"Dominic Pitelli","CIN",113,454,412,92,71,14,4,3,42,36,33,0,141,2,1,6,8,22,7,0.223301,0.0726872,0.310573,0.234043,0.283482,0.298544,0.260835,0.582026,0.0752427,6.54712,0.330855,,0.728358,35.0772,-18.0308,58.7516,0.728358,6.8,-21.665274441242218,11.804409503936768,0.543012,999,,,,,,,322,2.849557522,322,2.849557522,,,,,,,,,,,,,,,,,,,"Dominic Pitelli","sa3022809",694689
"Matt Mervis","MIA",112,470,422,99,61,22,1,15,49,57,38,1,130,7,3,0,4,2,1,0.234597,0.0808511,0.276596,0.292308,0.306383,0.398104,0.307581,0.704487,0.163507,2.80236,0.3,,-0.833711,53.9968,-0.982856,94.0676,-0.833711,2.4,-4.1679235100746155,-6.234626293182373,0.542097,581.1599731445312,,,,,,,478.9,4.275892857,478.9,4.275892857,,,,,,,,,,,,,,,,,,,"Matt Mervis","27845",670223
"Corey Julks","CHW",109,431,390,93,62,19,1,11,59,45,36,1,103,3,2,0,11,12,3,0.238462,0.0835267,0.238979,0.349515,0.306264,0.376923,0.299805,0.683188,0.138462,5.34837,0.294964,,0.395739,46.819,-3.59857,94.1687,0.395739,-1.9,-2.4799971878528595,-6.65088164806366,0.540838,999,,,,,,,426.4,3.911926605,426.4,3.911926605,,,,,,,,,,,,,,,,,,,"Corey Julks","20311",667452
"Andrew Knapp",,89,339,304,65,45,13,1,6,32,34,28,1,99,4,2,1,5,1,2,0.213816,0.0825959,0.292035,0.282828,0.286982,0.322368,0.271097,0.609351,0.108553,2.71682,0.293532,,-1.20984,28.9921,-10.6635,74.1004,-1.20984,-0.6,-11.708995819091797,5.627953886985779,0.53787,999,,,,,,,252.1,2.832584269,252.1,2.832584269,,,,,,,,,,,,,,,,,,,"Andrew Knapp","14942",595284
"Drew Gilbert","NYM",88,382,341,73,49,13,1,10,39,42,32,1,89,7,2,0,5,4,2,0.214076,0.0837696,0.232984,0.359551,0.293194,0.346041,0.28347,0.639235,0.131965,3.83086,0.258197,,-0.696654,36.4737,-8.2119,83.9749,-0.696654,-0.9,-8.016893565654755,0.5035861730575562,0.537837,999,,,,,,,324.2,3.684090909,324.2,3.684090909,,,,,,,,,,,,,,,,,,,"Drew Gilbert","sa3019980",687551
"Kolten Wong",,89,323,290,70,47,16,2,5,37,34,22,1,63,8,3,0,2,6,2,0.241379,0.0681115,0.195046,0.349206,0.309598,0.362069,0.295567,0.671667,0.12069,5.37531,0.288889,,-0.209837,33.9853,-3.7986,86.9689,-0.209837,-1.5,-5.243036210536957,-0.3131980895996094,0.537043,999,,,,,,,302.6,3.4,302.6,3.4,,,,,,,,,,,,,,,,,,,"Kolten Wong","12532",543939
"Christian Cairo","ATL",97,376,326,69,53,9,4,3,39,34,42,0,104,5,2,1,9,13,3,0.211656,0.111702,0.276596,0.403846,0.309333,0.291411,0.274863,0.600744,0.0797546,6.57346,0.298643,,0.595739,33.2961,-10.6876,73.4753,0.595739,2.6,-11.33041650056839,3.9815402030944824,0.534183,999,,,,,,,294.8,3.039175257,294.8,3.039175257,,,,,,,,,,,,,,,,,,,"Christian Cairo","sa3010028",686551
"Cal Mitchell","CHW",119,457,414,100,67,20,1,12,48,51,35,0,109,3,4,1,9,7,4,0.241546,0.0765864,0.238512,0.321101,0.302632,0.381643,0.299625,0.684274,0.140097,3.71974,0.296296,,-1.04873,49.5769,-3.88206,94.0417,-1.04873,-0.9,-4.164353251457214,-5.937477946281433,0.530073,999,,,,,,,438.6,3.685714285,438.6,3.685714285,,,,,,,,,,,,,,,,,,,"Cal Mitchell","22169",668751
"Adam Frazier","PIT",121,415,374,91,66,18,2,5,49,35,30,0,66,6,2,3,5,6,2,0.243316,0.0722892,0.159036,0.454545,0.308252,0.342246,0.28931,0.650498,0.0989305,4.92073,0.281967,,-0.41504,41.5754,-6.97049,81.8055,-0.41504,-0.8,-9.444231867790222,0.7248383164405823,0.52677,746.1699829101562,,,,,,,360,2.975206611,360,2.975206611,,,,,,,,,,,,,,,,,,,"Adam Frazier","15223",624428
"Michael Papierski",,84,324,282,59,42,12,0,5,31,29,34,0,79,4,3,1,7,1,1,0.20922,0.104938,0.243827,0.43038,0.30031,0.304965,0.274441,0.605274,0.0957447,2.06739,0.268657,,-0.8364,28.5813,-9.31956,83.2176,-0.8364,-4.6,-7.058038890361786,1.3523812294006348,0.526205,999,,,,,,,243.3,2.896428571,243.3,2.896428571,,,,,,,,,,,,,,,,,,,"Michael Papierski","21386",657709
"Óscar Mercado","PHI",99,361,326,71,44,15,4,8,41,38,26,0,76,5,3,1,5,12,3,0.217791,0.0720222,0.210526,0.342105,0.283333,0.361963,0.283019,0.645297,0.144172,6.93853,0.257143,,0.593049,34.3376,-7.89148,84.0628,0.593049,3,-5.989970147609711,-0.9792768955230713,0.523089,999,,,,,,,320.5,3.237373737,320.5,3.237373737,,,,,,,,,,,,,,,,,,,"Oscar Mercado","16375",640458
"Aaron Schunk","COL",109,442,413,102,70,21,3,8,47,48,23,1,110,3,3,0,10,7,5,0.246973,0.0520362,0.248869,0.209091,0.289593,0.37046,0.286964,0.660053,0.123487,4.67532,0.315436,,-1.37481,43.4456,-8.25867,69.7081,-1.37481,6.1,-17.38552951812744,7.724044561386108,0.522333,745.4000244140625,,,,,,,388.7,3.566055045,388.7,3.566055045,,,,,,,,,,,,,,,,,,,"Aaron Schunk","25524",668845
"Anthony Alford",,107,414,376,90,57,19,1,13,50,52,32,1,154,5,1,0,4,8,3,0.239362,0.0772947,0.371981,0.207792,0.306763,0.398936,0.30821,0.705699,0.159574,4.68281,0.366667,,-0.349014,47.7729,-0.656015,90.6387,-0.349014,0.8,-4.983457297086716,-3.7634922862052917,0.520485,999,,,,,,,428.8,4.007476635,428.8,4.007476635,,,,,,,,,,,,,,,,,,,"Anthony Alford","14329",546990
"Alexander Canario","NYM",95,394,359,74,43,15,1,15,43,51,30,0,136,3,2,0,6,6,2,0.206128,0.0761421,0.345178,0.220588,0.271574,0.37883,0.284007,0.650404,0.172702,4.43712,0.280952,,-0.209837,37.7899,-8.2995,83.3684,-0.209837,-1.5,-8.045779168605804,-0.0523221492767334,0.518712,748.8599853515625,,,,,,,350.4,3.688421052,350.4,3.688421052,,,,,,,,,,,,,,,,,,,"Alexander Canario","22842",672744
"Elijah Dunham","NYY",108,455,410,87,52,20,3,12,50,54,38,0,138,5,2,0,8,15,4,0.212195,0.0835165,0.303297,0.275362,0.285714,0.363415,0.285914,0.649129,0.15122,6.17104,0.28626,,0.630194,44.3389,-8.88615,84.9021,0.630194,2.1,-7.23000180721283,-2.9154319763183594,0.518685,999,,,,,,,411.4,3.809259259,411.4,3.809259259,,,,,,,,,,,,,,,,,,,"Elijah Dunham","sa3014827",685313
"Gilberto Celestino","NYM",86,315,284,67,50,13,1,3,31,28,27,0,68,3,0,1,11,5,1,0.235915,0.0857143,0.215873,0.397059,0.308917,0.320423,0.283118,0.62934,0.084507,4.44296,0.300469,,-0.0364002,29.9874,-6.86071,82.7702,-0.0364002,-0.1,-6.526503428816795,1.0574074015021324,0.518528,999,,,,,,,259.5,3.01744186,259.5,3.01744186,,,,,,,,,,,,,,,,,,,"Gilberto Celestino","20233",665482
"Cavan Biggio","KCR",102,333,281,59,39,13,1,6,41,30,42,0,88,7,2,1,3,3,1,0.209964,0.126126,0.264264,0.477273,0.325301,0.327402,0.296888,0.652703,0.117438,4.17943,0.280423,,-0.49954,35.3915,-3.56216,88.1593,-0.49954,-2.3,-5.011090457439423,-1.076454997062683,0.51775,749.4299926757812,,,,,,,299.1,2.932352941,299.1,2.932352941,,,,,,,,,,,,,,,,,,,"Cavan Biggio","19252",624415
"Ronny Simon","MIA",123,519,472,114,79,23,3,9,61,52,36,0,109,4,4,3,8,14,6,0.241525,0.0693642,0.210019,0.330275,0.29845,0.36017,0.28956,0.658619,0.118644,5.60396,0.293296,,-0.569237,52.0987,-8.61293,81.9385,-0.569237,-2.4,-11.778661668300629,-0.49303364753723145,0.517579,999,,,,,,,464.6,3.777235772,464.6,3.777235772,,,,,,,,,,,,,,,,,,,"Ronny Simon","sa3008365",682927
"Oscar Colás","CHW",122,503,458,109,75,20,2,12,56,54,36,3,130,5,3,1,10,6,5,0.237991,0.0715706,0.258449,0.276923,0.298805,0.368996,0.291252,0.6678,0.131004,4.09092,0.304075,,-1.71688,51.1774,-7.6626,88.1519,-1.71688,2.3,-8.535892724990845,-3.244532823562622,0.515082,739.1900024414062,,,,,,,455,3.729508196,455,3.729508196,,,,,,,,,,,,,,,,,,,"Oscar Colas","30162",693049
"Tyler Nevin",,108,399,355,83,54,17,1,11,42,43,34,0,87,6,4,0,11,1,0,0.233803,0.085213,0.218045,0.390805,0.308271,0.380282,0.30282,0.688552,0.146479,2.73164,0.275862,,-0.541888,44.311,-2.36327,100.771,-0.541888,-0.8,-0.19004309177398682,-8.130246937274933,0.514383,999,,,,,,,390.1,3.612037037,390.1,3.612037037,,,,,,,,,,,,,,,,,,,"Tyler Nevin","17893",663527
"Hunter Feduccia","LAD",87,357,316,71,48,15,1,7,38,37,38,1,89,1,2,0,8,0,0,0.224684,0.106443,0.2493,0.426966,0.308123,0.344937,0.290152,0.65306,0.120253,2.16737,0.288288,,-0.678748,36.0066,-5.75455,86.657,-0.678748,-7.1,-6.374931514263153,-0.5413579940795898,0.513514,749.739990234375,,,,,,,313.6,3.604597701,313.6,3.604597701,,,,,,,,,,,,,,,,,,,"Hunter Feduccia","23372",676439
"Mitch Haniger","SEA",97,378,339,75,49,13,0,13,45,45,33,0,109,4,2,0,9,0,0,0.221239,0.0873016,0.28836,0.302752,0.296296,0.374631,0.295711,0.670928,0.153392,1.62312,0.283105,,-0.678748,39.8159,-4.40181,98.1791,-0.678748,-2,-1.4663138389587402,-6.166666507720947,0.513068,652.9500122070312,,,,,,,351.9,3.627835051,351.9,3.627835051,,,,,,,,,,,,,,,,,,,"Mitch Haniger","14274",571745
"Matt Kroon","PHI",89,350,316,77,51,16,2,8,37,42,23,0,93,5,3,3,5,12,3,0.243671,0.0657143,0.265714,0.247312,0.302594,0.382911,0.299902,0.685505,0.139241,5.80568,0.316514,,0.561479,38.0473,-2.89501,90.9318,0.561479,0.4,-3.2338770627975464,-3.4580245912075043,0.512614,999,,,,,,,346.6,3.894382022,346.6,3.894382022,,,,,,,,,,,,,,,,,,,"Matt Kroon","sa3007502",663714
"Petey Halpin","CLE",104,459,418,93,63,18,3,9,52,46,35,0,128,2,3,1,3,8,4,0.222488,0.0762527,0.278867,0.273438,0.283843,0.344498,0.277083,0.62834,0.12201,5.34915,0.295775,,-0.809268,41.4662,-12.2267,79.9398,-0.809268,-0.7,-11.344731211662292,0.9865079522132874,0.510479,999,,,,,,,371.7,3.574038461,371.7,3.574038461,,,,,,,,,,,,,,,,,,,"Petey Halpin","sa3014461",690984
"Andrés Alvarez",,92,357,320,71,47,15,2,7,37,37,28,0,103,4,2,3,8,6,2,0.221875,0.0784314,0.288515,0.271845,0.29096,0.346875,0.282375,0.637835,0.125,5.02922,0.301887,,-0.233514,33.772,-7.98919,77.1373,-0.233514,1.7,-9.993685096502304,3.0117284059524536,0.506732,999,,,,,,,300.1,3.261956521,300.1,3.261956521,,,,,,,,,,,,,,,,,,,"Andres Alvarez","sa3010710",687019
"Yu Chang",,62,192,174,40,26,8,1,5,21,24,13,1,56,3,1,1,4,2,1,0.229885,0.0677083,0.291667,0.232143,0.293194,0.373563,0.290675,0.666757,0.143678,4.5233,0.307018,,-0.328596,19.4457,-3.0141,92.3072,-0.328596,-1.6,-2.0186106860637665,0.5164021253585815,0.505876,999,,,,,,,174.9,2.820967741,174.9,2.820967741,,,,,,,,,,,,,,,,,,,"Yu Chang","14773",644374
"Logan Davidson","ATH",101,417,382,84,55,18,2,9,44,45,30,1,138,3,2,0,9,4,2,0.219895,0.0719424,0.330935,0.217391,0.280576,0.348168,0.276072,0.628743,0.128272,4.45748,0.316456,,-0.696654,37.3325,-11.4474,81.9553,-0.696654,4.9,-9.30641096830368,0.3034391403198242,0.505848,999,,,,,,,337.6,3.342574257,337.6,3.342574257,,,,,,,,,,,,,,,,,,,"Logan Davidson","sa918676",669722
"Kevin Newman","LAA",104,350,323,79,58,16,1,4,38,29,18,1,56,2,3,4,7,7,1,0.244582,0.0514286,0.16,0.321429,0.286127,0.337461,0.272911,0.623588,0.0928793,4.93936,0.281955,,0.387277,30.4439,-10.4984,73.9899,0.387277,-0.6,-10.029057055711746,3.258024573326111,0.505689,652,,,,,,,279.6,2.688461538,279.6,2.688461538,,,,,,,,,,,,,,,,,,,"Kevin Newman","17696",621028
"Nick Castellanos","PHI",143,594,549,142,91,29,2,20,69,80,35,2,137,6,4,0,14,6,1,0.258652,0.0589226,0.23064,0.255474,0.308081,0.428051,0.317313,0.736132,0.169399,4.1371,0.308081,,-0.231021,72.8955,3.4105,102.65,-0.231021,-10,1.6514607518911362,-16.547618865966797,0.504474,174.52999877929688,,,,,,,661.3,4.624475524,661.3,4.624475524,,,,,,,,,,,,,,,,,,,"Nick Castellanos","11737",592206
"Tim Anderson","LAA",90,376,358,94,76,13,1,4,43,27,15,0,92,2,1,0,9,8,3,0.26257,0.0398936,0.244681,0.163043,0.295213,0.337989,0.278946,0.633202,0.075419,4.6487,0.342205,,-0.349014,34.5316,-9.45213,78.2347,-0.349014,-2.1,-9.712945193052292,2.044620990753174,0.502532,681.6199951171875,,,,,,,307.2,3.413333333,307.2,3.413333333,,,,,,,,,,,,,,,,,,,"Tim Anderson","15172",641313
"Grae Kessinger","ARI",101,374,336,74,54,13,1,6,48,35,32,1,96,3,2,1,8,6,3,0.220238,0.0855615,0.256684,0.333333,0.292225,0.318452,0.272396,0.610678,0.0982143,4.84998,0.288136,,-0.709552,32.3765,-11.3733,71.3731,-0.709552,1.8,-13.512407898902893,5.922574758529663,0.502419,999,,,,,,,286.2,2.833663366,286.2,2.833663366,,,,,,,,,,,,,,,,,,,"Grae Kessinger","25813",666197
"Shane McGuire","ATH",83,336,295,59,45,10,1,3,31,27,34,0,76,4,2,1,6,3,1,0.2,0.10119,0.22619,0.447368,0.289552,0.271186,0.257527,0.560739,0.0711864,3.82762,0.256881,,-0.460077,25.0657,-14.239,68.9103,-0.460077,-0.1,-12.412639796733856,6.072839640080929,0.502026,999,,,,,,,215.2,2.592771084,215.2,2.592771084,,,,,,,,,,,,,,,,,,,"Shane McGuire","sa3017284",676063
"Tony Kemp",,109,387,339,82,59,14,2,7,42,39,36,0,47,6,3,3,5,8,2,0.241888,0.0930233,0.121447,0.765957,0.322917,0.356932,0.302709,0.679849,0.115044,4.92677,0.260417,,-0.00714745,42.9436,-2.32688,86.9357,-0.00714745,-3.4,-6.0529953464865685,-1.9780423641204834,0.501563,999,,,,,,,373.6,3.427522935,373.6,3.427522935,,,,,,,,,,,,,,,,,,,"Tony Kemp","14894",643393
"Stephen Scott","DET",87,349,312,66,42,15,1,8,39,35,31,0,84,3,3,0,7,4,1,0.211538,0.0888252,0.240688,0.369048,0.286533,0.342949,0.278966,0.629482,0.13141,4.4031,0.26009,,-0.20483,32.0576,-8.76777,81.2115,-0.20483,-5.5,-7.70763286948204,0.9116697311401367,0.499672,999,,,,,,,288.8,3.319540229,288.8,3.319540229,,,,,,,,,,,,,,,,,,,"Stephen Scott","sa3011469",679663
"Nick Kurtz","ATH",96,443,411,104,74,20,0,10,54,39,30,0,99,2,0,0,0,2,2,0.253041,0.0677201,0.223476,0.30303,0.306998,0.374696,0.300104,0.681694,0.121655,2.59183,0.311258,,-1.24661,48.2289,-3.59241,98.8599,-1.24661,0,-1.8244845867156982,-8.138594627380371,0.496204,999,,,,,,,417.6,4.35,417.6,4.35,,,,,,,,,,,,,,,,,,,"Nick Kurtz","sa3025385",701762
"José Rodríguez","PHI",92,417,395,95,66,16,3,10,54,49,18,0,79,2,2,0,8,15,6,0.240506,0.0431655,0.189448,0.227848,0.275779,0.372152,0.281474,0.647931,0.131646,6.38334,0.275974,,-0.108787,39.1456,-9.63422,78.5283,-0.108787,0.2,-10.81570640206337,1.7321869879961014,0.496043,999,,,,,,,366.2,3.980434782,366.2,3.980434782,,,,,,,,,,,,,,,,,,,"Jose Rodriguez","24388",679563
"Matt Thaiss","CHW",83,303,261,55,38,10,1,6,30,27,37,1,79,3,2,0,5,3,0,0.210728,0.122112,0.260726,0.468354,0.313531,0.325671,0.287769,0.639202,0.114943,4.03795,0.275281,,-0.00771651,29.9792,-5.46513,85.7022,-0.00771651,-5.9,-4.964684821665287,-0.3334217071533203,0.495997,999,,,,,,,263.8,3.178313253,263.8,3.178313253,,,,,,,,,,,,,,,,,,,"Matt Thaiss","19318",642136
"Kyle Farmer","COL",119,374,339,84,57,16,2,9,41,42,22,1,73,10,3,0,10,3,4,0.247788,0.0588235,0.195187,0.30137,0.31016,0.386431,0.304634,0.696591,0.138643,3.64282,0.288462,,-1.71456,42.0808,-1.66904,81.6013,-1.71456,0.9,-9.94302487373352,2.2741916179656982,0.49426,663.469970703125,,,,,,,364.3,3.061344537,364.3,3.061344537,,,,,,,,,,,,,,,,,,,"Kyle Farmer","14813",571657
"Termarr Johnson","PIT",125,550,476,100,72,17,1,10,66,54,61,1,140,7,3,3,6,10,3,0.210084,0.110909,0.254545,0.435714,0.30713,0.313025,0.28074,0.620155,0.102941,4.59272,0.273556,,-0.312066,51.306,-13.0319,76.037,-0.312066,0.5,-16.07241326570511,2.5208699703216553,0.492016,999,,,,,,,447.6,3.5808,447.6,3.5808,,,,,,,,,,,,,,,,,,,"Termarr Johnson","sa3020214",702261
"Jacob Stallings","COL",85,289,255,57,38,13,0,6,25,32,27,0,67,5,1,1,10,0,0,0.223529,0.0934256,0.231834,0.402985,0.309028,0.345098,0.292771,0.654126,0.121569,1.04029,0.278689,,-0.55247,29.7574,-4.04926,73.6163,-0.55247,-0.5,-9.670379936695099,4.8093767166137695,0.49191,443.8599853515625,,,,,,,254.3,2.991764705,254.3,2.991764705,,,,,,,,,,,,,,,,,,,"Jacob Stallings","13723",607732
"José Fermín","STL",94,321,279,64,47,11,1,5,40,34,29,0,39,7,2,4,5,9,3,0.229391,0.0903427,0.121495,0.74359,0.315457,0.329749,0.290547,0.645207,0.100358,5.39767,0.248945,,-0.0700903,32.4778,-5.07213,86.6925,-0.0700903,-4.3,-5.17824836820364,-0.7616403102874756,0.490542,999,,,,,,,280.7,2.986170212,280.7,2.986170212,,,,,,,,,,,,,,,,,,,"Jose Fermin","21746",665877
"Erick Mejia","WSN",91,341,308,66,45,12,2,7,38,32,27,0,74,1,3,2,6,10,3,0.214286,0.0791789,0.217009,0.364865,0.277286,0.334416,0.27016,0.611702,0.12013,5.84251,0.256522,,0.208834,28.9059,-10.9836,71.8664,0.208834,3.4,-11.263231962919235,4.652939558029175,0.490089,999,,,,,,,268.2,2.947252747,268.2,2.947252747,,,,,,,,,,,,,,,,,,,"Erick Mejia","15817",625510
"Gavin Cross","KCR",99,429,389,87,55,19,2,11,44,48,33,2,122,4,3,0,4,15,2,0.22365,0.0769231,0.284382,0.270492,0.289044,0.367609,0.286412,0.656654,0.143959,5.73264,0.293436,,1.47967,41.9772,-8.20641,80.7901,1.47967,3.1,-7.949830412864685,-1.6288361549377441,0.487706,999,,,,,,,402,4.06060606,402,4.06060606,,,,,,,,,,,,,,,,,,,"Gavin Cross","sa3019985",688457
"Jerar Encarnacion","SFG",100,410,373,92,60,15,1,16,45,58,32,0,137,2,3,0,8,3,1,0.246649,0.0780488,0.334146,0.233577,0.307317,0.420912,0.316087,0.728229,0.174263,3.4227,0.340807,,-0.546894,49.9105,1.94951,104.382,-0.546894,0,1.6013507843017578,-10.545267105102539,0.486386,414.3399963378906,,,,,,,446.7,4.467,446.7,4.467,,,,,,,,,,,,,,,,,,,"Jerar Encarnacion","21871",666464
"Mat Nelson","CIN",85,335,296,56,39,9,0,8,32,40,24,0,102,12,2,1,6,1,0,0.189189,0.0716418,0.304478,0.235294,0.275449,0.300676,0.261243,0.576125,0.111486,2.63325,0.255319,,-0.391932,25.993,-13.1946,59.0263,-0.391932,4.2,-16.80581298470497,10.354467868804932,0.485869,999,,,,,,,228.8,2.691764705,228.8,2.691764705,,,,,,,,,,,,,,,,,,,"Mat Nelson","sa3017328",680756
"Patrick Wisdom",,104,337,300,59,27,14,1,17,40,47,30,0,125,5,1,1,5,6,1,0.196667,0.0890208,0.37092,0.24,0.279762,0.42,0.303799,0.699762,0.223333,5.13811,0.264151,,0.305663,37.6912,-1.73039,96.69,0.305663,0.7,-1.0282363295555115,-5.491211235523224,0.485714,999,,,,,,,350.1,3.366346153,350.1,3.366346153,,,,,,,,,,,,,,,,,,,"Patrick Wisdom","13602",621550
"Will Holland","MIN",89,324,285,60,38,13,3,6,40,34,28,0,102,8,2,1,3,14,4,0.210526,0.0864198,0.314815,0.27451,0.297214,0.340351,0.284636,0.637564,0.129825,7.41744,0.301676,,0.595935,31.2399,-6.66101,84.6853,0.595935,-4.6,-5.081587016582489,-1.028571367263794,0.48443,999,,,,,,,285.6,3.208988764,285.6,3.208988764,,,,,,,,,,,,,,,,,,,"Will Holland","sa3011204",683735
"Bryan Lavastida","HOU",92,379,338,71,48,14,2,7,42,43,31,0,93,6,3,1,9,14,4,0.210059,0.0817942,0.245383,0.333333,0.285714,0.325444,0.27274,0.611158,0.115385,6.17696,0.26556,,0.509118,32.9142,-11.4205,77.1866,0.509118,-5.6,-9.384028017520905,1.3628158569335938,0.476415,999,,,,,,,303.8,3.302173913,303.8,3.302173913,,,,,,,,,,,,,,,,,,,"Bryan Lavastida","24765",681526
"Cameron Cauley","TEX",102,438,408,86,54,17,4,11,56,48,27,1,153,1,2,0,4,15,3,0.210784,0.0616438,0.349315,0.176471,0.260274,0.352941,0.266547,0.613215,0.142157,7.53511,0.304878,,1.14569,35.8547,-15.3817,71.3025,1.14569,-1.6,-13.236473202705383,3.228042483329773,0.474306,999,,,,,,,353.2,3.462745098,353.2,3.462745098,,,,,,,,,,,,,,,,,,,"Cameron Cauley","sa3017167",695508
"Michael Trautwein","CIN",90,320,289,56,36,12,2,6,32,32,24,0,116,5,1,1,6,3,1,0.193772,0.075,0.3625,0.206897,0.266458,0.311419,0.258346,0.577876,0.117647,4.96722,0.297619,,-0.318014,24.0832,-13.3498,57.0769,-0.318014,4.8,-16.74288910627365,10.678894996643066,0.474285,999,,,,,,,217.1,2.412222222,217.1,2.412222222,,,,,,,,,,,,,,,,,,,"Michael Trautwein","sa3017043",681114
"Mac Horvath","TBR",107,466,425,85,51,22,2,10,52,50,32,0,140,4,5,0,3,18,1,0.2,0.0686695,0.300429,0.228571,0.259657,0.331765,0.26003,0.591421,0.131765,6.69676,0.267857,,2.50835,35.7026,-18.8092,70.7512,2.50835,0.4,-13.087167024612427,2.1122280657291412,0.470886,999,,,,,,,359.6,3.360747663,359.6,3.360747663,,,,,,,,,,,,,,,,,,,"Mac Horvath","sa3022885",690991
"Anthony Vilar","SDP",90,354,309,57,40,10,1,6,32,30,37,1,126,4,2,2,5,3,1,0.184466,0.10452,0.355932,0.293651,0.278409,0.281553,0.254672,0.559963,0.0970874,3.71917,0.284916,,-0.4364,25.5952,-15.815,64.7552,-0.4364,1.6,-15.356076955795288,8.103527188301086,0.468468,999,,,,,,,227.2,2.524444444,227.2,2.524444444,,,,,,,,,,,,,,,,,,,"Anthony Vilar","sa3017660",681036
"Caleb Roberts","ARI",108,462,412,87,57,17,4,9,49,49,39,1,139,7,3,1,7,6,2,0.211165,0.0844156,0.300866,0.280576,0.288503,0.337379,0.277429,0.625882,0.126214,5.3958,0.292135,,-0.41504,41.8661,-12.1778,74.7608,-0.41504,-5,-14.358741641044617,3.487654685974121,0.466193,999,,,,,,,375.7,3.478703703,375.7,3.478703703,,,,,,,,,,,,,,,,,,,"Caleb Roberts","sa3016959",681134
"Nick Morabito","NYM",115,510,460,105,84,14,4,3,60,46,40,1,118,9,1,0,6,27,10,0.228261,0.0784314,0.231373,0.338983,0.301961,0.295652,0.270122,0.597613,0.0673913,6.77474,0.3,,0.308136,43.2164,-16.4425,74.991,0.308136,0.6,-14.943886518478394,2.473897695541382,0.466146,999,,,,,,,389.9,3.390434782,389.9,3.390434782,,,,,,,,,,,,,,,,,,,"Nick Morabito","sa3020418",703492
"Cristian Pache","ARI",107,280,252,55,39,11,2,3,24,27,25,0,86,1,1,1,6,3,2,0.218254,0.0892857,0.307143,0.290698,0.290323,0.313492,0.270476,0.603815,0.0952381,4.23908,0.317073,,-0.72302,23.8063,-8.94757,70.0805,-0.72302,4.9,-10.740836799144745,5.928806662559509,0.466015,999,,,,,,,205.6,1.921495327,205.6,1.921495327,,,,,,,,,,,,,,,,,,,"Cristian Pache","19948",665506
"Jeter Downs",,81,317,278,55,33,12,1,9,38,38,28,0,95,6,3,2,3,11,4,0.197842,0.0883281,0.299685,0.294737,0.28254,0.345324,0.27874,0.627863,0.147482,5.71061,0.259887,,0.0511821,29.0606,-8.02144,79.8556,0.0511821,-2.3,-7.255478076636791,1.1942682266235352,0.465385,999,,,,,,,266.8,3.29382716,266.8,3.29382716,,,,,,,,,,,,,,,,,,,"Jeter Downs","22202",669023
"Curt Casali","ATL",60,184,156,34,25,6,0,3,18,17,21,0,45,4,1,2,3,0,0,0.217949,0.11413,0.244565,0.466667,0.324176,0.314103,0.291598,0.638278,0.0961538,1.32074,0.284404,,-0.394621,18.7722,-2.75179,84.7389,-0.394621,-1.3,-3.7524924278259277,2.080364465713501,0.460129,999,,,,,,,155,2.583333333,155,2.583333333,,,,,,,,,,,,,,,,,,,"Curt Casali","12510",592200
"Tyler Callihan","CIN",99,410,372,85,59,16,2,8,38,43,28,0,120,3,1,6,3,13,3,0.228495,0.0682927,0.292683,0.233333,0.287129,0.346774,0.280012,0.633903,0.11828,5.56299,0.314286,,0.674663,38.0062,-9.95478,71.6596,0.674663,2.5,-13.220103025436401,4.006466746330261,0.45853,999,,,,,,,346.3,3.497979797,346.3,3.497979797,,,,,,,,,,,,,,,,,,,"Tyler Callihan","sa1169610",682997
"Taylor Kohlwey",,114,475,421,97,70,19,2,6,46,44,45,1,109,5,4,0,7,6,3,0.230404,0.0947368,0.229474,0.412844,0.309474,0.327791,0.284714,0.637265,0.0973872,4.092,0.293548,,-0.954217,45.8291,-9.73552,84.8122,-0.954217,3.4,-9.581000864505768,-1.835890769958496,0.454534,999,,,,,,,398.1,3.492105263,398.1,3.492105263,,,,,,,,,,,,,,,,,,,"Taylor Kohlwey","19212",670128
"Brennan Milone","ATH",121,521,470,107,72,22,1,12,55,57,42,0,131,5,4,0,10,4,3,0.22766,0.0806142,0.25144,0.320611,0.295585,0.355319,0.287544,0.650905,0.12766,3.24684,0.287009,,-1.35422,51.4542,-9.4914,90.0256,-1.35422,3.9,-7.30031681060791,-5.67157506942749,0.454,999,,,,,,,451.7,3.733057851,451.7,3.733057851,,,,,,,,,,,,,,,,,,,"Brennan Milone","sa3019974",686810
"Mark Contreras",,102,396,356,76,49,18,3,6,46,43,31,0,123,7,2,0,5,15,4,0.213483,0.0782828,0.310606,0.252033,0.287879,0.331461,0.275898,0.619339,0.117978,6.93516,0.305677,,0.693334,35.3971,-10.9262,72.0675,0.693334,1.7,-11.96309369802475,3.1550265550613403,0.453678,999,,,,,,,326.6,3.201960784,326.6,3.201960784,,,,,,,,,,,,,,,,,,,"Mark Contreras","20122",676628
"Luis Guillorme","HOU",93,251,219,53,40,10,2,1,22,17,28,1,45,1,1,2,9,3,1,0.242009,0.111554,0.179283,0.622222,0.329317,0.319635,0.291811,0.648952,0.0776256,4.45255,0.298851,,-0.341691,25.6507,-3.71079,84.4404,-0.341691,0.1,-5.011874318122864,1.0222516432404518,0.451213,999,,,,,,,217.5,2.338709677,217.5,2.338709677,,,,,,,,,,,,,,,,,,,"Luis Guillorme","16451",641645
"Josh VanMeter",,73,246,209,40,25,9,1,5,25,23,32,0,69,2,2,1,4,3,1,0.191388,0.130081,0.280488,0.463768,0.302041,0.315789,0.280258,0.61783,0.124402,4.26537,0.255474,,-0.270659,22.8524,-5.92416,80.9239,-0.270659,0.9,-5.640125155448914,1.8038800358772278,0.450734,999,,,,,,,198.7,2.721917808,198.7,2.721917808,,,,,,,,,,,,,,,,,,,"Josh VanMeter","15170",642165
"Jean Segura",,82,335,307,76,61,10,1,4,34,32,21,1,55,5,1,1,11,8,4,0.247557,0.0626866,0.164179,0.381818,0.305389,0.325733,0.280783,0.631122,0.0781759,4.54822,0.289157,,-0.698774,31.2617,-7.926,83.9234,-0.698774,-1.2,-6.861081659793854,0.030893564224243164,0.447937,999,,,,,,,272.9,3.32804878,272.9,3.32804878,,,,,,,,,,,,,,,,,,,"Jean Segura","5933",516416
"Michael Chavis","LAD",117,416,384,88,59,17,1,11,50,51,22,2,113,7,3,0,7,5,1,0.229167,0.0528846,0.271635,0.19469,0.28125,0.364583,0.280933,0.645833,0.135417,4.57081,0.292776,,-0.0837547,38.8705,-9.79235,80.8932,-0.0837547,-1.9,-9.178427875041962,-0.3714873790740967,0.445918,999,,,,,,,360.9,3.084615384,360.9,3.084615384,,,,,,,,,,,,,,,,,,,"Michael Chavis","17321",656308
"Cam Smith","HOU",34,141,128,28,15,6,3,4,19,21,10,1,32,2,1,0,4,1,1,0.21875,0.070922,0.22695,0.3125,0.283688,0.40625,0.29545,0.689938,0.1875,5.98133,0.258065,,-0.410209,14.8224,-1.67148,93.1617,-0.410209,0.6,-1.5134491622447968,1.1180776357650757,0.444604,999,,,,,,,136,4,136,4,,,,,,,,,,,,,,,,,,,"Cam Smith","sa3025358",701358
"Marcos Castañon","SDP",116,494,449,93,57,21,0,15,45,59,35,0,140,7,3,0,11,1,0,0.207127,0.0708502,0.283401,0.25,0.273279,0.35412,0.276328,0.6274,0.146993,1.97194,0.262626,,-0.58135,44.3279,-13.4593,79.331,-0.58135,-1.2,-12.791143834590912,0.6151087284088135,0.441477,999,,,,,,,401.6,3.462068965,401.6,3.462068965,,,,,,,,,,,,,,,,,,,"Marcos Castanon","sa3016818",676203
"Anthony Bemboom",,60,225,197,40,28,8,1,3,22,17,23,0,56,2,2,1,4,0,0,0.203046,0.102222,0.248889,0.410714,0.290179,0.299492,0.266753,0.589671,0.0964467,2.49702,0.264286,,-0.418298,18.4558,-7.86424,72.6207,-0.418298,0.1,-7.467015892267227,4.233597852289677,0.440694,999,,,,,,,159.1,2.651666666,159.1,2.651666666,,,,,,,,,,,,,,,,,,,"Anthony Bemboom","13854",621532
"Blake Rambusch","SEA",76,272,237,55,46,7,1,1,36,23,24,0,60,7,1,3,3,13,5,0.232068,0.0882353,0.220588,0.4,0.319703,0.2827,0.277174,0.602403,0.0506329,6.13159,0.305085,,-0.0327485,24.5925,-7.22553,85.14,-0.0327485,-1.2,-4.657549686729908,-0.2005879282951355,0.434709,999,,,,,,,210.1,2.764473684,210.1,2.764473684,,,,,,,,,,,,,,,,,,,"Blake Rambusch","sa3020008",800683
"Jake Lamb","SFG",94,370,329,77,53,17,1,6,38,37,32,1,93,6,3,0,9,0,1,0.234043,0.0864865,0.251351,0.344086,0.310811,0.346505,0.291675,0.657315,0.112462,2.45412,0.304721,,-1.11532,37.7714,-5.51051,87.9508,-1.11532,5.1,-6.44649350643158,-1.697472095489502,0.431433,999,,,,,,,324.8,3.455319148,324.8,3.455319148,,,,,,,,,,,,,,,,,,,"Jake Lamb","13329",571875
"Christopher Suero","NYM",112,455,397,77,54,13,2,8,50,47,44,0,122,11,3,0,12,9,6,0.193955,0.0967033,0.268132,0.360656,0.29011,0.297229,0.267562,0.587339,0.103275,4.87121,0.255556,,-1.49031,37.6182,-15.6068,73.2678,-1.49031,-3.3,-16.035080790519714,5.059053659439087,0.43128,999,,,,,,,323.8,2.891071428,323.8,2.891071428,,,,,,,,,,,,,,,,,,,"Christopher Suero","sa3018614",801523
"Matt Suggs","WSN",50,181,164,29,18,6,1,4,19,19,11,0,74,4,1,1,2,2,0,0.176829,0.0607735,0.40884,0.148649,0.244444,0.298781,0.242483,0.543225,0.121951,5.9497,0.287356,,0.13955,11.3112,-9.86187,53.2383,0.13955,4.8,-9.98159709572792,8.125250101089478,0.430785,999,,,,,,,107.9,2.158,107.9,2.158,,,,,,,,,,,,,,,,,,,"Matt Suggs","sa3020351",702110
"TJ Hopkins","DET",99,391,350,80,55,14,2,9,42,39,34,0,114,4,2,1,10,3,2,0.228571,0.0869565,0.29156,0.298246,0.302564,0.357143,0.292292,0.659707,0.128571,4.02687,0.310044,,-0.944008,40.1093,-5.62908,90.5856,-0.944008,0.6,-5.15589165687561,-3.709964632987976,0.430496,999,,,,,,,348.7,3.522222222,348.7,3.522222222,,,,,,,,,,,,,,,,,,,"TJ Hopkins","25482",686759
"Austin Overn","BAL",22,98,86,20,13,4,2,1,13,10,10,0,31,1,1,0,0,7,4,0.232558,0.102041,0.316327,0.322581,0.316327,0.360465,0.299193,0.676792,0.127907,8.01508,0.345455,,-0.409444,10.5973,-0.866511,96.8737,-0.409444,1.3,-0.7600071132183075,1.6600822508335114,0.430354,999,,,,,,,93.5,4.25,93.5,4.25,,,,,,,,,,,,,,,,,,,"Austin Overn","sa3025408",702556
"Jeremiah Jackson","BAL",115,469,438,92,59,18,1,14,45,55,24,0,134,3,4,0,15,8,3,0.210046,0.0511727,0.285714,0.179104,0.253731,0.351598,0.263508,0.60533,0.141553,4.21492,0.265306,,-0.293768,37.2453,-17.6175,71.7717,-0.293768,-1.2,-15.442051470279694,3.9697530269622803,0.429848,999,,,,,,,354.5,3.082608695,354.5,3.082608695,,,,,,,,,,,,,,,,,,,"Jeremiah Jackson","sa3007740",669236
"Alex De Goti","TEX",95,368,327,67,48,14,2,3,37,30,33,0,96,4,1,3,9,5,3,0.204893,0.0896739,0.26087,0.34375,0.284932,0.287462,0.259822,0.572393,0.0825688,4.72011,0.279476,,-0.885875,28.1328,-14.9151,66.5723,-0.885875,5.5,-14.961252570152283,6.852145791053772,0.429467,999,,,,,,,240.5,2.531578947,240.5,2.531578947,,,,,,,,,,,,,,,,,,,"Alex De Goti","19477",621008
"Rob Brantly","MIA",58,207,187,45,33,8,1,3,20,23,11,0,40,8,1,0,4,0,0,0.240642,0.0531401,0.193237,0.275,0.309179,0.342246,0.290883,0.651425,0.101604,2.52257,0.289655,,-0.410406,20.9996,-3.21488,92.4537,-0.410406,-4.4,-2.197751373052597,-0.5970900058746338,0.424018,999,,,,,,,179.1,3.087931034,179.1,3.087931034,,,,,,,,,,,,,,,,,,,"Rob Brantly","10655",542963
"Wilmer Flores","SFG",111,393,350,82,53,18,0,11,40,46,34,1,59,5,4,0,8,0,0,0.234286,0.086514,0.150127,0.576271,0.307888,0.38,0.301527,0.687888,0.145714,1.24405,0.25,,-0.71821,43.2357,-2.73664,94.5821,-0.71821,1.5,-3.264362335205078,-5.720017433166504,0.42374,653.6599731445312,,,,,,,381.8,3.439639639,381.8,3.439639639,,,,,,,,,,,,,,,,,,,"Wilmer Flores","5827",527038
"Jett Williams","NYM",89,393,336,67,43,15,4,5,45,39,46,0,109,9,2,0,4,12,4,0.199405,0.117048,0.277354,0.422018,0.310433,0.3125,0.283765,0.622933,0.113095,6.59613,0.276786,,0.00651701,37.6174,-8.355,84.1736,0.00651701,-5.9,-7.431149408221245,-1.5679893493652344,0.422215,999,,,,,,,329.1,3.697752808,329.1,3.697752808,,,,,,,,,,,,,,,,,,,"Jett Williams","sa3020134",702518
"John Peck","DET",73,296,271,57,41,10,4,2,32,26,19,1,87,5,1,0,2,16,4,0.210332,0.0641892,0.293919,0.218391,0.273649,0.298893,0.254775,0.572542,0.0885609,7.9473,0.300546,,1.07486,21.4262,-13.1993,64.1957,1.07486,2,-11.051552057266235,5.262786626815796,0.421223,999,,,,,,,210,2.876712328,210,2.876712328,,,,,,,,,,,,,,,,,,,"John Peck","sa3022896",807726
"Robbie Tenerowicz",,108,446,390,86,58,16,1,11,46,61,28,0,104,24,4,0,15,2,2,0.220513,0.0627803,0.233184,0.269231,0.309417,0.351282,0.295799,0.660699,0.130769,3.0671,0.268817,,-1.27818,47.0102,-5.16205,92.4362,-1.27818,2.7,-5.3121644258499146,-5.493709325790405,0.4179,999,,,,,,,401.3,3.71574074,401.3,3.71574074,,,,,,,,,,,,,,,,,,,"Robbie Tenerowicz","sa738999",642134
"David Peralta",,109,364,331,80,52,18,2,8,37,39,27,1,77,3,3,0,6,2,1,0.241692,0.0741758,0.211538,0.350649,0.302198,0.380665,0.297751,0.682862,0.138973,3.78747,0.289157,,-0.644293,38.939,-3.64099,93.7503,-0.644293,-0.7,-3.3646206855773926,-4.712345778942108,0.417717,748.47998046875,,,,,,,346.8,3.181651376,346.8,3.181651376,,,,,,,,,,,,,,,,,,,"David Peralta","2136",444482
"Yordys Valdes","CLE",109,427,390,82,63,12,2,5,43,36,29,0,141,3,1,4,5,10,2,0.210256,0.0679157,0.330211,0.205674,0.269504,0.289744,0.251003,0.559247,0.0794872,5.72839,0.314286,,0.440207,29.6124,-20.3373,61.5948,0.440207,3.4,-18.323714643716812,8.10679006576538,0.414902,999,,,,,,,271.8,2.493577981,271.8,2.493577981,,,,,,,,,,,,,,,,,,,"Yordys Valdes","sa3010037",686798
"Ivan Melendez","ARI",102,433,398,85,57,13,1,14,43,55,24,0,159,10,1,0,12,2,1,0.213568,0.0554273,0.367206,0.150943,0.274827,0.356784,0.278501,0.631611,0.143216,3.30664,0.314159,,-0.723217,39.6115,-11.04,75.4819,-0.723217,1.4,-13.418300449848175,2.990975856781006,0.412286,999,,,,,,,356,3.490196078,356,3.490196078,,,,,,,,,,,,,,,,,,,"Ivan Melendez","sa3019859",699471
"Victor Labrada","SEA",102,431,392,85,61,15,3,6,53,42,31,0,135,6,1,1,4,22,8,0.216837,0.0719258,0.313225,0.22963,0.283721,0.316327,0.268262,0.600047,0.0994898,7.03281,0.313492,,0.386491,35.8767,-14.5408,78.8711,0.386491,4.4,-10.033334136009216,-0.35088157653808594,0.411396,999,,,,,,,331.4,3.249019607,331.4,3.249019607,,,,,,,,,,,,,,,,,,,"Victor Labrada","sa3015062",700032
"Tyler Soderstrom","ATH",117,456,414,92,54,17,2,19,44,60,34,2,124,5,3,0,11,0,1,0.222222,0.0745614,0.27193,0.274194,0.287281,0.410628,0.301131,0.697909,0.188406,2.216,0.266423,,-1.12322,50.0213,-3.32074,99.5827,-1.12322,-1.5,-1.3409605920314789,-9.877425193786621,0.411315,271.80999755859375,,,,,,,454.7,3.886324786,454.7,3.886324786,,,,,,,,,,,,,,,,,,,"Tyler Soderstrom","27467",691016
"Douglas Hodo III","BAL",104,390,341,70,49,14,2,5,43,37,41,0,131,6,1,1,1,20,4,0.205279,0.105128,0.335897,0.312977,0.300771,0.302053,0.274472,0.602824,0.0967742,6.55398,0.315534,,1.6223,34.413,-11.2084,79.4839,1.6223,2.8,-7.532849550247192,-1.4989416599273682,0.409916,999,,,,,,,317.8,3.05576923,317.8,3.05576923,,,,,,,,,,,,,,,,,,,"Douglas Hodo III","sa3020614",683233
"Brandon Drury","CHW",114,433,394,89,57,19,1,12,45,48,29,0,104,6,4,0,11,1,1,0.225888,0.0669746,0.240185,0.278846,0.286374,0.370558,0.287721,0.656933,0.14467,2.60954,0.27305,,-0.931109,42.8248,-7.82675,84.4075,-0.931109,-3.4,-8.656290829181671,-1.8090242147445679,0.409906,653.2100219726562,,,,,,,382.1,3.351754385,382.1,3.351754385,,,,,,,,,,,,,,,,,,,"Brandon Drury","11615",592273
"Seby Zavala","BOS",79,260,231,46,28,12,0,6,26,29,21,0,96,4,2,2,4,0,1,0.199134,0.0807692,0.369231,0.21875,0.275194,0.329004,0.268959,0.604198,0.12987,1.93438,0.305344,,-0.823305,21.7884,-8.62585,67.1864,-0.823305,1.1,-10.58517038822174,5.876601815223694,0.408842,999,,,,,,,190,2.405063291,190,2.405063291,,,,,,,,,,,,,,,,,,,"Seby Zavala","18887",664874
"Jhonkensy Noel","CLE",138,540,492,105,59,22,2,22,63,78,34,0,150,12,2,0,8,1,1,0.213415,0.062963,0.277778,0.226667,0.27963,0.400407,0.296227,0.680036,0.186992,3.31783,0.257764,,-1.03371,57.1044,-6.06377,93.4063,-1.03371,-3,-5.1077539920806885,-8.952381134033203,0.407023,389.9800109863281,,,,,,,515.1,3.732608695,515.1,3.732608695,,,,,,,,,,,,,,,,,,,"Jhonkensy Noel","24257",678877
"Gregory Barrios","TBR",110,474,443,101,79,19,2,1,48,39,20,0,74,6,5,0,3,18,6,0.227991,0.0421941,0.156118,0.27027,0.267932,0.286682,0.246462,0.554614,0.0586907,5.7804,0.268097,,0.341257,31.1392,-24.3084,61.207,0.341257,3.6,-20.69834503531456,8.824867725372314,0.40563,999,,,,,,,293.9,2.671818181,293.9,2.671818181,,,,,,,,,,,,,,,,,,,"Gregory Barrios","sa3015800",699126
"Dasan Brown","TOR",108,460,415,90,63,18,3,6,55,47,30,0,143,11,1,3,5,17,5,0.216867,0.0652174,0.31087,0.20979,0.286652,0.318072,0.270878,0.604724,0.101205,6.82464,0.314607,,0.554156,39.2592,-14.5507,75.6798,0.554156,-0.9,-12.246463060379028,0.7901822328567505,0.400517,999,,,,,,,356,3.296296296,356,3.296296296,,,,,,,,,,,,,,,,,,,"Dasan Brown","sa3011717",672018
"Kevin Pillar","TEX",97,291,266,60,38,12,1,9,37,34,14,0,67,7,3,1,7,7,2,0.225564,0.04811,0.230241,0.208955,0.27931,0.379699,0.287186,0.65901,0.154135,5.71376,0.264249,,0.124334,28.6553,-5.3853,84.0312,0.124334,-1.7,-5.192706637084484,-0.630776047706604,0.400424,750.219970703125,,,,,,,265.8,2.740206185,265.8,2.740206185,,,,,,,,,,,,,,,,,,,"Kevin Pillar","12434",607680
"Ronaiker Palma","COL",63,237,216,51,42,7,1,1,22,19,15,0,37,2,1,3,9,3,1,0.236111,0.0632911,0.156118,0.405405,0.290598,0.291667,0.261666,0.582265,0.0555556,4.18345,0.27933,,-0.270659,18.4698,-9.25396,52.6807,-0.270659,5.3,-13.681264758110046,9.654056549072266,0.399182,999,,,,,,,158.9,2.522222222,158.9,2.522222222,,,,,,,,,,,,,,,,,,,"Ronaiker Palma","sa3005624",681623
"Cooper Johnson","TEX",74,278,245,45,25,13,0,7,27,32,28,0,99,3,1,1,2,0,0,0.183673,0.100719,0.356115,0.282828,0.274368,0.322449,0.267704,0.596817,0.138776,1.4118,0.271429,,-0.441976,23.0161,-9.50379,72.1167,-0.441976,-1.2,-9.311376631259918,3.907289743423462,0.398981,999,,,,,,,203.5,2.75,203.5,2.75,,,,,,,,,,,,,,,,,,,"Cooper Johnson","sa3010584",666194
"Anthony Rendon","LAA",56,231,200,47,33,11,0,3,22,19,24,0,37,4,3,0,7,4,0,0.235,0.103896,0.160173,0.648649,0.324675,0.335,0.296381,0.659675,0.1,3.91731,0.269939,,0.318562,24.4566,-2.5653,90.4994,0.318562,-2.5,-2.1925521194934845,-1.6512345671653748,0.398313,999,,,,,,,214.9,3.8375,214.9,3.8375,,,,,,,,,,,,,,,,,,,"Anthony Rendon","12861",543685
"Omar Narváez","CHW",76,260,230,49,35,9,1,4,23,20,24,1,51,2,3,1,6,0,0,0.213043,0.0923077,0.196154,0.470588,0.289575,0.313043,0.268328,0.602619,0.1,1.98887,0.252809,,-0.473545,21.6564,-8.7579,72.0269,-0.473545,-0.8,-8.795398026704788,3.976601779460907,0.397458,999,,,,,,,191.8,2.52368421,191.8,2.52368421,,,,,,,,,,,,,,,,,,,"Omar Narvaez","13338",553882
"Roberto Campos","DET",116,480,445,102,65,23,5,9,47,52,27,0,135,4,4,0,14,5,1,0.229213,0.05625,0.28125,0.2,0.277083,0.364045,0.279264,0.641128,0.134831,5.45588,0.304918,,-0.162679,44.206,-11.9434,81.4215,-0.162679,3.5,-10.366347536444664,-1.7910051345825195,0.396969,999,,,,,,,405.7,3.497413793,405.7,3.497413793,,,,,,,,,,,,,,,,,,,"Roberto Campos","sa3014683",691449
"Josh Zamora","MIA",111,435,400,86,60,15,0,11,44,49,25,0,96,6,2,2,14,0,0,0.215,0.0574713,0.22069,0.260417,0.270208,0.335,0.26747,0.605208,0.12,1.58036,0.254237,,-0.71821,35.9324,-14.9531,67.0701,-0.71821,5.6,-17.847543954849243,7.19832444190979,0.396247,999,,,,,,,321.5,2.896396396,321.5,2.896396396,,,,,,,,,,,,,,,,,,,"Josh Zamora","sa3020092",695031
"Jase Bowen","PIT",118,493,453,102,72,17,3,10,54,53,23,0,139,9,4,4,7,13,4,0.225166,0.0466531,0.281947,0.165468,0.274029,0.342163,0.27077,0.616192,0.116998,5.92575,0.298701,,0.159162,42.0327,-15.6375,69.3263,0.159162,3.5,-17.924007460474968,5.311434507369995,0.392953,999,,,,,,,388.1,3.28898305,388.1,3.28898305,,,,,,,,,,,,,,,,,,,"Jase Bowen","sa3011267",687749
"Tanner Schobel","MIN",120,516,465,96,67,16,4,9,55,47,43,0,140,3,4,1,10,8,4,0.206452,0.0833333,0.271318,0.307143,0.275728,0.316129,0.263583,0.591857,0.109677,5.20177,0.271875,,-0.911869,41.0088,-19.3518,69.8761,-0.911869,3.4,-18.69741278886795,5.29594361782074,0.39242,999,,,,,,,368.4,3.07,368.4,3.07,,,,,,,,,,,,,,,,,,,"Tanner Schobel","sa3020009",802355
"Nate Furman","SFG",78,334,295,70,56,9,2,3,45,34,29,0,62,8,1,1,5,9,2,0.237288,0.0868263,0.185629,0.467742,0.321321,0.311864,0.28751,0.633186,0.0745763,6.22549,0.290043,,0.255992,32.9767,-6.094,85.1474,0.255992,-2.9,-5.676117420196533,-1.6727808713912964,0.389733,999,,,,,,,285.2,3.656410256,285.2,3.656410256,,,,,,,,,,,,,,,,,,,"Nate Furman","sa3020763",801501
"Luke Shliger","SFG",84,363,318,61,45,12,2,2,29,30,35,0,94,8,1,1,2,5,3,0.191824,0.0964187,0.258953,0.37234,0.287293,0.261006,0.253841,0.548299,0.0691824,4.33464,0.264574,,-0.909552,26.0031,-16.4599,62.486,-0.909552,2.2,-17.193537533283234,8.868871450424194,0.388696,999,,,,,,,218.7,2.603571428,218.7,2.603571428,,,,,,,,,,,,,,,,,,,"Luke Shliger","sa3022694",807740
"Cole Gabrielson","NYY",86,299,260,53,36,12,2,3,29,30,26,0,91,12,1,0,3,8,3,0.203846,0.0869565,0.304348,0.285714,0.304348,0.3,0.276533,0.604348,0.0961538,5.79426,0.299401,,-0.199058,26.8793,-8.09709,78.3031,-0.199058,4.7,-7.6219562739133835,1.404144525527954,0.387241,999,,,,,,,232,2.697674418,232,2.697674418,,,,,,,,,,,,,,,,,,,"Cole Gabrielson","sa3022811",702068
"Jeferson Morales","MIN",98,395,355,82,52,20,2,8,41,47,28,1,88,10,2,0,5,4,2,0.230986,0.0708861,0.222785,0.318182,0.303797,0.366197,0.295236,0.669995,0.135211,4.19132,0.283525,,-0.712438,41.4557,-4.75065,92.1417,-0.712438,-0.8,-4.264083921909332,-5.154056370258331,0.387229,999,,,,,,,364.8,3.722448979,364.8,3.722448979,,,,,,,,,,,,,,,,,,,"Jeferson Morales","sa3005472",672373
"Devonte Brown","TOR",101,413,365,74,50,13,2,9,45,42,41,0,164,5,2,0,5,9,1,0.20274,0.0992736,0.397094,0.25,0.290557,0.323288,0.275726,0.613845,0.120548,5.66511,0.335052,,0.637321,36.8596,-11.4523,79.0902,0.637321,-2.3,-9.243778645992279,-0.7825102806091309,0.386391,999,,,,,,,335.4,3.320792079,335.4,3.320792079,,,,,,,,,,,,,,,,,,,"Devonte Brown","sa3020189",675994
"Cole Fontenelle","LAA",32,132,117,26,18,5,0,3,17,15,10,0,40,4,1,0,2,6,2,0.222222,0.0757576,0.30303,0.25,0.30303,0.34188,0.288363,0.644911,0.119658,5.42609,0.306667,,0.13743,13.1233,-2.31776,84.8592,0.13743,1,-2.1493656933307648,1.4850088059902191,0.385839,999,,,,,,,119.1,3.721875,119.1,3.721875,,,,,,,,,,,,,,,,,,,"Cole Fontenelle","sa3022429",694304
"Yolmer Sánchez","LAA",106,396,341,65,44,13,2,6,40,33,46,1,107,5,3,1,6,5,1,0.190616,0.116162,0.270202,0.429907,0.293671,0.293255,0.266986,0.586926,0.102639,4.8572,0.255411,,-0.146894,32.5565,-13.7668,72.8799,-0.146894,7.9,-12.989319443702698,3.5349206924438477,0.385515,999,,,,,,,288.2,2.718867924,288.2,2.718867924,,,,,,,,,,,,,,,,,,,"Yolmer Sanchez","11602",570560
"Nick Gordon","BAL",116,359,335,84,57,15,3,9,41,43,14,0,82,5,4,1,7,6,5,0.250746,0.0389972,0.228412,0.170732,0.28771,0.39403,0.294802,0.681739,0.143284,5.09406,0.302419,,-1.42486,37.5521,-4.44304,93.7849,-1.42486,-0.3,-3.9778451919555664,-4.257231056690216,0.385471,750.0700073242188,,,,,,,335,2.887931034,335,2.887931034,,,,,,,,,,,,,,,,,,,"Nick Gordon","16337",624503
"Rubel Cespedes","MIN",112,455,424,96,65,20,2,9,42,47,27,1,122,2,2,0,9,2,1,0.226415,0.0593407,0.268132,0.221311,0.274725,0.346698,0.271771,0.621423,0.120283,3.40185,0.294915,,-0.739002,39.1597,-14.0653,75.6362,-0.739002,0.3,-13.423188626766205,1.971810758113861,0.38381,999,,,,,,,355.6,3.175,355.6,3.175,,,,,,,,,,,,,,,,,,,"Rubel Cespedes","sa3008953",686438
"Símon Muzziotti",,91,365,337,79,59,11,4,5,36,34,23,1,75,1,2,2,7,8,4,0.234421,0.0630137,0.205479,0.306667,0.283747,0.335312,0.271571,0.619058,0.10089,5.51019,0.285714,,-0.667204,31.3549,-11.3421,71.8627,-0.667204,8.5,-12.94827115535736,4.476631164550781,0.380395,999,,,,,,,283.1,3.11098901,283.1,3.11098901,,,,,,,,,,,,,,,,,,,"Simon Muzziotti","19553",665922
"Adrián Sugastey","SFG",58,227,219,49,35,10,2,2,16,20,5,0,45,2,1,0,9,0,0,0.223744,0.0220264,0.198238,0.111111,0.246696,0.315068,0.244799,0.561765,0.0913242,2.70055,0.271676,,-0.331482,14.6089,-11.9451,56.4002,-0.331482,4.1,-12.166573345661163,8.270340919494629,0.378316,999,,,,,,,135.6,2.337931034,135.6,2.337931034,,,,,,,,,,,,,,,,,,,"Adrian Sugastey","sa3015190",692368
"Jordan Luplow",,83,290,256,52,31,11,0,10,33,37,28,0,69,4,2,0,8,6,2,0.203125,0.0965517,0.237931,0.405797,0.289655,0.363281,0.288981,0.652936,0.160156,4.01601,0.234637,,-0.107235,28.9758,-4.94784,83.581,-0.107235,3,-5.8010754361748695,-0.19664907455444336,0.377952,999,,,,,,,262.9,3.167469879,262.9,3.167469879,,,,,,,,,,,,,,,,,,,"Jordan Luplow","16424",656669
"Jake Holton","DET",103,435,383,86,60,15,1,10,50,51,39,0,100,11,2,0,14,2,1,0.224543,0.0896552,0.229885,0.39,0.312644,0.347258,0.29564,0.659902,0.122715,3.25576,0.276364,,-0.873173,45.7953,-5.0902,92.9409,-0.873173,1.5,-4.386698603630066,-6.491622447967529,0.374137,999,,,,,,,392.8,3.813592233,392.8,3.813592233,,,,,,,,,,,,,,,,,,,"Jake Holton","sa3010599",687724
"Sabin Ceballos","SFG",119,525,475,108,80,20,1,7,70,52,38,0,127,9,3,0,8,5,4,0.227368,0.072381,0.241905,0.299213,0.295238,0.317895,0.274727,0.613133,0.0905263,4.21473,0.293605,,-1.62236,46.4331,-14.9803,76.5437,-1.62236,0.5,-16.348227620124817,2.4290122985839844,0.368062,999,,,,,,,398.6,3.349579831,398.6,3.349579831,,,,,,,,,,,,,,,,,,,"Sabin Ceballos","sa3022500",694754
"Peyton Burdick",,102,421,370,69,38,14,1,16,51,56,41,1,171,8,2,0,7,6,1,0.186486,0.0973872,0.406176,0.239766,0.280285,0.359459,0.282804,0.639745,0.172973,4.91736,0.286486,,0.116245,39.9719,-9.27592,73.5386,0.116245,1.2,-13.205366119742393,2.7468842267990112,0.367797,999,,,,,,,368.7,3.614705882,368.7,3.614705882,,,,,,,,,,,,,,,,,,,"Peyton Burdick","25459",680814
"Drew Ehrhard","BOS",28,92,83,20,10,5,1,4,12,15,6,0,24,3,0,0,1,0,1,0.240964,0.0652174,0.26087,0.25,0.315217,0.46988,0.338838,0.785097,0.228916,4.54058,0.290909,,-0.554962,12.8841,2.12208,116.34,-0.554962,1,1.1651405692100525,-0.6901822090148926,0.365792,999,,,,,,,111,3.964285714,111,3.964285714,,,,,,,,,,,,,,,,,,,"Drew Ehrhard","sa3022748",679602
"Carlos Jorge","CIN",104,437,402,84,52,17,4,11,54,49,26,0,148,6,3,0,4,18,4,0.208955,0.0594966,0.338673,0.175676,0.265446,0.353234,0.270752,0.61868,0.144279,7.71078,0.296748,,1.31701,37.2518,-13.8676,65.4264,1.31701,4.1,-16.750024795532227,5.705672979354858,0.362317,999,,,,,,,362.9,3.489423076,362.9,3.489423076,,,,,,,,,,,,,,,,,,,"Carlos Jorge","sa3016722",699115
"Luis Santana",,91,355,325,68,48,12,1,7,35,35,20,1,79,8,2,0,9,3,1,0.209231,0.056338,0.222535,0.253165,0.270423,0.316923,0.260361,0.587346,0.107692,4.08414,0.253112,,-0.396938,27.2928,-14.2344,68.1244,-0.396938,3.7,-13.344611883163452,5.004379868507385,0.36084,999,,,,,,,249,2.736263736,249,2.736263736,,,,,,,,,,,,,,,,,,,"Luis Santana","sa921577",670919
"Grant Richardson","NYY",105,416,382,82,51,17,2,12,45,50,25,0,148,6,2,1,4,9,3,0.21466,0.0600962,0.355769,0.168919,0.272289,0.363874,0.278596,0.636163,0.149215,5.50238,0.3125,,-0.0621978,38.0882,-10.5747,79.7546,-0.0621978,3.9,-9.69883742928505,-0.6855378150939941,0.359737,999,,,,,,,352.4,3.356190476,352.4,3.356190476,,,,,,,,,,,,,,,,,,,"Grant Richardson","sa3016964",685300
"Jadher Areinamo","MIL",114,478,452,112,82,23,0,7,50,48,20,1,75,2,4,0,19,15,5,0.247788,0.041841,0.156904,0.266667,0.280335,0.345133,0.272607,0.625467,0.0973451,4.50604,0.280749,,0.162048,41.4608,-14.4547,72.7779,0.162048,1.2,-15.398019641637802,2.956319808959961,0.359012,999,,,,,,,388.2,3.405263157,388.2,3.405263157,,,,,,,,,,,,,,,,,,,"Jadher Areinamo","sa3015802",699130
"Riley Tirotta","TOR",104,416,365,77,49,16,2,10,43,47,43,1,135,6,2,0,8,7,3,0.210959,0.103365,0.324519,0.318519,0.302885,0.347945,0.289676,0.65083,0.136986,4.73402,0.301802,,-0.580584,41.798,-6.86488,88.9027,-0.580584,3.1,-5.862807393074036,-4.542563438415527,0.357569,999,,,,,,,369.9,3.556730769,369.9,3.556730769,,,,,,,,,,,,,,,,,,,"Riley Tirotta","sa3017078",694661
"Vidal Bruján","CHC",107,373,337,75,53,14,2,6,47,34,30,2,73,4,1,1,6,13,9,0.222552,0.080429,0.19571,0.410959,0.293011,0.329377,0.275532,0.622388,0.106825,5.6226,0.266409,,-1.71591,33.2313,-10.4015,77.664,-1.71591,-1.4,-11.678572416305542,2.7115522623062134,0.356747,657.47998046875,,,,,,,292.9,2.737383177,292.9,2.737383177,,,,,,,,,,,,,,,,,,,"Vidal Brujan","20536",660644
"Justin Dean","LAD",109,426,379,77,59,11,2,5,51,39,37,0,144,7,3,0,4,26,5,0.203166,0.0868545,0.338028,0.256944,0.284038,0.282322,0.257716,0.566359,0.0791557,7.20231,0.309013,,2.36205,31.8445,-17.9881,64.8253,2.36205,9.5,-15.55643892288208,4.804232597351074,0.354658,999,,,,,,,309.9,2.843119266,309.9,2.843119266,,,,,,,,,,,,,,,,,,,"Justin Dean","sa3007070",681909
"Eliezer Alfonzo","DET",94,387,362,87,68,12,0,7,39,39,18,1,36,3,3,1,13,1,1,0.240331,0.0465116,0.0930233,0.5,0.279793,0.331492,0.268137,0.611284,0.0911602,2.21295,0.248447,,-0.89954,32.1752,-13.0953,73.5945,-0.89954,-4,-12.59213411808014,3.109788417816162,0.353055,999,,,,,,,287.9,3.062765957,287.9,3.062765957,,,,,,,,,,,,,,,,,,,"Eliezer Alfonzo","sa3003262",672613
"Ryan Ignoffo","MIA",98,403,378,91,62,22,2,5,40,38,22,1,55,0,3,0,10,9,3,0.240741,0.0545906,0.136476,0.4,0.280397,0.349206,0.274039,0.629603,0.108466,5.04791,0.267913,,-0.0700903,35.4197,-11.7225,71.4913,-0.0700903,-3.6,-13.808743439614773,3.8037333488464355,0.352724,999,,,,,,,328.5,3.352040816,328.5,3.352040816,,,,,,,,,,,,,,,,,,,"Ryan Ignoffo","sa3022573",813883
"Tommy Pham","PIT",115,455,408,101,68,21,2,10,53,45,40,0,105,3,4,0,9,9,3,0.247549,0.0879121,0.230769,0.380952,0.316484,0.382353,0.307036,0.698836,0.134804,4.8741,0.306397,,-0.291078,52.074,-1.15098,95.2975,-0.291078,-4,-2.7392773628234863,-9.015431880950928,0.352482,418.69000244140625,,,,,,,461.6,4.013913043,461.6,4.013913043,,,,,,,,,,,,,,,,,,,"Tommy Pham","2967",502054
"Mark Coley II","MIA",116,494,443,87,50,17,10,10,67,55,34,0,177,17,0,0,0,17,2,0.196388,0.0688259,0.3583,0.19209,0.279352,0.34763,0.2783,0.626982,0.151242,8.62977,0.300781,,1.79285,45.1119,-12.6753,74.3593,1.79285,-1.5,-13.353864550590515,0.3151087760925293,0.352377,999,,,,,,,424.2,3.656896551,424.2,3.656896551,,,,,,,,,,,,,,,,,,,"Mark Coley II","sa3022534",696501
"Jose Sibrian",,56,206,189,36,25,8,0,3,18,20,10,0,54,6,1,0,9,0,0,0.190476,0.0485437,0.262136,0.185185,0.252427,0.280423,0.239998,0.53285,0.0899471,1.69809,0.24812,,-0.323589,12.4614,-11.6361,50.8297,-0.323589,5.2,-12.436022758483887,8.984538316726685,0.352024,999,,,,,,,112,2,112,2,,,,,,,,,,,,,,,,,,,"Jose Sibrian","sa917196",665715
"Max Anderson","DET",129,561,531,123,88,21,3,11,59,54,25,0,98,2,3,0,11,1,0,0.231638,0.0445633,0.174688,0.255102,0.26738,0.344633,0.267234,0.612012,0.112994,3.42229,0.263529,,-0.707629,46.2336,-19.3911,72.959,-0.707629,0.7,-18.065315544605255,2.7612873911857605,0.350855,999,,,,,,,422.1,3.272093023,422.1,3.272093023,,,,,,,,,,,,,,,,,,,"Max Anderson","sa3022567",801194
"Jonah Cox","SFG",99,448,404,86,69,8,6,3,56,40,32,0,146,9,1,2,1,29,6,0.212871,0.0714286,0.325893,0.219178,0.284753,0.284653,0.258062,0.569407,0.0717822,8.74083,0.324219,,2.5018,33.6141,-18.7921,65.3272,2.5018,2.9,-16.073169231414795,4.546090602874756,0.350294,999,,,,,,,324.5,3.277777777,324.5,3.277777777,,,,,,,,,,,,,,,,,,,"Jonah Cox","sa3022541",813841
"Carlos Cortes","ATH",100,392,354,75,47,17,1,10,44,38,33,0,97,2,3,0,7,2,1,0.211864,0.0841837,0.247449,0.340206,0.280612,0.350282,0.278147,0.630895,0.138418,3.59941,0.26,,-0.652185,35.7492,-10.1062,83.4153,-0.652185,2.7,-8.090917646884918,-1.6209876537322998,0.346561,999,,,,,,,321,3.21,321,3.21,,,,,,,,,,,,,,,,,,,"Carlos Cortes","sa3008079",666126
"Noah Myers","TBR",92,366,315,64,44,14,1,5,40,33,42,0,110,2,2,5,1,17,3,0.203175,0.114754,0.300546,0.381818,0.299169,0.301587,0.273073,0.600756,0.0984127,5.89241,0.292079,,1.49045,31.8833,-10.9307,79.926,1.49045,2.1,-6.916173338890076,-1.9343914985656738,0.346005,999,,,,,,,292.6,3.180434782,292.6,3.180434782,,,,,,,,,,,,,,,,,,,"Noah Myers","sa3023377",671956
"Javier Vaz","KCR",114,512,449,107,80,19,3,5,58,47,49,1,65,4,1,9,2,10,2,0.238307,0.0957031,0.126953,0.753846,0.318091,0.327394,0.289538,0.645486,0.0890869,5.15205,0.268421,,0.148187,51.3869,-8.50588,82.9891,0.148187,-5.8,-9.81741350889206,-3.9187538623809814,0.344082,999,,,,,,,441.8,3.875438596,441.8,3.875438596,,,,,,,,,,,,,,,,,,,"Javier Vaz","sa3019906",805834
"Jeremy Arocho",,104,420,364,75,63,8,3,1,41,28,49,0,90,2,1,4,6,19,3,0.206044,0.116667,0.214286,0.544444,0.302885,0.252747,0.258679,0.555632,0.0467033,6.41232,0.270073,,1.68524,31.7216,-17.4091,67.296,1.68524,1.8,-14.031277537345886,3.3432098627090454,0.342144,999,,,,,,,286.4,2.753846153,286.4,2.753846153,,,,,,,,,,,,,,,,,,,"Jeremy Arocho","sa3004046",671080
"Hunter Renfroe","KCR",116,448,406,94,56,23,0,15,49,54,37,0,94,2,3,0,10,1,1,0.231527,0.0825893,0.209821,0.393617,0.296875,0.399015,0.303372,0.69589,0.167488,1.97233,0.263333,,-0.954787,49.9515,-2.45464,92.7198,-0.954787,-2,-4.686683177947998,-6.938271522521973,0.341783,527.0499877929688,,,,,,,444.2,3.829310344,444.2,3.829310344,,,,,,,,,,,,,,,,,,,"Hunter Renfroe","15464",592669
"Jordan Dissin","PHI",83,319,283,57,44,7,0,6,37,33,28,0,100,6,1,1,7,1,2,0.201413,0.0877743,0.31348,0.28,0.286164,0.289753,0.26255,0.575916,0.0883392,2.55655,0.286517,,-1.22562,25.0872,-12.2288,65.7911,-1.22562,1.1,-14.27502965927124,6.960523247718811,0.341696,999,,,,,,,211.2,2.544578313,211.2,2.544578313,,,,,,,,,,,,,,,,,,,"Jordan Dissin","sa3020100",805301
"Austin Barnes","LAD",55,173,152,32,25,5,0,2,16,13,16,0,39,2,1,2,4,2,0,0.210526,0.0924855,0.225434,0.410256,0.292398,0.282895,0.26246,0.575292,0.0723684,3.63088,0.267857,,0.0606258,13.5928,-6.64441,68.0187,0.0606258,0.9,-6.555502124130726,4.0782774686813354,0.339148,746.4099731445312,,,,,,,118.3,2.15090909,118.3,2.15090909,,,,,,,,,,,,,,,,,,,"Austin Barnes","12158",605131
"Tommy Sacco Jr.","HOU",115,484,434,89,63,16,2,8,44,45,45,1,125,3,2,0,8,10,4,0.205069,0.0929752,0.258264,0.36,0.283058,0.306452,0.264344,0.589509,0.101382,4.60742,0.267327,,-0.488192,38.7621,-17.8553,71.2805,-0.488192,-1.8,-16.392969608306885,3.5350968837738037,0.338392,999,,,,,,,349.2,3.036521739,349.2,3.036521739,,,,,,,,,,,,,,,,,,,"Tommy Sacco Jr.","sa3020125",690474
"Trey Lipscomb","WSN",122,486,454,109,83,19,1,6,48,43,26,0,97,3,2,1,12,13,5,0.240088,0.0534979,0.199588,0.268041,0.284536,0.325991,0.270066,0.610527,0.0859031,4.62061,0.291785,,-0.308983,41.1606,-15.6907,71.8033,-0.308983,2,-16.695862293243408,3.785714268684387,0.338145,744.739990234375,,,,,,,371.3,3.043442622,371.3,3.043442622,,,,,,,,,,,,,,,,,,,"Trey Lipscomb","31567",702358
"Nick Raposo","SEA",71,261,241,47,32,10,1,4,23,23,18,0,67,1,0,1,5,0,0,0.195021,0.0689655,0.256705,0.268657,0.253846,0.294606,0.244893,0.548452,0.0995851,2.46458,0.252941,,-0.402514,16.8167,-13.7146,62.4327,-0.402514,1.4,-11.62157729268074,6.194973349571228,0.338128,999,,,,,,,151.5,2.133802816,151.5,2.133802816,,,,,,,,,,,,,,,,,,,"Nick Raposo","sa3015018",695596
"Gavin Collins","STL",60,212,191,41,29,7,0,5,19,24,13,0,44,5,2,1,4,0,0,0.21466,0.0613208,0.207547,0.295455,0.279621,0.329843,0.270893,0.609464,0.115183,1.30357,0.25,,-0.370944,18.096,-6.70337,73.464,-0.370944,-0.6,-7.09811145067215,3.294767737388611,0.336321,999,,,,,,,159.9,2.665,159.9,2.665,,,,,,,,,,,,,,,,,,,"Gavin Collins","sa857219",641468
"Reese McGuire","CHC",79,236,215,45,33,9,0,3,18,19,15,0,61,2,2,2,4,2,0,0.209302,0.0635593,0.258475,0.245902,0.264957,0.293023,0.249199,0.557981,0.0837209,3.09377,0.27451,,0.00537889,16.0239,-11.5829,59.9404,0.00537889,2.3,-11.299875095486641,6.6356847286224365,0.329956,999,,,,,,,146.1,1.849367088,146.1,1.849367088,,,,,,,,,,,,,,,,,,,"Reese McGuire","15674",624512
"Adam Duvall",,93,331,304,63,34,14,1,14,34,44,21,0,108,4,2,0,3,1,0,0.207237,0.0634441,0.326284,0.194444,0.265861,0.398026,0.287545,0.663887,0.190789,3.12283,0.266304,,-0.265653,32.6898,-6.02992,82.0111,-0.265653,3.2,-7.385867387056351,-0.4485890865325928,0.329267,999,,,,,,,303.6,3.264516129,303.6,3.264516129,,,,,,,,,,,,,,,,,,,"Adam Duvall","10950",594807
"Billy McKinney",,87,292,257,59,40,11,1,7,31,32,29,2,79,4,2,0,3,1,1,0.229572,0.0993151,0.270548,0.367089,0.315068,0.361868,0.298248,0.676936,0.132296,3.10986,0.300578,,-0.765368,31.3535,-2.80411,87.8209,-0.765368,1.7,-5.018011033535004,-1.5186948776245117,0.329165,999,,,,,,,274.9,3.159770114,274.9,3.159770114,,,,,,,,,,,,,,,,,,,"Billy McKinney","15654",641856
"Rylan Bannon",,112,469,401,76,47,16,1,12,51,49,60,1,135,5,3,0,10,6,3,0.189526,0.127932,0.287846,0.444444,0.30064,0.32419,0.281958,0.624829,0.134663,4.00974,0.249027,,-0.891078,44.2099,-10.6528,82.8018,-0.891078,-7.5,-10.120226979255676,-2.330246925354004,0.328825,999,,,,,,,387.5,3.459821428,387.5,3.459821428,,,,,,,,,,,,,,,,,,,"Rylan Bannon","19768",676625
"Riley Adams","WSN",81,289,256,56,33,14,1,8,26,34,23,1,83,8,2,0,6,1,0,0.21875,0.0795848,0.287197,0.277108,0.301038,0.375,0.297111,0.676038,0.15625,3.23318,0.287425,,-0.297223,30.7669,-3.03974,90.0063,-0.297223,-8,-3.750941276550293,-2.6906232833862305,0.328674,750.1400146484375,,,,,,,274,3.382716049,274,3.382716049,,,,,,,,,,,,,,,,,,,"Riley Adams","19864",656180
"Hernán Pérez",,83,311,285,64,44,11,1,8,37,33,19,1,82,2,3,2,11,6,2,0.224561,0.0610932,0.263666,0.231707,0.275081,0.354386,0.274109,0.629467,0.129825,5.06287,0.282828,,-0.115128,27.3515,-9.02864,67.6865,-0.115128,3.8,-12.132392197847366,4.9427101612091064,0.327073,999,,,,,,,255,3.072289156,255,3.072289156,,,,,,,,,,,,,,,,,,,"Hernan Perez","5751",541650
"Andrew Velazquez","NYY",119,406,369,74,48,15,1,10,46,43,27,0,152,1,2,7,4,21,2,0.200542,0.0665025,0.374384,0.177632,0.255639,0.327913,0.257021,0.583552,0.127371,6.72684,0.30622,,2.79016,30.1226,-17.3705,64.5785,2.79016,1.8,-13.664871215820312,3.291769504547119,0.326473,999,,,,,,,306.9,2.578991596,306.9,2.578991596,,,,,,,,,,,,,,,,,,,"Andrew Velazquez","14196",623205
"Maxwell Romero Jr.","WSN",79,303,275,50,31,11,1,7,21,31,21,1,116,5,1,1,3,0,0,0.181818,0.0693069,0.382838,0.181034,0.251656,0.305455,0.247351,0.55711,0.123636,1.88504,0.281046,,-0.441976,20.1223,-15.322,56.5146,-0.441976,3.7,-16.19801813364029,9.266578435897827,0.32623,999,,,,,,,186.4,2.35949367,186.4,2.35949367,,,,,,,,,,,,,,,,,,,"Maxwell Romero Jr.","sa3020271",686912
"Chase Strumpf","CHC",99,399,348,67,42,14,1,10,44,43,41,0,159,7,1,2,6,2,2,0.192529,0.102757,0.398496,0.257862,0.289673,0.324713,0.277017,0.614385,0.132184,3.38531,0.316667,,-1.12033,36.0247,-10.6496,78.6637,-1.12033,8.5,-11.30047607421875,1.169753074645996,0.325983,999,,,,,,,309.7,3.128282828,309.7,3.128282828,,,,,,,,,,,,,,,,,,,"Chase Strumpf","sa3010845",668664
"Chris Owings",,88,325,289,60,40,10,2,8,34,36,31,0,105,3,1,1,4,5,3,0.207612,0.0953846,0.323077,0.295238,0.290123,0.3391,0.280596,0.629224,0.131488,4.84085,0.293785,,-0.799058,30.2796,-7.73823,80.2255,-0.799058,4.4,-8.484151363372803,0.8175485134124756,0.325967,999,,,,,,,265.7,3.019318181,265.7,3.019318181,,,,,,,,,,,,,,,,,,,"Chris Owings","10030",572008
"Francisco Urbaez","CIN",95,386,346,84,62,15,1,6,39,41,30,1,72,5,3,2,8,3,3,0.242775,0.0777202,0.186529,0.416667,0.309896,0.343931,0.289703,0.653826,0.101156,3.04366,0.287823,,-1.37269,38.792,-6.36156,78.1817,-1.37269,0.3,-11.443604111671448,1.7182833552360535,0.323142,999,,,,,,,332.3,3.497894736,332.3,3.497894736,,,,,,,,,,,,,,,,,,,"Francisco Urbaez","sa3014944",688005
"Connor Burns","CIN",88,342,310,52,30,12,1,9,31,31,27,0,149,0,2,3,4,0,1,0.167742,0.0789474,0.435673,0.181208,0.233038,0.3,0.236424,0.533038,0.132258,2.81233,0.279221,,-0.854874,19.7044,-20.3021,42.3214,-0.854874,9.9,-24.443486094474792,16.18306827545166,0.323107,999,,,,,,,184.5,2.096590909,184.5,2.096590909,,,,,,,,,,,,,,,,,,,"Connor Burns","sa3022599",694829
"Orlando Martinez",,103,421,383,92,64,19,3,6,42,41,31,1,92,2,4,1,7,4,2,0.240209,0.0736342,0.218527,0.336957,0.297619,0.35248,0.285073,0.650099,0.112272,4.49309,0.297578,,-0.767685,40.7407,-8.50703,82.545,-0.767685,2.9,-9.175963819026947,-1.7406525611877441,0.321983,999,,,,,,,361.8,3.512621359,361.8,3.512621359,,,,,,,,,,,,,,,,,,,"Orlando Martinez","sa3006664",678636
"Max Wagner","BAL",79,341,308,63,45,10,3,5,36,32,26,0,111,5,2,0,6,8,2,0.204545,0.0762463,0.325513,0.234234,0.27566,0.305195,0.260286,0.580855,0.100649,6.24332,0.298969,,0.190163,26.196,-13.6935,69.5055,0.190163,2.2,-11.708025485277176,3.452939510345459,0.321434,999,,,,,,,240.5,3.044303797,240.5,3.044303797,,,,,,,,,,,,,,,,,,,"Max Wagner","sa3020415",694484
"Dominic Smith","NYY",122,435,392,91,61,20,0,10,44,46,34,1,98,7,2,0,9,2,1,0.232143,0.0781609,0.225287,0.346939,0.303448,0.359694,0.292977,0.663142,0.127551,2.44262,0.283217,,-0.802141,44.8628,-6.02266,89.8704,-0.802141,2.4,-5.843950629234314,-5.591622352600098,0.316586,732.7100219726562,,,,,,,393.6,3.226229508,393.6,3.226229508,,,,,,,,,,,,,,,,,,,"Dominic Smith","15653",642086
"Heriberto Hernandez","MIA",111,461,404,90,54,20,1,15,56,54,46,1,145,6,3,2,7,3,1,0.222772,0.0997831,0.314534,0.317241,0.309368,0.388614,0.306479,0.697982,0.165842,3.78538,0.303644,,-0.633711,52.554,-1.37285,93.326,-0.633711,-2.9,-4.312888979911804,-7.981569766998291,0.315751,999,,,,,,,463.6,4.176576576,463.6,4.176576576,,,,,,,,,,,,,,,,,,,"Heriberto Hernandez","sa3005630",681715
"Jeron Williams","HOU",70,278,257,56,38,10,3,5,25,30,16,0,63,3,2,0,5,14,4,0.217899,0.057554,0.226619,0.253968,0.269784,0.338521,0.2671,0.608306,0.120623,6.92495,0.267016,,0.730106,22.881,-9.6389,73.2197,0.730106,-1.5,-7.788434982299805,1.5643739700317383,0.314296,999,,,,,,,222.1,3.172857142,222.1,3.172857142,,,,,,,,,,,,,,,,,,,"Jeron Williams","sa3022566",700784
"Sal Stewart","CIN",99,426,378,87,61,17,1,8,51,44,42,0,84,3,3,0,11,6,2,0.230159,0.0985916,0.197183,0.5,0.309859,0.343915,0.291551,0.653774,0.113757,4.22556,0.273356,,-0.44661,43.4457,-6.38695,79.426,-0.44661,-1.8,-10.927305281162262,-0.23474419116973877,0.31233,999,,,,,,,380.2,3.84040404,380.2,3.84040404,,,,,,,,,,,,,,,,,,,"Sal Stewart","sa3020130",701398
"Wilfredo Lara","MIA",106,443,404,89,62,15,3,9,50,43,32,1,116,5,2,0,8,8,3,0.220297,0.0722348,0.261851,0.275862,0.284424,0.339109,0.275256,0.623533,0.118812,5.54363,0.284698,,-0.388477,39.3692,-12.4521,72.3105,-0.388477,-1.6,-15.056809663772583,3.2831567525863647,0.307632,999,,,,,,,357.4,3.371698113,357.4,3.371698113,,,,,,,,,,,,,,,,,,,"Wilfredo Lara","sa3017123",702906
"Kevin Parada","NYM",110,454,411,83,52,17,2,12,38,51,33,1,165,8,2,0,8,0,1,0.201946,0.0726872,0.363436,0.2,0.273128,0.340633,0.271001,0.61376,0.138686,2.57488,0.300847,,-1.13111,38.7921,-14.316,75.5824,-1.13111,-6.1,-14.38734245300293,2.2406821250915527,0.306941,999,,,,,,,347.5,3.159090909,347.5,3.159090909,,,,,,,,,,,,,,,,,,,"Kevin Parada","sa3020575",691006
"Elehuris Montero",,126,511,461,117,75,22,2,18,59,70,39,1,134,6,5,0,10,1,0,0.253796,0.0763209,0.262231,0.291045,0.317025,0.427332,0.322171,0.744357,0.173536,3.11965,0.315287,,-0.739198,64.7078,4.93197,93.4045,-0.739198,0.1,-4.769442141056061,-9.287860296666622,0.305651,750.6699829101562,,,,,,,575.5,4.567460317,575.5,4.567460317,,,,,,,,,,,,,,,,,,,"Elehuris Montero","20543",660707
"Elias Díaz","SDP",101,367,340,77,52,16,0,9,32,41,23,1,81,2,2,0,11,0,0,0.226471,0.0626703,0.220708,0.283951,0.277929,0.352941,0.275868,0.63087,0.126471,1.09753,0.269841,,-0.599824,32.7962,-10.1348,79.0218,-0.599824,-6.2,-9.806365132331848,0.5423574447631836,0.30544,512.9299926757812,,,,,,,297.2,2.942574257,297.2,2.942574257,,,,,,,,,,,,,,,,,,,"Elias Diaz","11680",553869
"Allan Castro","BOS",125,543,485,107,71,23,4,9,58,54,50,1,138,5,3,0,11,8,4,0.220619,0.092081,0.254144,0.362319,0.298343,0.340206,0.283447,0.638549,0.119588,4.99097,0.28739,,-1.00658,51.8361,-11.683,77.3775,-1.00658,-2.1,-15.062098503112793,-0.1048499345779419,0.303042,999,,,,,,,457.3,3.6584,457.3,3.6584,,,,,,,,,,,,,,,,,,,"Allan Castro","sa3016084",691369
"Nasim Nuñez","WSN",128,491,427,90,76,11,1,2,58,31,53,0,112,2,2,7,6,30,8,0.210773,0.107943,0.228106,0.473214,0.299587,0.255269,0.257154,0.554856,0.0444965,6.00663,0.279365,,1.72604,36.4813,-20.9549,63.1124,1.72604,1.1,-19.93221890926361,6.512257695198059,0.302689,750.2100219726562,,,,,,,333,2.6015625,333,2.6015625,,,,,,,,,,,,,,,,,,,"Nasim Nunez","25979",683083
"Gary Sánchez","BAL",99,351,309,67,40,12,1,14,36,45,33,0,93,6,3,0,9,0,0,0.216828,0.0940171,0.264957,0.354839,0.301994,0.398058,0.306748,0.700053,0.18123,1.86669,0.258537,,-0.623501,40.0901,-0.969162,102.188,-0.623501,0,0.2552695870399475,-9.027777671813965,0.302424,515.280029296875,,,,,,,355.3,3.588888888,355.3,3.588888888,,,,,,,,,,,,,,,,,,,"Gary Sanchez","11442",596142
"Christian Cerda","ARI",108,448,389,79,58,15,0,6,42,37,53,1,111,3,3,0,7,2,1,0.203085,0.118304,0.247768,0.477477,0.301339,0.287918,0.269013,0.589257,0.0848329,2.32484,0.265455,,-0.89685,37.5627,-14.8434,69.0962,-0.89685,-2.8,-17.45267629623413,5.430452585220337,0.299157,999,,,,,,,322.3,2.984259259,322.3,2.984259259,,,,,,,,,,,,,,,,,,,"Christian Cerda","sa3015623",692416
"Jonah Advincula","CLE",101,382,332,69,51,11,4,3,38,33,39,0,93,7,2,2,3,16,3,0.207831,0.102094,0.243455,0.419355,0.302632,0.292169,0.271558,0.5948,0.0843373,6.91697,0.277311,,1.21942,32.8113,-11.8743,76.0535,1.21942,-2,-9.247324705123901,-0.5964138507843018,0.298517,999,,,,,,,297.3,2.943564356,297.3,2.943564356,,,,,,,,,,,,,,,,,,,"Jonah Advincula","sa3023056",809945
"Frainyer Chavez","TEX",106,403,364,78,61,12,2,3,37,32,31,1,105,3,2,3,8,9,4,0.214286,0.0769231,0.260546,0.295238,0.28,0.282967,0.253135,0.562967,0.0686813,4.83352,0.290698,,-0.561913,28.6394,-18.5027,61.8684,-0.561913,6.1,-18.14503175020218,7.580746531486511,0.2964,999,,,,,,,255.1,2.406603773,255.1,2.406603773,,,,,,,,,,,,,,,,,,,"Frainyer Chavez","sa3007019",669413
"Daylen Lile","WSN",128,557,506,117,78,24,8,7,60,55,38,0,119,8,4,1,5,12,4,0.231225,0.0682226,0.213645,0.319328,0.293165,0.351779,0.283984,0.644944,0.120553,6.47537,0.286458,,-0.198686,53.4134,-11.7434,81.1711,-0.198686,3.2,-12.739929527044296,-2.939770460128784,0.296299,999,,,,,,,479.8,3.7484375,479.8,3.7484375,,,,,,,,,,,,,,,,,,,"Daylen Lile","sa3017698",695734
"Terrell Tatum","CHW",114,487,425,89,64,18,3,4,54,39,49,0,153,5,2,6,6,18,5,0.209412,0.100616,0.314168,0.320261,0.297297,0.294118,0.268911,0.591415,0.0847059,6.38073,0.314815,,0.643662,40.7925,-16.1758,72.4367,0.643662,6.7,-14.715420067310333,1.331833839416504,0.294426,999,,,,,,,362.5,3.179824561,362.5,3.179824561,,,,,,,,,,,,,,,,,,,"Terrell Tatum","sa3017338",695299
"Clay Dungan","SDP",114,477,423,87,60,18,4,5,49,44,43,0,125,6,4,1,8,13,4,0.205674,0.0901468,0.262055,0.344,0.285714,0.3026,0.264799,0.588315,0.0969267,6.18498,0.276094,,0.1197,38.3761,-17.4224,71.571,0.1197,1.3,-16.096215315163136,3.052645444869995,0.293413,999,,,,,,,346.7,3.04122807,346.7,3.04122807,,,,,,,,,,,,,,,,,,,"Clay Dungan","sa1169803",687867
"Drew Maggi",,60,218,194,38,27,7,1,3,24,20,16,0,65,5,1,2,4,4,1,0.195876,0.0733945,0.298165,0.246154,0.273148,0.28866,0.254413,0.561808,0.0927835,5.54022,0.275591,,0.0161573,15.7164,-9.78477,63.9404,0.0161573,3.7,-8.978465855121613,4.500999450683594,0.288112,999,,,,,,,140.8,2.346666666,140.8,2.346666666,,,,,,,,,,,,,,,,,,,"Drew Maggi","11381",543482
"Henry Bolte","ATH",126,557,503,109,70,22,5,12,69,63,43,1,234,9,2,0,8,24,9,0.2167,0.0771993,0.420108,0.183761,0.289048,0.351889,0.282891,0.640937,0.135189,7.4903,0.374517,,0.199959,52.9236,-12.2332,86.7525,0.199959,-1.4,-8.242985248565674,-7.539770483970642,0.287642,999,,,,,,,488.9,3.88015873,488.9,3.88015873,,,,,,,,,,,,,,,,,,,"Henry Bolte","sa3020006",703607
"Austin Wynns","CIN",66,211,191,44,31,9,0,4,19,22,15,0,56,3,1,1,5,0,0,0.230366,0.0710901,0.265403,0.267857,0.295238,0.340314,0.282472,0.635552,0.109948,1.2224,0.30303,,-0.386729,19.9769,-4.70544,73.3148,-0.386729,-1,-7.119821488857269,2.8763961791992188,0.287431,999,,,,,,,173.1,2.622727272,173.1,2.622727272,,,,,,,,,,,,,,,,,,,"Austin Wynns","15271",642851
"Silas Ardoin","BAL",99,398,355,68,54,11,0,3,25,30,35,0,131,4,2,2,6,2,2,0.191549,0.0879397,0.329146,0.267176,0.270202,0.247887,0.238789,0.518089,0.056338,1.81528,0.29148,,-1.14401,23.6886,-22.8687,54.384,-1.14401,4.1,-21.917310118675232,11.411875247955322,0.285264,999,,,,,,,201.1,2.031313131,201.1,2.031313131,,,,,,,,,,,,,,,,,,,"Silas Ardoin","sa3019976",686976
"Bryan De La Cruz","ATL",142,564,524,131,89,24,0,18,58,76,33,1,152,2,5,0,13,4,2,0.25,0.0585106,0.269504,0.217105,0.294326,0.398855,0.300115,0.693181,0.148855,2.59,0.314763,,-0.980781,61.407,-4.56867,90.4714,-0.980781,-2.4,-7.407231986522675,-8.616931438446045,0.284799,492.19000244140625,,,,,,,555.4,3.911267605,555.4,3.911267605,,,,,,,,,,,,,,,,,,,"Bryan De La Cruz","19600",650559
"Chad Stevens","LAA",110,448,412,86,55,20,2,9,42,46,26,0,171,7,2,1,7,6,5,0.208738,0.0580357,0.381696,0.152047,0.266219,0.332524,0.264358,0.598743,0.123786,4.48258,0.32906,,-1.51957,35.8842,-16.522,67.9736,-1.51957,4.1,-17.93648111820221,5.746090412139893,0.283386,999,,,,,,,320,2.909090909,320,2.909090909,,,,,,,,,,,,,,,,,,,"Chad Stevens","sa3017040",677060
"Braden Shewmake","NYY",98,377,354,77,49,17,3,8,42,38,17,0,78,3,3,0,8,14,3,0.217514,0.0450928,0.206897,0.217949,0.257294,0.350282,0.264116,0.607577,0.132768,6.87024,0.254613,,1.0404,30.1238,-13.977,65.1068,1.0404,2.8,-14.011383652687073,4.185214519500732,0.283118,999,,,,,,,297,3.030612244,297,3.030612244,,,,,,,,,,,,,,,,,,,"Braden Shewmake","25817",669699
"Angelo Castellano",,84,299,272,56,41,10,0,5,31,28,22,0,70,2,1,2,7,5,2,0.205882,0.0735786,0.234114,0.314286,0.26936,0.297794,0.254357,0.567154,0.0919118,3.8878,0.257576,,-0.32302,21.5426,-13.4339,62.1991,-0.32302,4.9,-13.255418092012405,5.9986186027526855,0.279937,999,,,,,,,193.5,2.303571428,193.5,2.303571428,,,,,,,,,,,,,,,,,,,"Angelo Castellano","sa657521",613546
"Yan Gomes",,80,277,258,58,41,10,1,6,25,30,11,1,67,4,3,1,9,1,0,0.224806,0.0397112,0.241877,0.164179,0.264493,0.341085,0.263106,0.605578,0.116279,3.32323,0.276596,,-0.234083,21.9082,-10.4947,69.3007,-0.234083,-1.2,-10.402866423130035,3.888918161392212,0.279927,999,,,,,,,204.8,2.56,204.8,2.56,,,,,,,,,,,,,,,,,,,"Yan Gomes","9627",543228
"Tyler Wade","SDP",131,329,293,67,53,11,1,2,47,25,27,0,75,3,0,6,4,20,5,0.228669,0.0820669,0.227964,0.36,0.30031,0.293515,0.269306,0.593825,0.0648464,6.93137,0.300926,,1.3199,27.6626,-10.8232,74.6047,1.3199,-0.8,-8.671132802963257,0.40884774923324585,0.278204,999,,,,,,,252.6,1.928244274,252.6,1.928244274,,,,,,,,,,,,,,,,,,,"Tyler Wade","15730",642180
"Michael Siani","STL",129,459,409,86,66,12,3,5,52,36,38,0,115,3,2,7,6,21,6,0.210269,0.0827887,0.250545,0.330435,0.280973,0.290954,0.25799,0.571927,0.0806846,6.51313,0.278351,,0.925472,34.4128,-19.2802,64.7795,0.925472,4.1,-18.406207859516144,5.786507844924927,0.275283,633.6699829101562,,,,,,,317.6,2.462015503,317.6,2.462015503,,,,,,,,,,,,,,,,,,,"Michael Siani","22557",672279
"Canaan Smith-Njigba",,92,369,327,72,47,18,2,5,36,35,38,1,109,1,2,1,10,9,2,0.220183,0.102981,0.295393,0.348624,0.30163,0.333333,0.28247,0.634964,0.11315,5.29798,0.311628,,0.319131,34.9354,-8.22954,81.9743,0.319131,1.7,-7.2915526032447815,-2.3674604892730713,0.272839,999,,,,,,,315.3,3.427173913,315.3,3.427173913,,,,,,,,,,,,,,,,,,,"Canaan Smith-Njigba","23264",675986
"Nelson Velázquez","KCR",124,472,422,98,58,21,2,17,57,60,42,1,129,5,3,0,9,7,3,0.232227,0.0889831,0.273305,0.325581,0.307203,0.412322,0.312869,0.719526,0.180095,4.55496,0.290323,,-0.635831,56.2354,1.02175,99.4002,-0.635831,0,-0.9597689807415009,-12.139917373657227,0.272104,744.97998046875,,,,,,,504.8,4.070967741,504.8,4.070967741,,,,,,,,,,,,,,,,,,,"Nelson Velazquez","23359",676369
"Eddinson Paulino","TOR",97,405,371,82,55,19,3,5,40,37,28,1,104,4,2,0,6,9,6,0.221024,0.0691358,0.25679,0.269231,0.281481,0.328841,0.26939,0.610322,0.107817,5.27128,0.291667,,-1.30879,34.0802,-13.2959,74.6333,-1.30879,0.7,-13.063859343528748,2.188095271587372,0.271117,999,,,,,,,303.7,3.130927835,303.7,3.130927835,,,,,,,,,,,,,,,,,,,"Eddinson Paulino","sa3009538",682796
"Juan Yepez","WSN",130,519,472,118,75,24,1,18,55,62,39,0,98,3,5,0,16,2,2,0.25,0.0751445,0.188825,0.397959,0.308285,0.419492,0.315519,0.727777,0.169492,2.49259,0.277008,,-1.33343,62.9424,2.2308,102.397,-1.33343,-5.3,0.1539311408996582,-14.834832191467285,0.268761,663.02001953125,,,,,,,557.5,4.288461538,557.5,4.288461538,,,,,,,,,,,,,,,,,,,"Juan Yepez","18400",660766
"Chuckie Robinson","LAA",83,306,285,62,48,7,1,6,27,29,16,0,83,4,1,0,9,1,2,0.217544,0.0522876,0.271242,0.192771,0.267974,0.312281,0.257836,0.580255,0.0947368,2.72115,0.284264,,-1.1467,22.9037,-12.8915,63.3855,-1.1467,0.7,-13.966463565826416,6.321693122386932,0.263968,999,,,,,,,200.9,2.420481927,200.9,2.420481927,,,,,,,,,,,,,,,,,,,"Chuckie Robinson","19824",642020
"Marty Costes",,74,286,254,64,49,11,1,3,32,28,22,0,53,8,2,0,5,4,2,0.251969,0.0769231,0.185315,0.415094,0.328671,0.338583,0.299524,0.667254,0.0866142,4.25484,0.305,,-0.633514,31.0031,-2.45267,88.6448,-0.633514,0.7,-4.51701021194458,-2.452557384967804,0.263825,999,,,,,,,262.2,3.543243243,262.2,3.543243243,,,,,,,,,,,,,,,,,,,"Marty Costes","sa3006783",664753
"Brian Serven","DET",71,254,229,44,32,8,0,4,21,20,20,0,77,3,1,1,5,0,0,0.19214,0.0787402,0.30315,0.25974,0.264822,0.279476,0.246608,0.544298,0.0873362,1.28869,0.268456,,-0.434083,16.7164,-12.996,58.4509,-0.434083,1.9,-12.509472131729126,6.566372752189636,0.260686,999,,,,,,,147.2,2.073239436,147.2,2.073239436,,,,,,,,,,,,,,,,,,,"Brian Serven","19422",661531
"Drew Romo","COL",104,429,399,98,68,18,3,9,44,52,19,0,90,5,4,2,11,3,3,0.245614,0.044289,0.20979,0.211111,0.285714,0.373434,0.286761,0.659148,0.12782,3.92594,0.292763,,-1.34112,42.0978,-8.08584,69.5714,-1.34112,-2.7,-16.95101010799408,5.181393384933472,0.2599,667.9099731445312,,,,,,,373,3.586538461,373,3.586538461,,,,,,,,,,,,,,,,,,,"Drew Romo","27763",691011
"Mike Ford","MIN",88,321,284,63,39,11,1,12,32,41,32,1,78,4,1,0,6,1,0,0.221831,0.0996885,0.242991,0.410256,0.308411,0.394366,0.308171,0.702777,0.172535,2.79987,0.261538,,-0.384039,37.0311,-0.518828,101.24,-0.384039,0,0.07151630520820618,-8.256173133850098,0.259852,999,,,,,,,329.1,3.739772727,329.1,3.739772727,,,,,,,,,,,,,,,,,,,"Mike Ford","15585",645801
"Aaron Hicks",,91,317,276,59,43,7,1,8,37,28,39,1,87,1,1,0,5,4,1,0.213768,0.123028,0.274448,0.448276,0.312303,0.333333,0.289837,0.645636,0.119565,4.23118,0.28022,,-0.252185,31.8921,-5.18997,85.8963,-0.252185,0.8,-5.367793262004852,-2.6942681670188904,0.258742,999,,,,,,,280.4,3.081318681,280.4,3.081318681,,,,,,,,,,,,,,,,,,,"Aaron Hicks","5297",543305
"Kala'i Rosario","MIN",93,417,374,81,46,21,2,12,44,49,38,0,151,3,2,0,11,2,0,0.216578,0.0911271,0.36211,0.251656,0.292566,0.379679,0.295023,0.672245,0.163102,4.02048,0.323944,,-0.286641,43.6932,-5.08665,91.9921,-0.286641,-2.7,-4.107499212026596,-7.296561002731323,0.257869,999,,,,,,,391.5,4.209677419,391.5,4.209677419,,,,,,,,,,,,,,,,,,,"Kala'i Rosario","sa3015199",693850
"Esteban Quiroz",,74,280,243,47,32,10,0,5,29,26,30,0,71,5,2,0,6,2,1,0.193416,0.107143,0.253571,0.422535,0.292857,0.296296,0.268865,0.589153,0.102881,2.95671,0.248521,,-0.533799,23.4432,-9.31062,70.0415,-0.533799,2.7,-10.564698696136475,3.7288066148757935,0.256995,999,,,,,,,202.2,2.732432432,202.2,2.732432432,,,,,,,,,,,,,,,,,,,"Esteban Quiroz","19780",606019
"René Pinto","ARI",81,313,292,63,39,14,0,10,31,40,15,0,109,3,2,1,6,0,0,0.215753,0.0479233,0.348243,0.137615,0.259615,0.366438,0.272252,0.626054,0.150685,1.448,0.302857,,-0.449868,27.0595,-9.55464,71.2761,-0.449868,-2.5,-11.20089042186737,3.250293731689453,0.255366,999,,,,,,,249.4,3.079012345,249.4,3.079012345,,,,,,,,,,,,,,,,,,,"Rene Pinto","19859",650907
"Brian Navarreto","MIA",60,224,209,42,30,7,1,4,21,20,12,0,58,1,2,0,7,0,0,0.200957,0.0535714,0.258929,0.206897,0.245536,0.301435,0.241119,0.546971,0.100478,2.64286,0.255034,,-0.339374,13.7523,-12.4508,51.5838,-0.339374,4.2,-13.308188050985336,8.315226078033447,0.254731,999,,,,,,,128.8,2.146666666,128.8,2.146666666,,,,,,,,,,,,,,,,,,,"Brian Navarreto","16398",640459
"Cayden Wallace","WSN",93,389,359,80,56,16,2,6,41,38,23,0,88,5,2,0,9,5,4,0.222841,0.059126,0.226221,0.261364,0.277635,0.328691,0.268317,0.606326,0.10585,4.40055,0.277154,,-1.28299,32.3979,-13.1066,70.6262,-1.28299,3,-14.946775078773499,4.429306268692017,0.251649,999,,,,,,,285.5,3.069892473,285.5,3.069892473,,,,,,,,,,,,,,,,,,,"Cayden Wallace","sa3019996",691024
"Jace Avina","NYY",99,417,378,78,48,18,1,11,41,51,27,0,143,10,2,0,5,3,1,0.206349,0.0647482,0.342926,0.188811,0.275779,0.346561,0.275411,0.62234,0.140212,3.81249,0.29646,,-0.475862,37.1106,-11.6692,77.5138,-0.475862,-1.8,-11.204817563295364,-0.26781296730041504,0.250788,999,,,,,,,334,3.373737373,334,3.373737373,,,,,,,,,,,,,,,,,,,"Jace Avina","sa3018398",701778
"Ray-Patrick Didder",,104,412,361,65,43,13,1,8,41,45,36,0,133,13,2,0,7,15,4,0.180055,0.0873786,0.322816,0.270677,0.276699,0.288089,0.258202,0.564788,0.108033,5.67725,0.256757,,0.653872,30.9594,-17.2356,67.1312,0.653872,-0.3,-15.539669036865234,4.2414461970329285,0.250117,999,,,,,,,285.9,2.749038461,285.9,2.749038461,,,,,,,,,,,,,,,,,,,"Ray-Patrick Didder","sa736824",642720
"David Fletcher",,101,385,360,89,76,11,1,1,38,33,20,0,45,2,2,1,9,7,1,0.247222,0.0519481,0.116883,0.444444,0.289062,0.291667,0.259561,0.580729,0.0444444,4.61957,0.278481,,0.221536,29.3515,-15.6851,63.176,0.221536,4.9,-16.73170131444931,6.314609169960022,0.248258,999,,,,,,,261.9,2.593069306,261.9,2.593069306,,,,,,,,,,,,,,,,,,,"David Fletcher","17992",664058
"Wes Kath","CHW",116,464,423,84,52,18,2,12,47,51,29,0,200,8,1,3,4,3,1,0.198582,0.0625,0.431034,0.145,0.262473,0.335697,0.264535,0.59817,0.137116,4.41027,0.339623,,-0.507432,37.2317,-17.0462,69.3585,-0.507432,2,-16.77540683746338,3.7048795223236084,0.247573,999,,,,,,,337.7,2.911206896,337.7,2.911206896,,,,,,,,,,,,,,,,,,,"Wes Kath","sa3017172",695770
"Hunter Stovall","TBR",102,422,394,99,75,17,2,5,47,41,24,0,67,1,1,2,11,8,4,0.251269,0.056872,0.158768,0.358209,0.295238,0.34264,0.281288,0.637878,0.0913706,4.82999,0.291022,,-0.809268,39.552,-9.81277,65.8878,-0.809268,4.8,-18.02331817150116,6.350558638572693,0.245828,999,,,,,,,347.1,3.402941176,347.1,3.402941176,,,,,,,,,,,,,,,,,,,"Hunter Stovall","sa3008181",667663
"Luis Liberato",,86,334,302,68,44,16,2,6,35,36,26,0,99,1,3,2,8,5,1,0.225166,0.0778443,0.296407,0.262626,0.286145,0.350993,0.280065,0.637138,0.125828,5.10009,0.31,,0.0346316,30.9752,-8.09544,76.9764,0.0346316,4.1,-9.160987012088299,0.41834211349487305,0.24579,999,,,,,,,280.7,3.263953488,280.7,3.263953488,,,,,,,,,,,,,,,,,,,"Luis Liberato","17307",642451
"Skye Bolt",,61,207,183,41,30,7,1,3,25,22,20,0,60,2,2,0,3,3,0,0.224044,0.0966184,0.289855,0.333333,0.304348,0.322404,0.281131,0.626752,0.0983607,5.59627,0.311475,,0.189594,19.3749,-4.83953,77.6943,0.189594,3.1,-5.331782087683678,0.818253755569458,0.245778,999,,,,,,,172.5,2.827868852,172.5,2.827868852,,,,,,,,,,,,,,,,,,,"Skye Bolt","17723",621450
"Cody Roberts","SDP",64,229,206,45,31,11,0,3,23,22,16,0,74,3,2,2,5,1,0,0.218447,0.069869,0.323144,0.216216,0.281938,0.315534,0.266376,0.597472,0.0970874,2.97214,0.320611,,-0.194621,18.7146,-8.0734,68.3666,-0.194621,-0.6,-8.857109099626541,3.6070841550827026,0.245378,999,,,,,,,165,2.578125,165,2.578125,,,,,,,,,,,,,,,,,,,"Cody Roberts","sa3007869",663944
"MJ Melendez","KCR",133,513,460,109,61,24,4,20,61,64,48,1,126,2,3,0,4,4,4,0.236957,0.0935673,0.245614,0.380952,0.309942,0.436957,0.322407,0.746898,0.2,4.06015,0.280757,,-1.68819,65.0586,5.04889,106.11,-1.68819,-11,1.8981177806854248,-16.654761791229248,0.242133,376.2900085449219,,,,,,,577.2,4.339849624,577.2,4.339849624,,,,,,,,,,,,,,,,,,,"MJ Melendez","22197",669004
"Niko Goodrum","SDP",74,289,254,56,40,9,1,6,32,27,31,0,93,2,1,1,3,6,2,0.220472,0.107266,0.321799,0.333333,0.309028,0.334646,0.289061,0.643673,0.114173,4.85349,0.320513,,-0.18616,28.8944,-4.91225,87.901,-0.18616,-6.1,-4.3674412071704865,-2.9143738746643066,0.241894,999,,,,,,,252.6,3.413513513,252.6,3.413513513,,,,,,,,,,,,,,,,,,,"Niko Goodrum","12092",592348
"Tom Murphy","SFG",46,149,132,29,19,6,0,4,15,15,15,0,45,1,1,0,3,0,0,0.219697,0.100671,0.302013,0.333333,0.302013,0.356061,0.29218,0.658074,0.136364,1.23661,0.297619,,-0.276235,15.2712,-2.15856,88.2906,-0.276235,-3,-2.3625690042972565,-0.26263952255249023,0.241323,749.3599853515625,,,,,,,133.4,2.9,133.4,2.9,,,,,,,,,,,,,,,,,,,"Tom Murphy","13499",608596
"GJ Hill","COL",85,353,316,70,44,12,1,13,52,49,24,1,107,6,1,6,2,9,0,0.221519,0.0679887,0.303116,0.224299,0.288184,0.389241,0.295534,0.677425,0.167722,6.53659,0.28934,,1.22385,37.1323,-4.161,75.4759,1.22385,-1.6,-9.128257632255554,-0.3029688596725464,0.24002,999,,,,,,,345.8,4.068235294,345.8,4.068235294,,,,,,,,,,,,,,,,,,,"GJ Hill","sa3010335",677338
"Austin Allen",,69,265,247,52,34,9,0,9,26,35,14,0,82,3,1,0,6,1,0,0.210526,0.0528302,0.309434,0.170732,0.260377,0.356275,0.269898,0.616653,0.145749,2.59567,0.273885,,-0.202514,22.4078,-8.59137,74.8404,-0.202514,-3.2,-8.175325721502304,1.6684596538543701,0.239387,999,,,,,,,207.8,3.011594202,207.8,3.011594202,,,,,,,,,,,,,,,,,,,"Austin Allen","18083",664119
"Walker Jenkins","MIN",80,357,320,78,52,16,4,6,41,37,33,0,60,2,2,0,5,8,2,0.24375,0.092437,0.168067,0.55,0.316527,0.375,0.304647,0.691527,0.13125,5.88726,0.28125,,0.103346,40.1717,-1.58946,98.7617,0.103346,0,-0.4024563506245613,-9.182098388671875,0.239215,999,,,,,,,357,4.4625,357,4.4625,,,,,,,,,,,,,,,,,,,"Walker Jenkins","sa3022894",805805
"Yohandy Morales","WSN",71,298,271,68,48,14,2,4,29,30,22,0,75,4,1,0,5,3,2,0.250923,0.0738255,0.251678,0.293333,0.315436,0.361624,0.299679,0.67706,0.110701,4.04481,0.331606,,-0.794052,32.341,-2.51848,91.7347,-0.794052,1.6,-3.739407956600189,-3.8747209310531616,0.238527,999,,,,,,,277.5,3.908450704,277.5,3.908450704,,,,,,,,,,,,,,,,,,,"Yohandy Morales","sa3022672",691002
"Brock Jones","TBR",91,379,342,64,35,16,2,11,40,43,31,0,163,4,2,0,5,12,4,0.187135,0.0817942,0.430079,0.190184,0.261214,0.342105,0.266228,0.603319,0.154971,6.19321,0.311765,,0.227505,30.9277,-13.407,75.111,0.227505,4.4,-10.565759554505348,0.22231054306030273,0.23658,999,,,,,,,294.2,3.232967032,294.2,3.232967032,,,,,,,,,,,,,,,,,,,"Brock Jones","sa3020190",677342
"Frederick Bencosme","BAL",128,523,475,105,82,16,3,4,53,42,37,0,94,3,2,6,4,16,4,0.221053,0.0707457,0.179732,0.393617,0.280464,0.292632,0.25725,0.573096,0.0715789,5.62421,0.266491,,0.617099,38.8993,-22.2803,67.3695,0.617099,-2,-18.90969556570053,3.764991283416748,0.236483,999,,,,,,,353.3,2.76015625,353.3,2.76015625,,,,,,,,,,,,,,,,,,,"Frederick Bencosme","sa3016779",695930
"T.J. Rumfield","NYY",110,457,413,97,66,20,0,11,51,54,35,1,91,6,3,0,15,3,2,0.234867,0.0765864,0.199125,0.384615,0.301969,0.363196,0.292937,0.665165,0.128329,2.79342,0.273885,,-1.04661,47.1169,-6.34209,89.842,-1.04661,1.8,-6.358242750167847,-6.595796823501587,0.235504,999,,,,,,,414.7,3.77,414.7,3.77,,,,,,,,,,,,,,,,,,,"T.J. Rumfield","sa3017330",681198
"Matt Hogan","CHW",96,341,299,55,35,11,2,7,32,32,34,0,145,5,3,0,2,11,3,0.183946,0.0997067,0.42522,0.234483,0.27566,0.304348,0.261634,0.580008,0.120401,6.17263,0.32,,0.400942,26.566,-13.3235,67.3183,0.400942,2,-12.350646317005157,3.252939462661743,0.23441,999,,,,,,,247.6,2.579166666,247.6,2.579166666,,,,,,,,,,,,,,,,,,,"Matt Hogan","sa3023375",681375
"Kahlil Watson","CLE",98,412,371,73,44,14,2,13,46,50,33,0,144,5,3,0,7,10,6,0.196765,0.0800971,0.349515,0.229167,0.269417,0.350404,0.273118,0.619822,0.153639,5.36886,0.276498,,-1.07722,35.9054,-12.2896,77.1507,-1.07722,-1.2,-11.848723411560059,0.3138153553009033,0.227142,999,,,,,,,328.2,3.348979591,328.2,3.348979591,,,,,,,,,,,,,,,,,,,"Kahlil Watson","sa3017513",696135
"Michael Turner","CHW",93,377,335,72,53,16,1,2,32,29,37,0,84,3,2,0,5,2,0,0.214925,0.0981432,0.222812,0.440476,0.297082,0.286567,0.265648,0.583649,0.0716418,3.44568,0.278884,,-0.333995,30.5886,-13.5121,70.1418,-0.333995,-4.1,-13.213848531246185,2.826073169708252,0.225116,999,,,,,,,262.9,2.82688172,262.9,2.82688172,,,,,,,,,,,,,,,,,,,"Michael Turner","sa3020658",694478
"Caleb Pendleton","LAA",40,133,126,25,18,4,1,2,10,11,5,0,56,1,1,0,3,2,0,0.198413,0.037594,0.421053,0.0892857,0.233083,0.293651,0.231155,0.526734,0.0952381,5.71563,0.333333,,0.210582,7.09879,-8.45929,44.6175,0.210582,3.5,-8.217512995004654,5.943415641784668,0.223031,999,,,,,,,71.9,1.7975,71.9,1.7975,,,,,,,,,,,,,,,,,,,"Caleb Pendleton","sa3022483",692228
"Jose Herrera","ARI",80,273,239,52,41,8,1,2,27,22,25,0,60,1,1,7,7,0,1,0.217573,0.0915751,0.21978,0.416667,0.293233,0.284519,0.262494,0.577752,0.0669456,2.64795,0.280899,,-0.933799,21.4572,-10.4778,64.708,-0.933799,0.5,-12.455061852931976,5.515431880950928,0.222206,750.719970703125,,,,,,,175.1,2.18875,175.1,2.18875,,,,,,,,,,,,,,,,,,,"Jose Herrera","17040",645444
"Abrahan Gutierrez","PIT",73,297,273,63,45,14,1,3,25,27,19,0,63,4,1,0,11,1,1,0.230769,0.0639731,0.212121,0.301587,0.289562,0.322344,0.272566,0.611907,0.0915751,2.77041,0.288462,,-0.741691,25.7514,-8.99106,70.5357,-0.741691,-2,-11.206090450286865,3.4563493728637695,0.221082,999,,,,,,,222.4,3.046575342,222.4,3.046575342,,,,,,,,,,,,,,,,,,,"Abrahan Gutierrez","sa3004263",670868
"Will Banfield","CIN",98,404,380,83,55,16,1,11,41,49,17,0,117,3,4,0,10,1,0,0.218421,0.0420792,0.289604,0.145299,0.25495,0.352632,0.263804,0.607582,0.134211,3.29558,0.28125,,-0.391932,32.1795,-15.0796,60.75,-0.391932,0.6,-19.353872448205948,8.022104859352112,0.219138,999,,,,,,,302.2,3.083673469,302.2,3.083673469,,,,,,,,,,,,,,,,,,,"Will Banfield","sa3007973",677943
"Jordan Beck","COL",108,451,410,101,66,22,2,11,51,50,38,1,128,1,2,0,7,10,2,0.246341,0.0842572,0.283814,0.296875,0.310421,0.390244,0.306076,0.700665,0.143902,5.09105,0.32967,,0.369175,51.2678,-1.4893,82.5718,0.369175,1.1,-9.030024200677872,-3.8713401556015015,0.218679,393.04998779296875,,,,,,,464.6,4.301851851,464.6,4.301851851,,,,,,,,,,,,,,,,,,,"Jordan Beck","31431",687597
"Tim Elko","CHW",130,549,517,126,87,21,2,16,56,67,26,1,192,4,2,0,12,1,1,0.243714,0.0473588,0.349727,0.135417,0.284153,0.384913,0.290392,0.669066,0.141199,2.91621,0.353698,,-1.12053,55.4777,-8.74326,87.5471,-1.12053,2.8,-8.943060040473938,-7.285978555679321,0.214008,999,,,,,,,500.4,3.849230769,500.4,3.849230769,,,,,,,,,,,,,,,,,,,"Tim Elko","sa3020188",671284
"Jace Peterson",,110,335,294,66,47,12,2,5,35,33,34,1,81,3,3,1,6,9,1,0.22449,0.101493,0.241791,0.419753,0.308383,0.329932,0.284755,0.638315,0.105442,5.69118,0.2891,,0.739923,32.3327,-6.85496,79.6917,0.739923,-5.4,-7.395506799221039,-1.7073192596435547,0.21203,999,,,,,,,294.1,2.673636363,294.1,2.673636363,,,,,,,,,,,,,,,,,,,"Jace Peterson","12325",607054
"Luis González",,74,284,251,57,39,11,2,5,30,30,26,0,74,4,3,0,5,8,2,0.227092,0.0915493,0.260563,0.351351,0.306338,0.346614,0.290182,0.652952,0.119522,5.81684,0.297143,,0.24541,28.6508,-4.57095,87.9043,0.24541,-0.6,-3.6851700842380524,-3.7305115461349487,0.211885,999,,,,,,,258.1,3.487837837,258.1,3.487837837,,,,,,,,,,,,,,,,,,,"Luis Gonzalez","20332",670768
"Diego Cartaya","MIN",97,422,376,74,46,16,0,12,47,44,36,1,140,8,2,0,11,1,0,0.196809,0.0853081,0.331754,0.257143,0.279621,0.335106,0.273412,0.614727,0.138298,2.62675,0.274336,,-0.502426,36.8766,-12.4881,76.7899,-0.502426,-8.1,-11.709573209285736,-0.34720802307128906,0.207672,999,,,,,,,331.5,3.417525773,331.5,3.417525773,,,,,,,,,,,,,,,,,,,"Diego Cartaya","sa3008742",682616
"Zach Remillard",,98,359,321,68,52,11,1,4,40,30,26,0,95,6,2,4,5,7,3,0.211838,0.0724234,0.264624,0.273684,0.28169,0.28972,0.258239,0.57141,0.0778816,5.00315,0.285714,,-0.477983,26.9873,-15.0079,64.9299,-0.477983,3.6,-14.88377970457077,4.919076919555664,0.20684,999,,,,,,,235.9,2.407142857,235.9,2.407142857,,,,,,,,,,,,,,,,,,,"Zach Remillard","19788",621545
"Brett Phillips",,100,288,250,43,26,8,2,7,34,28,30,0,123,2,3,3,2,10,2,0.172,0.104167,0.427083,0.243902,0.263158,0.304,0.254742,0.567158,0.132,7.30903,0.292683,,0.732227,20.8394,-12.8503,62.975,0.732227,2.8,-11.468697190284729,3.858201026916504,0.205537,999,,,,,,,200.6,2.006,200.6,2.006,,,,,,,,,,,,,,,,,,,"Brett Phillips","14735",621433
"Ryan Cermak","TBR",51,209,188,36,25,6,1,4,22,23,15,0,74,5,1,0,2,6,1,0.191489,0.0717703,0.354067,0.202703,0.267943,0.297872,0.255003,0.565815,0.106383,6.24477,0.288288,,0.439835,15.167,-9.28141,67.2155,0.439835,1.6,-7.4002556800842285,2.3679306507110596,0.199822,999,,,,,,,142.9,2.801960784,142.9,2.801960784,,,,,,,,,,,,,,,,,,,"Ryan Cermak","sa3020204",688714
"Ji Man Choi",,77,284,241,49,29,11,0,9,26,33,38,1,91,2,3,0,4,0,0,0.20332,0.133803,0.320423,0.417582,0.31338,0.360996,0.299481,0.674376,0.157676,0.880037,0.277778,,-0.536685,30.7765,-2.44527,94.7517,-0.536685,0,-2.3190457820892334,-5.217519283294678,0.198388,999,,,,,,,269.9,3.505194805,269.9,3.505194805,,,,,,,,,,,,,,,,,,,"Ji Man Choi","5452",596847
"Nick Ahmed","TEX",82,270,251,52,37,11,1,3,23,22,15,0,64,1,1,2,5,3,1,0.207171,0.0555556,0.237037,0.234375,0.253731,0.294821,0.243351,0.548552,0.0876494,4.11062,0.264865,,-0.223305,17.0615,-14.5225,57.1354,-0.223305,4,-14.062929183244705,6.976190567016602,0.196696,999,,,,,,,156.9,1.913414634,156.9,1.913414634,,,,,,,,,,,,,,,,,,,"Nick Ahmed","12147",605113
"Brock Wilken","MIL",105,458,405,75,48,14,1,12,47,48,47,0,163,5,1,0,10,1,0,0.185185,0.10262,0.355895,0.288344,0.277293,0.31358,0.266506,0.590873,0.128395,3.07333,0.272727,,-0.589242,37.4769,-16.0991,68.6712,-0.589242,2.7,-17.747395753860474,4.38283371925354,0.194916,999,,,,,,,332,3.161904761,332,3.161904761,,,,,,,,,,,,,,,,,,,"Brock Wilken","sa3022499",694385
"Adrian Pinto","TOR",31,132,118,26,18,5,1,2,18,15,8,0,26,2,0,4,2,2,1,0.220339,0.0606061,0.19697,0.307692,0.28125,0.330508,0.271762,0.611758,0.110169,6.14267,0.266667,,-0.225994,11.3597,-4.08145,76.3019,-0.225994,0.8,-3.805254578590393,1.285008817911148,0.194167,999,,,,,,,97.6,3.148387096,97.6,3.148387096,,,,,,,,,,,,,,,,,,,"Adrian Pinto","sa3015542",691437
"Yoyner Fajardo","SEA",105,420,384,90,71,12,3,4,45,37,30,0,97,4,2,0,4,15,8,0.234375,0.0714286,0.230952,0.309278,0.295238,0.3125,0.271852,0.607738,0.078125,5.85286,0.301754,,-1.06876,36.1745,-12.9563,81.3961,-1.06876,2.5,-10.009196758270264,-2.129629611968994,0.192313,999,,,,,,,317.6,3.024761904,317.6,3.024761904,,,,,,,,,,,,,,,,,,,"Yoyner Fajardo","sa3005938",679938
"JT Schwartz","NYM",107,430,386,90,64,18,2,6,40,46,35,0,86,7,2,0,6,4,1,0.233161,0.0813954,0.2,0.406977,0.306977,0.336788,0.287553,0.643764,0.103627,4.03322,0.283784,,-0.441603,42.47,-7.83055,86.7233,-0.441603,2.7,-7.268448352813721,-5.199764966964722,0.191189,999,,,,,,,368.8,3.446728971,368.8,3.446728971,,,,,,,,,,,,,,,,,,,"JT Schwartz","sa3017371",681286
"Joe Perez","CHW",94,397,365,87,61,16,1,9,38,38,28,0,127,2,2,0,9,2,1,0.238356,0.070529,0.319899,0.220472,0.29471,0.361644,0.288735,0.656354,0.123288,3.10144,0.337662,,-0.723217,39.5884,-6.85189,86.3818,-0.723217,2.8,-6.909297287464142,-4.49350380897522,0.189143,999,,,,,,,349.9,3.722340425,349.9,3.722340425,,,,,,,,,,,,,,,,,,,"Joe Perez","22254",669309
"Edward Olivares",,95,353,319,77,53,13,1,10,45,44,25,0,68,6,3,0,7,8,5,0.241379,0.0708215,0.192635,0.367647,0.305949,0.382445,0.302192,0.688394,0.141066,4.81295,0.27459,,-1.088,39.0241,-2.26914,96.5764,-1.088,-3.5,-2.5331684350967407,-7.391093492507935,0.189101,999,,,,,,,343.8,3.618947368,343.8,3.618947368,,,,,,,,,,,,,,,,,,,"Edward Olivares","19698",658668
"Matthew Lugo","LAA",96,402,370,85,54,18,3,10,47,46,23,1,109,6,2,1,9,9,3,0.22973,0.0572139,0.271144,0.211009,0.284289,0.375676,0.287351,0.659965,0.145946,5.94297,0.296443,,-0.0621978,39.639,-7.38621,84.1471,-0.0621978,0.2,-7.354108959436417,-4.231216713786125,0.187506,749.219970703125,,,,,,,365,3.802083333,365,3.802083333,,,,,,,,,,,,,,,,,,,"Matthew Lugo","sa1169598",683090
"Jon Singleton","HOU",110,426,366,75,46,15,1,13,45,47,56,1,122,0,4,0,5,1,0,0.204918,0.131455,0.286385,0.459016,0.307512,0.357924,0.295323,0.665435,0.153005,2.79498,0.26383,,-0.597135,44.7391,-5.09358,93.0723,-0.597135,-0.6,-3.9739118218421936,-8.426278710365295,0.185977,723.7899780273438,,,,,,,395.3,3.593636363,395.3,3.593636363,,,,,,,,,,,,,,,,,,,"Jon Singleton","10441",572138
"Chris Newell","LAD",115,495,440,81,43,16,2,20,56,62,45,1,199,4,4,2,4,14,5,0.184091,0.0909091,0.40202,0.226131,0.263692,0.365909,0.27512,0.629601,0.181818,5.73207,0.271111,,0.0567576,43.9366,-13.9676,76.5399,0.0567576,4.6,-13.829871542751789,-0.8563494682312012,0.18567,999,,,,,,,419,3.64347826,419,3.64347826,,,,,,,,,,,,,,,,,,,"Chris Newell","sa3019971",683006
"Luken Baker","STL",119,480,425,90,52,17,0,21,46,66,47,1,132,3,5,0,13,1,0,0.211765,0.0979167,0.275,0.356061,0.291667,0.4,0.300787,0.691667,0.188235,1.65668,0.249097,,-0.597135,52.521,-3.62847,93.5846,-0.597135,-1.1,-4.2794724106788635,-9.918342232704163,0.184523,723.9500122070312,,,,,,,477.6,4.013445378,477.6,4.013445378,,,,,,,,,,,,,,,,,,,"Luken Baker","21497",663609
"Jay Harry","TOR",105,437,398,81,52,19,1,9,40,50,26,0,110,10,3,0,6,4,4,0.203518,0.0594966,0.251716,0.236364,0.267735,0.324121,0.26279,0.591855,0.120603,3.3568,0.255319,,-1.51456,34.4515,-16.6679,69.9904,-1.51456,2.1,-16.519933700561523,3.7056729793548584,0.181083,999,,,,,,,305.4,2.908571428,305.4,2.908571428,,,,,,,,,,,,,,,,,,,"Jay Harry","sa3022607",803385
"Chad Wallach","TEX",83,304,272,52,33,10,1,8,25,34,25,0,106,4,2,1,8,1,1,0.191176,0.0822368,0.348684,0.235849,0.267327,0.323529,0.263158,0.590856,0.132353,2.84969,0.275,,-0.694337,24.0562,-11.5051,68.9185,-0.694337,-2.5,-11.505721747875214,3.0849499702453613,0.176938,999,,,,,,,215.2,2.592771084,215.2,2.592771084,,,,,,,,,,,,,,,,,,,"Chad Wallach","17161",595453
"Jacob Burke","CHW",78,313,282,59,43,12,2,2,33,27,20,0,91,9,1,1,5,12,3,0.20922,0.0638978,0.290735,0.21978,0.282051,0.287234,0.258046,0.569285,0.0780142,6.77032,0.3,,0.616726,23.4807,-13.1335,64.7941,0.616726,2.1,-11.991814136505127,3.250058650970459,0.174773,999,,,,,,,214.8,2.753846153,214.8,2.753846153,,,,,,,,,,,,,,,,,,,"Jacob Burke","sa3019934",804240
"Allan Cerda","MIN",86,346,303,54,28,13,2,11,36,41,35,0,133,7,1,0,3,2,3,0.178218,0.101156,0.384393,0.263158,0.277457,0.343234,0.277116,0.620691,0.165017,3.94816,0.26875,,-1.36749,31.267,-9.20744,79.3957,-1.36749,-1.6,-9.524657130241394,-0.32868897914886475,0.173584,999,,,,,,,273.3,3.177906976,273.3,3.177906976,,,,,,,,,,,,,,,,,,,"Allan Cerda","sa3005504",678323
"Reed Trimble","BAL",58,230,207,44,30,10,1,3,32,21,20,1,54,1,2,0,2,12,0,0.21256,0.0869565,0.234783,0.37037,0.282609,0.31401,0.264403,0.596618,0.101449,7.57381,0.269737,,2.00538,18.4309,-8.47404,72.4011,2.00538,1.8,-5.25776219367981,-0.7352733612060547,0.172901,999,,,,,,,188.1,3.243103448,188.1,3.243103448,,,,,,,,,,,,,,,,,,,"Reed Trimble","sa3017180",701655
"Chance Sisco","STL",37,129,116,20,12,5,0,3,12,14,9,0,45,4,0,0,4,0,0,0.172414,0.0697674,0.348837,0.2,0.255814,0.293103,0.248717,0.548917,0.12069,1.68132,0.25,,-0.197311,8.70879,-6.38138,58.5382,-0.197311,1.6,-6.593173146247864,3.969929575920105,0.172741,999,,,,,,,77.7,2.1,77.7,2.1,,,,,,,,,,,,,,,,,,,"Chance Sisco","15694",642082
"Matt Rudick","NYM",103,440,384,80,54,19,1,6,47,45,45,0,104,9,2,0,4,7,4,0.208333,0.102273,0.236364,0.432692,0.304545,0.309896,0.279152,0.614441,0.101562,4.07008,0.268116,,-1.07241,40.4826,-10.9877,81.0689,-1.07241,2.9,-11.033111095428467,-1.9500880241394043,0.172395,999,,,,,,,345.3,3.352427184,345.3,3.352427184,,,,,,,,,,,,,,,,,,,"Matt Rudick","sa3017334",689822
"Chris Meyers","DET",112,459,418,93,63,17,1,12,52,55,30,1,128,10,1,0,8,2,1,0.222488,0.0653595,0.278867,0.234375,0.28976,0.354067,0.284378,0.643827,0.131579,3.33902,0.290323,,-0.810034,44.1614,-9.53156,85.019,-0.810034,0.1,-8.677928149700165,-4.95952358096838,0.171808,999,,,,,,,391.6,3.496428571,391.6,3.496428571,,,,,,,,,,,,,,,,,,,"Chris Meyers","sa3016956",680273
"Kenedy Corona","HOU",107,449,408,86,59,17,2,8,48,47,31,1,134,7,2,1,9,16,6,0.210784,0.0690423,0.298441,0.231343,0.276786,0.321078,0.26541,0.597864,0.110294,5.78348,0.291045,,0.012289,36.3446,-16.1786,72.031,0.012289,-0.6,-14.356785774230957,1.04976487159729,0.171506,999,,,,,,,337.1,3.150467289,337.1,3.150467289,,,,,,,,,,,,,,,,,,,"Kenedy Corona","sa3009845",685744
"Damiano Palmegiani","TOR",127,523,467,94,55,22,0,17,55,65,42,0,163,11,3,0,12,2,1,0.201285,0.0803059,0.311663,0.257669,0.281071,0.357602,0.282602,0.638672,0.156317,2.53413,0.265517,,-0.857388,49.5712,-11.6083,83.9268,-0.857388,4.3,-10.475956439971924,-5.308318138122559,0.170429,999,,,,,,,443,3.488188976,443,3.488188976,,,,,,,,,,,,,,,,,,,"Damiano Palmegiani","sa3017326",671913
"Mitch Garver","SEA",94,358,308,61,35,14,0,12,35,40,43,0,107,5,2,0,8,0,0,0.198052,0.120112,0.298883,0.401869,0.304469,0.36039,0.296791,0.664859,0.162338,1.08036,0.256545,,-0.655071,38.0204,-3.85775,98.9387,-0.655071,0,-1.0898084342479706,-9.207818984985352,0.169013,456.5199890136719,,,,,,,331,3.521276595,331,3.521276595,,,,,,,,,,,,,,,,,,,"Mitch Garver","15161",641598
"Connor Kaiser","ARI",90,344,302,56,39,11,2,4,35,30,34,1,121,4,1,3,6,5,1,0.18543,0.0988372,0.351744,0.280992,0.27566,0.274834,0.250547,0.550494,0.089404,5.50733,0.292135,,-0.00483049,23.73,-16.5105,56.6671,-0.00483049,4.2,-17.83015550673008,7.991886854171753,0.167028,999,,,,,,,213.2,2.368888888,213.2,2.368888888,,,,,,,,,,,,,,,,,,,"Connor Kaiser","21535",663731
"Kyle McCann","ATH",88,336,302,59,38,11,0,10,33,37,29,1,130,4,1,0,5,1,0,0.195364,0.0863095,0.386905,0.223077,0.27381,0.331126,0.268586,0.604935,0.135762,2.37785,0.300613,,-0.35247,28.0566,-11.248,76.6901,-0.35247,-6.5,-9.314076542854309,-0.3271603584289551,0.161062,999,,,,,,,255.2,2.9,255.2,2.9,,,,,,,,,,,,,,,,,,,"Kyle McCann","25575",668832
"Chase Davis","STL",111,464,419,86,58,19,1,8,44,46,37,2,137,5,3,0,5,4,1,0.205251,0.0797414,0.295259,0.270073,0.275862,0.312649,0.261214,0.588511,0.107399,3.68543,0.281588,,-0.378464,35.9917,-18.2861,66.9495,-0.378464,3.1,-18.716663420200348,4.804879426956177,0.159035,999,,,,,,,329.4,2.967567567,329.4,2.967567567,,,,,,,,,,,,,,,,,,,"Chase Davis","sa3022426",690971
"Cole Turney","DET",19,80,70,16,9,5,0,2,11,11,7,1,29,3,0,0,0,0,0,0.228571,0.0875,0.3625,0.241379,0.325,0.385714,0.31142,0.710714,0.157143,2.19643,0.358974,,-0.142064,9.43817,0.0799272,104.041,-0.142064,-0.5,0.22782649099826813,-1.3818342089653015,0.156242,999,,,,,,,82.9,4.363157894,82.9,4.363157894,,,,,,,,,,,,,,,,,,,"Cole Turney","sa3022916",669318
"Andy Weber","ARI",79,322,295,72,52,16,1,3,37,32,20,1,82,3,2,2,6,2,1,0.244068,0.0621118,0.254658,0.243902,0.296875,0.335593,0.278724,0.632468,0.0915254,3.91309,0.325472,,-0.589046,29.5148,-8.1521,75.632,-0.589046,-2.8,-9.971924901008606,0.749382734298706,0.154956,999,,,,,,,258.5,3.272151898,258.5,3.272151898,,,,,,,,,,,,,,,,,,,"Andy Weber","sa3008282",681581
"Jorge Caballero",,77,287,258,63,50,9,1,3,32,26,25,0,92,3,1,0,5,2,2,0.244186,0.087108,0.320558,0.271739,0.317073,0.321705,0.287467,0.638779,0.0775194,3.6694,0.365854,,-1.02562,28.3264,-5.24628,80.5298,-1.02562,2.8,-7.707733511924744,-0.36358022689819336,0.153478,999,,,,,,,237,3.077922077,237,3.077922077,,,,,,,,,,,,,,,,,,,"Jorge Caballero","sa3003360",672850
"Yusniel Díaz",,79,316,282,62,42,12,1,7,33,31,30,0,79,1,3,0,8,4,2,0.219858,0.0949367,0.25,0.379747,0.294304,0.343972,0.282964,0.638275,0.124113,3.948,0.276382,,-0.58616,30.0432,-6.92186,82.0875,-0.58616,1.8,-7.354853570461273,-1.6832451820373535,0.153369,999,,,,,,,266.5,3.373417721,266.5,3.373417721,,,,,,,,,,,,,,,,,,,"Yusniel Diaz","18905",666783
"Ethan Anderson","BAL",20,87,80,20,14,3,2,1,8,9,6,0,19,0,1,0,2,3,1,0.25,0.0689655,0.218391,0.315789,0.298851,0.375,0.292776,0.673851,0.125,6.64692,0.311475,,0.0371452,8.95847,-1.21862,92.3595,0.0371452,-2.3,-0.7234415858983994,-0.7016754150390625,0.152342,999,,,,,,,82.4,4.12,82.4,4.12,,,,,,,,,,,,,,,,,,,"Ethan Anderson","sa3025410",803175
"Jordan Diaz","ATH",120,487,455,113,76,22,1,14,44,60,26,0,97,4,2,0,21,0,1,0.248352,0.0533881,0.199179,0.268041,0.293635,0.393407,0.299159,0.687041,0.145055,1.72862,0.286127,,-1.2416,52.6488,-4.31948,98.1955,-1.2416,0,-2.2471381425857544,-12.525720596313477,0.150945,999,,,,,,,466.1,3.884166666,466.1,3.884166666,,,,,,,,,,,,,,,,,,,"Jordan Diaz","22650",672478
"Wilmer Difo",,99,337,300,66,51,10,1,4,33,28,28,0,80,2,3,4,7,7,3,0.22,0.0830861,0.237389,0.35,0.288288,0.3,0.264373,0.588288,0.08,4.52655,0.283105,,-0.454305,26.9972,-12.4244,69.2446,-0.454305,1.3,-12.313547849655151,2.538242220878601,0.150658,999,,,,,,,236.8,2.391919191,236.8,2.391919191,,,,,,,,,,,,,,,,,,,"Wilmer Difo","14320",594694
"Michael Toglia","COL",135,563,500,113,65,20,3,25,70,75,57,1,170,3,3,0,9,7,2,0.226,0.101243,0.301954,0.335294,0.307282,0.428,0.318794,0.735282,0.202,4.68691,0.285714,,-0.388673,69.7622,3.90358,91.1315,-0.388673,-0.6,-6.359312891960144,-10.943180680274963,0.149336,185.42999267578125,,,,,,,630.6,4.671111111,630.6,4.671111111,,,,,,,,,,,,,,,,,,,"Michael Toglia","25845",669911
"Turner Hill","SFG",101,434,388,90,67,18,4,1,43,38,32,0,58,7,2,5,4,16,5,0.231959,0.0737327,0.133641,0.551724,0.300699,0.306701,0.273094,0.6074,0.0747423,6.17504,0.268882,,0.338371,37.8144,-12.9541,75.4447,0.338371,-2.2,-12.405347883701324,-0.6053498983383179,0.14892,999,,,,,,,333.8,3.304950495,333.8,3.304950495,,,,,,,,,,,,,,,,,,,"Turner Hill","sa3020943",806367
"Christian Franklin","CHC",102,427,369,78,59,12,2,5,53,40,47,0,118,8,2,1,14,15,5,0.211382,0.11007,0.276347,0.398305,0.312207,0.295393,0.278528,0.6076,0.0840108,6.10584,0.294355,,0.0752319,39.0719,-10.8778,79.6804,0.0752319,2.2,-10.300149619579315,-2.5067899227142334,0.145889,999,,,,,,,340.5,3.338235294,340.5,3.338235294,,,,,,,,,,,,,,,,,,,"Christian Franklin","sa3017510",681047
"Pascanel Ferreras","HOU",108,444,403,81,55,14,5,7,38,45,32,0,143,8,1,0,14,5,4,0.200993,0.0720721,0.322072,0.223776,0.272523,0.312655,0.261637,0.585178,0.111663,5.14736,0.291339,,-1.36981,34.5914,-17.3469,69.3767,-1.36981,1.9,-16.927318930625916,3.53139328956604,0.14511,999,,,,,,,303.8,2.812962962,303.8,2.812962962,,,,,,,,,,,,,,,,,,,"Pascanel Ferreras","sa3022702",814299
"Tyresse Turner","CLE",73,264,235,48,38,5,2,3,35,22,20,0,93,4,1,4,2,13,1,0.204255,0.0757576,0.352273,0.215054,0.276923,0.280851,0.252959,0.557774,0.0765957,8.14862,0.321429,,1.70566,18.7239,-12.1584,62.9703,1.70566,1.1,-9.479938745498657,2.070017635822296,0.143624,999,,,,,,,181.8,2.490410958,181.8,2.490410958,,,,,,,,,,,,,,,,,,,"Tyresse Turner","sa3020759",687930
"Justin Dirden",,93,392,351,74,45,16,4,9,40,42,29,0,145,6,3,3,4,5,2,0.210826,0.0739796,0.369898,0.2,0.280206,0.356125,0.279846,0.636331,0.145299,5.79152,0.325,,-0.441407,36.2852,-9.57016,77.6502,-0.441407,-2.2,-10.918035864830017,-0.7596708536148071,0.14214,999,,,,,,,326.1,3.506451612,326.1,3.506451612,,,,,,,,,,,,,,,,,,,"Justin Dirden","sa3014986",688869
"Nick Cimillo","PIT",100,427,380,85,54,17,1,13,49,48,43,0,106,3,1,0,11,2,0,0.223684,0.100703,0.248244,0.40566,0.306792,0.376316,0.302028,0.683107,0.152632,3.30568,0.274809,,-0.389242,47.1484,-2.80127,90.3654,-0.389242,0.3,-5.308745920658112,-7.5446502566337585,0.141091,999,,,,,,,415,4.15,415,4.15,,,,,,,,,,,,,,,,,,,"Nick Cimillo","sa3020129",701177
"Jake Bauers","MIL",111,347,304,63,36,12,1,14,40,41,39,1,114,3,1,0,2,10,2,0.207237,0.112392,0.32853,0.342105,0.302594,0.391447,0.304702,0.694041,0.184211,5.05631,0.276836,,0.582271,39.0618,-1.52962,94.3799,0.582271,-2.1,-1.7497665286064148,-8.474926471710205,0.137437,727.239990234375,,,,,,,360.3,3.245945945,360.3,3.245945945,,,,,,,,,,,,,,,,,,,"Jake Bauers","15194",641343
"Michael Pérez",,68,243,218,37,23,8,0,6,21,25,19,0,75,4,1,1,6,2,1,0.169725,0.0781893,0.308642,0.253333,0.247934,0.288991,0.242094,0.536925,0.119266,2.95943,0.224638,,-0.368058,15.1096,-13.3161,60.4642,-0.368058,0.1,-11.36069643497467,4.5642858520150185,0.134687,999,,,,,,,138.8,2.04117647,138.8,2.04117647,,,,,,,,,,,,,,,,,,,"Michael Perez","12977",605421
"Blake Hunt","SEA",74,291,269,53,34,12,1,6,28,28,15,0,87,5,2,0,7,1,0,0.197026,0.0515464,0.298969,0.172414,0.250859,0.315985,0.250368,0.566844,0.118959,3.64589,0.264045,,-0.226191,20.0319,-14.0087,66.2839,-0.226191,-2.3,-11.452468156814575,3.0461199283599854,0.133671,999,,,,,,,186.6,2.521621621,186.6,2.521621621,,,,,,,,,,,,,,,,,,,"Blake Hunt","sa3004153",675448
"Hayden Senger","NYM",72,271,244,49,33,12,1,3,24,27,17,0,92,7,1,2,7,1,1,0.20082,0.0627306,0.339483,0.184783,0.271375,0.295082,0.255186,0.566457,0.0942623,3.45386,0.306667,,-0.654875,19.7062,-11.9949,64.9381,-0.654875,-0.7,-12.017172515392303,4.278689205646515,0.132824,999,,,,,,,170.2,2.363888888,170.2,2.363888888,,,,,,,,,,,,,,,,,,,"Hayden Senger","sa3007009",663584
"Ezequiel Pagan","LAD",94,383,355,84,64,11,2,7,41,44,17,0,80,8,2,1,6,5,2,0.23662,0.0443864,0.208877,0.2125,0.28534,0.338028,0.275477,0.623369,0.101408,4.70036,0.285185,,-0.512438,34.1053,-10.6973,76.7799,-0.512438,3.9,-11.147103905677795,-0.3217811584472656,0.132753,999,,,,,,,303.4,3.227659574,303.4,3.227659574,,,,,,,,,,,,,,,,,,,"Ezequiel Pagan","sa3007975",681868
"Leonel Valera",,101,391,362,84,59,14,6,5,43,36,19,0,120,5,2,3,5,10,2,0.232044,0.0485933,0.306905,0.158333,0.278351,0.345304,0.273364,0.623654,0.11326,7.30854,0.330544,,0.534916,34.1526,-11.5858,71.6116,0.534916,-3.9,-12.165634870529175,0.40996456146240234,0.132043,999,,,,,,,315.6,3.124752475,315.6,3.124752475,,,,,,,,,,,,,,,,,,,"Leonel Valera","sa917320",665987
"Chandler Seagle","ATL",61,211,194,35,25,8,0,2,18,16,9,0,81,3,1,4,7,1,1,0.180412,0.042654,0.383886,0.111111,0.227053,0.252577,0.215171,0.47963,0.0721649,2.9251,0.294643,,-0.497026,8.54751,-16.1349,33.2982,-0.497026,7.7,-17.32691341638565,11.576395988464355,0.131782,999,,,,,,,79.1,1.296721311,79.1,1.296721311,,,,,,,,,,,,,,,,,,,"Chandler Seagle","23552",676882
"Weston Eberly","CHW",38,133,118,19,15,3,0,1,8,10,9,0,47,3,1,2,3,0,0,0.161017,0.0676692,0.353383,0.191489,0.236641,0.211864,0.209171,0.448506,0.0508475,1.13823,0.253521,,-0.213095,4.7455,-10.8126,30.4144,-0.213095,5.2,-10.802624434232712,7.643415451049805,0.131619,999,,,,,,,42.5,1.118421052,42.5,1.118421052,,,,,,,,,,,,,,,,,,,"Weston Eberly","sa3022928",814440
"Edwin Arroyo","CIN",128,579,534,118,75,25,7,11,64,60,34,1,146,5,4,2,0,17,5,0.220974,0.0587219,0.252159,0.232877,0.272097,0.355805,0.273449,0.627902,0.134831,6.78819,0.28084,,0.483124,50.6137,-17.1166,67.2422,0.483124,-2.2,-22.197486370801926,4.182275056838989,0.130757,999,,,,,,,477.9,3.73359375,477.9,3.73359375,,,,,,,,,,,,,,,,,,,"Edwin Arroyo","sa3017626",695490
"Tim Locastro","SDP",57,158,138,30,21,6,0,3,23,17,8,0,36,10,0,2,1,7,2,0.217391,0.0506329,0.227848,0.222222,0.307692,0.326087,0.287862,0.633779,0.108696,6.08166,0.272727,,0.282183,15.6445,-2.83807,87.0939,0.282183,-0.1,-2.1562597453594208,-1.841622568666935,0.13051,999,,,,,,,137.3,2.408771929,137.3,2.408771929,,,,,,,,,,,,,,,,,,,"Tim Locastro","15124",641796
"Phil Clarke","TOR",79,311,274,62,48,11,0,3,33,30,28,0,46,8,1,0,8,2,0,0.226277,0.0900322,0.14791,0.608696,0.315113,0.29927,0.280794,0.614383,0.0729927,3.26766,0.261062,,-0.262963,29.0249,-7.35533,82.6552,-0.262963,-8.4,-6.435101687908173,-2.686448574066162,0.128663,999,,,,,,,245.1,3.102531645,245.1,3.102531645,,,,,,,,,,,,,,,,,,,"Phil Clarke","sa3011379",671287
"Anthony Gutierrez","TEX",82,321,300,67,51,11,3,2,35,27,15,0,85,5,1,0,5,20,5,0.223333,0.046729,0.264798,0.176471,0.271028,0.3,0.254122,0.571028,0.0766667,7.65923,0.303738,,1.41461,23.0669,-14.483,62.5624,1.41461,1.7,-12.335911870002747,2.8794533014297485,0.128503,999,,,,,,,227,2.768292682,227,2.768292682,,,,,,,,,,,,,,,,,,,"Anthony Gutierrez","sa3018406",703152
"Rece Hinds","CIN",114,460,424,91,50,20,3,18,52,61,28,1,184,5,3,0,7,13,4,0.214623,0.0608696,0.4,0.152174,0.269565,0.403302,0.289858,0.672867,0.188679,6.31655,0.324444,,0.332796,46.2862,-7.5237,78.2861,0.332796,2.6,-11.611382812261581,-2.4705467224121094,0.127706,745.280029296875,,,,,,,442.4,3.880701754,442.4,3.880701754,,,,,,,,,,,,,,,,,,,"Rece Hinds","27493",677956
"Jeremy Eierman","ATH",71,278,256,47,29,9,0,9,24,33,14,0,110,5,2,1,2,2,1,0.183594,0.0503597,0.395683,0.127273,0.238267,0.324219,0.247491,0.562486,0.140625,2.83612,0.273381,,-0.383843,18.4933,-14.0266,61.8509,-0.383843,1.4,-12.518706530332565,4.46437394618988,0.12527,999,,,,,,,175.9,2.477464788,175.9,2.477464788,,,,,,,,,,,,,,,,,,,"Jeremy Eierman","sa3007005",663369
"Donovan Solano","SEA",99,337,305,77,58,14,0,5,29,29,23,1,77,7,2,0,7,1,0,0.252459,0.0682493,0.228487,0.298701,0.317507,0.347541,0.295094,0.665048,0.095082,2.07298,0.32,,-0.486641,35.3301,-4.09151,97.7456,-0.486641,0,-1.355931282043457,-8.667695045471191,0.125012,632.7100219726562,,,,,,,305.7,3.087878787,305.7,3.087878787,,,,,,,,,,,,,,,,,,,"Donovan Solano","8623",456781
"Justin Wishkoski","SFG",110,437,393,88,65,18,1,4,42,44,27,0,83,12,2,3,5,8,3,0.223919,0.0617849,0.189931,0.325301,0.292627,0.305344,0.26942,0.59797,0.0814249,4.41295,0.272727,,-0.435831,36.7836,-14.3358,72.9719,-0.435831,-0.4,-14.55984216928482,1.2056730687618256,0.123765,999,,,,,,,319.1,2.90090909,319.1,2.90090909,,,,,,,,,,,,,,,,,,,"Justin Wishkoski","sa3022686",801076
"Carlos Linarez","STL",41,134,125,23,18,4,0,1,7,9,6,0,45,1,1,1,3,1,0,0.184,0.0447761,0.335821,0.133333,0.225564,0.24,0.208971,0.465564,0.056,2.70078,0.275,,0.00268944,4.75966,-10.9154,31.7863,0.00268944,5.2,-10.927751459181309,7.661787033081055,0.123558,999,,,,,,,47.7,1.163414634,47.7,1.163414634,,,,,,,,,,,,,,,,,,,"Carlos Linarez","sa3016346",701800
"Geisel Cepeda",,76,294,270,61,49,9,0,3,28,26,18,0,43,4,0,2,10,5,2,0.225926,0.0612245,0.146259,0.418605,0.284247,0.292593,0.260027,0.576839,0.0666667,3.68694,0.258929,,-0.370375,22.5241,-11.8675,66.7162,-0.370375,6.2,-11.566981434822083,2.959259033203125,0.123202,999,,,,,,,195.8,2.576315789,195.8,2.576315789,,,,,,,,,,,,,,,,,,,"Geisel Cepeda","sa3020717",808206
"Omar Martinez","NYY",103,431,381,76,51,12,1,12,44,47,44,0,127,4,2,0,12,2,0,0.199475,0.102088,0.294664,0.346457,0.287703,0.330709,0.27705,0.618412,0.131234,3.45094,0.262295,,-0.38135,38.9251,-11.4925,78.6667,-0.38135,-10.2,-10.901966333389282,-2.281863212585449,0.122258,999,,,,,,,345.7,3.356310679,345.7,3.356310679,,,,,,,,,,,,,,,,,,,"Omar Martinez","sa3008573",683079
"Luke Mann","ATH",118,509,467,93,66,14,2,11,39,49,31,0,162,9,2,0,7,2,0,0.199143,0.0609037,0.318271,0.191358,0.261297,0.308351,0.254078,0.569648,0.109208,3.29919,0.277027,,-0.436597,36.5585,-22.9833,66.4842,-0.436597,2.3,-19.956276774406433,4.170223355293274,0.122046,999,,,,,,,333,2.822033898,333,2.822033898,,,,,,,,,,,,,,,,,,,"Luke Mann","sa3022529",680996
"Hayden Cantrelle","CHC",80,308,262,46,31,9,2,4,34,28,35,0,101,8,1,2,1,9,2,0.175573,0.113636,0.327922,0.346535,0.29085,0.270992,0.261054,0.561842,0.0954198,6.37933,0.265823,,0.405948,23.8512,-12.178,67.9191,0.405948,1.2,-11.409718245267868,2.331687331199646,0.121731,999,,,,,,,211.2,2.64,211.2,2.64,,,,,,,,,,,,,,,,,,,"Hayden Cantrelle","sa3014426",676463
"Peyton Wilson","KCR",117,507,454,102,70,20,3,9,56,53,43,1,123,7,3,0,7,12,3,0.22467,0.0848126,0.242604,0.349593,0.299803,0.34141,0.284604,0.641212,0.11674,5.56092,0.286154,,0.245783,48.8717,-10.4362,79.5184,0.245783,1.5,-11.63586550951004,-4.088624477386475,0.121519,999,,,,,,,441.3,3.771794871,441.3,3.771794871,,,,,,,,,,,,,,,,,,,"Peyton Wilson","sa3017110",686523
"Garrett Cooper","ATL",92,340,305,73,48,15,1,9,29,43,27,0,100,5,3,0,8,0,0,0.239344,0.0794118,0.294118,0.27,0.308824,0.383607,0.304067,0.69243,0.144262,1.64148,0.321608,,-0.631394,38.0999,-1.67264,93.1314,-0.631394,-0.5,-3.4239763021469116,-6.746325492858887,0.11898,750.5499877929688,,,,,,,333.6,3.626086956,333.6,3.626086956,,,,,,,,,,,,,,,,,,,"Garrett Cooper","15279",643265
"Ben Rice","NYY",114,469,407,92,53,17,0,22,63,71,50,0,113,8,4,0,7,5,2,0.226044,0.10661,0.240938,0.442478,0.319829,0.429975,0.327006,0.749805,0.203931,3.38614,0.253623,,-0.686072,61.2145,6.35179,113.807,-0.686072,-12.6,6.723237216472626,-21.21625518798828,0.117875,460.8999938964844,,,,,,,542.2,4.75614035,542.2,4.75614035,,,,,,,,,,,,,,,,,,,"Ben Rice","29576",700250
"Erik González",,115,423,400,96,74,17,1,4,43,39,18,0,103,2,2,1,12,4,2,0.24,0.0425532,0.243499,0.174757,0.274882,0.3175,0.26115,0.592382,0.0775,3.79904,0.311864,,-0.7519,32.7895,-16.6923,58.9638,-0.7519,3.9,-21.509077847003937,8.562698364257812,0.117731,999,,,,,,,292.2,2.540869565,292.2,2.540869565,,,,,,,,,,,,,,,,,,,"Erik Gonzalez","13369",570481
"Chris Rotondo","STL",105,404,362,78,56,15,2,5,45,40,27,0,138,10,2,3,4,8,3,0.21547,0.0668317,0.341584,0.195652,0.286783,0.309392,0.267902,0.596175,0.0939227,5.61354,0.330317,,-0.349014,33.5123,-13.7469,71.451,-0.349014,6.2,-14.141225069761276,1.746737003326416,0.109383,999,,,,,,,294.5,2.804761904,294.5,2.804761904,,,,,,,,,,,,,,,,,,,"Chris Rotondo","sa3019861",700658
"Justin Johnson","KCR",97,388,343,72,54,15,1,2,41,32,33,0,86,7,3,2,9,7,3,0.209913,0.0850515,0.221649,0.383721,0.290155,0.276968,0.258811,0.567123,0.0670554,4.77943,0.271318,,-0.556907,29.3458,-16.0417,61.3746,-0.556907,4.4,-17.704772233963013,5.825632095336914,0.108962,999,,,,,,,253.1,2.60927835,253.1,2.60927835,,,,,,,,,,,,,,,,,,,"Justin Johnson","sa3022758",813386
"Chase Adkison","STL",63,230,207,45,34,8,1,2,18,22,15,0,53,4,2,2,6,0,1,0.217391,0.0652174,0.230435,0.283019,0.280702,0.294686,0.258424,0.575388,0.0772947,2.60934,0.279221,,-0.823305,17.3241,-9.58085,65.0712,-0.823305,-0.4,-10.429969429969788,3.825455754995346,0.108929,999,,,,,,,146.9,2.331746031,146.9,2.331746031,,,,,,,,,,,,,,,,,,,"Chase Adkison","sa3022433",801187
"Robert Brooks","TOR",52,165,150,31,21,5,1,4,12,17,12,0,64,2,1,0,2,0,0,0.206667,0.0727273,0.387879,0.1875,0.272727,0.333333,0.268403,0.606061,0.126667,2.29991,0.325301,,-0.276235,13.7534,-5.54797,73.9387,-0.276235,-2.3,-5.1964689791202545,0.7313051223754883,0.106913,999,,,,,,,123.4,2.373076923,123.4,2.373076923,,,,,,,,,,,,,,,,,,,"Robert Brooks","sa3022160",806394
"Archer Brookman","DET",57,212,184,32,23,6,0,3,16,17,18,0,55,5,3,2,4,0,0,0.173913,0.0849057,0.259434,0.327273,0.261905,0.255435,0.237906,0.51734,0.0815217,1.24658,0.224806,,-0.363051,12.4673,-12.3321,52.3291,-0.363051,2,-11.926704406738281,5.894767761230469,0.106913,999,,,,,,,109.8,1.926315789,109.8,1.926315789,,,,,,,,,,,,,,,,,,,"Archer Brookman","sa3020950",666386
"Brandon McIlwain",,95,391,350,75,52,15,2,6,35,42,28,0,118,10,2,1,6,8,4,0.214286,0.0716113,0.30179,0.237288,0.289744,0.32,0.273438,0.609744,0.105714,4.8822,0.302632,,-0.730344,34.1759,-11.5625,77.2225,-0.730344,3.7,-11.380186855793,-0.6099646091461182,0.106432,999,,,,,,,299.3,3.150526315,299.3,3.150526315,,,,,,,,,,,,,,,,,,,"Brandon McIlwain","sa3015076",666140
"Jesus Rodriguez",,90,352,318,73,55,11,2,5,38,35,27,0,83,4,3,0,11,10,4,0.22956,0.0767045,0.235795,0.325301,0.295455,0.323899,0.27616,0.619354,0.0943396,5.51918,0.291846,,-0.298774,31.5382,-9.63809,78.0406,-0.298774,2.3,-9.143163859844208,-1.5800704956054688,0.1044,999,,,,,,,281.9,3.132222222,281.9,3.132222222,,,,,,,,,,,,,,,,,,,"Jesus Rodriguez","sa3024321",821119
"Josh Crouch","LAA",82,327,303,63,45,12,0,6,29,34,17,0,100,5,2,0,11,1,0,0.207921,0.0519878,0.30581,0.17,0.259939,0.306931,0.251817,0.56687,0.0990099,2.50738,0.286432,,-0.328792,22.8916,-15.3603,59.152,-0.328792,-0.3,-15.612337797880173,5.707495391368866,0.102852,999,,,,,,,208.9,2.547560975,208.9,2.547560975,,,,,,,,,,,,,,,,,,,"Josh Crouch","sa3017370",676509
"Tres Gonzalez","PIT",102,428,380,91,74,14,1,2,42,34,31,1,94,6,2,9,5,8,6,0.239474,0.0724299,0.219626,0.329787,0.305489,0.297368,0.271514,0.602858,0.0578947,3.93179,0.311189,,-1.6982,36.7474,-13.3192,69.8276,-1.6982,8.6,-17.140588641166687,3.8821873664855957,0.102702,999,,,,,,,304.1,2.981372549,304.1,2.981372549,,,,,,,,,,,,,,,,,,,"Tres Gonzalez","sa3020121",687206
"Bryan Broecker","TBR",53,198,172,27,22,4,0,1,14,12,20,0,73,3,1,2,3,5,1,0.156977,0.10101,0.368687,0.273973,0.255102,0.197674,0.216368,0.452776,0.0406977,4.09527,0.262626,,0.239835,8.21178,-14.9499,40.0388,0.239835,4.1,-13.344577014446259,7.737565994262695,0.102598,999,,,,,,,75.9,1.432075471,75.9,1.432075471,,,,,,,,,,,,,,,,,,,"Bryan Broecker","sa3022814",802541
"Luke Maile","KCR",70,196,173,36,24,9,0,3,15,17,17,0,59,4,1,1,6,2,0,0.208092,0.0867347,0.30102,0.288136,0.292308,0.312139,0.272799,0.604446,0.104046,3.13969,0.294643,,0.044841,17.031,-5.89673,66.8048,0.044841,-1.4,-7.735394768416882,2.200823187828064,0.102495,999,,,,,,,149.7,2.138571428,149.7,2.138571428,,,,,,,,,,,,,,,,,,,"Luke Maile","13355",571912
"Eli Wilson","PIT",51,179,162,33,23,6,1,3,16,18,12,0,49,3,1,1,5,2,1,0.203704,0.0670391,0.273743,0.244898,0.269663,0.308642,0.258286,0.578305,0.104938,4.44987,0.27027,,-0.304918,13.4628,-7.47623,60.924,-0.304918,0.4,-8.66912192106247,3.6885067522525787,0.101239,999,,,,,,,120.1,2.35490196,120.1,2.35490196,,,,,,,,,,,,,,,,,,,"Eli Wilson","sa918961",670250
"Dylan Campbell","PHI",118,500,460,100,72,18,2,8,54,46,34,1,132,3,3,0,3,21,5,0.217391,0.068,0.264,0.257576,0.274,0.317391,0.261607,0.591391,0.1,6.11663,0.28483,,1.32259,38.9421,-19.5469,65.1563,1.32259,9.3,-19.510566353797913,3.788536548614502,0.0958902,999,,,,,,,375.7,3.183898305,375.7,3.183898305,,,,,,,,,,,,,,,,,,,"Dylan Campbell","sa3022751",694749
"Jackson Castillo","NYY",101,410,364,76,52,15,2,7,47,41,40,1,107,3,3,0,8,10,4,0.208791,0.097561,0.260976,0.373832,0.290244,0.318681,0.271955,0.608925,0.10989,5.5194,0.272727,,-0.361913,35.3472,-12.6138,75.0828,-0.361913,-2.2,-12.051235795021057,-0.6935333013534546,0.0953043,999,,,,,,,319.1,3.15940594,319.1,3.15940594,,,,,,,,,,,,,,,,,,,"Jackson Castillo","sa3023111",814431
"Nate Baez","MIN",75,291,263,55,34,12,1,8,29,34,22,0,106,5,1,0,4,0,0,0.209125,0.0756014,0.364261,0.207547,0.281787,0.353612,0.281031,0.635399,0.144487,2.42003,0.313333,,-0.481438,27.2138,-6.82679,82.1499,-0.481438,-7.7,-6.424907296895981,-2.353879928588867,0.0952066,999,,,,,,,241.7,3.222666666,241.7,3.222666666,,,,,,,,,,,,,,,,,,,"Nate Baez","sa3020272",686960
"Hogan Windish","SEA",112,478,425,85,53,19,1,12,54,54,41,0,184,9,3,0,11,9,1,0.2,0.0857741,0.384937,0.222826,0.282427,0.334118,0.275076,0.616544,0.134118,5.24861,0.314655,,0.582074,42.4107,-13.5048,83.6644,0.582074,2.1,-8.352380812168121,-6.681599140167236,0.0929913,999,,,,,,,388.9,3.472321428,388.9,3.472321428,,,,,,,,,,,,,,,,,,,"Hogan Windish","sa3019805",702112
"Matthew Dyer",,52,201,183,38,26,7,2,3,22,20,14,0,82,3,0,1,2,4,1,0.20765,0.0696517,0.40796,0.170732,0.275,0.31694,0.264213,0.59194,0.10929,6.71824,0.357143,,0.0556194,16.0764,-7.4362,73.6938,0.0556194,2.4,-5.994430340826511,0.18439173698425293,0.0919587,999,,,,,,,145.5,2.798076923,145.5,2.798076923,,,,,,,,,,,,,,,,,,,"Matthew Dyer","sa3014883",686546
"Adael Amador","COL",106,478,427,103,76,14,2,11,55,51,44,0,90,4,2,1,9,18,7,0.241218,0.0920502,0.188285,0.488889,0.316562,0.360656,0.300839,0.677218,0.119438,5.36143,0.280488,,-0.213705,52.3223,-3.59324,79.047,-0.213705,-4.6,-12.190385937690735,-2.8436801433563232,0.0912781,691.9099731445312,,,,,,,463.8,4.375471698,463.8,4.375471698,,,,,,,,,,,,,,,,,,,"Adael Amador","27962",691182
"Kaelen Culpepper","MIN",27,118,108,22,16,3,1,2,15,13,8,0,21,2,0,0,2,2,1,0.203704,0.0677966,0.177966,0.380952,0.271186,0.305556,0.258587,0.576742,0.101852,5.99835,0.235294,,-0.210209,8.90354,-4.89988,66.362,-0.210209,0.4,-4.751901164650917,1.7007054388523102,0.0911319,999,,,,,,,79.4,2.94074074,79.4,2.94074074,,,,,,,,,,,,,,,,,,,"Kaelen Culpepper","sa3025360",701785
"Chris Okey","LAD",59,199,184,41,31,5,2,3,19,20,10,0,50,2,1,2,5,2,0,0.222826,0.0502513,0.251256,0.2,0.269036,0.320652,0.260231,0.589688,0.0978261,5.46223,0.287879,,0.0606258,15.2787,-7.99996,66.5186,0.0606258,-1.5,-7.906801886856556,2.155937671661377,0.0904749,999,,,,,,,139.5,2.364406779,139.5,2.364406779,,,,,,,,,,,,,,,,,,,"Chris Okey","19245",608360
"Dillan Shrum",,107,422,370,78,50,15,2,11,42,52,35,0,155,14,2,1,6,0,0,0.210811,0.0829384,0.367299,0.225806,0.301663,0.351351,0.291758,0.653014,0.140541,2.66737,0.325243,,-0.78135,43.1079,-6.2568,84.5504,-0.78135,2.8,-8.241285502910614,-4.952792406082153,0.0902145,999,,,,,,,372.1,3.477570093,372.1,3.477570093,,,,,,,,,,,,,,,,,,,"Dillan Shrum","sa3017111",686770
"Micah Pries","CLE",98,392,356,80,51,17,3,9,42,46,26,1,106,8,2,0,7,5,3,0.224719,0.0663265,0.270408,0.245283,0.290816,0.365169,0.287721,0.655985,0.140449,4.92023,0.292181,,-0.877983,38.7697,-7.08568,87.4227,-0.877983,1.5,-6.519269526004791,-5.701646327972412,0.087436,999,,,,,,,346.1,3.531632653,346.1,3.531632653,,,,,,,,,,,,,,,,,,,"Micah Pries","sa3014830",687588
"Ernesto Martinez Jr.","MIL",106,428,389,90,59,19,2,10,44,51,30,1,108,8,1,0,12,11,4,0.231362,0.0700935,0.252336,0.277778,0.299065,0.367609,0.29339,0.666675,0.136247,5.05911,0.294118,,-0.177698,44.2832,-5.78339,86.7662,-0.177698,1.4,-6.950809016823769,-6.463021874427795,0.0866497,999,,,,,,,399.2,3.766037735,399.2,3.766037735,,,,,,,,,,,,,,,,,,,"Ernesto Martinez Jr.","sa3003173",667803
"Patrick Lee","DET",71,256,229,46,31,10,1,4,33,25,21,0,80,5,1,0,4,18,3,0.200873,0.0820312,0.3125,0.2625,0.28125,0.305677,0.264604,0.586927,0.104803,7.54049,0.287671,,1.93511,20.5558,-9.39054,71.1091,1.93511,1.6,-6.527543306350708,-1.2218693494796753,0.0810194,999,,,,,,,204.7,2.883098591,204.7,2.883098591,,,,,,,,,,,,,,,,,,,"Patrick Lee","sa3023666",815268
"Dom Nuñez","CLE",71,270,233,41,26,9,2,4,27,21,32,1,91,1,1,3,3,1,0,0.175966,0.118519,0.337037,0.351648,0.277154,0.283262,0.254421,0.560415,0.107296,4.50861,0.266187,,-0.25776,19.4672,-12.1169,63.999,-0.25776,-1.8,-11.379801243543625,3.1603176593780518,0.080671,999,,,,,,,172.6,2.430985915,172.6,2.430985915,,,,,,,,,,,,,,,,,,,"Dom Nunez","15055",624513
"Garrett Stubbs","PHI",53,164,144,30,23,4,1,2,18,13,16,0,42,2,1,1,0,3,0,0.208333,0.097561,0.256098,0.380952,0.294479,0.291667,0.266581,0.586145,0.0833333,5.77564,0.277228,,0.276411,13.4296,-5.75479,68.5045,0.276411,-1.8,-5.900256991386414,1.2129335403442383,0.0799412,999,,,,,,,119.8,2.260377358,119.8,2.260377358,,,,,,,,,,,,,,,,,,,"Garrett Stubbs","18067",596117
"Isiah Gilliam",,99,392,345,73,45,16,2,10,44,44,41,0,150,4,2,0,9,10,4,0.211594,0.104592,0.382653,0.273333,0.30102,0.356522,0.292243,0.657542,0.144928,5.57892,0.336898,,-0.330344,40.1964,-5.65899,95.7397,-0.330344,0,-2.241226315498352,-10.082304954528809,0.0768381,999,,,,,,,358.4,3.62020202,358.4,3.62020202,,,,,,,,,,,,,,,,,,,"Isiah Gilliam","sa829343",656462
"Cade Doughty","TOR",71,288,266,59,40,11,1,7,30,33,15,0,92,5,1,1,4,1,2,0.221805,0.0520833,0.319444,0.163043,0.275261,0.349624,0.275061,0.624885,0.12782,3.35463,0.309524,,-1.08356,25.5493,-8.14041,78.6221,-1.08356,-1.8,-8.128284096717834,-0.7417988777160645,0.0754494,999,,,,,,,224.1,3.156338028,224.1,3.156338028,,,,,,,,,,,,,,,,,,,"Cade Doughty","sa3020196",683103
"Lazaro Armenteros",,86,314,277,58,39,10,1,8,35,36,30,0,140,6,1,0,4,11,6,0.209386,0.0955414,0.44586,0.214286,0.299363,0.33935,0.286347,0.638713,0.129964,5.29872,0.384615,,-0.82197,30.7082,-6.02291,89.1834,-0.82197,-1.6,-4.708170533180237,-5.061199307441711,0.0720863,999,,,,,,,269.8,3.137209302,269.8,3.137209302,,,,,,,,,,,,,,,,,,,"Lazaro Armenteros","sa969091",670860
"Rowdy Tellez","SEA",128,451,406,98,64,18,0,16,40,56,39,3,94,2,4,0,14,1,0,0.241379,0.0864745,0.208426,0.414894,0.308204,0.403941,0.308153,0.712145,0.162562,1.56572,0.273333,,-0.605027,52.0215,-0.735572,94.4876,-0.605027,-2.5,-3.5778883695602417,-10.785567283630371,0.0676774,724.719970703125,,,,,,,470.3,3.67421875,470.3,3.67421875,,,,,,,,,,,,,,,,,,,"Rowdy Tellez","15679",642133
"Kevin Plawecki",,73,262,238,52,38,10,0,4,22,24,20,0,50,2,1,1,11,0,0,0.218487,0.0763359,0.19084,0.4,0.283525,0.310924,0.266172,0.594449,0.092437,1.17227,0.259459,,-0.473545,21.3684,-9.2799,72.4954,-0.473545,-3.8,-9.090771943330765,1.0133450031280518,0.0668657,999,,,,,,,185.8,2.545205479,185.8,2.545205479,,,,,,,,,,,,,,,,,,,"Kevin Plawecki","13807",608700
"Andrew Pinckney","WSN",126,541,496,117,86,20,4,7,62,53,31,0,167,11,1,2,5,16,7,0.235887,0.0573013,0.308688,0.185629,0.294991,0.334677,0.279978,0.629668,0.0987903,6.08713,0.340557,,-0.645275,50.1347,-13.1504,78.4747,-0.645275,-4.8,-14.570683240890503,-2.8121988773345947,0.0653706,999,,,,,,,442.6,3.512698412,442.6,3.512698412,,,,,,,,,,,,,,,,,,,"Andrew Pinckney","sa3022670",687605
"Chris Brito","KCR",76,293,244,54,40,11,0,3,26,24,38,0,54,4,3,4,11,3,2,0.221311,0.129693,0.1843,0.703704,0.33218,0.303279,0.29164,0.635459,0.0819672,2.54635,0.268421,,-0.857191,29.9026,-4.372,84.4674,-0.857191,2.3,-6.064542651176453,-3.0828630924224854,0.0640222,999,,,,,,,244.6,3.218421052,244.6,3.218421052,,,,,,,,,,,,,,,,,,,"Chris Brito","sa3023486",701594
"Zach Humphreys","LAA",78,290,256,52,39,10,0,3,33,23,29,0,76,1,2,2,6,6,3,0.203125,0.1,0.262069,0.381579,0.284722,0.277344,0.256198,0.562066,0.0742188,4.08622,0.273743,,-0.559596,21.3239,-12.5997,62.2336,-0.559596,-1.3,-13.091285049915314,4.027748346328735,0.0623555,999,,,,,,,185.4,2.376923076,185.4,2.376923076,,,,,,,,,,,,,,,,,,,"Zach Humphreys","sa3016853",668876
"Joshua Kuroda-Grauer","ATH",29,132,119,27,24,3,0,0,14,11,8,0,12,5,0,0,0,3,2,0.226891,0.0606061,0.0909091,0.666667,0.30303,0.252101,0.257867,0.555131,0.0252101,4.0849,0.252336,,-0.502032,9.88336,-5.55775,69.1496,-0.502032,-0.1,-5.161547362804413,1.3550265058875084,0.0613231,999,,,,,,,80,2.758620689,80,2.758620689,,,,,,,,,,,,,,,,,,,"Joshua Kuroda-Grauer","sa3025386",811965
"Jacob Sharp","TOR",72,290,264,53,35,11,0,7,33,35,15,0,43,8,3,0,4,2,2,0.200758,0.0517241,0.148276,0.348837,0.262069,0.32197,0.258981,0.584039,0.121212,3.38543,0.211982,,-0.867773,21.9736,-11.9501,67.3114,-0.867773,-2.7,-11.714539766311646,2.6277482509613037,0.0599538,999,,,,,,,197.7,2.745833333,197.7,2.745833333,,,,,,,,,,,,,,,,,,,"Jacob Sharp","sa3022489",814435
"Rayne Doncon","MIN",103,449,413,84,51,21,2,10,47,45,30,1,124,4,2,0,15,3,2,0.20339,0.0668151,0.276169,0.241935,0.262806,0.336562,0.263063,0.599368,0.133172,4.04734,0.263345,,-0.872976,35.4961,-17.027,69.5103,-0.872976,-2.8,-16.537062644958496,2.14929461479187,0.059889,999,,,,,,,325.8,3.163106796,325.8,3.163106796,,,,,,,,,,,,,,,,,,,"Rayne Doncon","sa3016720",699061
"José Devers","ATL",81,317,294,67,48,12,4,3,38,35,16,0,62,4,1,2,3,3,1,0.227891,0.0504732,0.195584,0.258065,0.27619,0.326531,0.266003,0.602721,0.0986395,5.98015,0.278261,,-0.341691,25.8108,-11.2712,67.5116,-0.341691,1.5,-12.657107472419739,2.6647560596466064,0.0582554,999,,,,,,,229.9,2.838271604,229.9,2.838271604,,,,,,,,,,,,,,,,,,,"Jose Devers","20540",672701
"Tristin English","ARI",104,448,411,96,68,17,1,10,48,52,26,0,114,9,2,0,13,2,3,0.233577,0.0580357,0.254464,0.22807,0.292411,0.352798,0.285194,0.645209,0.119221,2.89224,0.297578,,-1.62794,43.3972,-9.00893,79.9872,-1.62794,6.2,-12.349257946014404,-2.0304527282714844,0.0556809,999,,,,,,,376,3.615384615,376,3.615384615,,,,,,,,,,,,,,,,,,,"Tristin English","sa876328",663536
"Dalton Shuffield","MIN",72,264,241,52,36,9,2,5,30,26,20,0,90,1,1,1,3,7,2,0.215768,0.0757576,0.340909,0.222222,0.277567,0.33195,0.269819,0.609517,0.116183,6.33255,0.319728,,0.140119,22.3063,-8.57593,74.2625,0.140119,-1.6,-7.634445607662201,-0.6299824118614197,0.0553724,999,,,,,,,205.4,2.852777777,205.4,2.852777777,,,,,,,,,,,,,,,,,,,"Dalton Shuffield","sa3020270",684922
"Mark Kolozsvary","BOS",40,137,121,21,13,5,0,3,15,16,10,0,50,6,0,0,2,1,0,0.173554,0.0729927,0.364964,0.2,0.270073,0.289256,0.256173,0.559329,0.115702,4.04073,0.264706,,-0.0288802,10.071,-5.95498,58.1928,-0.0288802,0,-6.582447178661823,2.516901731491089,0.0517857,999,,,,,,,89.2,2.23,89.2,2.23,,,,,,,,,,,,,,,,,,,"Mark Kolozsvary","21304",656627
"Jacob Buchberger","STL",107,426,392,85,64,12,3,6,46,38,30,1,114,3,1,0,10,7,4,0.216837,0.0704225,0.267606,0.263158,0.276995,0.308673,0.26046,0.585669,0.0918367,5.24879,0.289377,,-0.977698,32.7855,-17.0471,66.442,-0.977698,2.8,-18.072628796100616,4.36525571346283,0.0494548,999,,,,,,,293.4,2.742056074,293.4,2.742056074,,,,,,,,,,,,,,,,,,,"Jacob Buchberger","sa3014987",689750
"Jameson Hannah",,44,174,158,42,31,8,1,2,19,16,12,0,41,1,2,1,1,3,0,0.265823,0.0689655,0.235632,0.292683,0.317919,0.367089,0.300853,0.685008,0.101266,5.45853,0.34188,,0.252733,19.048,-1.30614,79.0559,0.252733,0.7,-4.105114281177521,-1.2179893851280212,0.0486717,999,,,,,,,169.6,3.854545454,169.6,3.854545454,,,,,,,,,,,,,,,,,,,"Jameson Hannah","sa3007046",680683
"Jared Sundstrom","SEA",111,487,433,88,58,21,1,8,53,48,44,0,147,8,2,0,3,12,4,0.203233,0.0903491,0.301848,0.29932,0.287474,0.311778,0.270129,0.599253,0.108545,4.88649,0.285714,,-0.0881921,41.2699,-15.6984,80.1842,-0.0881921,0.7,-11.130168035626411,-4.668165981769562,0.0450359,999,,,,,,,369.2,3.326126126,369.2,3.326126126,,,,,,,,,,,,,,,,,,,"Jared Sundstrom","sa3022442",814791
"Jeisson Rosario","ATH",95,386,340,71,52,12,2,5,35,29,40,0,116,2,2,2,7,6,5,0.208824,0.103627,0.300518,0.344828,0.294271,0.3,0.269104,0.594271,0.0911765,4.18632,0.298643,,-1.56692,32.3924,-12.7612,77.0539,-1.56692,3.5,-11.701416373252869,-0.754849910736084,0.0424726,999,,,,,,,274.2,2.886315789,274.2,2.886315789,,,,,,,,,,,,,,,,,,,"Jeisson Rosario","sa3004146",671271
"Dayan Frias","CLE",117,465,415,84,60,17,2,5,41,39,41,0,133,4,3,2,9,4,4,0.20241,0.088172,0.286022,0.308271,0.278618,0.289157,0.256569,0.567774,0.086747,3.61082,0.282143,,-1.64873,34.3305,-20.0643,65.5095,-1.64873,3.2,-19.99964201450348,4.908553838729858,0.0423368,999,,,,,,,294.5,2.517094017,294.5,2.517094017,,,,,,,,,,,,,,,,,,,"Dayan Frias","sa3008768",682679
"Caleb Knight","CHC",34,115,101,20,15,3,0,2,9,12,8,0,32,4,0,2,2,1,1,0.19802,0.0695652,0.278261,0.25,0.283186,0.287129,0.260903,0.570315,0.0891089,2.46746,0.268657,,-0.418102,8.89153,-4.56094,67.8177,-0.418102,-0.7,-4.8437433540821075,1.4127278923988342,0.0411665,999,,,,,,,73.6,2.164705882,73.6,2.164705882,,,,,,,,,,,,,,,,,,,"Caleb Knight","sa3008279",676332
"Adam Hackenberg","CHW",88,340,306,62,49,10,0,3,28,27,26,1,116,6,1,1,10,2,1,0.202614,0.0764706,0.341176,0.224138,0.277286,0.264706,0.246883,0.541992,0.0620915,2.58302,0.31383,,-0.6364,22.4515,-17.3211,56.9422,-0.6364,0.2,-17.387243270874023,6.446325495839119,0.0406049,999,,,,,,,195.4,2.220454545,195.4,2.220454545,,,,,,,,,,,,,,,,,,,"Adam Hackenberg","sa3017041",680753
"Zach Daniels",,80,341,312,65,44,12,0,9,37,36,24,0,140,4,1,0,6,10,3,0.208333,0.0703812,0.410557,0.171429,0.272727,0.333333,0.268959,0.606061,0.125,4.5711,0.341463,,0.216726,28.5764,-11.3131,74.5271,0.216726,2.5,-9.722165018320084,-1.2588183879852295,0.0399097,999,,,,,,,266,3.325,266,3.325,,,,,,,,,,,,,,,,,,,"Zach Daniels","sa3014935",671113
"Brett Squires","KCR",92,392,349,77,53,15,1,8,40,43,32,1,127,7,3,1,4,12,4,0.22063,0.0816327,0.32398,0.251969,0.296675,0.338109,0.281894,0.634784,0.117479,5.04744,0.317972,,0.061764,36.9312,-8.92417,77.6118,0.061764,4.5,-9.980008877813816,-2.701646327972412,0.0398519,999,,,,,,,335.2,3.64347826,335.2,3.64347826,,,,,,,,,,,,,,,,,,,"Brett Squires","sa3020714",689531
"Drew Cavanaugh","SFG",46,184,163,31,25,5,0,1,17,15,16,1,63,4,1,0,1,0,0,0.190184,0.0869565,0.342391,0.253968,0.277174,0.239264,0.238155,0.516438,0.0490798,1.69177,0.3,,-0.347267,10.8576,-10.6664,51.9281,-0.347267,1.8,-10.924454122781754,5.180364370346069,0.0395857,999,,,,,,,94.5,2.054347826,94.5,2.054347826,,,,,,,,,,,,,,,,,,,"Drew Cavanaugh","sa3022682",701852
"Donny Sands",,72,297,270,60,44,12,0,4,27,26,23,0,66,1,3,0,10,1,1,0.222222,0.0774411,0.222222,0.348485,0.282828,0.311111,0.264705,0.593939,0.0888889,2.08523,0.275862,,-0.741691,23.8721,-10.8704,69.7979,-0.741691,-3.5,-11.468104839324951,1.9563493728637695,0.0391052,999,,,,,,,209.5,2.909722222,209.5,2.909722222,,,,,,,,,,,,,,,,,,,"Donny Sands","18603",664848
"Darick Hall","PIT",113,470,427,96,61,20,0,15,42,50,36,2,115,4,3,0,9,1,1,0.224824,0.0765957,0.244681,0.313043,0.289362,0.377049,0.290446,0.666411,0.152225,1.56844,0.27,,-0.986356,47.5149,-7.46477,82.5698,-0.986356,4.1,-10.78266566991806,-4.534626483917236,0.0345131,745.1400146484375,,,,,,,428.7,3.793805309,428.7,3.793805309,,,,,,,,,,,,,,,,,,,"Darick Hall","19717",669742
"Jimmy Glowenke","SFG",102,397,356,71,47,18,0,6,39,42,24,0,103,12,2,3,7,2,1,0.199438,0.0604534,0.259446,0.23301,0.271574,0.300562,0.257613,0.572135,0.101124,3.03738,0.261044,,-0.660077,29.6439,-16.7964,65.0248,-0.660077,2.9,-17.264041304588318,4.35870087146759,0.0325487,999,,,,,,,259.2,2.54117647,259.2,2.54117647,,,,,,,,,,,,,,,,,,,"Jimmy Glowenke","sa3014548",694368
"Yolbert Sanchez",,104,418,393,102,85,13,2,2,40,39,17,0,75,3,3,2,12,3,4,0.259542,0.0406699,0.179426,0.226667,0.293269,0.318066,0.270212,0.611335,0.0585242,3.48337,0.31348,,-1.84873,35.4505,-13.4463,70.3446,-1.84873,1.5,-16.671899676322937,3.0358612537384033,0.0293081,999,,,,,,,300.6,2.890384615,300.6,2.890384615,,,,,,,,,,,,,,,,,,,"Yolbert Sanchez","sa3011471",691503
"Nick Clarno","ATL",34,132,118,19,15,2,0,2,12,11,12,0,44,2,0,0,3,2,0,0.161017,0.0909091,0.333333,0.272727,0.25,0.228814,0.223816,0.478814,0.0677966,4.25925,0.236111,,0.17112,6.26577,-9.17533,39.1172,0.17112,2.9,-9.439015328884125,5.32504415512085,0.0290996,999,,,,,,,58.8,1.729411764,58.8,1.729411764,,,,,,,,,,,,,,,,,,,"Nick Clarno","sa3019904",805339
"BJ Murray Jr.","CHC",110,455,404,81,56,16,1,8,45,42,45,0,126,4,2,0,11,8,2,0.200495,0.0989011,0.276923,0.357143,0.285714,0.304455,0.266649,0.59017,0.10396,4.31454,0.268382,,-0.0387171,37.2839,-15.9411,71.6853,-0.0387171,-1.1,-15.444527499377728,0.5718107223510742,0.0288391,999,,,,,,,333.5,3.031818181,333.5,3.031818181,,,,,,,,,,,,,,,,,,,"BJ Murray Jr.","sa3017287",681230
"Pablo Aliendo","CHC",80,319,287,58,37,12,1,8,33,38,21,0,114,8,1,2,6,2,0,0.202091,0.0658307,0.357367,0.184211,0.274448,0.334495,0.270968,0.608943,0.132404,4.38047,0.301205,,-0.1209,27.2484,-10.0676,74.5919,-0.1209,-6.4,-9.813145354390144,-0.5394768714904785,0.0279259,999,,,,,,,244.3,3.05375,244.3,3.05375,,,,,,,,,,,,,,,,,,,"Pablo Aliendo","sa3006220",680846
"Caleb Cali","SEA",118,509,454,90,58,19,2,11,54,50,47,0,179,5,3,0,7,4,2,0.198238,0.0923379,0.35167,0.26257,0.278978,0.321586,0.268545,0.600564,0.123348,4.10284,0.29588,,-0.878179,42.4854,-17.0564,79.0701,-0.878179,-5.5,-13.067823112010956,-3.6297765970230103,0.0279038,999,,,,,,,377.9,3.202542372,377.9,3.202542372,,,,,,,,,,,,,,,,,,,"Caleb Cali","sa3022651",687730
"Miguel Sanó",,75,287,254,51,29,10,0,12,32,34,29,1,106,3,1,0,5,1,0,0.200787,0.101045,0.369338,0.273585,0.289199,0.38189,0.294285,0.671088,0.181102,2.48211,0.284672,,-0.273545,29.9014,-3.67134,89.0251,-0.273545,-6.5,-3.8775628209114075,-5.4454731941223145,0.0252266,999,,,,,,,271.3,3.617333333,271.3,3.617333333,,,,,,,,,,,,,,,,,,,"Miguel Sano","12164",593934
"Ben Malgeri","DET",116,464,420,90,61,17,3,9,59,50,34,0,158,8,2,0,5,10,4,0.214286,0.0732759,0.340517,0.21519,0.284483,0.333333,0.274824,0.617816,0.119048,6.13649,0.317647,,-0.432945,41.0741,-13.2037,78.298,-0.432945,-5,-11.954847186803818,-3.2951204776763916,0.0224852,999,,,,,,,368.8,3.179310344,368.8,3.179310344,,,,,,,,,,,,,,,,,,,"Ben Malgeri","sa3016975",701162
"Ben Gobbel","LAA",94,382,356,79,56,13,1,9,40,44,17,0,100,7,1,1,8,7,3,0.22191,0.0445026,0.26178,0.17,0.270341,0.339888,0.268967,0.610229,0.117978,4.75548,0.282258,,-0.446413,32.0148,-12.6708,71.2159,-0.446413,-0.9,-13.027608811855316,0.5035861730575562,0.0217036,999,,,,,,,291.3,3.09893617,291.3,3.09893617,,,,,,,,,,,,,,,,,,,"Ben Gobbel","sa3019870",806534
"David Mershon","LAA",30,137,124,30,23,6,0,1,13,11,10,0,38,1,1,1,2,3,1,0.241935,0.0729927,0.277372,0.263158,0.301471,0.314516,0.275494,0.615987,0.0725806,3.83265,0.337209,,-0.0733488,12.2014,-3.82462,75.8066,-0.0733488,-1,-3.865831136703491,-0.49661964178085327,0.021122,999,,,,,,,106.7,3.556666666,106.7,3.556666666,,,,,,,,,,,,,,,,,,,"David Mershon","sa3025335",702574
"Tyler Payne",,68,257,243,58,43,12,0,3,23,25,10,0,62,2,1,1,9,1,0,0.238683,0.0389105,0.241245,0.16129,0.273438,0.325103,0.263467,0.59854,0.0864198,2.64609,0.307263,,-0.234083,20.4009,-9.66244,69.5432,-0.234083,-3.5,-9.594152510166168,1.2214875221252441,0.0191778,999,,,,,,,182.7,2.686764705,182.7,2.686764705,,,,,,,,,,,,,,,,,,,"Tyler Payne","21139",665066
"Robbie Grossman",,102,367,311,70,47,15,1,7,39,34,49,0,88,3,4,0,6,5,1,0.22508,0.133515,0.239782,0.556818,0.332425,0.347267,0.30551,0.679692,0.122186,4.12745,0.286364,,-0.186356,41.5519,-1.37909,94.2242,-0.186356,0,-2.6117705404758453,-9.439300537109375,0.0189067,999,,,,,,,358.7,3.516666666,358.7,3.516666666,,,,,,,,,,,,,,,,,,,"Robbie Grossman","5254",543257
"Max Ferguson","BOS",90,382,338,63,45,11,3,4,44,30,39,0,121,2,2,1,3,14,2,0.186391,0.102094,0.316754,0.322314,0.272966,0.272189,0.248715,0.545155,0.0857988,7.12343,0.274419,,1.31124,25.7882,-18.8974,52.9466,1.31124,5.3,-19.255260825157166,6.7035863399505615,0.0188478,999,,,,,,,245.4,2.726666666,245.4,2.726666666,,,,,,,,,,,,,,,,,,,"Max Ferguson","sa3016819",681132
"Bryce Eldridge","SFG",122,545,494,120,76,26,2,16,60,67,41,2,166,4,6,0,3,3,0,0.242915,0.0752294,0.304587,0.246988,0.302752,0.40081,0.304523,0.703562,0.157895,3.90221,0.327044,,-0.339198,61.2721,-2.48095,96.5985,-0.339198,-5.4,-2.5559841692447662,-15.412492275238037,0.0186486,999,,,,,,,555.9,4.556557377,555.9,4.556557377,,,,,,,,,,,,,,,,,,,"Bryce Eldridge","sa3022757",805811
"Tyler Neslony",,83,323,297,67,44,17,1,5,31,31,23,1,83,2,1,0,6,7,4,0.225589,0.0712074,0.256966,0.277108,0.28483,0.340067,0.275031,0.624897,0.114478,4.40059,0.295238,,-0.75671,28.6466,-9.13736,76.7421,-0.75671,2.3,-9.352364838123322,-1.2604057788848877,0.0159672,999,,,,,,,257.3,3.1,257.3,3.1,,,,,,,,,,,,,,,,,,,"Tyler Neslony","sa918131",664104
"Alex De Jesus","TOR",104,449,412,92,63,18,3,8,49,43,32,0,149,3,2,0,8,3,3,0.223301,0.0712695,0.331849,0.214765,0.282851,0.339806,0.275072,0.622657,0.116505,4.31513,0.326848,,-1.38848,39.836,-12.6872,78.6297,-1.38848,-4.1,-12.367465257644653,-2.4502350091934204,0.0154866,999,,,,,,,350,3.365384615,350,3.365384615,,,,,,,,,,,,,,,,,,,"Alex De Jesus","sa3008842",682942
"Justice Bigbie","DET",123,509,462,114,85,21,2,6,55,50,38,0,104,6,3,0,16,4,3,0.246753,0.0746562,0.204322,0.365385,0.310413,0.339827,0.289341,0.650239,0.0930736,3.60391,0.304225,,-1.43314,51.0049,-8.53696,88.5095,-1.43314,-3.1,-8.1252121925354,-8.710669994354248,0.0136223,999,,,,,,,436.3,3.547154471,436.3,3.547154471,,,,,,,,,,,,,,,,,,,"Justice Bigbie","sa3016971",694425
"Nathan Church","STL",122,522,478,112,89,18,1,4,60,47,29,2,70,9,3,3,8,13,4,0.23431,0.0555556,0.1341,0.414286,0.289017,0.301255,0.262919,0.590273,0.0669456,5.16558,0.265356,,-0.00657839,41.2067,-19.8559,68.0966,-0.00657839,8.4,-19.921052880585194,2.646031379699707,0.0111644,999,,,,,,,372.2,3.050819672,372.2,3.050819672,,,,,,,,,,,,,,,,,,,"Nathan Church","sa3019842",701675
"Joey Wendle",,102,334,313,77,52,18,3,4,36,33,14,1,71,4,2,1,7,7,2,0.246006,0.0419162,0.212575,0.197183,0.285285,0.361022,0.280833,0.646308,0.115016,5.85402,0.304167,,0.0454101,31.1818,-7.88885,77.4937,0.0454101,-3.3,-8.94361887127161,-2.072780728340149,0.0109613,999,,,,,,,286.8,2.811764705,286.8,2.811764705,,,,,,,,,,,,,,,,,,,"Joey Wendle","13853",621563
"Mason Auer","TBR",109,446,408,83,55,16,5,7,45,44,28,0,143,6,2,2,6,21,7,0.203431,0.0627803,0.320628,0.195804,0.263514,0.318627,0.257835,0.582141,0.115196,7.48115,0.292308,,0.66253,33.3825,-18.7897,69.2074,0.66253,5.2,-15.051462531089783,0.28377389907836914,0.0103232,999,,,,,,,319.8,2.933944954,319.8,2.933944954,,,,,,,,,,,,,,,,,,,"Mason Auer","sa3017791",687020
"Paul McIntosh","PHI",100,417,372,80,53,15,1,11,44,54,36,1,101,7,2,0,12,4,2,0.215054,0.0863309,0.242206,0.356436,0.294964,0.349462,0.285682,0.644426,0.134409,3.56687,0.263359,,-0.759793,40.5581,-8.22171,81.3609,-0.759793,-11.4,-10.054202675819397,-3.7390646934509277,0.00963054,999,,,,,,,359.6,3.596,359.6,3.596,,,,,,,,,,,,,,,,,,,"Paul McIntosh","sa3017372",682192
"Will Wilson","CLE",109,451,408,84,60,16,0,8,44,43,32,1,121,4,2,5,10,3,2,0.205882,0.0709534,0.268293,0.264463,0.269058,0.303922,0.255313,0.57298,0.0980392,2.85143,0.270463,,-0.959793,32.8413,-19.9158,64.6267,-0.959793,-0.7,-19.21378117799759,4.271340191364288,0.0094892,999,,,,,,,292.1,2.679816513,292.1,2.679816513,,,,,,,,,,,,,,,,,,,"Will Wilson","sa3009871",669717
"Carter Bins",,77,298,266,50,29,13,1,7,31,32,24,0,117,6,1,1,5,2,1,0.18797,0.0805369,0.392617,0.205128,0.26936,0.323308,0.264899,0.592669,0.135338,4.15779,0.300699,,-0.470659,23.999,-10.8604,65.3747,-0.470659,-2.5,-12.809400618076324,2.9747209548950195,0.00919354,999,,,,,,,214.2,2.781818181,214.2,2.781818181,,,,,,,,,,,,,,,,,,,"Carter Bins","sa1115884",670190
"Jim Jarvis","DET",119,494,448,93,72,15,2,4,56,38,37,0,82,5,4,0,6,12,5,0.207589,0.0748988,0.165992,0.451219,0.273279,0.276786,0.248536,0.550065,0.0691964,5.29316,0.243169,,-0.524768,33.2779,-24.5092,59.8069,-0.524768,1.4,-23.243481934070587,6.84532630443573,0.00718755,999,,,,,,,300.1,2.521848739,300.1,2.521848739,,,,,,,,,,,,,,,,,,,"Jim Jarvis","sa3022891",805347
"Drake Osborn","ARI",75,269,246,51,36,11,0,4,26,26,15,0,75,4,3,1,4,1,1,0.207317,0.0557621,0.27881,0.2,0.261194,0.300813,0.249838,0.562007,0.0934959,2.58186,0.276471,,-0.63909,18.4029,-13.0642,56.1901,-0.63909,0.9,-14.731509268283844,5.841946005821228,0.00706477,999,,,,,,,165.2,2.202666666,165.2,2.202666666,,,,,,,,,,,,,,,,,,,"Drake Osborn","sa3017077",688311
"Avisaíl García",,86,316,290,67,46,10,1,10,30,35,19,1,91,5,2,0,10,3,1,0.231034,0.0601266,0.287975,0.208791,0.287975,0.375862,0.289506,0.663837,0.144828,3.63488,0.298429,,-0.349584,31.7072,-5.25782,81.9021,-0.349584,0.2,-7.188317686319351,-3.2832451313734055,0.00532426,999,,,,,,,288.8,3.358139534,288.8,3.358139534,,,,,,,,,,,,,,,,,,,"Avisail Garcia","5760",541645
"Chavez Young",,74,280,247,49,34,9,2,4,30,26,23,0,84,5,2,3,8,11,4,0.198381,0.0821429,0.3,0.27381,0.277978,0.299595,0.260279,0.577573,0.101215,6.49097,0.279503,,0.0906442,21.5084,-11.2454,64.4804,0.0906442,1.5,-11.802258163690567,2.5288065671920776,0.00524947,999,,,,,,,196.2,2.651351351,196.2,2.651351351,,,,,,,,,,,,,,,,,,,"Chavez Young","sa918963",669945
"Abimelec Ortiz","TEX",117,473,431,94,57,17,3,17,54,62,34,0,138,3,4,1,5,1,3,0.218097,0.0718816,0.291755,0.246377,0.277542,0.389791,0.289803,0.667334,0.171694,3.70711,0.275,,-1.75691,47.5737,-7.75697,87.6617,-1.75691,1.4,-8.434514045715332,-7.289741158485413,0.00448721,999,,,,,,,426.1,3.641880341,426.1,3.641880341,,,,,,,,,,,,,,,,,,,"Abimelec Ortiz","sa3016926",694673
"Joe Lampe","CLE",111,439,398,87,63,17,4,3,40,38,32,0,104,5,2,2,4,12,2,0.218593,0.0728929,0.236902,0.307692,0.283753,0.30402,0.263238,0.587773,0.0854271,6.20131,0.286689,,0.800745,34.7675,-16.5859,70.2009,0.800745,4.4,-14.167573928833008,-0.43906497955322266,0.00285627,999,,,,,,,317.7,2.862162162,317.7,2.862162162,,,,,,,,,,,,,,,,,,,"Joe Lampe","sa3020642",802407
"Ian Moller","TEX",91,362,321,55,39,12,1,3,28,25,38,0,115,2,1,0,5,7,0,0.17134,0.104972,0.31768,0.330435,0.262431,0.242991,0.234271,0.505422,0.0716511,4.8628,0.254902,,0.776499,20.2296,-22.1165,48.5992,0.776499,1.8,-20.513914227485657,8.450499773025513,0.000417796,999,,,,,,,189,2.076923076,189,2.076923076,,,,,,,,,,,,,,,,,,,"Ian Moller","sa3017171",695744
"Dylan Shockley","ATL",36,109,96,17,13,3,0,1,10,11,6,0,39,4,1,2,4,0,0,0.177083,0.0550459,0.357798,0.153846,0.252336,0.239583,0.227016,0.49192,0.0625,2.07468,0.280702,,-0.181526,5.45476,-7.29585,41.2712,-0.181526,2.2,-7.836419105529785,4.2024986743927,-0.000424631,999,,,,,,,47.3,1.313888888,47.3,1.313888888,,,,,,,,,,,,,,,,,,,"Dylan Shockley","sa1170874",686758
"Caden Rose","BOS",37,150,137,28,17,6,2,3,21,18,8,0,53,5,0,0,2,1,1,0.20438,0.0533333,0.353333,0.150943,0.273333,0.343066,0.273056,0.616399,0.138686,6.34349,0.308642,,-0.441779,13.0649,-4.48182,70.0684,-0.441779,2.2,-5.5789918303489685,0.5465608835220337,-0.00331542,999,,,,,,,114.9,3.105405405,114.9,3.105405405,,,,,,,,,,,,,,,,,,,"Caden Rose","sa3023458",694896
"Peyton Williams","TOR",84,357,324,71,45,16,1,9,36,40,27,1,99,4,2,0,6,0,0,0.219136,0.0756303,0.277311,0.272727,0.285714,0.358025,0.282536,0.643739,0.138889,2.16392,0.284404,,-0.591932,33.8183,-7.94292,83.88,-0.591932,1.8,-7.176658987998962,-4.758641958236694,-0.00356502,999,,,,,,,303.3,3.610714285,303.3,3.610714285,,,,,,,,,,,,,,,,,,,"Peyton Williams","sa3020099",805268
"Aaron Palensky",,81,298,260,51,29,13,2,7,34,35,28,0,88,7,1,2,2,8,3,0.196154,0.0939597,0.295302,0.318182,0.290541,0.342308,0.28291,0.632848,0.146154,6.06536,0.26506,,-0.120134,28.3191,-6.54032,82.7894,-0.120134,-0.7,-5.988511919975281,-3.984832465648651,-0.00406482,999,,,,,,,252.3,3.114814814,252.3,3.114814814,,,,,,,,,,,,,,,,,,,"Aaron Palensky","sa3015077",695312
"Alfonso Rivas III",,105,383,332,76,53,17,2,4,41,39,39,0,103,8,2,2,6,3,0,0.228916,0.101828,0.26893,0.378641,0.322835,0.328313,0.294153,0.651148,0.0993976,4.64382,0.317181,,-0.189242,39.8623,-4.94033,89.1193,-0.189242,-0.6,-5.172560557723045,-7.63630211353302,-0.00563686,999,,,,,,,338.6,3.224761904,338.6,3.224761904,,,,,,,,,,,,,,,,,,,"Alfonso Rivas III","21560",663845
"C.J. Stubbs","WSN",83,321,286,51,31,11,1,8,35,33,25,0,137,9,1,0,4,4,2,0.178322,0.0778816,0.426791,0.182482,0.264798,0.307692,0.258033,0.57249,0.129371,4.90148,0.302817,,-0.52302,24.0776,-13.4724,63.7045,-0.52302,-2.2,-14.455191135406494,3.6972663402557373,-0.00705431,999,,,,,,,216.4,2.607228915,216.4,2.607228915,,,,,,,,,,,,,,,,,,,"C.J. Stubbs","sa3010328",667690
"Michael De La Cruz",,74,284,256,53,40,9,1,3,27,23,23,0,56,1,2,2,5,3,1,0.207031,0.0809859,0.197183,0.410714,0.27305,0.285156,0.251303,0.558206,0.078125,4.10159,0.251256,,-0.310121,19.7638,-13.458,62.4874,-0.310121,-1.7,-13.049760699272156,3.517519235610962,-0.0077208,999,,,,,,,175.7,2.374324324,175.7,2.374324324,,,,,,,,,,,,,,,,,,,"Michael De La Cruz","sa736830",631222
"Nate Mondou","SDP",101,425,375,83,57,18,3,5,39,43,39,1,101,6,4,1,5,5,3,0.221333,0.0917647,0.237647,0.386139,0.301887,0.325333,0.279819,0.62722,0.104,4.47142,0.285714,,-1.01215,39.3306,-10.3851,81.6807,-1.01215,3.9,-10.322331666946411,-3.907907009124756,-0.00798477,999,,,,,,,342.2,3.388118811,342.2,3.388118811,,,,,,,,,,,,,,,,,,,"Nate Mondou","19563",670148
"Duce Gourson","PIT",23,100,85,15,11,4,0,0,10,9,10,0,25,5,0,0,0,2,1,0.176471,0.1,0.25,0.4,0.3,0.223529,0.252089,0.523529,0.0470588,4.22487,0.25,,-0.210209,7.02234,-4.67546,56.7528,-0.210209,1.6,-5.381745353341103,1.9674309492111206,-0.00869749,999,,,,,,,56.6,2.460869565,56.6,2.460869565,,,,,,,,,,,,,,,,,,,"Duce Gourson","sa3025248",701546
"Leury García",,81,301,274,68,51,12,2,3,39,29,18,0,67,3,3,3,6,4,1,0.248175,0.0598007,0.222591,0.268657,0.298658,0.339416,0.281591,0.638074,0.0912409,5.53104,0.31401,,-0.173261,28.2846,-6.92578,78.0038,-0.173261,1.3,-8.090517163276672,-2.0179011821746826,-0.00875978,999,,,,,,,249,3.074074074,249,3.074074074,,,,,,,,,,,,,,,,,,,"Leury Garcia","5913",544725
"Randal Grichuk","ARI",117,403,372,92,58,20,2,12,48,49,25,0,83,4,2,0,10,1,1,0.247312,0.0620347,0.205955,0.301205,0.300248,0.408602,0.307971,0.70885,0.16129,3.32169,0.286738,,-0.891647,46.426,-0.716189,95.3174,-0.891647,0,-3.1482215523719788,-10.365226745605469,-0.0096198,564.280029296875,,,,,,,411.5,3.517094017,411.5,3.517094017,,,,,,,,,,,,,,,,,,,"Randal Grichuk","10243",545341
"Micael Ramirez",,62,231,210,44,36,6,0,2,20,17,17,0,46,1,1,2,10,0,1,0.209524,0.0735931,0.199134,0.369565,0.270742,0.266667,0.243681,0.537409,0.0571429,1.77235,0.257669,,-0.831197,14.6584,-12.3635,56.444,-0.831197,0.3,-12.343580663204193,4.5438273549079895,-0.0102501,999,,,,,,,123.8,1.996774193,123.8,1.996774193,,,,,,,,,,,,,,,,,,,"Micael Ramirez","sa3004883",676017
"Malcolm Moore","TEX",26,109,99,20,12,5,0,3,12,14,6,0,35,3,1,0,5,1,1,0.20202,0.0550459,0.321101,0.171429,0.266055,0.343434,0.268779,0.609489,0.141414,3.37231,0.274194,,-0.370747,9.11863,-3.63198,72.873,-0.370747,-2,-3.7539982199668884,0.002498626708984375,-0.0121793,999,,,,,,,81.8,3.146153846,81.8,3.146153846,,,,,,,,,,,,,,,,,,,"Malcolm Moore","sa3025250",702270
"Moisés Gómez","SDP",103,426,391,78,47,14,1,16,47,53,28,1,173,4,3,0,5,3,1,0.199488,0.0657277,0.406103,0.16185,0.258216,0.363171,0.270291,0.621387,0.163683,3.9621,0.302439,,-0.420615,36.1562,-13.6765,75.2677,-0.420615,3.4,-13.019606739282608,-1.2957673072814941,-0.0133381,999,,,,,,,341.4,3.314563106,341.4,3.314563106,,,,,,,,,,,,,,,,,,,"Moises Gomez","sa875163",664332
"Michael Turconi","TOR",102,404,357,74,55,15,1,3,44,32,40,0,125,4,2,1,4,5,1,0.207283,0.0990099,0.309406,0.32,0.292804,0.280112,0.261775,0.572916,0.0728291,4.60739,0.307359,,-0.186356,31.5201,-15.7391,69.2769,-0.186356,-0.7,-14.388435035943985,0.784420907497406,-0.0140935,999,,,,,,,273.5,2.681372549,273.5,2.681372549,,,,,,,,,,,,,,,,,,,"Michael Turconi","sa3020195",681580
"Ryan Galanie","CHW",102,437,391,84,56,12,3,13,45,54,32,0,114,11,3,0,13,2,1,0.214834,0.0732265,0.26087,0.280702,0.290618,0.360614,0.287913,0.651232,0.14578,4.06003,0.265918,,-0.786356,43.288,-7.8314,85.8036,-0.786356,1.2,-7.884858846664429,-6.828366041183472,-0.0150372,999,,,,,,,383.5,3.759803921,383.5,3.759803921,,,,,,,,,,,,,,,,,,,"Ryan Galanie","sa3022759",814436
"Trevor Werner","KCR",113,477,431,85,49,21,5,10,51,46,38,0,188,4,4,0,3,10,3,0.197216,0.0796646,0.39413,0.202128,0.266247,0.338747,0.266374,0.604994,0.141531,6.60883,0.316456,,0.0667704,38.9811,-16.8174,66.6952,0.0667704,0.3,-18.110590167343616,2.05264550447464,-0.0162041,999,,,,,,,365,3.230088495,365,3.230088495,,,,,,,,,,,,,,,,,,,"Trevor Werner","sa3022592",687731
"Antonio Gomez","NYY",77,310,287,59,41,13,1,4,30,29,18,1,105,3,2,0,12,1,1,0.205575,0.0580645,0.33871,0.171429,0.258065,0.299652,0.24635,0.557716,0.0940767,3.27861,0.305556,,-0.686444,20.3374,-15.9258,57.0718,-0.686444,-0.3,-15.913272738456726,5.395179450511932,-0.0190114,999,,,,,,,186.5,2.422077922,186.5,2.422077922,,,,,,,,,,,,,,,,,,,"Antonio Gomez","sa3008746",682625
"Mario Camilletti","CHW",97,426,365,78,58,15,1,4,42,34,52,0,97,4,3,2,6,2,2,0.213699,0.122066,0.2277,0.536082,0.316038,0.293151,0.279386,0.609188,0.0794521,2.74308,0.277154,,-1.30975,39.2748,-10.5579,79.8055,-1.30975,-4.8,-11.153199553489685,-3.234744429588318,-0.019314,999,,,,,,,324.8,3.348453608,324.8,3.348453608,,,,,,,,,,,,,,,,,,,"Mario Camilletti","sa3020192",680519
"Jancarlos Cintron",,105,426,396,92,72,16,2,2,45,36,19,0,71,5,2,4,11,6,3,0.232323,0.0446009,0.166667,0.267606,0.274882,0.29798,0.254805,0.572861,0.0656566,4.87357,0.276923,,-0.772692,30.8466,-18.9861,59.5332,-0.772692,2.3,-21.387056350708008,6.99576735496521,-0.0211785,999,,,,,,,270.8,2.579047619,270.8,2.579047619,,,,,,,,,,,,,,,,,,,"Jancarlos Cintron","sa3004065",676857
"Jesus Ordonez","COL",49,173,156,34,24,8,0,2,16,17,9,0,34,4,1,3,7,1,1,0.217949,0.0520231,0.196532,0.264706,0.276471,0.307692,0.261052,0.584163,0.0897436,2.70899,0.264463,,-0.497026,13.3967,-6.84053,52.2672,-0.497026,1.2,-10.371730387210846,4.378277540206909,-0.0239997,999,,,,,,,114.5,2.336734693,114.5,2.336734693,,,,,,,,,,,,,,,,,,,"Jesus Ordonez","sa3010603",691116
"Hunter Bishop","SFG",108,449,410,90,64,17,2,7,51,46,28,0,144,7,3,1,5,9,3,0.219512,0.0623608,0.320713,0.194444,0.279018,0.321951,0.267007,0.600969,0.102439,5.40395,0.316794,,-0.196369,36.9216,-15.6016,71.3476,-0.196369,-1.3,-15.580324977636337,0.34976494312286377,-0.0287537,999,,,,,,,334.2,3.094444444,334.2,3.094444444,,,,,,,,,,,,,,,,,,,"Hunter Bishop","sa3011413",666183
"Tyler Tolve","ATL",78,317,296,64,38,14,1,11,36,41,15,0,118,4,2,0,4,1,0,0.216216,0.0473186,0.37224,0.127119,0.26183,0.381757,0.278929,0.643586,0.165541,3.91434,0.313609,,-0.249868,29.109,-7.97307,76.2122,-0.249868,-7.4,-9.267116218805313,-1.5762200355529785,-0.0296324,999,,,,,,,271,3.474358974,271,3.474358974,,,,,,,,,,,,,,,,,,,"Tyler Tolve","sa3016960",681172
"Onil Perez","SFG",82,362,330,70,54,13,2,1,32,28,24,0,65,5,3,0,11,11,3,0.212121,0.0662983,0.179558,0.369231,0.273481,0.272727,0.246657,0.546208,0.0606061,5.48613,0.258427,,0.32991,23.8382,-18.5079,57.6504,0.32991,-1,-18.002481997013092,5.6504998207092285,-0.0306757,999,,,,,,,220,2.682926829,220,2.682926829,,,,,,,,,,,,,,,,,,,"Onil Perez","sa3015610",692366
"Francisco Acuna","SDP",56,194,171,34,22,11,0,1,17,19,13,0,47,6,0,4,3,3,1,0.19883,0.0670103,0.242268,0.276596,0.278947,0.280702,0.2554,0.559649,0.0818713,3.92552,0.268293,,-0.128596,14.1404,-8.55336,65.2451,-0.128596,0.7,-8.19126832485199,1.4128159880638123,-0.0328484,999,,,,,,,120.6,2.153571428,120.6,2.153571428,,,,,,,,,,,,,,,,,,,"Francisco Acuna","sa3003291",672696
"Andrew McCutchen","PIT",105,442,382,86,56,17,0,13,51,44,53,1,109,4,3,0,8,4,2,0.225131,0.11991,0.246606,0.486239,0.323529,0.371728,0.30853,0.695257,0.146597,2.88093,0.277567,,-0.893964,51.1178,-0.586516,94.7419,-0.893964,0,-3.6731231808662415,-11.36831283569336,-0.0332961,604.3400268554688,,,,,,,444.1,4.229523809,444.1,4.229523809,,,,,,,,,,,,,,,,,,,"Andrew McCutchen","9847",457705
"Joshua Mears","SDP",80,312,287,52,26,10,1,15,33,44,18,0,151,6,1,0,4,5,3,0.181185,0.0576923,0.483974,0.119205,0.24359,0.379791,0.270925,0.623381,0.198606,5.01119,0.303279,,-0.60964,26.6398,-9.8574,75.6943,-0.60964,-2.2,-9.677902460098267,-1.0536155700683594,-0.0352803,999,,,,,,,253,3.1625,253,3.1625,,,,,,,,,,,,,,,,,,,"Joshua Mears","sa3010162",687084
"Austin Deming","HOU",110,442,403,82,53,17,0,12,38,52,29,0,154,9,1,0,9,6,2,0.203474,0.0656109,0.348416,0.188312,0.271493,0.334988,0.269498,0.606481,0.131514,3.25203,0.294118,,-0.328223,37.2321,-14.4722,74.9062,-0.328223,-3.7,-13.019164085388184,-2.075955390930176,-0.0372644,999,,,,,,,338.1,3.073636363,338.1,3.073636363,,,,,,,,,,,,,,,,,,,"Austin Deming","sa3022813",801471
"Ramon Mendoza","STL",77,278,245,50,36,10,1,3,25,23,21,0,72,4,2,6,7,1,1,0.204082,0.0755396,0.258993,0.291667,0.275735,0.289796,0.255064,0.565531,0.0857143,3.34513,0.273256,,-0.686444,20.1878,-12.3321,62.8097,-0.686444,2.4,-13.04979121685028,3.4214580059051514,-0.0382804,999,,,,,,,172,2.233766233,172,2.233766233,,,,,,,,,,,,,,,,,,,"Ramon Mendoza","sa3007513",680636
"Brett Auerbach","SFG",93,363,334,73,50,15,2,6,36,36,23,0,108,4,1,1,9,9,4,0.218563,0.0633609,0.297521,0.212963,0.276243,0.329341,0.268261,0.605584,0.110778,5.35298,0.303167,,-0.427742,30.2161,-12.247,72.1916,-0.427742,-1.3,-12.498749852180481,0.03377425670623779,-0.038906,999,,,,,,,273,2.93548387,273,2.93548387,,,,,,,,,,,,,,,,,,,"Brett Auerbach","sa3014941",682266
"Albert Almora Jr.","MIA",122,460,426,104,73,25,1,5,48,40,25,0,80,3,2,4,11,9,5,0.244131,0.0543478,0.173913,0.3125,0.289474,0.342723,0.278405,0.632197,0.0985916,4.3096,0.28863,,-1.02217,42.0462,-11.7638,74.4304,-1.02217,-2.3,-15.087255001068115,-0.6098177433013916,-0.0391022,999,,,,,,,368.7,3.022131147,368.7,3.022131147,,,,,,,,,,,,,,,,,,,"Albert Almora Jr.","14109",546991
"John Michael Faile","CIN",43,156,144,33,19,6,1,7,15,23,9,0,68,3,0,0,2,0,0,0.229167,0.0576923,0.435897,0.132353,0.288462,0.430556,0.311405,0.719017,0.201389,2.69643,0.376812,,-0.244665,18.4025,0.153878,92.7887,-0.244665,0,-1.5899047255516052,-4.012345790863037,-0.0420645,999,,,,,,,165.7,3.853488372,165.7,3.853488372,,,,,,,,,,,,,,,,,,,"John Michael Faile","sa3023579",702114
"Danny Serretti","DET",98,381,339,65,47,14,0,4,35,32,32,1,116,5,3,2,7,3,3,0.19174,0.0839895,0.304462,0.275862,0.269129,0.268437,0.243823,0.537566,0.0766962,2.79059,0.274775,,-1.27009,24.2204,-20.3482,56.4915,-1.27009,5.7,-20.237337231636047,7.099911570549011,-0.0450901,999,,,,,,,211.5,2.158163265,211.5,2.158163265,,,,,,,,,,,,,,,,,,,"Danny Serretti","sa3019967",681400
"Kendall Simmons","LAD",74,288,261,51,32,11,1,7,29,35,17,0,94,8,1,1,5,4,1,0.195402,0.0590278,0.326389,0.180851,0.264808,0.325671,0.262814,0.590479,0.130268,5.02354,0.273292,,-0.0548745,22.7105,-10.9792,68.2567,-0.0548745,-0.1,-10.987017683684826,0.9582010731101036,-0.0452489,999,,,,,,,207.8,2.808108108,207.8,2.808108108,,,,,,,,,,,,,,,,,,,"Kendall Simmons","sa3006867",669227
"Bill Knight","SEA",105,448,398,74,52,14,2,6,50,48,28,0,140,19,2,1,9,16,4,0.18593,0.0625,0.3125,0.2,0.270694,0.276382,0.250264,0.547075,0.0904523,6.64052,0.267717,,0.798625,30.8021,-21.604,66.2109,0.798625,-0.5,-16.52185958623886,1.1460905075073242,-0.0455924,999,,,,,,,285,2.714285714,285,2.714285714,,,,,,,,,,,,,,,,,,,"Bill Knight","sa3019965",681098
"Will Robertson","TOR",110,426,385,81,50,18,1,12,49,51,33,1,148,6,2,0,10,2,2,0.21039,0.0774648,0.347418,0.222973,0.28169,0.355844,0.280527,0.637534,0.145455,3.47831,0.303965,,-1.10455,39.666,-10.1667,82.4674,-1.10455,-0.3,-9.650527358055115,-4.995767414569855,-0.0459958,999,,,,,,,354.5,3.222727272,354.5,3.222727272,,,,,,,,,,,,,,,,,,,"Will Robertson","sa3009879",683770
"Andy Thomas","SDP",102,402,360,69,52,12,0,5,35,36,32,0,106,4,2,4,6,2,1,0.191667,0.079602,0.263682,0.301887,0.263819,0.266667,0.241415,0.530486,0.075,2.61034,0.25498,,-0.69954,24.7764,-22.2488,55.8325,-0.69954,0.7,-21.93151891231537,8.085361659526825,-0.0474205,999,,,,,,,217.2,2.129411764,217.2,2.129411764,,,,,,,,,,,,,,,,,,,"Andy Thomas","sa3016953",673990
"Christian Arroyo","PHI",70,246,227,49,33,12,0,4,26,24,12,0,65,4,2,1,6,2,2,0.215859,0.0487805,0.264228,0.184615,0.265306,0.321586,0.259178,0.586892,0.105727,3.20288,0.28125,,-0.796741,18.6786,-10.098,63.739,-0.796741,1.9,-11.463604927062988,2.803880035877228,-0.0483008,999,,,,,,,166,2.371428571,166,2.371428571,,,,,,,,,,,,,,,,,,,"Christian Arroyo","16434",624414
"Kevin Made","WSN",97,403,362,70,50,17,1,2,35,30,30,0,109,6,2,3,8,5,2,0.19337,0.0744417,0.270471,0.275229,0.265,0.262431,0.240238,0.527431,0.0690608,4.28347,0.268775,,-0.488761,24.4563,-22.6859,51.7272,-0.488761,5.4,-23.75193327665329,9.84223985671997,-0.0505432,999,,,,,,,215.7,2.22371134,215.7,2.22371134,,,,,,,,,,,,,,,,,,,"Kevin Made","sa3014679",691183
"Bryan Rincon","PHI",72,309,270,49,32,12,0,5,37,27,31,0,86,4,3,1,2,9,4,0.181481,0.100324,0.278317,0.360465,0.272727,0.281481,0.252467,0.554209,0.1,4.83926,0.241758,,-0.348818,21.7932,-14.353,59.0049,-0.348818,1.3,-15.496683210134506,4.706084489822388,-0.0516998,999,,,,,,,197.1,2.7375,197.1,2.7375,,,,,,,,,,,,,,,,,,,"Bryan Rincon","sa3020221",804858
"Geovanny Planchart","PIT",68,250,222,43,32,8,1,2,21,18,25,0,68,2,1,0,6,0,1,0.193694,0.1,0.272,0.367647,0.28,0.265766,0.250432,0.545766,0.0720721,2.64729,0.267974,,-0.870659,17.2226,-12.0219,55.638,-0.870659,0.7,-14.132776737213135,5.292886435985565,-0.0531508,999,,,,,,,144.7,2.127941176,144.7,2.127941176,,,,,,,,,,,,,,,,,,,"Geovanny Planchart","sa3009334",685712
"Denzer Guzman","LAA",110,462,422,88,63,15,3,7,44,39,31,0,153,3,1,5,8,5,4,0.208531,0.0670996,0.331169,0.202614,0.266958,0.308057,0.256029,0.575015,0.0995261,4.58478,0.307985,,-1.38559,33.9083,-20.1356,62.1145,-1.38559,0.4,-21.41279888153076,5.4925927221775055,-0.0536212,999,,,,,,,297.5,2.704545454,297.5,2.704545454,,,,,,,,,,,,,,,,,,,"Denzer Guzman","sa3015711",694203
"Kamren James","TBR",75,297,272,55,39,9,1,6,29,35,13,0,99,9,1,2,5,3,3,0.202206,0.043771,0.333333,0.131313,0.261017,0.308824,0.254253,0.56984,0.106618,4.27596,0.291667,,-1.09646,21.3738,-13.3687,66.6878,-1.09646,-3.5,-12.416943073272705,1.9563493728637695,-0.0578297,999,,,,,,,187.5,2.5,187.5,2.5,,,,,,,,,,,,,,,,,,,"Kamren James","sa3020201",687553
"Tucker Mitchell","TEX",65,264,239,47,33,7,1,6,28,29,18,0,75,6,1,0,8,2,0,0.196653,0.0681818,0.284091,0.24,0.268939,0.309623,0.259434,0.578563,0.112971,4.68047,0.257862,,-0.0498681,20.0998,-10.7824,66.2995,-0.0498681,-4,-10.229836903512478,0.8500881195068359,-0.0598153,999,,,,,,,182.4,2.806153846,182.4,2.806153846,,,,,,,,,,,,,,,,,,,"Tucker Mitchell","sa3017511",688367
"Wuilfredo Antunez","CLE",94,392,363,80,51,16,6,7,40,41,24,0,103,3,2,0,5,9,6,0.220386,0.0612245,0.262755,0.23301,0.272959,0.355372,0.274553,0.628331,0.134986,6.39821,0.286275,,-1.24565,34.6152,-11.2402,78.1603,-1.24565,1.7,-11.041427612304688,-2.6209876537323,-0.0614388,999,,,,,,,312.7,3.326595744,312.7,3.326595744,,,,,,,,,,,,,,,,,,,"Wuilfredo Antunez","sa3011578",686404
"Tommy Troy","ARI",70,304,276,58,39,13,1,5,33,29,21,0,88,4,3,0,6,8,2,0.210145,0.0690789,0.289474,0.238636,0.273026,0.318841,0.26278,0.591867,0.108696,5.46167,0.284946,,0.284872,23.9637,-11.5976,64.9005,0.284872,-1.6,-12.474693179130554,1.7509700059890747,-0.0619893,999,,,,,,,223.8,3.197142857,223.8,3.197142857,,,,,,,,,,,,,,,,,,,"Tommy Troy","sa3022561",694371
"Errol Robinson","BAL",61,224,202,41,34,6,0,1,21,15,19,0,71,1,1,1,5,7,3,0.20297,0.0848214,0.316964,0.267606,0.273543,0.247525,0.239319,0.521067,0.0445545,4.26379,0.305344,,-0.24121,13.4278,-12.7753,54.7568,-0.24121,1.3,-11.837179213762283,3.7691357135772705,-0.0620582,999,,,,,,,119.3,1.955737704,119.3,1.955737704,,,,,,,,,,,,,,,,,,,"Errol Robinson","sa857819",642021
"Jason Matthews","CHW",104,376,334,60,46,9,2,3,35,28,28,0,133,7,2,5,5,4,1,0.179641,0.0744681,0.353723,0.210526,0.256065,0.245509,0.230497,0.501574,0.0658683,5.03839,0.285,,-0.244293,19.8698,-24.114,45.4157,-0.244293,9.2,-23.72770631313324,10.58154010772705,-0.0632068,999,,,,,,,177.5,1.706730769,177.5,1.706730769,,,,,,,,,,,,,,,,,,,"Jason Matthews","sa3018152",667240
"Luis Lara","MIL",109,490,447,96,77,14,2,3,56,42,30,0,103,11,2,0,9,23,10,0.214765,0.0612245,0.210204,0.291262,0.279592,0.275168,0.251793,0.55476,0.0604027,6.33817,0.271137,,-0.38137,34.2929,-23.0263,58.7685,-0.38137,5.8,-24.540778428316116,7.600411772727966,-0.0643294,999,,,,,,,309.5,2.839449541,309.5,2.839449541,,,,,,,,,,,,,,,,,,,"Luis Lara","sa3018514",800325
"Felix Stevens","CHC",113,451,408,82,47,17,2,16,47,56,36,1,195,6,1,0,9,2,1,0.20098,0.0798226,0.432373,0.184615,0.274945,0.370098,0.282623,0.645043,0.169118,3.77865,0.333333,,-0.69954,42.7544,-10.0027,82.4367,-0.69954,-0.5,-10.171584486961365,-5.471340179443359,-0.0644632,999,,,,,,,389.3,3.445132743,389.3,3.445132743,,,,,,,,,,,,,,,,,,,"Felix Stevens","sa3008946",685474
"Gabriel Rincones Jr.","PHI",94,413,373,78,48,19,2,9,47,45,33,0,124,6,1,0,5,15,5,0.209115,0.0799031,0.300242,0.266129,0.283293,0.343164,0.278076,0.626456,0.134048,6.16607,0.286307,,0.288327,37.6406,-10.6713,76.2412,0.288327,1.6,-11.445387810468674,-2.952469229698181,-0.0665671,999,,,,,,,346.4,3.685106382,346.4,3.685106382,,,,,,,,,,,,,,,,,,,"Gabriel Rincones Jr.","sa3020758",687282
"Matthew Wood","MIL",97,410,365,72,57,11,1,3,27,32,37,1,79,6,2,0,5,1,1,0.19726,0.0902439,0.192683,0.468354,0.280488,0.257534,0.24676,0.538022,0.060274,2.0592,0.242105,,-0.986356,27.0333,-20.9277,55.3811,-0.986356,1,-22.862138211727142,8.532333850860596,-0.0698566,999,,,,,,,232.1,2.392783505,232.1,2.392783505,,,,,,,,,,,,,,,,,,,"Matthew Wood","sa3019924",687783
"Wes Clarke","MIL",110,468,407,82,44,19,0,19,47,63,51,0,183,7,3,0,7,2,0,0.201474,0.108974,0.391026,0.278689,0.299145,0.388206,0.302905,0.687352,0.186732,2.33713,0.302885,,-0.405027,52.0056,-2.74009,93.17,-0.405027,0,-4.227333247661591,-12.037036895751953,-0.0701775,999,,,,,,,463.7,4.215454545,463.7,4.215454545,,,,,,,,,,,,,,,,,,,"Wes Clarke","sa3017045",682265
"Sean Roby",,70,282,261,54,35,8,1,10,29,31,18,0,107,2,1,0,6,0,0,0.206897,0.0638298,0.379433,0.168224,0.262411,0.360153,0.272433,0.622565,0.153257,2.43318,0.303448,,-0.434083,24.4206,-8.56717,70.4109,-0.434083,-0.7,-10.412067651748657,0.3361552357673645,-0.0707484,999,,,,,,,224.3,3.204285714,224.3,3.204285714,,,,,,,,,,,,,,,,,,,"Sean Roby","sa3007788",681852
"Justin Riemer","BOS",40,173,147,30,25,4,1,0,20,15,19,0,36,6,1,0,3,4,0,0.204082,0.109827,0.208092,0.527778,0.317919,0.244898,0.266272,0.562817,0.0408163,6.29466,0.267857,,0.405379,14.1236,-6.11362,65.2964,0.405379,-1.9,-6.464130342006683,0.0069664716720581055,-0.0712738,999,,,,,,,120.9,3.0225,120.9,3.0225,,,,,,,,,,,,,,,,,,,"Justin Riemer","sa3025086",811312
"Matt Fraizer","PIT",108,431,398,90,64,17,3,6,47,42,27,1,117,4,1,1,5,10,3,0.226131,0.062645,0.271462,0.230769,0.281395,0.329146,0.269512,0.610541,0.103015,5.90451,0.304348,,0.0430931,36.3103,-14.1072,68.4798,0.0430931,5.9,-16.202190026640892,1.149118423461914,-0.0723296,999,,,,,,,332.4,3.077777777,332.4,3.077777777,,,,,,,,,,,,,,,,,,,"Matt Fraizer","sa918983",670208
"Kiko Romero","NYY",79,277,244,43,26,10,1,6,23,28,29,0,105,4,0,0,3,4,1,0.17623,0.104693,0.379061,0.27619,0.274368,0.29918,0.26073,0.573549,0.122951,4.33258,0.278196,,-0.0706593,21.3783,-11.0246,67.1868,-0.0706593,-0.5,-10.470665611326694,0.5177836418151855,-0.0742506,999,,,,,,,191.7,2.426582278,191.7,2.426582278,,,,,,,,,,,,,,,,,,,"Kiko Romero","sa3022669",687340
"Dakota Harris","STL",95,363,333,77,55,16,0,6,38,40,13,1,89,8,1,8,7,4,3,0.231231,0.0358127,0.245179,0.146067,0.276056,0.333333,0.268062,0.60939,0.102102,3.48972,0.297071,,-1.00695,30.158,-12.3051,71.5586,-1.00695,-0.8,-13.352749347686768,0.533774197101593,-0.0754663,999,,,,,,,263.2,2.770526315,263.2,2.770526315,,,,,,,,,,,,,,,,,,,"Dakota Harris","sa3022431",703766
"Blaze Jordan","BOS",106,452,427,105,72,24,1,8,39,50,18,1,66,4,3,0,13,1,1,0.245902,0.039823,0.146018,0.272727,0.280973,0.362998,0.279762,0.643971,0.117096,2.33324,0.272472,,-0.939002,41.8085,-11.0656,74.7854,-0.939002,-3.5,-13.979544281959534,-1.83921217918396,-0.0775719,999,,,,,,,376.6,3.552830188,376.6,3.552830188,,,,,,,,,,,,,,,,,,,"Blaze Jordan","sa3014537",691458
"Victor Arias","TOR",87,358,320,68,45,14,2,7,41,41,27,1,94,10,1,0,5,9,6,0.2125,0.075419,0.26257,0.287234,0.293296,0.334375,0.279792,0.627671,0.121875,5.48321,0.277273,,-1.26932,33.1223,-8.75581,81.9499,-1.26932,-0.1,-8.663138270378113,-4.046208001673222,-0.0800639,999,,,,,,,289.9,3.332183908,289.9,3.332183908,,,,,,,,,,,,,,,,,,,"Victor Arias","sa3015636",692478
"Shayne Fontana",,84,316,281,62,47,9,2,4,35,32,25,0,80,7,2,1,5,8,3,0.220641,0.0791139,0.253165,0.3125,0.298413,0.309609,0.274217,0.608021,0.088968,5.61676,0.291457,,-0.238521,27.8186,-9.14649,79.3046,-0.238521,2.2,-7.721347272396088,-3.6054084300994873,-0.0818714,999,,,,,,,244.1,2.90595238,244.1,2.90595238,,,,,,,,,,,,,,,,,,,"Shayne Fontana","sa3010897",687833
"Blake Mitchell","KCR",113,492,428,79,51,14,2,12,51,51,56,1,179,6,2,0,2,11,4,0.184579,0.113821,0.363821,0.312849,0.286585,0.310748,0.269914,0.597333,0.126168,5.18884,0.280335,,-0.303977,41.6088,-15.9444,69.1853,-0.303977,-8.6,-17.65112578868866,0.4387998580932617,-0.0837837,999,,,,,,,374.9,3.317699115,374.9,3.317699115,,,,,,,,,,,,,,,,,,,"Blake Mitchell","sa3022756",805810
"Dylan O'Rae","MIL",121,561,484,97,77,17,2,1,65,42,61,0,145,13,2,1,4,34,8,0.200413,0.108734,0.258467,0.42069,0.305357,0.25,0.26044,0.555357,0.0495868,6.68386,0.282353,,2.36819,43.166,-22.4587,64.5882,2.36819,-0.2,-21.387746334075928,1.8612874001264572,-0.0872283,999,,,,,,,393.5,3.252066115,393.5,3.252066115,,,,,,,,,,,,,,,,,,,"Dylan O'Rae","sa3020220",802506
"Seth Beer",,104,433,385,89,60,19,1,9,41,52,28,1,103,17,3,0,9,1,0,0.231169,0.0646651,0.237875,0.271845,0.309469,0.355844,0.295424,0.665313,0.124675,2.72255,0.289855,,-0.620812,45.5094,-5.14208,85.9206,-0.620812,0.6,-7.910889148712158,-7.354879260063171,-0.0874179,999,,,,,,,395.7,3.804807692,395.7,3.804807692,,,,,,,,,,,,,,,,,,,"Seth Beer","20493",666179
"Caleb Ricketts","PHI",73,305,276,57,45,7,1,4,32,30,21,0,72,7,1,0,4,2,1,0.206522,0.0688525,0.236066,0.291667,0.278689,0.282609,0.254949,0.561297,0.076087,3.93872,0.263682,,-0.581153,22.1204,-13.5579,60.6754,-0.581153,-1.7,-14.923669159412384,3.9033215045928955,-0.0891847,999,,,,,,,191.8,2.62739726,191.8,2.62739726,,,,,,,,,,,,,,,,,,,"Caleb Ricketts","sa3019917",681080
"Loidel Chapelli","CHW",89,373,339,71,50,13,4,4,41,33,28,0,110,4,1,1,4,9,4,0.20944,0.075067,0.294906,0.254545,0.276882,0.306785,0.261096,0.583666,0.0973451,6.39806,0.29646,,-0.467204,28.8976,-14.7353,66.9399,-0.467204,-0.1,-14.576909214258194,1.2705173715949059,-0.0900831,999,,,,,,,258.6,2.905617977,258.6,2.905617977,,,,,,,,,,,,,,,,,,,"Loidel Chapelli","sa3019400",703070
"Kyren Paris","LAA",107,443,391,74,49,15,2,8,50,41,43,0,160,5,2,2,8,18,3,0.189258,0.0970655,0.361174,0.26875,0.276644,0.299233,0.260387,0.575877,0.109974,6.60206,0.293333,,1.61942,34.0679,-17.7534,65.1805,1.61942,-4.5,-16.030072569847107,0.38315677642822266,-0.0908099,750.7899780273438,,,,,,,323.3,3.021495327,323.3,3.021495327,,,,,,,,,,,,,,,,,,,"Kyren Paris","26420",677347
"Roc Riggio","NYY",105,474,418,78,45,20,4,9,53,49,47,1,120,6,1,2,6,12,4,0.186603,0.0991561,0.253165,0.391667,0.277542,0.318182,0.266652,0.595724,0.131579,6.32228,0.237931,,0.0144094,38.842,-16.6056,71.353,0.0144094,-2.9,-15.522448174655437,-1.1583775281906128,-0.0908624,999,,,,,,,354.8,3.379047619,354.8,3.379047619,,,,,,,,,,,,,,,,,,,"Roc Riggio","sa3022750",691792
"Austin Nola","COL",70,241,207,45,33,8,0,4,22,20,19,0,50,4,3,8,4,0,0,0.217391,0.0788382,0.207469,0.38,0.291846,0.31401,0.271694,0.605855,0.0966184,1.39286,0.262821,,-0.441976,20.7267,-7.46498,59.4303,-0.441976,-1.2,-12.13375574350357,3.2275426387786865,-0.0909538,999,,,,,,,174.8,2.497142857,174.8,2.497142857,,,,,,,,,,,,,,,,,,,"Austin Nola","15941",543592
"Alex Binelas","BOS",97,399,362,76,46,16,3,11,44,44,33,0,128,2,2,0,6,7,1,0.209945,0.0827068,0.320802,0.257812,0.278196,0.361878,0.28102,0.640074,0.151934,5.92003,0.288889,,0.355707,37.3101,-9.36412,75.6703,0.355707,3.9,-10.751758337020874,-3.4302468299865723,-0.0910012,999,,,,,,,346,3.567010309,346,3.567010309,,,,,,,,,,,,,,,,,,,"Alex Binelas","sa3017044",681323
"Luke Berryhill",,77,314,276,59,38,12,1,8,39,35,31,0,115,5,1,1,8,3,1,0.213768,0.0987261,0.366242,0.269565,0.303514,0.351449,0.292362,0.654964,0.137681,4.57943,0.331169,,-0.389046,32.2282,-4.50295,90.9889,-0.389046,-13.5,-3.626553952693939,-7.731334686279297,-0.0919723,999,,,,,,,281,3.649350649,281,3.649350649,,,,,,,,,,,,,,,,,,,"Luke Berryhill","sa3011587",666124
"Edwin Ríos","CIN",95,367,325,70,39,16,0,15,46,47,35,2,126,5,2,0,4,1,0,0.215385,0.0953678,0.343324,0.277778,0.299728,0.403077,0.305601,0.702804,0.187692,2.62676,0.295699,,-0.407717,41.5786,-1.35234,88.8823,-0.407717,-1.1,-5.286825895309448,-7.842357277870178,-0.0937469,999,,,,,,,376.3,3.961052631,376.3,3.961052631,,,,,,,,,,,,,,,,,,,"Edwin Rios","18316",621458
"Matt Carpenter",,70,191,162,32,17,9,0,6,18,21,24,0,59,3,2,0,1,0,1,0.197531,0.125654,0.308901,0.40678,0.308901,0.364198,0.299877,0.673098,0.166667,1.43276,0.262626,,-0.752273,20.7591,-1.58374,92.9721,-0.752273,0,-2.357450246810913,-4.912551403045654,-0.0939322,999,,,,,,,177.9,2.541428571,177.9,2.541428571,,,,,,,,,,,,,,,,,,,"Matt Carpenter","8090",572761
"Alsander Womack",,91,364,331,72,58,9,1,4,34,31,26,0,75,4,3,0,11,4,2,0.217523,0.0714286,0.206044,0.346667,0.28022,0.287009,0.255538,0.567229,0.0694864,3.91413,0.266667,,-0.704546,26.5718,-16.0082,63.0299,-0.704546,1.7,-16.102288246154785,3.0374486446380615,-0.0961214,999,,,,,,,233.6,2.567032967,233.6,2.567032967,,,,,,,,,,,,,,,,,,,"Alsander Womack","sa3018214",703920
"Cade Fergus","PHI",75,270,239,44,29,7,1,7,32,31,22,0,122,8,1,0,0,7,2,0.1841,0.0814815,0.451852,0.180328,0.274074,0.309623,0.263742,0.583697,0.125523,6.20982,0.333333,,0.124334,21.4927,-10.0914,66.5935,0.124334,-0.3,-10.661571554839611,0.6920634508132935,-0.10103,999,,,,,,,196.9,2.625333333,196.9,2.625333333,,,,,,,,,,,,,,,,,,,"Cade Fergus","sa3019919",681495
"Adrian Placencia","LAA",118,515,448,85,56,14,3,12,52,51,52,0,197,6,2,7,6,7,6,0.189732,0.100971,0.382524,0.263959,0.281496,0.314732,0.26862,0.596228,0.125,4.63272,0.302905,,-1.92977,43.0174,-17.2263,70.9716,-1.92977,-4.8,-19.035250902175903,0.876807689666748,-0.102312,999,,,,,,,369,3.127118644,369,3.127118644,,,,,,,,,,,,,,,,,,,"Adrian Placencia","sa3014688",691269
"Noelvi Marte","CIN",108,442,410,100,72,17,1,10,50,46,26,0,112,4,2,0,7,14,5,0.243902,0.0588235,0.253394,0.232143,0.294118,0.363415,0.288898,0.657532,0.119512,4.95791,0.310345,,-0.0300591,44.1336,-7.57068,77.6402,-0.0300591,-5.5,-11.848238214850426,-3.87595534324646,-0.10381,450.5199890136719,,,,,,,401.6,3.718518518,401.6,3.718518518,,,,,,,,,,,,,,,,,,,"Noelvi Marte","26517",682622
"Ryan Clifford","NYM",131,560,481,96,57,21,0,18,58,67,65,2,191,10,4,0,5,2,1,0.199584,0.116071,0.341071,0.340314,0.305357,0.355509,0.294106,0.660866,0.155925,2.20078,0.282609,,-1.03102,58.2632,-7.24457,91.1336,-1.03102,-2.4,-6.968441724777222,-12.688066005706787,-0.104099,999,,,,,,,512.7,3.913740458,512.7,3.913740458,,,,,,,,,,,,,,,,,,,"Ryan Clifford","sa3020126",691775
"Landon Wallace","LAA",70,245,216,44,24,11,5,4,27,26,17,0,94,8,0,4,2,3,1,0.203704,0.0693878,0.383673,0.180851,0.286307,0.356481,0.284584,0.642789,0.152778,6.59265,0.338983,,-0.191735,23.6125,-5.04714,82.2008,-0.191735,-1.3,-5.181403934955597,-4.000617265701294,-0.104808,999,,,,,,,206.3,2.947142857,206.3,2.947142857,,,,,,,,,,,,,,,,,,,"Landon Wallace","sa3022533",695068
"Jaden Rudd","TOR",81,312,269,46,34,8,2,2,26,25,29,0,98,11,1,2,2,8,2,0.171004,0.0929487,0.314103,0.295918,0.277419,0.237918,0.24258,0.515338,0.0669145,5.85708,0.258824,,0.205948,19.5218,-16.9753,55.7741,0.205948,7.6,-15.582397386431694,4.160846471786499,-0.105433,999,,,,,,,171.6,2.118518518,171.6,2.118518518,,,,,,,,,,,,,,,,,,,"Jaden Rudd","sa3017178",701437
"Matt Whatley","TOR",63,223,199,37,27,6,0,4,22,20,17,0,64,3,1,3,5,3,2,0.18593,0.0762332,0.286996,0.265625,0.259091,0.276382,0.24276,0.535473,0.0904523,3.53557,0.25,,-0.580957,13.9854,-12.1007,54.5701,-0.580957,-0.4,-12.172787845134735,3.696854680776596,-0.107627,999,,,,,,,123.3,1.957142857,123.3,1.957142857,,,,,,,,,,,,,,,,,,,"Matt Whatley","sa915868",675662
"Carlos Santiago",,59,224,211,45,28,10,1,6,19,24,10,1,78,2,1,0,6,2,1,0.21327,0.0446429,0.348214,0.128205,0.254464,0.35545,0.263509,0.609915,0.14218,3.81575,0.304688,,-0.312811,17.789,-8.41409,64.4041,-0.312811,0.5,-9.847551316022873,1.323045253753662,-0.109999,999,,,,,,,169.1,2.866101694,169.1,2.866101694,,,,,,,,,,,,,,,,,,,"Carlos Santiago","sa3005565",678807
"Alfredo Velásquez","BAL",29,100,95,18,13,4,0,1,16,9,4,0,22,1,0,0,0,3,0,0.189474,0.04,0.22,0.181818,0.23,0.263158,0.220063,0.493158,0.0736842,6.2003,0.236111,,0.457936,4.44476,-7.25304,41.2121,0.457936,1.5,-6.268631339073181,1.8674309253692627,-0.110264,999,,,,,,,47.5,1.637931034,47.5,1.637931034,,,,,,,,,,,,,,,,,,,"Alfredo Velasquez","sa3018556",800414
"Julio E. Rodriguez","SEA",60,230,210,38,27,5,0,6,20,22,16,0,72,3,1,0,10,0,0,0.180952,0.0695652,0.313043,0.222222,0.247826,0.290476,0.241577,0.538302,0.109524,1.34077,0.240602,,-0.363051,14.2055,-12.6994,60.1005,-0.363051,-2.1,-10.86334228515625,2.125455856323242,-0.110581,999,,,,,,,130.7,2.178333333,130.7,2.178333333,,,,,,,,,,,,,,,,,,,"Julio E. Rodriguez","sa917669",667372
"Willie Calhoun",,102,388,349,85,58,18,1,8,40,38,34,1,57,3,2,0,9,1,2,0.243553,0.0876289,0.146907,0.596491,0.314433,0.369628,0.301313,0.684061,0.126074,2.32173,0.269231,,-1.3519,42.6186,-2.7689,93.9681,-1.3519,0,-4.029784679412842,-9.979423522949219,-0.111026,999,,,,,,,367.4,3.601960784,367.4,3.601960784,,,,,,,,,,,,,,,,,,,"Willie Calhoun","17838",641432
"Andy Blake",,69,251,229,44,31,6,1,6,23,21,16,0,72,2,1,3,1,6,1,0.19214,0.063745,0.286853,0.222222,0.25,0.305677,0.24683,0.555677,0.113537,5.37457,0.25,,0.408265,16.5637,-12.7978,55.6438,0.408265,1.9,-12.330697268247604,2.822251617908478,-0.117864,999,,,,,,,159.5,2.311594202,159.5,2.311594202,,,,,,,,,,,,,,,,,,,"Andy Blake","sa3022535",701544
"Patrick Winkel","MIN",79,313,289,62,43,14,0,5,23,30,22,0,102,1,1,0,10,0,0,0.214533,0.0702875,0.325879,0.215686,0.271565,0.314879,0.260719,0.586444,0.100346,0.941908,0.311475,,-0.5209,24.154,-12.4601,67.8614,-0.5209,-5.3,-12.030936360359192,0.45029354095458984,-0.118421,999,,,,,,,214.8,2.718987341,214.8,2.718987341,,,,,,,,,,,,,,,,,,,"Patrick Winkel","sa3017556",680868
"Aledmys Díaz",,88,299,275,61,41,14,0,6,24,29,17,1,57,5,2,0,9,0,0,0.221818,0.0568562,0.190635,0.298246,0.277592,0.338182,0.270594,0.615774,0.116364,1.08036,0.257009,,-0.48933,25.4502,-9.5262,75.6774,-0.48933,-5.6,-8.810542941093445,-2.3041446208953857,-0.118497,999,,,,,,,229.6,2.609090909,229.6,2.609090909,,,,,,,,,,,,,,,,,,,"Aledmys Diaz","15937",649557
"Jake Cunningham","BAL",92,350,318,63,48,9,2,4,34,28,25,0,123,4,1,2,3,13,4,0.198113,0.0714286,0.351429,0.203252,0.264368,0.27673,0.244539,0.541097,0.0786164,6.07864,0.307292,,0.372258,22.4513,-18.491,58.4284,0.372258,7.3,-16.27607089281082,3.4419755935668945,-0.12049,999,,,,,,,210.4,2.286956521,210.4,2.286956521,,,,,,,,,,,,,,,,,,,"Jake Cunningham","sa3023269",801507
"Jonny Butler","ATH",107,459,417,83,57,16,4,6,43,40,35,0,134,5,2,0,3,9,2,0.199041,0.0762527,0.291939,0.261194,0.267974,0.29976,0.254262,0.567734,0.100719,5.87774,0.275986,,0.224422,33.0356,-20.6573,66.6143,0.224422,5.9,-17.30947896838188,0.8404765129089355,-0.120628,999,,,,,,,304.9,2.84953271,304.9,2.84953271,,,,,,,,,,,,,,,,,,,"Jonny Butler","sa3017292",695358
"Sandy León","ATL",74,236,203,34,26,5,0,3,14,18,27,0,80,2,1,3,3,0,0,0.167488,0.114407,0.338983,0.3375,0.270386,0.236453,0.237736,0.506839,0.0689655,0.703202,0.256198,,-0.434083,13.8465,-13.7604,48.4862,-0.434083,1.6,-14.97182583808899,5.93568480014801,-0.121569,999,,,,,,,117.1,1.582432432,117.1,1.582432432,,,,,,,,,,,,,,,,,,,"Sandy Leon","5273",506702
"Luis Mieses","TEX",109,452,431,98,62,24,2,10,39,52,14,0,107,3,4,0,11,1,1,0.227378,0.0309735,0.236726,0.130841,0.254425,0.361949,0.266056,0.616374,0.134571,2.97239,0.27673,,-0.828508,36.8221,-16.052,70.957,-0.828508,7.9,-15.849061369895935,-0.40393877029418945,-0.12242,999,,,,,,,342.9,3.145871559,342.9,3.145871559,,,,,,,,,,,,,,,,,,,"Luis Mieses","sa3003274",672635
"Graysen Tarlow","STL",29,89,79,14,11,2,0,1,5,6,8,0,24,1,1,0,1,0,0,0.177215,0.0898876,0.269663,0.333333,0.258427,0.240506,0.230231,0.498933,0.0632911,0.708333,0.236364,,-0.157848,4.68416,-5.72689,46.0956,-0.157848,0.1,-5.894722074270248,1.7350675836205482,-0.123506,999,,,,,,,41.6,1.434482758,41.6,1.434482758,,,,,,,,,,,,,,,,,,,"Graysen Tarlow","sa3022443",815104
"Austin Murr","DET",97,386,347,72,47,17,2,6,44,39,30,0,80,6,2,1,8,5,3,0.207493,0.0777202,0.207254,0.375,0.280519,0.319885,0.268152,0.600404,0.112392,4.7714,0.250951,,-0.87009,32.0968,-13.0568,73.6051,-0.87009,2.7,-12.527802228927612,-1.5548498630523682,-0.125497,999,,,,,,,282.4,2.911340206,282.4,2.911340206,,,,,,,,,,,,,,,,,,,"Austin Murr","sa3016967",689456
"Charlie Szykowny","SFG",97,426,391,85,58,18,5,4,37,43,19,0,108,10,6,0,3,2,1,0.217391,0.0446009,0.253521,0.175926,0.267606,0.319693,0.258598,0.587299,0.102302,4.73341,0.284211,,-0.691647,32.1469,-17.6857,65.6876,-0.691647,1.2,-18.170870423316956,2.7652558088302612,-0.125936,999,,,,,,,291.3,3.003092783,291.3,3.003092783,,,,,,,,,,,,,,,,,,,"Charlie Szykowny","sa3022689",805126
"Esteban Gonzalez","CLE",93,401,369,80,52,16,5,7,56,46,20,0,120,9,3,0,2,19,7,0.216802,0.0498753,0.299252,0.166667,0.27182,0.344173,0.270527,0.615994,0.127371,8.31959,0.297959,,0.325669,34.1105,-12.7977,75.3281,0.325669,0.8,-10.994498550891876,-3.620194137096405,-0.128803,999,,,,,,,323.2,3.475268817,323.2,3.475268817,,,,,,,,,,,,,,,,,,,"Esteban Gonzalez","sa3015535",691416
"Joshua Baez","STL",91,348,314,61,38,14,1,8,36,38,24,0,147,7,2,1,7,15,3,0.194268,0.0689655,0.422414,0.163265,0.26513,0.321656,0.261195,0.586786,0.127389,6.36627,0.329193,,1.2404,26.9882,-13.7201,66.9363,1.2404,3.5,-12.518773555755615,-0.33597874641418457,-0.13075,999,,,,,,,262.2,2.881318681,262.2,2.881318681,,,,,,,,,,,,,,,,,,,"Joshua Baez","sa3017022",695491
"Gabriel Gonzalez","MIN",99,433,399,93,64,19,2,8,42,52,21,0,83,10,3,0,16,4,2,0.233083,0.0484988,0.191686,0.253012,0.286374,0.350877,0.280634,0.637251,0.117794,4.11776,0.273312,,-0.759793,40.3548,-10.2967,81.87,-0.759793,-1.2,-9.74217665195465,-5.972927808761597,-0.13228,999,,,,,,,358.5,3.621212121,358.5,3.621212121,,,,,,,,,,,,,,,,,,,"Gabriel Gonzalez","sa3015723",694224
"Ehire Adrianza",,42,112,100,22,15,4,1,2,14,10,10,0,27,1,1,0,2,1,0,0.22,0.0892857,0.241071,0.37037,0.294643,0.34,0.281644,0.634643,0.12,5.72079,0.277778,,-0.00520298,10.5292,-2.57232,80.1325,-0.00520298,-3.7,-2.5512480437755585,-2.4654321670532227,-0.132516,999,,,,,,,94.2,2.242857142,94.2,2.242857142,,,,,,,,,,,,,,,,,,,"Ehire Adrianza","8418",501303
"Ethan O'Donnell","CIN",101,407,368,82,58,10,5,9,51,47,26,1,128,9,1,3,2,16,3,0.222826,0.0638821,0.314496,0.203125,0.289604,0.350543,0.282357,0.640147,0.127717,7.77218,0.314655,,1.25888,38.4961,-9.11402,73.2374,1.25888,1.4,-11.766303777694702,-3.0863314867019653,-0.134171,999,,,,,,,360.3,3.567326732,360.3,3.567326732,,,,,,,,,,,,,,,,,,,"Ethan O'Donnell","sa3022616",807751
"Kyle Hayes","KCR",24,85,73,11,7,3,0,1,5,7,8,0,29,3,0,1,3,0,1,0.150685,0.0941176,0.341176,0.275862,0.261905,0.232877,0.23403,0.494781,0.0821918,1.68603,0.232558,,-0.54707,4.73356,-5.20957,43.9437,-0.54707,0.3,-5.998981475830078,1.8615813851356506,-0.134662,999,,,,,,,36.9,1.5375,36.9,1.5375,,,,,,,,,,,,,,,,,,,"Kyle Hayes","sa3018212",690469
"Jake Fox","CLE",101,443,405,84,57,19,3,5,43,38,34,1,117,2,2,0,2,5,2,0.207407,0.0767494,0.264108,0.290598,0.27088,0.306173,0.256316,0.577053,0.0987654,4.93197,0.277193,,-0.536116,32.6161,-19.2052,65.3316,-0.536116,0.4,-18.109018325805664,2.0277190506458282,-0.135672,999,,,,,,,296.5,2.935643564,296.5,2.935643564,,,,,,,,,,,,,,,,,,,"Jake Fox","sa3017734",695780
"Collin Burns","BAL",91,352,323,66,51,10,2,3,32,29,19,0,86,6,1,3,3,8,3,0.204334,0.0539773,0.244318,0.22093,0.260745,0.275542,0.241418,0.536287,0.0712074,5.48149,0.268085,,-0.214843,21.6956,-19.4807,56.2335,-0.214843,3.5,-17.84230950474739,4.793356895446777,-0.135795,999,,,,,,,197,2.164835164,197,2.164835164,,,,,,,,,,,,,,,,,,,"Collin Burns","sa3017176",700936
"Trei Cruz","DET",109,469,418,84,58,17,2,7,51,40,46,1,135,1,2,2,6,5,5,0.200957,0.098081,0.287846,0.340741,0.280514,0.301435,0.261208,0.581949,0.100478,4.09192,0.276978,,-1.84584,36.3772,-18.4855,68.7206,-1.84584,-3.5,-18.631471276283264,1.669753074645996,-0.137086,999,,,,,,,315.4,2.893577981,315.4,2.893577981,,,,,,,,,,,,,,,,,,,"Trei Cruz","sa3014420",669360
"Cam Collier","CIN",123,520,466,98,63,20,1,14,54,59,44,1,153,6,4,0,11,1,1,0.2103,0.0846154,0.294231,0.287582,0.284615,0.347639,0.279142,0.632255,0.137339,2.54781,0.277228,,-1.08896,47.8389,-12.9897,71.0741,-1.08896,-1.5,-19.075684428215027,0.4106408357620239,-0.139273,999,,,,,,,427.2,3.473170731,427.2,3.473170731,,,,,,,,,,,,,,,,,,,"Cam Collier","sa3020131",702253
"Chris Roller",,96,372,331,60,38,12,2,8,37,39,31,0,154,6,3,1,2,7,2,0.181269,0.0833333,0.413978,0.201299,0.261456,0.302115,0.252882,0.56357,0.120846,5.66942,0.302326,,-0.00194447,26.3607,-17.1552,59.5015,-0.00194447,2.9,-18.017331056296825,4.26684308052063,-0.140718,999,,,,,,,245.1,2.553125,245.1,2.553125,,,,,,,,,,,,,,,,,,,"Chris Roller","23557",676896
"Noah Miller","LAD",133,586,541,112,89,17,1,5,58,49,38,0,124,2,3,2,11,5,2,0.207024,0.0648464,0.211604,0.306452,0.260274,0.269871,0.238464,0.530145,0.0628466,3.86353,0.257831,,-0.828135,34.725,-33.8241,51.8678,-0.828135,7.2,-34.556460201740265,13.659435272216797,-0.142796,999,,,,,,,312.1,2.346616541,312.1,2.346616541,,,,,,,,,,,,,,,,,,,"Noah Miller","sa3017512",695653
"Andres Sosa","TOR",67,251,215,41,25,12,1,3,24,26,22,0,80,11,1,2,4,1,0,0.190698,0.0876494,0.318725,0.275,0.297189,0.297674,0.272762,0.594863,0.106977,3.95362,0.285714,,-0.25776,21.8026,-7.5589,77.0054,-0.25776,-7.5,-6.86174151301384,-2.888741970062256,-0.142861,999,,,,,,,184.2,2.749253731,184.2,2.749253731,,,,,,,,,,,,,,,,,,,"Andres Sosa","sa3017605",703245
"David Calabrese","LAA",96,397,349,64,43,12,1,8,38,36,40,0,136,3,0,5,2,6,4,0.183381,0.100756,0.342569,0.294118,0.272959,0.292264,0.256835,0.565223,0.108883,4.04646,0.273171,,-1.09877,29.3955,-17.0448,62.6821,-1.09877,7.8,-18.050493240356445,3.4238977432250977,-0.143803,999,,,,,,,254.3,2.648958333,254.3,2.648958333,,,,,,,,,,,,,,,,,,,"David Calabrese","sa3014507",683341
"Griff O'Ferrall","BAL",21,95,85,19,17,2,0,0,7,7,7,0,16,2,1,0,2,1,3,0.223529,0.0736842,0.168421,0.4375,0.294737,0.247059,0.250129,0.541796,0.0235294,2.51572,0.271429,,-1.22022,6.5214,-4.59152,62.3609,-1.22022,-0.3,-5.311586141586304,0.7471781373023987,-0.144334,999,,,,,,,47.7,2.271428571,47.7,2.271428571,,,,,,,,,,,,,,,,,,,"Griff O'Ferrall","sa3025409",803172
"A.J. Vukovich","ARI",124,529,493,113,78,22,3,10,51,55,31,1,174,3,2,0,15,9,4,0.229209,0.0586011,0.328923,0.178161,0.277883,0.346856,0.27362,0.624739,0.117647,4.80774,0.33119,,-0.696084,46.3158,-15.5656,72.1971,-0.696084,5.1,-18.283690929412842,-0.7311286926269531,-0.144443,999,,,,,,,422.6,3.408064516,422.6,3.408064516,,,,,,,,,,,,,,,,,,,"A.J. Vukovich","sa3014525",691021
"Mike Brosseau","SDP",100,348,312,68,49,9,0,10,37,41,25,0,94,9,2,0,8,1,1,0.217949,0.0718391,0.270115,0.265957,0.293103,0.342949,0.283621,0.636052,0.125,2.256,0.27619,,-0.860077,33.2696,-7.43881,84.2394,-0.860077,0.8,-7.4186936020851135,-5.593298137187958,-0.146989,999,,,,,,,290,2.9,290,2.9,,,,,,,,,,,,,,,,,,,"Mike Brosseau","19683",670712
"Brady Lindsly","WSN",67,251,224,45,34,8,0,3,19,21,17,0,77,1,2,7,5,1,0,0.200893,0.0677291,0.306773,0.220779,0.258197,0.276786,0.240156,0.534982,0.0758929,2.44019,0.287671,,-0.210406,15.2154,-14.1461,51.6716,-0.210406,0.3,-14.716076508164406,4.911258041858673,-0.149367,999,,,,,,,135.3,2.019402985,135.3,2.019402985,,,,,,,,,,,,,,,,,,,"Brady Lindsly","sa3014942",686251
"Jay Allen II","CIN",106,444,380,73,53,9,2,9,55,50,41,0,124,18,2,3,6,18,7,0.192105,0.0923423,0.279279,0.330645,0.29932,0.297368,0.27407,0.596688,0.105263,6.55482,0.257028,,-0.118996,39.0344,-12.9039,67.6599,-0.118996,-0.6,-17.28962180018425,1.03139328956604,-0.152085,999,,,,,,,342.5,3.231132075,342.5,3.231132075,,,,,,,,,,,,,,,,,,,"Jay Allen II","sa3017403",695481
"Dylan Dreiling","TEX",25,111,97,18,12,4,0,2,10,8,13,0,25,0,1,0,2,2,2,0.185567,0.117117,0.225225,0.52,0.279279,0.28866,0.258164,0.567939,0.103093,2.94036,0.225352,,-0.607323,8.33759,-4.64697,65.4061,-0.607323,-0.6,-5.001001060009003,-0.19215169548988342,-0.154184,999,,,,,,,71.4,2.856,71.4,2.856,,,,,,,,,,,,,,,,,,,"Dylan Dreiling","sa3025251",702662
"Brett Callahan","DET",69,289,262,57,42,9,1,5,31,30,17,0,71,7,1,2,3,10,3,0.217557,0.0588235,0.245675,0.239437,0.28223,0.316794,0.268001,0.599024,0.0992366,5.65188,0.278075,,0.264081,23.9959,-9.81073,73.4991,0.264081,-3.7,-8.499153196811676,-2.638124704360962,-0.155259,999,,,,,,,218.6,3.168115942,218.6,3.168115942,,,,,,,,,,,,,,,,,,,"Brett Callahan","sa3022927",814430
"Nick Lorusso","NYM",82,358,317,66,43,12,2,9,34,41,35,0,86,3,3,0,6,4,2,0.208202,0.0977654,0.240223,0.406977,0.290503,0.343849,0.281769,0.634351,0.135647,4.15865,0.253333,,-0.649299,33.6921,-8.18601,82.8302,-0.649299,1.1,-7.999668478965759,-5.477013468742371,-0.160589,999,,,,,,,299.4,3.651219512,299.4,3.651219512,,,,,,,,,,,,,,,,,,,"Nick Lorusso","sa3022810",700681
"Jake Thompson","MIA",70,281,254,61,40,13,2,6,31,34,19,0,74,7,1,0,6,1,1,0.240157,0.0676157,0.263345,0.256757,0.309609,0.377953,0.303162,0.687561,0.137795,3.92222,0.314286,,-0.725906,31.2838,-1.587,91.0934,-0.725906,0,-3.7187215089797974,-7.2273664474487305,-0.164057,999,,,,,,,270.2,3.86,270.2,3.86,,,,,,,,,,,,,,,,,,,"Jake Thompson","sa3019945",700081
"Blake Robertson","TBR",40,159,145,29,18,6,1,4,16,17,11,0,63,2,1,0,2,3,0,0.2,0.0691824,0.396226,0.174603,0.264151,0.337931,0.265451,0.602082,0.137931,6.01537,0.316456,,0.355335,12.8755,-5.72403,74.5642,0.355335,0.3,-4.272183746099472,-2.6210758090019226,-0.164512,999,,,,,,,122.8,3.07,122.8,3.07,,,,,,,,,,,,,,,,,,,"Blake Robertson","sa3020200",687545
"Kervin Pichardo","PIT",114,428,392,86,62,14,1,9,44,43,24,0,135,7,1,4,8,4,2,0.219388,0.0560748,0.315421,0.177778,0.275943,0.329082,0.268503,0.605025,0.109694,4.02678,0.309237,,-0.744008,35.71,-14.3566,67.8006,-0.744008,-0.2,-17.223837852478027,1.3726042956113815,-0.16508,999,,,,,,,315.5,2.767543859,315.5,2.767543859,,,,,,,,,,,,,,,,,,,"Kervin Pichardo","sa3011260",682775
"Jommer Hernandez",,52,186,170,32,25,5,0,2,14,15,12,0,66,3,1,0,7,0,0,0.188235,0.0645161,0.354839,0.181818,0.252688,0.252941,0.230346,0.505629,0.0647059,1.30357,0.291262,,-0.315697,9.8066,-11.9513,47.1688,-0.315697,0.3,-11.559390246868134,3.717107594013214,-0.169569,999,,,,,,,87.5,1.682692307,87.5,1.682692307,,,,,,,,,,,,,,,,,,,"Jommer Hernandez","sa3005586",678912
"Troy Schreffler","PHI",76,266,243,50,33,8,3,6,36,28,16,0,85,4,2,1,6,12,2,0.205761,0.0601504,0.319549,0.188235,0.264151,0.337449,0.264552,0.6016,0.131687,8.55591,0.285714,,1.17169,21.3477,-9.76843,67.1386,1.17169,1.7,-9.281008958816528,-1.2320988178253174,-0.170929,999,,,,,,,210.9,2.775,210.9,2.775,,,,,,,,,,,,,,,,,,,"Troy Schreffler","sa3019921",687285
"Peyton Graham","DET",60,239,211,40,30,8,0,2,24,21,21,0,65,6,1,0,5,6,1,0.189573,0.0878661,0.271967,0.323077,0.280335,0.255924,0.248448,0.536259,0.0663507,4.70394,0.262069,,0.345126,16.083,-11.8747,59.7447,0.345126,-1.6,-10.663347870111465,1.0344797372817993,-0.171614,999,,,,,,,144.6,2.41,144.6,2.41,,,,,,,,,,,,,,,,,,,"Peyton Graham","sa3019990",689931
"Joey Votto",,76,298,258,49,28,11,1,9,26,32,34,1,93,5,1,0,5,0,0,0.189922,0.114094,0.312081,0.365591,0.295302,0.344961,0.285742,0.640263,0.155039,1.95367,0.254777,,-0.5209,28.9984,-5.8611,86.1357,-0.5209,-0.9,-5.248266339302063,-6.374720931053162,-0.174436,999,,,,,,,255.6,3.363157894,255.6,3.363157894,,,,,,,,,,,,,,,,,,,"Joey Votto","4314",458015
"Sam Kulasingam","KCR",25,99,91,20,16,3,1,0,7,8,4,0,21,2,2,0,2,2,0,0.21978,0.040404,0.212121,0.190476,0.262626,0.274725,0.238965,0.537352,0.0549451,6.03134,0.277778,,0.226367,5.9064,-5.67443,47.4148,0.226367,1.8,-5.73031310737133,0.7087301015853882,-0.177779,999,,,,,,,57.2,2.288,57.2,2.288,,,,,,,,,,,,,,,,,,,"Sam Kulasingam","sa3025316",814528
"Luca Tresh","KCR",97,405,369,83,56,16,1,10,39,43,30,0,106,2,3,1,9,0,1,0.224932,0.0740741,0.261728,0.283019,0.284653,0.355014,0.281305,0.639667,0.130081,2.26983,0.285156,,-1.09954,37.9641,-9.412,77.1978,-1.09954,-11,-11.66620135307312,-3.559523582458496,-0.178137,999,,,,,,,335.1,3.454639175,335.1,3.454639175,,,,,,,,,,,,,,,,,,,"Luca Tresh","sa3017394",681123
"Robert Hassell III","WSN",106,469,427,94,71,15,2,6,48,40,36,1,124,3,2,1,8,10,3,0.220141,0.0767591,0.264392,0.290323,0.284188,0.306792,0.26376,0.59098,0.0866511,5.0784,0.294314,,-0.0752932,37.3404,-17.5224,67.5587,-0.0752932,-0.8,-18.269467048346996,0.9232509732246399,-0.178469,721.0999755859375,,,,,,,338.3,3.191509433,338.3,3.191509433,,,,,,,,,,,,,,,,,,,"Robert Hassell III","sa3014701",690987
"Troy Claunch",,32,122,108,19,16,2,0,1,9,9,9,0,33,3,1,1,3,0,0,0.175926,0.0737705,0.270492,0.272727,0.256198,0.222222,0.223377,0.478421,0.0462963,1.36971,0.24,,-0.220988,5.74798,-8.52334,40.4075,-0.220988,0.5,-8.539724856615067,2.741328716278076,-0.178821,999,,,,,,,49.6,1.55,49.6,1.55,,,,,,,,,,,,,,,,,,,"Troy Claunch","sa3020346",669475
"Malcom Nuñez","PIT",120,495,452,104,76,18,0,10,49,49,33,0,111,5,5,0,12,2,2,0.230089,0.0666667,0.224242,0.297297,0.286869,0.336283,0.275613,0.623152,0.106195,2.26746,0.279762,,-1.30975,44.1328,-13.7713,72.5862,-1.30975,-2.5,-17.536635756492615,-0.6812169551849365,-0.179069,999,,,,,,,388.8,3.24,388.8,3.24,,,,,,,,,,,,,,,,,,,"Malcom Nunez","sa3008113",682650
"Jordan Thompson","LAD",102,409,369,73,47,16,0,10,45,48,27,0,138,8,2,3,13,9,4,0.197832,0.0660147,0.337408,0.195652,0.26601,0.322493,0.262009,0.588503,0.124661,4.40995,0.282511,,-0.467204,31.9871,-15.8569,67.7151,-0.467204,-0.6,-16.25728240609169,0.9027924537658691,-0.179123,999,,,,,,,291.1,2.853921568,291.1,2.853921568,,,,,,,,,,,,,,,,,,,"Jordan Thompson","sa3022497",691948
"Quincy McAfee","CIN",90,347,307,62,39,13,1,9,37,41,26,0,83,10,2,2,5,4,2,0.201954,0.074928,0.239193,0.313253,0.284058,0.338762,0.277827,0.62282,0.136808,4.27898,0.24424,,-0.601945,31.5558,-9.03555,70.1885,-0.601945,3.5,-12.972072184085846,-0.32495594024658203,-0.179867,999,,,,,,,278.2,3.091111111,278.2,3.091111111,,,,,,,,,,,,,,,,,,,"Quincy McAfee","sa1159899",687331
"Arturo De Freitas",,59,201,185,31,24,5,0,2,15,15,13,1,72,2,1,0,4,0,0,0.167568,0.0646766,0.358209,0.180556,0.228856,0.227027,0.206212,0.455883,0.0594595,1.45238,0.258929,,-0.299912,6.69317,-16.8194,27.8721,-0.299912,5.5,-17.63639122247696,9.192680835723877,-0.180758,999,,,,,,,66.9,1.133898305,66.9,1.133898305,,,,,,,,,,,,,,,,,,,"Arturo De Freitas","sa3005939",679972
"Boston Baro","NYM",99,432,395,85,62,17,3,3,44,36,32,0,101,2,3,0,5,4,1,0.21519,0.0740741,0.233796,0.316832,0.275463,0.296203,0.255562,0.571665,0.0810127,4.76422,0.278912,,-0.362679,31.5442,-18.9903,65.1909,-0.362679,0.6,-18.3446506857872,2.1873016357421875,-0.182938,999,,,,,,,282.4,2.852525252,282.4,2.852525252,,,,,,,,,,,,,,,,,,,"Boston Baro","sa3022962",805951
"Bubba Alleyne","LAD",102,341,312,69,48,14,2,5,34,35,25,0,111,3,1,0,3,10,7,0.221154,0.0733138,0.325513,0.225225,0.284457,0.326923,0.271851,0.611381,0.105769,5.17478,0.324873,,-1.43487,29.37,-10.5195,74.3391,-1.43487,2.5,-11.89862835407257,-1.2588183879852295,-0.186086,999,,,,,,,256.8,2.517647058,256.8,2.517647058,,,,,,,,,,,,,,,,,,,"Bubba Alleyne","sa3019902",804588
"Connor Charping","SEA",68,276,239,46,37,7,1,1,31,26,23,0,59,12,2,0,4,7,3,0.192469,0.0833333,0.213768,0.38983,0.293478,0.242678,0.251943,0.536156,0.0502092,5.50982,0.248619,,-0.383274,19.3493,-12.9367,67.3919,-0.383274,-5.4,-10.680962085723877,-0.3294534683227539,-0.186913,999,,,,,,,163.9,2.410294117,163.9,2.410294117,,,,,,,,,,,,,,,,,,,"Connor Charping","sa3020014",806464
"Collin Price","HOU",91,355,317,60,38,14,0,8,29,36,32,0,109,3,3,0,4,3,1,0.189274,0.0901408,0.307042,0.293578,0.267606,0.309148,0.258245,0.576754,0.119874,2.72368,0.256158,,-0.381153,26.6883,-14.8389,66.9905,-0.381153,-6.4,-13.789424061775208,0.12189865112304688,-0.189351,999,,,,,,,242.7,2.667032967,242.7,2.667032967,,,,,,,,,,,,,,,,,,,"Collin Price","sa3019935",805672
"Tucker Barnhart","TEX",72,234,209,40,30,9,0,1,17,16,20,0,65,2,1,2,5,1,0,0.191388,0.0854701,0.277778,0.307692,0.267241,0.248804,0.237129,0.516045,0.0574163,2.48384,0.270833,,-0.210406,13.6148,-13.758,50.6095,-0.210406,-0.5,-13.43446697294712,3.7989416122436523,-0.189516,999,,,,,,,118.4,1.644444444,118.4,1.644444444,,,,,,,,,,,,,,,,,,,"Tucker Barnhart","10200",571466
"Nick Kahle","MIL",45,157,142,26,18,5,0,3,12,14,11,0,47,2,1,1,4,0,0,0.183099,0.0700637,0.299363,0.234043,0.25,0.28169,0.239184,0.53169,0.0985916,1.17227,0.247312,,-0.244665,9.39438,-8.97118,50.2816,-0.244665,-0.4,-9.578891694545746,2.484332650899887,-0.192747,999,,,,,,,85.3,1.895555555,85.3,1.895555555,,,,,,,,,,,,,,,,,,,"Nick Kahle","sa1115979",685277
"Tony Bullard","MIA",76,285,259,56,42,12,0,2,17,26,17,0,67,7,2,0,6,6,3,0.216216,0.0596491,0.235088,0.253731,0.280702,0.285714,0.255933,0.566416,0.0694981,3.10247,0.28125,,-0.535919,20.8956,-12.4432,59.3052,-0.535919,2,-14.404914736747742,3.0471781492233276,-0.192815,999,,,,,,,183.2,2.410526315,183.2,2.410526315,,,,,,,,,,,,,,,,,,,"Tony Bullard","sa3022556",669233
"Daniel Vellojin","TBR",71,269,238,42,31,7,1,3,19,20,28,0,74,1,1,1,5,1,1,0.176471,0.104089,0.275093,0.378378,0.264925,0.252101,0.238316,0.517026,0.0756303,2.80696,0.240741,,-0.678552,15.9083,-15.5588,55.4773,-0.678552,-1.4,-14.38229089975357,3.541946053504944,-0.193448,999,,,,,,,137.5,1.936619718,137.5,1.936619718,,,,,,,,,,,,,,,,,,,"Daniel Vellojin","sa3005587",678962
"Izaac Pacheco","DET",100,419,389,76,49,16,2,9,37,39,26,0,167,2,2,0,9,2,1,0.195373,0.0620525,0.398568,0.155689,0.24821,0.316195,0.248828,0.564405,0.120823,3.81661,0.311628,,-0.612723,28.3241,-20.6897,60.0124,-0.612723,2.4,-19.783754885196686,3.939535617828369,-0.193814,999,,,,,,,264,2.64,264,2.64,,,,,,,,,,,,,,,,,,,"Izaac Pacheco","sa3016969",691789
"Romeo Sanabria","SDP",122,518,461,108,72,25,1,10,49,53,49,1,147,2,5,1,10,1,2,0.234273,0.0945946,0.283784,0.333333,0.307544,0.357918,0.293506,0.665461,0.123644,2.09552,0.317152,,-1.57289,53.6433,-6.95137,90.8929,-1.57289,-2.4,-7.214077949523926,-11.91646146774292,-0.194226,999,,,,,,,465.3,3.813934426,465.3,3.813934426,,,,,,,,,,,,,,,,,,,"Romeo Sanabria","sa3019865",703804
"Corey Rosier","BOS",103,395,357,80,58,14,4,4,46,36,30,0,96,4,3,1,3,19,4,0.22409,0.0759494,0.243038,0.3125,0.28934,0.319328,0.271102,0.608668,0.0952381,7.22593,0.292308,,1.45387,33.783,-12.4233,68.6939,1.45387,2,-12.695329785346985,-2.3540563583374023,-0.194354,999,,,,,,,318.9,3.096116504,318.9,3.096116504,,,,,,,,,,,,,,,,,,,"Corey Rosier","sa3016961",681468
"Cristian Hernandez","CHC",122,517,470,97,70,19,3,5,55,43,42,1,153,4,1,0,12,18,5,0.206383,0.0812379,0.295938,0.27451,0.276596,0.291489,0.255246,0.568085,0.0851064,6.1208,0.29393,,0.667339,37.6195,-22.8582,64.0104,0.667339,-3.3,-21.582582354545593,2.3988535404205322,-0.203159,999,,,,,,,350.6,2.873770491,350.6,2.873770491,,,,,,,,,,,,,,,,,,,"Cristian Hernandez","sa3015696",694183
"Matt Duffy",,79,259,236,54,43,8,0,3,25,20,19,0,59,3,1,0,8,2,1,0.228814,0.0733591,0.227799,0.322034,0.293436,0.300847,0.267768,0.594284,0.0720339,2.86085,0.291429,,-0.518014,21.4564,-8.84087,72.1618,-0.518014,-2.8,-8.767857432365417,-1.8483538627624512,-0.204729,999,,,,,,,184.8,2.339240506,184.8,2.339240506,,,,,,,,,,,,,,,,,,,"Matt Duffy","13836",622110
"Eric Brown Jr.","MIL",98,413,374,77,59,13,1,4,42,34,30,1,102,6,3,0,3,14,5,0.205882,0.0726392,0.246973,0.294118,0.273608,0.278075,0.2486,0.551683,0.0721925,5.20338,0.269373,,0.0330803,27.8425,-20.4695,56.619,0.0330803,1.1,-21.391423031687737,5.652469277381897,-0.205073,999,,,,,,,258.8,2.640816326,258.8,2.640816326,,,,,,,,,,,,,,,,,,,"Eric Brown Jr.","sa3019923",687521
"Andrew Pintar","MIA",100,437,394,86,62,16,2,6,44,39,34,0,109,4,2,3,5,10,3,0.218274,0.0778032,0.249428,0.311927,0.285714,0.314721,0.268493,0.600435,0.0964467,5.13892,0.284698,,-0.00426143,36.4574,-14.662,67.7586,-0.00426143,-1.3,-16.852560460567474,0.30567312240600586,-0.205972,999,,,,,,,326.4,3.264,326.4,3.264,,,,,,,,,,,,,,,,,,,"Andrew Pintar","sa3020715",801464
"Karell Paz",,52,183,164,33,22,6,2,3,18,19,11,0,57,5,1,2,1,5,3,0.20122,0.0601093,0.311475,0.192982,0.270718,0.317073,0.262068,0.587791,0.115854,6.58814,0.285714,,-0.514931,14.3208,-7.08621,69.5701,-0.514931,1.1,-7.173983156681061,-0.9171956777572632,-0.206256,999,,,,,,,126.9,2.440384615,126.9,2.440384615,,,,,,,,,,,,,,,,,,,"Karell Paz","sa3018969",801740
"Damon Keith","LAD",100,427,389,84,53,17,2,12,49,50,33,1,153,4,1,0,11,6,3,0.215938,0.0772834,0.358314,0.215686,0.283372,0.362468,0.283484,0.64584,0.14653,4.8919,0.32,,-0.717445,40.7753,-9.1743,82.1694,-0.717445,-1.7,-9.821930289268494,-6.406790018081665,-0.207505,999,,,,,,,368.9,3.689,368.9,3.689,,,,,,,,,,,,,,,,,,,"Damon Keith","sa3017179",701618
"Josh Rivera","TOR",92,333,305,58,45,8,2,3,29,24,25,0,117,2,1,0,4,4,2,0.190164,0.0750751,0.351351,0.213675,0.255255,0.259016,0.233363,0.514272,0.0688525,4.81731,0.295699,,-0.578267,18.3656,-20.5881,49.2909,-0.578267,3.1,-19.899529576301575,6.770634889602661,-0.209464,999,,,,,,,165.6,1.8,165.6,1.8,,,,,,,,,,,,,,,,,,,"Josh Rivera","sa3022590",687069
"Nate Nankil","ATH",117,498,449,100,72,20,1,7,40,51,33,0,119,14,2,0,12,2,2,0.222717,0.0662651,0.238956,0.277311,0.295181,0.318486,0.27577,0.613666,0.0957684,2.49746,0.286154,,-1.34921,44.4631,-13.792,81.7429,-1.34921,-1.4,-11.752414107322693,-6.889418005943298,-0.210763,999,,,,,,,379.7,3.245299145,379.7,3.245299145,,,,,,,,,,,,,,,,,,,"Nate Nankil","sa3022532",694977
"William Simoneit","CHC",71,272,243,45,30,10,1,4,24,29,18,0,103,7,2,2,6,1,1,0.185185,0.0661765,0.378676,0.174757,0.259259,0.283951,0.245296,0.54321,0.0987654,3.50359,0.297101,,-0.63909,17.6136,-14.2044,57.3129,-0.63909,-1.6,-14.523473799228668,3.397060751914978,-0.213634,999,,,,,,,155.4,2.188732394,155.4,2.188732394,,,,,,,,,,,,,,,,,,,"William Simoneit","sa3014885",686766
"Zac Fascia",,54,184,166,32,24,4,1,3,12,17,12,0,57,4,1,1,2,0,0,0.192771,0.0652174,0.309783,0.210526,0.262295,0.283133,0.246273,0.545428,0.0903614,2.13981,0.271028,,-0.315697,12.0598,-9.46416,58.2673,-0.315697,-2.5,-9.101873576641083,0.8803644180297852,-0.21562,999,,,,,,,106.7,1.975925925,106.7,1.975925925,,,,,,,,,,,,,,,,,,,"Zac Fascia","sa3018001",659359
"Nick Lucky","MIN",62,226,199,34,22,5,2,5,23,25,19,0,101,6,0,2,3,7,1,0.170854,0.0840708,0.446903,0.188119,0.263393,0.291457,0.252287,0.55485,0.120603,7.36803,0.311828,,0.62405,15.9066,-10.5304,61.9307,0.62405,-2.9,-9.220341086387634,-0.40881848335266113,-0.216401,999,,,,,,,149.8,2.416129032,149.8,2.416129032,,,,,,,,,,,,,,,,,,,"Nick Lucky","sa3024896",681879
"Jeffrey Wehler",,64,248,231,54,40,8,2,4,22,26,14,0,69,2,1,0,3,5,3,0.233766,0.0564516,0.278226,0.202899,0.282258,0.337662,0.273268,0.61992,0.103896,4.87159,0.314465,,-0.656995,21.6429,-7.36764,77.361,-0.656995,-4.2,-7.08112770318985,-3.288771092891693,-0.217161,999,,,,,,,192.7,3.0109375,192.7,3.0109375,,,,,,,,,,,,,,,,,,,"Jeffrey Wehler","sa3022159",694292
"Jared Dickey","ATH",113,468,426,97,69,15,5,8,45,48,29,0,100,11,2,0,11,5,3,0.2277,0.0619658,0.213675,0.29,0.292735,0.342723,0.281855,0.635458,0.115023,4.83175,0.278125,,-1.07529,44.0767,-10.669,86.0233,-1.07529,-4,-8.559659242630005,-9.158730030059814,-0.218676,999,,,,,,,385.5,3.411504424,385.5,3.411504424,,,,,,,,,,,,,,,,,,,"Jared Dickey","sa3022688",801406
"Ben Ramirez","SEA",105,425,394,78,57,15,1,5,38,34,21,0,137,4,2,4,10,4,2,0.19797,0.0494118,0.322353,0.153285,0.244656,0.279188,0.233408,0.523843,0.0812183,4.10436,0.287402,,-0.657191,23.4549,-26.2608,54.3539,-0.657191,5,-22.854375064373016,6.561581373214722,-0.219485,999,,,,,,,216,2.057142857,216,2.057142857,,,,,,,,,,,,,,,,,,,"Ben Ramirez","sa3016950",668756
"Zach Kokoska","COL",100,388,348,76,43,18,2,13,47,53,26,1,118,10,2,2,4,9,3,0.218391,0.0670103,0.304124,0.220339,0.290155,0.393678,0.298048,0.683834,0.175287,5.81183,0.287671,,-0.0306281,41.5992,-3.78831,77.1684,-0.0306281,2.7,-10.623901307582855,-4.428159952163696,-0.220113,999,,,,,,,380.1,3.801,380.1,3.801,,,,,,,,,,,,,,,,,,,"Zach Kokoska","sa3017165",694808
"Kobe Kato","ATL",60,231,204,44,33,9,1,1,26,18,23,0,60,3,1,0,3,7,3,0.215686,0.0995671,0.25974,0.383333,0.30303,0.284314,0.268557,0.587344,0.0686275,5.46352,0.298611,,-0.280672,19.2834,-7.73856,69.2306,-0.280672,-1.9,-8.780139029026031,-1.0512345433235168,-0.220895,999,,,,,,,166.5,2.775,166.5,2.775,,,,,,,,,,,,,,,,,,,"Kobe Kato","sa3017052",701158
"Jose Izarra","LAD",87,328,295,56,40,10,2,4,31,28,24,0,134,6,2,1,2,4,2,0.189831,0.0731707,0.408537,0.179104,0.262997,0.277966,0.244806,0.540963,0.0881356,5.05866,0.327044,,-0.562482,21.1106,-17.2582,56.1359,-0.562482,3.5,-17.767062664031982,4.705173373222351,-0.220928,999,,,,,,,188.6,2.167816091,188.6,2.167816091,,,,,,,,,,,,,,,,,,,"Jose Izarra","sa3019998",692222
"Zach Morgan","SFG",83,337,303,60,42,14,1,3,30,27,28,0,76,2,2,2,10,4,1,0.19802,0.0830861,0.225519,0.368421,0.268657,0.280528,0.247967,0.549185,0.0825083,4.2473,0.252212,,-0.173261,22.5473,-16.8743,58.5322,-0.173261,-2.7,-16.88423454761505,3.491211175918579,-0.224173,999,,,,,,,202.3,2.437349397,202.3,2.437349397,,,,,,,,,,,,,,,,,,,"Zach Morgan","sa3019968",681439
"Nick Martini","COL",90,334,294,71,46,12,3,10,45,44,30,0,78,7,3,0,5,1,2,0.241497,0.0898204,0.233533,0.384615,0.323353,0.404762,0.319141,0.728115,0.163265,4.23842,0.291866,,-1.26508,41.4799,2.40922,91.3654,-1.26508,0,-4.713743090629578,-8.590535163879395,-0.225326,750.5999755859375,,,,,,,356.8,3.964444444,356.8,3.964444444,,,,,,,,,,,,,,,,,,,"Nick Martini","12005",605361
"Patrick Dorrian",,89,350,317,57,35,11,2,9,37,36,29,0,129,3,1,0,4,2,1,0.179811,0.0828571,0.368571,0.224806,0.254286,0.312303,0.252658,0.566589,0.132492,4.56802,0.266667,,-0.533799,24.7387,-16.2036,59.3509,-0.533799,2.4,-17.546762943267822,3.686008334159851,-0.227769,999,,,,,,,227.1,2.551685393,227.1,2.551685393,,,,,,,,,,,,,,,,,,,"Patrick Dorrian","sa3007629",657562
"Casey Opitz","CHC",69,269,242,41,29,6,1,5,23,21,24,0,102,2,1,0,3,2,0,0.169421,0.0892193,0.379182,0.235294,0.249071,0.264463,0.23388,0.513533,0.0950413,4.19872,0.264706,,-0.0340832,14.9478,-16.5193,49.6295,-0.0340832,0.1,-16.236866809427738,5.041946031153202,-0.231027,999,,,,,,,139.5,2.02173913,139.5,2.02173913,,,,,,,,,,,,,,,,,,,"Casey Opitz","sa3017509",676053
"Christopher Familia","NYY",57,233,215,45,27,9,1,8,27,31,13,0,67,4,1,0,5,1,0,0.209302,0.055794,0.287554,0.19403,0.266094,0.372093,0.278637,0.638187,0.162791,4.22594,0.262411,,-0.147267,21.3408,-5.91512,79.7835,-0.147267,-1.9,-5.537011340260506,-4.468342185020447,-0.231154,999,,,,,,,196.9,3.454385964,196.9,3.454385964,,,,,,,,,,,,,,,,,,,"Christopher Familia","sa3011776",683532
"Wyatt Hendrie","PIT",67,246,223,44,33,8,1,2,24,21,15,0,80,4,1,3,9,5,0,0.197309,0.0609756,0.325203,0.1875,0.259259,0.269058,0.238843,0.528318,0.0717489,5.89802,0.295775,,0.589594,14.6524,-14.1242,47.8376,0.589594,-0.2,-14.754948437213898,4.319400116801262,-0.231704,999,,,,,,,137.6,2.053731343,137.6,2.053731343,,,,,,,,,,,,,,,,,,,"Wyatt Hendrie","sa3017163",689134
"Rodolfo Castro","PHI",114,417,379,81,52,13,2,14,43,54,29,1,120,6,3,0,9,3,5,0.21372,0.0695444,0.28777,0.241667,0.278177,0.369393,0.282808,0.647571,0.155673,3.63541,0.270161,,-2.10378,39.5932,-9.18661,79.4259,-2.10378,-5.3,-12.363091945648193,-3.767813205718994,-0.231795,999,,,,,,,352,3.087719298,352,3.087719298,,,,,,,,,,,,,,,,,,,"Rodolfo Castro","21987",666801
"Juan Montero","BOS",49,161,141,26,16,8,1,1,13,16,12,0,54,6,2,0,1,1,1,0.184397,0.0745342,0.335404,0.222222,0.273292,0.276596,0.250765,0.549888,0.0921986,4.18356,0.284091,,-0.473349,11.1345,-7.69901,54.3884,-0.473349,-1.7,-8.875814586877823,1.2578189373016357,-0.232476,999,,,,,,,96,1.959183673,96,1.959183673,,,,,,,,,,,,,,,,,,,"Juan Montero","sa3015314",695467
"Josh Hatcher","TEX",106,437,412,98,70,16,3,9,47,47,20,2,145,3,2,0,5,10,4,0.237864,0.0457666,0.331808,0.137931,0.276888,0.356796,0.274878,0.633684,0.118932,5.65256,0.342308,,-0.338236,38.7033,-12.4161,77.163,-0.338236,-0.3,-11.757160365581512,-5.117019474506378,-0.238216,999,,,,,,,361.7,3.41226415,361.7,3.41226415,,,,,,,,,,,,,,,,,,,"Josh Hatcher","sa3020115",677049
"Zac Veen","COL",87,368,329,76,51,13,3,9,43,40,30,0,96,3,3,3,8,18,4,0.231003,0.0815217,0.26087,0.3125,0.29863,0.370821,0.294043,0.669451,0.139818,6.94982,0.295154,,1.31701,38.2687,-4.77926,74.4727,1.31701,-0.6,-9.9164400100708,-4.656437516212463,-0.239409,999,,,,,,,358,4.114942528,358,4.114942528,,,,,,,,,,,,,,,,,,,"Zac Veen","sa3014516",691728
"Carson Roccaforte","KCR",116,511,467,93,60,21,5,7,53,43,39,0,152,2,3,0,4,17,9,0.199143,0.0763209,0.297456,0.256579,0.262231,0.310493,0.254128,0.572723,0.111349,6.56439,0.276527,,-1.04219,36.7228,-23.053,58.0807,-1.04219,4.3,-25.55202853679657,6.177572250366211,-0.24167,999,,,,,,,339.1,2.923275862,339.1,2.923275862,,,,,,,,,,,,,,,,,,,"Carson Roccaforte","sa3022825",811287
"Drew Mount",,35,132,120,26,18,4,1,3,15,15,7,0,41,4,1,0,2,1,1,0.216667,0.0530303,0.310606,0.170732,0.280303,0.341667,0.275242,0.62197,0.125,4.97979,0.298701,,-0.433887,11.7294,-3.71172,68.4491,-0.433887,1.1,-5.414092183113098,-1.32504403591156,-0.242021,999,,,,,,,103.2,2.948571428,103.2,2.948571428,,,,,,,,,,,,,,,,,,,"Drew Mount","sa3006728",681898
"George Lombard Jr.","NYY",116,522,474,92,65,21,1,5,48,45,40,1,151,7,1,0,3,19,6,0.194093,0.0766283,0.289272,0.264901,0.266284,0.274262,0.244549,0.540545,0.0801688,5.20921,0.272727,,0.493903,33.4889,-27.5737,55.805,0.493903,0.4,-25.90274378657341,6.153968244791031,-0.242458,999,,,,,,,315.1,2.71637931,315.1,2.71637931,,,,,,,,,,,,,,,,,,,"George Lombard Jr.","sa3023233",806146
"Aron Estrada","BAL",119,484,446,102,75,16,4,7,53,51,27,1,92,8,3,0,5,17,8,0.2287,0.0557851,0.190083,0.293478,0.283058,0.329596,0.270363,0.612654,0.100897,6.16805,0.271429,,-0.700325,41.1069,-15.5105,76.5937,-0.700325,-6.6,-13.662654161453247,-4.821634292602539,-0.242692,999,,,,,,,375.1,3.15210084,375.1,3.15210084,,,,,,,,,,,,,,,,,,,"Aron Estrada","sa3018552",800406
"Jake Rucker","MIN",122,506,463,105,74,21,3,7,47,51,30,1,116,7,4,2,10,4,5,0.226782,0.0592885,0.229249,0.258621,0.281746,0.330454,0.269847,0.6122,0.103672,3.81953,0.284884,,-2.0932,42.7653,-16.4256,74.2826,-2.0932,-4.1,-16.982815504074097,-2.2407994270324707,-0.243306,999,,,,,,,373.4,3.060655737,373.4,3.060655737,,,,,,,,,,,,,,,,,,,"Jake Rucker","sa3017757",696160
"Scott Kapers",,57,210,188,35,22,7,1,5,21,24,12,0,66,7,2,1,4,0,0,0.18617,0.0571429,0.314286,0.181818,0.258373,0.31383,0.255156,0.572203,0.12766,3.14881,0.252101,,-0.323589,15.2654,-9.30001,63.2901,-0.323589,-4.1,-9.144388198852539,-0.2419753074645996,-0.246411,999,,,,,,,138,2.421052631,138,2.421052631,,,,,,,,,,,,,,,,,,,"Scott Kapers","sa3007013",663727
"Bennett Lee","DET",51,195,171,27,18,7,0,2,14,16,18,0,59,5,1,0,3,0,0,0.157895,0.0923077,0.302564,0.305085,0.25641,0.233918,0.22952,0.490328,0.0760234,1.26204,0.225225,,-0.323589,10.1515,-12.6592,46.4307,-0.323589,-0.2,-12.276023864746094,3.382451578974724,-0.247159,999,,,,,,,88.3,1.731372549,88.3,1.731372549,,,,,,,,,,,,,,,,,,,"Bennett Lee","sa3022679",700939
"Luis Caicuto","PHI",67,260,234,46,35,9,0,2,18,23,16,0,54,9,1,0,8,1,1,0.196581,0.0615385,0.207692,0.296296,0.273077,0.260684,0.245219,0.533761,0.0641026,2.03368,0.24581,,-0.678552,16.8205,-13.5938,54.1262,-0.678552,-0.9,-14.941170752048492,3.876601815223694,-0.248518,999,,,,,,,142.6,2.128358208,142.6,2.128358208,,,,,,,,,,,,,,,,,,,"Luis Caicuto","sa3016923",691276
"Euribiel Angeles","ATH",120,472,454,105,82,16,3,4,36,40,13,0,75,2,2,1,13,10,3,0.231278,0.0275424,0.158898,0.173333,0.254777,0.306167,0.24573,0.560944,0.0748899,5.03987,0.267905,,0.0194158,30.7297,-24.4839,60.6121,0.0194158,-2.1,-21.25266172736883,3.1028218269348145,-0.249465,999,,,,,,,290.7,2.4225,290.7,2.4225,,,,,,,,,,,,,,,,,,,"Euribiel Angeles","sa3008877",683494
"Dustin Dickerson","KCR",101,421,364,74,64,9,0,1,46,27,45,0,108,5,2,5,7,5,3,0.203297,0.106888,0.256532,0.416667,0.298077,0.236264,0.250916,0.534341,0.032967,3.47741,0.284047,,-1.11476,29.1666,-20.0811,55.8213,-1.11476,1.3,-22.396182775497437,5.94065260887146,-0.250064,999,,,,,,,237,2.346534653,237,2.346534653,,,,,,,,,,,,,,,,,,,"Dustin Dickerson","sa3022828",815039
"Gleider Figuereo","TEX",120,496,459,90,57,16,2,15,54,58,30,0,163,5,2,0,8,2,1,0.196078,0.0604839,0.328629,0.184049,0.252016,0.337691,0.259128,0.589707,0.141612,3.90894,0.265018,,-0.731109,37.641,-20.3801,66.084,-0.731109,-0.8,-19.97936975955963,1.0224574208259583,-0.25019,999,,,,,,,349.8,2.915,349.8,2.915,,,,,,,,,,,,,,,,,,,"Gleider Figuereo","sa3015813",699213
"Jeremy Rivas","STL",126,479,431,93,79,11,1,2,47,35,33,0,109,5,3,7,7,14,6,0.215777,0.0688935,0.227557,0.302752,0.277542,0.259861,0.244673,0.537403,0.0440835,4.85596,0.281734,,-0.553452,30.7779,-25.2546,55.8158,-0.553452,2.2,-25.86179953813553,7.479982614517212,-0.251031,999,,,,,,,270,2.142857142,270,2.142857142,,,,,,,,,,,,,,,,,,,"Jeremy Rivas","sa3015193",692405
"Edgar Alvarez","CHC",28,116,105,21,15,4,0,2,8,10,10,1,48,1,0,0,1,0,1,0.2,0.0862069,0.413793,0.208333,0.275862,0.295238,0.254479,0.5711,0.0952381,1.38239,0.345455,,-0.602317,8.36905,-5.20041,63.4936,-0.602317,1.5,-5.6662479639053345,-0.6310994625091553,-0.251423,999,,,,,,,73.2,2.614285714,73.2,2.614285714,,,,,,,,,,,,,,,,,,,"Edgar Alvarez","sa3025269",827294
"Matt Beaty",,75,236,208,51,40,7,1,3,25,26,17,0,40,11,0,0,5,0,1,0.245192,0.0720339,0.169492,0.425,0.334746,0.331731,0.302651,0.666477,0.0865385,2.96343,0.290909,,-0.941691,26.1769,-1.42994,91.7367,-0.941691,-2.7,-3.2736923694610596,-7.035684823989868,-0.253066,999,,,,,,,213,2.84,213,2.84,,,,,,,,,,,,,,,,,,,"Matt Beaty","17710",607461
"Alerick Soularie",,76,270,238,46,31,8,2,5,35,26,23,0,85,4,2,3,3,11,4,0.193277,0.0851852,0.314815,0.270588,0.273408,0.306723,0.260402,0.580131,0.113445,7.3392,0.273333,,0.122214,20.7668,-10.8172,67.6385,0.122214,1.4,-9.875448644161224,-1.5761905908584595,-0.253139,999,,,,,,,191.9,2.525,191.9,2.525,,,,,,,,,,,,,,,,,,,"Alerick Soularie","sa3014436",669442
"Wilderd Patiño",,96,406,367,79,62,12,1,4,46,40,23,0,153,12,1,3,3,21,5,0.215259,0.0566502,0.376847,0.150327,0.282878,0.286104,0.258065,0.568982,0.0708447,6.52515,0.35545,,1.4094,30.4635,-17.0296,61.7271,1.4094,-0.3,-17.172025442123413,1.191769540309906,-0.254068,999,,,,,,,284.4,2.9625,284.4,2.9625,,,,,,,,,,,,,,,,,,,"Wilderd Patino","sa3007874",679741
"Parker Chavers","CHC",88,339,310,66,51,9,1,5,37,30,25,0,95,2,1,1,5,12,4,0.212903,0.0737463,0.280236,0.263158,0.275148,0.296774,0.256698,0.571922,0.083871,5.52074,0.2891,,0.164365,25.0633,-14.5922,64.9874,0.164365,4,-14.02900917828083,0.2632274627685547,-0.255792,999,,,,,,,231,2.625,231,2.625,,,,,,,,,,,,,,,,,,,"Parker Chavers","sa3017939",685091
"Max Burt",,89,312,288,51,34,10,1,6,37,30,18,0,111,4,2,0,4,10,2,0.177083,0.0576923,0.355769,0.162162,0.233974,0.28125,0.229793,0.515224,0.104167,6.86171,0.260116,,0.748012,16.3108,-20.1863,45.4252,0.748012,4.7,-18.734816551208496,5.846384286880493,-0.256929,999,,,,,,,168.1,1.888764044,168.1,1.888764044,,,,,,,,,,,,,,,,,,,"Max Burt","sa3007631",661733
"Nicholas Northcut",,103,413,387,74,36,16,1,21,41,58,20,1,155,5,1,0,7,0,0,0.191214,0.0484262,0.375303,0.129032,0.239709,0.400517,0.274609,0.640226,0.209302,1.98019,0.25,,-0.473545,36.4882,-11.8237,68.0227,-0.473545,-1.5,-16.266110688447952,0.01748967170715332,-0.25771,999,,,,,,,351.9,3.416504854,351.9,3.416504854,,,,,,,,,,,,,,,,,,,"Nicholas Northcut","sa3007640",678021
"Phillip Sikes","BOS",107,440,398,82,51,21,2,8,51,47,31,0,149,8,3,0,3,15,5,0.20603,0.0704545,0.338636,0.208054,0.275,0.329146,0.268209,0.604146,0.123116,6.37008,0.303279,,0.26465,36.6071,-14.8633,66.6587,0.26465,4.2,-16.52109181880951,-0.6500883102416992,-0.258561,999,,,,,,,340.2,3.179439252,340.2,3.179439252,,,,,,,,,,,,,,,,,,,"Phillip Sikes","sa3017113",689651
"Arturo Disla","TEX",119,489,451,100,65,19,0,16,44,65,28,0,121,9,1,0,14,2,2,0.221729,0.0572597,0.247444,0.231405,0.280164,0.370288,0.28572,0.650452,0.148559,1.96824,0.266667,,-1.21504,47.5756,-9.62671,84.789,-1.21504,-0.1,-9.72587263584137,-9.08368644863367,-0.259071,999,,,,,,,423.7,3.560504201,423.7,3.560504201,,,,,,,,,,,,,,,,,,,"Arturo Disla","sa3022618",815697
"Ronald Hernandez","NYM",103,429,384,77,57,13,2,5,37,39,38,1,137,5,2,0,12,4,1,0.200521,0.0885781,0.319347,0.277372,0.27972,0.283854,0.254888,0.563574,0.0833333,4.33349,0.295082,,-0.386356,31.0923,-19.0912,64.7372,-0.386356,-6.2,-18.476236194372177,1.6813936233520508,-0.259094,999,,,,,,,277.1,2.690291262,277.1,2.690291262,,,,,,,,,,,,,,,,,,,"Ronald Hernandez","sa3015738",698933
"Jack López","SEA",111,417,385,82,58,14,2,8,42,42,20,0,142,5,2,5,9,9,5,0.212987,0.0479616,0.340528,0.140845,0.259709,0.322078,0.256461,0.581787,0.109091,5.33669,0.312236,,-0.880103,30.7505,-18.0294,70.5697,-0.880103,-6.1,-14.922333657741547,-1.503438949584961,-0.260762,999,,,,,,,279.5,2.518018018,279.5,2.518018018,,,,,,,,,,,,,,,,,,,"Jack Lopez","13663",605346
"Kris Bryant","COL",74,308,272,66,44,14,0,8,35,32,28,1,76,7,1,0,7,1,0,0.242647,0.0909091,0.246753,0.368421,0.327922,0.382353,0.314014,0.710275,0.139706,2.52298,0.306878,,-0.415609,36.9799,0.950657,87.9144,-0.415609,0,-4.866831839084625,-7.921810626983643,-0.261492,506.739990234375,,,,,,,320.3,4.328378378,320.3,4.328378378,,,,,,,,,,,,,,,,,,,"Kris Bryant","15429",592178
"Colby Halter","ATH",65,266,238,49,35,11,1,2,24,21,24,1,100,3,1,0,1,6,5,0.205882,0.0902256,0.37594,0.24,0.285714,0.285714,0.257957,0.571429,0.0798319,4.4524,0.343066,,-1.30647,19.9357,-11.1805,69.2128,-1.30647,-1.7,-10.676849246025085,-0.7226337790489197,-0.261523,999,,,,,,,171.2,2.633846153,171.2,2.633846153,,,,,,,,,,,,,,,,,,,"Colby Halter","sa3022531",690985
"Drew Lugbauer","ATH",103,399,363,68,37,15,0,16,39,43,32,1,181,3,1,0,5,0,0,0.187328,0.0802005,0.453634,0.176796,0.258145,0.360882,0.270747,0.619027,0.173554,1.22917,0.311377,,-0.560362,34.0111,-12.6631,78.21,-0.560362,2,-10.508355259895325,-5.330246925354004,-0.262091,999,,,,,,,316.7,3.074757281,316.7,3.074757281,,,,,,,,,,,,,,,,,,,"Drew Lugbauer","sa829268",656666
"Tyler Robertson","SDP",78,311,278,62,44,10,2,6,34,32,16,0,105,6,2,9,5,10,4,0.223022,0.0514469,0.337621,0.152381,0.278146,0.338129,0.272068,0.616275,0.115108,6.30811,0.331361,,-0.140925,26.8405,-9.5397,76.4636,-0.140925,-0.6,-8.89401538670063,-4.028130650520325,-0.264963,999,,,,,,,239.8,3.074358974,239.8,3.074358974,,,,,,,,,,,,,,,,,,,"Tyler Robertson","sa3020010",805234
"Alberto Rodriguez",,108,471,437,99,69,21,3,6,46,44,26,1,145,5,2,1,7,6,3,0.226545,0.0552017,0.307856,0.17931,0.276596,0.329519,0.266691,0.606115,0.102975,4.70713,0.322917,,-0.796369,38.6108,-16.4859,77.7659,-0.796369,-0.3,-12.778806149959564,-5.491799175739288,-0.26538,999,,,,,,,347.8,3.22037037,347.8,3.22037037,,,,,,,,,,,,,,,,,,,"Alberto Rodriguez","sa3005603",679754
"Jarryd Dale",,97,378,344,64,45,12,2,5,33,31,24,0,129,4,2,4,9,8,4,0.186047,0.0634921,0.34127,0.186047,0.245989,0.276163,0.234166,0.522152,0.0901163,5.23623,0.278302,,-0.596172,21.0917,-23.126,50.9532,-0.596172,6.2,-22.766075253486633,7.588888645172119,-0.267428,999,,,,,,,195.6,2.016494845,195.6,2.016494845,,,,,,,,,,,,,,,,,,,"Jarryd Dale","sa3007022",673062
"Samuel Zavala","CHW",117,506,435,81,54,16,1,10,57,44,58,0,148,5,3,5,4,8,4,0.186207,0.114625,0.29249,0.391892,0.287425,0.296552,0.266148,0.583977,0.110345,4.26195,0.253571,,-0.943439,41.2588,-17.9321,70.4933,-0.943439,-3.3,-18.02694272994995,-1.4407994747161865,-0.268519,999,,,,,,,357.7,3.057264957,357.7,3.057264957,,,,,,,,,,,,,,,,,,,"Samuel Zavala","sa3015718",694214
"Hector Rodriguez","CIN",128,555,529,130,89,23,6,12,70,61,19,1,101,4,2,1,6,8,5,0.245747,0.0342342,0.181982,0.188119,0.276173,0.379962,0.283444,0.656135,0.134216,5.77644,0.282297,,-1.30109,52.9803,-11.9426,73.9692,-1.30109,3.6,-18.577067136764526,-2.5177249908447266,-0.269838,999,,,,,,,482.9,3.77265625,482.9,3.77265625,,,,,,,,,,,,,,,,,,,"Hector Rodriguez","sa3015828",699302
"Colin Barber","HOU",75,301,272,56,39,10,0,7,28,33,22,0,99,5,2,0,5,3,2,0.205882,0.0730897,0.328904,0.222222,0.275748,0.319853,0.265915,0.5956,0.113971,2.89246,0.291667,,-0.730913,24.4868,-10.7236,72.3856,-0.730913,0.9,-10.241506099700928,-2.4179011583328247,-0.271147,999,,,,,,,217.5,2.9,217.5,2.9,,,,,,,,,,,,,,,,,,,"Colin Barber","sa3010696",683145
"Peter Burns","LAA",26,83,73,13,9,2,1,1,7,11,5,0,19,4,1,0,1,1,1,0.178082,0.060241,0.228916,0.263158,0.26506,0.273973,0.245906,0.539033,0.0958904,5.31425,0.222222,,-0.34707,5.41555,-4.29363,54.9943,-0.34707,-2.3,-4.621234685182571,-0.775161623954773,-0.271574,999,,,,,,,46.8,1.8,46.8,1.8,,,,,,,,,,,,,,,,,,,"Peter Burns","sa3022424",686196
"Aramis Garcia","ARI",72,252,237,46,33,8,0,5,20,24,8,0,94,5,1,1,6,3,1,0.194093,0.031746,0.373016,0.0851064,0.23506,0.291139,0.233044,0.526199,0.0970464,3.47296,0.294964,,-0.168058,13.8336,-15.6449,44.8865,-0.168058,1.1,-16.776149183511734,5.729629635810852,-0.274168,999,,,,,,,132.7,1.843055555,132.7,1.843055555,,,,,,,,,,,,,,,,,,,"Aramis Garcia","16925",605244
"Junior Perez","ATH",111,457,413,80,51,19,2,8,47,41,35,0,183,2,3,4,6,18,5,0.193705,0.0765864,0.400438,0.191257,0.258278,0.307506,0.25152,0.565784,0.113801,6.32991,0.32,,0.880435,31.8828,-21.5762,64.6849,0.880435,-2,-17.58595383167267,-0.3208407163619995,-0.276005,999,,,,,,,307.9,2.773873873,307.9,2.773873873,,,,,,,,,,,,,,,,,,,"Junior Perez","sa3005744",678577
"William Bergolla","CHW",86,348,308,71,60,7,3,1,37,24,21,0,41,1,4,14,6,12,5,0.230519,0.0603448,0.117816,0.512195,0.278443,0.282468,0.250584,0.560911,0.0519481,6.24579,0.259259,,-0.272211,24.0163,-16.6921,59.5453,-0.272211,0.8,-16.38065868616104,2.0786595940589905,-0.278978,999,,,,,,,211.2,2.455813953,211.2,2.455813953,,,,,,,,,,,,,,,,,,,"William Bergolla","sa3019777",703151
"Amed Rosario","WSN",123,479,454,121,89,20,6,6,53,47,19,0,89,3,3,0,13,14,3,0.26652,0.039666,0.185804,0.213483,0.298539,0.376652,0.293637,0.675191,0.110132,6.6132,0.31768,,0.708922,49.6553,-6.37724,87.6685,0.708922,0,-6.354469299316406,-12.319958686828613,-0.281251,553.719970703125,,,,,,,456.4,3.710569105,456.4,3.710569105,,,,,,,,,,,,,,,,,,,"Amed Rosario","15518",642708
"Zach Arnold","PHI",99,372,340,73,54,12,2,5,35,33,21,0,108,6,3,2,6,3,2,0.214706,0.0564516,0.290323,0.194444,0.27027,0.305882,0.25645,0.576153,0.0911765,4.25559,0.295652,,-0.849299,27.4289,-16.0869,61.6855,-0.849299,1.4,-17.89315277338028,2.7668429613113403,-0.282809,999,,,,,,,243.1,2.455555555,243.1,2.455555555,,,,,,,,,,,,,,,,,,,"Zach Arnold","sa3022593",689984
"Cade Hunter","CIN",104,420,377,70,50,11,1,8,43,40,33,1,155,8,2,0,4,6,1,0.185676,0.0785714,0.369048,0.212903,0.264286,0.28382,0.247458,0.548105,0.0981432,4.86817,0.287037,,0.0846756,27.9285,-21.2023,49.7483,0.0846756,0.7,-25.153676226735115,8.416049182415009,-0.284138,999,,,,,,,259.4,2.494230769,259.4,2.494230769,,,,,,,,,,,,,,,,,,,"Cade Hunter","sa3020199",687192
"Ryan Casteel",,64,213,196,37,22,6,1,8,19,24,15,0,79,2,0,0,6,0,0,0.188776,0.0704225,0.370892,0.189873,0.253521,0.352041,0.266143,0.605562,0.163265,2.33036,0.266055,,-0.307804,17.367,-7.54934,67.6061,-0.307804,-5.2,-8.558752417564392,-1.286860466003418,-0.284272,999,,,,,,,160.5,2.5078125,160.5,2.5078125,,,,,,,,,,,,,,,,,,,"Ryan Casteel","sa549286",592205
"Max McDowell",,65,232,205,36,26,6,0,4,22,24,16,0,78,9,1,1,6,1,1,0.17561,0.0689655,0.336207,0.205128,0.264069,0.263415,0.243106,0.527484,0.0878049,2.79272,0.258065,,-0.60752,14.6145,-12.5244,56.1442,-0.60752,-2.5,-12.249331295490265,1.7621989250183105,-0.284354,999,,,,,,,125.7,1.933846153,125.7,1.933846153,,,,,,,,,,,,,,,,,,,"Max McDowell","sa875626",664120
"Robert Moore","PHI",111,477,430,89,62,20,1,6,45,45,32,1,105,8,2,5,5,11,8,0.206977,0.067086,0.220126,0.304762,0.273305,0.3,0.256406,0.573305,0.0930233,4.32463,0.258567,,-1.83719,35.154,-20.6445,61.6557,-1.83719,-0.2,-23.708760261535645,5.057936474680901,-0.285692,999,,,,,,,307,2.765765765,307,2.765765765,,,,,,,,,,,,,,,,,,,"Robert Moore","sa3019928",691001
"Ryan Lasko","ATH",124,564,505,95,68,22,1,4,49,41,48,0,172,9,2,0,16,17,5,0.188119,0.0851064,0.304965,0.27907,0.269504,0.259406,0.242735,0.52891,0.0712871,4.92118,0.274924,,0.388415,35.36,-30.6157,58.5056,0.388415,2.7,-26.38934624195099,4.772310495376587,-0.290809,999,,,,,,,323.4,2.608064516,323.4,2.608064516,,,,,,,,,,,,,,,,,,,"Ryan Lasko","sa3022539",805782
"DJ Stewart","PIT",96,339,295,62,41,11,1,9,33,34,35,0,91,7,2,0,6,4,1,0.210169,0.103245,0.268437,0.384615,0.306785,0.345763,0.292467,0.652547,0.135593,3.92539,0.269036,,-0.260077,34.8229,-4.83264,83.9303,-0.260077,-3.6,-6.774409264326096,-7.336772441864014,-0.291465,749.6599731445312,,,,,,,305.2,3.179166666,305.2,3.179166666,,,,,,,,,,,,,,,,,,,"DJ Stewart","17766",621466
"Connor Kokx",,83,297,262,54,41,10,1,2,34,27,23,0,79,10,1,1,6,11,4,0.206107,0.0774411,0.265993,0.291139,0.293919,0.274809,0.261607,0.568728,0.0687023,5.9014,0.285714,,-0.00406486,23.1316,-11.6108,69.0537,-0.00406486,-3.3,-10.520566284656525,-2.208730101585388,-0.292136,999,,,,,,,202.6,2.440963855,202.6,2.440963855,,,,,,,,,,,,,,,,,,,"Connor Kokx","sa3017735",701634
"Darius Hill","CHC",103,431,400,98,75,19,2,2,45,37,24,0,83,2,3,2,8,2,3,0.245,0.0556845,0.192575,0.289157,0.289044,0.3175,0.268581,0.606544,0.0725,3.48883,0.301887,,-1.61215,35.9875,-14.4301,72.9857,-1.61215,3.1,-15.535144686698914,-1.6508817672729492,-0.292616,999,,,,,,,307.5,2.985436893,307.5,2.985436893,,,,,,,,,,,,,,,,,,,"Darius Hill","sa3010395",675628
"Brian Anderson",,91,356,318,68,48,11,1,8,35,36,30,1,112,5,3,0,9,1,1,0.213836,0.0842697,0.314607,0.267857,0.289326,0.330189,0.275193,0.619515,0.116352,2.83082,0.298507,,-0.852185,31.6197,-10.0245,73.6975,-0.852185,3.9,-12.049351453781128,-2.640270233154297,-0.292737,999,,,,,,,279.7,3.073626373,279.7,3.073626373,,,,,,,,,,,,,,,,,,,"Brian Anderson","18289",605119
"Keaton Anthony","PHI",104,447,403,97,73,16,1,7,43,50,32,1,84,9,3,0,13,1,1,0.240695,0.0715884,0.187919,0.380952,0.308725,0.337469,0.287484,0.646194,0.0967742,2.45402,0.285714,,-1.09685,44.1242,-8.16496,82.5737,-1.09685,0.9,-10.41168475151062,-7.312080979347229,-0.293125,999,,,,,,,380.2,3.65576923,380.2,3.65576923,,,,,,,,,,,,,,,,,,,"Keaton Anthony","sa3022608",805704
"Cole Roberts","PHI",38,127,113,24,19,3,1,1,14,9,10,0,31,0,2,2,2,5,2,0.212389,0.0787402,0.244094,0.322581,0.272,0.283186,0.248373,0.555186,0.0707965,6.41365,0.277108,,-0.0388931,8.5386,-6.31761,55.2041,-0.0388931,-0.7,-6.841935940086842,-0.23336270451545715,-0.293936,999,,,,,,,79.1,2.081578947,79.1,2.081578947,,,,,,,,,,,,,,,,,,,"Cole Roberts","sa3022403",689731
"Quinn McDaniel","SFG",114,500,445,87,56,18,4,9,50,48,46,0,184,5,3,1,5,20,5,0.195506,0.092,0.368,0.25,0.276553,0.314607,0.264655,0.59116,0.119101,6.8583,0.305882,,1.13048,40.1689,-18.3202,69.7647,1.13048,-4.4,-16.947346687316895,-2.562845468521118,-0.295343,999,,,,,,,378.8,3.322807017,378.8,3.322807017,,,,,,,,,,,,,,,,,,,"Quinn McDaniel","sa3022701",814194
"Jairo Pomares","SFG",88,362,341,80,50,19,1,10,39,45,13,0,109,5,1,2,4,4,1,0.234604,0.0359116,0.301105,0.119266,0.272222,0.384164,0.284905,0.656386,0.14956,4.46449,0.313901,,-0.141691,34.9821,-7.36392,83.394,-0.141691,-3.6,-7.330149084329605,-7.590299844741821,-0.295941,999,,,,,,,320.6,3.643181818,320.6,3.643181818,,,,,,,,,,,,,,,,,,,"Jairo Pomares","sa3010023",682646
"Terence Doston",,54,175,160,36,30,4,0,2,21,14,11,0,41,3,0,1,4,6,2,0.225,0.0628571,0.234286,0.268293,0.287356,0.2875,0.260399,0.574856,0.0625,5.01472,0.290598,,0.0427206,13.4595,-7.01162,64.5605,0.0427206,0.6,-7.373572051525116,-1.3290122747421265,-0.296914,999,,,,,,,119.8,2.218518518,119.8,2.218518518,,,,,,,,,,,,,,,,,,,"Terence Doston","sa1170340",688392
"Grant Witherspoon",,82,339,307,62,41,11,2,8,33,32,28,1,111,2,1,1,8,5,3,0.201954,0.0825959,0.327434,0.252252,0.272189,0.32899,0.265794,0.60118,0.127036,4.79665,0.285714,,-0.767489,27.5453,-12.1103,71.9465,-0.767489,1.2,-11.649060547351837,-2.5367724895477295,-0.297966,999,,,,,,,249.8,3.046341463,249.8,3.046341463,,,,,,,,,,,,,,,,,,,"Grant Witherspoon","sa3007047",680710
"Raudelis Martinez","TBR",83,322,292,53,40,9,1,3,28,25,21,0,58,4,4,1,7,4,1,0.181507,0.0652174,0.180124,0.362069,0.242991,0.25,0.223208,0.492991,0.0684932,4.55148,0.212766,,-0.118014,15.127,-22.5399,44.8497,-0.118014,0.9,-20.43732690066099,6.815637946128845,-0.29823,999,,,,,,,144.6,1.742168674,144.6,1.742168674,,,,,,,,,,,,,,,,,,,"Raudelis Martinez","sa3016835",696020
"Keshawn Ogans","ATL",103,412,377,83,64,15,1,3,39,38,23,0,94,9,2,1,10,8,5,0.220159,0.0558252,0.228155,0.244681,0.279805,0.289125,0.256245,0.56893,0.0689655,4.26481,0.283688,,-1.1827,30.3103,-17.8847,60.944,-1.1827,2.3,-20.424510598182678,3.8138153553009033,-0.298543,999,,,,,,,262.4,2.547572815,262.4,2.547572815,,,,,,,,,,,,,,,,,,,"Keshawn Ogans","sa3019893",687248
"Logan Warmoth",,91,348,305,59,43,11,1,4,34,28,33,0,110,6,3,1,7,9,4,0.193443,0.0948276,0.316092,0.3,0.282421,0.27541,0.255226,0.557831,0.0819672,4.88049,0.283505,,-0.467204,25.3164,-15.392,69.701,-0.467204,-5.8,-12.531796604394913,-1.9640214443206787,-0.298995,999,,,,,,,223.5,2.456043956,223.5,2.456043956,,,,,,,,,,,,,,,,,,,"Logan Warmoth","sa3004813",657089
"J.T. Arruda","WSN",109,419,373,76,55,15,3,3,38,32,36,0,109,2,2,6,8,8,2,0.203753,0.0859189,0.260143,0.330275,0.276029,0.284182,0.252974,0.560211,0.080429,5.45604,0.277567,,0.0559919,29.7223,-19.2915,60.2994,0.0559919,1.4,-19.835705004632473,2.9395354986190796,-0.303952,999,,,,,,,265,2.43119266,265,2.43119266,,,,,,,,,,,,,,,,,,,"J.T. Arruda","sa3010036",686793
"Shawn Goosenberg","CHW",102,424,389,86,56,20,2,8,47,44,27,0,135,6,1,1,8,11,5,0.22108,0.0636792,0.318396,0.2,0.281324,0.344473,0.276523,0.625797,0.123393,5.64625,0.315789,,-0.527458,38.1131,-11.4856,77.7912,-0.527458,2,-11.301955580711365,-5.7895355224609375,-0.305416,999,,,,,,,343.1,3.36372549,343.1,3.36372549,,,,,,,,,,,,,,,,,,,"Shawn Goosenberg","sa3017116",700361
"Murphy Stehly","WSN",76,294,267,59,45,11,1,2,26,29,14,1,84,11,2,0,7,3,2,0.220974,0.047619,0.285714,0.166667,0.285714,0.292135,0.259542,0.577849,0.071161,3.9286,0.311475,,-0.75459,22.4094,-11.9822,64.7199,-0.75459,-0.7,-13.157905519008636,0.38024693727493286,-0.308508,999,,,,,,,194.9,2.564473684,194.9,2.564473684,,,,,,,,,,,,,,,,,,,"Murphy Stehly","sa3020276",693822
"David Dahl",,89,346,320,76,48,17,1,10,38,42,23,1,90,1,2,0,6,3,1,0.2375,0.066474,0.260116,0.255556,0.289017,0.390625,0.294536,0.679642,0.153125,3.88176,0.297297,,-0.365368,36.118,-4.35641,87.3197,-0.365368,0,-5.611840754747391,-8.899176597595215,-0.308684,999,,,,,,,329.5,3.702247191,329.5,3.702247191,,,,,,,,,,,,,,,,,,,"David Dahl","13744",621311
"Nelson Medina",,55,202,186,37,28,5,2,2,17,15,13,0,92,2,1,0,6,4,1,0.198925,0.0643564,0.455446,0.141304,0.257426,0.27957,0.240783,0.536996,0.0806452,6.2304,0.376344,,0.0556194,12.3471,-11.2825,53.1563,0.0556194,0.3,-10.771370686590672,1.0422104597091675,-0.309356,999,,,,,,,115.7,2.103636363,115.7,2.103636363,,,,,,,,,,,,,,,,,,,"Nelson Medina","sa3005549",678729
"Tyler Dearden","MIN",73,293,265,61,42,13,1,5,28,29,22,1,90,4,2,0,4,0,0,0.230189,0.0750853,0.307167,0.244444,0.296928,0.343396,0.282637,0.640325,0.113208,2.36081,0.325581,,-0.528792,27.7796,-6.49498,83.2795,-0.528792,-3.4,-6.134383141994476,-6.629717826843262,-0.309502,999,,,,,,,245,3.356164383,245,3.356164383,,,,,,,,,,,,,,,,,,,"Tyler Dearden","sa3005103",676280
"Colby Smelley","CHW",77,308,279,60,46,11,1,2,25,26,20,0,92,7,2,0,10,0,0,0.215054,0.0649351,0.298701,0.217391,0.282468,0.283154,0.256074,0.565622,0.0681004,2.11081,0.31016,,-0.576147,22.6167,-13.4126,63.4069,-0.576147,-5.5,-13.472163915634155,0.15843629837036133,-0.314624,999,,,,,,,194.4,2.524675324,194.4,2.524675324,,,,,,,,,,,,,,,,,,,"Colby Smelley","sa3017797",702457
"Nick Ward",,93,370,324,68,54,9,1,4,39,32,34,1,101,7,2,3,4,7,1,0.209877,0.0918919,0.272973,0.336634,0.297003,0.280864,0.263589,0.577867,0.0709877,5.02666,0.289593,,0.253106,29.4073,-13.8746,65.8868,0.253106,-1.9,-14.840234965085983,-0.5405055284500122,-0.315965,999,,,,,,,259.7,2.792473118,259.7,2.792473118,,,,,,,,,,,,,,,,,,,"Nick Ward","sa3007089",682187
"Nick Senzel","CHW",98,345,310,68,49,12,0,7,40,30,31,1,74,2,1,1,7,4,4,0.219355,0.0898551,0.214493,0.418919,0.293605,0.325806,0.276148,0.619411,0.106452,3.12669,0.265217,,-1.45931,30.9078,-9.44964,77.5276,-1.45931,-5.5,-10.330349326133728,-4.232363343238831,-0.316232,999,,,,,,,266.8,2.722448979,266.8,2.722448979,,,,,,,,,,,,,,,,,,,"Nick Senzel","19293",669222
"Rainer Nunez","TOR",113,468,435,104,76,17,1,10,43,48,29,0,121,2,2,0,17,1,0,0.23908,0.0619658,0.258547,0.239669,0.288462,0.351724,0.281724,0.640186,0.112644,2.4855,0.30719,,-0.644489,44.0274,-10.7183,83.309,-0.644489,-0.5,-9.582332491874695,-9.097883224487305,-0.318012,999,,,,,,,391.3,3.462831858,391.3,3.462831858,,,,,,,,,,,,,,,,,,,"Rainer Nunez","sa3005551",678742
"Noah Mendlinger","STL",107,422,374,89,72,15,1,1,41,39,29,0,62,12,2,5,8,3,4,0.237968,0.0687204,0.146919,0.467742,0.311751,0.291444,0.27474,0.603194,0.0534759,3.09483,0.28115,,-1.91187,37.3277,-12.037,76.0531,-1.91187,-4.7,-13.996227622032166,-3.149441361427307,-0.319402,999,,,,,,,300.5,2.808411214,300.5,2.808411214,,,,,,,,,,,,,,,,,,,"Noah Mendlinger","sa3017001",702331
"Erick Brito","PHI",115,432,390,83,65,13,3,2,43,34,25,0,76,7,1,9,13,11,6,0.212821,0.0578704,0.175926,0.328947,0.271868,0.276923,0.247654,0.548791,0.0641026,5.58012,0.258786,,-0.995603,28.7945,-21.74,55.765,-0.995603,1.6,-23.84690648317337,6.361904740333557,-0.320055,999,,,,,,,248.5,2.160869565,248.5,2.160869565,,,,,,,,,,,,,,,,,,,"Erick Brito","sa3011753",684081
"Angel Zarate",,60,245,217,45,34,8,1,2,23,19,19,0,53,4,3,2,4,7,2,0.207373,0.077551,0.216327,0.358491,0.279835,0.281106,0.253815,0.560941,0.0737327,5.43168,0.260606,,0.140119,17.5452,-11.1144,63.5729,0.140119,1.5,-10.071553647518158,-1.2006173133850098,-0.320674,999,,,,,,,159.4,2.656666666,159.4,2.656666666,,,,,,,,,,,,,,,,,,,"Angel Zarate","sa3020825",702311
"Nelson Rada","LAA",125,539,471,103,86,12,1,4,59,42,46,0,138,10,3,9,10,23,8,0.218684,0.0853432,0.25603,0.333333,0.3,0.273885,0.263341,0.573885,0.0552017,5.42189,0.298193,,0.239225,42.7319,-20.3193,67.2582,0.239225,-3.1,-19.9535890519619,-1.1195472478866577,-0.320707,999,,,,,,,373.2,2.9856,373.2,2.9856,,,,,,,,,,,,,,,,,,,"Nelson Rada","sa3018421",703185
"Jacob Godman","ATL",62,216,184,30,23,4,2,1,21,15,28,0,66,2,2,0,0,3,1,0.163043,0.12963,0.305556,0.424242,0.277778,0.222826,0.237327,0.500604,0.0597826,5.69702,0.243697,,-0.223305,12.6019,-12.6653,48.2109,-0.223305,-0.7,-13.60014060139656,3.2682538628578186,-0.324175,999,,,,,,,109.3,1.762903225,109.3,1.762903225,,,,,,,,,,,,,,,,,,,"Jacob Godman","sa3022504",702066
"Josh Hood","SEA",113,494,456,93,66,15,2,10,58,45,34,0,147,2,2,0,13,10,3,0.203947,0.0688259,0.297571,0.231293,0.261134,0.311404,0.254163,0.572537,0.107456,5.54977,0.275748,,-0.0200463,35.515,-22.2722,68.9533,-0.0200463,-7.5,-17.568849608302116,-2.054673671722412,-0.325921,999,,,,,,,332.3,2.940707964,332.3,2.940707964,,,,,,,,,,,,,,,,,,,"Josh Hood","sa3020268",681377
"Nelson Quiroz","LAD",52,196,183,41,34,5,0,2,21,15,11,0,20,2,0,0,3,0,0,0.224044,0.0561224,0.102041,0.55,0.27551,0.284153,0.25189,0.559663,0.0601093,1.89286,0.242236,,-0.370944,13.7324,-9.19525,60.9042,-0.370944,-3.8,-9.53415185213089,-0.19917678833007812,-0.331143,999,,,,,,,118.9,2.286538461,118.9,2.286538461,,,,,,,,,,,,,,,,,,,"Nelson Quiroz","sa3009565",685716
"Alex Isola","MIN",95,390,351,76,53,14,0,9,36,40,34,1,94,3,2,0,7,2,1,0.216524,0.0871795,0.241026,0.361702,0.289744,0.333333,0.276713,0.623077,0.116809,2.32488,0.268,,-0.707432,35.1166,-10.5049,79.1121,-0.707432,-1.9,-10.028491199016571,-6.198941588401794,-0.333234,999,,,,,,,311.8,3.282105263,311.8,3.282105263,,,,,,,,,,,,,,,,,,,"Alex Isola","sa1170516",684576
"Elliot Soto",,97,375,333,64,48,12,2,2,40,25,32,1,118,3,2,5,8,10,2,0.192192,0.0853333,0.314667,0.271186,0.267568,0.258258,0.238965,0.525826,0.0660661,6.16076,0.288372,,0.542809,22.3728,-21.494,50.1117,0.542809,1,-20.863201081752777,5.1335978507995605,-0.333461,999,,,,,,,208.8,2.152577319,208.8,2.152577319,,,,,,,,,,,,,,,,,,,"Elliot Soto","11155",519303
"Nick Schnell","WSN",102,403,372,80,52,17,1,10,47,42,24,0,137,3,3,1,5,5,3,0.215054,0.0595534,0.33995,0.175182,0.266169,0.346774,0.268558,0.612943,0.13172,4.50528,0.307018,,-0.838521,33.642,-13.5002,70.7882,-0.838521,2.7,-14.915988504886627,-1.7422397136688232,-0.334406,999,,,,,,,307.1,3.010784313,307.1,3.010784313,,,,,,,,,,,,,,,,,,,"Nick Schnell","sa3007639",678010
"Carter Kieboom","LAA",88,353,312,70,51,11,0,8,43,37,34,0,86,6,1,0,10,2,1,0.224359,0.0963173,0.243626,0.395349,0.311615,0.336538,0.291543,0.648153,0.112179,2.96918,0.283105,,-0.723217,35.9984,-5.29483,87.0959,-0.723217,0,-5.935240566730499,-9.079217910766602,-0.335345,999,,,,,,,308.1,3.501136363,308.1,3.501136363,,,,,,,,,,,,,,,,,,,"Carter Kieboom","19958",666198
"Zach Britton",,63,263,233,44,28,11,1,4,26,26,24,0,95,5,1,0,6,3,1,0.188841,0.0912548,0.361217,0.252632,0.277567,0.296137,0.260134,0.573704,0.107296,4.56632,0.296296,,-0.254874,20.1718,-10.5934,68.1223,-0.254874,-7,-9.84774136543274,-2.168283462524414,-0.335527,999,,,,,,,178.5,2.833333333,178.5,2.833333333,,,,,,,,,,,,,,,,,,,"Zach Britton","sa3014821",676309
"Kevin Padlo",,88,366,326,63,39,14,1,9,38,38,35,0,114,2,3,0,7,6,2,0.193252,0.0956284,0.311475,0.307018,0.273224,0.325153,0.266517,0.598377,0.131902,4.5265,0.262136,,-0.209837,29.9521,-12.8618,71.5965,-0.209837,3.9,-12.641057908535004,-2.8239855766296387,-0.338428,999,,,,,,,274.5,3.119318181,274.5,3.119318181,,,,,,,,,,,,,,,,,,,"Kevin Padlo","16593",656821
"Casey Yamauchi","ATH",88,327,299,68,58,9,1,0,32,25,14,0,36,10,1,3,10,11,4,0.227425,0.0428135,0.110092,0.388889,0.283951,0.264214,0.249595,0.548165,0.0367893,5.30184,0.257576,,-0.0672042,22.3068,-15.945,63.3314,-0.0672042,-1.6,-13.787017583847046,-0.398500919342041,-0.339247,999,,,,,,,195.3,2.219318181,195.3,2.219318181,,,,,,,,,,,,,,,,,,,"Casey Yamauchi","sa3022528",671748
"Juan Zabala",,66,242,222,45,33,8,0,4,21,21,14,0,74,2,1,3,7,3,3,0.202703,0.0578512,0.305785,0.189189,0.25523,0.292793,0.24443,0.548023,0.0900901,2.96859,0.282759,,-1.00175,15.5023,-12.8064,57.8613,-1.00175,-2.6,-13.19608199596405,1.845914363861084,-0.339921,999,,,,,,,136.1,2.062121212,136.1,2.062121212,,,,,,,,,,,,,,,,,,,"Juan Zabala","sa913717",668558
"Quincy Nieporte",,89,349,315,70,47,13,1,9,33,39,26,0,81,3,4,1,12,2,0,0.222222,0.0744986,0.232092,0.320988,0.284483,0.355556,0.281214,0.640038,0.133333,3.52428,0.266376,,-0.199824,32.6893,-8.13608,85.5728,-0.199824,0,-5.9610302448272705,-8.976337432861328,-0.341154,999,,,,,,,295.8,3.323595505,295.8,3.323595505,,,,,,,,,,,,,,,,,,,"Quincy Nieporte","sa3004819",676811
"Bryce Windham",,72,272,243,52,40,10,1,1,23,20,21,0,62,1,2,5,5,5,1,0.213992,0.0772059,0.227941,0.33871,0.277154,0.27572,0.249604,0.552874,0.0617284,4.62138,0.28022,,0.105663,18.5569,-13.2612,60.2129,0.105663,-4.6,-12.835469126701355,0.3970608711242676,-0.349134,999,,,,,,,165,2.291666666,165,2.291666666,,,,,,,,,,,,,,,,,,,"Bryce Windham","sa3010403",690180
"Duke Ellis","NYY",96,342,311,64,50,8,2,4,41,30,23,0,106,4,1,3,3,32,4,0.205788,0.0672515,0.309942,0.216981,0.268437,0.282958,0.248466,0.551395,0.0771704,8.12595,0.29703,,4.17226,23.0194,-16.9871,58.5608,4.17226,-4,-12.043728351593018,-2.7433862686157227,-0.349736,999,,,,,,,250.2,2.60625,250.2,2.60625,,,,,,,,,,,,,,,,,,,"Duke Ellis","27543",668752
"Randy Florentino",,55,182,170,36,27,6,1,2,16,15,9,0,45,1,2,0,2,1,1,0.211765,0.0494506,0.247253,0.2,0.252747,0.294118,0.241453,0.546865,0.0823529,3.81776,0.272,,-0.497026,11.2226,-10.0674,56.2576,-0.497026,-3.2,-9.606212198734283,0.14362144470214844,-0.350682,999,,,,,,,102.6,1.865454545,102.6,1.865454545,,,,,,,,,,,,,,,,,,,"Randy Florentino","sa3005529",678594
"Jesus Moreno",,25,85,76,12,9,2,0,1,6,7,6,0,36,2,1,0,1,0,0,0.157895,0.0705882,0.423529,0.166667,0.235294,0.223684,0.212577,0.458978,0.0657895,1.35609,0.275,,-0.134171,3.26589,-6.67724,33.3393,-0.134171,-1.2,-6.61744898557663,0.36158132553100586,-0.353452,999,,,,,,,30.4,1.216,30.4,1.216,,,,,,,,,,,,,,,,,,,"Jesus Moreno","sa3007914",678986
"Jalen Vasquez","BAL",93,347,310,59,41,12,3,3,34,27,34,0,108,2,1,0,1,15,5,0.190323,0.0979827,0.311239,0.314815,0.273775,0.277419,0.2507,0.551195,0.0870968,6.60151,0.28,,0.367251,23.9797,-16.6117,62.7624,0.367251,-4.4,-14.417592912912369,-0.5750441551208496,-0.353748,999,,,,,,,223,2.397849462,223,2.397849462,,,,,,,,,,,,,,,,,,,"Jalen Vasquez","sa3022920",694884
"Pierce Bennett","PHI",84,344,304,65,50,9,3,3,38,30,31,1,61,7,2,0,11,5,3,0.213816,0.0901163,0.177326,0.508197,0.299419,0.292763,0.268249,0.592182,0.0789474,5.14643,0.256198,,-0.90166,28.6312,-11.6093,69.6269,-0.90166,2.3,-13.395858764648438,-1.491887092590332,-0.35447,999,,,,,,,246.5,2.934523809,246.5,2.934523809,,,,,,,,,,,,,,,,,,,"Pierce Bennett","sa3022816",803139
"Justin Bench",,60,259,232,47,37,9,0,1,24,23,11,0,69,10,1,5,5,3,1,0.202586,0.042471,0.266409,0.15942,0.267717,0.25431,0.239155,0.522027,0.0517241,3.9863,0.282209,,-0.262767,15.4917,-14.8057,52.601,-0.262767,1.9,-14.942893087863922,2.851646065711975,-0.35799,999,,,,,,,132.6,2.21,132.6,2.21,,,,,,,,,,,,,,,,,,,"Justin Bench","sa3020494",699478
"Freddy Zamora","MIL",96,389,348,70,54,12,0,4,40,33,32,0,100,7,2,0,9,7,2,0.201149,0.0822622,0.257069,0.32,0.280206,0.270115,0.251819,0.550321,0.0689655,4.12985,0.268293,,-0.144008,27.2326,-18.2719,58.7861,-0.144008,-1.4,-19.315442472696304,2.887919068336487,-0.358729,999,,,,,,,241.1,2.511458333,241.1,2.511458333,,,,,,,,,,,,,,,,,,,"Freddy Zamora","sa3014500",668965
"Andrew Knizner","WSN",77,245,225,46,33,8,0,5,24,21,15,0,59,4,1,0,8,1,0,0.204444,0.0612245,0.240816,0.254237,0.265306,0.306667,0.255501,0.571973,0.102222,2.8944,0.253086,,-0.210406,17.8777,-10.782,62.0002,-0.210406,-4.8,-11.34331764280796,-0.29897117614746094,-0.359773,999,,,,,,,161.7,2.1,161.7,2.1,,,,,,,,,,,,,,,,,,,"Andrew Knizner","19514",668800
"Israel Pineda",,81,304,288,52,38,9,0,5,21,24,14,0,92,1,1,0,9,1,0,0.180556,0.0460526,0.302632,0.152174,0.220395,0.263889,0.215168,0.484284,0.0833333,2.28087,0.244792,,-0.218298,12.3143,-23.2471,34.8532,-0.218298,4.7,-23.90081638097763,10.284949779510498,-0.360683,999,,,,,,,123.2,1.520987654,123.2,1.520987654,,,,,,,,,,,,,,,,,,,"Israel Pineda","22906",672832
"David Avitia","CHC",35,124,109,17,12,4,0,1,8,8,8,0,67,3,1,3,1,0,0,0.155963,0.0645161,0.540323,0.119403,0.231405,0.220183,0.209269,0.451588,0.0642202,1.34077,0.380952,,-0.181526,4.43418,-10.0711,33.0645,-0.181526,0.2,-10.106732845306396,2.4780716449022293,-0.361404,999,,,,,,,40.2,1.148571428,40.2,1.148571428,,,,,,,,,,,,,,,,,,,"David Avitia","sa3020939",669347
"Jesus Valdez","ARI",78,280,264,56,40,9,1,6,27,27,13,0,93,1,1,1,5,2,2,0.212121,0.0464286,0.332143,0.139785,0.250896,0.32197,0.251344,0.572866,0.109848,3.77893,0.301205,,-0.836204,19.4947,-13.2592,57.2034,-0.836204,1.3,-15.165622770786285,2.328806519508362,-0.362767,999,,,,,,,178,2.282051282,178,2.282051282,,,,,,,,,,,,,,,,,,,"Jesus Valdez","sa3005492",678232
"Kevin Kilpatrick Jr.","ATL",116,528,483,99,72,19,4,4,64,46,36,0,164,6,2,1,10,21,5,0.204969,0.0681818,0.310606,0.219512,0.267552,0.285714,0.248587,0.553266,0.0807453,7.1653,0.299685,,1.27523,35.5901,-26.1744,55.79,1.27523,3.6,-26.638332843780518,5.540035128593445,-0.363059,999,,,,,,,338.8,2.920689655,338.8,2.920689655,,,,,,,,,,,,,,,,,,,"Kevin Kilpatrick Jr.","sa3019891",687201
"Kyle Battle",,36,114,101,16,9,4,1,2,13,10,10,0,46,2,1,0,1,5,1,0.158416,0.0877193,0.403509,0.217391,0.245614,0.277228,0.236614,0.522842,0.118812,8.04601,0.259259,,0.429253,6.58561,-6.74989,50.2235,0.429253,0,-6.063585162162781,-1.2566137313842773,-0.363532,999,,,,,,,67.4,1.872222222,67.4,1.872222222,,,,,,,,,,,,,,,,,,,"Kyle Battle","sa3016968",690350
"Eric Yang","CIN",49,166,147,27,20,6,0,1,12,13,15,0,51,4,0,0,4,1,0,0.183673,0.0903614,0.307229,0.294118,0.277108,0.244898,0.243544,0.522006,0.0612245,2.77129,0.273684,,-0.107804,10.5154,-8.90296,47.1136,-0.107804,-1.5,-10.605977229773998,1.5496766567230225,-0.364398,999,,,,,,,89.9,1.834693877,89.9,1.834693877,,,,,,,,,,,,,,,,,,,"Eric Yang","27698",687066
"R.J. Yeager","STL",113,473,436,102,74,17,1,10,55,52,25,0,76,8,3,1,11,6,2,0.233945,0.0528541,0.160677,0.328947,0.286017,0.34633,0.278915,0.632347,0.112385,4.38803,0.260623,,-0.454502,43.4285,-11.9021,78.8635,-0.454502,1.8,-12.409683108329773,-6.8897411823272705,-0.366435,999,,,,,,,389,3.442477876,389,3.442477876,,,,,,,,,,,,,,,,,,,"R.J. Yeager","sa3019840",694271
"Travis Jankowski","CHW",105,250,220,50,40,8,1,1,29,17,25,1,49,3,1,1,4,12,1,0.227273,0.1,0.196,0.510204,0.313253,0.286364,0.272755,0.599617,0.0590909,6.49936,0.28655,,1.4662,21.7142,-7.53029,75.6695,1.4662,0,-5.493602752685547,-6.430041313171387,-0.370743,999,,,,,,,202.3,1.926666666,202.3,1.926666666,,,,,,,,,,,,,,,,,,,"Travis Jankowski","13768",608671
"Vaun Brown","SFG",79,310,283,58,37,12,3,6,38,35,14,0,132,9,3,1,3,12,2,0.204947,0.0451613,0.425806,0.106061,0.262136,0.332155,0.261727,0.594291,0.127208,8.3723,0.351351,,1.11644,24.1741,-12.0891,67.7937,1.11644,0.3,-10.822446703910828,-3.117107570171356,-0.373478,999,,,,,,,236.3,2.99113924,236.3,2.99113924,,,,,,,,,,,,,,,,,,,"Vaun Brown","sa3017282",673901
"Charlie Blackmon",,105,431,386,97,65,19,4,9,49,47,35,1,75,7,2,1,6,4,1,0.251295,0.0812065,0.174014,0.466667,0.323256,0.391192,0.313342,0.714447,0.139896,5.02492,0.289474,,-0.441603,51.5147,1.09711,87.462,-0.441603,0,-6.903618335723877,-11.0853910446167,-0.375547,999,,,,,,,450.5,4.29047619,450.5,4.29047619,,,,,,,,,,,,,,,,,,,"Charlie Blackmon","7859",453568
"Je'Von Ward","TOR",71,282,255,54,35,13,0,6,34,28,23,1,92,1,3,0,5,4,2,0.211765,0.0815603,0.326241,0.25,0.276596,0.333333,0.268137,0.609929,0.121569,3.90021,0.3,,-0.467773,23.4454,-9.54238,73.7515,-0.467773,-1,-8.937298655509949,-4.108465671539307,-0.376462,999,,,,,,,215.5,3.035211267,215.5,3.035211267,,,,,,,,,,,,,,,,,,,"Je'Von Ward","sa3004969",669219
"Ethan Salas","SDP",107,456,420,80,52,20,2,6,35,39,30,0,129,2,4,0,5,5,2,0.190476,0.0657895,0.282895,0.232558,0.245614,0.290476,0.238004,0.53609,0.1,4.11581,0.256055,,-0.472976,26.8524,-26.4896,53.5362,-0.472976,-1.4,-25.80916553735733,6.977425217628479,-0.376601,999,,,,,,,253.7,2.371028037,253.7,2.371028037,,,,,,,,,,,,,,,,,,,"Ethan Salas","sa3020881",806956
"Chris Lanzilli",,69,274,247,53,38,9,1,5,24,28,19,0,81,6,2,0,8,2,4,0.214575,0.0693431,0.29562,0.234568,0.284672,0.319838,0.270247,0.60451,0.105263,3.30611,0.294479,,-1.71725,23.2457,-8.80633,73.3766,-1.71725,0.3,-10.064053773880005,-2.720282256603241,-0.377005,999,,,,,,,196.2,2.84347826,196.2,2.84347826,,,,,,,,,,,,,,,,,,,"Chris Lanzilli","sa3020275",687811
"Maxwell Costes",,61,222,198,40,29,6,0,5,18,24,15,0,45,7,2,0,7,1,1,0.20202,0.0675676,0.202703,0.333333,0.279279,0.308081,0.264516,0.58736,0.106061,2.05991,0.233333,,-0.60752,17.8102,-8.15895,72.4812,-0.60752,0.6,-7.597694218158722,-3.4784830808639526,-0.379617,999,,,,,,,155.5,2.549180327,155.5,2.549180327,,,,,,,,,,,,,,,,,,,"Maxwell Costes","sa3020001",696272
"Narbe Cruz","HOU",79,310,287,62,45,12,1,4,24,31,17,0,96,6,0,0,6,3,2,0.216028,0.0548387,0.309677,0.177083,0.274194,0.30662,0.259855,0.580814,0.0905923,3.44612,0.31016,,-0.746698,23.707,-12.5562,68.1232,-0.746698,-3.1,-12.053560376167297,-1.9609640836715698,-0.380115,999,,,,,,,207.4,2.625316455,207.4,2.625316455,,,,,,,,,,,,,,,,,,,"Narbe Cruz","sa3015205",700358
"Jacob Gonzalez","CHW",123,536,488,109,79,22,1,7,48,53,32,0,86,8,6,2,13,7,4,0.223361,0.0597015,0.160448,0.372093,0.279026,0.315574,0.264052,0.5946,0.0922131,3.71685,0.254364,,-1.15922,42.8009,-19.8994,69.0191,-1.15922,-7.3,-20.15966832637787,-1.3917107582092285,-0.380427,999,,,,,,,379.8,3.087804878,379.8,3.087804878,,,,,,,,,,,,,,,,,,,"Jacob Gonzalez","sa3022498",694378
"Geraldi Diaz",,55,194,173,30,19,7,1,3,17,17,15,0,61,5,1,0,1,1,0,0.17341,0.0773196,0.314433,0.245902,0.257732,0.277457,0.243352,0.535189,0.104046,4.33921,0.245455,,-0.107804,12.2592,-10.4346,53.8229,-0.107804,-2.9,-10.820272617042065,0.6640799045562744,-0.381694,999,,,,,,,111.1,2.02,111.1,2.02,,,,,,,,,,,,,,,,,,,"Geraldi Diaz","sa3002635",673145
"Rixon Wingrove",,89,358,326,67,41,14,1,11,30,43,25,0,119,6,1,0,8,1,1,0.205521,0.0698324,0.332402,0.210084,0.273743,0.355828,0.277646,0.629571,0.150307,2.47126,0.284264,,-0.773261,32.5042,-9.37394,79.7688,-0.773261,0,-9.060505628585815,-6.5770134925842285,-0.382479,999,,,,,,,291,3.269662921,291,3.269662921,,,,,,,,,,,,,,,,,,,"Rixon Wingrove","sa3007298",678534
"Jacob Reimer","NYM",78,315,274,55,43,9,0,3,30,29,30,0,74,9,2,0,12,1,2,0.20073,0.0952381,0.234921,0.405405,0.298413,0.266423,0.26193,0.564836,0.0656934,2.15693,0.261307,,-1.25719,24.6155,-12.2325,69.4773,-1.25719,-2.6,-12.754465818405151,-1.4425925016403198,-0.382876,999,,,,,,,201.6,2.584615384,201.6,2.584615384,,,,,,,,,,,,,,,,,,,"Jacob Reimer","sa3020416",702544
"Andy Yerzy","CIN",66,258,231,45,28,8,1,8,20,29,22,1,75,4,1,0,5,2,0,0.194805,0.0852713,0.290698,0.293333,0.275194,0.341991,0.272618,0.617185,0.147186,3.64391,0.248322,,-0.0182984,22.3806,-7.79974,66.6825,-0.0182984,-6.8,-10.297349207103252,-2.060141086578369,-0.388927,999,,,,,,,206.9,3.134848484,206.9,3.134848484,,,,,,,,,,,,,,,,,,,"Andy Yerzy","sa917939",647378
"Cortland Lawson","WSN",100,380,347,75,59,13,2,1,38,28,22,0,109,5,3,3,4,6,3,0.216138,0.0578947,0.286842,0.201835,0.270557,0.273775,0.244881,0.544332,0.0576369,5.16478,0.308333,,-0.693768,24.4803,-19.9713,54.8518,-0.693768,0.6,-21.209428787231445,4.7887126207351685,-0.388979,999,,,,,,,215.5,2.155,215.5,2.155,,,,,,,,,,,,,,,,,,,"Cortland Lawson","sa3020202",687751
"Myles Emmerson","LAA",60,220,200,38,30,7,0,1,21,14,17,0,70,1,1,1,9,1,1,0.19,0.0772727,0.318182,0.242857,0.255708,0.24,0.22702,0.495708,0.05,2.72581,0.284615,,-0.583843,11.0103,-14.7248,41.7095,-0.583843,0.1,-15.257079541683197,4.141739942133427,-0.390547,999,,,,,,,95.6,1.593333333,95.6,1.593333333,,,,,,,,,,,,,,,,,,,"Myles Emmerson","sa3016862",689880
"Eduardo Lopez","PHI",71,282,254,51,35,10,1,5,30,26,25,0,80,1,2,0,2,4,1,0.200787,0.0886525,0.283688,0.3125,0.27305,0.307087,0.259542,0.580136,0.106299,4.86965,0.269006,,-0.0864442,21.4946,-11.4932,63.7664,-0.0864442,4.3,-12.305060647428036,-0.8807759284973145,-0.391934,999,,,,,,,196.1,2.76197183,196.1,2.76197183,,,,,,,,,,,,,,,,,,,"Eduardo Lopez","sa3009275",682637
"Jefferson Rojas","CHC",95,413,381,84,65,11,2,6,45,39,22,0,86,6,4,0,13,10,5,0.220472,0.0532688,0.208232,0.255814,0.271186,0.307087,0.256827,0.578273,0.0866142,5.33935,0.266212,,-0.759027,30.5774,-17.7346,65.0744,-0.759027,-4.1,-18.007682621479034,0.4524693489074707,-0.392652,999,,,,,,,278.1,2.927368421,278.1,2.927368421,,,,,,,,,,,,,,,,,,,"Jefferson Rojas","sa3018571",800473
"Angel Galarraga",,32,97,86,16,11,4,0,1,5,7,6,0,28,1,1,3,4,0,0,0.186047,0.0618557,0.28866,0.214286,0.244681,0.267442,0.230013,0.512123,0.0813954,0.708333,0.258621,,-0.142064,5.08817,-6.25871,49.6364,-0.142064,-3.1,-5.7318324893713,-1.3179599046707153,-0.394133,999,,,,,,,45.6,1.425,45.6,1.425,,,,,,,,,,,,,,,,,,,"Angel Galarraga","sa3011810",687679
"Harold Ramírez",,108,392,367,100,78,16,1,5,39,47,17,0,78,5,3,0,7,5,3,0.27248,0.0433673,0.19898,0.217949,0.311224,0.362398,0.295915,0.673622,0.0899183,3.57648,0.33101,,-1.00426,41.3551,-4.50035,87.6448,-1.00426,0,-6.795841693878174,-10.082304954528809,-0.39495,999,,,,,,,359.2,3.325925925,359.2,3.325925925,,,,,,,,,,,,,,,,,,,"Harold Ramirez","14387",623912
"Kevin Bruggeman","LAA",76,287,254,51,38,9,1,3,29,25,19,0,84,5,1,8,4,8,2,0.200787,0.0662021,0.292683,0.22619,0.268817,0.279528,0.24813,0.548345,0.0787402,5.83043,0.285714,,0.300657,19.2396,-14.3331,56.5583,0.300657,-4.7,-13.965090036392212,0.5726337432861328,-0.395054,999,,,,,,,173.2,2.278947368,173.2,2.278947368,,,,,,,,,,,,,,,,,,,"Kevin Bruggeman","sa3023073",815755
"Brennan Orf","TOR",63,239,209,40,24,10,3,3,26,23,26,0,71,3,1,0,4,0,1,0.191388,0.108787,0.297071,0.366197,0.288703,0.311005,0.27072,0.599708,0.119617,4.41182,0.272059,,-0.823305,20.3673,-7.59043,75.5686,-0.823305,0.1,-7.504470944404602,-4.290799520909786,-0.395355,999,,,,,,,173.5,2.753968253,173.5,2.753968253,,,,,,,,,,,,,,,,,,,"Brennan Orf","sa3022570",804710
"Trey Faltine","CIN",91,294,256,43,28,9,0,6,33,28,25,0,140,5,1,7,1,14,1,0.167969,0.085034,0.47619,0.178571,0.254355,0.273438,0.240783,0.527793,0.105469,6.19372,0.333333,,1.93723,17.9705,-16.421,45.2557,1.93723,2.6,-17.309070467948914,3.6802468299865723,-0.396414,999,,,,,,,181.1,1.99010989,181.1,1.99010989,,,,,,,,,,,,,,,,,,,"Trey Faltine","sa3020118",683104
"Sergio Campana",,78,252,220,41,30,8,1,2,27,20,25,0,108,4,1,2,5,13,4,0.186364,0.0992064,0.428571,0.231481,0.28,0.259091,0.24914,0.539091,0.0727273,6.6277,0.351351,,0.514322,17.0983,-12.3802,54.7682,0.514322,-0.1,-13.115972340106964,0.8259259089827538,-0.402597,999,,,,,,,157.8,2.023076923,157.8,2.023076923,,,,,,,,,,,,,,,,,,,"Sergio Campana","sa3009834",682656
"Jackie Bradley Jr.",,80,244,225,39,25,10,1,3,21,18,14,0,70,3,1,1,4,3,1,0.173333,0.057377,0.286885,0.2,0.230453,0.266667,0.222775,0.497119,0.0933333,4.85056,0.235294,,-0.136488,11.3778,-17.1649,43.1232,-0.136488,3.8,-16.731830775737762,4.696531414985657,-0.403801,999,,,,,,,110.2,1.3775,110.2,1.3775,,,,,,,,,,,,,,,,,,,"Jackie Bradley Jr.","12984",598265
"Sammy Siani","PIT",111,452,409,91,66,16,3,6,50,42,34,0,123,3,2,4,6,9,5,0.222494,0.0752212,0.272124,0.276423,0.285714,0.320293,0.269916,0.606008,0.0977995,5.44337,0.301418,,-1.03795,38.2266,-14.6475,68.7519,-1.03795,-2.7,-17.92770481109619,-1.0392122268676758,-0.404318,999,,,,,,,334.6,3.014414414,334.6,3.014414414,,,,,,,,,,,,,,,,,,,"Sammy Siani","sa3010704",686445
"Jake Anchia","CLE",75,291,274,52,34,12,0,6,30,30,11,0,97,4,2,0,5,1,1,0.189781,0.0378007,0.333333,0.113402,0.230241,0.29927,0.232957,0.529511,0.109489,3.03476,0.265896,,-0.591735,15.954,-18.0866,48.9005,-0.591735,-1.4,-17.60608983039856,3.9461199045181274,-0.408911,999,,,,,,,152.5,2.033333333,152.5,2.033333333,,,,,,,,,,,,,,,,,,,"Jake Anchia","sa3006674",680971
"Diego Infante",,91,366,336,83,62,14,1,6,42,33,26,0,123,2,2,0,8,6,3,0.247024,0.0710383,0.336066,0.211382,0.303279,0.348214,0.288179,0.651493,0.10119,4.40188,0.368421,,-0.725337,36.3333,-6.48063,81.009,-0.725337,-3.1,-9.037022769451141,-7.1343913078308105,-0.411381,999,,,,,,,318.5,3.5,318.5,3.5,,,,,,,,,,,,,,,,,,,"Diego Infante","sa3003280",672653
"Eduardo Garcia","MIL",79,323,301,59,39,13,3,4,31,34,11,0,135,9,2,0,2,6,3,0.196013,0.0340557,0.417957,0.0814815,0.244582,0.299003,0.240634,0.543585,0.10299,6.42903,0.335366,,-0.480672,19.7044,-18.0796,51.2578,-0.480672,1,-19.30715298652649,4.560405731201172,-0.412132,999,,,,,,,184.8,2.339240506,184.8,2.339240506,,,,,,,,,,,,,,,,,,,"Eduardo Garcia","sa3008751",682633
"Joe Suozzi",,82,302,270,54,41,7,2,4,32,30,22,0,112,9,1,0,5,4,1,0.2,0.0728477,0.370861,0.196429,0.281457,0.285185,0.25812,0.566642,0.0851852,5.54399,0.322581,,-0.173261,22.6734,-12.654,66.9124,-0.173261,1.4,-12.122308850288391,-1.9289242029190063,-0.412525,999,,,,,,,199.5,2.432926829,199.5,2.432926829,,,,,,,,,,,,,,,,,,,"Joe Suozzi","sa3015106",679545
"Matt O'Neill","NYM",61,215,189,29,20,5,1,3,20,15,23,0,91,1,1,1,5,0,0,0.153439,0.106977,0.423256,0.252747,0.247664,0.238095,0.225306,0.485759,0.0846561,3.18622,0.270833,,-0.347267,10.4633,-14.6869,44.8263,-0.347267,-0.6,-14.532352834939957,3.349882483482361,-0.415461,999,,,,,,,93.8,1.537704918,93.8,1.537704918,,,,,,,,,,,,,,,,,,,"Matt O'Neill","sa1170279",690841
"Andrick Nava","PHI",64,241,217,45,34,8,1,2,16,20,20,0,50,2,2,0,4,0,1,0.207373,0.0829876,0.207469,0.4,0.278008,0.281106,0.252804,0.559114,0.0737327,2.2499,0.257485,,-0.846982,17.0627,-11.129,59.2317,-0.846982,-3.9,-12.59597498178482,0.5275425910949707,-0.417541,999,,,,,,,145.9,2.2796875,145.9,2.2796875,,,,,,,,,,,,,,,,,,,"Andrick Nava","sa3010693",682774
"DJ Gladney","CHW",105,442,414,88,53,17,3,15,47,54,21,0,156,5,2,0,13,5,0,0.21256,0.0475113,0.352941,0.134615,0.257919,0.376812,0.27521,0.63473,0.164251,5.4804,0.297959,,0.376499,39.2641,-12.4402,76.8678,0.376499,-2.6,-11.322381556034088,-7.472134113311768,-0.41933,999,,,,,,,373.7,3.559047619,373.7,3.559047619,,,,,,,,,,,,,,,,,,,"DJ Gladney","sa3010043",687554
"Andy Garriola","CHC",109,463,424,82,43,22,1,16,53,61,26,1,177,6,7,0,5,5,1,0.193396,0.0561555,0.382289,0.146893,0.24622,0.363208,0.262867,0.609428,0.169811,4.89961,0.277311,,0.0109544,36.5299,-17.6309,69.1395,0.0109544,2.7,-17.075223475694656,-2.4036152362823486,-0.419357,999,,,,,,,357.8,3.282568807,357.8,3.282568807,,,,,,,,,,,,,,,,,,,"Andy Garriola","sa3020458",696513
"Aeverson Arteaga","SFG",97,421,391,77,50,17,3,7,41,38,24,0,121,3,3,0,10,4,1,0.196931,0.0570071,0.287411,0.198347,0.247031,0.309463,0.245197,0.556494,0.112532,5.14369,0.263158,,-0.212723,27.2288,-22.019,56.6678,-0.212723,-0.7,-22.027666240930557,3.9406526684761047,-0.420061,999,,,,,,,258.2,2.66185567,258.2,2.66185567,,,,,,,,,,,,,,,,,,,"Aeverson Arteaga","sa3014707",692348
"Gabriel Rodriguez",,80,301,272,53,39,10,1,3,29,26,21,0,101,5,2,1,10,1,1,0.194853,0.0697674,0.335548,0.207921,0.263333,0.272059,0.242475,0.535392,0.0772059,3.58824,0.294118,,-0.718014,18.8083,-16.4021,55.5962,-0.718014,0.8,-16.011014103889465,1.9059670567512512,-0.420449,999,,,,,,,164.8,2.06,164.8,2.06,,,,,,,,,,,,,,,,,,,"Gabriel Rodriguez","sa3008744",682621
"CJ Rodriguez","ATH",74,285,255,42,36,5,1,0,16,13,27,0,66,2,1,0,4,0,0,0.164706,0.0947368,0.231579,0.409091,0.249123,0.192157,0.2093,0.44128,0.027451,1.71713,0.221053,,-0.513007,10.1987,-23.1401,34.9871,-0.513007,2.9,-21.71369105577469,8.13589096069336,-0.421081,999,,,,,,,87.4,1.181081081,87.4,1.181081081,,,,,,,,,,,,,,,,,,,"CJ Rodriguez","sa3017283",675430
"Cameron Barstad","CLE",67,259,236,46,28,13,0,5,20,26,19,1,113,3,1,0,6,0,0,0.194915,0.0733591,0.436293,0.168142,0.262548,0.313559,0.255072,0.576108,0.118644,1.08036,0.344538,,-0.386729,18.8099,-11.4875,58.7258,-0.386729,-4.3,-13.169942319393158,0.45823049545288086,-0.422071,999,,,,,,,172.3,2.571641791,172.3,2.571641791,,,,,,,,,,,,,,,,,,,"Cameron Barstad","sa3011350",677319
"Jac Caglianone","KCR",30,132,124,27,17,7,1,2,12,15,6,1,31,2,0,0,2,1,0,0.217742,0.0454545,0.234848,0.193548,0.265152,0.33871,0.262178,0.603861,0.120968,4.90354,0.274725,,0.0105819,10.3414,-5.09966,63.7437,0.0105819,-0.6,-5.46541653573513,-3.025044083595276,-0.422424,999,,,,,,,97.9,3.263333333,97.9,3.263333333,,,,,,,,,,,,,,,,,,,"Jac Caglianone","sa3025245",695506
"Emaarion Boyd","MIA",99,421,377,84,67,11,4,2,52,35,21,0,88,14,2,7,12,19,10,0.222812,0.0498812,0.209026,0.238636,0.28744,0.289125,0.260596,0.576564,0.066313,7.32096,0.283737,,-1.05509,32.4468,-16.801,62.4436,-1.05509,0.3,-19.962281465530396,1.8468841910362244,-0.422992,999,,,,,,,280,2.828282828,280,2.828282828,,,,,,,,,,,,,,,,,,,"Emaarion Boyd","sa3020281",702708
"Miguel Hiraldo",,89,351,328,71,49,16,1,5,36,34,18,0,113,3,2,0,7,10,4,0.216463,0.0512821,0.321937,0.159292,0.262108,0.317073,0.255492,0.579181,0.10061,5.31224,0.311321,,-0.172495,25.61,-15.4493,64.8573,-0.172495,-2.8,-14.286420151591301,-1.5103174448013306,-0.423022,999,,,,,,,239.5,2.691011235,239.5,2.691011235,,,,,,,,,,,,,,,,,,,"Miguel Hiraldo","sa3005486",677599
"Eddie Rosario","LAD",109,397,367,80,49,17,2,12,41,47,24,0,88,1,3,2,7,8,3,0.217984,0.0604534,0.221662,0.272727,0.265823,0.373297,0.277377,0.63912,0.155313,4.92531,0.251852,,-0.199058,35.959,-10.4812,79.8739,-0.199058,-3.2,-9.753633424639702,-7.5761024951934814,-0.424393,743.9299926757812,,,,,,,336.3,3.0853211,336.3,3.0853211,,,,,,,,,,,,,,,,,,,"Eddie Rosario","12155",592696
"Yamal Encarnacion","HOU",89,354,320,70,55,10,1,4,43,29,26,0,75,2,2,4,4,18,6,0.21875,0.0734463,0.211864,0.346667,0.28,0.29375,0.257671,0.57375,0.075,6.23254,0.271605,,0.514891,26.4495,-14.9608,66.5866,0.514891,1,-13.019229054450989,-2.902116298675537,-0.425563,999,,,,,,,245.7,2.760674157,245.7,2.760674157,,,,,,,,,,,,,,,,,,,"Yamal Encarnacion","sa3015781",699043
"D'Andre Smith","NYM",53,203,190,40,28,9,1,2,18,20,8,0,56,4,1,0,6,4,1,0.210526,0.0394089,0.275862,0.142857,0.256158,0.3,0.246605,0.556158,0.0894737,5.28298,0.285714,,0.0792967,13.3594,-10.3871,59.1624,0.0792967,-1.8,-9.833979964256287,-1.0541151762008667,-0.42633,999,,,,,,,125.4,2.366037735,125.4,2.366037735,,,,,,,,,,,,,,,,,,,"D'Andre Smith","sa3020536",694266
"Casey Saucke","CHW",25,104,100,22,17,3,0,2,8,10,4,0,33,0,0,0,3,1,2,0.22,0.0384615,0.317308,0.121212,0.25,0.31,0.246232,0.56,0.09,2.28737,0.307692,,-0.775754,6.81303,-5.35269,56.4843,-0.775754,-0.5,-5.954024016857147,-1.6463844776153564,-0.4269,999,,,,,,,59,2.36,59,2.36,,,,,,,,,,,,,,,,,,,"Casey Saucke","sa3025382",695565
"Ethan Workinger","ATL",123,514,475,108,75,20,3,10,52,53,35,0,128,2,2,0,18,4,4,0.227368,0.0680934,0.249027,0.273438,0.282101,0.345263,0.276348,0.627364,0.117895,3.90881,0.289086,,-1.70398,46.131,-13.9957,74.475,-1.70398,1.8,-17.392794847488403,-3.8657848834991455,-0.427762,999,,,,,,,406.3,3.303252032,406.3,3.303252032,,,,,,,,,,,,,,,,,,,"Ethan Workinger","sa3015166",689688
"J.J. D'Orazio","ARI",88,353,326,71,52,15,1,3,29,29,21,0,89,2,3,1,15,0,1,0.217791,0.0594901,0.252125,0.235955,0.267045,0.297546,0.250899,0.564591,0.0797546,2.36885,0.28692,,-0.996938,24.4509,-16.8423,56.9042,-0.996938,-3.2,-19.188546538352966,3.2851555347442627,-0.42841,999,,,,,,,215.2,2.445454545,215.2,2.445454545,,,,,,,,,,,,,,,,,,,"J.J. D'Orazio","sa3008876",683490
"Felix Valerio",,89,356,323,66,47,12,2,5,37,33,25,0,89,6,2,0,6,8,3,0.204334,0.0702247,0.25,0.280899,0.272472,0.30031,0.256941,0.572782,0.0959752,5.57355,0.264069,,-0.230628,26.3899,-15.2543,62.2335,-0.230628,4.2,-16.308127537369728,0.27583765983581543,-0.431405,999,,,,,,,239.6,2.692134831,239.6,2.692134831,,,,,,,,,,,,,,,,,,,"Felix Valerio","sa3005613",680589
"Devin Hurdle",,27,95,87,17,13,3,1,0,9,7,5,0,32,2,0,1,3,0,1,0.195402,0.0526316,0.336842,0.15625,0.255319,0.252874,0.230867,0.508193,0.0574713,4.77361,0.309091,,-0.562855,5.0486,-6.06432,46.2048,-0.562855,-1.3,-6.4103862047195435,-0.9509405791759491,-0.433193,999,,,,,,,40.8,1.511111111,40.8,1.511111111,,,,,,,,,,,,,,,,,,,"Devin Hurdle","sa3022655",701152
"Poncho Ruiz","MIN",94,387,348,68,46,18,0,4,31,34,32,0,92,4,3,0,12,1,1,0.195402,0.0826873,0.237726,0.347826,0.268734,0.281609,0.24876,0.550343,0.0862069,1.95719,0.25098,,-0.852185,26.1396,-19.1309,59.4495,-0.852185,-5.4,-18.808329343795776,1.7097883224487305,-0.433528,999,,,,,,,229.7,2.443617021,229.7,2.443617021,,,,,,,,,,,,,,,,,,,"Poncho Ruiz","sa3022752",695000
"Daniel Cope","COL",35,139,126,27,20,4,1,2,13,13,11,0,49,1,1,0,2,0,0,0.214286,0.0791367,0.352518,0.22449,0.280576,0.309524,0.26361,0.590099,0.0952381,3.17758,0.328947,,-0.252558,11.05,-5.20997,53.989,-0.252558,-3.5,-7.9003846645355225,-0.9463551044464111,-0.435615,999,,,,,,,97.3,2.78,97.3,2.78,,,,,,,,,,,,,,,,,,,"Daniel Cope","sa3010157",684543
"River Town","KCR",89,358,308,67,50,11,2,4,36,36,35,1,63,11,3,1,9,6,3,0.217532,0.0977654,0.175978,0.555556,0.316527,0.305195,0.282627,0.621721,0.0876623,4.78393,0.258197,,-0.764799,33.9393,-7.93881,78.1277,-0.764799,-2.5,-9.724276781082153,-6.4462080001831055,-0.437522,999,,,,,,,289.1,3.248314606,289.1,3.248314606,,,,,,,,,,,,,,,,,,,"River Town","sa3017118",701817
"Osiris Johnson",,75,283,264,55,39,10,1,5,29,26,13,0,76,2,2,2,5,9,2,0.208333,0.0459364,0.268551,0.171053,0.24911,0.310606,0.24615,0.559716,0.102273,5.78975,0.27027,,0.563796,18.5206,-14.5842,52.7206,0.563796,0.7,-15.436209321022034,1.7398294806480408,-0.441223,999,,,,,,,182.2,2.429333333,182.2,2.429333333,,,,,,,,,,,,,,,,,,,"Osiris Johnson","sa3008110",677341
"Joe Olsavsky","ATL",82,302,266,45,30,10,1,4,30,29,27,0,103,9,0,0,1,2,3,0.169173,0.089404,0.34106,0.262136,0.268212,0.259398,0.244611,0.52761,0.0902256,3.88153,0.257862,,-1.33592,19.3898,-15.9376,53.1133,-1.33592,2.8,-18.268280744552612,3.90964138507843,-0.444274,999,,,,,,,161.7,1.971951219,161.7,1.971951219,,,,,,,,,,,,,,,,,,,"Joe Olsavsky","sa3023289",815586
"Logan Cerny","HOU",101,427,390,72,45,14,2,11,50,43,30,0,178,5,2,0,6,15,2,0.184615,0.0702576,0.416862,0.168539,0.250585,0.315385,0.251147,0.56597,0.130769,6.90148,0.300493,,1.55859,29.6617,-20.288,61.9976,1.55859,-3.1,-17.008535742759705,-1.5310698747634888,-0.444645,999,,,,,,,296.5,2.935643564,296.5,2.935643564,,,,,,,,,,,,,,,,,,,"Logan Cerny","sa3017661",681488
"Ben Ross","MIN",118,467,426,84,53,19,1,11,46,47,33,0,160,3,4,1,3,10,4,0.197183,0.0706638,0.342612,0.20625,0.257511,0.323944,0.256658,0.581454,0.126761,4.80088,0.281853,,-0.322451,34.5118,-20.1169,65.0051,-0.322451,-6,-19.021809190511703,-0.852292537689209,-0.444757,999,,,,,,,324.4,2.749152542,324.4,2.749152542,,,,,,,,,,,,,,,,,,,"Ben Ross","sa3020353",805346
"Jamari Baylor",,59,226,198,39,27,7,1,4,27,25,20,0,86,7,1,0,3,6,2,0.19697,0.0884956,0.380531,0.232558,0.292035,0.30303,0.270795,0.595066,0.106061,6.06371,0.321101,,-0.0362036,19.2731,-7.16394,58.825,-0.0362036,-1.5,-11.163856729865074,-0.66960608959198,-0.444862,999,,,,,,,170.8,2.894915254,170.8,2.894915254,,,,,,,,,,,,,,,,,,,"Jamari Baylor","sa3011446",687072
"Bryant Betancourt","COL",111,453,411,89,67,13,2,7,39,41,29,0,106,4,3,6,10,6,3,0.216545,0.0640177,0.233996,0.273585,0.272931,0.309002,0.259005,0.581933,0.0924574,4.16322,0.272425,,-0.804261,34.3328,-18.6583,50.8894,-0.804261,-0.4,-27.407519578933716,7.922310441732407,-0.454407,999,,,,,,,304.3,2.741441441,304.3,2.741441441,,,,,,,,,,,,,,,,,,,"Bryant Betancourt","sa3015846",700164
"Freuddy Batista","SEA",78,323,303,59,39,13,1,6,31,33,14,0,107,5,1,0,10,2,1,0.194719,0.0433437,0.331269,0.130841,0.241486,0.30363,0.240962,0.545116,0.108911,3.97731,0.277487,,-0.462767,19.7897,-17.9942,59.6681,-0.462767,-5.8,-15.368633508682251,0.13400936126708984,-0.461367,999,,,,,,,185.2,2.374358974,185.2,2.374358974,,,,,,,,,,,,,,,,,,,"Freuddy Batista","sa3002866",673945
"Brandon Martorano","TEX",69,263,235,42,28,7,1,6,25,26,23,0,97,3,2,0,4,2,2,0.178723,0.0874525,0.368821,0.237113,0.258555,0.293617,0.248544,0.552172,0.114894,3.73288,0.268657,,-0.836204,17.7185,-13.0467,58.6393,-0.836204,-4.8,-13.282765448093414,0.031716346740722656,-0.463077,999,,,,,,,158.8,2.301449275,158.8,2.301449275,,,,,,,,,,,,,,,,,,,"Brandon Martorano","sa918686",668785
"Marco Soto",,40,135,124,22,19,3,0,0,9,9,7,0,42,3,1,0,3,1,1,0.177419,0.0518519,0.311111,0.166667,0.237037,0.201613,0.203706,0.43865,0.0241935,2.64785,0.26506,,-0.433887,4.2231,-11.5689,27.0991,-0.433887,2.2,-11.694757580757141,2.696031779050827,-0.464588,999,,,,,,,37,0.925,37,0.925,,,,,,,,,,,,,,,,,,,"Marco Soto","sa3016872",699709
"Stephen Piscotty",,51,177,162,33,23,6,0,4,14,15,12,0,52,2,1,0,6,0,0,0.203704,0.0677966,0.293785,0.230769,0.265537,0.314815,0.258274,0.580352,0.111111,1.04225,0.271028,,-0.29202,13.3106,-7.39447,69.4358,-0.29202,-2,-6.482040673494339,-3.9510581493377686,-0.468128,999,,,,,,,119.8,2.349019607,119.8,2.349019607,,,,,,,,,,,,,,,,,,,"Stephen Piscotty","13367",572039
"Gage Miller","MIA",27,123,114,24,20,3,1,0,11,10,4,0,25,3,2,0,0,1,1,0.210526,0.0325203,0.203252,0.16,0.252033,0.254386,0.226866,0.506418,0.0438596,4.71214,0.263736,,-0.418102,6.14052,-8.24778,39.7411,-0.418102,0.2,-9.281235247850418,0.6519400328397751,-0.468186,999,,,,,,,54.9,2.033333333,54.9,2.033333333,,,,,,,,,,,,,,,,,,,"Gage Miller","sa3025205",824028
"Miguel Hernandez",,59,211,200,45,37,6,0,2,19,18,8,0,44,1,1,1,7,1,0,0.225,0.0379147,0.208531,0.181818,0.257143,0.285,0.240393,0.542143,0.06,2.95895,0.277419,,-0.163051,12.8308,-11.8515,44.9927,-0.163051,1.7,-14.042238056659698,2.4752792716026306,-0.468927,999,,,,,,,117.1,1.984745762,117.1,1.984745762,,,,,,,,,,,,,,,,,,,"Miguel Hernandez","sa917055",665912
"Brody Moore","STL",100,408,376,82,65,13,2,2,41,30,23,0,101,3,2,4,6,13,6,0.218085,0.0563725,0.247549,0.227723,0.267327,0.279255,0.244823,0.546582,0.0611702,5.56599,0.290909,,-0.548249,26.2653,-21.4617,55.9173,-0.548249,-0.6,-22.05575805902481,3.897354483604431,-0.472144,999,,,,,,,237,2.37,237,2.37,,,,,,,,,,,,,,,,,,,"Brody Moore","sa3019839",690914
"Jonathan Araúz",,91,345,315,62,44,10,1,7,34,34,25,0,85,1,3,1,9,1,0,0.196825,0.0724638,0.246377,0.294118,0.255814,0.301587,0.247748,0.557401,0.104762,3.37577,0.243363,,-0.35247,23.0218,-17.3356,58.1165,-0.35247,0.3,-17.63166916370392,1.5676366686820984,-0.472515,999,,,,,,,212.6,2.336263736,212.6,2.336263736,,,,,,,,,,,,,,,,,,,"Jonathan Arauz","20275",660620
"Darrien Miller","MIL",93,394,331,61,43,13,1,4,42,42,41,0,109,18,2,2,6,2,0,0.18429,0.104061,0.27665,0.376147,0.306122,0.265861,0.268438,0.571983,0.081571,4.10865,0.259091,,-0.405027,32.8525,-13.2369,69.9713,-0.405027,-10.4,-14.55297440290451,-3.1616106033325195,-0.474457,999,,,,,,,272.4,2.929032258,272.4,2.929032258,,,,,,,,,,,,,,,,,,,"Darrien Miller","sa3011330",687152
"Jesus Galiz","LAD",74,304,279,53,36,12,1,4,29,29,16,0,104,6,3,0,4,0,0,0.189964,0.0526316,0.342105,0.153846,0.246711,0.283154,0.236614,0.529865,0.09319,2.9217,0.281609,,-0.457761,17.5615,-17.9998,50.6221,-0.457761,-1.9,-18.407873809337616,3.6849499940872192,-0.475018,999,,,,,,,161.9,2.187837837,161.9,2.187837837,,,,,,,,,,,,,,,,,,,"Jesus Galiz","sa3015700",694188
"Javier Valdes",,63,251,223,47,31,9,1,6,23,31,19,0,56,8,1,0,9,0,0,0.210762,0.0756972,0.223108,0.339286,0.294821,0.340807,0.284325,0.635628,0.130045,2.28869,0.253086,,-0.457761,24.1385,-5.22298,79.844,-0.457761,0,-6.507522761821747,-6.455761432647705,-0.475566,999,,,,,,,209.4,3.323809523,209.4,3.323809523,,,,,,,,,,,,,,,,,,,"Javier Valdes","sa3010902",688002
"Logan Tanner","CIN",67,259,234,38,24,9,1,4,23,21,23,0,98,1,1,0,3,0,1,0.162393,0.0888031,0.378378,0.234694,0.239382,0.260684,0.227064,0.500066,0.0982906,2.97928,0.255639,,-0.783843,12.9713,-17.326,36.0218,-0.783843,2.6,-20.598793625831604,7.3582305908203125,-0.476689,999,,,,,,,117.4,1.752238805,117.4,1.752238805,,,,,,,,,,,,,,,,,,,"Logan Tanner","sa3020117",683091
"Gavin Logan","ARI",61,218,191,30,17,8,2,3,15,18,22,1,86,4,1,0,4,2,1,0.157068,0.100917,0.394495,0.255814,0.256881,0.267016,0.238276,0.523896,0.109948,4.93328,0.262136,,-0.336488,12.8851,-12.6161,48.4077,-0.336488,-2.1,-13.785891890525818,1.9049973487854004,-0.477275,999,,,,,,,118.8,1.947540983,118.8,1.947540983,,,,,,,,,,,,,,,,,,,"Gavin Logan","sa3020191",678099
"Walker Janek","HOU",26,109,104,17,11,4,1,1,7,8,3,0,40,1,1,0,2,0,0,0.163462,0.0275229,0.366972,0.075,0.192661,0.25,0.193979,0.442661,0.0865385,3.49154,0.25,,-0.118386,2.5564,-10.1942,21.7846,-0.118386,-0.4,-9.873320646584034,1.60249862074852,-0.478925,999,,,,,,,29.9,1.15,29.9,1.15,,,,,,,,,,,,,,,,,,,"Walker Janek","sa3025254",801075
"Phillip Evans",,96,386,345,79,62,11,0,6,40,37,33,1,74,5,3,0,12,1,1,0.228986,0.0854922,0.19171,0.445946,0.303109,0.313043,0.276405,0.616152,0.084058,2.15061,0.272388,,-0.986356,34.6606,-10.4929,74.5129,-0.986356,2.3,-12.750728070735931,-4.791416883468628,-0.484162,999,,,,,,,298.8,3.1125,298.8,3.1125,,,,,,,,,,,,,,,,,,,"Phillip Evans","12950",595943
"Mitch Jebb","PIT",117,515,465,103,80,13,7,3,62,39,39,0,109,2,2,7,8,21,6,0.221505,0.0757282,0.21165,0.357798,0.283465,0.298925,0.260707,0.582389,0.0774194,7.55013,0.28169,,0.814978,39.7375,-20.5062,62.5537,0.814978,-1.5,-22.245978474617004,0.3922692537307739,-0.485787,999,,,,,,,363.7,3.108547008,363.7,3.108547008,,,,,,,,,,,,,,,,,,,"Mitch Jebb","sa3022565",694991
"Lamar Sparks",,101,391,360,81,56,15,3,7,40,40,29,1,156,1,1,0,8,8,6,0.225,0.0741688,0.398977,0.185897,0.283887,0.341667,0.275193,0.625554,0.116667,5.25846,0.373737,,-1.50089,34.7284,-11.0101,74.5183,-1.50089,0,-13.415119886398315,-4.309964656829834,-0.485859,999,,,,,,,308.4,3.053465346,308.4,3.053465346,,,,,,,,,,,,,,,,,,,"Lamar Sparks","sa3004932",676473
"Gavin Sheets","SDP",129,445,403,94,62,20,0,12,36,48,36,1,94,3,3,0,8,1,1,0.233251,0.0808989,0.211236,0.382979,0.298876,0.372208,0.294213,0.671085,0.138958,1.39857,0.273333,,-0.994249,46.3367,-5.71853,90.2347,-0.994249,-5.4,-5.9664671421051025,-13.575337886810303,-0.48618,681.3300170898438,,,,,,,410.3,3.180620155,410.3,3.180620155,,,,,,,,,,,,,,,,,,,"Gavin Sheets","19901",657757
"Junior Tilien","DET",109,444,410,86,61,18,1,6,35,35,28,0,97,3,3,0,11,2,1,0.209756,0.0630631,0.218468,0.28866,0.263514,0.302439,0.251595,0.565953,0.0926829,2.78841,0.258065,,-0.731109,31.0028,-20.9355,61.9585,-0.731109,-1.1,-20.057286858558655,0.53139328956604,-0.487979,999,,,,,,,279.9,2.567889908,279.9,2.567889908,,,,,,,,,,,,,,,,,,,"Junior Tilien","sa3015187",691708
"Adam Hall","MIL",59,235,207,45,37,7,1,0,23,21,17,0,78,9,2,0,4,7,1,0.217391,0.0723404,0.331915,0.217949,0.302128,0.26087,0.260388,0.562997,0.0434783,5.87347,0.343511,,0.497771,18.0723,-9.41751,64.5537,0.497771,-0.5,-9.463160783052444,-3.090388059616089,-0.488278,999,,,,,,,159.5,2.70338983,159.5,2.70338983,,,,,,,,,,,,,,,,,,,"Adam Hall","sa3005077",647228
"Austin Callahan","CIN",90,362,332,67,41,18,2,6,33,33,23,0,127,3,3,1,6,2,1,0.201807,0.0635359,0.350829,0.181102,0.257618,0.322289,0.255452,0.579907,0.120482,4.04445,0.30198,,-0.533799,26.4009,-15.9452,55.1289,-0.533799,1.8,-19.957716464996338,3.130099892616272,-0.492909,999,,,,,,,242.2,2.691111111,242.2,2.691111111,,,,,,,,,,,,,,,,,,,"Austin Callahan","sa3017407",702472
"Thomas Gavello","SFG",84,334,292,52,37,8,1,6,35,36,24,0,129,16,1,1,4,4,1,0.178082,0.0718563,0.386228,0.186047,0.276276,0.273973,0.25408,0.550249,0.0958904,5.17337,0.291139,,-0.212723,23.9899,-15.0807,62.6469,-0.212723,-2,-15.131559520959854,-0.7727807760238647,-0.493854,999,,,,,,,209.3,2.491666666,209.3,2.491666666,,,,,,,,,,,,,,,,,,,"Thomas Gavello","sa3020122",687284
"Nolan McLean","NYM",59,143,131,21,9,5,0,7,14,20,11,0,86,1,0,0,0,0,0,0.160305,0.0769231,0.601399,0.127907,0.230769,0.358779,0.257731,0.589548,0.198473,1.26786,0.368421,,-0.165741,10.6914,-6.03651,66.6509,-0.165741,0,-5.868461042642593,-3.677983522415161,-0.494122,999,,,,,,,102.9,1.744067796,102.9,1.744067796,,,,,,,,,,,,,,,,,,,"Nolan McLean","sa3023053",690997
"Elis Barreat",,30,99,95,20,16,2,1,1,6,7,3,0,27,1,0,0,1,1,2,0.210526,0.030303,0.272727,0.111111,0.242424,0.284211,0.232761,0.526635,0.0736842,3.9646,0.283582,,-0.767861,5.41209,-6.16874,51.5699,-0.767861,-2.2,-6.253869414329529,-1.8362434208393097,-0.49469,999,,,,,,,46.2,1.54,46.2,1.54,,,,,,,,,,,,,,,,,,,"Elis Barreat","sa3018383",692412
"Aaron McKeithan","PIT",67,248,220,50,41,6,1,2,17,23,17,0,46,8,3,0,6,0,0,0.227273,0.0685484,0.185484,0.369565,0.302419,0.290909,0.269527,0.593328,0.0636364,1.96016,0.274286,,-0.5209,20.8962,-8.11436,68.49,-0.5209,-7.8,-9.86552345752716,-3.243856906890869,-0.500973,999,,,,,,,176.9,2.640298507,176.9,2.640298507,,,,,,,,,,,,,,,,,,,"Aaron McKeithan","sa3016977",702463
"Jake Hager",,72,261,238,46,31,11,1,3,24,21,16,0,83,2,2,3,6,2,1,0.193277,0.0613027,0.318008,0.192771,0.248062,0.285714,0.237741,0.533776,0.092437,4.23555,0.279221,,-0.391735,15.3143,-15.217,52.2281,-0.391735,0.8,-15.301635771989822,1.758994698524475,-0.501009,999,,,,,,,140.4,1.95,140.4,1.95,,,,,,,,,,,,,,,,,,,"Jake Hager","12198",606993
"Carlos Amaya",,47,176,163,29,20,7,0,2,13,13,8,0,51,1,2,2,7,1,1,0.177914,0.0454545,0.289773,0.156863,0.218391,0.257669,0.211194,0.47606,0.0797546,2.61287,0.241071,,-0.433887,6.5664,-14.0217,36.3192,-0.433887,-0.7,-13.257977604866028,2.5333922505378723,-0.501675,999,,,,,,,64.6,1.374468085,64.6,1.374468085,,,,,,,,,,,,,,,,,,,"Carlos Amaya","sa3016136",692650
"Jose Acosta",,68,226,204,40,27,7,2,4,24,21,12,0,75,3,1,6,3,7,4,0.196078,0.0530973,0.331858,0.16,0.25,0.308824,0.247253,0.558824,0.112745,6.85683,0.285714,,-0.551507,14.9909,-11.4461,55.7128,-0.551507,-0.7,-12.52022111415863,0.13039392232894897,-0.502322,999,,,,,,,136.4,2.005882352,136.4,2.005882352,,,,,,,,,,,,,,,,,,,"Jose Acosta","sa3006187",678584
"Reivaj Garcia","CHC",96,393,371,91,74,14,1,2,41,31,14,1,73,0,4,4,8,4,3,0.245283,0.0356234,0.185751,0.191781,0.269923,0.304582,0.251177,0.574505,0.0592992,3.82323,0.296667,,-1.10166,27.3094,-18.663,61.2714,-1.10166,-0.1,-19.302236795425415,1.3440035805106163,-0.50306,999,,,,,,,244.9,2.551041666,244.9,2.551041666,,,,,,,,,,,,,,,,,,,"Reivaj Garcia","sa3006900",678706
"D'Shawn Knowles",,109,438,398,83,62,15,3,3,48,33,29,0,141,2,2,7,7,12,5,0.208543,0.06621,0.321918,0.205674,0.264501,0.28392,0.245537,0.548421,0.0753769,6.20787,0.3125,,-0.359027,28.4482,-22.7882,54.7345,-0.359027,8.4,-23.044440656900406,3.5719571113586426,-0.50312,999,,,,,,,257.4,2.361467889,257.4,2.361467889,,,,,,,,,,,,,,,,,,,"D'Shawn Knowles","sa3006889",677610
"Drew Compton","ATL",114,479,428,96,70,19,0,7,37,54,41,1,104,8,2,0,12,3,1,0.224299,0.085595,0.217119,0.394231,0.302714,0.317757,0.27872,0.620471,0.0934579,2.30859,0.278997,,-0.736312,43.9042,-12.1283,76.0715,-0.736312,2.4,-14.442375540733337,-6.399970531463623,-0.505149,999,,,,,,,380.4,3.336842105,380.4,3.336842105,,,,,,,,,,,,,,,,,,,"Drew Compton","sa3022495",686541
"Jose Torres","COL",91,343,317,65,48,10,1,6,38,32,17,0,109,4,3,2,4,7,2,0.205047,0.0495627,0.317784,0.155963,0.252199,0.299685,0.244429,0.551884,0.0946372,5.43702,0.287805,,0.0454101,21.9719,-18.1515,41.0787,0.0454101,4,-24.12186823040247,7.780864238739014,-0.507999,999,,,,,,,208.8,2.294505494,208.8,2.294505494,,,,,,,,,,,,,,,,,,,"Jose Torres","sa3017396",686958
"Warming Bernabel","COL",116,483,461,116,87,20,1,8,50,51,15,0,81,5,2,0,12,6,2,0.251627,0.0310559,0.167702,0.185185,0.281574,0.35141,0.276858,0.632984,0.0997831,4.09515,0.28877,,-0.454502,43.547,-12.9534,62.906,-0.454502,-0.9,-21.879064440727234,0.874691367149353,-0.508125,999,,,,,,,393.3,3.390517241,393.3,3.390517241,,,,,,,,,,,,,,,,,,,"Warming Bernabel","sa3008761",682653
"Jared Wegner","NYY",92,351,313,61,37,15,2,7,32,37,30,0,124,5,3,0,10,5,4,0.194888,0.0854701,0.353276,0.241935,0.273504,0.322684,0.265647,0.596188,0.127796,4.62331,0.291892,,-1.18828,28.4786,-12.5807,70.6456,-1.18828,0.2,-12.977513194084167,-3.669047638773918,-0.51079,999,,,,,,,252.6,2.745652173,252.6,2.745652173,,,,,,,,,,,,,,,,,,,"Jared Wegner","sa3022695",808767
"Dom Johnson",,101,394,362,71,53,12,1,5,40,36,20,0,130,9,2,1,6,14,3,0.196133,0.0507614,0.329949,0.153846,0.254453,0.276243,0.238897,0.530696,0.0801105,6.08941,0.28821,,0.937802,23.4846,-22.6048,53.0261,0.937802,6.5,-20.23889648914337,2.1569666862487793,-0.510991,999,,,,,,,228.3,2.260396039,228.3,2.260396039,,,,,,,,,,,,,,,,,,,"Dom Johnson","sa3020537",694336
"Jared Thomas","PHI",51,169,149,26,22,3,0,1,9,12,14,0,41,3,1,2,2,2,1,0.174497,0.0828402,0.242604,0.341463,0.257485,0.214765,0.221671,0.47225,0.0402685,2.54925,0.231481,,-0.312811,7.73025,-12.039,38.2765,-0.312811,-0.9,-12.786595314741135,2.2047914266586304,-0.511631,999,,,,,,,66.7,1.307843137,66.7,1.307843137,,,,,,,,,,,,,,,,,,,"Jared Thomas","sa3022589",683228
"Jack Winkler","MIA",117,489,446,90,62,21,1,6,48,45,32,1,123,8,2,1,10,13,4,0.201794,0.0654397,0.251534,0.260163,0.266393,0.293722,0.250558,0.560115,0.0919283,5.05797,0.263323,,0.18284,33.7367,-23.4656,55.687,0.18284,-0.9,-25.729153275489807,4.490211606025696,-0.511716,999,,,,,,,314.5,2.688034188,314.5,2.688034188,,,,,,,,,,,,,,,,,,,"Jack Winkler","sa3017393",676466
"Calvin Harris","CHW",65,278,255,49,37,9,2,1,25,19,19,0,75,2,2,0,6,0,0,0.192157,0.0683453,0.269784,0.253333,0.251799,0.254902,0.229053,0.506701,0.0627451,3.25666,0.265193,,-0.457761,14.3677,-18.1522,44.3997,-0.457761,-1.2,-18.143681228160858,3.907289743423462,-0.513199,999,,,,,,,129.3,1.989230769,129.3,1.989230769,,,,,,,,,,,,,,,,,,,"Calvin Harris","sa3022496",691941
"Jalen Battles","TBR",85,313,292,60,48,9,1,2,33,25,16,0,93,3,1,1,9,3,2,0.205479,0.0511182,0.297125,0.172043,0.253205,0.263699,0.232333,0.516904,0.0582192,4.37971,0.292929,,-0.738805,17.0031,-19.6111,51.2687,-0.738805,1.6,-18.19132548570633,2.7500587701797485,-0.517137,999,,,,,,,151.7,1.784705882,151.7,1.784705882,,,,,,,,,,,,,,,,,,,"Jalen Battles","sa3020205",689216
"Nerwilian Cedeño","SDP",111,427,389,73,49,13,5,6,42,38,27,1,143,5,1,5,3,4,4,0.187661,0.0632318,0.334895,0.188811,0.248815,0.293059,0.240563,0.541874,0.105398,5.54029,0.278008,,-1.45142,26.0244,-23.9252,55.259,-1.45142,3.5,-24.296597957611084,5.06893002986908,-0.517229,999,,,,,,,234.8,2.115315315,234.8,2.115315315,,,,,,,,,,,,,,,,,,,"Nerwilian Cedeno","sa3010026",683481
"Damon Dues",,57,208,183,40,33,6,1,0,23,14,21,0,55,2,1,1,2,7,2,0.218579,0.100962,0.264423,0.381818,0.304348,0.262295,0.261474,0.566643,0.0437158,5.70767,0.310078,,0.148012,16.1777,-8.15372,67.6237,0.148012,-4.8,-7.904888764023781,-4.035743892192841,-0.517837,999,,,,,,,140.8,2.470175438,140.8,2.470175438,,,,,,,,,,,,,,,,,,,"Damon Dues","sa3017285",680815
"Willy Vasquez","TBR",110,445,417,87,61,16,3,7,40,41,23,0,145,2,2,1,11,8,5,0.208633,0.0516854,0.325843,0.158621,0.252252,0.311751,0.24834,0.564003,0.103118,5.09277,0.299625,,-1.10378,29.9067,-22.1485,62.5281,-1.10378,-1.3,-20.183452248573303,0.33506762981414795,-0.517842,999,,,,,,,275.7,2.506363636,275.7,2.506363636,,,,,,,,,,,,,,,,,,,"Willy Vasquez","sa3011821",691938
"Luis Verdugo","PHI",109,430,399,87,64,19,1,3,34,36,25,0,94,2,3,1,10,2,1,0.218045,0.0581395,0.218605,0.265957,0.265734,0.293233,0.248651,0.558967,0.075188,2.89658,0.27541,,-0.723217,29.0064,-21.2942,56.4363,-0.723217,2.2,-23.123540699481964,3.7799530029296875,-0.518884,999,,,,,,,259.2,2.377981651,259.2,2.377981651,,,,,,,,,,,,,,,,,,,"Luis Verdugo","sa3006888",677605
"Jim Haley",,103,386,354,75,49,14,3,9,43,43,22,0,115,7,2,1,8,12,1,0.211864,0.0569948,0.297927,0.191304,0.27013,0.344633,0.270609,0.614763,0.132768,7.04723,0.284483,,1.37938,32.8601,-12.2934,71.2155,1.37938,-7.4,-11.907002806663513,-5.981716752052307,-0.519955,999,,,,,,,315.3,3.061165048,315.3,3.061165048,,,,,,,,,,,,,,,,,,,"Jim Haley","sa918418",670113
"Jorge Burgos","CLE",97,405,372,76,51,15,1,9,36,42,28,1,128,3,2,0,10,3,1,0.204301,0.0691358,0.316049,0.21875,0.264198,0.322581,0.25888,0.586778,0.11828,3.58461,0.2827,,-0.444293,30.6542,-16.7219,67.1354,-0.444293,1.6,-15.673930704593658,-2.8642858266830444,-0.520244,999,,,,,,,283.3,2.920618556,283.3,2.920618556,,,,,,,,,,,,,,,,,,,"Jorge Burgos","sa3008929",684222
"Grant Koch",,47,164,151,28,20,5,0,3,16,14,10,0,54,2,1,0,3,0,0,0.18543,0.0609756,0.329268,0.185185,0.243902,0.278146,0.234067,0.522048,0.0927152,1.83929,0.263158,,-0.252558,9.13782,-10.0466,44.6229,-0.252558,-2.4,-11.112704038619995,0.6129333972930908,-0.520355,999,,,,,,,84.5,1.79787234,84.5,1.79787234,,,,,,,,,,,,,,,,,,,"Grant Koch","22045",667428
"Garrett Martin","NYY",85,341,307,54,31,13,2,8,36,43,22,1,120,11,1,0,8,8,1,0.175896,0.0645161,0.351906,0.183333,0.255132,0.309446,0.251798,0.564578,0.13355,6.65917,0.255556,,0.697771,23.8665,-16.0231,60.9044,0.697771,1.9,-14.556383192539215,-1.8588184118270874,-0.521324,999,,,,,,,231.1,2.718823529,231.1,2.718823529,,,,,,,,,,,,,,,,,,,"Garrett Martin","sa3022806",682003
"Justin Janas","ATL",96,379,342,79,60,15,1,3,38,41,21,0,81,15,1,0,5,3,2,0.230994,0.055409,0.21372,0.259259,0.30343,0.307018,0.27634,0.610448,0.0760234,3.61522,0.293436,,-0.967685,34.0122,-10.3225,74.4691,-0.967685,1.8,-12.538554787635803,-5.162815809249878,-0.524681,999,,,,,,,285.9,2.978125,285.9,2.978125,,,,,,,,,,,,,,,,,,,"Justin Janas","sa3019903",805332
"Adam Zebrowski","ATL",99,406,370,71,47,13,2,9,34,42,29,0,134,5,2,0,11,1,0,0.191892,0.0714286,0.330049,0.216418,0.258621,0.310811,0.253597,0.569431,0.118919,3.39261,0.270742,,-0.439286,29.0035,-18.4896,59.1616,-0.439286,-5.8,-20.266224831342697,1.6588473320007324,-0.525392,999,,,,,,,265.2,2.678787878,265.2,2.678787878,,,,,,,,,,,,,,,,,,,"Adam Zebrowski","sa3017221",700845
"Onix Vega","NYM",63,246,216,43,35,7,0,1,20,20,23,0,54,4,2,1,9,2,0,0.199074,0.0934959,0.219512,0.425926,0.285714,0.24537,0.246618,0.531085,0.0462963,3.18134,0.257669,,-0.0893302,16.1918,-12.5848,59.171,-0.0893302,-5.7,-12.099953159689903,-1.1805996894836426,-0.525529,999,,,,,,,139.3,2.211111111,139.3,2.211111111,,,,,,,,,,,,,,,,,,,"Onix Vega","sa3008007",681974
"Spencer Nivens","KCR",97,409,368,74,44,15,2,13,44,47,36,1,120,2,3,0,2,4,3,0.201087,0.0880196,0.293399,0.3,0.273839,0.358696,0.276953,0.632534,0.157609,4.24647,0.256303,,-1.05431,36.9063,-10.9377,74.1362,-1.05431,-1.1,-13.158104300498962,-5.608377575874329,-0.530047,999,,,,,,,336.7,3.47113402,336.7,3.47113402,,,,,,,,,,,,,,,,,,,"Spencer Nivens","sa3022697",811289
"Zach Cole","HOU",80,337,308,60,32,15,3,10,30,45,21,1,153,8,0,0,1,9,1,0.194805,0.0623145,0.454006,0.137255,0.264095,0.36039,0.273338,0.624485,0.165584,6.77168,0.344828,,0.921448,29.4288,-9.99281,77.6071,0.921448,0,-7.71323436498642,-8.667695045471191,-0.531556,999,,,,,,,283.9,3.54875,283.9,3.54875,,,,,,,,,,,,,,,,,,,"Zach Cole","sa3019937",805904
"Ronaldo Hernández","NYY",91,357,333,80,53,17,0,10,33,45,16,0,72,6,2,0,13,0,1,0.24024,0.0448179,0.201681,0.222222,0.285714,0.381381,0.291035,0.667096,0.141141,1.47646,0.27668,,-0.996938,36.2605,-5.50067,83.9185,-0.996938,0,-7.862168669700623,-9.182098388671875,-0.53248,999,,,,,,,321.5,3.532967032,321.5,3.532967032,,,,,,,,,,,,,,,,,,,"Ronaldo Hernandez","sa881850",660613
"Trevor Schwecke",,95,367,335,71,49,15,2,5,37,35,26,0,110,4,2,0,9,7,1,0.21194,0.0708447,0.299728,0.236364,0.275204,0.313433,0.262252,0.588637,0.101493,5.56216,0.297297,,0.371492,28.7741,-14.1568,65.5907,0.371492,-4,-14.729404598474503,-2.651528477668762,-0.532858,999,,,,,,,265,2.789473684,265,2.789473684,,,,,,,,,,,,,,,,,,,"Trevor Schwecke","sa3009874",673893
"Colton Bender","SDP",46,171,153,25,19,4,0,2,14,12,13,0,57,1,1,3,7,0,0,0.163399,0.0760234,0.333333,0.22807,0.232143,0.228758,0.211598,0.460901,0.0653595,1.60119,0.242105,,-0.26045,6.43538,-13.5679,35.7631,-0.26045,-0.6,-13.395812571048737,2.5415343046188354,-0.532893,999,,,,,,,59.4,1.291304347,59.4,1.291304347,,,,,,,,,,,,,,,,,,,"Colton Bender","sa3016828",701209
"Jean Ramirez","KCR",76,310,269,58,46,8,2,2,34,24,23,0,78,2,1,15,3,11,6,0.215613,0.0741935,0.251613,0.294872,0.281356,0.282528,0.254792,0.563884,0.0669145,6.22303,0.294737,,-0.7904,22.4438,-13.8194,58.548,-0.7904,3.4,-15.49361789226532,-0.017107486724853516,-0.534639,999,,,,,,,188.3,2.477631578,188.3,2.477631578,,,,,,,,,,,,,,,,,,,"Jean Ramirez","sa3008452",683031
"Anthony Mulrine","LAA",47,167,144,24,18,5,0,1,12,13,12,0,48,6,0,5,4,0,0,0.166667,0.0718563,0.287425,0.25,0.259259,0.222222,0.227058,0.481481,0.0555556,1.48214,0.242105,,-0.284127,8.36286,-11.1725,41.7358,-0.284127,-2.4,-11.417428940534592,0.6680481433868408,-0.535221,999,,,,,,,68.3,1.453191489,68.3,1.453191489,,,,,,,,,,,,,,,,,,,"Anthony Mulrine","sa1170373",688226
"Jordan Brewer",,78,325,295,63,42,14,1,6,34,35,21,0,91,7,2,0,6,7,1,0.213559,0.0646154,0.28,0.230769,0.28,0.328814,0.270753,0.608814,0.115254,5.29851,0.285,,0.442524,27.7048,-10.313,75.7891,0.442524,-1.5,-8.560732752084732,-7.470752716064453,-0.53678,999,,,,,,,255,3.269230769,255,3.269230769,,,,,,,,,,,,,,,,,,,"Jordan Brewer","sa3011737",685084
"Ronaldo Flores",,59,216,206,40,27,9,0,4,15,19,7,0,67,1,0,2,8,1,0,0.194175,0.0324074,0.310185,0.104478,0.224299,0.296117,0.228218,0.520416,0.101942,2.54088,0.266667,,-0.0762348,11.0184,-14.2488,42.5523,-0.0762348,-2.1,-14.274399720132351,1.8682539463043213,-0.53763,999,,,,,,,107.6,1.823728813,107.6,1.823728813,,,,,,,,,,,,,,,,,,,"Ronaldo Flores","sa3009551",683612
"Konner Piotto","TEX",59,215,192,39,31,6,1,1,19,19,15,1,60,5,2,1,4,3,1,0.203125,0.0697674,0.27907,0.25,0.275701,0.260417,0.242948,0.536118,0.0572917,4.6814,0.285714,,-0.199628,13.5164,-11.6339,54.703,-0.199628,-5,-11.34292757511139,-1.0501174926757812,-0.53972,999,,,,,,,121.8,2.064406779,121.8,2.064406779,,,,,,,,,,,,,,,,,,,"Konner Piotto","sa3016810",702920
"Anyelo Encarnacion","STL",88,343,307,59,42,11,1,5,38,28,28,0,122,3,1,4,4,5,3,0.192182,0.0816327,0.355685,0.229508,0.265487,0.283388,0.248156,0.548874,0.0912052,4.64514,0.298343,,-0.791166,23.001,-17.1225,58.1605,-0.791166,0,-17.95212721824646,1.260288119316101,-0.544232,999,,,,,,,202.1,2.296590909,202.1,2.296590909,,,,,,,,,,,,,,,,,,,"Anyelo Encarnacion","sa3016157",699031
"Trey Paige","STL",94,395,356,68,50,14,3,1,41,29,30,0,119,3,2,4,7,3,1,0.191011,0.0759494,0.301266,0.252101,0.258312,0.255618,0.233508,0.51393,0.0646067,5.14056,0.281513,,-0.460077,21.8311,-24.3753,48.3013,-0.460077,5,-24.879671275615692,6.451352119445801,-0.54473,999,,,,,,,193.8,2.061702127,193.8,2.061702127,,,,,,,,,,,,,,,,,,,"Trey Paige","sa3022440",813852
"Elijah Nunez","WSN",38,140,121,21,18,2,0,1,17,6,17,0,37,0,2,0,0,8,2,0.173554,0.121429,0.264286,0.459459,0.271429,0.214876,0.229604,0.486305,0.0413223,5.72597,0.235294,,0.513752,7.29766,-9.07927,44.5694,0.513752,-1.7,-8.766059458255768,-1.185596764087677,-0.546289,999,,,,,,,72.4,1.905263157,72.4,1.905263157,,,,,,,,,,,,,,,,,,,"Elijah Nunez","sa3022674",694399
"Jack Hurley","ARI",113,489,455,98,63,23,3,9,55,51,26,0,167,6,2,0,2,8,4,0.215385,0.0531697,0.341513,0.155689,0.265849,0.338462,0.265552,0.60431,0.123077,5.63614,0.316726,,-0.769806,39.638,-17.5643,66.7664,-0.769806,-3.2,-20.20317441225052,-1.4032628536224365,-0.54967,999,,,,,,,362.2,3.205309734,362.2,3.205309734,,,,,,,,,,,,,,,,,,,"Jack Hurley","sa3022564",694815
"Willie Joe Garry Jr.",,67,234,211,40,26,8,3,3,23,21,16,1,90,3,1,3,5,8,2,0.189573,0.0683761,0.384615,0.177778,0.255411,0.298578,0.245114,0.553989,0.109005,7.5779,0.310924,,0.442721,15.1186,-12.2542,56.8846,0.442721,-2.9,-11.101224690675735,-2.0402117371559143,-0.551598,999,,,,,,,148.1,2.210447761,148.1,2.210447761,,,,,,,,,,,,,,,,,,,"Willie Joe Garry Jr.","sa3007065",681831
"Kyle Hess","MIN",68,236,219,44,28,10,3,3,21,25,12,1,66,4,1,0,6,5,3,0.200913,0.0508475,0.279661,0.181818,0.254237,0.315068,0.249413,0.569306,0.114155,6.21836,0.271523,,-0.554393,16.0645,-11.5423,59.909,-0.554393,-2.7,-11.380301058292389,-1.8328630924224854,-0.552121,999,,,,,,,150.8,2.217647058,150.8,2.217647058,,,,,,,,,,,,,,,,,,,"Kyle Hess","sa3023651",680740
"P.J. Higgins","CIN",114,462,422,101,70,23,0,8,42,50,32,1,130,4,3,1,10,0,1,0.239336,0.0692641,0.281385,0.246154,0.29718,0.350711,0.285245,0.647891,0.111374,1.42862,0.324042,,-1.23371,44.7723,-9.2716,75.1815,-1.23371,2.7,-14.945005893707275,-5.787654638290405,-0.552288,999,,,,,,,390.7,3.427192982,390.7,3.427192982,,,,,,,,,,,,,,,,,,,"P.J. Higgins","18433",664731
"Zach Reks",,66,259,228,42,27,9,1,5,25,24,26,1,92,3,1,1,4,1,1,0.184211,0.100386,0.355212,0.282609,0.275194,0.298246,0.258066,0.573439,0.114035,3.338,0.280303,,-0.63909,19.4339,-10.8634,67.0396,-0.63909,-0.3,-10.847387373447418,-3.154938280582428,-0.555362,999,,,,,,,172.1,2.607575757,172.1,2.607575757,,,,,,,,,,,,,,,,,,,"Zach Reks","19667",676646
"Keyber Rodriguez","TEX",108,444,412,90,65,17,2,6,50,42,22,0,109,4,3,3,10,7,3,0.218447,0.0495495,0.245495,0.201835,0.263039,0.313107,0.254322,0.576145,0.0946602,5.21706,0.28,,-0.53323,31.9772,-19.961,62.7032,-0.53323,-5.6,-19.481084644794464,-0.7058200836181641,-0.556247,999,,,,,,,292,2.703703703,292,2.703703703,,,,,,,,,,,,,,,,,,,"Keyber Rodriguez","sa3005488",677601
"Kyle Datres",,86,340,300,64,44,11,1,8,35,37,32,0,96,6,2,0,7,10,2,0.213333,0.0941176,0.282353,0.333333,0.3,0.336667,0.28516,0.636667,0.123333,5.12564,0.282828,,0.542809,32.9259,-6.8466,68.4936,0.542809,1.8,-12.266904771327972,-4.4463255405426025,-0.556759,999,,,,,,,298.6,3.472093023,298.6,3.472093023,,,,,,,,,,,,,,,,,,,"Kyle Datres","sa3008029",663979
"Cody Wilson",,83,261,233,40,29,8,1,2,24,19,16,0,108,5,1,6,3,9,2,0.171674,0.0613027,0.413793,0.148148,0.239216,0.240343,0.219299,0.479559,0.0686695,6.60562,0.306452,,0.595366,11.4403,-19.0909,37.6339,0.595366,3.8,-18.869452834129333,4.75899463891983,-0.559651,999,,,,,,,113.2,1.363855421,113.2,1.363855421,,,,,,,,,,,,,,,,,,,"Cody Wilson","24671",680963
"Austin Beck",,70,271,251,48,31,8,1,8,23,34,15,0,109,2,3,0,5,1,0,0.191235,0.0553506,0.402214,0.137615,0.239852,0.326693,0.247722,0.566546,0.135458,3.43552,0.291971,,-0.178836,18.0782,-13.6229,58.099,-0.178836,2.3,-13.75742094218731,-0.6872134208679199,-0.559772,999,,,,,,,174.8,2.497142857,174.8,2.497142857,,,,,,,,,,,,,,,,,,,"Austin Beck","sa3004055",675648
"Matt Higgins","SFG",98,407,364,85,66,15,0,4,33,34,35,0,110,4,3,1,5,5,2,0.233516,0.0859951,0.27027,0.318182,0.305419,0.307692,0.276375,0.613111,0.0741758,2.87176,0.320158,,-0.638717,36.5367,-11.0734,77.6531,-0.638717,0,-11.514800548553467,-7.477219104766846,-0.561677,999,,,,,,,314,3.204081632,314,3.204081632,,,,,,,,,,,,,,,,,,,"Matt Higgins","sa3020128",696487
"P.J. Hilson","PIT",96,358,334,72,48,14,2,8,51,38,15,1,104,6,2,1,3,8,2,0.215569,0.0418994,0.290503,0.144231,0.260504,0.341317,0.262444,0.601822,0.125749,6.62575,0.285714,,0.253302,28.1238,-13.7544,63.7226,0.253302,-3.4,-15.277032941579819,-2.08459734916687,-0.561818,999,,,,,,,269,2.802083333,269,2.802083333,,,,,,,,,,,,,,,,,,,"P.J. Hilson","sa3007048",680713
"Ryan Leitch",,36,124,118,24,17,3,0,4,11,14,4,0,51,2,0,0,1,0,0,0.20339,0.0322581,0.41129,0.0784314,0.241935,0.330508,0.251192,0.572444,0.127119,1.34077,0.31746,,-0.181526,8.61819,-5.8871,58.1463,-0.181526,0,-6.38760232925415,-3.189300298690796,-0.562614,999,,,,,,,80.7,2.241666666,80.7,2.241666666,,,,,,,,,,,,,,,,,,,"Ryan Leitch","sa3019943",683318
"Dylan Jasso","NYY",125,529,483,98,64,22,2,10,52,56,33,0,164,8,5,0,6,1,0,0.202899,0.0623819,0.310019,0.20122,0.26276,0.318841,0.257478,0.5816,0.115942,3.4483,0.280255,,-0.628704,39.443,-22.4384,64.8999,-0.628704,8.5,-21.87431174516678,-1.2185478210449219,-0.563728,999,,,,,,,359.9,2.8792,359.9,2.8792,,,,,,,,,,,,,,,,,,,"Dylan Jasso","sa3022830",815734
"Brady Allen","DET",117,468,426,86,55,18,3,10,46,46,34,0,163,5,3,0,11,3,3,0.201878,0.0726496,0.348291,0.208589,0.267094,0.328638,0.263614,0.595733,0.126761,4.1776,0.296875,,-1.35691,37.2059,-17.5399,70.4129,-1.35691,-5.6,-17.200495719909668,-3.8804231882095337,-0.565951,999,,,,,,,333.2,2.847863247,333.2,2.847863247,,,,,,,,,,,,,,,,,,,"Brady Allen","sa3018098",680918
"Mac McCroskey","LAA",106,364,329,67,50,11,1,5,34,28,25,0,134,2,1,7,3,7,1,0.203647,0.0686813,0.368132,0.186567,0.263305,0.288754,0.247594,0.552059,0.0851064,4.97574,0.324607,,0.387277,24.2445,-18.3355,56.1814,0.387277,-1.1,-17.862831622362137,0.2374485731124878,-0.567124,999,,,,,,,222.3,2.097169811,222.3,2.097169811,,,,,,,,,,,,,,,,,,,"Mac McCroskey","sa3022444",815151
"Jorel Ortega","MIN",124,473,426,86,54,20,3,9,50,48,38,0,144,6,2,1,4,8,5,0.201878,0.0803383,0.30444,0.263889,0.275424,0.326291,0.267851,0.601715,0.124413,5.24436,0.28,,-1.19849,39.2164,-16.1143,72.8784,-1.19849,-10.6,-15.87698483467102,-5.386155605316162,-0.567556,999,,,,,,,348.5,2.81048387,348.5,2.81048387,,,,,,,,,,,,,,,,,,,"Jorel Ortega","sa3020090",687567
"Brennen Davis","NYY",78,321,282,55,33,13,0,9,35,49,25,0,96,12,2,0,6,3,2,0.195035,0.0778816,0.299065,0.260417,0.286604,0.336879,0.279506,0.623484,0.141844,3.34527,0.256983,,-0.762482,29.6252,-7.92478,80.3944,-0.762482,0,-7.963457345962524,-8.256173133850098,-0.569982,999,,,,,,,259.4,3.325641025,259.4,3.325641025,,,,,,,,,,,,,,,,,,,"Brennen Davis","sa3007876",680695
"Michael Curialle","STL",91,350,315,65,44,15,2,4,37,35,21,0,117,11,2,1,8,3,2,0.206349,0.06,0.334286,0.179487,0.277937,0.304762,0.261845,0.582699,0.0984127,4.74546,0.311224,,-0.809837,27.3267,-13.6156,67.3744,-0.809837,-4,-14.4647336602211,-2.7139917612075806,-0.570442,999,,,,,,,237.6,2.61098901,237.6,2.61098901,,,,,,,,,,,,,,,,,,,"Michael Curialle","sa3019837",683152
"Wade Stauss","STL",39,128,109,18,13,4,0,1,8,12,11,0,59,7,0,1,1,0,0,0.165138,0.0859375,0.460938,0.186441,0.283465,0.229358,0.245287,0.512822,0.0642202,1.08036,0.346939,,-0.244665,8.28785,-6.68534,56.2292,-0.244665,-5.2,-6.94437450170517,-2.8484418392181396,-0.571156,999,,,,,,,66.8,1.712820512,66.8,1.712820512,,,,,,,,,,,,,,,,,,,"Wade Stauss","sa3017000",702328
"Mike Jarvis","PIT",82,296,272,52,38,8,2,4,31,26,16,0,82,5,2,1,5,10,2,0.191176,0.0540541,0.277027,0.195122,0.247458,0.279412,0.235749,0.526869,0.0882353,6.90972,0.255319,,0.724334,16.8933,-17.7322,45.7549,0.724334,2,-18.47621387243271,3.087595582008362,-0.571283,999,,,,,,,167.8,2.046341463,167.8,2.046341463,,,,,,,,,,,,,,,,,,,"Mike Jarvis","sa3017401",690448
"Ambioris Tavarez","ATL",82,354,321,61,42,12,3,4,37,34,23,0,168,9,1,0,4,8,7,0.190031,0.0649718,0.474576,0.136905,0.262712,0.283489,0.246851,0.546201,0.0934579,6.47236,0.38,,-1.81908,23.3667,-18.0436,54.621,-1.81908,-0.2,-21.0287264585495,3.702116295695305,-0.571958,999,,,,,,,201.7,2.459756097,201.7,2.459756097,,,,,,,,,,,,,,,,,,,"Ambioris Tavarez","sa3019895",694222
"Bladimir Restituyo","MIL",114,465,439,104,79,17,1,7,50,46,14,0,100,3,4,5,5,14,6,0.236902,0.0301075,0.215054,0.14,0.263043,0.328018,0.258101,0.591062,0.0911162,5.1628,0.28869,,-0.387711,34.904,-19.4909,63.0139,-0.387711,-1.8,-20.953840643167496,-0.0914461612701416,-0.574257,999,,,,,,,325,2.850877192,325,2.850877192,,,,,,,,,,,,,,,,,,,"Bladimir Restituyo","sa3006621",678837
"Sam Praytor","MIA",52,199,177,33,21,8,0,4,17,20,15,0,55,3,1,3,7,0,1,0.186441,0.0753769,0.276382,0.272727,0.260204,0.299435,0.251263,0.559639,0.112994,1.81683,0.243697,,-0.712811,13.8422,-9.43648,56.1615,-0.712811,-4.7,-11.14486539363861,-1.0440621376037598,-0.574434,999,,,,,,,119.8,2.303846153,119.8,2.303846153,,,,,,,,,,,,,,,,,,,"Sam Praytor","sa3017151",671217
"Yanquiel Fernandez","COL",125,520,487,121,82,24,2,13,52,60,27,2,119,3,3,0,6,1,0,0.24846,0.0519231,0.228846,0.226891,0.290385,0.386037,0.292704,0.676422,0.137577,2.81981,0.301676,,-0.668166,53.5147,-7.31386,73.5713,-0.668166,-0.1,-17.1020787358284,-5.8319226279854774,-0.580161,745.1900024414062,,,,,,,485.7,3.8856,485.7,3.8856,,,,,,,,,,,,,,,,,,,"Yanquiel Fernandez","sa3015648",692585
"Jose Rojas",,94,364,327,67,36,17,1,13,40,42,33,1,84,2,2,0,5,3,1,0.204893,0.0906593,0.230769,0.392857,0.28022,0.382263,0.28869,0.662483,0.17737,3.84695,0.232759,,-0.357476,36.2845,-6.29553,81.3882,-0.357476,0,-8.458717077970505,-9.362139701843262,-0.58861,999,,,,,,,333.3,3.54574468,333.3,3.54574468,,,,,,,,,,,,,,,,,,,"Jose Rojas","19331",670351
"Jack Reinheimer",,44,169,156,29,23,5,0,1,16,12,9,0,50,1,2,1,2,4,0,0.185897,0.0532544,0.295858,0.18,0.232143,0.237179,0.21145,0.469322,0.0512821,5.22813,0.261682,,0.53955,6.33999,-13.4293,34.5323,0.53955,-0.5,-12.690915822982788,1.3628747463226318,-0.588701,999,,,,,,,67.9,1.543181818,67.9,1.543181818,,,,,,,,,,,,,,,,,,,"Jack Reinheimer","14938",595373
"Alain Camou",,38,152,140,29,22,6,1,0,11,9,7,0,32,0,2,3,3,0,1,0.207143,0.0460526,0.210526,0.21875,0.241611,0.264286,0.223746,0.505896,0.0571429,3.19792,0.263636,,-0.633887,7.20654,-10.5741,43.9397,-0.633887,-0.5,-10.823562920093536,0.05849498510360718,-0.589026,999,,,,,,,63.7,1.676315789,63.7,1.676315789,,,,,,,,,,,,,,,,,,,"Alain Camou","sa3018450",800126
"Jake Gelof","LAD",114,483,429,76,49,17,2,8,46,44,44,1,134,2,8,0,10,11,3,0.177156,0.0910973,0.277433,0.328358,0.252588,0.282051,0.238961,0.534639,0.104895,5.29731,0.230508,,0.243093,28.8145,-27.6859,52.202,0.243093,3.8,-27.363851934671402,5.574691295623779,-0.589177,999,,,,,,,283,2.48245614,283,2.48245614,,,,,,,,,,,,,,,,,,,"Jake Gelof","sa3022600",695372
"Diego Hernandez",,59,229,209,49,41,5,2,1,25,20,10,0,54,3,0,7,2,8,3,0.23445,0.0436681,0.235808,0.185185,0.279279,0.291866,0.255422,0.571145,0.0574163,6.46436,0.311688,,-0.04121,16.6955,-10.0924,58.9911,-0.04121,-3.4,-10.786537006497383,-2.5585832595825195,-0.589849,999,,,,,,,146.5,2.483050847,146.5,2.483050847,,,,,,,,,,,,,,,,,,,"Diego Hernandez","sa3024120",821027
"Matt Coutney","LAA",119,501,454,99,68,18,2,11,51,54,35,1,177,7,3,2,9,1,1,0.218062,0.0698603,0.353293,0.19774,0.282565,0.339207,0.274566,0.621772,0.121145,3.13909,0.327138,,-1.06528,44.2454,-14.3606,75.1538,-1.06528,2.1,-15.308339595794678,-7.10414457321167,-0.589859,999,,,,,,,392.5,3.298319327,392.5,3.298319327,,,,,,,,,,,,,,,,,,,"Matt Coutney","sa3020413",671925
"Cody Freeman","TEX",117,485,448,95,63,20,2,10,50,52,27,1,106,6,4,0,13,7,1,0.212054,0.0556701,0.218557,0.254717,0.263918,0.332589,0.261469,0.596507,0.120536,5.12221,0.252976,,0.245213,37.7202,-19.0142,67.731,0.245213,-6,-17.66221907734871,-4.217960000038147,-0.589969,999,,,,,,,356.9,3.05042735,356.9,3.05042735,,,,,,,,,,,,,,,,,,,"Cody Freeman","sa3010153",683227
"Frank Rodriguez","LAD",38,134,126,21,16,4,0,1,11,10,5,0,40,2,1,0,2,1,0,0.166667,0.0373134,0.298507,0.125,0.208955,0.222222,0.194484,0.431177,0.0555556,3.91183,0.232558,,0.0184743,3.19716,-12.4779,22.2658,0.0184743,-0.2,-12.437520317733288,2.2617872208356857,-0.590067,999,,,,,,,35.5,0.934210526,35.5,0.934210526,,,,,,,,,,,,,,,,,,,"Frank Rodriguez","sa3009330",684491
"Jackson Glenn","PIT",85,322,297,61,42,14,1,4,30,28,18,0,94,2,2,3,4,2,1,0.205387,0.0559006,0.291925,0.191489,0.253918,0.299663,0.245226,0.553582,0.0942761,3.7617,0.283582,,-0.494337,20.8335,-16.8335,52.1339,-0.494337,1.3,-18.925179958343506,2.483127474784851,-0.590659,999,,,,,,,189.5,2.229411764,189.5,2.229411764,,,,,,,,,,,,,,,,,,,"Jackson Glenn","sa3017478",690107
"James Tibbs III","SFG",27,122,116,23,17,4,0,2,11,11,6,0,46,0,0,0,0,0,0,0.198276,0.0491803,0.377049,0.130435,0.237705,0.284483,0.231483,0.522188,0.0862069,1.60119,0.308824,,-0.181526,6.54388,-7.72744,47.4372,-0.181526,-0.6,-7.849833011627197,-1.944797158241272,-0.591978,999,,,,,,,61.2,2.266666666,61.2,2.266666666,,,,,,,,,,,,,,,,,,,"James Tibbs III","sa3025333",696486
"Andrew Jenkins","DET",63,267,248,58,46,9,1,2,28,23,14,1,87,4,1,0,5,1,0,0.233871,0.0524345,0.325843,0.16092,0.284644,0.302419,0.260817,0.587064,0.0685484,3.99468,0.35,,-0.297223,20.6253,-10.6078,68.4454,-0.297223,0.2,-9.937278270721436,-4.705202862620354,-0.59301,999,,,,,,,183.3,2.909523809,183.3,2.909523809,,,,,,,,,,,,,,,,,,,"Andrew Jenkins","sa3019979",687543
"Brayan Buelvas","ATH",114,477,436,87,56,20,4,7,44,44,33,0,141,5,3,0,14,13,4,0.199541,0.0691824,0.295597,0.234043,0.262055,0.311927,0.254746,0.573981,0.112385,6.14139,0.274914,,0.238087,34.5168,-21.2817,66.9545,0.238087,-5.6,-17.797739028930664,-3.8473544120788574,-0.593232,999,,,,,,,325.3,2.853508771,325.3,2.853508771,,,,,,,,,,,,,,,,,,,"Brayan Buelvas","sa3008868",683454
"Sahid Valenzuela","ATH",75,275,256,50,40,8,1,1,22,17,13,0,67,2,1,3,7,2,1,0.195312,0.0472727,0.243636,0.19403,0.238971,0.246094,0.218171,0.485064,0.0507812,3.80975,0.259259,,-0.43909,11.8043,-20.3647,41.2271,-0.43909,3,-18.932448238134384,4.010434985160828,-0.594337,999,,,,,,,108.3,1.444,108.3,1.444,,,,,,,,,,,,,,,,,,,"Sahid Valenzuela","sa3014882",684541
"Josue De Paula","LAD",104,472,416,90,67,15,2,6,52,45,48,1,117,6,2,0,9,12,2,0.216346,0.101695,0.247881,0.410256,0.305085,0.305288,0.276176,0.610373,0.0889423,5.47994,0.284746,,0.642897,42.2962,-12.9174,77.2506,0.642897,-4.1,-12.197339177131653,-9.302821636199951,-0.597161,999,,,,,,,378.5,3.639423076,378.5,3.639423076,,,,,,,,,,,,,,,,,,,"Josue De Paula","sa3018591",800543
"Hudson Head","PIT",101,412,373,73,49,14,3,7,45,40,29,1,147,7,1,2,4,4,3,0.19571,0.0703883,0.356796,0.197279,0.265854,0.30563,0.254817,0.571484,0.10992,5.26125,0.3,,-1.07798,29.8367,-18.3583,58.589,-1.07798,6.5,-21.480061292648315,1.9585537910461426,-0.599165,999,,,,,,,266.5,2.638613861,266.5,2.638613861,,,,,,,,,,,,,,,,,,,"Hudson Head","sa3010889",687431
"Brandon Parker",,75,279,252,49,29,11,1,8,29,33,19,0,113,6,2,0,3,4,1,0.194444,0.0681004,0.405018,0.168142,0.265233,0.34127,0.267993,0.606503,0.146825,4.98289,0.308271,,-0.0311972,23.1637,-9.47321,68.8511,-0.0311972,-1.6,-10.42341960966587,-4.675396800041199,-0.59982,999,,,,,,,215,2.866666666,215,2.866666666,,,,,,,,,,,,,,,,,,,"Brandon Parker","sa1169878",688556
"Alexander Suarez","SFG",86,321,301,65,45,12,2,6,40,35,10,0,107,7,2,1,5,10,2,0.215947,0.0311526,0.333333,0.0934579,0.25625,0.328904,0.256689,0.585154,0.112957,7.30822,0.310526,,0.700657,23.7303,-13.8197,64.4028,0.700657,0,-12.963459849357605,-3.5383598804473877,-0.600271,999,,,,,,,230,2.674418604,230,2.674418604,,,,,,,,,,,,,,,,,,,"Alexander Suarez","sa3008915",683665
"Jordy Barley",,72,265,242,45,34,7,1,3,27,19,19,0,100,1,1,2,3,13,4,0.18595,0.0716981,0.377358,0.19,0.247148,0.260331,0.229322,0.507479,0.0743802,6.42161,0.3,,0.553784,13.7534,-17.2458,44.3798,0.553784,-0.5,-17.07164365053177,2.4210758209228516,-0.601676,999,,,,,,,137.7,1.9125,137.7,1.9125,,,,,,,,,,,,,,,,,,,"Jordy Barley","sa3004148",672357
"Marcus Lee Sang","PHI",114,469,431,94,67,15,4,8,54,47,30,0,147,4,3,1,6,9,6,0.218097,0.0639659,0.313433,0.204082,0.273504,0.327146,0.26539,0.60065,0.109049,5.77879,0.308244,,-1.42717,37.9558,-16.907,67.7027,-1.42717,-3.7,-19.540591716766357,-1.976749062538147,-0.609253,999,,,,,,,339.2,2.975438596,339.2,2.975438596,,,,,,,,,,,,,,,,,,,"Marcus Lee Sang","sa3011445",686984
"Rowdey Jordan","NYM",111,462,416,82,56,17,2,7,45,43,37,1,135,6,2,1,10,13,5,0.197115,0.0800866,0.292208,0.274074,0.27115,0.298077,0.255127,0.569227,0.100962,5.33952,0.271739,,-0.198489,33.5729,-20.4709,64.898,-0.198489,-3.4,-19.591019839048386,-1.7024692296981812,-0.610209,999,,,,,,,309.4,2.787387387,309.4,2.787387387,,,,,,,,,,,,,,,,,,,"Rowdey Jordan","sa3017214",679821
"Javier Rivas","PIT",107,421,391,78,55,14,2,7,33,43,13,0,160,10,1,6,14,4,3,0.199488,0.0308789,0.380048,0.08125,0.243373,0.299233,0.240347,0.542606,0.0997442,4.26801,0.315556,,-1.03063,25.5855,-23.6623,48.8499,-1.03063,2.2,-26.781389236450195,6.840652704238892,-0.611509,999,,,,,,,231.8,2.16635514,231.8,2.16635514,,,,,,,,,,,,,,,,,,,"Javier Rivas","sa3015589",691922
"Alejandro Nunez","HOU",98,366,337,68,49,14,2,3,40,31,25,0,121,3,1,0,6,9,2,0.20178,0.068306,0.330601,0.206612,0.262295,0.281899,0.244491,0.544194,0.0801187,6.11758,0.303738,,0.382271,23.4635,-19.3504,57.3155,0.382271,-2,-17.49315845966339,-0.6552028656005859,-0.61425,999,,,,,,,219.5,2.239795918,219.5,2.239795918,,,,,,,,,,,,,,,,,,,"Alejandro Nunez","sa3018977",805168
"Andrew Fernandez",,24,79,73,11,7,2,0,2,8,6,5,0,38,0,1,0,2,0,0,0.150685,0.0632911,0.481013,0.131579,0.202532,0.260274,0.205389,0.462806,0.109589,2.19643,0.264706,,-0.0947091,2.57831,-6.66296,25.2855,-0.0947091,-2.9,-7.152895599603653,-1.4486479759216309,-0.616647,999,,,,,,,28.2,1.175,28.2,1.175,,,,,,,,,,,,,,,,,,,"Andrew Fernandez","sa3020870",809327
"Shervyen Newton",,87,342,312,61,38,13,2,8,34,34,23,1,135,3,2,2,6,1,0,0.195513,0.0672515,0.394737,0.17037,0.255882,0.326923,0.255785,0.582805,0.13141,4.18586,0.309942,,-0.297223,25.0337,-14.9728,59.2461,-0.297223,-4.9,-16.2450270652771,-1.1301589012145996,-0.617026,999,,,,,,,233.8,2.687356321,233.8,2.687356321,,,,,,,,,,,,,,,,,,,"Shervyen Newton","sa917119",665989
"Robert Perez Jr.",,119,503,450,94,62,18,1,13,51,62,35,1,181,14,4,0,13,5,3,0.208889,0.0695825,0.359841,0.19337,0.284294,0.34,0.276881,0.624294,0.131111,3.90748,0.311538,,-1.08319,45.3593,-13.4807,79.703,-1.08319,-3.9,-13.291638851165771,-9.444532871246338,-0.618197,999,,,,,,,404.6,3.4,404.6,3.4,,,,,,,,,,,,,,,,,,,"Robert Perez Jr.","sa3002851",672596
"Kyle Garlick",,121,492,442,90,57,17,2,14,52,53,40,2,169,6,4,0,8,1,1,0.20362,0.0813008,0.343496,0.236686,0.276423,0.346154,0.273399,0.622577,0.142534,3.17038,0.288973,,-1.00214,42.9887,-14.5645,72.0482,-1.00214,0.5,-17.447232365608215,-4.923280239105225,-0.618264,999,,,,,,,391.4,3.234710743,391.4,3.234710743,,,,,,,,,,,,,,,,,,,"Kyle Garlick","18063",664247
"Colby Jones","ATL",29,109,104,21,19,2,0,0,11,8,3,0,32,2,0,0,2,2,4,0.201923,0.0275229,0.293578,0.09375,0.238532,0.221154,0.208891,0.459686,0.0192308,4.1047,0.291667,,-1.40944,3.86467,-8.88594,29.0719,-1.40944,0.6,-10.654420733451843,1.0004997253417969,-0.622157,999,,,,,,,27,0.931034482,27,0.931034482,,,,,,,,,,,,,,,,,,,"Colby Jones","sa3025224",803475
"Brady Whalen",,66,270,247,52,36,11,1,4,27,24,18,0,62,3,1,1,3,2,0,0.210526,0.0666667,0.22963,0.290323,0.271375,0.311741,0.259828,0.583116,0.101215,4.24278,0.263736,,-0.0498681,20.6422,-10.9419,66.5157,-0.0498681,0.8,-10.860866032540798,-4.160317599773407,-0.622756,999,,,,,,,186.2,2.821212121,186.2,2.821212121,,,,,,,,,,,,,,,,,,,"Brady Whalen","sa918278",669714
"Ynmanol Mariñez",,97,372,348,70,51,13,2,4,37,33,20,0,121,3,1,0,13,1,1,0.201149,0.0537634,0.325269,0.165289,0.25,0.284483,0.238163,0.534483,0.0833333,3.87819,0.294643,,-0.789046,21.9535,-21.5623,47.3443,-0.789046,4.4,-24.212419867515564,5.76684308052063,-0.625616,999,,,,,,,198.8,2.049484536,198.8,2.049484536,,,,,,,,,,,,,,,,,,,"Ynmanol Marinez","sa3005716",677577
"Cutter Coffey","TOR",93,405,369,68,44,15,0,9,42,40,31,0,117,4,1,0,7,6,3,0.184282,0.0765432,0.288889,0.264957,0.254321,0.298103,0.24766,0.552424,0.113821,3.82734,0.241803,,-0.638521,26.9969,-20.3793,59.3478,-0.638521,-1.6,-19.47696816921234,-0.11190474033355713,-0.628753,999,,,,,,,247.9,2.665591397,247.9,2.665591397,,,,,,,,,,,,,,,,,,,"Cutter Coffey","sa3020280",702690
"Addison Kopack","SDP",42,152,143,29,17,8,2,2,15,14,8,0,67,1,0,0,8,1,3,0.202797,0.0526316,0.440789,0.119403,0.25,0.328671,0.253532,0.578671,0.125874,5.625,0.364865,,-1.22022,10.8506,-6.93008,63.9881,-1.22022,-0.6,-7.765849351882935,-3.3924750089645386,-0.62964,999,,,,,,,93.3,2.221428571,93.3,2.221428571,,,,,,,,,,,,,,,,,,,"Addison Kopack","sa3023052",688551
"Daniel Mateo",,99,380,360,75,56,9,4,6,37,37,13,0,114,3,3,1,8,14,7,0.208333,0.0342105,0.3,0.114035,0.240106,0.305556,0.238634,0.545661,0.0972222,6.8339,0.283951,,-0.603299,22.5699,-21.8818,51.6683,-0.603299,1.4,-21.617911458015442,2.7962374687194824,-0.635589,999,,,,,,,220.3,2.225252525,220.3,2.225252525,,,,,,,,,,,,,,,,,,,"Daniel Mateo","sa3010886",686863
"Andrew Kachel","SFG",80,328,294,66,49,13,1,3,32,30,26,0,99,5,2,1,8,6,1,0.22449,0.0792683,0.301829,0.262626,0.296636,0.306122,0.271464,0.602759,0.0816327,4.78093,0.324742,,0.1636,28.1483,-10.2206,74.3475,0.1636,-1.2,-9.897967487573624,-7.225867033004761,-0.640436,999,,,,,,,248.8,3.11,248.8,3.11,,,,,,,,,,,,,,,,,,,"Andrew Kachel","sa3020140",803288
"Nathan Hickey","BOS",106,447,388,79,45,22,1,11,50,48,52,0,144,4,3,0,6,2,1,0.203608,0.116331,0.322148,0.361111,0.302013,0.350515,0.29111,0.652529,0.146907,3.36193,0.288136,,-0.802141,45.4285,-6.86067,82.7676,-0.802141,0,-9.615876078605652,-11.49691390991211,-0.641542,999,,,,,,,396.3,3.738679245,396.3,3.738679245,,,,,,,,,,,,,,,,,,,"Nathan Hickey","sa3017398",687208
"Caden Connor","CHW",120,525,477,107,77,21,2,7,52,48,38,0,117,4,6,0,9,3,1,0.224319,0.072381,0.222857,0.324786,0.28381,0.320755,0.268247,0.604564,0.0964361,3.6069,0.278552,,-0.744205,43.6952,-17.7183,71.9702,-0.744205,3.5,-17.58198845386505,-6.145061492919922,-0.642997,999,,,,,,,389.2,3.243333333,389.2,3.243333333,,,,,,,,,,,,,,,,,,,"Caden Connor","sa3022755",804645
"Cal Conley","ATL",123,532,488,108,82,18,3,5,60,44,32,1,121,4,3,5,7,19,7,0.221311,0.0601504,0.227444,0.264463,0.273245,0.30123,0.255023,0.574474,0.079918,6.23955,0.282192,,0.0415418,38.6151,-23.6172,60.1214,0.0415418,-4.5,-25.32802800089121,1.3641977310180664,-0.645248,999,,,,,,,357.6,2.907317073,357.6,2.907317073,,,,,,,,,,,,,,,,,,,"Cal Conley","sa3017080",695462
"Charlie Condon","COL",26,114,107,21,14,4,1,2,5,12,3,0,41,4,0,0,5,2,0,0.196262,0.0263158,0.359649,0.0731707,0.245614,0.308411,0.245605,0.554025,0.11215,5.06112,0.296875,,0.234259,7.41061,-5.92489,41.8708,0.234259,-1.1,-7.690027236938477,-2.3566137552261353,-0.64552,999,,,,,,,71.5,2.75,71.5,2.75,,,,,,,,,,,,,,,,,,,"Charlie Condon","sa3025257",809707
"Aaron Bracho","LAD",101,407,370,74,49,13,2,10,36,48,29,1,110,4,4,0,5,2,1,0.2,0.0712531,0.27027,0.263636,0.262899,0.327027,0.259517,0.589926,0.127027,3.67651,0.251969,,-0.644293,31.0144,-16.5957,66.0378,-0.644293,4.8,-17.173471212387085,-2.6772189140319824,-0.650359,999,,,,,,,287.5,2.846534653,287.5,2.846534653,,,,,,,,,,,,,,,,,,,"Aaron Bracho","sa3010018",677570
"Brenden Dixon","PIT",77,285,255,50,33,9,1,7,26,29,25,0,100,3,1,1,5,3,1,0.196078,0.0877193,0.350877,0.25,0.274648,0.321569,0.266593,0.596216,0.12549,4.0797,0.288591,,-0.286444,23.3408,-9.99793,66.5154,-0.286444,-5.2,-11.698179692029953,-4.152821660041809,-0.656869,999,,,,,,,209.5,2.72077922,209.5,2.72077922,,,,,,,,,,,,,,,,,,,"Brenden Dixon","sa3017397",686981
"Ronald Rosario","BOS",99,418,387,85,59,19,2,5,39,39,25,0,105,3,3,0,13,1,1,0.219638,0.0598086,0.251196,0.238095,0.270335,0.317829,0.259981,0.588164,0.0981912,3.19662,0.285714,,-0.891647,32.0087,-16.8882,60.8712,-0.891647,-8.4,-19.606168568134308,-0.7206931114196777,-0.660214,999,,,,,,,285.6,2.884848484,285.6,2.884848484,,,,,,,,,,,,,,,,,,,"Ronald Rosario","sa3015525",691385
"Johnny Tincher","CLE",58,227,198,30,23,5,0,2,13,16,24,0,72,4,1,0,4,0,1,0.151515,0.105727,0.317181,0.333333,0.255507,0.207071,0.220576,0.462577,0.0555556,1.21806,0.224,,-0.80752,10.1832,-16.3708,40.1915,-0.80752,-1.8,-16.341913282871246,2.3703410625457764,-0.661433,999,,,,,,,84.5,1.456896551,84.5,1.456896551,,,,,,,,,,,,,,,,,,,"Johnny Tincher","sa3023072",814816
"Gionti Turner",,65,214,194,37,30,5,1,1,19,17,12,0,70,5,1,2,4,5,3,0.190722,0.0560748,0.327103,0.171429,0.254717,0.242268,0.227517,0.496985,0.0515464,5.41884,0.290323,,-0.585963,10.7956,-14.2377,47.8809,-0.585963,-1,-13.34788590669632,-0.21369785070419312,-0.663847,999,,,,,,,94.9,1.46,94.9,1.46,,,,,,,,,,,,,,,,,,,"Gionti Turner","sa3007326",682090
"Cade Bunnell","ATL",97,380,333,58,35,14,2,7,33,33,44,0,175,2,1,0,5,2,1,0.174174,0.115789,0.460526,0.251429,0.273684,0.291291,0.257135,0.564976,0.117117,4.15481,0.335526,,-0.644293,28.2283,-16.2233,61.5432,-0.644293,6,-18.119313955307007,-0.9811873435974121,-0.665741,999,,,,,,,248.6,2.562886597,248.6,2.562886597,,,,,,,,,,,,,,,,,,,"Cade Bunnell","sa3010702",685298
"Brett Johnson",,60,226,195,34,20,10,2,2,21,18,27,0,80,2,1,1,2,4,1,0.174359,0.119469,0.353982,0.3375,0.28,0.276923,0.255576,0.556923,0.102564,5.91138,0.280702,,0.00826491,16.5049,-9.93219,60.0521,0.00826491,-0.7,-10.787763230502605,-3.1911816000938416,-0.666443,999,,,,,,,146.4,2.44,146.4,2.44,,,,,,,,,,,,,,,,,,,"Brett Johnson","sa3019869",805842
"Omar Hernandez","KCR",82,335,306,61,47,11,1,2,32,23,19,1,78,2,1,7,8,9,3,0.199346,0.0567164,0.232836,0.24359,0.25,0.261438,0.228664,0.511438,0.0620915,5.40687,0.259912,,0.0561885,17.2089,-21.9787,40.1691,0.0561885,-0.9,-22.877624593675137,5.254468083381653,-0.666736,999,,,,,,,163.7,1.996341463,163.7,1.996341463,,,,,,,,,,,,,,,,,,,"Omar Hernandez","sa3010155",683427
"Kenni Gomez","HOU",108,455,425,90,63,17,4,6,46,44,24,0,143,5,1,0,6,10,8,0.211765,0.0527473,0.314286,0.167832,0.261538,0.312941,0.254221,0.57448,0.101176,5.69749,0.303249,,-1.96615,32.7327,-20.4923,64.1604,-1.96615,-2.7,-20.624799728393555,-1.0281893014907837,-0.66979,999,,,,,,,291.1,2.69537037,291.1,2.69537037,,,,,,,,,,,,,,,,,,,"Kenni Gomez","sa3018430",703198
"Glenn Santiago",,69,247,225,46,35,7,1,3,23,20,16,0,72,3,2,1,8,3,1,0.204444,0.0647773,0.291498,0.222222,0.264228,0.284444,0.246205,0.548672,0.08,4.57086,0.282895,,-0.231197,16.1755,-12.7181,58.3242,-0.231197,0,-12.00958999991417,-2.722663164138794,-0.671138,999,,,,,,,146.7,2.126086956,146.7,2.126086956,,,,,,,,,,,,,,,,,,,"Glenn Santiago","sa3010341",687426
"Jared Walsh",,91,349,315,63,39,12,1,11,33,38,31,2,123,3,0,0,5,1,1,0.2,0.0888252,0.352436,0.252033,0.277937,0.349206,0.275853,0.627143,0.149206,2.64581,0.287293,,-0.765368,31.1833,-9.642,77.3202,-0.765368,-1.9,-9.822058618068695,-8.311669707298279,-0.671267,999,,,,,,,282.8,3.107692307,282.8,3.107692307,,,,,,,,,,,,,,,,,,,"Jared Walsh","18607",665120
"Benjamin Blackwell",,61,211,195,36,29,5,1,1,19,13,13,0,68,2,1,0,6,8,3,0.184615,0.0616114,0.322275,0.191176,0.241706,0.235897,0.217443,0.477604,0.0512821,5.90974,0.275591,,0.0377142,8.9334,-15.749,36.7618,0.0377142,0.9,-15.229768544435501,1.6752792000770569,-0.673442,999,,,,,,,88,1.44262295,88,1.44262295,,,,,,,,,,,,,,,,,,,"Benjamin Blackwell","sa3022922",701295
"Zach Ehrhard","BOS",23,96,86,12,10,2,0,0,8,5,8,0,30,1,1,0,1,2,1,0.139535,0.0833333,0.3125,0.266667,0.21875,0.162791,0.182909,0.381541,0.0232558,4.34274,0.210526,,-0.154962,1.39615,-9.83375,6.65685,-0.154962,1.7,-10.408160090446472,0.6417989730834961,-0.678137,999,,,,,,,15,0.652173913,15,0.652173913,,,,,,,,,,,,,,,,,,,"Zach Ehrhard","sa3025247",701394
"Jordan Sprinkle","CHW",86,371,336,66,51,12,1,2,34,26,22,0,102,4,1,8,5,12,3,0.196429,0.0592992,0.274933,0.215686,0.253444,0.255952,0.23072,0.509396,0.0595238,5.65362,0.274678,,0.577264,19.6721,-23.7267,45.5726,0.577264,-0.5,-22.527248859405518,3.589506149291992,-0.678562,999,,,,,,,185.3,2.154651162,185.3,2.154651162,,,,,,,,,,,,,,,,,,,"Jordan Sprinkle","sa3019925",688394
"Cole Cummings",,113,465,420,81,52,17,2,10,47,48,34,0,179,8,3,0,6,4,1,0.192857,0.0731183,0.384946,0.189944,0.264516,0.314286,0.258156,0.578802,0.121429,4.7221,0.303419,,-0.346894,34.9246,-19.4702,67.0999,-0.346894,1.7,-18.640995800495148,-3.425661325454712,-0.679742,999,,,,,,,319.1,2.823893805,319.1,2.823893805,,,,,,,,,,,,,,,,,,,"Cole Cummings","sa3016830",702113
"Jose Ramos","SFG",72,294,264,50,36,11,2,1,32,22,21,0,78,5,2,2,5,10,2,0.189394,0.0714286,0.265306,0.269231,0.260274,0.257576,0.235762,0.51785,0.0681818,6.99833,0.262032,,0.700657,16.7824,-17.6091,50.3178,0.700657,-0.7,-16.76597011089325,0.38024693727493286,-0.68114,999,,,,,,,160.1,2.223611111,160.1,2.223611111,,,,,,,,,,,,,,,,,,,"Jose Ramos","sa3016541",692374
"Caleb Hamilton",,59,204,179,28,19,4,0,5,16,17,22,0,83,1,1,1,3,1,0,0.156425,0.107843,0.406863,0.26506,0.251232,0.26257,0.235958,0.513801,0.106145,2.44871,0.25,,-0.131482,11.677,-12.1865,47.9962,-0.131482,-4.9,-12.270147889852524,-1.1522047519683838,-0.683895,999,,,,,,,107.3,1.818644067,107.3,1.818644067,,,,,,,,,,,,,,,,,,,"Caleb Hamilton","19842",643348
"Julio Carreras","COL",103,421,385,86,60,20,3,3,45,37,23,0,121,4,2,7,11,14,3,0.223377,0.0546318,0.287411,0.190083,0.272947,0.314286,0.260002,0.587233,0.0909091,6.64272,0.315589,,0.89834,32.2455,-17.0022,51.5608,0.89834,-1.8,-23.48764818906784,2.8406527042388916,-0.68445,999,,,,,,,299.1,2.903883495,299.1,2.903883495,,,,,,,,,,,,,,,,,,,"Julio Carreras","sa3005598",679734
"Rodolfo Nolasco","SFG",94,396,359,69,44,16,0,9,35,41,31,0,166,4,2,0,10,4,3,0.192201,0.0782828,0.419192,0.186747,0.262626,0.311978,0.256456,0.574604,0.119777,2.82495,0.322581,,-1.03852,29.2006,-17.1227,64.2463,-1.03852,2.5,-17.969316244125366,-1.865079402923584,-0.686508,999,,,,,,,262.6,2.793617021,262.6,2.793617021,,,,,,,,,,,,,,,,,,,"Rodolfo Nolasco","sa3008907",683616
"Garrett Spain","MIL",103,382,350,63,39,13,2,9,33,37,26,1,131,3,1,2,5,7,2,0.18,0.0680628,0.342932,0.198473,0.242105,0.305714,0.241978,0.54782,0.125714,5.13957,0.255924,,0.0611949,23.7168,-20.9689,52.1623,0.0611949,1,-21.79101037234068,2.4035861492156982,-0.688495,999,,,,,,,231.2,2.244660194,231.2,2.244660194,,,,,,,,,,,,,,,,,,,"Garrett Spain","sa3017174",696521
"Caeden Trenkle","ATH",74,289,264,52,38,8,2,4,31,24,18,0,100,3,3,1,3,3,1,0.19697,0.0622837,0.346021,0.18,0.253472,0.287879,0.241263,0.541351,0.0909091,5.40124,0.294479,,-0.270659,17.7765,-16.0302,57.4703,-0.270659,1.2,-14.334248423576355,-1.985625982284546,-0.690505,999,,,,,,,165.3,2.233783783,165.3,2.233783783,,,,,,,,,,,,,,,,,,,"Caeden Trenkle","sa3019991",689959
"Sebastian Walcott","TEX",115,497,458,97,58,24,6,9,50,53,34,1,156,3,2,0,7,13,6,0.21179,0.0684105,0.313883,0.217949,0.269618,0.349345,0.270431,0.618963,0.137555,6.47062,0.298305,,-0.571926,42.2383,-15.8999,74.0347,-0.571926,-13.4,-15.337644577026367,-7.921604633331299,-0.691082,999,,,,,,,392.5,3.413043478,392.5,3.413043478,,,,,,,,,,,,,,,,,,,"Sebastian Walcott","sa3021069",806964
"Beau Brewer",,40,141,131,27,23,4,0,0,11,8,10,0,22,0,0,0,5,0,0,0.206107,0.070922,0.156028,0.454545,0.262411,0.236641,0.228287,0.499053,0.0305344,1.37597,0.247706,,-0.26045,7.20034,-9.29357,44.366,-0.26045,-2.7,-9.236087381839752,-2.181922435760498,-0.693789,999,,,,,,,61.8,1.545,61.8,1.545,,,,,,,,,,,,,,,,,,,"Beau Brewer","sa3020013",806314
"Agustin Ruiz",,94,373,335,65,39,15,2,9,39,43,26,1,116,9,3,0,3,1,2,0.19403,0.0697051,0.310992,0.224138,0.268097,0.331343,0.264892,0.59944,0.137313,3.67885,0.262911,,-1.18616,30.037,-13.5958,70.7969,-1.18616,-1.4,-13.649774074554443,-5.511552214622498,-0.694767,999,,,,,,,269.8,2.870212765,269.8,2.870212765,,,,,,,,,,,,,,,,,,,"Agustin Ruiz","sa3004149",672361
"Josh Breaux","PHI",68,280,263,51,32,9,0,10,25,32,15,0,88,1,1,0,9,0,0,0.193916,0.0535714,0.314286,0.170455,0.239286,0.342205,0.253779,0.581491,0.148289,1.19196,0.246988,,-0.378836,20.0434,-12.7104,59.8875,-0.378836,-7.4,-13.8095623254776,-2.255967140197754,-0.696221,999,,,,,,,190.7,2.804411764,190.7,2.804411764,,,,,,,,,,,,,,,,,,,"Josh Breaux","sa3008051",677007
"Hunter Dozier",,88,342,314,63,36,14,3,10,32,34,22,0,115,3,2,1,7,3,1,0.200637,0.0643275,0.336257,0.191304,0.258065,0.359873,0.269475,0.617937,0.159236,5.09367,0.277487,,-0.286444,28.8023,-11.2042,71.5732,-0.286444,-8,-11.410394161939621,-6.743386268615723,-0.697438,745.3300170898438,,,,,,,268.4,3.05,268.4,3.05,,,,,,,,,,,,,,,,,,,"Hunter Dozier","15117",641531
"William Lugo","NYM",101,419,373,69,44,15,1,9,39,42,38,0,127,5,3,0,8,2,1,0.184987,0.0906921,0.303103,0.299213,0.267303,0.302949,0.256411,0.570252,0.117962,3.31699,0.25,,-0.691647,30.8813,-18.1325,65.7625,-0.691647,-7.5,-17.846100449562073,-2.8813934326171875,-0.699642,999,,,,,,,277.2,2.744554455,277.2,2.744554455,,,,,,,,,,,,,,,,,,,"William Lugo","sa3010876",683493
"Wally Soto",,25,87,78,11,7,3,0,1,5,7,6,0,37,2,0,1,2,0,0,0.141026,0.0689655,0.425287,0.162162,0.22093,0.217949,0.204187,0.438879,0.0769231,1.08036,0.25,,-0.118386,2.75523,-7.42186,29.6441,-0.118386,0,-7.4378853514790535,-2.237654209136963,-0.700053,999,,,,,,,25.7,1.028,25.7,1.028,,,,,,,,,,,,,,,,,,,"Wally Soto","sa3016642",695222
"Nelly Taylor","BOS",117,500,455,90,55,23,4,8,57,47,41,0,157,2,2,0,5,15,6,0.197802,0.082,0.314,0.261146,0.266,0.318681,0.259595,0.584681,0.120879,6.54609,0.280822,,-0.203496,38.1326,-20.3565,60.5997,-0.203496,-2.6,-22.74459534883499,-0.7628452777862549,-0.706387,999,,,,,,,354.4,3.029059829,354.4,3.029059829,,,,,,,,,,,,,,,,,,,"Nelly Taylor","sa3023426",807511
"Carter Young","BAL",107,445,416,86,63,16,3,4,35,34,26,0,137,1,2,0,6,8,4,0.206731,0.058427,0.307865,0.189781,0.253933,0.288462,0.240954,0.542394,0.0817308,4.95421,0.296029,,-0.730344,27.2615,-24.7937,55.9071,-0.730344,-3.4,-23.18125420808792,1.5052027702331543,-0.7066,999,,,,,,,251.7,2.352336448,251.7,2.352336448,,,,,,,,,,,,,,,,,,,"Carter Young","sa3020534",677356
"Anthony Huezo","HOU",46,169,152,21,11,5,1,4,14,17,12,0,86,4,1,0,2,3,1,0.138158,0.0710059,0.508876,0.139535,0.218935,0.263158,0.218401,0.482093,0.125,6.23893,0.269841,,-0.0181018,7.28549,-12.4838,38.9634,-0.0181018,-1.3,-11.820828549563885,-0.6790416836738586,-0.709122,999,,,,,,,74.3,1.615217391,74.3,1.615217391,,,,,,,,,,,,,,,,,,,"Anthony Huezo","sa3022691",805953
"Donovan Casey",,77,300,277,55,40,10,1,4,28,30,17,0,112,5,1,0,4,8,2,0.198556,0.0566667,0.373333,0.151786,0.256667,0.285199,0.243058,0.541865,0.0866426,5.59531,0.314815,,0.300657,18.8865,-16.2069,54.9597,0.300657,2.3,-15.85719895362854,-1.00687837600708,-0.709908,999,,,,,,,178.9,2.323376623,178.9,2.323376623,,,,,,,,,,,,,,,,,,,"Donovan Casey","sa915654",661541
"Alvaro Gonzalez",,47,154,137,21,15,4,0,2,15,12,12,0,52,3,1,1,3,1,0,0.153285,0.0779221,0.337662,0.230769,0.235294,0.226277,0.214201,0.461571,0.0729927,3.84777,0.22619,,-0.0367727,6.11833,-11.8963,35.6551,-0.0367727,-1.2,-11.374882638454437,-0.6341564059257507,-0.710072,999,,,,,,,57.9,1.231914893,57.9,1.231914893,,,,,,,,,,,,,,,,,,,"Alvaro Gonzalez","sa3005715",677572
"Aaron Shackelford",,92,371,339,66,38,15,2,11,34,43,24,1,129,6,2,0,4,4,1,0.19469,0.06469,0.347709,0.186047,0.25876,0.348083,0.265455,0.606843,0.153392,4.59713,0.273632,,-0.133799,30.0442,-13.3547,65.7493,-0.133799,2.9,-15.328939527273178,-3.9158434867858887,-0.711595,999,,,,,,,283.7,3.083695652,283.7,3.083695652,,,,,,,,,,,,,,,,,,,"Aaron Shackelford","sa1169950",687823
"Korey Morton","HOU",24,90,87,16,16,0,0,0,5,5,2,0,33,1,0,0,3,2,2,0.183908,0.0222222,0.366667,0.0606061,0.211111,0.183908,0.180065,0.395019,0,3.22044,0.296296,,-0.559969,1.10288,-9.42515,11.9971,-0.559969,-0.6,-9.6224125623703,-0.26931220293045044,-0.711741,999,,,,,,,9.8,0.408333333,9.8,0.408333333,,,,,,,,,,,,,,,,,,,"Korey Morton","sa3025436",808814
"Joe Donovan",,58,196,180,33,21,8,1,3,20,18,10,0,76,5,1,0,6,0,0,0.183333,0.0510204,0.387755,0.131579,0.244898,0.288889,0.238686,0.533787,0.105556,3.42411,0.294118,,-0.284127,11.6495,-11.2782,52.9308,-0.284127,-6.2,-10.840112656354904,-2.5991766452789307,-0.713187,999,,,,,,,106.9,1.843103448,106.9,1.843103448,,,,,,,,,,,,,,,,,,,"Joe Donovan","sa3015088",676973
"Wyatt Crenshaw",,36,105,95,16,12,2,1,1,13,7,6,0,41,2,1,1,1,1,1,0.168421,0.0571429,0.390476,0.146341,0.230769,0.242105,0.214463,0.472874,0.0736842,6.05482,0.277778,,-0.362855,4.19367,-8.08903,32.3798,-0.362855,-0.4,-8.853228449821472,-1.557407408952713,-0.714065,999,,,,,,,38.6,1.072222222,38.6,1.072222222,,,,,,,,,,,,,,,,,,,"Wyatt Crenshaw","sa3022406",809846
"Jean Arnaez",,47,157,149,32,25,6,0,1,13,13,4,0,37,3,1,0,8,0,1,0.214765,0.0254777,0.235669,0.108108,0.248408,0.275168,0.232714,0.523575,0.0604027,2.18105,0.276786,,-0.657564,8.57688,-9.78868,48.8347,-0.657564,-2.9,-9.848941564559937,-2.3231335282325745,-0.716582,999,,,,,,,75.2,1.6,75.2,1.6,,,,,,,,,,,,,,,,,,,"Jean Arnaez","sa3016120",692484
"Jackson Loftin",,91,336,304,50,34,10,1,5,34,30,22,0,107,9,1,0,6,15,2,0.164474,0.0654762,0.318452,0.205607,0.241071,0.253289,0.2262,0.494361,0.0888158,6.7846,0.233161,,1.67698,16.5939,-22.7107,44.4495,1.67698,0.3,-19.679642915725708,1.5345678925514221,-0.717196,999,,,,,,,173.6,1.907692307,173.6,1.907692307,,,,,,,,,,,,,,,,,,,"Jackson Loftin","sa3019931",699816
"Will McGillis",,32,124,111,18,15,1,0,2,10,10,10,0,45,2,1,0,1,0,0,0.162162,0.0806452,0.362903,0.222222,0.241935,0.225225,0.217024,0.467161,0.0630631,1.44093,0.246154,,-0.213095,5.20819,-9.29709,34.6781,-0.213095,-2.1,-9.481097906827927,-1.6443855464458466,-0.722105,999,,,,,,,47.5,1.484375,47.5,1.484375,,,,,,,,,,,,,,,,,,,"Will McGillis","sa3022536",702217
"Justin Boyd","CLE",36,133,119,18,12,5,0,1,14,8,12,0,54,0,1,1,0,2,0,0.151261,0.0902256,0.406015,0.222222,0.227273,0.218487,0.205848,0.44576,0.0672269,4.95947,0.261538,,0.210582,4.38982,-11.1683,29.8317,0.210582,0.5,-10.46762266755104,-0.9660494327545166,-0.722949,999,,,,,,,45.5,1.263888888,45.5,1.263888888,,,,,,,,,,,,,,,,,,,"Justin Boyd","sa3020123",687628
"Lolo Sanchez",,72,280,248,50,39,7,1,3,27,23,22,0,57,4,1,5,5,4,3,0.201613,0.0785714,0.203571,0.385965,0.276364,0.274194,0.250721,0.550557,0.0725806,4.13862,0.248677,,-0.928027,19.3543,-13.3996,66.5323,-0.928027,-1.6,-11.650372982025146,-4.68641984462738,-0.723238,999,,,,,,,163.4,2.269444444,163.4,2.269444444,,,,,,,,,,,,,,,,,,,"Lolo Sanchez","sa917767",665975
"Ryan Wrobleski","HOU",64,255,236,45,32,10,0,3,18,24,11,0,82,7,1,0,8,5,1,0.190678,0.0431373,0.321569,0.134146,0.247059,0.271186,0.23345,0.518245,0.0805085,3.97377,0.276316,,0.200372,14.0816,-15.7478,49.5495,0.200372,-5.7,-14.519733637571335,-1.0152554512023926,-0.7265,999,,,,,,,133.9,2.0921875,133.9,2.0921875,,,,,,,,,,,,,,,,,,,"Ryan Wrobleski","sa3020239",696141
"Hunter Haas","TBR",106,407,367,65,43,16,1,5,29,34,26,0,129,7,3,4,2,5,3,0.177112,0.0638821,0.316953,0.20155,0.243176,0.26703,0.230227,0.510206,0.0899183,3.84445,0.254237,,-0.814843,21.4195,-26.1906,49.7871,-0.814843,-0.9,-24.198668599128723,3.5863314867019653,-0.727569,999,,,,,,,196.2,1.850943396,196.2,1.850943396,,,,,,,,,,,,,,,,,,,"Hunter Haas","sa3022918",690983
"José Godoy",,50,183,168,37,29,5,0,3,19,19,11,0,41,2,1,1,6,0,0,0.220238,0.0601093,0.224044,0.268293,0.274725,0.303571,0.258305,0.578297,0.0833333,1.74008,0.272,,-0.331482,13.7665,-7.64051,62.934,-0.331482,0,-8.44274789094925,-4.706789970397949,-0.728671,999,,,,,,,120.9,2.418,120.9,2.418,,,,,,,,,,,,,,,,,,,"Jose Godoy","15808",608422
"E.J. Exposito","ATL",113,465,425,85,56,18,2,9,49,46,32,0,146,4,3,1,10,13,5,0.2,0.0688172,0.313978,0.219178,0.260776,0.315294,0.25542,0.57607,0.115294,5.57613,0.278388,,-0.151135,33.9008,-20.494,60.3891,-0.151135,-5.5,-22.176773443818092,-0.37433862686157227,-0.729776,999,,,,,,,317.9,2.813274336,317.9,2.813274336,,,,,,,,,,,,,,,,,,,"E.J. Exposito","sa3019900",802991
"Quincy Scott","TEX",99,372,334,71,59,10,1,1,25,31,27,0,106,8,3,0,7,5,3,0.212575,0.0725806,0.284946,0.254717,0.284946,0.257485,0.248852,0.542431,0.0449102,3.54025,0.304348,,-0.956907,25.1541,-18.3618,58.8557,-0.956907,3.1,-18.469808220863342,-1.0005292892456055,-0.730124,999,,,,,,,213.8,2.159595959,213.8,2.159595959,,,,,,,,,,,,,,,,,,,"Quincy Scott","sa3022656",701701
"Elio Prado","PHI",87,360,324,62,45,10,2,5,33,34,28,0,87,6,1,1,8,8,5,0.191358,0.0777778,0.241667,0.321839,0.267409,0.280864,0.248652,0.548274,0.0895062,5.0398,0.244635,,-1.04853,24.2847,-17.8274,56.437,-1.04853,4.7,-19.802008628845215,0.7317459583282471,-0.731403,999,,,,,,,213.8,2.457471264,213.8,2.457471264,,,,,,,,,,,,,,,,,,,"Elio Prado","sa3008807",682799
"Cristopher Navarro",,47,152,141,28,22,5,0,1,13,10,8,0,39,1,1,1,4,1,1,0.198582,0.0526316,0.256579,0.205128,0.245033,0.255319,0.224852,0.500352,0.0567376,2.77215,0.264706,,-0.449672,7.34191,-10.4388,27.9026,-0.449672,0.8,-13.554291486740112,1.3584949970245361,-0.736788,999,,,,,,,65.8,1.4,65.8,1.4,,,,,,,,,,,,,,,,,,,"Cristopher Navarro","sa917065",665888
"Bryson Ware","PHI",101,408,375,72,47,14,3,8,38,41,24,0,125,7,2,0,9,7,3,0.192,0.0588235,0.306373,0.192,0.252451,0.309333,0.249387,0.561784,0.117333,5.40835,0.262295,,-0.430628,27.7638,-19.9632,56.9313,-0.430628,-0.8,-21.443380683660507,0.6991181969642639,-0.739206,999,,,,,,,259,2.564356435,259,2.564356435,,,,,,,,,,,,,,,,,,,"Bryson Ware","sa3022597",694310
"Eddie Park","CHW",93,397,361,79,70,7,1,1,35,24,34,0,70,1,1,0,12,7,3,0.218837,0.0856423,0.176322,0.485714,0.287154,0.252078,0.247584,0.539231,0.033241,3.95017,0.268041,,-0.643724,26.4395,-20.0008,57.4354,-0.643724,-1.9,-19.978741705417633,-0.4412992000579834,-0.742137,999,,,,,,,226.7,2.437634408,226.7,2.437634408,,,,,,,,,,,,,,,,,,,"Eddie Park","sa3022502",695023
"Dereck Salom","ATH",88,361,321,58,47,8,1,2,29,23,33,1,79,3,3,1,11,3,1,0.180685,0.0914127,0.218837,0.417722,0.261111,0.23053,0.226679,0.491641,0.0498442,3.74538,0.230453,,-0.452185,17.9678,-24.2612,47.2117,-0.452185,1.7,-22.256893515586853,3.0264257192611694,-0.743222,999,,,,,,,162.4,1.845454545,162.4,1.845454545,,,,,,,,,,,,,,,,,,,"Dereck Salom","sa3005925",678828
"Johnny Ascanio","CIN",94,348,308,65,49,12,0,4,32,29,22,0,71,4,2,12,2,5,2,0.211039,0.0632184,0.204023,0.309859,0.270833,0.288961,0.25148,0.559794,0.0779221,3.65185,0.259574,,-0.401944,24.2673,-16.4411,52.4553,-0.401944,0.1,-20.187243789434433,1.3786595836281776,-0.745648,999,,,,,,,210.3,2.237234042,210.3,2.237234042,,,,,,,,,,,,,,,,,,,"Johnny Ascanio","sa3015526",691392
"Brenny Escanio","NYY",97,357,326,63,50,10,2,1,28,23,26,0,114,1,3,1,6,10,4,0.193252,0.0728291,0.319328,0.22807,0.252809,0.245399,0.226115,0.498208,0.0521472,5.31934,0.28972,,-0.227742,17.6067,-24.1545,42.8384,-0.227742,3.1,-23.577265679836273,4.411728262901306,-0.750287,999,,,,,,,165.4,1.705154639,165.4,1.705154639,,,,,,,,,,,,,,,,,,,"Brenny Escanio","sa3015565",691601
"Ethan Murray","MIL",95,372,333,63,44,14,2,3,31,28,30,0,115,4,2,3,11,5,2,0.189189,0.0806452,0.30914,0.26087,0.262873,0.27027,0.241845,0.533143,0.0810811,4.69257,0.276498,,-0.425622,23.0561,-20.4597,52.0728,-0.425622,0.7,-21.745571851730347,2.0668429732322693,-0.752973,999,,,,,,,205.9,2.167368421,205.9,2.167368421,,,,,,,,,,,,,,,,,,,"Ethan Murray","sa3017051",696140
"Bryce Arnold","TOR",87,329,293,52,34,12,1,5,33,31,28,1,107,6,1,1,8,3,1,0.177474,0.0851064,0.325228,0.261682,0.262195,0.276451,0.244028,0.538646,0.0989761,4.32848,0.258242,,-0.333799,20.9691,-17.5167,56.793,-0.333799,-2.9,-16.59886485338211,-1.6911523342132568,-0.756265,999,,,,,,,190.6,2.190804597,190.6,2.190804597,,,,,,,,,,,,,,,,,,,"Bryce Arnold","sa3022557",683301
"Zach Levenson","STL",74,309,277,51,33,11,1,6,28,31,25,0,84,5,2,0,1,4,2,0.184116,0.0809061,0.271845,0.297619,0.262136,0.296029,0.251172,0.558165,0.111913,4.1245,0.238095,,-0.507235,21.4711,-14.6752,60.1904,-0.507235,1,-15.217066645622253,-2.4060845375061035,-0.75735,999,,,,,,,194.6,2.629729729,194.6,2.629729729,,,,,,,,,,,,,,,,,,,"Zach Levenson","sa3022435",804241
"Jacob Wetzel","TOR",96,383,343,67,44,13,3,7,43,36,33,1,113,4,1,2,5,7,2,0.195335,0.0861619,0.295039,0.292035,0.272966,0.311953,0.260929,0.584919,0.116618,6.07498,0.267857,,-0.0414066,29.6207,-15.1819,68.6815,-0.0414066,-7.8,-13.766193345189095,-6.392739772796631,-0.76337,999,,,,,,,271.5,2.828125,271.5,2.828125,,,,,,,,,,,,,,,,,,,"Jacob Wetzel","sa3015057",689047
"Devin Ortiz","SDP",110,439,398,81,68,9,0,4,39,34,33,0,111,6,1,1,12,4,5,0.203518,0.0751708,0.252847,0.297297,0.273973,0.256281,0.243167,0.530254,0.0527638,2.62319,0.271127,,-2.06952,27.6758,-23.6775,57.0116,-2.06952,1,-24.636690378189087,2.613021731376648,-0.764723,999,,,,,,,229.9,2.09,229.9,2.09,,,,,,,,,,,,,,,,,,,"Devin Ortiz","sa3020345",668776
"Martín Maldonado","SDP",87,290,260,44,29,7,0,8,23,28,21,0,101,3,1,5,7,0,0,0.169231,0.0724138,0.348276,0.207921,0.238596,0.288462,0.236421,0.527058,0.119231,1.16259,0.236842,,-0.418298,16.7078,-17.2159,52.4708,-0.418298,-5.5,-16.90066686272621,-0.17225170135498047,-0.765869,999,,,,,,,153.9,1.768965517,153.9,1.768965517,,,,,,,,,,,,,,,,,,,"Martin Maldonado","6887",455117
"Maikol Escotto","PIT",78,286,270,53,37,10,1,5,29,25,11,0,99,2,1,2,6,5,3,0.196296,0.0384615,0.346154,0.111111,0.232394,0.296296,0.232488,0.528691,0.1,5.21133,0.287425,,-0.60964,15.572,-17.8838,43.56,-0.60964,1.9,-19.912159204483032,2.950852394104004,-0.768099,999,,,,,,,148.6,1.905128205,148.6,1.905128205,,,,,,,,,,,,,,,,,,,"Maikol Escotto","sa3008878",683500
"Nick Biddison","LAD",84,331,297,57,41,8,2,6,28,34,25,1,119,9,0,0,3,8,1,0.191919,0.0755287,0.359517,0.210084,0.274924,0.292929,0.256618,0.567854,0.10101,5.75645,0.296512,,0.610954,24.4507,-14.269,64.0867,0.610954,1.2,-13.603971421718597,-4.880981683731079,-0.770692,999,,,,,,,227.6,2.709523809,227.6,2.709523809,,,,,,,,,,,,,,,,,,,"Nick Biddison","sa3019888",680994
"Matt Lloyd","STL",109,437,392,87,59,18,0,10,46,48,34,1,110,6,5,0,8,7,2,0.221939,0.0778032,0.251716,0.309091,0.290618,0.344388,0.280182,0.635006,0.122449,3.77052,0.277978,,-0.18347,40.5689,-10.5505,79.7164,-0.18347,0,-10.783047139644623,-11.23971176147461,-0.771508,999,,,,,,,369.1,3.386238532,369.1,3.386238532,,,,,,,,,,,,,,,,,,,"Matt Lloyd","sa1169978",651016
"Deivis Nadal","KCR",71,248,220,38,22,10,3,3,24,21,18,0,110,3,1,6,1,6,2,0.172727,0.0725806,0.443548,0.163636,0.243802,0.286364,0.237296,0.530165,0.113636,7.27174,0.324074,,0.050613,14.4627,-14.5479,46.2407,0.050613,2.2,-15.204331763088703,-0.5336859226226807,-0.771568,999,,,,,,,135.9,1.914084507,135.9,1.914084507,,,,,,,,,,,,,,,,,,,"Deivis Nadal","sa3008879",683504
"Cole Foster","SFG",74,324,300,56,40,11,1,4,28,31,13,0,110,8,1,2,8,4,2,0.186667,0.0401235,0.339506,0.118182,0.23913,0.27,0.228497,0.50913,0.0833333,4.50756,0.278075,,-0.491451,16.6002,-21.3007,45.4275,-0.491451,-0.2,-21.635112076997757,3.371428534388542,-0.771914,999,,,,,,,153.8,2.078378378,153.8,2.078378378,,,,,,,,,,,,,,,,,,,"Cole Foster","sa3022673",694369
"Hunter Fitz-Gerald","SEA",74,302,280,58,41,12,1,4,24,27,19,0,102,2,1,0,11,1,1,0.207143,0.0629139,0.337748,0.186275,0.261589,0.3,0.250085,0.561589,0.0928571,2.76156,0.308571,,-0.694337,20.7205,-14.6069,66.0851,-0.694337,0.4,-12.413665473461151,-5.148206800222397,-0.77402,999,,,,,,,185,2.5,185,2.5,,,,,,,,,,,,,,,,,,,"Hunter Fitz-Gerald","sa3022482",686638
"Cole Roederer","SDP",92,369,329,63,42,14,1,6,34,39,33,0,124,4,3,0,5,5,2,0.191489,0.0894309,0.336043,0.266129,0.271003,0.294833,0.255024,0.565836,0.103343,4.18796,0.282178,,-0.433514,26.7841,-16.3808,63.0134,-0.433514,1,-16.75396019220352,-3.067460536956787,-0.778027,999,,,,,,,241.4,2.623913043,241.4,2.623913043,,,,,,,,,,,,,,,,,,,"Cole Roederer","sa3008184",680711
"Torin Montgomery","MIA",80,321,288,63,47,11,0,5,29,32,26,0,109,6,1,0,6,0,0,0.21875,0.0809969,0.339564,0.238532,0.29595,0.309028,0.273289,0.604978,0.0902778,1.30357,0.331429,,-0.623501,28.0192,-9.5308,70.9871,-0.623501,-0.6,-11.760230600833893,-6.497266411781311,-0.781593,999,,,,,,,239.7,2.99625,239.7,2.99625,,,,,,,,,,,,,,,,,,,"Torin Montgomery","sa3019823",687942
"Luke Brown","PIT",73,243,219,39,28,7,1,3,27,21,18,0,82,3,1,2,2,5,1,0.178082,0.0740741,0.337449,0.219512,0.248963,0.260274,0.231422,0.509237,0.0821918,5.95989,0.266667,,0.208265,13.0223,-15.4034,42.8426,0.208265,3.4,-16.400589376688004,0.721428632736206,-0.78357,999,,,,,,,123.3,1.689041095,123.3,1.689041095,,,,,,,,,,,,,,,,,,,"Luke Brown","sa3017333",687493
"Sebastián  Rivero","LAA",75,262,242,46,31,12,1,2,18,22,11,0,70,4,2,3,5,1,0,0.190083,0.0419847,0.267176,0.157143,0.235521,0.272727,0.226011,0.508249,0.0826446,3.59143,0.255814,,-0.163051,12.8993,-17.7489,40.9991,-0.163051,-3.3,-17.850503742694855,1.5133450031280518,-0.785246,999,,,,,,,121.8,1.624,121.8,1.624,,,,,,,,,,,,,,,,,,,"Sebastian  Rivero","21735",665861
"Yeiner Fernandez","LAD",107,444,402,91,69,18,1,3,45,41,30,1,72,9,3,0,13,5,2,0.226368,0.0675676,0.162162,0.416667,0.292793,0.298507,0.265515,0.5913,0.0721393,4.01312,0.266667,,-0.654502,35.9774,-15.9609,70.075,-0.654502,-7.5,-16.54281908273697,-5.868606686592102,-0.787574,999,,,,,,,314.6,2.940186915,314.6,2.940186915,,,,,,,,,,,,,,,,,,,"Yeiner Fernandez","sa3015182",691558
"Paul Witt","WSN",67,252,234,44,26,12,0,6,22,26,12,0,65,3,1,2,7,0,0,0.188034,0.047619,0.257937,0.184615,0.236,0.316239,0.242823,0.552239,0.128205,1.51786,0.231707,,-0.323589,15.8169,-13.6616,53.4666,-0.323589,-2.6,-14.346135139465332,-1.6740739941596985,-0.787839,999,,,,,,,148.6,2.217910447,148.6,2.217910447,,,,,,,,,,,,,,,,,,,"Paul Witt","sa3014949",700685
"Anthony Hall","NYY",68,286,261,49,34,9,2,4,26,24,23,1,102,1,1,0,7,4,1,0.187739,0.0804196,0.356643,0.22549,0.255245,0.283525,0.240447,0.53877,0.0957854,5.21152,0.288462,,-0.0548745,17.4042,-16.0515,52.92,-0.0548745,1.4,-15.46152787655592,-1.752557396888733,-0.793186,999,,,,,,,165.3,2.430882352,165.3,2.430882352,,,,,,,,,,,,,,,,,,,"Anthony Hall","sa3019987",689141
"Kale Emshoff","KCR",81,330,303,66,42,15,1,8,26,37,20,0,122,5,2,0,5,1,0,0.217822,0.0606061,0.369697,0.163934,0.275758,0.353135,0.276421,0.628893,0.135314,2.75284,0.331429,,-0.328792,29.6365,-8.96629,73.7622,-0.328792,0,-10.235915869474411,-8.487654685974121,-0.797598,999,,,,,,,267.9,3.307407407,267.9,3.307407407,,,,,,,,,,,,,,,,,,,"Kale Emshoff","sa3014934",668860
"Leandro Pineda","PHI",99,405,369,79,53,16,3,7,40,43,25,1,104,7,4,0,6,2,1,0.214092,0.0617284,0.25679,0.240385,0.274074,0.330623,0.266087,0.604697,0.116531,4.30688,0.274809,,-0.66797,33.0036,-14.3725,68.1721,-0.66797,-0.7,-16.082307994365692,-5.164285838603973,-0.801403,999,,,,,,,299.7,3.027272727,299.7,3.027272727,,,,,,,,,,,,,,,,,,,"Leandro Pineda","sa3008905",683610
"Rosman Verdugo","SDP",114,502,454,85,54,21,2,8,48,45,36,0,183,5,2,5,11,5,3,0.187225,0.0717131,0.364542,0.196721,0.253521,0.295154,0.245356,0.548675,0.10793,4.36207,0.290566,,-0.964799,32.532,-26.191,58.485,-0.964799,-0.5,-25.88604301214218,1.3445032835006714,-0.80809,999,,,,,,,293.6,2.575438596,293.6,2.575438596,,,,,,,,,,,,,,,,,,,"Rosman Verdugo","sa3018393",698916
"Caleb Ketchup","LAA",129,529,473,88,60,18,3,7,67,43,44,0,176,5,3,4,3,33,8,0.186047,0.0831758,0.332703,0.25,0.260952,0.281184,0.244805,0.542136,0.0951374,7.64564,0.276451,,2.49967,34.0468,-27.8346,54.2192,2.49967,-2.2,-25.210816383361816,-0.2562904357910156,-0.808935,999,,,,,,,342.2,2.652713178,342.2,2.652713178,,,,,,,,,,,,,,,,,,,"Caleb Ketchup","sa3022436",810053
"Kai Murphy","SDP",117,468,421,86,59,19,2,6,49,41,34,1,140,5,1,7,10,6,5,0.204276,0.0726496,0.299145,0.242857,0.27115,0.301663,0.255816,0.572812,0.0973872,4.49415,0.289855,,-1.5906,34.2684,-20.4773,65.5248,-1.5906,2.6,-20.88422954082489,-2.558730125427246,-0.811566,999,,,,,,,297.9,2.546153846,297.9,2.546153846,,,,,,,,,,,,,,,,,,,"Kai Murphy","sa3019857",687625
"Viandel Pena","WSN",95,395,358,75,58,13,3,1,40,27,29,0,111,1,1,6,5,10,3,0.209497,0.0734177,0.281013,0.261261,0.269923,0.27095,0.244142,0.540873,0.0614525,6.02244,0.299595,,0.0904476,25.2119,-20.9944,54.3548,0.0904476,-1,-21.46978262066841,0.4513521194458008,-0.812231,999,,,,,,,226.8,2.387368421,226.8,2.387368421,,,,,,,,,,,,,,,,,,,"Viandel Pena","sa3005775",678854
"Juan Alonso",,100,390,345,66,45,13,4,4,40,37,31,0,172,11,3,0,8,2,4,0.191304,0.0794872,0.441026,0.180233,0.276923,0.286957,0.255969,0.56388,0.0956522,5.29784,0.360465,,-1.90667,28.6052,-17.0162,63.6498,-1.90667,2.3,-18.859108567237854,-1.9989416599273682,-0.812864,999,,,,,,,241.3,2.413,241.3,2.413,,,,,,,,,,,,,,,,,,,"Juan Alonso","sa3016331",699076
"Jayce Easley",,78,286,241,42,34,6,1,1,31,18,31,1,85,4,2,8,2,12,3,0.174274,0.108392,0.297203,0.364706,0.276978,0.219917,0.233571,0.496895,0.0456432,6.35689,0.261146,,0.648296,15.8212,-17.6345,48.1064,0.648296,-2.2,-16.333576440811157,-1.149147629737854,-0.82093,999,,,,,,,146.1,1.873076923,146.1,1.873076923,,,,,,,,,,,,,,,,,,,"Jayce Easley","sa3007057",681068
"Yohendrick Pinango","TOR",118,491,454,99,70,20,2,7,44,46,34,1,110,2,1,0,12,7,3,0.218062,0.0692464,0.224033,0.309091,0.274949,0.317181,0.262281,0.59213,0.0991189,4.32349,0.272189,,-0.643724,38.5074,-18.9288,69.6322,-0.643724,-1.2,-17.704579412937164,-6.612257719039917,-0.820964,999,,,,,,,348.5,2.95338983,348.5,2.95338983,,,,,,,,,,,,,,,,,,,"Yohendrick Pinango","sa3009539",682818
"Shane Matheny",,95,378,333,67,45,13,3,6,40,34,37,1,129,3,2,3,8,4,2,0.201201,0.0978836,0.34127,0.286822,0.285333,0.312312,0.267437,0.597646,0.111111,5.08845,0.305,,-0.672976,31.214,-13.0037,71.637,-0.672976,-0.1,-13.493466138839722,-7.044444657862186,-0.821072,999,,,,,,,275.4,2.898947368,275.4,2.898947368,,,,,,,,,,,,,,,,,,,"Shane Matheny","sa3004780",676847
"Luis Valdez","BAL",92,329,305,66,53,9,3,1,46,24,19,0,100,2,2,1,3,27,6,0.216393,0.0577508,0.303951,0.19,0.265244,0.27541,0.241994,0.540654,0.0590164,8.5558,0.315534,,2.38592,20.4303,-18.0555,56.6382,2.38592,-6.2,-13.937426567077637,-4.991152048110962,-0.822214,999,,,,,,,214.7,2.333695652,214.7,2.333695652,,,,,,,,,,,,,,,,,,,"Luis Valdez","sa3016076",687667
"Miguel Villarroel","STL",107,428,405,92,72,16,2,2,44,36,13,1,110,4,2,4,12,16,3,0.22716,0.0303738,0.257009,0.118182,0.257075,0.291358,0.241096,0.548433,0.0641975,6.39229,0.305085,,1.29045,26.2689,-23.7977,53.4086,1.29045,-4.4,-22.555272579193115,0.3178129196166992,-0.824635,999,,,,,,,259.8,2.428037383,259.8,2.428037383,,,,,,,,,,,,,,,,,,,"Miguel Villarroel","sa3015631",692446
"Dérmis Garcia",,101,398,361,69,42,13,1,13,38,46,32,1,143,3,2,0,7,2,1,0.191136,0.080402,0.359296,0.223776,0.261307,0.34072,0.264731,0.602027,0.149584,3.22978,0.270531,,-0.604831,31.9986,-14.5586,68.2123,-0.604831,1.8,-15.733587980270386,-5.51187539100647,-0.825361,999,,,,,,,297,2.940594059,297,2.940594059,,,,,,,,,,,,,,,,,,,"Dermis Garcia","20926",660650
"Ethan Hearn","CHC",75,287,264,47,28,10,2,7,28,31,15,0,120,6,2,0,3,3,1,0.17803,0.0522648,0.418118,0.125,0.236934,0.310606,0.241873,0.54754,0.132576,5.61833,0.28777,,-0.191735,17.7944,-15.7783,55.0093,-0.191735,-7.2,-15.632408916950226,-1.9273662567138672,-0.826468,999,,,,,,,171.3,2.284,171.3,2.284,,,,,,,,,,,,,,,,,,,"Ethan Hearn","sa3011502",683001
"Luis Baez","HOU",116,473,445,99,67,18,0,14,45,56,22,0,155,1,5,0,10,7,2,0.222472,0.0465116,0.327696,0.141935,0.257928,0.357303,0.266872,0.615232,0.134831,3.54669,0.302491,,-0.120331,38.8435,-16.4871,73.0588,-0.120331,-3.9,-14.701214790344238,-9.113844871520996,-0.831113,999,,,,,,,369.9,3.188793103,369.9,3.188793103,,,,,,,,,,,,,,,,,,,"Luis Baez","sa3018482",800232
"Yan Contreras",,42,126,111,16,10,3,1,2,15,11,8,0,61,4,1,2,1,5,1,0.144144,0.0634921,0.484127,0.131148,0.225806,0.243243,0.215027,0.46905,0.0990991,8.58037,0.285714,,0.42136,5.08967,-9.64957,27.9202,0.42136,0.5,-10.439031302928925,-1.814814805984497,-0.832204,999,,,,,,,54.5,1.297619047,54.5,1.297619047,,,,,,,,,,,,,,,,,,,"Yan Contreras","sa1169894",687073
"Lonnie White Jr.","PIT",86,371,334,60,37,13,2,8,39,39,26,0,136,10,1,0,4,8,4,0.179641,0.0700809,0.366577,0.191176,0.25876,0.302395,0.252364,0.561155,0.122754,5.93543,0.272251,,-0.596172,26.1352,-17.2637,56.9382,-0.596172,-2.1,-19.70030415058136,-0.7368311882019043,-0.834739,999,,,,,,,238.3,2.770930232,238.3,2.770930232,,,,,,,,,,,,,,,,,,,"Lonnie White Jr.","sa3017628",696145
"Gavin Dugas","WSN",89,352,311,58,41,13,0,4,40,39,19,0,122,21,1,0,4,6,2,0.186495,0.0539773,0.346591,0.155738,0.278409,0.266881,0.252483,0.54529,0.0803858,4.96614,0.290323,,-0.249299,24.8303,-16.346,59.9685,-0.249299,-4,-17.099537819623947,-2.7066431045532227,-0.834921,999,,,,,,,214.9,2.414606741,214.9,2.414606741,,,,,,,,,,,,,,,,,,,"Gavin Dugas","sa3022667",681171
"Trevor Boone","COL",71,264,243,47,28,9,2,8,30,30,16,0,123,3,1,1,4,5,1,0.193416,0.0606061,0.465909,0.130081,0.250951,0.345679,0.261374,0.59663,0.152263,6.67401,0.345133,,0.22405,20.5119,-10.3703,52.4839,0.22405,0.8,-14.776445209980011,-2.11005300283432,-0.836037,999,,,,,,,196.6,2.769014084,196.6,2.769014084,,,,,,,,,,,,,,,,,,,"Trevor Boone","sa3010336",685392
"Griffin Lockwood-Powell","LAD",103,428,388,78,53,15,0,10,39,45,32,0,121,5,3,0,12,1,1,0.201031,0.0747664,0.28271,0.264463,0.268692,0.31701,0.260973,0.585702,0.115979,1.98033,0.261538,,-0.915324,33.1162,-16.9504,67.0179,-0.915324,3.3,-17.79572606086731,-4.563021898269653,-0.837161,999,,,,,,,296.4,2.877669902,296.4,2.877669902,,,,,,,,,,,,,,,,,,,"Griffin Lockwood-Powell","sa3019303",674976
"Rolando Espinosa",,87,311,281,53,36,10,1,6,30,29,25,0,130,2,3,0,4,10,3,0.188612,0.0803858,0.418006,0.192308,0.257235,0.295374,0.247081,0.552608,0.106762,5.58155,0.317568,,0.287758,20.5861,-15.7941,59.1379,0.287758,-0.8,-14.253002792596817,-4.228130638599396,-0.837973,999,,,,,,,198.5,2.281609195,198.5,2.281609195,,,,,,,,,,,,,,,,,,,"Rolando Espinosa","sa3005774",678849
"Luke Gold","DET",115,473,430,89,57,19,2,11,56,56,26,0,143,13,4,0,5,4,2,0.206977,0.0549683,0.302326,0.181818,0.270613,0.337209,0.268705,0.607822,0.130233,4.80255,0.278571,,-0.767685,39.5415,-15.7892,73.994,-0.767685,-0.4,-14.842446744441986,-9.08974114060402,-0.843209,999,,,,,,,357.3,3.106956521,357.3,3.106956521,,,,,,,,,,,,,,,,,,,"Luke Gold","sa3019986",688780
"Kellum Clark",,65,247,214,38,30,4,2,2,21,17,28,1,100,4,1,0,2,1,1,0.17757,0.11336,0.404858,0.28,0.283401,0.242991,0.24486,0.526391,0.0654206,4.18284,0.318584,,-0.686444,15.908,-12.9856,57.9875,-0.686444,1.2,-13.095456957817078,-3.3377716541290283,-0.847691,999,,,,,,,135.7,2.087692307,135.7,2.087692307,,,,,,,,,,,,,,,,,,,"Kellum Clark","sa3022749",690969
"T.J. Schofield-Sam","ATH",109,462,429,93,67,19,3,4,40,45,16,1,108,13,4,0,6,3,3,0.216783,0.034632,0.233766,0.148148,0.264069,0.30303,0.250709,0.5671,0.0862471,4.05909,0.277259,,-1.3648,31.9301,-22.1138,64.1145,-1.3648,-5,-20.334754824638367,-3.3024691343307495,-0.850617,999,,,,,,,285.9,2.622935779,285.9,2.622935779,,,,,,,,,,,,,,,,,,,"T.J. Schofield-Sam","sa3011501",672013
"Tanner O'Tremba",,73,299,265,49,34,11,1,3,33,32,19,0,99,14,1,0,4,7,2,0.184906,0.0635452,0.331104,0.191919,0.274247,0.267925,0.249806,0.542172,0.0830189,6.13251,0.280488,,0.0611949,20.4475,-14.529,59.7701,0.0611949,-0.6,-14.322856418788433,-3.8958553075790405,-0.853251,999,,,,,,,181.9,2.491780821,181.9,2.491780821,,,,,,,,,,,,,,,,,,,"Tanner O'Tremba","sa3020116",681201
"Jacob Campbell","SDP",74,310,282,53,35,9,2,7,31,34,18,0,103,9,1,0,5,5,3,0.187943,0.0580645,0.332258,0.174757,0.258065,0.308511,0.253429,0.566575,0.120567,5.42553,0.265896,,-0.704349,22.1037,-14.1595,63.9186,-0.704349,-1.1,-14.079727053642273,-4.517107605934143,-0.854471,999,,,,,,,200.2,2.705405405,200.2,2.705405405,,,,,,,,,,,,,,,,,,,"Jacob Campbell","sa3019836",680775
"Fraymi De Leon","BOS",79,269,242,45,37,6,1,1,30,21,20,0,88,6,1,0,4,11,4,0.18595,0.0743494,0.327138,0.227273,0.263941,0.231405,0.230086,0.495345,0.0454545,6.44215,0.285714,,0.0827518,14.1265,-17.3406,39.8426,0.0827518,0.2,-18.433227978646755,1.1883891969919205,-0.85489,999,,,,,,,130.2,1.648101265,130.2,1.648101265,,,,,,,,,,,,,,,,,,,"Fraymi De Leon","sa3018436",703205
"Kristian Robinson","ARI",104,408,362,71,51,11,2,7,37,37,40,0,169,5,1,0,6,8,4,0.196133,0.0980392,0.414216,0.236686,0.284314,0.29558,0.263381,0.579894,0.0994475,4.97003,0.342246,,-0.777698,32.3594,-15.3677,65.3053,-0.777698,0.3,-17.70489275455475,-4.19735449552536,-0.8588,750.739990234375,,,,,,,283.7,2.727884615,283.7,2.727884615,,,,,,,,,,,,,,,,,,,"Kristian Robinson","sa3006884",677565
"Alexfri Planez",,104,425,406,85,55,16,2,12,41,50,13,0,140,4,2,0,13,2,1,0.20936,0.0305882,0.329412,0.0928571,0.24,0.347291,0.254541,0.587291,0.137931,3.82433,0.285156,,-0.573261,30.6837,-19.0319,64.0832,-0.573261,0.2,-18.0392107963562,-4.484744355082512,-0.863026,999,,,,,,,292.6,2.813461538,292.6,2.813461538,,,,,,,,,,,,,,,,,,,"Alexfri Planez","sa3005515",678413
"Miguel Bleis","BOS",92,416,384,76,54,12,2,8,44,41,24,0,110,5,3,0,4,18,7,0.197917,0.0576923,0.264423,0.218182,0.252404,0.302083,0.246112,0.554487,0.104167,6.20568,0.252788,,0.109884,27.2118,-21.4511,51.1152,0.109884,-0.6,-23.158838398754597,0.9285125732421875,-0.863686,999,,,,,,,264.6,2.876086956,264.6,2.876086956,,,,,,,,,,,,,,,,,,,"Miguel Bleis","sa3016834",694194
"Ethan Long","SDP",57,241,218,42,29,9,0,4,22,22,21,0,97,1,1,0,1,1,0,0.192661,0.0871369,0.40249,0.216495,0.26556,0.288991,0.25,0.554551,0.0963303,2.67929,0.322034,,-0.202514,16.5187,-11.673,61.6105,-0.202514,-0.7,-11.265959590673447,-5.127542674541473,-0.864224,999,,,,,,,148.8,2.610526315,148.8,2.610526315,,,,,,,,,,,,,,,,,,,"Ethan Long","sa3022961",690994
"Tre Richardson","STL",90,347,307,57,42,10,4,1,28,26,25,1,105,7,1,7,9,8,5,0.185668,0.0720461,0.302594,0.238095,0.261765,0.254072,0.234708,0.515836,0.0684039,6.13662,0.277228,,-1.00118,19.5134,-21.078,49.109,-1.00118,0.9,-22.118154644966125,2.1749852895736694,-0.866265,999,,,,,,,170.6,1.895555555,170.6,1.895555555,,,,,,,,,,,,,,,,,,,"Tre Richardson","sa3022428",693832
"Ahbram Liendo","BOS",107,420,379,69,54,9,3,3,37,28,35,0,174,4,1,1,3,17,5,0.182058,0.0833333,0.414286,0.201149,0.257757,0.245383,0.231077,0.503139,0.0633245,6.5548,0.325123,,0.640973,22.391,-26.7397,40.5395,0.640973,4,-27.933867812156677,5.543209910392761,-0.866473,999,,,,,,,214.1,2.000934579,214.1,2.000934579,,,,,,,,,,,,,,,,,,,"Ahbram Liendo","sa3016173",699157
"Marcos De La Rosa","TOR",64,168,152,24,15,5,1,3,17,16,11,0,78,4,1,0,2,5,3,0.157895,0.0654762,0.464286,0.141026,0.232143,0.263158,0.224392,0.495301,0.105263,6.77217,0.291667,,-0.451792,8.05247,-11.5998,42.9805,-0.451792,-3.2,-11.41248619556427,-2.5827161073684692,-0.866999,999,,,,,,,76.9,1.2015625,76.9,1.2015625,,,,,,,,,,,,,,,,,,,"Marcos De La Rosa","sa3011851",691988
"Will Frizzell",,68,269,239,49,36,9,0,4,24,23,25,0,95,4,1,0,5,1,0,0.205021,0.0929368,0.35316,0.263158,0.289963,0.292887,0.265201,0.58285,0.0878661,2.45126,0.319149,,-0.313007,21.729,-9.73807,68.5288,-0.313007,0,-10.436412900686264,-6.918724060058594,-0.86724,999,,,,,,,188,2.764705882,188,2.764705882,,,,,,,,,,,,,,,,,,,"Will Frizzell","sa3017555",676155
"Kyler Fedko","MIN",88,343,303,62,44,13,1,4,33,31,34,0,85,3,3,0,6,4,3,0.20462,0.0991254,0.247813,0.4,0.28863,0.293729,0.263797,0.582359,0.0891089,3.76234,0.267281,,-1.05431,27.319,-12.8045,70.027,-1.05431,-3.3,-12.817643523216248,-7.080864191055298,-0.874186,999,,,,,,,235.4,2.675,235.4,2.675,,,,,,,,,,,,,,,,,,,"Kyler Fedko","sa3017561",693459
"Ruben Ibarra","CIN",104,412,370,76,50,13,0,13,37,49,31,1,127,8,3,0,8,1,1,0.205405,0.0752427,0.308252,0.244094,0.279126,0.345946,0.276092,0.625072,0.140541,1.77974,0.270386,,-0.89954,36.8916,-11.3034,69.0208,-0.89954,1.5,-16.162160515785217,-6.069077014923096,-0.87902,999,,,,,,,331.6,3.188461538,331.6,3.188461538,,,,,,,,,,,,,,,,,,,"Ruben Ibarra","sa3017053",702140
"TT Bowens","BAL",99,403,372,77,51,16,1,9,39,42,25,0,134,4,2,0,7,3,1,0.206989,0.0620347,0.332506,0.186567,0.263027,0.327957,0.261002,0.590984,0.120968,3.8421,0.294372,,-0.4364,31.1912,-15.951,70.0091,-0.4364,-0.3,-14.265689611434937,-7.703733265399933,-0.881497,999,,,,,,,285.8,2.886868686,285.8,2.886868686,,,,,,,,,,,,,,,,,,,"TT Bowens","sa3015107",688449
"Rafael Morel","CHC",87,346,315,67,53,8,1,5,39,33,22,0,118,6,1,2,6,4,4,0.212698,0.0635838,0.34104,0.186441,0.276163,0.292064,0.256065,0.568226,0.0793651,4.20141,0.321244,,-1.45931,25.4045,-15.0699,64.5612,-1.45931,-0.2,-16.122111678123474,-4.013932898640633,-0.889624,999,,,,,,,216.5,2.488505747,216.5,2.488505747,,,,,,,,,,,,,,,,,,,"Rafael Morel","sa3009534",682662
"Dillon Tatum",,55,184,162,24,15,6,0,3,15,16,17,0,87,4,1,0,4,0,1,0.148148,0.0923913,0.472826,0.195402,0.244565,0.240741,0.225528,0.485306,0.0925926,1.98003,0.287671,,-0.689134,8.98763,-12.5363,43.1076,-0.689134,-5.5,-12.66694164276123,-2.119635581970215,-0.893646,999,,,,,,,78.2,1.421818181,78.2,1.421818181,,,,,,,,,,,,,,,,,,,"Dillon Tatum","sa3017903",702208
"Carlos Arroyo","ATL",64,219,200,36,26,7,0,3,18,21,12,0,77,6,1,0,7,4,3,0.18,0.0547945,0.351598,0.155844,0.246575,0.26,0.230343,0.506575,0.08,3.65733,0.272727,,-0.762286,11.546,-14.0722,43.5104,-0.762286,-1.2,-15.555885910987854,-0.39532631635665894,-0.894209,999,,,,,,,103.3,1.6140625,103.3,1.6140625,,,,,,,,,,,,,,,,,,,"Carlos Arroyo","sa3005576",678863
"Kade Kretzschmar","STL",88,348,311,67,54,9,3,1,33,30,26,0,84,7,2,2,7,3,2,0.215434,0.0747126,0.241379,0.309524,0.289017,0.273312,0.256302,0.562329,0.0578778,4.80766,0.289474,,-0.896654,25.6179,-15.0905,63.6432,-0.896654,-0.4,-16.02622640132904,-4.235978752374649,-0.895775,999,,,,,,,215.9,2.45340909,215.9,2.45340909,,,,,,,,,,,,,,,,,,,"Kade Kretzschmar","sa3022438",811210
"Nicolas Deschamps","TOR",54,198,174,27,18,5,1,3,18,19,17,0,83,5,1,1,0,0,2,0.155172,0.0858586,0.419192,0.204819,0.248731,0.247126,0.229431,0.495857,0.091954,4.01532,0.269663,,-1.12571,10.2935,-12.8682,46.5253,-1.12571,-5.7,-13.24059510231018,-2.0624337196350098,-0.898784,999,,,,,,,86,1.592592592,86,1.592592592,,,,,,,,,,,,,,,,,,,"Nicolas Deschamps","sa3017732",683324
"Oliver Carrillo","HOU",99,399,363,68,40,14,2,12,40,47,31,0,169,4,1,0,6,0,1,0.187328,0.0776942,0.423559,0.183432,0.258145,0.336088,0.262781,0.594234,0.14876,3.31034,0.306011,,-0.996938,31.4529,-15.2214,70.1814,-0.996938,-3,-14.610304236412048,-7.398148059844971,-0.899299,999,,,,,,,284.8,2.876767676,284.8,2.876767676,,,,,,,,,,,,,,,,,,,"Oliver Carrillo","sa3019662",701324
"Ryan Spikes","TBR",108,420,387,75,54,12,2,7,40,39,22,0,152,5,3,3,9,9,4,0.193798,0.052381,0.361905,0.144737,0.244604,0.289406,0.237301,0.53401,0.0956072,5.49432,0.294372,,-0.459312,24.4951,-24.6357,54.7634,-0.459312,4.1,-22.198556274175644,-0.5296297073364258,-0.901332,999,,,,,,,231.9,2.147222222,231.9,2.147222222,,,,,,,,,,,,,,,,,,,"Ryan Spikes","sa3017792",691797
"Brett Roberts","MIA",68,276,259,55,41,8,2,4,31,25,12,0,82,2,1,2,9,5,1,0.212355,0.0434783,0.297101,0.146341,0.251825,0.305019,0.245525,0.556844,0.0926641,6.2151,0.293103,,0.16091,17.9237,-14.3623,52.2999,0.16091,0.7,-15.582175493240356,-2.342328131198883,-0.901969,999,,,,,,,169.9,2.498529411,169.9,2.498529411,,,,,,,,,,,,,,,,,,,"Brett Roberts","sa3019926",689355
"Jose Mujica","ATH",58,217,205,38,30,6,0,2,17,17,8,0,56,2,2,0,4,0,1,0.185366,0.0368664,0.258065,0.142857,0.221198,0.243902,0.207515,0.465101,0.0585366,2.08504,0.241611,,-0.720703,7.4534,-17.9308,33.7308,-0.720703,-2.8,-17.174905955791473,1.1866254806518555,-0.904142,999,,,,,,,71.2,1.227586206,71.2,1.227586206,,,,,,,,,,,,,,,,,,,"Jose Mujica","sa3006525",678796
"Harrison Spohn","MIA",105,381,350,65,44,13,2,6,26,31,27,0,138,1,2,1,5,3,3,0.185714,0.0708661,0.362205,0.195652,0.244737,0.285714,0.236598,0.530451,0.1,3.46472,0.283654,,-1.18327,22.0049,-22.5637,46.2913,-1.18327,0,-25.653108954429626,4.199735641479492,-0.905301,999,,,,,,,200.8,1.912380952,200.8,1.912380952,,,,,,,,,,,,,,,,,,,"Harrison Spohn","sa3020093",695461
"Cristian Benavides",,40,110,102,17,14,2,0,1,12,8,6,0,45,1,1,0,3,2,1,0.166667,0.0545455,0.409091,0.133333,0.218182,0.215686,0.197795,0.433868,0.0490196,4.85986,0.280702,,-0.170747,2.91769,-9.9499,25.5479,-0.170747,-1.7,-9.54152250289917,-2.912522077560425,-0.907516,999,,,,,,,30.4,0.76,30.4,0.76,,,,,,,,,,,,,,,,,,,"Cristian Benavides","sa3018535",800369
"Cristian Santana","DET",80,323,269,35,22,6,0,7,34,28,41,0,118,8,4,1,2,1,2,0.130112,0.126935,0.365325,0.347458,0.26087,0.230483,0.233812,0.491353,0.100372,2.6,0.189189,,-1.17037,17.9308,-19.8531,49.4496,-1.17037,-0.9,-19.852768778800964,0.28680193424224854,-0.908699,999,,,,,,,153.5,1.91875,153.5,1.91875,,,,,,,,,,,,,,,,,,,"Cristian Santana","sa3015697",694184
"Christian Molfetta",,44,147,133,23,16,4,1,2,10,11,10,0,57,2,1,1,2,0,1,0.172932,0.0680272,0.387755,0.175439,0.239726,0.263158,0.227027,0.502884,0.0902256,3.43832,0.28,,-0.625994,7.35771,-9.83806,44.677,-0.625994,0,-9.931251049041748,-3.7808642387390137,-0.910062,999,,,,,,,65.1,1.479545454,65.1,1.479545454,,,,,,,,,,,,,,,,,,,"Christian Molfetta","sa3016962",681538
"Anthony Sherwin","HOU",88,326,287,49,37,7,0,5,24,28,34,1,146,4,1,0,4,0,4,0.170732,0.104294,0.447853,0.232877,0.266871,0.247387,0.237768,0.514258,0.0766551,1.74514,0.321168,,-2.20406,19.1353,-18.9996,52.5866,-2.20406,-1,-19.889840602874756,0.19782483577728271,-0.911388,999,,,,,,,157.5,1.789772727,157.5,1.789772727,,,,,,,,,,,,,,,,,,,"Anthony Sherwin","sa3022575",815448
"Albert Fabian","SDP",85,348,320,65,39,14,1,11,36,42,21,1,102,5,2,0,8,2,2,0.203125,0.0603448,0.293103,0.205882,0.261494,0.35625,0.269361,0.617744,0.153125,3.45057,0.258373,,-0.915128,29.2755,-11.4329,74.6416,-0.915128,0,-11.467798352241516,-8.950616836547852,-0.911908,999,,,,,,,269.9,3.175294117,269.9,3.175294117,,,,,,,,,,,,,,,,,,,"Albert Fabian","sa3008888",683546
"Nathan Martorella","MIA",127,531,481,104,69,20,1,14,58,55,42,0,111,3,5,0,11,4,1,0.216216,0.079096,0.20904,0.378378,0.280603,0.349272,0.27743,0.629875,0.133056,3.68864,0.249307,,-0.504743,48.1192,-13.9962,73.7742,-0.504743,0.4,-17.157465875148773,-9.355290979146957,-0.911935,999,,,,,,,436.5,3.437007874,436.5,3.437007874,,,,,,,,,,,,,,,,,,,"Nathan Martorella","sa3019978",687210
"Gavin Conticello","ARI",131,559,519,116,76,26,5,9,52,58,34,1,151,4,2,0,5,9,3,0.223507,0.0608229,0.270125,0.225166,0.275492,0.344894,0.271763,0.620386,0.121387,5.39474,0.296399,,-0.306863,48.1067,-17.284,70.9469,-0.306863,-1.6,-19.727576345205307,-7.761816620826721,-0.916501,999,,,,,,,441.8,3.372519083,441.8,3.372519083,,,,,,,,,,,,,,,,,,,"Gavin Conticello","sa3017770",695521
"Tyler Whitaker","HOU",58,250,222,39,29,7,0,3,20,22,21,0,102,6,1,0,5,5,1,0.175676,0.084,0.408,0.205882,0.264,0.247748,0.23717,0.511748,0.0720721,3.98089,0.305085,,0.153018,14.554,-14.6906,52.166,0.153018,-4.6,-13.530021712183952,-3.6814225912094116,-0.916855,999,,,,,,,132.6,2.286206896,132.6,2.286206896,,,,,,,,,,,,,,,,,,,"Tyler Whitaker","sa3017376",696264
"Carlos Pérez",,104,409,384,90,63,17,1,9,37,43,18,0,50,4,3,0,14,1,1,0.234375,0.0440098,0.122249,0.36,0.273839,0.354167,0.274315,0.628005,0.119792,2.45221,0.246951,,-0.875862,36.0381,-11.806,76.2383,-0.875862,0,-11.995897471904755,-10.519547462463379,-0.917232,999,,,,,,,324.7,3.122115384,324.7,3.122115384,,,,,,,,,,,,,,,,,,,"Carlos Perez","20805",656024
"Jadiel Sanchez","LAA",91,371,342,72,49,11,3,9,33,38,20,1,82,4,4,1,5,2,2,0.210526,0.0539084,0.221024,0.243902,0.259459,0.339181,0.260686,0.598641,0.128655,3.85652,0.247059,,-0.978267,28.6201,-14.7787,65.3907,-0.978267,-1.5,-15.669966220855713,-5.589506149291992,-0.918345,999,,,,,,,265,2.912087912,265,2.912087912,,,,,,,,,,,,,,,,,,,"Jadiel Sanchez","sa3011629",689909
"Scott Bandura","SFG",83,370,331,66,45,14,3,4,46,33,30,0,113,6,3,0,7,11,4,0.199396,0.0810811,0.305405,0.265487,0.275676,0.296073,0.257304,0.571748,0.0966767,6.9016,0.285714,,-0.0593118,27.5358,-15.7461,64.8168,-0.0593118,-7,-15.626080460846424,-5.64050555229187,-0.923842,999,,,,,,,251.6,3.031325301,251.6,3.031325301,,,,,,,,,,,,,,,,,,,"Scott Bandura","sa3022699",814154
"Stanley Consuegra",,116,483,445,85,52,19,2,12,48,53,29,1,170,7,2,0,9,5,4,0.191011,0.0600414,0.351967,0.170588,0.250518,0.323595,0.252688,0.574113,0.132584,4.30467,0.275472,,-1.30667,34.1509,-22.3495,63.2565,-1.30667,-4.3,-22.528782844543457,-2.525308847427368,-0.926371,999,,,,,,,316.6,2.729310344,316.6,2.729310344,,,,,,,,,,,,,,,,,,,"Stanley Consuegra","sa3005628",681679
"Luis Encarnacion","HOU",97,383,365,81,58,12,0,11,35,41,14,0,95,2,2,0,12,2,2,0.221918,0.0365535,0.248042,0.147368,0.253264,0.345205,0.260644,0.598469,0.123288,2.31406,0.268199,,-0.994052,29.5327,-15.2699,68.6779,-0.994052,0,-14.720406651496887,-7.036302089691162,-0.928384,999,,,,,,,273,2.814432989,273,2.814432989,,,,,,,,,,,,,,,,,,,"Luis Encarnacion","sa3015548",691476
"Nick Decker",,65,248,225,39,22,11,1,5,27,23,19,0,112,3,1,0,2,4,1,0.173333,0.0766129,0.451613,0.169643,0.245968,0.297778,0.243099,0.543746,0.124444,5.78579,0.311927,,0.047727,15.621,-13.3895,48.996,0.047727,-0.1,-14.425383180379868,-2.8336859717965126,-0.928659,999,,,,,,,148.8,2.289230769,148.8,2.289230769,,,,,,,,,,,,,,,,,,,"Nick Decker","sa3008590",678006
"Ralphy Velazquez","CLE",106,476,423,83,55,17,1,10,48,47,46,1,127,3,4,0,10,3,1,0.196217,0.0966387,0.266807,0.362205,0.277311,0.312057,0.26332,0.589368,0.115839,3.39731,0.251724,,-0.617926,37.7293,-17.9522,70.2589,-0.617926,0.7,-16.816240549087524,-8.044855892658234,-0.928817,999,,,,,,,340.7,3.214150943,340.7,3.214150943,,,,,,,,,,,,,,,,,,,"Ralphy Velazquez","sa3023013",806252
"Justice Thompson","CIN",89,334,306,61,43,11,1,6,32,32,25,0,127,3,0,0,4,4,2,0.199346,0.0748503,0.38024,0.19685,0.266467,0.300654,0.254458,0.567121,0.101307,4.08172,0.317919,,-0.570375,24.0915,-14.9792,54.4596,-0.570375,2.3,-18.759215652942657,-1.3816578388214111,-0.931394,999,,,,,,,215.6,2.42247191,215.6,2.42247191,,,,,,,,,,,,,,,,,,,"Justice Thompson","sa3017395",681142
"Estiven Machado",,70,240,218,39,30,7,1,1,17,17,17,0,63,4,1,0,7,1,3,0.178899,0.0708333,0.2625,0.269841,0.25,0.233945,0.222783,0.483945,0.0550459,3.23507,0.245161,,-1.41753,11.1928,-16.882,41.8489,-1.41753,-2.3,-17.386425852775574,0.3455026149749756,-0.933672,999,,,,,,,92.3,1.318571428,92.3,1.318571428,,,,,,,,,,,,,,,,,,,"Estiven Machado","sa3014715",692497
"Jose Fernandez","ARI",105,392,370,83,67,9,2,5,33,35,13,0,108,2,1,6,10,5,4,0.224324,0.0331633,0.27551,0.12037,0.253886,0.3,0.24402,0.553886,0.0756757,4.05982,0.302326,,-1.2672,24.9818,-20.8736,52.2738,-1.2672,0.1,-23.639184951782227,1.5403291955590248,-0.934133,999,,,,,,,222.6,2.12,222.6,2.12,,,,,,,,,,,,,,,,,,,"Jose Fernandez","sa3015204",699912
"Cody Morissette","MIA",108,435,403,78,52,16,1,9,42,42,24,1,123,4,3,1,5,6,2,0.193548,0.0551724,0.282759,0.195122,0.24424,0.305211,0.241772,0.549451,0.111663,4.37766,0.251825,,-0.233514,26.9352,-23.9503,49.7737,-0.233514,1.2,-26.360055297613144,2.7983245849609375,-0.937328,999,,,,,,,260.3,2.410185185,260.3,2.410185185,,,,,,,,,,,,,,,,,,,"Cody Morissette","sa3017158",681357
"Sammy Infante",,80,325,297,56,38,12,1,5,32,31,21,0,111,6,1,0,3,7,3,0.188552,0.0646154,0.341538,0.189189,0.255385,0.286195,0.243659,0.54158,0.0976431,5.06597,0.28022,,-0.328027,20.6176,-17.4003,54.0296,-0.328027,-2.9,-18.1938294172287,-1.7058496475219727,-0.937437,999,,,,,,,190,2.375,190,2.375,,,,,,,,,,,,,,,,,,,"Sammy Infante","sa3014717",692221
"Alex McGarry",,101,396,370,82,53,16,3,10,37,43,22,0,134,2,2,0,7,7,2,0.221622,0.0555556,0.338384,0.164179,0.267677,0.362162,0.274416,0.629839,0.140541,5.45401,0.315789,,-0.0177293,34.9249,-11.3984,67.8931,-0.0177293,0.2,-15.221619166433811,-7.075132176280022,-0.940814,999,,,,,,,326.4,3.231683168,326.4,3.231683168,,,,,,,,,,,,,,,,,,,"Alex McGarry","sa3015015",685127
"Cameron Masterman",,73,294,268,53,35,11,1,6,30,28,21,0,134,3,2,0,4,2,1,0.197761,0.0714286,0.455782,0.156716,0.261905,0.313433,0.25571,0.575338,0.115672,4.1058,0.361538,,-0.470659,21.5025,-12.889,67.6324,-0.470659,0,-11.359051764011383,-7.561728477478027,-0.941907,999,,,,,,,195.8,2.68219178,195.8,2.68219178,,,,,,,,,,,,,,,,,,,"Cameron Masterman","sa3019994",690904
"Karson Simas","BOS",68,253,232,45,36,7,1,1,27,20,14,0,87,5,1,1,4,6,2,0.193966,0.055336,0.343874,0.16092,0.253968,0.24569,0.227821,0.499658,0.0517241,5.92214,0.303448,,-0.044096,12.825,-16.7704,38.2494,-0.044096,-0.6,-17.91996768862009,0.3296002149581909,-0.94566,999,,,,,,,118.2,1.738235294,118.2,1.738235294,,,,,,,,,,,,,,,,,,,"Karson Simas","sa3011739",689302
"Jordan Nwogu","CHC",98,382,350,68,47,11,2,8,36,39,23,0,129,6,2,1,4,11,5,0.194286,0.0602094,0.337696,0.178295,0.254593,0.305714,0.24931,0.560307,0.111429,5.59635,0.27907,,-0.424856,25.9711,-18.7145,60.015,-0.424856,1,-18.689966142177582,-3.2107582092285156,-0.948063,999,,,,,,,243.2,2.481632653,243.2,2.481632653,,,,,,,,,,,,,,,,,,,"Jordan Nwogu","sa3014530",685087
"Kemp Alderman","MIA",81,337,315,67,43,14,2,8,30,34,19,0,97,1,2,0,10,2,2,0.212698,0.0563798,0.287834,0.195876,0.25816,0.346032,0.263698,0.604192,0.133333,3.61793,0.278302,,-0.907235,26.8142,-12.6075,64.5313,-0.907235,-1.5,-15.200665771961212,-5.214726686477661,-0.949428,999,,,,,,,245.6,3.032098765,245.6,3.032098765,,,,,,,,,,,,,,,,,,,"Kemp Alderman","sa3022562",694580
"Adam Retzbach","BAL",79,290,255,40,25,7,3,5,24,24,26,0,128,4,2,3,3,1,1,0.156863,0.0896552,0.441379,0.203125,0.243902,0.266667,0.232195,0.510569,0.109804,4.80451,0.282258,,-0.63909,15.7213,-18.2023,49.7453,-0.63909,-6.9,-17.31463247537613,-1.572251796722412,-0.952178,999,,,,,,,142.5,1.803797468,142.5,1.803797468,,,,,,,,,,,,,,,,,,,"Adam Retzbach","sa3019946",806273
"Jean Walters","ARI",86,320,295,65,52,9,3,1,28,23,13,0,73,1,2,9,4,3,3,0.220339,0.040625,0.228125,0.178082,0.254019,0.281356,0.236776,0.535375,0.061017,4.76465,0.286996,,-1.13592,18.5275,-18.9055,47.398,-1.13592,0.2,-21.264516353607178,1.3757789880037308,-0.953503,999,,,,,,,160.9,1.870930232,160.9,1.870930232,,,,,,,,,,,,,,,,,,,"Jean Walters","sa3015236",695078
"Christian Pregent",,52,182,162,26,21,3,0,2,15,12,16,0,76,2,2,0,2,0,0,0.160494,0.0879121,0.417582,0.210526,0.241758,0.216049,0.213434,0.457808,0.0555556,1.54911,0.27907,,-0.307804,7.11833,-14.1717,36.8358,-0.307804,-4.6,-14.054664015769958,-1.256378412246704,-0.955346,999,,,,,,,65.1,1.251923076,65.1,1.251923076,,,,,,,,,,,,,,,,,,,"Christian Pregent","sa3022807",687315
"Aneudis Mordán","BAL",108,427,393,75,51,13,1,10,31,43,30,0,139,2,0,2,7,2,5,0.19084,0.0702576,0.325527,0.215827,0.251765,0.305344,0.248177,0.557108,0.114504,2.55648,0.266393,,-2.2801,28.6412,-21.3085,60.988,-2.2801,-10,-21.340510845184326,-2.1553497314453125,-0.956516,999,,,,,,,250.2,2.316666666,250.2,2.316666666,,,,,,,,,,,,,,,,,,,"Aneudis Mordan","sa3015741",698937
"Jose Cordova","COL",85,301,275,63,46,13,2,2,26,27,18,0,75,3,1,4,9,5,6,0.229091,0.0598007,0.249169,0.24,0.282828,0.312727,0.265018,0.595556,0.0836364,4.24567,0.306533,,-1.95883,24.2696,-10.9408,54.9371,-1.95883,4.4,-18.17870032787323,-1.1298351287841797,-0.958927,999,,,,,,,201.4,2.369411764,201.4,2.369411764,,,,,,,,,,,,,,,,,,,"Jose Cordova","sa3006548",682276
"Colin Davis","SEA",69,270,248,42,28,9,0,5,23,25,15,0,85,4,2,1,7,4,1,0.169355,0.0555556,0.314815,0.176471,0.226766,0.266129,0.22098,0.492895,0.0967742,4.03852,0.23125,,0.0240498,12.2001,-19.384,45.6122,0.0240498,1.4,-16.778337486088276,-1.5761905908584595,-0.966053,999,,,,,,,122.1,1.769565217,122.1,1.769565217,,,,,,,,,,,,,,,,,,,"Colin Davis","sa3016806",695342
"Sterlin Thompson","COL",112,487,445,109,76,20,3,10,53,56,30,0,118,9,3,0,9,8,2,0.244944,0.0616016,0.2423,0.254237,0.303901,0.370787,0.296757,0.674688,0.125843,5.13242,0.309375,,-0.117641,51.7071,-5.26119,76.299,-0.117641,-6.3,-13.92011920362711,-11.668166160583496,-0.967784,999,,,,,,,461.1,4.116964285,461.1,4.116964285,,,,,,,,,,,,,,,,,,,"Sterlin Thompson","sa3019999",694514
"AJ Lewis","COL",53,201,173,33,21,9,0,3,18,21,18,0,59,8,1,1,4,1,2,0.190751,0.0895522,0.293532,0.305085,0.295,0.294798,0.270603,0.589798,0.104046,2.31866,0.267857,,-0.980957,17.1101,-6.40244,58.6961,-0.980957,0,-10.908651947975159,-5.169753074645996,-0.969252,999,,,,,,,140.4,2.649056603,140.4,2.649056603,,,,,,,,,,,,,,,,,,,"AJ Lewis","sa3015014",674630
"Johnathon Thomas","WSN",92,322,285,52,41,8,2,1,31,26,14,0,116,13,1,9,3,18,6,0.182456,0.0434783,0.360248,0.12069,0.252396,0.235088,0.225001,0.487484,0.0526316,7.65131,0.301775,,0.633277,15.5919,-22.0751,41.4718,0.633277,0.6,-21.903025686740875,1.7831275463104248,-0.970498,999,,,,,,,148.6,1.615217391,148.6,1.615217391,,,,,,,,,,,,,,,,,,,"Johnathon Thomas","sa3020349",684976
"Dylan Rock",,63,241,219,39,27,9,0,3,22,22,16,0,87,6,0,0,3,2,1,0.178082,0.06639,0.360996,0.183908,0.253112,0.260274,0.234823,0.513386,0.0821918,3.35938,0.27907,,-0.391735,13.5747,-14.617,50.3178,-0.391735,-0.7,-14.091826468706131,-3.3565255999565125,-0.972307,999,,,,,,,120.7,1.915873015,120.7,1.915873015,,,,,,,,,,,,,,,,,,,"Dylan Rock","sa3020085",676423
"Mason Martin",,101,403,362,70,36,17,2,15,39,52,32,1,169,6,3,0,4,3,2,0.19337,0.0794045,0.419355,0.189349,0.26799,0.375691,0.280287,0.643681,0.18232,4.15218,0.303867,,-0.78616,37.4464,-9.69576,75.7321,-0.78616,0,-12.481097340583801,-10.365226745605469,-0.973498,999,,,,,,,345.8,3.423762376,345.8,3.423762376,,,,,,,,,,,,,,,,,,,"Mason Martin","sa3004885",676733
"Tyler McDonough","BOS",113,451,416,90,63,18,4,5,46,39,30,1,146,2,2,1,8,11,5,0.216346,0.0665189,0.323725,0.205479,0.271111,0.314904,0.25871,0.586015,0.0985577,5.95173,0.318352,,-0.56692,34.0742,-18.683,59.9768,-0.56692,-4.9,-21.220423102378845,-3.2428866624832153,-0.973804,999,,,,,,,312.9,2.769026548,312.9,2.769026548,,,,,,,,,,,,,,,,,,,"Tyler McDonough","sa3016869",694812
"Noah Campbell",,85,325,284,58,41,11,3,3,33,28,35,0,118,4,1,1,3,3,2,0.204225,0.107692,0.363077,0.29661,0.299383,0.295775,0.271197,0.595157,0.0915493,5.00472,0.335366,,-0.841407,27.8211,-10.1968,71.8289,-0.841407,-4.9,-11.789761304855347,-8.482451677322388,-0.975911,999,,,,,,,235.1,2.765882352,235.1,2.765882352,,,,,,,,,,,,,,,,,,,"Noah Campbell","sa3014878",668929
"Werner Blakely","LAA",95,382,342,68,46,15,3,4,37,31,34,0,145,3,1,2,2,9,1,0.19883,0.0890052,0.379581,0.234483,0.276316,0.295322,0.257723,0.571637,0.0964912,6.26563,0.329897,,0.739923,28.5575,-16.1281,63.306,0.739923,-8.3,-15.29856961965561,-6.896414041519165,-0.977091,999,,,,,,,262.3,2.761052631,262.3,2.761052631,,,,,,,,,,,,,,,,,,,"Werner Blakely","sa3014502",690956
"Sam Mongelli","LAD",91,364,330,65,48,11,1,5,44,31,23,0,126,2,3,6,9,13,2,0.19697,0.0631868,0.346154,0.18254,0.251397,0.281818,0.238127,0.533215,0.0848485,6.55333,0.29703,,1.21384,21.4709,-21.1091,51.6406,1.21384,-3.2,-19.83575451374054,-1.8625514507293701,-0.989064,999,,,,,,,212.7,2.337362637,212.7,2.337362637,,,,,,,,,,,,,,,,,,,"Sam Mongelli","sa3022511",815044
"Hedbert Perez","MIL",46,188,177,31,20,6,1,4,14,18,10,0,69,1,0,0,5,1,2,0.175141,0.0531915,0.367021,0.144928,0.223404,0.288136,0.226387,0.51154,0.112994,3.44357,0.259615,,-0.854678,9.31298,-12.6789,41.6684,-0.854678,0.2,-13.968316793441772,-1.8723104447126389,-0.989405,999,,,,,,,86.6,1.882608695,86.6,1.882608695,,,,,,,,,,,,,,,,,,,"Hedbert Perez","sa3014692",691616
"Alexander Vargas","NYY",95,379,360,72,50,12,5,5,37,34,15,0,115,2,2,0,4,10,7,0.2,0.0395778,0.30343,0.130435,0.234829,0.302778,0.235129,0.537606,0.102778,6.66688,0.276859,,-1.36384,21.4412,-22.8935,49.1788,-1.36384,-3,-23.402729868888855,1.177689552307129,-0.990524,999,,,,,,,203.9,2.146315789,203.9,2.146315789,,,,,,,,,,,,,,,,,,,"Alexander Vargas","sa3008851",683061
"John McHenry",,59,209,181,30,22,5,0,3,19,17,17,0,74,4,2,5,1,4,2,0.165746,0.0813397,0.354067,0.22973,0.25,0.243094,0.227523,0.493094,0.0773481,4.03789,0.254717,,-0.349387,10.5444,-13.9041,43.1689,-0.349387,0.3,-14.552828580141068,-2.0037919878959656,-0.991127,999,,,,,,,94.7,1.605084745,94.7,1.605084745,,,,,,,,,,,,,,,,,,,"John McHenry","sa3019938",806538
"Angel Tejada","BAL",88,313,298,66,47,14,1,4,31,31,7,1,77,5,2,1,10,13,5,0.221477,0.0223642,0.246006,0.0909091,0.25,0.315436,0.246067,0.565436,0.0939597,5.9961,0.283105,,0.117207,20.4629,-16.1513,59.5033,0.117207,-6.8,-14.386187583208084,-5.649941444396973,-0.991684,999,,,,,,,202.2,2.297727272,202.2,2.297727272,,,,,,,,,,,,,,,,,,,"Angel Tejada","sa3015744",698941
"Cam Fisher","HOU",72,286,251,39,23,7,0,9,28,34,29,0,163,6,0,0,1,5,0,0.155378,0.101399,0.56993,0.177914,0.258741,0.290837,0.251094,0.549578,0.135458,4.35162,0.379747,,0.54224,19.855,-13.6008,61.9606,0.54224,-4.1,-11.905934929847717,-7.252557277679443,-0.994,999,,,,,,,186.8,2.594444444,186.8,2.594444444,,,,,,,,,,,,,,,,,,,"Cam Fisher","sa3022687",801176
"Nick Vogt",,101,418,386,76,53,15,2,6,46,37,23,0,160,5,1,3,9,13,2,0.196891,0.0550239,0.382775,0.14375,0.250602,0.292746,0.24211,0.543349,0.0958549,6.69573,0.316742,,1.1507,25.9964,-22.9005,56.3003,1.1507,-4.4,-20.69250726699829,-2.8641388416290283,-0.99527,999,,,,,,,254,2.514851485,254,2.514851485,,,,,,,,,,,,,,,,,,,"Nick Vogt","sa3019984",687793
"Dilan Rosario",,65,228,208,40,31,6,1,2,19,17,16,0,84,2,1,1,4,3,2,0.192308,0.0701754,0.368421,0.190476,0.255507,0.259615,0.233548,0.515122,0.0673077,4.45981,0.308943,,-0.596741,12.6085,-14.0625,48.8271,-0.596741,-5.2,-14.548718273639679,-2.686772346496582,-0.995893,999,,,,,,,112,1.723076923,112,1.723076923,,,,,,,,,,,,,,,,,,,"Dilan Rosario","sa3010165",687125
"Jose Salas","MIN",104,395,361,71,51,15,2,3,37,34,19,0,136,5,1,9,7,10,5,0.196676,0.0481013,0.344304,0.139706,0.246114,0.274238,0.232661,0.520352,0.0775623,5.77433,0.304933,,-0.616964,21.5617,-24.6446,48.1249,-0.616964,-0.2,-24.062579452991486,1.2513521164655685,-0.995979,999,,,,,,,196.7,1.891346153,196.7,1.891346153,,,,,,,,,,,,,,,,,,,"Jose Salas","sa3014690",691191
"Aaron Sabato","MIN",94,395,349,61,36,15,0,10,36,41,39,1,150,5,2,0,9,3,1,0.174785,0.0987342,0.379747,0.26,0.265823,0.303725,0.255945,0.569548,0.12894,2.89498,0.267016,,-0.428508,28.9642,-17.2421,64.5035,-0.428508,0.9,-16.471594780683517,-6.356760621070862,-0.997748,999,,,,,,,265,2.819148936,265,2.819148936,,,,,,,,,,,,,,,,,,,"Aaron Sabato","sa3014494",693306
"Stephen Paolini","ATL",107,411,371,70,50,14,2,4,42,33,33,1,168,4,2,1,5,9,2,0.188679,0.080292,0.408759,0.196429,0.260976,0.269542,0.239509,0.530517,0.0808625,5.82368,0.328358,,0.311239,24.7003,-23.3776,49.6793,0.311239,5.6,-24.420212149620056,1.0695767402648926,-0.998068,999,,,,,,,233.1,2.178504672,233.1,2.178504672,,,,,,,,,,,,,,,,,,,"Stephen Paolini","sa3010720",688500
"Zach Zubia","MIA",87,331,288,56,38,9,0,9,31,34,38,1,116,3,2,0,6,1,0,0.194444,0.114804,0.350453,0.327586,0.293051,0.319444,0.275454,0.612496,0.125,2.13286,0.284848,,-0.415609,29.4688,-9.25097,72.4442,-0.415609,-3.3,-11.32253223657608,-9.380981683731079,-0.99982,999,,,,,,,261.2,3.00229885,261.2,3.00229885,,,,,,,,,,,,,,,,,,,"Zach Zubia","sa3016861",687036
"Kevin Maitan","MIN",86,343,319,66,48,12,1,5,29,33,18,1,137,4,2,0,8,1,1,0.206897,0.0524781,0.399417,0.131387,0.25656,0.297806,0.245057,0.554365,0.0909091,2.90731,0.340782,,-0.749584,22.1454,-17.9781,54.3967,-0.749584,3.8,-18.647240936756134,-2.5014402866363525,-1.0033,999,,,,,,,203.2,2.362790697,203.2,2.362790697,,,,,,,,,,,,,,,,,,,"Kevin Maitan","sa969045",670867
"Cam Williams",,59,224,201,30,13,7,1,9,22,30,19,0,114,3,1,0,2,2,1,0.149254,0.0848214,0.508929,0.166667,0.232143,0.328358,0.247919,0.560501,0.179104,4.77887,0.265823,,-0.281241,14.9783,-11.2248,56.4099,-0.281241,0,-11.45350432395935,-5.761316776275635,-1.00672,999,,,,,,,144.6,2.450847457,144.6,2.450847457,,,,,,,,,,,,,,,,,,,"Cam Williams","sa3017107",668769
"Jose Serrano","CIN",42,147,137,23,17,2,1,3,12,12,9,0,76,1,0,0,3,1,1,0.167883,0.0612245,0.517007,0.118421,0.22449,0.262774,0.218769,0.487264,0.0948905,4.64032,0.344828,,-0.418102,6.38068,-10.8151,30.4388,-0.418102,0.7,-12.645832568407059,-2.0006173253059387,-1.00708,999,,,,,,,60.6,1.442857142,60.6,1.442857142,,,,,,,,,,,,,,,,,,,"Jose Serrano","sa3016165",699112
"Kekai Rios",,52,183,169,31,22,7,0,2,13,15,11,0,60,2,1,0,4,1,0,0.183432,0.0601093,0.327869,0.183333,0.240437,0.260355,0.225677,0.500792,0.0769231,2.76968,0.268519,,-0.0762348,8.96065,-12.4463,43.8842,-0.0762348,-7.4,-11.826351128518581,-4.0380072593688965,-1.0084,999,,,,,,,84.6,1.626923076,84.6,1.626923076,,,,,,,,,,,,,,,,,,,"Kekai Rios","sa3007282",663519
"J.C. Correa",,86,356,333,79,58,16,1,4,36,32,18,0,52,1,4,0,8,3,2,0.237237,0.0505618,0.146067,0.346154,0.275281,0.327327,0.264391,0.602608,0.0900901,3.55266,0.266904,,-0.817729,28.5246,-13.1196,71.314,-0.817729,0,-12.50264585018158,-9.156378746032715,-1.01125,999,,,,,,,256.2,2.979069767,256.2,2.979069767,,,,,,,,,,,,,,,,,,,"J.C. Correa","sa3014823",682182
"Brandon Lewis",,91,361,333,62,39,12,1,10,35,38,21,0,139,4,2,1,9,0,0,0.186186,0.0581717,0.385042,0.151079,0.241667,0.318318,0.246885,0.559985,0.132132,2.40827,0.27957,,-0.505115,23.8387,-18.3904,57.5355,-0.505115,3.6,-18.83647108078003,-3.03212833404541,-1.01697,999,,,,,,,223.7,2.458241758,223.7,2.458241758,,,,,,,,,,,,,,,,,,,"Brandon Lewis","sa3010035",686781
"Josh Moylan","NYY",106,426,380,76,54,14,1,7,44,42,38,1,129,5,3,0,8,1,2,0.2,0.0892019,0.302817,0.294574,0.279343,0.297368,0.259319,0.576711,0.0973684,2.93114,0.279352,,-1.36769,32.3943,-17.4384,66.1947,-1.36769,1.6,-17.84551429748535,-6.22627866268158,-1.01944,999,,,,,,,283,2.66981132,283,2.66981132,,,,,,,,,,,,,,,,,,,"Josh Moylan","sa3022865",694742
"Jaylen Palmer","CHC",103,399,358,61,36,14,1,10,42,42,35,0,183,5,1,0,5,10,4,0.170391,0.0877193,0.458647,0.191257,0.253133,0.298883,0.248397,0.552016,0.128492,5.50144,0.307229,,-0.21985,26.8336,-19.8407,60.3684,-0.21985,-5.5,-19.12916672229767,-4.033950567245483,-1.01997,999,,,,,,,251.7,2.44368932,251.7,2.44368932,,,,,,,,,,,,,,,,,,,"Jaylen Palmer","sa3008297",681941
"Lizandro Rodriguez","KCR",94,375,338,69,51,12,3,3,36,32,25,0,93,4,1,7,7,10,5,0.204142,0.0666667,0.248,0.268817,0.266304,0.284024,0.247414,0.550328,0.0798817,5.79265,0.271605,,-0.656426,24.9227,-18.944,53.3578,-0.656426,-3.1,-20.669605612754822,-1.722133994102478,-1.02151,999,,,,,,,220.5,2.34574468,220.5,2.34574468,,,,,,,,,,,,,,,,,,,"Lizandro Rodriguez","sa3016094",691497
"Joe Redfield","LAA",116,530,479,103,81,13,4,5,63,42,30,1,126,4,2,15,5,17,5,0.215031,0.0566038,0.237736,0.238095,0.266019,0.290188,0.24747,0.556207,0.0751566,6.78311,0.28,,0.475232,35.2482,-26.7502,56.0942,0.475232,-3.4,-26.15059593319893,-1.4526162147521973,-1.0261,999,,,,,,,325.6,2.806896551,325.6,2.806896551,,,,,,,,,,,,,,,,,,,"Joe Redfield","sa3022439",812470
"Thomas Sosa","BAL",92,378,349,71,52,13,2,4,45,32,26,0,125,2,1,0,5,12,6,0.203438,0.0687831,0.330688,0.208,0.261905,0.286533,0.245748,0.548438,0.0830946,6.1951,0.303167,,-0.661432,24.6154,-19.6023,59.2792,-0.661432,-0.1,-18.273631989955902,-4.266666509211063,-1.02653,999,,,,,,,225.3,2.448913043,225.3,2.448913043,,,,,,,,,,,,,,,,,,,"Thomas Sosa","sa3018566",800449
"Jake Vogel","LAD",93,337,300,53,44,5,2,2,27,27,26,1,121,7,1,3,4,10,3,0.176667,0.0771513,0.35905,0.214876,0.257485,0.226667,0.224073,0.484152,0.05,5.89395,0.286517,,0.185157,16.0663,-23.3554,42.1811,0.185157,0.7,-23.115103840827942,1.938242256641388,-1.02807,999,,,,,,,151.1,1.624731182,151.1,1.624731182,,,,,,,,,,,,,,,,,,,"Jake Vogel","sa3014473",691949
"Misael Urbina","MIN",100,397,355,66,42,18,2,4,38,32,36,0,127,3,2,1,11,6,3,0.185915,0.0906801,0.319899,0.283465,0.265152,0.28169,0.247372,0.546842,0.0957747,4.93536,0.274336,,-0.654305,26.3717,-20.0686,58.4733,-0.654305,0.7,-19.51784986257553,-3.6761024594306946,-1.02862,999,,,,,,,235.8,2.358,235.8,2.358,,,,,,,,,,,,,,,,,,,"Misael Urbina","sa3008743",682618
"Jose Hernandez",,47,170,150,21,13,5,1,2,13,14,13,0,73,5,1,1,2,3,2,0.14,0.0764706,0.429412,0.178082,0.230769,0.226667,0.212919,0.457436,0.0866667,5.59618,0.25,,-0.454678,6.5785,-13.3078,36.4891,-0.454678,-5.4,-13.365638107061386,-2.2768373489379883,-1.03085,999,,,,,,,60.7,1.291489361,60.7,1.291489361,,,,,,,,,,,,,,,,,,,"Jose Hernandez","sa3008943",684872
"Yosy Galan","TEX",94,365,335,60,33,12,4,11,39,42,22,1,159,6,1,1,3,12,4,0.179104,0.060274,0.435616,0.138365,0.241758,0.337313,0.253025,0.579072,0.158209,7.67825,0.295181,,0.306429,25.9066,-16.7904,61.791,0.306429,-2.5,-15.651048511266708,-6.523368835449219,-1.0335,999,,,,,,,257.6,2.740425531,257.6,2.740425531,,,,,,,,,,,,,,,,,,,"Yosy Galan","sa3015202",696045
"Wyatt Hoffman","SDP",90,320,281,46,32,10,1,3,27,26,23,0,141,9,2,5,2,9,4,0.163701,0.071875,0.440625,0.163121,0.247619,0.238434,0.224856,0.486053,0.0747331,5.55139,0.309353,,-0.325141,15.4576,-21.9754,44.687,-0.325141,-2.7,-21.491139113903046,0.8273367881774902,-1.03355,999,,,,,,,141.4,1.571111111,141.4,1.571111111,,,,,,,,,,,,,,,,,,,"Wyatt Hoffman","sa3018219",703715
"Wilber Sanchez","CHW",90,337,308,51,39,8,1,3,32,22,24,0,107,2,1,2,7,11,4,0.165584,0.0712166,0.317507,0.224299,0.229851,0.227273,0.209375,0.457123,0.0616883,5.73525,0.241206,,0.0669669,12.0797,-27.3419,30.5579,0.0669669,1.7,-26.709796972572803,5.414726734161377,-1.03908,999,,,,,,,122.4,1.36,122.4,1.36,,,,,,,,,,,,,,,,,,,"Wilber Sanchez","sa3008941",684712
"Josiah Sightler",,79,318,291,61,45,7,1,8,29,32,21,1,140,4,2,0,2,1,0,0.209622,0.0660377,0.440252,0.15,0.27044,0.323024,0.262171,0.593464,0.113402,3.33773,0.365517,,-0.344577,24.9116,-12.2874,63.539,-0.344577,-0.6,-14.209478676319122,-6.442151665687561,-1.03917,999,,,,,,,228.7,2.894936708,228.7,2.894936708,,,,,,,,,,,,,,,,,,,"Josiah Sightler","sa3021047",680906
"Nik McClaughry","SDP",81,290,254,42,30,9,2,1,23,20,18,0,105,7,2,9,4,2,1,0.165354,0.062069,0.362069,0.171429,0.238434,0.228346,0.215005,0.466781,0.0629921,5.05072,0.273333,,-0.43909,11.7092,-22.2145,38.0566,-0.43909,-1,-21.920077174901962,2.1966490745544434,-1.03961,999,,,,,,,104.1,1.285185185,104.1,1.285185185,,,,,,,,,,,,,,,,,,,"Nik McClaughry","sa3022484",800597
"Lucas Dunn","SDP",105,412,368,67,48,12,3,4,40,34,32,0,146,7,2,3,10,6,3,0.182065,0.0776699,0.354369,0.219178,0.259169,0.263587,0.238233,0.522756,0.0815217,5.61019,0.286364,,-0.70166,24.3374,-23.8576,53.6903,-0.70166,-1.8,-23.517188847064972,-0.28618454933166504,-1.04139,999,,,,,,,216.7,2.063809523,216.7,2.063809523,,,,,,,,,,,,,,,,,,,"Lucas Dunn","sa3016820",690903
"Sonny DiChiara","LAA",92,390,346,68,45,14,0,9,34,41,34,1,158,7,2,1,8,1,0,0.196532,0.0871795,0.405128,0.21519,0.280206,0.315029,0.266671,0.595235,0.118497,2.11458,0.325967,,-0.470856,31.9645,-13.657,69.6006,-0.470856,-1.9,-14.036327540874481,-9.064903140068054,-1.04314,999,,,,,,,284.9,3.09673913,284.9,3.09673913,,,,,,,,,,,,,,,,,,,"Sonny DiChiara","sa3019866",800685
"Gabriel Martinez","TOR",109,433,405,86,63,16,1,6,35,38,22,0,82,3,3,0,16,1,1,0.212346,0.0508083,0.189376,0.268293,0.256351,0.301235,0.246716,0.557586,0.0888889,2.44394,0.25,,-0.89954,28.5343,-22.1172,58.6836,-0.89954,1.6,-21.36944353580475,-3.172927737236023,-1.04394,999,,,,,,,259.2,2.377981651,259.2,2.377981651,,,,,,,,,,,,,,,,,,,"Gabriel Martinez","sa3008865",683447
"Fabian Pertuz",,93,363,342,65,47,12,1,5,31,31,16,1,130,4,1,0,7,5,2,0.190058,0.0440771,0.358127,0.123077,0.23416,0.274854,0.225275,0.509014,0.0847953,4.48657,0.288462,,-0.330913,17.657,-24.806,43.8374,-0.330913,-1.5,-24.709847539663315,2.5013227462768555,-1.0452,999,,,,,,,173.4,1.864516129,173.4,1.864516129,,,,,,,,,,,,,,,,,,,"Fabian Pertuz","sa3005500",678285
"Jose Sanabria",,36,135,121,16,12,3,0,1,14,8,10,0,49,3,1,0,6,3,1,0.132231,0.0740741,0.362963,0.204082,0.214815,0.181818,0.188484,0.396633,0.0495868,5.31883,0.208333,,-0.00231696,2.56914,-13.2229,20.2061,-0.00231696,-2.3,-12.883760936558247,-1.803968220949173,-1.05262,999,,,,,,,28.6,0.794444444,28.6,0.794444444,,,,,,,,,,,,,,,,,,,"Jose Sanabria","sa3018524",800343
"Anthony Seigler","MIL",105,406,351,68,43,17,0,8,46,37,49,1,97,2,3,1,8,12,3,0.193732,0.12069,0.238916,0.505155,0.293827,0.310541,0.27266,0.604368,0.116809,4.55029,0.240964,,0.450986,35.2329,-12.2602,72.8134,0.450986,-12.5,-12.748045355081558,-11.008230447769165,-1.05716,999,,,,,,,321.7,3.063809523,321.7,3.063809523,,,,,,,,,,,,,,,,,,,"Anthony Seigler","sa3006894",678011
"Donta' Williams","WSN",82,314,275,50,36,11,1,2,31,22,32,0,92,5,2,0,5,10,6,0.181818,0.101911,0.292994,0.347826,0.27707,0.250909,0.24485,0.527979,0.0690909,5.06505,0.262295,,-1.00619,20.2206,-16.5105,54.8309,-1.00619,-3.9,-17.966445684432983,-2.7462669610977173,-1.05924,999,,,,,,,174.6,2.129268292,174.6,2.129268292,,,,,,,,,,,,,,,,,,,"Donta' Williams","sa3017152",676024
"Omar De Los Santos","NYM",104,395,366,69,46,12,3,8,46,40,20,0,154,5,2,2,5,26,7,0.188525,0.0506329,0.389873,0.12987,0.239186,0.303279,0.239599,0.542464,0.114754,8.27635,0.296117,,1.80459,23.7674,-22.4389,54.4465,1.80459,-5.2,-19.712342143058777,-3.748647689819336,-1.06449,999,,,,,,,252.3,2.425961538,252.3,2.425961538,,,,,,,,,,,,,,,,,,,"Omar De Los Santos","sa3008938",684519
"Ryan Higgins",,88,317,285,53,36,11,1,5,27,31,17,0,120,8,2,5,6,4,3,0.185965,0.0536278,0.378549,0.141667,0.25,0.284211,0.239921,0.534211,0.0982456,4.39854,0.296296,,-0.896457,19.1562,-17.9258,55.18,-0.896457,-4.9,-17.15333104133606,-3.735244035720825,-1.06595,999,,,,,,,170.6,1.938636363,170.6,1.938636363,,,,,,,,,,,,,,,,,,,"Ryan Higgins","sa3017220",696287
"Logan Wyatt",,90,351,317,64,47,11,0,6,34,30,30,1,92,2,2,0,7,2,0,0.201893,0.0854701,0.262108,0.326087,0.273504,0.293375,0.254178,0.56688,0.0914826,3.01962,0.262443,,-0.215609,25.2386,-15.8208,62.7125,-0.215609,0.3,-15.866228446364403,-6.148412883281708,-1.06644,999,,,,,,,229.5,2.55,229.5,2.55,,,,,,,,,,,,,,,,,,,"Logan Wyatt","sa3011259",668824
"Johnfrank Salazar","STL",85,338,311,68,52,13,0,3,29,30,18,1,59,4,2,3,12,0,1,0.21865,0.0532544,0.174556,0.305085,0.268657,0.289389,0.248208,0.558046,0.0707396,1.7597,0.258964,,-0.981153,22.6799,-16.8587,58.1956,-0.981153,2.5,-17.87777876853943,-3.709582805633545,-1.06703,999,,,,,,,198.9,2.34,198.9,2.34,,,,,,,,,,,,,,,,,,,"Johnfrank Salazar","sa3015643",692564
"Bennett Hostetler","MIA",82,320,295,64,44,14,1,5,31,32,16,0,104,7,1,1,9,3,1,0.216949,0.05,0.325,0.153846,0.272727,0.322034,0.264147,0.594761,0.105085,4.18794,0.315508,,-0.333799,25.5772,-11.8558,64.8336,-0.333799,-8.4,-13.79050475358963,-7.224220633506775,-1.06979,999,,,,,,,228.6,2.787804878,228.6,2.787804878,,,,,,,,,,,,,,,,,,,"Bennett Hostetler","sa3017120",702315
"Jackson Feltner","ARI",81,321,289,56,38,11,1,6,24,31,27,0,122,4,1,0,6,1,1,0.193772,0.0841122,0.380062,0.221311,0.271028,0.301038,0.257566,0.572066,0.107266,2.7297,0.308642,,-0.749584,23.9569,-13.593,61.3916,-0.749584,0.4,-15.569579422473907,-5.497266381978989,-1.07174,999,,,,,,,210.7,2.601234567,210.7,2.601234567,,,,,,,,,,,,,,,,,,,"Jackson Feltner","sa3022568",801822
"Brian Kalmer","CHC",79,323,295,53,32,11,1,9,33,35,23,0,147,3,2,0,8,0,0,0.179661,0.0712074,0.455108,0.156463,0.244582,0.315254,0.247866,0.559836,0.135593,2.75666,0.312057,,-0.457761,21.5843,-16.1996,59.0428,-0.457761,1,-16.2773215174675,-4.934009552001953,-1.07978,999,,,,,,,202,2.556962025,202,2.556962025,,,,,,,,,,,,,,,,,,,"Brian Kalmer","sa3022591",687260
"Won-Bin Cho","STL",111,456,411,85,66,13,3,3,45,37,31,0,153,6,3,5,3,10,7,0.206813,0.0679825,0.335526,0.202614,0.27051,0.274939,0.246349,0.545449,0.0681265,5.44404,0.317829,,-1.64796,29.9154,-23.4266,56.9443,-1.64796,-2.2,-25.12575900554657,-0.5245150327682495,-1.0808,999,,,,,,,258.4,2.327927927,258.4,2.327927927,,,,,,,,,,,,,,,,,,,"Won-Bin Cho","sa3019526",800231
"Estarling Mercado","NYM",78,284,253,38,19,9,2,8,25,32,23,0,122,8,0,0,2,1,1,0.150198,0.0809859,0.429577,0.188525,0.242958,0.296443,0.24377,0.5394,0.146245,4.43636,0.243902,,-0.599627,18.042,-15.1797,57.2543,-0.599627,0.4,-15.116453170776367,-4.817519277334213,-1.08199,999,,,,,,,164.6,2.11025641,164.6,2.11025641,,,,,,,,,,,,,,,,,,,"Estarling Mercado","sa3022191",807759
"Nic Kent","COL",104,387,351,81,64,14,0,3,35,33,19,0,88,6,3,8,5,6,2,0.230769,0.0490956,0.22739,0.215909,0.279683,0.296296,0.257402,0.57598,0.0655271,3.71584,0.296578,,-0.312438,28.8313,-16.4392,49.8104,-0.312438,-4.1,-23.539042860269547,0.16587305068969727,-1.08294,999,,,,,,,252.2,2.425,252.2,2.425,,,,,,,,,,,,,,,,,,,"Nic Kent","sa3017160",684715
"Hendry Mendez","PHI",89,368,334,76,56,15,2,3,42,31,31,1,62,2,1,0,8,1,1,0.227545,0.0842391,0.168478,0.5,0.296196,0.311377,0.271486,0.607573,0.0838323,3.5166,0.27037,,-0.89954,31.5876,-11.4604,71.8059,-0.89954,0,-13.306566834449768,-9.465020179748535,-1.08615,999,,,,,,,272.8,3.065168539,272.8,3.065168539,,,,,,,,,,,,,,,,,,,"Hendry Mendez","sa3015727",694230
"Ryan Johnson","HOU",102,399,365,60,43,8,0,9,36,38,26,0,204,7,1,0,6,4,1,0.164384,0.0651629,0.511278,0.127451,0.233083,0.260274,0.223946,0.493357,0.0958904,3.63256,0.333333,,-0.20483,18.9814,-27.6929,42.8639,-0.20483,-2,-26.289728492498398,2.3981480598449707,-1.09378,999,,,,,,,182.6,1.790196078,182.6,1.790196078,,,,,,,,,,,,,,,,,,,"Ryan Johnson","sa3022569",802459
"Joe Gray Jr.",,104,431,393,77,51,16,3,7,37,39,27,0,145,7,3,1,11,8,3,0.195929,0.062645,0.336427,0.186207,0.25814,0.305344,0.250705,0.563483,0.109415,5.31701,0.286885,,-0.285875,29.7864,-20.6312,55.6732,-0.285875,-4.4,-22.145820409059525,-2.816372871398926,-1.09418,999,,,,,,,276.3,2.656730769,276.3,2.656730769,,,,,,,,,,,,,,,,,,,"Joe Gray Jr.","sa3008005",669336
"Chandler Redmond","STL",106,425,385,77,53,13,1,10,39,43,35,1,161,3,2,0,7,2,1,0.2,0.0823529,0.378824,0.217391,0.270588,0.316883,0.261121,0.587471,0.116883,3.153,0.310185,,-0.715324,32.9348,-16.7809,66.887,-0.715324,0.6,-17.543933868408203,-7.20790708065033,-1.09463,999,,,,,,,298.6,2.816981132,298.6,2.816981132,,,,,,,,,,,,,,,,,,,"Chandler Redmond","sa1170749",687470
"Jacob Berry","MIA",119,498,461,103,71,21,3,8,49,50,27,1,111,7,3,0,9,7,1,0.223427,0.0542169,0.222892,0.243243,0.2751,0.334056,0.267747,0.609157,0.110629,5.18173,0.275362,,0.174182,41.2474,-17.0077,67.2565,0.174182,-2.5,-19.324952378869057,-7.989418029785156,-1.10822,999,,,,,,,381.5,3.205882352,381.5,3.205882352,,,,,,,,,,,,,,,,,,,"Jacob Berry","sa3019825",694351
"Jhon Diaz",,77,285,259,51,35,11,2,3,30,27,16,0,82,5,2,3,4,3,4,0.196911,0.0561404,0.287719,0.195122,0.255319,0.289575,0.243314,0.544894,0.0926641,4.97772,0.272727,,-1.462,18.0008,-15.3379,58.9927,-1.462,-6.5,-14.834469318389893,-5.452821850776672,-1.11402,999,,,,,,,155.6,2.02077922,155.6,2.02077922,,,,,,,,,,,,,,,,,,,"Jhon Diaz","sa3021113",807817
"Tanner Allen",,76,294,270,57,41,10,2,4,28,26,18,0,62,3,1,2,5,3,2,0.211111,0.0612245,0.210884,0.290323,0.267123,0.307407,0.255609,0.574531,0.0962963,4.4286,0.258537,,-0.699343,21.4787,-12.9129,59.0868,-0.699343,-2.3,-15.083077669143677,-5.540740728378296,-1.11884,999,,,,,,,190.3,2.503947368,190.3,2.503947368,,,,,,,,,,,,,,,,,,,"Tanner Allen","sa3016854",669327
"Geraldo Quintero","ATL",109,436,394,89,68,12,5,4,51,40,32,0,99,7,2,1,9,17,10,0.225888,0.0733945,0.227064,0.323232,0.294253,0.312183,0.271842,0.606436,0.0862944,6.73023,0.290102,,-1.49455,37.5492,-13.4533,71.4418,-1.49455,-4.2,-16.383982300758362,-9.005996227264404,-1.12271,999,,,,,,,326.6,2.996330275,326.6,2.996330275,,,,,,,,,,,,,,,,,,,"Geraldo Quintero","sa3008942",684852
"Victor Acosta","CIN",109,426,379,72,51,14,4,3,36,38,30,0,126,13,1,3,9,7,3,0.189974,0.0704225,0.295775,0.238095,0.271868,0.271768,0.248403,0.543635,0.0817942,5.76264,0.2749,,-0.556907,28.6514,-21.1813,50.3841,-0.556907,-0.8,-25.831916093826294,0.7652557492256165,-1.12371,999,,,,,,,249.7,2.290825688,249.7,2.290825688,,,,,,,,,,,,,,,,,,,"Victor Acosta","sa3015705",694193
"Daniel Cabrera","DET",99,407,373,77,56,14,2,5,41,35,30,1,88,1,3,0,7,3,1,0.206434,0.0737101,0.216216,0.340909,0.265356,0.294906,0.248943,0.560262,0.0884719,4.22881,0.254417,,-0.483755,27.5505,-20.0596,60.0931,-0.483755,-0.9,-19.06813010573387,-5.3863314390182495,-1.12437,999,,,,,,,253.1,2.556565656,253.1,2.556565656,,,,,,,,,,,,,,,,,,,"Daniel Cabrera","sa3014452",668667
"Cole Tucker",,82,315,279,58,43,11,1,3,31,24,31,0,91,1,2,2,5,5,3,0.207885,0.0984127,0.288889,0.340659,0.28754,0.286738,0.260493,0.574278,0.078853,4.15001,0.294118,,-0.806951,24.2513,-12.5968,65.2551,-0.806951,0,-13.329900085926056,-8.101851463317871,-1.12894,999,,,,,,,208.7,2.545121951,208.7,2.545121951,,,,,,,,,,,,,,,,,,,"Cole Tucker","17326",657061
"Alex Ramírez","NYM",126,553,506,98,72,19,2,5,58,42,43,0,142,2,2,0,12,22,6,0.193676,0.0777577,0.256781,0.302817,0.25859,0.268775,0.23837,0.527364,0.0750988,5.9171,0.257618,,1.04655,32.7275,-31.9614,53.6195,1.04655,-1.8,-29.624048829078674,0.23189306259155273,-1.13365,999,,,,,,,316.3,2.51031746,316.3,2.51031746,,,,,,,,,,,,,,,,,,,"Alex Ramirez","sa3014695",691267
"Dustin Peterson",,81,334,304,64,43,13,0,8,33,32,24,0,94,3,3,0,10,3,1,0.210526,0.0718563,0.281437,0.255319,0.272455,0.332237,0.267419,0.604692,0.121711,3.15771,0.273171,,-0.357476,27.5758,-11.4949,67.0712,-0.357476,0,-13.509249418973923,-8.590535163879395,-1.13371,999,,,,,,,251.2,3.101234567,251.2,3.101234567,,,,,,,,,,,,,,,,,,,"Dustin Peterson","15189",640460
"Chase Luttrell",,76,262,240,45,30,10,1,4,24,23,13,0,86,2,2,5,4,2,2,0.1875,0.0496183,0.328244,0.151163,0.233463,0.2875,0.230285,0.520963,0.1,4.12439,0.269737,,-0.765172,13.8007,-16.8476,42.0421,-0.765172,2.1,-18.923483669757843,-0.7880072593688965,-1.13467,999,,,,,,,127.5,1.677631578,127.5,1.677631578,,,,,,,,,,,,,,,,,,,"Chase Luttrell","sa3019864",702292
"Alex Iadisernia",,105,440,399,79,53,17,3,6,43,40,29,0,120,7,3,2,7,11,6,0.197995,0.0659091,0.272727,0.241667,0.262557,0.300752,0.251484,0.563309,0.102757,5.75023,0.264493,,-0.932464,30.684,-20.7864,60.4,-0.932464,0.9,-21.768201231956482,-3.950088143348694,-1.14286,999,,,,,,,278.3,2.65047619,278.3,2.65047619,,,,,,,,,,,,,,,,,,,"Alex Iadisernia","sa3019867",805280
"Manuel Pena","ARI",120,509,477,111,82,22,3,4,41,44,24,0,140,3,2,3,5,6,7,0.232704,0.0471513,0.275049,0.171429,0.272727,0.316562,0.260012,0.589289,0.0838574,3.897,0.319403,,-2.49532,38.9896,-20.5522,63.0376,-2.49532,-4.9,-24.99308156967163,-3.029776692390442,-1.14356,999,,,,,,,335.9,2.799166666,335.9,2.799166666,,,,,,,,,,,,,,,,,,,"Manuel Pena","sa3015715",694211
"Sam Brown","LAA",130,519,467,97,64,23,2,8,43,48,34,0,126,10,5,3,18,3,0,0.207709,0.0655106,0.242775,0.269841,0.273256,0.316916,0.262579,0.590172,0.109208,3.86778,0.263314,,-0.252382,40.828,-19.8836,66.7222,-0.252382,1.1,-20.014212906360626,-8.434831976890564,-1.15133,999,,,,,,,367.2,2.824615384,367.2,2.824615384,,,,,,,,,,,,,,,,,,,"Sam Brown","sa3023367",694848
"Jake Snider","SDP",107,429,368,72,54,12,2,4,52,39,43,0,110,11,3,4,5,13,2,0.195652,0.100233,0.25641,0.390909,0.296471,0.271739,0.262585,0.56821,0.076087,6.26744,0.264591,,0.937606,33.7502,-16.4334,70.0812,0.937606,0,-14.410762071609497,-11.033950805664062,-1.15243,999,,,,,,,300.1,2.804672897,300.1,2.804672897,,,,,,,,,,,,,,,,,,,"Jake Snider","sa3011559",686744
"Joe Naranjo","WSN",105,411,368,72,53,14,1,4,35,33,37,0,132,4,2,0,10,2,0,0.195652,0.0900243,0.321168,0.280303,0.274939,0.271739,0.249294,0.546678,0.076087,3.48645,0.290598,,-0.341888,27.9374,-20.1406,60.3925,-0.341888,1.5,-18.968091249465942,-6.050705432891846,-1.16889,999,,,,,,,245.9,2.341904761,245.9,2.341904761,,,,,,,,,,,,,,,,,,,"Joe Naranjo","sa3010025",683172
"Alberto Rios","LAA",37,142,130,21,16,4,0,1,12,10,9,0,46,2,1,0,1,2,1,0.161538,0.0633803,0.323944,0.195652,0.225352,0.215385,0.202939,0.440737,0.0538462,3.89268,0.238095,,-0.218102,4.35439,-12.2565,24.7701,-0.218102,0,-12.441286385059357,-3.6522634029388428,-1.17323,999,,,,,,,42.6,1.151351351,42.6,1.151351351,,,,,,,,,,,,,,,,,,,"Alberto Rios","sa3022441",814362
"Griffin Doersching",,85,349,315,57,33,13,0,11,29,38,28,0,125,4,2,0,5,1,1,0.180952,0.0802292,0.358166,0.224,0.255014,0.326984,0.258242,0.581998,0.146032,1.80245,0.254144,,-0.718014,26.2364,-14.589,67.1578,-0.718014,-2.2,-14.424257397651672,-8.611669778823853,-1.1788,999,,,,,,,240.4,2.828235294,240.4,2.828235294,,,,,,,,,,,,,,,,,,,"Griffin Doersching","sa3020003",701864
"Gabriel Moncada","SEA",72,279,248,43,28,11,0,4,23,21,27,1,96,3,1,0,8,0,1,0.173387,0.0967742,0.344086,0.28125,0.261649,0.266129,0.240155,0.527778,0.0927419,1.65581,0.261745,,-0.854874,16.9127,-15.7242,59.1004,-0.854874,-1.7,-13.911435008049011,-6.8256614208221436,-1.18113,999,,,,,,,149.5,2.076388888,149.5,2.076388888,,,,,,,,,,,,,,,,,,,"Gabriel Moncada","sa3008789",682732
"Leandro Arias","BAL",93,371,332,66,48,13,1,4,28,33,26,1,79,6,4,3,6,4,5,0.198795,0.0700809,0.212938,0.329114,0.266304,0.28012,0.245144,0.546425,0.0813253,3.2715,0.245059,,-1.84853,23.9791,-19.4198,58.8539,-1.84853,-8.6,-19.315112829208374,-4.510494232177734,-1.18337,999,,,,,,,208.2,2.238709677,208.2,2.238709677,,,,,,,,,,,,,,,,,,,"Leandro Arias","sa3018433",703202
"Bryson Worrell",,67,252,234,41,28,6,2,5,21,22,15,0,114,2,1,0,2,6,1,0.175214,0.0595238,0.452381,0.131579,0.230159,0.282051,0.227856,0.51221,0.106838,6.42867,0.310345,,0.439835,12.7814,-16.6971,41.8366,0.439835,0,-17.08733367919922,-2.777777671813965,-1.18493,999,,,,,,,131,1.95522388,131,1.95522388,,,,,,,,,,,,,,,,,,,"Bryson Worrell","sa3019897",695415
"Jean Perez","COL",70,228,211,48,39,6,1,2,28,18,5,0,74,2,1,9,6,4,1,0.227488,0.0219298,0.324561,0.0675676,0.251142,0.293839,0.239674,0.54498,0.0663507,6.05902,0.338235,,0.0319422,13.7327,-12.9383,37.8784,0.0319422,-3,-16.90514202415943,-2.162257492542267,-1.18509,999,,,,,,,125.5,1.792857142,125.5,1.792857142,,,,,,,,,,,,,,,,,,,"Jean Perez","sa3011632",691685
"Carlos De La Cruz","WSN",116,479,441,93,64,18,1,10,44,46,27,0,171,9,2,0,9,3,1,0.210884,0.0563674,0.356994,0.157895,0.269311,0.324263,0.263432,0.593574,0.113379,3.36891,0.316794,,-0.594249,38.0101,-18.0224,67.3379,-0.594249,-2.9,-19.302809596061707,-8.179982662200928,-1.19096,999,,,,,,,342.6,2.953448275,342.6,2.953448275,,,,,,,,,,,,,,,,,,,"Carlos De La Cruz","sa3006903",678926
"David Martin","ARI",67,268,238,51,42,8,0,1,20,23,20,0,48,8,2,0,4,0,1,0.214286,0.0746269,0.179104,0.416667,0.294776,0.260504,0.256198,0.55528,0.0462185,1.525,0.26178,,-0.957476,19.7064,-11.6438,60.4709,-0.957476,0,-13.62561160326004,-6.893003940582275,-1.1974,999,,,,,,,161.4,2.408955223,161.4,2.408955223,,,,,,,,,,,,,,,,,,,"David Martin","sa3019824",688808
"Tyler Hardman","NYY",97,401,365,66,42,10,1,13,42,44,28,0,173,3,5,0,11,6,2,0.180822,0.0698254,0.431421,0.16185,0.241895,0.320548,0.24755,0.562443,0.139726,4.72698,0.288043,,-0.18616,26.6946,-20.2136,57.9158,-0.18616,1.9,-19.49555829167366,-5.466990113258362,-1.19751,999,,,,,,,260.3,2.683505154,260.3,2.683505154,,,,,,,,,,,,,,,,,,,"Tyler Hardman","sa3016955",676205
"Jeremy De La Rosa","WSN",105,437,407,82,50,19,3,10,44,44,26,1,154,2,2,0,4,10,7,0.201474,0.0594966,0.352403,0.168831,0.251716,0.336609,0.256547,0.588326,0.135135,5.48948,0.293878,,-1.44276,32.2557,-18.8637,62.7041,-1.44276,-0.4,-20.932419657707214,-5.217019468545914,-1.1977,999,,,,,,,301.8,2.874285714,301.8,2.874285714,,,,,,,,,,,,,,,,,,,"Jeremy De La Rosa","sa3011329",682707
"Eduarqui Fernandez",,104,398,363,64,41,14,2,7,39,34,29,0,189,3,3,0,3,10,5,0.176309,0.0728643,0.474874,0.153439,0.241206,0.283747,0.234635,0.524953,0.107438,5.90576,0.335294,,-0.601179,22.358,-24.1993,47.2201,-0.601179,5.2,-25.720796287059784,0.8128747940063477,-1.20361,999,,,,,,,214.2,2.059615384,214.2,2.059615384,,,,,,,,,,,,,,,,,,,"Eduarqui Fernandez","sa3008749",682631
"Kevin Graham","ARI",86,329,303,60,42,12,2,4,31,27,21,1,114,2,2,1,6,3,1,0.19802,0.0638298,0.346505,0.184211,0.253049,0.290429,0.240631,0.543478,0.0924092,4.92948,0.299465,,-0.310121,20.0696,-18.4162,49.9932,-0.310121,1,-19.983816027641296,-2.6265432834625244,-1.20363,999,,,,,,,188.7,2.194186046,188.7,2.194186046,,,,,,,,,,,,,,,,,,,"Kevin Graham","sa3020087",681184
"Bryce Willits","CHW",103,421,382,81,63,11,2,5,38,34,31,0,110,2,4,2,4,3,2,0.212042,0.0736342,0.261283,0.281818,0.272076,0.290576,0.251976,0.562652,0.078534,3.70151,0.280443,,-0.967685,29.5259,-19.7218,60.5246,-0.967685,2,-19.983474373817444,-5.7344207763671875,-1.20666,999,,,,,,,261,2.533980582,261,2.533980582,,,,,,,,,,,,,,,,,,,"Bryce Willits","sa3020352",801600
"Coby Morales","NYY",118,460,416,82,68,9,1,4,49,37,37,0,174,6,1,0,6,17,5,0.197115,0.0804348,0.378261,0.212644,0.271739,0.252404,0.240986,0.524143,0.0552885,5.73162,0.32636,,0.498909,28.1923,-25.6176,53.299,0.498909,5.5,-24.081512331962585,-2.950911521911621,-1.20815,999,,,,,,,259.9,2.202542372,259.9,2.202542372,,,,,,,,,,,,,,,,,,,"Coby Morales","sa3022829",815089
"Mateo Gil",,90,350,329,63,40,14,2,7,31,34,16,0,111,2,2,1,8,2,2,0.191489,0.0457143,0.317143,0.144144,0.232092,0.31003,0.237319,0.542122,0.118541,3.98243,0.262911,,-0.867773,20.4175,-20.5248,52.912,-0.867773,3.6,-20.57563805580139,-2.8300414085388184,-1.21355,999,,,,,,,193.8,2.153333333,193.8,2.153333333,,,,,,,,,,,,,,,,,,,"Mateo Gil","sa3007050",680771
"Donovan Antonia",,53,172,159,26,20,4,0,2,18,11,11,0,65,2,0,0,4,3,4,0.163522,0.0639535,0.377907,0.169231,0.226744,0.226415,0.207977,0.453159,0.0628931,4.07211,0.26087,,-1.28048,5.97178,-14.1484,33.163,-1.28048,-0.6,-15.027438163757324,-2.495943546295166,-1.21822,999,,,,,,,50.5,0.952830188,50.5,0.952830188,,,,,,,,,,,,,,,,,,,"Donovan Antonia","sa3015189",692190
"Dawson Dimon",,40,138,125,17,14,2,0,1,9,7,11,0,69,1,1,0,4,1,0,0.136,0.0797101,0.5,0.15942,0.210145,0.176,0.182631,0.386145,0.04,3.17869,0.285714,,-0.00520298,1.97612,-14.1669,11.3969,-0.00520298,-4.3,-14.626620024442673,-1.7647268772125244,-1.21824,999,,,,,,,23.3,0.5825,23.3,0.5825,,,,,,,,,,,,,,,,,,,"Dawson Dimon","sa3007331",682191
"Luis Toribio",,94,363,329,60,39,12,1,8,35,35,30,0,134,2,1,1,8,0,1,0.182371,0.0826446,0.369146,0.223881,0.254144,0.297872,0.247351,0.552016,0.115502,2.61288,0.276596,,-0.965368,24.107,-18.356,58.118,-0.965368,-6.1,-19.145444989204407,-4.766225695610046,-1.22109,999,,,,,,,215.9,2.29680851,215.9,2.29680851,,,,,,,,,,,,,,,,,,,"Luis Toribio","sa3005541",678681
"Bryce Ball",,97,395,354,67,43,17,1,6,36,35,37,0,133,2,2,0,6,0,1,0.189266,0.0936709,0.336709,0.278196,0.268354,0.293785,0.253329,0.56214,0.10452,2.43756,0.281106,,-1.05219,28.1326,-18.0738,59.5848,-1.05219,2.4,-20.142066955566406,-4.856760501861572,-1.22332,999,,,,,,,246.8,2.544329896,246.8,2.544329896,,,,,,,,,,,,,,,,,,,"Bryce Ball","sa1170451",668787
"David McCabe","ATL",85,359,319,64,45,12,0,7,32,32,38,0,108,0,2,0,10,3,1,0.200627,0.10585,0.300836,0.351852,0.284123,0.304075,0.265361,0.588198,0.103448,2.73171,0.276699,,-0.460077,29.0452,-12.95,67.0798,-0.460077,0,-14.592566668987274,-9.233538627624512,-1.22601,999,,,,,,,256.9,3.022352941,256.9,3.022352941,,,,,,,,,,,,,,,,,,,"David McCabe","sa3019964",678173
"Yunior Garcia",,66,268,253,53,36,10,0,7,31,31,10,0,84,3,2,0,7,0,0,0.209486,0.0373134,0.313433,0.119048,0.246269,0.332016,0.252557,0.578284,0.12253,2.19643,0.280488,,-0.386729,18.9208,-12.4293,61.353,-0.386729,-5.1,-12.772193372249603,-8.054144620895386,-1.22918,999,,,,,,,177.6,2.69090909,177.6,2.69090909,,,,,,,,,,,,,,,,,,,"Yunior Garcia","sa3005570",678832
"Tayden Hall","MIL",97,393,344,72,57,11,2,2,37,29,40,1,91,5,4,0,8,2,1,0.209302,0.101781,0.231552,0.43956,0.29771,0.270349,0.259726,0.568059,0.0610465,3.60543,0.27451,,-0.802141,30.0135,-15.9589,64.1077,-0.802141,-0.1,-17.669801592826843,-7.32001743465662,-1.22927,999,,,,,,,257.3,2.652577319,257.3,2.652577319,,,,,,,,,,,,,,,,,,,"Tayden Hall","sa3019929",695554
"Cristhian Rodriguez",,74,260,237,42,32,7,2,1,23,16,18,0,105,2,1,2,4,3,1,0.177215,0.0692308,0.403846,0.171429,0.24031,0.236287,0.217326,0.476597,0.0590717,5.52253,0.310606,,-0.215412,10.9835,-19.4308,33.3196,-0.215412,-0.6,-20.947000727057457,0.35532039403915405,-1.23246,999,,,,,,,102.2,1.381081081,102.2,1.381081081,,,,,,,,,,,,,,,,,,,"Cristhian Rodriguez","sa3008785",682725
"Jack Payton","SFG",61,267,237,47,35,9,1,2,25,26,20,0,68,9,1,0,6,1,0,0.198312,0.0749064,0.254682,0.294118,0.284644,0.270042,0.255069,0.554686,0.07173,3.90529,0.267857,,-0.305115,19.3901,-11.8431,63.3123,-0.305115,-4,-12.018771469593048,-8.905202865600586,-1.2427,999,,,,,,,165.7,2.716393442,165.7,2.716393442,,,,,,,,,,,,,,,,,,,"Jack Payton","sa3022675",694552
"Felix Reyes","PHI",85,336,317,68,48,12,1,7,34,33,12,0,68,3,4,0,9,2,1,0.214511,0.0357143,0.202381,0.176471,0.247024,0.324921,0.249235,0.571945,0.11041,3.8942,0.247967,,-0.502229,22.8232,-16.4814,56.8289,-0.502229,0.7,-17.84798365831375,-5.472839653491974,-1.25293,999,,,,,,,216.1,2.542352941,216.1,2.542352941,,,,,,,,,,,,,,,,,,,"Felix Reyes","sa3015688",694025
"Enderso Lira","BOS",50,186,178,31,26,4,0,1,13,10,6,0,56,0,2,0,4,1,0,0.174157,0.0322581,0.301075,0.107143,0.198925,0.213483,0.183477,0.412408,0.0393258,3.13384,0.243902,,-0.0525575,2.79006,-18.9679,7.05634,-0.0525575,-2,-19.833103701472282,1.4171075820922852,-1.2616,999,,,,,,,36.5,0.73,36.5,0.73,,,,,,,,,,,,,,,,,,,"Enderso Lira","sa3016145",694229
"Darlin Moquete","STL",83,312,286,58,41,8,1,8,40,32,17,0,87,3,2,4,7,7,3,0.202797,0.0544872,0.278846,0.195402,0.253247,0.321678,0.253404,0.574925,0.118881,5.73086,0.259067,,-0.296457,22.2399,-14.2573,61.6924,-0.296457,0,-14.588727623224258,-8.024691581726074,-1.26242,999,,,,,,,207.8,2.503614457,207.8,2.503614457,,,,,,,,,,,,,,,,,,,"Darlin Moquete","sa3005617",680642
"Dalvy Rosario","MIA",104,379,351,75,57,12,2,4,43,31,17,0,120,3,3,5,4,10,4,0.213675,0.0448549,0.316623,0.141667,0.254011,0.293447,0.242152,0.547458,0.0797721,6.17685,0.308696,,-0.227742,23.5836,-20.7511,50.0296,-0.227742,-3.4,-22.87489026784897,-2.0074368715286255,-1.26631,999,,,,,,,220.6,2.121153846,220.6,2.121153846,,,,,,,,,,,,,,,,,,,"Dalvy Rosario","sa3005712",672537
"Chad Castillo",,57,225,207,39,26,8,0,5,18,25,11,0,77,6,1,0,4,1,1,0.188406,0.0488889,0.342222,0.142857,0.248889,0.299517,0.244932,0.548406,0.111111,2.30819,0.269841,,-0.544381,14.5042,-11.8158,53.933,-0.544381,-2.7,-12.939005255699158,-6.833597898483276,-1.26824,999,,,,,,,131.7,2.310526315,131.7,2.310526315,,,,,,,,,,,,,,,,,,,"Chad Castillo","sa3019916",674913
"Luis Ravelo","BOS",107,433,396,79,59,14,2,4,34,34,30,0,124,4,3,0,5,1,2,0.199495,0.0692841,0.286374,0.241935,0.26097,0.275253,0.241377,0.536223,0.0757576,2.81642,0.276753,,-1.34401,26.6736,-23.9779,47.7844,-1.34401,-4.3,-27.21382772922516,0.4729275703430176,-1.271,999,,,,,,,234.3,2.189719626,234.3,2.189719626,,,,,,,,,,,,,,,,,,,"Luis Ravelo","sa3016171",699144
"Nick Goodwin","TOR",114,472,436,78,54,15,2,7,33,46,24,0,151,10,2,0,14,3,3,0.178899,0.0508475,0.319915,0.15894,0.237288,0.270642,0.228172,0.50793,0.0917431,3.40515,0.253571,,-1.30955,24.0597,-31.154,45.6396,-1.30955,-2.6,-30.667815446853638,2.6028218269348145,-1.27348,999,,,,,,,220.8,1.936842105,220.8,1.936842105,,,,,,,,,,,,,,,,,,,"Nick Goodwin","sa3022685",800959
"Joe Stewart",,86,349,324,66,52,10,2,2,30,28,18,0,113,5,1,1,5,16,3,0.203704,0.0515759,0.323782,0.159292,0.255747,0.265432,0.234706,0.521179,0.0617284,6.46544,0.304762,,1.39305,19.6253,-21.2,47.1159,1.39305,-0.4,-19.725120663642883,-4.247001796960831,-1.27424,999,,,,,,,195.8,2.276744186,195.8,2.276744186,,,,,,,,,,,,,,,,,,,"Joe Stewart","sa3019852",680396
"Andy Lugo","BOS",113,441,412,91,64,22,2,3,39,43,20,0,116,9,0,0,10,13,3,0.220874,0.0453515,0.263039,0.172414,0.272109,0.305825,0.257642,0.577934,0.0849515,5.61245,0.300341,,0.650986,32.9398,-18.6475,59.226,0.650986,-2.3,-19.923414409160614,-7.161111116409302,-1.27895,999,,,,,,,304.3,2.692920353,304.3,2.692920353,,,,,,,,,,,,,,,,,,,"Andy Lugo","sa3018400",702889
"Fernando Caldera","HOU",47,149,134,18,13,4,0,1,9,9,13,0,72,2,0,0,8,0,1,0.134328,0.0872483,0.483221,0.180556,0.221477,0.186567,0.194152,0.408044,0.0522388,1.74208,0.278689,,-0.625994,3.51534,-13.9144,21.9067,-0.625994,-6.2,-13.939911365509033,-3.462639331817627,-1.28432,999,,,,,,,30,0.638297872,30,0.638297872,,,,,,,,,,,,,,,,,,,"Fernando Caldera","sa3015547",691464
"Sean McLain","LAD",92,392,353,62,44,10,3,5,38,37,25,0,141,12,2,0,8,4,3,0.175637,0.0637755,0.359694,0.177305,0.252551,0.263456,0.235276,0.516007,0.0878187,5.35267,0.272727,,-1.05431,22.223,-23.6324,49.7216,-1.05431,-5.2,-24.62261140346527,-0.8790121078491211,-1.28556,999,,,,,,,197.5,2.14673913,197.5,2.14673913,,,,,,,,,,,,,,,,,,,"Sean McLain","sa3019890",683169
"Tim Borden II",,77,298,267,48,36,8,0,4,21,34,16,0,140,14,1,0,6,2,2,0.179775,0.0536913,0.469799,0.114286,0.261745,0.254682,0.238538,0.516427,0.0749064,2.4703,0.354839,,-0.930913,17.6765,-17.1829,53.1285,-0.930913,-6.6,-16.91290444135666,-5.505055785179138,-1.28932,999,,,,,,,150.8,1.958441558,150.8,1.958441558,,,,,,,,,,,,,,,,,,,"Tim Borden II","sa3020193",680874
"Isaiah Greene","CLE",80,315,277,48,33,9,4,2,25,23,35,0,110,2,1,0,5,8,2,0.173285,0.111111,0.349206,0.318182,0.269841,0.256318,0.242556,0.526159,0.0830325,6.52019,0.277108,,0.237518,19.7037,-17.1444,55.6532,0.237518,-3.8,-15.746240332722664,-7.272222280502319,-1.29281,999,,,,,,,180.1,2.25125,180.1,2.25125,,,,,,,,,,,,,,,,,,,"Isaiah Greene","sa3014460",693309
"Roismar Quintana","WSN",86,343,312,67,51,10,2,4,30,29,25,0,99,4,2,0,11,2,1,0.214744,0.0728863,0.28863,0.252525,0.279883,0.298077,0.259472,0.57796,0.0833333,3.8341,0.298578,,-0.6364,26.125,-13.9985,64.673,-0.6364,0,-15.12619686126709,-8.822016716003418,-1.29365,999,,,,,,,229.2,2.665116279,229.2,2.665116279,,,,,,,,,,,,,,,,,,,"Roismar Quintana","sa3014718",692453
"Benny Montgomery","COL",95,428,398,92,69,16,1,6,45,41,26,0,143,3,1,0,11,11,2,0.231156,0.0607477,0.334112,0.181818,0.28271,0.321608,0.268399,0.604318,0.0904523,5.27384,0.344,,0.61653,35.6742,-14.3924,57.2124,0.61653,-7.1,-21.282418847084045,-5.527395606040955,-1.29686,999,,,,,,,328,3.452631578,328,3.452631578,,,,,,,,,,,,,,,,,,,"Benny Montgomery","sa3017169",695603
"William Sullivan","STL",49,169,154,26,20,4,0,2,13,16,11,0,64,4,0,0,3,1,1,0.168831,0.0650888,0.378698,0.171875,0.242604,0.233766,0.220192,0.47637,0.0649351,2.56913,0.272727,,-0.481241,7.52911,-12.2402,39.3386,-0.481241,-2.4,-12.740390747785568,-5.504791498184204,-1.30309,999,,,,,,,66.1,1.348979591,66.1,1.348979591,,,,,,,,,,,,,,,,,,,"William Sullivan","sa3022425",688963
"Kalae Harrison","PIT",73,255,229,38,30,7,0,1,22,15,19,0,78,2,1,4,2,5,2,0.165939,0.0745098,0.305882,0.24359,0.23506,0.209607,0.206438,0.444667,0.0436681,4.21399,0.245033,,-0.212526,8.53764,-21.2918,26.0267,-0.212526,0.7,-22.76927760243416,1.636948823928833,-1.30549,999,,,,,,,80.4,1.101369863,80.4,1.101369863,,,,,,,,,,,,,,,,,,,"Kalae Harrison","sa3023054",695013
"Maick Collado","CLE",92,385,338,67,53,11,0,3,30,30,37,1,75,4,6,0,9,2,0,0.198225,0.0961039,0.194805,0.493333,0.280519,0.257396,0.24575,0.537916,0.0591716,2.6013,0.240602,,-0.333995,25.0718,-19.9648,57.8993,-0.333995,0.4,-18.880204617977142,-6.673045247793198,-1.3136,999,,,,,,,224.1,2.435869565,224.1,2.435869565,,,,,,,,,,,,,,,,,,,"Maick Collado","sa3015534",691408
"Sheng-Ping Chen",,76,296,274,52,39,10,1,2,22,22,17,0,97,2,1,2,4,3,1,0.189781,0.0574324,0.327703,0.175258,0.241497,0.255474,0.223728,0.496971,0.0656934,3.95054,0.284091,,-0.262767,14.0294,-20.5961,38.6158,-0.262767,-1.7,-21.990246832370758,-0.612404465675354,-1.31633,999,,,,,,,130.6,1.718421052,130.6,1.718421052,,,,,,,,,,,,,,,,,,,"Sheng-Ping Chen","sa3014837",691283
"Jheremy Vargas","MIL",97,346,316,60,45,11,1,3,31,26,26,0,78,3,1,0,9,11,5,0.189873,0.0751445,0.225434,0.333333,0.257225,0.259494,0.23495,0.516719,0.0696203,5.10551,0.241525,,-0.409071,19.5244,-20.95,47.4317,-0.409071,1.7,-22.15916281938553,-2.1139328479766846,-1.31689,999,,,,,,,179.7,1.852577319,179.7,1.852577319,,,,,,,,,,,,,,,,,,,"Jheremy Vargas","sa3015353",691621
"Grant Lavigne",,126,524,460,102,71,16,4,11,50,57,53,2,152,7,3,1,8,4,4,0.221739,0.101145,0.290076,0.348684,0.309751,0.345652,0.291296,0.655404,0.123913,4.07015,0.303333,,-1.83815,53.3324,-7.96407,72.6234,-1.83815,-1.7,-18.992431640625,-11.326689958572388,-1.32912,999,,,,,,,460.2,3.652380952,460.2,3.652380952,,,,,,,,,,,,,,,,,,,"Grant Lavigne","sa3007743",680693
"Keoni Cavaco",,70,268,252,44,29,8,2,5,23,25,12,0,133,2,1,1,5,1,1,0.174603,0.0447761,0.496269,0.0902256,0.217228,0.281746,0.220011,0.498975,0.107143,4.65186,0.33913,,-0.544381,11.9007,-19.4494,40.0963,-0.544381,2,-18.913755774497986,-2.923574447631836,-1.33263,999,,,,,,,117.1,1.672857142,117.1,1.672857142,,,,,,,,,,,,,,,,,,,"Keoni Cavaco","sa3010706",686577
"Jeremy Celedonio",,62,247,219,35,23,4,1,7,21,26,22,0,132,5,1,0,2,3,2,0.159817,0.0890688,0.534413,0.166667,0.251012,0.283105,0.242899,0.534117,0.123288,4.50209,0.345679,,-0.604634,15.5184,-13.3752,51.9616,-0.604634,0,-14.793469071388245,-6.352880477905273,-1.33445,999,,,,,,,141.2,2.277419354,141.2,2.277419354,,,,,,,,,,,,,,,,,,,"Jeremy Celedonio","sa3008936",684494
"Jared McKenzie","WSN",96,392,364,76,55,15,1,5,35,37,15,0,129,7,3,3,5,7,4,0.208791,0.0382653,0.329082,0.116279,0.251928,0.296703,0.243,0.548631,0.0879121,4.5977,0.304721,,-0.827742,24.6601,-21.1953,53.5861,-0.827742,0.9,-22.58457237482071,-3.4209877252578735,-1.33761,999,,,,,,,225.9,2.353125,225.9,2.353125,,,,,,,,,,,,,,,,,,,"Jared McKenzie","sa3020273",686982
"Taishi Nakawake","CHW",61,222,208,36,31,5,0,0,15,13,8,0,78,3,2,1,6,1,2,0.173077,0.036036,0.351351,0.102564,0.21267,0.197115,0.186782,0.409785,0.0240385,2.49622,0.272727,,-0.941495,3.92072,-22.0484,14.6659,-0.941495,-0.2,-22.617592453956604,2.24708990752697,-1.33951,999,,,,,,,37.4,0.613114754,37.4,0.613114754,,,,,,,,,,,,,,,,,,,"Taishi Nakawake","sa3020355",806012
"Yeison Morrobel","TEX",112,457,423,85,62,16,0,7,36,42,27,1,122,5,2,0,3,4,3,0.200946,0.059081,0.266958,0.221311,0.256018,0.288416,0.24255,0.544434,0.0874704,2.65111,0.263514,,-1.14901,28.5836,-24.8754,54.4228,-1.14901,1.8,-24.98153018951416,-3.237478017807007,-1.34103,999,,,,,,,260.4,2.325,260.4,2.325,,,,,,,,,,,,,,,,,,,"Yeison Morrobel","sa3015720",694218
"Leo Balcazar","CIN",107,429,415,92,71,13,2,6,32,40,10,0,126,3,1,0,14,5,3,0.221687,0.02331,0.293706,0.0793651,0.244755,0.306024,0.241116,0.550779,0.0843373,3.93712,0.302817,,-0.877983,26.337,-23.8466,45.4794,-0.877983,-3.2,-28.847112238407135,1.5288360118865967,-1.34593,999,,,,,,,245.8,2.297196261,245.8,2.297196261,,,,,,,,,,,,,,,,,,,"Leo Balcazar","sa3015798",699114
"John Rhodes","LAD",104,429,395,75,51,16,1,7,34,45,28,0,120,5,1,0,10,4,1,0.189873,0.0652681,0.27972,0.233333,0.251748,0.288608,0.242126,0.540356,0.0987342,3.60227,0.252788,,-0.26797,26.686,-23.4976,54.3326,-0.26797,1.1,-23.69542768597603,-3.6288360357284546,-1.34655,999,,,,,,,246.7,2.372115384,246.7,2.372115384,,,,,,,,,,,,,,,,,,,"John Rhodes","sa3017162",687981
"Junior Franco","ARI",95,391,363,81,62,11,3,5,34,35,24,0,95,2,2,0,7,14,6,0.22314,0.0613811,0.242967,0.252632,0.273657,0.311295,0.259494,0.584952,0.0881543,5.65774,0.286792,,-0.324572,29.7879,-15.9505,62.6893,-0.324572,-4.1,-17.769603699445724,-8.409964561462402,-1.35902,999,,,,,,,274.4,2.888421052,274.4,2.888421052,,,,,,,,,,,,,,,,,,,"Junior Franco","sa3015170",691285
"Connor Scott","KCR",83,331,309,61,39,16,2,4,34,31,18,0,99,2,2,0,3,3,3,0.197411,0.0543807,0.299094,0.181818,0.244713,0.300971,0.240728,0.545684,0.10356,4.64387,0.274038,,-1.08067,20.2173,-18.5025,51.3207,-1.08067,-0.2,-20.348551630973816,-3.848589137196541,-1.36063,999,,,,,,,185.3,2.23253012,185.3,2.23253012,,,,,,,,,,,,,,,,,,,"Connor Scott","sa3008080",669002
"Isaac De León",,97,375,332,60,43,13,1,3,32,31,31,0,142,6,2,4,7,5,2,0.180723,0.0826667,0.378667,0.21831,0.261456,0.253012,0.236238,0.514468,0.0722892,4.30507,0.301587,,-0.441407,21.5497,-22.3171,52.5896,-0.441407,-6.3,-20.784199118614197,-4.922134280204773,-1.36384,999,,,,,,,190.5,1.963917525,190.5,1.963917525,,,,,,,,,,,,,,,,,,,"Isaac De Leon","sa3008784",682722
"Carter Graham","CIN",83,316,289,55,37,10,1,7,30,34,17,1,102,8,2,0,6,4,2,0.190311,0.0537975,0.322785,0.166667,0.253165,0.304498,0.247278,0.557663,0.114187,4.40726,0.263736,,-0.491451,20.9671,-15.998,49.6271,-0.491451,1.6,-19.526120454072952,-4.205408453941345,-1.36413,999,,,,,,,196.5,2.367469879,196.5,2.367469879,,,,,,,,,,,,,,,,,,,"Carter Graham","sa3022824",807728
"Miguel Ugueto","STL",63,251,239,49,35,10,2,2,22,20,7,0,60,2,3,0,7,5,3,0.205021,0.0278884,0.239044,0.116667,0.231076,0.288703,0.226883,0.519779,0.083682,5.61034,0.261111,,-0.562286,12.5341,-16.8274,43.8423,-0.562286,-1.4,-17.417888045310974,-4.166754841804504,-1.36596,999,,,,,,,122.7,1.947619047,122.7,1.947619047,,,,,,,,,,,,,,,,,,,"Miguel Ugueto","sa3015293",692568
"Marcus Brown","WSN",102,404,377,68,48,15,2,3,43,32,16,0,90,8,1,2,10,3,1,0.180371,0.039604,0.222772,0.177778,0.228856,0.254642,0.217052,0.483498,0.0742706,5.23492,0.22807,,-0.373261,16.9778,-30.2814,36.1215,-0.373261,0.1,-31.233358681201935,4.553262807428837,-1.366,999,,,,,,,161.8,1.586274509,161.8,1.586274509,,,,,,,,,,,,,,,,,,,"Marcus Brown","sa3022676",694939
"Jack Rogers","CIN",89,340,316,65,43,12,3,7,35,35,19,0,138,4,1,0,6,3,2,0.205696,0.0558824,0.405882,0.137681,0.258824,0.329114,0.258995,0.587937,0.123418,5.28276,0.337209,,-0.730913,25.7658,-14.0068,57.5132,-0.730913,-2.9,-18.004973888397217,-6.6477954387664795,-1.37674,999,,,,,,,234.8,2.638202247,234.8,2.638202247,,,,,,,,,,,,,,,,,,,"Jack Rogers","sa3017017",679788
"Christian Olivo","CHC",100,376,339,63,53,7,1,2,41,26,21,0,115,4,3,9,11,9,2,0.185841,0.0558511,0.305851,0.182609,0.239782,0.230089,0.214042,0.469871,0.0442478,6.01005,0.271111,,0.374378,14.8901,-29.0937,36.2771,0.374378,1,-28.27694696187973,2.381540298461914,-1.38126,999,,,,,,,145.1,1.451,145.1,1.451,,,,,,,,,,,,,,,,,,,"Christian Olivo","sa3017877",700840
"Haydn McGeary","CHC",108,446,401,79,54,15,1,9,36,44,36,1,153,6,3,0,8,4,1,0.197007,0.0807175,0.343049,0.235294,0.2713,0.306733,0.258216,0.578034,0.109726,3.6117,0.289256,,-0.354787,33.5192,-18.653,66.0093,-0.354787,-1.6,-18.483044266700745,-9.793709397315979,-1.38645,999,,,,,,,306,2.833333333,306,2.833333333,,,,,,,,,,,,,,,,,,,"Haydn McGeary","sa3020133",702333
"Yiddi Cappe","MIA",94,413,391,81,63,14,1,3,37,31,18,0,109,2,2,0,9,6,6,0.207161,0.0435835,0.263923,0.165138,0.244552,0.2711,0.229282,0.515652,0.0639386,3.86087,0.27758,,-1.88511,21.4212,-26.8907,41.3671,-1.88511,2,-30.842051148414612,3.5174896717071533,-1.40161,999,,,,,,,191.7,2.039361702,191.7,2.039361702,,,,,,,,,,,,,,,,,,,"Yiddi Cappe","sa3015515",691268
"Tyler Miller","BOS",102,405,378,82,58,16,2,6,40,39,20,0,106,4,3,0,4,5,2,0.216931,0.0493827,0.261728,0.188679,0.261728,0.31746,0.255188,0.579189,0.100529,4.65418,0.282528,,-0.457191,29.4508,-17.9253,57.4997,-0.457191,0.5,-20.15203282237053,-6.940476417541504,-1.40371,999,,,,,,,271.3,2.659803921,271.3,2.659803921,,,,,,,,,,,,,,,,,,,"Tyler Miller","sa3017109",682011
"Aaron Zavala","TEX",111,487,424,83,61,16,1,5,45,43,49,1,170,8,4,2,5,7,4,0.195755,0.100616,0.349076,0.288235,0.28866,0.273585,0.2573,0.562245,0.0778302,4.05084,0.3083,,-1.14344,36.2415,-20.7268,64.7982,-1.14344,-3.7,-20.75891947746277,-9.068166017532349,-1.40382,999,,,,,,,313,2.819819819,313,2.819819819,,,,,,,,,,,,,,,,,,,"Aaron Zavala","sa3017665",701648
"Danny Bautista Jr.","ATH",105,431,395,85,64,16,3,2,37,36,22,0,77,7,3,4,14,7,5,0.21519,0.0510441,0.178654,0.285714,0.266979,0.286076,0.247241,0.553055,0.0708861,4.73058,0.260188,,-1.35903,28.5846,-21.833,61.6751,-1.35903,0.2,-20.259137511253357,-7.718136593699455,-1.40558,999,,,,,,,249.6,2.377142857,249.6,2.377142857,,,,,,,,,,,,,,,,,,,"Danny Bautista Jr.","sa3005602",679751
"Arol Vera","LAA",120,474,436,84,66,14,1,3,39,33,24,1,152,3,4,7,9,4,4,0.192661,0.0506329,0.320675,0.157895,0.237687,0.25,0.217821,0.487687,0.0573394,3.43668,0.284211,,-1.54613,20.2126,-35.235,35.2383,-1.54613,5.5,-36.669984102249146,7.241622567176819,-1.4074,999,,,,,,,186.3,1.5525,186.3,1.5525,,,,,,,,,,,,,,,,,,,"Arol Vera","sa3014687",691186
"Jordan Viars","PHI",94,376,339,63,39,13,1,10,40,44,24,1,141,9,2,2,3,2,2,0.185841,0.0638298,0.375,0.170213,0.256684,0.318584,0.254993,0.575269,0.132743,3.77318,0.278947,,-0.970375,27.2828,-16.7009,60.7046,-0.970375,-3.5,-18.63852095603943,-7.644620895385742,-1.4213,999,,,,,,,248.4,2.642553191,248.4,2.642553191,,,,,,,,,,,,,,,,,,,"Jordan Viars","sa3017429",701833
"Miguel Palma","HOU",73,291,266,57,42,9,1,5,24,27,19,0,78,4,2,0,6,1,1,0.214286,0.0652921,0.268041,0.24359,0.274914,0.31203,0.261629,0.586944,0.0977444,2.71947,0.281081,,-0.718014,22.6695,-11.3711,69.3711,-0.718014,-17.9,-10.91635525226593,-12.553879737854004,-1.42209,999,,,,,,,200.1,2.74109589,200.1,2.74109589,,,,,,,,,,,,,,,,,,,"Miguel Palma","sa3009279",682692
"Branden Boissiere","WSN",82,323,293,58,43,10,1,4,27,26,23,0,94,4,3,0,3,0,0,0.197952,0.0712074,0.291022,0.244681,0.263158,0.279863,0.244511,0.543021,0.0819113,2.13474,0.272727,,-0.55247,20.7123,-17.0716,54.6032,-0.55247,-0.6,-18.086794197559357,-6.534009575843811,-1.4319,999,,,,,,,185.1,2.257317073,185.1,2.257317073,,,,,,,,,,,,,,,,,,,"Branden Boissiere","sa3017558",680998
"Connor Pavolony","BAL",65,240,212,34,24,7,1,2,16,17,21,0,86,4,1,2,4,1,0,0.160377,0.0875,0.358333,0.244186,0.247899,0.231132,0.222621,0.479031,0.0707547,3.70308,0.256,,-0.186729,11.1615,-16.9133,43.0112,-0.186729,0,-15.836446970701218,-6.172839641571045,-1.44679,999,,,,,,,100.1,1.54,100.1,1.54,,,,,,,,,,,,,,,,,,,"Connor Pavolony","sa3017156",680935
"Victor Bericoto","SFG",119,507,474,110,79,19,1,11,53,51,26,1,135,2,4,1,17,3,2,0.232068,0.0512821,0.266272,0.192593,0.272727,0.345992,0.269889,0.618719,0.113924,3.28985,0.298193,,-1.04661,42.8669,-16.441,73.2873,-1.04661,-4.5,-17.241822957992554,-13.814373970031738,-1.46371,999,,,,,,,390.3,3.279831932,390.3,3.279831932,,,,,,,,,,,,,,,,,,,"Victor Bericoto","sa3008767",682674
"Jace Grady","ATL",98,411,373,77,57,14,1,5,36,36,33,0,91,2,3,0,6,7,4,0.206434,0.080292,0.221411,0.362637,0.272506,0.289544,0.252651,0.56205,0.0831099,3.83523,0.257143,,-0.946128,29.0477,-19.0303,58.5249,-0.946128,-2,-21.33019983768463,-6.530423164367676,-1.46385,999,,,,,,,258.6,2.63877551,258.6,2.63877551,,,,,,,,,,,,,,,,,,,"Jace Grady","sa3022505",800056
"Skyler Messinger","COL",81,317,288,61,41,12,1,7,35,34,20,0,100,5,3,1,7,4,1,0.211806,0.0630915,0.315457,0.2,0.272152,0.333333,0.267482,0.605485,0.121528,4.72275,0.293478,,-0.125906,26.1882,-10.8938,56.5951,-0.125906,0,-16.57943944633007,-8.153292655944824,-1.4641,999,,,,,,,239.7,2.959259259,239.7,2.959259259,,,,,,,,,,,,,,,,,,,"Skyler Messinger","sa3019963",676038
"Casey Martin","MIL",103,403,373,60,40,12,2,6,36,32,21,0,149,5,3,1,5,7,2,0.160858,0.0521092,0.369727,0.14094,0.21393,0.252011,0.208637,0.465941,0.0911528,5.78657,0.244344,,0.0690873,14.206,-32.9361,29.7213,0.0690873,1.7,-33.798958480358124,6.142239809036255,-1.4703,999,,,,,,,151.3,1.468932038,151.3,1.468932038,,,,,,,,,,,,,,,,,,,"Casey Martin","sa3014524",676045
"Andy Perez","COL",130,556,527,128,97,20,5,6,61,52,15,1,98,4,4,6,11,11,6,0.242884,0.0269784,0.176259,0.153061,0.267273,0.333966,0.261185,0.601239,0.0910816,5.70912,0.285714,,-1.13767,43.1149,-21.9249,52.3571,-1.13767,-6.1,-32.81398606300354,0.028748035430908203,-1.47376,999,,,,,,,393.8,3.029230769,393.8,3.029230769,,,,,,,,,,,,,,,,,,,"Andy Perez","sa3015857",700321
"Zavier Warren","MIL",106,425,383,71,48,13,1,9,38,41,34,0,132,5,3,0,11,3,2,0.185379,0.08,0.310588,0.257576,0.258824,0.295039,0.248701,0.553863,0.109661,3.46814,0.253061,,-0.896654,28.686,-21.0297,56.687,-0.896654,-1,-22.9091295003891,-5.684744358062744,-1.49143,999,,,,,,,259.7,2.45,259.7,2.45,,,,,,,,,,,,,,,,,,,"Zavier Warren","sa3014549",680518
"Jesus Bugarin","COL",88,355,344,82,63,11,2,6,38,35,6,0,111,2,2,1,12,5,3,0.238372,0.0169014,0.312676,0.0540541,0.254237,0.334302,0.255365,0.58854,0.0959302,5.07008,0.331878,,-0.775381,25.8655,-15.6617,48.4399,-0.775381,0.3,-22.663244366645813,-3.61313933134079,-1.49283,999,,,,,,,240,2.727272727,240,2.727272727,,,,,,,,,,,,,,,,,,,"Jesus Bugarin","sa3011857",684109
"Juan Guerrero","COL",120,517,486,120,92,20,3,5,60,50,21,0,87,4,4,2,11,12,4,0.246914,0.040619,0.168279,0.241379,0.281553,0.331276,0.269081,0.612829,0.0843621,5.55647,0.288945,,-0.143439,43.3761,-17.1015,57.6713,-0.143439,0.3,-26.312399595975876,-5.3988534808158875,-1.49697,999,,,,,,,394.7,3.289166666,394.7,3.289166666,,,,,,,,,,,,,,,,,,,"Juan Guerrero","sa3008759",682648
"Neyfy Castillo",,111,474,435,87,60,15,3,9,45,47,30,1,189,7,2,0,7,9,5,0.2,0.0632911,0.398734,0.15873,0.261603,0.310345,0.253619,0.571948,0.110345,5.27783,0.32636,,-0.982705,33.8697,-21.578,58.7347,-0.982705,2.8,-24.37242740392685,-5.9081127643585205,-1.4971,999,,,,,,,311.5,2.806306306,311.5,2.806306306,,,,,,,,,,,,,,,,,,,"Neyfy Castillo","sa3005544",678689
"Jay Beshears","MIA",114,473,432,87,62,22,0,3,45,38,30,1,122,8,3,0,9,3,3,0.201389,0.0634249,0.257928,0.245902,0.264271,0.273148,0.241862,0.537419,0.0717593,2.91859,0.270968,,-1.39637,29.3225,-26.0081,49.8345,-1.39637,-5.7,-29.770825386047363,-0.48615503311157227,-1.49811,999,,,,,,,258.5,2.267543859,258.5,2.267543859,,,,,,,,,,,,,,,,,,,"Jay Beshears","sa3022485",810891
"Juan Chacon","BOS",82,328,305,57,39,13,4,1,28,23,19,0,116,3,1,0,6,6,3,0.186885,0.0579268,0.353659,0.163793,0.240854,0.265574,0.226701,0.506427,0.0786885,6.26003,0.296296,,-0.496457,16.331,-22.0378,37.461,-0.496457,2.1,-23.967392802238464,-1.5155203342437744,-1.50257,999,,,,,,,153.1,1.86707317,153.1,1.86707317,,,,,,,,,,,,,,,,,,,"Juan Chacon","sa3014676",691370
"James Free",,92,365,334,74,51,14,0,9,28,40,26,1,93,3,2,0,6,0,0,0.221557,0.0712329,0.254795,0.27957,0.282192,0.344311,0.275728,0.626503,0.122754,0.822802,0.277778,,-0.623501,32.576,-10.121,68.7756,-0.623501,-5.8,-14.252004206180573,-12.505614757537842,-1.50814,999,,,,,,,292.6,3.180434782,292.6,3.180434782,,,,,,,,,,,,,,,,,,,"James Free","sa3011156",686989
"Dyan Jorge","COL",117,522,481,114,96,14,2,2,68,39,32,0,129,2,3,4,14,17,6,0.237006,0.0613027,0.247126,0.248062,0.285714,0.286902,0.256714,0.572617,0.0498961,5.87407,0.31728,,-0.0560533,38.6001,-22.4625,49.3479,-0.0560533,-6.1,-31.67365851998329,-0.34603166580200195,-1.51163,999,,,,,,,345.7,2.954700854,345.7,2.954700854,,,,,,,,,,,,,,,,,,,"Dyan Jorge","sa3018387",694170
"EJ Andrews Jr.","COL",98,341,310,60,40,11,2,7,35,31,25,0,118,2,2,2,4,7,1,0.193548,0.0733138,0.346041,0.211864,0.256637,0.309677,0.251514,0.566315,0.116129,6.00517,0.283422,,0.466201,23.7883,-16.1012,45.8474,0.466201,-0.7,-21.61564302444458,-4.4588183760643005,-1.52013,999,,,,,,,226.6,2.312244897,226.6,2.312244897,,,,,,,,,,,,,,,,,,,"EJ Andrews Jr.","sa3017157",681044
"Garret Guillemette","HOU",92,365,334,59,41,11,0,7,30,34,22,0,120,7,2,0,5,2,0,0.176647,0.060274,0.328767,0.183333,0.241096,0.272455,0.231503,0.513551,0.0958084,3.00983,0.248804,,-0.15247,19.584,-23.113,48.1797,-0.15247,-11.8,-21.794523164629936,-5.094385623931885,-1.5204,999,,,,,,,184.9,2.009782608,184.9,2.009782608,,,,,,,,,,,,,,,,,,,"Garret Guillemette","sa3022677",695048
"Carson Taylor","PHI",105,424,376,85,64,12,1,8,42,41,42,1,107,4,2,0,6,2,0,0.226064,0.0990566,0.252358,0.392523,0.308962,0.327128,0.285118,0.63609,0.101064,3.11674,0.292776,,-0.460274,41.0462,-8.55248,80.9808,-0.460274,-11.1,-10.103459656238556,-18.889535903930664,-1.53609,999,,,,,,,357.5,3.404761904,357.5,3.404761904,,,,,,,,,,,,,,,,,,,"Carson Taylor","sa3014468",694930
"Jefrey De Los Santos","NYM",94,375,341,61,37,16,3,5,28,34,27,0,124,5,2,0,5,3,1,0.178886,0.072,0.330667,0.217742,0.248,0.28739,0.239786,0.53539,0.108504,4.66023,0.261682,,-0.349584,22.6205,-21.2463,54.5725,-0.349584,-8.2,-20.720517069101334,-6.822133898735046,-1.55482,999,,,,,,,210,2.234042553,210,2.234042553,,,,,,,,,,,,,,,,,,,"Jefrey De Los Santos","sa3015574",691645
"Danyer Cueva","TEX",79,314,299,57,42,11,2,2,32,25,10,0,117,2,3,0,5,6,2,0.190635,0.0318471,0.372611,0.0854701,0.219745,0.26087,0.211597,0.480615,0.0702341,6.40566,0.300546,,-0.0362036,11.8169,-24.9142,32.6498,-0.0362036,-2.5,-24.233911737799644,-1.3462668657302856,-1.56082,999,,,,,,,124.1,1.570886075,124.1,1.570886075,,,,,,,,,,,,,,,,,,,"Danyer Cueva","sa3015725",694227
"Anthony Servideo","BAL",107,409,365,60,45,10,1,4,42,28,38,0,159,3,1,2,6,7,2,0.164384,0.0929095,0.388753,0.238994,0.248157,0.230137,0.222008,0.478294,0.0657534,5.11156,0.275862,,-0.0887611,18.8193,-29.0248,42.58,-0.0887611,-6.4,-26.960249692201614,-1.891622543334961,-1.57164,999,,,,,,,174,1.626168224,174,1.626168224,,,,,,,,,,,,,,,,,,,"Anthony Servideo","sa3014472",676545
"Ed Howard","CHC",102,402,378,74,60,11,1,2,34,27,17,0,141,3,2,2,14,4,1,0.195767,0.0422886,0.350746,0.120567,0.235,0.246032,0.215666,0.481032,0.0502645,4.38341,0.303797,,-0.2364,16.4452,-30.58,37.3703,-0.2364,-2.8,-30.343436777591705,1.6312167644500732,-1.58275,999,,,,,,,157.6,1.545098039,157.6,1.545098039,,,,,,,,,,,,,,,,,,,"Ed Howard","sa3014540",690992
"Juan Corniel","ARI",95,357,335,65,55,8,1,1,30,23,16,0,88,4,1,1,5,4,5,0.19403,0.0448179,0.246499,0.181818,0.238764,0.232836,0.213697,0.4716,0.038806,3.85929,0.259109,,-1.81696,14.0384,-27.7228,31.8644,-1.81696,-0.3,-30.904287815093994,3.635185182094574,-1.58848,999,,,,,,,120.9,1.272631578,120.9,1.272631578,,,,,,,,,,,,,,,,,,,"Juan Corniel","sa3015169",691284
"Garrett Frechette",,74,282,266,58,45,10,1,2,21,25,9,0,90,4,2,1,5,0,1,0.218045,0.0319149,0.319149,0.1,0.252669,0.285714,0.238411,0.538383,0.0676692,2.43793,0.318182,,-0.862767,16.6986,-16.2892,52.1006,-0.862767,-2.6,-17.01529759168625,-7.780776023864746,-1.59101,999,,,,,,,148.5,2.006756756,148.5,2.006756756,,,,,,,,,,,,,,,,,,,"Garrett Frechette","sa3010636",683102
"Jonathan Guzmán",,81,310,285,51,40,7,2,2,23,18,17,0,91,1,1,6,8,4,2,0.178947,0.0548387,0.293548,0.186813,0.226974,0.238596,0.20975,0.46557,0.0596491,4.65798,0.253886,,-0.467773,11.2055,-25.0577,28.2207,-0.467773,0,-27.076391100883484,1.1390358209609985,-1.61258,999,,,,,,,107.1,1.322222222,107.1,1.322222222,,,,,,,,,,,,,,,,,,,"Jonathan Guzman","sa917127",666695
"Robby Martin Jr.","COL",80,298,279,61,45,12,0,4,25,27,14,1,79,2,1,2,7,4,4,0.218638,0.0469799,0.265101,0.177215,0.260135,0.304659,0.248569,0.564795,0.0860215,2.93051,0.28934,,-1.29357,20.0824,-14.7771,43.8655,-1.29357,-1.1,-21.29713201522827,-4.384832501411438,-1.62748,999,,,,,,,179.4,2.2425,179.4,2.2425,,,,,,,,,,,,,,,,,,,"Robby Martin Jr.","sa3017155",680910
"Bryson Horne",,104,405,382,82,58,15,1,8,31,39,20,1,138,1,2,0,9,3,1,0.21466,0.0493827,0.340741,0.144928,0.254321,0.32199,0.251872,0.576311,0.10733,3.34268,0.310924,,-0.420615,28.3699,-19.0062,58.0009,-0.420615,-1.2,-20.7608462870121,-8.64047646522522,-1.6436,999,,,,,,,267.5,2.572115384,267.5,2.572115384,,,,,,,,,,,,,,,,,,,"Bryson Horne","sa3014891",695587
"Baron Radcliff",,76,293,265,46,32,7,0,7,22,26,26,0,145,1,1,0,3,1,1,0.173585,0.0887372,0.494881,0.17931,0.249147,0.279245,0.238842,0.528392,0.10566,1.75519,0.342105,,-0.670659,17.4516,-16.823,49.8341,-0.670659,0,-18.24735379219055,-7.536008358001709,-1.65515,999,,,,,,,158.8,2.089473684,158.8,2.089473684,,,,,,,,,,,,,,,,,,,"Baron Radcliff","sa3014424",676288
"Marcus Smith","TEX",102,385,342,58,42,9,2,5,31,32,34,0,180,5,3,1,3,13,6,0.169591,0.0883117,0.467532,0.188889,0.252604,0.251462,0.231201,0.504066,0.0818713,5.70519,0.33125,,-0.469325,20.5635,-24.4731,46.4395,-0.469325,-6.3,-24.06383565068245,-4.885391116142273,-1.66433,999,,,,,,,192.2,1.884313725,192.2,1.884313725,,,,,,,,,,,,,,,,,,,"Marcus Smith","sa1169620",687526
"Kevin Rivas","CLE",47,164,144,21,17,3,1,0,14,8,19,0,94,1,0,0,0,2,2,0.145833,0.115854,0.573171,0.202128,0.25,0.180556,0.208268,0.430556,0.0347222,5.38742,0.42,,-0.702032,5.73248,-13.4519,31.5342,-0.702032,-5.1,-13.549669623374939,-8.11293339729309,-1.67264,999,,,,,,,46.2,0.982978723,46.2,0.982978723,,,,,,,,,,,,,,,,,,,"Kevin Rivas","sa3015539",691422
"Osvaldo Tovalin",,100,394,370,76,58,13,1,4,35,38,12,0,82,9,1,2,12,4,2,0.205405,0.0304569,0.208122,0.146341,0.247449,0.278378,0.23466,0.525827,0.072973,4.04408,0.252632,,-0.633514,22.1411,-23.9483,49.0766,-0.633514,2.5,-24.625999212265015,-4.738389015197754,-1.67762,999,,,,,,,201.6,2.016,201.6,2.016,,,,,,,,,,,,,,,,,,,"Osvaldo Tovalin","sa3016927",694976
"Jose Escorche",,55,206,192,33,29,4,0,0,18,12,9,0,67,2,1,2,4,4,2,0.171875,0.0436893,0.325243,0.134328,0.215686,0.192708,0.187402,0.408395,0.0208333,4.46557,0.261905,,-0.32571,3.74085,-20.3566,19.5831,-0.32571,-4.7,-19.280551314353943,-3.943092107772827,-1.68926,999,,,,,,,39.4,0.716363636,39.4,0.716363636,,,,,,,,,,,,,,,,,,,"Jose Escorche","sa3008886",683536
"Brayden Jobert","STL",97,370,328,55,39,9,1,6,33,36,28,0,125,11,3,0,2,7,3,0.167683,0.0756757,0.337838,0.224,0.254054,0.256098,0.234546,0.510152,0.0884146,4.78713,0.245,,-0.430628,20.7585,-22.5234,49,-0.430628,-1.8,-22.995504707098007,-5.878483057022095,-1.70952,999,,,,,,,190.1,1.959793814,190.1,1.959793814,,,,,,,,,,,,,,,,,,,"Brayden Jobert","sa3022434",801430
"Jake DeLeo","MIA",96,385,358,70,50,15,2,3,37,29,22,0,131,2,1,2,6,9,2,0.195531,0.0571429,0.34026,0.167939,0.245431,0.273743,0.231938,0.519174,0.0782123,5.93469,0.297778,,0.405948,20.7918,-24.2447,43.1545,0.405948,0.4,-25.764912337064743,-3.843827337026596,-1.73381,999,,,,,,,200.6,2.089583333,200.6,2.089583333,,,,,,,,,,,,,,,,,,,"Jake DeLeo","sa3022427",691939
"Anderson De Los Santos","BAL",110,444,406,75,54,12,2,7,37,40,31,0,150,4,2,1,14,6,8,0.184729,0.0698198,0.337838,0.206667,0.248307,0.275862,0.235749,0.524169,0.091133,4.11122,0.270916,,-2.74248,25.34,-26.5983,52.2453,-2.74248,-6.9,-27.003228664398193,-5.268606781959534,-1.80435,999,,,,,,,220,2,220,2,,,,,,,,,,,,,,,,,,,"Anderson De Los Santos","sa3015747",698945
"Kade Kern","ATL",92,344,320,56,41,9,1,5,27,29,18,0,127,4,2,0,15,8,5,0.175,0.0523256,0.369186,0.141732,0.226744,0.25625,0.216754,0.482994,0.08125,4.65078,0.268421,,-0.922255,14.3736,-25.8669,34.3637,-0.922255,2.7,-27.92226415872574,-1.0918869972229004,-1.81341,999,,,,,,,139.6,1.517391304,139.6,1.517391304,,,,,,,,,,,,,,,,,,,"Kade Kern","sa3022508",807746
"Mahki Backstrom",,63,243,219,32,18,8,3,3,20,19,21,0,136,3,0,0,2,5,2,0.146119,0.0864198,0.559671,0.154412,0.230453,0.251142,0.219989,0.481594,0.105023,6.6727,0.3625,,-0.141495,10.7861,-17.6395,36.5411,-0.141495,-2.7,-18.581462651491165,-7.164285898208618,-1.82322,999,,,,,,,104.6,1.66031746,104.6,1.66031746,,,,,,,,,,,,,,,,,,,"Mahki Backstrom","sa3011599",683106
"Jorge Ruiz","LAA",107,459,414,85,65,13,3,4,48,36,21,0,104,7,3,14,9,10,4,0.205314,0.0457516,0.22658,0.201923,0.253933,0.280193,0.238428,0.534126,0.0748792,5.93824,0.262136,,-0.354021,27.1857,-26.5072,49.7335,-0.354021,-1.2,-26.753581821918488,-6.259523630142212,-1.82927,999,,,,,,,246.2,2.300934579,246.2,2.300934579,,,,,,,,,,,,,,,,,,,"Jorge Ruiz","sa3015873",702409
"Kevin Villavicencio","NYM",107,372,353,66,53,9,3,1,37,25,14,0,98,3,1,1,19,11,5,0.186969,0.0376344,0.263441,0.142857,0.22372,0.23796,0.2066,0.46168,0.0509915,6.62964,0.254902,,-0.377502,12.5033,-31.0125,32.2359,-0.377502,-1.1,-30.521729558706284,0.26684296131134033,-1.84525,999,,,,,,,127.1,1.187850467,127.1,1.187850467,,,,,,,,,,,,,,,,,,,"Kevin Villavicencio","sa3015673",692944
"Jesus Chirinos",,98,386,347,65,46,12,0,7,33,33,36,0,166,1,2,0,8,0,0,0.18732,0.0932643,0.430052,0.216867,0.264249,0.282421,0.247379,0.546669,0.0951009,1.24658,0.329545,,-0.655071,25.643,-19.5105,55.7974,-0.655071,0,-21.058204472064972,-9.927983283996582,-1.87263,999,,,,,,,228.6,2.332653061,228.6,2.332653061,,,,,,,,,,,,,,,,,,,"Jesus Chirinos","sa3005538",678652
"Ethan Wilson","PHI",110,438,408,82,56,16,2,8,35,41,21,0,115,4,3,2,9,8,5,0.20098,0.0479452,0.262557,0.182609,0.245413,0.308824,0.243982,0.554236,0.107843,4.43215,0.256944,,-1.06432,27.9,-23.3364,53.2936,-1.06432,-3.1,-25.527409076690674,-7.928042411804199,-1.94881,999,,,,,,,260.4,2.367272727,260.4,2.367272727,,,,,,,,,,,,,,,,,,,"Ethan Wilson","sa3017329",681159
"Axel Sanchez","SEA",97,391,358,58,44,9,1,4,33,28,23,0,140,6,3,1,6,8,5,0.162011,0.0588235,0.358056,0.164286,0.223077,0.226257,0.205243,0.449334,0.0642458,4.88637,0.248848,,-1.00118,12.715,-33.0234,34.5423,-1.00118,-6.2,-30.28603756427765,-1.8900351524353027,-1.97693,999,,,,,,,124.4,1.282474226,124.4,1.282474226,,,,,,,,,,,,,,,,,,,"Axel Sanchez","sa3015601",692046
"Armando Cruz","WSN",99,400,369,70,58,9,1,2,34,26,14,0,72,3,2,12,6,8,4,0.189702,0.035,0.18,0.194444,0.224227,0.235772,0.205997,0.459999,0.0460705,4.77205,0.228956,,-0.611957,13.2504,-33.5409,28.6803,-0.611957,-2.7,-34.725799322128296,1.7091710567474365,-2.03418,999,,,,,,,128.6,1.298989898,128.6,1.298989898,,,,,,,,,,,,,,,,,,,"Armando Cruz","sa3015695",694182
"Jackson Hornung","TOR",111,454,417,82,57,18,2,5,37,41,29,0,143,6,2,0,11,0,0,0.196643,0.0638767,0.314978,0.202797,0.257709,0.285372,0.243549,0.543081,0.088729,2.40465,0.284133,,-0.726103,28.7611,-24.347,56.4562,-0.726103,0,-23.345853805541992,-11.67695426940918,-2.05404,999,,,,,,,257.8,2.322522522,257.8,2.322522522,,,,,,,,,,,,,,,,,,,"Jackson Hornung","sa3022704",814408
"Kyle Nevin","LAD",110,480,441,91,66,15,4,6,48,42,32,1,177,4,3,0,15,8,4,0.206349,0.0666667,0.36875,0.180791,0.264583,0.29932,0.250336,0.563903,0.0929705,5.57288,0.325671,,-0.81716,33.0299,-23.1195,59.8579,-0.81716,0,-23.858212113380432,-12.34567928314209,-2.08821,999,,,,,,,303.3,2.757272727,303.3,2.757272727,,,,,,,,,,,,,,,,,,,"Kyle Nevin","sa3019894",693819
"Trey Harris",,85,342,320,65,50,12,1,2,24,27,15,0,84,6,1,0,10,2,3,0.203125,0.0438596,0.245614,0.178571,0.251462,0.265625,0.232416,0.517087,0.0625,2.94176,0.268085,,-1.37538,18.6012,-21.4053,46.462,-1.37538,0,-23.270627737045288,-8.796296119689941,-2.13558,999,,,,,,,161.7,1.902352941,161.7,1.902352941,,,,,,,,,,,,,,,,,,,"Trey Harris","sa3006876",674677
"Noelberth Romero","BAL",107,396,371,69,52,10,1,6,32,33,17,0,107,4,3,1,8,6,4,0.185984,0.0429293,0.270202,0.158879,0.227848,0.266846,0.219942,0.494694,0.0808625,3.99501,0.241379,,-0.996172,17.5624,-28.7609,41.1264,-0.996172,-9.4,-27.672192096710205,-7.944973111152649,-2.3151,999,,,,,,,169.7,1.585981308,169.7,1.585981308,,,,,,,,,,,,,,,,,,,"Noelberth Romero","sa3008808",682801
"T.J. White","WSN",110,421,386,67,44,11,1,11,33,39,31,0,159,2,2,0,7,2,0,0.173575,0.0736342,0.377672,0.194969,0.23753,0.292746,0.236421,0.530276,0.119171,3.25829,0.256881,,-0.207717,24.2551,-24.9926,49.1579,-0.207717,0,-25.80341774225235,-10.8281888961792,-2.3353,999,,,,,,,233,2.118181818,233,2.118181818,,,,,,,,,,,,,,,,,,,"T.J. White","sa3017697",695604
"Austin Hendrick","CIN",119,478,442,80,53,15,0,12,40,48,25,1,208,7,3,1,3,8,5,0.180995,0.0523013,0.435146,0.120192,0.234801,0.29638,0.234713,0.531181,0.115385,3.51127,0.302222,,-1.088,26.8818,-29.0337,41.1697,-1.088,1.2,-34.715166091918945,-4.068959474563599,-2.36157,999,,,,,,,259.5,2.180672268,259.5,2.180672268,,,,,,,,,,,,,,,,,,,"Austin Hendrick","sa3014521",690988
"Kevin Sim","ARI",112,412,385,68,45,15,1,7,36,37,21,0,139,5,1,0,8,3,2,0.176623,0.0509709,0.337379,0.151079,0.228155,0.275325,0.224523,0.50348,0.0987013,3.89825,0.254167,,-0.770375,19.7913,-28.4037,39.1513,-0.770375,0.6,-30.748852252960205,-6.969076991081238,-2.47845,999,,,,,,,188.9,1.686607142,188.9,1.686607142,,,,,,,,,,,,,,,,,,,"Kevin Sim","sa3022560",691726
"Brock Vradenburg","MIA",120,494,442,81,55,16,2,8,38,38,48,0,166,1,3,0,3,9,6,0.183258,0.097166,0.336032,0.289157,0.263158,0.282805,0.246843,0.545963,0.0995475,4.04958,0.269373,,-1.45085,32.6046,-25.1825,53.1867,-1.45085,-5.9,-29.10479247570038,-14.97554349899292,-2.85353,999,,,,,,,291.9,2.4325,291.9,2.4325,,,,,,,,,,,,,,,,,,,"Brock Vradenburg","sa3022537",802544